# 260928_12:33:29.783912
t	CH1	CH2
0.000000e+00	2.052240e-02	5.378396e+00
1.000000e-08	1.988969e-02	5.329886e+00
2.000000e-08	2.262944e-02	5.316762e+00
3.000000e-08	2.172215e-02	5.314154e+00
4.000000e-08	1.790109e-02	5.222053e+00
5.000000e-08	1.831584e-02	5.211525e+00
6.000000e-08	2.104382e-02	5.129391e+00
7.000000e-08	2.028725e-02	5.116315e+00
8.000000e-08	1.653037e-02	5.082603e+00
9.000000e-08	1.591080e-02	4.989396e+00
1.000000e-07	1.771979e-02	4.926361e+00
1.100000e-07	1.890620e-02	4.853129e+00
1.200000e-07	1.353223e-02	4.831102e+00
1.300000e-07	1.448898e-02	4.789474e+00
1.400000e-07	1.562781e-02	4.767890e+00
1.500000e-07	1.594775e-02	4.706812e+00
1.600000e-07	1.295644e-02	4.664007e+00
1.700000e-07	1.103505e-02	4.611475e+00
1.800000e-07	1.468460e-02	4.537893e+00
1.900000e-07	1.379598e-02	4.505688e+00
2.000000e-07	1.121071e-02	4.483604e+00
2.100000e-07	9.816327e-03	4.411503e+00
2.200000e-07	1.236171e-02	4.409498e+00
2.300000e-07	1.078792e-02	4.328840e+00
2.400000e-07	9.278662e-03	4.283262e+00
2.500000e-07	7.210721e-03	4.199520e+00
2.600000e-07	1.033305e-02	4.095186e+00
2.700000e-07	9.200803e-03	4.001052e+00
2.800000e-07	8.567479e-03	3.978969e+00
2.900000e-07	5.867105e-03	3.966445e+00
3.000000e-07	8.880646e-03	3.855158e+00
3.100000e-07	7.205262e-03	3.829548e+00
3.200000e-07	5.956703e-03	3.768369e+00
3.300000e-07	4.498913e-03	3.643182e+00
3.400000e-07	6.113512e-03	3.631579e+00
3.500000e-07	6.791578e-03	3.577942e+00
3.600000e-07	4.888502e-03	3.535811e+00
3.700000e-07	3.416854e-03	3.390052e+00
3.800000e-07	5.634541e-03	3.276284e+00
3.900000e-07	4.914539e-03	3.220577e+00
4.000000e-07	3.720051e-03	3.158470e+00
4.100000e-07	2.914382e-03	3.095207e+00
4.200000e-07	3.171532e-03	3.030026e+00
4.300000e-07	3.975468e-03	2.938344e+00
4.400000e-07	4.560553e-03	2.852679e+00
4.500000e-07	1.752564e-03	2.818526e+00
4.600000e-07	2.240549e-03	2.747944e+00
4.700000e-07	2.248693e-03	2.633626e+00
4.800000e-07	2.449132e-03	2.505858e+00
4.900000e-07	1.216149e-03	2.441549e+00
5.000000e-07	3.145027e-04	2.347393e+00
5.100000e-07	3.074739e-03	2.263708e+00
5.200000e-07	1.507084e-03	2.188970e+00
5.300000e-07	8.555842e-04	2.125710e+00
5.400000e-07	-4.885703e-04	2.021104e+00
5.500000e-07	1.598213e-03	1.959999e+00
5.600000e-07	-4.734418e-04	1.865237e+00
5.700000e-07	-1.895800e-04	1.799430e+00
5.800000e-07	-1.325281e-03	1.714259e+00
5.900000e-07	9.612887e-04	1.600029e+00
6.000000e-07	-5.407651e-04	1.506339e+00
6.100000e-07	-2.654799e-06	1.412029e+00
6.200000e-07	-1.447135e-03	1.356841e+00
6.300000e-07	-1.499061e-03	1.273104e+00
6.400000e-07	-1.999330e-03	1.189398e+00
6.500000e-07	-2.757808e-03	1.023100e+00
6.600000e-07	-2.675291e-03	9.162883e-01
6.700000e-07	-3.597209e-04	7.911001e-01
6.800000e-07	-2.777168e-03	7.253936e-01
6.900000e-07	-2.107893e-03	6.221283e-01
7.000000e-07	-3.294943e-03	5.574949e-01
7.100000e-07	-1.987530e-03	4.931330e-01
7.200000e-07	-2.845586e-03	4.006002e-01
7.300000e-07	-2.766973e-03	3.358611e-01
7.400000e-07	-3.659550e-03	2.395730e-01
7.500000e-07	-2.755207e-03	6.380946e-02
7.600000e-07	-3.702702e-03	-1.097857e-02
7.700000e-07	-3.494053e-03	-8.568652e-02
7.800000e-07	-1.370695e-03	-1.388722e-01
7.900000e-07	-4.711765e-04	-2.736326e-01
8.000000e-07	-1.485392e-03	-3.572669e-01
8.100000e-07	-3.162584e-03	-3.799762e-01
8.200000e-07	-3.884191e-03	-4.937616e-01
8.300000e-07	-3.370296e-03	-5.878971e-01
8.400000e-07	1.120467e-02	-7.151417e-01
8.500000e-07	3.384827e-02	-8.199274e-01
8.600000e-07	-7.828363e-03	-9.362393e-01
8.700000e-07	-8.661413e-02	-1.074613e+00
8.800000e-07	-2.660917e-02	-1.158870e+00
8.900000e-07	6.304939e-02	-1.106316e+00
9.000000e-07	3.745446e-02	-1.148573e+00
9.100000e-07	-7.136508e-02	-1.413407e+00
9.200000e-07	1.548245e-02	-1.557840e+00
9.300000e-07	8.232813e-02	-1.526416e+00
9.400000e-07	-3.929725e-02	-1.684181e+00
9.500000e-07	-4.473878e-02	-1.790902e+00
9.600000e-07	1.601894e-02	-1.789525e+00
9.700000e-07	-3.454365e-02	-1.894657e+00
9.800000e-07	-9.736385e-03	-1.987900e+00
9.900000e-07	8.210228e-02	-2.012054e+00
1.000000e-06	-3.862816e-02	-2.064292e+00
1.010000e-06	-9.765289e-02	-2.255665e+00
1.020000e-06	7.682974e-02	-2.378896e+00
1.030000e-06	4.820558e-02	-2.451134e+00
1.040000e-06	-1.222261e-01	-2.526792e+00
1.050000e-06	-1.667962e-02	-2.568424e+00
1.060000e-06	8.795744e-02	-2.693609e+00
1.070000e-06	-6.921559e-03	-2.779896e+00
1.080000e-06	-5.885758e-02	-2.811001e+00
1.090000e-06	-3.698445e-02	-2.883588e+00
1.100000e-06	4.050920e-02	-3.013557e+00
1.110000e-06	2.928469e-02	-3.134346e+00
1.120000e-06	-7.512770e-02	-3.200472e+00
1.130000e-06	-2.971433e-02	-3.293684e+00
1.140000e-06	6.833656e-02	-3.348395e+00
1.150000e-06	-1.769899e-02	-3.371929e+00
1.160000e-06	-5.928978e-02	-3.484191e+00
1.170000e-06	-2.314585e-03	-3.526791e+00
1.180000e-06	1.287820e-02	-3.599525e+00
1.190000e-06	2.019224e-03	-3.652680e+00
1.200000e-06	-2.882181e-02	-3.696817e+00
1.210000e-06	-2.946474e-02	-3.833581e+00
1.220000e-06	1.852027e-02	-3.956297e+00
1.230000e-06	-4.654994e-04	-3.990472e+00
1.240000e-06	-3.634830e-02	-4.042107e+00
1.250000e-06	-1.794214e-02	-4.085609e+00
1.260000e-06	4.171679e-03	-4.158345e+00
1.270000e-06	4.394620e-03	-4.230954e+00
1.280000e-06	-2.556388e-02	-4.243211e+00
1.290000e-06	-3.097098e-02	-4.337263e+00
1.300000e-06	4.657599e-03	-4.368424e+00
1.310000e-06	1.583125e-03	-4.409499e+00
1.320000e-06	-2.390293e-02	-4.441659e+00
1.330000e-06	-2.815451e-02	-4.484267e+00
1.340000e-06	-2.950050e-03	-4.558392e+00
1.350000e-06	6.650074e-03	-4.634056e+00
1.360000e-06	-2.804473e-02	-4.671134e+00
1.370000e-06	-3.055900e-02	-4.676787e+00
1.380000e-06	-4.129894e-04	-4.736319e+00
1.390000e-06	-1.860565e-03	-4.813002e+00
1.400000e-06	-2.264529e-02	-4.886231e+00
1.410000e-06	-2.819340e-02	-4.948392e+00
1.420000e-06	-7.848473e-03	-4.947346e+00
1.430000e-06	-4.394230e-04	-5.010556e+00
1.440000e-06	-2.575111e-02	-5.053180e+00
1.450000e-06	-2.763251e-02	-5.093663e+00
1.460000e-06	-8.304443e-03	-5.146818e+00
1.470000e-06	-5.090333e-03	-5.159421e+00
1.480000e-06	-2.218042e-02	-5.201503e+00
1.490000e-06	-2.932956e-02	-5.253059e+00
1.500000e-06	-1.173601e-02	-5.245189e+00
1.510000e-06	-6.551713e-03	-5.376247e+00
1.520000e-06	-2.325624e-02	-5.359398e+00
1.530000e-06	-2.785291e-02	-5.379975e+00
1.540000e-06	-1.627735e-02	-5.475583e+00
1.550000e-06	-9.942384e-03	-5.485259e+00
1.560000e-06	-2.341250e-02	-5.536237e+00
1.570000e-06	-2.984640e-02	-5.538815e+00
1.580000e-06	-1.735507e-02	-5.560396e+00
1.590000e-06	-1.278432e-02	-5.588975e+00
1.600000e-06	-2.345715e-02	-5.578971e+00
1.610000e-06	-2.851610e-02	-5.568975e+00
1.620000e-06	-2.310315e-02	-5.600502e+00
1.630000e-06	-1.524628e-02	-5.600925e+00
1.640000e-06	-2.496119e-02	-5.600026e+00
1.650000e-06	-3.061230e-02	-5.613529e+00
1.660000e-06	-2.366999e-02	-5.611001e+00
1.670000e-06	-1.856046e-02	-5.611030e+00
1.680000e-06	-2.527287e-02	-5.611078e+00
1.690000e-06	-3.241409e-02	-5.610502e+00
1.700000e-06	-2.802209e-02	-5.611505e+00
1.710000e-06	-2.163939e-02	-5.621057e+00
1.720000e-06	-2.714640e-02	-5.600527e+00
1.730000e-06	-3.226571e-02	-5.610550e+00
1.740000e-06	-2.798458e-02	-5.609951e+00
1.750000e-06	-2.334194e-02	-5.620977e+00
1.760000e-06	-2.751299e-02	-5.590500e+00
1.770000e-06	-3.429745e-02	-5.589951e+00
1.780000e-06	-3.031184e-02	-5.599925e+00
1.790000e-06	-2.486509e-02	-5.589471e+00
1.800000e-06	-2.729201e-02	-5.558922e+00
1.810000e-06	-3.153126e-02	-5.557842e+00
1.820000e-06	-2.893989e-02	-5.516822e+00
1.830000e-06	-2.409101e-02	-5.516267e+00
1.840000e-06	-2.787082e-02	-5.461538e+00
1.850000e-06	-3.249217e-02	-5.401055e+00
1.860000e-06	-2.933057e-02	-5.360900e+00
1.870000e-06	-2.422851e-02	-5.327845e+00
1.880000e-06	-2.529362e-02	-5.293909e+00
1.890000e-06	-2.750911e-02	-5.234632e+00
1.900000e-06	-2.713276e-02	-5.201577e+00
1.910000e-06	-2.223201e-02	-5.190476e+00
1.920000e-06	-2.398623e-02	-5.125869e+00
1.930000e-06	-2.689637e-02	-5.126744e+00
1.940000e-06	-2.568260e-02	-5.023237e+00
1.950000e-06	-2.149092e-02	-5.043109e+00
1.960000e-06	-2.158623e-02	-4.967900e+00
1.970000e-06	-2.415713e-02	-4.926871e+00
1.980000e-06	-2.322795e-02	-4.856213e+00
1.990000e-06	-1.867097e-02	-4.769418e+00
2.000000e-06	-1.987986e-02	-4.748389e+00
2.010000e-06	-2.166505e-02	-4.653737e+00
2.020000e-06	-2.174430e-02	-4.653056e+00
2.030000e-06	-1.935784e-02	-4.613050e+00
2.040000e-06	-1.756043e-02	-4.569976e+00
2.050000e-06	-2.053334e-02	-4.505367e+00
2.060000e-06	-1.912359e-02	-4.465683e+00
2.070000e-06	-1.568077e-02	-4.400980e+00
2.080000e-06	-1.439748e-02	-4.409949e+00
2.090000e-06	-1.761795e-02	-4.338370e+00
2.100000e-06	-1.770217e-02	-4.264735e+00
2.110000e-06	-1.411914e-02	-4.243607e+00
2.120000e-06	-1.346577e-02	-4.167946e+00
2.130000e-06	-1.641355e-02	-4.117341e+00
2.140000e-06	-1.545139e-02	-4.053683e+00
2.150000e-06	-1.216721e-02	-3.998028e+00
2.160000e-06	-1.291037e-02	-3.979450e+00
2.170000e-06	-1.472578e-02	-3.845788e+00
2.180000e-06	-1.421699e-02	-3.792003e+00
2.190000e-06	-1.141645e-02	-3.706835e+00
2.200000e-06	-1.174287e-02	-3.621605e+00
2.210000e-06	-1.203229e-02	-3.579948e+00
2.220000e-06	-1.267247e-02	-3.485285e+00
2.230000e-06	-1.035686e-02	-3.451586e+00
2.240000e-06	-1.024384e-02	-3.388470e+00
2.250000e-06	-1.284689e-02	-3.296262e+00
2.260000e-06	-1.116266e-02	-3.230080e+00
2.270000e-06	-1.048320e-02	-3.168400e+00
2.280000e-06	-8.447104e-03	-3.115758e+00
2.290000e-06	-8.483662e-03	-2.958491e+00
2.300000e-06	-8.899131e-03	-2.823679e+00
2.310000e-06	-8.700344e-03	-2.789924e+00
2.320000e-06	-8.558484e-03	-2.737338e+00
2.330000e-06	-1.014865e-02	-2.633108e+00
2.340000e-06	-1.052236e-02	-2.539392e+00
2.350000e-06	-8.954766e-03	-2.503733e+00
2.360000e-06	-6.044640e-03	-2.421074e+00
2.370000e-06	-7.612118e-03	-2.357395e+00
2.380000e-06	-8.447358e-03	-2.214782e+00
2.390000e-06	-5.970610e-03	-2.105317e+00
2.400000e-06	-5.934979e-03	-2.021103e+00
2.410000e-06	-6.017093e-03	-1.978420e+00
2.420000e-06	-9.094612e-03	-1.895234e+00
2.430000e-06	-6.501374e-03	-1.830001e+00
2.440000e-06	-4.958583e-03	-1.706820e+00
2.450000e-06	-5.905399e-03	-1.673604e+00
2.460000e-06	-6.334646e-03	-1.578899e+00
2.470000e-06	-4.912697e-03	-1.466218e+00
2.480000e-06	-4.518800e-03	-1.315865e+00
2.490000e-06	-4.933854e-03	-1.251576e+00
2.500000e-06	-5.924848e-03	-1.126362e+00
2.510000e-06	-4.894470e-03	-1.063235e+00
2.520000e-06	-4.450258e-03	-9.584199e-01
2.530000e-06	-5.194237e-03	-8.522341e-01
2.540000e-06	-5.120442e-03	-7.905750e-01
2.550000e-06	-3.455586e-03	-7.463410e-01
2.560000e-06	-3.523161e-03	-6.200776e-01
2.570000e-06	-4.064948e-03	-4.742579e-01
2.580000e-06	-4.253695e-03	-3.895249e-01
2.590000e-06	-3.269138e-03	-3.458170e-01
2.600000e-06	-1.983672e-03	-2.320302e-01
2.610000e-06	-2.914754e-03	-1.174660e-01
2.620000e-06	-1.588238e-03	-5.262934e-02
2.630000e-06	8.661415e-04	-5.513064e-04
2.640000e-06	1.721326e-04	9.516152e-02
2.650000e-06	-1.089759e-03	2.494725e-01
2.660000e-06	-1.507802e-03	3.758206e-01
2.670000e-06	-1.513952e-03	4.205012e-01
2.680000e-06	-1.193647e-03	4.436854e-01
2.690000e-06	3.306412e-03	5.873721e-01
2.700000e-06	1.802278e-02	6.630802e-01
2.710000e-06	3.338674e-02	7.974186e-01
2.720000e-06	-8.167949e-03	8.836594e-01
2.730000e-06	-7.735069e-02	1.043005e+00
2.740000e-06	-2.610774e-02	1.074215e+00
2.750000e-06	6.839442e-02	1.178849e+00
2.760000e-06	4.060777e-02	1.264605e+00
2.770000e-06	-7.754031e-02	1.367842e+00
2.780000e-06	7.470820e-03	1.430453e+00
2.790000e-06	8.465417e-02	1.559500e+00
2.800000e-06	-1.512584e-02	1.725214e+00
2.810000e-06	-3.261040e-02	1.757842e+00
2.820000e-06	-9.443189e-04	1.819627e+00
2.830000e-06	-1.315369e-02	1.958241e+00
2.840000e-06	2.040134e-02	1.969475e+00
2.850000e-06	6.087479e-02	2.031081e+00
2.860000e-06	-3.981411e-02	2.137316e+00
2.870000e-06	-6.604650e-02	2.221103e+00
2.880000e-06	6.562381e-02	2.304609e+00
2.890000e-06	5.064026e-02	2.378871e+00
2.900000e-06	-7.777191e-02	2.440629e+00
2.910000e-06	-2.066450e-02	2.507317e+00
2.920000e-06	7.295526e-02	2.643112e+00
2.930000e-06	2.910863e-02	2.786297e+00
2.940000e-06	-4.749337e-02	2.822475e+00
2.950000e-06	-3.240502e-02	2.926738e+00
2.960000e-06	4.529493e-02	2.948442e+00
2.970000e-06	3.520727e-02	3.033055e+00
2.980000e-06	-3.844741e-02	3.136839e+00
2.990000e-06	-1.310697e-02	3.189475e+00
3.000000e-06	4.342064e-02	3.220598e+00
3.010000e-06	1.155337e-02	3.326291e+00
3.020000e-06	-2.191821e-02	3.454104e+00
3.030000e-06	-4.391223e-03	3.565366e+00
3.040000e-06	1.406311e-02	3.609976e+00
3.050000e-06	2.198539e-02	3.643054e+00
3.060000e-06	-1.970237e-03	3.747790e+00
3.070000e-06	-1.370889e-02	3.769494e+00
3.080000e-06	1.483575e-02	3.862630e+00
3.090000e-06	2.208459e-02	3.905212e+00
3.100000e-06	-5.339456e-03	3.980849e+00
3.110000e-06	-8.342375e-03	4.001025e+00
3.120000e-06	1.665548e-02	4.055109e+00
3.130000e-06	1.961056e-02	4.095841e+00
3.140000e-06	8.137245e-04	4.201930e+00
3.150000e-06	-6.346089e-03	4.326843e+00
3.160000e-06	1.157589e-02	4.399420e+00
3.170000e-06	1.929472e-02	4.421026e+00
3.180000e-06	2.847927e-03	4.442104e+00
3.190000e-06	-3.645750e-03	4.475708e+00
3.200000e-06	1.318310e-02	4.569870e+00
3.210000e-06	2.166490e-02	4.569931e+00
3.220000e-06	9.285416e-04	4.632106e+00
3.230000e-06	-2.863076e-03	4.737766e+00
3.240000e-06	1.376666e-02	4.738891e+00
3.250000e-06	2.091905e-02	4.780444e+00
3.260000e-06	4.477696e-03	4.843030e+00
3.270000e-06	9.382334e-04	4.882112e+00
3.280000e-06	1.357480e-02	4.998822e+00
3.290000e-06	2.069841e-02	5.057471e+00
3.300000e-06	7.009263e-03	5.045752e+00
3.310000e-06	1.582484e-03	5.138840e+00
3.320000e-06	1.436971e-02	5.170399e+00
3.330000e-06	1.965865e-02	5.211502e+00
3.340000e-06	8.700758e-03	5.242507e+00
3.350000e-06	3.612684e-03	5.294809e+00
3.360000e-06	1.388030e-02	5.317838e+00
3.370000e-06	2.073901e-02	5.338363e+00
3.380000e-06	1.132166e-02	5.368916e+00
3.390000e-06	7.070477e-03	5.390899e+00
3.400000e-06	1.473687e-02	5.412523e+00
3.410000e-06	2.198457e-02	5.419503e+00
3.420000e-06	1.319713e-02	5.432555e+00
3.430000e-06	9.231341e-03	5.443158e+00
3.440000e-06	1.579547e-02	5.525633e+00
3.450000e-06	2.179516e-02	5.466683e+00
3.460000e-06	1.542440e-02	5.506714e+00
3.470000e-06	1.101790e-02	5.515311e+00
3.480000e-06	1.681948e-02	5.546770e+00
3.490000e-06	2.291833e-02	5.548341e+00
3.500000e-06	1.753311e-02	5.577766e+00
3.510000e-06	1.431120e-02	5.558967e+00
3.520000e-06	1.817009e-02	5.549421e+00
3.530000e-06	2.429298e-02	5.517887e+00
3.540000e-06	2.061969e-02	5.506867e+00
3.550000e-06	1.547121e-02	5.538418e+00
3.560000e-06	2.098875e-02	5.567917e+00
3.570000e-06	2.468771e-02	5.549842e+00
3.580000e-06	2.281537e-02	5.536865e+00
3.590000e-06	1.884111e-02	5.557865e+00
3.600000e-06	2.215189e-02	5.488846e+00
3.610000e-06	2.586419e-02	5.529841e+00
3.620000e-06	2.363953e-02	5.515239e+00
3.630000e-06	1.932182e-02	5.526309e+00
3.640000e-06	2.188428e-02	5.466791e+00
3.650000e-06	2.499474e-02	5.444609e+00
3.660000e-06	2.500979e-02	5.474605e+00
3.670000e-06	1.971669e-02	5.432103e+00
3.680000e-06	2.153016e-02	5.431002e+00
3.690000e-06	2.430184e-02	5.420999e+00
3.700000e-06	2.206401e-02	5.399998e+00
3.710000e-06	1.958672e-02	5.389397e+00
3.720000e-06	2.079660e-02	5.346867e+00
3.730000e-06	2.355885e-02	5.244737e+00
3.740000e-06	2.160746e-02	5.294156e+00
3.750000e-06	1.874593e-02	5.191626e+00
3.760000e-06	1.901372e-02	5.189475e+00
3.770000e-06	2.034049e-02	5.159390e+00
3.780000e-06	2.023277e-02	5.146810e+00
3.790000e-06	1.543331e-02	5.062583e+00
3.800000e-06	1.679788e-02	5.012019e+00
3.810000e-06	1.820184e-02	4.964793e+00
3.820000e-06	1.844258e-02	4.823106e+00
3.830000e-06	1.513628e-02	4.830529e+00
3.840000e-06	1.529060e-02	4.809474e+00
3.850000e-06	1.618563e-02	4.788945e+00
3.860000e-06	1.449534e-02	4.745862e+00
3.870000e-06	1.105715e-02	4.653153e+00
3.880000e-06	1.312174e-02	4.591001e+00
3.890000e-06	1.439457e-02	4.577421e+00
3.900000e-06	1.494672e-02	4.493761e+00
3.910000e-06	1.082699e-02	4.462608e+00
3.920000e-06	1.072201e-02	4.421025e+00
3.930000e-06	1.200365e-02	4.368996e+00
3.940000e-06	1.137586e-02	4.328900e+00
3.950000e-06	9.218993e-03	4.284235e+00
3.960000e-06	8.281332e-03	4.200518e+00
3.970000e-06	1.049118e-02	4.103209e+00
3.980000e-06	9.721863e-03	4.000552e+00
3.990000e-06	8.501113e-03	3.999950e+00
4.000000e-06	7.045801e-03	3.936345e+00
4.010000e-06	7.454142e-03	3.893689e+00
4.020000e-06	8.371098e-03	3.829001e+00
4.030000e-06	6.723113e-03	3.737919e+00
4.040000e-06	6.474145e-03	3.681185e+00
4.050000e-06	6.059668e-03	3.641552e+00
4.060000e-06	5.811467e-03	3.578473e+00
4.070000e-06	5.828044e-03	3.526360e+00
4.080000e-06	3.934813e-03	3.411501e+00
4.090000e-06	4.595056e-03	3.327733e+00
4.100000e-06	5.317061e-03	3.211550e+00
4.110000e-06	5.001263e-03	3.167846e+00
4.120000e-06	3.548992e-03	3.106308e+00
4.130000e-06	3.251746e-03	3.041575e+00
4.140000e-06	3.170144e-03	2.927915e+00
4.150000e-06	3.559304e-03	2.862653e+00
4.160000e-06	1.975119e-03	2.810501e+00
4.170000e-06	2.348577e-03	2.747419e+00
4.180000e-06	1.911835e-03	2.623603e+00
4.190000e-06	3.390314e-03	2.504865e+00
4.200000e-06	8.342469e-04	2.401023e+00
4.210000e-06	1.530787e-03	2.335919e+00
4.220000e-06	1.481490e-03	2.264131e+00
4.230000e-06	1.529433e-03	2.187975e+00
4.240000e-06	6.829851e-04	2.125735e+00
4.250000e-06	-2.959558e-06	2.030078e+00
4.260000e-06	3.665043e-04	1.980472e+00
4.270000e-06	1.459082e-04	1.923710e+00
4.280000e-06	-6.908002e-04	1.788495e+00
4.290000e-06	-1.180846e-04	1.685713e+00
4.300000e-06	-7.724589e-04	1.622650e+00
4.310000e-06	7.057573e-04	1.578361e+00
4.320000e-06	-3.455327e-04	1.420098e+00
4.330000e-06	-2.282953e-03	1.325887e+00
4.340000e-06	-6.225554e-04	1.243180e+00
4.350000e-06	-1.562341e-03	1.179969e+00
4.360000e-06	-1.337699e-03	1.003655e+00
4.370000e-06	-2.716456e-03	8.553147e-01
4.380000e-06	-1.898287e-03	7.915238e-01
4.390000e-06	-2.118702e-03	7.183659e-01
4.400000e-06	-2.346301e-03	6.621316e-01
4.410000e-06	-3.155884e-03	5.399163e-01
4.420000e-06	-2.628841e-03	4.727319e-01
4.430000e-06	-2.610127e-03	3.895238e-01
4.440000e-06	-3.329899e-03	3.264185e-01
4.450000e-06	-3.788489e-03	1.910429e-01
4.460000e-06	-3.421925e-03	6.473064e-02
4.470000e-06	-2.759088e-03	-9.476188e-03
4.480000e-06	-2.703281e-03	-1.037379e-01
4.490000e-06	-1.804197e-03	-2.083973e-01
4.500000e-06	-1.779994e-03	-2.516100e-01
4.510000e-06	-3.545657e-03	-3.368408e-01
4.520000e-06	-3.310719e-03	-4.099749e-01
4.530000e-06	-3.711780e-03	-4.936078e-01
4.540000e-06	-4.383779e-03	-5.993809e-01
4.550000e-06	1.173451e-02	-6.952669e-01
4.560000e-06	3.761855e-02	-7.699498e-01
4.570000e-06	-8.195865e-03	-9.267954e-01
4.580000e-06	-8.841235e-02	-1.054634e+00
4.590000e-06	-2.705001e-02	-1.158346e+00
4.600000e-06	6.187547e-02	-1.076267e+00
4.610000e-06	3.667115e-02	-1.199006e+00
4.620000e-06	-7.250079e-02	-1.422558e+00
4.630000e-06	1.739297e-02	-1.566213e+00
4.640000e-06	8.379115e-02	-1.525822e+00
4.650000e-06	-3.957869e-02	-1.664611e+00
4.660000e-06	-4.474367e-02	-1.780922e+00
4.670000e-06	1.537544e-02	-1.799003e+00
4.680000e-06	-3.399609e-02	-1.843688e+00
4.690000e-06	-9.469615e-03	-1.979920e+00
4.700000e-06	7.981100e-02	-2.042533e+00
4.710000e-06	-3.985599e-02	-2.096266e+00
4.720000e-06	-9.555514e-02	-2.274133e+00
4.730000e-06	7.751966e-02	-2.379425e+00
4.740000e-06	4.765048e-02	-2.453084e+00
4.750000e-06	-1.235222e-01	-2.534792e+00
4.760000e-06	-1.418269e-02	-2.590450e+00
4.770000e-06	8.772207e-02	-2.664113e+00
4.780000e-06	-9.699797e-03	-2.759448e+00
4.790000e-06	-6.047911e-02	-2.801003e+00
4.800000e-06	-3.452498e-02	-2.883717e+00
4.810000e-06	4.070085e-02	-3.073604e+00
4.820000e-06	2.920946e-02	-3.127818e+00
4.830000e-06	-7.480615e-02	-3.179472e+00
4.840000e-06	-2.803326e-02	-3.273108e+00
4.850000e-06	6.758889e-02	-3.368265e+00
4.860000e-06	-1.940387e-02	-3.391528e+00
4.870000e-06	-6.014732e-02	-3.485238e+00
4.880000e-06	-3.841995e-04	-3.506291e+00
4.890000e-06	1.210611e-02	-3.619525e+00
4.900000e-06	1.707987e-03	-3.603105e+00
4.910000e-06	-2.896951e-02	-3.676186e+00
4.920000e-06	-2.892248e-02	-3.843601e+00
4.930000e-06	1.809850e-02	-3.948314e+00
4.940000e-06	-1.161634e-03	-3.990477e+00
4.950000e-06	-3.760216e-02	-4.031609e+00
4.960000e-06	-1.772735e-02	-4.064712e+00
4.970000e-06	3.607390e-03	-4.148920e+00
4.980000e-06	4.846055e-03	-4.181974e+00
4.990000e-06	-2.690973e-02	-4.254115e+00
5.000000e-06	-3.053774e-02	-4.285791e+00
5.010000e-06	4.421948e-03	-4.378870e+00
5.020000e-06	1.093316e-03	-4.400026e+00
5.030000e-06	-2.473493e-02	-4.421130e+00
5.040000e-06	-2.824111e-02	-4.465213e+00
5.050000e-06	-2.291466e-03	-4.598442e+00
5.060000e-06	6.431717e-03	-4.633409e+00
5.070000e-06	-2.931866e-02	-4.681662e+00
5.080000e-06	-2.970453e-02	-4.717858e+00
5.090000e-06	-1.361466e-03	-4.726900e+00
5.100000e-06	-1.713642e-03	-4.811381e+00
5.110000e-06	-2.402958e-02	-4.872764e+00
5.120000e-06	-2.669953e-02	-4.928142e+00
5.130000e-06	-7.441853e-03	-4.978848e+00
5.140000e-06	-1.002384e-03	-5.000530e+00
5.150000e-06	-2.621490e-02	-5.053586e+00
5.160000e-06	-2.737573e-02	-5.084712e+00
5.170000e-06	-8.743893e-03	-5.117769e+00
5.180000e-06	-5.433187e-03	-5.189998e+00
5.190000e-06	-2.324316e-02	-5.210550e+00
5.200000e-06	-2.777894e-02	-5.210659e+00
5.210000e-06	-1.223676e-02	-5.284640e+00
5.220000e-06	-6.911022e-03	-5.336868e+00
5.230000e-06	-2.378586e-02	-5.327424e+00
5.240000e-06	-2.662310e-02	-5.371530e+00
5.250000e-06	-1.564135e-02	-5.465606e+00
5.260000e-06	-9.150804e-03	-5.465238e+00
5.270000e-06	-2.273630e-02	-5.496821e+00
5.280000e-06	-2.972447e-02	-5.548843e+00
5.290000e-06	-1.869810e-02	-5.558923e+00
5.300000e-06	-1.357886e-02	-5.578973e+00
5.310000e-06	-2.353896e-02	-5.569473e+00
5.320000e-06	-2.878913e-02	-5.598475e+00
5.330000e-06	-2.146417e-02	-5.590499e+00
5.340000e-06	-1.564556e-02	-5.620002e+00
5.350000e-06	-2.426988e-02	-5.610026e+00
5.360000e-06	-3.154757e-02	-5.621478e+00
5.370000e-06	-2.491686e-02	-5.610503e+00
5.380000e-06	-1.870346e-02	-5.612030e+00
5.390000e-06	-2.513101e-02	-5.591529e+00
5.400000e-06	-3.210411e-02	-5.621526e+00
5.410000e-06	-2.678830e-02	-5.611074e+00
5.420000e-06	-2.045496e-02	-5.601050e+00
5.430000e-06	-2.662254e-02	-5.600002e+00
5.440000e-06	-3.341533e-02	-5.612002e+00
5.450000e-06	-2.884632e-02	-5.600999e+00
5.460000e-06	-2.363692e-02	-5.610500e+00
5.470000e-06	-2.824554e-02	-5.610500e+00
5.480000e-06	-3.368855e-02	-5.579447e+00
5.490000e-06	-3.019047e-02	-5.599475e+00
5.500000e-06	-2.435824e-02	-5.588925e+00
5.510000e-06	-2.851732e-02	-5.568948e+00
5.520000e-06	-3.206572e-02	-5.569345e+00
5.530000e-06	-2.957802e-02	-5.507367e+00
5.540000e-06	-2.548507e-02	-5.544341e+00
5.550000e-06	-2.692523e-02	-5.493584e+00
5.560000e-06	-3.089600e-02	-5.412950e+00
5.570000e-06	-2.806083e-02	-5.369899e+00
5.580000e-06	-2.421686e-02	-5.307316e+00
5.590000e-06	-2.594745e-02	-5.285188e+00
5.600000e-06	-2.848721e-02	-5.234155e+00
5.610000e-06	-2.748751e-02	-5.221599e+00
5.620000e-06	-2.250632e-02	-5.200500e+00
5.630000e-06	-2.455901e-02	-5.169320e+00
5.640000e-06	-2.657918e-02	-5.077290e+00
5.650000e-06	-2.442146e-02	-5.084608e+00
5.660000e-06	-2.212485e-02	-5.052603e+00
5.670000e-06	-2.212999e-02	-4.989499e+00
5.680000e-06	-2.435414e-02	-4.938696e+00
5.690000e-06	-2.289823e-02	-4.845287e+00
5.700000e-06	-1.906442e-02	-4.849327e+00
5.710000e-06	-1.997648e-02	-4.677393e+00
5.720000e-06	-2.144005e-02	-4.712688e+00
5.730000e-06	-1.996102e-02	-4.663530e+00
5.740000e-06	-1.858855e-02	-4.581128e+00
5.750000e-06	-1.890321e-02	-4.569947e+00
5.760000e-06	-1.930351e-02	-4.567388e+00
5.770000e-06	-1.821789e-02	-4.442579e+00
5.780000e-06	-1.575726e-02	-4.431576e+00
5.790000e-06	-1.691015e-02	-4.379474e+00
5.800000e-06	-1.621913e-02	-4.369398e+00
5.810000e-06	-1.691291e-02	-4.344210e+00
5.820000e-06	-1.425005e-02	-4.232578e+00
5.830000e-06	-1.582105e-02	-4.208524e+00
5.840000e-06	-1.408877e-02	-4.107293e+00
5.850000e-06	-1.515664e-02	-4.035108e+00
5.860000e-06	-1.331163e-02	-4.010476e+00
5.870000e-06	-1.422304e-02	-3.949422e+00
5.880000e-06	-1.340676e-02	-3.883788e+00
5.890000e-06	-1.289698e-02	-3.801472e+00
5.900000e-06	-1.157341e-02	-3.715233e+00
5.910000e-06	-1.175807e-02	-3.620652e+00
5.920000e-06	-1.143982e-02	-3.589420e+00
5.930000e-06	-1.233453e-02	-3.505762e+00
5.940000e-06	-1.125478e-02	-3.432605e+00
5.950000e-06	-1.088834e-02	-3.349948e+00
5.960000e-06	-1.074230e-02	-3.295763e+00
5.970000e-06	-1.147016e-02	-3.222528e+00
5.980000e-06	-1.025768e-02	-3.168949e+00
5.990000e-06	-8.899855e-03	-3.126136e+00
6.000000e-06	-7.644666e-03	-2.930449e+00
6.010000e-06	-9.708983e-03	-2.860582e+00
6.020000e-06	-7.516390e-03	-2.769501e+00
6.030000e-06	-9.326314e-03	-2.756843e+00
6.040000e-06	-8.492637e-03	-2.643610e+00
6.050000e-06	-9.793955e-03	-2.557994e+00
6.060000e-06	-8.493007e-03	-2.484611e+00
6.070000e-06	-7.210759e-03	-2.400051e+00
6.080000e-06	-6.633843e-03	-2.328342e+00
6.090000e-06	-7.459274e-03	-2.234106e+00
6.100000e-06	-6.922881e-03	-2.145367e+00
6.110000e-06	-6.731452e-03	-2.010079e+00
6.120000e-06	-6.904763e-03	-1.978899e+00
6.130000e-06	-7.606647e-03	-1.904288e+00
6.140000e-06	-5.997563e-03	-1.790978e+00
6.150000e-06	-4.768681e-03	-1.726263e+00
6.160000e-06	-6.290164e-03	-1.633629e+00
6.170000e-06	-6.264787e-03	-1.568498e+00
6.180000e-06	-5.238362e-03	-1.495737e+00
6.190000e-06	-4.608969e-03	-1.317462e+00
6.200000e-06	-5.060738e-03	-1.240055e+00
6.210000e-06	-6.592480e-03	-1.137291e+00
6.220000e-06	-4.317554e-03	-1.022655e+00
6.230000e-06	-4.284620e-03	-9.793975e-01
6.240000e-06	-4.728116e-03	-9.042145e-01
6.250000e-06	-5.574874e-03	-8.095763e-01
6.260000e-06	-4.623423e-03	-7.057896e-01
6.270000e-06	-3.231394e-03	-5.690755e-01
6.280000e-06	-4.515946e-03	-4.342818e-01
6.290000e-06	-4.704276e-03	-3.995251e-01
6.300000e-06	-3.399211e-03	-3.368372e-01
6.310000e-06	-3.153226e-03	-2.309779e-01
6.320000e-06	-3.289260e-03	-1.473962e-01
6.330000e-06	-3.170960e-03	-8.303307e-02
6.340000e-06	-3.159367e-04	9.451128e-03
6.350000e-06	1.737888e-03	9.471292e-02
6.360000e-06	-1.752633e-03	2.305500e-01
6.370000e-06	-2.241749e-03	3.372681e-01
6.380000e-06	2.629297e-04	4.110013e-01
6.390000e-06	-2.534958e-03	4.721592e-01
6.400000e-06	3.109171e-03	5.299221e-01
6.410000e-06	1.608891e-02	6.922077e-01
6.420000e-06	3.426452e-02	7.793459e-01
6.430000e-06	-7.176343e-03	9.026802e-01
6.440000e-06	-7.787397e-02	1.022548e+00
6.450000e-06	-2.621410e-02	1.075212e+00
6.460000e-06	6.850727e-02	1.167967e+00
6.470000e-06	3.968085e-02	1.272662e+00
6.480000e-06	-7.669500e-02	1.377343e+00
6.490000e-06	8.109825e-03	1.401074e+00
6.500000e-06	8.779922e-02	1.587869e+00
6.510000e-06	-1.530608e-02	1.757197e+00
6.520000e-06	-3.119435e-02	1.684841e+00
6.530000e-06	-2.693699e-03	1.830526e+00
6.540000e-06	-1.450825e-02	1.955818e+00
6.550000e-06	1.924528e-02	1.979499e+00
6.560000e-06	6.011912e-02	2.041080e+00
6.570000e-06	-3.853436e-02	2.145821e+00
6.580000e-06	-6.407027e-02	2.240500e+00
6.590000e-06	6.715038e-02	2.313684e+00
6.600000e-06	4.973566e-02	2.388397e+00
6.610000e-06	-7.852626e-02	2.431655e+00
6.620000e-06	-2.227738e-02	2.565788e+00
6.630000e-06	7.319646e-02	2.664103e+00
6.640000e-06	2.889036e-02	2.728872e+00
6.650000e-06	-4.449210e-02	2.831075e+00
6.660000e-06	-3.257986e-02	2.915838e+00
6.670000e-06	4.753552e-02	2.969895e+00
6.680000e-06	3.306669e-02	3.032129e+00
6.690000e-06	-3.657028e-02	3.146291e+00
6.700000e-06	-1.485764e-02	3.189500e+00
6.710000e-06	4.445559e-02	3.243129e+00
6.720000e-06	1.116011e-02	3.305812e+00
6.730000e-06	-2.129273e-02	3.421049e+00
6.740000e-06	-5.072348e-03	3.547342e+00
6.750000e-06	1.461793e-02	3.589949e+00
6.760000e-06	2.190371e-02	3.652005e+00
6.770000e-06	-1.766390e-03	3.745211e+00
6.780000e-06	-1.331302e-02	3.800949e+00
6.790000e-06	1.436972e-02	3.844155e+00
6.800000e-06	2.199067e-02	3.906761e+00
6.810000e-06	-6.145360e-03	3.938893e+00
6.820000e-06	-8.174974e-03	4.010001e+00
6.830000e-06	1.636484e-02	4.022704e+00
6.840000e-06	1.951493e-02	4.127846e+00
6.850000e-06	6.441310e-04	4.199998e+00
6.860000e-06	-6.328573e-03	4.336188e+00
6.870000e-06	1.057260e-02	4.399424e+00
6.880000e-06	1.959998e-02	4.411503e+00
6.890000e-06	3.258542e-03	4.452680e+00
6.900000e-06	-5.336726e-03	4.523787e+00
6.910000e-06	1.317951e-02	4.558421e+00
6.920000e-06	2.151370e-02	4.619925e+00
6.930000e-06	1.607169e-03	4.655130e+00
6.940000e-06	-2.983998e-03	4.704786e+00
6.950000e-06	1.371389e-02	4.747393e+00
6.960000e-06	2.120905e-02	4.800050e+00
6.970000e-06	3.248509e-03	4.822028e+00
6.980000e-06	-3.372553e-04	4.848235e+00
6.990000e-06	1.422785e-02	4.956342e+00
7.000000e-06	1.987257e-02	5.042454e+00
7.010000e-06	6.085557e-03	5.085758e+00
7.020000e-06	1.419465e-03	5.158342e+00
7.030000e-06	1.426088e-02	5.190373e+00
7.040000e-06	2.003020e-02	5.220074e+00
7.050000e-06	9.383732e-03	5.281103e+00
7.060000e-06	3.311330e-03	5.304235e+00
7.070000e-06	1.476769e-02	5.316241e+00
7.080000e-06	1.967963e-02	5.368815e+00
7.090000e-06	1.107020e-02	5.348874e+00
7.100000e-06	5.939566e-03	5.388871e+00
7.110000e-06	1.603722e-02	5.422475e+00
7.120000e-06	2.147005e-02	5.411500e+00
7.130000e-06	1.313963e-02	5.442606e+00
7.140000e-06	7.345885e-03	5.445231e+00
7.150000e-06	1.560682e-02	5.493583e+00
7.160000e-06	2.340510e-02	5.495786e+00
7.170000e-06	1.511630e-02	5.496286e+00
7.180000e-06	1.142766e-02	5.517736e+00
7.190000e-06	1.697352e-02	5.597292e+00
7.200000e-06	2.370380e-02	5.527290e+00
7.210000e-06	1.843415e-02	5.527870e+00
7.220000e-06	1.276147e-02	5.527817e+00
7.230000e-06	1.854646e-02	5.577340e+00
7.240000e-06	2.456092e-02	5.558817e+00
7.250000e-06	2.154251e-02	5.578815e+00
7.260000e-06	1.581736e-02	5.578791e+00
7.270000e-06	1.958164e-02	5.548916e+00
7.280000e-06	2.524092e-02	5.507316e+00
7.290000e-06	2.253670e-02	5.580343e+00
7.300000e-06	1.880433e-02	5.526394e+00
7.310000e-06	2.206504e-02	5.526290e+00
7.320000e-06	2.665490e-02	5.537389e+00
7.330000e-06	2.380882e-02	5.535760e+00
7.340000e-06	1.943093e-02	5.516711e+00
7.350000e-06	2.237143e-02	5.474682e+00
7.360000e-06	2.596835e-02	5.451731e+00
7.370000e-06	2.350808e-02	5.443133e+00
7.380000e-06	2.021757e-02	5.432150e+00
7.390000e-06	2.272672e-02	5.432025e+00
7.400000e-06	2.449347e-02	5.410073e+00
7.410000e-06	2.283823e-02	5.348523e+00
7.420000e-06	1.847521e-02	5.349392e+00
7.430000e-06	2.137224e-02	5.306315e+00
7.440000e-06	2.343085e-02	5.337788e+00
7.450000e-06	2.175321e-02	5.293233e+00
7.460000e-06	1.749109e-02	5.232577e+00
7.470000e-06	1.929500e-02	5.171023e+00
7.480000e-06	2.124642e-02	5.168799e+00
7.490000e-06	1.962925e-02	5.077385e+00
7.500000e-06	1.537251e-02	5.034183e+00
7.510000e-06	1.595403e-02	5.012076e+00
7.520000e-06	1.887789e-02	4.835407e+00
7.530000e-06	1.782495e-02	4.854178e+00
7.540000e-06	1.449888e-02	4.811628e+00
7.550000e-06	1.465735e-02	4.799445e+00
7.560000e-06	1.610939e-02	4.758444e+00
7.570000e-06	1.472155e-02	4.696213e+00
7.580000e-06	1.202313e-02	4.632157e+00
7.590000e-06	1.245904e-02	4.622526e+00
7.600000e-06	1.445986e-02	4.558869e+00
7.610000e-06	1.393984e-02	4.535236e+00
7.620000e-06	1.098373e-02	4.442204e+00
7.630000e-06	1.101761e-02	4.421028e+00
7.640000e-06	1.180280e-02	4.399473e+00
7.650000e-06	1.181519e-02	4.369420e+00
7.660000e-06	9.737385e-03	4.265709e+00
7.670000e-06	8.624809e-03	4.190493e+00
7.680000e-06	8.513917e-03	4.075707e+00
7.690000e-06	9.846814e-03	4.000527e+00
7.700000e-06	7.614770e-03	3.998973e+00
7.710000e-06	7.841709e-03	3.956391e+00
7.720000e-06	7.736728e-03	3.865159e+00
7.730000e-06	9.084963e-03	3.831101e+00
7.740000e-06	6.696491e-03	3.738391e+00
7.750000e-06	5.550523e-03	3.684678e+00
7.760000e-06	5.273969e-03	3.611075e+00
7.770000e-06	6.102607e-03	3.568971e+00
7.780000e-06	5.342502e-03	3.505321e+00
7.790000e-06	5.205166e-03	3.390595e+00
7.800000e-06	4.496498e-03	3.295286e+00
7.810000e-06	5.205620e-03	3.222550e+00
7.820000e-06	4.242968e-03	3.177446e+00
7.830000e-06	3.797245e-03	3.105688e+00
7.840000e-06	3.338653e-03	3.010103e+00
7.850000e-06	3.313791e-03	2.956866e+00
7.860000e-06	2.962959e-03	2.843183e+00
7.870000e-06	2.876756e-03	2.779501e+00
7.880000e-06	2.093514e-03	2.727395e+00
7.890000e-06	1.992377e-03	2.581651e+00
7.900000e-06	2.280953e-03	2.514844e+00
7.910000e-06	1.922037e-03	2.411099e+00
7.920000e-06	2.012750e-03	2.357895e+00
7.930000e-06	2.252917e-03	2.283157e+00
7.940000e-06	7.671695e-04	2.168474e+00
7.950000e-06	1.267010e-03	2.105788e+00
7.960000e-06	1.013005e-03	2.031629e+00
7.970000e-06	2.365853e-04	1.988493e+00
7.980000e-06	2.662515e-04	1.916287e+00
7.990000e-06	-3.262702e-04	1.770399e+00
8.000000e-06	8.553515e-04	1.694809e+00
8.010000e-06	-1.334724e-03	1.590549e+00
8.020000e-06	-2.071921e-04	1.517342e+00
8.030000e-06	-8.572503e-04	1.431027e+00
8.040000e-06	-9.936960e-04	1.356841e+00
8.050000e-06	-1.074400e-03	1.232679e+00
8.060000e-06	-1.117584e-03	1.148345e+00
8.070000e-06	-1.012817e-03	1.013177e+00
8.080000e-06	-2.849768e-03	9.153094e-01
8.090000e-06	-2.826880e-03	8.210240e-01
8.100000e-06	-3.311743e-03	7.668685e-01
8.110000e-06	-1.686287e-03	6.417042e-01
8.120000e-06	-2.436307e-03	5.679463e-01
8.130000e-06	-2.140001e-03	4.632293e-01
8.140000e-06	-3.311433e-03	3.900277e-01
8.150000e-06	-1.972802e-03	3.469635e-01
8.160000e-06	-3.714025e-03	1.825490e-01
8.170000e-06	-3.858422e-03	9.323315e-02
8.180000e-06	-3.249863e-03	1.099650e-02
8.190000e-06	-2.701918e-03	-6.374034e-02
8.200000e-06	-3.756251e-04	-2.084472e-01
8.210000e-06	-3.711713e-03	-2.311078e-01
8.220000e-06	-2.737404e-03	-3.268171e-01
8.230000e-06	-3.847539e-03	-3.894749e-01
8.240000e-06	-3.254752e-03	-4.636589e-01
8.250000e-06	-3.933850e-03	-6.009506e-01
8.260000e-06	1.225507e-02	-7.147632e-01
8.270000e-06	3.773962e-02	-8.199524e-01
8.280000e-06	-7.962555e-03	-9.172394e-01
8.290000e-06	-8.913399e-02	-1.074735e+00
8.300000e-06	-2.710692e-02	-1.156868e+00
8.310000e-06	6.104737e-02	-1.105216e+00
8.320000e-06	3.786437e-02	-1.169050e+00
8.330000e-06	-7.269201e-02	-1.440506e+00
8.340000e-06	1.774433e-02	-1.507341e+00
8.350000e-06	8.397430e-02	-1.548796e+00
8.360000e-06	-3.940507e-02	-1.654105e+00
8.370000e-06	-4.422259e-02	-1.819424e+00
8.380000e-06	1.376543e-02	-1.781478e+00
8.390000e-06	-3.279827e-02	-1.863160e+00
8.400000e-06	-9.921631e-03	-1.978350e+00
8.410000e-06	8.066351e-02	-2.050580e+00
8.420000e-06	-4.107674e-02	-2.084663e+00
8.430000e-06	-9.594168e-02	-2.264659e+00
8.440000e-06	7.733968e-02	-2.388921e+00
8.450000e-06	4.667031e-02	-2.452129e+00
8.460000e-06	-1.233254e-01	-2.545792e+00
8.470000e-06	-1.303286e-02	-2.579923e+00
8.480000e-06	8.739378e-02	-2.693059e+00
8.490000e-06	-7.674885e-03	-2.758920e+00
8.500000e-06	-6.041713e-02	-2.800525e+00
8.510000e-06	-3.485081e-02	-2.884660e+00
8.520000e-06	4.004194e-02	-3.061108e+00
8.530000e-06	2.914904e-02	-3.086290e+00
8.540000e-06	-7.574441e-02	-3.208922e+00
8.550000e-06	-2.717309e-02	-3.263661e+00
8.560000e-06	6.807696e-02	-3.328344e+00
8.570000e-06	-1.839692e-02	-3.422003e+00
8.580000e-06	-5.927098e-02	-3.504686e+00
8.590000e-06	-6.930770e-04	-3.547792e+00
8.600000e-06	1.092063e-02	-3.590497e+00
8.610000e-06	2.124198e-03	-3.683082e+00
8.620000e-06	-2.842034e-02	-3.724819e+00
8.630000e-06	-2.877033e-02	-3.895034e+00
8.640000e-06	1.837885e-02	-3.947370e+00
8.650000e-06	-7.745509e-04	-3.999899e+00
8.660000e-06	-3.662556e-02	-4.024108e+00
8.670000e-06	-1.740506e-02	-4.095212e+00
8.680000e-06	3.150554e-03	-4.168397e+00
8.690000e-06	5.098142e-03	-4.210529e+00
8.700000e-06	-2.713943e-02	-4.275132e+00
8.710000e-06	-3.080435e-02	-4.287290e+00
8.720000e-06	3.937849e-03	-4.379897e+00
8.730000e-06	1.584685e-03	-4.400528e+00
8.740000e-06	-2.424796e-02	-4.453633e+00
8.750000e-06	-2.747687e-02	-4.496162e+00
8.760000e-06	-3.294489e-03	-4.558792e+00
8.770000e-06	6.578447e-03	-4.661135e+00
8.780000e-06	-2.884480e-02	-4.646184e+00
8.790000e-06	-3.065655e-02	-4.706313e+00
8.800000e-06	-2.846282e-04	-4.737846e+00
8.810000e-06	-1.746865e-03	-4.800506e+00
8.820000e-06	-2.392575e-02	-4.885687e+00
8.830000e-06	-2.810210e-02	-4.926836e+00
8.840000e-06	-7.369630e-03	-4.989843e+00
8.850000e-06	-8.618782e-04	-5.002006e+00
8.860000e-06	-2.604324e-02	-5.063185e+00
8.870000e-06	-2.790524e-02	-5.077163e+00
8.880000e-06	-7.150303e-03	-5.157895e+00
8.890000e-06	-6.268076e-03	-5.189473e+00
8.900000e-06	-2.357968e-02	-5.231980e+00
8.910000e-06	-2.917302e-02	-5.242557e+00
8.920000e-06	-1.188517e-02	-5.244714e+00
8.930000e-06	-7.404440e-03	-5.328267e+00
8.940000e-06	-2.210325e-02	-5.350375e+00
8.950000e-06	-2.652918e-02	-5.401433e+00
8.960000e-06	-1.547271e-02	-5.453182e+00
8.970000e-06	-1.052776e-02	-5.465734e+00
8.980000e-06	-2.323319e-02	-5.547846e+00
8.990000e-06	-2.880148e-02	-5.537891e+00
9.000000e-06	-1.845295e-02	-5.539424e+00
9.010000e-06	-1.334520e-02	-5.569446e+00
9.020000e-06	-2.252953e-02	-5.588947e+00
9.030000e-06	-2.813199e-02	-5.599924e+00
9.040000e-06	-2.150929e-02	-5.579000e+00
9.050000e-06	-1.578716e-02	-5.610525e+00
9.060000e-06	-2.384911e-02	-5.610025e+00
9.070000e-06	-3.072561e-02	-5.601552e+00
9.080000e-06	-2.444482e-02	-5.640552e+00
9.090000e-06	-1.965425e-02	-5.620955e+00
9.100000e-06	-2.422244e-02	-5.621001e+00
9.110000e-06	-3.306925e-02	-5.610477e+00
9.120000e-06	-2.717686e-02	-5.600527e+00
9.130000e-06	-2.127812e-02	-5.622051e+00
9.140000e-06	-2.564729e-02	-5.601029e+00
9.150000e-06	-3.351204e-02	-5.610527e+00
9.160000e-06	-2.883509e-02	-5.600526e+00
9.170000e-06	-2.376397e-02	-5.610525e+00
9.180000e-06	-2.706191e-02	-5.590949e+00
9.190000e-06	-3.437042e-02	-5.600000e+00
9.200000e-06	-2.978574e-02	-5.598974e+00
9.210000e-06	-2.493350e-02	-5.588525e+00
9.220000e-06	-2.716506e-02	-5.559397e+00
9.230000e-06	-3.262805e-02	-5.548367e+00
9.240000e-06	-2.870024e-02	-5.557843e+00
9.250000e-06	-2.470939e-02	-5.516241e+00
9.260000e-06	-2.739104e-02	-5.494835e+00
9.270000e-06	-3.077041e-02	-5.421076e+00
9.280000e-06	-2.876737e-02	-5.369004e+00
9.290000e-06	-2.378699e-02	-5.307336e+00
9.300000e-06	-2.646918e-02	-5.297162e+00
9.310000e-06	-2.957251e-02	-5.263106e+00
9.320000e-06	-2.700771e-02	-5.251552e+00
9.330000e-06	-2.233533e-02	-5.188896e+00
9.340000e-06	-2.435044e-02	-5.178895e+00
9.350000e-06	-2.591833e-02	-5.095338e+00
9.360000e-06	-2.436844e-02	-5.055662e+00
9.370000e-06	-2.090000e-02	-5.040550e+00
9.380000e-06	-2.264865e-02	-4.988951e+00
9.390000e-06	-2.450526e-02	-4.896319e+00
9.400000e-06	-2.321916e-02	-4.844263e+00
9.410000e-06	-2.079267e-02	-4.829549e+00
9.420000e-06	-1.936589e-02	-4.720293e+00
9.430000e-06	-2.230572e-02	-4.680787e+00
9.440000e-06	-2.019274e-02	-4.624054e+00
9.450000e-06	-1.820031e-02	-4.622126e+00
9.460000e-06	-1.778916e-02	-4.559001e+00
9.470000e-06	-1.986685e-02	-4.526267e+00
9.480000e-06	-1.846274e-02	-4.454137e+00
9.490000e-06	-1.729469e-02	-4.400503e+00
9.500000e-06	-1.618899e-02	-4.379499e+00
9.510000e-06	-1.880492e-02	-4.368896e+00
9.520000e-06	-1.665793e-02	-4.285238e+00
9.530000e-06	-1.431464e-02	-4.232078e+00
9.540000e-06	-1.467055e-02	-4.170973e+00
9.550000e-06	-1.617696e-02	-4.156314e+00
9.560000e-06	-1.537262e-02	-4.083579e+00
9.570000e-06	-1.321352e-02	-4.001001e+00
9.580000e-06	-1.358360e-02	-3.987395e+00
9.590000e-06	-1.419553e-02	-3.905783e+00
9.600000e-06	-1.346519e-02	-3.779050e+00
9.610000e-06	-1.132537e-02	-3.705291e+00
9.620000e-06	-1.277861e-02	-3.630555e+00
9.630000e-06	-1.186892e-02	-3.608997e+00
9.640000e-06	-1.097970e-02	-3.496717e+00
9.650000e-06	-1.093852e-02	-3.432678e+00
9.660000e-06	-1.052844e-02	-3.368996e+00
9.670000e-06	-1.213416e-02	-3.284660e+00
9.680000e-06	-1.161237e-02	-3.231076e+00
9.690000e-06	-9.331053e-03	-3.157899e+00
9.700000e-06	-9.075721e-03	-3.116710e+00
9.710000e-06	-9.476452e-03	-2.977945e+00
9.720000e-06	-9.620992e-03	-2.882631e+00
9.730000e-06	-7.738485e-03	-2.798447e+00
9.740000e-06	-8.251522e-03	-2.755891e+00
9.750000e-06	-9.756495e-03	-2.631129e+00
9.760000e-06	-9.143449e-03	-2.609970e+00
9.770000e-06	-7.581080e-03	-2.465285e+00
9.780000e-06	-7.570172e-03	-2.410553e+00
9.790000e-06	-7.697360e-03	-2.378947e+00
9.800000e-06	-6.897294e-03	-2.215082e+00
9.810000e-06	-6.044978e-03	-2.126861e+00
9.820000e-06	-7.361978e-03	-2.021100e+00
9.830000e-06	-7.796485e-03	-1.959394e+00
9.840000e-06	-7.184944e-03	-1.875706e+00
9.850000e-06	-5.647184e-03	-1.790100e+00
9.860000e-06	-6.234172e-03	-1.695815e+00
9.870000e-06	-5.314426e-03	-1.632103e+00
9.880000e-06	-6.081299e-03	-1.598924e+00
9.890000e-06	-5.580183e-03	-1.484242e+00
9.900000e-06	-5.561205e-03	-1.346888e+00
9.910000e-06	-5.648884e-03	-1.222600e+00
9.920000e-06	-6.398662e-03	-1.135346e+00
9.930000e-06	-4.477784e-03	-1.032103e+00
9.940000e-06	-4.707113e-03	-9.283484e-01
9.950000e-06	-4.202923e-03	-8.832368e-01
9.960000e-06	-4.825965e-03	-8.000477e-01
9.970000e-06	-2.907909e-03	-7.252134e-01
9.980000e-06	-3.423715e-03	-5.596017e-01
9.990000e-06	-4.198953e-03	-4.841857e-01
1.000000e-05	-5.000633e-03	-4.005262e-01
1.001000e-05	-4.469089e-03	-3.252622e-01
1.002000e-05	-3.238605e-03	-2.221016e-01
1.003000e-05	-2.789445e-03	-1.458422e-01
1.004000e-05	-2.678103e-03	-4.265918e-02
1.005000e-05	-5.784957e-05	2.999989e-02
1.006000e-05	1.335794e-03	7.468684e-02
1.007000e-05	3.362085e-04	1.814551e-01
1.008000e-05	-2.171830e-03	3.558421e-01
1.009000e-05	-7.784384e-04	4.000301e-01
1.010000e-05	-2.147363e-03	5.036867e-01
1.011000e-05	1.346963e-03	5.589396e-01
1.012000e-05	1.694090e-02	6.840318e-01
1.013000e-05	3.262453e-02	7.690210e-01
1.014000e-05	-6.851505e-03	8.662357e-01
1.015000e-05	-7.733593e-02	1.040056e+00
1.016000e-05	-2.551039e-02	1.096185e+00
1.017000e-05	6.825777e-02	1.168448e+00
1.018000e-05	3.854063e-02	1.273153e+00
1.019000e-05	-7.765778e-02	1.348870e+00
1.020000e-05	9.176376e-03	1.420977e+00
1.021000e-05	8.829940e-02	1.570022e+00
1.022000e-05	-1.588118e-02	1.726314e+00
1.023000e-05	-3.167310e-02	1.737366e+00
1.024000e-05	-2.184554e-03	1.820428e+00
1.025000e-05	-1.416608e-02	1.956241e+00
1.026000e-05	1.808028e-02	2.010449e+00
1.027000e-05	5.945614e-02	2.023129e+00
1.028000e-05	-3.815762e-02	2.168293e+00
1.029000e-05	-6.278081e-02	2.241001e+00
1.030000e-05	6.597759e-02	2.284663e+00
1.031000e-05	5.046005e-02	2.358370e+00
1.032000e-05	-7.796378e-02	2.423630e+00
1.033000e-05	-2.215503e-02	2.557266e+00
1.034000e-05	7.388733e-02	2.634110e+00
1.035000e-05	2.740185e-02	2.748892e+00
1.036000e-05	-4.353789e-02	2.841505e+00
1.037000e-05	-3.278995e-02	2.906786e+00
1.038000e-05	4.709110e-02	2.989472e+00
1.039000e-05	3.330640e-02	3.065576e+00
1.040000e-05	-3.859333e-02	3.126865e+00
1.041000e-05	-1.391230e-02	3.199448e+00
1.042000e-05	4.439566e-02	3.221579e+00
1.043000e-05	1.135086e-02	3.298367e+00
1.044000e-05	-2.058873e-02	3.474127e+00
1.045000e-05	-3.887309e-03	3.567268e+00
1.046000e-05	1.479625e-02	3.599476e+00
1.047000e-05	2.256280e-02	3.631029e+00
1.048000e-05	-1.766670e-03	3.727287e+00
1.049000e-05	-1.280825e-02	3.779920e+00
1.050000e-05	1.482261e-02	3.843605e+00
1.051000e-05	2.284765e-02	3.866240e+00
1.052000e-05	-5.675388e-03	3.958392e+00
1.053000e-05	-9.072133e-03	4.010526e+00
1.054000e-05	1.743008e-02	4.043105e+00
1.055000e-05	1.823999e-02	4.145386e+00
1.056000e-05	7.444414e-04	4.220451e+00
1.057000e-05	-7.447083e-03	4.337290e+00
1.058000e-05	1.312284e-02	4.388946e+00
1.059000e-05	1.848326e-02	4.400549e+00
1.060000e-05	4.587815e-03	4.482082e+00
1.061000e-05	-5.665098e-03	4.526712e+00
1.062000e-05	1.255397e-02	4.507873e+00
1.063000e-05	2.066113e-02	4.591475e+00
1.064000e-05	2.537092e-05	4.653206e+00
1.065000e-05	-2.871941e-03	4.667266e+00
1.066000e-05	1.392826e-02	4.738220e+00
1.067000e-05	2.222866e-02	4.779949e+00
1.068000e-05	6.113337e-03	4.851580e+00
1.069000e-05	5.085179e-04	4.854306e+00
1.070000e-05	1.232716e-02	4.948836e+00
1.071000e-05	1.952406e-02	5.023500e+00
1.072000e-05	5.026882e-03	5.073591e+00
1.073000e-05	1.705574e-03	5.137221e+00
1.074000e-05	1.278998e-02	5.199469e+00
1.075000e-05	2.143474e-02	5.201103e+00
1.076000e-05	1.007067e-02	5.263602e+00
1.077000e-05	4.460452e-03	5.304660e+00
1.078000e-05	1.438552e-02	5.285764e+00
1.079000e-05	1.911582e-02	5.357292e+00
1.080000e-05	1.188497e-02	5.360390e+00
1.081000e-05	5.303579e-03	5.408975e+00
1.082000e-05	1.416456e-02	5.381023e+00
1.083000e-05	2.013893e-02	5.392525e+00
1.084000e-05	1.524747e-02	5.450626e+00
1.085000e-05	8.527245e-03	5.462677e+00
1.086000e-05	1.657680e-02	5.485185e+00
1.087000e-05	2.211911e-02	5.485283e+00
1.088000e-05	1.705259e-02	5.515264e+00
1.089000e-05	1.066216e-02	5.537266e+00
1.090000e-05	1.569953e-02	5.508784e+00
1.091000e-05	2.170116e-02	5.545770e+00
1.092000e-05	1.801620e-02	5.526740e+00
1.093000e-05	1.383865e-02	5.508342e+00
1.094000e-05	1.949804e-02	5.588320e+00
1.095000e-05	2.471750e-02	5.556867e+00
1.096000e-05	2.249900e-02	5.577447e+00
1.097000e-05	1.586183e-02	5.576320e+00
1.098000e-05	1.966671e-02	5.578371e+00
1.099000e-05	2.485590e-02	5.537790e+00
1.100000e-05	2.279202e-02	5.557846e+00
1.101000e-05	1.833792e-02	5.537315e+00
1.102000e-05	2.124253e-02	5.526844e+00
1.103000e-05	2.595624e-02	5.537817e+00
1.104000e-05	2.444930e-02	5.517737e+00
1.105000e-05	1.982363e-02	5.485810e+00
1.106000e-05	2.183340e-02	5.464233e+00
1.107000e-05	2.643297e-02	5.464108e+00
1.108000e-05	2.442049e-02	5.462652e+00
1.109000e-05	2.055852e-02	5.433030e+00
1.110000e-05	2.122365e-02	5.411100e+00
1.111000e-05	2.379481e-02	5.390501e+00
1.112000e-05	2.308369e-02	5.369998e+00
1.113000e-05	1.886522e-02	5.397893e+00
1.114000e-05	2.008029e-02	5.327318e+00
1.115000e-05	2.379712e-02	5.255282e+00
1.116000e-05	2.346390e-02	5.213132e+00
1.117000e-05	1.843523e-02	5.242082e+00
1.118000e-05	1.836375e-02	5.201499e+00
1.119000e-05	2.173276e-02	5.168345e+00
1.120000e-05	1.890978e-02	5.099341e+00
1.121000e-05	1.627676e-02	5.064678e+00
1.122000e-05	1.467908e-02	4.962024e+00
1.123000e-05	1.990698e-02	4.907287e+00
1.124000e-05	1.783721e-02	4.885181e+00
1.125000e-05	1.426314e-02	4.821524e+00
1.126000e-05	1.396772e-02	4.789948e+00
1.127000e-05	1.719592e-02	4.758416e+00
1.128000e-05	1.533656e-02	4.694765e+00
1.129000e-05	1.206728e-02	4.646077e+00
1.130000e-05	1.077981e-02	4.610920e+00
1.131000e-05	1.409615e-02	4.577921e+00
1.132000e-05	1.386419e-02	4.535157e+00
1.133000e-05	1.089315e-02	4.471679e+00
1.134000e-05	9.421734e-03	4.440501e+00
1.135000e-05	1.256224e-02	4.379521e+00
1.136000e-05	1.045353e-02	4.358894e+00
1.137000e-05	8.775572e-03	4.314257e+00
1.138000e-05	8.403825e-03	4.192072e+00
1.139000e-05	1.102182e-02	4.066728e+00
1.140000e-05	9.793800e-03	4.052053e+00
1.141000e-05	8.046842e-03	3.989021e+00
1.142000e-05	6.169922e-03	3.966866e+00
1.143000e-05	7.993258e-03	3.894755e+00
1.144000e-05	6.951625e-03	3.810975e+00
1.145000e-05	5.684568e-03	3.757891e+00
1.146000e-05	4.478033e-03	3.672159e+00
1.147000e-05	6.695556e-03	3.611525e+00
1.148000e-05	6.931691e-03	3.558969e+00
1.149000e-05	5.646980e-03	3.515289e+00
1.150000e-05	4.232751e-03	3.403595e+00
1.151000e-05	4.660078e-03	3.306234e+00
1.152000e-05	4.471143e-03	3.210551e+00
1.153000e-05	2.319902e-03	3.168925e+00
1.154000e-05	3.073472e-03	3.095261e+00
1.155000e-05	3.063168e-03	3.022504e+00
1.156000e-05	3.344158e-03	2.957391e+00
1.157000e-05	3.484182e-03	2.844603e+00
1.158000e-05	3.456250e-03	2.798499e+00
1.159000e-05	2.941602e-03	2.755892e+00
1.160000e-05	2.403862e-03	2.664112e+00
1.161000e-05	1.255576e-03	2.496761e+00
1.162000e-05	1.804851e-04	2.412079e+00
1.163000e-05	6.716586e-04	2.336769e+00
1.164000e-05	6.052548e-04	2.285304e+00
1.165000e-05	1.633196e-03	2.209994e+00
1.166000e-05	9.951305e-04	2.106291e+00
1.167000e-05	1.609126e-03	2.043103e+00
1.168000e-05	1.173912e-03	1.959442e+00
1.169000e-05	-2.303347e-04	1.874267e+00
1.170000e-05	-1.977740e-03	1.790998e+00
1.171000e-05	-1.336924e-03	1.704836e+00
1.172000e-05	-9.644517e-04	1.610453e+00
1.173000e-05	-7.214752e-04	1.516710e+00
1.174000e-05	-5.610922e-04	1.411079e+00
1.175000e-05	-2.990326e-04	1.367391e+00
1.176000e-05	-3.383968e-04	1.254209e+00
1.177000e-05	-1.576430e-03	1.169418e+00
1.178000e-05	-2.108600e-03	1.032058e+00
1.179000e-05	-2.806700e-03	8.837620e-01
1.180000e-05	-1.795866e-03	8.220502e-01
1.181000e-05	-3.089976e-03	7.468673e-01
1.182000e-05	-3.035703e-03	6.521805e-01
1.183000e-05	-2.398619e-03	5.579686e-01
1.184000e-05	-3.088102e-03	4.531818e-01
1.185000e-05	-2.657655e-03	3.904978e-01
1.186000e-05	-3.151757e-03	3.067647e-01
1.187000e-05	-4.144168e-03	1.701676e-01
1.188000e-05	-2.691851e-03	8.325558e-02
1.189000e-05	-3.337394e-03	-1.055250e-02
1.190000e-05	-3.546137e-03	-1.038117e-01
1.191000e-05	-2.325134e-03	-1.599686e-01
1.192000e-05	-1.846362e-03	-2.625603e-01
1.193000e-05	-2.340665e-03	-3.383159e-01
1.194000e-05	-4.477048e-03	-4.105000e-01
1.195000e-05	-2.831099e-03	-4.746376e-01
1.196000e-05	-2.931374e-03	-5.603783e-01
1.197000e-05	1.215309e-02	-6.647618e-01
1.198000e-05	3.597629e-02	-7.900035e-01
1.199000e-05	-7.960122e-03	-9.162930e-01
1.200000e-05	-8.728124e-02	-1.094639e+00
1.201000e-05	-2.646837e-02	-1.147366e+00
1.202000e-05	5.989890e-02	-1.106310e+00
1.203000e-05	3.714333e-02	-1.190480e+00
1.204000e-05	-7.229434e-02	-1.450980e+00
1.205000e-05	1.880446e-02	-1.535796e+00
1.206000e-05	8.261620e-02	-1.557317e+00
1.207000e-05	-3.814577e-02	-1.673660e+00
1.208000e-05	-4.308039e-02	-1.749950e+00
1.209000e-05	1.438010e-02	-1.780525e+00
1.210000e-05	-3.397182e-02	-1.865185e+00
1.211000e-05	-1.005831e-02	-2.000404e+00
1.212000e-05	7.916526e-02	-2.004536e+00
1.213000e-05	-4.104864e-02	-2.074767e+00
1.214000e-05	-9.627233e-02	-2.253638e+00
1.215000e-05	7.731498e-02	-2.388972e+00
1.216000e-05	4.619425e-02	-2.461680e+00
1.217000e-05	-1.225783e-01	-2.546291e+00
1.218000e-05	-1.231427e-02	-2.570397e+00
1.219000e-05	8.678428e-02	-2.674187e+00
1.220000e-05	-8.181328e-03	-2.768896e+00
1.221000e-05	-6.038945e-02	-2.800501e+00
1.222000e-05	-3.611565e-02	-2.894266e+00
1.223000e-05	3.955822e-02	-3.035607e+00
1.224000e-05	2.932879e-02	-3.138870e+00
1.225000e-05	-7.518546e-02	-3.170476e+00
1.226000e-05	-2.716399e-02	-3.252033e+00
1.227000e-05	6.876478e-02	-3.367371e+00
1.228000e-05	-1.875664e-02	-3.412153e+00
1.229000e-05	-5.861500e-02	-3.495763e+00
1.230000e-05	-2.133696e-03	-3.536796e+00
1.231000e-05	1.278291e-02	-3.600404e+00
1.232000e-05	7.618807e-04	-3.663085e+00
1.233000e-05	-2.831097e-02	-3.697767e+00
1.234000e-05	-2.896848e-02	-3.852128e+00
1.235000e-05	1.921654e-02	-3.977843e+00
1.236000e-05	-1.880947e-03	-3.999425e+00
1.237000e-05	-3.557855e-02	-4.042081e+00
1.238000e-05	-1.741255e-02	-4.106213e+00
1.239000e-05	5.726161e-03	-4.139397e+00
1.240000e-05	3.928089e-03	-4.221505e+00
1.241000e-05	-2.596304e-02	-4.253057e+00
1.242000e-05	-3.144267e-02	-4.317342e+00
1.243000e-05	4.393327e-03	-4.359399e+00
1.244000e-05	-2.250255e-04	-4.410499e+00
1.245000e-05	-2.420999e-02	-4.412534e+00
1.246000e-05	-2.751932e-02	-4.474660e+00
1.247000e-05	-1.135285e-03	-4.551397e+00
1.248000e-05	7.268278e-03	-4.621053e+00
1.249000e-05	-2.832364e-02	-4.714588e+00
1.250000e-05	-2.944189e-02	-4.723790e+00
1.251000e-05	1.788497e-04	-4.738345e+00
1.252000e-05	-2.495487e-03	-4.770559e+00
1.253000e-05	-2.485830e-02	-4.856612e+00
1.254000e-05	-2.736941e-02	-4.925791e+00
1.255000e-05	-5.919830e-03	-4.970899e+00
1.256000e-05	-1.183634e-03	-5.011505e+00
1.257000e-05	-2.627089e-02	-5.022104e+00
1.258000e-05	-2.603841e-02	-5.116237e+00
1.259000e-05	-7.714608e-03	-5.138368e+00
1.260000e-05	-7.346960e-03	-5.188901e+00
1.261000e-05	-2.398264e-02	-5.199953e+00
1.262000e-05	-2.855396e-02	-5.232557e+00
1.263000e-05	-1.025664e-02	-5.264238e+00
1.264000e-05	-8.745879e-03	-5.347685e+00
1.265000e-05	-2.358916e-02	-5.390956e+00
1.266000e-05	-2.645326e-02	-5.440558e+00
1.267000e-05	-1.482968e-02	-5.494185e+00
1.268000e-05	-1.005918e-02	-5.468736e+00
1.269000e-05	-2.451314e-02	-5.504268e+00
1.270000e-05	-2.972020e-02	-5.538271e+00
1.271000e-05	-1.682433e-02	-5.578418e+00
1.272000e-05	-1.342521e-02	-5.549949e+00
1.273000e-05	-2.362766e-02	-5.549899e+00
1.274000e-05	-2.995914e-02	-5.588996e+00
1.275000e-05	-2.131991e-02	-5.589951e+00
1.276000e-05	-1.499151e-02	-5.610001e+00
1.277000e-05	-2.494239e-02	-5.620525e+00
1.278000e-05	-3.051881e-02	-5.602051e+00
1.279000e-05	-2.452051e-02	-5.609500e+00
1.280000e-05	-1.730222e-02	-5.600029e+00
1.281000e-05	-2.651796e-02	-5.621503e+00
1.282000e-05	-3.309152e-02	-5.610005e+00
1.283000e-05	-2.754963e-02	-5.622054e+00
1.284000e-05	-2.006370e-02	-5.600526e+00
1.285000e-05	-2.750426e-02	-5.601454e+00
1.286000e-05	-3.423472e-02	-5.600526e+00
1.287000e-05	-2.861686e-02	-5.611050e+00
1.288000e-05	-2.159499e-02	-5.591501e+00
1.289000e-05	-2.809134e-02	-5.599975e+00
1.290000e-05	-3.346537e-02	-5.568949e+00
1.291000e-05	-3.046696e-02	-5.588474e+00
1.292000e-05	-2.406649e-02	-5.618921e+00
1.293000e-05	-2.934687e-02	-5.569899e+00
1.294000e-05	-3.350947e-02	-5.546344e+00
1.295000e-05	-2.968091e-02	-5.556667e+00
1.296000e-05	-2.366846e-02	-5.536795e+00
1.297000e-05	-2.700967e-02	-5.493660e+00
1.298000e-05	-3.215970e-02	-5.422506e+00
1.299000e-05	-2.840232e-02	-5.370973e+00
1.300000e-05	-2.372693e-02	-5.350244e+00
1.301000e-05	-2.564614e-02	-5.244129e+00
1.302000e-05	-3.039164e-02	-5.253162e+00
1.303000e-05	-2.637527e-02	-5.212501e+00
1.304000e-05	-2.177166e-02	-5.160525e+00
1.305000e-05	-2.419633e-02	-5.178866e+00
1.306000e-05	-2.764889e-02	-5.116237e+00
1.307000e-05	-2.472083e-02	-5.065107e+00
1.308000e-05	-1.998534e-02	-5.041609e+00
1.309000e-05	-2.172674e-02	-5.000476e+00
1.310000e-05	-2.544206e-02	-4.956271e+00
1.311000e-05	-2.303375e-02	-4.852687e+00
1.312000e-05	-1.911873e-02	-4.771147e+00
1.313000e-05	-1.981140e-02	-4.743895e+00
1.314000e-05	-2.343217e-02	-4.644732e+00
1.315000e-05	-2.107022e-02	-4.633658e+00
1.316000e-05	-1.752179e-02	-4.602028e+00
1.317000e-05	-1.719663e-02	-4.568494e+00
1.318000e-05	-2.070770e-02	-4.527790e+00
1.319000e-05	-1.830596e-02	-4.434662e+00
1.320000e-05	-1.631452e-02	-4.400075e+00
1.321000e-05	-1.520779e-02	-4.390000e+00
1.322000e-05	-1.866636e-02	-4.348370e+00
1.323000e-05	-1.797083e-02	-4.275714e+00
1.324000e-05	-1.564462e-02	-4.222179e+00
1.325000e-05	-1.367468e-02	-4.160000e+00
1.326000e-05	-1.709112e-02	-4.116367e+00
1.327000e-05	-1.561386e-02	-4.063683e+00
1.328000e-05	-1.287492e-02	-4.010499e+00
1.329000e-05	-1.171291e-02	-3.979449e+00
1.330000e-05	-1.423148e-02	-3.844738e+00
1.331000e-05	-1.535206e-02	-3.810450e+00
1.332000e-05	-1.315414e-02	-3.705715e+00
1.333000e-05	-1.218660e-02	-3.632079e+00
1.334000e-05	-1.313048e-02	-3.578424e+00
1.335000e-05	-1.269190e-02	-3.485786e+00
1.336000e-05	-1.057545e-02	-3.462604e+00
1.337000e-05	-9.311683e-03	-3.358949e+00
1.338000e-05	-1.303018e-02	-3.304262e+00
1.339000e-05	-1.217980e-02	-3.210053e+00
1.340000e-05	-9.692221e-03	-3.198422e+00
1.341000e-05	-7.775199e-03	-3.085761e+00
1.342000e-05	-1.000145e-02	-2.968000e+00
1.343000e-05	-9.992186e-03	-2.843133e+00
1.344000e-05	-9.190607e-03	-2.788924e+00
1.345000e-05	-8.766643e-03	-2.707841e+00
1.346000e-05	-1.094972e-02	-2.642632e+00
1.347000e-05	-1.010533e-02	-2.569421e+00
1.348000e-05	-7.569998e-03	-2.465683e+00
1.349000e-05	-4.954413e-03	-2.419551e+00
1.350000e-05	-6.466523e-03	-2.366844e+00
1.351000e-05	-7.208115e-03	-2.204182e+00
1.352000e-05	-7.341155e-03	-2.074811e+00
1.353000e-05	-8.384365e-03	-2.031601e+00
1.354000e-05	-9.439165e-03	-1.969422e+00
1.355000e-05	-8.294502e-03	-1.865238e+00
1.356000e-05	-5.245333e-03	-1.789478e+00
1.357000e-05	-3.789166e-03	-1.717842e+00
1.358000e-05	-5.515750e-03	-1.632627e+00
1.359000e-05	-4.950183e-03	-1.570472e+00
1.360000e-05	-5.693103e-03	-1.525810e+00
1.361000e-05	-6.605382e-03	-1.338420e+00
1.362000e-05	-7.408334e-03	-1.200604e+00
1.363000e-05	-6.760125e-03	-1.126343e+00
1.364000e-05	-4.668975e-03	-1.053154e+00
1.365000e-05	-2.320810e-03	-9.384723e-01
1.366000e-05	-3.445488e-03	-8.842329e-01
1.367000e-05	-3.929267e-03	-7.885000e-01
1.368000e-05	-3.856040e-03	-6.753184e-01
1.369000e-05	-5.567490e-03	-5.904490e-01
1.370000e-05	-5.313148e-03	-4.528355e-01
1.371000e-05	-4.818528e-03	-3.899975e-01
1.372000e-05	-4.000208e-03	-3.152158e-01
1.373000e-05	-1.368253e-03	-1.910803e-01
1.374000e-05	-1.966543e-03	-1.279710e-01
1.375000e-05	-1.439631e-03	-7.117915e-02
1.376000e-05	-6.763681e-04	2.002513e-02
1.377000e-05	-2.987689e-04	7.365903e-02
1.378000e-05	-1.643236e-03	2.245525e-01
1.379000e-05	-1.945162e-03	3.362932e-01
1.380000e-05	-5.963334e-04	3.910039e-01
1.381000e-05	8.250685e-05	4.526879e-01
1.382000e-05	3.744030e-03	5.588421e-01
1.383000e-05	1.903654e-02	6.436540e-01
1.384000e-05	3.202808e-02	7.793460e-01
1.385000e-05	-8.254585e-03	8.756854e-01
1.386000e-05	-7.900397e-02	1.044879e+00
1.387000e-05	-2.653088e-02	1.082680e+00
1.388000e-05	6.743155e-02	1.147917e+00
1.389000e-05	4.070141e-02	1.291679e+00
1.390000e-05	-7.731831e-02	1.369348e+00
1.391000e-05	9.919549e-03	1.410024e+00
1.392000e-05	8.810076e-02	1.638970e+00
1.393000e-05	-1.646658e-02	1.735767e+00
1.394000e-05	-3.242901e-02	1.716842e+00
1.395000e-05	-4.380071e-03	1.810575e+00
1.396000e-05	-1.528015e-02	1.957241e+00
1.397000e-05	1.906330e-02	2.000500e+00
1.398000e-05	6.130791e-02	2.043082e+00
1.399000e-05	-3.610364e-02	2.165842e+00
1.400000e-05	-6.182701e-02	2.221479e+00
1.401000e-05	6.571695e-02	2.284713e+00
1.402000e-05	5.032142e-02	2.388975e+00
1.403000e-05	-7.951827e-02	2.440608e+00
1.404000e-05	-2.332135e-02	2.567867e+00
1.405000e-05	7.192437e-02	2.663683e+00
1.406000e-05	2.905375e-02	2.779872e+00
1.407000e-05	-4.174953e-02	2.830581e+00
1.408000e-05	-3.198769e-02	2.915787e+00
1.409000e-05	4.778952e-02	2.989343e+00
1.410000e-05	3.347354e-02	3.011105e+00
1.411000e-05	-3.917887e-02	3.116794e+00
1.412000e-05	-1.668318e-02	3.209975e+00
1.413000e-05	4.269850e-02	3.232530e+00
1.414000e-05	1.052662e-02	3.336288e+00
1.415000e-05	-1.888284e-02	3.444084e+00
1.416000e-05	-2.178748e-03	3.558818e+00
1.417000e-05	1.646003e-02	3.639449e+00
1.418000e-05	2.323317e-02	3.632625e+00
1.419000e-05	-3.404289e-03	3.715740e+00
1.420000e-05	-1.465544e-02	3.750376e+00
1.421000e-05	1.264597e-02	3.861080e+00
1.422000e-05	2.360204e-02	3.927762e+00
1.423000e-05	-5.046142e-03	3.998419e+00
1.424000e-05	-4.404004e-03	4.010953e+00
1.425000e-05	1.670993e-02	4.042081e+00
1.426000e-05	1.993352e-02	4.117765e+00
1.427000e-05	3.500262e-04	4.251424e+00
1.428000e-05	-7.265369e-03	4.317212e+00
1.429000e-05	1.014217e-02	4.379921e+00
1.430000e-05	1.944917e-02	4.400526e+00
1.431000e-05	5.150673e-03	4.434554e+00
1.432000e-05	-2.234322e-03	4.494686e+00
1.433000e-05	1.275041e-02	4.568794e+00
1.434000e-05	2.163346e-02	4.629954e+00
1.435000e-05	2.106167e-03	4.645080e+00
1.436000e-05	-3.687753e-03	4.735211e+00
1.437000e-05	1.322840e-02	4.747400e+00
1.438000e-05	2.005890e-02	4.809446e+00
1.439000e-05	6.423848e-03	4.821508e+00
1.440000e-05	2.200029e-04	4.894681e+00
1.441000e-05	1.472500e-02	4.936816e+00
1.442000e-05	2.031532e-02	5.003971e+00
1.443000e-05	7.895173e-03	5.086684e+00
1.444000e-05	1.153971e-03	5.169316e+00
1.445000e-05	1.374493e-02	5.188921e+00
1.446000e-05	1.952317e-02	5.199050e+00
1.447000e-05	9.731435e-03	5.212629e+00
1.448000e-05	4.749877e-03	5.285261e+00
1.449000e-05	1.533966e-02	5.317289e+00
1.450000e-05	2.054818e-02	5.346336e+00
1.451000e-05	1.293943e-02	5.346895e+00
1.452000e-05	6.242423e-03	5.430999e+00
1.453000e-05	1.403154e-02	5.389450e+00
1.454000e-05	2.013876e-02	5.453550e+00
1.455000e-05	1.411697e-02	5.422058e+00
1.456000e-05	9.193313e-03	5.454155e+00
1.457000e-05	1.468648e-02	5.464710e+00
1.458000e-05	2.228225e-02	5.476207e+00
1.459000e-05	1.714028e-02	5.574184e+00
1.460000e-05	1.146164e-02	5.508861e+00
1.461000e-05	1.653516e-02	5.506370e+00
1.462000e-05	2.184305e-02	5.517815e+00
1.463000e-05	1.857235e-02	5.537769e+00
1.464000e-05	1.443418e-02	5.547368e+00
1.465000e-05	1.798163e-02	5.567846e+00
1.466000e-05	2.264372e-02	5.507320e+00
1.467000e-05	2.221501e-02	5.568816e+00
1.468000e-05	1.682759e-02	5.527921e+00
1.469000e-05	2.040127e-02	5.577870e+00
1.470000e-05	2.419902e-02	5.578394e+00
1.471000e-05	2.479758e-02	5.538345e+00
1.472000e-05	1.954287e-02	5.528391e+00
1.473000e-05	2.002712e-02	5.547816e+00
1.474000e-05	2.489011e-02	5.556842e+00
1.475000e-05	2.379430e-02	5.546289e+00
1.476000e-05	2.040532e-02	5.476283e+00
1.477000e-05	2.164642e-02	5.474706e+00
1.478000e-05	2.506952e-02	5.494629e+00
1.479000e-05	2.608378e-02	5.462659e+00
1.480000e-05	2.113236e-02	5.452602e+00
1.481000e-05	2.103289e-02	5.401028e+00
1.482000e-05	2.273789e-02	5.420496e+00
1.483000e-05	2.261455e-02	5.388975e+00
1.484000e-05	2.038079e-02	5.348419e+00
1.485000e-05	2.006516e-02	5.329312e+00
1.486000e-05	2.224164e-02	5.266707e+00
1.487000e-05	2.113055e-02	5.263108e+00
1.488000e-05	1.912553e-02	5.213053e+00
1.489000e-05	1.826040e-02	5.180073e+00
1.490000e-05	1.937050e-02	5.150944e+00
1.491000e-05	1.985851e-02	5.138284e+00
1.492000e-05	1.726890e-02	5.066112e+00
1.493000e-05	1.701556e-02	4.948496e+00
1.494000e-05	1.665313e-02	4.959838e+00
1.495000e-05	1.728496e-02	4.891554e+00
1.496000e-05	1.400978e-02	4.830553e+00
1.497000e-05	1.512231e-02	4.810473e+00
1.498000e-05	1.420087e-02	4.769869e+00
1.499000e-05	1.638162e-02	4.684791e+00
1.500000e-05	1.337474e-02	4.635083e+00
1.501000e-05	1.343159e-02	4.579974e+00
1.502000e-05	1.275167e-02	4.537892e+00
1.503000e-05	1.313850e-02	4.495663e+00
1.504000e-05	1.163869e-02	4.453658e+00
1.505000e-05	9.687623e-03	4.411000e+00
1.506000e-05	9.898990e-03	4.389449e+00
1.507000e-05	1.052209e-02	4.347895e+00
1.508000e-05	9.241650e-03	4.294207e+00
1.509000e-05	9.615215e-03	4.202047e+00
1.510000e-05	9.538546e-03	4.105206e+00
1.511000e-05	9.270103e-03	4.009502e+00
1.512000e-05	8.933124e-03	3.998473e+00
1.513000e-05	6.704042e-03	3.948342e+00
1.514000e-05	7.817461e-03	3.894631e+00
1.515000e-05	6.481637e-03	3.811525e+00
1.516000e-05	6.699656e-03	3.727818e+00
1.517000e-05	5.481557e-03	3.695177e+00
1.518000e-05	6.451057e-03	3.611025e+00
1.519000e-05	6.533477e-03	3.579995e+00
1.520000e-05	4.858642e-03	3.557236e+00
1.521000e-05	4.299634e-03	3.421950e+00
1.522000e-05	5.011130e-03	3.286210e+00
1.523000e-05	3.569519e-03	3.201525e+00
1.524000e-05	4.174552e-03	3.168920e+00
1.525000e-05	2.510796e-03	3.086238e+00
1.526000e-05	4.480018e-03	3.023102e+00
1.527000e-05	2.908177e-03	2.925816e+00
1.528000e-05	2.249641e-03	2.824208e+00
1.529000e-05	2.319989e-03	2.809474e+00
1.530000e-05	3.752113e-03	2.748421e+00
1.531000e-05	2.888586e-03	2.663257e+00
1.532000e-05	1.630496e-03	2.528753e+00
1.533000e-05	4.070176e-04	2.431074e+00
1.534000e-05	2.170902e-03	2.356894e+00
1.535000e-05	6.472812e-04	2.243732e+00
1.536000e-05	7.889105e-04	2.148944e+00
1.537000e-05	-2.019817e-04	2.095841e+00
1.538000e-05	6.223714e-04	2.021654e+00
1.539000e-05	1.125162e-03	1.990000e+00
1.540000e-05	5.432847e-05	1.896808e+00
1.541000e-05	2.237033e-04	1.780448e+00
1.542000e-05	-1.255064e-03	1.693742e+00
1.543000e-05	-1.167775e-03	1.682603e+00
1.544000e-05	-1.622734e-06	1.557339e+00
1.545000e-05	-2.403460e-03	1.411577e+00
1.546000e-05	-2.662354e-04	1.346794e+00
1.547000e-05	-2.651047e-03	1.222125e+00
1.548000e-05	-6.685980e-04	1.147441e+00
1.549000e-05	-2.025712e-03	1.044078e+00
1.550000e-05	-1.970800e-03	9.053344e-01
1.551000e-05	-1.708424e-03	7.911041e-01
1.552000e-05	-1.469785e-03	7.473674e-01
1.553000e-05	-2.780637e-03	6.537068e-01
1.554000e-05	-2.967727e-03	5.784436e-01
1.555000e-05	-3.560568e-03	4.631817e-01
1.556000e-05	-2.409992e-03	4.105514e-01
1.557000e-05	-4.529932e-03	3.153134e-01
1.558000e-05	-3.234395e-03	1.820014e-01
1.559000e-05	-2.652421e-03	8.268452e-02
1.560000e-05	-2.602471e-03	-2.997744e-02
1.561000e-05	-2.828653e-03	-8.324027e-02
1.562000e-05	-1.683666e-03	-1.774224e-01
1.563000e-05	-1.045726e-03	-2.621313e-01
1.564000e-05	-3.597477e-03	-3.472706e-01
1.565000e-05	-4.340496e-03	-4.100000e-01
1.566000e-05	-4.148579e-03	-4.811604e-01
1.567000e-05	-3.385903e-03	-6.268996e-01
1.568000e-05	1.215121e-02	-7.243179e-01
1.569000e-05	3.666371e-02	-8.199498e-01
1.570000e-05	-7.648299e-03	-9.047681e-01
1.571000e-05	-8.753662e-02	-1.094188e+00
1.572000e-05	-2.566950e-02	-1.137796e+00
1.573000e-05	6.162258e-02	-1.115337e+00
1.574000e-05	3.594465e-02	-1.221056e+00
1.575000e-05	-7.177421e-02	-1.473577e+00
1.576000e-05	1.887632e-02	-1.548221e+00
1.577000e-05	8.440622e-02	-1.537290e+00
1.578000e-05	-3.976413e-02	-1.673634e+00
1.579000e-05	-4.410714e-02	-1.800450e+00
1.580000e-05	1.644595e-02	-1.810049e+00
1.581000e-05	-3.391859e-02	-1.863062e+00
1.582000e-05	-8.834795e-03	-1.978979e+00
1.583000e-05	7.893264e-02	-2.021580e+00
1.584000e-05	-3.907449e-02	-2.065692e+00
1.585000e-05	-9.367691e-02	-2.263633e+00
1.586000e-05	7.632371e-02	-2.379472e+00
1.587000e-05	4.466828e-02	-2.432133e+00
1.588000e-05	-1.238780e-01	-2.486795e+00
1.589000e-05	-1.195861e-02	-2.569901e+00
1.590000e-05	8.648630e-02	-2.625210e+00
1.591000e-05	-8.577712e-03	-2.759395e+00
1.592000e-05	-5.883313e-02	-2.799551e+00
1.593000e-05	-3.272223e-02	-2.864740e+00
1.594000e-05	3.987897e-02	-3.054036e+00
1.595000e-05	2.682940e-02	-3.106894e+00
1.596000e-05	-7.726375e-02	-3.170926e+00
1.597000e-05	-2.690425e-02	-3.264135e+00
1.598000e-05	6.780688e-02	-3.348368e+00
1.599000e-05	-1.943716e-02	-3.390529e+00
1.600000e-05	-5.629932e-02	-3.504663e+00
1.601000e-05	7.359842e-04	-3.566341e+00
1.602000e-05	1.244918e-02	-3.590003e+00
1.603000e-05	-7.705154e-04	-3.633605e+00
1.604000e-05	-2.935704e-02	-3.734747e+00
1.605000e-05	-2.804814e-02	-3.863578e+00
1.606000e-05	1.832368e-02	-3.986771e+00
1.607000e-05	-2.051507e-03	-3.989974e+00
1.608000e-05	-3.521475e-02	-4.043058e+00
1.609000e-05	-1.576912e-02	-4.104241e+00
1.610000e-05	4.793512e-03	-4.148920e+00
1.611000e-05	3.613001e-03	-4.211627e+00
1.612000e-05	-2.654097e-02	-4.242586e+00
1.613000e-05	-3.033379e-02	-4.357388e+00
1.614000e-05	3.100420e-03	-4.379449e+00
1.615000e-05	4.518138e-04	-4.400977e+00
1.616000e-05	-2.484222e-02	-4.423610e+00
1.617000e-05	-2.620813e-02	-4.504237e+00
1.618000e-05	-2.272068e-03	-4.569444e+00
1.619000e-05	6.985670e-03	-4.620476e+00
1.620000e-05	-2.922746e-02	-4.725714e+00
1.621000e-05	-2.932367e-02	-4.685241e+00
1.622000e-05	4.103308e-04	-4.748272e+00
1.623000e-05	-8.663476e-04	-4.829082e+00
1.624000e-05	-2.433302e-02	-4.873660e+00
1.625000e-05	-2.686278e-02	-4.926746e+00
1.626000e-05	-6.963802e-03	-4.998974e+00
1.627000e-05	-1.049306e-03	-5.040626e+00
1.628000e-05	-2.696737e-02	-5.044157e+00
1.629000e-05	-2.734746e-02	-5.115239e+00
1.630000e-05	-6.672513e-03	-5.158371e+00
1.631000e-05	-6.599010e-03	-5.189874e+00
1.632000e-05	-2.224314e-02	-5.201003e+00
1.633000e-05	-2.826523e-02	-5.220609e+00
1.634000e-05	-1.081665e-02	-5.232188e+00
1.635000e-05	-7.102125e-03	-5.337393e+00
1.636000e-05	-2.512668e-02	-5.399454e+00
1.637000e-05	-2.748283e-02	-5.442082e+00
1.638000e-05	-1.501505e-02	-5.433059e+00
1.639000e-05	-9.302158e-03	-5.455214e+00
1.640000e-05	-2.303736e-02	-5.506671e+00
1.641000e-05	-2.923610e-02	-5.557367e+00
1.642000e-05	-1.697799e-02	-5.559396e+00
1.643000e-05	-1.176727e-02	-5.588498e+00
1.644000e-05	-2.405571e-02	-5.590498e+00
1.645000e-05	-3.000656e-02	-5.579974e+00
1.646000e-05	-2.124170e-02	-5.619974e+00
1.647000e-05	-1.438497e-02	-5.600477e+00
1.648000e-05	-2.494629e-02	-5.600503e+00
1.649000e-05	-3.136994e-02	-5.610502e+00
1.650000e-05	-2.354295e-02	-5.601526e+00
1.651000e-05	-1.681978e-02	-5.621026e+00
1.652000e-05	-2.542271e-02	-5.610528e+00
1.653000e-05	-3.240127e-02	-5.600552e+00
1.654000e-05	-2.715736e-02	-5.611009e+00
1.655000e-05	-2.033046e-02	-5.611505e+00
1.656000e-05	-2.781937e-02	-5.610504e+00
1.657000e-05	-3.458472e-02	-5.600999e+00
1.658000e-05	-2.903156e-02	-5.600001e+00
1.659000e-05	-2.178298e-02	-5.600527e+00
1.660000e-05	-2.769485e-02	-5.590949e+00
1.661000e-05	-3.438075e-02	-5.599972e+00
1.662000e-05	-2.907041e-02	-5.598999e+00
1.663000e-05	-2.404150e-02	-5.589472e+00
1.664000e-05	-2.944323e-02	-5.568447e+00
1.665000e-05	-3.340962e-02	-5.537321e+00
1.666000e-05	-3.020462e-02	-5.536343e+00
1.667000e-05	-2.353440e-02	-5.505340e+00
1.668000e-05	-2.734511e-02	-5.496233e+00
1.669000e-05	-3.124173e-02	-5.360107e+00
1.670000e-05	-2.925249e-02	-5.349969e+00
1.671000e-05	-2.361686e-02	-5.328816e+00
1.672000e-05	-2.585891e-02	-5.285213e+00
1.673000e-05	-2.991995e-02	-5.274079e+00
1.674000e-05	-2.773681e-02	-5.211002e+00
1.675000e-05	-2.184845e-02	-5.188998e+00
1.676000e-05	-2.404623e-02	-5.138921e+00
1.677000e-05	-2.811410e-02	-5.125741e+00
1.678000e-05	-2.637384e-02	-5.066136e+00
1.679000e-05	-2.018129e-02	-4.991155e+00
1.680000e-05	-2.156516e-02	-4.979450e+00
1.681000e-05	-2.366951e-02	-4.917925e+00
1.682000e-05	-2.327761e-02	-4.872212e+00
1.683000e-05	-1.978482e-02	-4.752004e+00
1.684000e-05	-1.857891e-02	-4.715817e+00
1.685000e-05	-2.280784e-02	-4.645212e+00
1.686000e-05	-2.207940e-02	-4.632080e+00
1.687000e-05	-1.867879e-02	-4.612080e+00
1.688000e-05	-1.751186e-02	-4.567375e+00
1.689000e-05	-1.856273e-02	-4.516817e+00
1.690000e-05	-2.053886e-02	-4.443606e+00
1.691000e-05	-1.503687e-02	-4.410003e+00
1.692000e-05	-1.486633e-02	-4.369474e+00
1.693000e-05	-1.765709e-02	-4.339870e+00
1.694000e-05	-1.805288e-02	-4.292236e+00
1.695000e-05	-1.526121e-02	-4.213103e+00
1.696000e-05	-1.380102e-02	-4.187925e+00
1.697000e-05	-1.613001e-02	-4.128792e+00
1.698000e-05	-1.592522e-02	-4.063034e+00
1.699000e-05	-1.258313e-02	-4.040000e+00
1.700000e-05	-1.347074e-02	-3.937945e+00
1.701000e-05	-1.329326e-02	-3.825289e+00
1.702000e-05	-1.346142e-02	-3.829905e+00
1.703000e-05	-1.178045e-02	-3.697189e+00
1.704000e-05	-1.196210e-02	-3.590630e+00
1.705000e-05	-1.187119e-02	-3.577950e+00
1.706000e-05	-1.225376e-02	-3.516343e+00
1.707000e-05	-1.117198e-02	-3.434128e+00
1.708000e-05	-1.130953e-02	-3.358971e+00
1.709000e-05	-1.237401e-02	-3.282734e+00
1.710000e-05	-1.165766e-02	-3.212603e+00
1.711000e-05	-8.235658e-03	-3.179950e+00
1.712000e-05	-8.705998e-03	-3.063709e+00
1.713000e-05	-8.857626e-03	-2.960949e+00
1.714000e-05	-9.341892e-03	-2.834083e+00
1.715000e-05	-8.883758e-03	-2.790022e+00
1.716000e-05	-9.212502e-03	-2.697412e+00
1.717000e-05	-1.042531e-02	-2.654078e+00
1.718000e-05	-9.684182e-03	-2.548448e+00
1.719000e-05	-8.377181e-03	-2.455180e+00
1.720000e-05	-7.424822e-03	-2.370549e+00
1.721000e-05	-7.220585e-03	-2.348291e+00
1.722000e-05	-7.962136e-03	-2.202679e+00
1.723000e-05	-6.038118e-03	-2.114842e+00
1.724000e-05	-7.588381e-03	-2.021679e+00
1.725000e-05	-8.569807e-03	-1.988945e+00
1.726000e-05	-7.784643e-03	-1.875687e+00
1.727000e-05	-6.093351e-03	-1.830126e+00
1.728000e-05	-6.066179e-03	-1.716310e+00
1.729000e-05	-6.864924e-03	-1.659604e+00
1.730000e-05	-5.971426e-03	-1.598471e+00
1.731000e-05	-5.140817e-03	-1.521236e+00
1.732000e-05	-5.465805e-03	-1.348362e+00
1.733000e-05	-5.692276e-03	-1.251557e+00
1.734000e-05	-5.675442e-03	-1.156867e+00
1.735000e-05	-4.715038e-03	-1.062530e+00
1.736000e-05	-5.104323e-03	-9.684463e-01
1.737000e-05	-4.571329e-03	-8.322094e-01
1.738000e-05	-5.308844e-03	-8.000489e-01
1.739000e-05	-4.879966e-03	-7.273634e-01
1.740000e-05	-2.382416e-03	-5.905238e-01
1.741000e-05	-4.131514e-03	-5.116592e-01
1.742000e-05	-3.598338e-03	-4.009990e-01
1.743000e-05	-3.453669e-03	-3.062870e-01
1.744000e-05	-3.155315e-03	-2.521055e-01
1.745000e-05	-3.634845e-03	-1.278684e-01
1.746000e-05	-3.230120e-03	-8.520676e-02
1.747000e-05	7.867595e-04	2.002625e-02
1.748000e-05	3.615996e-04	7.318809e-02
1.749000e-05	-2.617616e-04	2.120024e-01
1.750000e-05	-1.118268e-04	3.367956e-01
1.751000e-05	-1.271437e-03	4.094275e-01
1.752000e-05	-3.464902e-04	4.937080e-01
1.753000e-05	2.162788e-04	5.679198e-01
1.754000e-05	1.938099e-02	6.626565e-01
1.755000e-05	3.263877e-02	7.593447e-01
1.756000e-05	-6.889883e-03	9.636604e-01
1.757000e-05	-7.824685e-02	9.694486e-01
1.758000e-05	-2.546453e-02	1.105161e+00
1.759000e-05	6.778580e-02	1.179424e+00
1.760000e-05	3.789973e-02	1.263606e+00
1.761000e-05	-7.811371e-02	1.368361e+00
1.762000e-05	1.005130e-02	1.409976e+00
1.763000e-05	8.994267e-02	1.568994e+00
1.764000e-05	-1.556550e-02	1.766239e+00
1.765000e-05	-3.091844e-02	1.766892e+00
1.766000e-05	-4.334876e-03	1.830002e+00
1.767000e-05	-1.467596e-02	1.936817e+00
1.768000e-05	1.875877e-02	1.979473e+00
1.769000e-05	6.045402e-02	2.010553e+00
1.770000e-05	-3.811163e-02	2.138340e+00
1.771000e-05	-6.119312e-02	2.211525e+00
1.772000e-05	6.778896e-02	2.283635e+00
1.773000e-05	5.089848e-02	2.387974e+00
1.774000e-05	-7.896543e-02	2.413004e+00
1.775000e-05	-2.165565e-02	2.556343e+00
1.776000e-05	7.284980e-02	2.675585e+00
1.777000e-05	2.834525e-02	2.769317e+00
1.778000e-05	-4.389442e-02	2.821105e+00
1.779000e-05	-3.275656e-02	2.907263e+00
1.780000e-05	4.814357e-02	2.959868e+00
1.781000e-05	3.426635e-02	3.062107e+00
1.782000e-05	-3.772722e-02	3.158843e+00
1.783000e-05	-1.388109e-02	3.199476e+00
1.784000e-05	4.488872e-02	3.241602e+00
1.785000e-05	1.112587e-02	3.305189e+00
1.786000e-05	-2.152533e-02	3.443078e+00
1.787000e-05	-4.579738e-03	3.518745e+00
1.788000e-05	1.458938e-02	3.589496e+00
1.789000e-05	2.180369e-02	3.661582e+00
1.790000e-05	-2.036417e-03	3.736845e+00
1.791000e-05	-1.196372e-02	3.780445e+00
1.792000e-05	1.574823e-02	3.863731e+00
1.793000e-05	2.291431e-02	3.897262e+00
1.794000e-05	-5.556013e-03	3.957445e+00
1.795000e-05	-8.440137e-03	3.988954e+00
1.796000e-05	1.634031e-02	4.043085e+00
1.797000e-05	1.865029e-02	4.135290e+00
1.798000e-05	1.357628e-03	4.191023e+00
1.799000e-05	-6.095013e-03	4.286741e+00
1.800000e-05	1.221198e-02	4.359948e+00
1.801000e-05	1.995515e-02	4.401001e+00
1.802000e-05	4.239292e-03	4.452608e+00
1.803000e-05	-5.099579e-03	4.496312e+00
1.804000e-05	1.315594e-02	4.577768e+00
1.805000e-05	2.200304e-02	4.609448e+00
1.806000e-05	2.311636e-03	4.663034e+00
1.807000e-05	-2.460324e-03	4.706764e+00
1.808000e-05	1.255511e-02	4.767419e+00
1.809000e-05	2.184443e-02	4.778978e+00
1.810000e-05	4.771808e-03	4.812080e+00
1.811000e-05	7.358530e-04	4.885158e+00
1.812000e-05	1.406369e-02	4.928701e+00
1.813000e-05	2.074635e-02	5.000975e+00
1.814000e-05	7.070644e-03	5.045182e+00
1.815000e-05	1.878998e-03	5.147243e+00
1.816000e-05	1.450280e-02	5.179450e+00
1.817000e-05	1.970365e-02	5.230003e+00
1.818000e-05	8.325560e-03	5.233679e+00
1.819000e-05	5.130559e-03	5.253086e+00
1.820000e-05	1.456569e-02	5.325263e+00
1.821000e-05	2.034954e-02	5.328769e+00
1.822000e-05	1.140913e-02	5.357423e+00
1.823000e-05	7.908203e-03	5.369946e+00
1.824000e-05	1.471872e-02	5.408975e+00
1.825000e-05	2.071373e-02	5.421601e+00
1.826000e-05	1.447173e-02	5.442106e+00
1.827000e-05	9.130148e-03	5.452584e+00
1.828000e-05	1.508885e-02	5.484105e+00
1.829000e-05	2.123775e-02	5.465287e+00
1.830000e-05	1.639223e-02	5.517286e+00
1.831000e-05	1.231809e-02	5.536190e+00
1.832000e-05	1.635243e-02	5.536794e+00
1.833000e-05	2.352109e-02	5.557891e+00
1.834000e-05	1.832039e-02	5.538319e+00
1.835000e-05	1.440901e-02	5.546793e+00
1.836000e-05	1.759472e-02	5.527970e+00
1.837000e-05	2.452723e-02	5.568922e+00
1.838000e-05	2.072357e-02	5.576872e+00
1.839000e-05	1.715402e-02	5.588390e+00
1.840000e-05	2.075421e-02	5.559419e+00
1.841000e-05	2.495508e-02	5.528393e+00
1.842000e-05	2.368082e-02	5.477822e+00
1.843000e-05	1.952279e-02	5.557316e+00
1.844000e-05	2.124785e-02	5.547841e+00
1.845000e-05	2.560223e-02	5.515366e+00
1.846000e-05	2.280375e-02	5.495839e+00
1.847000e-05	2.046678e-02	5.505864e+00
1.848000e-05	2.165225e-02	5.473712e+00
1.849000e-05	2.572725e-02	5.454658e+00
1.850000e-05	2.387141e-02	5.462103e+00
1.851000e-05	2.019483e-02	5.422656e+00
1.852000e-05	2.123739e-02	5.421528e+00
1.853000e-05	2.410250e-02	5.400975e+00
1.854000e-05	2.347117e-02	5.380945e+00
1.855000e-05	2.007046e-02	5.349946e+00
1.856000e-05	2.012822e-02	5.336867e+00
1.857000e-05	2.257061e-02	5.294689e+00
1.858000e-05	2.176762e-02	5.253086e+00
1.859000e-05	1.953284e-02	5.253053e+00
1.860000e-05	1.746453e-02	5.229973e+00
1.861000e-05	1.982753e-02	5.179945e+00
1.862000e-05	2.000228e-02	5.135691e+00
1.863000e-05	1.784660e-02	5.074006e+00
1.864000e-05	1.698881e-02	4.969972e+00
1.865000e-05	1.734528e-02	4.926288e+00
1.866000e-05	1.815646e-02	4.852029e+00
1.867000e-05	1.398537e-02	4.791548e+00
1.868000e-05	1.488175e-02	4.800496e+00
1.869000e-05	1.540253e-02	4.727895e+00
1.870000e-05	1.477650e-02	4.697265e+00
1.871000e-05	1.268284e-02	4.664653e+00
1.872000e-05	1.237698e-02	4.580621e+00
1.873000e-05	1.471546e-02	4.556870e+00
1.874000e-05	1.441338e-02	4.495792e+00
1.875000e-05	1.017340e-02	4.482610e+00
1.876000e-05	9.787213e-03	4.400002e+00
1.877000e-05	1.104913e-02	4.399974e+00
1.878000e-05	1.141169e-02	4.366896e+00
1.879000e-05	9.085257e-03	4.232687e+00
1.880000e-05	8.402446e-03	4.150972e+00
1.881000e-05	1.098074e-02	4.104733e+00
1.882000e-05	9.141157e-03	4.013055e+00
1.883000e-05	8.707109e-03	3.969498e+00
1.884000e-05	6.567630e-03	3.957393e+00
1.885000e-05	8.232771e-03	3.895234e+00
1.886000e-05	6.516601e-03	3.789946e+00
1.887000e-05	6.328549e-03	3.727841e+00
1.888000e-05	5.410933e-03	3.672735e+00
1.889000e-05	6.198330e-03	3.601552e+00
1.890000e-05	6.503715e-03	3.589999e+00
1.891000e-05	5.189667e-03	3.526867e+00
1.892000e-05	3.511779e-03	3.402574e+00
1.893000e-05	5.857445e-03	3.264385e+00
1.894000e-05	5.030880e-03	3.220527e+00
1.895000e-05	3.807516e-03	3.157845e+00
1.896000e-05	2.279582e-03	3.075288e+00
1.897000e-05	3.973437e-03	3.001025e+00
1.898000e-05	2.551083e-03	2.926345e+00
1.899000e-05	1.774093e-03	2.844131e+00
1.900000e-05	2.511233e-03	2.819998e+00
1.901000e-05	3.352168e-03	2.747896e+00
1.902000e-05	2.667295e-03	2.683629e+00
1.903000e-05	1.939498e-03	2.515782e+00
1.904000e-05	1.767884e-03	2.411552e+00
1.905000e-05	2.453234e-03	2.357966e+00
1.906000e-05	1.552521e-03	2.244707e+00
1.907000e-05	9.975217e-04	2.170422e+00
1.908000e-05	-5.842679e-04	2.116313e+00
1.909000e-05	1.256905e-03	2.041029e+00
1.910000e-05	8.688163e-04	1.969971e+00
1.911000e-05	5.708293e-04	1.863362e+00
1.912000e-05	-5.298160e-04	1.782523e+00
1.913000e-05	6.724863e-04	1.714362e+00
1.914000e-05	-1.186697e-04	1.594005e+00
1.915000e-05	-4.236827e-04	1.515865e+00
1.916000e-05	-2.165758e-03	1.431577e+00
1.917000e-05	-4.468503e-04	1.298318e+00
1.918000e-05	-1.115605e-03	1.231630e+00
1.919000e-05	-2.610248e-03	1.168321e+00
1.920000e-05	-2.856471e-03	1.022173e+00
1.921000e-05	-1.551698e-03	9.152619e-01
1.922000e-05	-1.300420e-03	8.025477e-01
1.923000e-05	-2.626905e-03	7.264160e-01
1.924000e-05	-2.519103e-03	6.341605e-01
1.925000e-05	-2.307995e-03	5.579687e-01
1.926000e-05	-2.240580e-03	4.447094e-01
1.927000e-05	-2.690540e-03	4.110264e-01
1.928000e-05	-4.745020e-03	2.973122e-01
1.929000e-05	-3.312523e-03	2.009727e-01
1.930000e-05	-3.097790e-03	7.328047e-02
1.931000e-05	-3.305134e-03	-3.107619e-02
1.932000e-05	-2.704814e-03	-8.331429e-02
1.933000e-05	-1.165638e-03	-1.884010e-01
1.934000e-05	-1.659359e-03	-2.331328e-01
1.935000e-05	-2.844135e-03	-3.583170e-01
1.936000e-05	-4.297960e-03	-3.995500e-01
1.937000e-05	-3.918772e-03	-4.541855e-01
1.938000e-05	-3.637516e-03	-5.889245e-01
1.939000e-05	1.178691e-02	-7.057879e-01
1.940000e-05	3.669422e-02	-7.999009e-01
1.941000e-05	-7.725432e-03	-9.167667e-01
1.942000e-05	-8.682926e-02	-1.094712e+00
1.943000e-05	-2.645383e-02	-1.128322e+00
1.944000e-05	6.215723e-02	-1.065316e+00
1.945000e-05	3.506418e-02	-1.149972e+00
1.946000e-05	-7.055494e-02	-1.442102e+00
1.947000e-05	1.872238e-02	-1.528266e+00
1.948000e-05	8.390383e-02	-1.546818e+00
1.949000e-05	-4.035605e-02	-1.672107e+00
1.950000e-05	-4.235753e-02	-1.808924e+00
1.951000e-05	1.475256e-02	-1.820003e+00
1.952000e-05	-3.384258e-02	-1.853684e+00
1.953000e-05	-7.249933e-03	-1.988449e+00
1.954000e-05	7.920571e-02	-2.023580e+00
1.955000e-05	-4.183776e-02	-2.086268e+00
1.956000e-05	-9.424444e-02	-2.245159e+00
1.957000e-05	7.751401e-02	-2.378871e+00
1.958000e-05	4.605800e-02	-2.441604e+00
1.959000e-05	-1.240314e-01	-2.545761e+00
1.960000e-05	-1.116563e-02	-2.600470e+00
1.961000e-05	8.720208e-02	-2.672134e+00
1.962000e-05	-8.732919e-03	-2.778923e+00
1.963000e-05	-5.966317e-02	-2.790525e+00
1.964000e-05	-3.442840e-02	-2.905190e+00
1.965000e-05	4.166467e-02	-3.043533e+00
1.966000e-05	2.807128e-02	-3.157867e+00
1.967000e-05	-7.593963e-02	-3.148947e+00
1.968000e-05	-2.652876e-02	-3.272660e+00
1.969000e-05	6.728231e-02	-3.337767e+00
1.970000e-05	-1.825404e-02	-3.431578e+00
1.971000e-05	-5.887515e-02	-3.485034e+00
1.972000e-05	4.007148e-04	-3.515837e+00
1.973000e-05	1.357625e-02	-3.580501e+00
1.974000e-05	9.615617e-04	-3.633059e+00
1.975000e-05	-2.921898e-02	-3.787770e+00
1.976000e-05	-2.976700e-02	-3.883083e+00
1.977000e-05	1.881360e-02	-3.959319e+00
1.978000e-05	-2.197123e-03	-3.978925e+00
1.979000e-05	-3.493249e-02	-4.042104e+00
1.980000e-05	-1.650893e-02	-4.105241e+00
1.981000e-05	5.141950e-03	-4.098846e+00
1.982000e-05	4.488955e-03	-4.211508e+00
1.983000e-05	-2.767830e-02	-4.273062e+00
1.984000e-05	-3.200754e-02	-4.326768e+00
1.985000e-05	4.847363e-03	-4.369449e+00
1.986000e-05	8.112876e-04	-4.401028e+00
1.987000e-05	-2.488005e-02	-4.442533e+00
1.988000e-05	-2.760407e-02	-4.464689e+00
1.989000e-05	-1.164724e-03	-4.559397e+00
1.990000e-05	6.802317e-03	-4.633056e+00
1.991000e-05	-3.047072e-02	-4.654262e+00
1.992000e-05	-3.058477e-02	-4.694188e+00
1.993000e-05	5.278335e-04	-4.759296e+00
1.994000e-05	-2.148553e-03	-4.801955e+00
1.995000e-05	-2.335010e-02	-4.854664e+00
1.996000e-05	-2.760738e-02	-4.917367e+00
1.997000e-05	-4.829771e-03	-4.988947e+00
1.998000e-05	-2.082409e-03	-4.991505e+00
1.999000e-05	-2.669727e-02	-5.074182e+00
2.000000e-05	-2.855655e-02	-5.097688e+00
2.001000e-05	-6.689511e-03	-5.139367e+00
2.002000e-05	-6.613126e-03	-5.169351e+00
2.003000e-05	-2.286084e-02	-5.200577e+00
2.004000e-05	-2.887193e-02	-5.255084e+00
2.005000e-05	-9.598712e-03	-5.295163e+00
2.006000e-05	-7.603020e-03	-5.306772e+00
2.007000e-05	-2.385885e-02	-5.358823e+00
2.008000e-05	-2.827073e-02	-5.422549e+00
2.009000e-05	-1.504083e-02	-5.414030e+00
2.010000e-05	-1.030660e-02	-5.534717e+00
2.011000e-05	-2.336699e-02	-5.567337e+00
2.012000e-05	-2.960889e-02	-5.538845e+00
2.013000e-05	-1.691445e-02	-5.578944e+00
2.014000e-05	-1.252065e-02	-5.559450e+00
2.015000e-05	-2.319196e-02	-5.599922e+00
2.016000e-05	-2.949136e-02	-5.600500e+00
2.017000e-05	-2.101414e-02	-5.599497e+00
2.018000e-05	-1.578943e-02	-5.600999e+00
2.019000e-05	-2.433528e-02	-5.581002e+00
2.020000e-05	-3.244793e-02	-5.621002e+00
2.021000e-05	-2.285744e-02	-5.592028e+00
2.022000e-05	-1.902656e-02	-5.610002e+00
2.023000e-05	-2.522991e-02	-5.611054e+00
2.024000e-05	-3.257883e-02	-5.601554e+00
2.025000e-05	-2.645013e-02	-5.600505e+00
2.026000e-05	-2.165535e-02	-5.610503e+00
2.027000e-05	-2.801874e-02	-5.601504e+00
2.028000e-05	-3.405452e-02	-5.599500e+00
2.029000e-05	-2.830494e-02	-5.609552e+00
2.030000e-05	-2.354050e-02	-5.601000e+00
2.031000e-05	-2.724678e-02	-5.599522e+00
2.032000e-05	-3.367068e-02	-5.579474e+00
2.033000e-05	-2.902695e-02	-5.590451e+00
2.034000e-05	-2.474720e-02	-5.579920e+00
2.035000e-05	-2.824611e-02	-5.589447e+00
2.036000e-05	-3.292249e-02	-5.597938e+00
2.037000e-05	-2.974941e-02	-5.518316e+00
2.038000e-05	-2.436432e-02	-5.515243e+00
2.039000e-05	-2.698713e-02	-5.442133e+00
2.040000e-05	-3.104447e-02	-5.423603e+00
2.041000e-05	-2.842616e-02	-5.380578e+00
2.042000e-05	-2.390860e-02	-5.366846e+00
2.043000e-05	-2.513067e-02	-5.275712e+00
2.044000e-05	-3.065021e-02	-5.234581e+00
2.045000e-05	-2.596429e-02	-5.202028e+00
2.046000e-05	-2.366904e-02	-5.189441e+00
2.047000e-05	-2.301508e-02	-5.148390e+00
2.048000e-05	-2.785022e-02	-5.096241e+00
2.049000e-05	-2.504481e-02	-5.034662e+00
2.050000e-05	-2.183742e-02	-5.021554e+00
2.051000e-05	-2.121334e-02	-5.011001e+00
2.052000e-05	-2.507885e-02	-4.957269e+00
2.053000e-05	-2.288787e-02	-4.835227e+00
2.054000e-05	-2.110354e-02	-4.761454e+00
2.055000e-05	-1.907611e-02	-4.705843e+00
2.056000e-05	-2.279602e-02	-4.654657e+00
2.057000e-05	-2.155649e-02	-4.682108e+00
2.058000e-05	-1.795537e-02	-4.640529e+00
2.059000e-05	-1.787537e-02	-4.560394e+00
2.060000e-05	-2.056283e-02	-4.527320e+00
2.061000e-05	-1.965228e-02	-4.453632e+00
2.062000e-05	-1.662574e-02	-4.421050e+00
2.063000e-05	-1.617138e-02	-4.400024e+00
2.064000e-05	-1.739946e-02	-4.327896e+00
2.065000e-05	-1.739396e-02	-4.266264e+00
2.066000e-05	-1.482698e-02	-4.253052e+00
2.067000e-05	-1.496080e-02	-4.199422e+00
2.068000e-05	-1.548870e-02	-4.156311e+00
2.069000e-05	-1.634419e-02	-4.052658e+00
2.070000e-05	-1.334940e-02	-4.009527e+00
2.071000e-05	-1.262980e-02	-3.998972e+00
2.072000e-05	-1.280843e-02	-3.896190e+00
2.073000e-05	-1.366404e-02	-3.762024e+00
2.074000e-05	-1.239168e-02	-3.685290e+00
2.075000e-05	-1.193966e-02	-3.620630e+00
2.076000e-05	-1.096002e-02	-3.579373e+00
2.077000e-05	-1.266410e-02	-3.526888e+00
2.078000e-05	-1.165611e-02	-3.433053e+00
2.079000e-05	-1.070446e-02	-3.364942e+00
2.080000e-05	-1.144551e-02	-3.245336e+00
2.081000e-05	-1.203123e-02	-3.221626e+00
2.082000e-05	-1.061358e-02	-3.169968e+00
2.083000e-05	-8.489725e-03	-3.064264e+00
2.084000e-05	-8.276758e-03	-2.959871e+00
2.085000e-05	-8.336946e-03	-2.824632e+00
2.086000e-05	-8.154407e-03	-2.780449e+00
2.087000e-05	-9.022578e-03	-2.747817e+00
2.088000e-05	-9.215147e-03	-2.633079e+00
2.089000e-05	-1.038272e-02	-2.545846e+00
2.090000e-05	-7.825379e-03	-2.445685e+00
2.091000e-05	-7.007017e-03	-2.400502e+00
2.092000e-05	-7.380258e-03	-2.367847e+00
2.093000e-05	-6.976346e-03	-2.231182e+00
2.094000e-05	-6.306834e-03	-2.117342e+00
2.095000e-05	-6.291597e-03	-2.000554e+00
2.096000e-05	-7.295907e-03	-1.967917e+00
2.097000e-05	-7.997874e-03	-1.877286e+00
2.098000e-05	-6.334373e-03	-1.789073e+00
2.099000e-05	-6.086302e-03	-1.706340e+00
2.100000e-05	-6.947536e-03	-1.621680e+00
2.101000e-05	-6.278697e-03	-1.599497e+00
2.102000e-05	-4.377345e-03	-1.483291e+00
2.103000e-05	-4.902915e-03	-1.355366e+00
2.104000e-05	-5.785699e-03	-1.211075e+00
2.105000e-05	-5.158008e-03	-1.115915e+00
2.106000e-05	-4.377694e-03	-1.061628e+00
2.107000e-05	-4.137664e-03	-9.388750e-01
2.108000e-05	-5.307903e-03	-8.531841e-01
2.109000e-05	-5.111258e-03	-7.885476e-01
2.110000e-05	-3.418938e-03	-6.982923e-01
2.111000e-05	-3.514687e-03	-6.109315e-01
2.112000e-05	-3.684204e-03	-4.832042e-01
2.113000e-05	-4.758691e-03	-3.909987e-01
2.114000e-05	-3.714415e-03	-3.148422e-01
2.115000e-05	-3.434735e-03	-2.320991e-01
2.116000e-05	-2.780318e-03	-1.373895e-01
2.117000e-05	-2.889659e-03	-4.370395e-02
2.118000e-05	5.607673e-04	1.002619e-02
2.119000e-05	6.860208e-04	1.142155e-01
2.120000e-05	-2.257734e-04	2.420025e-01
2.121000e-05	-9.367345e-04	3.567159e-01
2.122000e-05	-3.710106e-04	4.194999e-01
2.123000e-05	-1.814396e-03	4.846302e-01
2.124000e-05	1.382431e-03	5.878708e-01
2.125000e-05	1.848917e-02	6.625800e-01
2.126000e-05	3.240126e-02	8.003719e-01
2.127000e-05	-7.532834e-03	9.042894e-01
2.128000e-05	-7.737728e-02	1.032579e+00
2.129000e-05	-2.341548e-02	1.125786e+00
2.130000e-05	6.856057e-02	1.188815e+00
2.131000e-05	3.761593e-02	1.273208e+00
2.132000e-05	-7.903986e-02	1.378893e+00
2.133000e-05	9.558060e-03	1.420551e+00
2.134000e-05	8.876901e-02	1.600519e+00
2.135000e-05	-1.592611e-02	1.715259e+00
2.136000e-05	-2.984860e-02	1.696817e+00
2.137000e-05	-2.433971e-03	1.841480e+00
2.138000e-05	-1.399685e-02	1.937263e+00
2.139000e-05	1.961115e-02	1.980025e+00
2.140000e-05	5.868411e-02	2.061505e+00
2.141000e-05	-3.877329e-02	2.139267e+00
2.142000e-05	-6.299503e-02	2.211503e+00
2.143000e-05	6.719436e-02	2.292110e+00
2.144000e-05	4.964536e-02	2.379846e+00
2.145000e-05	-7.642161e-02	2.471029e+00
2.146000e-05	-2.059721e-02	2.537820e+00
2.147000e-05	7.277157e-02	2.642633e+00
2.148000e-05	2.713561e-02	2.738847e+00
2.149000e-05	-4.391275e-02	2.842528e+00
2.150000e-05	-3.390618e-02	2.943712e+00
2.151000e-05	4.704766e-02	2.969867e+00
2.152000e-05	3.404792e-02	3.031556e+00
2.153000e-05	-3.692735e-02	3.166290e+00
2.154000e-05	-1.401683e-02	3.200449e+00
2.155000e-05	4.441933e-02	3.223606e+00
2.156000e-05	1.205856e-02	3.295267e+00
2.157000e-05	-2.146382e-02	3.462123e+00
2.158000e-05	-4.973903e-03	3.559320e+00
2.159000e-05	1.335427e-02	3.579450e+00
2.160000e-05	2.282951e-02	3.642106e+00
2.161000e-05	-1.697941e-03	3.666713e+00
2.162000e-05	-1.218748e-02	3.789951e+00
2.163000e-05	1.481051e-02	3.872126e+00
2.164000e-05	2.336304e-02	3.906293e+00
2.165000e-05	-5.424755e-03	3.948421e+00
2.166000e-05	-8.717699e-03	4.020475e+00
2.167000e-05	1.717397e-02	4.041559e+00
2.168000e-05	1.918630e-02	4.133742e+00
2.169000e-05	1.706660e-03	4.220451e+00
2.170000e-05	-6.704542e-03	4.305193e+00
2.171000e-05	1.186832e-02	4.388923e+00
2.172000e-05	1.806863e-02	4.421503e+00
2.173000e-05	3.656612e-03	4.422108e+00
2.174000e-05	-4.395815e-03	4.525286e+00
2.175000e-05	1.295968e-02	4.539420e+00
2.176000e-05	2.183368e-02	4.600024e+00
2.177000e-05	2.496960e-03	4.614108e+00
2.178000e-05	-2.850944e-03	4.726239e+00
2.179000e-05	1.292162e-02	4.747822e+00
2.180000e-05	1.980959e-02	4.788900e+00
2.181000e-05	3.676854e-03	4.822052e+00
2.182000e-05	4.916956e-04	4.925713e+00
2.183000e-05	1.323095e-02	4.949315e+00
2.184000e-05	1.967038e-02	5.021899e+00
2.185000e-05	7.746686e-03	5.072838e+00
2.186000e-05	1.891394e-03	5.156816e+00
2.187000e-05	1.418466e-02	5.169445e+00
2.188000e-05	1.908435e-02	5.241504e+00
2.189000e-05	8.604897e-03	5.232629e+00
2.190000e-05	4.075115e-03	5.254611e+00
2.191000e-05	1.332540e-02	5.276288e+00
2.192000e-05	1.961007e-02	5.327843e+00
2.193000e-05	1.177478e-02	5.366372e+00
2.194000e-05	7.423575e-03	5.389473e+00
2.195000e-05	1.469970e-02	5.409998e+00
2.196000e-05	2.054091e-02	5.421553e+00
2.197000e-05	1.328727e-02	5.430629e+00
2.198000e-05	8.836273e-03	5.473606e+00
2.199000e-05	1.535640e-02	5.526204e+00
2.200000e-05	2.169472e-02	5.475185e+00
2.201000e-05	1.627561e-02	5.514787e+00
2.202000e-05	1.194372e-02	5.524765e+00
2.203000e-05	1.573546e-02	5.546266e+00
2.204000e-05	2.276015e-02	5.537742e+00
2.205000e-05	1.903115e-02	5.558369e+00
2.206000e-05	1.572195e-02	5.557867e+00
2.207000e-05	1.760402e-02	5.578977e+00
2.208000e-05	2.450725e-02	5.537395e+00
2.209000e-05	2.195199e-02	5.587317e+00
2.210000e-05	1.466648e-02	5.527920e+00
2.211000e-05	1.870198e-02	5.559847e+00
2.212000e-05	2.350164e-02	5.577867e+00
2.213000e-05	2.462590e-02	5.567837e+00
2.214000e-05	1.952109e-02	5.535892e+00
2.215000e-05	2.314283e-02	5.566768e+00
2.216000e-05	2.639057e-02	5.536759e+00
2.217000e-05	2.483193e-02	5.527216e+00
2.218000e-05	1.869098e-02	5.487231e+00
2.219000e-05	2.118955e-02	5.464159e+00
2.220000e-05	2.436773e-02	5.485181e+00
2.221000e-05	2.516673e-02	5.464632e+00
2.222000e-05	2.091478e-02	5.433625e+00
2.223000e-05	2.286734e-02	5.421503e+00
2.224000e-05	2.450566e-02	5.400498e+00
2.225000e-05	2.310839e-02	5.390448e+00
2.226000e-05	1.958066e-02	5.348321e+00
2.227000e-05	1.908172e-02	5.338315e+00
2.228000e-05	2.281491e-02	5.296708e+00
2.229000e-05	2.167475e-02	5.302629e+00
2.230000e-05	1.863174e-02	5.231078e+00
2.231000e-05	1.892595e-02	5.190525e+00
2.232000e-05	2.084102e-02	5.158469e+00
2.233000e-05	1.982324e-02	5.137766e+00
2.234000e-05	1.628493e-02	5.044206e+00
2.235000e-05	1.545462e-02	4.970970e+00
2.236000e-05	1.852251e-02	4.897812e+00
2.237000e-05	1.735308e-02	4.874079e+00
2.238000e-05	1.496386e-02	4.810074e+00
2.239000e-05	1.408666e-02	4.779950e+00
2.240000e-05	1.540996e-02	4.749896e+00
2.241000e-05	1.537777e-02	4.674765e+00
2.242000e-05	1.192593e-02	4.704630e+00
2.243000e-05	1.250099e-02	4.610001e+00
2.244000e-05	1.338379e-02	4.548421e+00
2.245000e-05	1.421335e-02	4.464735e+00
2.246000e-05	1.039726e-02	4.451656e+00
2.247000e-05	9.871733e-03	4.441578e+00
2.248000e-05	1.131771e-02	4.398924e+00
2.249000e-05	1.147232e-02	4.355842e+00
2.250000e-05	9.453854e-03	4.275230e+00
2.251000e-05	9.043440e-03	4.181923e+00
2.252000e-05	9.254492e-03	4.087212e+00
2.253000e-05	9.924874e-03	4.041025e+00
2.254000e-05	6.586145e-03	3.979949e+00
2.255000e-05	8.132264e-03	3.936866e+00
2.256000e-05	8.323419e-03	3.884184e+00
2.257000e-05	8.178804e-03	3.842005e+00
2.258000e-05	6.489099e-03	3.736812e+00
2.259000e-05	6.150880e-03	3.684207e+00
2.260000e-05	6.092946e-03	3.602524e+00
2.261000e-05	5.657364e-03	3.599470e+00
2.262000e-05	4.213537e-03	3.515265e+00
2.263000e-05	5.861858e-03	3.379619e+00
2.264000e-05	4.480949e-03	3.275712e+00
2.265000e-05	5.763851e-03	3.189500e+00
2.266000e-05	3.613242e-03	3.169419e+00
2.267000e-05	4.224203e-03	3.095213e+00
2.268000e-05	2.973672e-03	3.011000e+00
2.269000e-05	2.986134e-03	2.937969e+00
2.270000e-05	2.692014e-03	2.853207e+00
2.271000e-05	2.390620e-03	2.809524e+00
2.272000e-05	2.851762e-03	2.757467e+00
2.273000e-05	3.099950e-03	2.613701e+00
2.274000e-05	2.236291e-03	2.534289e+00
2.275000e-05	1.964153e-03	2.419455e+00
2.276000e-05	6.278188e-04	2.357870e+00
2.277000e-05	9.704137e-04	2.301603e+00
2.278000e-05	9.423444e-04	2.178971e+00
2.279000e-05	7.915856e-04	2.094836e+00
2.280000e-05	9.738477e-04	2.020628e+00
2.281000e-05	9.953859e-04	1.998420e+00
2.282000e-05	1.282744e-03	1.916287e+00
2.283000e-05	-9.148398e-04	1.740498e+00
2.284000e-05	-4.769789e-04	1.676211e+00
2.285000e-05	1.067094e-04	1.622004e+00
2.286000e-05	-3.776175e-04	1.515864e+00
2.287000e-05	-1.063742e-03	1.441000e+00
2.288000e-05	-6.282856e-04	1.326369e+00
2.289000e-05	-1.070929e-03	1.252679e+00
2.290000e-05	-1.125253e-03	1.177848e+00
2.291000e-05	-2.541300e-03	1.052629e+00
2.292000e-05	-1.826378e-03	8.848385e-01
2.293000e-05	-1.202302e-03	8.106251e-01
2.294000e-05	-2.360507e-03	7.458660e-01
2.295000e-05	-2.427900e-03	6.516280e-01
2.296000e-05	-2.641532e-03	5.184187e-01
2.297000e-05	-1.948565e-03	4.631606e-01
2.298000e-05	-1.977738e-03	3.895500e-01
2.299000e-05	-3.908816e-03	3.372824e-01
2.300000e-05	-2.498488e-03	2.085279e-01
2.301000e-05	-3.354211e-03	7.417946e-02
2.302000e-05	-3.066125e-03	-2.047632e-02
2.303000e-05	-2.966486e-03	-7.371154e-02
2.304000e-05	-5.548138e-04	-1.799986e-01
2.305000e-05	-1.220903e-03	-2.521590e-01
2.306000e-05	-2.794186e-03	-3.557919e-01
2.307000e-05	-3.229458e-03	-4.005036e-01
2.308000e-05	-3.788062e-03	-4.632129e-01
2.309000e-05	-3.524213e-03	-5.779535e-01
2.310000e-05	1.248988e-02	-7.157444e-01
2.311000e-05	3.527506e-02	-8.005249e-01
2.312000e-05	-8.432407e-03	-9.367419e-01
2.313000e-05	-8.796487e-02	-1.073159e+00
2.314000e-05	-2.570073e-02	-1.147896e+00
2.315000e-05	6.196062e-02	-1.096258e+00
2.316000e-05	3.464093e-02	-1.217478e+00
2.317000e-05	-7.182974e-02	-1.451582e+00
2.318000e-05	1.904528e-02	-1.527792e+00
2.319000e-05	8.419983e-02	-1.536420e+00
2.320000e-05	-4.004812e-02	-1.682635e+00
2.321000e-05	-4.313883e-02	-1.789925e+00
2.322000e-05	1.425352e-02	-1.820998e+00
2.323000e-05	-3.443843e-02	-1.882158e+00
2.324000e-05	-8.026250e-03	-1.960426e+00
2.325000e-05	7.883016e-02	-2.041606e+00
2.326000e-05	-4.115917e-02	-2.105214e+00
2.327000e-05	-9.337492e-02	-2.254713e+00
2.328000e-05	7.790168e-02	-2.378922e+00
2.329000e-05	4.413606e-02	-2.433108e+00
2.330000e-05	-1.235216e-01	-2.507791e+00
2.331000e-05	-1.242958e-02	-2.600451e+00
2.332000e-05	8.750126e-02	-2.674160e+00
2.333000e-05	-9.803943e-03	-2.789924e+00
2.334000e-05	-5.981228e-02	-2.800002e+00
2.335000e-05	-3.394743e-02	-2.875688e+00
2.336000e-05	4.125843e-02	-3.031631e+00
2.337000e-05	2.803975e-02	-3.156870e+00
2.338000e-05	-7.646719e-02	-3.198925e+00
2.339000e-05	-2.564634e-02	-3.283083e+00
2.340000e-05	6.669435e-02	-3.348417e+00
2.341000e-05	-1.817122e-02	-3.430031e+00
2.342000e-05	-5.985996e-02	-3.496164e+00
2.343000e-05	5.392381e-04	-3.556791e+00
2.344000e-05	1.081787e-02	-3.599924e+00
2.345000e-05	2.658982e-03	-3.643180e+00
2.346000e-05	-3.010614e-02	-3.707266e+00
2.347000e-05	-2.677369e-02	-3.822080e+00
2.348000e-05	1.777894e-02	-3.947768e+00
2.349000e-05	-1.254635e-03	-4.009999e+00
2.350000e-05	-3.664034e-02	-4.040579e+00
2.351000e-05	-1.717825e-02	-4.095188e+00
2.352000e-05	4.278754e-03	-4.148850e+00
2.353000e-05	4.036896e-03	-4.192554e+00
2.354000e-05	-2.714844e-02	-4.235109e+00
2.355000e-05	-3.024228e-02	-4.346893e+00
2.356000e-05	5.351406e-03	-4.377974e+00
2.357000e-05	1.799738e-03	-4.420026e+00
2.358000e-05	-2.544219e-02	-4.444605e+00
2.359000e-05	-2.721238e-02	-4.493265e+00
2.360000e-05	-1.471669e-03	-4.488324e+00
2.361000e-05	6.498184e-03	-4.671079e+00
2.362000e-05	-2.966152e-02	-4.684190e+00
2.363000e-05	-2.928227e-02	-4.707835e+00
2.364000e-05	4.511189e-04	-4.727792e+00
2.365000e-05	-6.400766e-04	-4.830003e+00
2.366000e-05	-2.521885e-02	-4.856735e+00
2.367000e-05	-2.670250e-02	-4.938394e+00
2.368000e-05	-7.208803e-03	-4.999424e+00
2.369000e-05	-7.869162e-04	-5.011525e+00
2.370000e-05	-2.659122e-02	-5.053130e+00
2.371000e-05	-2.792130e-02	-5.064235e+00
2.372000e-05	-7.153813e-03	-5.157817e+00
2.373000e-05	-7.120297e-03	-5.199898e+00
2.374000e-05	-2.250215e-02	-5.188502e+00
2.375000e-05	-2.971365e-02	-5.191057e+00
2.376000e-05	-1.068861e-02	-5.263709e+00
2.377000e-05	-6.590457e-03	-5.318341e+00
2.378000e-05	-2.248532e-02	-5.351549e+00
2.379000e-05	-2.698622e-02	-5.381429e+00
2.380000e-05	-1.642434e-02	-5.462158e+00
2.381000e-05	-9.876922e-03	-5.475734e+00
2.382000e-05	-2.435523e-02	-5.485314e+00
2.383000e-05	-3.016303e-02	-5.546867e+00
2.384000e-05	-1.703733e-02	-5.578951e+00
2.385000e-05	-1.176050e-02	-5.568996e+00
2.386000e-05	-2.312003e-02	-5.569901e+00
2.387000e-05	-2.832419e-02	-5.590000e+00
2.388000e-05	-2.230669e-02	-5.619975e+00
2.389000e-05	-1.498508e-02	-5.599525e+00
2.390000e-05	-2.649613e-02	-5.590554e+00
2.391000e-05	-3.151555e-02	-5.600004e+00
2.392000e-05	-2.343658e-02	-5.611501e+00
2.393000e-05	-1.807869e-02	-5.601003e+00
2.394000e-05	-2.359562e-02	-5.611025e+00
2.395000e-05	-3.225145e-02	-5.610504e+00
2.396000e-05	-2.657387e-02	-5.610528e+00
2.397000e-05	-2.079021e-02	-5.610576e+00
2.398000e-05	-2.720753e-02	-5.610002e+00
2.399000e-05	-3.431421e-02	-5.602550e+00
2.400000e-05	-2.937116e-02	-5.608976e+00
2.401000e-05	-2.210113e-02	-5.601476e+00
2.402000e-05	-2.780353e-02	-5.609499e+00
2.403000e-05	-3.300756e-02	-5.589000e+00
2.404000e-05	-3.012862e-02	-5.578976e+00
2.405000e-05	-2.415458e-02	-5.548971e+00
2.406000e-05	-2.815687e-02	-5.578922e+00
2.407000e-05	-3.394668e-02	-5.527422e+00
2.408000e-05	-2.951603e-02	-5.526344e+00
2.409000e-05	-2.455479e-02	-5.516336e+00
2.410000e-05	-2.701259e-02	-5.452733e+00
2.411000e-05	-3.073819e-02	-5.392133e+00
2.412000e-05	-2.916946e-02	-5.409996e+00
2.413000e-05	-2.322114e-02	-5.356341e+00
2.414000e-05	-2.573274e-02	-5.294283e+00
2.415000e-05	-2.914403e-02	-5.253554e+00
2.416000e-05	-2.730611e-02	-5.210578e+00
2.417000e-05	-2.286668e-02	-5.198475e+00
2.418000e-05	-2.316949e-02	-5.158946e+00
2.419000e-05	-2.712241e-02	-5.105838e+00
2.420000e-05	-2.481147e-02	-5.124587e+00
2.421000e-05	-2.122144e-02	-5.033054e+00
2.422000e-05	-2.074902e-02	-5.000451e+00
2.423000e-05	-2.521404e-02	-4.866918e+00
2.424000e-05	-2.379460e-02	-4.863314e+00
2.425000e-05	-2.057789e-02	-4.809001e+00
2.426000e-05	-1.844352e-02	-4.705764e+00
2.427000e-05	-2.269035e-02	-4.677762e+00
2.428000e-05	-2.077525e-02	-4.612605e+00
2.429000e-05	-1.856134e-02	-4.609553e+00
2.430000e-05	-1.710544e-02	-4.589049e+00
2.431000e-05	-2.018624e-02	-4.487366e+00
2.432000e-05	-2.027218e-02	-4.453204e+00
2.433000e-05	-1.596084e-02	-4.411500e+00
2.434000e-05	-1.524012e-02	-4.379501e+00
2.435000e-05	-1.783266e-02	-4.368867e+00
2.436000e-05	-1.768367e-02	-4.265712e+00
2.437000e-05	-1.467316e-02	-4.212128e+00
2.438000e-05	-1.334887e-02	-4.159478e+00
2.439000e-05	-1.676249e-02	-4.136887e+00
2.440000e-05	-1.551131e-02	-4.062103e+00
2.441000e-05	-1.373976e-02	-3.992027e+00
2.442000e-05	-1.335438e-02	-3.958422e+00
2.443000e-05	-1.355883e-02	-3.905761e+00
2.444000e-05	-1.481322e-02	-3.791528e+00
2.445000e-05	-1.120205e-02	-3.683760e+00
2.446000e-05	-1.077914e-02	-3.610053e+00
2.447000e-05	-1.172755e-02	-3.568475e+00
2.448000e-05	-1.184778e-02	-3.538840e+00
2.449000e-05	-1.146425e-02	-3.412603e+00
2.450000e-05	-1.075207e-02	-3.368471e+00
2.451000e-05	-1.211377e-02	-3.305813e+00
2.452000e-05	-1.174498e-02	-3.220600e+00
2.453000e-05	-1.038732e-02	-3.138423e+00
2.454000e-05	-8.993769e-03	-3.096311e+00
2.455000e-05	-8.528345e-03	-2.946497e+00
2.456000e-05	-9.644260e-03	-2.844655e+00
2.457000e-05	-9.423187e-03	-2.788975e+00
2.458000e-05	-8.744082e-03	-2.746345e+00
2.459000e-05	-9.687190e-03	-2.643553e+00
2.460000e-05	-9.361993e-03	-2.557945e+00
2.461000e-05	-8.281168e-03	-2.475208e+00
2.462000e-05	-5.720579e-03	-2.391551e+00
2.463000e-05	-7.400344e-03	-2.357919e+00
2.464000e-05	-8.046834e-03	-2.222683e+00
2.465000e-05	-6.577696e-03	-2.087342e+00
2.466000e-05	-5.906834e-03	-2.002053e+00
2.467000e-05	-6.536682e-03	-1.969471e+00
2.468000e-05	-7.757466e-03	-1.895263e+00
2.469000e-05	-6.237691e-03	-1.820600e+00
2.470000e-05	-5.339964e-03	-1.726312e+00
2.471000e-05	-6.379936e-03	-1.622078e+00
2.472000e-05	-5.981966e-03	-1.569448e+00
2.473000e-05	-4.991231e-03	-1.513782e+00
2.474000e-05	-5.223223e-03	-1.367817e+00
2.475000e-05	-3.455929e-03	-1.191027e+00
2.476000e-05	-5.524532e-03	-1.098443e+00
2.477000e-05	-4.577263e-03	-1.062110e+00
2.478000e-05	-5.487915e-03	-9.578699e-01
2.479000e-05	-5.213300e-03	-9.036580e-01
2.480000e-05	-4.831346e-03	-7.980476e-01
2.481000e-05	-3.814758e-03	-7.463409e-01
2.482000e-05	-2.388589e-03	-5.680477e-01
2.483000e-05	-2.659019e-03	-4.957330e-01
2.484000e-05	-3.278278e-03	-3.900001e-01
2.485000e-05	-3.672223e-03	-3.253396e-01
2.486000e-05	-4.269702e-03	-2.515791e-01
2.487000e-05	-2.990099e-03	-2.100263e-01
2.488000e-05	-4.659360e-03	2.002506e-03
2.489000e-05	5.350114e-04	3.060251e-02
2.490000e-05	2.530155e-03	9.719158e-02
2.491000e-05	1.147124e-03	2.515574e-01
2.492000e-05	-2.101198e-04	3.673683e-01
2.493000e-05	-8.713921e-04	4.005013e-01
2.494000e-05	-6.230729e-04	5.051804e-01
2.495000e-05	-1.132811e-04	5.683921e-01
2.496000e-05	1.678948e-02	6.536155e-01
2.497000e-05	3.151743e-02	7.583472e-01
2.498000e-05	-8.375391e-03	9.027130e-01
2.499000e-05	-7.547036e-02	1.042951e+00
2.500000e-05	-2.244917e-02	1.115713e+00
2.501000e-05	6.888996e-02	1.137817e+00
2.502000e-05	3.727465e-02	1.283688e+00
2.503000e-05	-7.809819e-02	1.368892e+00
2.504000e-05	7.669380e-03	1.439526e+00
2.505000e-05	8.602063e-02	1.609022e+00
2.506000e-05	-1.653081e-02	1.735237e+00
2.507000e-05	-3.042606e-02	1.697291e+00
2.508000e-05	-1.658180e-03	1.829578e+00
2.509000e-05	-1.452559e-02	1.927291e+00
2.510000e-05	2.128281e-02	1.979449e+00
2.511000e-05	5.772243e-02	2.063108e+00
2.512000e-05	-4.007927e-02	2.156869e+00
2.513000e-05	-6.341180e-02	2.211555e+00
2.514000e-05	6.639875e-02	2.283639e+00
2.515000e-05	4.901152e-02	2.388897e+00
2.516000e-05	-7.714602e-02	2.450581e+00
2.517000e-05	-1.992534e-02	2.577296e+00
2.518000e-05	7.264072e-02	2.703109e+00
2.519000e-05	2.689598e-02	2.777946e+00
2.520000e-05	-4.503493e-02	2.830629e+00
2.521000e-05	-3.383852e-02	2.887187e+00
2.522000e-05	4.705194e-02	2.977892e+00
2.523000e-05	3.303885e-02	3.031610e+00
2.524000e-05	-3.673815e-02	3.168946e+00
2.525000e-05	-1.348019e-02	3.189948e+00
2.526000e-05	4.495046e-02	3.281580e+00
2.527000e-05	1.027125e-02	3.276764e+00
2.528000e-05	-2.154231e-02	3.432656e+00
2.529000e-05	-4.991845e-03	3.516817e+00
2.530000e-05	1.354632e-02	3.600421e+00
2.531000e-05	2.304129e-02	3.641129e+00
2.532000e-05	-2.265232e-03	3.704711e+00
2.533000e-05	-1.158487e-02	3.799976e+00
2.534000e-05	1.493297e-02	3.861632e+00
2.535000e-05	2.302244e-02	3.945662e+00
2.536000e-05	-5.715630e-03	3.979500e+00
2.537000e-05	-9.193100e-03	4.020079e+00
2.538000e-05	1.596459e-02	4.032634e+00
2.539000e-05	1.892068e-02	4.136713e+00
2.540000e-05	3.816522e-04	4.212978e+00
2.541000e-05	-5.616789e-03	4.316238e+00
2.542000e-05	1.206236e-02	4.379948e+00
2.543000e-05	2.076667e-02	4.412024e+00
2.544000e-05	2.786739e-03	4.420558e+00
2.545000e-05	-5.243581e-03	4.477191e+00
2.546000e-05	1.304607e-02	4.577842e+00
2.547000e-05	2.161123e-02	4.611403e+00
2.548000e-05	1.323684e-03	4.652657e+00
2.549000e-05	-3.130274e-03	4.706261e+00
2.550000e-05	1.454393e-02	4.778896e+00
2.551000e-05	2.063489e-02	4.769400e+00
2.552000e-05	4.972667e-03	4.823028e+00
2.553000e-05	4.978848e-04	4.885705e+00
2.554000e-05	1.406522e-02	4.978743e+00
2.555000e-05	1.965132e-02	4.990396e+00
2.556000e-05	6.515624e-03	5.154202e+00
2.557000e-05	1.452307e-03	5.148322e+00
2.558000e-05	1.458695e-02	5.188924e+00
2.559000e-05	1.968903e-02	5.229974e+00
2.560000e-05	9.519854e-03	5.233633e+00
2.561000e-05	4.422233e-03	5.294581e+00
2.562000e-05	1.492358e-02	5.316389e+00
2.563000e-05	2.008045e-02	5.367844e+00
2.564000e-05	1.142246e-02	5.367946e+00
2.565000e-05	6.230313e-03	5.389949e+00
2.566000e-05	1.380610e-02	5.389950e+00
2.567000e-05	2.143962e-02	5.412553e+00
2.568000e-05	1.399288e-02	5.461033e+00
2.569000e-05	8.233579e-03	5.474654e+00
2.570000e-05	1.464681e-02	5.455135e+00
2.571000e-05	2.255872e-02	5.536211e+00
2.572000e-05	1.699654e-02	5.466710e+00
2.573000e-05	1.121136e-02	5.546838e+00
2.574000e-05	1.575437e-02	5.548364e+00
2.575000e-05	2.253514e-02	5.509288e+00
2.576000e-05	1.803896e-02	5.566338e+00
2.577000e-05	1.294523e-02	5.517895e+00
2.578000e-05	1.806627e-02	5.517394e+00
2.579000e-05	2.360176e-02	5.545842e+00
2.580000e-05	2.174673e-02	5.578867e+00
2.581000e-05	1.668901e-02	5.548868e+00
2.582000e-05	1.941540e-02	5.558868e+00
2.583000e-05	2.477577e-02	5.539291e+00
2.584000e-05	2.339654e-02	5.548895e+00
2.585000e-05	1.798986e-02	5.537343e+00
2.586000e-05	2.036093e-02	5.557844e+00
2.587000e-05	2.568308e-02	5.535712e+00
2.588000e-05	2.464353e-02	5.546837e+00
2.589000e-05	1.920175e-02	5.505361e+00
2.590000e-05	2.218399e-02	5.514112e+00
2.591000e-05	2.536096e-02	5.464129e+00
2.592000e-05	2.543340e-02	5.432555e+00
2.593000e-05	2.068235e-02	5.432053e+00
2.594000e-05	2.126368e-02	5.441551e+00
2.595000e-05	2.319835e-02	5.450975e+00
2.596000e-05	2.378641e-02	5.399374e+00
2.597000e-05	1.971717e-02	5.368894e+00
2.598000e-05	2.070210e-02	5.327315e+00
2.599000e-05	2.286352e-02	5.268238e+00
2.600000e-05	2.277831e-02	5.243607e+00
2.601000e-05	1.824148e-02	5.231582e+00
2.602000e-05	1.882050e-02	5.201025e+00
2.603000e-05	2.079544e-02	5.158895e+00
2.604000e-05	1.967258e-02	5.144763e+00
2.605000e-05	1.647385e-02	5.045457e+00
2.606000e-05	1.545930e-02	4.964497e+00
2.607000e-05	1.869238e-02	4.907763e+00
2.608000e-05	1.751922e-02	4.863729e+00
2.609000e-05	1.532864e-02	4.822051e+00
2.610000e-05	1.470129e-02	4.788496e+00
2.611000e-05	1.663412e-02	4.749416e+00
2.612000e-05	1.502991e-02	4.746812e+00
2.613000e-05	1.314603e-02	4.653655e+00
2.614000e-05	1.186100e-02	4.601499e+00
2.615000e-05	1.382061e-02	4.569941e+00
2.616000e-05	1.315555e-02	4.496238e+00
2.617000e-05	1.110848e-02	4.484156e+00
2.618000e-05	1.080730e-02	4.420603e+00
2.619000e-05	1.077534e-02	4.399499e+00
2.620000e-05	1.107293e-02	4.389946e+00
2.621000e-05	1.019018e-02	4.304132e+00
2.622000e-05	8.194486e-03	4.170449e+00
2.623000e-05	9.896622e-03	4.086683e+00
2.624000e-05	9.281642e-03	4.022553e+00
2.625000e-05	8.234787e-03	3.969972e+00
2.626000e-05	6.719931e-03	3.966818e+00
2.627000e-05	7.708087e-03	3.863607e+00
2.628000e-05	7.380587e-03	3.810501e+00
2.629000e-05	6.705832e-03	3.748345e+00
2.630000e-05	5.340978e-03	3.634657e+00
2.631000e-05	7.075896e-03	3.602050e+00
2.632000e-05	5.602331e-03	3.568475e+00
2.633000e-05	5.934662e-03	3.535767e+00
2.634000e-05	2.950906e-03	3.420622e+00
2.635000e-05	5.240230e-03	3.353762e+00
2.636000e-05	4.870527e-03	3.220049e+00
2.637000e-05	4.446308e-03	3.138492e+00
2.638000e-05	2.993754e-03	3.105237e+00
2.639000e-05	3.396942e-03	3.032550e+00
2.640000e-05	3.832997e-03	2.928342e+00
2.641000e-05	2.791410e-03	2.861708e+00
2.642000e-05	2.723838e-03	2.809548e+00
2.643000e-05	2.624623e-03	2.746891e+00
2.644000e-05	2.272405e-03	2.603129e+00
2.645000e-05	1.809624e-03	2.515887e+00
2.646000e-05	1.289236e-03	2.430977e+00
2.647000e-05	9.928065e-04	2.369345e+00
2.648000e-05	1.973147e-03	2.262581e+00
2.649000e-05	8.250312e-04	2.219450e+00
2.650000e-05	7.181819e-04	2.084313e+00
2.651000e-05	1.174292e-04	2.022076e+00
2.652000e-05	1.760029e-03	1.989417e+00
2.653000e-05	-5.954217e-04	1.915785e+00
2.654000e-05	-7.067611e-04	1.810567e+00
2.655000e-05	-3.815656e-04	1.715761e+00
2.656000e-05	-1.268089e-03	1.622126e+00
2.657000e-05	-7.115081e-04	1.505333e+00
2.658000e-05	-4.809423e-05	1.451573e+00
2.659000e-05	-9.563367e-04	1.348863e+00
2.660000e-05	-1.291779e-04	1.252129e+00
2.661000e-05	-2.296631e-03	1.166421e+00
2.662000e-05	-2.199673e-03	1.030203e+00
2.663000e-05	-2.997162e-03	9.056859e-01
2.664000e-05	-2.698835e-03	7.900776e-01
2.665000e-05	-1.754288e-03	7.268698e-01
2.666000e-05	-2.260312e-03	6.116292e-01
2.667000e-05	-1.924995e-03	5.889424e-01
2.668000e-05	-1.305881e-03	4.627345e-01
2.669000e-05	-3.743507e-03	3.904978e-01
2.670000e-05	-4.144782e-03	3.263385e-01
2.671000e-05	-4.909601e-03	1.809987e-01
2.672000e-05	-3.665464e-03	5.517947e-02
2.673000e-05	-2.622110e-03	-3.052744e-02
2.674000e-05	-1.274901e-03	-7.376279e-02
2.675000e-05	-5.961478e-04	-1.689472e-01
2.676000e-05	-7.726674e-04	-2.521613e-01
2.677000e-05	-3.668421e-03	-3.273657e-01
2.678000e-05	-4.439699e-03	-3.915050e-01
2.679000e-05	-4.599983e-03	-4.831541e-01
2.680000e-05	-4.373360e-03	-6.104484e-01
2.681000e-05	1.281867e-02	-6.861894e-01
2.682000e-05	3.623954e-02	-8.005798e-01
2.683000e-05	-7.619649e-03	-9.048417e-01
2.684000e-05	-8.646807e-02	-1.094713e+00
2.685000e-05	-2.536927e-02	-1.137295e+00
2.686000e-05	6.024851e-02	-1.137288e+00
2.687000e-05	3.204386e-02	-1.198977e+00
2.688000e-05	-7.205532e-02	-1.431581e+00
2.689000e-05	1.926889e-02	-1.528298e+00
2.690000e-05	8.371955e-02	-1.516873e+00
2.691000e-05	-3.964309e-02	-1.654614e+00
2.692000e-05	-4.121487e-02	-1.789446e+00
2.693000e-05	1.541718e-02	-1.780000e+00
2.694000e-05	-3.540308e-02	-1.854185e+00
2.695000e-05	-8.467779e-03	-1.979950e+00
2.696000e-05	7.749346e-02	-2.062551e+00
2.697000e-05	-4.285490e-02	-2.075788e+00
2.698000e-05	-9.416048e-02	-2.274635e+00
2.699000e-05	7.758571e-02	-2.379423e+00
2.700000e-05	4.540924e-02	-2.452509e+00
2.701000e-05	-1.217123e-01	-2.517371e+00
2.702000e-05	-1.209676e-02	-2.578949e+00
2.703000e-05	8.501408e-02	-2.645183e+00
2.704000e-05	-9.383992e-03	-2.788422e+00
2.705000e-05	-5.981014e-02	-2.810001e+00
2.706000e-05	-3.559573e-02	-2.884636e+00
2.707000e-05	3.953056e-02	-3.023201e+00
2.708000e-05	2.776326e-02	-3.136821e+00
2.709000e-05	-7.450865e-02	-3.197476e+00
2.710000e-05	-2.717511e-02	-3.253133e+00
2.711000e-05	6.641186e-02	-3.337396e+00
2.712000e-05	-1.966194e-02	-3.410051e+00
2.713000e-05	-5.932261e-02	-3.473741e+00
2.714000e-05	-1.490004e-03	-3.527815e+00
2.715000e-05	1.000367e-02	-3.590500e+00
2.716000e-05	2.372304e-03	-3.631007e+00
2.717000e-05	-2.898022e-02	-3.747701e+00
2.718000e-05	-2.720433e-02	-3.862680e+00
2.719000e-05	1.700697e-02	-3.947370e+00
2.720000e-05	-3.126459e-03	-3.988924e+00
2.721000e-05	-3.403533e-02	-4.020533e+00
2.722000e-05	-1.878444e-02	-4.126238e+00
2.723000e-05	4.909985e-03	-4.148372e+00
2.724000e-05	4.371874e-03	-4.219978e+00
2.725000e-05	-2.430679e-02	-4.243636e+00
2.726000e-05	-3.039621e-02	-4.336762e+00
2.727000e-05	3.901714e-03	-4.398870e+00
2.728000e-05	-3.897155e-04	-4.419528e+00
2.729000e-05	-2.558974e-02	-4.462605e+00
2.730000e-05	-2.863090e-02	-4.495158e+00
2.731000e-05	-2.492267e-03	-4.549397e+00
2.732000e-05	6.738388e-03	-4.611658e+00
2.733000e-05	-2.735294e-02	-4.674186e+00
2.734000e-05	-2.816543e-02	-4.713793e+00
2.735000e-05	6.038586e-04	-4.769446e+00
2.736000e-05	-2.946631e-03	-4.821459e+00
2.737000e-05	-2.456554e-02	-4.896654e+00
2.738000e-05	-2.819002e-02	-4.966438e+00
2.739000e-05	-7.749601e-03	-4.958871e+00
2.740000e-05	-1.169792e-03	-5.012003e+00
2.741000e-05	-2.481174e-02	-5.044105e+00
2.742000e-05	-2.683842e-02	-5.095763e+00
2.743000e-05	-7.109732e-03	-5.117292e+00
2.744000e-05	-6.822367e-03	-5.188870e+00
2.745000e-05	-2.258413e-02	-5.181079e+00
2.746000e-05	-2.956839e-02	-5.211579e+00
2.747000e-05	-1.157675e-02	-5.255238e+00
2.748000e-05	-8.723656e-03	-5.338322e+00
2.749000e-05	-2.308463e-02	-5.400525e+00
2.750000e-05	-2.689971e-02	-5.393081e+00
2.751000e-05	-1.411636e-02	-5.435585e+00
2.752000e-05	-1.106987e-02	-5.487742e+00
2.753000e-05	-2.289267e-02	-5.547768e+00
2.754000e-05	-2.945118e-02	-5.557891e+00
2.755000e-05	-1.881853e-02	-5.567948e+00
2.756000e-05	-1.283033e-02	-5.539974e+00
2.757000e-05	-2.398418e-02	-5.579924e+00
2.758000e-05	-2.858138e-02	-5.590499e+00
2.759000e-05	-2.122295e-02	-5.590024e+00
2.760000e-05	-1.491563e-02	-5.599500e+00
2.761000e-05	-2.433575e-02	-5.611026e+00
2.762000e-05	-3.128974e-02	-5.601500e+00
2.763000e-05	-2.467253e-02	-5.620505e+00
2.764000e-05	-1.877208e-02	-5.622001e+00
2.765000e-05	-2.552319e-02	-5.623551e+00
2.766000e-05	-3.200352e-02	-5.610526e+00
2.767000e-05	-2.707100e-02	-5.610578e+00
2.768000e-05	-2.148801e-02	-5.620578e+00
2.769000e-05	-2.763181e-02	-5.630550e+00
2.770000e-05	-3.379853e-02	-5.600526e+00
2.771000e-05	-2.883537e-02	-5.600050e+00
2.772000e-05	-2.324784e-02	-5.600550e+00
2.773000e-05	-2.644368e-02	-5.600501e+00
2.774000e-05	-3.271236e-02	-5.579500e+00
2.775000e-05	-2.889603e-02	-5.589450e+00
2.776000e-05	-2.592951e-02	-5.560446e+00
2.777000e-05	-2.801215e-02	-5.548468e+00
2.778000e-05	-3.322473e-02	-5.527446e+00
2.779000e-05	-2.928631e-02	-5.466865e+00
2.780000e-05	-2.490711e-02	-5.517842e+00
2.781000e-05	-2.720280e-02	-5.495785e+00
2.782000e-05	-3.113656e-02	-5.401506e+00
2.783000e-05	-2.748696e-02	-5.360524e+00
2.784000e-05	-2.419528e-02	-5.365266e+00
2.785000e-05	-2.470439e-02	-5.296186e+00
2.786000e-05	-2.924116e-02	-5.252104e+00
2.787000e-05	-2.696740e-02	-5.201528e+00
2.788000e-05	-2.276319e-02	-5.170476e+00
2.789000e-05	-2.401221e-02	-5.147894e+00
2.790000e-05	-2.856779e-02	-5.097287e+00
2.791000e-05	-2.437884e-02	-5.104587e+00
2.792000e-05	-2.078740e-02	-5.070553e+00
2.793000e-05	-2.064068e-02	-4.990449e+00
2.794000e-05	-2.590263e-02	-4.887917e+00
2.795000e-05	-2.260769e-02	-4.895186e+00
2.796000e-05	-1.929120e-02	-4.830549e+00
2.797000e-05	-1.961158e-02	-4.757269e+00
2.798000e-05	-2.358971e-02	-4.654082e+00
2.799000e-05	-2.137483e-02	-4.642709e+00
2.800000e-05	-1.773350e-02	-4.631024e+00
2.801000e-05	-1.706543e-02	-4.569052e+00
2.802000e-05	-2.077864e-02	-4.526293e+00
2.803000e-05	-1.818952e-02	-4.463160e+00
2.804000e-05	-1.473478e-02	-4.422025e+00
2.805000e-05	-1.556982e-02	-4.399000e+00
2.806000e-05	-1.787488e-02	-4.357894e+00
2.807000e-05	-1.760308e-02	-4.294665e+00
2.808000e-05	-1.504818e-02	-4.221554e+00
2.809000e-05	-1.400814e-02	-4.209948e+00
2.810000e-05	-1.606124e-02	-4.077415e+00
2.811000e-05	-1.570963e-02	-4.012108e+00
2.812000e-05	-1.231272e-02	-4.009499e+00
2.813000e-05	-1.306289e-02	-3.958974e+00
2.814000e-05	-1.354736e-02	-3.895193e+00
2.815000e-05	-1.353628e-02	-3.820123e+00
2.816000e-05	-1.084060e-02	-3.685287e+00
2.817000e-05	-1.146154e-02	-3.622078e+00
2.818000e-05	-1.173458e-02	-3.570498e+00
2.819000e-05	-1.322932e-02	-3.546344e+00
2.820000e-05	-1.062137e-02	-3.450602e+00
2.821000e-05	-1.166346e-02	-3.338922e+00
2.822000e-05	-1.179387e-02	-3.304811e+00
2.823000e-05	-1.182927e-02	-3.211604e+00
2.824000e-05	-8.542462e-03	-3.168919e+00
2.825000e-05	-8.852387e-03	-3.065213e+00
2.826000e-05	-8.561798e-03	-2.957997e+00
2.827000e-05	-9.877436e-03	-2.852660e+00
2.828000e-05	-8.860663e-03	-2.788974e+00
2.829000e-05	-1.004203e-02	-2.706816e+00
2.830000e-05	-9.606013e-03	-2.673732e+00
2.831000e-05	-9.660090e-03	-2.568921e+00
2.832000e-05	-7.607792e-03	-2.474708e+00
2.833000e-05	-7.134242e-03	-2.411027e+00
2.834000e-05	-6.756461e-03	-2.326948e+00
2.835000e-05	-7.251190e-03	-2.261708e+00
2.836000e-05	-6.595859e-03	-2.074841e+00
2.837000e-05	-6.739539e-03	-2.051103e+00
2.838000e-05	-7.310759e-03	-1.958925e+00
2.839000e-05	-8.462511e-03	-1.874761e+00
2.840000e-05	-6.098737e-03	-1.799576e+00
2.841000e-05	-6.630597e-03	-1.723865e+00
2.842000e-05	-5.313967e-03	-1.632656e+00
2.843000e-05	-6.089928e-03	-1.578969e+00
2.844000e-05	-5.520959e-03	-1.475761e+00
2.845000e-05	-4.431317e-03	-1.329941e+00
2.846000e-05	-4.685377e-03	-1.202179e+00
2.847000e-05	-6.247815e-03	-1.116868e+00
2.848000e-05	-5.640626e-03	-1.031083e+00
2.849000e-05	-4.882538e-03	-9.794924e-01
2.850000e-05	-4.655882e-03	-8.736803e-01
2.851000e-05	-6.068723e-03	-8.195501e-01
2.852000e-05	-3.175807e-03	-6.868148e-01
2.853000e-05	-3.091428e-03	-6.215766e-01
2.854000e-05	-2.700192e-03	-4.437066e-01
2.855000e-05	-4.184192e-03	-3.795250e-01
2.856000e-05	-4.565290e-03	-3.063160e-01
2.857000e-05	-3.537355e-03	-2.216292e-01
2.858000e-05	-3.878107e-03	-1.478185e-01
2.859000e-05	-2.860740e-03	-7.310795e-02
2.860000e-05	-8.334736e-04	1.050276e-02
2.861000e-05	3.900202e-04	1.146575e-01
2.862000e-05	4.174527e-04	2.300036e-01
2.863000e-05	-1.208950e-03	3.562671e-01
2.864000e-05	-8.361787e-04	4.099751e-01
2.865000e-05	-2.262464e-03	4.847103e-01
2.866000e-05	2.413163e-03	5.769461e-01
2.867000e-05	1.840624e-02	6.645792e-01
2.868000e-05	3.171499e-02	8.078022e-01
2.869000e-05	-8.252102e-03	9.046817e-01
2.870000e-05	-7.798433e-02	9.894974e-01
2.871000e-05	-2.420525e-02	1.074088e+00
2.872000e-05	6.847077e-02	1.169867e+00
2.873000e-05	3.654033e-02	1.283684e+00
2.874000e-05	-7.808364e-02	1.336844e+00
2.875000e-05	8.624182e-03	1.410579e+00
2.876000e-05	8.800973e-02	1.587393e+00
2.877000e-05	-1.618083e-02	1.737261e+00
2.878000e-05	-3.232652e-02	1.726322e+00
2.879000e-05	-3.067599e-03	1.851005e+00
2.880000e-05	-1.501354e-02	1.946341e+00
2.881000e-05	2.091853e-02	1.990500e+00
2.882000e-05	5.760246e-02	2.041076e+00
2.883000e-05	-3.878338e-02	2.126792e+00
2.884000e-05	-5.963057e-02	2.221979e+00
2.885000e-05	6.661591e-02	2.264708e+00
2.886000e-05	4.711125e-02	2.358944e+00
2.887000e-05	-7.780585e-02	2.433655e+00
2.888000e-05	-2.121598e-02	2.527217e+00
2.889000e-05	7.242231e-02	2.623105e+00
2.890000e-05	2.555773e-02	2.788341e+00
2.891000e-05	-4.395495e-02	2.811529e+00
2.892000e-05	-3.196750e-02	2.907338e+00
2.893000e-05	4.695388e-02	2.969450e+00
2.894000e-05	3.188114e-02	3.064101e+00
2.895000e-05	-3.850099e-02	3.126341e+00
2.896000e-05	-1.152408e-02	3.189475e+00
2.897000e-05	4.247360e-02	3.253007e+00
2.898000e-05	1.098313e-02	3.304238e+00
2.899000e-05	-2.283421e-02	3.463128e+00
2.900000e-05	-3.732547e-03	3.527291e+00
2.901000e-05	1.378137e-02	3.600025e+00
2.902000e-05	2.209877e-02	3.641557e+00
2.903000e-05	-3.179190e-03	3.706289e+00
2.904000e-05	-1.182132e-02	3.799399e+00
2.905000e-05	1.527697e-02	3.862607e+00
2.906000e-05	2.249484e-02	3.907313e+00
2.907000e-05	-6.203656e-03	3.968924e+00
2.908000e-05	-7.747978e-03	4.001606e+00
2.909000e-05	1.639821e-02	4.052634e+00
2.910000e-05	1.908958e-02	4.126807e+00
2.911000e-05	-4.253539e-04	4.172501e+00
2.912000e-05	-5.229654e-03	4.307239e+00
2.913000e-05	1.164070e-02	4.368926e+00
2.914000e-05	1.957891e-02	4.421976e+00
2.915000e-05	3.127359e-03	4.451655e+00
2.916000e-05	-2.756789e-03	4.495208e+00
2.917000e-05	1.337717e-02	4.578343e+00
2.918000e-05	2.177137e-02	4.610505e+00
2.919000e-05	2.998542e-04	4.695107e+00
2.920000e-05	-3.092384e-03	4.735290e+00
2.921000e-05	1.342916e-02	4.748371e+00
2.922000e-05	2.031574e-02	4.799450e+00
2.923000e-05	4.151132e-03	4.802526e+00
2.924000e-05	1.214683e-03	4.893183e+00
2.925000e-05	1.427187e-02	4.949267e+00
2.926000e-05	2.011325e-02	5.012030e+00
2.927000e-05	5.041676e-03	5.085533e+00
2.928000e-05	1.795536e-03	5.158896e+00
2.929000e-05	1.426641e-02	5.200973e+00
2.930000e-05	1.905569e-02	5.221000e+00
2.931000e-05	8.878652e-03	5.293155e+00
2.932000e-05	3.811607e-03	5.292611e+00
2.933000e-05	1.532334e-02	5.336794e+00
2.934000e-05	2.005456e-02	5.336791e+00
2.935000e-05	1.204161e-02	5.358341e+00
2.936000e-05	7.558250e-03	5.409948e+00
2.937000e-05	1.475457e-02	5.431471e+00
2.938000e-05	2.172565e-02	5.400528e+00
2.939000e-05	1.348065e-02	5.452551e+00
2.940000e-05	8.609265e-03	5.504083e+00
2.941000e-05	1.454846e-02	5.483708e+00
2.942000e-05	2.173813e-02	5.462708e+00
2.943000e-05	1.680873e-02	5.505210e+00
2.944000e-05	1.196743e-02	5.516215e+00
2.945000e-05	1.832380e-02	5.545841e+00
2.946000e-05	2.260882e-02	5.539788e+00
2.947000e-05	1.945554e-02	5.567392e+00
2.948000e-05	1.415422e-02	5.587265e+00
2.949000e-05	1.833195e-02	5.527339e+00
2.950000e-05	2.342501e-02	5.558396e+00
2.951000e-05	2.182618e-02	5.548394e+00
2.952000e-05	1.691132e-02	5.540344e+00
2.953000e-05	1.994970e-02	5.548395e+00
2.954000e-05	2.444745e-02	5.558821e+00
2.955000e-05	2.405439e-02	5.568816e+00
2.956000e-05	1.864207e-02	5.565820e+00
2.957000e-05	2.185781e-02	5.507891e+00
2.958000e-05	2.597835e-02	5.478717e+00
2.959000e-05	2.451698e-02	5.547861e+00
2.960000e-05	1.934703e-02	5.537211e+00
2.961000e-05	2.103497e-02	5.503259e+00
2.962000e-05	2.547308e-02	5.474635e+00
2.963000e-05	2.475406e-02	5.444107e+00
2.964000e-05	2.022335e-02	5.423076e+00
2.965000e-05	2.164559e-02	5.412028e+00
2.966000e-05	2.405958e-02	5.421450e+00
2.967000e-05	2.387444e-02	5.398945e+00
2.968000e-05	1.935642e-02	5.369895e+00
2.969000e-05	2.062712e-02	5.338291e+00
2.970000e-05	2.250808e-02	5.315210e+00
2.971000e-05	2.167695e-02	5.233133e+00
2.972000e-05	1.789632e-02	5.273053e+00
2.973000e-05	1.804812e-02	5.189999e+00
2.974000e-05	2.081242e-02	5.148920e+00
2.975000e-05	1.969427e-02	5.127291e+00
2.976000e-05	1.741092e-02	5.013736e+00
2.977000e-05	1.625758e-02	5.011428e+00
2.978000e-05	1.864340e-02	4.904264e+00
2.979000e-05	1.775868e-02	4.853603e+00
2.980000e-05	1.530958e-02	4.832528e+00
2.981000e-05	1.392161e-02	4.810474e+00
2.982000e-05	1.588383e-02	4.748971e+00
2.983000e-05	1.537312e-02	4.705790e+00
2.984000e-05	1.355638e-02	4.674082e+00
2.985000e-05	1.223104e-02	4.612528e+00
2.986000e-05	1.439955e-02	4.548366e+00
2.987000e-05	1.386568e-02	4.455787e+00
2.988000e-05	1.174995e-02	4.443208e+00
2.989000e-05	1.008699e-02	4.431001e+00
2.990000e-05	1.099362e-02	4.379471e+00
2.991000e-05	1.118798e-02	4.358442e+00
2.992000e-05	8.504929e-03	4.308231e+00
2.993000e-05	8.514000e-03	4.180399e+00
2.994000e-05	9.849085e-03	4.055659e+00
2.995000e-05	1.049919e-02	4.043050e+00
2.996000e-05	8.503172e-03	3.970000e+00
2.997000e-05	7.735244e-03	3.965865e+00
2.998000e-05	8.485386e-03	3.892683e+00
2.999000e-05	7.254956e-03	3.802024e+00
3.000000e-05	5.825480e-03	3.735814e+00
3.001000e-05	5.194121e-03	3.673605e+00
3.002000e-05	6.526824e-03	3.619549e+00
3.003000e-05	5.623643e-03	3.568424e+00
3.004000e-05	5.345111e-03	3.505232e+00
3.005000e-05	4.613286e-03	3.422048e+00
3.006000e-05	5.576287e-03	3.307712e+00
3.007000e-05	5.708851e-03	3.211050e+00
3.008000e-05	3.946585e-03	3.159445e+00
3.009000e-05	3.144084e-03	3.094712e+00
3.010000e-05	4.116993e-03	3.022529e+00
3.011000e-05	3.277003e-03	2.968296e+00
3.012000e-05	2.130673e-03	2.864653e+00
3.013000e-05	2.383976e-03	2.810474e+00
3.014000e-05	3.360370e-03	2.748840e+00
3.015000e-05	3.591873e-03	2.613110e+00
3.016000e-05	1.850739e-03	2.517310e+00
3.017000e-05	2.425035e-03	2.381025e+00
3.018000e-05	1.945719e-03	2.317892e+00
3.019000e-05	2.234869e-03	2.253131e+00
3.020000e-05	4.299453e-04	2.170946e+00
3.021000e-05	-1.138352e-04	2.104788e+00
3.022000e-05	-1.628777e-04	2.022102e+00
3.023000e-05	7.254424e-04	1.959470e+00
3.024000e-05	-1.061097e-03	1.925388e+00
3.025000e-05	-4.991127e-04	1.819418e+00
3.026000e-05	-1.712718e-05	1.723237e+00
3.027000e-05	5.095657e-04	1.622549e+00
3.028000e-05	-1.289338e-03	1.486337e+00
3.029000e-05	-1.609333e-03	1.393002e+00
3.030000e-05	-2.181389e-03	1.347389e+00
3.031000e-05	-2.413019e-04	1.253082e+00
3.032000e-05	-2.209140e-03	1.147320e+00
3.033000e-05	-2.710071e-03	1.053204e+00
3.034000e-05	-2.903419e-03	8.957097e-01
3.035000e-05	-5.231825e-04	7.910742e-01
3.036000e-05	-2.153119e-03	7.468698e-01
3.037000e-05	-4.326733e-03	6.551542e-01
3.038000e-05	-3.389406e-03	5.678975e-01
3.039000e-05	-2.335425e-03	4.556832e-01
3.040000e-05	-1.988166e-03	4.195239e-01
3.041000e-05	-4.670053e-03	3.084133e-01
3.042000e-05	-3.759712e-03	1.704968e-01
3.043000e-05	-2.265937e-03	8.565689e-02
3.044000e-05	-3.231577e-03	4.950003e-04
3.045000e-05	-4.354068e-03	-7.466034e-02
3.046000e-05	-2.288426e-03	-1.883746e-01
3.047000e-05	2.375461e-04	-2.626102e-01
3.048000e-05	-2.438992e-03	-3.368957e-01
3.049000e-05	-3.522250e-03	-3.904549e-01
3.050000e-05	-4.584155e-03	-4.836628e-01
3.051000e-05	-2.486593e-03	-6.194023e-01
3.052000e-05	1.139323e-02	-6.672619e-01
3.053000e-05	3.366364e-02	-8.194023e-01
3.054000e-05	-1.042844e-02	-9.658119e-01
3.055000e-05	-8.643919e-02	-1.064634e+00
3.056000e-05	-2.430419e-02	-1.167420e+00
3.057000e-05	6.241088e-02	-1.116787e+00
3.058000e-05	3.335451e-02	-1.221527e+00
3.059000e-05	-7.142139e-02	-1.430006e+00
3.060000e-05	1.838036e-02	-1.527369e+00
3.061000e-05	8.311819e-02	-1.546742e+00
3.062000e-05	-4.300397e-02	-1.633061e+00
3.063000e-05	-4.150389e-02	-1.800425e+00
3.064000e-05	1.515619e-02	-1.789003e+00
3.065000e-05	-3.460733e-02	-1.883159e+00
3.066000e-05	-6.842916e-03	-1.990502e+00
3.067000e-05	7.947900e-02	-2.032078e+00
3.068000e-05	-4.190902e-02	-2.106312e+00
3.069000e-05	-9.363709e-02	-2.254236e+00
3.070000e-05	7.576327e-02	-2.369449e+00
3.071000e-05	4.329839e-02	-2.432635e+00
3.072000e-05	-1.226233e-01	-2.548292e+00
3.073000e-05	-1.127134e-02	-2.579470e+00
3.074000e-05	8.527680e-02	-2.634687e+00
3.075000e-05	-9.178065e-03	-2.759421e+00
3.076000e-05	-5.776706e-02	-2.801001e+00
3.077000e-05	-3.402338e-02	-2.883238e+00
3.078000e-05	3.951461e-02	-3.022208e+00
3.079000e-05	2.756339e-02	-3.148371e+00
3.080000e-05	-7.444490e-02	-3.199950e+00
3.081000e-05	-2.626307e-02	-3.262710e+00
3.082000e-05	6.552220e-02	-3.337820e+00
3.083000e-05	-1.911823e-02	-3.411505e+00
3.084000e-05	-5.856830e-02	-3.454691e+00
3.085000e-05	-1.102531e-03	-3.525292e+00
3.086000e-05	1.095999e-02	-3.619423e+00
3.087000e-05	1.347183e-03	-3.653562e+00
3.088000e-05	-2.880163e-02	-3.695795e+00
3.089000e-05	-2.736762e-02	-3.873090e+00
3.090000e-05	1.736948e-02	-3.938342e+00
3.091000e-05	-2.553504e-03	-3.989950e+00
3.092000e-05	-3.505689e-02	-4.023006e+00
3.093000e-05	-1.823902e-02	-4.084687e+00
3.094000e-05	3.595402e-03	-4.158400e+00
3.095000e-05	3.158056e-03	-4.199079e+00
3.096000e-05	-2.541242e-02	-4.274187e+00
3.097000e-05	-3.066490e-02	-4.327817e+00
3.098000e-05	4.753213e-03	-4.399425e+00
3.099000e-05	-6.671414e-04	-4.430478e+00
3.100000e-05	-2.334855e-02	-4.431632e+00
3.101000e-05	-2.840456e-02	-4.514712e+00
3.102000e-05	-2.347305e-03	-4.558422e+00
3.103000e-05	3.929881e-03	-4.653054e+00
3.104000e-05	-2.841228e-02	-4.673783e+00
3.105000e-05	-2.930136e-02	-4.696171e+00
3.106000e-05	-6.631179e-04	-4.728914e+00
3.107000e-05	-2.421531e-03	-4.850554e+00
3.108000e-05	-2.247759e-02	-4.854634e+00
3.109000e-05	-2.662331e-02	-4.885771e+00
3.110000e-05	-7.251202e-03	-4.970500e+00
3.111000e-05	-3.028695e-03	-5.010531e+00
3.112000e-05	-2.552394e-02	-5.033682e+00
3.113000e-05	-2.717231e-02	-5.087240e+00
3.114000e-05	-8.457550e-03	-5.178298e+00
3.115000e-05	-7.102287e-03	-5.178976e+00
3.116000e-05	-2.215160e-02	-5.190499e+00
3.117000e-05	-2.717747e-02	-5.223057e+00
3.118000e-05	-1.229787e-02	-5.252608e+00
3.119000e-05	-6.550899e-03	-5.298297e+00
3.120000e-05	-2.364821e-02	-5.340025e+00
3.121000e-05	-2.668548e-02	-5.433186e+00
3.122000e-05	-1.753755e-02	-5.474134e+00
3.123000e-05	-1.121063e-02	-5.507114e+00
3.124000e-05	-2.323188e-02	-5.547267e+00
3.125000e-05	-2.815974e-02	-5.567896e+00
3.126000e-05	-1.679421e-02	-5.579873e+00
3.127000e-05	-1.244253e-02	-5.568973e+00
3.128000e-05	-2.205699e-02	-5.570022e+00
3.129000e-05	-2.956933e-02	-5.599975e+00
3.130000e-05	-2.195162e-02	-5.609950e+00
3.131000e-05	-1.692562e-02	-5.601001e+00
3.132000e-05	-2.470074e-02	-5.599999e+00
3.133000e-05	-3.040184e-02	-5.599576e+00
3.134000e-05	-2.396416e-02	-5.610101e+00
3.135000e-05	-1.859278e-02	-5.611030e+00
3.136000e-05	-2.526362e-02	-5.611551e+00
3.137000e-05	-3.223774e-02	-5.600049e+00
3.138000e-05	-2.638392e-02	-5.610474e+00
3.139000e-05	-2.004065e-02	-5.610576e+00
3.140000e-05	-2.733884e-02	-5.621029e+00
3.141000e-05	-3.289872e-02	-5.621003e+00
3.142000e-05	-2.908532e-02	-5.600504e+00
3.143000e-05	-2.295981e-02	-5.590976e+00
3.144000e-05	-2.853174e-02	-5.589000e+00
3.145000e-05	-3.261490e-02	-5.589000e+00
3.146000e-05	-2.965485e-02	-5.578475e+00
3.147000e-05	-2.396955e-02	-5.578424e+00
3.148000e-05	-2.685623e-02	-5.589395e+00
3.149000e-05	-3.265235e-02	-5.526893e+00
3.150000e-05	-3.029527e-02	-5.517818e+00
3.151000e-05	-2.504286e-02	-5.507768e+00
3.152000e-05	-2.583861e-02	-5.514230e+00
3.153000e-05	-3.176833e-02	-5.413650e+00
3.154000e-05	-2.948288e-02	-5.351500e+00
3.155000e-05	-2.416289e-02	-5.347846e+00
3.156000e-05	-2.410320e-02	-5.274733e+00
3.157000e-05	-2.945784e-02	-5.243079e+00
3.158000e-05	-2.859020e-02	-5.222074e+00
3.159000e-05	-2.150743e-02	-5.210578e+00
3.160000e-05	-2.230879e-02	-5.156969e+00
3.161000e-05	-2.637928e-02	-5.115837e+00
3.162000e-05	-2.712605e-02	-5.074611e+00
3.163000e-05	-2.158077e-02	-5.023605e+00
3.164000e-05	-2.058055e-02	-5.001001e+00
3.165000e-05	-2.485905e-02	-4.938420e+00
3.166000e-05	-2.479281e-02	-4.836212e+00
3.167000e-05	-1.858377e-02	-4.868599e+00
3.168000e-05	-1.768341e-02	-4.687840e+00
3.169000e-05	-2.152844e-02	-4.677685e+00
3.170000e-05	-2.255926e-02	-4.622179e+00
3.171000e-05	-1.853813e-02	-4.601101e+00
3.172000e-05	-1.682074e-02	-4.557973e+00
3.173000e-05	-2.033846e-02	-4.546745e+00
3.174000e-05	-2.061510e-02	-4.444580e+00
3.175000e-05	-1.599066e-02	-4.432027e+00
3.176000e-05	-1.504780e-02	-4.399476e+00
3.177000e-05	-1.620133e-02	-4.356393e+00
3.178000e-05	-1.809814e-02	-4.306235e+00
3.179000e-05	-1.445029e-02	-4.211579e+00
3.180000e-05	-1.352965e-02	-4.180423e+00
3.181000e-05	-1.478941e-02	-4.157844e+00
3.182000e-05	-1.688722e-02	-4.063637e+00
3.183000e-05	-1.370722e-02	-4.021451e+00
3.184000e-05	-1.213272e-02	-3.978971e+00
3.185000e-05	-1.300780e-02	-3.855807e+00
3.186000e-05	-1.457100e-02	-3.819573e+00
3.187000e-05	-1.198276e-02	-3.696287e+00
3.188000e-05	-1.122514e-02	-3.612053e+00
3.189000e-05	-1.035499e-02	-3.569474e+00
3.190000e-05	-1.298184e-02	-3.515891e+00
3.191000e-05	-1.157808e-02	-3.433553e+00
3.192000e-05	-1.006695e-02	-3.348926e+00
3.193000e-05	-1.161146e-02	-3.274736e+00
3.194000e-05	-1.178733e-02	-3.241579e+00
3.195000e-05	-1.124181e-02	-3.139948e+00
3.196000e-05	-8.134603e-03	-3.074312e+00
3.197000e-05	-8.409373e-03	-2.927871e+00
3.198000e-05	-9.559947e-03	-2.852635e+00
3.199000e-05	-9.019080e-03	-2.789472e+00
3.200000e-05	-8.165593e-03	-2.717392e+00
3.201000e-05	-8.237785e-03	-2.633652e+00
3.202000e-05	-1.020904e-02	-2.568944e+00
3.203000e-05	-9.129342e-03	-2.464182e+00
3.204000e-05	-7.269006e-03	-2.399552e+00
3.205000e-05	-6.981927e-03	-2.367422e+00
3.206000e-05	-7.563700e-03	-2.213213e+00
3.207000e-05	-6.601114e-03	-2.087320e+00
3.208000e-05	-6.428865e-03	-2.032153e+00
3.209000e-05	-5.687299e-03	-1.978872e+00
3.210000e-05	-7.638717e-03	-1.885735e+00
3.211000e-05	-6.202067e-03	-1.801030e+00
3.212000e-05	-5.962226e-03	-1.726791e+00
3.213000e-05	-6.310473e-03	-1.672632e+00
3.214000e-05	-5.457725e-03	-1.559500e+00
3.215000e-05	-5.829360e-03	-1.536711e+00
3.216000e-05	-3.995822e-03	-1.348342e+00
3.217000e-05	-5.183673e-03	-1.233130e+00
3.218000e-05	-5.240232e-03	-1.117413e+00
3.219000e-05	-5.726419e-03	-1.051108e+00
3.220000e-05	-4.488929e-03	-9.489197e-01
3.221000e-05	-5.082348e-03	-8.542319e-01
3.222000e-05	-5.481368e-03	-8.010738e-01
3.223000e-05	-4.020289e-03	-7.069171e-01
3.224000e-05	-3.772141e-03	-6.189526e-01
3.225000e-05	-4.695776e-03	-4.726856e-01
3.226000e-05	-4.643210e-03	-3.985013e-01
3.227000e-05	-3.963801e-03	-3.249159e-01
3.228000e-05	-3.195209e-03	-2.526541e-01
3.229000e-05	-2.964926e-03	-1.363684e-01
3.230000e-05	-2.199783e-03	-5.418164e-02
3.231000e-05	1.809473e-04	1.152388e-02
3.232000e-05	3.288534e-04	6.465660e-02
3.233000e-05	-8.170026e-04	2.214273e-01
3.234000e-05	-1.891552e-03	3.367947e-01
3.235000e-05	-1.471662e-03	4.104750e-01
3.236000e-05	-1.465065e-03	4.936866e-01
3.237000e-05	1.624775e-03	5.773960e-01
3.238000e-05	1.872631e-02	6.331577e-01
3.239000e-05	3.242207e-02	7.979199e-01
3.240000e-05	-8.284298e-03	8.836139e-01
3.241000e-05	-7.732752e-02	1.041048e+00
3.242000e-05	-2.346548e-02	1.076186e+00
3.243000e-05	6.866257e-02	1.177844e+00
3.244000e-05	3.430274e-02	1.275162e+00
3.245000e-05	-7.650053e-02	1.347296e+00
3.246000e-05	6.683986e-03	1.460526e+00
3.247000e-05	8.912038e-02	1.608476e+00
3.248000e-05	-1.703407e-02	1.665582e+00
3.249000e-05	-3.039902e-02	1.777318e+00
3.250000e-05	-2.396286e-03	1.820027e+00
3.251000e-05	-1.479118e-02	1.936818e+00
3.252000e-05	2.067197e-02	1.999499e+00
3.253000e-05	5.759117e-02	2.041605e+00
3.254000e-05	-3.924801e-02	2.147820e+00
3.255000e-05	-6.082263e-02	2.240503e+00
3.256000e-05	6.684611e-02	2.276689e+00
3.257000e-05	4.635703e-02	2.408399e+00
3.258000e-05	-7.603518e-02	2.431129e+00
3.259000e-05	-1.954169e-02	2.475687e+00
3.260000e-05	7.282979e-02	2.692561e+00
3.261000e-05	2.592460e-02	2.748370e+00
3.262000e-05	-4.339256e-02	2.830029e+00
3.263000e-05	-3.229816e-02	2.923738e+00
3.264000e-05	4.618320e-02	2.988946e+00
3.265000e-05	3.147309e-02	3.041580e+00
3.266000e-05	-3.706245e-02	3.146841e+00
3.267000e-05	-1.299799e-02	3.170426e+00
3.268000e-05	4.275239e-02	3.220154e+00
3.269000e-05	1.202445e-02	3.306746e+00
3.270000e-05	-2.079055e-02	3.451553e+00
3.271000e-05	-2.870512e-03	3.558343e+00
3.272000e-05	1.459912e-02	3.589949e+00
3.273000e-05	2.262351e-02	3.621558e+00
3.274000e-05	-2.251616e-03	3.714266e+00
3.275000e-05	-1.230368e-02	3.809974e+00
3.276000e-05	1.373108e-02	3.854130e+00
3.277000e-05	2.152690e-02	3.925687e+00
3.278000e-05	-5.317468e-03	3.989445e+00
3.279000e-05	-7.483031e-03	4.000001e+00
3.280000e-05	1.802075e-02	4.023056e+00
3.281000e-05	2.022439e-02	4.106841e+00
3.282000e-05	2.132353e-03	4.230005e+00
3.283000e-05	-7.781129e-03	4.286736e+00
3.284000e-05	1.044977e-02	4.389320e+00
3.285000e-05	1.776843e-02	4.400526e+00
3.286000e-05	2.755559e-03	4.422578e+00
3.287000e-05	-3.699687e-03	4.494213e+00
3.288000e-05	1.407453e-02	4.547899e+00
3.289000e-05	2.267527e-02	4.581474e+00
3.290000e-05	2.142527e-03	4.643155e+00
3.291000e-05	-2.744597e-03	4.685688e+00
3.292000e-05	1.439630e-02	4.759395e+00
3.293000e-05	1.907619e-02	4.779949e+00
3.294000e-05	4.912817e-03	4.871553e+00
3.295000e-05	-1.641709e-03	4.915111e+00
3.296000e-05	1.488126e-02	4.938264e+00
3.297000e-05	1.889664e-02	4.992572e+00
3.298000e-05	7.418801e-03	5.123106e+00
3.299000e-05	9.440510e-04	5.135241e+00
3.300000e-05	1.530343e-02	5.179943e+00
3.301000e-05	2.011778e-02	5.200000e+00
3.302000e-05	8.929130e-03	5.231631e+00
3.303000e-05	3.674932e-03	5.263707e+00
3.304000e-05	1.485451e-02	5.324765e+00
3.305000e-05	1.943135e-02	5.336891e+00
3.306000e-05	1.203523e-02	5.379421e+00
3.307000e-05	6.153928e-03	5.399498e+00
3.308000e-05	1.439198e-02	5.400426e+00
3.309000e-05	2.186347e-02	5.392003e+00
3.310000e-05	1.420990e-02	5.442079e+00
3.311000e-05	8.921305e-03	5.453607e+00
3.312000e-05	1.577868e-02	5.474062e+00
3.313000e-05	2.267494e-02	5.475258e+00
3.314000e-05	1.645299e-02	5.497211e+00
3.315000e-05	1.122770e-02	5.505286e+00
3.316000e-05	1.560951e-02	5.556944e+00
3.317000e-05	2.377619e-02	5.497866e+00
3.318000e-05	1.839914e-02	5.568311e+00
3.319000e-05	1.521485e-02	5.527866e+00
3.320000e-05	1.808049e-02	5.578318e+00
3.321000e-05	2.461918e-02	5.538318e+00
3.322000e-05	2.231659e-02	5.548421e+00
3.323000e-05	1.728226e-02	5.598865e+00
3.324000e-05	1.994466e-02	5.577363e+00
3.325000e-05	2.557311e-02	5.567888e+00
3.326000e-05	2.349550e-02	5.527918e+00
3.327000e-05	1.873555e-02	5.517315e+00
3.328000e-05	2.081623e-02	5.537263e+00
3.329000e-05	2.678959e-02	5.497266e+00
3.330000e-05	2.465139e-02	5.506735e+00
3.331000e-05	2.158087e-02	5.475264e+00
3.332000e-05	2.177984e-02	5.495683e+00
3.333000e-05	2.665886e-02	5.485681e+00
3.334000e-05	2.407634e-02	5.475605e+00
3.335000e-05	2.021440e-02	5.444578e+00
3.336000e-05	2.059255e-02	5.432100e+00
3.337000e-05	2.428560e-02	5.430924e+00
3.338000e-05	2.459250e-02	5.419476e+00
3.339000e-05	2.101995e-02	5.349373e+00
3.340000e-05	2.074601e-02	5.316887e+00
3.341000e-05	2.314297e-02	5.316188e+00
3.342000e-05	2.233405e-02	5.282582e+00
3.343000e-05	1.933137e-02	5.221579e+00
3.344000e-05	1.798577e-02	5.159448e+00
3.345000e-05	2.054739e-02	5.169469e+00
3.346000e-05	2.020166e-02	5.158264e+00
3.347000e-05	1.624183e-02	5.052110e+00
3.348000e-05	1.557087e-02	4.981467e+00
3.349000e-05	1.861682e-02	4.908311e+00
3.350000e-05	1.931901e-02	4.814179e+00
3.351000e-05	1.574752e-02	4.822030e+00
3.352000e-05	1.360898e-02	4.809474e+00
3.353000e-05	1.547756e-02	4.708895e+00
3.354000e-05	1.557119e-02	4.746237e+00
3.355000e-05	1.183633e-02	4.684104e+00
3.356000e-05	1.160351e-02	4.632076e+00
3.357000e-05	1.382216e-02	4.528365e+00
3.358000e-05	1.430156e-02	4.505662e+00
3.359000e-05	1.139300e-02	4.462583e+00
3.360000e-05	1.104032e-02	4.401550e+00
3.361000e-05	1.178135e-02	4.379998e+00
3.362000e-05	1.117104e-02	4.317315e+00
3.363000e-05	9.432624e-03	4.276109e+00
3.364000e-05	9.078155e-03	4.161473e+00
3.365000e-05	1.028358e-02	4.067213e+00
3.366000e-05	8.672327e-03	4.030577e+00
3.367000e-05	7.337874e-03	3.988971e+00
3.368000e-05	6.318655e-03	3.957342e+00
3.369000e-05	7.860525e-03	3.883133e+00
3.370000e-05	8.424314e-03	3.800500e+00
3.371000e-05	7.045825e-03	3.707340e+00
3.372000e-05	5.165973e-03	3.643632e+00
3.373000e-05	6.721471e-03	3.630550e+00
3.374000e-05	5.893581e-03	3.589970e+00
3.375000e-05	4.474019e-03	3.495768e+00
3.376000e-05	3.898746e-03	3.409471e+00
3.377000e-05	4.541439e-03	3.306181e+00
3.378000e-05	6.101130e-03	3.220528e+00
3.379000e-05	4.192527e-03	3.168967e+00
3.380000e-05	3.382571e-03	3.094763e+00
3.381000e-05	3.490940e-03	3.010004e+00
3.382000e-05	4.000592e-03	2.936817e+00
3.383000e-05	2.252604e-03	2.853158e+00
3.384000e-05	2.495221e-03	2.811024e+00
3.385000e-05	3.257488e-03	2.747317e+00
3.386000e-05	3.038259e-03	2.642084e+00
3.387000e-05	1.512160e-03	2.516733e+00
3.388000e-05	1.184819e-03	2.410550e+00
3.389000e-05	1.539114e-03	2.357344e+00
3.390000e-05	2.184780e-03	2.252179e+00
3.391000e-05	7.151974e-04	2.190022e+00
3.392000e-05	9.425814e-04	2.094886e+00
3.393000e-05	4.825348e-04	2.021104e+00
3.394000e-05	1.650081e-03	1.957445e+00
3.395000e-05	1.861548e-04	1.884786e+00
3.396000e-05	-1.043430e-03	1.749050e+00
3.397000e-05	-1.042480e-03	1.656210e+00
3.398000e-05	1.161594e-04	1.633549e+00
3.399000e-05	1.250256e-04	1.495842e+00
3.400000e-05	-9.653617e-04	1.441499e+00
3.401000e-05	-1.138501e-03	1.337365e+00
3.402000e-05	4.088598e-04	1.273055e+00
3.403000e-05	-1.767332e-03	1.188417e+00
3.404000e-05	-2.303926e-03	1.073557e+00
3.405000e-05	-2.035127e-03	8.832858e-01
3.406000e-05	-1.653323e-03	8.005488e-01
3.407000e-05	-2.730245e-03	7.068672e-01
3.408000e-05	-4.067420e-03	6.521305e-01
3.409000e-05	-2.719029e-03	5.683961e-01
3.410000e-05	-2.019805e-03	4.636343e-01
3.411000e-05	-1.808552e-03	3.899978e-01
3.412000e-05	-3.659188e-03	3.357685e-01
3.413000e-05	-3.182925e-03	2.109951e-01
3.414000e-05	-3.316307e-03	5.373309e-02
3.415000e-05	-2.548711e-03	-2.100495e-02
3.416000e-05	-3.877860e-03	-9.313658e-02
3.417000e-05	-2.024773e-03	-1.484259e-01
3.418000e-05	-2.638584e-03	-2.515827e-01
3.419000e-05	-2.737838e-03	-3.674709e-01
3.420000e-05	-3.370737e-03	-3.989761e-01
3.421000e-05	-3.735960e-03	-5.037879e-01
3.422000e-05	-3.502343e-03	-5.879271e-01
3.423000e-05	1.420367e-02	-7.062656e-01
3.424000e-05	3.554649e-02	-7.800287e-01
3.425000e-05	-9.498641e-03	-9.167919e-01
3.426000e-05	-8.790378e-02	-1.075159e+00
3.427000e-05	-2.629587e-02	-1.157393e+00
3.428000e-05	6.286492e-02	-1.087316e+00
3.429000e-05	2.970545e-02	-1.189455e+00
3.430000e-05	-7.073990e-02	-1.441631e+00
3.431000e-05	1.676379e-02	-1.527292e+00
3.432000e-05	8.538614e-02	-1.528392e+00
3.433000e-05	-4.174643e-02	-1.703663e+00
3.434000e-05	-4.202388e-02	-1.799949e+00
3.435000e-05	1.453952e-02	-1.791050e+00
3.436000e-05	-3.335806e-02	-1.854236e+00
3.437000e-05	-8.668588e-03	-1.968951e+00
3.438000e-05	7.854798e-02	-2.022530e+00
3.439000e-05	-4.380947e-02	-2.096690e+00
3.440000e-05	-9.050658e-02	-2.321563e+00
3.441000e-05	7.613638e-02	-2.359974e+00
3.442000e-05	4.266340e-02	-2.441584e+00
3.443000e-05	-1.204763e-01	-2.537267e+00
3.444000e-05	-1.060614e-02	-2.588004e+00
3.445000e-05	8.532414e-02	-2.693158e+00
3.446000e-05	-1.064224e-02	-2.800398e+00
3.447000e-05	-5.854885e-02	-2.801027e+00
3.448000e-05	-3.514557e-02	-2.905760e+00
3.449000e-05	3.865404e-02	-3.051607e+00
3.450000e-05	2.598889e-02	-3.148370e+00
3.451000e-05	-7.309440e-02	-3.189450e+00
3.452000e-05	-2.548663e-02	-3.244082e+00
3.453000e-05	6.744966e-02	-3.359371e+00
3.454000e-05	-1.854198e-02	-3.439504e+00
3.455000e-05	-5.775667e-02	-3.514158e+00
3.456000e-05	-5.728257e-04	-3.507296e+00
3.457000e-05	1.010742e-02	-3.579451e+00
3.458000e-05	3.720896e-04	-3.622109e+00
3.459000e-05	-2.973466e-02	-3.725743e+00
3.460000e-05	-2.607105e-02	-3.873628e+00
3.461000e-05	1.724078e-02	-3.958393e+00
3.462000e-05	-7.283451e-04	-3.999476e+00
3.463000e-05	-3.571561e-02	-4.021605e+00
3.464000e-05	-1.656872e-02	-4.097237e+00
3.465000e-05	4.309902e-03	-4.168922e+00
3.466000e-05	2.296381e-03	-4.212053e+00
3.467000e-05	-2.677774e-02	-4.264207e+00
3.468000e-05	-3.030083e-02	-4.328319e+00
3.469000e-05	4.744162e-03	-4.389397e+00
3.470000e-05	9.696253e-04	-4.390000e+00
3.471000e-05	-2.351902e-02	-4.451608e+00
3.472000e-05	-2.621403e-02	-4.494605e+00
3.473000e-05	-1.986014e-03	-4.559895e+00
3.474000e-05	5.563119e-03	-4.623126e+00
3.475000e-05	-3.040886e-02	-4.683641e+00
3.476000e-05	-2.920154e-02	-4.696837e+00
3.477000e-05	-6.574214e-04	-4.756795e+00
3.478000e-05	-2.664781e-03	-4.760474e+00
3.479000e-05	-2.449645e-02	-4.916733e+00
3.480000e-05	-2.573733e-02	-4.916763e+00
3.481000e-05	-6.523015e-03	-4.988348e+00
3.482000e-05	-1.917687e-03	-5.021551e+00
3.483000e-05	-2.675544e-02	-5.074084e+00
3.484000e-05	-2.641518e-02	-5.085312e+00
3.485000e-05	-7.552184e-03	-5.158320e+00
3.486000e-05	-6.468594e-03	-5.199999e+00
3.487000e-05	-2.340462e-02	-5.230029e+00
3.488000e-05	-2.788032e-02	-5.233578e+00
3.489000e-05	-1.166244e-02	-5.284658e+00
3.490000e-05	-8.343319e-03	-5.358368e+00
3.491000e-05	-2.340044e-02	-5.330549e+00
3.492000e-05	-2.685975e-02	-5.465126e+00
3.493000e-05	-1.464865e-02	-5.472630e+00
3.494000e-05	-1.009299e-02	-5.496209e+00
3.495000e-05	-2.263862e-02	-5.496291e+00
3.496000e-05	-2.946380e-02	-5.578323e+00
3.497000e-05	-1.781560e-02	-5.568472e+00
3.498000e-05	-1.349235e-02	-5.599900e+00
3.499000e-05	-2.468381e-02	-5.589949e+00
3.500000e-05	-2.986150e-02	-5.590495e+00
3.501000e-05	-2.097926e-02	-5.610500e+00
3.502000e-05	-1.473682e-02	-5.620051e+00
3.503000e-05	-2.455872e-02	-5.601554e+00
3.504000e-05	-3.061193e-02	-5.602050e+00
3.505000e-05	-2.279536e-02	-5.620002e+00
3.506000e-05	-1.846080e-02	-5.601553e+00
3.507000e-05	-2.630586e-02	-5.600000e+00
3.508000e-05	-3.310049e-02	-5.621052e+00
3.509000e-05	-2.635932e-02	-5.622502e+00
3.510000e-05	-2.081833e-02	-5.620502e+00
3.511000e-05	-2.716981e-02	-5.610029e+00
3.512000e-05	-3.337371e-02	-5.600554e+00
3.513000e-05	-2.721947e-02	-5.611600e+00
3.514000e-05	-2.221191e-02	-5.602000e+00
3.515000e-05	-2.839332e-02	-5.579950e+00
3.516000e-05	-3.351957e-02	-5.578997e+00
3.517000e-05	-2.999264e-02	-5.579474e+00
3.518000e-05	-2.503175e-02	-5.589445e+00
3.519000e-05	-2.799268e-02	-5.558972e+00
3.520000e-05	-3.233740e-02	-5.517398e+00
3.521000e-05	-2.828280e-02	-5.526269e+00
3.522000e-05	-2.419083e-02	-5.505743e+00
3.523000e-05	-2.644045e-02	-5.463609e+00
3.524000e-05	-3.177434e-02	-5.451078e+00
3.525000e-05	-2.733631e-02	-5.370028e+00
3.526000e-05	-2.350090e-02	-5.364347e+00
3.527000e-05	-2.597543e-02	-5.264159e+00
3.528000e-05	-2.947520e-02	-5.252680e+00
3.529000e-05	-2.718635e-02	-5.230028e+00
3.530000e-05	-2.263276e-02	-5.150024e+00
3.531000e-05	-2.389228e-02	-5.148321e+00
3.532000e-05	-2.654420e-02	-5.115841e+00
3.533000e-05	-2.387861e-02	-5.072784e+00
3.534000e-05	-2.086832e-02	-5.011104e+00
3.535000e-05	-2.103771e-02	-5.010525e+00
3.536000e-05	-2.471146e-02	-4.925445e+00
3.537000e-05	-2.368893e-02	-4.857285e+00
3.538000e-05	-2.078974e-02	-4.779450e+00
3.539000e-05	-2.017795e-02	-4.710916e+00
3.540000e-05	-2.178153e-02	-4.706161e+00
3.541000e-05	-2.070103e-02	-4.661155e+00
3.542000e-05	-1.817411e-02	-4.632507e+00
3.543000e-05	-1.654198e-02	-4.548424e+00
3.544000e-05	-2.005589e-02	-4.557812e+00
3.545000e-05	-1.938414e-02	-4.444161e+00
3.546000e-05	-1.645889e-02	-4.411550e+00
3.547000e-05	-1.597022e-02	-4.359475e+00
3.548000e-05	-1.838244e-02	-4.338394e+00
3.549000e-05	-1.821510e-02	-4.295711e+00
3.550000e-05	-1.464268e-02	-4.260603e+00
3.551000e-05	-1.386228e-02	-4.208474e+00
3.552000e-05	-1.601880e-02	-4.157340e+00
3.553000e-05	-1.552243e-02	-4.074081e+00
3.554000e-05	-1.304921e-02	-3.980026e+00
3.555000e-05	-1.233917e-02	-3.977396e+00
3.556000e-05	-1.356407e-02	-3.905438e+00
3.557000e-05	-1.413097e-02	-3.769975e+00
3.558000e-05	-1.362355e-02	-3.684760e+00
3.559000e-05	-1.178343e-02	-3.601029e+00
3.560000e-05	-1.278011e-02	-3.559398e+00
3.561000e-05	-1.179681e-02	-3.497367e+00
3.562000e-05	-1.183480e-02	-3.492529e+00
3.563000e-05	-9.680105e-03	-3.349895e+00
3.564000e-05	-1.103945e-02	-3.295240e+00
3.565000e-05	-1.166010e-02	-3.220601e+00
3.566000e-05	-9.626063e-03	-3.149950e+00
3.567000e-05	-9.039571e-03	-3.066714e+00
3.568000e-05	-9.684723e-03	-2.917896e+00
3.569000e-05	-1.075262e-02	-2.854156e+00
3.570000e-05	-8.622998e-03	-2.799424e+00
3.571000e-05	-8.557580e-03	-2.706845e+00
3.572000e-05	-9.236300e-03	-2.662133e+00
3.573000e-05	-9.478686e-03	-2.538343e+00
3.574000e-05	-8.405770e-03	-2.443207e+00
3.575000e-05	-7.013119e-03	-2.380000e+00
3.576000e-05	-5.825093e-03	-2.327942e+00
3.577000e-05	-7.366658e-03	-2.253204e+00
3.578000e-05	-7.848023e-03	-2.107293e+00
3.579000e-05	-7.048581e-03	-2.031104e+00
3.580000e-05	-7.480959e-03	-1.978445e+00
3.581000e-05	-8.231524e-03	-1.853764e+00
3.582000e-05	-6.549109e-03	-1.790050e+00
3.583000e-05	-6.481000e-03	-1.736816e+00
3.584000e-05	-4.316800e-03	-1.652583e+00
3.585000e-05	-4.438310e-03	-1.586901e+00
3.586000e-05	-5.083884e-03	-1.495737e+00
3.587000e-05	-5.538158e-03	-1.348291e+00
3.588000e-05	-6.616986e-03	-1.240754e+00
3.589000e-05	-6.464749e-03	-1.128842e+00
3.590000e-05	-6.318850e-03	-1.040654e+00
3.591000e-05	-4.139081e-03	-9.693224e-01
3.592000e-05	-4.840371e-03	-8.546581e-01
3.593000e-05	-2.586679e-03	-7.810749e-01
3.594000e-05	-4.178737e-03	-7.433908e-01
3.595000e-05	-1.950199e-03	-6.215003e-01
3.596000e-05	-3.170718e-03	-4.536369e-01
3.597000e-05	-3.598574e-03	-3.789738e-01
3.598000e-05	-5.948666e-03	-3.157908e-01
3.599000e-05	-3.881637e-03	-2.315290e-01
3.600000e-05	-3.666394e-03	-1.382945e-01
3.601000e-05	-1.615879e-03	-6.265432e-02
3.602000e-05	-6.073066e-04	-9.527612e-03
3.603000e-05	1.470326e-03	4.368415e-02
3.604000e-05	-2.171620e-04	2.204498e-01
3.605000e-05	5.498152e-04	3.257932e-01
3.606000e-05	-1.582640e-03	4.295013e-01
3.607000e-05	-2.255362e-03	4.626853e-01
3.608000e-05	1.476276e-03	5.788435e-01
3.609000e-05	1.867639e-02	6.622080e-01
3.610000e-05	3.071547e-02	7.683711e-01
3.611000e-05	-8.397898e-03	8.931370e-01
3.612000e-05	-7.689710e-02	9.905234e-01
3.613000e-05	-2.234351e-02	1.105637e+00
3.614000e-05	6.842125e-02	1.167417e+00
3.615000e-05	3.482771e-02	1.272662e+00
3.616000e-05	-7.474348e-02	1.358869e+00
3.617000e-05	7.134608e-03	1.431025e+00
3.618000e-05	8.818178e-02	1.559376e+00
3.619000e-05	-1.828759e-02	1.735770e+00
3.620000e-05	-3.091424e-02	1.687287e+00
3.621000e-05	-2.358214e-03	1.838982e+00
3.622000e-05	-1.427815e-02	1.936839e+00
3.623000e-05	2.084775e-02	1.990449e+00
3.624000e-05	5.743227e-02	2.041505e+00
3.625000e-05	-3.666446e-02	2.156842e+00
3.626000e-05	-5.918560e-02	2.221080e+00
3.627000e-05	6.497641e-02	2.294664e+00
3.628000e-05	4.687963e-02	2.388398e+00
3.629000e-05	-7.648432e-02	2.442079e+00
3.630000e-05	-2.118248e-02	2.546817e+00
3.631000e-05	7.089196e-02	2.693579e+00
3.632000e-05	2.531442e-02	2.799946e+00
3.633000e-05	-4.080371e-02	2.800079e+00
3.634000e-05	-3.155237e-02	2.937262e+00
3.635000e-05	4.692710e-02	2.976445e+00
3.636000e-05	3.168066e-02	3.032108e+00
3.637000e-05	-3.606913e-02	3.167268e+00
3.638000e-05	-1.232074e-02	3.178950e+00
3.639000e-05	4.119277e-02	3.233553e+00
3.640000e-05	1.124102e-02	3.334268e+00
3.641000e-05	-2.084531e-02	3.462500e+00
3.642000e-05	-3.208088e-03	3.558246e+00
3.643000e-05	1.482337e-02	3.599500e+00
3.644000e-05	2.258722e-02	3.651605e+00
3.645000e-05	-1.847024e-03	3.727692e+00
3.646000e-05	-1.181552e-02	3.800377e+00
3.647000e-05	1.451020e-02	3.882053e+00
3.648000e-05	2.283710e-02	3.914284e+00
3.649000e-05	-5.482576e-03	3.978396e+00
3.650000e-05	-7.126545e-03	4.050929e+00
3.651000e-05	1.706203e-02	4.032658e+00
3.652000e-05	1.997737e-02	4.127267e+00
3.653000e-05	1.314097e-03	4.251944e+00
3.654000e-05	-6.347129e-03	4.317740e+00
3.655000e-05	1.255349e-02	4.389422e+00
3.656000e-05	1.923365e-02	4.399501e+00
3.657000e-05	3.410627e-03	4.452558e+00
3.658000e-05	-4.561422e-03	4.486259e+00
3.659000e-05	1.273326e-02	4.558845e+00
3.660000e-05	2.247266e-02	4.613002e+00
3.661000e-05	6.212968e-04	4.683609e+00
3.662000e-05	-2.057916e-03	4.744737e+00
3.663000e-05	1.373965e-02	4.758875e+00
3.664000e-05	2.096529e-02	4.850423e+00
3.665000e-05	5.643557e-03	4.831050e+00
3.666000e-05	-1.146152e-04	4.893712e+00
3.667000e-05	1.435667e-02	5.015788e+00
3.668000e-05	2.011845e-02	4.988396e+00
3.669000e-05	6.353161e-03	5.044108e+00
3.670000e-05	6.400121e-04	5.158737e+00
3.671000e-05	1.406661e-02	5.219443e+00
3.672000e-05	2.077539e-02	5.219977e+00
3.673000e-05	9.703337e-03	5.242582e+00
3.674000e-05	3.928396e-03	5.283612e+00
3.675000e-05	1.515957e-02	5.336835e+00
3.676000e-05	2.087723e-02	5.396820e+00
3.677000e-05	1.228869e-02	5.359893e+00
3.678000e-05	4.582533e-03	5.400550e+00
3.679000e-05	1.452420e-02	5.400426e+00
3.680000e-05	2.167377e-02	5.410575e+00
3.681000e-05	1.383815e-02	5.441530e+00
3.682000e-05	7.595777e-03	5.443683e+00
3.683000e-05	1.563890e-02	5.463157e+00
3.684000e-05	2.300568e-02	5.465661e+00
3.685000e-05	1.663829e-02	5.505713e+00
3.686000e-05	1.123941e-02	5.516862e+00
3.687000e-05	1.671328e-02	5.498315e+00
3.688000e-05	2.274409e-02	5.557814e+00
3.689000e-05	1.928447e-02	5.548267e+00
3.690000e-05	1.217992e-02	5.547397e+00
3.691000e-05	1.821641e-02	5.537796e+00
3.692000e-05	2.413928e-02	5.568367e+00
3.693000e-05	2.223702e-02	5.527820e+00
3.694000e-05	1.619338e-02	5.588366e+00
3.695000e-05	2.064431e-02	5.528441e+00
3.696000e-05	2.521295e-02	5.549795e+00
3.697000e-05	2.420050e-02	5.536866e+00
3.698000e-05	1.741762e-02	5.536868e+00
3.699000e-05	2.135100e-02	5.547309e+00
3.700000e-05	2.564834e-02	5.557187e+00
3.701000e-05	2.458132e-02	5.486243e+00
3.702000e-05	2.057827e-02	5.526238e+00
3.703000e-05	2.160793e-02	5.485137e+00
3.704000e-05	2.606774e-02	5.464659e+00
3.705000e-05	2.446652e-02	5.443129e+00
3.706000e-05	2.072519e-02	5.442626e+00
3.707000e-05	2.215183e-02	5.402100e+00
3.708000e-05	2.458918e-02	5.420449e+00
3.709000e-05	2.378515e-02	5.369470e+00
3.710000e-05	1.878294e-02	5.377420e+00
3.711000e-05	1.922291e-02	5.306261e+00
3.712000e-05	2.306700e-02	5.315736e+00
3.713000e-05	2.348081e-02	5.264758e+00
3.714000e-05	1.891999e-02	5.242553e+00
3.715000e-05	1.920939e-02	5.180002e+00
3.716000e-05	2.043649e-02	5.168919e+00
3.717000e-05	2.023805e-02	5.125294e+00
3.718000e-05	1.540544e-02	5.066162e+00
3.719000e-05	1.678827e-02	4.981940e+00
3.720000e-05	1.822270e-02	4.957336e+00
3.721000e-05	1.862481e-02	4.854106e+00
3.722000e-05	1.335477e-02	4.800577e+00
3.723000e-05	1.480074e-02	4.789499e+00
3.724000e-05	1.606835e-02	4.757419e+00
3.725000e-05	1.579901e-02	4.725310e+00
3.726000e-05	1.273395e-02	4.662629e+00
3.727000e-05	1.350125e-02	4.610023e+00
3.728000e-05	1.299835e-02	4.570870e+00
3.729000e-05	1.357083e-02	4.515682e+00
3.730000e-05	1.025496e-02	4.474084e+00
3.731000e-05	1.117781e-02	4.410500e+00
3.732000e-05	1.207493e-02	4.380000e+00
3.733000e-05	9.532183e-03	4.326895e+00
3.734000e-05	9.382183e-03	4.275683e+00
3.735000e-05	8.463162e-03	4.141947e+00
3.736000e-05	1.076266e-02	4.084685e+00
3.737000e-05	8.250184e-03	4.021053e+00
3.738000e-05	8.466287e-03	3.989924e+00
3.739000e-05	6.483893e-03	3.937368e+00
3.740000e-05	8.662234e-03	3.885708e+00
3.741000e-05	5.848797e-03	3.782001e+00
3.742000e-05	5.299352e-03	3.737845e+00
3.743000e-05	5.298067e-03	3.664607e+00
3.744000e-05	7.196847e-03	3.621077e+00
3.745000e-05	5.913375e-03	3.588924e+00
3.746000e-05	4.764820e-03	3.526335e+00
3.747000e-05	4.744295e-03	3.392525e+00
3.748000e-05	5.809624e-03	3.227259e+00
3.749000e-05	4.261791e-03	3.229024e+00
3.750000e-05	3.137373e-03	3.168470e+00
3.751000e-05	2.677209e-03	3.095786e+00
3.752000e-05	3.764586e-03	3.000024e+00
3.753000e-05	3.465309e-03	2.867895e+00
3.754000e-05	2.177143e-03	2.822133e+00
3.755000e-05	2.314003e-03	2.790498e+00
3.756000e-05	4.344440e-03	2.748869e+00
3.757000e-05	3.062771e-03	2.691528e+00
3.758000e-05	4.882601e-04	2.547790e+00
3.759000e-05	1.216001e-03	2.412128e+00
3.760000e-05	3.163303e-03	2.338896e+00
3.761000e-05	6.899664e-04	2.232682e+00
3.762000e-05	-3.851522e-04	2.200524e+00
3.763000e-05	6.218799e-04	2.074837e+00
3.764000e-05	2.631375e-03	2.031625e+00
3.765000e-05	5.744848e-04	1.988401e+00
3.766000e-05	-1.856926e-03	1.875705e+00
3.767000e-05	1.999557e-05	1.800522e+00
3.768000e-05	7.767842e-04	1.705258e+00
3.769000e-05	6.356339e-05	1.621029e+00
3.770000e-05	-2.605316e-03	1.545235e+00
3.771000e-05	-2.538871e-03	1.431578e+00
3.772000e-05	1.687694e-05	1.328345e+00
3.773000e-05	-7.466763e-04	1.242657e+00
3.774000e-05	-2.758218e-03	1.178894e+00
3.775000e-05	-2.360932e-03	1.051075e+00
3.776000e-05	-1.522788e-04	8.847347e-01
3.777000e-05	-3.166259e-04	8.109989e-01
3.778000e-05	-3.228802e-03	7.674135e-01
3.779000e-05	-3.720362e-03	6.526292e-01
3.780000e-05	-2.257504e-03	6.079187e-01
3.781000e-05	-2.111097e-03	4.645582e-01
3.782000e-05	-3.257840e-03	3.995238e-01
3.783000e-05	-4.153605e-03	3.367659e-01
3.784000e-05	-2.700409e-03	2.400479e-01
3.785000e-05	-2.360124e-03	8.325578e-02
3.786000e-05	-2.866750e-03	-3.007625e-02
3.787000e-05	-3.396347e-03	-1.047144e-01
3.788000e-05	-2.961020e-04	-1.973973e-01
3.789000e-05	-1.585058e-03	-2.432063e-01
3.790000e-05	-3.176889e-03	-3.573669e-01
3.791000e-05	-4.513932e-03	-3.999749e-01
3.792000e-05	-3.315471e-03	-4.546617e-01
3.793000e-05	-3.233793e-03	-5.799521e-01
3.794000e-05	1.409185e-02	-6.967393e-01
3.795000e-05	3.418559e-02	-7.604037e-01
3.796000e-05	-7.852817e-03	-9.362419e-01
3.797000e-05	-8.613910e-02	-1.083140e+00
3.798000e-05	-2.366594e-02	-1.128845e+00
3.799000e-05	6.134092e-02	-1.114743e+00
3.800000e-05	3.149462e-02	-1.209478e+00
3.801000e-05	-7.102813e-02	-1.420984e+00
3.802000e-05	1.549131e-02	-1.548845e+00
3.803000e-05	8.254566e-02	-1.548442e+00
3.804000e-05	-4.176476e-02	-1.634661e+00
3.805000e-05	-4.100893e-02	-1.778950e+00
3.806000e-05	1.528721e-02	-1.810528e+00
3.807000e-05	-3.481964e-02	-1.841157e+00
3.808000e-05	-6.303515e-03	-1.969476e+00
3.809000e-05	7.740622e-02	-2.011553e+00
3.810000e-05	-4.313756e-02	-2.075765e+00
3.811000e-05	-9.239178e-02	-2.293210e+00
3.812000e-05	7.647102e-02	-2.378972e+00
3.813000e-05	4.326507e-02	-2.462083e+00
3.814000e-05	-1.210341e-01	-2.515814e+00
3.815000e-05	-1.101731e-02	-2.570423e+00
3.816000e-05	8.672957e-02	-2.704186e+00
3.817000e-05	-9.782413e-03	-2.767472e+00
3.818000e-05	-5.843183e-02	-2.801000e+00
3.819000e-05	-3.429023e-02	-2.923762e+00
3.820000e-05	3.993822e-02	-3.031056e+00
3.821000e-05	2.589224e-02	-3.147818e+00
3.822000e-05	-7.427301e-02	-3.169400e+00
3.823000e-05	-2.612645e-02	-3.281633e+00
3.824000e-05	6.665933e-02	-3.347366e+00
3.825000e-05	-1.820594e-02	-3.421104e+00
3.826000e-05	-5.843296e-02	-3.486687e+00
3.827000e-05	1.295732e-03	-3.527292e+00
3.828000e-05	1.058396e-02	-3.590000e+00
3.829000e-05	2.053300e-03	-3.624132e+00
3.830000e-05	-3.090770e-02	-3.696426e+00
3.831000e-05	-2.561198e-02	-3.822654e+00
3.832000e-05	1.704087e-02	-3.947874e+00
3.833000e-05	-1.084978e-03	-3.959497e+00
3.834000e-05	-3.560228e-02	-4.013081e+00
3.835000e-05	-1.688577e-02	-4.085787e+00
3.836000e-05	5.833264e-03	-4.177947e+00
3.837000e-05	3.080950e-03	-4.211050e+00
3.838000e-05	-2.729259e-02	-4.253658e+00
3.839000e-05	-2.827763e-02	-4.316867e+00
3.840000e-05	5.048006e-03	-4.388922e+00
3.841000e-05	4.158872e-04	-4.410500e+00
3.842000e-05	-2.681825e-02	-4.454055e+00
3.843000e-05	-2.675416e-02	-4.493743e+00
3.844000e-05	-1.180760e-03	-4.557875e+00
3.845000e-05	6.298948e-03	-4.642504e+00
3.846000e-05	-2.999168e-02	-4.692765e+00
3.847000e-05	-2.817731e-02	-4.705237e+00
3.848000e-05	1.350991e-03	-4.727940e+00
3.849000e-05	-2.208534e-03	-4.810958e+00
3.850000e-05	-2.530270e-02	-4.911711e+00
3.851000e-05	-2.706129e-02	-4.926869e+00
3.852000e-05	-5.475760e-03	-4.968926e+00
3.853000e-05	-9.003478e-04	-5.020027e+00
3.854000e-05	-2.710902e-02	-5.063130e+00
3.855000e-05	-2.588611e-02	-5.035662e+00
3.856000e-05	-6.377244e-03	-5.107767e+00
3.857000e-05	-6.033416e-03	-5.209423e+00
3.858000e-05	-2.296399e-02	-5.211003e+00
3.859000e-05	-2.773374e-02	-5.242555e+00
3.860000e-05	-1.012983e-02	-5.262786e+00
3.861000e-05	-1.008992e-02	-5.286363e+00
3.862000e-05	-2.408011e-02	-5.389451e+00
3.863000e-05	-2.693255e-02	-5.383049e+00
3.864000e-05	-1.436081e-02	-5.475655e+00
3.865000e-05	-1.023925e-02	-5.494134e+00
3.866000e-05	-2.319614e-02	-5.507641e+00
3.867000e-05	-2.858917e-02	-5.556921e+00
3.868000e-05	-1.761985e-02	-5.568375e+00
3.869000e-05	-1.366089e-02	-5.578950e+00
3.870000e-05	-2.390850e-02	-5.579472e+00
3.871000e-05	-2.907539e-02	-5.569999e+00
3.872000e-05	-2.111507e-02	-5.580499e+00
3.873000e-05	-1.586404e-02	-5.590977e+00
3.874000e-05	-2.503083e-02	-5.600477e+00
3.875000e-05	-3.080716e-02	-5.610025e+00
3.876000e-05	-2.236970e-02	-5.612529e+00
3.877000e-05	-1.820414e-02	-5.610052e+00
3.878000e-05	-2.660219e-02	-5.612030e+00
3.879000e-05	-3.266678e-02	-5.600053e+00
3.880000e-05	-2.703284e-02	-5.621526e+00
3.881000e-05	-2.054124e-02	-5.610528e+00
3.882000e-05	-2.813154e-02	-5.622075e+00
3.883000e-05	-3.275149e-02	-5.611551e+00
3.884000e-05	-2.828228e-02	-5.600526e+00
3.885000e-05	-2.325245e-02	-5.600526e+00
3.886000e-05	-2.823966e-02	-5.590476e+00
3.887000e-05	-3.375844e-02	-5.600000e+00
3.888000e-05	-2.849403e-02	-5.567500e+00
3.889000e-05	-2.472549e-02	-5.598971e+00
3.890000e-05	-2.806107e-02	-5.559367e+00
3.891000e-05	-3.227991e-02	-5.537946e+00
3.892000e-05	-2.900105e-02	-5.518890e+00
3.893000e-05	-2.470579e-02	-5.536368e+00
3.894000e-05	-2.881298e-02	-5.423553e+00
3.895000e-05	-3.142216e-02	-5.454127e+00
3.896000e-05	-2.799062e-02	-5.377820e+00
3.897000e-05	-2.311533e-02	-5.348340e+00
3.898000e-05	-2.626565e-02	-5.293263e+00
3.899000e-05	-2.811629e-02	-5.264007e+00
3.900000e-05	-2.707774e-02	-5.262529e+00
3.901000e-05	-2.262676e-02	-5.189499e+00
3.902000e-05	-2.564786e-02	-5.139969e+00
3.903000e-05	-2.775466e-02	-5.096364e+00
3.904000e-05	-2.480398e-02	-5.043183e+00
3.905000e-05	-2.108479e-02	-5.042153e+00
3.906000e-05	-2.130170e-02	-5.001002e+00
3.907000e-05	-2.356487e-02	-4.948393e+00
3.908000e-05	-2.236206e-02	-4.905232e+00
3.909000e-05	-1.905634e-02	-4.790996e+00
3.910000e-05	-2.023661e-02	-4.777394e+00
3.911000e-05	-2.145234e-02	-4.685109e+00
3.912000e-05	-2.242000e-02	-4.633707e+00
3.913000e-05	-1.834058e-02	-4.601054e+00
3.914000e-05	-1.672102e-02	-4.610499e+00
3.915000e-05	-1.939407e-02	-4.546287e+00
3.916000e-05	-1.945041e-02	-4.483257e+00
3.917000e-05	-1.692269e-02	-4.411530e+00
3.918000e-05	-1.563600e-02	-4.389498e+00
3.919000e-05	-1.648153e-02	-4.348397e+00
3.920000e-05	-1.722301e-02	-4.302832e+00
3.921000e-05	-1.495890e-02	-4.243553e+00
3.922000e-05	-1.411331e-02	-4.178125e+00
3.923000e-05	-1.625829e-02	-4.108293e+00
3.924000e-05	-1.590287e-02	-4.053180e+00
3.925000e-05	-1.460860e-02	-3.990553e+00
3.926000e-05	-1.182297e-02	-3.967872e+00
3.927000e-05	-1.448738e-02	-3.924837e+00
3.928000e-05	-1.268396e-02	-3.790450e+00
3.929000e-05	-1.151081e-02	-3.696333e+00
3.930000e-05	-1.145323e-02	-3.610577e+00
3.931000e-05	-1.230706e-02	-3.579446e+00
3.932000e-05	-1.335119e-02	-3.526816e+00
3.933000e-05	-1.087863e-02	-3.431585e+00
3.934000e-05	-1.151283e-02	-3.388945e+00
3.935000e-05	-1.148379e-02	-3.303664e+00
3.936000e-05	-1.232835e-02	-3.220525e+00
3.937000e-05	-9.715544e-03	-3.148922e+00
3.938000e-05	-8.842653e-03	-3.074709e+00
3.939000e-05	-8.945286e-03	-2.959468e+00
3.940000e-05	-1.004304e-02	-2.853606e+00
3.941000e-05	-8.162590e-03	-2.820001e+00
3.942000e-05	-9.302595e-03	-2.707316e+00
3.943000e-05	-9.583948e-03	-2.621080e+00
3.944000e-05	-1.115853e-02	-2.568896e+00
3.945000e-05	-9.022181e-03	-2.482686e+00
3.946000e-05	-6.848070e-03	-2.420528e+00
3.947000e-05	-7.516497e-03	-2.367347e+00
3.948000e-05	-7.175286e-03	-2.201634e+00
3.949000e-05	-7.128065e-03	-2.135216e+00
3.950000e-05	-6.057269e-03	-2.020552e+00
3.951000e-05	-6.928647e-03	-1.967946e+00
3.952000e-05	-7.778133e-03	-1.874211e+00
3.953000e-05	-7.262910e-03	-1.821053e+00
3.954000e-05	-5.380201e-03	-1.716837e+00
3.955000e-05	-6.450730e-03	-1.673603e+00
3.956000e-05	-5.692183e-03	-1.579476e+00
3.957000e-05	-4.587790e-03	-1.476280e+00
3.958000e-05	-4.305111e-03	-1.348490e+00
3.959000e-05	-5.522933e-03	-1.230474e+00
3.960000e-05	-5.808955e-03	-1.138340e+00
3.961000e-05	-5.416236e-03	-1.023178e+00
3.962000e-05	-5.959983e-03	-9.569449e-01
3.963000e-05	-4.637040e-03	-8.742070e-01
3.964000e-05	-4.843942e-03	-7.900488e-01
3.965000e-05	-3.523463e-03	-7.258184e-01
3.966000e-05	-2.522603e-03	-5.879776e-01
3.967000e-05	-3.338691e-03	-4.551582e-01
3.968000e-05	-4.878806e-03	-4.099762e-01
3.969000e-05	-4.048765e-03	-3.172897e-01
3.970000e-05	-4.072699e-03	-2.410788e-01
3.971000e-05	-6.320291e-04	-1.573659e-01
3.972000e-05	-2.906800e-03	-7.260795e-02
3.973000e-05	6.552387e-04	2.997757e-02
3.974000e-05	3.539517e-04	7.318941e-02
3.975000e-05	-2.008628e-04	2.305774e-01
3.976000e-05	-1.508841e-03	3.472420e-01
3.977000e-05	-2.380216e-03	4.205274e-01
3.978000e-05	-1.248160e-03	4.831590e-01
3.979000e-05	4.214349e-03	5.388423e-01
3.980000e-05	2.010216e-02	6.821067e-01
3.981000e-05	3.168988e-02	7.898746e-01
3.982000e-05	-9.435835e-03	8.851604e-01
3.983000e-05	-7.725764e-02	1.003003e+00
3.984000e-05	-2.398212e-02	1.115631e+00
3.985000e-05	6.782734e-02	1.177867e+00
3.986000e-05	3.468593e-02	1.303685e+00
3.987000e-05	-7.373959e-02	1.368371e+00
3.988000e-05	7.350331e-03	1.410054e+00
3.989000e-05	8.792621e-02	1.619471e+00
3.990000e-05	-1.663827e-02	1.696187e+00
3.991000e-05	-2.951165e-02	1.746368e+00
3.992000e-05	-2.364492e-03	1.829480e+00
3.993000e-05	-1.531842e-02	1.937292e+00
3.994000e-05	2.133822e-02	2.000474e+00
3.995000e-05	5.640637e-02	2.041083e+00
3.996000e-05	-3.900002e-02	2.156291e+00
3.997000e-05	-5.858870e-02	2.212076e+00
3.998000e-05	6.615677e-02	2.314661e+00
3.999000e-05	4.757116e-02	2.388370e+00
4.000000e-05	-7.563496e-02	2.433055e+00
4.001000e-05	-1.989442e-02	2.545296e+00
4.002000e-05	7.218513e-02	2.644712e+00
4.003000e-05	2.512991e-02	2.778369e+00
4.004000e-05	-4.433225e-02	2.831980e+00
4.005000e-05	-3.074808e-02	2.915212e+00
4.006000e-05	4.697118e-02	2.968425e+00
4.007000e-05	3.243059e-02	3.030479e+00
4.008000e-05	-3.711137e-02	3.127288e+00
4.009000e-05	-1.135388e-02	3.230974e+00
4.010000e-05	4.276813e-02	3.241579e+00
4.011000e-05	1.064552e-02	3.327288e+00
4.012000e-05	-2.138128e-02	3.473453e+00
4.013000e-05	-2.793094e-03	3.558193e+00
4.014000e-05	1.327996e-02	3.598528e+00
4.015000e-05	2.192309e-02	3.651104e+00
4.016000e-05	-2.128256e-03	3.716817e+00
4.017000e-05	-1.034834e-02	3.819446e+00
4.018000e-05	1.361672e-02	3.833606e+00
4.019000e-05	2.182902e-02	3.916286e+00
4.020000e-05	-5.300742e-03	3.968870e+00
4.021000e-05	-7.205314e-03	4.010504e+00
4.022000e-05	1.665188e-02	4.033183e+00
4.023000e-05	1.849870e-02	4.076218e+00
4.024000e-05	1.346325e-03	4.210954e+00
4.025000e-05	-5.594846e-03	4.335815e+00
4.026000e-05	1.178389e-02	4.389895e+00
4.027000e-05	1.954356e-02	4.399575e+00
4.028000e-05	3.868244e-03	4.452583e+00
4.029000e-05	-3.952987e-03	4.484789e+00
4.030000e-05	1.307892e-02	4.548891e+00
4.031000e-05	2.244280e-02	4.630928e+00
4.032000e-05	1.010045e-03	4.675130e+00
4.033000e-05	-2.132803e-03	4.715788e+00
4.034000e-05	1.375357e-02	4.737871e+00
4.035000e-05	2.042525e-02	4.789998e+00
4.036000e-05	4.538073e-03	4.821027e+00
4.037000e-05	9.861107e-04	4.874683e+00
4.038000e-05	1.497066e-02	4.919915e+00
4.039000e-05	2.045563e-02	5.029973e+00
4.040000e-05	6.291734e-03	5.094157e+00
4.041000e-05	2.187202e-03	5.128769e+00
4.042000e-05	1.487868e-02	5.138769e+00
4.043000e-05	1.921255e-02	5.200451e+00
4.044000e-05	8.623055e-03	5.244129e+00
4.045000e-05	5.188081e-03	5.294711e+00
4.046000e-05	1.473591e-02	5.316315e+00
4.047000e-05	1.928136e-02	5.329320e+00
4.048000e-05	1.152230e-02	5.369916e+00
4.049000e-05	7.887399e-03	5.407472e+00
4.050000e-05	1.521686e-02	5.390529e+00
4.051000e-05	2.057511e-02	5.401505e+00
4.052000e-05	1.408506e-02	5.432576e+00
4.053000e-05	8.346705e-03	5.462032e+00
4.054000e-05	1.420884e-02	5.524158e+00
4.055000e-05	2.161691e-02	5.466159e+00
4.056000e-05	1.697013e-02	5.515288e+00
4.057000e-05	1.151247e-02	5.505238e+00
4.058000e-05	1.649414e-02	5.497866e+00
4.059000e-05	2.195666e-02	5.538863e+00
4.060000e-05	1.945757e-02	5.566868e+00
4.061000e-05	1.403613e-02	5.528915e+00
4.062000e-05	1.858539e-02	5.568368e+00
4.063000e-05	2.328430e-02	5.578841e+00
4.064000e-05	2.177821e-02	5.536344e+00
4.065000e-05	1.670318e-02	5.569419e+00
4.066000e-05	2.023769e-02	5.517895e+00
4.067000e-05	2.452924e-02	5.558793e+00
4.068000e-05	2.319814e-02	5.516842e+00
4.069000e-05	1.880682e-02	5.548365e+00
4.070000e-05	2.179803e-02	5.516888e+00
4.071000e-05	2.480632e-02	5.507237e+00
4.072000e-05	2.412403e-02	5.505787e+00
4.073000e-05	2.037461e-02	5.516763e+00
4.074000e-05	2.145895e-02	5.476262e+00
4.075000e-05	2.558945e-02	5.462658e+00
4.076000e-05	2.398838e-02	5.414258e+00
4.077000e-05	2.023659e-02	5.434125e+00
4.078000e-05	2.159559e-02	5.401574e+00
4.079000e-05	2.487262e-02	5.370500e+00
4.080000e-05	2.319825e-02	5.370021e+00
4.081000e-05	2.037097e-02	5.347919e+00
4.082000e-05	2.039924e-02	5.315866e+00
4.083000e-05	2.246200e-02	5.295737e+00
4.084000e-05	2.076645e-02	5.263181e+00
4.085000e-05	1.966688e-02	5.222552e+00
4.086000e-05	1.858760e-02	5.220475e+00
4.087000e-05	2.023982e-02	5.168347e+00
4.088000e-05	1.879534e-02	5.124758e+00
4.089000e-05	1.800160e-02	5.073678e+00
4.090000e-05	1.644096e-02	4.991920e+00
4.091000e-05	1.804422e-02	4.868237e+00
4.092000e-05	1.822602e-02	4.885083e+00
4.093000e-05	1.501313e-02	4.822023e+00
4.094000e-05	1.419655e-02	4.789448e+00
4.095000e-05	1.515855e-02	4.748944e+00
4.096000e-05	1.566338e-02	4.686811e+00
4.097000e-05	1.211436e-02	4.622682e+00
4.098000e-05	1.180597e-02	4.630079e+00
4.099000e-05	1.322593e-02	4.577392e+00
4.100000e-05	1.533796e-02	4.465761e+00
4.101000e-05	1.147995e-02	4.433033e+00
4.102000e-05	9.889046e-03	4.391054e+00
4.103000e-05	1.054573e-02	4.369920e+00
4.104000e-05	1.278686e-02	4.346844e+00
4.105000e-05	9.563911e-03	4.274715e+00
4.106000e-05	7.266804e-03	4.210570e+00
4.107000e-05	9.863933e-03	4.117235e+00
4.108000e-05	1.018916e-02	4.022553e+00
4.109000e-05	9.631256e-03	3.970024e+00
4.110000e-05	6.954412e-03	3.947344e+00
4.111000e-05	6.300148e-03	3.893634e+00
4.112000e-05	8.241393e-03	3.841073e+00
4.113000e-05	6.964590e-03	3.747392e+00
4.114000e-05	4.965513e-03	3.685129e+00
4.115000e-05	5.559300e-03	3.610025e+00
4.116000e-05	6.342477e-03	3.588448e+00
4.117000e-05	6.314337e-03	3.497237e+00
4.118000e-05	3.548338e-03	3.409998e+00
4.119000e-05	4.320867e-03	3.303756e+00
4.120000e-05	6.110792e-03	3.250524e+00
4.121000e-05	5.334736e-03	3.167370e+00
4.122000e-05	3.374713e-03	3.096306e+00
4.123000e-05	2.378400e-03	3.011573e+00
4.124000e-05	3.188672e-03	2.927366e+00
4.125000e-05	2.685470e-03	2.861627e+00
4.126000e-05	2.190312e-03	2.790950e+00
4.127000e-05	1.500009e-03	2.737942e+00
4.128000e-05	3.105123e-03	2.682153e+00
4.129000e-05	3.227762e-03	2.506337e+00
4.130000e-05	2.160086e-03	2.411550e+00
4.131000e-05	-1.814979e-04	2.329441e+00
4.132000e-05	1.905082e-03	2.253681e+00
4.133000e-05	1.487172e-03	2.177996e+00
4.134000e-05	6.907038e-04	2.115783e+00
4.135000e-05	-1.233657e-03	2.042579e+00
4.136000e-05	-9.211260e-05	1.968922e+00
4.137000e-05	1.315644e-03	1.894685e+00
4.138000e-05	-3.838494e-04	1.759896e+00
4.139000e-05	-1.499908e-03	1.646712e+00
4.140000e-05	-1.444606e-03	1.600079e+00
4.141000e-05	9.490147e-04	1.497217e+00
4.142000e-05	-1.409049e-03	1.409604e+00
4.143000e-05	-1.763318e-03	1.337340e+00
4.144000e-05	-1.813319e-03	1.222628e+00
4.145000e-05	-6.913967e-04	1.158418e+00
4.146000e-05	-2.075610e-03	1.030755e+00
4.147000e-05	-1.563417e-03	8.852081e-01
4.148000e-05	-4.107981e-03	8.010727e-01
4.149000e-05	-1.012960e-03	7.178161e-01
4.150000e-05	-3.151250e-03	6.216267e-01
4.151000e-05	-2.505658e-03	5.674685e-01
4.152000e-05	-3.872834e-03	4.816580e-01
4.153000e-05	-2.219467e-03	3.895251e-01
4.154000e-05	-3.568111e-03	3.368399e-01
4.155000e-05	-3.174825e-03	2.189991e-01
4.156000e-05	-4.761045e-03	7.370934e-02
4.157000e-05	-1.949468e-03	-2.881877e-05
4.158000e-05	-2.150796e-03	-6.426160e-02
4.159000e-05	-7.000236e-04	-1.688708e-01
4.160000e-05	-3.207817e-03	-2.431353e-01
4.161000e-05	-2.218347e-03	-3.578195e-01
4.162000e-05	-2.677093e-03	-4.100024e-01
4.163000e-05	-2.995448e-03	-4.926853e-01
4.164000e-05	-4.199439e-03	-5.894560e-01
4.165000e-05	1.306470e-02	-6.967892e-01
4.166000e-05	3.682316e-02	-8.105000e-01
4.167000e-05	-8.807811e-03	-9.347943e-01
4.168000e-05	-8.745282e-02	-1.104660e+00
4.169000e-05	-2.529110e-02	-1.168922e+00
4.170000e-05	6.451723e-02	-1.114267e+00
4.171000e-05	3.169363e-02	-1.189527e+00
4.172000e-05	-7.073596e-02	-1.451610e+00
4.173000e-05	1.381578e-02	-1.537872e+00
4.174000e-05	8.381977e-02	-1.555816e+00
4.175000e-05	-4.085914e-02	-1.673656e+00
4.176000e-05	-4.228696e-02	-1.780451e+00
4.177000e-05	1.461958e-02	-1.810477e+00
4.178000e-05	-3.300184e-02	-1.863133e+00
4.179000e-05	-5.334694e-03	-2.018922e+00
4.180000e-05	7.534638e-02	-2.031106e+00
4.181000e-05	-4.311467e-02	-2.114738e+00
4.182000e-05	-8.876847e-02	-2.273631e+00
4.183000e-05	7.651255e-02	-2.379450e+00
4.184000e-05	4.121081e-02	-2.420584e+00
4.185000e-05	-1.197371e-01	-2.505940e+00
4.186000e-05	-9.308114e-03	-2.609471e+00
4.187000e-05	8.520075e-02	-2.684161e+00
4.188000e-05	-1.083731e-02	-2.758447e+00
4.189000e-05	-5.890659e-02	-2.801001e+00
4.190000e-05	-3.247374e-02	-2.903190e+00
4.191000e-05	4.103140e-02	-3.064086e+00
4.192000e-05	2.538570e-02	-3.167793e+00
4.193000e-05	-7.238167e-02	-3.179998e+00
4.194000e-05	-2.584161e-02	-3.263134e+00
4.195000e-05	6.610174e-02	-3.327796e+00
4.196000e-05	-1.861209e-02	-3.411058e+00
4.197000e-05	-5.912825e-02	-3.475138e+00
4.198000e-05	8.280034e-04	-3.567791e+00
4.199000e-05	1.099845e-02	-3.580453e+00
4.200000e-05	3.915404e-03	-3.663160e+00
4.201000e-05	-3.183975e-02	-3.736746e+00
4.202000e-05	-2.568797e-02	-3.865210e+00
4.203000e-05	1.545263e-02	-3.957872e+00
4.204000e-05	-2.997777e-04	-3.989503e+00
4.205000e-05	-3.642899e-02	-4.031079e+00
4.206000e-05	-1.559999e-02	-4.074188e+00
4.207000e-05	5.248254e-03	-4.158896e+00
4.208000e-05	4.790842e-03	-4.209578e+00
4.209000e-05	-2.760349e-02	-4.283530e+00
4.210000e-05	-3.128173e-02	-4.297841e+00
4.211000e-05	4.770288e-03	-4.399450e+00
4.212000e-05	6.572328e-04	-4.390030e+00
4.213000e-05	-2.322316e-02	-4.462534e+00
4.214000e-05	-2.771067e-02	-4.494786e+00
4.215000e-05	4.536183e-05	-4.579398e+00
4.216000e-05	4.295884e-03	-4.651160e+00
4.217000e-05	-2.863744e-02	-4.654130e+00
4.218000e-05	-3.097168e-02	-4.723793e+00
4.219000e-05	1.369233e-03	-4.747947e+00
4.220000e-05	-2.194234e-03	-4.781682e+00
4.221000e-05	-2.331149e-02	-4.854135e+00
4.222000e-05	-2.787854e-02	-4.966716e+00
4.223000e-05	-6.152964e-03	-4.968476e+00
4.224000e-05	-1.962761e-03	-4.990983e+00
4.225000e-05	-2.614462e-02	-5.042106e+00
4.226000e-05	-2.736322e-02	-5.126741e+00
4.227000e-05	-6.554904e-03	-5.177918e+00
4.228000e-05	-7.150762e-03	-5.179424e+00
4.229000e-05	-2.267290e-02	-5.230503e+00
4.230000e-05	-2.766637e-02	-5.240630e+00
4.231000e-05	-1.167982e-02	-5.276184e+00
4.232000e-05	-7.743458e-03	-5.304843e+00
4.233000e-05	-2.285968e-02	-5.399973e+00
4.234000e-05	-2.599190e-02	-5.474081e+00
4.235000e-05	-1.533950e-02	-5.456604e+00
4.236000e-05	-1.116293e-02	-5.485662e+00
4.237000e-05	-2.266414e-02	-5.526664e+00
4.238000e-05	-2.869434e-02	-5.529872e+00
4.239000e-05	-1.772935e-02	-5.588995e+00
4.240000e-05	-1.524385e-02	-5.548898e+00
4.241000e-05	-2.227954e-02	-5.598974e+00
4.242000e-05	-2.827425e-02	-5.579497e+00
4.243000e-05	-2.067024e-02	-5.590000e+00
4.244000e-05	-1.715084e-02	-5.600502e+00
4.245000e-05	-2.329826e-02	-5.610504e+00
4.246000e-05	-3.046173e-02	-5.610002e+00
4.247000e-05	-2.406563e-02	-5.611501e+00
4.248000e-05	-2.058214e-02	-5.620576e+00
4.249000e-05	-2.502329e-02	-5.602027e+00
4.250000e-05	-3.146592e-02	-5.613028e+00
4.251000e-05	-2.639129e-02	-5.610527e+00
4.252000e-05	-2.118098e-02	-5.591480e+00
4.253000e-05	-2.680431e-02	-5.623000e+00
4.254000e-05	-3.227393e-02	-5.600530e+00
4.255000e-05	-2.860106e-02	-5.581026e+00
4.256000e-05	-2.415071e-02	-5.610501e+00
4.257000e-05	-2.767161e-02	-5.590047e+00
4.258000e-05	-3.304727e-02	-5.610500e+00
4.259000e-05	-2.957203e-02	-5.579924e+00
4.260000e-05	-2.543498e-02	-5.589975e+00
4.261000e-05	-2.807757e-02	-5.569369e+00
4.262000e-05	-3.146843e-02	-5.568942e+00
4.263000e-05	-2.939386e-02	-5.537344e+00
4.264000e-05	-2.513889e-02	-5.505640e+00
4.265000e-05	-2.754688e-02	-5.484653e+00
4.266000e-05	-3.083128e-02	-5.431935e+00
4.267000e-05	-2.915754e-02	-5.380433e+00
4.268000e-05	-2.435432e-02	-5.357795e+00
4.269000e-05	-2.484247e-02	-5.275717e+00
4.270000e-05	-2.786744e-02	-5.255108e+00
4.271000e-05	-2.668864e-02	-5.210532e+00
4.272000e-05	-2.310946e-02	-5.179974e+00
4.273000e-05	-2.417563e-02	-5.139446e+00
4.274000e-05	-2.665162e-02	-5.126261e+00
4.275000e-05	-2.619555e-02	-5.105234e+00
4.276000e-05	-2.144579e-02	-5.003128e+00
4.277000e-05	-2.135545e-02	-5.010501e+00
4.278000e-05	-2.252715e-02	-4.988444e+00
4.279000e-05	-2.306915e-02	-4.841739e+00
4.280000e-05	-2.104188e-02	-4.832374e+00
4.281000e-05	-2.142993e-02	-4.707294e+00
4.282000e-05	-2.167430e-02	-4.672610e+00
4.283000e-05	-1.985729e-02	-4.654158e+00
4.284000e-05	-1.767114e-02	-4.611051e+00
4.285000e-05	-1.865990e-02	-4.598400e+00
4.286000e-05	-1.940908e-02	-4.518341e+00
4.287000e-05	-1.940185e-02	-4.463656e+00
4.288000e-05	-1.696604e-02	-4.431151e+00
4.289000e-05	-1.815630e-02	-4.378975e+00
4.290000e-05	-1.617859e-02	-4.327421e+00
4.291000e-05	-1.622437e-02	-4.315734e+00
4.292000e-05	-1.453074e-02	-4.211627e+00
4.293000e-05	-1.477731e-02	-4.179524e+00
4.294000e-05	-1.660511e-02	-4.146890e+00
4.295000e-05	-1.681006e-02	-4.073680e+00
4.296000e-05	-1.305925e-02	-4.011050e+00
4.297000e-05	-1.272098e-02	-3.958499e+00
4.298000e-05	-1.322043e-02	-3.907288e+00
4.299000e-05	-1.398631e-02	-3.829978e+00
4.300000e-05	-1.167046e-02	-3.684165e+00
4.301000e-05	-1.108752e-02	-3.621153e+00
4.302000e-05	-1.302243e-02	-3.568474e+00
4.303000e-05	-1.308416e-02	-3.515821e+00
4.304000e-05	-1.062779e-02	-3.442628e+00
4.305000e-05	-1.023195e-02	-3.347449e+00
4.306000e-05	-1.190035e-02	-3.276712e+00
4.307000e-05	-1.189622e-02	-3.231578e+00
4.308000e-05	-9.999689e-03	-3.177499e+00
4.309000e-05	-8.580758e-03	-3.084236e+00
4.310000e-05	-9.967480e-03	-2.989897e+00
4.311000e-05	-9.691565e-03	-2.835180e+00
4.312000e-05	-8.225457e-03	-2.791023e+00
4.313000e-05	-7.605438e-03	-2.717895e+00
4.314000e-05	-9.864141e-03	-2.633730e+00
4.315000e-05	-1.057551e-02	-2.548899e+00
4.316000e-05	-7.703040e-03	-2.454684e+00
4.317000e-05	-7.214012e-03	-2.399076e+00
4.318000e-05	-7.721795e-03	-2.327914e+00
4.319000e-05	-7.703935e-03	-2.251609e+00
4.320000e-05	-6.124387e-03	-2.058338e+00
4.321000e-05	-5.991392e-03	-2.011103e+00
4.322000e-05	-7.434719e-03	-1.958473e+00
4.323000e-05	-8.424907e-03	-1.885258e+00
4.324000e-05	-6.041845e-03	-1.780002e+00
4.325000e-05	-5.382971e-03	-1.716346e+00
4.326000e-05	-4.973176e-03	-1.651203e+00
4.327000e-05	-7.116185e-03	-1.539398e+00
4.328000e-05	-5.980663e-03	-1.494837e+00
4.329000e-05	-4.571154e-03	-1.318395e+00
4.330000e-05	-5.977775e-03	-1.232055e+00
4.331000e-05	-5.940151e-03	-1.157363e+00
4.332000e-05	-5.283367e-03	-1.032580e+00
4.333000e-05	-3.230165e-03	-9.369175e-01
4.334000e-05	-5.076578e-03	-8.337594e-01
4.335000e-05	-5.637307e-03	-7.784974e-01
4.336000e-05	-4.789497e-03	-7.069407e-01
4.337000e-05	-3.393787e-03	-5.919703e-01
4.338000e-05	-2.879140e-03	-4.731605e-01
4.339000e-05	-3.961592e-03	-3.894762e-01
4.340000e-05	-4.487013e-03	-3.163159e-01
4.341000e-05	-2.873499e-03	-2.311540e-01
4.342000e-05	-2.193171e-03	-1.478695e-01
4.343000e-05	-2.095209e-03	-4.270795e-02
4.344000e-05	-1.514630e-03	1.055381e-02
4.345000e-05	5.087654e-04	8.268673e-02
4.346000e-05	1.086390e-03	1.705774e-01
4.347000e-05	-1.859855e-03	3.358959e-01
4.348000e-05	-1.265953e-03	4.100501e-01
4.349000e-05	-7.729730e-04	4.747367e-01
4.350000e-05	3.490600e-03	5.778448e-01
4.351000e-05	1.850789e-02	6.516353e-01
4.352000e-05	3.052251e-02	7.889423e-01
4.353000e-05	-9.613295e-03	8.741354e-01
4.354000e-05	-7.575230e-02	1.002527e+00
4.355000e-05	-2.294407e-02	1.013757e+00
4.356000e-05	6.788725e-02	1.188321e+00
4.357000e-05	3.395425e-02	1.244184e+00
4.358000e-05	-7.231140e-02	1.358341e+00
4.359000e-05	3.893703e-03	1.401451e+00
4.360000e-05	8.746140e-02	1.599449e+00
4.361000e-05	-1.703186e-02	1.725140e+00
4.362000e-05	-2.917609e-02	1.736815e+00
4.363000e-05	-2.860656e-03	1.811549e+00
4.364000e-05	-1.602609e-02	1.947817e+00
4.365000e-05	2.217144e-02	1.989474e+00
4.366000e-05	5.686439e-02	2.031656e+00
4.367000e-05	-3.829027e-02	2.157397e+00
4.368000e-05	-5.849079e-02	2.211528e+00
4.369000e-05	6.581090e-02	2.294158e+00
4.370000e-05	4.647558e-02	2.378370e+00
4.371000e-05	-7.549297e-02	2.433128e+00
4.372000e-05	-2.063763e-02	2.538341e+00
4.373000e-05	7.209691e-02	2.653160e+00
4.374000e-05	2.594615e-02	2.797374e+00
4.375000e-05	-4.263032e-02	2.821579e+00
4.376000e-05	-3.123023e-02	2.895762e+00
4.377000e-05	4.660270e-02	2.979969e+00
4.378000e-05	3.208602e-02	3.011078e+00
4.379000e-05	-3.729071e-02	3.168745e+00
4.380000e-05	-1.181189e-02	3.200424e+00
4.381000e-05	4.302893e-02	3.211651e+00
4.382000e-05	1.143692e-02	3.296791e+00
4.383000e-05	-2.050321e-02	3.432557e+00
4.384000e-05	-3.373499e-03	3.547768e+00
4.385000e-05	1.449509e-02	3.609450e+00
4.386000e-05	2.087784e-02	3.633058e+00
4.387000e-05	-1.282344e-03	3.706717e+00
4.388000e-05	-1.138936e-02	3.789474e+00
4.389000e-05	1.491303e-02	3.844130e+00
4.390000e-05	2.101647e-02	3.917264e+00
4.391000e-05	-4.657523e-03	3.969396e+00
4.392000e-05	-7.292416e-03	4.010472e+00
4.393000e-05	1.692082e-02	4.024135e+00
4.394000e-05	1.833820e-02	4.095312e+00
4.395000e-05	1.205607e-03	4.200025e+00
4.396000e-05	-5.177538e-03	4.317788e+00
4.397000e-05	1.145652e-02	4.390444e+00
4.398000e-05	1.802348e-02	4.420029e+00
4.399000e-05	3.278025e-03	4.452730e+00
4.400000e-05	-3.396579e-03	4.476257e+00
4.401000e-05	1.320555e-02	4.568792e+00
4.402000e-05	2.018387e-02	4.620574e+00
4.403000e-05	2.272531e-03	4.674057e+00
4.404000e-05	-2.427745e-03	4.685192e+00
4.405000e-05	1.363333e-02	4.758867e+00
4.406000e-05	2.094752e-02	4.799975e+00
4.407000e-05	4.213740e-03	4.830529e+00
4.408000e-05	5.894948e-04	4.885208e+00
4.409000e-05	1.380416e-02	4.907542e+00
4.410000e-05	2.008491e-02	5.023458e+00
4.411000e-05	6.435945e-03	5.066157e+00
4.412000e-05	1.454139e-03	5.137792e+00
4.413000e-05	1.551891e-02	5.198473e+00
4.414000e-05	2.043553e-02	5.221478e+00
4.415000e-05	8.735949e-03	5.222158e+00
4.416000e-05	4.101907e-03	5.285657e+00
4.417000e-05	1.438862e-02	5.266737e+00
4.418000e-05	2.076710e-02	5.387787e+00
4.419000e-05	1.042889e-02	5.368395e+00
4.420000e-05	7.037283e-03	5.370446e+00
4.421000e-05	1.510342e-02	5.390001e+00
4.422000e-05	2.193622e-02	5.450576e+00
4.423000e-05	1.290364e-02	5.421533e+00
4.424000e-05	8.522252e-03	5.454107e+00
4.425000e-05	1.540145e-02	5.484179e+00
4.426000e-05	2.261689e-02	5.483159e+00
4.427000e-05	1.545751e-02	5.446163e+00
4.428000e-05	1.087978e-02	5.507311e+00
4.429000e-05	1.666565e-02	5.537766e+00
4.430000e-05	2.359217e-02	5.577764e+00
4.431000e-05	1.779777e-02	5.527739e+00
4.432000e-05	1.404338e-02	5.568416e+00
4.433000e-05	1.818730e-02	5.507419e+00
4.434000e-05	2.472894e-02	5.547767e+00
4.435000e-05	2.139019e-02	5.508320e+00
4.436000e-05	1.620022e-02	5.566916e+00
4.437000e-05	1.909145e-02	5.557871e+00
4.438000e-05	2.668567e-02	5.518870e+00
4.439000e-05	2.240912e-02	5.537920e+00
4.440000e-05	1.787403e-02	5.549292e+00
4.441000e-05	2.176707e-02	5.556292e+00
4.442000e-05	2.723002e-02	5.505738e+00
4.443000e-05	2.406103e-02	5.515814e+00
4.444000e-05	2.005995e-02	5.484658e+00
4.445000e-05	2.131802e-02	5.455711e+00
4.446000e-05	2.654369e-02	5.485185e+00
4.447000e-05	2.339460e-02	5.464232e+00
4.448000e-05	2.067101e-02	5.432151e+00
4.449000e-05	2.142643e-02	5.420524e+00
4.450000e-05	2.510616e-02	5.391497e+00
4.451000e-05	2.283321e-02	5.398973e+00
4.452000e-05	1.937406e-02	5.317971e+00
4.453000e-05	2.075425e-02	5.307792e+00
4.454000e-05	2.371247e-02	5.275737e+00
4.455000e-05	2.139589e-02	5.212702e+00
4.456000e-05	1.823481e-02	5.222529e+00
4.457000e-05	1.791902e-02	5.171047e+00
4.458000e-05	2.118543e-02	5.179467e+00
4.459000e-05	1.906151e-02	5.106264e+00
4.460000e-05	1.611177e-02	5.051157e+00
4.461000e-05	1.484997e-02	4.969444e+00
4.462000e-05	1.912051e-02	4.946281e+00
4.463000e-05	1.888601e-02	4.845103e+00
4.464000e-05	1.445907e-02	4.801554e+00
4.465000e-05	1.272025e-02	4.810021e+00
4.466000e-05	1.700977e-02	4.728844e+00
4.467000e-05	1.461831e-02	4.725309e+00
4.468000e-05	1.157282e-02	4.663629e+00
4.469000e-05	1.085725e-02	4.581077e+00
4.470000e-05	1.593622e-02	4.578370e+00
4.471000e-05	1.375648e-02	4.486236e+00
4.472000e-05	1.036631e-02	4.453155e+00
4.473000e-05	9.022273e-03	4.421027e+00
4.474000e-05	1.294593e-02	4.379998e+00
4.475000e-05	1.154432e-02	4.367371e+00
4.476000e-05	9.619489e-03	4.275855e+00
4.477000e-05	6.717248e-03	4.179471e+00
4.478000e-05	1.079896e-02	4.075633e+00
4.479000e-05	9.725382e-03	4.070078e+00
4.480000e-05	7.525546e-03	3.987471e+00
4.481000e-05	6.588803e-03	3.927838e+00
4.482000e-05	8.265366e-03	3.864158e+00
4.483000e-05	9.046316e-03	3.819526e+00
4.484000e-05	6.722451e-03	3.717795e+00
4.485000e-05	4.798496e-03	3.654683e+00
4.486000e-05	6.087510e-03	3.610053e+00
4.487000e-05	6.038964e-03	3.558999e+00
4.488000e-05	4.368974e-03	3.517336e+00
4.489000e-05	4.003725e-03	3.390578e+00
4.490000e-05	5.206146e-03	3.256211e+00
4.491000e-05	5.580971e-03	3.200028e+00
4.492000e-05	3.889021e-03	3.148446e+00
4.493000e-05	1.983518e-03	3.083712e+00
4.494000e-05	3.712595e-03	3.020075e+00
4.495000e-05	4.774759e-03	2.927790e+00
4.496000e-05	3.264123e-03	2.842231e+00
4.497000e-05	1.393433e-03	2.810996e+00
4.498000e-05	3.178781e-03	2.736412e+00
4.499000e-05	3.539192e-03	2.663028e+00
4.500000e-05	1.772506e-03	2.516284e+00
4.501000e-05	4.757984e-05	2.421075e+00
4.502000e-05	1.414630e-03	2.327316e+00
4.503000e-05	2.135818e-03	2.264207e+00
4.504000e-05	1.393250e-03	2.180974e+00
4.505000e-05	5.806195e-04	2.085334e+00
4.506000e-05	5.876303e-04	2.013077e+00
4.507000e-05	1.012708e-03	1.958948e+00
4.508000e-05	1.209865e-03	1.895760e+00
4.509000e-05	-5.914870e-04	1.709468e+00
4.510000e-05	-5.747948e-04	1.703739e+00
4.511000e-05	-3.924413e-04	1.632073e+00
4.512000e-05	-9.912655e-04	1.487241e+00
4.513000e-05	-1.207546e-03	1.390527e+00
4.514000e-05	-2.077283e-03	1.365310e+00
4.515000e-05	1.864714e-04	1.254129e+00
4.516000e-05	-1.343451e-03	1.138469e+00
4.517000e-05	-1.676944e-03	1.080153e+00
4.518000e-05	-2.516143e-03	8.852322e-01
4.519000e-05	-1.110600e-03	7.910228e-01
4.520000e-05	-3.317863e-03	7.159161e-01
4.521000e-05	-1.817376e-03	6.426305e-01
4.522000e-05	-2.867451e-03	5.979224e-01
4.523000e-05	-2.532829e-03	4.626818e-01
4.524000e-05	-2.559193e-03	3.905238e-01
4.525000e-05	-3.158841e-03	3.068612e-01
4.526000e-05	-2.747627e-03	1.999428e-01
4.527000e-05	-3.718929e-03	6.323058e-02
4.528000e-05	-3.544101e-03	-1.048006e-02
4.529000e-05	-1.608453e-03	-6.371296e-02
4.530000e-05	-7.178769e-04	-1.598946e-01
4.531000e-05	-3.258529e-03	-2.316365e-01
4.532000e-05	-2.843756e-03	-3.588958e-01
4.533000e-05	-3.070062e-03	-4.104775e-01
4.534000e-05	-3.888188e-03	-5.447140e-01
4.535000e-05	-3.358858e-03	-5.994247e-01
4.536000e-05	1.278967e-02	-7.258182e-01
4.537000e-05	3.543450e-02	-8.204975e-01
4.538000e-05	-8.963030e-03	-9.358155e-01
4.539000e-05	-8.739792e-02	-1.084187e+00
4.540000e-05	-2.502267e-02	-1.147867e+00
4.541000e-05	6.339782e-02	-1.105816e+00
4.542000e-05	2.930695e-02	-1.209450e+00
4.543000e-05	-6.981947e-02	-1.431084e+00
4.544000e-05	1.234673e-02	-1.538842e+00
4.545000e-05	8.434713e-02	-1.565872e+00
4.546000e-05	-4.058730e-02	-1.663088e+00
4.547000e-05	-4.189529e-02	-1.829476e+00
4.548000e-05	1.360815e-02	-1.800475e+00
4.549000e-05	-3.321287e-02	-1.873160e+00
4.550000e-05	-4.643468e-03	-1.979399e+00
4.551000e-05	7.484615e-02	-2.022050e+00
4.552000e-05	-4.388259e-02	-2.085165e+00
4.553000e-05	-8.789643e-02	-2.274688e+00
4.554000e-05	7.594438e-02	-2.369450e+00
4.555000e-05	4.088838e-02	-2.421628e+00
4.556000e-05	-1.195007e-01	-2.535818e+00
4.557000e-05	-9.924053e-03	-2.589925e+00
4.558000e-05	8.508315e-02	-2.662662e+00
4.559000e-05	-1.060051e-02	-2.779924e+00
4.560000e-05	-5.852499e-02	-2.801051e+00
4.561000e-05	-3.399934e-02	-2.894668e+00
4.562000e-05	4.183470e-02	-3.072514e+00
4.563000e-05	2.587483e-02	-3.167794e+00
4.564000e-05	-7.502053e-02	-3.179946e+00
4.565000e-05	-2.364214e-02	-3.223112e+00
4.566000e-05	6.547513e-02	-3.358371e+00
4.567000e-05	-1.842395e-02	-3.422004e+00
4.568000e-05	-5.902325e-02	-3.496690e+00
4.569000e-05	-8.047109e-04	-3.554816e+00
4.570000e-05	1.147958e-02	-3.569476e+00
4.571000e-05	9.445723e-04	-3.662756e+00
4.572000e-05	-2.921072e-02	-3.705818e+00
4.573000e-05	-2.769827e-02	-3.863133e+00
4.574000e-05	1.806804e-02	-3.918873e+00
4.575000e-05	-1.843038e-03	-3.999950e+00
4.576000e-05	-3.627003e-02	-4.031031e+00
4.577000e-05	-1.833450e-02	-4.085760e+00
4.578000e-05	5.119578e-03	-4.159851e+00
4.579000e-05	3.610857e-03	-4.221054e+00
4.580000e-05	-2.606936e-02	-4.273639e+00
4.581000e-05	-3.094751e-02	-4.316340e+00
4.582000e-05	4.661894e-03	-4.387821e+00
4.583000e-05	1.054876e-03	-4.410026e+00
4.584000e-05	-2.475940e-02	-4.453155e+00
4.585000e-05	-2.789001e-02	-4.525662e+00
4.586000e-05	-1.614301e-03	-4.568851e+00
4.587000e-05	6.390605e-03	-4.652028e+00
4.588000e-05	-2.924143e-02	-4.665692e+00
4.589000e-05	-3.075558e-02	-4.705315e+00
4.590000e-05	2.905890e-04	-4.766797e+00
4.591000e-05	-1.321842e-04	-4.823558e+00
4.592000e-05	-2.475991e-02	-4.875656e+00
4.593000e-05	-2.901688e-02	-4.925392e+00
4.594000e-05	-6.856889e-03	-4.987422e+00
4.595000e-05	-3.385959e-04	-4.990506e+00
4.596000e-05	-2.507509e-02	-5.010659e+00
4.597000e-05	-2.832049e-02	-5.105212e+00
4.598000e-05	-7.153743e-03	-5.176870e+00
4.599000e-05	-6.422193e-03	-5.187949e+00
4.600000e-05	-2.264536e-02	-5.201579e+00
4.601000e-05	-2.970290e-02	-5.251579e+00
4.602000e-05	-1.218791e-02	-5.293643e+00
4.603000e-05	-8.347488e-03	-5.325845e+00
4.604000e-05	-2.272372e-02	-5.339425e+00
4.605000e-05	-2.645242e-02	-5.474051e+00
4.606000e-05	-1.592793e-02	-5.465539e+00
4.607000e-05	-1.070302e-02	-5.484713e+00
4.608000e-05	-2.326254e-02	-5.548887e+00
4.609000e-05	-2.956797e-02	-5.558821e+00
4.610000e-05	-1.719416e-02	-5.528447e+00
4.611000e-05	-1.321041e-02	-5.589372e+00
4.612000e-05	-2.200510e-02	-5.569976e+00
4.613000e-05	-3.043844e-02	-5.600499e+00
4.614000e-05	-2.118290e-02	-5.600000e+00
4.615000e-05	-1.609332e-02	-5.601025e+00
4.616000e-05	-2.318712e-02	-5.590026e+00
4.617000e-05	-3.122433e-02	-5.621553e+00
4.618000e-05	-2.444576e-02	-5.600077e+00
4.619000e-05	-1.876358e-02	-5.601499e+00
4.620000e-05	-2.517530e-02	-5.601101e+00
4.621000e-05	-3.327757e-02	-5.610525e+00
4.622000e-05	-2.774718e-02	-5.601052e+00
4.623000e-05	-2.054716e-02	-5.600475e+00
4.624000e-05	-2.582966e-02	-5.621527e+00
4.625000e-05	-3.284039e-02	-5.630552e+00
4.626000e-05	-2.898582e-02	-5.600524e+00
4.627000e-05	-2.330198e-02	-5.600050e+00
4.628000e-05	-2.721302e-02	-5.590500e+00
4.629000e-05	-3.332586e-02	-5.590999e+00
4.630000e-05	-3.044595e-02	-5.569497e+00
4.631000e-05	-2.453419e-02	-5.578499e+00
4.632000e-05	-2.721125e-02	-5.559897e+00
4.633000e-05	-3.253229e-02	-5.527868e+00
4.634000e-05	-2.971971e-02	-5.496717e+00
4.635000e-05	-2.501219e-02	-5.526767e+00
4.636000e-05	-2.622840e-02	-5.415633e+00
4.637000e-05	-3.078415e-02	-5.403660e+00
4.638000e-05	-2.853661e-02	-5.347419e+00
4.639000e-05	-2.447228e-02	-5.317369e+00
4.640000e-05	-2.507101e-02	-5.285244e+00
4.641000e-05	-2.864362e-02	-5.244132e+00
4.642000e-05	-2.777766e-02	-5.190600e+00
4.643000e-05	-2.257745e-02	-5.168999e+00
4.644000e-05	-2.366404e-02	-5.147996e+00
4.645000e-05	-2.616278e-02	-5.137785e+00
4.646000e-05	-2.544049e-02	-5.034115e+00
4.647000e-05	-2.168440e-02	-5.012533e+00
4.648000e-05	-2.126458e-02	-4.989950e+00
4.649000e-05	-2.430643e-02	-4.957951e+00
4.650000e-05	-2.265993e-02	-4.867229e+00
4.651000e-05	-1.949667e-02	-4.802998e+00
4.652000e-05	-1.989476e-02	-4.757365e+00
4.653000e-05	-2.131548e-02	-4.675734e+00
4.654000e-05	-2.197072e-02	-4.653084e+00
4.655000e-05	-1.760417e-02	-4.590551e+00
4.656000e-05	-1.818052e-02	-4.558997e+00
4.657000e-05	-1.942221e-02	-4.515766e+00
4.658000e-05	-2.050413e-02	-4.474230e+00
4.659000e-05	-1.556068e-02	-4.430528e+00
4.660000e-05	-1.548124e-02	-4.389500e+00
4.661000e-05	-1.817443e-02	-4.368420e+00
4.662000e-05	-1.778596e-02	-4.288238e+00
4.663000e-05	-1.498026e-02	-4.263102e+00
4.664000e-05	-1.302181e-02	-4.181970e+00
4.665000e-05	-1.625524e-02	-4.125843e+00
4.666000e-05	-1.581830e-02	-4.063131e+00
4.667000e-05	-1.333576e-02	-3.990026e+00
4.668000e-05	-1.364557e-02	-3.998971e+00
4.669000e-05	-1.498304e-02	-3.916318e+00
4.670000e-05	-1.412765e-02	-3.800596e+00
4.671000e-05	-1.177881e-02	-3.696887e+00
4.672000e-05	-1.033831e-02	-3.651575e+00
4.673000e-05	-1.343034e-02	-3.589445e+00
4.674000e-05	-1.247358e-02	-3.497317e+00
4.675000e-05	-1.239985e-02	-3.472556e+00
4.676000e-05	-9.104098e-03	-3.338470e+00
4.677000e-05	-1.147554e-02	-3.275790e+00
4.678000e-05	-1.147537e-02	-3.221050e+00
4.679000e-05	-1.006791e-02	-3.149497e+00
4.680000e-05	-8.652966e-03	-3.043782e+00
4.681000e-05	-9.948796e-03	-2.940325e+00
4.682000e-05	-1.074416e-02	-2.844655e+00
4.683000e-05	-7.968796e-03	-2.788947e+00
4.684000e-05	-7.606480e-03	-2.726866e+00
4.685000e-05	-9.478500e-03	-2.655183e+00
4.686000e-05	-1.025927e-02	-2.548467e+00
4.687000e-05	-8.849452e-03	-2.474660e+00
4.688000e-05	-5.397179e-03	-2.420503e+00
4.689000e-05	-7.779435e-03	-2.348344e+00
4.690000e-05	-7.502654e-03	-2.275235e+00
4.691000e-05	-7.262188e-03	-2.119013e+00
4.692000e-05	-4.683002e-03	-2.011578e+00
4.693000e-05	-7.192947e-03	-1.968946e+00
4.694000e-05	-8.984561e-03	-1.876262e+00
4.695000e-05	-5.510504e-03	-1.801525e+00
4.696000e-05	-4.644740e-03	-1.707392e+00
4.697000e-05	-4.637438e-03	-1.663082e+00
4.698000e-05	-6.396089e-03	-1.578970e+00
4.699000e-05	-5.373289e-03	-1.485262e+00
4.700000e-05	-4.809023e-03	-1.318466e+00
4.701000e-05	-5.787212e-03	-1.191076e+00
4.702000e-05	-6.885182e-03	-1.118394e+00
4.703000e-05	-5.462983e-03	-1.072630e+00
4.704000e-05	-3.810070e-03	-9.684198e-01
4.705000e-05	-3.733635e-03	-8.531818e-01
4.706000e-05	-4.645182e-03	-7.900025e-01
4.707000e-05	-3.588073e-03	-6.768684e-01
4.708000e-05	-3.468438e-03	-5.800762e-01
4.709000e-05	-2.910200e-03	-4.646565e-01
4.710000e-05	-5.213997e-03	-3.900737e-01
4.711000e-05	-4.730913e-03	-2.968385e-01
4.712000e-05	-2.973907e-03	-2.126053e-01
4.713000e-05	-1.677135e-03	-1.459160e-01
4.714000e-05	-2.076733e-03	-5.318307e-02
4.715000e-05	-9.170715e-04	-9.501372e-03
4.716000e-05	1.034815e-03	8.373560e-02
4.717000e-05	-8.254327e-04	1.719762e-01
4.718000e-05	-7.760795e-04	3.168244e-01
4.719000e-05	-2.492221e-03	4.210001e-01
4.720000e-05	-1.343248e-03	4.822079e-01
4.721000e-05	3.211423e-03	5.388686e-01
4.722000e-05	1.893654e-02	6.735828e-01
4.723000e-05	3.001395e-02	7.883434e-01
4.724000e-05	-9.800198e-03	8.536854e-01
4.725000e-05	-7.673128e-02	9.910005e-01
4.726000e-05	-2.239244e-02	1.054729e+00
4.727000e-05	6.691597e-02	1.179346e+00
4.728000e-05	3.310442e-02	1.302583e+00
4.729000e-05	-7.211846e-02	1.347370e+00
4.730000e-05	5.607451e-03	1.410001e+00
4.731000e-05	8.705418e-02	1.637826e+00
4.732000e-05	-1.714172e-02	1.726641e+00
4.733000e-05	-2.920482e-02	1.747766e+00
4.734000e-05	-2.114797e-03	1.809502e+00
4.735000e-05	-1.602387e-02	1.965791e+00
4.736000e-05	2.232792e-02	1.989501e+00
4.737000e-05	5.582834e-02	2.042056e+00
4.738000e-05	-3.818453e-02	2.154292e+00
4.739000e-05	-5.877936e-02	2.220005e+00
4.740000e-05	6.539984e-02	2.314188e+00
4.741000e-05	4.558148e-02	2.378422e+00
4.742000e-05	-7.587565e-02	2.444157e+00
4.743000e-05	-1.947984e-02	2.569791e+00
4.744000e-05	7.272018e-02	2.663182e+00
4.745000e-05	2.501980e-02	2.757868e+00
4.746000e-05	-4.353847e-02	2.831550e+00
4.747000e-05	-3.201269e-02	2.915763e+00
4.748000e-05	4.751676e-02	2.999423e+00
4.749000e-05	3.255952e-02	3.011131e+00
4.750000e-05	-3.710696e-02	3.157338e+00
4.751000e-05	-1.242838e-02	3.179999e+00
4.752000e-05	4.213743e-02	3.230605e+00
4.753000e-05	1.168328e-02	3.265283e+00
4.754000e-05	-2.172583e-02	3.460528e+00
4.755000e-05	-3.660928e-03	3.587366e+00
4.756000e-05	1.506912e-02	3.599976e+00
4.757000e-05	2.284160e-02	3.632133e+00
4.758000e-05	-1.700660e-03	3.707270e+00
4.759000e-05	-1.225605e-02	3.810877e+00
4.760000e-05	1.410755e-02	3.852628e+00
4.761000e-05	2.066039e-02	3.896285e+00
4.762000e-05	-4.812797e-03	3.968445e+00
4.763000e-05	-8.408261e-03	3.999502e+00
4.764000e-05	1.773750e-02	4.053633e+00
4.765000e-05	1.820816e-02	4.086764e+00
4.766000e-05	1.215450e-03	4.237925e+00
4.767000e-05	-6.574277e-03	4.305267e+00
4.768000e-05	1.136739e-02	4.389944e+00
4.769000e-05	1.991688e-02	4.411003e+00
4.770000e-05	2.342456e-03	4.452055e+00
4.771000e-05	-3.696820e-03	4.504837e+00
4.772000e-05	1.223125e-02	4.578817e+00
4.773000e-05	2.153623e-02	4.600951e+00
4.774000e-05	1.740218e-03	4.672580e+00
4.775000e-05	-2.774989e-03	4.716237e+00
4.776000e-05	1.323996e-02	4.768841e+00
4.777000e-05	2.067054e-02	4.809976e+00
4.778000e-05	3.990745e-03	4.832080e+00
4.779000e-05	2.836521e-04	4.894660e+00
4.780000e-05	1.337149e-02	4.939721e+00
4.781000e-05	2.118378e-02	5.051491e+00
4.782000e-05	5.194271e-03	5.112680e+00
4.783000e-05	1.927879e-03	5.116716e+00
4.784000e-05	1.357619e-02	5.168894e+00
4.785000e-05	1.906547e-02	5.199930e+00
4.786000e-05	9.254503e-03	5.262003e+00
4.787000e-05	4.125420e-03	5.303711e+00
4.788000e-05	1.515219e-02	5.304365e+00
4.789000e-05	1.886456e-02	5.328816e+00
4.790000e-05	1.059409e-02	5.379420e+00
4.791000e-05	7.227571e-03	5.371075e+00
4.792000e-05	1.348193e-02	5.399999e+00
4.793000e-05	2.154755e-02	5.431579e+00
4.794000e-05	1.334714e-02	5.402030e+00
4.795000e-05	8.671402e-03	5.483680e+00
4.796000e-05	1.479222e-02	5.457184e+00
4.797000e-05	2.177686e-02	5.536185e+00
4.798000e-05	1.638847e-02	5.475336e+00
4.799000e-05	1.163108e-02	5.487242e+00
4.800000e-05	1.735518e-02	5.516815e+00
4.801000e-05	2.208219e-02	5.517314e+00
4.802000e-05	1.855702e-02	5.566316e+00
4.803000e-05	1.390683e-02	5.527317e+00
4.804000e-05	1.809983e-02	5.556342e+00
4.805000e-05	2.384986e-02	5.529392e+00
4.806000e-05	2.226546e-02	5.567345e+00
4.807000e-05	1.712291e-02	5.587372e+00
4.808000e-05	1.973504e-02	5.567842e+00
4.809000e-05	2.573118e-02	5.538893e+00
4.810000e-05	2.269450e-02	5.567891e+00
4.811000e-05	1.832023e-02	5.546319e+00
4.812000e-05	2.112268e-02	5.517341e+00
4.813000e-05	2.607770e-02	5.496267e+00
4.814000e-05	2.428329e-02	5.505314e+00
4.815000e-05	1.957917e-02	5.465714e+00
4.816000e-05	2.193219e-02	5.514207e+00
4.817000e-05	2.582600e-02	5.444257e+00
4.818000e-05	2.461310e-02	5.462633e+00
4.819000e-05	2.032784e-02	5.421580e+00
4.820000e-05	2.111743e-02	5.419552e+00
4.821000e-05	2.463304e-02	5.400524e+00
4.822000e-05	2.248048e-02	5.399948e+00
4.823000e-05	1.968534e-02	5.347391e+00
4.824000e-05	1.957976e-02	5.335841e+00
4.825000e-05	2.333285e-02	5.265763e+00
4.826000e-05	2.091982e-02	5.223130e+00
4.827000e-05	1.764994e-02	5.231551e+00
4.828000e-05	1.817827e-02	5.211524e+00
4.829000e-05	2.231188e-02	5.158420e+00
4.830000e-05	1.931575e-02	5.118315e+00
4.831000e-05	1.648018e-02	5.053701e+00
4.832000e-05	1.383256e-02	4.969996e+00
4.833000e-05	1.996213e-02	4.946741e+00
4.834000e-05	1.724824e-02	4.844136e+00
4.835000e-05	1.562323e-02	4.820575e+00
4.836000e-05	1.371714e-02	4.789948e+00
4.837000e-05	1.769507e-02	4.747844e+00
4.838000e-05	1.534341e-02	4.735837e+00
4.839000e-05	1.214788e-02	4.652609e+00
4.840000e-05	1.198862e-02	4.649998e+00
4.841000e-05	1.439058e-02	4.588893e+00
4.842000e-05	1.316508e-02	4.506367e+00
4.843000e-05	1.127437e-02	4.462555e+00
4.844000e-05	9.499698e-03	4.411477e+00
4.845000e-05	1.167799e-02	4.379474e+00
4.846000e-05	1.068517e-02	4.347361e+00
4.847000e-05	8.883778e-03	4.305758e+00
4.848000e-05	8.908475e-03	4.219970e+00
4.849000e-05	9.401181e-03	4.054234e+00
4.850000e-05	1.031878e-02	4.013525e+00
4.851000e-05	8.005566e-03	3.999446e+00
4.852000e-05	7.251053e-03	3.936867e+00
4.853000e-05	7.389267e-03	3.893679e+00
4.854000e-05	7.222048e-03	3.810504e+00
4.855000e-05	6.000796e-03	3.757420e+00
4.856000e-05	5.309920e-03	3.695703e+00
4.857000e-05	6.435004e-03	3.581526e+00
4.858000e-05	6.746604e-03	3.599470e+00
4.859000e-05	5.778654e-03	3.535812e+00
4.860000e-05	4.098561e-03	3.410048e+00
4.861000e-05	4.843675e-03	3.285708e+00
4.862000e-05	4.870180e-03	3.211025e+00
4.863000e-05	4.087317e-03	3.176470e+00
4.864000e-05	3.082162e-03	3.095634e+00
4.865000e-05	2.699676e-03	3.010525e+00
4.866000e-05	3.930676e-03	2.958815e+00
4.867000e-05	4.284756e-03	2.853577e+00
4.868000e-05	1.120599e-03	2.810525e+00
4.869000e-05	2.851820e-03	2.717889e+00
4.870000e-05	2.755713e-03	2.640181e+00
4.871000e-05	3.306294e-03	2.526210e+00
4.872000e-05	1.128770e-03	2.421002e+00
4.873000e-05	1.096931e-03	2.367869e+00
4.874000e-05	1.579983e-03	2.292708e+00
4.875000e-05	1.486352e-03	2.199023e+00
4.876000e-05	1.481556e-08	2.094761e+00
4.877000e-05	2.336655e-04	2.030602e+00
4.878000e-05	1.753441e-03	1.988971e+00
4.879000e-05	2.083386e-03	1.902788e+00
4.880000e-05	-3.975009e-04	1.790538e+00
4.881000e-05	-3.665228e-04	1.745815e+00
4.882000e-05	-9.865682e-04	1.600152e+00
4.883000e-05	2.574495e-05	1.537861e+00
4.884000e-05	-2.136747e-03	1.410074e+00
4.885000e-05	-4.597094e-04	1.326363e+00
4.886000e-05	-1.312957e-03	1.232625e+00
4.887000e-05	2.973202e-04	1.166816e+00
4.888000e-05	-1.770455e-03	1.032126e+00
4.889000e-05	-1.649034e-03	8.837109e-01
4.890000e-05	-2.958334e-03	8.005491e-01
4.891000e-05	-1.041743e-03	7.273121e-01
4.892000e-05	-3.450853e-03	6.710030e-01
4.893000e-05	-2.472929e-03	5.664436e-01
4.894000e-05	-4.390107e-03	4.426080e-01
4.895000e-05	-2.009598e-03	4.000714e-01
4.896000e-05	-3.198159e-03	3.257947e-01
4.897000e-05	-3.198496e-03	2.204752e-01
4.898000e-05	-2.425746e-03	4.225433e-02
4.899000e-05	-2.684492e-03	-1.055243e-02
4.900000e-05	-1.882854e-03	-1.038141e-01
4.901000e-05	-1.193177e-03	-1.689273e-01
4.902000e-05	-2.258287e-03	-2.437365e-01
4.903000e-05	-3.103656e-03	-3.383184e-01
4.904000e-05	-3.631164e-03	-3.895763e-01
4.905000e-05	-4.460037e-03	-4.743140e-01
4.906000e-05	-3.636237e-03	-6.100075e-01
4.907000e-05	1.336407e-02	-6.872418e-01
4.908000e-05	3.484695e-02	-7.999997e-01
4.909000e-05	-8.367459e-03	-9.462180e-01
4.910000e-05	-8.688639e-02	-1.102689e+00
4.911000e-05	-2.466362e-02	-1.127416e+00
4.912000e-05	6.146079e-02	-1.106814e+00
4.913000e-05	2.952738e-02	-1.210477e+00
4.914000e-05	-6.831833e-02	-1.430129e+00
4.915000e-05	1.083203e-02	-1.568795e+00
4.916000e-05	8.264455e-02	-1.476894e+00
4.917000e-05	-4.035392e-02	-1.662186e+00
4.918000e-05	-4.060532e-02	-1.800426e+00
4.919000e-05	1.332638e-02	-1.801049e+00
4.920000e-05	-3.482188e-02	-1.883210e+00
4.921000e-05	-4.192810e-03	-1.969550e+00
4.922000e-05	7.422228e-02	-2.003029e+00
4.923000e-05	-4.633098e-02	-2.094292e+00
4.924000e-05	-8.941779e-02	-2.284689e+00
4.925000e-05	7.693475e-02	-2.399447e+00
4.926000e-05	4.214666e-02	-2.442105e+00
4.927000e-05	-1.184008e-01	-2.519341e+00
4.928000e-05	-1.091555e-02	-2.559474e+00
4.929000e-05	8.321028e-02	-2.673687e+00
4.930000e-05	-1.097438e-02	-2.768397e+00
4.931000e-05	-6.003592e-02	-2.790526e+00
4.932000e-05	-3.412796e-02	-2.895264e+00
4.933000e-05	4.220249e-02	-3.052634e+00
4.934000e-05	2.576546e-02	-3.138391e+00
4.935000e-05	-7.364796e-02	-3.179475e+00
4.936000e-05	-2.495413e-02	-3.244160e+00
4.937000e-05	6.581139e-02	-3.326844e+00
4.938000e-05	-1.959878e-02	-3.441527e+00
4.939000e-05	-5.840348e-02	-3.505788e+00
4.940000e-05	-1.231110e-03	-3.507841e+00
4.941000e-05	1.263191e-02	-3.569425e+00
4.942000e-05	8.681638e-04	-3.662159e+00
4.943000e-05	-2.860833e-02	-3.707244e+00
4.944000e-05	-2.709549e-02	-3.820662e+00
4.945000e-05	1.844463e-02	-3.929343e+00
4.946000e-05	-2.410263e-03	-3.990550e+00
4.947000e-05	-3.590718e-02	-4.032555e+00
4.948000e-05	-1.910619e-02	-4.095739e+00
4.949000e-05	5.089626e-03	-4.178419e+00
4.950000e-05	4.124340e-03	-4.231002e+00
4.951000e-05	-2.602047e-02	-4.283133e+00
4.952000e-05	-2.956265e-02	-4.337267e+00
4.953000e-05	3.468901e-03	-4.379899e+00
4.954000e-05	1.235731e-03	-4.400450e+00
4.955000e-05	-2.605297e-02	-4.433029e+00
4.956000e-05	-2.671657e-02	-4.486735e+00
4.957000e-05	-3.760748e-03	-4.577820e+00
4.958000e-05	6.889639e-03	-4.632154e+00
4.959000e-05	-2.829557e-02	-4.684187e+00
4.960000e-05	-2.870146e-02	-4.696842e+00
4.961000e-05	1.017402e-04	-4.758321e+00
4.962000e-05	-1.761425e-03	-4.771906e+00
4.963000e-05	-2.362345e-02	-4.903235e+00
4.964000e-05	-2.846113e-02	-4.956395e+00
4.965000e-05	-6.357573e-03	-4.938871e+00
4.966000e-05	-9.429174e-04	-5.030979e+00
4.967000e-05	-2.519995e-02	-5.072134e+00
4.968000e-05	-2.666281e-02	-5.097211e+00
4.969000e-05	-7.508967e-03	-5.148297e+00
4.970000e-05	-6.099073e-03	-5.188978e+00
4.971000e-05	-2.253274e-02	-5.179982e+00
4.972000e-05	-2.906897e-02	-5.253105e+00
4.973000e-05	-1.187376e-02	-5.275739e+00
4.974000e-05	-7.859329e-03	-5.356696e+00
4.975000e-05	-2.255932e-02	-5.379517e+00
4.976000e-05	-2.759931e-02	-5.384976e+00
4.977000e-05	-1.644364e-02	-5.433104e+00
4.978000e-05	-9.982348e-03	-5.486162e+00
4.979000e-05	-2.264052e-02	-5.506867e+00
4.980000e-05	-2.960522e-02	-5.576842e+00
4.981000e-05	-1.856091e-02	-5.588945e+00
4.982000e-05	-1.290633e-02	-5.609447e+00
4.983000e-05	-2.267392e-02	-5.589947e+00
4.984000e-05	-2.968008e-02	-5.588974e+00
4.985000e-05	-2.303334e-02	-5.620525e+00
4.986000e-05	-1.578640e-02	-5.621477e+00
4.987000e-05	-2.365681e-02	-5.601029e+00
4.988000e-05	-3.049964e-02	-5.610002e+00
4.989000e-05	-2.427330e-02	-5.611525e+00
4.990000e-05	-1.861072e-02	-5.600528e+00
4.991000e-05	-2.498448e-02	-5.631550e+00
4.992000e-05	-3.145504e-02	-5.621076e+00
4.993000e-05	-2.861998e-02	-5.611051e+00
4.994000e-05	-2.136364e-02	-5.611525e+00
4.995000e-05	-2.671617e-02	-5.599975e+00
4.996000e-05	-3.303023e-02	-5.600527e+00
4.997000e-05	-2.926822e-02	-5.610528e+00
4.998000e-05	-2.324839e-02	-5.590025e+00
4.999000e-05	-2.674756e-02	-5.600526e+00
