# 260928_12:33:34.803363
t	CH1	CH2
0.000000e+00	1.982061e-02	5.348899e+00
1.000000e-08	2.200233e-02	5.327345e+00
2.000000e-08	2.111904e-02	5.305711e+00
3.000000e-08	2.269765e-02	5.240686e+00
4.000000e-08	1.781954e-02	5.222080e+00
5.000000e-08	1.799505e-02	5.190549e+00
6.000000e-08	1.956612e-02	5.158372e+00
7.000000e-08	1.823370e-02	5.104761e+00
8.000000e-08	1.712274e-02	5.010136e+00
9.000000e-08	1.594941e-02	4.928903e+00
1.000000e-07	1.807753e-02	4.913838e+00
1.100000e-07	1.812042e-02	4.854084e+00
1.200000e-07	1.488424e-02	4.800578e+00
1.300000e-07	1.358167e-02	4.778999e+00
1.400000e-07	1.485695e-02	4.766918e+00
1.500000e-07	1.478870e-02	4.664266e+00
1.600000e-07	1.325016e-02	4.642085e+00
1.700000e-07	1.086162e-02	4.599559e+00
1.800000e-07	1.371210e-02	4.538346e+00
1.900000e-07	1.266441e-02	4.506165e+00
2.000000e-07	1.130281e-02	4.442608e+00
2.100000e-07	9.908177e-03	4.400080e+00
2.200000e-07	1.130166e-02	4.400000e+00
2.300000e-07	1.139039e-02	4.337818e+00
2.400000e-07	9.338547e-03	4.215339e+00
2.500000e-07	8.409214e-03	4.221500e+00
2.600000e-07	8.067104e-03	4.084784e+00
2.700000e-07	9.577337e-03	4.010576e+00
2.800000e-07	7.345110e-03	3.989497e+00
2.900000e-07	7.228528e-03	3.926416e+00
3.000000e-07	7.367140e-03	3.902638e+00
3.100000e-07	7.695314e-03	3.811077e+00
3.200000e-07	7.234698e-03	3.735868e+00
3.300000e-07	5.450056e-03	3.683612e+00
3.400000e-07	5.700450e-03	3.621075e+00
3.500000e-07	5.050197e-03	3.578424e+00
3.600000e-07	4.883369e-03	3.526292e+00
3.700000e-07	4.755939e-03	3.410981e+00
3.800000e-07	4.004874e-03	3.316162e+00
3.900000e-07	4.728586e-03	3.231026e+00
4.000000e-07	4.081495e-03	3.157392e+00
4.100000e-07	4.017199e-03	3.133815e+00
4.200000e-07	3.764882e-03	3.020556e+00
4.300000e-07	2.978096e-03	2.966790e+00
4.400000e-07	3.145639e-03	2.843110e+00
4.500000e-07	2.165866e-03	2.800501e+00
4.600000e-07	2.514947e-03	2.756371e+00
4.700000e-07	1.718741e-03	2.651608e+00
4.800000e-07	2.186336e-03	2.486192e+00
4.900000e-07	1.680427e-03	2.390103e+00
5.000000e-07	1.492007e-03	2.327417e+00
5.100000e-07	1.485641e-03	2.262632e+00
5.200000e-07	1.656988e-03	2.199974e+00
5.300000e-07	8.830705e-04	2.103243e+00
5.400000e-07	9.616898e-04	2.022530e+00
5.500000e-07	2.335996e-04	1.977946e+00
5.600000e-07	9.561777e-04	1.904839e+00
5.700000e-07	-1.416571e-03	1.758453e+00
5.800000e-07	1.380361e-03	1.702788e+00
5.900000e-07	-7.134364e-04	1.630004e+00
6.000000e-07	-3.873824e-04	1.485337e+00
6.100000e-07	-9.079434e-04	1.421006e+00
6.200000e-07	4.832089e-04	1.347318e+00
6.300000e-07	-8.856899e-04	1.221608e+00
6.400000e-07	-1.860309e-03	1.156916e+00
6.500000e-07	-1.679306e-03	1.072511e+00
6.600000e-07	-1.035775e-03	9.047367e-01
6.700000e-07	-2.805246e-03	8.010024e-01
6.800000e-07	-2.156025e-03	7.478434e-01
6.900000e-07	-2.666639e-03	6.316838e-01
7.000000e-07	-3.019950e-03	5.779760e-01
7.100000e-07	-1.320332e-03	4.335881e-01
7.200000e-07	-3.360802e-03	4.104761e-01
7.300000e-07	-2.310233e-03	3.168682e-01
7.400000e-07	-4.510331e-03	2.005224e-01
7.500000e-07	-2.337840e-03	8.356659e-02
7.600000e-07	-4.291681e-03	-1.052757e-02
7.700000e-07	-3.869894e-03	-7.523441e-02
7.800000e-07	-1.576348e-04	-1.770236e-01
7.900000e-07	-1.617492e-03	-2.831753e-01
8.000000e-07	-3.988615e-03	-3.178162e-01
8.100000e-07	-3.353603e-03	-4.100752e-01
8.200000e-07	-3.980863e-03	-4.831805e-01
8.300000e-07	-3.023023e-03	-5.999965e-01
8.400000e-07	6.210681e-03	-6.963122e-01
8.500000e-07	4.075464e-02	-7.906001e-01
8.600000e-07	-4.125009e-03	-9.158147e-01
8.700000e-07	-8.779134e-02	-1.103758e+00
8.800000e-07	-2.796087e-02	-1.177469e+00
8.900000e-07	4.580127e-02	-1.135868e+00
9.000000e-07	6.937066e-02	-1.199471e+00
9.100000e-07	-9.450887e-02	-1.419672e+00
9.200000e-07	2.073353e-02	-1.567441e+00
9.300000e-07	8.742938e-02	-1.576242e+00
9.400000e-07	-3.440034e-02	-1.673633e+00
9.500000e-07	-3.971252e-02	-1.789519e+00
9.600000e-07	3.351316e-03	-1.800050e+00
9.700000e-07	-2.205256e-02	-1.863183e+00
9.800000e-07	-2.661407e-02	-2.019046e+00
9.900000e-07	7.975823e-02	-2.051678e+00
1.000000e-06	-1.374881e-02	-2.096711e+00
1.010000e-06	-1.140482e-01	-2.261730e+00
1.020000e-06	6.623744e-02	-2.378497e+00
1.030000e-06	7.124075e-02	-2.461630e+00
1.040000e-06	-1.288132e-01	-2.506839e+00
1.050000e-06	-2.126523e-02	-2.599474e+00
1.060000e-06	7.974802e-02	-2.683657e+00
1.070000e-06	1.099733e-02	-2.768494e+00
1.080000e-06	-6.178295e-02	-2.811000e+00
1.090000e-06	-4.221867e-02	-2.923656e+00
1.100000e-06	3.727333e-02	-3.051697e+00
1.110000e-06	3.861942e-02	-3.146395e+00
1.120000e-06	-7.022074e-02	-3.189495e+00
1.130000e-06	-3.840991e-02	-3.273182e+00
1.140000e-06	6.979239e-02	-3.336441e+00
1.150000e-06	-1.545780e-02	-3.429053e+00
1.160000e-06	-5.107211e-02	-3.483783e+00
1.170000e-06	-9.695339e-03	-3.547296e+00
1.180000e-06	5.485100e-03	-3.590020e+00
1.190000e-06	9.358333e-03	-3.684609e+00
1.200000e-06	-2.431105e-02	-3.716865e+00
1.210000e-06	-3.330205e-02	-3.872757e+00
1.220000e-06	1.380960e-02	-3.966918e+00
1.230000e-06	5.752500e-03	-3.979549e+00
1.240000e-06	-3.343141e-02	-4.030604e+00
1.250000e-06	-1.976103e-02	-4.085736e+00
1.260000e-06	-2.439251e-03	-4.158442e+00
1.270000e-06	9.215119e-03	-4.241024e+00
1.280000e-06	-2.127390e-02	-4.264706e+00
1.290000e-06	-3.346467e-02	-4.326390e+00
1.300000e-06	1.001797e-03	-4.378971e+00
1.310000e-06	2.984888e-03	-4.412025e+00
1.320000e-06	-1.937779e-02	-4.433654e+00
1.330000e-06	-2.875614e-02	-4.485329e+00
1.340000e-06	-5.818711e-03	-4.570020e+00
1.350000e-06	5.301597e-03	-4.602551e+00
1.360000e-06	-2.316617e-02	-4.723209e+00
1.370000e-06	-3.062323e-02	-4.716366e+00
1.380000e-06	-6.477098e-03	-4.816920e+00
1.390000e-06	-1.425065e-03	-4.822998e+00
1.400000e-06	-1.894821e-02	-4.903733e+00
1.410000e-06	-2.630694e-02	-4.938392e+00
1.420000e-06	-1.204068e-02	-4.947996e+00
1.430000e-06	-6.857019e-04	-5.039600e+00
1.440000e-06	-2.278199e-02	-5.061730e+00
1.450000e-06	-2.655486e-02	-5.126261e+00
1.460000e-06	-1.229320e-02	-5.158491e+00
1.470000e-06	-6.412858e-03	-5.208945e+00
1.480000e-06	-1.916853e-02	-5.221124e+00
1.490000e-06	-2.775251e-02	-5.243252e+00
1.500000e-06	-1.460643e-02	-5.294262e+00
1.510000e-06	-7.982736e-03	-5.357412e+00
1.520000e-06	-2.098677e-02	-5.439047e+00
1.530000e-06	-2.686577e-02	-5.422198e+00
1.540000e-06	-1.812203e-02	-5.495161e+00
1.550000e-06	-1.195732e-02	-5.485811e+00
1.560000e-06	-2.025938e-02	-5.548342e+00
1.570000e-06	-2.844088e-02	-5.529416e+00
1.580000e-06	-2.087861e-02	-5.578997e+00
1.590000e-06	-1.490155e-02	-5.588972e+00
1.600000e-06	-2.097888e-02	-5.610524e+00
1.610000e-06	-2.697054e-02	-5.599501e+00
1.620000e-06	-2.324102e-02	-5.600549e+00
1.630000e-06	-1.704968e-02	-5.641051e+00
1.640000e-06	-2.307203e-02	-5.610525e+00
1.650000e-06	-2.878151e-02	-5.619551e+00
1.660000e-06	-2.628968e-02	-5.611552e+00
1.670000e-06	-2.086255e-02	-5.600025e+00
1.680000e-06	-2.401944e-02	-5.639001e+00
1.690000e-06	-2.897350e-02	-5.631103e+00
1.700000e-06	-2.759609e-02	-5.630606e+00
1.710000e-06	-2.196240e-02	-5.621554e+00
1.720000e-06	-2.652219e-02	-5.622077e+00
1.730000e-06	-3.176209e-02	-5.620500e+00
1.740000e-06	-3.063645e-02	-5.612000e+00
1.750000e-06	-2.588485e-02	-5.600548e+00
1.760000e-06	-2.696863e-02	-5.600499e+00
1.770000e-06	-3.073375e-02	-5.589997e+00
1.780000e-06	-2.889095e-02	-5.589524e+00
1.790000e-06	-2.504374e-02	-5.598997e+00
1.800000e-06	-2.822158e-02	-5.569472e+00
1.810000e-06	-3.212064e-02	-5.597942e+00
1.820000e-06	-3.019009e-02	-5.536842e+00
1.830000e-06	-2.678952e-02	-5.525914e+00
1.840000e-06	-2.654600e-02	-5.493763e+00
1.850000e-06	-2.984774e-02	-5.470180e+00
1.860000e-06	-2.610514e-02	-5.399024e+00
1.870000e-06	-2.447239e-02	-5.317968e+00
1.880000e-06	-2.479152e-02	-5.246739e+00
1.890000e-06	-2.974913e-02	-5.242134e+00
1.900000e-06	-2.722607e-02	-5.221108e+00
1.910000e-06	-2.424283e-02	-5.200502e+00
1.920000e-06	-2.393608e-02	-5.179447e+00
1.930000e-06	-2.592874e-02	-5.186917e+00
1.940000e-06	-2.303500e-02	-5.086684e+00
1.950000e-06	-2.128915e-02	-5.051181e+00
1.960000e-06	-2.117789e-02	-4.999525e+00
1.970000e-06	-2.595307e-02	-4.976977e+00
1.980000e-06	-2.311295e-02	-4.932788e+00
1.990000e-06	-2.118337e-02	-4.823579e+00
2.000000e-06	-2.020786e-02	-4.764870e+00
2.010000e-06	-2.160617e-02	-4.654685e+00
2.020000e-06	-2.043186e-02	-4.663710e+00
2.030000e-06	-1.634654e-02	-4.631553e+00
2.040000e-06	-1.852288e-02	-4.578552e+00
2.050000e-06	-2.026179e-02	-4.555916e+00
2.060000e-06	-2.051956e-02	-4.463258e+00
2.070000e-06	-1.663219e-02	-4.401578e+00
2.080000e-06	-1.703024e-02	-4.398475e+00
2.090000e-06	-1.743652e-02	-4.386921e+00
2.100000e-06	-1.734084e-02	-4.333838e+00
2.110000e-06	-1.341755e-02	-4.232154e+00
2.120000e-06	-1.452950e-02	-4.190470e+00
2.130000e-06	-1.568391e-02	-4.156371e+00
2.140000e-06	-1.681940e-02	-4.082184e+00
2.150000e-06	-1.331868e-02	-4.031101e+00
2.160000e-06	-1.447479e-02	-3.977996e+00
2.170000e-06	-1.460878e-02	-3.904866e+00
2.180000e-06	-1.469568e-02	-3.821050e+00
2.190000e-06	-1.037363e-02	-3.703839e+00
2.200000e-06	-1.081495e-02	-3.610606e+00
2.210000e-06	-1.291635e-02	-3.598524e+00
2.220000e-06	-1.316669e-02	-3.535864e+00
2.230000e-06	-1.069193e-02	-3.482056e+00
2.240000e-06	-1.018458e-02	-3.370000e+00
2.250000e-06	-1.183852e-02	-3.345361e+00
2.260000e-06	-1.231868e-02	-3.242103e+00
2.270000e-06	-1.004715e-02	-3.178526e+00
2.280000e-06	-7.676248e-03	-3.094288e+00
2.290000e-06	-1.049172e-02	-2.989096e+00
2.300000e-06	-9.735428e-03	-2.862183e+00
2.310000e-06	-9.491895e-03	-2.819996e+00
2.320000e-06	-7.183079e-03	-2.747918e+00
2.330000e-06	-9.367395e-03	-2.642210e+00
2.340000e-06	-1.068612e-02	-2.578425e+00
2.350000e-06	-8.583161e-03	-2.473110e+00
2.360000e-06	-5.907878e-03	-2.401075e+00
2.370000e-06	-7.024783e-03	-2.368867e+00
2.380000e-06	-8.768568e-03	-2.313156e+00
2.390000e-06	-7.769419e-03	-2.126789e+00
2.400000e-06	-5.039875e-03	-2.031505e+00
2.410000e-06	-7.297872e-03	-1.978950e+00
2.420000e-06	-8.279168e-03	-1.914413e+00
2.430000e-06	-6.889389e-03	-1.830551e+00
2.440000e-06	-3.909742e-03	-1.767319e+00
2.450000e-06	-5.523453e-03	-1.651656e+00
2.460000e-06	-6.320693e-03	-1.570474e+00
2.470000e-06	-5.696710e-03	-1.514814e+00
2.480000e-06	-4.315388e-03	-1.367877e+00
2.490000e-06	-5.471423e-03	-1.261528e+00
2.500000e-06	-5.624452e-03	-1.138342e+00
2.510000e-06	-5.626129e-03	-1.063159e+00
2.520000e-06	-4.433895e-03	-9.789696e-01
2.530000e-06	-2.285351e-03	-8.752153e-01
2.540000e-06	-5.129028e-03	-8.099749e-01
2.550000e-06	-4.717209e-03	-7.373909e-01
2.560000e-06	-4.395760e-03	-6.495799e-01
2.570000e-06	-2.732384e-03	-4.638366e-01
2.580000e-06	-3.871659e-03	-4.000238e-01
2.590000e-06	-4.835942e-03	-3.478421e-01
2.600000e-06	-3.068885e-03	-2.310013e-01
2.610000e-06	-1.546622e-03	-1.373446e-01
2.620000e-06	-1.377978e-03	-3.368526e-02
2.630000e-06	-1.423308e-03	1.002559e-03
2.640000e-06	-6.916816e-04	3.525816e-02
2.650000e-06	5.325393e-04	1.675951e-01
2.660000e-06	-2.645898e-04	3.074436e-01
2.670000e-06	-1.858592e-03	3.895238e-01
2.680000e-06	-1.492455e-03	4.826831e-01
2.690000e-06	1.415059e-03	5.974674e-01
2.700000e-06	1.519055e-02	6.231280e-01
2.710000e-06	3.137700e-02	7.279421e-01
2.720000e-06	-2.157083e-03	8.736579e-01
2.730000e-06	-7.925503e-02	9.676002e-01
2.740000e-06	-2.989032e-02	1.064188e+00
2.750000e-06	5.517954e-02	1.147442e+00
2.760000e-06	7.082024e-02	1.281679e+00
2.770000e-06	-9.782591e-02	1.328392e+00
2.780000e-06	1.514356e-02	1.389977e+00
2.790000e-06	8.329445e-02	1.576495e+00
2.800000e-06	-1.462851e-02	1.705910e+00
2.810000e-06	-2.458463e-02	1.667290e+00
2.820000e-06	-1.811047e-02	1.792051e+00
2.830000e-06	2.299686e-03	1.945387e+00
2.840000e-06	4.138379e-03	1.969474e+00
2.850000e-06	6.513285e-02	2.011552e+00
2.860000e-06	-2.171795e-02	2.126364e+00
2.870000e-06	-7.858905e-02	2.191579e+00
2.880000e-06	5.264380e-02	2.312634e+00
2.890000e-06	6.797620e-02	2.356947e+00
2.900000e-06	-7.856552e-02	2.430580e+00
2.910000e-06	-2.628701e-02	2.506316e+00
2.920000e-06	6.244219e-02	2.651629e+00
2.930000e-06	4.295969e-02	2.786970e+00
2.940000e-06	-3.963802e-02	2.830078e+00
2.950000e-06	-4.396998e-02	2.903766e+00
2.960000e-06	4.889212e-02	2.927919e+00
2.970000e-06	3.398662e-02	3.040100e+00
2.980000e-06	-2.759261e-02	3.124413e+00
2.990000e-06	-2.344746e-02	3.179500e+00
3.000000e-06	4.616110e-02	3.230053e+00
3.010000e-06	9.845937e-03	3.265762e+00
3.020000e-06	-1.066196e-02	3.429576e+00
3.030000e-06	-7.047460e-03	3.536413e+00
3.040000e-06	6.293858e-03	3.599500e+00
3.050000e-06	2.562477e-02	3.622532e+00
3.060000e-06	5.382150e-04	3.715313e+00
3.070000e-06	-1.127232e-02	3.778922e+00
3.080000e-06	6.020859e-03	3.852079e+00
3.090000e-06	2.981380e-02	3.925911e+00
3.100000e-06	-5.039304e-03	3.950468e+00
3.110000e-06	-5.733817e-03	4.000500e+00
3.120000e-06	8.388218e-03	4.021701e+00
3.130000e-06	2.099351e-02	4.085911e+00
3.140000e-06	6.266220e-03	4.199100e+00
3.150000e-06	-5.607270e-03	4.294766e+00
3.160000e-06	8.474028e-03	4.377945e+00
3.170000e-06	1.738664e-02	4.401050e+00
3.180000e-06	9.391110e-03	4.431080e+00
3.190000e-06	-6.991044e-03	4.474234e+00
3.200000e-06	1.211142e-02	4.557917e+00
3.210000e-06	1.793846e-02	4.589972e+00
3.220000e-06	6.747621e-03	4.631658e+00
3.230000e-06	-9.171886e-04	4.684187e+00
3.240000e-06	1.035111e-02	4.748396e+00
3.250000e-06	1.895754e-02	4.809501e+00
3.260000e-06	7.689012e-03	4.822077e+00
3.270000e-06	1.936016e-03	4.884232e+00
3.280000e-06	9.306320e-03	4.918891e+00
3.290000e-06	1.992139e-02	4.968025e+00
3.300000e-06	9.102541e-03	4.982282e+00
3.310000e-06	2.091198e-03	5.157890e+00
3.320000e-06	1.188563e-02	5.208449e+00
3.330000e-06	1.829226e-02	5.190499e+00
3.340000e-06	1.265868e-02	5.240105e+00
3.350000e-06	3.769411e-03	5.274232e+00
3.360000e-06	1.309223e-02	5.293313e+00
3.370000e-06	1.804932e-02	5.277367e+00
3.380000e-06	1.429652e-02	5.357945e+00
3.390000e-06	6.436416e-03	5.369949e+00
3.400000e-06	1.293897e-02	5.379051e+00
3.410000e-06	1.888350e-02	5.391101e+00
3.420000e-06	1.697717e-02	5.421528e+00
3.430000e-06	9.106300e-03	5.423631e+00
3.440000e-06	1.348269e-02	5.452658e+00
3.450000e-06	2.081091e-02	5.463841e+00
3.460000e-06	1.840376e-02	5.475415e+00
3.470000e-06	1.240439e-02	5.517286e+00
3.480000e-06	1.449394e-02	5.525316e+00
3.490000e-06	2.212603e-02	5.488018e+00
3.500000e-06	1.870188e-02	5.506865e+00
3.510000e-06	1.521167e-02	5.556917e+00
3.520000e-06	1.660236e-02	5.516894e+00
3.530000e-06	2.233871e-02	5.558868e+00
3.540000e-06	2.336798e-02	5.527420e+00
3.550000e-06	1.699298e-02	5.537923e+00
3.560000e-06	2.014093e-02	5.555888e+00
3.570000e-06	2.329001e-02	5.555447e+00
3.580000e-06	2.386495e-02	5.528816e+00
3.590000e-06	1.918770e-02	5.547367e+00
3.600000e-06	2.008743e-02	5.537319e+00
3.610000e-06	2.493023e-02	5.525834e+00
3.620000e-06	2.485790e-02	5.505514e+00
3.630000e-06	2.145540e-02	5.523837e+00
3.640000e-06	2.196410e-02	5.482109e+00
3.650000e-06	2.508918e-02	5.463736e+00
3.660000e-06	2.492573e-02	5.453133e+00
3.670000e-06	2.121177e-02	5.421587e+00
3.680000e-06	2.053836e-02	5.410080e+00
3.690000e-06	2.322585e-02	5.421046e+00
3.700000e-06	2.268659e-02	5.378946e+00
3.710000e-06	2.089587e-02	5.337974e+00
3.720000e-06	2.071877e-02	5.348367e+00
3.730000e-06	2.159536e-02	5.315213e+00
3.740000e-06	2.321882e-02	5.243159e+00
3.750000e-06	1.823666e-02	5.221705e+00
3.760000e-06	2.010200e-02	5.199003e+00
3.770000e-06	1.882262e-02	5.149445e+00
3.780000e-06	2.089678e-02	5.094791e+00
3.790000e-06	1.614607e-02	5.092634e+00
3.800000e-06	1.656452e-02	4.948531e+00
3.810000e-06	1.827482e-02	4.905215e+00
3.820000e-06	1.967827e-02	4.852156e+00
3.830000e-06	1.588948e-02	4.801578e+00
3.840000e-06	1.502499e-02	4.790550e+00
3.850000e-06	1.506971e-02	4.768949e+00
3.860000e-06	1.633371e-02	4.714767e+00
3.870000e-06	1.251902e-02	4.642684e+00
3.880000e-06	1.308748e-02	4.619951e+00
3.890000e-06	1.424963e-02	4.546922e+00
3.900000e-06	1.285626e-02	4.495764e+00
3.910000e-06	1.220718e-02	4.441134e+00
3.920000e-06	1.037280e-02	4.441076e+00
3.930000e-06	1.186606e-02	4.389973e+00
3.940000e-06	1.056523e-02	4.378419e+00
3.950000e-06	9.260077e-03	4.284785e+00
3.960000e-06	8.861193e-03	4.217856e+00
3.970000e-06	9.783562e-03	4.085294e+00
3.980000e-06	8.386407e-03	4.000079e+00
3.990000e-06	7.795395e-03	4.000469e+00
4.000000e-06	7.497611e-03	3.926342e+00
4.010000e-06	8.229330e-03	3.883236e+00
4.020000e-06	6.753721e-03	3.809577e+00
4.030000e-06	6.527766e-03	3.757368e+00
4.040000e-06	6.293722e-03	3.643260e+00
4.050000e-06	5.476756e-03	3.610579e+00
4.060000e-06	5.023019e-03	3.568451e+00
4.070000e-06	4.938033e-03	3.505819e+00
4.080000e-06	5.989862e-03	3.362054e+00
4.090000e-06	4.509250e-03	3.285269e+00
4.100000e-06	4.198910e-03	3.211035e+00
4.110000e-06	4.202033e-03	3.187921e+00
4.120000e-06	3.574751e-03	3.133263e+00
4.130000e-06	4.086902e-03	2.989625e+00
4.140000e-06	1.723286e-03	2.928320e+00
4.150000e-06	4.057853e-03	2.872609e+00
4.160000e-06	2.682320e-03	2.811026e+00
4.170000e-06	1.632942e-03	2.735842e+00
4.180000e-06	2.244671e-03	2.631629e+00
4.190000e-06	1.363013e-03	2.486186e+00
4.200000e-06	2.601634e-03	2.431555e+00
4.210000e-06	2.972563e-04	2.348347e+00
4.220000e-06	1.329264e-03	2.254111e+00
4.230000e-06	1.437585e-03	2.208999e+00
4.240000e-06	1.179740e-03	2.104809e+00
4.250000e-06	5.121192e-04	2.023059e+00
4.260000e-06	-9.120790e-04	1.967470e+00
4.270000e-06	-1.371355e-04	1.905813e+00
4.280000e-06	8.474553e-04	1.789472e+00
4.290000e-06	-9.854961e-04	1.697739e+00
4.300000e-06	-1.267084e-03	1.653057e+00
4.310000e-06	-1.952485e-05	1.524293e+00
4.320000e-06	-1.959801e-04	1.441529e+00
4.330000e-06	-5.605962e-04	1.325917e+00
4.340000e-06	-1.954302e-03	1.291503e+00
4.350000e-06	-1.437634e-03	1.166923e+00
4.360000e-06	-7.306725e-04	1.051134e+00
4.370000e-06	-1.702809e-03	9.032892e-01
4.380000e-06	-2.738952e-03	8.210300e-01
4.390000e-06	-2.584610e-03	7.258709e-01
4.400000e-06	-2.176660e-03	6.635842e-01
4.410000e-06	-2.044604e-03	5.894209e-01
4.420000e-06	-3.051759e-03	4.627090e-01
4.430000e-06	-2.238495e-03	4.305026e-01
4.440000e-06	-2.302355e-03	3.653182e-01
4.450000e-06	-3.201489e-03	1.899351e-01
4.460000e-06	-3.086354e-03	1.040592e-01
4.470000e-06	-2.516177e-03	4.500530e-04
4.480000e-06	-2.980866e-03	-1.062294e-01
4.490000e-06	-4.522709e-05	-1.585161e-01
4.500000e-06	-1.760658e-03	-2.611578e-01
4.510000e-06	-2.625901e-03	-3.368423e-01
4.520000e-06	-3.578486e-03	-4.095251e-01
4.530000e-06	-3.108905e-03	-4.742580e-01
4.540000e-06	-4.037554e-03	-5.889215e-01
4.550000e-06	6.522947e-03	-7.048383e-01
4.560000e-06	4.052285e-02	-8.004999e-01
4.570000e-06	-3.326245e-03	-9.462909e-01
4.580000e-06	-8.739844e-02	-1.074206e+00
4.590000e-06	-2.695453e-02	-1.166465e+00
4.600000e-06	4.629460e-02	-1.096838e+00
4.610000e-06	6.992287e-02	-1.200401e+00
4.620000e-06	-9.219168e-02	-1.450149e+00
4.630000e-06	1.821107e-02	-1.547391e+00
4.640000e-06	8.714146e-02	-1.537388e+00
4.650000e-06	-3.394233e-02	-1.672582e+00
4.660000e-06	-4.199977e-02	-1.809121e+00
4.670000e-06	4.246857e-03	-1.819525e+00
4.680000e-06	-2.093061e-02	-1.854708e+00
4.690000e-06	-2.782607e-02	-1.979544e+00
4.700000e-06	7.971025e-02	-2.012681e+00
4.710000e-06	-1.208874e-02	-2.124717e+00
4.720000e-06	-1.123155e-01	-2.253252e+00
4.730000e-06	6.320808e-02	-2.406945e+00
4.740000e-06	7.059828e-02	-2.431130e+00
4.750000e-06	-1.288472e-01	-2.507817e+00
4.760000e-06	-2.300129e-02	-2.569999e+00
4.770000e-06	8.069626e-02	-2.662708e+00
4.780000e-06	1.068166e-02	-2.788490e+00
4.790000e-06	-5.983139e-02	-2.809028e+00
4.800000e-06	-4.178115e-02	-2.874185e+00
4.810000e-06	3.721466e-02	-3.063355e+00
4.820000e-06	3.718784e-02	-3.176412e+00
4.830000e-06	-7.242502e-02	-3.179500e+00
4.840000e-06	-3.964800e-02	-3.274809e+00
4.850000e-06	7.111586e-02	-3.347416e+00
4.860000e-06	-1.641568e-02	-3.419628e+00
4.870000e-06	-5.055155e-02	-3.516256e+00
4.880000e-06	-8.575298e-03	-3.544895e+00
4.890000e-06	6.415741e-03	-3.610051e+00
4.900000e-06	7.529395e-03	-3.671628e+00
4.910000e-06	-2.578211e-02	-3.748318e+00
4.920000e-06	-3.254007e-02	-3.840727e+00
4.930000e-06	1.452513e-02	-3.968892e+00
4.940000e-06	5.868552e-03	-4.009547e+00
4.950000e-06	-3.399416e-02	-4.071603e+00
4.960000e-06	-1.895503e-02	-4.096284e+00
4.970000e-06	-1.278171e-03	-4.197465e+00
4.980000e-06	8.122110e-03	-4.240521e+00
4.990000e-06	-2.252028e-02	-4.272132e+00
5.000000e-06	-3.372655e-02	-4.305836e+00
5.010000e-06	1.559885e-03	-4.367944e+00
5.020000e-06	2.140634e-03	-4.410049e+00
5.030000e-06	-1.948969e-02	-4.452155e+00
5.040000e-06	-2.877928e-02	-4.505781e+00
5.050000e-06	-5.083015e-03	-4.558993e+00
5.060000e-06	5.587178e-03	-4.632176e+00
5.070000e-06	-2.173113e-02	-4.704088e+00
5.080000e-06	-3.107813e-02	-4.685915e+00
5.090000e-06	-5.241867e-03	-4.765995e+00
5.100000e-06	-1.986776e-03	-4.842050e+00
5.110000e-06	-1.822893e-02	-4.894883e+00
5.120000e-06	-2.585051e-02	-4.956822e+00
5.130000e-06	-1.243741e-02	-4.950048e+00
5.140000e-06	8.792364e-05	-5.008524e+00
5.150000e-06	-2.032274e-02	-5.033205e+00
5.160000e-06	-2.714754e-02	-5.145812e+00
5.170000e-06	-1.145128e-02	-5.146021e+00
5.180000e-06	-7.845942e-03	-5.178948e+00
5.190000e-06	-1.798200e-02	-5.250078e+00
5.200000e-06	-2.813705e-02	-5.251128e+00
5.210000e-06	-1.449821e-02	-5.365859e+00
5.220000e-06	-9.029975e-03	-5.396493e+00
5.230000e-06	-1.797776e-02	-5.419045e+00
5.240000e-06	-2.622229e-02	-5.461223e+00
5.250000e-06	-1.775061e-02	-5.452759e+00
5.260000e-06	-1.150358e-02	-5.504788e+00
5.270000e-06	-1.929021e-02	-5.527417e+00
5.280000e-06	-2.936591e-02	-5.585941e+00
5.290000e-06	-1.970206e-02	-5.567942e+00
5.300000e-06	-1.471635e-02	-5.587974e+00
5.310000e-06	-1.946669e-02	-5.610497e+00
5.320000e-06	-2.778806e-02	-5.589575e+00
5.330000e-06	-2.369712e-02	-5.599975e+00
5.340000e-06	-1.715218e-02	-5.600100e+00
5.350000e-06	-2.211210e-02	-5.601501e+00
5.360000e-06	-2.913084e-02	-5.620101e+00
5.370000e-06	-2.594925e-02	-5.600576e+00
5.380000e-06	-2.055975e-02	-5.630075e+00
5.390000e-06	-2.303136e-02	-5.633077e+00
5.400000e-06	-3.147448e-02	-5.621101e+00
5.410000e-06	-2.829507e-02	-5.600126e+00
5.420000e-06	-2.336573e-02	-5.610525e+00
5.430000e-06	-2.428216e-02	-5.620551e+00
5.440000e-06	-3.183054e-02	-5.600102e+00
5.450000e-06	-2.968050e-02	-5.610075e+00
5.460000e-06	-2.498791e-02	-5.609579e+00
5.470000e-06	-2.609888e-02	-5.599551e+00
5.480000e-06	-3.151939e-02	-5.599498e+00
5.490000e-06	-3.115098e-02	-5.598970e+00
5.500000e-06	-2.615232e-02	-5.588526e+00
5.510000e-06	-2.669517e-02	-5.567947e+00
5.520000e-06	-3.053982e-02	-5.557496e+00
5.530000e-06	-2.951509e-02	-5.527418e+00
5.540000e-06	-2.577899e-02	-5.545420e+00
5.550000e-06	-2.651058e-02	-5.493213e+00
5.560000e-06	-2.908771e-02	-5.481151e+00
5.570000e-06	-2.877896e-02	-5.389976e+00
5.580000e-06	-2.550942e-02	-5.346044e+00
5.590000e-06	-2.521532e-02	-5.385814e+00
5.600000e-06	-2.696507e-02	-5.263237e+00
5.610000e-06	-2.757747e-02	-5.221603e+00
5.620000e-06	-2.347278e-02	-5.199550e+00
5.630000e-06	-2.330241e-02	-5.137496e+00
5.640000e-06	-2.491383e-02	-5.114818e+00
5.650000e-06	-2.504026e-02	-5.065311e+00
5.660000e-06	-2.190558e-02	-5.051159e+00
5.670000e-06	-2.167856e-02	-5.011074e+00
5.680000e-06	-2.297714e-02	-4.947449e+00
5.690000e-06	-2.278649e-02	-4.843737e+00
5.700000e-06	-1.992345e-02	-4.868726e+00
5.710000e-06	-1.958036e-02	-4.729395e+00
5.720000e-06	-2.103214e-02	-4.702286e+00
5.730000e-06	-2.057321e-02	-4.652261e+00
5.740000e-06	-1.805411e-02	-4.632603e+00
5.750000e-06	-1.753092e-02	-4.570050e+00
5.760000e-06	-1.907793e-02	-4.556818e+00
5.770000e-06	-1.850732e-02	-4.462684e+00
5.780000e-06	-1.714620e-02	-4.403576e+00
5.790000e-06	-1.621588e-02	-4.409524e+00
5.800000e-06	-1.721897e-02	-4.377421e+00
5.810000e-06	-1.702428e-02	-4.304665e+00
5.820000e-06	-1.462506e-02	-4.251610e+00
5.830000e-06	-1.405709e-02	-4.198575e+00
5.840000e-06	-1.464579e-02	-4.166421e+00
5.850000e-06	-1.512251e-02	-4.033734e+00
5.860000e-06	-1.281532e-02	-4.030554e+00
5.870000e-06	-1.484998e-02	-3.989946e+00
5.880000e-06	-1.348229e-02	-3.937369e+00
5.890000e-06	-1.365582e-02	-3.810524e+00
5.900000e-06	-1.155333e-02	-3.736264e+00
5.910000e-06	-1.232243e-02	-3.641130e+00
5.920000e-06	-1.192810e-02	-3.589025e+00
5.930000e-06	-1.046213e-02	-3.535868e+00
5.940000e-06	-1.214652e-02	-3.433208e+00
5.950000e-06	-1.063047e-02	-3.387024e+00
5.960000e-06	-1.194088e-02	-3.294288e+00
5.970000e-06	-1.060828e-02	-3.262081e+00
5.980000e-06	-1.088076e-02	-3.168547e+00
5.990000e-06	-1.047665e-02	-3.064214e+00
6.000000e-06	-8.501188e-03	-2.991002e+00
6.010000e-06	-8.401075e-03	-2.893683e+00
6.020000e-06	-9.232373e-03	-2.801027e+00
6.030000e-06	-1.035732e-02	-2.746418e+00
6.040000e-06	-8.430602e-03	-2.652132e+00
6.050000e-06	-8.330339e-03	-2.590449e+00
6.060000e-06	-9.966592e-03	-2.505189e+00
6.070000e-06	-8.507238e-03	-2.409025e+00
6.080000e-06	-6.765102e-03	-2.367897e+00
6.090000e-06	-6.179966e-03	-2.316212e+00
6.100000e-06	-8.182112e-03	-2.157368e+00
6.110000e-06	-8.359715e-03	-2.052658e+00
6.120000e-06	-6.490374e-03	-1.967974e+00
6.130000e-06	-6.467479e-03	-1.903859e+00
6.140000e-06	-7.230686e-03	-1.802596e+00
6.150000e-06	-6.837153e-03	-1.776394e+00
6.160000e-06	-6.260188e-03	-1.632580e+00
6.170000e-06	-4.463315e-03	-1.608999e+00
6.180000e-06	-6.101730e-03	-1.495291e+00
6.190000e-06	-5.784674e-03	-1.418398e+00
6.200000e-06	-6.237272e-03	-1.271580e+00
6.210000e-06	-4.670046e-03	-1.167923e+00
6.220000e-06	-4.937099e-03	-1.062131e+00
6.230000e-06	-5.543254e-03	-9.799760e-01
6.240000e-06	-4.725085e-03	-8.751365e-01
6.250000e-06	-3.518476e-03	-8.115248e-01
6.260000e-06	-3.923559e-03	-7.754220e-01
6.270000e-06	-4.467472e-03	-6.104722e-01
6.280000e-06	-3.172249e-03	-4.837129e-01
6.290000e-06	-4.351284e-03	-4.090013e-01
6.300000e-06	-4.419112e-03	-3.268420e-01
6.310000e-06	-5.084216e-03	-2.521053e-01
6.320000e-06	-1.122334e-03	-1.878720e-01
6.330000e-06	-2.535920e-03	-5.213651e-02
6.340000e-06	2.062651e-03	9.522566e-03
6.350000e-06	-3.846353e-04	8.411059e-02
6.360000e-06	7.361773e-04	1.400478e-01
6.370000e-06	-1.859235e-03	3.358597e-01
6.380000e-06	-1.235301e-03	4.000250e-01
6.390000e-06	-2.817746e-03	4.436330e-01
6.400000e-06	1.955814e-03	5.473948e-01
6.410000e-06	1.486171e-02	6.111641e-01
6.420000e-06	3.515813e-02	7.578688e-01
6.430000e-06	-2.321964e-04	8.646306e-01
6.440000e-06	-7.941298e-02	9.399227e-01
6.450000e-06	-3.239978e-02	1.071709e+00
6.460000e-06	5.407041e-02	1.146372e+00
6.470000e-06	7.152811e-02	1.262181e+00
6.480000e-06	-9.648017e-02	1.327968e+00
6.490000e-06	1.274771e-02	1.389026e+00
6.500000e-06	8.686074e-02	1.588914e+00
6.510000e-06	-1.394850e-02	1.745760e+00
6.520000e-06	-2.529483e-02	1.695338e+00
6.530000e-06	-1.946386e-02	1.780852e+00
6.540000e-06	2.165239e-03	1.926239e+00
6.550000e-06	3.916619e-03	1.988924e+00
6.560000e-06	6.507186e-02	2.031027e+00
6.570000e-06	-2.005505e-02	2.117392e+00
6.580000e-06	-7.928795e-02	2.210551e+00
6.590000e-06	5.306104e-02	2.303138e+00
6.600000e-06	7.051544e-02	2.377871e+00
6.610000e-06	-7.924630e-02	2.430133e+00
6.620000e-06	-2.846895e-02	2.527817e+00
6.630000e-06	6.228138e-02	2.622153e+00
6.640000e-06	4.254147e-02	2.755941e+00
6.650000e-06	-3.966732e-02	2.821551e+00
6.660000e-06	-4.434263e-02	2.895762e+00
6.670000e-06	4.986321e-02	2.977922e+00
6.680000e-06	3.411747e-02	2.992553e+00
6.690000e-06	-2.808856e-02	3.127393e+00
6.700000e-06	-2.606133e-02	3.189501e+00
6.710000e-06	4.535690e-02	3.211580e+00
6.720000e-06	9.847054e-03	3.304183e+00
6.730000e-06	-1.275440e-02	3.411100e+00
6.740000e-06	-6.281626e-03	3.537366e+00
6.750000e-06	7.558695e-03	3.579450e+00
6.760000e-06	2.643583e-02	3.612104e+00
6.770000e-06	-9.511387e-05	3.703737e+00
6.780000e-06	-1.354721e-02	3.797947e+00
6.790000e-06	6.025459e-03	3.853100e+00
6.800000e-06	3.028771e-02	3.915784e+00
6.810000e-06	-5.999981e-03	3.968967e+00
6.820000e-06	-7.848611e-03	4.010049e+00
6.830000e-06	1.027648e-02	4.052628e+00
6.840000e-06	2.192360e-02	4.098241e+00
6.850000e-06	5.674324e-03	4.219553e+00
6.860000e-06	-8.428346e-03	4.301789e+00
6.870000e-06	9.519445e-03	4.368395e+00
6.880000e-06	1.835264e-02	4.400025e+00
6.890000e-06	8.786619e-03	4.443178e+00
6.900000e-06	-8.116796e-03	4.474212e+00
6.910000e-06	1.318038e-02	4.536462e+00
6.920000e-06	1.909539e-02	4.609553e+00
6.930000e-06	7.569840e-03	4.652130e+00
6.940000e-06	-3.867145e-03	4.694357e+00
6.950000e-06	1.138877e-02	4.766444e+00
6.960000e-06	2.066412e-02	4.760496e+00
6.970000e-06	7.437760e-03	4.800050e+00
6.980000e-06	9.082942e-04	4.852661e+00
6.990000e-06	8.922928e-03	4.916362e+00
7.000000e-06	2.145376e-02	4.999048e+00
7.010000e-06	8.867341e-03	5.053305e+00
7.020000e-06	2.754498e-03	5.147316e+00
7.030000e-06	1.062576e-02	5.146969e+00
7.040000e-06	2.100782e-02	5.200055e+00
7.050000e-06	1.261583e-02	5.242559e+00
7.060000e-06	4.275873e-03	5.241701e+00
7.070000e-06	1.228274e-02	5.325791e+00
7.080000e-06	1.900707e-02	5.367392e+00
7.090000e-06	1.490112e-02	5.356495e+00
7.100000e-06	5.741685e-03	5.379025e+00
7.110000e-06	1.317364e-02	5.410478e+00
7.120000e-06	2.037281e-02	5.400553e+00
7.130000e-06	1.653785e-02	5.431680e+00
7.140000e-06	9.907025e-03	5.452754e+00
7.150000e-06	1.284240e-02	5.443287e+00
7.160000e-06	2.133340e-02	5.464262e+00
7.170000e-06	1.737576e-02	5.503314e+00
7.180000e-06	1.314062e-02	5.516337e+00
7.190000e-06	1.410264e-02	5.545391e+00
7.200000e-06	2.147588e-02	5.517363e+00
7.210000e-06	1.963148e-02	5.537362e+00
7.220000e-06	1.518055e-02	5.546393e+00
7.230000e-06	1.659786e-02	5.536895e+00
7.240000e-06	2.206428e-02	5.556446e+00
7.250000e-06	2.398807e-02	5.538345e+00
7.260000e-06	1.751484e-02	5.529462e+00
7.270000e-06	1.931255e-02	5.565868e+00
7.280000e-06	2.391523e-02	5.568813e+00
7.290000e-06	2.310852e-02	5.535895e+00
7.300000e-06	1.861697e-02	5.508369e+00
7.310000e-06	1.987505e-02	5.486417e+00
7.320000e-06	2.471442e-02	5.495843e+00
7.330000e-06	2.442343e-02	5.485738e+00
7.340000e-06	2.184224e-02	5.506339e+00
7.350000e-06	2.109147e-02	5.453179e+00
7.360000e-06	2.457856e-02	5.463708e+00
7.370000e-06	2.413481e-02	5.452257e+00
7.380000e-06	2.181950e-02	5.452052e+00
7.390000e-06	2.107203e-02	5.411578e+00
7.400000e-06	2.310501e-02	5.398446e+00
7.410000e-06	2.296872e-02	5.378997e+00
7.420000e-06	2.148344e-02	5.358417e+00
7.430000e-06	2.044164e-02	5.334769e+00
7.440000e-06	2.210834e-02	5.295788e+00
7.450000e-06	2.169156e-02	5.252686e+00
7.460000e-06	2.160885e-02	5.221577e+00
7.470000e-06	1.871824e-02	5.181054e+00
7.480000e-06	1.990745e-02	5.166921e+00
7.490000e-06	1.851164e-02	5.114817e+00
7.500000e-06	1.743371e-02	5.051109e+00
7.510000e-06	1.568831e-02	5.009501e+00
7.520000e-06	1.789340e-02	4.874182e+00
7.530000e-06	1.704403e-02	4.864164e+00
7.540000e-06	1.720533e-02	4.802579e+00
7.550000e-06	1.476658e-02	4.789475e+00
7.560000e-06	1.599088e-02	4.727421e+00
7.570000e-06	1.379829e-02	4.695663e+00
7.580000e-06	1.485477e-02	4.685211e+00
7.590000e-06	1.216366e-02	4.601100e+00
7.600000e-06	1.390933e-02	4.538873e+00
7.610000e-06	1.198747e-02	4.525316e+00
7.620000e-06	1.232676e-02	4.431105e+00
7.630000e-06	9.816484e-03	4.440505e+00
7.640000e-06	1.227146e-02	4.398521e+00
7.650000e-06	1.092600e-02	4.376846e+00
7.660000e-06	1.096555e-02	4.336182e+00
7.670000e-06	9.093014e-03	4.180048e+00
7.680000e-06	9.671280e-03	4.074237e+00
7.690000e-06	8.690200e-03	4.001026e+00
7.700000e-06	7.184440e-03	3.967999e+00
7.710000e-06	7.469187e-03	3.957366e+00
7.720000e-06	7.482320e-03	3.874134e+00
7.730000e-06	7.635796e-03	3.810104e+00
7.740000e-06	7.239178e-03	3.767892e+00
7.750000e-06	6.845559e-03	3.674688e+00
7.760000e-06	7.014789e-03	3.620526e+00
7.770000e-06	6.125384e-03	3.566976e+00
7.780000e-06	4.995867e-03	3.524843e+00
7.790000e-06	5.216383e-03	3.369499e+00
7.800000e-06	4.110865e-03	3.283711e+00
7.810000e-06	4.712057e-03	3.211529e+00
7.820000e-06	3.937533e-03	3.167371e+00
7.830000e-06	4.522118e-03	3.105237e+00
7.840000e-06	3.897231e-03	2.981054e+00
7.850000e-06	4.098943e-03	2.947394e+00
7.860000e-06	3.205651e-03	2.862165e+00
7.870000e-06	3.357247e-03	2.790529e+00
7.880000e-06	2.749628e-03	2.757446e+00
7.890000e-06	1.360178e-03	2.680180e+00
7.900000e-06	1.595059e-03	2.486817e+00
7.910000e-06	1.656754e-03	2.421528e+00
7.920000e-06	2.554020e-03	2.398295e+00
7.930000e-06	9.810911e-04	2.244108e+00
7.940000e-06	8.708360e-04	2.159975e+00
7.950000e-06	3.882640e-04	2.124764e+00
7.960000e-06	1.552875e-03	2.031054e+00
7.970000e-06	-4.384214e-04	1.948450e+00
7.980000e-06	1.050968e-03	1.884789e+00
7.990000e-06	-1.285967e-03	1.809902e+00
8.000000e-06	4.025691e-04	1.715337e+00
8.010000e-06	-1.503138e-03	1.630681e+00
8.020000e-06	-4.534015e-04	1.537716e+00
8.030000e-06	-2.956695e-03	1.431056e+00
8.040000e-06	-8.474905e-04	1.287393e+00
8.050000e-06	-4.266528e-04	1.262084e+00
8.060000e-06	-1.176425e-05	1.157474e+00
8.070000e-06	-2.829915e-03	1.101581e+00
8.080000e-06	-1.668427e-03	9.042418e-01
8.090000e-06	-2.852009e-03	8.014801e-01
8.100000e-06	-5.322051e-04	7.363672e-01
8.110000e-06	-5.753571e-03	6.726102e-01
8.120000e-06	-2.726270e-03	5.083949e-01
8.130000e-06	-2.975794e-03	4.721628e-01
8.140000e-06	-6.916400e-04	3.999524e-01
8.150000e-06	-4.018876e-03	3.168418e-01
8.160000e-06	-3.524626e-03	2.099301e-01
8.170000e-06	-3.367168e-03	5.563789e-02
8.180000e-06	-1.969232e-03	1.902499e-02
8.190000e-06	-4.683785e-03	-7.370947e-02
8.200000e-06	-7.552229e-04	-1.880187e-01
8.210000e-06	-2.392621e-03	-2.625793e-01
8.220000e-06	-1.404375e-03	-3.378886e-01
8.230000e-06	-4.020178e-03	-4.304738e-01
8.240000e-06	-4.721878e-03	-4.627107e-01
8.250000e-06	-3.729222e-03	-5.679174e-01
8.260000e-06	8.124041e-03	-7.452370e-01
8.270000e-06	4.016768e-02	-7.985225e-01
8.280000e-06	-3.824152e-03	-9.262882e-01
8.290000e-06	-8.753503e-02	-1.083683e+00
8.300000e-06	-2.741546e-02	-1.168966e+00
8.310000e-06	4.483949e-02	-1.126744e+00
8.320000e-06	7.061519e-02	-1.191551e+00
8.330000e-06	-9.041351e-02	-1.430126e+00
8.340000e-06	1.574349e-02	-1.567363e+00
8.350000e-06	8.923185e-02	-1.558844e+00
8.360000e-06	-3.430483e-02	-1.662126e+00
8.370000e-06	-4.181405e-02	-1.799520e+00
8.380000e-06	5.161176e-03	-1.809475e+00
8.390000e-06	-1.866923e-02	-1.864603e+00
8.400000e-06	-3.000514e-02	-1.978045e+00
8.410000e-06	7.834812e-02	-2.003030e+00
8.420000e-06	-9.023550e-03	-2.113134e+00
8.430000e-06	-1.149428e-01	-2.254658e+00
8.440000e-06	6.272561e-02	-2.369501e+00
8.450000e-06	7.419315e-02	-2.431132e+00
8.460000e-06	-1.281527e-01	-2.496841e+00
8.470000e-06	-2.404146e-02	-2.559524e+00
8.480000e-06	8.136055e-02	-2.683231e+00
8.490000e-06	1.123631e-02	-2.766993e+00
8.500000e-06	-6.169830e-02	-2.799528e+00
8.510000e-06	-4.171104e-02	-2.853137e+00
8.520000e-06	3.670926e-02	-3.031228e+00
8.530000e-06	3.731397e-02	-3.147968e+00
8.540000e-06	-6.913518e-02	-3.180526e+00
8.550000e-06	-4.209239e-02	-3.255184e+00
8.560000e-06	7.162373e-02	-3.335919e+00
8.570000e-06	-1.503680e-02	-3.410602e+00
8.580000e-06	-5.328070e-02	-3.534761e+00
8.590000e-06	-8.931461e-03	-3.486792e+00
8.600000e-06	6.048263e-03	-3.578021e+00
8.610000e-06	8.450198e-03	-3.644654e+00
8.620000e-06	-2.667403e-02	-3.788269e+00
8.630000e-06	-3.284274e-02	-3.865002e+00
8.640000e-06	1.398085e-02	-3.916462e+00
8.650000e-06	6.084755e-03	-3.999020e+00
8.660000e-06	-3.569419e-02	-4.022204e+00
8.670000e-06	-1.901157e-02	-4.144738e+00
8.680000e-06	-1.597941e-03	-4.138416e+00
8.690000e-06	7.649731e-03	-4.250603e+00
8.700000e-06	-2.355558e-02	-4.274708e+00
8.710000e-06	-3.398887e-02	-4.355865e+00
8.720000e-06	1.313509e-03	-4.379997e+00
8.730000e-06	3.106961e-03	-4.400051e+00
8.740000e-06	-2.050679e-02	-4.434132e+00
8.750000e-06	-2.940684e-02	-4.485883e+00
8.760000e-06	-4.846706e-03	-4.559941e+00
8.770000e-06	5.492095e-03	-4.642678e+00
8.780000e-06	-2.264571e-02	-4.714189e+00
8.790000e-06	-3.108279e-02	-4.697435e+00
8.800000e-06	-4.264066e-03	-4.799496e+00
8.810000e-06	-2.376954e-03	-4.813027e+00
8.820000e-06	-1.936084e-02	-4.874809e+00
8.830000e-06	-2.816142e-02	-4.917416e+00
8.840000e-06	-1.282877e-02	-4.988920e+00
8.850000e-06	7.951781e-04	-5.021628e+00
8.860000e-06	-2.100221e-02	-5.031181e+00
8.870000e-06	-2.639591e-02	-5.106741e+00
8.880000e-06	-1.136684e-02	-5.148942e+00
8.890000e-06	-6.456931e-03	-5.199048e+00
8.900000e-06	-1.819740e-02	-5.201129e+00
8.910000e-06	-3.039602e-02	-5.260682e+00
8.920000e-06	-1.423534e-02	-5.262808e+00
8.930000e-06	-8.009420e-03	-5.354891e+00
8.940000e-06	-1.917343e-02	-5.417052e+00
8.950000e-06	-2.742567e-02	-5.421254e+00
8.960000e-06	-1.681471e-02	-5.483311e+00
8.970000e-06	-1.055458e-02	-5.485863e+00
8.980000e-06	-1.874057e-02	-5.515368e+00
8.990000e-06	-2.974479e-02	-5.535891e+00
9.000000e-06	-1.995154e-02	-5.599496e+00
9.010000e-06	-1.436011e-02	-5.598975e+00
9.020000e-06	-2.114308e-02	-5.610024e+00
9.030000e-06	-2.834934e-02	-5.590000e+00
9.040000e-06	-2.299268e-02	-5.610526e+00
9.050000e-06	-1.575271e-02	-5.599526e+00
9.060000e-06	-2.143990e-02	-5.611049e+00
9.070000e-06	-2.871482e-02	-5.611051e+00
9.080000e-06	-2.497322e-02	-5.601051e+00
9.090000e-06	-2.061967e-02	-5.620101e+00
9.100000e-06	-2.279377e-02	-5.612026e+00
9.110000e-06	-3.125542e-02	-5.630129e+00
9.120000e-06	-2.859903e-02	-5.631050e+00
9.130000e-06	-2.294513e-02	-5.640502e+00
9.140000e-06	-2.477217e-02	-5.591576e+00
9.150000e-06	-3.023833e-02	-5.610029e+00
9.160000e-06	-2.984240e-02	-5.610052e+00
9.170000e-06	-2.405362e-02	-5.601026e+00
9.180000e-06	-2.637708e-02	-5.609474e+00
9.190000e-06	-3.186494e-02	-5.611000e+00
9.200000e-06	-3.121254e-02	-5.568499e+00
9.210000e-06	-2.659764e-02	-5.598997e+00
9.220000e-06	-2.754879e-02	-5.578921e+00
9.230000e-06	-3.098329e-02	-5.577393e+00
9.240000e-06	-2.983070e-02	-5.557918e+00
9.250000e-06	-2.624181e-02	-5.534767e+00
9.260000e-06	-2.629220e-02	-5.522763e+00
9.270000e-06	-2.933774e-02	-5.472208e+00
9.280000e-06	-2.777160e-02	-5.421097e+00
9.290000e-06	-2.556122e-02	-5.346472e+00
9.300000e-06	-2.535325e-02	-5.266268e+00
9.310000e-06	-2.832697e-02	-5.242631e+00
9.320000e-06	-2.744864e-02	-5.222629e+00
9.330000e-06	-2.457273e-02	-5.209075e+00
9.340000e-06	-2.339427e-02	-5.166496e+00
9.350000e-06	-2.609797e-02	-5.166366e+00
9.360000e-06	-2.444530e-02	-5.054688e+00
9.370000e-06	-2.266451e-02	-5.002678e+00
9.380000e-06	-2.127010e-02	-4.998071e+00
9.390000e-06	-2.278798e-02	-4.925418e+00
9.400000e-06	-2.297922e-02	-4.955163e+00
9.410000e-06	-2.145028e-02	-4.791118e+00
9.420000e-06	-2.124289e-02	-4.746493e+00
9.430000e-06	-2.026540e-02	-4.646807e+00
9.440000e-06	-2.046390e-02	-4.642805e+00
9.450000e-06	-1.895060e-02	-4.632025e+00
9.460000e-06	-1.783397e-02	-4.589547e+00
9.470000e-06	-1.827696e-02	-4.506767e+00
9.480000e-06	-1.806665e-02	-4.483738e+00
9.490000e-06	-1.680970e-02	-4.441100e+00
9.500000e-06	-1.638682e-02	-4.399499e+00
9.510000e-06	-1.677431e-02	-4.357417e+00
9.520000e-06	-1.637389e-02	-4.316290e+00
9.530000e-06	-1.612740e-02	-4.252154e+00
9.540000e-06	-1.465933e-02	-4.200102e+00
9.550000e-06	-1.457436e-02	-4.147818e+00
9.560000e-06	-1.418599e-02	-4.082109e+00
9.570000e-06	-1.260341e-02	-4.000004e+00
9.580000e-06	-1.509005e-02	-4.000474e+00
9.590000e-06	-1.267441e-02	-3.894818e+00
9.600000e-06	-1.311816e-02	-3.822030e+00
9.610000e-06	-1.227021e-02	-3.714343e+00
9.620000e-06	-1.336068e-02	-3.642629e+00
9.630000e-06	-1.102481e-02	-3.578874e+00
9.640000e-06	-1.068349e-02	-3.536916e+00
9.650000e-06	-1.101515e-02	-3.474634e+00
9.660000e-06	-1.116358e-02	-3.429076e+00
9.670000e-06	-1.041332e-02	-3.305264e+00
9.680000e-06	-9.879138e-03	-3.222079e+00
9.690000e-06	-9.232361e-03	-3.188471e+00
9.700000e-06	-1.005686e-02	-3.095314e+00
9.710000e-06	-9.248119e-03	-3.020024e+00
9.720000e-06	-8.705899e-03	-2.862206e+00
9.730000e-06	-8.377760e-03	-2.799500e+00
9.740000e-06	-1.004098e-02	-2.757445e+00
9.750000e-06	-9.455638e-03	-2.633112e+00
9.760000e-06	-7.965949e-03	-2.588422e+00
9.770000e-06	-7.640528e-03	-2.494186e+00
9.780000e-06	-7.559980e-03	-2.421026e+00
9.790000e-06	-7.522854e-03	-2.387946e+00
9.800000e-06	-6.005134e-03	-2.284232e+00
9.810000e-06	-6.732166e-03	-2.145294e+00
9.820000e-06	-8.330129e-03	-2.042029e+00
9.830000e-06	-7.443435e-03	-1.988921e+00
9.840000e-06	-7.264638e-03	-1.925841e+00
9.850000e-06	-5.428702e-03	-1.830531e+00
9.860000e-06	-7.407434e-03	-1.746391e+00
9.870000e-06	-6.249917e-03	-1.664110e+00
9.880000e-06	-4.179663e-03	-1.610970e+00
9.890000e-06	-5.522591e-03	-1.512789e+00
9.900000e-06	-5.538781e-03	-1.397044e+00
9.910000e-06	-6.478133e-03	-1.271583e+00
9.920000e-06	-5.979328e-03	-1.146842e+00
9.930000e-06	-4.736762e-03	-1.073684e+00
9.940000e-06	-6.414598e-03	-9.694985e-01
9.950000e-06	-4.918278e-03	-8.857368e-01
9.960000e-06	-4.261202e-03	-8.095274e-01
9.970000e-06	-3.439538e-03	-7.558472e-01
9.980000e-06	-3.715111e-03	-6.515539e-01
9.990000e-06	-3.836124e-03	-4.847154e-01
1.000000e-05	-4.302275e-03	-3.995486e-01
1.001000e-05	-4.477481e-03	-3.372944e-01
1.002000e-05	-4.151560e-03	-2.415588e-01
1.003000e-05	-1.908869e-03	-1.684497e-01
1.004000e-05	-3.586256e-03	-5.213402e-02
1.005000e-05	4.378376e-05	9.524066e-03
1.006000e-05	5.322229e-04	7.318547e-02
1.007000e-05	-2.880266e-04	1.889491e-01
1.008000e-05	-1.588130e-03	3.557372e-01
1.009000e-05	-2.872683e-04	3.894963e-01
1.010000e-05	-1.612681e-03	4.535819e-01
1.011000e-05	2.947709e-04	5.688662e-01
1.012000e-05	1.225039e-02	6.231305e-01
1.013000e-05	3.307831e-02	7.488936e-01
1.014000e-05	-7.437776e-04	8.830568e-01
1.015000e-05	-7.929684e-02	1.009043e+00
1.016000e-05	-3.244704e-02	1.043512e+00
1.017000e-05	5.574561e-02	1.116942e+00
1.018000e-05	7.371818e-02	1.264082e+00
1.019000e-05	-9.511623e-02	1.335816e+00
1.020000e-05	1.005266e-02	1.389523e+00
1.021000e-05	8.635304e-02	1.579511e+00
1.022000e-05	-1.407689e-02	1.733862e+00
1.023000e-05	-2.568172e-02	1.747240e+00
1.024000e-05	-1.960132e-02	1.809028e+00
1.025000e-05	3.032636e-03	1.916861e+00
1.026000e-05	3.705203e-03	1.988497e+00
1.027000e-05	6.444256e-02	2.031529e+00
1.028000e-05	-1.850852e-02	2.115393e+00
1.029000e-05	-8.122463e-02	2.190998e+00
1.030000e-05	5.401561e-02	2.274709e+00
1.031000e-05	7.167765e-02	2.367868e+00
1.032000e-05	-7.817626e-02	2.442104e+00
1.033000e-05	-3.024465e-02	2.504236e+00
1.034000e-05	6.342185e-02	2.632628e+00
1.035000e-05	4.291117e-02	2.748968e+00
1.036000e-05	-3.941006e-02	2.809976e+00
1.037000e-05	-4.457542e-02	2.886764e+00
1.038000e-05	5.020461e-02	2.978398e+00
1.039000e-05	3.752311e-02	3.019629e+00
1.040000e-05	-2.677591e-02	3.116396e+00
1.041000e-05	-2.641819e-02	3.178472e+00
1.042000e-05	4.477698e-02	3.212002e+00
1.043000e-05	1.066434e-02	3.315687e+00
1.044000e-05	-1.297031e-02	3.409729e+00
1.045000e-05	-7.405618e-03	3.546341e+00
1.046000e-05	6.672124e-03	3.589020e+00
1.047000e-05	2.748160e-02	3.621058e+00
1.048000e-05	1.631285e-03	3.705361e+00
1.049000e-05	-1.266853e-02	3.787446e+00
1.050000e-05	5.505767e-03	3.823052e+00
1.051000e-05	2.976911e-02	3.894808e+00
1.052000e-05	-5.789366e-03	3.968870e+00
1.053000e-05	-8.696852e-03	4.010527e+00
1.054000e-05	8.523582e-03	4.041202e+00
1.055000e-05	2.151642e-02	4.075286e+00
1.056000e-05	6.035144e-03	4.171020e+00
1.057000e-05	-7.652992e-03	4.298258e+00
1.058000e-05	8.325883e-03	4.358473e+00
1.059000e-05	1.940870e-02	4.399024e+00
1.060000e-05	9.524525e-03	4.433032e+00
1.061000e-05	-8.397232e-03	4.484236e+00
1.062000e-05	1.119483e-02	4.537916e+00
1.063000e-05	1.814082e-02	4.598525e+00
1.064000e-05	7.631633e-03	4.641603e+00
1.065000e-05	-3.226137e-03	4.696285e+00
1.066000e-05	9.157047e-03	4.728342e+00
1.067000e-05	2.093330e-02	4.787974e+00
1.068000e-05	7.978120e-03	4.830552e+00
1.069000e-05	1.727598e-03	4.872183e+00
1.070000e-05	8.127032e-03	4.917815e+00
1.071000e-05	2.146249e-02	4.960100e+00
1.072000e-05	9.603978e-03	5.052183e+00
1.073000e-05	2.024137e-03	5.105963e+00
1.074000e-05	9.551347e-03	5.146921e+00
1.075000e-05	1.929186e-02	5.221576e+00
1.076000e-05	1.319060e-02	5.242578e+00
1.077000e-05	4.618001e-03	5.263211e+00
1.078000e-05	1.248163e-02	5.285760e+00
1.079000e-05	1.919058e-02	5.345890e+00
1.080000e-05	1.543457e-02	5.347420e+00
1.081000e-05	6.896646e-03	5.407920e+00
1.082000e-05	1.032119e-02	5.389524e+00
1.083000e-05	2.003241e-02	5.399524e+00
1.084000e-05	1.634520e-02	5.441076e+00
1.085000e-05	1.101338e-02	5.421683e+00
1.086000e-05	1.211638e-02	5.444682e+00
1.087000e-05	2.151205e-02	5.435784e+00
1.088000e-05	1.799453e-02	5.495313e+00
1.089000e-05	1.383323e-02	5.484267e+00
1.090000e-05	1.416917e-02	5.515314e+00
1.091000e-05	2.114114e-02	5.517341e+00
1.092000e-05	2.067286e-02	5.536817e+00
1.093000e-05	1.565528e-02	5.557441e+00
1.094000e-05	1.713593e-02	5.527917e+00
1.095000e-05	2.166928e-02	5.526340e+00
1.096000e-05	2.340186e-02	5.547796e+00
1.097000e-05	1.827344e-02	5.517869e+00
1.098000e-05	2.080482e-02	5.539772e+00
1.099000e-05	2.367946e-02	5.515414e+00
1.100000e-05	2.576978e-02	5.516892e+00
1.101000e-05	1.991257e-02	5.517367e+00
1.102000e-05	2.093181e-02	5.544971e+00
1.103000e-05	2.363131e-02	5.537786e+00
1.104000e-05	2.416727e-02	5.524766e+00
1.105000e-05	2.177170e-02	5.473759e+00
1.106000e-05	2.135983e-02	5.493234e+00
1.107000e-05	2.498977e-02	5.495758e+00
1.108000e-05	2.519948e-02	5.433080e+00
1.109000e-05	2.304147e-02	5.401679e+00
1.110000e-05	2.057616e-02	5.421078e+00
1.111000e-05	2.348632e-02	5.389525e+00
1.112000e-05	2.280084e-02	5.369446e+00
1.113000e-05	2.068949e-02	5.347371e+00
1.114000e-05	1.981833e-02	5.338843e+00
1.115000e-05	2.136717e-02	5.255259e+00
1.116000e-05	2.197888e-02	5.243134e+00
1.117000e-05	2.022207e-02	5.242057e+00
1.118000e-05	1.911255e-02	5.200499e+00
1.119000e-05	2.018515e-02	5.177921e+00
1.120000e-05	1.838752e-02	5.144338e+00
1.121000e-05	1.686608e-02	5.032630e+00
1.122000e-05	1.757701e-02	4.950522e+00
1.123000e-05	1.768015e-02	4.914790e+00
1.124000e-05	1.702739e-02	4.904155e+00
1.125000e-05	1.452536e-02	4.791051e+00
1.126000e-05	1.504125e-02	4.789000e+00
1.127000e-05	1.546078e-02	4.748369e+00
1.128000e-05	1.498272e-02	4.725717e+00
1.129000e-05	1.376504e-02	4.672160e+00
1.130000e-05	1.395946e-02	4.603049e+00
1.131000e-05	1.263770e-02	4.547872e+00
1.132000e-05	1.254232e-02	4.495738e+00
1.133000e-05	1.041109e-02	4.432734e+00
1.134000e-05	1.020966e-02	4.399528e+00
1.135000e-05	1.157417e-02	4.380523e+00
1.136000e-05	1.102188e-02	4.357367e+00
1.137000e-05	9.357793e-03	4.245734e+00
1.138000e-05	9.241174e-03	4.178977e+00
1.139000e-05	1.006481e-02	4.075860e+00
1.140000e-05	9.295799e-03	4.022029e+00
1.141000e-05	7.744825e-03	3.960474e+00
1.142000e-05	7.553508e-03	3.927890e+00
1.143000e-05	7.611206e-03	3.873262e+00
1.144000e-05	6.619345e-03	3.791056e+00
1.145000e-05	6.679237e-03	3.747445e+00
1.146000e-05	6.503659e-03	3.663685e+00
1.147000e-05	5.645438e-03	3.612079e+00
1.148000e-05	7.486676e-03	3.578996e+00
1.149000e-05	5.956297e-03	3.526215e+00
1.150000e-05	5.095583e-03	3.392604e+00
1.151000e-05	4.948142e-03	3.276664e+00
1.152000e-05	5.048705e-03	3.180552e+00
1.153000e-05	2.947888e-03	3.166971e+00
1.154000e-05	2.816123e-03	3.064709e+00
1.155000e-05	3.574324e-03	3.000053e+00
1.156000e-05	3.768145e-03	2.916890e+00
1.157000e-05	3.812592e-03	2.823187e+00
1.158000e-05	3.362070e-03	2.800024e+00
1.159000e-05	3.922909e-03	2.776921e+00
1.160000e-05	3.099007e-03	2.661604e+00
1.161000e-05	1.678219e-03	2.496819e+00
1.162000e-05	2.296684e-03	2.421029e+00
1.163000e-05	-2.230528e-04	2.366392e+00
1.164000e-05	8.724216e-04	2.263657e+00
1.165000e-05	7.102936e-04	2.200949e+00
1.166000e-05	9.038626e-04	2.084791e+00
1.167000e-05	9.193855e-04	2.022078e+00
1.168000e-05	1.419075e-03	1.967951e+00
1.169000e-05	1.231269e-03	1.904308e+00
1.170000e-05	8.740091e-04	1.788922e+00
1.171000e-05	-9.877959e-04	1.685242e+00
1.172000e-05	3.884698e-06	1.613129e+00
1.173000e-05	-1.577492e-03	1.514817e+00
1.174000e-05	-1.513277e-03	1.421531e+00
1.175000e-05	-1.631377e-03	1.357370e+00
1.176000e-05	-1.407949e-03	1.242109e+00
1.177000e-05	-9.612286e-04	1.188953e+00
1.178000e-05	-1.639172e-03	1.023553e+00
1.179000e-05	-1.974112e-03	8.747604e-01
1.180000e-05	-2.243846e-03	8.110250e-01
1.181000e-05	-2.084578e-03	7.468931e-01
1.182000e-05	-4.028799e-03	6.331602e-01
1.183000e-05	-2.733789e-03	5.389196e-01
1.184000e-05	-3.846304e-03	4.732106e-01
1.185000e-05	-2.922712e-03	4.114787e-01
1.186000e-05	-3.456378e-03	3.283920e-01
1.187000e-05	-4.115875e-03	2.199287e-01
1.188000e-05	-2.834091e-03	8.416419e-02
1.189000e-05	-2.866794e-03	-1.957645e-02
1.190000e-05	-2.491356e-03	-6.470699e-02
1.191000e-05	-1.633008e-03	-1.689461e-01
1.192000e-05	-1.381400e-03	-2.506553e-01
1.193000e-05	-4.146436e-03	-3.273647e-01
1.194000e-05	-3.920452e-03	-4.300239e-01
1.195000e-05	-5.564482e-03	-4.537592e-01
1.196000e-05	-4.443601e-03	-6.090450e-01
1.197000e-05	6.977899e-03	-7.427396e-01
1.198000e-05	4.058998e-02	-7.509986e-01
1.199000e-05	-1.542693e-03	-9.067909e-01
1.200000e-05	-8.735912e-02	-1.073228e+00
1.201000e-05	-2.854161e-02	-1.187941e+00
1.202000e-05	4.493368e-02	-1.115763e+00
1.203000e-05	7.138665e-02	-1.208974e+00
1.204000e-05	-8.766500e-02	-1.451076e+00
1.205000e-05	1.179732e-02	-1.557942e+00
1.206000e-05	9.058346e-02	-1.557862e+00
1.207000e-05	-3.319604e-02	-1.652179e+00
1.208000e-05	-4.118377e-02	-1.809071e+00
1.209000e-05	3.665211e-03	-1.800500e+00
1.210000e-05	-1.917182e-02	-1.854129e+00
1.211000e-05	-2.748181e-02	-1.967546e+00
1.212000e-05	7.729258e-02	-2.051600e+00
1.213000e-05	-7.889531e-03	-2.084233e+00
1.214000e-05	-1.182629e-01	-2.283709e+00
1.215000e-05	6.097788e-02	-2.386497e+00
1.216000e-05	7.690817e-02	-2.430557e+00
1.217000e-05	-1.290221e-01	-2.535940e+00
1.218000e-05	-2.622813e-02	-2.579972e+00
1.219000e-05	8.506271e-02	-2.681708e+00
1.220000e-05	1.140394e-02	-2.768420e+00
1.221000e-05	-6.189623e-02	-2.810026e+00
1.222000e-05	-4.218317e-02	-2.893659e+00
1.223000e-05	3.638468e-02	-2.992228e+00
1.224000e-05	3.814749e-02	-3.148363e+00
1.225000e-05	-7.010315e-02	-3.189976e+00
1.226000e-05	-4.180825e-02	-3.281628e+00
1.227000e-05	7.176388e-02	-3.317367e+00
1.228000e-05	-1.316329e-02	-3.409579e+00
1.229000e-05	-5.377600e-02	-3.505258e+00
1.230000e-05	-8.479058e-03	-3.475864e+00
1.231000e-05	7.708619e-03	-3.580048e+00
1.232000e-05	8.838618e-03	-3.702754e+00
1.233000e-05	-2.496926e-02	-3.754862e+00
1.234000e-05	-3.394609e-02	-3.881758e+00
1.235000e-05	1.382117e-02	-3.956941e+00
1.236000e-05	6.551970e-03	-4.010025e+00
1.237000e-05	-3.513932e-02	-4.042104e+00
1.238000e-05	-2.030385e-02	-4.114236e+00
1.239000e-05	-6.783486e-04	-4.157948e+00
1.240000e-05	9.576321e-03	-4.210029e+00
1.241000e-05	-2.092146e-02	-4.264707e+00
1.242000e-05	-3.491574e-02	-4.326886e+00
1.243000e-05	2.153416e-03	-4.378497e+00
1.244000e-05	2.407188e-03	-4.400028e+00
1.245000e-05	-2.108308e-02	-4.463105e+00
1.246000e-05	-3.144434e-02	-4.526336e+00
1.247000e-05	-5.628189e-03	-4.579496e+00
1.248000e-05	5.966589e-03	-4.599182e+00
1.249000e-05	-2.194382e-02	-4.714784e+00
1.250000e-05	-3.146386e-02	-4.705340e+00
1.251000e-05	-3.416101e-03	-4.777389e+00
1.252000e-05	-8.270526e-04	-4.791075e+00
1.253000e-05	-1.956250e-02	-4.855705e+00
1.254000e-05	-2.966258e-02	-4.968836e+00
1.255000e-05	-1.359606e-02	-4.978522e+00
1.256000e-05	1.010739e-03	-5.028549e+00
1.257000e-05	-2.157218e-02	-5.034207e+00
1.258000e-05	-2.799893e-02	-5.126306e+00
1.259000e-05	-1.227665e-02	-5.136311e+00
1.260000e-05	-4.858829e-03	-5.199998e+00
1.261000e-05	-1.738764e-02	-5.220027e+00
1.262000e-05	-3.035321e-02	-5.220657e+00
1.263000e-05	-1.559928e-02	-5.293285e+00
1.264000e-05	-7.192468e-03	-5.357014e+00
1.265000e-05	-1.955134e-02	-5.417441e+00
1.266000e-05	-2.811517e-02	-5.441675e+00
1.267000e-05	-1.912572e-02	-5.482780e+00
1.268000e-05	-1.007503e-02	-5.434287e+00
1.269000e-05	-1.852234e-02	-5.585839e+00
1.270000e-05	-2.836191e-02	-5.566918e+00
1.271000e-05	-2.090486e-02	-5.588421e+00
1.272000e-05	-1.365477e-02	-5.598997e+00
1.273000e-05	-2.006902e-02	-5.600046e+00
1.274000e-05	-2.831487e-02	-5.590551e+00
1.275000e-05	-2.613441e-02	-5.619524e+00
1.276000e-05	-1.592676e-02	-5.620027e+00
1.277000e-05	-2.174746e-02	-5.620024e+00
1.278000e-05	-2.821946e-02	-5.640579e+00
1.279000e-05	-2.707766e-02	-5.631599e+00
1.280000e-05	-1.960234e-02	-5.611024e+00
1.281000e-05	-2.234912e-02	-5.609627e+00
1.282000e-05	-3.117160e-02	-5.600451e+00
1.283000e-05	-2.868875e-02	-5.631079e+00
1.284000e-05	-2.248357e-02	-5.601052e+00
1.285000e-05	-2.533334e-02	-5.631079e+00
1.286000e-05	-3.102363e-02	-5.621550e+00
1.287000e-05	-3.086639e-02	-5.630576e+00
1.288000e-05	-2.420571e-02	-5.630050e+00
1.289000e-05	-2.587855e-02	-5.610026e+00
1.290000e-05	-3.074530e-02	-5.600472e+00
1.291000e-05	-3.094979e-02	-5.580023e+00
1.292000e-05	-2.588032e-02	-5.588972e+00
1.293000e-05	-2.668702e-02	-5.579472e+00
1.294000e-05	-3.146179e-02	-5.586972e+00
1.295000e-05	-3.083834e-02	-5.547367e+00
1.296000e-05	-2.593834e-02	-5.543286e+00
1.297000e-05	-2.601316e-02	-5.483764e+00
1.298000e-05	-2.910833e-02	-5.492656e+00
1.299000e-05	-2.823352e-02	-5.371524e+00
1.300000e-05	-2.519377e-02	-5.355965e+00
1.301000e-05	-2.327201e-02	-5.305266e+00
1.302000e-05	-2.875867e-02	-5.291658e+00
1.303000e-05	-2.651647e-02	-5.231203e+00
1.304000e-05	-2.480396e-02	-5.199049e+00
1.305000e-05	-2.338617e-02	-5.168021e+00
1.306000e-05	-2.592762e-02	-5.124767e+00
1.307000e-05	-2.507626e-02	-5.093287e+00
1.308000e-05	-2.231318e-02	-5.031580e+00
1.309000e-05	-2.163516e-02	-5.010074e+00
1.310000e-05	-2.216940e-02	-4.997472e+00
1.311000e-05	-2.250601e-02	-4.903809e+00
1.312000e-05	-2.086770e-02	-4.811054e+00
1.313000e-05	-2.071963e-02	-4.707896e+00
1.314000e-05	-2.104236e-02	-4.726284e+00
1.315000e-05	-2.180290e-02	-4.652154e+00
1.316000e-05	-1.926831e-02	-4.631078e+00
1.317000e-05	-1.981746e-02	-4.608022e+00
1.318000e-05	-1.803241e-02	-4.565387e+00
1.319000e-05	-1.775741e-02	-4.502734e+00
1.320000e-05	-1.599462e-02	-4.452126e+00
1.321000e-05	-1.679175e-02	-4.399475e+00
1.322000e-05	-1.679757e-02	-4.336972e+00
1.323000e-05	-1.768060e-02	-4.326291e+00
1.324000e-05	-1.565511e-02	-4.262075e+00
1.325000e-05	-1.548233e-02	-4.179999e+00
1.326000e-05	-1.568262e-02	-4.155917e+00
1.327000e-05	-1.567230e-02	-4.093687e+00
1.328000e-05	-1.418638e-02	-4.042451e+00
1.329000e-05	-1.329466e-02	-3.989025e+00
1.330000e-05	-1.302356e-02	-3.945768e+00
1.331000e-05	-1.296800e-02	-3.832202e+00
1.332000e-05	-1.255599e-02	-3.756293e+00
1.333000e-05	-1.184426e-02	-3.611604e+00
1.334000e-05	-1.303927e-02	-3.600553e+00
1.335000e-05	-1.153562e-02	-3.547768e+00
1.336000e-05	-1.196211e-02	-3.453178e+00
1.337000e-05	-1.107257e-02	-3.389021e+00
1.338000e-05	-1.137121e-02	-3.314238e+00
1.339000e-05	-1.084182e-02	-3.202579e+00
1.340000e-05	-9.727135e-03	-3.186949e+00
1.341000e-05	-9.017908e-03	-3.094262e+00
1.342000e-05	-8.846307e-03	-2.957972e+00
1.343000e-05	-8.464225e-03	-2.892631e+00
1.344000e-05	-9.822245e-03	-2.809027e+00
1.345000e-05	-8.553151e-03	-2.797343e+00
1.346000e-05	-1.023246e-02	-2.632682e+00
1.347000e-05	-9.455535e-03	-2.577971e+00
1.348000e-05	-7.783580e-03	-2.513767e+00
1.349000e-05	-7.030353e-03	-2.420575e+00
1.350000e-05	-7.060686e-03	-2.308447e+00
1.351000e-05	-6.537994e-03	-2.263710e+00
1.352000e-05	-6.251303e-03	-2.126793e+00
1.353000e-05	-6.458429e-03	-2.032179e+00
1.354000e-05	-7.235204e-03	-2.008973e+00
1.355000e-05	-8.175286e-03	-1.885238e+00
1.356000e-05	-6.660600e-03	-1.810579e+00
1.357000e-05	-5.504529e-03	-1.777867e+00
1.358000e-05	-6.243508e-03	-1.663105e+00
1.359000e-05	-5.529984e-03	-1.597947e+00
1.360000e-05	-5.177984e-03	-1.513293e+00
1.361000e-05	-3.879153e-03	-1.368418e+00
1.362000e-05	-5.404670e-03	-1.252630e+00
1.363000e-05	-4.921835e-03	-1.166364e+00
1.364000e-05	-6.697183e-03	-1.022583e+00
1.365000e-05	-4.430955e-03	-9.964223e-01
1.366000e-05	-6.011976e-03	-9.146843e-01
1.367000e-05	-4.749088e-03	-8.300300e-01
1.368000e-05	-4.709012e-03	-7.764418e-01
1.369000e-05	-3.089274e-03	-6.316309e-01
1.370000e-05	-2.981148e-03	-4.851641e-01
1.371000e-05	-3.452052e-03	-4.005274e-01
1.372000e-05	-4.014302e-03	-3.153395e-01
1.373000e-05	-3.808758e-03	-2.316326e-01
1.374000e-05	-3.257374e-03	-1.982934e-01
1.375000e-05	-2.016833e-03	-6.418534e-02
1.376000e-05	-2.229498e-03	-1.698006e-02
1.377000e-05	5.270528e-05	8.468460e-02
1.378000e-05	-7.137866e-04	1.905215e-01
1.379000e-05	1.372432e-06	3.272882e-01
1.380000e-05	-1.179060e-03	4.000015e-01
1.381000e-05	-1.843328e-03	4.526078e-01
1.382000e-05	1.840059e-03	5.469398e-01
1.383000e-05	1.378402e-02	6.622030e-01
1.384000e-05	3.354447e-02	7.893161e-01
1.385000e-05	-4.251258e-04	8.521544e-01
1.386000e-05	-7.814171e-02	9.720740e-01
1.387000e-05	-3.449726e-02	1.093610e+00
1.388000e-05	5.263751e-02	1.147893e+00
1.389000e-05	7.351894e-02	1.280204e+00
1.390000e-05	-9.190558e-02	1.347870e+00
1.391000e-05	7.977780e-03	1.391026e+00
1.392000e-05	8.752514e-02	1.515392e+00
1.393000e-05	-1.328422e-02	1.666891e+00
1.394000e-05	-2.511467e-02	1.737268e+00
1.395000e-05	-1.999643e-02	1.778445e+00
1.396000e-05	9.230923e-04	1.935392e+00
1.397000e-05	2.766984e-03	1.989021e+00
1.398000e-05	6.320122e-02	2.001579e+00
1.399000e-05	-1.643366e-02	2.106893e+00
1.400000e-05	-8.243745e-02	2.190525e+00
1.401000e-05	5.290080e-02	2.284208e+00
1.402000e-05	7.430346e-02	2.377470e+00
1.403000e-05	-7.769440e-02	2.442603e+00
1.404000e-05	-3.240583e-02	2.476686e+00
1.405000e-05	6.194456e-02	2.662153e+00
1.406000e-05	4.300401e-02	2.748415e+00
1.407000e-05	-3.794068e-02	2.791101e+00
1.408000e-05	-4.654353e-02	2.916289e+00
1.409000e-05	4.786324e-02	3.008444e+00
1.410000e-05	3.918539e-02	3.011627e+00
1.411000e-05	-2.511159e-02	3.105386e+00
1.412000e-05	-2.856211e-02	3.169924e+00
1.413000e-05	4.393080e-02	3.191125e+00
1.414000e-05	1.283255e-02	3.275711e+00
1.415000e-05	-1.175635e-02	3.400544e+00
1.416000e-05	-9.685494e-03	3.477391e+00
1.417000e-05	5.658267e-03	3.580023e+00
1.418000e-05	2.703491e-02	3.632079e+00
1.419000e-05	3.377255e-03	3.706333e+00
1.420000e-05	-1.342827e-02	3.788496e+00
1.421000e-05	5.741363e-03	3.851155e+00
1.422000e-05	3.017143e-02	3.905812e+00
1.423000e-05	-2.468061e-03	3.938418e+00
1.424000e-05	-8.392363e-03	3.990525e+00
1.425000e-05	8.174445e-03	4.010609e+00
1.426000e-05	2.142896e-02	4.086340e+00
1.427000e-05	5.890699e-03	4.169623e+00
1.428000e-05	-7.842773e-03	4.315813e+00
1.429000e-05	8.165776e-03	4.348970e+00
1.430000e-05	1.890542e-02	4.410501e+00
1.431000e-05	1.152763e-02	4.433127e+00
1.432000e-05	-7.308914e-03	4.476265e+00
1.433000e-05	1.081925e-02	4.546866e+00
1.434000e-05	1.972073e-02	4.571974e+00
1.435000e-05	7.519585e-03	4.642163e+00
1.436000e-05	-3.437873e-03	4.686239e+00
1.437000e-05	8.027349e-03	4.717895e+00
1.438000e-05	2.124309e-02	4.778950e+00
1.439000e-05	9.841045e-03	4.810075e+00
1.440000e-05	2.453049e-03	4.851709e+00
1.441000e-05	9.679679e-03	4.958889e+00
1.442000e-05	2.070132e-02	5.000498e+00
1.443000e-05	9.881551e-03	5.022733e+00
1.444000e-05	-4.566434e-04	5.107891e+00
1.445000e-05	9.275704e-03	5.148970e+00
1.446000e-05	1.736531e-02	5.179524e+00
1.447000e-05	1.388611e-02	5.220557e+00
1.448000e-05	4.332182e-03	5.243084e+00
1.449000e-05	1.292731e-02	5.285284e+00
1.450000e-05	1.819135e-02	5.326890e+00
1.451000e-05	1.575018e-02	5.367892e+00
1.452000e-05	4.719689e-03	5.398523e+00
1.453000e-05	1.113711e-02	5.381024e+00
1.454000e-05	1.874713e-02	5.401099e+00
1.455000e-05	1.683400e-02	5.402024e+00
1.456000e-05	9.234094e-03	5.462158e+00
1.457000e-05	1.199586e-02	5.463207e+00
1.458000e-05	2.139277e-02	5.443211e+00
1.459000e-05	1.811627e-02	5.513733e+00
1.460000e-05	1.130323e-02	5.465786e+00
1.461000e-05	1.458809e-02	5.506838e+00
1.462000e-05	2.044208e-02	5.537816e+00
1.463000e-05	2.055848e-02	5.498387e+00
1.464000e-05	1.568764e-02	5.536320e+00
1.465000e-05	1.680182e-02	5.568916e+00
1.466000e-05	2.156359e-02	5.555818e+00
1.467000e-05	2.397355e-02	5.506967e+00
1.468000e-05	1.718237e-02	5.528396e+00
1.469000e-05	1.882209e-02	5.548396e+00
1.470000e-05	2.301563e-02	5.577893e+00
1.471000e-05	2.552141e-02	5.536965e+00
1.472000e-05	2.032749e-02	5.528841e+00
1.473000e-05	2.068611e-02	5.575341e+00
1.474000e-05	2.502594e-02	5.505788e+00
1.475000e-05	2.503640e-02	5.567311e+00
1.476000e-05	2.192390e-02	5.485262e+00
1.477000e-05	2.029818e-02	5.522786e+00
1.478000e-05	2.369933e-02	5.475655e+00
1.479000e-05	2.281095e-02	5.440576e+00
1.480000e-05	2.275378e-02	5.433055e+00
1.481000e-05	2.205862e-02	5.411078e+00
1.482000e-05	2.431841e-02	5.420026e+00
1.483000e-05	2.362760e-02	5.389572e+00
1.484000e-05	2.132102e-02	5.347349e+00
1.485000e-05	2.017862e-02	5.265892e+00
1.486000e-05	2.092449e-02	5.295764e+00
1.487000e-05	1.994359e-02	5.252679e+00
1.488000e-05	1.999178e-02	5.241055e+00
1.489000e-05	1.857718e-02	5.190500e+00
1.490000e-05	2.079647e-02	5.169370e+00
1.491000e-05	2.020889e-02	5.096764e+00
1.492000e-05	1.812732e-02	5.062238e+00
1.493000e-05	1.652550e-02	4.958026e+00
1.494000e-05	1.723243e-02	4.895771e+00
1.495000e-05	1.788768e-02	4.873562e+00
1.496000e-05	1.470952e-02	4.811078e+00
1.497000e-05	1.485060e-02	4.759474e+00
1.498000e-05	1.428536e-02	4.767965e+00
1.499000e-05	1.590342e-02	4.713765e+00
1.500000e-05	1.355667e-02	4.634709e+00
1.501000e-05	1.237176e-02	4.591502e+00
1.502000e-05	1.385287e-02	4.537446e+00
1.503000e-05	1.346861e-02	4.525236e+00
1.504000e-05	1.181867e-02	4.452656e+00
1.505000e-05	1.090894e-02	4.411054e+00
1.506000e-05	1.038453e-02	4.399947e+00
1.507000e-05	1.097013e-02	4.357921e+00
1.508000e-05	8.724646e-03	4.274240e+00
1.509000e-05	8.612207e-03	4.188984e+00
1.510000e-05	9.515622e-03	4.036237e+00
1.511000e-05	9.566116e-03	4.002055e+00
1.512000e-05	8.659511e-03	3.969475e+00
1.513000e-05	7.655613e-03	3.926390e+00
1.514000e-05	8.302953e-03	3.904662e+00
1.515000e-05	6.849954e-03	3.788106e+00
1.516000e-05	5.415538e-03	3.727920e+00
1.517000e-05	5.148495e-03	3.673736e+00
1.518000e-05	5.970358e-03	3.621055e+00
1.519000e-05	6.100385e-03	3.588425e+00
1.520000e-05	4.025991e-03	3.514790e+00
1.521000e-05	4.132259e-03	3.442005e+00
1.522000e-05	5.047263e-03	3.354787e+00
1.523000e-05	6.054008e-03	3.239528e+00
1.524000e-05	3.849501e-03	3.158321e+00
1.525000e-05	2.719918e-03	3.105764e+00
1.526000e-05	2.984655e-03	3.030550e+00
1.527000e-05	3.709222e-03	2.936366e+00
1.528000e-05	2.560277e-03	2.853638e+00
1.529000e-05	2.116778e-03	2.790075e+00
1.530000e-05	2.827786e-03	2.716772e+00
1.531000e-05	4.096918e-03	2.653131e+00
1.532000e-05	1.434399e-03	2.535822e+00
1.533000e-05	1.872917e-03	2.431525e+00
1.534000e-05	1.731392e-03	2.327795e+00
1.535000e-05	2.048819e-03	2.284662e+00
1.536000e-05	7.923285e-04	2.179502e+00
1.537000e-05	-1.015606e-04	2.086692e+00
1.538000e-05	7.931621e-04	2.052081e+00
1.539000e-05	2.157629e-03	1.979472e+00
1.540000e-05	-1.289634e-03	1.887342e+00
1.541000e-05	7.400338e-04	1.823448e+00
1.542000e-05	-1.529867e-03	1.694764e+00
1.543000e-05	5.654368e-04	1.572477e+00
1.544000e-05	-8.109534e-04	1.556746e+00
1.545000e-05	-1.357669e-03	1.411003e+00
1.546000e-05	-1.646900e-03	1.366317e+00
1.547000e-05	-1.011539e-03	1.224083e+00
1.548000e-05	-1.478674e-03	1.167396e+00
1.549000e-05	-1.588529e-03	1.091583e+00
1.550000e-05	-1.893825e-03	8.966392e-01
1.551000e-05	-1.244599e-03	8.010275e-01
1.552000e-05	-1.676749e-03	7.473408e-01
1.553000e-05	-1.311092e-03	6.620042e-01
1.554000e-05	-3.939229e-03	5.688746e-01
1.555000e-05	-2.480213e-03	4.440553e-01
1.556000e-05	-2.476474e-03	3.900025e-01
1.557000e-05	-2.942023e-03	3.456882e-01
1.558000e-05	-3.653528e-03	2.104025e-01
1.559000e-05	-2.996378e-03	7.353777e-02
1.560000e-05	-2.769194e-03	-9.548882e-03
1.561000e-05	-2.710284e-03	-1.032618e-01
1.562000e-05	-7.481191e-04	-1.474461e-01
1.563000e-05	-1.119670e-03	-2.927329e-01
1.564000e-05	-2.753860e-03	-3.458934e-01
1.565000e-05	-3.651212e-03	-3.895212e-01
1.566000e-05	-5.160377e-03	-4.541807e-01
1.567000e-05	-4.448826e-03	-6.070513e-01
1.568000e-05	6.346710e-03	-7.052869e-01
1.569000e-05	3.989610e-02	-8.089950e-01
1.570000e-05	-1.423354e-03	-9.062609e-01
1.571000e-05	-8.649708e-02	-1.083233e+00
1.572000e-05	-3.046382e-02	-1.126945e+00
1.573000e-05	4.560499e-02	-1.105288e+00
1.574000e-05	7.144694e-02	-1.179398e+00
1.575000e-05	-8.515567e-02	-1.408571e+00
1.576000e-05	8.951025e-03	-1.527490e+00
1.577000e-05	9.228815e-02	-1.546245e+00
1.578000e-05	-3.298271e-02	-1.683131e+00
1.579000e-05	-4.274590e-02	-1.809649e+00
1.580000e-05	2.266716e-03	-1.811000e+00
1.581000e-05	-1.851702e-02	-1.872605e+00
1.582000e-05	-2.985104e-02	-1.967969e+00
1.583000e-05	7.751107e-02	-2.041601e+00
1.584000e-05	-4.660501e-03	-2.065688e+00
1.585000e-05	-1.171795e-01	-2.244707e+00
1.586000e-05	5.962088e-02	-2.398996e+00
1.587000e-05	7.809489e-02	-2.431677e+00
1.588000e-05	-1.287958e-01	-2.527415e+00
1.589000e-05	-3.087994e-02	-2.560001e+00
1.590000e-05	8.487122e-02	-2.641682e+00
1.591000e-05	1.281891e-02	-2.758491e+00
1.592000e-05	-5.936473e-02	-2.801001e+00
1.593000e-05	-4.327977e-02	-2.884109e+00
1.594000e-05	3.535367e-02	-3.050734e+00
1.595000e-05	3.922617e-02	-3.135415e+00
1.596000e-05	-6.932948e-02	-3.198474e+00
1.597000e-05	-4.513825e-02	-3.303208e+00
1.598000e-05	7.084529e-02	-3.347970e+00
1.599000e-05	-1.144471e-02	-3.451574e+00
1.600000e-05	-5.506951e-02	-3.496308e+00
1.601000e-05	-9.185143e-03	-3.546341e+00
1.602000e-05	6.856554e-03	-3.589549e+00
1.603000e-05	9.574543e-03	-3.682727e+00
1.604000e-05	-2.493676e-02	-3.705286e+00
1.605000e-05	-3.429835e-02	-3.873232e+00
1.606000e-05	1.400625e-02	-3.948490e+00
1.607000e-05	6.910814e-03	-3.979021e+00
1.608000e-05	-3.659669e-02	-4.011603e+00
1.609000e-05	-2.041700e-02	-4.114236e+00
1.610000e-05	-9.746310e-04	-4.177445e+00
1.611000e-05	9.107419e-03	-4.231079e+00
1.612000e-05	-2.082552e-02	-4.242204e+00
1.613000e-05	-3.442384e-02	-4.376891e+00
1.614000e-05	2.667934e-03	-4.378996e+00
1.615000e-05	2.591841e-03	-4.429050e+00
1.616000e-05	-2.000790e-02	-4.441179e+00
1.617000e-05	-3.088533e-02	-4.473259e+00
1.618000e-05	-6.897979e-03	-4.626990e+00
1.619000e-05	7.329799e-03	-4.632555e+00
1.620000e-05	-2.182667e-02	-4.673334e+00
1.621000e-05	-3.194291e-02	-4.694839e+00
1.622000e-05	-4.520674e-03	-4.775842e+00
1.623000e-05	3.859197e-04	-4.791654e+00
1.624000e-05	-1.795901e-02	-4.873207e+00
1.625000e-05	-2.913291e-02	-4.977842e+00
1.626000e-05	-1.271001e-02	-4.989446e+00
1.627000e-05	1.413210e-03	-5.010100e+00
1.628000e-05	-2.123426e-02	-5.052656e+00
1.629000e-05	-2.969040e-02	-5.086337e+00
1.630000e-05	-1.183482e-02	-5.135422e+00
1.631000e-05	-4.917608e-03	-5.207000e+00
1.632000e-05	-1.753801e-02	-5.211077e+00
1.633000e-05	-2.928061e-02	-5.272682e+00
1.634000e-05	-1.437080e-02	-5.282306e+00
1.635000e-05	-8.465579e-03	-5.317340e+00
1.636000e-05	-1.962110e-02	-5.399574e+00
1.637000e-05	-2.939384e-02	-5.421228e+00
1.638000e-05	-1.861161e-02	-5.450760e+00
1.639000e-05	-1.098098e-02	-5.477437e+00
1.640000e-05	-1.933047e-02	-5.547912e+00
1.641000e-05	-2.769841e-02	-5.546421e+00
1.642000e-05	-2.052725e-02	-5.518449e+00
1.643000e-05	-1.408581e-02	-5.599496e+00
1.644000e-05	-2.046911e-02	-5.589474e+00
1.645000e-05	-2.856727e-02	-5.590999e+00
1.646000e-05	-2.425760e-02	-5.588999e+00
1.647000e-05	-1.712434e-02	-5.610549e+00
1.648000e-05	-2.284605e-02	-5.620026e+00
1.649000e-05	-2.992235e-02	-5.641048e+00
1.650000e-05	-2.656426e-02	-5.610600e+00
1.651000e-05	-2.024381e-02	-5.600002e+00
1.652000e-05	-2.301030e-02	-5.630650e+00
1.653000e-05	-3.036256e-02	-5.631053e+00
1.654000e-05	-2.846235e-02	-5.601128e+00
1.655000e-05	-2.244909e-02	-5.620104e+00
1.656000e-05	-2.563319e-02	-5.631025e+00
1.657000e-05	-3.232477e-02	-5.600125e+00
1.658000e-05	-3.089134e-02	-5.600575e+00
1.659000e-05	-2.499238e-02	-5.620025e+00
1.660000e-05	-2.687991e-02	-5.590076e+00
1.661000e-05	-3.180041e-02	-5.619996e+00
1.662000e-05	-3.143001e-02	-5.590497e+00
1.663000e-05	-2.559985e-02	-5.597495e+00
1.664000e-05	-2.655278e-02	-5.588968e+00
1.665000e-05	-3.101777e-02	-5.555970e+00
1.666000e-05	-3.089662e-02	-5.585869e+00
1.667000e-05	-2.661179e-02	-5.546390e+00
1.668000e-05	-2.624097e-02	-5.493809e+00
1.669000e-05	-3.058789e-02	-5.420160e+00
1.670000e-05	-2.984208e-02	-5.360657e+00
1.671000e-05	-2.504283e-02	-5.385891e+00
1.672000e-05	-2.456549e-02	-5.302317e+00
1.673000e-05	-2.666780e-02	-5.263658e+00
1.674000e-05	-2.729674e-02	-5.230579e+00
1.675000e-05	-2.402629e-02	-5.179525e+00
1.676000e-05	-2.290663e-02	-5.177495e+00
1.677000e-05	-2.556853e-02	-5.116363e+00
1.678000e-05	-2.659410e-02	-5.054787e+00
1.679000e-05	-2.132642e-02	-5.031655e+00
1.680000e-05	-2.253306e-02	-5.029548e+00
1.681000e-05	-2.235753e-02	-4.967371e+00
1.682000e-05	-2.454716e-02	-4.904314e+00
1.683000e-05	-1.854213e-02	-4.799130e+00
1.684000e-05	-1.901904e-02	-4.745971e+00
1.685000e-05	-1.961716e-02	-4.675662e+00
1.686000e-05	-2.128857e-02	-4.652655e+00
1.687000e-05	-1.910041e-02	-4.622076e+00
1.688000e-05	-1.828679e-02	-4.599024e+00
1.689000e-05	-2.001610e-02	-4.507693e+00
1.690000e-05	-1.898944e-02	-4.443137e+00
1.691000e-05	-1.678325e-02	-4.441555e+00
1.692000e-05	-1.437436e-02	-4.399499e+00
1.693000e-05	-1.534666e-02	-4.387948e+00
1.694000e-05	-1.718247e-02	-4.325340e+00
1.695000e-05	-1.644990e-02	-4.252183e+00
1.696000e-05	-1.467304e-02	-4.189425e+00
1.697000e-05	-1.613673e-02	-4.146412e+00
1.698000e-05	-1.557769e-02	-4.082759e+00
1.699000e-05	-1.408224e-02	-4.000627e+00
1.700000e-05	-1.385132e-02	-3.958951e+00
1.701000e-05	-1.356804e-02	-3.905817e+00
1.702000e-05	-1.331223e-02	-3.810076e+00
1.703000e-05	-1.282792e-02	-3.715817e+00
1.704000e-05	-1.223840e-02	-3.621181e+00
1.705000e-05	-1.286926e-02	-3.599525e+00
1.706000e-05	-1.149876e-02	-3.534793e+00
1.707000e-05	-1.199896e-02	-3.461582e+00
1.708000e-05	-1.084875e-02	-3.398022e+00
1.709000e-05	-1.141325e-02	-3.366792e+00
1.710000e-05	-1.182064e-02	-3.232105e+00
1.711000e-05	-9.632924e-03	-3.199522e+00
1.712000e-05	-9.407924e-03	-3.115267e+00
1.713000e-05	-8.211851e-03	-2.959522e+00
1.714000e-05	-9.022896e-03	-2.844162e+00
1.715000e-05	-8.878289e-03	-2.800475e+00
1.716000e-05	-9.180920e-03	-2.697920e+00
1.717000e-05	-1.048009e-02	-2.653210e+00
1.718000e-05	-9.387475e-03	-2.609950e+00
1.719000e-05	-9.830437e-03	-2.493715e+00
1.720000e-05	-8.017047e-03	-2.390654e+00
1.721000e-05	-6.938174e-03	-2.357945e+00
1.722000e-05	-7.149506e-03	-2.291664e+00
1.723000e-05	-6.003034e-03	-2.128870e+00
1.724000e-05	-6.993301e-03	-2.023533e+00
1.725000e-05	-7.549946e-03	-1.987922e+00
1.726000e-05	-6.434087e-03	-1.875238e+00
1.727000e-05	-7.444882e-03	-1.802031e+00
1.728000e-05	-7.335275e-03	-1.747917e+00
1.729000e-05	-7.517195e-03	-1.642184e+00
1.730000e-05	-4.809190e-03	-1.567999e+00
1.731000e-05	-4.977460e-03	-1.482814e+00
1.732000e-05	-4.898610e-03	-1.400445e+00
1.733000e-05	-4.017898e-03	-1.252054e+00
1.734000e-05	-4.956133e-03	-1.157843e+00
1.735000e-05	-5.021431e-03	-1.082708e+00
1.736000e-05	-6.266873e-03	-9.684961e-01
1.737000e-05	-4.956310e-03	-8.751878e-01
1.738000e-05	-5.034019e-03	-7.995538e-01
1.739000e-05	-4.591557e-03	-7.378672e-01
1.740000e-05	-4.466071e-03	-6.020274e-01
1.741000e-05	-3.331021e-03	-4.926891e-01
1.742000e-05	-2.870236e-03	-4.090000e-01
1.743000e-05	-2.867266e-03	-3.068409e-01
1.744000e-05	-4.295343e-03	-2.405839e-01
1.745000e-05	-3.253632e-03	-1.590197e-01
1.746000e-05	-1.003909e-03	-8.313396e-02
1.747000e-05	-1.241372e-03	-1.000107e-02
1.748000e-05	-7.749687e-04	6.513797e-02
1.749000e-05	-4.732200e-04	2.099713e-01
1.750000e-05	7.189492e-04	3.368120e-01
1.751000e-05	-1.687452e-04	3.999988e-01
1.752000e-05	-2.090988e-03	4.726830e-01
1.753000e-05	3.494169e-04	5.389173e-01
1.754000e-05	1.409226e-02	6.610765e-01
1.755000e-05	3.462157e-02	7.473674e-01
1.756000e-05	1.594619e-03	8.436819e-01
1.757000e-05	-7.787538e-02	9.800951e-01
1.758000e-05	-3.612668e-02	1.064107e+00
1.759000e-05	5.417639e-02	1.147886e+00
1.760000e-05	7.479587e-02	1.282129e+00
1.761000e-05	-9.224482e-02	1.347842e+00
1.762000e-05	6.573626e-03	1.389475e+00
1.763000e-05	9.008829e-02	1.576270e+00
1.764000e-05	-1.197208e-02	1.674837e+00
1.765000e-05	-2.577889e-02	1.726266e+00
1.766000e-05	-2.034451e-02	1.769475e+00
1.767000e-05	3.780110e-03	1.905340e+00
1.768000e-05	1.536442e-03	1.969971e+00
1.769000e-05	6.208462e-02	2.010554e+00
1.770000e-05	-1.520465e-02	2.137866e+00
1.771000e-05	-8.280770e-02	2.220650e+00
1.772000e-05	5.209663e-02	2.256133e+00
1.773000e-05	7.376838e-02	2.359519e+00
1.774000e-05	-7.701777e-02	2.401627e+00
1.775000e-05	-3.142580e-02	2.514763e+00
1.776000e-05	6.223305e-02	2.654651e+00
1.777000e-05	4.278765e-02	2.746392e+00
1.778000e-05	-3.888709e-02	2.809500e+00
1.779000e-05	-4.538824e-02	2.904309e+00
1.780000e-05	4.778175e-02	2.966950e+00
1.781000e-05	3.670251e-02	3.040551e+00
1.782000e-05	-2.517305e-02	3.124390e+00
1.783000e-05	-2.772860e-02	3.169473e+00
1.784000e-05	4.503791e-02	3.232108e+00
1.785000e-05	1.258739e-02	3.284261e+00
1.786000e-05	-1.335404e-02	3.381523e+00
1.787000e-05	-6.784590e-03	3.516362e+00
1.788000e-05	5.371817e-03	3.598998e+00
1.789000e-05	2.547289e-02	3.641603e+00
1.790000e-05	1.252172e-03	3.705741e+00
1.791000e-05	-1.302286e-02	3.797474e+00
1.792000e-05	5.984714e-03	3.851650e+00
1.793000e-05	2.960635e-02	3.892788e+00
1.794000e-05	-3.669731e-03	3.936920e+00
1.795000e-05	-8.031511e-03	3.979025e+00
1.796000e-05	1.002940e-02	4.032605e+00
1.797000e-05	2.165174e-02	4.095311e+00
1.798000e-05	5.077454e-03	4.209972e+00
1.799000e-05	-7.514547e-03	4.275790e+00
1.800000e-05	7.392958e-03	4.378446e+00
1.801000e-05	1.864291e-02	4.379950e+00
1.802000e-05	8.764451e-03	4.422103e+00
1.803000e-05	-7.003502e-03	4.485238e+00
1.804000e-05	1.190419e-02	4.539422e+00
1.805000e-05	1.890120e-02	4.610496e+00
1.806000e-05	7.689199e-03	4.633657e+00
1.807000e-05	-3.531034e-03	4.696287e+00
1.808000e-05	9.840112e-03	4.747845e+00
1.809000e-05	2.058388e-02	4.778999e+00
1.810000e-05	7.624683e-03	4.811079e+00
1.811000e-05	8.501065e-04	4.862683e+00
1.812000e-05	9.827529e-03	4.945889e+00
1.813000e-05	2.141666e-02	4.992420e+00
1.814000e-05	1.015335e-02	5.061158e+00
1.815000e-05	2.721986e-03	5.136437e+00
1.816000e-05	1.124776e-02	5.178944e+00
1.817000e-05	1.974194e-02	5.190001e+00
1.818000e-05	1.205707e-02	5.251107e+00
1.819000e-05	3.228395e-03	5.233737e+00
1.820000e-05	1.254731e-02	5.306787e+00
1.821000e-05	1.854145e-02	5.367866e+00
1.822000e-05	1.494234e-02	5.376917e+00
1.823000e-05	6.476690e-03	5.369424e+00
1.824000e-05	1.396010e-02	5.429500e+00
1.825000e-05	2.015679e-02	5.391025e+00
1.826000e-05	1.560712e-02	5.391105e+00
1.827000e-05	9.717133e-03	5.463657e+00
1.828000e-05	1.282287e-02	5.493208e+00
1.829000e-05	2.028347e-02	5.455313e+00
1.830000e-05	1.709195e-02	5.465211e+00
1.831000e-05	1.320462e-02	5.495816e+00
1.832000e-05	1.465528e-02	5.505291e+00
1.833000e-05	2.092026e-02	5.515840e+00
1.834000e-05	2.035073e-02	5.505392e+00
1.835000e-05	1.563528e-02	5.526895e+00
1.836000e-05	1.747872e-02	5.537893e+00
1.837000e-05	2.101420e-02	5.547921e+00
1.838000e-05	2.184001e-02	5.546841e+00
1.839000e-05	1.660769e-02	5.567419e+00
1.840000e-05	1.929910e-02	5.568517e+00
1.841000e-05	2.234491e-02	5.545315e+00
1.842000e-05	2.348299e-02	5.565419e+00
1.843000e-05	2.014632e-02	5.527816e+00
1.844000e-05	2.106386e-02	5.526841e+00
1.845000e-05	2.474881e-02	5.505821e+00
1.846000e-05	2.341506e-02	5.496387e+00
1.847000e-05	2.153795e-02	5.511763e+00
1.848000e-05	2.038687e-02	5.454733e+00
1.849000e-05	2.409454e-02	5.433155e+00
1.850000e-05	2.316160e-02	5.481754e+00
1.851000e-05	2.156521e-02	5.410160e+00
1.852000e-05	2.161570e-02	5.410052e+00
1.853000e-05	2.281987e-02	5.371050e+00
1.854000e-05	2.319289e-02	5.387472e+00
1.855000e-05	2.196850e-02	5.346420e+00
1.856000e-05	2.011659e-02	5.345295e+00
1.857000e-05	2.082907e-02	5.305861e+00
1.858000e-05	2.080041e-02	5.263157e+00
1.859000e-05	1.924782e-02	5.221603e+00
1.860000e-05	1.785627e-02	5.180050e+00
1.861000e-05	1.931809e-02	5.176421e+00
1.862000e-05	1.915482e-02	5.134387e+00
1.863000e-05	1.812194e-02	5.104181e+00
1.864000e-05	1.644886e-02	5.049446e+00
1.865000e-05	1.889404e-02	4.965241e+00
1.866000e-05	1.811913e-02	4.862212e+00
1.867000e-05	1.614830e-02	4.842580e+00
1.868000e-05	1.423941e-02	4.788974e+00
1.869000e-05	1.413847e-02	4.747317e+00
1.870000e-05	1.412830e-02	4.715862e+00
1.871000e-05	1.398985e-02	4.651559e+00
1.872000e-05	1.284971e-02	4.611079e+00
1.873000e-05	1.394792e-02	4.557320e+00
1.874000e-05	1.325489e-02	4.504764e+00
1.875000e-05	1.255244e-02	4.433605e+00
1.876000e-05	1.214740e-02	4.421075e+00
1.877000e-05	1.068587e-02	4.398998e+00
1.878000e-05	9.946360e-03	4.336416e+00
1.879000e-05	9.904146e-03	4.233264e+00
1.880000e-05	8.317560e-03	4.170097e+00
1.881000e-05	9.628123e-03	4.066188e+00
1.882000e-05	8.067679e-03	4.021081e+00
1.883000e-05	9.023720e-03	3.978451e+00
1.884000e-05	8.979923e-03	3.957417e+00
1.885000e-05	8.338893e-03	3.875162e+00
1.886000e-05	7.031316e-03	3.791052e+00
1.887000e-05	6.606677e-03	3.766891e+00
1.888000e-05	5.367309e-03	3.694664e+00
1.889000e-05	6.199435e-03	3.630529e+00
1.890000e-05	5.064035e-03	3.547971e+00
1.891000e-05	5.713363e-03	3.495841e+00
1.892000e-05	4.195361e-03	3.410526e+00
1.893000e-05	5.720479e-03	3.303792e+00
1.894000e-05	4.540885e-03	3.212027e+00
1.895000e-05	5.664835e-03	3.148872e+00
1.896000e-05	2.748514e-03	3.113688e+00
1.897000e-05	4.484618e-03	3.002101e+00
1.898000e-05	1.574780e-03	2.917371e+00
1.899000e-05	2.745381e-03	2.854133e+00
1.900000e-05	1.945849e-03	2.798976e+00
1.901000e-05	1.414201e-03	2.737943e+00
1.902000e-05	2.826763e-03	2.632602e+00
1.903000e-05	1.349249e-03	2.495368e+00
1.904000e-05	2.095028e-03	2.412528e+00
1.905000e-05	1.884381e-03	2.356895e+00
1.906000e-05	1.484097e-03	2.263638e+00
1.907000e-05	1.322880e-03	2.170020e+00
1.908000e-05	-7.818684e-04	2.146212e+00
1.909000e-05	5.563051e-04	2.001553e+00
1.910000e-05	-1.179579e-03	1.978966e+00
1.911000e-05	-4.507116e-04	1.914791e+00
1.912000e-05	4.811575e-04	1.789982e+00
1.913000e-05	-9.898393e-04	1.695137e+00
1.914000e-05	1.135195e-04	1.651604e+00
1.915000e-05	-1.231254e-03	1.514792e+00
1.916000e-05	-7.625029e-06	1.451531e+00
1.917000e-05	-2.003506e-03	1.337841e+00
1.918000e-05	-1.012681e-03	1.233134e+00
1.919000e-05	-2.483667e-03	1.159920e+00
1.920000e-05	-2.042233e-03	1.031584e+00
1.921000e-05	-2.013595e-03	9.052395e-01
1.922000e-05	-2.593900e-03	8.215299e-01
1.923000e-05	-2.880066e-03	7.473931e-01
1.924000e-05	-1.097739e-03	6.336317e-01
1.925000e-05	-2.533592e-03	5.788683e-01
1.926000e-05	-1.867254e-03	4.436604e-01
1.927000e-05	-3.525323e-03	4.110013e-01
1.928000e-05	-3.108874e-03	2.868947e-01
1.929000e-05	-4.144934e-03	1.925249e-01
1.930000e-05	-3.719295e-03	5.358677e-02
1.931000e-05	-3.031458e-03	-5.212502e-04
1.932000e-05	-2.554508e-03	-1.062557e-01
1.933000e-05	-2.550510e-04	-1.689448e-01
1.934000e-05	-5.405946e-04	-2.726544e-01
1.935000e-05	-2.862643e-03	-3.273886e-01
1.936000e-05	-2.901679e-03	-4.104987e-01
1.937000e-05	-3.692984e-03	-4.731332e-01
1.938000e-05	-2.823661e-03	-5.499450e-01
1.939000e-05	6.558582e-03	-6.173871e-01
1.940000e-05	4.095715e-02	-7.994513e-01
1.941000e-05	-1.076383e-03	-9.057333e-01
1.942000e-05	-8.463035e-02	-1.083211e+00
1.943000e-05	-3.235496e-02	-1.157442e+00
1.944000e-05	4.486235e-02	-1.156793e+00
1.945000e-05	7.422595e-02	-1.169926e+00
1.946000e-05	-8.226656e-02	-1.390651e+00
1.947000e-05	6.471540e-03	-1.546917e+00
1.948000e-05	9.362057e-02	-1.537922e+00
1.949000e-05	-3.126343e-02	-1.691157e+00
1.950000e-05	-4.250896e-02	-1.779074e+00
1.951000e-05	6.519714e-04	-1.830503e+00
1.952000e-05	-1.758412e-02	-1.862606e+00
1.953000e-05	-3.190365e-02	-1.978094e+00
1.954000e-05	7.739343e-02	-2.011133e+00
1.955000e-05	-7.450998e-04	-2.104864e+00
1.956000e-05	-1.185191e-01	-2.280756e+00
1.957000e-05	5.849711e-02	-2.357970e+00
1.958000e-05	8.168098e-02	-2.420529e+00
1.959000e-05	-1.286235e-01	-2.526411e+00
1.960000e-05	-3.356595e-02	-2.587975e+00
1.961000e-05	8.441885e-02	-2.643132e+00
1.962000e-05	1.376685e-02	-2.758521e+00
1.963000e-05	-5.997128e-02	-2.800550e+00
1.964000e-05	-4.453718e-02	-2.863657e+00
1.965000e-05	3.518898e-02	-3.080254e+00
1.966000e-05	4.089526e-02	-3.157870e+00
1.967000e-05	-6.787329e-02	-3.169999e+00
1.968000e-05	-4.711670e-02	-3.272183e+00
1.969000e-05	7.012425e-02	-3.347340e+00
1.970000e-05	-1.023915e-02	-3.449601e+00
1.971000e-05	-5.649973e-02	-3.464308e+00
1.972000e-05	-1.034435e-02	-3.566342e+00
1.973000e-05	6.642368e-03	-3.599121e+00
1.974000e-05	9.651675e-03	-3.663205e+00
1.975000e-05	-2.413529e-02	-3.747766e+00
1.976000e-05	-3.555758e-02	-3.871680e+00
1.977000e-05	1.380276e-02	-3.917391e+00
1.978000e-05	8.336653e-03	-3.999573e+00
1.979000e-05	-3.590485e-02	-4.040550e+00
1.980000e-05	-2.174419e-02	-4.115235e+00
1.981000e-05	-2.672900e-03	-4.159444e+00
1.982000e-05	9.415422e-03	-4.229076e+00
1.983000e-05	-2.134340e-02	-4.251734e+00
1.984000e-05	-3.552551e-02	-4.347845e+00
1.985000e-05	8.629292e-04	-4.387447e+00
1.986000e-05	4.277675e-03	-4.410599e+00
1.987000e-05	-1.950692e-02	-4.441657e+00
1.988000e-05	-3.082604e-02	-4.484763e+00
1.989000e-05	-6.906583e-03	-4.547541e+00
1.990000e-05	7.319244e-03	-4.642053e+00
1.991000e-05	-2.197543e-02	-4.674733e+00
1.992000e-05	-3.325429e-02	-4.696342e+00
1.993000e-05	-5.829099e-03	-4.746440e+00
1.994000e-05	1.385892e-03	-4.821452e+00
1.995000e-05	-1.799962e-02	-4.883279e+00
1.996000e-05	-2.720767e-02	-4.906896e+00
1.997000e-05	-1.364785e-02	-4.979422e+00
1.998000e-05	1.510846e-03	-5.011078e+00
1.999000e-05	-2.108675e-02	-5.053230e+00
2.000000e-05	-2.843524e-02	-5.106836e+00
2.001000e-05	-1.269677e-02	-5.137341e+00
2.002000e-05	-6.350514e-03	-5.199500e+00
2.003000e-05	-1.732373e-02	-5.210102e+00
2.004000e-05	-2.972978e-02	-5.221576e+00
2.005000e-05	-1.424615e-02	-5.304190e+00
2.006000e-05	-6.414828e-03	-5.325862e+00
2.007000e-05	-1.830147e-02	-5.370024e+00
2.008000e-05	-2.748397e-02	-5.442160e+00
2.009000e-05	-2.016083e-02	-5.433653e+00
2.010000e-05	-1.154527e-02	-5.495391e+00
2.011000e-05	-2.004355e-02	-5.527867e+00
2.012000e-05	-2.866150e-02	-5.568845e+00
2.013000e-05	-2.207960e-02	-5.569947e+00
2.014000e-05	-1.170021e-02	-5.569470e+00
2.015000e-05	-1.933086e-02	-5.589951e+00
2.016000e-05	-2.615865e-02	-5.590522e+00
2.017000e-05	-2.605833e-02	-5.599500e+00
2.018000e-05	-1.817277e-02	-5.600501e+00
2.019000e-05	-2.236517e-02	-5.630551e+00
2.020000e-05	-2.989423e-02	-5.621076e+00
2.021000e-05	-2.672821e-02	-5.601099e+00
2.022000e-05	-2.111353e-02	-5.600654e+00
2.023000e-05	-2.077668e-02	-5.621049e+00
2.024000e-05	-3.042758e-02	-5.611555e+00
2.025000e-05	-2.701538e-02	-5.600602e+00
2.026000e-05	-2.450952e-02	-5.631051e+00
2.027000e-05	-2.422862e-02	-5.620602e+00
2.028000e-05	-3.215498e-02	-5.591497e+00
2.029000e-05	-3.130893e-02	-5.620049e+00
2.030000e-05	-2.635146e-02	-5.600001e+00
2.031000e-05	-2.614562e-02	-5.590025e+00
2.032000e-05	-3.194736e-02	-5.590550e+00
2.033000e-05	-3.105129e-02	-5.580024e+00
2.034000e-05	-2.702232e-02	-5.588446e+00
2.035000e-05	-2.596576e-02	-5.579996e+00
2.036000e-05	-3.064626e-02	-5.565921e+00
2.037000e-05	-3.128547e-02	-5.567393e+00
2.038000e-05	-2.695328e-02	-5.536868e+00
2.039000e-05	-2.727813e-02	-5.514739e+00
2.040000e-05	-2.907168e-02	-5.433158e+00
2.041000e-05	-2.885887e-02	-5.441130e+00
2.042000e-05	-2.712446e-02	-5.374996e+00
2.043000e-05	-2.458815e-02	-5.315360e+00
2.044000e-05	-2.750193e-02	-5.303255e+00
2.045000e-05	-2.762487e-02	-5.210056e+00
2.046000e-05	-2.508749e-02	-5.179523e+00
2.047000e-05	-2.316064e-02	-5.167867e+00
2.048000e-05	-2.512301e-02	-5.134866e+00
2.049000e-05	-2.527793e-02	-5.074753e+00
2.050000e-05	-2.372755e-02	-5.042711e+00
2.051000e-05	-2.175810e-02	-4.967478e+00
2.052000e-05	-2.311748e-02	-4.916944e+00
2.053000e-05	-2.383468e-02	-4.926162e+00
2.054000e-05	-2.108758e-02	-4.808705e+00
2.055000e-05	-1.975542e-02	-4.710963e+00
2.056000e-05	-2.058347e-02	-4.686660e+00
2.057000e-05	-1.934463e-02	-4.703185e+00
2.058000e-05	-1.946532e-02	-4.610055e+00
2.059000e-05	-1.766632e-02	-4.589525e+00
2.060000e-05	-2.026142e-02	-4.515916e+00
2.061000e-05	-1.836413e-02	-4.433284e+00
2.062000e-05	-1.798036e-02	-4.432608e+00
2.063000e-05	-1.672760e-02	-4.400548e+00
2.064000e-05	-1.705671e-02	-4.357345e+00
2.065000e-05	-1.583692e-02	-4.305741e+00
2.066000e-05	-1.535615e-02	-4.239159e+00
2.067000e-05	-1.393009e-02	-4.179449e+00
2.068000e-05	-1.508323e-02	-4.115991e+00
2.069000e-05	-1.428245e-02	-4.062733e+00
2.070000e-05	-1.407581e-02	-4.041558e+00
2.071000e-05	-1.469127e-02	-3.969425e+00
2.072000e-05	-1.389908e-02	-3.926314e+00
2.073000e-05	-1.343289e-02	-3.819733e+00
2.074000e-05	-1.233224e-02	-3.704843e+00
2.075000e-05	-1.131061e-02	-3.621579e+00
2.076000e-05	-1.145747e-02	-3.579976e+00
2.077000e-05	-1.000267e-02	-3.535320e+00
2.078000e-05	-1.115434e-02	-3.453106e+00
2.079000e-05	-1.220596e-02	-3.409025e+00
2.080000e-05	-1.203689e-02	-3.316767e+00
2.081000e-05	-1.140616e-02	-3.260581e+00
2.082000e-05	-9.568774e-03	-3.187999e+00
2.083000e-05	-9.949974e-03	-3.114817e+00
2.084000e-05	-7.940211e-03	-2.998971e+00
2.085000e-05	-9.341828e-03	-2.894183e+00
2.086000e-05	-7.076662e-03	-2.811024e+00
2.087000e-05	-9.876503e-03	-2.717946e+00
2.088000e-05	-8.939003e-03	-2.683080e+00
2.089000e-05	-9.951433e-03	-2.569022e+00
2.090000e-05	-7.704806e-03	-2.475688e+00
2.091000e-05	-8.540430e-03	-2.432006e+00
2.092000e-05	-7.444939e-03	-2.368447e+00
2.093000e-05	-7.501979e-03	-2.244660e+00
2.094000e-05	-6.536604e-03	-2.127897e+00
2.095000e-05	-7.399104e-03	-2.042101e+00
2.096000e-05	-7.001323e-03	-1.968474e+00
2.097000e-05	-7.143406e-03	-1.905289e+00
2.098000e-05	-5.633777e-03	-1.811053e+00
2.099000e-05	-7.152961e-03	-1.748442e+00
2.100000e-05	-6.465856e-03	-1.683709e+00
2.101000e-05	-6.001945e-03	-1.610000e+00
2.102000e-05	-5.937811e-03	-1.514266e+00
2.103000e-05	-5.034254e-03	-1.338370e+00
2.104000e-05	-6.301052e-03	-1.282610e+00
2.105000e-05	-5.054938e-03	-1.167995e+00
2.106000e-05	-4.738495e-03	-1.062158e+00
2.107000e-05	-4.035720e-03	-9.900459e-01
2.108000e-05	-4.975041e-03	-9.036865e-01
2.109000e-05	-4.749372e-03	-8.304512e-01
2.110000e-05	-3.725731e-03	-7.368170e-01
2.111000e-05	-4.150299e-03	-6.316524e-01
2.112000e-05	-4.356293e-03	-5.042155e-01
2.113000e-05	-3.626694e-03	-4.095023e-01
2.114000e-05	-4.186640e-03	-3.472918e-01
2.115000e-05	-2.278437e-03	-2.316814e-01
2.116000e-05	-3.495465e-03	-1.694199e-01
2.117000e-05	-1.883300e-03	-6.518270e-02
2.118000e-05	-6.428793e-04	1.002381e-02
2.119000e-05	7.682040e-04	8.314060e-02
2.120000e-05	-8.776846e-05	1.809702e-01
2.121000e-05	-2.252341e-03	3.558385e-01
2.122000e-05	-7.559740e-04	3.999988e-01
2.123000e-05	-1.310196e-03	4.826294e-01
2.124000e-05	9.203630e-04	5.474177e-01
2.125000e-05	1.250937e-02	6.016029e-01
2.126000e-05	3.548604e-02	7.469137e-01
2.127000e-05	3.444904e-03	8.531381e-01
2.128000e-05	-7.646358e-02	1.009970e+00
2.129000e-05	-3.815885e-02	1.012766e+00
2.130000e-05	5.311754e-02	1.167296e+00
2.131000e-05	7.650582e-02	1.252658e+00
2.132000e-05	-9.036500e-02	1.367366e+00
2.133000e-05	4.026795e-03	1.371500e+00
2.134000e-05	8.930053e-02	1.536542e+00
2.135000e-05	-1.016707e-02	1.667907e+00
2.136000e-05	-2.485161e-02	1.665842e+00
2.137000e-05	-2.056045e-02	1.849476e+00
2.138000e-05	3.660357e-03	1.914887e+00
2.139000e-05	2.510787e-03	2.008496e+00
2.140000e-05	6.329974e-02	2.011579e+00
2.141000e-05	-1.383950e-02	2.105862e+00
2.142000e-05	-8.648514e-02	2.221499e+00
2.143000e-05	5.309871e-02	2.272635e+00
2.144000e-05	7.599590e-02	2.318469e+00
2.145000e-05	-7.709056e-02	2.450524e+00
2.146000e-05	-3.344073e-02	2.487363e+00
2.147000e-05	6.434466e-02	2.633558e+00
2.148000e-05	4.491320e-02	2.757871e+00
2.149000e-05	-3.784796e-02	2.832049e+00
2.150000e-05	-4.676443e-02	2.874288e+00
2.151000e-05	4.770731e-02	2.958992e+00
2.152000e-05	3.819557e-02	3.051579e+00
2.153000e-05	-2.635176e-02	3.125294e+00
2.154000e-05	-3.004151e-02	3.179997e+00
2.155000e-05	4.638149e-02	3.230577e+00
2.156000e-05	1.382377e-02	3.303786e+00
2.157000e-05	-1.292853e-02	3.409128e+00
2.158000e-05	-8.216657e-03	3.515940e+00
2.159000e-05	6.601512e-03	3.580448e+00
2.160000e-05	2.538560e-02	3.630578e+00
2.161000e-05	1.844985e-03	3.726286e+00
2.162000e-05	-1.368513e-02	3.759000e+00
2.163000e-05	6.181487e-03	3.832101e+00
2.164000e-05	2.920520e-02	3.922787e+00
2.165000e-05	-3.116140e-03	3.977921e+00
2.166000e-05	-8.786901e-03	4.020000e+00
2.167000e-05	9.470487e-03	4.041678e+00
2.168000e-05	2.213495e-02	4.115738e+00
2.169000e-05	6.419477e-03	4.171496e+00
2.170000e-05	-7.974020e-03	4.303761e+00
2.171000e-05	6.755231e-03	4.378496e+00
2.172000e-05	1.844958e-02	4.420026e+00
2.173000e-05	9.610746e-03	4.401555e+00
2.174000e-05	-8.445869e-03	4.505259e+00
2.175000e-05	1.051543e-02	4.568466e+00
2.176000e-05	2.014353e-02	4.599500e+00
2.177000e-05	9.146188e-03	4.642607e+00
2.178000e-05	-2.807531e-03	4.684709e+00
2.179000e-05	8.811143e-03	4.757366e+00
2.180000e-05	2.073324e-02	4.768924e+00
2.181000e-05	8.678545e-03	4.820549e+00
2.182000e-05	2.292680e-04	4.864233e+00
2.183000e-05	6.965834e-03	4.914782e+00
2.184000e-05	2.074939e-02	5.010048e+00
2.185000e-05	1.050188e-02	5.062157e+00
2.186000e-05	2.894378e-03	5.104740e+00
2.187000e-05	9.009853e-03	5.209020e+00
2.188000e-05	2.025670e-02	5.190052e+00
2.189000e-05	1.467213e-02	5.272604e+00
2.190000e-05	3.543807e-03	5.261285e+00
2.191000e-05	9.436956e-03	5.325388e+00
2.192000e-05	1.907948e-02	5.356845e+00
2.193000e-05	1.556718e-02	5.327996e+00
2.194000e-05	6.770844e-03	5.400972e+00
2.195000e-05	1.072887e-02	5.380523e+00
2.196000e-05	2.040283e-02	5.400578e+00
2.197000e-05	1.786166e-02	5.442553e+00
2.198000e-05	1.066130e-02	5.442679e+00
2.199000e-05	1.142120e-02	5.473209e+00
2.200000e-05	2.131240e-02	5.484683e+00
2.201000e-05	1.855106e-02	5.484812e+00
2.202000e-05	1.302782e-02	5.484759e+00
2.203000e-05	1.255296e-02	5.506844e+00
2.204000e-05	2.087272e-02	5.545337e+00
2.205000e-05	2.091601e-02	5.547840e+00
2.206000e-05	1.645717e-02	5.567467e+00
2.207000e-05	1.652172e-02	5.547341e+00
2.208000e-05	2.272368e-02	5.538892e+00
2.209000e-05	2.434934e-02	5.557868e+00
2.210000e-05	1.798348e-02	5.556443e+00
2.211000e-05	1.748030e-02	5.555893e+00
2.212000e-05	2.328862e-02	5.547920e+00
2.213000e-05	2.465616e-02	5.558316e+00
2.214000e-05	2.017771e-02	5.527422e+00
2.215000e-05	1.912265e-02	5.515866e+00
2.216000e-05	2.483003e-02	5.545266e+00
2.217000e-05	2.592108e-02	5.534309e+00
2.218000e-05	2.194752e-02	5.495788e+00
2.219000e-05	2.147260e-02	5.504735e+00
2.220000e-05	2.451263e-02	5.463659e+00
2.221000e-05	2.500602e-02	5.431634e+00
2.222000e-05	2.121257e-02	5.432079e+00
2.223000e-05	1.902557e-02	5.411105e+00
2.224000e-05	2.334244e-02	5.389550e+00
2.225000e-05	2.316611e-02	5.379472e+00
2.226000e-05	2.099178e-02	5.347870e+00
2.227000e-05	2.000184e-02	5.306816e+00
2.228000e-05	2.212942e-02	5.295214e+00
2.229000e-05	2.134402e-02	5.271708e+00
2.230000e-05	1.839329e-02	5.240103e+00
2.231000e-05	1.885024e-02	5.220951e+00
2.232000e-05	1.896832e-02	5.167420e+00
2.233000e-05	1.919474e-02	5.146266e+00
2.234000e-05	1.581384e-02	5.051609e+00
2.235000e-05	1.638835e-02	4.978520e+00
2.236000e-05	1.905631e-02	4.897291e+00
2.237000e-05	1.826335e-02	4.871132e+00
2.238000e-05	1.570813e-02	4.832053e+00
2.239000e-05	1.434028e-02	4.810049e+00
2.240000e-05	1.535291e-02	4.758469e+00
2.241000e-05	1.346026e-02	4.726391e+00
2.242000e-05	1.287022e-02	4.671161e+00
2.243000e-05	1.185707e-02	4.619075e+00
2.244000e-05	1.350898e-02	4.538917e+00
2.245000e-05	1.330455e-02	4.494291e+00
2.246000e-05	1.074517e-02	4.444107e+00
2.247000e-05	1.213360e-02	4.430551e+00
2.248000e-05	1.037285e-02	4.379450e+00
2.249000e-05	1.160740e-02	4.316399e+00
2.250000e-05	8.638891e-03	4.283739e+00
2.251000e-05	9.124765e-03	4.209955e+00
2.252000e-05	8.895221e-03	4.084644e+00
2.253000e-05	9.163212e-03	4.020080e+00
2.254000e-05	7.406369e-03	3.999022e+00
2.255000e-05	7.645117e-03	3.938341e+00
2.256000e-05	7.898856e-03	3.864712e+00
2.257000e-05	8.845437e-03	3.801029e+00
2.258000e-05	5.627615e-03	3.758370e+00
2.259000e-05	6.638225e-03	3.692683e+00
2.260000e-05	6.206218e-03	3.601051e+00
2.261000e-05	5.844969e-03	3.608474e+00
2.262000e-05	4.961703e-03	3.525862e+00
2.263000e-05	3.287003e-03	3.422025e+00
2.264000e-05	4.824290e-03	3.295641e+00
2.265000e-05	5.454335e-03	3.221526e+00
2.266000e-05	3.736134e-03	3.166971e+00
2.267000e-05	4.375237e-03	3.093288e+00
2.268000e-05	4.764406e-03	3.022029e+00
2.269000e-05	4.095710e-03	2.946393e+00
2.270000e-05	3.271690e-03	2.892583e+00
2.271000e-05	1.677588e-03	2.820997e+00
2.272000e-05	2.866766e-03	2.756920e+00
2.273000e-05	2.527972e-03	2.612660e+00
2.274000e-05	1.609266e-03	2.526719e+00
2.275000e-05	1.155410e-03	2.431058e+00
2.276000e-05	2.095627e-03	2.348917e+00
2.277000e-05	2.611345e-03	2.301109e+00
2.278000e-05	1.132891e-03	2.168475e+00
2.279000e-05	3.863356e-04	2.095265e+00
2.280000e-05	1.546644e-03	2.042028e+00
2.281000e-05	1.466190e-03	1.998970e+00
2.282000e-05	2.190823e-04	1.906817e+00
2.283000e-05	-4.307390e-04	1.829950e+00
2.284000e-05	-8.436619e-04	1.717687e+00
2.285000e-05	2.328845e-04	1.629579e+00
2.286000e-05	-5.162698e-04	1.556272e+00
2.287000e-05	-4.567373e-04	1.391026e+00
2.288000e-05	-1.059300e-03	1.346366e+00
2.289000e-05	-2.742504e-04	1.244081e+00
2.290000e-05	-1.544886e-03	1.167426e+00
2.291000e-05	-2.620488e-03	1.083003e+00
2.292000e-05	-2.406681e-03	9.262366e-01
2.293000e-05	-1.924793e-03	8.410263e-01
2.294000e-05	-1.906529e-03	7.678672e-01
2.295000e-05	-3.418292e-03	6.925828e-01
2.296000e-05	-2.340508e-03	5.578960e-01
2.297000e-05	-2.370596e-03	4.626103e-01
2.298000e-05	-2.197101e-03	4.209999e-01
2.299000e-05	-3.373607e-03	3.178896e-01
2.300000e-05	-3.111060e-03	2.214011e-01
2.301000e-05	-3.362383e-03	9.465915e-02
2.302000e-05	-2.847638e-03	-1.057762e-02
2.303000e-05	-4.182082e-03	-8.420927e-02
2.304000e-05	-1.384013e-03	-1.674713e-01
2.305000e-05	-1.316595e-03	-2.521016e-01
2.306000e-05	-1.993206e-03	-3.264135e-01
2.307000e-05	-2.592642e-03	-4.000514e-01
2.308000e-05	-4.435201e-03	-4.431818e-01
2.309000e-05	-4.028075e-03	-5.798988e-01
2.310000e-05	6.887655e-03	-7.067822e-01
2.311000e-05	4.012512e-02	-7.800002e-01
2.312000e-05	-9.646223e-04	-9.148383e-01
2.313000e-05	-8.620055e-02	-1.093732e+00
2.314000e-05	-3.292664e-02	-1.186443e+00
2.315000e-05	4.356495e-02	-1.116812e+00
2.316000e-05	7.375214e-02	-1.190474e+00
2.317000e-05	-8.090233e-02	-1.372128e+00
2.318000e-05	5.126981e-03	-1.546965e+00
2.319000e-05	9.477928e-02	-1.578345e+00
2.320000e-05	-3.147738e-02	-1.672128e+00
2.321000e-05	-4.263479e-02	-1.797994e+00
2.322000e-05	9.005521e-04	-1.811026e+00
2.323000e-05	-1.697031e-02	-1.833083e+00
2.324000e-05	-3.288126e-02	-1.998021e+00
2.325000e-05	7.661187e-02	-2.050652e+00
2.326000e-05	1.643529e-03	-2.104763e+00
2.327000e-05	-1.207859e-01	-2.272806e+00
2.328000e-05	5.751512e-02	-2.367496e+00
2.329000e-05	8.506686e-02	-2.441055e+00
2.330000e-05	-1.275974e-01	-2.535885e+00
2.331000e-05	-3.403341e-02	-2.579946e+00
2.332000e-05	8.601673e-02	-2.663634e+00
2.333000e-05	1.332413e-02	-2.768944e+00
2.334000e-05	-6.044152e-02	-2.810450e+00
2.335000e-05	-4.442350e-02	-2.833733e+00
2.336000e-05	3.380817e-02	-3.063755e+00
2.337000e-05	4.148067e-02	-3.167416e+00
2.338000e-05	-6.608866e-02	-3.169472e+00
2.339000e-05	-4.726972e-02	-3.272284e+00
2.340000e-05	7.127950e-02	-3.325968e+00
2.341000e-05	-8.320837e-03	-3.390553e+00
2.342000e-05	-5.692124e-02	-3.495708e+00
2.343000e-05	-9.390497e-03	-3.537892e+00
2.344000e-05	6.812860e-03	-3.609497e+00
2.345000e-05	7.508579e-03	-3.623708e+00
2.346000e-05	-2.329774e-02	-3.728313e+00
2.347000e-05	-3.407413e-02	-3.854229e+00
2.348000e-05	1.433496e-02	-3.966917e+00
2.349000e-05	8.026159e-03	-3.968999e+00
2.350000e-05	-3.513842e-02	-4.020578e+00
2.351000e-05	-2.070299e-02	-4.085784e+00
2.352000e-05	-1.087124e-03	-4.167864e+00
2.353000e-05	8.278166e-03	-4.181603e+00
2.354000e-05	-2.164383e-02	-4.283231e+00
2.355000e-05	-3.614980e-02	-4.357842e+00
2.356000e-05	1.997494e-03	-4.379492e+00
2.357000e-05	2.934248e-03	-4.410550e+00
2.358000e-05	-1.912432e-02	-4.471633e+00
2.359000e-05	-2.989985e-02	-4.446265e+00
2.360000e-05	-5.943739e-03	-4.556596e+00
2.361000e-05	6.898365e-03	-4.591204e+00
2.362000e-05	-2.173997e-02	-4.653237e+00
2.363000e-05	-3.356363e-02	-4.684817e+00
2.364000e-05	-5.391092e-03	-4.806368e+00
2.365000e-05	-5.715866e-04	-4.810124e+00
2.366000e-05	-1.872048e-02	-4.874782e+00
2.367000e-05	-2.810797e-02	-4.955892e+00
2.368000e-05	-1.412779e-02	-4.968547e+00
2.369000e-05	2.221780e-03	-5.010549e+00
2.370000e-05	-2.164165e-02	-5.053657e+00
2.371000e-05	-2.878559e-02	-5.123812e+00
2.372000e-05	-1.274950e-02	-5.127946e+00
2.373000e-05	-5.275141e-03	-5.190098e+00
2.374000e-05	-1.841151e-02	-5.201577e+00
2.375000e-05	-3.058313e-02	-5.241653e+00
2.376000e-05	-1.566741e-02	-5.255811e+00
2.377000e-05	-6.788775e-03	-5.313964e+00
2.378000e-05	-1.903580e-02	-5.359974e+00
2.379000e-05	-2.830749e-02	-5.402605e+00
2.380000e-05	-1.887541e-02	-5.462308e+00
2.381000e-05	-9.387920e-03	-5.515333e+00
2.382000e-05	-1.915558e-02	-5.527863e+00
2.383000e-05	-2.954542e-02	-5.567870e+00
2.384000e-05	-2.186172e-02	-5.578497e+00
2.385000e-05	-1.305408e-02	-5.568523e+00
2.386000e-05	-2.060014e-02	-5.579400e+00
2.387000e-05	-2.784254e-02	-5.599001e+00
2.388000e-05	-2.442899e-02	-5.580550e+00
2.389000e-05	-1.562281e-02	-5.610497e+00
2.390000e-05	-2.156449e-02	-5.600025e+00
2.391000e-05	-2.824117e-02	-5.600525e+00
2.392000e-05	-2.773606e-02	-5.590999e+00
2.393000e-05	-1.893761e-02	-5.612152e+00
2.394000e-05	-2.453265e-02	-5.630601e+00
2.395000e-05	-3.097592e-02	-5.661078e+00
2.396000e-05	-2.866215e-02	-5.600501e+00
2.397000e-05	-2.203649e-02	-5.611128e+00
2.398000e-05	-2.435823e-02	-5.621076e+00
2.399000e-05	-3.182011e-02	-5.621100e+00
2.400000e-05	-3.004092e-02	-5.620601e+00
2.401000e-05	-2.421245e-02	-5.610050e+00
2.402000e-05	-2.735255e-02	-5.600977e+00
2.403000e-05	-3.073368e-02	-5.600000e+00
2.404000e-05	-3.147465e-02	-5.609501e+00
2.405000e-05	-2.498720e-02	-5.588997e+00
2.406000e-05	-2.866573e-02	-5.568924e+00
2.407000e-05	-3.018686e-02	-5.559468e+00
2.408000e-05	-3.194081e-02	-5.545966e+00
2.409000e-05	-2.597858e-02	-5.524365e+00
2.410000e-05	-2.602258e-02	-5.465259e+00
2.411000e-05	-2.811107e-02	-5.470705e+00
2.412000e-05	-2.759504e-02	-5.411074e+00
2.413000e-05	-2.602628e-02	-5.318896e+00
2.414000e-05	-2.440569e-02	-5.294869e+00
2.415000e-05	-2.996775e-02	-5.243712e+00
2.416000e-05	-2.765515e-02	-5.231103e+00
2.417000e-05	-2.518308e-02	-5.189999e+00
2.418000e-05	-2.230572e-02	-5.187447e+00
2.419000e-05	-2.465981e-02	-5.107915e+00
2.420000e-05	-2.381188e-02	-5.063262e+00
2.421000e-05	-2.226653e-02	-5.043133e+00
2.422000e-05	-2.213947e-02	-5.012051e+00
2.423000e-05	-2.422785e-02	-4.968492e+00
2.424000e-05	-2.449597e-02	-4.896736e+00
2.425000e-05	-2.206875e-02	-4.818632e+00
2.426000e-05	-2.000818e-02	-4.767444e+00
2.427000e-05	-2.134331e-02	-4.706687e+00
2.428000e-05	-2.045194e-02	-4.662654e+00
2.429000e-05	-1.799591e-02	-4.651079e+00
2.430000e-05	-1.743510e-02	-4.589449e+00
2.431000e-05	-1.866566e-02	-4.563842e+00
2.432000e-05	-2.125884e-02	-4.474259e+00
2.433000e-05	-1.652494e-02	-4.412579e+00
2.434000e-05	-1.789933e-02	-4.400500e+00
2.435000e-05	-1.709708e-02	-4.377946e+00
2.436000e-05	-1.752458e-02	-4.334763e+00
2.437000e-05	-1.493592e-02	-4.262231e+00
2.438000e-05	-1.386391e-02	-4.210501e+00
2.439000e-05	-1.428494e-02	-4.126965e+00
2.440000e-05	-1.478714e-02	-4.034611e+00
2.441000e-05	-1.380240e-02	-4.030605e+00
2.442000e-05	-1.542549e-02	-3.989472e+00
2.443000e-05	-1.292126e-02	-3.915916e+00
2.444000e-05	-1.428371e-02	-3.801700e+00
2.445000e-05	-1.252197e-02	-3.717387e+00
2.446000e-05	-1.298786e-02	-3.622156e+00
2.447000e-05	-1.109467e-02	-3.589999e+00
2.448000e-05	-1.208983e-02	-3.526367e+00
2.449000e-05	-1.030194e-02	-3.444135e+00
2.450000e-05	-1.071290e-02	-3.398927e+00
2.451000e-05	-1.064000e-02	-3.295292e+00
2.452000e-05	-1.070230e-02	-3.241655e+00
2.453000e-05	-1.077799e-02	-3.188974e+00
2.454000e-05	-1.045957e-02	-3.095812e+00
2.455000e-05	-8.199793e-03	-2.991470e+00
2.456000e-05	-1.043548e-02	-2.854209e+00
2.457000e-05	-7.596955e-03	-2.820027e+00
2.458000e-05	-1.006511e-02	-2.727443e+00
2.459000e-05	-6.638866e-03	-2.682260e+00
2.460000e-05	-9.321784e-03	-2.581475e+00
2.461000e-05	-6.081191e-03	-2.476214e+00
2.462000e-05	-8.506850e-03	-2.400101e+00
2.463000e-05	-6.467769e-03	-2.318922e+00
2.464000e-05	-8.692950e-03	-2.264187e+00
2.465000e-05	-8.024576e-03	-2.156367e+00
2.466000e-05	-7.298786e-03	-2.032080e+00
2.467000e-05	-7.392926e-03	-1.988471e+00
2.468000e-05	-5.258834e-03	-1.884791e+00
2.469000e-05	-4.732652e-03	-1.821083e+00
2.470000e-05	-4.983585e-03	-1.716442e+00
2.471000e-05	-6.282104e-03	-1.632209e+00
2.472000e-05	-4.920038e-03	-1.578975e+00
2.473000e-05	-6.972192e-03	-1.482239e+00
2.474000e-05	-6.211438e-03	-1.379847e+00
2.475000e-05	-6.606120e-03	-1.231131e+00
2.476000e-05	-4.056009e-03	-1.187970e+00
2.477000e-05	-4.009662e-03	-1.042086e+00
2.478000e-05	-4.341003e-03	-9.683646e-01
2.479000e-05	-3.495322e-03	-8.751879e-01
2.480000e-05	-5.237875e-03	-8.010276e-01
2.481000e-05	-4.256028e-03	-7.478946e-01
2.482000e-05	-5.478525e-03	-6.502076e-01
2.483000e-05	-3.402349e-03	-4.837116e-01
2.484000e-05	-4.138130e-03	-4.305249e-01
2.485000e-05	-1.755577e-03	-3.178919e-01
2.486000e-05	-4.719850e-03	-2.331053e-01
2.487000e-05	-2.305419e-03	-2.010263e-01
2.488000e-05	-2.532026e-03	7.816407e-10
2.489000e-05	-1.961448e-03	1.044901e-02
2.490000e-05	-4.017191e-04	7.365790e-02
2.491000e-05	-6.809618e-04	1.778975e-01
2.492000e-05	-1.862781e-04	2.968371e-01
2.493000e-05	-4.550010e-04	3.709726e-01
2.494000e-05	-7.785182e-04	4.725805e-01
2.495000e-05	4.069236e-04	5.064149e-01
2.496000e-05	1.293049e-02	6.426291e-01
2.497000e-05	3.340834e-02	7.279924e-01
2.498000e-05	1.553716e-03	8.427304e-01
2.499000e-05	-7.650622e-02	9.995487e-01
2.500000e-05	-3.946385e-02	1.064188e+00
2.501000e-05	5.442850e-02	1.166816e+00
2.502000e-05	7.812318e-02	1.273106e+00
2.503000e-05	-8.807397e-02	1.346367e+00
2.504000e-05	2.830738e-03	1.360073e+00
2.505000e-05	8.956341e-02	1.557793e+00
2.506000e-05	-1.141998e-02	1.724312e+00
2.507000e-05	-2.710090e-02	1.727318e+00
2.508000e-05	-2.065043e-02	1.798500e+00
2.509000e-05	4.512504e-03	1.905859e+00
2.510000e-05	2.649224e-03	1.979499e+00
2.511000e-05	6.323818e-02	2.041552e+00
2.512000e-05	-1.136050e-02	2.135817e+00
2.513000e-05	-8.834378e-02	2.211003e+00
2.514000e-05	5.143534e-02	2.303711e+00
2.515000e-05	7.636806e-02	2.367471e+00
2.516000e-05	-7.492795e-02	2.440075e+00
2.517000e-05	-3.606336e-02	2.516732e+00
2.518000e-05	6.458837e-02	2.653626e+00
2.519000e-05	4.489173e-02	2.757370e+00
2.520000e-05	-3.608219e-02	2.830974e+00
2.521000e-05	-4.824855e-02	2.866212e+00
2.522000e-05	4.681354e-02	2.959467e+00
2.523000e-05	3.962046e-02	3.031053e+00
2.524000e-05	-2.518461e-02	3.136263e+00
2.525000e-05	-2.941313e-02	3.158996e+00
2.526000e-05	4.528019e-02	3.231030e+00
2.527000e-05	1.592089e-02	3.293338e+00
2.528000e-05	-1.489013e-02	3.412522e+00
2.529000e-05	-8.578259e-03	3.545341e+00
2.530000e-05	5.765591e-03	3.569499e+00
2.531000e-05	2.723926e-02	3.602075e+00
2.532000e-05	3.163000e-03	3.725261e+00
2.533000e-05	-1.286885e-02	3.788022e+00
2.534000e-05	6.322163e-03	3.820554e+00
2.535000e-05	3.103259e-02	3.882813e+00
2.536000e-05	-4.047397e-03	3.948397e+00
2.537000e-05	-1.018340e-02	4.009024e+00
2.538000e-05	8.844332e-03	4.042629e+00
2.539000e-05	2.138102e-02	4.093740e+00
2.540000e-05	7.080144e-03	4.148989e+00
2.541000e-05	-9.158754e-03	4.245161e+00
2.542000e-05	9.825369e-03	4.378968e+00
2.543000e-05	1.833992e-02	4.400529e+00
2.544000e-05	1.112587e-02	4.391082e+00
2.545000e-05	-9.752850e-03	4.445312e+00
2.546000e-05	1.029487e-02	4.537466e+00
2.547000e-05	1.865733e-02	4.571025e+00
2.548000e-05	7.055810e-03	4.681683e+00
2.549000e-05	-3.809431e-03	4.705310e+00
2.550000e-05	9.420163e-03	4.738895e+00
2.551000e-05	2.197281e-02	4.779970e+00
2.552000e-05	9.500394e-03	4.850503e+00
2.553000e-05	7.457797e-04	4.832708e+00
2.554000e-05	7.320669e-03	4.894969e+00
2.555000e-05	2.015968e-02	5.030957e+00
2.556000e-05	9.131348e-03	5.082156e+00
2.557000e-05	1.194897e-03	5.144915e+00
2.558000e-05	9.430637e-03	5.169471e+00
2.559000e-05	2.022706e-02	5.180025e+00
2.560000e-05	1.482628e-02	5.211655e+00
2.561000e-05	4.514017e-03	5.243633e+00
2.562000e-05	1.057150e-02	5.274788e+00
2.563000e-05	1.883224e-02	5.314419e+00
2.564000e-05	1.390310e-02	5.348967e+00
2.565000e-05	5.373602e-03	5.377946e+00
2.566000e-05	1.130275e-02	5.421026e+00
2.567000e-05	1.869737e-02	5.411601e+00
2.568000e-05	1.766036e-02	5.432050e+00
2.569000e-05	8.757747e-03	5.432179e+00
2.570000e-05	1.275948e-02	5.472184e+00
2.571000e-05	2.078919e-02	5.494633e+00
2.572000e-05	1.802294e-02	5.493763e+00
2.573000e-05	1.388063e-02	5.484861e+00
2.574000e-05	1.334087e-02	5.517318e+00
2.575000e-05	2.166802e-02	5.537715e+00
2.576000e-05	1.972232e-02	5.568743e+00
2.577000e-05	1.577559e-02	5.576916e+00
2.578000e-05	1.630486e-02	5.557362e+00
2.579000e-05	2.073881e-02	5.557368e+00
2.580000e-05	2.413101e-02	5.566363e+00
2.581000e-05	1.846443e-02	5.557967e+00
2.582000e-05	1.891140e-02	5.535894e+00
2.583000e-05	2.344605e-02	5.526366e+00
2.584000e-05	2.518186e-02	5.567414e+00
2.585000e-05	2.065710e-02	5.536867e+00
2.586000e-05	2.027958e-02	5.516287e+00
2.587000e-05	2.292458e-02	5.557841e+00
2.588000e-05	2.525211e-02	5.546312e+00
2.589000e-05	2.113932e-02	5.525837e+00
2.590000e-05	2.234460e-02	5.473634e+00
2.591000e-05	2.399376e-02	5.504237e+00
2.592000e-05	2.609806e-02	5.411132e+00
2.593000e-05	2.214082e-02	5.432654e+00
2.594000e-05	2.200689e-02	5.380551e+00
2.595000e-05	2.137487e-02	5.418025e+00
2.596000e-05	2.291807e-02	5.408998e+00
2.597000e-05	2.023896e-02	5.357919e+00
2.598000e-05	2.145801e-02	5.305787e+00
2.599000e-05	2.031152e-02	5.305165e+00
2.600000e-05	2.273026e-02	5.263182e+00
2.601000e-05	2.076606e-02	5.271579e+00
2.602000e-05	1.971776e-02	5.180454e+00
2.603000e-05	1.882945e-02	5.155996e+00
2.604000e-05	1.893545e-02	5.123710e+00
2.605000e-05	1.785155e-02	5.053729e+00
2.606000e-05	1.662010e-02	4.970408e+00
2.607000e-05	1.602639e-02	4.964763e+00
2.608000e-05	1.840218e-02	4.883080e+00
2.609000e-05	1.532928e-02	4.822553e+00
2.610000e-05	1.534564e-02	4.769521e+00
2.611000e-05	1.402618e-02	4.787847e+00
2.612000e-05	1.595598e-02	4.703239e+00
2.613000e-05	1.407944e-02	4.693658e+00
2.614000e-05	1.273798e-02	4.629978e+00
2.615000e-05	1.234782e-02	4.558917e+00
2.616000e-05	1.275357e-02	4.504787e+00
2.617000e-05	1.146606e-02	4.463681e+00
2.618000e-05	1.046788e-02	4.410526e+00
2.619000e-05	1.016787e-02	4.389451e+00
2.620000e-05	1.138316e-02	4.347417e+00
2.621000e-05	1.002406e-02	4.292258e+00
2.622000e-05	9.542352e-03	4.229422e+00
2.623000e-05	9.166504e-03	4.084187e+00
2.624000e-05	8.468193e-03	4.010558e+00
2.625000e-05	7.710630e-03	3.969449e+00
2.626000e-05	7.390687e-03	3.927338e+00
2.627000e-05	7.268266e-03	3.872710e+00
2.628000e-05	6.852175e-03	3.831030e+00
2.629000e-05	6.444472e-03	3.746370e+00
2.630000e-05	5.989578e-03	3.674687e+00
2.631000e-05	6.596336e-03	3.601028e+00
2.632000e-05	5.663933e-03	3.598946e+00
2.633000e-05	5.527092e-03	3.525242e+00
2.634000e-05	4.237069e-03	3.410976e+00
2.635000e-05	5.310813e-03	3.333792e+00
2.636000e-05	3.969623e-03	3.242077e+00
2.637000e-05	4.116086e-03	3.148446e+00
2.638000e-05	2.954998e-03	3.095238e+00
2.639000e-05	3.578527e-03	3.041075e+00
2.640000e-05	3.282536e-03	2.937370e+00
2.641000e-05	3.838465e-03	2.864160e+00
2.642000e-05	2.247980e-03	2.809550e+00
2.643000e-05	3.426828e-03	2.776795e+00
2.644000e-05	3.346906e-03	2.699632e+00
2.645000e-05	1.891416e-03	2.484314e+00
2.646000e-05	1.100156e-03	2.431053e+00
2.647000e-05	1.873710e-03	2.367392e+00
2.648000e-05	1.310798e-03	2.293086e+00
2.649000e-05	6.108987e-04	2.149524e+00
2.650000e-05	1.083764e-03	2.106763e+00
2.651000e-05	1.906450e-03	2.011580e+00
2.652000e-05	1.478317e-03	1.979476e+00
2.653000e-05	9.860454e-04	1.892238e+00
2.654000e-05	-1.709446e-03	1.769423e+00
2.655000e-05	2.746778e-04	1.695313e+00
2.656000e-05	-4.359057e-04	1.610996e+00
2.657000e-05	-3.334488e-04	1.527817e+00
2.658000e-05	-2.849570e-03	1.410553e+00
2.659000e-05	-3.217505e-04	1.366792e+00
2.660000e-05	-9.420139e-04	1.261131e+00
2.661000e-05	-6.923793e-04	1.167421e+00
2.662000e-05	-2.153847e-03	1.042124e+00
2.663000e-05	-2.379582e-04	9.167928e-01
2.664000e-05	-7.639835e-04	8.095038e-01
2.665000e-05	-1.946017e-03	7.468434e-01
2.666000e-05	-3.396491e-03	6.635828e-01
2.667000e-05	-3.912658e-03	5.579985e-01
2.668000e-05	-2.845869e-03	4.751102e-01
2.669000e-05	-2.747566e-03	4.000526e-01
2.670000e-05	-3.780011e-03	3.453969e-01
2.671000e-05	-2.662255e-03	1.914739e-01
2.672000e-05	-2.317474e-03	3.313795e-02
2.673000e-05	-2.253122e-03	9.472309e-03
2.674000e-05	-2.072779e-03	-8.223292e-02
2.675000e-05	-2.017436e-03	-1.469447e-01
2.676000e-05	-2.214613e-05	-2.726053e-01
2.677000e-05	-4.280548e-03	-3.263911e-01
2.678000e-05	-3.069828e-03	-3.799975e-01
2.679000e-05	-6.209406e-03	-4.841829e-01
2.680000e-05	-2.985071e-03	-6.100724e-01
2.681000e-05	6.137617e-03	-6.943296e-01
2.682000e-05	4.039968e-02	-7.783999e-01
2.683000e-05	7.606692e-04	-8.853369e-01
2.684000e-05	-8.469315e-02	-1.083883e+00
2.685000e-05	-3.516393e-02	-1.166894e+00
2.686000e-05	4.139008e-02	-1.138292e+00
2.687000e-05	7.282880e-02	-1.177974e+00
2.688000e-05	-8.009764e-02	-1.410602e+00
2.689000e-05	2.991203e-03	-1.557916e+00
2.690000e-05	9.676680e-02	-1.544946e+00
2.691000e-05	-2.990814e-02	-1.673632e+00
2.692000e-05	-4.274618e-02	-1.798491e+00
2.693000e-05	-7.586315e-04	-1.810475e+00
2.694000e-05	-1.654399e-02	-1.873105e+00
2.695000e-05	-3.364885e-02	-1.997441e+00
2.696000e-05	7.544328e-02	-2.011655e+00
2.697000e-05	3.291684e-03	-2.074163e+00
2.698000e-05	-1.224847e-01	-2.254231e+00
2.699000e-05	5.534984e-02	-2.399970e+00
2.700000e-05	8.606437e-02	-2.461052e+00
2.701000e-05	-1.270558e-01	-2.527940e+00
2.702000e-05	-3.643186e-02	-2.610475e+00
2.703000e-05	8.645987e-02	-2.623132e+00
2.704000e-05	1.458150e-02	-2.758469e+00
2.705000e-05	-6.065502e-02	-2.810525e+00
2.706000e-05	-4.530795e-02	-2.863589e+00
2.707000e-05	3.286131e-02	-3.031755e+00
2.708000e-05	4.150307e-02	-3.146971e+00
2.709000e-05	-6.623673e-02	-3.167922e+00
2.710000e-05	-4.967460e-02	-3.273734e+00
2.711000e-05	7.050975e-02	-3.376916e+00
2.712000e-05	-5.704345e-03	-3.421524e+00
2.713000e-05	-5.817130e-02	-3.454856e+00
2.714000e-05	-9.156694e-03	-3.556871e+00
2.715000e-05	5.443011e-03	-3.620023e+00
2.716000e-05	9.926795e-03	-3.705183e+00
2.717000e-05	-2.379642e-02	-3.706737e+00
2.718000e-05	-3.582424e-02	-3.854253e+00
2.719000e-05	1.329336e-02	-3.936866e+00
2.720000e-05	1.033320e-02	-3.999049e+00
2.721000e-05	-3.567237e-02	-4.019733e+00
2.722000e-05	-2.096317e-02	-4.095693e+00
2.723000e-05	-2.091379e-03	-4.157444e+00
2.724000e-05	1.096277e-02	-4.221049e+00
2.725000e-05	-2.012735e-02	-4.284681e+00
2.726000e-05	-3.576487e-02	-4.327315e+00
2.727000e-05	-2.156979e-04	-4.388924e+00
2.728000e-05	5.592648e-03	-4.409498e+00
2.729000e-05	-1.996816e-02	-4.463678e+00
2.730000e-05	-2.957550e-02	-4.494261e+00
2.731000e-05	-7.937545e-03	-4.548545e+00
2.732000e-05	9.067365e-03	-4.621679e+00
2.733000e-05	-2.038380e-02	-4.642757e+00
2.734000e-05	-3.272679e-02	-4.766812e+00
2.735000e-05	-5.508411e-03	-4.735917e+00
2.736000e-05	7.529496e-04	-4.863519e+00
2.737000e-05	-1.795166e-02	-4.905184e+00
2.738000e-05	-2.911107e-02	-4.947888e+00
2.739000e-05	-1.490566e-02	-4.979471e+00
2.740000e-05	2.453887e-03	-5.041080e+00
2.741000e-05	-1.988722e-02	-5.043230e+00
2.742000e-05	-2.917543e-02	-5.125282e+00
2.743000e-05	-1.319302e-02	-5.145994e+00
2.744000e-05	-4.747181e-03	-5.188519e+00
2.745000e-05	-1.736532e-02	-5.180552e+00
2.746000e-05	-3.054219e-02	-5.252156e+00
2.747000e-05	-1.681885e-02	-5.273181e+00
2.748000e-05	-7.433377e-03	-5.336794e+00
2.749000e-05	-1.801144e-02	-5.379444e+00
2.750000e-05	-2.861237e-02	-5.479150e+00
2.751000e-05	-1.951196e-02	-5.482762e+00
2.752000e-05	-9.537727e-03	-5.485814e+00
2.753000e-05	-1.870158e-02	-5.507313e+00
2.754000e-05	-2.894636e-02	-5.578873e+00
2.755000e-05	-2.262490e-02	-5.598445e+00
2.756000e-05	-1.364042e-02	-5.608474e+00
2.757000e-05	-1.936714e-02	-5.578974e+00
2.758000e-05	-2.850360e-02	-5.599525e+00
2.759000e-05	-2.528526e-02	-5.610050e+00
2.760000e-05	-1.765623e-02	-5.619550e+00
2.761000e-05	-2.144281e-02	-5.610579e+00
2.762000e-05	-2.856583e-02	-5.601075e+00
2.763000e-05	-2.705890e-02	-5.611126e+00
2.764000e-05	-1.933671e-02	-5.620076e+00
2.765000e-05	-2.173189e-02	-5.620576e+00
2.766000e-05	-3.080253e-02	-5.640578e+00
2.767000e-05	-2.909195e-02	-5.611604e+00
2.768000e-05	-2.410556e-02	-5.600575e+00
2.769000e-05	-2.390143e-02	-5.629578e+00
2.770000e-05	-3.176549e-02	-5.591052e+00
2.771000e-05	-3.102470e-02	-5.620026e+00
2.772000e-05	-2.471241e-02	-5.599597e+00
2.773000e-05	-2.563737e-02	-5.610050e+00
2.774000e-05	-3.054578e-02	-5.599550e+00
2.775000e-05	-3.151597e-02	-5.599977e+00
2.776000e-05	-2.678543e-02	-5.598998e+00
2.777000e-05	-2.530345e-02	-5.598847e+00
2.778000e-05	-3.111774e-02	-5.568416e+00
2.779000e-05	-3.059447e-02	-5.566389e+00
2.780000e-05	-2.814565e-02	-5.523417e+00
2.781000e-05	-2.618984e-02	-5.515228e+00
2.782000e-05	-2.869739e-02	-5.461713e+00
2.783000e-05	-2.914580e-02	-5.407173e+00
2.784000e-05	-2.481234e-02	-5.358900e+00
2.785000e-05	-2.464289e-02	-5.334339e+00
2.786000e-05	-2.640072e-02	-5.273184e+00
2.787000e-05	-2.747931e-02	-5.221602e+00
2.788000e-05	-2.636193e-02	-5.221032e+00
2.789000e-05	-2.296847e-02	-5.137896e+00
2.790000e-05	-2.532620e-02	-5.125442e+00
2.791000e-05	-2.473436e-02	-5.113286e+00
2.792000e-05	-2.224258e-02	-5.052657e+00
2.793000e-05	-2.093951e-02	-5.020604e+00
2.794000e-05	-2.203971e-02	-4.955972e+00
2.795000e-05	-2.308105e-02	-4.863784e+00
2.796000e-05	-2.105863e-02	-4.761499e+00
2.797000e-05	-1.901791e-02	-4.775271e+00
2.798000e-05	-2.124423e-02	-4.693789e+00
2.799000e-05	-2.192634e-02	-4.674659e+00
2.800000e-05	-1.892314e-02	-4.631576e+00
2.801000e-05	-1.773647e-02	-4.599573e+00
2.802000e-05	-1.805665e-02	-4.555342e+00
2.803000e-05	-1.912322e-02	-4.473229e+00
2.804000e-05	-1.681557e-02	-4.411554e+00
2.805000e-05	-1.532512e-02	-4.399949e+00
2.806000e-05	-1.648342e-02	-4.347945e+00
2.807000e-05	-1.784200e-02	-4.295318e+00
2.808000e-05	-1.592513e-02	-4.243133e+00
2.809000e-05	-1.584210e-02	-4.209080e+00
2.810000e-05	-1.474725e-02	-4.146942e+00
2.811000e-05	-1.591089e-02	-4.064160e+00
2.812000e-05	-1.374851e-02	-4.010623e+00
2.813000e-05	-1.442375e-02	-3.979444e+00
2.814000e-05	-1.185391e-02	-3.914693e+00
2.815000e-05	-1.366118e-02	-3.871548e+00
2.816000e-05	-1.170295e-02	-3.728264e+00
2.817000e-05	-1.307564e-02	-3.621131e+00
2.818000e-05	-1.232271e-02	-3.619474e+00
2.819000e-05	-1.172596e-02	-3.536917e+00
2.820000e-05	-1.204966e-02	-3.472658e+00
2.821000e-05	-1.129664e-02	-3.369475e+00
2.822000e-05	-1.109642e-02	-3.326292e+00
2.823000e-05	-1.115142e-02	-3.231583e+00
2.824000e-05	-1.027895e-02	-3.188475e+00
2.825000e-05	-9.106861e-03	-3.127266e+00
2.826000e-05	-9.222348e-03	-3.000523e+00
2.827000e-05	-8.908796e-03	-2.873238e+00
2.828000e-05	-8.950526e-03	-2.809027e+00
2.829000e-05	-9.655771e-03	-2.768392e+00
2.830000e-05	-1.020456e-02	-2.661683e+00
2.831000e-05	-8.906909e-03	-2.588421e+00
2.832000e-05	-8.071179e-03	-2.476293e+00
2.833000e-05	-7.636316e-03	-2.430553e+00
2.834000e-05	-6.902113e-03	-2.356447e+00
2.835000e-05	-5.504553e-03	-2.281250e+00
2.836000e-05	-6.990758e-03	-2.109344e+00
2.837000e-05	-8.218683e-03	-2.022108e+00
2.838000e-05	-8.216920e-03	-1.987502e+00
2.839000e-05	-6.795527e-03	-1.876288e+00
2.840000e-05	-6.308195e-03	-1.820581e+00
2.841000e-05	-6.964901e-03	-1.717370e+00
2.842000e-05	-6.504259e-03	-1.693686e+00
2.843000e-05	-4.855521e-03	-1.608501e+00
2.844000e-05	-4.301512e-03	-1.522792e+00
2.845000e-05	-5.507121e-03	-1.408350e+00
2.846000e-05	-6.061832e-03	-1.252108e+00
2.847000e-05	-5.440351e-03	-1.137470e+00
2.848000e-05	-4.536930e-03	-1.053687e+00
2.849000e-05	-5.287674e-03	-9.994961e-01
2.850000e-05	-6.881652e-03	-9.161605e-01
2.851000e-05	-3.849597e-03	-7.905265e-01
2.852000e-05	-3.113355e-03	-7.568932e-01
2.853000e-05	-2.707422e-03	-6.326563e-01
2.854000e-05	-4.772621e-03	-5.047090e-01
2.855000e-05	-2.288758e-03	-4.199751e-01
2.856000e-05	-3.025124e-03	-3.368382e-01
2.857000e-05	-3.378656e-03	-2.616315e-01
2.858000e-05	-3.836997e-03	-1.488446e-01
2.859000e-05	-2.700093e-03	-8.270764e-02
2.860000e-05	-8.258094e-04	-8.026003e-03
2.861000e-05	-5.204987e-04	8.513554e-02
2.862000e-05	-5.060374e-04	1.995702e-01
2.863000e-05	6.788723e-04	3.368135e-01
2.864000e-05	-3.891001e-04	3.689988e-01
2.865000e-05	1.735769e-04	4.731594e-01
2.866000e-05	6.159369e-04	5.072723e-01
2.867000e-05	1.189650e-02	6.615055e-01
2.868000e-05	3.379781e-02	7.573899e-01
2.869000e-05	2.466312e-03	8.721607e-01
2.870000e-05	-7.579603e-02	9.689488e-01
2.871000e-05	-4.093420e-02	1.064208e+00
2.872000e-05	5.463036e-02	1.127812e+00
2.873000e-05	7.996109e-02	1.273582e+00
2.874000e-05	-8.629800e-02	1.337362e+00
2.875000e-05	1.685945e-03	1.401453e+00
2.876000e-05	8.894930e-02	1.586896e+00
2.877000e-05	-1.059694e-02	1.666336e+00
2.878000e-05	-2.672722e-02	1.704317e+00
2.879000e-05	-2.261266e-02	1.779996e+00
2.880000e-05	4.519162e-03	1.934287e+00
2.881000e-05	1.428746e-03	1.978998e+00
2.882000e-05	6.212467e-02	2.032053e+00
2.883000e-05	-1.047676e-02	2.115817e+00
2.884000e-05	-8.777372e-02	2.220600e+00
2.885000e-05	5.133489e-02	2.243660e+00
2.886000e-05	7.862881e-02	2.368416e+00
2.887000e-05	-7.742681e-02	2.432153e+00
2.888000e-05	-3.757035e-02	2.494841e+00
2.889000e-05	6.274990e-02	2.683107e+00
2.890000e-05	4.567923e-02	2.737819e+00
2.891000e-05	-3.657617e-02	2.810049e+00
2.892000e-05	-4.780038e-02	2.883284e+00
2.893000e-05	4.575289e-02	2.988942e+00
2.894000e-05	4.115163e-02	3.000081e+00
2.895000e-05	-2.561623e-02	3.105787e+00
2.896000e-05	-3.139594e-02	3.199999e+00
2.897000e-05	4.458871e-02	3.231628e+00
2.898000e-05	1.626058e-02	3.306290e+00
2.899000e-05	-1.464233e-02	3.400605e+00
2.900000e-05	-9.677009e-03	3.535342e+00
2.901000e-05	5.557127e-03	3.579998e+00
2.902000e-05	2.854623e-02	3.641603e+00
2.903000e-05	2.454955e-03	3.685840e+00
2.904000e-05	-1.414505e-02	3.768899e+00
2.905000e-05	5.626202e-03	3.860527e+00
2.906000e-05	3.179399e-02	3.905289e+00
2.907000e-05	-3.497885e-03	3.978443e+00
2.908000e-05	-9.851136e-03	4.000025e+00
2.909000e-05	8.815481e-03	4.041062e+00
2.910000e-05	2.258456e-02	4.085811e+00
2.911000e-05	6.871019e-03	4.171119e+00
2.912000e-05	-8.890196e-03	4.293259e+00
2.913000e-05	7.786116e-03	4.367919e+00
2.914000e-05	1.996891e-02	4.398999e+00
2.915000e-05	1.077848e-02	4.421532e+00
2.916000e-05	-8.341455e-03	4.484710e+00
2.917000e-05	1.032472e-02	4.568417e+00
2.918000e-05	2.102531e-02	4.579449e+00
2.919000e-05	8.412038e-03	4.642106e+00
2.920000e-05	-4.538946e-03	4.736286e+00
2.921000e-05	9.030472e-03	4.766969e+00
2.922000e-05	2.093594e-02	4.789545e+00
2.923000e-05	9.155245e-03	4.840102e+00
2.924000e-05	7.127067e-04	4.853633e+00
2.925000e-05	8.842916e-03	4.965792e+00
2.926000e-05	2.217636e-02	5.021923e+00
2.927000e-05	1.083134e-02	5.094584e+00
2.928000e-05	8.899490e-04	5.135864e+00
2.929000e-05	8.509997e-03	5.177421e+00
2.930000e-05	2.002493e-02	5.210028e+00
2.931000e-05	1.306148e-02	5.211106e+00
2.932000e-05	3.655143e-03	5.281761e+00
2.933000e-05	1.091998e-02	5.294237e+00
2.934000e-05	2.057599e-02	5.357872e+00
2.935000e-05	1.671009e-02	5.358444e+00
2.936000e-05	5.957539e-03	5.389997e+00
2.937000e-05	1.070960e-02	5.409550e+00
2.938000e-05	2.003809e-02	5.411025e+00
2.939000e-05	1.572219e-02	5.421554e+00
2.940000e-05	9.298683e-03	5.423133e+00
2.941000e-05	1.090649e-02	5.473207e+00
2.942000e-05	2.166239e-02	5.474133e+00
2.943000e-05	1.850929e-02	5.492262e+00
2.944000e-05	1.360389e-02	5.517367e+00
2.945000e-05	1.297011e-02	5.515791e+00
2.946000e-05	2.246215e-02	5.534817e+00
2.947000e-05	2.012870e-02	5.496293e+00
2.948000e-05	1.576276e-02	5.546896e+00
2.949000e-05	1.541534e-02	5.546791e+00
2.950000e-05	2.082647e-02	5.557446e+00
2.951000e-05	2.323376e-02	5.528972e+00
2.952000e-05	1.815363e-02	5.577918e+00
2.953000e-05	1.897847e-02	5.547368e+00
2.954000e-05	2.366657e-02	5.518396e+00
2.955000e-05	2.512078e-02	5.526418e+00
2.956000e-05	2.100306e-02	5.547269e+00
2.957000e-05	1.960372e-02	5.526917e+00
2.958000e-05	2.341549e-02	5.536364e+00
2.959000e-05	2.390744e-02	5.516761e+00
2.960000e-05	2.332345e-02	5.522711e+00
2.961000e-05	2.029251e-02	5.474734e+00
2.962000e-05	2.466873e-02	5.433633e+00
2.963000e-05	2.400355e-02	5.433204e+00
2.964000e-05	2.344088e-02	5.441106e+00
2.965000e-05	2.097681e-02	5.412053e+00
2.966000e-05	2.177426e-02	5.380551e+00
2.967000e-05	2.470317e-02	5.408446e+00
2.968000e-05	2.155346e-02	5.356924e+00
2.969000e-05	2.020733e-02	5.326841e+00
2.970000e-05	2.005721e-02	5.294239e+00
2.971000e-05	2.167036e-02	5.223134e+00
2.972000e-05	2.101630e-02	5.232055e+00
2.973000e-05	1.800856e-02	5.210027e+00
2.974000e-05	1.981261e-02	5.125946e+00
2.975000e-05	1.946776e-02	5.156788e+00
2.976000e-05	1.897455e-02	5.073159e+00
2.977000e-05	1.708630e-02	5.000496e+00
2.978000e-05	1.732372e-02	4.935267e+00
2.979000e-05	1.746686e-02	4.863708e+00
2.980000e-05	1.649133e-02	4.830502e+00
2.981000e-05	1.422290e-02	4.778526e+00
2.982000e-05	1.472801e-02	4.767399e+00
2.983000e-05	1.489452e-02	4.755312e+00
2.984000e-05	1.452420e-02	4.663188e+00
2.985000e-05	1.264439e-02	4.599502e+00
2.986000e-05	1.371917e-02	4.530896e+00
2.987000e-05	1.313665e-02	4.516339e+00
2.988000e-05	1.253305e-02	4.442158e+00
2.989000e-05	9.649998e-03	4.400526e+00
2.990000e-05	1.133916e-02	4.408973e+00
2.991000e-05	1.041546e-02	4.377895e+00
2.992000e-05	1.017410e-02	4.303711e+00
2.993000e-05	9.550011e-03	4.231498e+00
2.994000e-05	9.840181e-03	4.104766e+00
2.995000e-05	1.067661e-02	4.012059e+00
2.996000e-05	7.855365e-03	3.999497e+00
2.997000e-05	8.185312e-03	3.925368e+00
2.998000e-05	7.784208e-03	3.872234e+00
2.999000e-05	7.585676e-03	3.840556e+00
3.000000e-05	6.223153e-03	3.747319e+00
3.001000e-05	5.019845e-03	3.674690e+00
3.002000e-05	7.147787e-03	3.621583e+00
3.003000e-05	5.720191e-03	3.589496e+00
3.004000e-05	4.879331e-03	3.504291e+00
3.005000e-05	5.164416e-03	3.450101e+00
3.006000e-05	4.647392e-03	3.295737e+00
3.007000e-05	5.872781e-03	3.212554e+00
3.008000e-05	2.934583e-03	3.177442e+00
3.009000e-05	2.901907e-03	3.086160e+00
3.010000e-05	3.593912e-03	3.033102e+00
3.011000e-05	2.800143e-03	2.966767e+00
3.012000e-05	2.217152e-03	2.864083e+00
3.013000e-05	1.238688e-03	2.811003e+00
3.014000e-05	4.314810e-03	2.765842e+00
3.015000e-05	2.953470e-03	2.641106e+00
3.016000e-05	1.935120e-03	2.534718e+00
3.017000e-05	1.738543e-03	2.401005e+00
3.018000e-05	1.987025e-03	2.357367e+00
3.019000e-05	-1.992209e-04	2.263687e+00
3.020000e-05	-9.814179e-05	2.189022e+00
3.021000e-05	-1.020171e-03	2.126739e+00
3.022000e-05	1.147655e-03	2.042105e+00
3.023000e-05	7.359992e-04	2.008899e+00
3.024000e-05	1.878094e-04	1.906812e+00
3.025000e-05	2.752347e-04	1.798429e+00
3.026000e-05	1.772890e-04	1.685232e+00
3.027000e-05	4.060481e-04	1.621133e+00
3.028000e-05	-1.746135e-03	1.486842e+00
3.029000e-05	-1.678305e-03	1.412154e+00
3.030000e-05	-1.873535e-03	1.316871e+00
3.031000e-05	-1.748113e-04	1.262108e+00
3.032000e-05	-1.725004e-03	1.149917e+00
3.033000e-05	-2.555040e-03	1.062563e+00
3.034000e-05	-2.574009e-03	8.836918e-01
3.035000e-05	-7.025284e-04	8.200076e-01
3.036000e-05	-5.788014e-04	7.568909e-01
3.037000e-05	-4.127988e-03	6.516616e-01
3.038000e-05	-1.866335e-03	5.474171e-01
3.039000e-05	-2.489745e-03	4.816914e-01
3.040000e-05	-3.068585e-03	4.090013e-01
3.041000e-05	-4.667770e-03	3.078908e-01
3.042000e-05	-4.160341e-03	2.015037e-01
3.043000e-05	-1.664996e-03	9.316270e-02
3.044000e-05	-1.262760e-03	-2.637535e-05
3.045000e-05	-2.971845e-03	-1.056866e-01
3.046000e-05	-6.733316e-04	-1.884450e-01
3.047000e-05	-1.073477e-03	-2.121092e-01
3.048000e-05	-2.209532e-03	-3.064411e-01
3.049000e-05	-4.348782e-03	-4.005013e-01
3.050000e-05	-5.283971e-03	-4.726392e-01
3.051000e-05	-2.788839e-03	-5.975753e-01
3.052000e-05	6.094886e-03	-6.752145e-01
3.053000e-05	4.086411e-02	-7.590261e-01
3.054000e-05	1.766802e-03	-8.952871e-01
3.055000e-05	-8.340778e-02	-1.073253e+00
3.056000e-05	-3.579717e-02	-1.156925e+00
3.057000e-05	4.110190e-02	-1.125791e+00
3.058000e-05	7.564405e-02	-1.180949e+00
3.059000e-05	-7.806379e-02	-1.398052e+00
3.060000e-05	1.491018e-03	-1.557467e+00
3.061000e-05	9.571795e-02	-1.559395e+00
3.062000e-05	-2.881023e-02	-1.643179e+00
3.063000e-05	-4.472199e-02	-1.799045e+00
3.064000e-05	-1.807484e-03	-1.819500e+00
3.065000e-05	-1.321634e-02	-1.864180e+00
3.066000e-05	-3.464253e-02	-1.969944e+00
3.067000e-05	7.628296e-02	-2.073132e+00
3.068000e-05	6.787059e-03	-2.105734e+00
3.069000e-05	-1.225192e-01	-2.243178e+00
3.070000e-05	5.176439e-02	-2.378471e+00
3.071000e-05	8.582368e-02	-2.400658e+00
3.072000e-05	-1.281598e-01	-2.516863e+00
3.073000e-05	-3.881226e-02	-2.579470e+00
3.074000e-05	8.640790e-02	-2.681208e+00
3.075000e-05	1.709147e-02	-2.777970e+00
3.076000e-05	-5.858001e-02	-2.800000e+00
3.077000e-05	-4.322138e-02	-2.864634e+00
3.078000e-05	3.048493e-02	-3.064578e+00
3.079000e-05	4.065904e-02	-3.176492e+00
3.080000e-05	-6.637405e-02	-3.150975e+00
3.081000e-05	-5.260241e-02	-3.283128e+00
3.082000e-05	6.984920e-02	-3.335962e+00
3.083000e-05	-6.456255e-03	-3.430077e+00
3.084000e-05	-5.513572e-02	-3.463758e+00
3.085000e-05	-1.007852e-02	-3.526386e+00
3.086000e-05	7.910196e-03	-3.569024e+00
3.087000e-05	6.882943e-03	-3.682154e+00
3.088000e-05	-2.313883e-02	-3.716839e+00
3.089000e-05	-3.763882e-02	-3.852159e+00
3.090000e-05	1.224791e-02	-3.935940e+00
3.091000e-05	9.115794e-03	-3.989022e+00
3.092000e-05	-3.359530e-02	-4.022627e+00
3.093000e-05	-1.899098e-02	-4.103733e+00
3.094000e-05	-2.009616e-03	-4.128993e+00
3.095000e-05	8.896944e-03	-4.220552e+00
3.096000e-05	-2.230745e-02	-4.223610e+00
3.097000e-05	-3.623774e-02	-4.336841e+00
3.098000e-05	-4.371851e-04	-4.348470e+00
3.099000e-05	4.316835e-03	-4.419999e+00
3.100000e-05	-1.797593e-02	-4.472184e+00
3.101000e-05	-2.790605e-02	-4.485262e+00
3.102000e-05	-7.939535e-03	-4.559971e+00
3.103000e-05	6.878673e-03	-4.621632e+00
3.104000e-05	-2.092723e-02	-4.704809e+00
3.105000e-05	-3.206730e-02	-4.694237e+00
3.106000e-05	-7.486335e-03	-4.756545e+00
3.107000e-05	-2.598945e-04	-4.781128e+00
3.108000e-05	-1.686207e-02	-4.883763e+00
3.109000e-05	-2.729501e-02	-4.936366e+00
3.110000e-05	-1.301333e-02	-4.969969e+00
3.111000e-05	7.791519e-04	-5.029654e+00
3.112000e-05	-2.026565e-02	-5.081129e+00
3.113000e-05	-2.895119e-02	-5.116390e+00
3.114000e-05	-1.385048e-02	-5.146942e+00
3.115000e-05	-5.190158e-03	-5.168044e+00
3.116000e-05	-1.668471e-02	-5.200527e+00
3.117000e-05	-2.880671e-02	-5.261630e+00
3.118000e-05	-1.427684e-02	-5.342311e+00
3.119000e-05	-6.976859e-03	-5.355390e+00
3.120000e-05	-1.954472e-02	-5.378514e+00
3.121000e-05	-2.929756e-02	-5.424149e+00
3.122000e-05	-1.919812e-02	-5.463279e+00
3.123000e-05	-9.921511e-03	-5.485340e+00
3.124000e-05	-1.915169e-02	-5.535464e+00
3.125000e-05	-2.802431e-02	-5.528992e+00
3.126000e-05	-2.037750e-02	-5.578445e+00
3.127000e-05	-1.198478e-02	-5.597946e+00
3.128000e-05	-2.078600e-02	-5.589501e+00
3.129000e-05	-2.798916e-02	-5.590025e+00
3.130000e-05	-2.514568e-02	-5.619501e+00
3.131000e-05	-1.708029e-02	-5.620025e+00
3.132000e-05	-2.167472e-02	-5.639001e+00
3.133000e-05	-2.969567e-02	-5.601025e+00
3.134000e-05	-2.545383e-02	-5.621553e+00
3.135000e-05	-1.907081e-02	-5.600075e+00
3.136000e-05	-2.141417e-02	-5.660101e+00
3.137000e-05	-3.132220e-02	-5.611028e+00
3.138000e-05	-2.873599e-02	-5.661649e+00
3.139000e-05	-2.287486e-02	-5.600051e+00
3.140000e-05	-2.540963e-02	-5.631104e+00
3.141000e-05	-3.236817e-02	-5.570050e+00
3.142000e-05	-3.061765e-02	-5.610550e+00
3.143000e-05	-2.385645e-02	-5.610024e+00
3.144000e-05	-2.677978e-02	-5.612074e+00
3.145000e-05	-3.180233e-02	-5.589550e+00
3.146000e-05	-3.128796e-02	-5.589522e+00
3.147000e-05	-2.506400e-02	-5.587547e+00
3.148000e-05	-2.657324e-02	-5.555922e+00
3.149000e-05	-3.188753e-02	-5.537390e+00
3.150000e-05	-3.089497e-02	-5.548892e+00
3.151000e-05	-2.551850e-02	-5.562393e+00
3.152000e-05	-2.704950e-02	-5.493254e+00
3.153000e-05	-3.078378e-02	-5.441730e+00
3.154000e-05	-2.890631e-02	-5.411199e+00
3.155000e-05	-2.443230e-02	-5.308072e+00
3.156000e-05	-2.430383e-02	-5.284834e+00
3.157000e-05	-2.795649e-02	-5.292129e+00
3.158000e-05	-2.707481e-02	-5.232554e+00
3.159000e-05	-2.370975e-02	-5.219546e+00
3.160000e-05	-2.385967e-02	-5.168974e+00
3.161000e-05	-2.678325e-02	-5.127861e+00
3.162000e-05	-2.628926e-02	-5.073788e+00
3.163000e-05	-2.193554e-02	-5.042084e+00
3.164000e-05	-2.109812e-02	-4.988451e+00
3.165000e-05	-2.306793e-02	-4.915947e+00
3.166000e-05	-2.303217e-02	-4.925340e+00
3.167000e-05	-1.940697e-02	-4.849147e+00
3.168000e-05	-1.977423e-02	-4.726942e+00
3.169000e-05	-2.112814e-02	-4.704710e+00
3.170000e-05	-2.189539e-02	-4.662237e+00
3.171000e-05	-1.857953e-02	-4.632081e+00
3.172000e-05	-1.759456e-02	-4.578547e+00
3.173000e-05	-1.989530e-02	-4.537466e+00
3.174000e-05	-1.938141e-02	-4.484735e+00
3.175000e-05	-1.633974e-02	-4.460580e+00
3.176000e-05	-1.545371e-02	-4.400502e+00
3.177000e-05	-1.612634e-02	-4.367920e+00
3.178000e-05	-1.787714e-02	-4.324837e+00
3.179000e-05	-1.528485e-02	-4.211107e+00
3.180000e-05	-1.384674e-02	-4.221002e+00
3.181000e-05	-1.536372e-02	-4.186365e+00
3.182000e-05	-1.533788e-02	-4.064209e+00
3.183000e-05	-1.431828e-02	-4.021106e+00
3.184000e-05	-1.265639e-02	-3.997996e+00
3.185000e-05	-1.291141e-02	-3.935839e+00
3.186000e-05	-1.319917e-02	-3.860681e+00
3.187000e-05	-1.193102e-02	-3.697814e+00
3.188000e-05	-1.135854e-02	-3.612685e+00
3.189000e-05	-1.205371e-02	-3.589450e+00
3.190000e-05	-1.189247e-02	-3.546370e+00
3.191000e-05	-1.197234e-02	-3.453733e+00
3.192000e-05	-1.102097e-02	-3.398549e+00
3.193000e-05	-1.114018e-02	-3.364292e+00
3.194000e-05	-1.227166e-02	-3.243683e+00
3.195000e-05	-9.405770e-03	-3.198972e+00
3.196000e-05	-8.622002e-03	-3.094766e+00
3.197000e-05	-8.966183e-03	-3.019030e+00
3.198000e-05	-1.037090e-02	-2.902760e+00
3.199000e-05	-8.573790e-03	-2.801026e+00
3.200000e-05	-8.719959e-03	-2.766917e+00
3.201000e-05	-9.607611e-03	-2.662157e+00
3.202000e-05	-1.044690e-02	-2.579446e+00
3.203000e-05	-8.449786e-03	-2.484184e+00
3.204000e-05	-8.384679e-03	-2.411528e+00
3.205000e-05	-6.804631e-03	-2.388493e+00
3.206000e-05	-7.979157e-03	-2.263763e+00
3.207000e-05	-5.921118e-03	-2.146821e+00
3.208000e-05	-6.458355e-03	-2.022605e+00
3.209000e-05	-7.428058e-03	-1.998972e+00
3.210000e-05	-7.988320e-03	-1.873793e+00
3.211000e-05	-7.665172e-03	-1.841005e+00
3.212000e-05	-6.505255e-03	-1.716447e+00
3.213000e-05	-6.458972e-03	-1.685659e+00
3.214000e-05	-6.490930e-03	-1.609449e+00
3.215000e-05	-5.658911e-03	-1.525768e+00
3.216000e-05	-4.369229e-03	-1.396368e+00
3.217000e-05	-5.453142e-03	-1.244155e+00
3.218000e-05	-6.005905e-03	-1.148947e+00
3.219000e-05	-6.543627e-03	-1.072132e+00
3.220000e-05	-3.979659e-03	-9.790273e-01
3.221000e-05	-5.431794e-03	-9.057878e-01
3.222000e-05	-6.731759e-03	-8.194775e-01
3.223000e-05	-4.487289e-03	-7.359685e-01
3.224000e-05	-4.041594e-03	-5.910788e-01
3.225000e-05	-2.474160e-03	-4.932141e-01
3.226000e-05	-4.596197e-03	-4.199499e-01
3.227000e-05	-3.246750e-03	-3.569421e-01
3.228000e-05	-3.507505e-03	-2.420826e-01
3.229000e-05	-3.515639e-03	-1.378981e-01
3.230000e-05	-2.885219e-03	-7.363646e-02
3.231000e-05	-1.731560e-03	1.050006e-02
3.232000e-05	1.844807e-04	1.035570e-01
3.233000e-05	3.394646e-04	1.984539e-01
3.234000e-05	-2.281871e-03	3.173674e-01
3.235000e-05	-6.038964e-04	4.094950e-01
3.236000e-05	-2.233799e-03	4.131317e-01
3.237000e-05	1.176578e-03	5.662673e-01
3.238000e-05	1.159761e-02	6.611805e-01
3.239000e-05	3.477392e-02	7.693661e-01
3.240000e-05	3.853336e-03	8.746293e-01
3.241000e-05	-7.473928e-02	9.690250e-01
3.242000e-05	-4.250349e-02	1.081684e+00
3.243000e-05	5.245223e-02	1.167392e+00
3.244000e-05	7.895977e-02	1.251652e+00
3.245000e-05	-8.541411e-02	1.347410e+00
3.246000e-05	1.293611e-03	1.399949e+00
3.247000e-05	9.074160e-02	1.527892e+00
3.248000e-05	-9.073534e-03	1.744357e+00
3.249000e-05	-2.675032e-02	1.714269e+00
3.250000e-05	-2.240260e-02	1.780473e+00
3.251000e-05	5.412092e-03	1.924914e+00
3.252000e-05	-2.238741e-04	1.989474e+00
3.253000e-05	6.188276e-02	2.020028e+00
3.254000e-05	-8.151899e-03	2.106313e+00
3.255000e-05	-8.905971e-02	2.210523e+00
3.256000e-05	4.991535e-02	2.295186e+00
3.257000e-05	7.913512e-02	2.377894e+00
3.258000e-05	-7.485046e-02	2.430148e+00
3.259000e-05	-3.819420e-02	2.517836e+00
3.260000e-05	6.332423e-02	2.661957e+00
3.261000e-05	4.607251e-02	2.735416e+00
3.262000e-05	-3.632492e-02	2.810049e+00
3.263000e-05	-4.806310e-02	2.885307e+00
3.264000e-05	4.443283e-02	2.967817e+00
3.265000e-05	4.032099e-02	3.031549e+00
3.266000e-05	-2.504631e-02	3.126338e+00
3.267000e-05	-3.099255e-02	3.179400e+00
3.268000e-05	4.399391e-02	3.210579e+00
3.269000e-05	1.640946e-02	3.273660e+00
3.270000e-05	-1.460865e-02	3.441974e+00
3.271000e-05	-8.890583e-03	3.556292e+00
3.272000e-05	5.566071e-03	3.599500e+00
3.273000e-05	2.532746e-02	3.630103e+00
3.274000e-05	2.898627e-03	3.695282e+00
3.275000e-05	-1.334249e-02	3.768499e+00
3.276000e-05	5.145527e-03	3.803000e+00
3.277000e-05	3.053343e-02	3.915237e+00
3.278000e-05	-2.232360e-03	3.968421e+00
3.279000e-05	-9.562493e-03	3.999501e+00
3.280000e-05	9.443244e-03	4.042602e+00
3.281000e-05	2.041549e-02	4.095811e+00
3.282000e-05	7.954067e-03	4.198553e+00
3.283000e-05	-1.012293e-02	4.317337e+00
3.284000e-05	7.405586e-03	4.377396e+00
3.285000e-05	1.833334e-02	4.370526e+00
3.286000e-05	1.203497e-02	4.421529e+00
3.287000e-05	-8.346519e-03	4.503709e+00
3.288000e-05	9.894468e-03	4.547917e+00
3.289000e-05	2.006783e-02	4.610972e+00
3.290000e-05	9.118325e-03	4.643635e+00
3.291000e-05	-4.780276e-03	4.696234e+00
3.292000e-05	8.735652e-03	4.766468e+00
3.293000e-05	2.039558e-02	4.778496e+00
3.294000e-05	9.128143e-03	4.821025e+00
3.295000e-05	6.368889e-04	4.872706e+00
3.296000e-05	7.881984e-03	4.926916e+00
3.297000e-05	2.200507e-02	5.028469e+00
3.298000e-05	1.111134e-02	5.084228e+00
3.299000e-05	2.545455e-03	5.155365e+00
3.300000e-05	9.402417e-03	5.169398e+00
3.301000e-05	1.916575e-02	5.200125e+00
3.302000e-05	1.383819e-02	5.251656e+00
3.303000e-05	2.735060e-03	5.272707e+00
3.304000e-05	1.098891e-02	5.314215e+00
3.305000e-05	1.886345e-02	5.316841e+00
3.306000e-05	1.703586e-02	5.365945e+00
3.307000e-05	8.097352e-03	5.389496e+00
3.308000e-05	1.076667e-02	5.409996e+00
3.309000e-05	2.074949e-02	5.409575e+00
3.310000e-05	1.774571e-02	5.440030e+00
3.311000e-05	1.155849e-02	5.422182e+00
3.312000e-05	1.060806e-02	5.473681e+00
3.313000e-05	2.067038e-02	5.494083e+00
3.314000e-05	1.748863e-02	5.453289e+00
3.315000e-05	1.439345e-02	5.523313e+00
3.316000e-05	1.314146e-02	5.544843e+00
3.317000e-05	2.180380e-02	5.524318e+00
3.318000e-05	2.175891e-02	5.559440e+00
3.319000e-05	1.804220e-02	5.556769e+00
3.320000e-05	1.586587e-02	5.557392e+00
3.321000e-05	2.023453e-02	5.547870e+00
3.322000e-05	2.339842e-02	5.527920e+00
3.323000e-05	1.819732e-02	5.548391e+00
3.324000e-05	1.716344e-02	5.586915e+00
3.325000e-05	2.272137e-02	5.538395e+00
3.326000e-05	2.670646e-02	5.506342e+00
3.327000e-05	2.219747e-02	5.555791e+00
3.328000e-05	2.019140e-02	5.557366e+00
3.329000e-05	2.294628e-02	5.534842e+00
3.330000e-05	2.668071e-02	5.544341e+00
3.331000e-05	2.217613e-02	5.534262e+00
3.332000e-05	1.928802e-02	5.454713e+00
3.333000e-05	2.376995e-02	5.441629e+00
3.334000e-05	2.471292e-02	5.452179e+00
3.335000e-05	2.468866e-02	5.432579e+00
3.336000e-05	1.868640e-02	5.410500e+00
3.337000e-05	2.359603e-02	5.410021e+00
3.338000e-05	2.493624e-02	5.398924e+00
3.339000e-05	2.237974e-02	5.378821e+00
3.340000e-05	1.944759e-02	5.325767e+00
3.341000e-05	1.966466e-02	5.303762e+00
3.342000e-05	2.164114e-02	5.252161e+00
3.343000e-05	2.064480e-02	5.230602e+00
3.344000e-05	1.685668e-02	5.200404e+00
3.345000e-05	1.853332e-02	5.177471e+00
3.346000e-05	2.040693e-02	5.115730e+00
3.347000e-05	1.944070e-02	5.032614e+00
3.348000e-05	1.625859e-02	5.027072e+00
3.349000e-05	1.711147e-02	4.905738e+00
3.350000e-05	1.837043e-02	4.854633e+00
3.351000e-05	1.728857e-02	4.821029e+00
3.352000e-05	1.283776e-02	4.778498e+00
3.353000e-05	1.313096e-02	4.758872e+00
3.354000e-05	1.456711e-02	4.683763e+00
3.355000e-05	1.477009e-02	4.671659e+00
3.356000e-05	1.235701e-02	4.589476e+00
3.357000e-05	1.337216e-02	4.519869e+00
3.358000e-05	1.360912e-02	4.495288e+00
3.359000e-05	1.385937e-02	4.452105e+00
3.360000e-05	9.202051e-03	4.401554e+00
3.361000e-05	1.068894e-02	4.388975e+00
3.362000e-05	1.045515e-02	4.367943e+00
3.363000e-05	1.007336e-02	4.304312e+00
3.364000e-05	8.421956e-03	4.200024e+00
3.365000e-05	8.824069e-03	4.094712e+00
3.366000e-05	1.044168e-02	4.041076e+00
3.367000e-05	9.590300e-03	3.999400e+00
3.368000e-05	8.209545e-03	3.935343e+00
3.369000e-05	7.067011e-03	3.863209e+00
3.370000e-05	7.396332e-03	3.830051e+00
3.371000e-05	7.249901e-03	3.745868e+00
3.372000e-05	6.104655e-03	3.674635e+00
3.373000e-05	5.488838e-03	3.630076e+00
3.374000e-05	6.142848e-03	3.588999e+00
3.375000e-05	6.356928e-03	3.524741e+00
3.376000e-05	5.105239e-03	3.459026e+00
3.377000e-05	4.922155e-03	3.334744e+00
3.378000e-05	5.497697e-03	3.211602e+00
3.379000e-05	5.475373e-03	3.167446e+00
3.380000e-05	3.733253e-03	3.064188e+00
3.381000e-05	2.615388e-03	3.030005e+00
3.382000e-05	2.897002e-03	2.957843e+00
3.383000e-05	4.107155e-03	2.863605e+00
3.384000e-05	2.325785e-03	2.821026e+00
3.385000e-05	2.875140e-03	2.737847e+00
3.386000e-05	2.021549e-03	2.691606e+00
3.387000e-05	3.588834e-03	2.506343e+00
3.388000e-05	1.123972e-03	2.441582e+00
3.389000e-05	2.060696e-03	2.356846e+00
3.390000e-05	1.081427e-03	2.254217e+00
3.391000e-05	1.856408e-03	2.228975e+00
3.392000e-05	4.218102e-04	2.106317e+00
3.393000e-05	-9.319933e-05	2.022079e+00
3.394000e-05	-8.532314e-04	1.979445e+00
3.395000e-05	2.995305e-04	1.903763e+00
3.396000e-05	-3.712060e-04	1.740001e+00
3.397000e-05	-2.005643e-04	1.717268e+00
3.398000e-05	-7.814405e-04	1.610024e+00
3.399000e-05	-2.382389e-04	1.528243e+00
3.400000e-05	-1.956575e-03	1.431549e+00
3.401000e-05	-1.882177e-03	1.345297e+00
3.402000e-05	-1.912784e-03	1.232681e+00
3.403000e-05	-2.208647e-03	1.147370e+00
3.404000e-05	-2.030890e-03	1.063565e+00
3.405000e-05	-1.991456e-03	9.167180e-01
3.406000e-05	-3.106179e-03	8.300289e-01
3.407000e-05	-2.115880e-03	7.473208e-01
3.408000e-05	-2.612587e-03	6.820825e-01
3.409000e-05	-2.497628e-03	5.573736e-01
3.410000e-05	-3.560369e-03	4.937078e-01
3.411000e-05	-2.947292e-03	3.894750e-01
3.412000e-05	-3.808338e-03	3.452669e-01
3.413000e-05	-3.649602e-03	2.314997e-01
3.414000e-05	-4.029358e-03	9.313664e-02
3.415000e-05	-2.968067e-03	9.976253e-03
3.416000e-05	-3.376597e-03	-9.470934e-02
3.417000e-05	-5.732003e-04	-1.479463e-01
3.418000e-05	-1.461397e-03	-2.931068e-01
3.419000e-05	-3.062159e-03	-3.263396e-01
3.420000e-05	-3.585692e-03	-4.004988e-01
3.421000e-05	-3.276303e-03	-4.646794e-01
3.422000e-05	-5.680133e-03	-5.795975e-01
3.423000e-05	4.635167e-03	-7.238071e-01
3.424000e-05	3.900281e-02	-7.694486e-01
3.425000e-05	2.607170e-03	-9.072871e-01
3.426000e-05	-8.372864e-02	-1.062804e+00
3.427000e-05	-3.739154e-02	-1.176443e+00
3.428000e-05	4.284340e-02	-1.117268e+00
3.429000e-05	7.709788e-02	-1.189020e+00
3.430000e-05	-7.727724e-02	-1.409549e+00
3.431000e-05	5.967844e-04	-1.573935e+00
3.432000e-05	9.437416e-02	-1.547817e+00
3.433000e-05	-2.775165e-02	-1.683177e+00
3.434000e-05	-4.496894e-02	-1.789543e+00
3.435000e-05	-1.658415e-03	-1.790525e+00
3.436000e-05	-1.246924e-02	-1.862157e+00
3.437000e-05	-3.518699e-02	-1.958473e+00
3.438000e-05	7.508842e-02	-2.041554e+00
3.439000e-05	8.584952e-03	-2.085412e+00
3.440000e-05	-1.253740e-01	-2.273199e+00
3.441000e-05	5.196743e-02	-2.358442e+00
3.442000e-05	8.969377e-02	-2.451080e+00
3.443000e-05	-1.270829e-01	-2.486311e+00
3.444000e-05	-4.195320e-02	-2.590445e+00
3.445000e-05	8.875304e-02	-2.653683e+00
3.446000e-05	1.743055e-02	-2.778970e+00
3.447000e-05	-6.088230e-02	-2.800027e+00
3.448000e-05	-4.501569e-02	-2.853208e+00
3.449000e-05	3.149657e-02	-3.061178e+00
3.450000e-05	4.356191e-02	-3.126441e+00
3.451000e-05	-6.488406e-02	-3.189973e+00
3.452000e-05	-5.313318e-02	-3.284628e+00
3.453000e-05	6.996654e-02	-3.357394e+00
3.454000e-05	-4.335037e-03	-3.430581e+00
3.455000e-05	-5.904408e-02	-3.474311e+00
3.456000e-05	-1.210756e-02	-3.536314e+00
3.457000e-05	6.953027e-03	-3.579523e+00
3.458000e-05	9.975734e-03	-3.662208e+00
3.459000e-05	-2.131460e-02	-3.737837e+00
3.460000e-05	-3.636090e-02	-3.821651e+00
3.461000e-05	1.204867e-02	-3.917413e+00
3.462000e-05	9.400831e-03	-3.999526e+00
3.463000e-05	-3.523388e-02	-4.032605e+00
3.464000e-05	-2.414504e-02	-4.083782e+00
3.465000e-05	-2.377191e-03	-4.157995e+00
3.466000e-05	9.953942e-03	-4.211503e+00
3.467000e-05	-1.871030e-02	-4.254707e+00
3.468000e-05	-3.719857e-02	-4.296888e+00
3.469000e-05	1.685517e-04	-4.368921e+00
3.470000e-05	4.839448e-03	-4.410076e+00
3.471000e-05	-1.951643e-02	-4.441630e+00
3.472000e-05	-3.209736e-02	-4.454691e+00
3.473000e-05	-8.546303e-03	-4.547951e+00
3.474000e-05	8.671831e-03	-4.620655e+00
3.475000e-05	-2.061241e-02	-4.704285e+00
3.476000e-05	-3.454845e-02	-4.714292e+00
3.477000e-05	-6.903613e-03	-4.746340e+00
3.478000e-05	9.751062e-04	-4.800576e+00
3.479000e-05	-1.746702e-02	-4.882860e+00
3.480000e-05	-2.746396e-02	-4.904390e+00
3.481000e-05	-1.452141e-02	-4.970546e+00
3.482000e-05	2.141926e-03	-5.031182e+00
3.483000e-05	-2.001755e-02	-5.093133e+00
3.484000e-05	-3.015370e-02	-5.105411e+00
3.485000e-05	-1.432883e-02	-5.166442e+00
3.486000e-05	-5.726156e-03	-5.169469e+00
3.487000e-05	-1.634851e-02	-5.220505e+00
3.488000e-05	-2.880091e-02	-5.251625e+00
3.489000e-05	-1.684187e-02	-5.283266e+00
3.490000e-05	-5.348858e-03	-5.317018e+00
3.491000e-05	-1.711594e-02	-5.427949e+00
3.492000e-05	-2.783073e-02	-5.422149e+00
3.493000e-05	-2.133102e-02	-5.473207e+00
3.494000e-05	-1.095504e-02	-5.504363e+00
3.495000e-05	-1.792896e-02	-5.536437e+00
3.496000e-05	-2.884911e-02	-5.556968e+00
3.497000e-05	-2.147495e-02	-5.577468e+00
3.498000e-05	-1.152372e-02	-5.568522e+00
3.499000e-05	-1.881080e-02	-5.590497e+00
3.500000e-05	-2.628149e-02	-5.599975e+00
3.501000e-05	-2.709098e-02	-5.599026e+00
3.502000e-05	-1.637721e-02	-5.600525e+00
3.503000e-05	-2.217667e-02	-5.630554e+00
3.504000e-05	-2.833656e-02	-5.600551e+00
3.505000e-05	-2.766301e-02	-5.610551e+00
3.506000e-05	-1.858453e-02	-5.620626e+00
3.507000e-05	-2.121828e-02	-5.610526e+00
3.508000e-05	-2.910899e-02	-5.630579e+00
3.509000e-05	-2.957579e-02	-5.600000e+00
3.510000e-05	-2.237755e-02	-5.620576e+00
3.511000e-05	-2.489122e-02	-5.620050e+00
3.512000e-05	-3.183267e-02	-5.600575e+00
3.513000e-05	-3.033877e-02	-5.610052e+00
3.514000e-05	-2.408660e-02	-5.610025e+00
3.515000e-05	-2.550336e-02	-5.590000e+00
3.516000e-05	-3.135357e-02	-5.599526e+00
3.517000e-05	-3.216183e-02	-5.580000e+00
3.518000e-05	-2.536463e-02	-5.577950e+00
3.519000e-05	-2.635181e-02	-5.597947e+00
3.520000e-05	-3.037005e-02	-5.558371e+00
3.521000e-05	-3.107786e-02	-5.556342e+00
3.522000e-05	-2.567643e-02	-5.507893e+00
3.523000e-05	-2.567161e-02	-5.494838e+00
3.524000e-05	-3.127795e-02	-5.464125e+00
3.525000e-05	-3.039497e-02	-5.368927e+00
3.526000e-05	-2.435269e-02	-5.357394e+00
3.527000e-05	-2.400713e-02	-5.285393e+00
3.528000e-05	-2.669604e-02	-5.292687e+00
3.529000e-05	-2.922458e-02	-5.273104e+00
3.530000e-05	-2.326177e-02	-5.209575e+00
3.531000e-05	-2.453349e-02	-5.199498e+00
3.532000e-05	-2.525946e-02	-5.147313e+00
3.533000e-05	-2.738081e-02	-5.105216e+00
3.534000e-05	-2.239826e-02	-5.051681e+00
3.535000e-05	-2.111496e-02	-5.009625e+00
3.536000e-05	-2.301194e-02	-4.978888e+00
3.537000e-05	-2.352153e-02	-4.873792e+00
3.538000e-05	-2.038080e-02	-4.812178e+00
3.539000e-05	-1.959518e-02	-4.678344e+00
3.540000e-05	-2.069213e-02	-4.726908e+00
3.541000e-05	-2.155168e-02	-4.671085e+00
3.542000e-05	-1.827864e-02	-4.641551e+00
3.543000e-05	-1.834730e-02	-4.620024e+00
3.544000e-05	-1.968511e-02	-4.546417e+00
3.545000e-05	-1.979731e-02	-4.533712e+00
3.546000e-05	-1.762577e-02	-4.421628e+00
3.547000e-05	-1.531444e-02	-4.400000e+00
3.548000e-05	-1.715635e-02	-4.357447e+00
3.549000e-05	-1.616171e-02	-4.314865e+00
3.550000e-05	-1.516609e-02	-4.242686e+00
3.551000e-05	-1.421713e-02	-4.209526e+00
3.552000e-05	-1.507075e-02	-4.139395e+00
3.553000e-05	-1.733754e-02	-4.083210e+00
3.554000e-05	-1.352737e-02	-3.991001e+00
3.555000e-05	-1.403132e-02	-3.978949e+00
3.556000e-05	-1.203955e-02	-3.945914e+00
3.557000e-05	-1.279309e-02	-3.781554e+00
3.558000e-05	-1.130468e-02	-3.705846e+00
3.559000e-05	-1.096973e-02	-3.633605e+00
3.560000e-05	-1.168203e-02	-3.599996e+00
3.561000e-05	-1.178277e-02	-3.515967e+00
3.562000e-05	-1.131084e-02	-3.480657e+00
3.563000e-05	-1.123246e-02	-3.399997e+00
3.564000e-05	-1.232625e-02	-3.294789e+00
3.565000e-05	-1.179651e-02	-3.281034e+00
3.566000e-05	-9.741111e-03	-3.198946e+00
3.567000e-05	-8.042355e-03	-3.116761e+00
3.568000e-05	-8.549727e-03	-2.967973e+00
3.569000e-05	-8.489446e-03	-2.853236e+00
3.570000e-05	-8.176632e-03	-2.810501e+00
3.571000e-05	-9.072595e-03	-2.767870e+00
3.572000e-05	-1.068928e-02	-2.694608e+00
3.573000e-05	-1.005275e-02	-2.549349e+00
3.574000e-05	-8.848401e-03	-2.494289e+00
3.575000e-05	-6.693132e-03	-2.421604e+00
3.576000e-05	-6.962222e-03	-2.376942e+00
3.577000e-05	-6.596082e-03	-2.283188e+00
3.578000e-05	-6.034338e-03	-2.146748e+00
3.579000e-05	-6.668264e-03	-2.032580e+00
3.580000e-05	-7.438769e-03	-1.989474e+00
3.581000e-05	-8.553132e-03	-1.905737e+00
3.582000e-05	-6.267100e-03	-1.840078e+00
3.583000e-05	-6.148736e-03	-1.726942e+00
3.584000e-05	-6.182493e-03	-1.673605e+00
3.585000e-05	-6.353480e-03	-1.609503e+00
3.586000e-05	-4.486246e-03	-1.522736e+00
3.587000e-05	-4.874880e-03	-1.366426e+00
3.588000e-05	-5.979081e-03	-1.270732e+00
3.589000e-05	-5.247521e-03	-1.188923e+00
3.590000e-05	-5.596205e-03	-1.053636e+00
3.591000e-05	-4.992429e-03	-9.779486e-01
3.592000e-05	-5.023481e-03	-9.262867e-01
3.593000e-05	-6.016404e-03	-8.110526e-01
3.594000e-05	-3.464333e-03	-7.463407e-01
3.595000e-05	-3.458945e-03	-6.120561e-01
3.596000e-05	-3.456427e-03	-5.032629e-01
3.597000e-05	-5.034308e-03	-4.000275e-01
3.598000e-05	-4.245614e-03	-3.473171e-01
3.599000e-05	-2.383175e-03	-2.120577e-01
3.600000e-05	-4.849050e-03	-1.598935e-01
3.601000e-05	-1.770149e-03	-8.468670e-02
3.602000e-05	-1.554385e-03	2.157382e-02
3.603000e-05	2.505306e-03	6.310815e-02
3.604000e-05	-1.603862e-03	1.885491e-01
3.605000e-05	-1.116219e-03	3.269085e-01
3.606000e-05	-1.469415e-03	3.995463e-01
3.607000e-05	-3.120995e-04	4.536079e-01
3.608000e-05	-1.868107e-04	5.259472e-01
3.609000e-05	1.181014e-02	6.221015e-01
3.610000e-05	3.394463e-02	7.673176e-01
3.611000e-05	5.336286e-03	8.636066e-01
3.612000e-05	-7.435730e-02	9.785937e-01
3.613000e-05	-4.372259e-02	1.084231e+00
3.614000e-05	5.387138e-02	1.135294e+00
3.615000e-05	7.980222e-02	1.241554e+00
3.616000e-05	-8.526040e-02	1.357420e+00
3.617000e-05	-1.357493e-03	1.391973e+00
3.618000e-05	9.039019e-02	1.555853e+00
3.619000e-05	-8.039527e-03	1.694260e+00
3.620000e-05	-2.632606e-02	1.705366e+00
3.621000e-05	-2.081636e-02	1.769526e+00
3.622000e-05	5.846902e-03	1.895835e+00
3.623000e-05	9.277487e-04	1.998974e+00
3.624000e-05	6.044549e-02	2.031025e+00
3.625000e-05	-7.278656e-03	2.145342e+00
3.626000e-05	-9.203231e-02	2.209999e+00
3.627000e-05	4.957758e-02	2.282183e+00
3.628000e-05	8.031759e-02	2.388444e+00
3.629000e-05	-7.342077e-02	2.412498e+00
3.630000e-05	-3.876316e-02	2.505290e+00
3.631000e-05	6.440645e-02	2.662632e+00
3.632000e-05	4.694029e-02	2.776918e+00
3.633000e-05	-3.506260e-02	2.819499e+00
3.634000e-05	-4.887208e-02	2.904783e+00
3.635000e-05	4.393362e-02	2.967415e+00
3.636000e-05	4.142605e-02	3.010050e+00
3.637000e-05	-2.442199e-02	3.116311e+00
3.638000e-05	-3.262555e-02	3.188472e+00
3.639000e-05	4.349174e-02	3.211000e+00
3.640000e-05	1.802460e-02	3.314713e+00
3.641000e-05	-1.461777e-02	3.370045e+00
3.642000e-05	-7.488999e-03	3.566392e+00
3.643000e-05	5.184064e-03	3.599969e+00
3.644000e-05	2.668470e-02	3.621028e+00
3.645000e-05	2.438298e-03	3.685261e+00
3.646000e-05	-1.318706e-02	3.758969e+00
3.647000e-05	3.765275e-03	3.822653e+00
3.648000e-05	3.089742e-02	3.945234e+00
3.649000e-05	-2.977421e-03	3.947950e+00
3.650000e-05	-9.180304e-03	4.019524e+00
3.651000e-05	9.941480e-03	4.021085e+00
3.652000e-05	2.185720e-02	4.065312e+00
3.653000e-05	7.809577e-03	4.179400e+00
3.654000e-05	-8.938894e-03	4.294237e+00
3.655000e-05	6.552899e-03	4.366992e+00
3.656000e-05	1.722825e-02	4.400525e+00
3.657000e-05	1.089456e-02	4.421602e+00
3.658000e-05	-6.621512e-03	4.513686e+00
3.659000e-05	9.544968e-03	4.537467e+00
3.660000e-05	2.076744e-02	4.589449e+00
3.661000e-05	8.563842e-03	4.642182e+00
3.662000e-05	-2.197393e-03	4.725261e+00
3.663000e-05	7.323496e-03	4.745895e+00
3.664000e-05	1.991044e-02	4.799996e+00
3.665000e-05	7.729490e-03	4.780604e+00
3.666000e-05	4.424087e-04	4.853656e+00
3.667000e-05	7.096447e-03	4.926513e+00
3.668000e-05	2.083603e-02	4.989995e+00
3.669000e-05	1.183624e-02	5.052633e+00
3.670000e-05	3.789588e-03	5.117317e+00
3.671000e-05	8.816489e-03	5.157045e+00
3.672000e-05	1.881430e-02	5.220551e+00
3.673000e-05	1.343903e-02	5.271081e+00
3.674000e-05	3.952950e-03	5.241734e+00
3.675000e-05	1.120091e-02	5.324787e+00
3.676000e-05	1.766322e-02	5.327391e+00
3.677000e-05	1.586350e-02	5.366970e+00
3.678000e-05	6.872297e-03	5.390047e+00
3.679000e-05	1.178923e-02	5.399028e+00
3.680000e-05	2.020682e-02	5.390125e+00
3.681000e-05	1.654451e-02	5.431551e+00
3.682000e-05	1.052790e-02	5.411130e+00
3.683000e-05	1.279375e-02	5.483257e+00
3.684000e-05	1.970733e-02	5.484260e+00
3.685000e-05	1.761295e-02	5.503708e+00
3.686000e-05	1.311852e-02	5.558442e+00
3.687000e-05	1.411502e-02	5.546242e+00
3.688000e-05	2.201653e-02	5.515840e+00
3.689000e-05	2.025128e-02	5.575866e+00
3.690000e-05	1.599568e-02	5.537317e+00
3.691000e-05	1.696002e-02	5.567895e+00
3.692000e-05	2.141724e-02	5.529346e+00
3.693000e-05	2.271599e-02	5.557418e+00
3.694000e-05	1.792997e-02	5.537420e+00
3.695000e-05	1.965417e-02	5.535871e+00
3.696000e-05	2.312604e-02	5.546837e+00
3.697000e-05	2.356236e-02	5.534373e+00
3.698000e-05	1.990216e-02	5.566462e+00
3.699000e-05	2.024007e-02	5.526867e+00
3.700000e-05	2.518549e-02	5.526243e+00
3.701000e-05	2.432638e-02	5.466317e+00
3.702000e-05	2.312032e-02	5.494786e+00
3.703000e-05	2.043080e-02	5.494712e+00
3.704000e-05	2.498406e-02	5.473704e+00
3.705000e-05	2.388782e-02	5.453654e+00
3.706000e-05	2.116395e-02	5.442108e+00
3.707000e-05	2.134143e-02	5.420103e+00
3.708000e-05	2.397191e-02	5.391576e+00
3.709000e-05	2.492422e-02	5.390969e+00
3.710000e-05	2.094582e-02	5.357349e+00
3.711000e-05	2.084916e-02	5.334442e+00
3.712000e-05	2.130588e-02	5.305739e+00
3.713000e-05	2.092957e-02	5.253656e+00
3.714000e-05	1.882200e-02	5.261555e+00
3.715000e-05	1.830256e-02	5.189000e+00
3.716000e-05	2.022059e-02	5.166896e+00
3.717000e-05	2.068942e-02	5.117892e+00
3.718000e-05	1.682439e-02	5.041583e+00
3.719000e-05	1.656223e-02	4.948501e+00
3.720000e-05	1.794189e-02	4.927338e+00
3.721000e-05	1.809068e-02	4.874187e+00
3.722000e-05	1.586827e-02	4.791578e+00
3.723000e-05	1.454824e-02	4.799428e+00
3.724000e-05	1.474988e-02	4.757447e+00
3.725000e-05	1.453959e-02	4.695239e+00
3.726000e-05	1.293875e-02	4.652633e+00
3.727000e-05	1.199289e-02	4.591577e+00
3.728000e-05	1.402427e-02	4.558345e+00
3.729000e-05	1.373277e-02	4.495714e+00
3.730000e-05	1.235514e-02	4.492609e+00
3.731000e-05	1.038052e-02	4.411051e+00
3.732000e-05	1.139225e-02	4.389451e+00
3.733000e-05	1.144066e-02	4.347420e+00
3.734000e-05	8.514158e-03	4.313263e+00
3.735000e-05	8.764692e-03	4.198076e+00
3.736000e-05	7.995578e-03	4.076709e+00
3.737000e-05	9.559620e-03	4.041551e+00
3.738000e-05	7.627669e-03	3.958498e+00
3.739000e-05	7.602551e-03	3.957396e+00
3.740000e-05	7.257865e-03	3.884287e+00
3.741000e-05	8.549663e-03	3.810054e+00
3.742000e-05	6.882070e-03	3.737969e+00
3.743000e-05	6.423336e-03	3.683587e+00
3.744000e-05	4.951838e-03	3.620054e+00
3.745000e-05	5.924747e-03	3.579949e+00
3.746000e-05	3.922650e-03	3.523860e+00
3.747000e-05	3.749915e-03	3.450575e+00
3.748000e-05	3.641986e-03	3.294237e+00
3.749000e-05	6.599156e-03	3.211054e+00
3.750000e-05	5.407875e-03	3.177946e+00
3.751000e-05	4.860827e-03	3.114215e+00
3.752000e-05	2.779954e-03	3.030551e+00
3.753000e-05	5.084809e-03	2.936817e+00
3.754000e-05	1.862154e-03	2.863157e+00
3.755000e-05	2.317288e-03	2.811553e+00
3.756000e-05	7.284552e-04	2.788420e+00
3.757000e-05	3.398111e-03	2.661158e+00
3.758000e-05	3.147972e-03	2.485717e+00
3.759000e-05	2.969440e-03	2.391003e+00
3.760000e-05	2.218966e-03	2.377345e+00
3.761000e-05	2.813553e-03	2.253638e+00
3.762000e-05	1.197257e-03	2.200476e+00
3.763000e-05	2.008064e-03	2.084763e+00
3.764000e-05	-2.236401e-03	2.022155e+00
3.765000e-05	1.371851e-03	2.009475e+00
3.766000e-05	-5.528653e-05	1.924762e+00
3.767000e-05	6.584807e-04	1.787447e+00
3.768000e-05	-4.502712e-04	1.663762e+00
3.769000e-05	1.811977e-04	1.651055e+00
3.770000e-05	-2.024045e-04	1.498342e+00
3.771000e-05	4.271401e-04	1.490576e+00
3.772000e-05	-2.133317e-03	1.347818e+00
3.773000e-05	1.132778e-04	1.271110e+00
3.774000e-05	-1.393201e-03	1.190498e+00
3.775000e-05	-7.380116e-04	1.082690e+00
3.776000e-05	-2.777246e-03	8.848132e-01
3.777000e-05	-1.899361e-03	8.305550e-01
3.778000e-05	-2.471284e-03	7.584670e-01
3.779000e-05	-1.795755e-03	6.625814e-01
3.780000e-05	-2.706733e-03	5.673459e-01
3.781000e-05	-2.211140e-03	4.637092e-01
3.782000e-05	-1.942684e-03	4.099775e-01
3.783000e-05	-2.326164e-03	3.643132e-01
3.784000e-05	-4.707780e-03	1.784750e-01
3.785000e-05	-3.406748e-03	4.565908e-02
3.786000e-05	-3.538454e-03	-2.952639e-02
3.787000e-05	-2.642252e-03	-1.152580e-01
3.788000e-05	-7.386971e-04	-1.579212e-01
3.789000e-05	-5.144876e-04	-2.411818e-01
3.790000e-05	-1.682791e-03	-3.478447e-01
3.791000e-05	-3.208107e-03	-3.895526e-01
3.792000e-05	-4.783861e-03	-4.642344e-01
3.793000e-05	-3.734749e-03	-6.074462e-01
3.794000e-05	4.439786e-03	-7.058597e-01
3.795000e-05	3.883243e-02	-8.098963e-01
3.796000e-05	1.577825e-03	-9.062860e-01
3.797000e-05	-8.214772e-02	-1.074205e+00
3.798000e-05	-3.945956e-02	-1.146969e+00
3.799000e-05	4.117125e-02	-1.107313e+00
3.800000e-05	7.754568e-02	-1.159448e+00
3.801000e-05	-7.651466e-02	-1.410099e+00
3.802000e-05	3.030534e-04	-1.566441e+00
3.803000e-05	9.432267e-02	-1.557342e+00
3.804000e-05	-2.746689e-02	-1.641681e+00
3.805000e-05	-4.586495e-02	-1.799020e+00
3.806000e-05	-2.832778e-03	-1.790026e+00
3.807000e-05	-1.122548e-02	-1.892133e+00
3.808000e-05	-3.674649e-02	-1.979050e+00
3.809000e-05	7.467109e-02	-2.062104e+00
3.810000e-05	1.136479e-02	-2.105811e+00
3.811000e-05	-1.261830e-01	-2.241754e+00
3.812000e-05	4.977210e-02	-2.369996e+00
3.813000e-05	9.079243e-02	-2.431603e+00
3.814000e-05	-1.251465e-01	-2.504914e+00
3.815000e-05	-4.366422e-02	-2.580046e+00
3.816000e-05	8.788688e-02	-2.653182e+00
3.817000e-05	1.680087e-02	-2.766944e+00
3.818000e-05	-5.970069e-02	-2.801025e+00
3.819000e-05	-4.624248e-02	-2.854737e+00
3.820000e-05	2.983823e-02	-3.041152e+00
3.821000e-05	4.462926e-02	-3.165846e+00
3.822000e-05	-6.285872e-02	-3.188972e+00
3.823000e-05	-5.326822e-02	-3.270738e+00
3.824000e-05	6.912379e-02	-3.348418e+00
3.825000e-05	-3.276918e-03	-3.430599e+00
3.826000e-05	-5.881568e-02	-3.475284e+00
3.827000e-05	-1.216329e-02	-3.516767e+00
3.828000e-05	6.115892e-03	-3.599570e+00
3.829000e-05	1.012339e-02	-3.663129e+00
3.830000e-05	-2.049762e-02	-3.705863e+00
3.831000e-05	-3.499826e-02	-3.843674e+00
3.832000e-05	1.177876e-02	-3.937462e+00
3.833000e-05	1.073350e-02	-3.988472e+00
3.834000e-05	-3.445568e-02	-4.042079e+00
3.835000e-05	-2.196579e-02	-4.114740e+00
3.836000e-05	-2.297996e-03	-4.167393e+00
3.837000e-05	9.324878e-03	-4.208550e+00
3.838000e-05	-1.901675e-02	-4.234107e+00
3.839000e-05	-3.575559e-02	-4.347392e+00
3.840000e-05	-6.009022e-04	-4.367996e+00
3.841000e-05	5.733542e-03	-4.390550e+00
3.842000e-05	-1.844963e-02	-4.443652e+00
3.843000e-05	-3.110927e-02	-4.505761e+00
3.844000e-05	-7.741869e-03	-4.566963e+00
3.845000e-05	7.634690e-03	-4.691634e+00
3.846000e-05	-2.047538e-02	-4.654259e+00
3.847000e-05	-3.534291e-02	-4.684259e+00
3.848000e-05	-6.243760e-03	-4.736922e+00
3.849000e-05	1.432253e-03	-4.820151e+00
3.850000e-05	-1.584744e-02	-4.916233e+00
3.851000e-05	-2.823080e-02	-4.958340e+00
3.852000e-05	-1.518417e-02	-4.988500e+00
3.853000e-05	3.430015e-04	-5.030573e+00
3.854000e-05	-2.001982e-02	-5.082229e+00
3.855000e-05	-2.937922e-02	-5.114735e+00
3.856000e-05	-1.400518e-02	-5.177468e+00
3.857000e-05	-5.734163e-03	-5.168970e+00
3.858000e-05	-1.634205e-02	-5.220124e+00
3.859000e-05	-2.921519e-02	-5.232231e+00
3.860000e-05	-1.734292e-02	-5.276836e+00
3.861000e-05	-7.696417e-03	-5.363852e+00
3.862000e-05	-1.851829e-02	-5.389072e+00
3.863000e-05	-2.766024e-02	-5.451128e+00
3.864000e-05	-2.004179e-02	-5.451680e+00
3.865000e-05	-1.082076e-02	-5.505367e+00
3.866000e-05	-1.834691e-02	-5.506892e+00
3.867000e-05	-2.927316e-02	-5.565968e+00
3.868000e-05	-2.281292e-02	-5.538445e+00
3.869000e-05	-1.436238e-02	-5.587945e+00
3.870000e-05	-2.010195e-02	-5.589547e+00
3.871000e-05	-2.733362e-02	-5.589999e+00
3.872000e-05	-2.458227e-02	-5.610500e+00
3.873000e-05	-1.803723e-02	-5.611000e+00
3.874000e-05	-2.121162e-02	-5.599626e+00
3.875000e-05	-2.933015e-02	-5.620525e+00
3.876000e-05	-2.690956e-02	-5.599626e+00
3.877000e-05	-2.202797e-02	-5.611050e+00
3.878000e-05	-2.175493e-02	-5.631028e+00
3.879000e-05	-3.047157e-02	-5.621078e+00
3.880000e-05	-2.832617e-02	-5.600576e+00
3.881000e-05	-2.342971e-02	-5.611601e+00
3.882000e-05	-2.254069e-02	-5.611053e+00
3.883000e-05	-3.239368e-02	-5.621076e+00
3.884000e-05	-2.943328e-02	-5.620551e+00
3.885000e-05	-2.617817e-02	-5.620549e+00
3.886000e-05	-2.467578e-02	-5.590051e+00
3.887000e-05	-3.271837e-02	-5.600025e+00
3.888000e-05	-3.056391e-02	-5.599021e+00
3.889000e-05	-2.717882e-02	-5.599472e+00
3.890000e-05	-2.561144e-02	-5.578999e+00
3.891000e-05	-3.102841e-02	-5.549422e+00
3.892000e-05	-2.943700e-02	-5.526888e+00
3.893000e-05	-2.619272e-02	-5.514313e+00
3.894000e-05	-2.537006e-02	-5.474782e+00
3.895000e-05	-3.058836e-02	-5.441739e+00
3.896000e-05	-2.977163e-02	-5.390572e+00
3.897000e-05	-2.642231e-02	-5.415994e+00
3.898000e-05	-2.423791e-02	-5.305861e+00
3.899000e-05	-2.865960e-02	-5.252213e+00
3.900000e-05	-2.708192e-02	-5.212602e+00
3.901000e-05	-2.363603e-02	-5.209575e+00
3.902000e-05	-2.202942e-02	-5.158498e+00
3.903000e-05	-2.523945e-02	-5.157362e+00
3.904000e-05	-2.547462e-02	-5.083688e+00
3.905000e-05	-2.230150e-02	-5.032706e+00
3.906000e-05	-2.137480e-02	-4.970530e+00
3.907000e-05	-2.376658e-02	-4.968868e+00
3.908000e-05	-2.378586e-02	-4.883817e+00
3.909000e-05	-2.050821e-02	-4.820603e+00
3.910000e-05	-1.915546e-02	-4.727826e+00
3.911000e-05	-2.054159e-02	-4.684859e+00
3.912000e-05	-2.195254e-02	-4.703110e+00
3.913000e-05	-1.836872e-02	-4.620601e+00
3.914000e-05	-1.765018e-02	-4.598476e+00
3.915000e-05	-1.938095e-02	-4.536867e+00
3.916000e-05	-1.902631e-02	-4.483688e+00
3.917000e-05	-1.838859e-02	-4.422580e+00
3.918000e-05	-1.566957e-02	-4.409523e+00
3.919000e-05	-1.769188e-02	-4.348972e+00
3.920000e-05	-1.739681e-02	-4.316315e+00
3.921000e-05	-1.534153e-02	-4.239132e+00
3.922000e-05	-1.465283e-02	-4.200550e+00
3.923000e-05	-1.412109e-02	-4.137417e+00
3.924000e-05	-1.542540e-02	-4.063713e+00
3.925000e-05	-1.410954e-02	-4.021055e+00
3.926000e-05	-1.481807e-02	-3.997974e+00
3.927000e-05	-1.334888e-02	-3.945339e+00
3.928000e-05	-1.478969e-02	-3.851077e+00
3.929000e-05	-1.398465e-02	-3.703915e+00
3.930000e-05	-1.227623e-02	-3.620658e+00
3.931000e-05	-1.076111e-02	-3.598474e+00
3.932000e-05	-1.150443e-02	-3.536293e+00
3.933000e-05	-1.042466e-02	-3.473708e+00
3.934000e-05	-1.055349e-02	-3.398551e+00
3.935000e-05	-1.156129e-02	-3.304288e+00
3.936000e-05	-1.195356e-02	-3.241479e+00
3.937000e-05	-1.278906e-02	-3.198974e+00
3.938000e-05	-9.298156e-03	-3.115714e+00
3.939000e-05	-9.402610e-03	-2.979473e+00
3.940000e-05	-7.914307e-03	-2.852689e+00
3.941000e-05	-9.485357e-03	-2.802000e+00
3.942000e-05	-7.754688e-03	-2.746917e+00
3.943000e-05	-8.814023e-03	-2.664084e+00
3.944000e-05	-9.138563e-03	-2.548470e+00
3.945000e-05	-9.785781e-03	-2.505209e+00
3.946000e-05	-9.196425e-03	-2.431055e+00
3.947000e-05	-7.197941e-03	-2.388420e+00
3.948000e-05	-6.873366e-03	-2.273183e+00
3.949000e-05	-5.438092e-03	-2.198867e+00
3.950000e-05	-7.119711e-03	-2.030558e+00
3.951000e-05	-6.373564e-03	-1.958999e+00
3.952000e-05	-7.023890e-03	-1.875238e+00
3.953000e-05	-7.254494e-03	-1.811053e+00
3.954000e-05	-6.604567e-03	-1.746345e+00
3.955000e-05	-5.843291e-03	-1.631659e+00
3.956000e-05	-5.273004e-03	-1.600025e+00
3.957000e-05	-5.295922e-03	-1.484312e+00
3.958000e-05	-5.658252e-03	-1.377344e+00
3.959000e-05	-4.607725e-03	-1.213085e+00
3.960000e-05	-5.558587e-03	-1.187971e+00
3.961000e-05	-4.908373e-03	-1.032684e+00
3.962000e-05	-4.685821e-03	-9.793986e-01
3.963000e-05	-4.807789e-03	-8.852642e-01
3.964000e-05	-2.860352e-03	-8.200286e-01
3.965000e-05	-5.227757e-03	-7.373671e-01
3.966000e-05	-3.452701e-03	-6.596289e-01
3.967000e-05	-3.804977e-03	-4.856630e-01
3.968000e-05	-2.054383e-03	-4.190050e-01
3.969000e-05	-4.188253e-03	-3.458682e-01
3.970000e-05	-4.350483e-03	-2.826839e-01
3.971000e-05	-3.797802e-03	-1.868973e-01
3.972000e-05	-1.251795e-03	-6.423414e-02
3.973000e-05	-1.206284e-03	3.149882e-02
3.974000e-05	3.386000e-04	4.370690e-02
3.975000e-05	-1.225808e-03	2.093688e-01
3.976000e-05	9.638792e-04	3.153920e-01
3.977000e-05	-9.568389e-04	3.884451e-01
3.978000e-05	-3.052148e-03	4.416341e-01
3.979000e-05	-7.242451e-04	5.263421e-01
3.980000e-05	1.403915e-02	6.220790e-01
3.981000e-05	3.537293e-02	7.689172e-01
3.982000e-05	4.816352e-03	8.526354e-01
3.983000e-05	-7.481606e-02	9.190465e-01
3.984000e-05	-4.311575e-02	1.032130e+00
3.985000e-05	5.267749e-02	1.146971e+00
3.986000e-05	7.793706e-02	1.242080e+00
3.987000e-05	-8.530489e-02	1.336893e+00
3.988000e-05	-1.101693e-03	1.389474e+00
3.989000e-05	9.124230e-02	1.536366e+00
3.990000e-05	-7.752005e-03	1.704282e+00
3.991000e-05	-2.797307e-02	1.676845e+00
3.992000e-05	-2.136024e-02	1.788900e+00
3.993000e-05	7.393246e-03	1.895290e+00
3.994000e-05	-1.517709e-03	1.999917e+00
3.995000e-05	5.988942e-02	2.011528e+00
3.996000e-05	-4.868529e-03	2.127290e+00
3.997000e-05	-9.033690e-02	2.200475e+00
3.998000e-05	4.719998e-02	2.262681e+00
3.999000e-05	8.037251e-02	2.377941e+00
4.000000e-05	-7.313790e-02	2.421027e+00
4.001000e-05	-3.958191e-02	2.493817e+00
4.002000e-05	6.319455e-02	2.642157e+00
4.003000e-05	4.630272e-02	2.746843e+00
4.004000e-05	-3.329346e-02	2.800605e+00
4.005000e-05	-4.867665e-02	2.884308e+00
4.006000e-05	4.399340e-02	2.958972e+00
4.007000e-05	4.041971e-02	3.001026e+00
4.008000e-05	-2.388409e-02	3.126813e+00
4.009000e-05	-3.259648e-02	3.188972e+00
4.010000e-05	4.324910e-02	3.201027e+00
4.011000e-05	1.707146e-02	3.262658e+00
4.012000e-05	-1.422600e-02	3.420127e+00
4.013000e-05	-7.222052e-03	3.533867e+00
4.014000e-05	5.242470e-03	3.598998e+00
4.015000e-05	2.605796e-02	3.641050e+00
4.016000e-05	3.292844e-03	3.654286e+00
4.017000e-05	-1.315483e-02	3.798469e+00
4.018000e-05	4.238964e-03	3.812103e+00
4.019000e-05	2.915623e-02	3.875662e+00
4.020000e-05	-1.573031e-03	3.978942e+00
4.021000e-05	-8.339560e-03	4.000525e+00
4.022000e-05	8.958188e-03	4.061629e+00
4.023000e-05	2.187251e-02	4.066715e+00
4.024000e-05	7.557133e-03	4.158545e+00
4.025000e-05	-7.863583e-03	4.283337e+00
4.026000e-05	7.674948e-03	4.378494e+00
4.027000e-05	1.781251e-02	4.410000e+00
4.028000e-05	1.135397e-02	4.473104e+00
4.029000e-05	-8.308548e-03	4.464188e+00
4.030000e-05	9.969414e-03	4.567416e+00
4.031000e-05	1.960512e-02	4.588098e+00
4.032000e-05	8.609210e-03	4.643107e+00
4.033000e-05	-3.622098e-03	4.735262e+00
4.034000e-05	9.226475e-03	4.737862e+00
4.035000e-05	2.176975e-02	4.779495e+00
4.036000e-05	8.594692e-03	4.830550e+00
4.037000e-05	6.380298e-04	4.854165e+00
4.038000e-05	7.596541e-03	4.926891e+00
4.039000e-05	2.100196e-02	5.020551e+00
4.040000e-05	1.026734e-02	5.020707e+00
4.041000e-05	1.043840e-03	5.164318e+00
4.042000e-05	1.082288e-02	5.158916e+00
4.043000e-05	1.999541e-02	5.219528e+00
4.044000e-05	1.383550e-02	5.221553e+00
4.045000e-05	2.741665e-03	5.264736e+00
4.046000e-05	1.167247e-02	5.305211e+00
4.047000e-05	1.844300e-02	5.356391e+00
4.048000e-05	1.492617e-02	5.357924e+00
4.049000e-05	6.279545e-03	5.358975e+00
4.050000e-05	1.258002e-02	5.389076e+00
4.051000e-05	2.036202e-02	5.410998e+00
4.052000e-05	1.648973e-02	5.452653e+00
4.053000e-05	8.521392e-03	5.503127e+00
4.054000e-05	1.247297e-02	5.463209e+00
4.055000e-05	2.130733e-02	5.503236e+00
4.056000e-05	1.842168e-02	5.494333e+00
4.057000e-05	1.225300e-02	5.515337e+00
4.058000e-05	1.385415e-02	5.524416e+00
4.059000e-05	2.061163e-02	5.545889e+00
4.060000e-05	2.099455e-02	5.497341e+00
4.061000e-05	1.409635e-02	5.566440e+00
4.062000e-05	1.687317e-02	5.535920e+00
4.063000e-05	2.167798e-02	5.556921e+00
4.064000e-05	2.428868e-02	5.535842e+00
4.065000e-05	1.659923e-02	5.567471e+00
4.066000e-05	1.899488e-02	5.556392e+00
4.067000e-05	2.272192e-02	5.517892e+00
4.068000e-05	2.457334e-02	5.546943e+00
4.069000e-05	1.967238e-02	5.556868e+00
4.070000e-05	2.013497e-02	5.575863e+00
4.071000e-05	2.330519e-02	5.505363e+00
4.072000e-05	2.557419e-02	5.495763e+00
4.073000e-05	2.169387e-02	5.486333e+00
4.074000e-05	2.212860e-02	5.474687e+00
4.075000e-05	2.347086e-02	5.462655e+00
4.076000e-05	2.580052e-02	5.423157e+00
4.077000e-05	2.167680e-02	5.443152e+00
4.078000e-05	2.060632e-02	5.402054e+00
4.079000e-05	2.291130e-02	5.399025e+00
4.080000e-05	2.402288e-02	5.378949e+00
4.081000e-05	2.167614e-02	5.379419e+00
4.082000e-05	2.021735e-02	5.305942e+00
4.083000e-05	2.090985e-02	5.335314e+00
4.084000e-05	2.180788e-02	5.302660e+00
4.085000e-05	1.948328e-02	5.220653e+00
4.086000e-05	1.859882e-02	5.189601e+00
4.087000e-05	1.918660e-02	5.136470e+00
4.088000e-05	1.993009e-02	5.077865e+00
4.089000e-05	1.789518e-02	5.042210e+00
4.090000e-05	1.584979e-02	5.019503e+00
4.091000e-05	1.758296e-02	4.897263e+00
4.092000e-05	1.692435e-02	4.863731e+00
4.093000e-05	1.746872e-02	4.821654e+00
4.094000e-05	1.295838e-02	4.769550e+00
4.095000e-05	1.616996e-02	4.758316e+00
4.096000e-05	1.540411e-02	4.715364e+00
4.097000e-05	1.556188e-02	4.705156e+00
4.098000e-05	1.120048e-02	4.600476e+00
4.099000e-05	1.262838e-02	4.576817e+00
4.100000e-05	1.258385e-02	4.502839e+00
4.101000e-05	1.125798e-02	4.443633e+00
4.102000e-05	9.553689e-03	4.401056e+00
4.103000e-05	1.160937e-02	4.390026e+00
4.104000e-05	1.363658e-02	4.376895e+00
4.105000e-05	1.059924e-02	4.273291e+00
4.106000e-05	9.868841e-03	4.179399e+00
4.107000e-05	6.370997e-03	4.125238e+00
4.108000e-05	9.453811e-03	4.031079e+00
4.109000e-05	6.364036e-03	3.990451e+00
4.110000e-05	6.798184e-03	3.935291e+00
4.111000e-05	6.804923e-03	3.864684e+00
4.112000e-05	8.785172e-03	3.831605e+00
4.113000e-05	8.262623e-03	3.767395e+00
4.114000e-05	6.145063e-03	3.693212e+00
4.115000e-05	5.176997e-03	3.611578e+00
4.116000e-05	4.589517e-03	3.588498e+00
4.117000e-05	5.187320e-03	3.515269e+00
4.118000e-05	3.403638e-03	3.420474e+00
4.119000e-05	4.177559e-03	3.285792e+00
4.120000e-05	5.165579e-03	3.212578e+00
4.121000e-05	6.253712e-03	3.167422e+00
4.122000e-05	4.164082e-03	3.113767e+00
4.123000e-05	2.455707e-03	3.000555e+00
4.124000e-05	2.497780e-03	2.956368e+00
4.125000e-05	2.881956e-03	2.882735e+00
4.126000e-05	1.366212e-03	2.801524e+00
4.127000e-05	1.518130e-03	2.757870e+00
4.128000e-05	3.245854e-03	2.653136e+00
4.129000e-05	4.834020e-03	2.515242e+00
4.130000e-05	2.409412e-03	2.402550e+00
4.131000e-05	7.712374e-04	2.357322e+00
4.132000e-05	1.247706e-03	2.274160e+00
4.133000e-05	-2.270580e-04	2.199501e+00
4.134000e-05	-3.341286e-05	2.126240e+00
4.135000e-05	-1.686660e-03	2.021583e+00
4.136000e-05	1.683040e-03	1.999449e+00
4.137000e-05	1.723863e-03	1.916763e+00
4.138000e-05	1.054904e-03	1.759448e+00
4.139000e-05	-8.552994e-04	1.727762e+00
4.140000e-05	-1.998119e-04	1.609504e+00
4.141000e-05	-1.242083e-03	1.509246e+00
4.142000e-05	-1.589413e-03	1.430506e+00
4.143000e-05	-2.027357e-03	1.327845e+00
4.144000e-05	6.288908e-05	1.281635e+00
4.145000e-05	-1.132956e-03	1.179445e+00
4.146000e-05	-4.686972e-04	1.081529e+00
4.147000e-05	-1.849540e-03	9.356867e-01
4.148000e-05	-1.454247e-03	8.105039e-01
4.149000e-05	-2.840614e-03	7.373932e-01
4.150000e-05	-3.923096e-03	6.717090e-01
4.151000e-05	-2.555537e-03	5.878972e-01
4.152000e-05	-2.522550e-03	4.841103e-01
4.153000e-05	-1.929662e-03	4.300025e-01
4.154000e-05	-1.905371e-03	3.463182e-01
4.155000e-05	-3.573114e-03	1.904799e-01
4.156000e-05	-2.273453e-03	6.461396e-02
4.157000e-05	-3.955503e-03	-1.057513e-02
4.158000e-05	-2.410586e-03	-8.470691e-02
4.159000e-05	-1.423245e-03	-2.074199e-01
4.160000e-05	-9.987382e-04	-2.405567e-01
4.161000e-05	-1.977894e-03	-3.073898e-01
4.162000e-05	-3.080210e-03	-4.000212e-01
4.163000e-05	-2.921426e-03	-4.827857e-01
4.164000e-05	-3.910765e-03	-5.684461e-01
4.165000e-05	5.457112e-03	-7.032922e-01
4.166000e-05	3.871646e-02	-7.809988e-01
4.167000e-05	2.004523e-03	-9.162609e-01
4.168000e-05	-8.068900e-02	-1.072231e+00
4.169000e-05	-4.085188e-02	-1.146918e+00
4.170000e-05	4.147108e-02	-1.107790e+00
4.171000e-05	7.795979e-02	-1.158920e+00
4.172000e-05	-7.592855e-02	-1.399600e+00
4.173000e-05	-3.944567e-04	-1.547942e+00
4.174000e-05	9.484789e-02	-1.546871e+00
4.175000e-05	-2.554113e-02	-1.673578e+00
4.176000e-05	-4.515659e-02	-1.790046e+00
4.177000e-05	-3.702068e-03	-1.819500e+00
4.178000e-05	-9.455062e-03	-1.872632e+00
4.179000e-05	-3.828424e-02	-1.988494e+00
4.180000e-05	7.378413e-02	-2.050132e+00
4.181000e-05	1.300196e-02	-2.086212e+00
4.182000e-05	-1.265862e-01	-2.270657e+00
4.183000e-05	4.790426e-02	-2.370498e+00
4.184000e-05	9.222935e-02	-2.431602e+00
4.185000e-05	-1.245154e-01	-2.537337e+00
4.186000e-05	-4.367448e-02	-2.577974e+00
4.187000e-05	8.792463e-02	-2.643583e+00
4.188000e-05	1.955790e-02	-2.757944e+00
4.189000e-05	-6.031823e-02	-2.800025e+00
4.190000e-05	-4.725166e-02	-2.883709e+00
4.191000e-05	2.889741e-02	-3.014202e+00
4.192000e-05	4.234059e-02	-3.145894e+00
4.193000e-05	-6.233264e-02	-3.200025e+00
4.194000e-05	-5.428967e-02	-3.292656e+00
4.195000e-05	7.117368e-02	-3.387343e+00
4.196000e-05	-1.550973e-03	-3.379104e+00
4.197000e-05	-5.895216e-02	-3.485209e+00
4.198000e-05	-1.325856e-02	-3.515312e+00
4.199000e-05	5.224817e-03	-3.578995e+00
4.200000e-05	7.343398e-03	-3.642179e+00
4.201000e-05	-2.108159e-02	-3.726315e+00
4.202000e-05	-3.600118e-02	-3.881729e+00
4.203000e-05	1.305848e-02	-3.958995e+00
4.204000e-05	1.204479e-02	-3.998520e+00
4.205000e-05	-3.241937e-02	-4.050608e+00
4.206000e-05	-2.424268e-02	-4.064735e+00
4.207000e-05	-2.727993e-03	-4.137947e+00
4.208000e-05	7.283110e-03	-4.199524e+00
4.209000e-05	-1.854162e-02	-4.272154e+00
4.210000e-05	-3.801661e-02	-4.306365e+00
4.211000e-05	-1.182211e-04	-4.388995e+00
4.212000e-05	6.417410e-03	-4.399525e+00
4.213000e-05	-1.763652e-02	-4.452105e+00
4.214000e-05	-3.068680e-02	-4.536362e+00
4.215000e-05	-9.246131e-03	-4.568075e+00
4.216000e-05	7.471592e-03	-4.672653e+00
4.217000e-05	-1.992647e-02	-4.653204e+00
4.218000e-05	-3.477565e-02	-4.726339e+00
4.219000e-05	-6.143558e-03	-4.737894e+00
4.220000e-05	1.732201e-03	-4.780551e+00
4.221000e-05	-1.680871e-02	-4.874759e+00
4.222000e-05	-2.727095e-02	-4.897890e+00
4.223000e-05	-1.505999e-02	-4.947950e+00
4.224000e-05	1.480220e-03	-5.011002e+00
4.225000e-05	-1.988336e-02	-5.052230e+00
4.226000e-05	-2.826392e-02	-5.103790e+00
4.227000e-05	-1.356679e-02	-5.148470e+00
4.228000e-05	-5.702227e-03	-5.180021e+00
4.229000e-05	-1.567650e-02	-5.210079e+00
4.230000e-05	-2.872585e-02	-5.241133e+00
4.231000e-05	-1.716661e-02	-5.283231e+00
4.232000e-05	-8.224721e-03	-5.366391e+00
4.233000e-05	-1.828743e-02	-5.379020e+00
4.234000e-05	-2.666916e-02	-5.472598e+00
4.235000e-05	-1.983622e-02	-5.493737e+00
4.236000e-05	-1.013652e-02	-5.474842e+00
4.237000e-05	-1.908356e-02	-5.536865e+00
4.238000e-05	-2.714230e-02	-5.579471e+00
4.239000e-05	-2.271132e-02	-5.578450e+00
4.240000e-05	-1.562824e-02	-5.609499e+00
4.241000e-05	-2.040150e-02	-5.589999e+00
4.242000e-05	-2.583195e-02	-5.600024e+00
4.243000e-05	-2.542598e-02	-5.600024e+00
4.244000e-05	-1.815969e-02	-5.599526e+00
4.245000e-05	-2.150202e-02	-5.610551e+00
4.246000e-05	-2.737645e-02	-5.600602e+00
4.247000e-05	-2.840552e-02	-5.629575e+00
4.248000e-05	-2.150311e-02	-5.611651e+00
4.249000e-05	-2.366831e-02	-5.601600e+00
4.250000e-05	-2.862089e-02	-5.601077e+00
4.251000e-05	-2.905529e-02	-5.620553e+00
4.252000e-05	-2.446398e-02	-5.620601e+00
4.253000e-05	-2.487916e-02	-5.621130e+00
4.254000e-05	-3.070925e-02	-5.611100e+00
4.255000e-05	-3.083796e-02	-5.600076e+00
4.256000e-05	-2.616834e-02	-5.609576e+00
4.257000e-05	-2.725614e-02	-5.620076e+00
4.258000e-05	-3.078976e-02	-5.620549e+00
4.259000e-05	-3.179998e-02	-5.599476e+00
4.260000e-05	-2.686538e-02	-5.598499e+00
4.261000e-05	-2.708246e-02	-5.539520e+00
4.262000e-05	-3.030581e-02	-5.578422e+00
4.263000e-05	-3.008633e-02	-5.485972e+00
4.264000e-05	-2.758902e-02	-5.556867e+00
4.265000e-05	-2.595651e-02	-5.517187e+00
4.266000e-05	-2.902323e-02	-5.481661e+00
4.267000e-05	-2.967276e-02	-5.369700e+00
4.268000e-05	-2.692428e-02	-5.368997e+00
4.269000e-05	-2.484089e-02	-5.326366e+00
4.270000e-05	-2.699572e-02	-5.313230e+00
4.271000e-05	-2.718196e-02	-5.231079e+00
4.272000e-05	-2.480554e-02	-5.221075e+00
4.273000e-05	-2.193034e-02	-5.197424e+00
4.274000e-05	-2.588754e-02	-5.146841e+00
4.275000e-05	-2.525416e-02	-5.103313e+00
4.276000e-05	-2.345718e-02	-5.021607e+00
4.277000e-05	-2.145329e-02	-4.980501e+00
4.278000e-05	-2.375128e-02	-4.956573e+00
4.279000e-05	-2.317109e-02	-4.926388e+00
4.280000e-05	-2.018420e-02	-4.783109e+00
4.281000e-05	-1.879527e-02	-4.785995e+00
4.282000e-05	-2.106987e-02	-4.692761e+00
4.283000e-05	-2.148526e-02	-4.674710e+00
4.284000e-05	-1.858877e-02	-4.632104e+00
4.285000e-05	-1.783068e-02	-4.600022e+00
4.286000e-05	-1.914825e-02	-4.524845e+00
4.287000e-05	-1.945650e-02	-4.464784e+00
4.288000e-05	-1.724982e-02	-4.400125e+00
4.289000e-05	-1.593120e-02	-4.399526e+00
4.290000e-05	-1.632052e-02	-4.366922e+00
4.291000e-05	-1.745460e-02	-4.305367e+00
4.292000e-05	-1.453008e-02	-4.271684e+00
4.293000e-05	-1.468482e-02	-4.189526e+00
4.294000e-05	-1.340509e-02	-4.106345e+00
4.295000e-05	-1.426402e-02	-4.085710e+00
4.296000e-05	-1.488196e-02	-4.001601e+00
4.297000e-05	-1.393237e-02	-3.989049e+00
4.298000e-05	-1.438142e-02	-3.913865e+00
4.299000e-05	-1.279531e-02	-3.820078e+00
4.300000e-05	-1.235596e-02	-3.735391e+00
4.301000e-05	-1.125971e-02	-3.623661e+00
4.302000e-05	-1.112039e-02	-3.589999e+00
4.303000e-05	-1.145201e-02	-3.566846e+00
4.304000e-05	-1.063998e-02	-3.473709e+00
4.305000e-05	-1.038323e-02	-3.398951e+00
4.306000e-05	-1.165342e-02	-3.325813e+00
4.307000e-05	-1.103486e-02	-3.231631e+00
4.308000e-05	-1.123532e-02	-3.220074e+00
4.309000e-05	-8.498395e-03	-3.085366e+00
4.310000e-05	-1.078075e-02	-3.041079e+00
4.311000e-05	-8.393316e-03	-2.845613e+00
4.312000e-05	-8.952278e-03	-2.810979e+00
4.313000e-05	-8.677998e-03	-2.796839e+00
4.314000e-05	-1.043229e-02	-2.681635e+00
4.315000e-05	-8.044204e-03	-2.588897e+00
4.316000e-05	-8.675572e-03	-2.514713e+00
4.317000e-05	-8.783868e-03	-2.411053e+00
4.318000e-05	-7.371635e-03	-2.387971e+00
4.319000e-05	-7.356644e-03	-2.312688e+00
4.320000e-05	-7.270355e-03	-2.138340e+00
4.321000e-05	-7.166221e-03	-2.042130e+00
4.322000e-05	-7.198157e-03	-1.978947e+00
4.323000e-05	-6.738814e-03	-1.875264e+00
4.324000e-05	-6.315115e-03	-1.810580e+00
4.325000e-05	-6.882844e-03	-1.746871e+00
4.326000e-05	-6.090467e-03	-1.671688e+00
4.327000e-05	-6.489999e-03	-1.599524e+00
4.328000e-05	-4.331809e-03	-1.532838e+00
4.329000e-05	-5.779411e-03	-1.326918e+00
4.330000e-05	-4.888034e-03	-1.262613e+00
4.331000e-05	-5.830611e-03	-1.108546e+00
4.332000e-05	-3.908134e-03	-1.062581e+00
4.333000e-05	-5.782698e-03	-9.794522e-01
4.334000e-05	-4.926166e-03	-8.752891e-01
4.335000e-05	-4.337455e-03	-8.200026e-01
4.336000e-05	-3.132547e-03	-7.588921e-01
4.337000e-05	-4.206175e-03	-6.011313e-01
4.338000e-05	-3.505326e-03	-4.957143e-01
4.339000e-05	-3.816412e-03	-4.005012e-01
4.340000e-05	-3.293552e-03	-3.048882e-01
4.341000e-05	-3.949526e-03	-2.005327e-01
4.342000e-05	-2.480998e-03	-2.089237e-01
4.343000e-05	-2.255961e-03	-8.463646e-02
4.344000e-05	5.033563e-04	9.976849e-04
4.345000e-05	2.799693e-04	6.318035e-02
4.346000e-05	2.230102e-04	1.994701e-01
4.347000e-05	-5.091231e-04	3.343099e-01
4.348000e-05	-1.363511e-03	3.999462e-01
4.349000e-05	-2.179624e-03	4.620855e-01
4.350000e-05	1.106313e-03	5.378684e-01
4.351000e-05	1.218989e-02	6.305742e-01
4.352000e-05	3.617555e-02	7.378411e-01
4.353000e-05	5.197683e-03	8.916017e-01
4.354000e-05	-7.264038e-02	9.880451e-01
4.355000e-05	-4.470484e-02	1.083259e+00
4.356000e-05	5.224305e-02	1.157362e+00
4.357000e-05	8.090504e-02	1.261702e+00
4.358000e-05	-8.401130e-02	1.365940e+00
4.359000e-05	-3.341257e-03	1.399451e+00
4.360000e-05	9.018229e-02	1.576844e+00
4.361000e-05	-6.151518e-03	1.742885e+00
4.362000e-05	-2.678450e-02	1.676262e+00
4.363000e-05	-2.160357e-02	1.758974e+00
4.364000e-05	8.368134e-03	1.915838e+00
4.365000e-05	-1.968985e-03	1.998999e+00
4.366000e-05	6.134598e-02	2.020527e+00
4.367000e-05	-3.911575e-03	2.136816e+00
4.368000e-05	-9.121964e-02	2.230023e+00
4.369000e-05	4.652480e-02	2.252661e+00
4.370000e-05	8.105296e-02	2.346391e+00
4.371000e-05	-7.130133e-02	2.411100e+00
4.372000e-05	-4.156787e-02	2.455741e+00
4.373000e-05	6.201526e-02	2.640658e+00
4.374000e-05	4.607437e-02	2.746417e+00
4.375000e-05	-3.346952e-02	2.820498e+00
4.376000e-05	-4.962220e-02	2.894807e+00
4.377000e-05	4.232373e-02	2.978494e+00
4.378000e-05	4.232429e-02	3.010579e+00
4.379000e-05	-2.486081e-02	3.095717e+00
4.380000e-05	-3.267593e-02	3.188999e+00
4.381000e-05	4.115585e-02	3.221524e+00
4.382000e-05	1.780721e-02	3.262736e+00
4.383000e-05	-1.566916e-02	3.421525e+00
4.384000e-05	-8.285814e-03	3.544865e+00
4.385000e-05	5.591301e-03	3.599496e+00
4.386000e-05	2.706723e-02	3.630550e+00
4.387000e-05	5.086225e-03	3.733787e+00
4.388000e-05	-1.264568e-02	3.778941e+00
4.389000e-05	2.153720e-03	3.833081e+00
4.390000e-05	2.945931e-02	3.914733e+00
4.391000e-05	-2.790015e-03	3.966866e+00
4.392000e-05	-8.431318e-03	4.010500e+00
4.393000e-05	8.770160e-03	4.050552e+00
4.394000e-05	2.255469e-02	4.056809e+00
4.395000e-05	8.943972e-03	4.189074e+00
4.396000e-05	-1.000295e-02	4.295185e+00
4.397000e-05	7.445334e-03	4.378497e+00
4.398000e-05	1.647192e-02	4.389001e+00
4.399000e-05	1.198134e-02	4.431103e+00
4.400000e-05	-8.241504e-03	4.493159e+00
4.401000e-05	1.027616e-02	4.538392e+00
4.402000e-05	2.036601e-02	4.599026e+00
4.403000e-05	9.606263e-03	4.632226e+00
4.404000e-05	-3.939082e-03	4.683186e+00
4.405000e-05	8.391214e-03	4.747345e+00
4.406000e-05	2.049539e-02	4.799473e+00
4.407000e-05	9.944816e-03	4.811000e+00
4.408000e-05	1.125114e-03	4.861653e+00
4.409000e-05	8.099757e-03	4.917789e+00
4.410000e-05	2.094898e-02	4.980447e+00
4.411000e-05	1.067718e-02	5.080731e+00
4.412000e-05	1.166424e-03	5.137384e+00
4.413000e-05	8.875689e-03	5.186943e+00
4.414000e-05	1.969988e-02	5.200974e+00
4.415000e-05	1.494753e-02	5.222103e+00
4.416000e-05	4.910589e-03	5.282681e+00
4.417000e-05	1.172049e-02	5.296761e+00
4.418000e-05	1.970584e-02	5.287340e+00
4.419000e-05	1.480423e-02	5.368922e+00
4.420000e-05	5.793505e-03	5.389471e+00
4.421000e-05	1.005840e-02	5.389504e+00
4.422000e-05	2.044052e-02	5.391550e+00
4.423000e-05	1.696114e-02	5.412080e+00
4.424000e-05	1.125468e-02	5.491601e+00
4.425000e-05	1.230122e-02	5.452635e+00
4.426000e-05	2.157507e-02	5.493188e+00
4.427000e-05	1.822068e-02	5.472787e+00
4.428000e-05	1.250010e-02	5.483363e+00
4.429000e-05	1.308801e-02	5.535817e+00
4.430000e-05	2.143152e-02	5.536342e+00
4.431000e-05	1.917855e-02	5.516842e+00
4.432000e-05	1.669551e-02	5.567416e+00
4.433000e-05	1.677320e-02	5.517418e+00
4.434000e-05	2.345675e-02	5.536416e+00
4.435000e-05	2.316821e-02	5.577415e+00
4.436000e-05	1.852167e-02	5.567792e+00
4.437000e-05	1.819047e-02	5.496893e+00
4.438000e-05	2.230133e-02	5.547393e+00
4.439000e-05	2.260448e-02	5.557317e+00
4.440000e-05	2.045174e-02	5.527942e+00
4.441000e-05	1.994838e-02	5.534787e+00
4.442000e-05	2.434519e-02	5.566263e+00
4.443000e-05	2.499249e-02	5.514289e+00
4.444000e-05	2.252821e-02	5.515219e+00
4.445000e-05	2.034663e-02	5.505158e+00
4.446000e-05	2.309134e-02	5.484162e+00
4.447000e-05	2.342026e-02	5.443630e+00
4.448000e-05	2.233332e-02	5.452129e+00
4.449000e-05	2.048749e-02	5.432580e+00
4.450000e-05	2.164403e-02	5.420525e+00
4.451000e-05	2.348802e-02	5.367997e+00
4.452000e-05	2.176152e-02	5.387946e+00
4.453000e-05	2.017409e-02	5.334918e+00
4.454000e-05	2.056547e-02	5.306690e+00
4.455000e-05	2.109606e-02	5.283157e+00
4.456000e-05	2.048426e-02	5.262079e+00
4.457000e-05	1.837991e-02	5.219474e+00
4.458000e-05	1.875038e-02	5.127947e+00
4.459000e-05	1.920040e-02	5.116717e+00
4.460000e-05	1.739426e-02	5.054203e+00
4.461000e-05	1.605948e-02	5.019497e+00
4.462000e-05	1.783458e-02	4.948241e+00
4.463000e-05	1.768688e-02	4.864158e+00
4.464000e-05	1.651440e-02	4.821151e+00
4.465000e-05	1.476495e-02	4.779480e+00
4.466000e-05	1.460313e-02	4.788374e+00
4.467000e-05	1.383678e-02	4.715309e+00
4.468000e-05	1.339704e-02	4.671659e+00
4.469000e-05	1.296450e-02	4.660527e+00
4.470000e-05	1.275566e-02	4.588897e+00
4.471000e-05	1.384045e-02	4.525764e+00
4.472000e-05	1.191229e-02	4.462579e+00
4.473000e-05	1.179214e-02	4.421079e+00
4.474000e-05	1.098241e-02	4.379474e+00
4.475000e-05	1.055822e-02	4.337388e+00
4.476000e-05	1.036479e-02	4.323689e+00
4.477000e-05	9.026875e-03	4.240551e+00
4.478000e-05	9.617014e-03	4.113209e+00
4.479000e-05	8.564662e-03	4.043553e+00
4.480000e-05	7.735830e-03	3.968972e+00
4.481000e-05	9.532714e-03	3.956291e+00
4.482000e-05	6.989089e-03	3.893686e+00
4.483000e-05	7.838349e-03	3.790552e+00
4.484000e-05	6.240246e-03	3.758344e+00
4.485000e-05	6.535647e-03	3.714164e+00
4.486000e-05	6.996889e-03	3.620608e+00
4.487000e-05	5.025744e-03	3.579448e+00
4.488000e-05	5.632477e-03	3.524866e+00
4.489000e-05	5.286246e-03	3.389153e+00
4.490000e-05	4.086003e-03	3.276186e+00
4.491000e-05	4.410067e-03	3.241580e+00
4.492000e-05	2.736845e-03	3.178447e+00
4.493000e-05	4.959609e-03	3.093742e+00
4.494000e-05	2.919209e-03	3.030055e+00
4.495000e-05	3.910208e-03	2.927348e+00
4.496000e-05	2.447880e-03	2.873681e+00
4.497000e-05	3.455131e-03	2.810072e+00
4.498000e-05	2.608668e-03	2.737846e+00
4.499000e-05	2.613858e-03	2.675210e+00
4.500000e-05	6.809270e-04	2.495246e+00
4.501000e-05	1.639125e-03	2.432581e+00
4.502000e-05	1.811145e-03	2.337946e+00
4.503000e-05	1.340295e-03	2.272213e+00
4.504000e-05	8.139772e-04	2.189024e+00
4.505000e-05	4.974966e-04	2.095814e+00
4.506000e-05	1.632884e-03	2.022053e+00
4.507000e-05	2.523590e-04	1.999446e+00
4.508000e-05	-6.098110e-04	1.894792e+00
4.509000e-05	-7.259602e-04	1.800952e+00
4.510000e-05	2.319366e-04	1.686263e+00
4.511000e-05	-1.709766e-03	1.610054e+00
4.512000e-05	-1.354933e-03	1.526772e+00
4.513000e-05	-5.982309e-04	1.483555e+00
4.514000e-05	3.312955e-04	1.357871e+00
4.515000e-05	-1.318411e-03	1.242134e+00
4.516000e-05	-2.141510e-03	1.138897e+00
4.517000e-05	-2.324664e-03	1.031634e+00
4.518000e-05	-1.802171e-03	8.958178e-01
4.519000e-05	-2.161288e-03	7.995513e-01
4.520000e-05	-3.069923e-03	7.463933e-01
4.521000e-05	-2.545593e-03	6.335567e-01
4.522000e-05	-1.753764e-03	5.884208e-01
4.523000e-05	-2.894169e-03	4.642116e-01
4.524000e-05	-3.380982e-03	4.005249e-01
4.525000e-05	-3.459702e-03	3.452908e-01
4.526000e-05	-2.581837e-03	1.596324e-01
4.527000e-05	-3.519078e-03	6.463776e-02
4.528000e-05	-3.146306e-03	3.000118e-02
4.529000e-05	-2.968621e-03	-9.468441e-02
4.530000e-05	-9.069770e-04	-1.384397e-01
4.531000e-05	-1.904019e-03	-2.516066e-01
4.532000e-05	-2.547209e-03	-3.267886e-01
4.533000e-05	-3.428565e-03	-3.914476e-01
4.534000e-05	-2.426011e-03	-4.932369e-01
4.535000e-05	-4.260642e-03	-5.785726e-01
4.536000e-05	5.357506e-03	-6.827546e-01
4.537000e-05	3.873147e-02	-7.694263e-01
4.538000e-05	3.788155e-03	-8.953109e-01
4.539000e-05	-8.097192e-02	-1.092709e+00
4.540000e-05	-4.147111e-02	-1.156991e+00
4.541000e-05	4.005256e-02	-1.106766e+00
4.542000e-05	7.877525e-02	-1.188445e+00
4.543000e-05	-7.538857e-02	-1.429653e+00
4.544000e-05	-1.490087e-03	-1.567867e+00
4.545000e-05	9.545732e-02	-1.566847e+00
4.546000e-05	-2.345029e-02	-1.662107e+00
4.547000e-05	-4.646378e-02	-1.808472e+00
4.548000e-05	-4.466540e-03	-1.801575e+00
4.549000e-05	-8.996075e-03	-1.863130e+00
4.550000e-05	-3.833422e-02	-1.968469e+00
4.551000e-05	7.367667e-02	-2.011104e+00
4.552000e-05	1.355566e-02	-2.064717e+00
4.553000e-05	-1.270001e-01	-2.272156e+00
4.554000e-05	4.834459e-02	-2.378521e+00
4.555000e-05	9.357969e-02	-2.431530e+00
4.556000e-05	-1.231317e-01	-2.516942e+00
4.557000e-05	-4.700747e-02	-2.609973e+00
4.558000e-05	8.962913e-02	-2.642682e+00
4.559000e-05	1.784004e-02	-2.768942e+00
4.560000e-05	-5.959330e-02	-2.799500e+00
4.561000e-05	-4.746875e-02	-2.843662e+00
4.562000e-05	2.895463e-02	-3.023182e+00
4.563000e-05	4.497383e-02	-3.146894e+00
4.564000e-05	-6.193903e-02	-3.179001e+00
4.565000e-05	-5.569652e-02	-3.252131e+00
4.566000e-05	6.859823e-02	-3.346941e+00
4.567000e-05	-5.196152e-04	-3.410054e+00
4.568000e-05	-5.924833e-02	-3.473240e+00
4.569000e-05	-1.138438e-02	-3.497342e+00
4.570000e-05	5.998615e-03	-3.599998e+00
4.571000e-05	6.930241e-03	-3.661658e+00
4.572000e-05	-2.147255e-02	-3.715841e+00
4.573000e-05	-3.533063e-02	-3.792826e+00
4.574000e-05	1.112519e-02	-3.946940e+00
4.575000e-05	1.049392e-02	-3.981024e+00
4.576000e-05	-3.433214e-02	-4.041107e+00
4.577000e-05	-2.201245e-02	-4.055237e+00
4.578000e-05	-3.052471e-03	-4.167993e+00
4.579000e-05	7.680502e-03	-4.210552e+00
4.580000e-05	-1.749502e-02	-4.224783e+00
4.581000e-05	-3.694735e-02	-4.326418e+00
4.582000e-05	-1.083120e-03	-4.368445e+00
4.583000e-05	3.606010e-03	-4.420999e+00
4.584000e-05	-1.834629e-02	-4.450680e+00
4.585000e-05	-3.034316e-02	-4.465332e+00
4.586000e-05	-9.129044e-03	-4.536894e+00
4.587000e-05	8.147238e-03	-4.652583e+00
4.588000e-05	-1.821581e-02	-4.673256e+00
4.589000e-05	-3.478901e-02	-4.685688e+00
4.590000e-05	-7.682820e-03	-4.768069e+00
4.591000e-05	3.980540e-04	-4.819149e+00
4.592000e-05	-1.745626e-02	-4.883757e+00
4.593000e-05	-2.704495e-02	-4.917916e+00
4.594000e-05	-1.547815e-02	-4.978950e+00
4.595000e-05	2.288487e-03	-5.020575e+00
4.596000e-05	-1.974005e-02	-5.064207e+00
4.597000e-05	-2.932510e-02	-5.106363e+00
4.598000e-05	-1.455601e-02	-5.117419e+00
4.599000e-05	-5.541123e-03	-5.168945e+00
4.600000e-05	-1.667494e-02	-5.202028e+00
4.601000e-05	-2.913340e-02	-5.223181e+00
4.602000e-05	-1.797321e-02	-5.313233e+00
4.603000e-05	-7.478237e-03	-5.318966e+00
4.604000e-05	-1.721957e-02	-5.368099e+00
4.605000e-05	-2.873307e-02	-5.372659e+00
4.606000e-05	-2.062533e-02	-5.443687e+00
4.607000e-05	-1.086522e-02	-5.452865e+00
4.608000e-05	-1.709095e-02	-5.537815e+00
4.609000e-05	-2.882632e-02	-5.566446e+00
4.610000e-05	-2.243383e-02	-5.568449e+00
4.611000e-05	-1.344642e-02	-5.579499e+00
4.612000e-05	-1.916462e-02	-5.598975e+00
4.613000e-05	-2.794852e-02	-5.589526e+00
4.614000e-05	-2.560517e-02	-5.590050e+00
4.615000e-05	-1.772702e-02	-5.619026e+00
4.616000e-05	-1.982114e-02	-5.611100e+00
4.617000e-05	-2.933204e-02	-5.620523e+00
4.618000e-05	-2.714856e-02	-5.621077e+00
4.619000e-05	-2.004660e-02	-5.620503e+00
4.620000e-05	-2.156670e-02	-5.620129e+00
4.621000e-05	-3.102179e-02	-5.640601e+00
4.622000e-05	-3.015162e-02	-5.619053e+00
4.623000e-05	-2.354957e-02	-5.622025e+00
4.624000e-05	-2.429009e-02	-5.620603e+00
4.625000e-05	-3.158572e-02	-5.620051e+00
4.626000e-05	-3.079070e-02	-5.621553e+00
4.627000e-05	-2.497537e-02	-5.600576e+00
4.628000e-05	-2.478383e-02	-5.590576e+00
4.629000e-05	-3.144088e-02	-5.598974e+00
4.630000e-05	-3.186329e-02	-5.589500e+00
4.631000e-05	-2.746852e-02	-5.559475e+00
4.632000e-05	-2.745786e-02	-5.578949e+00
4.633000e-05	-3.125894e-02	-5.567943e+00
4.634000e-05	-3.141353e-02	-5.536468e+00
4.635000e-05	-2.640073e-02	-5.525414e+00
4.636000e-05	-2.520130e-02	-5.545854e+00
4.637000e-05	-2.939777e-02	-5.463214e+00
4.638000e-05	-2.974129e-02	-5.369474e+00
4.639000e-05	-2.642281e-02	-5.297096e+00
4.640000e-05	-2.530077e-02	-5.296741e+00
4.641000e-05	-2.826621e-02	-5.253831e+00
4.642000e-05	-2.829499e-02	-5.221177e+00
4.643000e-05	-2.501234e-02	-5.170024e+00
4.644000e-05	-2.215158e-02	-5.179992e+00
4.645000e-05	-2.549803e-02	-5.127386e+00
4.646000e-05	-2.535993e-02	-5.096259e+00
4.647000e-05	-2.367126e-02	-5.032060e+00
4.648000e-05	-2.194978e-02	-5.001579e+00
4.649000e-05	-2.298871e-02	-4.948996e+00
4.650000e-05	-2.440592e-02	-4.922737e+00
4.651000e-05	-2.120555e-02	-4.834604e+00
4.652000e-05	-1.947713e-02	-4.737972e+00
4.653000e-05	-2.072253e-02	-4.743606e+00
4.654000e-05	-2.045595e-02	-4.652705e+00
4.655000e-05	-1.973074e-02	-4.621058e+00
4.656000e-05	-1.781238e-02	-4.609500e+00
4.657000e-05	-1.852210e-02	-4.537418e+00
4.658000e-05	-1.962628e-02	-4.485787e+00
4.659000e-05	-1.703662e-02	-4.421629e+00
4.660000e-05	-1.679281e-02	-4.400025e+00
4.661000e-05	-1.594175e-02	-4.377424e+00
4.662000e-05	-1.792747e-02	-4.305288e+00
4.663000e-05	-1.667394e-02	-4.272628e+00
4.664000e-05	-1.436624e-02	-4.189524e+00
4.665000e-05	-1.440592e-02	-4.166942e+00
4.666000e-05	-1.466647e-02	-4.063187e+00
4.667000e-05	-1.416046e-02	-4.021079e+00
4.668000e-05	-1.345307e-02	-3.967971e+00
4.669000e-05	-1.413019e-02	-3.926318e+00
4.670000e-05	-1.425459e-02	-3.830578e+00
4.671000e-05	-1.315240e-02	-3.757922e+00
4.672000e-05	-1.194812e-02	-3.652154e+00
4.673000e-05	-1.080047e-02	-3.589475e+00
4.674000e-05	-1.090330e-02	-3.556867e+00
4.675000e-05	-1.142938e-02	-3.463133e+00
4.676000e-05	-1.036046e-02	-3.399000e+00
4.677000e-05	-1.073731e-02	-3.326790e+00
4.678000e-05	-1.157328e-02	-3.211608e+00
4.679000e-05	-1.166258e-02	-3.200477e+00
4.680000e-05	-9.902873e-03	-3.127839e+00
4.681000e-05	-7.953503e-03	-3.002596e+00
4.682000e-05	-8.593694e-03	-2.874185e+00
4.683000e-05	-8.063657e-03	-2.810021e+00
4.684000e-05	-8.789793e-03	-2.747923e+00
4.685000e-05	-8.275213e-03	-2.682763e+00
4.686000e-05	-9.279429e-03	-2.609524e+00
4.687000e-05	-9.118704e-03	-2.494787e+00
4.688000e-05	-7.636230e-03	-2.392078e+00
4.689000e-05	-7.008584e-03	-2.378492e+00
4.690000e-05	-6.508812e-03	-2.284762e+00
4.691000e-05	-6.165774e-03	-2.139918e+00
4.692000e-05	-6.767049e-03	-2.033034e+00
4.693000e-05	-6.864071e-03	-1.989497e+00
4.694000e-05	-7.749981e-03	-1.894714e+00
4.695000e-05	-7.389897e-03	-1.802605e+00
4.696000e-05	-6.354895e-03	-1.737442e+00
4.697000e-05	-5.410441e-03	-1.665136e+00
4.698000e-05	-5.465661e-03	-1.589476e+00
4.699000e-05	-5.583078e-03	-1.516767e+00
4.700000e-05	-3.714046e-03	-1.374801e+00
4.701000e-05	-4.598674e-03	-1.243109e+00
4.702000e-05	-5.880721e-03	-1.148420e+00
4.703000e-05	-7.002004e-03	-1.042160e+00
4.704000e-05	-5.649894e-03	-1.000444e+00
4.705000e-05	-4.237337e-03	-8.943141e-01
4.706000e-05	-4.740865e-03	-8.220264e-01
4.707000e-05	-3.348159e-03	-7.574207e-01
4.708000e-05	-3.353810e-03	-6.105051e-01
4.709000e-05	-7.049516e-04	-4.741866e-01
4.710000e-05	-4.283960e-03	-4.195276e-01
4.711000e-05	-5.221294e-03	-3.383647e-01
4.712000e-05	-5.174621e-03	-2.610566e-01
4.713000e-05	-2.709156e-03	-1.669747e-01
4.714000e-05	-3.042365e-03	-7.363777e-02
4.715000e-05	-1.194381e-03	-1.047487e-02
4.716000e-05	1.541379e-03	5.413677e-02
4.717000e-05	2.825986e-03	1.385214e-01
4.718000e-05	-2.002586e-03	3.072636e-01
4.719000e-05	-2.102829e-03	3.884726e-01
4.720000e-05	-3.300392e-03	4.620567e-01
4.721000e-05	2.680709e-03	5.268661e-01
4.722000e-05	1.048734e-02	6.125040e-01
4.723000e-05	3.373251e-02	7.378685e-01
4.724000e-05	6.871690e-03	8.431304e-01
4.725000e-05	-7.090527e-02	1.007353e+00
4.726000e-05	-4.594689e-02	1.073209e+00
4.727000e-05	4.933148e-02	1.137839e+00
4.728000e-05	8.128613e-02	1.263129e+00
4.729000e-05	-8.410504e-02	1.338367e+00
4.730000e-05	-5.233928e-03	1.379970e+00
4.731000e-05	8.940882e-02	1.535816e+00
4.732000e-05	-5.071996e-03	1.726907e+00
4.733000e-05	-2.581712e-02	1.746265e+00
4.734000e-05	-2.135260e-02	1.749500e+00
4.735000e-05	6.033762e-03	1.924361e+00
4.736000e-05	-2.767887e-03	1.999469e+00
4.737000e-05	6.245438e-02	2.021029e+00
4.738000e-05	-2.594850e-03	2.124362e+00
4.739000e-05	-9.162226e-02	2.200523e+00
4.740000e-05	4.538638e-02	2.263709e+00
4.741000e-05	8.344744e-02	2.358444e+00
4.742000e-05	-7.115351e-02	2.441050e+00
4.743000e-05	-4.248393e-02	2.485168e+00
4.744000e-05	6.058933e-02	2.662649e+00
4.745000e-05	4.788191e-02	2.767390e+00
4.746000e-05	-3.040682e-02	2.840050e+00
4.747000e-05	-4.891591e-02	2.852161e+00
4.748000e-05	4.119311e-02	2.948365e+00
4.749000e-05	4.401635e-02	3.000978e+00
4.750000e-05	-2.222209e-02	3.105766e+00
4.751000e-05	-3.373426e-02	3.188471e+00
4.752000e-05	3.968160e-02	3.211503e+00
4.753000e-05	1.892613e-02	3.305211e+00
4.754000e-05	-1.397331e-02	3.431029e+00
4.755000e-05	-8.718561e-03	3.543858e+00
4.756000e-05	4.045696e-03	3.608499e+00
4.757000e-05	2.707033e-02	3.630028e+00
4.758000e-05	4.942101e-03	3.695812e+00
4.759000e-05	-1.277688e-02	3.777919e+00
4.760000e-05	1.861816e-03	3.851053e+00
4.761000e-05	3.050597e-02	3.935761e+00
4.762000e-05	-7.008659e-05	3.948898e+00
4.763000e-05	-9.356748e-03	3.980025e+00
4.764000e-05	7.194881e-03	4.051555e+00
4.765000e-05	2.203025e-02	4.176838e+00
4.766000e-05	8.124932e-03	4.168890e+00
4.767000e-05	-9.238089e-03	4.276763e+00
4.768000e-05	6.480932e-03	4.377971e+00
4.769000e-05	1.872096e-02	4.389976e+00
4.770000e-05	1.216545e-02	4.462127e+00
4.771000e-05	-8.284627e-03	4.465212e+00
4.772000e-05	8.249839e-03	4.517395e+00
4.773000e-05	1.934009e-02	4.589519e+00
4.774000e-05	8.606785e-03	4.653604e+00
4.775000e-05	-4.025829e-03	4.716409e+00
4.776000e-05	7.909576e-03	4.716944e+00
4.777000e-05	2.139899e-02	4.778973e+00
4.778000e-05	9.127687e-03	4.811025e+00
4.779000e-05	3.971875e-04	4.853712e+00
4.780000e-05	6.909288e-03	4.926863e+00
4.781000e-05	2.051619e-02	5.019004e+00
4.782000e-05	1.159871e-02	5.043179e+00
4.783000e-05	1.221651e-03	5.125391e+00
4.784000e-05	9.335263e-03	5.188995e+00
4.785000e-05	1.876739e-02	5.213000e+00
4.786000e-05	1.437474e-02	5.254132e+00
4.787000e-05	3.546875e-03	5.263657e+00
4.788000e-05	1.120341e-02	5.264287e+00
4.789000e-05	1.842826e-02	5.317839e+00
4.790000e-05	1.579066e-02	5.326396e+00
4.791000e-05	6.391871e-03	5.368521e+00
4.792000e-05	1.068660e-02	5.378974e+00
4.793000e-05	1.996494e-02	5.421555e+00
4.794000e-05	1.724125e-02	5.422026e+00
4.795000e-05	9.683667e-03	5.472656e+00
4.796000e-05	1.271711e-02	5.451607e+00
4.797000e-05	2.126623e-02	5.464282e+00
4.798000e-05	1.870866e-02	5.464788e+00
4.799000e-05	1.170708e-02	5.503287e+00
4.800000e-05	1.422492e-02	5.515839e+00
4.801000e-05	2.120528e-02	5.546891e+00
4.802000e-05	2.079939e-02	5.566341e+00
4.803000e-05	1.551073e-02	5.547892e+00
4.804000e-05	1.725176e-02	5.528365e+00
4.805000e-05	2.208107e-02	5.566442e+00
4.806000e-05	2.375902e-02	5.497889e+00
4.807000e-05	1.806963e-02	5.557821e+00
4.808000e-05	1.898871e-02	5.547393e+00
4.809000e-05	2.403409e-02	5.557968e+00
4.810000e-05	2.436111e-02	5.536862e+00
4.811000e-05	1.957050e-02	5.515443e+00
4.812000e-05	1.990448e-02	5.505767e+00
4.813000e-05	2.492094e-02	5.504837e+00
4.814000e-05	2.442657e-02	5.525738e+00
4.815000e-05	2.134273e-02	5.494766e+00
4.816000e-05	2.099532e-02	5.484311e+00
4.817000e-05	2.577617e-02	5.462762e+00
4.818000e-05	2.451666e-02	5.441604e+00
4.819000e-05	2.216339e-02	5.441575e+00
4.820000e-05	2.105821e-02	5.409550e+00
4.821000e-05	2.231889e-02	5.411074e+00
4.822000e-05	2.222925e-02	5.409499e+00
4.823000e-05	2.108914e-02	5.367420e+00
4.824000e-05	2.058281e-02	5.366367e+00
4.825000e-05	2.152134e-02	5.283166e+00
4.826000e-05	2.140556e-02	5.252207e+00
4.827000e-05	1.884877e-02	5.221055e+00
4.828000e-05	1.915854e-02	5.218951e+00
4.829000e-05	1.964274e-02	5.168396e+00
4.830000e-05	2.098750e-02	5.115869e+00
4.831000e-05	1.549910e-02	5.052607e+00
4.832000e-05	1.625073e-02	5.000525e+00
4.833000e-05	1.659950e-02	4.884864e+00
4.834000e-05	1.881038e-02	4.842161e+00
4.835000e-05	1.551870e-02	4.811078e+00
4.836000e-05	1.476182e-02	4.800023e+00
4.837000e-05	1.480232e-02	4.756818e+00
4.838000e-05	1.583865e-02	4.684811e+00
4.839000e-05	1.262018e-02	4.695808e+00
4.840000e-05	1.222692e-02	4.618476e+00
4.841000e-05	1.341301e-02	4.568397e+00
4.842000e-05	1.387040e-02	4.493788e+00
4.843000e-05	1.048312e-02	4.463608e+00
4.844000e-05	1.015468e-02	4.410628e+00
4.845000e-05	1.053758e-02	4.401050e+00
4.846000e-05	1.091275e-02	4.366318e+00
4.847000e-05	1.009985e-02	4.294209e+00
4.848000e-05	8.526877e-03	4.208504e+00
4.849000e-05	9.798340e-03	4.105284e+00
4.850000e-05	8.327405e-03	4.032131e+00
4.851000e-05	8.211981e-03	3.968947e+00
4.852000e-05	6.971470e-03	3.926945e+00
4.853000e-05	6.707992e-03	3.885136e+00
4.854000e-05	7.451999e-03	3.803050e+00
4.855000e-05	6.794190e-03	3.776370e+00
4.856000e-05	6.330669e-03	3.674136e+00
4.857000e-05	5.244975e-03	3.621528e+00
4.858000e-05	6.313643e-03	3.578974e+00
4.859000e-05	5.463378e-03	3.485790e+00
4.860000e-05	4.796788e-03	3.382128e+00
4.861000e-05	3.790297e-03	3.315341e+00
4.862000e-05	4.880063e-03	3.220579e+00
4.863000e-05	4.301580e-03	3.167893e+00
4.864000e-05	3.604804e-03	3.124763e+00
4.865000e-05	3.284072e-03	3.020554e+00
4.866000e-05	3.678619e-03	2.977419e+00
4.867000e-05	2.967293e-03	2.852584e+00
4.868000e-05	2.705641e-03	2.811026e+00
4.869000e-05	2.272046e-03	2.737391e+00
4.870000e-05	3.641202e-03	2.632608e+00
4.871000e-05	2.154616e-03	2.494818e+00
4.872000e-05	2.312658e-03	2.452630e+00
4.873000e-05	1.013397e-03	2.366371e+00
4.874000e-05	1.254144e-03	2.274184e+00
4.875000e-05	1.207452e-03	2.179999e+00
4.876000e-05	9.054827e-04	2.126187e+00
4.877000e-05	1.212738e-03	2.012181e+00
4.878000e-05	1.046232e-03	1.989370e+00
4.879000e-05	1.004176e-03	1.914688e+00
4.880000e-05	9.228388e-04	1.776570e+00
4.881000e-05	-1.217429e-04	1.696734e+00
4.882000e-05	-6.824275e-04	1.621661e+00
4.883000e-05	-1.067927e-03	1.525294e+00
4.884000e-05	-8.445130e-04	1.461005e+00
4.885000e-05	-1.475710e-03	1.336820e+00
4.886000e-05	-1.484805e-03	1.283105e+00
4.887000e-05	-7.899068e-04	1.157873e+00
4.888000e-05	-9.815451e-04	1.052558e+00
4.889000e-05	-1.660682e-03	8.947704e-01
4.890000e-05	-1.982272e-03	8.110512e-01
4.891000e-05	-2.763158e-03	7.488934e-01
4.892000e-05	-1.729383e-03	6.626614e-01
4.893000e-05	-3.538507e-03	5.794460e-01
4.894000e-05	-3.622720e-03	4.636114e-01
4.895000e-05	-2.483566e-03	4.204749e-01
4.896000e-05	-2.579171e-03	3.158655e-01
4.897000e-05	-4.138081e-03	2.225261e-01
4.898000e-05	-4.713432e-03	6.259164e-02
4.899000e-05	-2.585015e-03	2.897750e-02
4.900000e-05	-1.589870e-03	-8.318422e-02
4.901000e-05	-8.527332e-04	-1.674686e-01
4.902000e-05	-3.344692e-03	-2.216053e-01
4.903000e-05	-2.824620e-03	-3.174159e-01
4.904000e-05	-3.862307e-03	-3.884738e-01
4.905000e-05	-4.435068e-03	-4.531368e-01
4.906000e-05	-5.095217e-03	-5.900938e-01
4.907000e-05	4.050367e-03	-7.243609e-01
4.908000e-05	4.041284e-02	-7.800201e-01
4.909000e-05	3.926261e-03	-8.847357e-01
4.910000e-05	-8.069476e-02	-1.103106e+00
4.911000e-05	-4.250878e-02	-1.127941e+00
4.912000e-05	3.944793e-02	-1.116342e+00
4.913000e-05	7.790061e-02	-1.189528e+00
4.914000e-05	-7.561570e-02	-1.440148e+00
4.915000e-05	-2.620258e-03	-1.566888e+00
4.916000e-05	9.671636e-02	-1.546291e+00
4.917000e-05	-2.270563e-02	-1.663079e+00
4.918000e-05	-4.650611e-02	-1.779020e+00
4.919000e-05	-5.785432e-03	-1.791551e+00
4.920000e-05	-7.221569e-03	-1.860158e+00
4.921000e-05	-3.845975e-02	-1.968469e+00
4.922000e-05	7.314877e-02	-2.031655e+00
4.923000e-05	1.502106e-02	-2.096286e+00
4.924000e-05	-1.274230e-01	-2.233234e+00
4.925000e-05	4.636150e-02	-2.388470e+00
4.926000e-05	9.347098e-02	-2.421605e+00
4.927000e-05	-1.223787e-01	-2.525862e+00
4.928000e-05	-4.702476e-02	-2.579473e+00
4.929000e-05	8.855725e-02	-2.684182e+00
4.930000e-05	1.880498e-02	-2.757966e+00
4.931000e-05	-5.942790e-02	-2.800526e+00
4.932000e-05	-4.686645e-02	-2.873658e+00
4.933000e-05	2.721023e-02	-3.021197e+00
4.934000e-05	4.503620e-02	-3.126945e+00
4.935000e-05	-6.016697e-02	-3.159474e+00
4.936000e-05	-5.671894e-02	-3.242759e+00
4.937000e-05	6.802495e-02	-3.366421e+00
4.938000e-05	1.504863e-03	-3.410557e+00
4.939000e-05	-5.962859e-02	-3.442783e+00
4.940000e-05	-1.266350e-02	-3.557338e+00
4.941000e-05	6.828025e-03	-3.578525e+00
4.942000e-05	1.024272e-02	-3.703183e+00
4.943000e-05	-2.071999e-02	-3.716813e+00
4.944000e-05	-3.677592e-02	-3.811684e+00
4.945000e-05	1.004600e-02	-3.887443e+00
4.946000e-05	1.401432e-02	-3.978499e+00
4.947000e-05	-3.497318e-02	-4.051077e+00
4.948000e-05	-2.276931e-02	-4.113264e+00
4.949000e-05	-2.697739e-03	-4.148468e+00
4.950000e-05	1.003932e-02	-4.200552e+00
4.951000e-05	-1.686181e-02	-4.265256e+00
4.952000e-05	-3.770503e-02	-4.305313e+00
4.953000e-05	-1.605148e-03	-4.358970e+00
4.954000e-05	6.064231e-03	-4.410027e+00
4.955000e-05	-1.867343e-02	-4.441607e+00
4.956000e-05	-3.117233e-02	-4.504238e+00
4.957000e-05	-9.687479e-03	-4.569418e+00
4.958000e-05	9.117991e-03	-4.592052e+00
4.959000e-05	-1.838963e-02	-4.704309e+00
4.960000e-05	-3.479656e-02	-4.694717e+00
4.961000e-05	-8.320677e-03	-4.737442e+00
4.962000e-05	1.287811e-03	-4.820502e+00
4.963000e-05	-1.724367e-02	-4.875232e+00
4.964000e-05	-2.805061e-02	-4.896416e+00
4.965000e-05	-1.566259e-02	-4.948467e+00
4.966000e-05	2.777769e-03	-4.990549e+00
4.967000e-05	-1.912603e-02	-5.033732e+00
4.968000e-05	-3.043946e-02	-5.103762e+00
4.969000e-05	-1.514760e-02	-5.158870e+00
4.970000e-05	-5.268705e-03	-5.187995e+00
4.971000e-05	-1.513036e-02	-5.168553e+00
4.972000e-05	-3.014984e-02	-5.232679e+00
4.973000e-05	-1.818103e-02	-5.254784e+00
4.974000e-05	-7.217706e-03	-5.336868e+00
4.975000e-05	-1.779807e-02	-5.324921e+00
4.976000e-05	-2.903415e-02	-5.440253e+00
4.977000e-05	-2.102704e-02	-5.473258e+00
4.978000e-05	-8.967990e-03	-5.485862e+00
4.979000e-05	-1.726537e-02	-5.555861e+00
4.980000e-05	-2.789989e-02	-5.549946e+00
4.981000e-05	-2.250127e-02	-5.558472e+00
4.982000e-05	-1.357762e-02	-5.569447e+00
4.983000e-05	-2.090303e-02	-5.589519e+00
4.984000e-05	-2.796260e-02	-5.610000e+00
4.985000e-05	-2.624432e-02	-5.609500e+00
4.986000e-05	-1.572233e-02	-5.599548e+00
4.987000e-05	-2.093909e-02	-5.611576e+00
4.988000e-05	-2.854516e-02	-5.600605e+00
4.989000e-05	-2.716301e-02	-5.610525e+00
4.990000e-05	-2.086472e-02	-5.610130e+00
4.991000e-05	-2.215470e-02	-5.621605e+00
4.992000e-05	-2.994631e-02	-5.621550e+00
4.993000e-05	-2.934340e-02	-5.610603e+00
4.994000e-05	-2.317176e-02	-5.629603e+00
4.995000e-05	-2.422556e-02	-5.621076e+00
4.996000e-05	-3.122387e-02	-5.631052e+00
4.997000e-05	-3.087096e-02	-5.610100e+00
4.998000e-05	-2.501263e-02	-5.590526e+00
4.999000e-05	-2.661258e-02	-5.610100e+00
