# 260928_12:33:31.136879
t	CH1	CH2
0.000000e+00	1.929207e-02	5.388922e+00
1.000000e-08	2.161099e-02	5.316266e+00
2.000000e-08	2.485883e-02	5.304690e+00
3.000000e-08	2.045197e-02	5.223165e+00
4.000000e-08	1.677649e-02	5.211528e+00
5.000000e-08	1.893104e-02	5.219952e+00
6.000000e-08	2.087638e-02	5.149891e+00
7.000000e-08	1.963654e-02	5.045290e+00
8.000000e-08	1.510357e-02	5.085110e+00
9.000000e-08	1.732449e-02	4.948824e+00
1.000000e-07	1.870447e-02	4.916266e+00
1.100000e-07	1.756386e-02	4.872557e+00
1.200000e-07	1.321569e-02	4.801004e+00
1.300000e-07	1.557731e-02	4.790899e+00
1.400000e-07	1.643620e-02	4.768821e+00
1.500000e-07	1.537849e-02	4.686188e+00
1.600000e-07	1.162537e-02	4.662658e+00
1.700000e-07	1.189563e-02	4.600001e+00
1.800000e-07	1.390684e-02	4.546892e+00
1.900000e-07	1.327223e-02	4.464238e+00
2.000000e-07	1.153715e-02	4.432086e+00
2.100000e-07	1.000373e-02	4.400527e+00
2.200000e-07	1.211880e-02	4.390476e+00
2.300000e-07	1.140435e-02	4.366916e+00
2.400000e-07	8.299410e-03	4.286761e+00
2.500000e-07	8.487402e-03	4.179550e+00
2.600000e-07	9.418542e-03	4.074112e+00
2.700000e-07	1.066865e-02	4.020575e+00
2.800000e-07	7.059321e-03	3.999472e+00
2.900000e-07	7.147984e-03	3.959346e+00
3.000000e-07	8.362110e-03	3.894157e+00
3.100000e-07	8.013151e-03	3.829929e+00
3.200000e-07	6.328495e-03	3.747746e+00
3.300000e-07	4.940813e-03	3.662655e+00
3.400000e-07	6.529014e-03	3.631529e+00
3.500000e-07	7.496349e-03	3.579922e+00
3.600000e-07	3.805111e-03	3.455167e+00
3.700000e-07	4.007427e-03	3.362599e+00
3.800000e-07	4.367954e-03	3.306735e+00
3.900000e-07	6.639865e-03	3.200528e+00
4.000000e-07	4.212465e-03	3.158395e+00
4.100000e-07	2.500114e-03	3.054162e+00
4.200000e-07	4.285147e-03	3.011504e+00
4.300000e-07	4.375997e-03	2.957417e+00
4.400000e-07	3.143820e-03	2.821657e+00
4.500000e-07	1.228469e-03	2.790977e+00
4.600000e-07	2.674780e-03	2.767893e+00
4.700000e-07	4.636531e-03	2.622704e+00
4.800000e-07	1.020306e-03	2.464663e+00
4.900000e-07	1.564652e-03	2.422580e+00
5.000000e-07	1.580789e-03	2.327394e+00
5.100000e-07	2.192884e-03	2.244083e+00
5.200000e-07	2.546884e-04	2.149949e+00
5.300000e-07	-2.564303e-05	2.085716e+00
5.400000e-07	7.899390e-04	2.021553e+00
5.500000e-07	1.850700e-03	1.969945e+00
5.600000e-07	4.061908e-04	1.865658e+00
5.700000e-07	3.942263e-04	1.809975e+00
5.800000e-07	-6.374157e-04	1.675764e+00
5.900000e-07	5.931202e-04	1.611000e+00
6.000000e-07	-9.228176e-04	1.508763e+00
6.100000e-07	-8.650004e-04	1.410976e+00
6.200000e-07	-1.231181e-03	1.356845e+00
6.300000e-07	1.208127e-04	1.232009e+00
6.400000e-07	-6.524999e-04	1.158899e+00
6.500000e-07	-2.066845e-03	1.052028e+00
6.600000e-07	-2.107334e-03	9.057395e-01
6.700000e-07	-4.632950e-04	8.195239e-01
6.800000e-07	-3.337347e-03	7.183407e-01
6.900000e-07	-3.431014e-03	6.230778e-01
7.000000e-07	-2.414912e-03	5.493947e-01
7.100000e-07	-9.237485e-04	4.336617e-01
7.200000e-07	-3.211356e-03	4.304751e-01
7.300000e-07	-3.242096e-03	3.267670e-01
7.400000e-07	-3.664208e-03	1.809049e-01
7.500000e-07	-2.028594e-03	3.558298e-02
7.600000e-07	-3.236463e-03	9.473628e-03
7.700000e-07	-1.712437e-03	-8.473571e-02
7.800000e-07	-1.874421e-03	-1.884674e-01
7.900000e-07	-1.177059e-03	-2.626592e-01
8.000000e-07	-3.759686e-03	-3.379447e-01
8.100000e-07	-3.941895e-03	-3.905225e-01
8.200000e-07	-4.390736e-03	-5.141617e-01
8.300000e-07	-2.202171e-03	-5.500985e-01
8.400000e-07	1.510840e-02	-7.062644e-01
8.500000e-07	3.976573e-02	-7.975525e-01
8.600000e-07	-2.533348e-02	-9.672670e-01
8.700000e-07	-8.661833e-02	-1.133734e+00
8.800000e-07	-1.915108e-02	-1.168420e+00
8.900000e-07	8.660513e-02	-1.105263e+00
9.000000e-07	1.474543e-02	-1.230669e+00
9.100000e-07	-9.790217e-02	-1.471102e+00
9.200000e-07	6.569143e-02	-1.555920e+00
9.300000e-07	4.899454e-02	-1.555866e+00
9.400000e-07	-3.996041e-02	-1.682736e+00
9.500000e-07	-5.947759e-02	-1.799999e+00
9.600000e-07	4.949851e-02	-1.800099e+00
9.700000e-07	-5.717107e-02	-1.903687e+00
9.800000e-07	-3.665716e-03	-2.000023e+00
9.900000e-07	1.143350e-01	-2.012077e+00
1.000000e-06	-1.012288e-01	-2.073858e+00
1.010000e-06	-8.269246e-02	-2.331707e+00
1.020000e-06	1.354164e-01	-2.378972e+00
1.030000e-06	-9.059224e-03	-2.441606e+00
1.040000e-06	-1.352365e-01	-2.557866e+00
1.050000e-06	3.416492e-02	-2.588046e+00
1.060000e-06	8.468200e-02	-2.673237e+00
1.070000e-06	-3.621312e-02	-2.808497e+00
1.080000e-06	-6.543661e-02	-2.791026e+00
1.090000e-06	-1.769287e-02	-2.892735e+00
1.100000e-06	5.248932e-02	-3.072702e+00
1.110000e-06	1.909741e-02	-3.126767e+00
1.120000e-06	-1.089894e-01	-3.189525e+00
1.130000e-06	1.819879e-02	-3.303737e+00
1.140000e-06	7.482230e-02	-3.396844e+00
1.150000e-06	-6.033147e-02	-3.410597e+00
1.160000e-06	-4.239091e-02	-3.524261e+00
1.170000e-06	1.399971e-02	-3.535341e+00
1.180000e-06	4.284610e-03	-3.610525e+00
1.190000e-06	-1.653498e-03	-3.651207e+00
1.200000e-06	-3.210335e-02	-3.736862e+00
1.210000e-06	-2.820518e-02	-3.902654e+00
1.220000e-06	3.546357e-02	-3.956495e+00
1.230000e-06	-1.956331e-02	-4.010449e+00
1.240000e-06	-3.946805e-02	-4.051130e+00
1.250000e-06	-6.000493e-03	-4.114261e+00
1.260000e-06	4.116272e-03	-4.156920e+00
1.270000e-06	4.759800e-03	-4.260579e+00
1.280000e-06	-3.846370e-02	-4.270606e+00
1.290000e-06	-2.146862e-02	-4.354842e+00
1.300000e-06	1.100958e-02	-4.367946e+00
1.310000e-06	-3.206053e-03	-4.411101e+00
1.320000e-06	-3.229824e-02	-4.432130e+00
1.330000e-06	-2.193277e-02	-4.504136e+00
1.340000e-06	4.633881e-03	-4.588420e+00
1.350000e-06	2.918581e-03	-4.641579e+00
1.360000e-06	-3.786476e-02	-4.674759e+00
1.370000e-06	-2.570882e-02	-4.724285e+00
1.380000e-06	9.813449e-03	-4.767367e+00
1.390000e-06	-1.140123e-02	-4.811627e+00
1.400000e-06	-2.539933e-02	-4.904736e+00
1.410000e-06	-2.700953e-02	-4.967319e+00
1.420000e-06	1.609769e-03	-5.010368e+00
1.430000e-06	-3.830805e-03	-5.021551e+00
1.440000e-06	-3.352872e-02	-5.063182e+00
1.450000e-06	-2.238346e-02	-5.105262e+00
1.460000e-06	-4.478288e-03	-5.158444e+00
1.470000e-06	-7.837137e-03	-5.148470e+00
1.480000e-06	-2.838752e-02	-5.220575e+00
1.490000e-06	-2.616617e-02	-5.241632e+00
1.500000e-06	-7.790467e-03	-5.274656e+00
1.510000e-06	-8.090319e-03	-5.316347e+00
1.520000e-06	-2.847891e-02	-5.397970e+00
1.530000e-06	-2.580373e-02	-5.421623e+00
1.540000e-06	-1.101029e-02	-5.452559e+00
1.550000e-06	-1.085349e-02	-5.474736e+00
1.560000e-06	-2.677718e-02	-5.555242e+00
1.570000e-06	-2.998973e-02	-5.566892e+00
1.580000e-06	-1.327542e-02	-5.569320e+00
1.590000e-06	-1.444585e-02	-5.598499e+00
1.600000e-06	-2.605418e-02	-5.599472e+00
1.610000e-06	-2.988307e-02	-5.589971e+00
1.620000e-06	-1.827989e-02	-5.590025e+00
1.630000e-06	-1.428141e-02	-5.599550e+00
1.640000e-06	-2.810862e-02	-5.619950e+00
1.650000e-06	-3.122858e-02	-5.620527e+00
1.660000e-06	-2.207046e-02	-5.601501e+00
1.670000e-06	-1.716782e-02	-5.631001e+00
1.680000e-06	-2.730216e-02	-5.600976e+00
1.690000e-06	-3.385055e-02	-5.611101e+00
1.700000e-06	-2.569175e-02	-5.650601e+00
1.710000e-06	-1.892771e-02	-5.610053e+00
1.720000e-06	-2.882489e-02	-5.620025e+00
1.730000e-06	-3.348304e-02	-5.611001e+00
1.740000e-06	-2.670850e-02	-5.590501e+00
1.750000e-06	-2.193542e-02	-5.600578e+00
1.760000e-06	-2.934519e-02	-5.591474e+00
1.770000e-06	-3.533279e-02	-5.578974e+00
1.780000e-06	-2.776779e-02	-5.598950e+00
1.790000e-06	-2.346611e-02	-5.578999e+00
1.800000e-06	-2.924016e-02	-5.589470e+00
1.810000e-06	-3.393044e-02	-5.565970e+00
1.820000e-06	-2.781662e-02	-5.537390e+00
1.830000e-06	-2.332076e-02	-5.525365e+00
1.840000e-06	-2.802924e-02	-5.494158e+00
1.850000e-06	-3.174656e-02	-5.430500e+00
1.860000e-06	-2.746742e-02	-5.400570e+00
1.870000e-06	-2.307853e-02	-5.346866e+00
1.880000e-06	-2.622691e-02	-5.292712e+00
1.890000e-06	-2.987944e-02	-5.252655e+00
1.900000e-06	-2.617164e-02	-5.172075e+00
1.910000e-06	-2.233678e-02	-5.200024e+00
1.920000e-06	-2.354100e-02	-5.166891e+00
1.930000e-06	-2.762361e-02	-5.106366e+00
1.940000e-06	-2.346896e-02	-5.064153e+00
1.950000e-06	-2.057069e-02	-5.012130e+00
1.960000e-06	-2.204845e-02	-4.989896e+00
1.970000e-06	-2.569677e-02	-4.948841e+00
1.980000e-06	-2.307615e-02	-4.866157e+00
1.990000e-06	-1.951234e-02	-4.789521e+00
2.000000e-06	-1.930599e-02	-4.698294e+00
2.010000e-06	-2.285921e-02	-4.663232e+00
2.020000e-06	-2.003672e-02	-4.672107e+00
2.030000e-06	-1.741867e-02	-4.583077e+00
2.040000e-06	-1.807770e-02	-4.559546e+00
2.050000e-06	-2.037082e-02	-4.496338e+00
2.060000e-06	-1.916389e-02	-4.463158e+00
2.070000e-06	-1.550071e-02	-4.440550e+00
2.080000e-06	-1.570955e-02	-4.390476e+00
2.090000e-06	-1.795245e-02	-4.348417e+00
2.100000e-06	-1.699871e-02	-4.336233e+00
2.110000e-06	-1.521077e-02	-4.232531e+00
2.120000e-06	-1.457743e-02	-4.189971e+00
2.130000e-06	-1.550405e-02	-4.126840e+00
2.140000e-06	-1.557818e-02	-4.053057e+00
2.150000e-06	-1.251652e-02	-4.011525e+00
2.160000e-06	-1.303136e-02	-3.997447e+00
2.170000e-06	-1.393684e-02	-3.886756e+00
2.180000e-06	-1.438678e-02	-3.788474e+00
2.190000e-06	-1.117493e-02	-3.735763e+00
2.200000e-06	-1.097872e-02	-3.642053e+00
2.210000e-06	-1.208575e-02	-3.587998e+00
2.220000e-06	-1.120733e-02	-3.536336e+00
2.230000e-06	-1.104129e-02	-3.441582e+00
2.240000e-06	-1.027503e-02	-3.370974e+00
2.250000e-06	-1.208411e-02	-3.256287e+00
2.260000e-06	-9.875646e-03	-3.212029e+00
2.270000e-06	-1.029731e-02	-3.138996e+00
2.280000e-06	-7.318806e-03	-3.075264e+00
2.290000e-06	-9.938061e-03	-2.949445e+00
2.300000e-06	-8.089613e-03	-2.842653e+00
2.310000e-06	-9.817338e-03	-2.801024e+00
2.320000e-06	-8.064320e-03	-2.734917e+00
2.330000e-06	-1.011452e-02	-2.642079e+00
2.340000e-06	-8.651066e-03	-2.568843e+00
2.350000e-06	-7.278370e-03	-2.443663e+00
2.360000e-06	-6.525006e-03	-2.410078e+00
2.370000e-06	-7.712702e-03	-2.349970e+00
2.380000e-06	-7.395306e-03	-2.203627e+00
2.390000e-06	-5.594496e-03	-2.087263e+00
2.400000e-06	-5.476242e-03	-2.032528e+00
2.410000e-06	-8.074252e-03	-1.978447e+00
2.420000e-06	-7.788137e-03	-1.885287e+00
2.430000e-06	-5.881313e-03	-1.821554e+00
2.440000e-06	-5.000620e-03	-1.686763e+00
2.450000e-06	-5.601238e-03	-1.622559e+00
2.460000e-06	-6.761042e-03	-1.580447e+00
2.470000e-06	-4.790864e-03	-1.494333e+00
2.480000e-06	-4.079315e-03	-1.338315e+00
2.490000e-06	-5.304617e-03	-1.202056e+00
2.500000e-06	-6.159241e-03	-1.107866e+00
2.510000e-06	-4.149362e-03	-1.032583e+00
2.520000e-06	-3.964806e-03	-9.609198e-01
2.530000e-06	-4.232149e-03	-8.421565e-01
2.540000e-06	-4.885140e-03	-8.014988e-01
2.550000e-06	-3.321682e-03	-7.372933e-01
2.560000e-06	-3.372941e-03	-5.909025e-01
2.570000e-06	-3.276258e-03	-4.736593e-01
2.580000e-06	-4.385532e-03	-3.800237e-01
2.590000e-06	-3.640659e-03	-3.047932e-01
2.600000e-06	-3.681498e-03	-1.811040e-01
2.610000e-06	-2.638364e-03	-1.398647e-01
2.620000e-06	-2.127449e-03	-3.263158e-02
2.630000e-06	4.226083e-04	9.974931e-03
2.640000e-06	1.453772e-03	8.263690e-02
2.650000e-06	-8.171363e-04	2.196312e-01
2.660000e-06	-4.759385e-04	3.363720e-01
2.670000e-06	-1.810189e-03	4.100026e-01
2.680000e-06	-5.621492e-04	4.921055e-01
2.690000e-06	3.005913e-03	5.769234e-01
2.700000e-06	2.174675e-02	6.331579e-01
2.710000e-06	3.473792e-02	7.688747e-01
2.720000e-06	-2.344177e-02	9.031105e-01
2.730000e-06	-7.927117e-02	1.019580e+00
2.740000e-06	-1.446351e-02	1.056734e+00
2.750000e-06	9.457830e-02	1.156422e+00
2.760000e-06	6.058576e-03	1.312083e+00
2.770000e-06	-9.495294e-02	1.365896e+00
2.780000e-06	5.482318e-02	1.419029e+00
2.790000e-06	5.405658e-02	1.601495e+00
2.800000e-06	-5.209142e-03	1.735216e+00
2.810000e-06	-5.683433e-02	1.705920e+00
2.820000e-06	3.453663e-02	1.809053e+00
2.830000e-06	-3.697390e-02	1.966345e+00
2.840000e-06	2.593480e-02	1.988971e+00
2.850000e-06	7.928436e-02	2.060554e+00
2.860000e-06	-8.380173e-02	2.168342e+00
2.870000e-06	-3.892026e-02	2.221528e+00
2.880000e-06	9.566371e-02	2.273713e+00
2.890000e-06	1.777983e-02	2.397922e+00
2.900000e-06	-9.316798e-02	2.442580e+00
2.910000e-06	8.152167e-03	2.545214e+00
2.920000e-06	7.464812e-02	2.704130e+00
2.930000e-06	2.172064e-02	2.727898e+00
2.940000e-06	-6.991744e-02	2.850003e+00
2.950000e-06	-8.255051e-03	2.924366e+00
2.960000e-06	5.505466e-02	2.968394e+00
2.970000e-06	2.596215e-02	3.030579e+00
2.980000e-06	-6.270006e-02	3.175917e+00
2.990000e-06	1.394861e-02	3.199474e+00
3.000000e-06	5.374218e-02	3.251153e+00
3.010000e-06	-1.619631e-02	3.314766e+00
3.020000e-06	-7.543240e-03	3.453082e+00
3.030000e-06	-5.620549e-03	3.546871e+00
3.040000e-06	2.345901e-02	3.609001e+00
3.050000e-06	1.175525e-02	3.651055e+00
3.060000e-06	3.894254e-03	3.755243e+00
3.070000e-06	-2.148446e-02	3.788946e+00
3.080000e-06	2.913411e-02	3.851083e+00
3.090000e-06	1.688451e-02	3.915788e+00
3.100000e-06	-1.346392e-02	3.989423e+00
3.110000e-06	-1.641293e-03	4.021525e+00
3.120000e-06	1.754408e-02	4.074607e+00
3.130000e-06	2.237070e-02	4.104287e+00
3.140000e-06	-9.231649e-03	4.219600e+00
3.150000e-06	1.771707e-03	4.327191e+00
3.160000e-06	1.080770e-02	4.377900e+00
3.170000e-06	2.392766e-02	4.430528e+00
3.180000e-06	-5.788144e-03	4.442655e+00
3.190000e-06	-3.588206e-03	4.515159e+00
3.200000e-06	1.907115e-02	4.537921e+00
3.210000e-06	1.836846e-02	4.609971e+00
3.220000e-06	-8.008840e-04	4.643704e+00
3.230000e-06	-3.568108e-03	4.724267e+00
3.240000e-06	2.136772e-02	4.748417e+00
3.250000e-06	1.515412e-02	4.808998e+00
3.260000e-06	4.680560e-03	4.841081e+00
3.270000e-06	-1.312633e-03	4.853760e+00
3.280000e-06	1.983420e-02	4.977300e+00
3.290000e-06	1.767309e-02	5.001557e+00
3.300000e-06	1.951876e-03	5.074631e+00
3.310000e-06	3.552698e-03	5.156443e+00
3.320000e-06	1.599730e-02	5.178447e+00
3.330000e-06	2.176096e-02	5.221527e+00
3.340000e-06	3.542838e-03	5.232106e+00
3.350000e-06	7.481702e-03	5.292662e+00
3.360000e-06	1.662324e-02	5.275315e+00
3.370000e-06	2.017734e-02	5.336342e+00
3.380000e-06	8.218916e-03	5.358871e+00
3.390000e-06	6.425884e-03	5.438924e+00
3.400000e-06	1.750459e-02	5.399477e+00
3.410000e-06	1.980025e-02	5.401603e+00
3.420000e-06	1.258315e-02	5.451554e+00
3.430000e-06	6.076654e-03	5.464030e+00
3.440000e-06	2.019348e-02	5.504666e+00
3.450000e-06	2.151448e-02	5.462758e+00
3.460000e-06	1.609643e-02	5.535713e+00
3.470000e-06	9.683378e-03	5.505314e+00
3.480000e-06	1.945485e-02	5.526843e+00
3.490000e-06	2.166137e-02	5.505819e+00
3.500000e-06	1.658894e-02	5.546897e+00
3.510000e-06	1.259354e-02	5.526345e+00
3.520000e-06	1.943102e-02	5.537844e+00
3.530000e-06	2.599529e-02	5.578390e+00
3.540000e-06	2.087708e-02	5.566288e+00
3.550000e-06	1.702843e-02	5.528442e+00
3.560000e-06	1.990037e-02	5.547396e+00
3.570000e-06	2.592334e-02	5.547844e+00
3.580000e-06	2.197210e-02	5.546892e+00
3.590000e-06	1.748061e-02	5.566795e+00
3.600000e-06	2.176627e-02	5.516286e+00
3.610000e-06	2.687748e-02	5.495866e+00
3.620000e-06	2.498396e-02	5.493739e+00
3.630000e-06	1.913592e-02	5.515641e+00
3.640000e-06	2.320949e-02	5.483133e+00
3.650000e-06	2.571713e-02	5.463081e+00
3.660000e-06	2.357638e-02	5.462134e+00
3.670000e-06	1.989497e-02	5.432054e+00
3.680000e-06	2.087194e-02	5.410029e+00
3.690000e-06	2.547104e-02	5.401003e+00
3.700000e-06	2.336801e-02	5.379950e+00
3.710000e-06	2.048520e-02	5.367899e+00
3.720000e-06	2.027885e-02	5.356868e+00
3.730000e-06	2.336370e-02	5.273706e+00
3.740000e-06	2.004645e-02	5.253612e+00
3.750000e-06	1.826109e-02	5.242999e+00
3.760000e-06	1.739313e-02	5.179449e+00
3.770000e-06	2.142579e-02	5.179945e+00
3.780000e-06	1.912003e-02	5.113344e+00
3.790000e-06	1.726968e-02	4.983208e+00
3.800000e-06	1.723110e-02	4.961527e+00
3.810000e-06	1.977903e-02	4.896246e+00
3.820000e-06	1.789306e-02	4.843103e+00
3.830000e-06	1.330514e-02	4.790529e+00
3.840000e-06	1.481566e-02	4.788976e+00
3.850000e-06	1.444602e-02	4.747874e+00
3.860000e-06	1.597431e-02	4.717793e+00
3.870000e-06	1.241588e-02	4.612132e+00
3.880000e-06	1.426189e-02	4.590024e+00
3.890000e-06	1.449730e-02	4.537397e+00
3.900000e-06	1.395562e-02	4.494712e+00
3.910000e-06	1.004910e-02	4.442608e+00
3.920000e-06	9.382591e-03	4.400578e+00
3.930000e-06	1.041750e-02	4.409921e+00
3.940000e-06	1.123217e-02	4.337366e+00
3.950000e-06	8.404403e-03	4.285236e+00
3.960000e-06	1.050079e-02	4.169475e+00
3.970000e-06	1.095481e-02	4.055738e+00
3.980000e-06	9.943966e-03	4.010550e+00
3.990000e-06	7.332563e-03	4.009950e+00
4.000000e-06	6.010881e-03	3.927767e+00
4.010000e-06	7.593932e-03	3.876137e+00
4.020000e-06	7.529047e-03	3.810029e+00
4.030000e-06	6.531591e-03	3.747342e+00
4.040000e-06	5.737559e-03	3.653635e+00
4.050000e-06	7.524508e-03	3.610055e+00
4.060000e-06	6.595227e-03	3.559397e+00
4.070000e-06	4.624979e-03	3.555241e+00
4.080000e-06	3.330242e-03	3.381077e+00
4.090000e-06	4.850075e-03	3.246666e+00
4.100000e-06	5.755415e-03	3.201026e+00
4.110000e-06	3.189125e-03	3.168971e+00
4.120000e-06	2.987944e-03	3.055138e+00
4.130000e-06	3.943407e-03	3.011055e+00
4.140000e-06	5.382146e-03	2.958341e+00
4.150000e-06	1.324695e-03	2.862558e+00
4.160000e-06	2.957247e-03	2.810001e+00
4.170000e-06	3.439294e-03	2.778893e+00
4.180000e-06	3.969989e-03	2.621078e+00
4.190000e-06	5.079238e-04	2.465763e+00
4.200000e-06	1.170104e-03	2.391025e+00
4.210000e-06	1.822691e-03	2.317367e+00
4.220000e-06	2.004185e-03	2.234658e+00
4.230000e-06	-1.755589e-04	2.170024e+00
4.240000e-06	4.440854e-04	2.074766e+00
4.250000e-06	1.515500e-03	2.031029e+00
4.260000e-06	2.275796e-03	1.990498e+00
4.270000e-06	-7.309818e-04	1.844741e+00
4.280000e-06	-6.233364e-04	1.809449e+00
4.290000e-06	6.284853e-04	1.654711e+00
4.300000e-06	6.076534e-04	1.611103e+00
4.310000e-06	-1.851412e-03	1.484347e+00
4.320000e-06	-1.962293e-03	1.390002e+00
4.330000e-06	3.139647e-04	1.275816e+00
4.340000e-06	-1.858278e-04	1.232105e+00
4.350000e-06	-2.055195e-03	1.138398e+00
4.360000e-06	-1.663417e-03	1.042625e+00
4.370000e-06	-4.603396e-04	8.847069e-01
4.380000e-06	-1.395487e-03	7.914990e-01
4.390000e-06	-2.638515e-03	7.188398e-01
4.400000e-06	-3.081793e-03	5.826828e-01
4.410000e-06	-3.011895e-03	5.493675e-01
4.420000e-06	-1.874579e-03	4.631841e-01
4.430000e-06	-2.775076e-03	4.099737e-01
4.440000e-06	-4.084916e-03	2.852408e-01
4.450000e-06	-2.668474e-03	2.000239e-01
4.460000e-06	-8.136777e-04	5.365809e-02
4.470000e-06	-2.972095e-03	-2.952618e-02
4.480000e-06	-2.655088e-03	-8.531297e-02
4.490000e-06	-1.118976e-03	-1.979761e-01
4.500000e-06	-1.106973e-03	-2.726065e-01
4.510000e-06	-3.786193e-03	-3.573171e-01
4.520000e-06	-3.645414e-03	-4.094763e-01
4.530000e-06	-4.570964e-03	-5.237867e-01
4.540000e-06	-9.782980e-04	-6.385749e-01
4.550000e-06	1.526297e-02	-7.262619e-01
4.560000e-06	4.069445e-02	-8.200213e-01
4.570000e-06	-2.501428e-02	-9.368159e-01
4.580000e-06	-8.720031e-02	-1.084832e+00
4.590000e-06	-1.893088e-02	-1.088895e+00
4.600000e-06	8.582549e-02	-1.105260e+00
4.610000e-06	1.503009e-02	-1.219500e+00
4.620000e-06	-9.988981e-02	-1.479103e+00
4.630000e-06	6.660692e-02	-1.515921e+00
4.640000e-06	4.890923e-02	-1.536866e+00
4.650000e-06	-3.927770e-02	-1.723758e+00
4.660000e-06	-5.972435e-02	-1.809498e+00
4.670000e-06	4.998442e-02	-1.798975e+00
4.680000e-06	-5.886525e-02	-1.852681e+00
4.690000e-06	-3.023433e-03	-2.028998e+00
4.700000e-06	1.143797e-01	-2.001155e+00
4.710000e-06	-1.021095e-01	-2.136287e+00
4.720000e-06	-8.460870e-02	-2.324209e+00
4.730000e-06	1.366504e-01	-2.378998e+00
4.740000e-06	-9.560545e-03	-2.440657e+00
4.750000e-06	-1.368059e-01	-2.535292e+00
4.760000e-06	3.461573e-02	-2.578899e+00
4.770000e-06	8.498922e-02	-2.694233e+00
4.780000e-06	-3.535121e-02	-2.788945e+00
4.790000e-06	-6.583456e-02	-2.830000e+00
4.800000e-06	-1.871532e-02	-2.944760e+00
4.810000e-06	5.340334e-02	-3.121159e+00
4.820000e-06	1.851640e-02	-3.147366e+00
4.830000e-06	-1.095066e-01	-3.197972e+00
4.840000e-06	1.763500e-02	-3.312659e+00
4.850000e-06	7.694670e-02	-3.336896e+00
4.860000e-06	-6.162668e-02	-3.441049e+00
4.870000e-06	-4.126327e-02	-3.484711e+00
4.880000e-06	1.419045e-02	-3.536288e+00
4.890000e-06	4.766263e-03	-3.621003e+00
4.900000e-06	-2.220037e-03	-3.641700e+00
4.910000e-06	-3.143012e-02	-3.746335e+00
4.920000e-06	-2.892987e-02	-3.872630e+00
4.930000e-06	3.518101e-02	-3.946819e+00
4.940000e-06	-1.880940e-02	-3.959999e+00
4.950000e-06	-3.897120e-02	-4.052054e+00
4.960000e-06	-5.964216e-03	-4.154308e+00
4.970000e-06	4.142701e-03	-4.176969e+00
4.980000e-06	5.126606e-03	-4.261648e+00
4.990000e-06	-3.808762e-02	-4.253157e+00
5.000000e-06	-2.207032e-02	-4.327336e+00
5.010000e-06	1.130205e-02	-4.377497e+00
5.020000e-06	-3.192614e-03	-4.430950e+00
5.030000e-06	-3.350259e-02	-4.434178e+00
5.040000e-06	-2.188453e-02	-4.515333e+00
5.050000e-06	4.247214e-03	-4.589475e+00
5.060000e-06	3.423554e-03	-4.629554e+00
5.070000e-06	-3.720867e-02	-4.685335e+00
5.080000e-06	-2.465171e-02	-4.752690e+00
5.090000e-06	1.052508e-02	-4.768941e+00
5.100000e-06	-1.122546e-02	-4.828627e+00
5.110000e-06	-2.620326e-02	-4.913759e+00
5.120000e-06	-2.765884e-02	-4.955291e+00
5.130000e-06	1.326070e-03	-4.998897e+00
5.140000e-06	-4.051876e-03	-5.050100e+00
5.150000e-06	-3.352003e-02	-5.071232e+00
5.160000e-06	-2.151742e-02	-5.116736e+00
5.170000e-06	-3.025593e-03	-5.127840e+00
5.180000e-06	-6.899180e-03	-5.188974e+00
5.190000e-06	-2.884566e-02	-5.220077e+00
5.200000e-06	-2.759797e-02	-5.252552e+00
5.210000e-06	-7.157030e-03	-5.264236e+00
5.220000e-06	-9.846364e-03	-5.315792e+00
5.230000e-06	-2.888447e-02	-5.367441e+00
5.240000e-06	-2.521008e-02	-5.454046e+00
5.250000e-06	-1.080321e-02	-5.452208e+00
5.260000e-06	-9.776644e-03	-5.495808e+00
5.270000e-06	-2.695759e-02	-5.526312e+00
5.280000e-06	-3.054222e-02	-5.527319e+00
5.290000e-06	-1.367034e-02	-5.557995e+00
5.300000e-06	-1.455195e-02	-5.598972e+00
5.310000e-06	-2.636469e-02	-5.599421e+00
5.320000e-06	-2.959160e-02	-5.589550e+00
5.330000e-06	-1.817293e-02	-5.610999e+00
5.340000e-06	-1.404596e-02	-5.621002e+00
5.350000e-06	-2.804654e-02	-5.610451e+00
5.360000e-06	-3.171070e-02	-5.600503e+00
5.370000e-06	-2.241262e-02	-5.620501e+00
5.380000e-06	-1.735959e-02	-5.601026e+00
5.390000e-06	-2.835939e-02	-5.629599e+00
5.400000e-06	-3.326851e-02	-5.630478e+00
5.410000e-06	-2.439935e-02	-5.600551e+00
5.420000e-06	-2.001631e-02	-5.621550e+00
5.430000e-06	-2.919758e-02	-5.591575e+00
5.440000e-06	-3.470793e-02	-5.610026e+00
5.450000e-06	-2.677611e-02	-5.621075e+00
5.460000e-06	-2.291446e-02	-5.580501e+00
5.470000e-06	-2.969928e-02	-5.600051e+00
5.480000e-06	-3.479721e-02	-5.569522e+00
5.490000e-06	-2.723527e-02	-5.599525e+00
5.500000e-06	-2.325755e-02	-5.568974e+00
5.510000e-06	-2.935332e-02	-5.569446e+00
5.520000e-06	-3.343126e-02	-5.567921e+00
5.530000e-06	-2.809770e-02	-5.516338e+00
5.540000e-06	-2.364494e-02	-5.497818e+00
5.550000e-06	-2.853112e-02	-5.466162e+00
5.560000e-06	-3.061561e-02	-5.461677e+00
5.570000e-06	-2.838051e-02	-5.361846e+00
5.580000e-06	-2.181253e-02	-5.375964e+00
5.590000e-06	-2.700149e-02	-5.306161e+00
5.600000e-06	-2.995031e-02	-5.253629e+00
5.610000e-06	-2.646194e-02	-5.221553e+00
5.620000e-06	-2.200556e-02	-5.169000e+00
5.630000e-06	-2.429232e-02	-5.138996e+00
5.640000e-06	-2.779332e-02	-5.135735e+00
5.650000e-06	-2.248505e-02	-5.054236e+00
5.660000e-06	-2.087552e-02	-5.041082e+00
5.670000e-06	-2.227727e-02	-5.000524e+00
5.680000e-06	-2.551305e-02	-4.947967e+00
5.690000e-06	-2.086011e-02	-4.873281e+00
5.700000e-06	-1.870138e-02	-4.792431e+00
5.710000e-06	-2.053550e-02	-4.717285e+00
5.720000e-06	-2.202043e-02	-4.664339e+00
5.730000e-06	-1.986450e-02	-4.633108e+00
5.740000e-06	-1.723482e-02	-4.602073e+00
5.750000e-06	-1.848286e-02	-4.579921e+00
5.760000e-06	-2.024991e-02	-4.536321e+00
5.770000e-06	-1.773378e-02	-4.433155e+00
5.780000e-06	-1.579872e-02	-4.432604e+00
5.790000e-06	-1.624161e-02	-4.360023e+00
5.800000e-06	-1.789378e-02	-4.348446e+00
5.810000e-06	-1.635087e-02	-4.293718e+00
5.820000e-06	-1.466178e-02	-4.242579e+00
5.830000e-06	-1.553623e-02	-4.170451e+00
5.840000e-06	-1.560051e-02	-4.116839e+00
5.850000e-06	-1.541440e-02	-4.054079e+00
5.860000e-06	-1.253766e-02	-4.020551e+00
5.870000e-06	-1.290128e-02	-3.938919e+00
5.880000e-06	-1.353068e-02	-3.936410e+00
5.890000e-06	-1.241961e-02	-3.800475e+00
5.900000e-06	-1.292395e-02	-3.705264e+00
5.910000e-06	-1.173397e-02	-3.621053e+00
5.920000e-06	-1.297043e-02	-3.578949e+00
5.930000e-06	-1.072629e-02	-3.525788e+00
5.940000e-06	-1.158016e-02	-3.443154e+00
5.950000e-06	-1.038561e-02	-3.359419e+00
5.960000e-06	-1.227209e-02	-3.266262e+00
5.970000e-06	-8.932684e-03	-3.202053e+00
5.980000e-06	-1.043928e-02	-3.190421e+00
5.990000e-06	-8.673113e-03	-3.084741e+00
6.000000e-06	-1.022821e-02	-2.960841e+00
6.010000e-06	-7.977214e-03	-2.832583e+00
6.020000e-06	-9.670190e-03	-2.790446e+00
6.030000e-06	-8.823916e-03	-2.735820e+00
6.040000e-06	-1.065431e-02	-2.672606e+00
6.050000e-06	-7.402224e-03	-2.568420e+00
6.060000e-06	-7.950562e-03	-2.483136e+00
6.070000e-06	-7.657902e-03	-2.400975e+00
6.080000e-06	-7.225079e-03	-2.337866e+00
6.090000e-06	-6.139183e-03	-2.223104e+00
6.100000e-06	-5.783616e-03	-2.075868e+00
6.110000e-06	-7.836092e-03	-2.011576e+00
6.120000e-06	-7.958113e-03	-1.997347e+00
6.130000e-06	-6.633701e-03	-1.854813e+00
6.140000e-06	-6.347750e-03	-1.811599e+00
6.150000e-06	-6.538346e-03	-1.706316e+00
6.160000e-06	-6.865036e-03	-1.613654e+00
6.170000e-06	-5.177033e-03	-1.619496e+00
6.180000e-06	-4.471655e-03	-1.484712e+00
6.190000e-06	-5.200826e-03	-1.307890e+00
6.200000e-06	-5.892383e-03	-1.220055e+00
6.210000e-06	-5.480574e-03	-1.148892e+00
6.220000e-06	-3.591040e-03	-1.021653e+00
6.230000e-06	-5.261286e-03	-9.583974e-01
6.240000e-06	-5.946341e-03	-8.542380e-01
6.250000e-06	-4.067447e-03	-8.005512e-01
6.260000e-06	-2.557328e-03	-6.968132e-01
6.270000e-06	-2.867654e-03	-5.629962e-01
6.280000e-06	-3.644815e-03	-4.541793e-01
6.290000e-06	-3.336838e-03	-4.009499e-01
6.300000e-06	-2.517925e-03	-3.183421e-01
6.310000e-06	-4.193394e-03	-2.110039e-01
6.320000e-06	-4.225661e-03	-1.178434e-01
6.330000e-06	-3.234646e-03	-4.313538e-02
6.340000e-06	1.293211e-03	5.118139e-05
6.350000e-06	5.112173e-04	9.271184e-02
6.360000e-06	-2.155219e-03	2.211038e-01
6.370000e-06	-3.977802e-04	3.163172e-01
6.380000e-06	3.803288e-05	4.204764e-01
6.390000e-06	6.476832e-04	4.506840e-01
6.400000e-06	6.061386e-04	5.769413e-01
6.410000e-06	2.111526e-02	6.432115e-01
6.420000e-06	3.607828e-02	7.594974e-01
6.430000e-06	-2.258365e-02	8.826628e-01
6.440000e-06	-8.142849e-02	1.060553e+00
6.450000e-06	-1.405253e-02	1.053659e+00
6.460000e-06	9.584657e-02	1.186471e+00
6.470000e-06	7.929461e-03	1.242134e+00
6.480000e-06	-9.855809e-02	1.378397e+00
6.490000e-06	5.610376e-02	1.419575e+00
6.500000e-06	5.507248e-02	1.649949e+00
6.510000e-06	-3.594913e-03	1.712195e+00
6.520000e-06	-5.935165e-02	1.718361e+00
6.530000e-06	3.501691e-02	1.830579e+00
6.540000e-06	-3.708881e-02	1.967369e+00
6.550000e-06	2.619541e-02	1.989472e+00
6.560000e-06	7.903627e-02	2.040555e+00
6.570000e-06	-8.583982e-02	2.166843e+00
6.580000e-06	-3.761826e-02	2.230580e+00
6.590000e-06	9.768690e-02	2.282639e+00
6.600000e-06	1.695972e-02	2.409449e+00
6.610000e-06	-9.547632e-02	2.421604e+00
6.620000e-06	1.022747e-02	2.555421e+00
6.630000e-06	7.433540e-02	2.673608e+00
6.640000e-06	2.101711e-02	2.767941e+00
6.650000e-06	-7.186981e-02	2.849604e+00
6.660000e-06	-8.765823e-03	2.935339e+00
6.670000e-06	5.638944e-02	2.937896e+00
6.680000e-06	2.561763e-02	3.043129e+00
6.690000e-06	-6.313232e-02	3.146868e+00
6.700000e-06	1.419839e-02	3.198999e+00
6.710000e-06	5.383081e-02	3.250530e+00
6.720000e-06	-1.701836e-02	3.324738e+00
6.730000e-06	-8.697162e-03	3.470678e+00
6.740000e-06	-4.840134e-03	3.566319e+00
6.750000e-06	2.293933e-02	3.599024e+00
6.760000e-06	1.210724e-02	3.652157e+00
6.770000e-06	3.830280e-03	3.723793e+00
6.780000e-06	-2.068341e-02	3.799025e+00
6.790000e-06	2.930180e-02	3.862580e+00
6.800000e-06	1.687325e-02	3.904738e+00
6.810000e-06	-1.274477e-02	3.988917e+00
6.820000e-06	-1.619772e-03	4.019526e+00
6.830000e-06	1.680230e-02	4.073553e+00
6.840000e-06	2.195644e-02	4.144816e+00
6.850000e-06	-8.937420e-03	4.199025e+00
6.860000e-06	1.110709e-03	4.315242e+00
6.870000e-06	1.053782e-02	4.369025e+00
6.880000e-06	2.548320e-02	4.391977e+00
6.890000e-06	-4.598093e-03	4.461082e+00
6.900000e-06	-3.290917e-03	4.524790e+00
6.910000e-06	1.902140e-02	4.567420e+00
6.920000e-06	1.924369e-02	4.600952e+00
6.930000e-06	-1.116549e-03	4.632082e+00
6.940000e-06	-4.356123e-03	4.715888e+00
6.950000e-06	2.193047e-02	4.757394e+00
6.960000e-06	1.597340e-02	4.798925e+00
6.970000e-06	5.500656e-03	4.862103e+00
6.980000e-06	-3.349042e-03	4.905256e+00
6.990000e-06	2.026878e-02	4.897720e+00
7.000000e-06	1.922974e-02	4.989530e+00
7.010000e-06	4.543511e-03	5.075136e+00
7.020000e-06	2.923928e-03	5.135895e+00
7.030000e-06	1.599753e-02	5.189474e+00
7.040000e-06	2.091625e-02	5.199503e+00
7.050000e-06	5.327923e-03	5.232210e+00
7.060000e-06	4.905664e-03	5.273688e+00
7.070000e-06	1.524035e-02	5.295815e+00
7.080000e-06	2.061246e-02	5.356396e+00
7.090000e-06	1.103913e-02	5.357894e+00
7.100000e-06	6.358743e-03	5.409874e+00
7.110000e-06	1.745651e-02	5.399928e+00
7.120000e-06	2.063743e-02	5.400977e+00
7.130000e-06	1.308914e-02	5.464105e+00
7.140000e-06	5.473419e-03	5.442131e+00
7.150000e-06	1.748045e-02	5.483687e+00
7.160000e-06	2.129843e-02	5.483262e+00
7.170000e-06	1.668139e-02	5.515762e+00
7.180000e-06	1.163593e-02	5.516840e+00
7.190000e-06	1.861812e-02	5.526350e+00
7.200000e-06	2.353021e-02	5.556716e+00
7.210000e-06	1.765681e-02	5.536341e+00
7.220000e-06	1.361585e-02	5.557316e+00
7.230000e-06	1.714957e-02	5.547372e+00
7.240000e-06	2.388907e-02	5.546320e+00
7.250000e-06	2.114869e-02	5.557872e+00
7.260000e-06	1.683923e-02	5.586847e+00
7.270000e-06	2.138145e-02	5.557394e+00
7.280000e-06	2.573016e-02	5.527338e+00
7.290000e-06	2.355357e-02	5.548897e+00
7.300000e-06	1.744710e-02	5.547241e+00
7.310000e-06	2.184201e-02	5.556916e+00
7.320000e-06	2.488708e-02	5.547692e+00
7.330000e-06	2.395598e-02	5.494792e+00
7.340000e-06	1.906293e-02	5.515240e+00
7.350000e-06	2.408005e-02	5.456209e+00
7.360000e-06	2.500125e-02	5.505206e+00
7.370000e-06	2.547094e-02	5.444605e+00
7.380000e-06	2.044653e-02	5.451154e+00
7.390000e-06	2.253909e-02	5.431004e+00
7.400000e-06	2.315756e-02	5.408976e+00
7.410000e-06	2.260511e-02	5.389919e+00
7.420000e-06	1.989406e-02	5.368344e+00
7.430000e-06	2.025492e-02	5.327338e+00
7.440000e-06	2.305118e-02	5.305217e+00
7.450000e-06	2.142772e-02	5.241637e+00
7.460000e-06	1.940694e-02	5.222504e+00
7.470000e-06	1.957366e-02	5.209472e+00
7.480000e-06	1.931241e-02	5.139796e+00
7.490000e-06	2.046945e-02	5.156810e+00
7.500000e-06	1.656792e-02	5.044629e+00
7.510000e-06	1.786625e-02	5.006427e+00
7.520000e-06	1.693911e-02	4.927230e+00
7.530000e-06	1.835598e-02	4.836132e+00
7.540000e-06	1.414331e-02	4.820027e+00
7.550000e-06	1.530758e-02	4.788450e+00
7.560000e-06	1.662226e-02	4.717395e+00
7.570000e-06	1.493159e-02	4.705237e+00
7.580000e-06	1.220900e-02	4.604654e+00
7.590000e-06	1.264106e-02	4.610078e+00
7.600000e-06	1.463731e-02	4.549895e+00
7.610000e-06	1.362524e-02	4.505242e+00
7.620000e-06	1.073062e-02	4.472080e+00
7.630000e-06	1.132788e-02	4.400503e+00
7.640000e-06	1.210348e-02	4.399500e+00
7.650000e-06	9.712727e-03	4.327321e+00
7.660000e-06	8.171468e-03	4.304258e+00
7.670000e-06	8.151828e-03	4.159924e+00
7.680000e-06	1.082756e-02	4.075160e+00
7.690000e-06	9.354481e-03	4.010525e+00
7.700000e-06	7.954952e-03	3.989475e+00
7.710000e-06	7.981481e-03	3.936845e+00
7.720000e-06	8.258217e-03	3.843708e+00
7.730000e-06	6.648636e-03	3.800554e+00
7.740000e-06	5.133837e-03	3.747892e+00
7.750000e-06	5.673194e-03	3.623161e+00
7.760000e-06	6.568660e-03	3.612002e+00
7.770000e-06	6.252763e-03	3.579446e+00
7.780000e-06	4.618168e-03	3.485763e+00
7.790000e-06	5.563151e-03	3.380574e+00
7.800000e-06	5.156562e-03	3.263212e+00
7.810000e-06	5.803901e-03	3.231528e+00
7.820000e-06	3.049030e-03	3.158897e+00
7.830000e-06	3.789475e-03	3.065738e+00
7.840000e-06	2.836667e-03	3.040001e+00
7.850000e-06	3.721914e-03	2.927770e+00
7.860000e-06	1.907120e-03	2.814205e+00
7.870000e-06	3.381360e-03	2.800022e+00
7.880000e-06	2.726762e-03	2.739316e+00
7.890000e-06	3.492749e-03	2.630498e+00
7.900000e-06	1.454285e-03	2.465089e+00
7.910000e-06	2.099740e-03	2.420501e+00
7.920000e-06	-1.999837e-05	2.345870e+00
7.930000e-06	2.786782e-03	2.272635e+00
7.940000e-06	-3.371541e-04	2.191471e+00
7.950000e-06	3.541584e-04	2.105763e+00
7.960000e-06	4.333767e-04	2.042504e+00
7.970000e-06	1.037030e-03	1.969499e+00
7.980000e-06	1.047833e-04	1.884690e+00
7.990000e-06	-2.847908e-04	1.769471e+00
8.000000e-06	-1.267643e-03	1.694812e+00
8.010000e-06	1.093333e-03	1.662074e+00
8.020000e-06	-1.596526e-03	1.488715e+00
8.030000e-06	-1.658857e-03	1.400554e+00
8.040000e-06	-2.276374e-03	1.315795e+00
8.050000e-06	-2.038843e-04	1.233079e+00
8.060000e-06	-1.170890e-03	1.148794e+00
8.070000e-06	-2.478877e-03	1.081527e+00
8.080000e-06	-1.492356e-03	8.852894e-01
8.090000e-06	-7.458534e-04	8.014526e-01
8.100000e-06	-2.004414e-03	7.583709e-01
8.110000e-06	-3.902961e-03	6.431802e-01
8.120000e-06	-3.310555e-03	5.278960e-01
8.130000e-06	-1.251268e-03	4.131329e-01
8.140000e-06	-3.488414e-03	4.109738e-01
8.150000e-06	-4.074247e-03	3.057684e-01
8.160000e-06	-3.621964e-03	2.108978e-01
8.170000e-06	-1.262732e-03	3.408665e-02
8.180000e-06	-3.202156e-03	-3.057363e-02
8.190000e-06	-2.795088e-03	-1.242080e-01
8.200000e-06	-1.211297e-03	-1.790761e-01
8.210000e-06	-1.384714e-03	-2.721289e-01
8.220000e-06	-3.468342e-03	-3.669159e-01
8.230000e-06	-3.978981e-03	-4.105237e-01
8.240000e-06	-4.525657e-03	-4.937830e-01
8.250000e-06	-1.501242e-03	-6.275001e-01
8.260000e-06	1.491528e-02	-7.432644e-01
8.270000e-06	4.150797e-02	-8.005275e-01
8.280000e-06	-2.487475e-02	-9.558647e-01
8.290000e-06	-8.759464e-02	-1.103759e+00
8.300000e-06	-1.947864e-02	-1.137370e+00
8.310000e-06	8.636288e-02	-1.055838e+00
8.320000e-06	1.527873e-02	-1.228496e+00
8.330000e-06	-1.031813e-01	-1.430055e+00
8.340000e-06	6.929072e-02	-1.515388e+00
8.350000e-06	4.930350e-02	-1.507944e+00
8.360000e-06	-4.006643e-02	-1.682757e+00
8.370000e-06	-6.096578e-02	-1.788977e+00
8.380000e-06	5.056047e-02	-1.810023e+00
8.390000e-06	-5.873435e-02	-1.892158e+00
8.400000e-06	-4.811990e-03	-2.037947e+00
8.410000e-06	1.161763e-01	-2.012181e+00
8.420000e-06	-1.016046e-01	-2.163286e+00
8.430000e-06	-8.365525e-02	-2.342683e+00
8.440000e-06	1.379344e-01	-2.369974e+00
8.450000e-06	-1.008642e-02	-2.461632e+00
8.460000e-06	-1.378967e-01	-2.536318e+00
8.470000e-06	3.487712e-02	-2.569548e+00
8.480000e-06	8.380943e-02	-2.723237e+00
8.490000e-06	-3.542471e-02	-2.778470e+00
8.500000e-06	-6.525505e-02	-2.789525e+00
8.510000e-06	-1.828861e-02	-2.933786e+00
8.520000e-06	5.345076e-02	-3.053208e+00
8.530000e-06	1.851764e-02	-3.125936e+00
8.540000e-06	-1.108347e-01	-3.188476e+00
8.550000e-06	1.734585e-02	-3.284683e+00
8.560000e-06	7.642901e-02	-3.377416e+00
8.570000e-06	-6.430805e-02	-3.409553e+00
8.580000e-06	-4.060516e-02	-3.502663e+00
8.590000e-06	1.387016e-02	-3.536894e+00
8.600000e-06	5.978115e-03	-3.640524e+00
8.610000e-06	-1.506735e-03	-3.643660e+00
8.620000e-06	-3.108905e-02	-3.765916e+00
8.630000e-06	-3.010560e-02	-3.892712e+00
8.640000e-06	3.571730e-02	-3.976893e+00
8.650000e-06	-2.128285e-02	-4.010025e+00
8.660000e-06	-3.880033e-02	-4.051628e+00
8.670000e-06	-6.975426e-03	-4.043787e+00
8.680000e-06	5.017144e-03	-4.218921e+00
8.690000e-06	4.916138e-03	-4.230577e+00
8.700000e-06	-3.763764e-02	-4.262085e+00
8.710000e-06	-2.242635e-02	-4.346311e+00
8.720000e-06	1.055749e-02	-4.379898e+00
8.730000e-06	-4.941052e-03	-4.410000e+00
8.740000e-06	-3.264703e-02	-4.462607e+00
8.750000e-06	-2.258619e-02	-4.484237e+00
8.760000e-06	5.180339e-03	-4.539520e+00
8.770000e-06	3.359322e-03	-4.662558e+00
8.780000e-06	-3.837561e-02	-4.664206e+00
8.790000e-06	-2.519308e-02	-4.684313e+00
8.800000e-06	9.487965e-03	-4.758367e+00
8.810000e-06	-1.123972e-02	-4.788100e+00
8.820000e-06	-2.520824e-02	-4.946336e+00
8.830000e-06	-2.712676e-02	-4.945816e+00
8.840000e-06	1.617829e-03	-5.009499e+00
8.850000e-06	-3.899608e-03	-5.050500e+00
8.860000e-06	-3.393026e-02	-5.062658e+00
8.870000e-06	-2.279949e-02	-5.114260e+00
8.880000e-06	-3.784394e-03	-5.136795e+00
8.890000e-06	-7.301784e-03	-5.189924e+00
8.900000e-06	-2.771245e-02	-5.211054e+00
8.910000e-06	-2.601990e-02	-5.260656e+00
8.920000e-06	-6.459736e-03	-5.263706e+00
8.930000e-06	-8.004176e-03	-5.366241e+00
8.940000e-06	-2.776826e-02	-5.398094e+00
8.950000e-06	-2.628607e-02	-5.411150e+00
8.960000e-06	-1.148843e-02	-5.454207e+00
8.970000e-06	-1.064857e-02	-5.514733e+00
8.980000e-06	-2.657316e-02	-5.565268e+00
8.990000e-06	-3.033935e-02	-5.547842e+00
9.000000e-06	-1.169281e-02	-5.557892e+00
9.010000e-06	-1.356767e-02	-5.589971e+00
9.020000e-06	-2.499982e-02	-5.588974e+00
9.030000e-06	-3.015677e-02	-5.579000e+00
9.040000e-06	-1.799769e-02	-5.599997e+00
9.050000e-06	-1.483622e-02	-5.601051e+00
9.060000e-06	-2.778248e-02	-5.610526e+00
9.070000e-06	-3.115284e-02	-5.600050e+00
9.080000e-06	-2.251656e-02	-5.630555e+00
9.090000e-06	-1.615621e-02	-5.610578e+00
9.100000e-06	-2.826978e-02	-5.631578e+00
9.110000e-06	-3.275189e-02	-5.611551e+00
9.120000e-06	-2.450290e-02	-5.619550e+00
9.130000e-06	-1.940416e-02	-5.610503e+00
9.140000e-06	-2.902346e-02	-5.600050e+00
9.150000e-06	-3.498794e-02	-5.631026e+00
9.160000e-06	-2.700161e-02	-5.599500e+00
9.170000e-06	-2.265347e-02	-5.600526e+00
9.180000e-06	-2.835063e-02	-5.600974e+00
9.190000e-06	-3.414330e-02	-5.590025e+00
9.200000e-06	-2.775272e-02	-5.610925e+00
9.210000e-06	-2.249237e-02	-5.589473e+00
9.220000e-06	-2.785790e-02	-5.588870e+00
9.230000e-06	-3.386283e-02	-5.547894e+00
9.240000e-06	-2.981734e-02	-5.534845e+00
9.250000e-06	-2.326384e-02	-5.508315e+00
9.260000e-06	-2.778067e-02	-5.494687e+00
9.270000e-06	-3.211985e-02	-5.441028e+00
9.280000e-06	-2.783660e-02	-5.360421e+00
9.290000e-06	-2.204547e-02	-5.378839e+00
9.300000e-06	-2.547131e-02	-5.306712e+00
9.310000e-06	-2.994270e-02	-5.253183e+00
9.320000e-06	-2.630163e-02	-5.221057e+00
9.330000e-06	-2.188154e-02	-5.190024e+00
9.340000e-06	-2.405204e-02	-5.176848e+00
9.350000e-06	-2.838349e-02	-5.108337e+00
9.360000e-06	-2.412205e-02	-5.093657e+00
9.370000e-06	-2.045611e-02	-4.992105e+00
9.380000e-06	-2.102008e-02	-5.011024e+00
9.390000e-06	-2.465556e-02	-4.965862e+00
9.400000e-06	-2.250440e-02	-4.892681e+00
9.410000e-06	-1.823310e-02	-4.791079e+00
9.420000e-06	-1.988417e-02	-4.734865e+00
9.430000e-06	-2.199279e-02	-4.685260e+00
9.440000e-06	-2.131253e-02	-4.621553e+00
9.450000e-06	-1.755728e-02	-4.631578e+00
9.460000e-06	-1.824022e-02	-4.608945e+00
9.470000e-06	-1.978698e-02	-4.485741e+00
9.480000e-06	-1.919981e-02	-4.464132e+00
9.490000e-06	-1.594416e-02	-4.422050e+00
9.500000e-06	-1.610252e-02	-4.390498e+00
9.510000e-06	-1.802035e-02	-4.378346e+00
9.520000e-06	-1.777883e-02	-4.305661e+00
9.530000e-06	-1.314104e-02	-4.232104e+00
9.540000e-06	-1.514908e-02	-4.190472e+00
9.550000e-06	-1.451402e-02	-4.087395e+00
9.560000e-06	-1.664167e-02	-4.042161e+00
9.570000e-06	-1.246590e-02	-4.011025e+00
9.580000e-06	-1.384620e-02	-3.959448e+00
9.590000e-06	-1.345052e-02	-3.884763e+00
9.600000e-06	-1.399193e-02	-3.769422e+00
9.610000e-06	-1.079817e-02	-3.695788e+00
9.620000e-06	-1.200785e-02	-3.631529e+00
9.630000e-06	-1.088498e-02	-3.569501e+00
9.640000e-06	-1.191362e-02	-3.516787e+00
9.650000e-06	-1.070612e-02	-3.423129e+00
9.660000e-06	-1.069182e-02	-3.398921e+00
9.670000e-06	-1.243927e-02	-3.283761e+00
9.680000e-06	-1.125645e-02	-3.232054e+00
9.690000e-06	-1.100317e-02	-3.199495e+00
9.700000e-06	-7.455885e-03	-3.064615e+00
9.710000e-06	-9.401435e-03	-2.939422e+00
9.720000e-06	-8.034703e-03	-2.853185e+00
9.730000e-06	-8.009468e-03	-2.791025e+00
9.740000e-06	-8.558282e-03	-2.707870e+00
9.750000e-06	-1.107647e-02	-2.642529e+00
9.760000e-06	-9.810893e-03	-2.589376e+00
9.770000e-06	-8.668448e-03	-2.474633e+00
9.780000e-06	-7.644197e-03	-2.411526e+00
9.790000e-06	-7.178712e-03	-2.358397e+00
9.800000e-06	-6.738612e-03	-2.213027e+00
9.810000e-06	-5.503006e-03	-2.085791e+00
9.820000e-06	-7.680920e-03	-2.022578e+00
9.830000e-06	-7.765725e-03	-1.998920e+00
9.840000e-06	-8.293148e-03	-1.873635e+00
9.850000e-06	-6.287206e-03	-1.791474e+00
9.860000e-06	-5.933029e-03	-1.738887e+00
9.870000e-06	-5.640165e-03	-1.652604e+00
9.880000e-06	-6.203260e-03	-1.560000e+00
9.890000e-06	-4.436948e-03	-1.474711e+00
9.900000e-06	-5.321195e-03	-1.328843e+00
9.910000e-06	-5.918956e-03	-1.222028e+00
9.920000e-06	-6.260050e-03	-1.127842e+00
9.930000e-06	-4.270810e-03	-1.062079e+00
9.940000e-06	-4.986089e-03	-9.684410e-01
9.950000e-06	-4.622026e-03	-8.646104e-01
9.960000e-06	-5.038603e-03	-7.999250e-01
9.970000e-06	-4.209614e-03	-7.367657e-01
9.980000e-06	-3.588428e-03	-5.709700e-01
9.990000e-06	-3.234275e-03	-4.841605e-01
1.000000e-05	-3.445375e-03	-3.914751e-01
1.001000e-05	-3.520559e-03	-3.172407e-01
1.002000e-05	-3.392405e-03	-2.130778e-01
1.003000e-05	-2.696599e-03	-9.834323e-02
1.004000e-05	-2.633835e-03	-2.218033e-02
1.005000e-05	-5.855073e-04	1.037500e-04
1.006000e-05	8.769170e-04	7.473434e-02
1.007000e-05	-1.395458e-03	2.715727e-01
1.008000e-05	-4.357715e-04	3.474445e-01
1.009000e-05	-1.805597e-03	3.795500e-01
1.010000e-05	6.414816e-04	4.822130e-01
1.011000e-05	1.924668e-03	5.805199e-01
1.012000e-05	2.252787e-02	6.816855e-01
1.013000e-05	3.461808e-02	7.774211e-01
1.014000e-05	-2.170686e-02	9.127833e-01
1.015000e-05	-8.140867e-02	1.049505e+00
1.016000e-05	-1.611369e-02	1.083212e+00
1.017000e-05	9.453828e-02	1.186471e+00
1.018000e-05	7.699068e-03	1.281159e+00
1.019000e-05	-9.901071e-02	1.366919e+00
1.020000e-05	5.844615e-02	1.429503e+00
1.021000e-05	5.375779e-02	1.646471e+00
1.022000e-05	-3.414235e-03	1.713316e+00
1.023000e-05	-5.879571e-02	1.687317e+00
1.024000e-05	3.590873e-02	1.850103e+00
1.025000e-05	-3.832052e-02	1.967245e+00
1.026000e-05	2.500801e-02	1.959501e+00
1.027000e-05	8.248944e-02	2.031578e+00
1.028000e-05	-8.558527e-02	2.167871e+00
1.029000e-05	-3.913285e-02	2.220555e+00
1.030000e-05	9.684175e-02	2.263236e+00
1.031000e-05	1.862306e-02	2.399370e+00
1.032000e-05	-9.537300e-02	2.432053e+00
1.033000e-05	9.421231e-03	2.536420e+00
1.034000e-05	7.372349e-02	2.691604e+00
1.035000e-05	2.246268e-02	2.757944e+00
1.036000e-05	-7.134170e-02	2.860530e+00
1.037000e-05	-9.948099e-03	2.916288e+00
1.038000e-05	5.525364e-02	2.958974e+00
1.039000e-05	2.554016e-02	3.042083e+00
1.040000e-05	-6.293283e-02	3.147766e+00
1.041000e-05	1.396901e-02	3.199000e+00
1.042000e-05	5.557230e-02	3.250553e+00
1.043000e-05	-1.670558e-02	3.306237e+00
1.044000e-05	-8.620574e-03	3.472084e+00
1.045000e-05	-6.966486e-03	3.547846e+00
1.046000e-05	2.368810e-02	3.599025e+00
1.047000e-05	1.143057e-02	3.681629e+00
1.048000e-05	4.579779e-03	3.726766e+00
1.049000e-05	-2.203260e-02	3.808447e+00
1.050000e-05	2.985060e-02	3.832580e+00
1.051000e-05	1.671211e-02	3.884258e+00
1.052000e-05	-1.325596e-02	3.987395e+00
1.053000e-05	-1.333884e-03	4.010551e+00
1.054000e-05	1.734668e-02	4.071580e+00
1.055000e-05	2.217103e-02	4.135468e+00
1.056000e-05	-9.846157e-03	4.171028e+00
1.057000e-05	1.105319e-03	4.303817e+00
1.058000e-05	9.999891e-03	4.368949e+00
1.059000e-05	2.390056e-02	4.410000e+00
1.060000e-05	-4.974427e-03	4.441685e+00
1.061000e-05	-3.855208e-03	4.565316e+00
1.062000e-05	2.033757e-02	4.567413e+00
1.063000e-05	1.908758e-02	4.619474e+00
1.064000e-05	-2.116747e-03	4.682232e+00
1.065000e-05	-4.685609e-03	4.695233e+00
1.066000e-05	2.082849e-02	4.788392e+00
1.067000e-05	1.743928e-02	4.798473e+00
1.068000e-05	4.316015e-03	4.829557e+00
1.069000e-05	-4.051866e-04	4.926157e+00
1.070000e-05	1.938729e-02	4.936819e+00
1.071000e-05	1.982944e-02	4.989078e+00
1.072000e-05	1.172129e-03	5.095634e+00
1.073000e-05	1.770463e-03	5.144842e+00
1.074000e-05	1.549935e-02	5.209450e+00
1.075000e-05	2.199518e-02	5.189450e+00
1.076000e-05	6.448509e-03	5.271108e+00
1.077000e-05	6.952558e-03	5.283163e+00
1.078000e-05	1.627705e-02	5.326161e+00
1.079000e-05	2.044514e-02	5.367295e+00
1.080000e-05	8.747736e-03	5.357945e+00
1.081000e-05	5.196663e-03	5.398476e+00
1.082000e-05	1.813502e-02	5.409573e+00
1.083000e-05	2.121152e-02	5.439599e+00
1.084000e-05	1.600241e-02	5.441081e+00
1.085000e-05	6.505566e-03	5.464108e+00
1.086000e-05	2.042732e-02	5.474711e+00
1.087000e-05	2.082327e-02	5.514186e+00
1.088000e-05	1.426063e-02	5.494264e+00
1.089000e-05	8.375833e-03	5.514292e+00
1.090000e-05	1.861271e-02	5.527289e+00
1.091000e-05	2.450671e-02	5.535793e+00
1.092000e-05	1.730400e-02	5.557366e+00
1.093000e-05	1.580498e-02	5.558413e+00
1.094000e-05	1.847419e-02	5.537874e+00
1.095000e-05	2.633334e-02	5.528420e+00
1.096000e-05	1.842456e-02	5.567847e+00
1.097000e-05	1.591048e-02	5.527372e+00
1.098000e-05	2.017321e-02	5.558247e+00
1.099000e-05	2.738986e-02	5.547442e+00
1.100000e-05	2.153735e-02	5.557370e+00
1.101000e-05	1.928804e-02	5.516792e+00
1.102000e-05	2.329841e-02	5.525266e+00
1.103000e-05	2.749725e-02	5.507317e+00
1.104000e-05	2.351431e-02	5.515290e+00
1.105000e-05	1.865823e-02	5.495186e+00
1.106000e-05	2.264598e-02	5.496233e+00
1.107000e-05	2.555331e-02	5.494183e+00
1.108000e-05	2.270505e-02	5.461633e+00
1.109000e-05	2.150457e-02	5.452054e+00
1.110000e-05	2.207990e-02	5.420076e+00
1.111000e-05	2.542498e-02	5.412024e+00
1.112000e-05	2.212764e-02	5.380446e+00
1.113000e-05	2.033711e-02	5.377875e+00
1.114000e-05	1.971001e-02	5.326816e+00
1.115000e-05	2.260423e-02	5.306732e+00
1.116000e-05	2.041543e-02	5.281702e+00
1.117000e-05	1.923031e-02	5.231031e+00
1.118000e-05	1.810730e-02	5.209500e+00
1.119000e-05	2.177222e-02	5.148446e+00
1.120000e-05	1.927861e-02	5.058788e+00
1.121000e-05	1.694804e-02	5.073708e+00
1.122000e-05	1.723884e-02	4.981895e+00
1.123000e-05	1.692124e-02	4.925714e+00
1.124000e-05	1.884498e-02	4.842636e+00
1.125000e-05	1.318253e-02	4.822028e+00
1.126000e-05	1.464700e-02	4.810449e+00
1.127000e-05	1.546890e-02	4.758395e+00
1.128000e-05	1.640342e-02	4.664262e+00
1.129000e-05	1.173126e-02	4.672631e+00
1.130000e-05	1.114935e-02	4.609951e+00
1.131000e-05	1.467626e-02	4.568397e+00
1.132000e-05	1.426798e-02	4.502767e+00
1.133000e-05	1.058336e-02	4.443584e+00
1.134000e-05	1.044943e-02	4.411055e+00
1.135000e-05	1.299257e-02	4.389948e+00
1.136000e-05	1.165781e-02	4.358870e+00
1.137000e-05	9.289097e-03	4.276089e+00
1.138000e-05	8.167051e-03	4.219424e+00
1.139000e-05	9.829878e-03	4.055758e+00
1.140000e-05	9.695225e-03	4.030032e+00
1.141000e-05	8.284506e-03	3.988474e+00
1.142000e-05	6.856022e-03	3.918346e+00
1.143000e-05	8.373750e-03	3.864187e+00
1.144000e-05	8.569869e-03	3.779576e+00
1.145000e-05	6.836461e-03	3.727945e+00
1.146000e-05	4.985810e-03	3.674134e+00
1.147000e-05	5.876587e-03	3.602502e+00
1.148000e-05	5.579617e-03	3.590470e+00
1.149000e-05	5.342206e-03	3.457315e+00
1.150000e-05	3.713779e-03	3.371026e+00
1.151000e-05	5.886833e-03	3.284163e+00
1.152000e-05	4.626809e-03	3.211051e+00
1.153000e-05	5.314290e-03	3.159896e+00
1.154000e-05	2.768634e-03	3.085762e+00
1.155000e-05	2.968383e-03	3.002103e+00
1.156000e-05	2.766168e-03	2.928320e+00
1.157000e-05	3.336436e-03	2.862656e+00
1.158000e-05	1.855432e-03	2.810525e+00
1.159000e-05	2.513368e-03	2.728320e+00
1.160000e-05	2.312801e-03	2.630583e+00
1.161000e-05	3.988657e-03	2.474112e+00
1.162000e-05	1.178273e-03	2.400002e+00
1.163000e-05	1.797834e-03	2.358842e+00
1.164000e-05	1.777576e-03	2.253636e+00
1.165000e-05	1.431704e-03	2.170976e+00
1.166000e-05	-3.387561e-05	2.074713e+00
1.167000e-05	-1.302989e-04	2.011630e+00
1.168000e-05	8.218968e-04	1.978945e+00
1.169000e-05	9.784713e-04	1.875659e+00
1.170000e-05	-7.869972e-04	1.768974e+00
1.171000e-05	-4.096671e-04	1.695738e+00
1.172000e-05	-9.011206e-04	1.630451e+00
1.173000e-05	6.664098e-04	1.487265e+00
1.174000e-05	-1.439570e-03	1.399976e+00
1.175000e-05	-1.225787e-03	1.287346e+00
1.176000e-05	-1.473542e-03	1.192657e+00
1.177000e-05	-7.226971e-04	1.127321e+00
1.178000e-05	-2.915514e-03	1.022079e+00
1.179000e-05	-2.154601e-03	8.972355e-01
1.180000e-05	-3.038475e-03	8.110028e-01
1.181000e-05	-1.266386e-03	7.373684e-01
1.182000e-05	-1.919130e-03	6.341065e-01
1.183000e-05	-2.226300e-03	5.698948e-01
1.184000e-05	-2.799386e-03	4.446317e-01
1.185000e-05	-2.316332e-03	4.009738e-01
1.186000e-05	-4.014644e-03	2.967884e-01
1.187000e-05	-3.858518e-03	2.203963e-01
1.188000e-05	-3.229837e-03	3.316041e-02
1.189000e-05	-2.703917e-03	-9.576319e-03
1.190000e-05	-1.618193e-03	-1.043130e-01
1.191000e-05	-1.337791e-03	-1.779700e-01
1.192000e-05	-1.674981e-03	-2.611328e-01
1.193000e-05	-3.734543e-03	-3.569173e-01
1.194000e-05	-2.778810e-03	-4.300263e-01
1.195000e-05	-3.930604e-03	-4.852093e-01
1.196000e-05	-3.179116e-03	-6.504451e-01
1.197000e-05	1.448727e-02	-6.962331e-01
1.198000e-05	4.279600e-02	-8.279738e-01
1.199000e-05	-2.452325e-02	-9.448395e-01
1.200000e-05	-8.904616e-02	-1.123712e+00
1.201000e-05	-2.025731e-02	-1.167943e+00
1.202000e-05	8.778974e-02	-1.125313e+00
1.203000e-05	1.656139e-02	-1.249974e+00
1.204000e-05	-1.046885e-01	-1.491006e+00
1.205000e-05	7.060885e-02	-1.566367e+00
1.206000e-05	4.807458e-02	-1.536445e+00
1.207000e-05	-3.869902e-02	-1.694209e+00
1.208000e-05	-6.221114e-02	-1.810544e+00
1.209000e-05	4.993155e-02	-1.801023e+00
1.210000e-05	-5.874575e-02	-1.893208e+00
1.211000e-05	-4.403756e-03	-2.008500e+00
1.212000e-05	1.194262e-01	-2.011626e+00
1.213000e-05	-1.044461e-01	-2.073784e+00
1.214000e-05	-8.481754e-02	-2.314157e+00
1.215000e-05	1.400964e-01	-2.378024e+00
1.216000e-05	-8.537226e-03	-2.461108e+00
1.217000e-05	-1.407108e-01	-2.525843e+00
1.218000e-05	3.571921e-02	-2.608496e+00
1.219000e-05	8.497810e-02	-2.682734e+00
1.220000e-05	-3.508552e-02	-2.787421e+00
1.221000e-05	-6.783905e-02	-2.809525e+00
1.222000e-05	-1.882052e-02	-2.915737e+00
1.223000e-05	5.375570e-02	-3.093154e+00
1.224000e-05	2.102817e-02	-3.144892e+00
1.225000e-05	-1.126262e-01	-3.178971e+00
1.226000e-05	1.700836e-02	-3.303257e+00
1.227000e-05	7.840910e-02	-3.387846e+00
1.228000e-05	-6.275210e-02	-3.441002e+00
1.229000e-05	-4.239533e-02	-3.504162e+00
1.230000e-05	1.354598e-02	-3.516292e+00
1.231000e-05	4.773598e-03	-3.611075e+00
1.232000e-05	-1.102155e-03	-3.662658e+00
1.233000e-05	-3.173904e-02	-3.694262e+00
1.234000e-05	-2.931487e-02	-3.872657e+00
1.235000e-05	3.611915e-02	-3.968397e+00
1.236000e-05	-1.951999e-02	-3.999950e+00
1.237000e-05	-3.858920e-02	-4.030080e+00
1.238000e-05	-6.349927e-03	-4.114263e+00
1.239000e-05	2.263216e-03	-4.176868e+00
1.240000e-05	5.773491e-03	-4.209978e+00
1.241000e-05	-3.737125e-02	-4.272157e+00
1.242000e-05	-2.202518e-02	-4.355840e+00
1.243000e-05	1.120355e-02	-4.388995e+00
1.244000e-05	-2.560028e-03	-4.390026e+00
1.245000e-05	-3.267403e-02	-4.442127e+00
1.246000e-05	-2.247619e-02	-4.504734e+00
1.247000e-05	4.009608e-03	-4.596994e+00
1.248000e-05	3.910409e-03	-4.660653e+00
1.249000e-05	-3.750079e-02	-4.705189e+00
1.250000e-05	-2.543768e-02	-4.735791e+00
1.251000e-05	1.057677e-02	-4.768017e+00
1.252000e-05	-1.103931e-02	-4.849121e+00
1.253000e-05	-2.429536e-02	-4.843157e+00
1.254000e-05	-2.881217e-02	-4.935216e+00
1.255000e-05	5.092601e-04	-4.989996e+00
1.256000e-05	-3.175898e-03	-5.021476e+00
1.257000e-05	-3.310829e-02	-5.072203e+00
1.258000e-05	-2.130526e-02	-5.126215e+00
1.259000e-05	-3.376714e-03	-5.175818e+00
1.260000e-05	-6.659169e-03	-5.169449e+00
1.261000e-05	-2.879125e-02	-5.221500e+00
1.262000e-05	-2.667307e-02	-5.252604e+00
1.263000e-05	-6.677033e-03	-5.293258e+00
1.264000e-05	-8.984844e-03	-5.317369e+00
1.265000e-05	-2.867820e-02	-5.387899e+00
1.266000e-05	-2.511181e-02	-5.390980e+00
1.267000e-05	-1.085060e-02	-5.444662e+00
1.268000e-05	-9.850008e-03	-5.525684e+00
1.269000e-05	-2.762032e-02	-5.515363e+00
1.270000e-05	-2.878872e-02	-5.546917e+00
1.271000e-05	-1.326435e-02	-5.578397e+00
1.272000e-05	-1.364368e-02	-5.618494e+00
1.273000e-05	-2.588945e-02	-5.609469e+00
1.274000e-05	-2.880950e-02	-5.599974e+00
1.275000e-05	-1.710942e-02	-5.600574e+00
1.276000e-05	-1.319312e-02	-5.581051e+00
1.277000e-05	-2.785862e-02	-5.601102e+00
1.278000e-05	-3.094957e-02	-5.600025e+00
1.279000e-05	-2.103107e-02	-5.620551e+00
1.280000e-05	-1.766591e-02	-5.641000e+00
1.281000e-05	-2.873707e-02	-5.600503e+00
1.282000e-05	-3.283839e-02	-5.601551e+00
1.283000e-05	-2.346519e-02	-5.630528e+00
1.284000e-05	-1.851951e-02	-5.631025e+00
1.285000e-05	-2.883944e-02	-5.610025e+00
1.286000e-05	-3.383878e-02	-5.611550e+00
1.287000e-05	-2.629558e-02	-5.600526e+00
1.288000e-05	-2.271145e-02	-5.601024e+00
1.289000e-05	-3.166276e-02	-5.609975e+00
1.290000e-05	-3.554944e-02	-5.599496e+00
1.291000e-05	-2.678856e-02	-5.610398e+00
1.292000e-05	-2.186951e-02	-5.558952e+00
1.293000e-05	-2.862492e-02	-5.589421e+00
1.294000e-05	-3.307194e-02	-5.546893e+00
1.295000e-05	-2.710946e-02	-5.568795e+00
1.296000e-05	-2.435321e-02	-5.465317e+00
1.297000e-05	-2.967913e-02	-5.483712e+00
1.298000e-05	-3.389327e-02	-5.431503e+00
1.299000e-05	-2.609955e-02	-5.388971e+00
1.300000e-05	-2.228547e-02	-5.326844e+00
1.301000e-05	-2.596471e-02	-5.285256e+00
1.302000e-05	-3.001205e-02	-5.232632e+00
1.303000e-05	-2.485905e-02	-5.231052e+00
1.304000e-05	-2.207322e-02	-5.179495e+00
1.305000e-05	-2.396153e-02	-5.186948e+00
1.306000e-05	-2.843171e-02	-5.137365e+00
1.307000e-05	-2.371884e-02	-5.044708e+00
1.308000e-05	-2.032175e-02	-5.011580e+00
1.309000e-05	-2.162347e-02	-4.980500e+00
1.310000e-05	-2.580093e-02	-4.968870e+00
1.311000e-05	-2.237738e-02	-4.895657e+00
1.312000e-05	-1.879414e-02	-4.768671e+00
1.313000e-05	-1.932498e-02	-4.747693e+00
1.314000e-05	-2.244568e-02	-4.666731e+00
1.315000e-05	-2.061814e-02	-4.660629e+00
1.316000e-05	-1.651494e-02	-4.611550e+00
1.317000e-05	-1.808090e-02	-4.577521e+00
1.318000e-05	-2.129959e-02	-4.506866e+00
1.319000e-05	-1.946554e-02	-4.463229e+00
1.320000e-05	-1.593429e-02	-4.441525e+00
1.321000e-05	-1.531540e-02	-4.399974e+00
1.322000e-05	-1.899433e-02	-4.377419e+00
1.323000e-05	-1.719850e-02	-4.295210e+00
1.324000e-05	-1.370246e-02	-4.213578e+00
1.325000e-05	-1.367546e-02	-4.180020e+00
1.326000e-05	-1.596914e-02	-4.127340e+00
1.327000e-05	-1.587395e-02	-4.065208e+00
1.328000e-05	-1.327011e-02	-4.030026e+00
1.329000e-05	-1.354071e-02	-3.978322e+00
1.330000e-05	-1.432203e-02	-3.896281e+00
1.331000e-05	-1.522267e-02	-3.800026e+00
1.332000e-05	-1.240639e-02	-3.686688e+00
1.333000e-05	-1.103252e-02	-3.620604e+00
1.334000e-05	-1.111714e-02	-3.578472e+00
1.335000e-05	-1.155859e-02	-3.506261e+00
1.336000e-05	-1.136407e-02	-3.422158e+00
1.337000e-05	-1.093166e-02	-3.330920e+00
1.338000e-05	-1.174938e-02	-3.283588e+00
1.339000e-05	-1.152727e-02	-3.252076e+00
1.340000e-05	-1.088321e-02	-3.177425e+00
1.341000e-05	-8.540222e-03	-3.095711e+00
1.342000e-05	-8.489000e-03	-2.948471e+00
1.343000e-05	-8.379249e-03	-2.853055e+00
1.344000e-05	-8.863399e-03	-2.800499e+00
1.345000e-05	-7.820346e-03	-2.736863e+00
1.346000e-05	-9.107869e-03	-2.634655e+00
1.347000e-05	-1.030176e-02	-2.598921e+00
1.348000e-05	-9.125197e-03	-2.485208e+00
1.349000e-05	-7.451870e-03	-2.421003e+00
1.350000e-05	-6.482559e-03	-2.339871e+00
1.351000e-05	-7.649401e-03	-2.253176e+00
1.352000e-05	-6.711918e-03	-2.116259e+00
1.353000e-05	-6.957548e-03	-2.042004e+00
1.354000e-05	-6.169430e-03	-1.989421e+00
1.355000e-05	-8.318537e-03	-1.876108e+00
1.356000e-05	-7.015406e-03	-1.791549e+00
1.357000e-05	-5.769224e-03	-1.735365e+00
1.358000e-05	-5.504690e-03	-1.624079e+00
1.359000e-05	-6.257119e-03	-1.578446e+00
1.360000e-05	-4.740712e-03	-1.475216e+00
1.361000e-05	-4.946826e-03	-1.307892e+00
1.362000e-05	-4.704926e-03	-1.211550e+00
1.363000e-05	-7.096095e-03	-1.148341e+00
1.364000e-05	-3.562084e-03	-1.042107e+00
1.365000e-05	-4.428790e-03	-9.783923e-01
1.366000e-05	-4.618681e-03	-8.341355e-01
1.367000e-05	-4.332741e-03	-7.905236e-01
1.368000e-05	-4.134982e-03	-6.647594e-01
1.369000e-05	-3.467196e-03	-5.510738e-01
1.370000e-05	-4.286664e-03	-4.632316e-01
1.371000e-05	-4.022852e-03	-4.099488e-01
1.372000e-05	-4.090750e-03	-3.047644e-01
1.373000e-05	-3.864171e-03	-2.519989e-01
1.374000e-05	-2.677746e-03	-1.168410e-01
1.375000e-05	-1.487180e-03	-4.373390e-02
1.376000e-05	-1.063346e-04	9.052503e-03
1.377000e-05	9.814627e-04	1.041592e-01
1.378000e-05	-1.700455e-03	2.375281e-01
1.379000e-05	-4.057432e-04	3.563170e-01
1.380000e-05	-1.856075e-03	3.994239e-01
1.381000e-05	-9.327397e-04	4.631816e-01
1.382000e-05	1.523968e-03	5.573949e-01
1.383000e-05	2.144613e-02	6.731305e-01
1.384000e-05	3.682025e-02	7.568724e-01
1.385000e-05	-2.278778e-02	9.216845e-01
1.386000e-05	-8.152938e-02	1.030006e+00
1.387000e-05	-1.454582e-02	1.094735e+00
1.388000e-05	9.623793e-02	1.186419e+00
1.389000e-05	7.749839e-03	1.302236e+00
1.390000e-05	-1.021864e-01	1.376921e+00
1.391000e-05	5.993999e-02	1.429526e+00
1.392000e-05	5.427901e-02	1.627930e+00
1.393000e-05	-4.443559e-03	1.714867e+00
1.394000e-05	-5.872481e-02	1.746840e+00
1.395000e-05	3.615770e-02	1.839501e+00
1.396000e-05	-3.531191e-02	1.976795e+00
1.397000e-05	2.455513e-02	1.989500e+00
1.398000e-05	8.164817e-02	2.041630e+00
1.399000e-05	-8.703627e-02	2.186821e+00
1.400000e-05	-3.937473e-02	2.260553e+00
1.401000e-05	9.796972e-02	2.303211e+00
1.402000e-05	1.714254e-02	2.357924e+00
1.403000e-05	-9.609594e-02	2.433105e+00
1.404000e-05	1.243259e-02	2.556371e+00
1.405000e-05	7.372924e-02	2.703083e+00
1.406000e-05	2.193013e-02	2.755972e+00
1.407000e-05	-7.157322e-02	2.821029e+00
1.408000e-05	-9.345999e-03	2.944289e+00
1.409000e-05	5.670323e-02	2.967899e+00
1.410000e-05	2.474393e-02	3.011726e+00
1.411000e-05	-6.362215e-02	3.165840e+00
1.412000e-05	1.412017e-02	3.180501e+00
1.413000e-05	5.696734e-02	3.220504e+00
1.414000e-05	-1.821394e-02	3.346242e+00
1.415000e-05	-9.066361e-03	3.450656e+00
1.416000e-05	-5.264273e-03	3.544895e+00
1.417000e-05	2.538831e-02	3.588505e+00
1.418000e-05	1.099290e-02	3.611579e+00
1.419000e-05	3.466574e-03	3.743239e+00
1.420000e-05	-2.143483e-02	3.760469e+00
1.421000e-05	2.994958e-02	3.861633e+00
1.422000e-05	1.617945e-02	3.915691e+00
1.423000e-05	-1.480438e-02	3.988525e+00
1.424000e-05	-1.623801e-03	4.011026e+00
1.425000e-05	1.814309e-02	4.091030e+00
1.426000e-05	2.300199e-02	4.145815e+00
1.427000e-05	-9.701957e-03	4.229957e+00
1.428000e-05	2.465092e-03	4.325790e+00
1.429000e-05	1.259027e-02	4.378923e+00
1.430000e-05	2.373943e-02	4.420425e+00
1.431000e-05	-5.686856e-03	4.450104e+00
1.432000e-05	-4.620530e-03	4.504237e+00
1.433000e-05	1.985284e-02	4.557396e+00
1.434000e-05	1.852671e-02	4.620029e+00
1.435000e-05	-1.391237e-03	4.673706e+00
1.436000e-05	-2.830711e-03	4.725192e+00
1.437000e-05	2.358790e-02	4.767844e+00
1.438000e-05	1.740151e-02	4.778976e+00
1.439000e-05	2.615803e-03	4.860028e+00
1.440000e-05	-2.316223e-03	4.872137e+00
1.441000e-05	1.860934e-02	4.905742e+00
1.442000e-05	1.972879e-02	5.000501e+00
1.443000e-05	1.275737e-03	5.112211e+00
1.444000e-05	4.320394e-03	5.136346e+00
1.445000e-05	1.743597e-02	5.178499e+00
1.446000e-05	2.388294e-02	5.200500e+00
1.447000e-05	3.502717e-03	5.231077e+00
1.448000e-05	6.256844e-03	5.244661e+00
1.449000e-05	1.507942e-02	5.305790e+00
1.450000e-05	2.083857e-02	5.328343e+00
1.451000e-05	7.810868e-03	5.378868e+00
1.452000e-05	5.037281e-03	5.378954e+00
1.453000e-05	1.910900e-02	5.409474e+00
1.454000e-05	2.088552e-02	5.430057e+00
1.455000e-05	1.337302e-02	5.431628e+00
1.456000e-05	6.074400e-03	5.453707e+00
1.457000e-05	1.963609e-02	5.465683e+00
1.458000e-05	2.192179e-02	5.472760e+00
1.459000e-05	1.598614e-02	5.513822e+00
1.460000e-05	1.042718e-02	5.525814e+00
1.461000e-05	1.840682e-02	5.507813e+00
1.462000e-05	2.353773e-02	5.528315e+00
1.463000e-05	1.575882e-02	5.557917e+00
1.464000e-05	1.351530e-02	5.545843e+00
1.465000e-05	1.890125e-02	5.556396e+00
1.466000e-05	2.760333e-02	5.586413e+00
1.467000e-05	2.093378e-02	5.535946e+00
1.468000e-05	1.694985e-02	5.536366e+00
1.469000e-05	1.975530e-02	5.579847e+00
1.470000e-05	2.646953e-02	5.537272e+00
1.471000e-05	2.165860e-02	5.527367e+00
1.472000e-05	1.648744e-02	5.526191e+00
1.473000e-05	2.223625e-02	5.508793e+00
1.474000e-05	2.835461e-02	5.515820e+00
1.475000e-05	2.573673e-02	5.545318e+00
1.476000e-05	1.915680e-02	5.464710e+00
1.477000e-05	2.451421e-02	5.475734e+00
1.478000e-05	2.611813e-02	5.463762e+00
1.479000e-05	2.382151e-02	5.453058e+00
1.480000e-05	1.810589e-02	5.442107e+00
1.481000e-05	2.132463e-02	5.411050e+00
1.482000e-05	2.554184e-02	5.401553e+00
1.483000e-05	2.275733e-02	5.369474e+00
1.484000e-05	2.055530e-02	5.408344e+00
1.485000e-05	2.069576e-02	5.316791e+00
1.486000e-05	2.386778e-02	5.305759e+00
1.487000e-05	2.197964e-02	5.284608e+00
1.488000e-05	1.732039e-02	5.262102e+00
1.489000e-05	1.857603e-02	5.210423e+00
1.490000e-05	2.024517e-02	5.128894e+00
1.491000e-05	2.033473e-02	5.137267e+00
1.492000e-05	1.551891e-02	5.082583e+00
1.493000e-05	1.731963e-02	4.959844e+00
1.494000e-05	1.830033e-02	4.905345e+00
1.495000e-05	1.850491e-02	4.853112e+00
1.496000e-05	1.352225e-02	4.811029e+00
1.497000e-05	1.553764e-02	4.790476e+00
1.498000e-05	1.531128e-02	4.747846e+00
1.499000e-05	1.595505e-02	4.685736e+00
1.500000e-05	1.137742e-02	4.643129e+00
1.501000e-05	1.267818e-02	4.600472e+00
1.502000e-05	1.358334e-02	4.548917e+00
1.503000e-05	1.358739e-02	4.466762e+00
1.504000e-05	1.049021e-02	4.422632e+00
1.505000e-05	1.131296e-02	4.410076e+00
1.506000e-05	1.162224e-02	4.388999e+00
1.507000e-05	1.183307e-02	4.299394e+00
1.508000e-05	8.424406e-03	4.244687e+00
1.509000e-05	9.499452e-03	4.167475e+00
1.510000e-05	9.245943e-03	4.034163e+00
1.511000e-05	8.820659e-03	4.010001e+00
1.512000e-05	6.933867e-03	3.979000e+00
1.513000e-05	7.332588e-03	3.887794e+00
1.514000e-05	7.386977e-03	3.865212e+00
1.515000e-05	7.747811e-03	3.799476e+00
1.516000e-05	6.134338e-03	3.687841e+00
1.517000e-05	6.596436e-03	3.663637e+00
1.518000e-05	6.225307e-03	3.620501e+00
1.519000e-05	5.767067e-03	3.558448e+00
1.520000e-05	5.018858e-03	3.506220e+00
1.521000e-05	3.998038e-03	3.369628e+00
1.522000e-05	4.837877e-03	3.274211e+00
1.523000e-05	4.015946e-03	3.211025e+00
1.524000e-05	3.608272e-03	3.168421e+00
1.525000e-05	3.959564e-03	3.104711e+00
1.526000e-05	3.593310e-03	3.001553e+00
1.527000e-05	4.259864e-03	2.926816e+00
1.528000e-05	1.860531e-03	2.842653e+00
1.529000e-05	2.521040e-03	2.820526e+00
1.530000e-05	1.658219e-03	2.738269e+00
1.531000e-05	2.614611e-03	2.603058e+00
1.532000e-05	1.721704e-03	2.484766e+00
1.533000e-05	1.560301e-03	2.401029e+00
1.534000e-05	2.079021e-03	2.367320e+00
1.535000e-05	2.320331e-03	2.244656e+00
1.536000e-05	1.110599e-03	2.160019e+00
1.537000e-05	4.832248e-04	2.095212e+00
1.538000e-05	3.123278e-04	2.012578e+00
1.539000e-05	1.758391e-03	1.948949e+00
1.540000e-05	-2.744932e-04	1.895212e+00
1.541000e-05	-6.724721e-04	1.779998e+00
1.542000e-05	-5.340686e-05	1.666237e+00
1.543000e-05	-4.496460e-04	1.609560e+00
1.544000e-05	-1.323000e-03	1.495770e+00
1.545000e-05	-1.781801e-03	1.400926e+00
1.546000e-05	-1.333533e-03	1.296893e+00
1.547000e-05	-1.154331e-03	1.242028e+00
1.548000e-05	-1.325834e-03	1.139893e+00
1.549000e-05	-7.945032e-04	9.631055e-01
1.550000e-05	-3.087996e-03	8.632632e-01
1.551000e-05	-8.404636e-04	7.915239e-01
1.552000e-05	-4.003184e-03	7.078934e-01
1.553000e-05	-2.500598e-03	6.340317e-01
1.554000e-05	-3.734621e-03	5.504473e-01
1.555000e-05	-2.074695e-03	4.536829e-01
1.556000e-05	-2.318551e-03	3.904763e-01
1.557000e-05	-2.821566e-03	3.177894e-01
1.558000e-05	-2.419154e-03	2.114228e-01
1.559000e-05	-1.788582e-03	6.463534e-02
1.560000e-05	-3.507575e-03	9.962528e-04
1.561000e-05	-3.588604e-03	-1.227854e-01
1.562000e-05	-2.465211e-03	-1.889972e-01
1.563000e-05	-2.416881e-03	-2.336828e-01
1.564000e-05	-2.466700e-03	-3.674684e-01
1.565000e-05	-3.047543e-03	-4.295513e-01
1.566000e-05	-3.461019e-03	-5.046852e-01
1.567000e-05	-2.866923e-03	-6.284784e-01
1.568000e-05	1.561602e-02	-7.452406e-01
1.569000e-05	4.119633e-02	-7.995275e-01
1.570000e-05	-2.530571e-02	-9.847881e-01
1.571000e-05	-9.004595e-02	-1.094762e+00
1.572000e-05	-1.991571e-02	-1.177342e+00
1.573000e-05	8.658546e-02	-1.095814e+00
1.574000e-05	1.618050e-02	-1.209553e+00
1.575000e-05	-1.054687e-01	-1.472134e+00
1.576000e-05	7.358861e-02	-1.547369e+00
1.577000e-05	4.725755e-02	-1.516917e+00
1.578000e-05	-3.927572e-02	-1.692684e+00
1.579000e-05	-6.159702e-02	-1.787975e+00
1.580000e-05	5.183056e-02	-1.800526e+00
1.581000e-05	-6.050874e-02	-1.873183e+00
1.582000e-05	-6.427855e-03	-2.009472e+00
1.583000e-05	1.203409e-01	-2.042053e+00
1.584000e-05	-1.037709e-01	-2.123733e+00
1.585000e-05	-8.531221e-02	-2.325133e+00
1.586000e-05	1.403758e-01	-2.388023e+00
1.587000e-05	-9.740916e-03	-2.420579e+00
1.588000e-05	-1.404445e-01	-2.556911e+00
1.589000e-05	3.704426e-02	-2.607446e+00
1.590000e-05	8.383581e-02	-2.695753e+00
1.591000e-05	-3.598907e-02	-2.787420e+00
1.592000e-05	-6.442861e-02	-2.779525e+00
1.593000e-05	-1.938609e-02	-2.923183e+00
1.594000e-05	5.217324e-02	-3.101057e+00
1.595000e-05	2.002685e-02	-3.106888e+00
1.596000e-05	-1.104844e-01	-3.200396e+00
1.597000e-05	1.636739e-02	-3.282683e+00
1.598000e-05	7.692498e-02	-3.386244e+00
1.599000e-05	-6.132218e-02	-3.399499e+00
1.600000e-05	-3.978504e-02	-3.513738e+00
1.601000e-05	1.319859e-02	-3.556871e+00
1.602000e-05	3.262556e-03	-3.610099e+00
1.603000e-05	-1.454346e-03	-3.684154e+00
1.604000e-05	-3.101092e-02	-3.746367e+00
1.605000e-05	-2.862576e-02	-3.862183e+00
1.606000e-05	3.535229e-02	-3.956923e+00
1.607000e-05	-1.795201e-02	-4.029949e+00
1.608000e-05	-3.839415e-02	-4.041655e+00
1.609000e-05	-5.906471e-03	-4.084238e+00
1.610000e-05	2.696099e-03	-4.188894e+00
1.611000e-05	5.742202e-03	-4.201552e+00
1.612000e-05	-3.857432e-02	-4.272756e+00
1.613000e-05	-2.221979e-02	-4.326295e+00
1.614000e-05	1.078339e-02	-4.378948e+00
1.615000e-05	-3.361444e-03	-4.410550e+00
1.616000e-05	-3.165786e-02	-4.461578e+00
1.617000e-05	-2.289453e-02	-4.522763e+00
1.618000e-05	5.795466e-03	-4.567396e+00
1.619000e-05	4.074123e-03	-4.659603e+00
1.620000e-05	-3.849066e-02	-4.675266e+00
1.621000e-05	-2.637367e-02	-4.693861e+00
1.622000e-05	9.141552e-03	-4.769344e+00
1.623000e-05	-1.054111e-02	-4.832704e+00
1.624000e-05	-2.469304e-02	-4.944809e+00
1.625000e-05	-2.776686e-02	-4.956366e+00
1.626000e-05	1.860630e-03	-4.989475e+00
1.627000e-05	-2.501381e-03	-5.050480e+00
1.628000e-05	-3.350737e-02	-5.073206e+00
1.629000e-05	-2.247167e-02	-5.114290e+00
1.630000e-05	-3.990834e-03	-5.177845e+00
1.631000e-05	-6.430825e-03	-5.188974e+00
1.632000e-05	-2.970803e-02	-5.230525e+00
1.633000e-05	-2.697203e-02	-5.242128e+00
1.634000e-05	-7.097352e-03	-5.303754e+00
1.635000e-05	-7.773388e-03	-5.364867e+00
1.636000e-05	-2.869214e-02	-5.358525e+00
1.637000e-05	-2.488344e-02	-5.441005e+00
1.638000e-05	-1.101188e-02	-5.500629e+00
1.639000e-05	-9.953913e-03	-5.505307e+00
1.640000e-05	-2.688513e-02	-5.515363e+00
1.641000e-05	-3.095316e-02	-5.526920e+00
1.642000e-05	-1.301562e-02	-5.577395e+00
1.643000e-05	-1.442122e-02	-5.568423e+00
1.644000e-05	-2.602776e-02	-5.620049e+00
1.645000e-05	-3.020450e-02	-5.620447e+00
1.646000e-05	-1.786516e-02	-5.609502e+00
1.647000e-05	-1.322905e-02	-5.619500e+00
1.648000e-05	-2.778862e-02	-5.621525e+00
1.649000e-05	-3.229792e-02	-5.610526e+00
1.650000e-05	-2.100844e-02	-5.641025e+00
1.651000e-05	-1.744235e-02	-5.640528e+00
1.652000e-05	-2.800168e-02	-5.611526e+00
1.653000e-05	-3.342555e-02	-5.612125e+00
1.654000e-05	-2.446965e-02	-5.619526e+00
1.655000e-05	-1.926154e-02	-5.601101e+00
1.656000e-05	-2.981873e-02	-5.631001e+00
1.657000e-05	-3.510583e-02	-5.590525e+00
1.658000e-05	-2.568163e-02	-5.600550e+00
1.659000e-05	-2.235047e-02	-5.610525e+00
1.660000e-05	-2.827496e-02	-5.580499e+00
1.661000e-05	-3.589380e-02	-5.579975e+00
1.662000e-05	-2.660814e-02	-5.600475e+00
1.663000e-05	-2.429351e-02	-5.589524e+00
1.664000e-05	-2.812443e-02	-5.578446e+00
1.665000e-05	-3.478243e-02	-5.568867e+00
1.666000e-05	-2.790778e-02	-5.546392e+00
1.667000e-05	-2.202569e-02	-5.525688e+00
1.668000e-05	-2.812517e-02	-5.505162e+00
1.669000e-05	-3.150566e-02	-5.452495e+00
1.670000e-05	-2.797516e-02	-5.371469e+00
1.671000e-05	-2.200370e-02	-5.287391e+00
1.672000e-05	-2.664398e-02	-5.312261e+00
1.673000e-05	-3.130124e-02	-5.253634e+00
1.674000e-05	-2.626422e-02	-5.223527e+00
1.675000e-05	-2.074998e-02	-5.200974e+00
1.676000e-05	-2.345326e-02	-5.167418e+00
1.677000e-05	-2.878277e-02	-5.115266e+00
1.678000e-05	-2.472505e-02	-5.094833e+00
1.679000e-05	-1.950752e-02	-5.041024e+00
1.680000e-05	-2.131195e-02	-4.990472e+00
1.681000e-05	-2.657646e-02	-4.957390e+00
1.682000e-05	-2.265166e-02	-4.825109e+00
1.683000e-05	-1.859472e-02	-4.812544e+00
1.684000e-05	-1.933657e-02	-4.718889e+00
1.685000e-05	-2.385585e-02	-4.703181e+00
1.686000e-05	-2.108526e-02	-4.651654e+00
1.687000e-05	-1.619559e-02	-4.631576e+00
1.688000e-05	-1.613894e-02	-4.558921e+00
1.689000e-05	-2.006307e-02	-4.567840e+00
1.690000e-05	-2.006057e-02	-4.463605e+00
1.691000e-05	-1.547538e-02	-4.411576e+00
1.692000e-05	-1.655861e-02	-4.389971e+00
1.693000e-05	-1.855896e-02	-4.338893e+00
1.694000e-05	-1.788951e-02	-4.275262e+00
1.695000e-05	-1.325216e-02	-4.221177e+00
1.696000e-05	-1.387548e-02	-4.160374e+00
1.697000e-05	-1.556452e-02	-4.136291e+00
1.698000e-05	-1.575849e-02	-4.043608e+00
1.699000e-05	-1.187232e-02	-4.008005e+00
1.700000e-05	-1.370518e-02	-3.958442e+00
1.701000e-05	-1.350041e-02	-3.904753e+00
1.702000e-05	-1.413943e-02	-3.781129e+00
1.703000e-05	-1.180322e-02	-3.685712e+00
1.704000e-05	-1.175300e-02	-3.621624e+00
1.705000e-05	-1.266623e-02	-3.579447e+00
1.706000e-05	-1.209653e-02	-3.485765e+00
1.707000e-05	-1.092740e-02	-3.443104e+00
1.708000e-05	-1.026791e-02	-3.378470e+00
1.709000e-05	-1.224430e-02	-3.294735e+00
1.710000e-05	-1.066396e-02	-3.233077e+00
1.711000e-05	-1.016878e-02	-3.188923e+00
1.712000e-05	-8.506589e-03	-3.034183e+00
1.713000e-05	-1.017161e-02	-2.939970e+00
1.714000e-05	-9.766168e-03	-2.835104e+00
1.715000e-05	-8.595861e-03	-2.800424e+00
1.716000e-05	-8.426652e-03	-2.687812e+00
1.717000e-05	-9.202303e-03	-2.623057e+00
1.718000e-05	-8.238961e-03	-2.538919e+00
1.719000e-05	-7.839297e-03	-2.453707e+00
1.720000e-05	-7.462928e-03	-2.411496e+00
1.721000e-05	-7.585653e-03	-2.328419e+00
1.722000e-05	-6.744745e-03	-2.234550e+00
1.723000e-05	-7.201755e-03	-2.076214e+00
1.724000e-05	-7.515449e-03	-2.011603e+00
1.725000e-05	-7.636571e-03	-2.008949e+00
1.726000e-05	-7.827973e-03	-1.884185e+00
1.727000e-05	-6.722762e-03	-1.780554e+00
1.728000e-05	-6.478258e-03	-1.708315e+00
1.729000e-05	-6.262358e-03	-1.633107e+00
1.730000e-05	-5.338247e-03	-1.568950e+00
1.731000e-05	-3.457893e-03	-1.475715e+00
1.732000e-05	-5.842183e-03	-1.278869e+00
1.733000e-05	-5.550712e-03	-1.233606e+00
1.734000e-05	-5.462460e-03	-1.136845e+00
1.735000e-05	-5.068090e-03	-1.021633e+00
1.736000e-05	-4.501638e-03	-9.500211e-01
1.737000e-05	-5.362072e-03	-8.436040e-01
1.738000e-05	-2.712664e-03	-8.205500e-01
1.739000e-05	-2.824860e-03	-7.273659e-01
1.740000e-05	-3.390798e-03	-5.310988e-01
1.741000e-05	-4.877767e-03	-4.446140e-01
1.742000e-05	-3.538700e-03	-4.015251e-01
1.743000e-05	-4.273432e-03	-3.077883e-01
1.744000e-05	-3.872645e-03	-2.120565e-01
1.745000e-05	-2.987454e-03	-1.588410e-01
1.746000e-05	-1.598154e-03	-4.261065e-02
1.747000e-05	8.028484e-04	-1.037250e-02
1.748000e-05	8.037953e-04	1.521842e-01
1.749000e-05	-1.630283e-03	2.705265e-01
1.750000e-05	-2.657640e-04	3.463671e-01
1.751000e-05	-7.114090e-04	4.104512e-01
1.752000e-05	-9.285433e-04	4.717367e-01
1.753000e-05	1.103527e-03	6.169210e-01
1.754000e-05	1.961242e-02	6.727329e-01
1.755000e-05	3.770658e-02	7.873449e-01
1.756000e-05	-2.274786e-02	8.831955e-01
1.757000e-05	-8.138828e-02	1.069571e+00
1.758000e-05	-1.520268e-02	1.122713e+00
1.759000e-05	9.636048e-02	1.137897e+00
1.760000e-05	9.842488e-03	1.312233e+00
1.761000e-05	-1.045693e-01	1.368421e+00
1.762000e-05	6.018001e-02	1.418976e+00
1.763000e-05	5.385175e-02	1.638471e+00
1.764000e-05	-3.957695e-03	1.747321e+00
1.765000e-05	-6.080987e-02	1.686971e+00
1.766000e-05	3.509446e-02	1.850029e+00
1.767000e-05	-3.581609e-02	1.946867e+00
1.768000e-05	2.589385e-02	1.978497e+00
1.769000e-05	8.351331e-02	2.031101e+00
1.770000e-05	-8.812602e-02	2.187442e+00
1.771000e-05	-3.876390e-02	2.250452e+00
1.772000e-05	9.911798e-02	2.292286e+00
1.773000e-05	1.725736e-02	2.397924e+00
1.774000e-05	-9.968337e-02	2.449602e+00
1.775000e-05	1.204554e-02	2.564820e+00
1.776000e-05	7.374961e-02	2.691159e+00
1.777000e-05	2.207479e-02	2.757896e+00
1.778000e-05	-7.207649e-02	2.820953e+00
1.779000e-05	-7.095845e-03	2.934288e+00
1.780000e-05	5.683952e-02	2.958445e+00
1.781000e-05	2.586553e-02	3.022158e+00
1.782000e-05	-6.480447e-02	3.167845e+00
1.783000e-05	1.236427e-02	3.189475e+00
1.784000e-05	5.478261e-02	3.240155e+00
1.785000e-05	-1.810286e-02	3.295713e+00
1.786000e-05	-8.146441e-03	3.452580e+00
1.787000e-05	-4.133073e-03	3.576940e+00
1.788000e-05	2.675732e-02	3.609474e+00
1.789000e-05	1.170973e-02	3.640583e+00
1.790000e-05	2.807496e-03	3.744317e+00
1.791000e-05	-2.161225e-02	3.819048e+00
1.792000e-05	2.859222e-02	3.853108e+00
1.793000e-05	1.667037e-02	3.935187e+00
1.794000e-05	-1.601995e-02	3.997945e+00
1.795000e-05	1.609945e-03	4.018974e+00
1.796000e-05	1.740604e-02	4.054155e+00
1.797000e-05	2.378383e-02	4.116717e+00
1.798000e-05	-1.171683e-02	4.178499e+00
1.799000e-05	3.193738e-03	4.325761e+00
1.800000e-05	1.073353e-02	4.398395e+00
1.801000e-05	2.364600e-02	4.411000e+00
1.802000e-05	-6.161720e-03	4.431582e+00
1.803000e-05	-1.681638e-03	4.494737e+00
1.804000e-05	2.069165e-02	4.567922e+00
1.805000e-05	1.888925e-02	4.610476e+00
1.806000e-05	-2.556211e-03	4.643683e+00
1.807000e-05	-4.272808e-03	4.715263e+00
1.808000e-05	2.299457e-02	4.767796e+00
1.809000e-05	1.501748e-02	4.801023e+00
1.810000e-05	3.846097e-03	4.809977e+00
1.811000e-05	-1.550158e-03	4.863636e+00
1.812000e-05	2.046326e-02	4.906866e+00
1.813000e-05	1.951709e-02	5.019525e+00
1.814000e-05	2.030884e-03	5.052681e+00
1.815000e-05	3.136985e-03	5.147894e+00
1.816000e-05	1.682431e-02	5.178998e+00
1.817000e-05	2.170521e-02	5.211029e+00
1.818000e-05	2.957291e-03	5.291654e+00
1.819000e-05	6.357392e-03	5.274732e+00
1.820000e-05	1.644332e-02	5.295716e+00
1.821000e-05	2.168879e-02	5.356341e+00
1.822000e-05	8.802177e-03	5.338395e+00
1.823000e-05	5.515489e-03	5.389446e+00
1.824000e-05	1.855184e-02	5.399526e+00
1.825000e-05	1.951934e-02	5.422453e+00
1.826000e-05	1.203606e-02	5.430555e+00
1.827000e-05	4.563142e-03	5.442582e+00
1.828000e-05	1.994189e-02	5.483286e+00
1.829000e-05	2.189491e-02	5.483683e+00
1.830000e-05	1.786130e-02	5.474715e+00
1.831000e-05	8.633290e-03	5.504817e+00
1.832000e-05	2.052180e-02	5.529317e+00
1.833000e-05	2.159744e-02	5.536770e+00
1.834000e-05	1.631029e-02	5.557817e+00
1.835000e-05	1.280780e-02	5.518843e+00
1.836000e-05	1.860070e-02	5.577366e+00
1.837000e-05	2.495957e-02	5.537421e+00
1.838000e-05	2.128384e-02	5.546372e+00
1.839000e-05	1.799540e-02	5.568323e+00
1.840000e-05	2.208285e-02	5.538345e+00
1.841000e-05	2.541037e-02	5.557841e+00
1.842000e-05	2.109271e-02	5.548335e+00
1.843000e-05	1.721544e-02	5.567345e+00
1.844000e-05	2.134216e-02	5.565768e+00
1.845000e-05	2.564195e-02	5.516764e+00
1.846000e-05	2.414710e-02	5.515812e+00
1.847000e-05	2.113256e-02	5.504788e+00
1.848000e-05	2.431271e-02	5.473684e+00
1.849000e-05	2.670797e-02	5.445132e+00
1.850000e-05	2.295723e-02	5.472583e+00
1.851000e-05	1.986153e-02	5.412128e+00
1.852000e-05	2.092191e-02	5.431003e+00
1.853000e-05	2.422751e-02	5.430500e+00
1.854000e-05	2.164519e-02	5.367998e+00
1.855000e-05	1.981201e-02	5.378394e+00
1.856000e-05	2.196802e-02	5.336317e+00
1.857000e-05	2.360432e-02	5.306187e+00
1.858000e-05	2.159047e-02	5.234157e+00
1.859000e-05	1.870419e-02	5.212607e+00
1.860000e-05	1.879793e-02	5.188979e+00
1.861000e-05	2.021073e-02	5.178898e+00
1.862000e-05	1.915500e-02	5.118292e+00
1.863000e-05	1.670423e-02	5.064584e+00
1.864000e-05	1.780587e-02	4.972021e+00
1.865000e-05	1.841642e-02	4.955816e+00
1.866000e-05	1.844027e-02	4.862707e+00
1.867000e-05	1.465075e-02	4.800499e+00
1.868000e-05	1.509561e-02	4.789975e+00
1.869000e-05	1.605218e-02	4.716866e+00
1.870000e-05	1.464460e-02	4.686262e+00
1.871000e-05	1.244534e-02	4.653108e+00
1.872000e-05	1.342255e-02	4.610473e+00
1.873000e-05	1.470359e-02	4.558345e+00
1.874000e-05	1.284830e-02	4.516262e+00
1.875000e-05	1.061802e-02	4.441585e+00
1.876000e-05	1.058672e-02	4.410475e+00
1.877000e-05	1.243688e-02	4.369475e+00
1.878000e-05	1.021793e-02	4.337371e+00
1.879000e-05	9.281386e-03	4.275579e+00
1.880000e-05	9.236051e-03	4.228394e+00
1.881000e-05	1.060612e-02	4.096088e+00
1.882000e-05	9.375393e-03	4.013027e+00
1.883000e-05	7.102089e-03	3.979471e+00
1.884000e-05	7.167821e-03	3.906270e+00
1.885000e-05	8.076280e-03	3.863687e+00
1.886000e-05	7.091815e-03	3.789999e+00
1.887000e-05	5.321041e-03	3.738791e+00
1.888000e-05	5.585677e-03	3.673634e+00
1.889000e-05	7.281275e-03	3.621050e+00
1.890000e-05	5.721313e-03	3.568999e+00
1.891000e-05	5.432399e-03	3.525791e+00
1.892000e-05	4.204689e-03	3.368925e+00
1.893000e-05	6.049482e-03	3.285183e+00
1.894000e-05	3.932379e-03	3.210978e+00
1.895000e-05	3.099976e-03	3.148320e+00
1.896000e-05	2.149785e-03	3.115209e+00
1.897000e-05	3.819747e-03	3.020525e+00
1.898000e-05	3.713819e-03	2.908291e+00
1.899000e-05	2.580222e-03	2.843555e+00
1.900000e-05	2.476064e-03	2.780952e+00
1.901000e-05	3.801169e-03	2.746868e+00
1.902000e-05	2.813584e-03	2.622011e+00
1.903000e-05	1.363493e-03	2.547265e+00
1.904000e-05	-5.552900e-05	2.400977e+00
1.905000e-05	2.287557e-03	2.357820e+00
1.906000e-05	8.471941e-04	2.253681e+00
1.907000e-05	7.651247e-04	2.168946e+00
1.908000e-05	-3.415730e-04	2.095215e+00
1.909000e-05	1.775657e-03	2.031580e+00
1.910000e-05	1.563109e-03	1.958996e+00
1.911000e-05	1.645714e-04	1.884233e+00
1.912000e-05	-1.392316e-03	1.769498e+00
1.913000e-05	5.180841e-04	1.673714e+00
1.914000e-05	-5.875148e-04	1.603024e+00
1.915000e-05	-8.370530e-04	1.514739e+00
1.916000e-05	-2.057021e-03	1.391029e+00
1.917000e-05	4.779442e-04	1.336362e+00
1.918000e-05	-2.736395e-04	1.242604e+00
1.919000e-05	-1.123076e-03	1.128346e+00
1.920000e-05	-2.557607e-03	1.033628e+00
1.921000e-05	-1.442444e-03	8.762394e-01
1.922000e-05	-1.416413e-03	8.205003e-01
1.923000e-05	-2.114078e-03	7.074408e-01
1.924000e-05	-3.823065e-03	6.415793e-01
1.925000e-05	-2.343039e-03	5.484198e-01
1.926000e-05	-2.278280e-03	4.341556e-01
1.927000e-05	-1.956336e-03	4.094764e-01
1.928000e-05	-4.075843e-03	3.068872e-01
1.929000e-05	-4.262914e-03	1.714751e-01
1.930000e-05	-8.256372e-04	2.418416e-02
1.931000e-05	-2.446913e-03	9.461155e-04
1.932000e-05	-2.209588e-03	-7.421042e-02
1.933000e-05	-2.282896e-03	-1.883986e-01
1.934000e-05	-1.088957e-03	-2.821791e-01
1.935000e-05	-3.086606e-03	-3.583948e-01
1.936000e-05	-4.093287e-03	-4.400750e-01
1.937000e-05	-4.903490e-03	-4.942318e-01
1.938000e-05	-2.128955e-03	-6.188986e-01
1.939000e-05	1.585697e-02	-7.358132e-01
1.940000e-05	4.328959e-02	-8.090250e-01
1.941000e-05	-2.479847e-02	-9.348146e-01
1.942000e-05	-8.861211e-02	-1.082787e+00
1.943000e-05	-1.971081e-02	-1.148941e+00
1.944000e-05	8.715252e-02	-1.083808e+00
1.945000e-05	1.596388e-02	-1.268944e+00
1.946000e-05	-1.100801e-01	-1.452630e+00
1.947000e-05	7.530984e-02	-1.537866e+00
1.948000e-05	4.653649e-02	-1.538343e+00
1.949000e-05	-3.800805e-02	-1.682734e+00
1.950000e-05	-6.201405e-02	-1.788551e+00
1.951000e-05	5.299260e-02	-1.799553e+00
1.952000e-05	-5.983098e-02	-1.862207e+00
1.953000e-05	-5.905656e-03	-2.018449e+00
1.954000e-05	1.213169e-01	-2.032103e+00
1.955000e-05	-1.066632e-01	-2.104786e+00
1.956000e-05	-8.773429e-02	-2.303206e+00
1.957000e-05	1.430559e-01	-2.378972e+00
1.958000e-05	-9.893494e-03	-2.451130e+00
1.959000e-05	-1.417465e-01	-2.537318e+00
1.960000e-05	3.794511e-02	-2.587550e+00
1.961000e-05	8.630090e-02	-2.682634e+00
1.962000e-05	-3.846934e-02	-2.778947e+00
1.963000e-05	-6.486846e-02	-2.780474e+00
1.964000e-05	-1.912305e-02	-2.904263e+00
1.965000e-05	5.313321e-02	-3.113130e+00
1.966000e-05	2.026501e-02	-3.156970e+00
1.967000e-05	-1.115020e-01	-3.208419e+00
1.968000e-05	1.712968e-02	-3.262659e+00
1.969000e-05	7.912091e-02	-3.356342e+00
1.970000e-05	-6.270778e-02	-3.411054e+00
1.971000e-05	-4.096286e-02	-3.504261e+00
1.972000e-05	1.328030e-02	-3.544865e+00
1.973000e-05	6.034947e-03	-3.599498e+00
1.974000e-05	-2.233630e-03	-3.661679e+00
1.975000e-05	-3.281840e-02	-3.745424e+00
1.976000e-05	-2.908097e-02	-3.842185e+00
1.977000e-05	3.774085e-02	-3.966320e+00
1.978000e-05	-1.965003e-02	-4.019522e+00
1.979000e-05	-4.042312e-02	-4.041580e+00
1.980000e-05	-5.577564e-03	-4.135713e+00
1.981000e-05	4.156643e-03	-4.187438e+00
1.982000e-05	6.127561e-03	-4.252027e+00
1.983000e-05	-4.035346e-02	-4.272159e+00
1.984000e-05	-2.080800e-02	-4.334316e+00
1.985000e-05	1.210061e-02	-4.368921e+00
1.986000e-05	-4.145399e-03	-4.440075e+00
1.987000e-05	-3.409686e-02	-4.431630e+00
1.988000e-05	-2.157995e-02	-4.476333e+00
1.989000e-05	5.613605e-03	-4.577920e+00
1.990000e-05	3.782350e-03	-4.651179e+00
1.991000e-05	-3.876556e-02	-4.694732e+00
1.992000e-05	-2.481882e-02	-4.716287e+00
1.993000e-05	1.108432e-02	-4.760420e+00
1.994000e-05	-1.062752e-02	-4.781525e+00
1.995000e-05	-2.653817e-02	-4.894157e+00
1.996000e-05	-2.814370e-02	-4.937890e+00
1.997000e-05	2.030146e-03	-5.018949e+00
1.998000e-05	-2.984011e-03	-5.022524e+00
1.999000e-05	-3.486259e-02	-5.092184e+00
2.000000e-05	-2.165732e-02	-5.114287e+00
2.001000e-05	-2.353586e-03	-5.177343e+00
2.002000e-05	-6.644577e-03	-5.198921e+00
2.003000e-05	-2.850061e-02	-5.220600e+00
2.004000e-05	-2.877161e-02	-5.292107e+00
2.005000e-05	-6.592700e-03	-5.286712e+00
2.006000e-05	-9.286951e-03	-5.317289e+00
2.007000e-05	-2.878823e-02	-5.329970e+00
2.008000e-05	-2.701429e-02	-5.414128e+00
2.009000e-05	-8.136881e-03	-5.491677e+00
2.010000e-05	-9.569289e-03	-5.535817e+00
2.011000e-05	-2.700642e-02	-5.547371e+00
2.012000e-05	-3.292620e-02	-5.578392e+00
2.013000e-05	-1.293611e-02	-5.579447e+00
2.014000e-05	-1.416607e-02	-5.587970e+00
2.015000e-05	-2.556065e-02	-5.609000e+00
2.016000e-05	-3.035469e-02	-5.599525e+00
2.017000e-05	-1.684588e-02	-5.610000e+00
2.018000e-05	-1.294697e-02	-5.620525e+00
2.019000e-05	-2.937129e-02	-5.610048e+00
2.020000e-05	-3.300081e-02	-5.601053e+00
2.021000e-05	-2.250411e-02	-5.589974e+00
2.022000e-05	-1.546113e-02	-5.620576e+00
2.023000e-05	-2.872816e-02	-5.621551e+00
2.024000e-05	-3.312782e-02	-5.609525e+00
2.025000e-05	-2.326531e-02	-5.601550e+00
2.026000e-05	-1.903446e-02	-5.611001e+00
2.027000e-05	-3.047200e-02	-5.600550e+00
2.028000e-05	-3.656926e-02	-5.610550e+00
2.029000e-05	-2.587054e-02	-5.600001e+00
2.030000e-05	-2.234644e-02	-5.610025e+00
2.031000e-05	-2.885691e-02	-5.600475e+00
2.032000e-05	-3.566746e-02	-5.589522e+00
2.033000e-05	-2.636163e-02	-5.589999e+00
2.034000e-05	-2.370384e-02	-5.589472e+00
2.035000e-05	-2.965403e-02	-5.547449e+00
2.036000e-05	-3.494837e-02	-5.556875e+00
2.037000e-05	-2.788547e-02	-5.555840e+00
2.038000e-05	-2.431380e-02	-5.467289e+00
2.039000e-05	-2.837337e-02	-5.504255e+00
2.040000e-05	-3.304688e-02	-5.423053e+00
2.041000e-05	-2.611705e-02	-5.367423e+00
2.042000e-05	-2.236399e-02	-5.317771e+00
2.043000e-05	-2.466814e-02	-5.285685e+00
2.044000e-05	-3.112808e-02	-5.262205e+00
2.045000e-05	-2.540500e-02	-5.220601e+00
2.046000e-05	-2.238971e-02	-5.199474e+00
2.047000e-05	-2.539713e-02	-5.149469e+00
2.048000e-05	-2.886798e-02	-5.084287e+00
2.049000e-05	-2.309088e-02	-5.044254e+00
2.050000e-05	-2.018148e-02	-5.031628e+00
2.051000e-05	-2.007765e-02	-4.980526e+00
2.052000e-05	-2.534939e-02	-4.866295e+00
2.053000e-05	-2.214061e-02	-4.916629e+00
2.054000e-05	-2.068339e-02	-4.771570e+00
2.055000e-05	-1.912639e-02	-4.715188e+00
2.056000e-05	-2.357010e-02	-4.687332e+00
2.057000e-05	-2.099220e-02	-4.632160e+00
2.058000e-05	-1.750300e-02	-4.641005e+00
2.059000e-05	-1.672874e-02	-4.578470e+00
2.060000e-05	-1.984132e-02	-4.554391e+00
2.061000e-05	-1.951946e-02	-4.444157e+00
2.062000e-05	-1.541383e-02	-4.411028e+00
2.063000e-05	-1.561677e-02	-4.390025e+00
2.064000e-05	-1.873843e-02	-4.318366e+00
2.065000e-05	-1.796193e-02	-4.294308e+00
2.066000e-05	-1.360535e-02	-4.222632e+00
2.067000e-05	-1.445337e-02	-4.190475e+00
2.068000e-05	-1.613519e-02	-4.106245e+00
2.069000e-05	-1.623279e-02	-4.073107e+00
2.070000e-05	-1.286467e-02	-4.020026e+00
2.071000e-05	-1.215208e-02	-3.959875e+00
2.072000e-05	-1.349210e-02	-3.877312e+00
2.073000e-05	-1.389546e-02	-3.782995e+00
2.074000e-05	-1.152980e-02	-3.667686e+00
2.075000e-05	-1.125649e-02	-3.621028e+00
2.076000e-05	-1.197537e-02	-3.599473e+00
2.077000e-05	-1.189983e-02	-3.526741e+00
2.078000e-05	-1.198271e-02	-3.433629e+00
2.079000e-05	-1.023409e-02	-3.390921e+00
2.080000e-05	-1.293818e-02	-3.324656e+00
2.081000e-05	-1.024275e-02	-3.230553e+00
2.082000e-05	-1.017133e-02	-3.190421e+00
2.083000e-05	-7.806561e-03	-3.064733e+00
2.084000e-05	-9.656535e-03	-2.938495e+00
2.085000e-05	-9.648042e-03	-2.863153e+00
2.086000e-05	-9.005270e-03	-2.780448e+00
2.087000e-05	-8.649378e-03	-2.727869e+00
2.088000e-05	-9.722652e-03	-2.623104e+00
2.089000e-05	-9.270548e-03	-2.558393e+00
2.090000e-05	-7.210979e-03	-2.514731e+00
2.091000e-05	-7.651876e-03	-2.432500e+00
2.092000e-05	-6.328673e-03	-2.328346e+00
2.093000e-05	-7.693622e-03	-2.273629e+00
2.094000e-05	-5.287788e-03	-2.087415e+00
2.095000e-05	-6.851287e-03	-2.023050e+00
2.096000e-05	-7.139662e-03	-1.959446e+00
2.097000e-05	-8.502500e-03	-1.854185e+00
2.098000e-05	-5.557792e-03	-1.770574e+00
2.099000e-05	-6.243511e-03	-1.718313e+00
2.100000e-05	-4.862369e-03	-1.632603e+00
2.101000e-05	-5.674785e-03	-1.589375e+00
2.102000e-05	-3.775797e-03	-1.476235e+00
2.103000e-05	-4.653863e-03	-1.296744e+00
2.104000e-05	-5.449223e-03	-1.225001e+00
2.105000e-05	-6.278395e-03	-1.158365e+00
2.106000e-05	-4.892797e-03	-1.051683e+00
2.107000e-05	-4.686767e-03	-9.799924e-01
2.108000e-05	-5.028164e-03	-8.641567e-01
2.109000e-05	-4.004139e-03	-8.205486e-01
2.110000e-05	-3.610678e-03	-7.273873e-01
2.111000e-05	-3.226189e-03	-5.825514e-01
2.112000e-05	-2.960211e-03	-4.441604e-01
2.113000e-05	-3.453595e-03	-4.315489e-01
2.114000e-05	-3.049964e-03	-3.052644e-01
2.115000e-05	-3.675180e-03	-2.226040e-01
2.116000e-05	-2.169598e-03	-1.093922e-01
2.117000e-05	-2.357111e-03	-5.318046e-02
2.118000e-05	-4.554299e-04	9.526253e-03
2.119000e-05	2.205858e-04	1.122643e-01
2.120000e-05	-1.835028e-03	2.006303e-01
2.121000e-05	-1.536708e-05	3.563696e-01
2.122000e-05	-4.437964e-04	4.000524e-01
2.123000e-05	-6.694768e-04	4.821856e-01
2.124000e-05	3.025173e-03	5.784235e-01
2.125000e-05	2.084881e-02	6.912078e-01
2.126000e-05	3.652180e-02	7.973751e-01
2.127000e-05	-2.245844e-02	8.936380e-01
2.128000e-05	-8.349768e-02	1.059504e+00
2.129000e-05	-1.569068e-02	1.063416e+00
2.130000e-05	9.628182e-02	1.186874e+00
2.131000e-05	1.108695e-02	1.312709e+00
2.132000e-05	-1.065144e-01	1.366897e+00
2.133000e-05	6.356070e-02	1.400553e+00
2.134000e-05	5.270410e-02	1.629500e+00
2.135000e-05	-2.029991e-03	1.723239e+00
2.136000e-05	-6.057398e-02	1.736812e+00
2.137000e-05	3.616995e-02	1.830055e+00
2.138000e-05	-3.658025e-02	1.957292e+00
2.139000e-05	2.224745e-02	1.978948e+00
2.140000e-05	8.610759e-02	2.041133e+00
2.141000e-05	-9.014260e-02	2.166767e+00
2.142000e-05	-3.973988e-02	2.239576e+00
2.143000e-05	1.007492e-01	2.313612e+00
2.144000e-05	2.019196e-02	2.378898e+00
2.145000e-05	-9.947756e-02	2.451609e+00
2.146000e-05	1.263518e-02	2.567317e+00
2.147000e-05	7.397960e-02	2.702130e+00
2.148000e-05	2.193564e-02	2.747892e+00
2.149000e-05	-7.426174e-02	2.830605e+00
2.150000e-05	-9.675739e-03	2.924718e+00
2.151000e-05	5.618663e-02	2.946421e+00
2.152000e-05	2.803626e-02	3.030554e+00
2.153000e-05	-6.254312e-02	3.135846e+00
2.154000e-05	1.329225e-02	3.180000e+00
2.155000e-05	5.634180e-02	3.271128e+00
2.156000e-05	-1.843224e-02	3.304237e+00
2.157000e-05	-1.038268e-02	3.452583e+00
2.158000e-05	-8.126122e-03	3.567320e+00
2.159000e-05	2.554342e-02	3.599473e+00
2.160000e-05	1.283185e-02	3.641105e+00
2.161000e-05	4.818288e-03	3.734833e+00
2.162000e-05	-2.011277e-02	3.809449e+00
2.163000e-05	3.059210e-02	3.882559e+00
2.164000e-05	1.750517e-02	3.904263e+00
2.165000e-05	-1.756318e-02	3.958394e+00
2.166000e-05	-2.278340e-03	4.019978e+00
2.167000e-05	1.663190e-02	4.041080e+00
2.168000e-05	2.418965e-02	4.125767e+00
2.169000e-05	-1.140154e-02	4.200553e+00
2.170000e-05	2.937662e-03	4.316713e+00
2.171000e-05	1.142398e-02	4.398924e+00
2.172000e-05	2.422826e-02	4.390028e+00
2.173000e-05	-6.447543e-03	4.450578e+00
2.174000e-05	-4.287050e-03	4.475216e+00
2.175000e-05	2.024187e-02	4.586317e+00
2.176000e-05	1.860773e-02	4.620975e+00
2.177000e-05	-2.532438e-03	4.653202e+00
2.178000e-05	-4.615857e-03	4.734266e+00
2.179000e-05	2.396912e-02	4.747944e+00
2.180000e-05	1.625773e-02	4.778949e+00
2.181000e-05	2.896210e-03	4.800028e+00
2.182000e-05	-2.296939e-03	4.882166e+00
2.183000e-05	1.934415e-02	4.995869e+00
2.184000e-05	1.982646e-02	4.989053e+00
2.185000e-05	8.889684e-04	5.103509e+00
2.186000e-05	3.638487e-03	5.136820e+00
2.187000e-05	1.738427e-02	5.177996e+00
2.188000e-05	2.261489e-02	5.199530e+00
2.189000e-05	3.399826e-03	5.281679e+00
2.190000e-05	4.152760e-03	5.274207e+00
2.191000e-05	1.630717e-02	5.295310e+00
2.192000e-05	2.136970e-02	5.327391e+00
2.193000e-05	8.945472e-03	5.407446e+00
2.194000e-05	5.642178e-03	5.409524e+00
2.195000e-05	1.932959e-02	5.400026e+00
2.196000e-05	2.127882e-02	5.401478e+00
2.197000e-05	1.356516e-02	5.442129e+00
2.198000e-05	3.310105e-03	5.432109e+00
2.199000e-05	1.887392e-02	5.492666e+00
2.200000e-05	2.145721e-02	5.476234e+00
2.201000e-05	1.577654e-02	5.526189e+00
2.202000e-05	9.316493e-03	5.537241e+00
2.203000e-05	1.885472e-02	5.527343e+00
2.204000e-05	2.570260e-02	5.596867e+00
2.205000e-05	1.647538e-02	5.546370e+00
2.206000e-05	1.328397e-02	5.587770e+00
2.207000e-05	1.840895e-02	5.567872e+00
2.208000e-05	2.633681e-02	5.505917e+00
2.209000e-05	1.874500e-02	5.547898e+00
2.210000e-05	1.535958e-02	5.558341e+00
2.211000e-05	2.095609e-02	5.567295e+00
2.212000e-05	2.854444e-02	5.547872e+00
2.213000e-05	2.178808e-02	5.537846e+00
2.214000e-05	1.780369e-02	5.534817e+00
2.215000e-05	2.267939e-02	5.507821e+00
2.216000e-05	2.705730e-02	5.506242e+00
2.217000e-05	2.387285e-02	5.535191e+00
2.218000e-05	1.608459e-02	5.518211e+00
2.219000e-05	2.297290e-02	5.485283e+00
2.220000e-05	2.641105e-02	5.453636e+00
2.221000e-05	2.483540e-02	5.432683e+00
2.222000e-05	1.915937e-02	5.402104e+00
2.223000e-05	2.226011e-02	5.430503e+00
2.224000e-05	2.659106e-02	5.429000e+00
2.225000e-05	2.267264e-02	5.379949e+00
2.226000e-05	1.845920e-02	5.369419e+00
2.227000e-05	1.910289e-02	5.305767e+00
2.228000e-05	2.364460e-02	5.285212e+00
2.229000e-05	2.168421e-02	5.283138e+00
2.230000e-05	1.737308e-02	5.221629e+00
2.231000e-05	1.849787e-02	5.210524e+00
2.232000e-05	2.111586e-02	5.167795e+00
2.233000e-05	2.004323e-02	5.126392e+00
2.234000e-05	1.505579e-02	5.033606e+00
2.235000e-05	1.687193e-02	4.937496e+00
2.236000e-05	1.954682e-02	4.925187e+00
2.237000e-05	1.750767e-02	4.862134e+00
2.238000e-05	1.235462e-02	4.821051e+00
2.239000e-05	1.533726e-02	4.778998e+00
2.240000e-05	1.549693e-02	4.798469e+00
2.241000e-05	1.566892e-02	4.695184e+00
2.242000e-05	1.113049e-02	4.682113e+00
2.243000e-05	1.354506e-02	4.580501e+00
2.244000e-05	1.460392e-02	4.548294e+00
2.245000e-05	1.343828e-02	4.484208e+00
2.246000e-05	9.886550e-03	4.453132e+00
2.247000e-05	1.023123e-02	4.441505e+00
2.248000e-05	1.211392e-02	4.399475e+00
2.249000e-05	9.707184e-03	4.339845e+00
2.250000e-05	8.696182e-03	4.265610e+00
2.251000e-05	9.115881e-03	4.179498e+00
2.252000e-05	1.113041e-02	4.055686e+00
2.253000e-05	9.077991e-03	4.051080e+00
2.254000e-05	8.320324e-03	3.989448e+00
2.255000e-05	7.772267e-03	3.927792e+00
2.256000e-05	8.775541e-03	3.883160e+00
2.257000e-05	7.113273e-03	3.811555e+00
2.258000e-05	5.788311e-03	3.735792e+00
2.259000e-05	5.079019e-03	3.684086e+00
2.260000e-05	6.321262e-03	3.621500e+00
2.261000e-05	6.104707e-03	3.608925e+00
2.262000e-05	4.677277e-03	3.474215e+00
2.263000e-05	5.588983e-03	3.350898e+00
2.264000e-05	5.388310e-03	3.314235e+00
2.265000e-05	5.750221e-03	3.209974e+00
2.266000e-05	3.193202e-03	3.129321e+00
2.267000e-05	3.029028e-03	3.104262e+00
2.268000e-05	3.765622e-03	2.980526e+00
2.269000e-05	3.115623e-03	2.936767e+00
2.270000e-05	2.764837e-03	2.843532e+00
2.271000e-05	3.105299e-03	2.790001e+00
2.272000e-05	3.763357e-03	2.767870e+00
2.273000e-05	3.557388e-03	2.623052e+00
2.274000e-05	1.727030e-03	2.495167e+00
2.275000e-05	1.586996e-03	2.410503e+00
2.276000e-05	1.870579e-03	2.327870e+00
2.277000e-05	2.009621e-03	2.223088e+00
2.278000e-05	-4.443822e-04	2.209897e+00
2.279000e-05	1.373490e-04	2.085237e+00
2.280000e-05	1.055122e-03	2.031078e+00
2.281000e-05	2.487375e-03	1.939475e+00
2.282000e-05	6.299104e-04	1.886665e+00
2.283000e-05	-2.986434e-05	1.789968e+00
2.284000e-05	1.544039e-05	1.684785e+00
2.285000e-05	1.385133e-04	1.622078e+00
2.286000e-05	-1.083047e-03	1.475814e+00
2.287000e-05	-2.059383e-03	1.412030e+00
2.288000e-05	-7.663286e-04	1.306841e+00
2.289000e-05	-1.973839e-04	1.223582e+00
2.290000e-05	-2.099391e-03	1.148322e+00
2.291000e-05	-1.459568e-03	1.002007e+00
2.292000e-05	-1.448228e-03	9.047856e-01
2.293000e-05	-7.084003e-04	8.125263e-01
2.294000e-05	-2.578545e-03	6.973183e-01
2.295000e-05	-2.598554e-03	6.426315e-01
2.296000e-05	-2.631080e-03	5.584398e-01
2.297000e-05	-1.530244e-03	4.436329e-01
2.298000e-05	-4.052747e-03	3.900487e-01
2.299000e-05	-4.425739e-03	3.068422e-01
2.300000e-05	-4.142562e-03	2.314761e-01
2.301000e-05	-1.202669e-03	3.360927e-02
2.302000e-05	-3.169133e-03	-1.027560e-03
2.303000e-05	-1.495121e-03	-1.242342e-01
2.304000e-05	-8.603194e-04	-1.769725e-01
2.305000e-05	-2.214026e-04	-2.811315e-01
2.306000e-05	-4.295349e-03	-3.678695e-01
2.307000e-05	-3.698404e-03	-3.895251e-01
2.308000e-05	-4.727974e-03	-5.121579e-01
2.309000e-05	-2.436941e-03	-6.174223e-01
2.310000e-05	1.453631e-02	-7.353145e-01
2.311000e-05	4.291566e-02	-7.990501e-01
2.312000e-05	-2.354080e-02	-9.747921e-01
2.313000e-05	-8.908850e-02	-1.102659e+00
2.314000e-05	-1.929096e-02	-1.127869e+00
2.315000e-05	8.669850e-02	-1.075837e+00
2.316000e-05	1.920258e-02	-1.269977e+00
2.317000e-05	-1.126560e-01	-1.493081e+00
2.318000e-05	7.738438e-02	-1.545416e+00
2.319000e-05	4.528953e-02	-1.547842e+00
2.320000e-05	-3.797526e-02	-1.702685e+00
2.321000e-05	-6.311240e-02	-1.787499e+00
2.322000e-05	5.274453e-02	-1.790003e+00
2.323000e-05	-6.097706e-02	-1.872185e+00
2.324000e-05	-5.463004e-03	-2.009520e+00
2.325000e-05	1.241661e-01	-2.040105e+00
2.326000e-05	-1.058422e-01	-2.102263e+00
2.327000e-05	-8.934193e-02	-2.303232e+00
2.328000e-05	1.433620e-01	-2.367947e+00
2.329000e-05	-8.732233e-03	-2.452654e+00
2.330000e-05	-1.448614e-01	-2.555864e+00
2.331000e-05	3.815320e-02	-2.549475e+00
2.332000e-05	8.596019e-02	-2.674209e+00
2.333000e-05	-3.451473e-02	-2.789449e+00
2.334000e-05	-6.515998e-02	-2.819000e+00
2.335000e-05	-1.851049e-02	-2.937334e+00
2.336000e-05	5.264666e-02	-3.052179e+00
2.337000e-05	2.097001e-02	-3.146920e+00
2.338000e-05	-1.124823e-01	-3.190525e+00
2.339000e-05	1.518405e-02	-3.295635e+00
2.340000e-05	7.902684e-02	-3.346894e+00
2.341000e-05	-6.251177e-02	-3.452029e+00
2.342000e-05	-4.129748e-02	-3.493312e+00
2.343000e-05	1.340457e-02	-3.535920e+00
2.344000e-05	5.793102e-03	-3.610500e+00
2.345000e-05	-8.089177e-04	-3.653180e+00
2.346000e-05	-3.225576e-02	-3.682963e+00
2.347000e-05	-3.050560e-02	-3.871228e+00
2.348000e-05	3.660947e-02	-3.977868e+00
2.349000e-05	-1.988141e-02	-3.988476e+00
2.350000e-05	-3.936883e-02	-4.061130e+00
2.351000e-05	-6.483148e-03	-4.104737e+00
2.352000e-05	4.150535e-03	-4.198844e+00
2.353000e-05	7.123005e-03	-4.200574e+00
2.354000e-05	-3.953790e-02	-4.272230e+00
2.355000e-05	-2.193953e-02	-4.316844e+00
2.356000e-05	1.224517e-02	-4.387972e+00
2.357000e-05	-5.308025e-03	-4.411028e+00
2.358000e-05	-3.267443e-02	-4.482106e+00
2.359000e-05	-2.366290e-02	-4.483212e+00
2.360000e-05	6.425066e-03	-4.618011e+00
2.361000e-05	2.583562e-03	-4.640584e+00
2.362000e-05	-3.853546e-02	-4.692736e+00
2.363000e-05	-2.576066e-02	-4.736814e+00
2.364000e-05	1.067481e-02	-4.717866e+00
2.365000e-05	-1.103183e-02	-4.791704e+00
2.366000e-05	-2.579890e-02	-4.934707e+00
2.367000e-05	-2.760809e-02	-4.945317e+00
2.368000e-05	2.121349e-03	-4.968450e+00
2.369000e-05	-3.816098e-03	-5.001576e+00
2.370000e-05	-3.513308e-02	-5.072157e+00
2.371000e-05	-2.253249e-02	-5.093733e+00
2.372000e-05	-4.411144e-03	-5.147420e+00
2.373000e-05	-6.501890e-03	-5.188950e+00
2.374000e-05	-2.888331e-02	-5.219524e+00
2.375000e-05	-2.654297e-02	-5.223124e+00
2.376000e-05	-5.528086e-03	-5.314208e+00
2.377000e-05	-8.618324e-03	-5.345940e+00
2.378000e-05	-2.987306e-02	-5.400894e+00
2.379000e-05	-2.718687e-02	-5.399573e+00
2.380000e-05	-1.092930e-02	-5.441183e+00
2.381000e-05	-1.003324e-02	-5.493284e+00
2.382000e-05	-2.739755e-02	-5.507361e+00
2.383000e-05	-2.999577e-02	-5.517418e+00
2.384000e-05	-1.076263e-02	-5.559022e+00
2.385000e-05	-1.399847e-02	-5.597946e+00
2.386000e-05	-2.655739e-02	-5.589446e+00
2.387000e-05	-3.029354e-02	-5.600499e+00
2.388000e-05	-1.756429e-02	-5.600002e+00
2.389000e-05	-1.504462e-02	-5.601500e+00
2.390000e-05	-2.904906e-02	-5.590999e+00
2.391000e-05	-3.095569e-02	-5.611025e+00
2.392000e-05	-2.048393e-02	-5.599051e+00
2.393000e-05	-1.621626e-02	-5.621050e+00
2.394000e-05	-2.915920e-02	-5.611551e+00
2.395000e-05	-3.356928e-02	-5.620626e+00
2.396000e-05	-2.382257e-02	-5.631051e+00
2.397000e-05	-2.043010e-02	-5.600601e+00
2.398000e-05	-2.975065e-02	-5.651051e+00
2.399000e-05	-3.569579e-02	-5.630525e+00
2.400000e-05	-2.558067e-02	-5.601526e+00
2.401000e-05	-2.239076e-02	-5.589000e+00
2.402000e-05	-2.910648e-02	-5.580001e+00
2.403000e-05	-3.627638e-02	-5.600449e+00
2.404000e-05	-2.666602e-02	-5.589947e+00
2.405000e-05	-2.299652e-02	-5.588944e+00
2.406000e-05	-2.949652e-02	-5.568947e+00
2.407000e-05	-3.443500e-02	-5.538816e+00
2.408000e-05	-2.699669e-02	-5.537866e+00
2.409000e-05	-2.368057e-02	-5.525340e+00
2.410000e-05	-2.857213e-02	-5.495232e+00
2.411000e-05	-3.354634e-02	-5.423099e+00
2.412000e-05	-2.705515e-02	-5.361526e+00
2.413000e-05	-2.241790e-02	-5.328445e+00
2.414000e-05	-2.618047e-02	-5.305237e+00
2.415000e-05	-3.083014e-02	-5.233082e+00
2.416000e-05	-2.521766e-02	-5.191577e+00
2.417000e-05	-2.089436e-02	-5.160450e+00
2.418000e-05	-2.446465e-02	-5.148370e+00
2.419000e-05	-2.982364e-02	-5.107788e+00
2.420000e-05	-2.394660e-02	-5.075141e+00
2.421000e-05	-1.988065e-02	-5.073104e+00
2.422000e-05	-2.214634e-02	-4.981075e+00
2.423000e-05	-2.702390e-02	-4.879433e+00
2.424000e-05	-2.180348e-02	-4.872708e+00
2.425000e-05	-1.676532e-02	-4.800001e+00
2.426000e-05	-1.935431e-02	-4.718213e+00
2.427000e-05	-2.475684e-02	-4.662710e+00
2.428000e-05	-2.013685e-02	-4.643602e+00
2.429000e-05	-1.588782e-02	-4.612051e+00
2.430000e-05	-1.899414e-02	-4.580499e+00
2.431000e-05	-2.178477e-02	-4.497311e+00
2.432000e-05	-1.875954e-02	-4.463157e+00
2.433000e-05	-1.350500e-02	-4.420527e+00
2.434000e-05	-1.627766e-02	-4.399948e+00
2.435000e-05	-1.944773e-02	-4.346821e+00
2.436000e-05	-1.629596e-02	-4.276208e+00
2.437000e-05	-1.267183e-02	-4.212602e+00
2.438000e-05	-1.411442e-02	-4.170970e+00
2.439000e-05	-1.765410e-02	-4.086867e+00
2.440000e-05	-1.651369e-02	-4.064083e+00
2.441000e-05	-1.123297e-02	-3.999999e+00
2.442000e-05	-1.347442e-02	-3.988345e+00
2.443000e-05	-1.366870e-02	-3.876763e+00
2.444000e-05	-1.388860e-02	-3.741124e+00
2.445000e-05	-9.521151e-03	-3.705286e+00
2.446000e-05	-1.088360e-02	-3.611026e+00
2.447000e-05	-1.308297e-02	-3.579471e+00
2.448000e-05	-1.187773e-02	-3.517792e+00
2.449000e-05	-9.954933e-03	-3.442102e+00
2.450000e-05	-1.054684e-02	-3.339921e+00
2.451000e-05	-1.318151e-02	-3.335238e+00
2.452000e-05	-1.117022e-02	-3.201053e+00
2.453000e-05	-8.268049e-03	-3.179417e+00
2.454000e-05	-7.215124e-03	-3.054212e+00
2.455000e-05	-1.054232e-02	-2.949393e+00
2.456000e-05	-8.639206e-03	-2.853081e+00
2.457000e-05	-7.661178e-03	-2.759474e+00
2.458000e-05	-7.806843e-03	-2.697843e+00
2.459000e-05	-1.088921e-02	-2.642631e+00
2.460000e-05	-9.985421e-03	-2.557795e+00
2.461000e-05	-7.167535e-03	-2.454185e+00
2.462000e-05	-6.741965e-03	-2.421024e+00
2.463000e-05	-7.020925e-03	-2.357895e+00
2.464000e-05	-7.168256e-03	-2.242528e+00
2.465000e-05	-5.646822e-03	-2.056311e+00
2.466000e-05	-5.910489e-03	-2.032050e+00
2.467000e-05	-7.223317e-03	-1.949421e+00
2.468000e-05	-8.571470e-03	-1.865237e+00
2.469000e-05	-5.957780e-03	-1.810053e+00
2.470000e-05	-5.859418e-03	-1.706841e+00
2.471000e-05	-6.166798e-03	-1.632578e+00
2.472000e-05	-6.000248e-03	-1.599921e+00
2.473000e-05	-4.477624e-03	-1.517314e+00
2.474000e-05	-4.231153e-03	-1.317396e+00
2.475000e-05	-4.943682e-03	-1.241024e+00
2.476000e-05	-5.613691e-03	-1.167262e+00
2.477000e-05	-4.566822e-03	-1.043158e+00
2.478000e-05	-3.988436e-03	-9.403697e-01
2.479000e-05	-5.625402e-03	-8.531380e-01
2.480000e-05	-4.831104e-03	-8.009748e-01
2.481000e-05	-4.213727e-03	-7.083433e-01
2.482000e-05	-2.755549e-03	-5.825460e-01
2.483000e-05	-3.060582e-03	-4.551870e-01
2.484000e-05	-3.003410e-03	-3.910488e-01
2.485000e-05	-3.881209e-03	-3.282657e-01
2.486000e-05	-1.852534e-03	-2.220565e-01
2.487000e-05	-2.925374e-03	-2.100263e-01
2.488000e-05	-2.138583e-03	1.000025e-02
2.489000e-05	1.878169e-04	3.000383e-02
2.490000e-05	8.680663e-04	9.216215e-02
2.491000e-05	-1.126607e-03	2.500064e-01
2.492000e-05	-8.070263e-04	3.468709e-01
2.493000e-05	-1.859359e-03	3.994751e-01
2.494000e-05	-3.275779e-04	4.937132e-01
2.495000e-05	2.154986e-03	6.069461e-01
2.496000e-05	2.226235e-02	6.622067e-01
2.497000e-05	3.852119e-02	8.178698e-01
2.498000e-05	-2.137630e-02	9.237129e-01
2.499000e-05	-8.291644e-02	1.051380e+00
2.500000e-05	-1.529606e-02	1.092689e+00
2.501000e-05	9.491886e-02	1.177492e+00
2.502000e-05	1.126666e-02	1.270685e+00
2.503000e-05	-1.110573e-01	1.378396e+00
2.504000e-05	6.642496e-02	1.429055e+00
2.505000e-05	5.313625e-02	1.626401e+00
2.506000e-05	-9.268162e-04	1.724767e+00
2.507000e-05	-5.950706e-02	1.776837e+00
2.508000e-05	3.602704e-02	1.839054e+00
2.509000e-05	-3.685682e-02	1.957791e+00
2.510000e-05	2.068391e-02	1.988947e+00
2.511000e-05	8.593447e-02	2.070633e+00
2.512000e-05	-8.970976e-02	2.176370e+00
2.513000e-05	-3.906793e-02	2.189976e+00
2.514000e-05	1.009918e-01	2.292236e+00
2.515000e-05	1.948138e-02	2.409399e+00
2.516000e-05	-9.870790e-02	2.472081e+00
2.517000e-05	1.313226e-02	2.494847e+00
2.518000e-05	7.319958e-02	2.694163e+00
2.519000e-05	2.314261e-02	2.768422e+00
2.520000e-05	-7.353138e-02	2.839554e+00
2.521000e-05	-8.625230e-03	2.914811e+00
2.522000e-05	5.427188e-02	2.967897e+00
2.523000e-05	2.684588e-02	3.083104e+00
2.524000e-05	-6.363660e-02	3.156371e+00
2.525000e-05	1.192007e-02	3.199549e+00
2.526000e-05	5.806187e-02	3.271560e+00
2.527000e-05	-1.823822e-02	3.375760e+00
2.528000e-05	-7.297193e-03	3.512079e+00
2.529000e-05	-8.769374e-03	3.547365e+00
2.530000e-05	2.558044e-02	3.599500e+00
2.531000e-05	1.108163e-02	3.662055e+00
2.532000e-05	2.913217e-03	3.737838e+00
2.533000e-05	-2.133320e-02	3.790475e+00
2.534000e-05	3.000762e-02	3.874583e+00
2.535000e-05	1.790713e-02	3.923743e+00
2.536000e-05	-1.587847e-02	3.978897e+00
2.537000e-05	7.683508e-04	4.009978e+00
2.538000e-05	1.691775e-02	4.092079e+00
2.539000e-05	2.319162e-02	4.115817e+00
2.540000e-05	-1.091670e-02	4.199477e+00
2.541000e-05	1.039548e-03	4.333290e+00
2.542000e-05	1.145026e-02	4.377998e+00
2.543000e-05	2.378135e-02	4.400502e+00
2.544000e-05	-6.184652e-03	4.451578e+00
2.545000e-05	-2.830406e-03	4.535635e+00
2.546000e-05	2.107363e-02	4.567922e+00
2.547000e-05	1.924445e-02	4.609001e+00
2.548000e-05	-2.199585e-03	4.661107e+00
2.549000e-05	-5.210392e-03	4.744888e+00
2.550000e-05	2.351757e-02	4.757872e+00
2.551000e-05	1.462083e-02	4.799546e+00
2.552000e-05	3.919872e-03	4.850578e+00
2.553000e-05	-2.298438e-03	4.883186e+00
2.554000e-05	2.089901e-02	4.945797e+00
2.555000e-05	1.935446e-02	5.038949e+00
2.556000e-05	1.660815e-03	5.095269e+00
2.557000e-05	3.200432e-03	5.174244e+00
2.558000e-05	1.696007e-02	5.188424e+00
2.559000e-05	2.202246e-02	5.219504e+00
2.560000e-05	2.283690e-03	5.251529e+00
2.561000e-05	5.618553e-03	5.291762e+00
2.562000e-05	1.716812e-02	5.335765e+00
2.563000e-05	2.024176e-02	5.297771e+00
2.564000e-05	9.171678e-03	5.365421e+00
2.565000e-05	4.929529e-03	5.419949e+00
2.566000e-05	1.979998e-02	5.399949e+00
2.567000e-05	2.141218e-02	5.400552e+00
2.568000e-05	1.350950e-02	5.461083e+00
2.569000e-05	5.479780e-03	5.422659e+00
2.570000e-05	1.857858e-02	5.514107e+00
2.571000e-05	2.134457e-02	5.443742e+00
2.572000e-05	1.416688e-02	5.534833e+00
2.573000e-05	8.642652e-03	5.506893e+00
2.574000e-05	1.871497e-02	5.565793e+00
2.575000e-05	2.547857e-02	5.525289e+00
2.576000e-05	1.768276e-02	5.496346e+00
2.577000e-05	1.463162e-02	5.538415e+00
2.578000e-05	1.801976e-02	5.527290e+00
2.579000e-05	2.688170e-02	5.577443e+00
2.580000e-05	1.846422e-02	5.547872e+00
2.581000e-05	1.474209e-02	5.558319e+00
2.582000e-05	1.926068e-02	5.567920e+00
2.583000e-05	2.786385e-02	5.536342e+00
2.584000e-05	2.287268e-02	5.518344e+00
2.585000e-05	1.849750e-02	5.516267e+00
2.586000e-05	2.177830e-02	5.506745e+00
2.587000e-05	2.730321e-02	5.525767e+00
2.588000e-05	2.404258e-02	5.527318e+00
2.589000e-05	1.809515e-02	5.495238e+00
2.590000e-05	2.179777e-02	5.474739e+00
2.591000e-05	2.629967e-02	5.454183e+00
2.592000e-05	2.428018e-02	5.452554e+00
2.593000e-05	1.917184e-02	5.461079e+00
2.594000e-05	2.064241e-02	5.440005e+00
2.595000e-05	2.605465e-02	5.400031e+00
2.596000e-05	2.382847e-02	5.398400e+00
2.597000e-05	2.042322e-02	5.347846e+00
2.598000e-05	1.929409e-02	5.317266e+00
2.599000e-05	2.479486e-02	5.305809e+00
2.600000e-05	2.065285e-02	5.253631e+00
2.601000e-05	1.804353e-02	5.241004e+00
2.602000e-05	1.548860e-02	5.189475e+00
2.603000e-05	2.227585e-02	5.147370e+00
2.604000e-05	1.918671e-02	5.115668e+00
2.605000e-05	1.866831e-02	5.113206e+00
2.606000e-05	1.575568e-02	4.998921e+00
2.607000e-05	2.050584e-02	4.935739e+00
2.608000e-05	1.793144e-02	4.875683e+00
2.609000e-05	1.336067e-02	4.821028e+00
2.610000e-05	1.341434e-02	4.769949e+00
2.611000e-05	1.412983e-02	4.748944e+00
2.612000e-05	1.487063e-02	4.704718e+00
2.613000e-05	1.233164e-02	4.683632e+00
2.614000e-05	1.393323e-02	4.600975e+00
2.615000e-05	1.441848e-02	4.577321e+00
2.616000e-05	1.506865e-02	4.495212e+00
2.617000e-05	1.077639e-02	4.452636e+00
2.618000e-05	1.084535e-02	4.401003e+00
2.619000e-05	1.033185e-02	4.399975e+00
2.620000e-05	1.178463e-02	4.345874e+00
2.621000e-05	7.369274e-03	4.244188e+00
2.622000e-05	8.716025e-03	4.178396e+00
2.623000e-05	9.559737e-03	4.073686e+00
2.624000e-05	9.600661e-03	4.020603e+00
2.625000e-05	8.008030e-03	3.989421e+00
2.626000e-05	7.757840e-03	3.918846e+00
2.627000e-05	8.430964e-03	3.873208e+00
2.628000e-05	7.937923e-03	3.811501e+00
2.629000e-05	6.207838e-03	3.726919e+00
2.630000e-05	5.984168e-03	3.643679e+00
2.631000e-05	5.633885e-03	3.631000e+00
2.632000e-05	5.845701e-03	3.579471e+00
2.633000e-05	4.887242e-03	3.536267e+00
2.634000e-05	4.744619e-03	3.420628e+00
2.635000e-05	6.211405e-03	3.315219e+00
2.636000e-05	4.970609e-03	3.221078e+00
2.637000e-05	4.470556e-03	3.166967e+00
2.638000e-05	3.182874e-03	3.044188e+00
2.639000e-05	3.353425e-03	3.011029e+00
2.640000e-05	2.575479e-03	2.918866e+00
2.641000e-05	2.881349e-03	2.862058e+00
2.642000e-05	3.423091e-03	2.811001e+00
2.643000e-05	3.620578e-03	2.757943e+00
2.644000e-05	2.458784e-03	2.623575e+00
2.645000e-05	2.719476e-03	2.476490e+00
2.646000e-05	2.047411e-03	2.411604e+00
2.647000e-05	2.322374e-03	2.357846e+00
2.648000e-05	1.878247e-03	2.232033e+00
2.649000e-05	9.551032e-04	2.158477e+00
2.650000e-05	8.025898e-04	2.075261e+00
2.651000e-05	1.314015e-03	2.031003e+00
2.652000e-05	7.722005e-05	1.969949e+00
2.653000e-05	-2.455744e-04	1.855190e+00
2.654000e-05	8.861617e-04	1.758926e+00
2.655000e-05	1.131452e-03	1.673790e+00
2.656000e-05	-8.301586e-04	1.602528e+00
2.657000e-05	-1.603389e-04	1.527788e+00
2.658000e-05	-9.622560e-04	1.419981e+00
2.659000e-05	-2.881195e-04	1.358269e+00
2.660000e-05	-1.529766e-03	1.212107e+00
2.661000e-05	-2.137537e-03	1.159371e+00
2.662000e-05	-5.160250e-04	1.042004e+00
2.663000e-05	-9.946247e-04	9.376632e-01
2.664000e-05	-1.986337e-03	7.910238e-01
2.665000e-05	-2.622469e-03	7.168909e-01
2.666000e-05	-2.362533e-03	6.426265e-01
2.667000e-05	-1.317241e-03	5.779236e-01
2.668000e-05	-3.044163e-03	4.636829e-01
2.669000e-05	-3.374468e-03	4.104988e-01
2.670000e-05	-3.345768e-03	3.352158e-01
2.671000e-05	-3.097114e-03	1.709476e-01
2.672000e-05	-2.664458e-03	4.453190e-02
2.673000e-05	-3.596328e-03	4.711841e-04
2.674000e-05	-2.628909e-03	-1.447342e-01
2.675000e-05	-5.403246e-04	-2.079461e-01
2.676000e-05	-1.813847e-03	-2.526315e-01
2.677000e-05	-3.018209e-03	-3.463409e-01
2.678000e-05	-3.754055e-03	-4.090239e-01
2.679000e-05	-1.810825e-03	-4.936354e-01
2.680000e-05	-3.423797e-03	-5.991013e-01
2.681000e-05	1.459235e-02	-7.457108e-01
2.682000e-05	4.318403e-02	-7.785251e-01
2.683000e-05	-2.368470e-02	-9.268131e-01
2.684000e-05	-9.114206e-02	-1.103312e+00
2.685000e-05	-2.055317e-02	-1.157917e+00
2.686000e-05	8.674403e-02	-1.135342e+00
2.687000e-05	2.200001e-02	-1.230050e+00
2.688000e-05	-1.157568e-01	-1.459579e+00
2.689000e-05	7.926891e-02	-1.567441e+00
2.690000e-05	4.541122e-02	-1.506765e+00
2.691000e-05	-3.729796e-02	-1.714157e+00
2.692000e-05	-6.417015e-02	-1.788974e+00
2.693000e-05	5.200868e-02	-1.798498e+00
2.694000e-05	-6.103293e-02	-1.872707e+00
2.695000e-05	-6.032309e-03	-2.009498e+00
2.696000e-05	1.246719e-01	-2.032108e+00
2.697000e-05	-1.065394e-01	-2.134160e+00
2.698000e-05	-9.007928e-02	-2.314259e+00
2.699000e-05	1.457907e-01	-2.378473e+00
2.700000e-05	-8.581074e-03	-2.422607e+00
2.701000e-05	-1.457622e-01	-2.526315e+00
2.702000e-05	3.816624e-02	-2.618472e+00
2.703000e-05	8.592638e-02	-2.693206e+00
2.704000e-05	-3.615742e-02	-2.788499e+00
2.705000e-05	-6.612598e-02	-2.801051e+00
2.706000e-05	-1.831820e-02	-2.913686e+00
2.707000e-05	5.268794e-02	-3.053728e+00
2.708000e-05	2.334622e-02	-3.126867e+00
2.709000e-05	-1.123436e-01	-3.210025e+00
2.710000e-05	1.504160e-02	-3.243232e+00
2.711000e-05	7.978355e-02	-3.376367e+00
2.712000e-05	-6.247671e-02	-3.450526e+00
2.713000e-05	-4.157892e-02	-3.464209e+00
2.714000e-05	1.102006e-02	-3.515816e+00
2.715000e-05	5.869501e-03	-3.609599e+00
2.716000e-05	-1.727035e-04	-3.692679e+00
2.717000e-05	-3.094887e-02	-3.768393e+00
2.718000e-05	-3.126390e-02	-3.914133e+00
2.719000e-05	3.711588e-02	-3.948418e+00
2.720000e-05	-1.910464e-02	-4.010024e+00
2.721000e-05	-3.904776e-02	-4.031628e+00
2.722000e-05	-7.479848e-03	-4.116816e+00
2.723000e-05	2.134364e-03	-4.128944e+00
2.724000e-05	7.860297e-03	-4.209578e+00
2.725000e-05	-3.965854e-02	-4.234181e+00
2.726000e-05	-2.165805e-02	-4.315842e+00
2.727000e-05	1.129999e-02	-4.368425e+00
2.728000e-05	-3.114799e-03	-4.400503e+00
2.729000e-05	-3.192945e-02	-4.452133e+00
2.730000e-05	-2.276608e-02	-4.526237e+00
2.731000e-05	3.225939e-03	-4.559369e+00
2.732000e-05	4.292343e-03	-4.681626e+00
2.733000e-05	-3.832817e-02	-4.723309e+00
2.734000e-05	-2.501702e-02	-4.685264e+00
2.735000e-05	8.755076e-03	-4.798946e+00
2.736000e-05	-9.908619e-03	-4.851028e+00
2.737000e-05	-2.415407e-02	-4.833737e+00
2.738000e-05	-2.860203e-02	-4.955346e+00
2.739000e-05	4.575313e-04	-4.999420e+00
2.740000e-05	-3.272897e-03	-5.001002e+00
2.741000e-05	-3.379585e-02	-5.063131e+00
2.742000e-05	-2.203061e-02	-5.084762e+00
2.743000e-05	-5.573889e-03	-5.137390e+00
2.744000e-05	-7.194103e-03	-5.200424e+00
2.745000e-05	-2.875382e-02	-5.210473e+00
2.746000e-05	-2.612720e-02	-5.242102e+00
2.747000e-05	-7.380697e-03	-5.244732e+00
2.748000e-05	-8.432591e-03	-5.345842e+00
2.749000e-05	-2.861989e-02	-5.355925e+00
2.750000e-05	-2.520461e-02	-5.402649e+00
2.751000e-05	-1.177352e-02	-5.472754e+00
2.752000e-05	-1.145138e-02	-5.506811e+00
2.753000e-05	-2.744261e-02	-5.527193e+00
2.754000e-05	-3.017443e-02	-5.567470e+00
2.755000e-05	-1.328810e-02	-5.588946e+00
2.756000e-05	-1.433985e-02	-5.589417e+00
2.757000e-05	-2.610275e-02	-5.589997e+00
2.758000e-05	-2.878657e-02	-5.619999e+00
2.759000e-05	-1.832240e-02	-5.599974e+00
2.760000e-05	-1.480837e-02	-5.600525e+00
2.761000e-05	-2.800379e-02	-5.590001e+00
2.762000e-05	-3.030616e-02	-5.611475e+00
2.763000e-05	-2.226958e-02	-5.620527e+00
2.764000e-05	-1.787360e-02	-5.612028e+00
2.765000e-05	-2.848644e-02	-5.611078e+00
2.766000e-05	-3.245700e-02	-5.631526e+00
2.767000e-05	-2.368313e-02	-5.630026e+00
2.768000e-05	-1.996769e-02	-5.620578e+00
2.769000e-05	-2.966796e-02	-5.611029e+00
2.770000e-05	-3.412448e-02	-5.601050e+00
2.771000e-05	-2.582636e-02	-5.611975e+00
2.772000e-05	-2.350691e-02	-5.579025e+00
2.773000e-05	-3.054131e-02	-5.589500e+00
2.774000e-05	-3.408884e-02	-5.599422e+00
2.775000e-05	-2.747436e-02	-5.589499e+00
2.776000e-05	-2.363774e-02	-5.558970e+00
2.777000e-05	-2.987525e-02	-5.579893e+00
2.778000e-05	-3.281540e-02	-5.567841e+00
2.779000e-05	-2.689841e-02	-5.538858e+00
2.780000e-05	-2.406286e-02	-5.483240e+00
2.781000e-05	-3.012565e-02	-5.494787e+00
2.782000e-05	-3.145164e-02	-5.392075e+00
2.783000e-05	-2.784494e-02	-5.380070e+00
2.784000e-05	-2.273153e-02	-5.298371e+00
2.785000e-05	-2.743209e-02	-5.275262e+00
2.786000e-05	-2.935291e-02	-5.283082e+00
2.787000e-05	-2.516462e-02	-5.210625e+00
2.788000e-05	-2.188835e-02	-5.169922e+00
2.789000e-05	-2.367825e-02	-5.189419e+00
2.790000e-05	-2.781907e-02	-5.156287e+00
2.791000e-05	-2.425905e-02	-5.073213e+00
2.792000e-05	-2.076085e-02	-5.012584e+00
2.793000e-05	-2.185108e-02	-4.979474e+00
2.794000e-05	-2.668349e-02	-4.956911e+00
2.795000e-05	-2.288033e-02	-4.843737e+00
2.796000e-05	-1.793291e-02	-4.821029e+00
2.797000e-05	-1.879820e-02	-4.716945e+00
2.798000e-05	-2.278745e-02	-4.694082e+00
2.799000e-05	-2.109842e-02	-4.653105e+00
2.800000e-05	-1.616472e-02	-4.620554e+00
2.801000e-05	-1.867238e-02	-4.609471e+00
2.802000e-05	-1.984335e-02	-4.516866e+00
2.803000e-05	-2.107827e-02	-4.433183e+00
2.804000e-05	-1.443859e-02	-4.431503e+00
2.805000e-05	-1.628170e-02	-4.400000e+00
2.806000e-05	-1.789124e-02	-4.358395e+00
2.807000e-05	-1.771420e-02	-4.265237e+00
2.808000e-05	-1.414113e-02	-4.232603e+00
2.809000e-05	-1.234450e-02	-4.189977e+00
2.810000e-05	-1.630051e-02	-4.128385e+00
2.811000e-05	-1.659371e-02	-4.053677e+00
2.812000e-05	-1.295454e-02	-4.011051e+00
2.813000e-05	-1.250963e-02	-3.969495e+00
2.814000e-05	-1.393619e-02	-3.895212e+00
2.815000e-05	-1.546394e-02	-3.771503e+00
2.816000e-05	-1.282986e-02	-3.706761e+00
2.817000e-05	-1.006743e-02	-3.622528e+00
2.818000e-05	-1.159097e-02	-3.559946e+00
2.819000e-05	-1.177140e-02	-3.486368e+00
2.820000e-05	-1.123658e-02	-3.452031e+00
2.821000e-05	-9.855208e-03	-3.370892e+00
2.822000e-05	-1.148922e-02	-3.305238e+00
2.823000e-05	-1.235823e-02	-3.232577e+00
2.824000e-05	-1.019332e-02	-3.149946e+00
2.825000e-05	-8.352857e-03	-3.114183e+00
2.826000e-05	-8.811071e-03	-2.999820e+00
2.827000e-05	-9.544485e-03	-2.864107e+00
2.828000e-05	-9.095108e-03	-2.799999e+00
2.829000e-05	-7.637506e-03	-2.726813e+00
2.830000e-05	-9.141951e-03	-2.623109e+00
2.831000e-05	-8.667458e-03	-2.561446e+00
2.832000e-05	-8.836451e-03	-2.474209e+00
2.833000e-05	-6.570642e-03	-2.402501e+00
2.834000e-05	-6.491845e-03	-2.346391e+00
2.835000e-05	-8.728407e-03	-2.243283e+00
2.836000e-05	-6.882575e-03	-2.096259e+00
2.837000e-05	-7.391843e-03	-2.032056e+00
2.838000e-05	-5.347414e-03	-1.989895e+00
2.839000e-05	-7.396058e-03	-1.865734e+00
2.840000e-05	-6.952263e-03	-1.782075e+00
2.841000e-05	-5.929579e-03	-1.737266e+00
2.842000e-05	-5.004414e-03	-1.643154e+00
2.843000e-05	-5.784511e-03	-1.598997e+00
2.844000e-05	-6.192940e-03	-1.494259e+00
2.845000e-05	-4.144804e-03	-1.348391e+00
2.846000e-05	-4.287836e-03	-1.231025e+00
2.847000e-05	-5.879031e-03	-1.078890e+00
2.848000e-05	-5.255955e-03	-1.022579e+00
2.849000e-05	-4.935611e-03	-9.894474e-01
2.850000e-05	-4.157582e-03	-8.546842e-01
2.851000e-05	-3.773009e-03	-7.810025e-01
2.852000e-05	-4.758397e-03	-6.878109e-01
2.853000e-05	-3.918137e-03	-5.910027e-01
2.854000e-05	-3.461088e-03	-4.726805e-01
2.855000e-05	-3.640773e-03	-4.319724e-01
2.856000e-05	-5.025321e-03	-2.958383e-01
2.857000e-05	-3.548942e-03	-2.321777e-01
2.858000e-05	-1.103735e-03	-1.579185e-01
2.859000e-05	-1.191608e-03	-3.213414e-02
2.860000e-05	2.473958e-04	6.013129e-04
2.861000e-05	8.955488e-04	7.376433e-02
2.862000e-05	8.205219e-05	2.500788e-01
2.863000e-05	-4.971511e-04	3.358195e-01
2.864000e-05	-4.057355e-03	4.089763e-01
2.865000e-05	-6.957828e-04	4.826856e-01
2.866000e-05	2.567802e-03	5.879721e-01
2.867000e-05	2.239855e-02	6.426831e-01
2.868000e-05	3.721897e-02	7.679510e-01
2.869000e-05	-2.178728e-02	8.522131e-01
2.870000e-05	-8.244725e-02	1.042099e+00
2.871000e-05	-1.476503e-02	1.044609e+00
2.872000e-05	9.481256e-02	1.176946e+00
2.873000e-05	1.224932e-02	1.302135e+00
2.874000e-05	-1.126325e-01	1.336942e+00
2.875000e-05	6.711558e-02	1.440001e+00
2.876000e-05	5.042675e-02	1.618023e+00
2.877000e-05	-1.564022e-03	1.694767e+00
2.878000e-05	-6.075104e-02	1.726766e+00
2.879000e-05	3.756112e-02	1.827081e+00
2.880000e-05	-3.557163e-02	1.976893e+00
2.881000e-05	2.085887e-02	1.990024e+00
2.882000e-05	8.790445e-02	2.041105e+00
2.883000e-05	-9.046610e-02	2.186341e+00
2.884000e-05	-4.152421e-02	2.189528e+00
2.885000e-05	1.012251e-01	2.273633e+00
2.886000e-05	1.802414e-02	2.387420e+00
2.887000e-05	-1.007952e-01	2.461054e+00
2.888000e-05	1.476935e-02	2.577841e+00
2.889000e-05	7.397831e-02	2.673628e+00
2.890000e-05	2.295420e-02	2.748324e+00
2.891000e-05	-7.280850e-02	2.831601e+00
2.892000e-05	-8.171496e-03	2.964313e+00
2.893000e-05	5.589112e-02	2.998421e+00
2.894000e-05	2.409199e-02	3.011608e+00
2.895000e-05	-6.229457e-02	3.176841e+00
2.896000e-05	1.090181e-02	3.189924e+00
2.897000e-05	5.763806e-02	3.231082e+00
2.898000e-05	-1.959938e-02	3.333813e+00
2.899000e-05	-6.117354e-03	3.452058e+00
2.900000e-05	-7.387217e-03	3.586366e+00
2.901000e-05	2.648622e-02	3.579025e+00
2.902000e-05	1.190826e-02	3.660655e+00
2.903000e-05	3.024353e-03	3.725788e+00
2.904000e-05	-2.252223e-02	3.790475e+00
2.905000e-05	2.893141e-02	3.861258e+00
2.906000e-05	1.678481e-02	3.915238e+00
2.907000e-05	-1.482928e-02	3.988396e+00
2.908000e-05	2.787813e-04	3.989525e+00
2.909000e-05	1.836205e-02	4.061132e+00
2.910000e-05	2.491089e-02	4.125291e+00
2.911000e-05	-1.117680e-02	4.178997e+00
2.912000e-05	1.772346e-03	4.315289e+00
2.913000e-05	9.420956e-03	4.388471e+00
2.914000e-05	2.314845e-02	4.380003e+00
2.915000e-05	-6.775109e-03	4.472156e+00
2.916000e-05	-4.452345e-03	4.494737e+00
2.917000e-05	2.195942e-02	4.536397e+00
2.918000e-05	1.954822e-02	4.610101e+00
2.919000e-05	-1.119463e-03	4.653162e+00
2.920000e-05	-3.564637e-03	4.714792e+00
2.921000e-05	2.186343e-02	4.737444e+00
2.922000e-05	1.600179e-02	4.809475e+00
2.923000e-05	1.141269e-03	4.810475e+00
2.924000e-05	-1.712098e-03	4.894287e+00
2.925000e-05	1.970879e-02	4.946744e+00
2.926000e-05	2.073552e-02	5.028952e+00
2.927000e-05	2.133630e-03	5.064661e+00
2.928000e-05	3.753975e-03	5.136820e+00
2.929000e-05	1.601978e-02	5.160425e+00
2.930000e-05	2.232388e-02	5.231553e+00
2.931000e-05	2.716360e-03	5.250687e+00
2.932000e-05	5.771727e-03	5.264287e+00
2.933000e-05	1.538592e-02	5.315267e+00
2.934000e-05	2.336901e-02	5.367842e+00
2.935000e-05	7.636255e-03	5.366920e+00
2.936000e-05	4.956195e-03	5.389526e+00
2.937000e-05	1.726059e-02	5.399954e+00
2.938000e-05	2.219922e-02	5.410550e+00
2.939000e-05	1.287619e-02	5.431107e+00
2.940000e-05	4.884576e-03	5.471063e+00
2.941000e-05	1.950057e-02	5.444186e+00
2.942000e-05	2.340122e-02	5.465183e+00
2.943000e-05	1.545235e-02	5.534788e+00
2.944000e-05	8.806246e-03	5.546314e+00
2.945000e-05	1.810854e-02	5.505918e+00
2.946000e-05	2.440008e-02	5.536317e+00
2.947000e-05	1.621143e-02	5.517921e+00
2.948000e-05	1.233327e-02	5.574823e+00
2.949000e-05	1.778379e-02	5.546316e+00
2.950000e-05	2.838343e-02	5.556920e+00
2.951000e-05	1.926523e-02	5.567393e+00
2.952000e-05	1.656586e-02	5.577992e+00
2.953000e-05	1.970949e-02	5.558368e+00
2.954000e-05	2.827731e-02	5.537470e+00
2.955000e-05	2.140451e-02	5.548796e+00
2.956000e-05	1.630708e-02	5.504921e+00
2.957000e-05	2.186248e-02	5.526413e+00
2.958000e-05	2.806450e-02	5.515210e+00
2.959000e-05	2.457057e-02	5.545343e+00
2.960000e-05	1.871492e-02	5.485242e+00
2.961000e-05	2.261763e-02	5.513163e+00
2.962000e-05	2.707469e-02	5.443184e+00
2.963000e-05	2.422685e-02	5.422056e+00
2.964000e-05	1.879478e-02	5.441503e+00
2.965000e-05	2.093571e-02	5.431977e+00
2.966000e-05	2.600001e-02	5.401003e+00
2.967000e-05	2.299749e-02	5.398950e+00
2.968000e-05	1.993742e-02	5.357896e+00
2.969000e-05	2.010783e-02	5.286792e+00
2.970000e-05	2.517781e-02	5.294790e+00
2.971000e-05	2.227221e-02	5.242629e+00
2.972000e-05	1.765524e-02	5.242084e+00
2.973000e-05	1.797276e-02	5.219399e+00
2.974000e-05	2.089385e-02	5.177894e+00
2.975000e-05	2.046121e-02	5.125316e+00
2.976000e-05	1.477243e-02	5.020677e+00
2.977000e-05	1.568903e-02	5.009952e+00
2.978000e-05	1.841008e-02	4.877313e+00
2.979000e-05	2.010222e-02	4.863182e+00
2.980000e-05	1.375366e-02	4.830504e+00
2.981000e-05	1.477424e-02	4.779926e+00
2.982000e-05	1.591324e-02	4.759469e+00
2.983000e-05	1.618142e-02	4.716788e+00
2.984000e-05	1.181220e-02	4.682584e+00
2.985000e-05	1.172103e-02	4.580626e+00
2.986000e-05	1.403080e-02	4.516819e+00
2.987000e-05	1.350523e-02	4.505257e+00
2.988000e-05	1.137922e-02	4.442680e+00
2.989000e-05	1.081251e-02	4.420504e+00
2.990000e-05	1.217512e-02	4.399948e+00
2.991000e-05	1.146565e-02	4.337820e+00
2.992000e-05	9.654564e-03	4.252214e+00
2.993000e-05	8.443315e-03	4.147873e+00
2.994000e-05	9.796482e-03	4.094757e+00
2.995000e-05	1.020906e-02	4.041505e+00
2.996000e-05	7.731813e-03	3.979446e+00
2.997000e-05	6.420467e-03	3.936321e+00
2.998000e-05	7.971311e-03	3.853662e+00
2.999000e-05	7.729657e-03	3.831575e+00
3.000000e-05	7.076228e-03	3.726792e+00
3.001000e-05	5.491650e-03	3.644234e+00
3.002000e-05	7.434566e-03	3.622003e+00
3.003000e-05	6.417953e-03	3.578971e+00
3.004000e-05	4.160418e-03	3.507238e+00
3.005000e-05	4.260077e-03	3.379978e+00
3.006000e-05	4.417447e-03	3.294264e+00
3.007000e-05	5.242714e-03	3.221026e+00
3.008000e-05	3.180743e-03	3.148420e+00
3.009000e-05	4.003393e-03	3.084212e+00
3.010000e-05	3.337515e-03	3.021528e+00
3.011000e-05	4.007660e-03	2.928296e+00
3.012000e-05	2.941266e-03	2.832558e+00
3.013000e-05	2.331298e-03	2.789976e+00
3.014000e-05	2.138420e-03	2.747294e+00
3.015000e-05	2.660949e-03	2.643077e+00
3.016000e-05	1.334981e-03	2.505840e+00
3.017000e-05	1.010553e-03	2.411023e+00
3.018000e-05	2.099743e-03	2.357890e+00
3.019000e-05	2.149029e-03	2.283157e+00
3.020000e-05	1.399804e-03	2.188946e+00
3.021000e-05	1.154236e-03	2.114338e+00
3.022000e-05	1.122980e-03	2.012578e+00
3.023000e-05	1.392341e-03	1.968420e+00
3.024000e-05	1.673674e-04	1.905266e+00
3.025000e-05	-7.543124e-04	1.747002e+00
3.026000e-05	1.169979e-04	1.726665e+00
3.027000e-05	-5.951863e-04	1.601628e+00
3.028000e-05	-1.143161e-03	1.467811e+00
3.029000e-05	-8.914512e-04	1.421524e+00
3.030000e-05	-4.030227e-04	1.343818e+00
3.031000e-05	-6.977802e-04	1.213582e+00
3.032000e-05	-1.893776e-03	1.128843e+00
3.033000e-05	-1.495839e-03	1.012582e+00
3.034000e-05	-2.043613e-03	8.661870e-01
3.035000e-05	-1.509565e-03	8.214989e-01
3.036000e-05	-3.281269e-03	7.072934e-01
3.037000e-05	-2.866541e-03	6.331319e-01
3.038000e-05	-1.681174e-03	5.474210e-01
3.039000e-05	-2.371792e-03	4.431570e-01
3.040000e-05	-2.592749e-03	3.900024e-01
3.041000e-05	-3.128084e-03	3.298386e-01
3.042000e-05	-3.328720e-03	1.824713e-01
3.043000e-05	-1.407283e-03	6.418571e-02
3.044000e-05	-4.058904e-03	-9.549938e-03
3.045000e-05	-2.548794e-03	-1.058093e-01
3.046000e-05	-1.147786e-03	-1.988735e-01
3.047000e-05	-1.555970e-03	-2.521828e-01
3.048000e-05	-3.610555e-03	-3.778421e-01
3.049000e-05	-3.969190e-03	-3.800488e-01
3.050000e-05	-3.565573e-03	-4.947855e-01
3.051000e-05	-2.219561e-03	-5.769774e-01
3.052000e-05	1.412467e-02	-7.548334e-01
3.053000e-05	4.394646e-02	-8.190524e-01
3.054000e-05	-2.348105e-02	-9.268457e-01
3.055000e-05	-9.031981e-02	-1.125758e+00
3.056000e-05	-2.172554e-02	-1.135921e+00
3.057000e-05	8.581605e-02	-1.063765e+00
3.058000e-05	2.229417e-02	-1.248628e+00
3.059000e-05	-1.195127e-01	-1.512654e+00
3.060000e-05	8.313130e-02	-1.538416e+00
3.061000e-05	4.517939e-02	-1.546318e+00
3.062000e-05	-3.648188e-02	-1.692679e+00
3.063000e-05	-6.402669e-02	-1.800500e+00
3.064000e-05	5.312315e-02	-1.781024e+00
3.065000e-05	-6.113958e-02	-1.883710e+00
3.066000e-05	-8.818106e-03	-2.018449e+00
3.067000e-05	1.249909e-01	-2.010579e+00
3.068000e-05	-1.068010e-01	-2.095188e+00
3.069000e-05	-9.068346e-02	-2.302732e+00
3.070000e-05	1.459670e-01	-2.387971e+00
3.071000e-05	-7.603087e-03	-2.470129e+00
3.072000e-05	-1.452888e-01	-2.565294e+00
3.073000e-05	4.044209e-02	-2.588948e+00
3.074000e-05	8.489191e-02	-2.683729e+00
3.075000e-05	-3.721790e-02	-2.798495e+00
3.076000e-05	-6.587872e-02	-2.799500e+00
3.077000e-05	-1.950200e-02	-2.922735e+00
3.078000e-05	5.137994e-02	-3.112703e+00
3.079000e-05	2.206170e-02	-3.135919e+00
3.080000e-05	-1.120961e-01	-3.200450e+00
3.081000e-05	1.491672e-02	-3.293158e+00
3.082000e-05	8.073469e-02	-3.357867e+00
3.083000e-05	-6.176589e-02	-3.421027e+00
3.084000e-05	-4.023557e-02	-3.483832e+00
3.085000e-05	1.157436e-02	-3.485791e+00
3.086000e-05	4.528370e-03	-3.619053e+00
3.087000e-05	-2.178582e-03	-3.661607e+00
3.088000e-05	-3.341985e-02	-3.705312e+00
3.089000e-05	-3.096467e-02	-3.853659e+00
3.090000e-05	3.861392e-02	-3.966367e+00
3.091000e-05	-1.782807e-02	-4.010524e+00
3.092000e-05	-3.793288e-02	-4.032128e+00
3.093000e-05	-5.870030e-03	-4.075161e+00
3.094000e-05	2.566200e-03	-4.178345e+00
3.095000e-05	6.710645e-03	-4.201050e+00
3.096000e-05	-4.196918e-02	-4.313659e+00
3.097000e-05	-2.295758e-02	-4.337341e+00
3.098000e-05	1.248934e-02	-4.378950e+00
3.099000e-05	-1.951834e-03	-4.399604e+00
3.100000e-05	-3.124342e-02	-4.452154e+00
3.101000e-05	-2.367355e-02	-4.502214e+00
3.102000e-05	6.710957e-03	-4.610370e+00
3.103000e-05	4.246241e-03	-4.641107e+00
3.104000e-05	-3.990455e-02	-4.694834e+00
3.105000e-05	-2.725416e-02	-4.713762e+00
3.106000e-05	1.067342e-02	-4.768316e+00
3.107000e-05	-9.543303e-03	-4.859031e+00
3.108000e-05	-2.531281e-02	-4.915757e+00
3.109000e-05	-2.785833e-02	-4.907436e+00
3.110000e-05	2.223344e-03	-4.988996e+00
3.111000e-05	-2.451879e-03	-5.019601e+00
3.112000e-05	-3.510869e-02	-5.033104e+00
3.113000e-05	-2.338515e-02	-5.125811e+00
3.114000e-05	-3.126307e-03	-5.137897e+00
3.115000e-05	-5.784638e-03	-5.188998e+00
3.116000e-05	-2.877777e-02	-5.190549e+00
3.117000e-05	-2.714365e-02	-5.242178e+00
3.118000e-05	-6.281538e-03	-5.293732e+00
3.119000e-05	-7.659069e-03	-5.346812e+00
3.120000e-05	-2.897671e-02	-5.376993e+00
3.121000e-05	-2.677609e-02	-5.451004e+00
3.122000e-05	-1.013494e-02	-5.443734e+00
3.123000e-05	-9.259152e-03	-5.535788e+00
3.124000e-05	-2.636766e-02	-5.556768e+00
3.125000e-05	-3.072402e-02	-5.509471e+00
3.126000e-05	-1.223085e-02	-5.588447e+00
3.127000e-05	-1.357456e-02	-5.577421e+00
3.128000e-05	-2.622526e-02	-5.578446e+00
3.129000e-05	-3.126170e-02	-5.599500e+00
3.130000e-05	-1.782224e-02	-5.599976e+00
3.131000e-05	-1.359512e-02	-5.600025e+00
3.132000e-05	-2.744034e-02	-5.600525e+00
3.133000e-05	-3.140055e-02	-5.612000e+00
3.134000e-05	-2.126600e-02	-5.631526e+00
3.135000e-05	-1.653782e-02	-5.611076e+00
3.136000e-05	-2.769691e-02	-5.610001e+00
3.137000e-05	-3.430453e-02	-5.610025e+00
3.138000e-05	-2.471955e-02	-5.600026e+00
3.139000e-05	-1.939576e-02	-5.620026e+00
3.140000e-05	-2.849917e-02	-5.601003e+00
3.141000e-05	-3.601711e-02	-5.641103e+00
3.142000e-05	-2.558364e-02	-5.591050e+00
3.143000e-05	-2.205362e-02	-5.620974e+00
3.144000e-05	-2.860107e-02	-5.590024e+00
3.145000e-05	-3.635308e-02	-5.589474e+00
3.146000e-05	-2.808796e-02	-5.600472e+00
3.147000e-05	-2.327625e-02	-5.588922e+00
3.148000e-05	-2.874111e-02	-5.558974e+00
3.149000e-05	-3.483158e-02	-5.566816e+00
3.150000e-05	-2.813204e-02	-5.548390e+00
3.151000e-05	-2.253888e-02	-5.523813e+00
3.152000e-05	-2.751548e-02	-5.485639e+00
3.153000e-05	-3.256622e-02	-5.431127e+00
3.154000e-05	-2.836194e-02	-5.380444e+00
3.155000e-05	-2.279602e-02	-5.325419e+00
3.156000e-05	-2.584676e-02	-5.355659e+00
3.157000e-05	-3.037968e-02	-5.212131e+00
3.158000e-05	-2.719782e-02	-5.242128e+00
3.159000e-05	-2.166519e-02	-5.190002e+00
3.160000e-05	-2.365879e-02	-5.148895e+00
3.161000e-05	-2.732380e-02	-5.116815e+00
3.162000e-05	-2.488364e-02	-5.054234e+00
3.163000e-05	-2.033995e-02	-5.032028e+00
3.164000e-05	-2.177607e-02	-5.011525e+00
3.165000e-05	-2.450711e-02	-4.917917e+00
3.166000e-05	-2.427410e-02	-4.845130e+00
3.167000e-05	-1.859382e-02	-4.811534e+00
3.168000e-05	-2.006646e-02	-4.727811e+00
3.169000e-05	-2.175194e-02	-4.685160e+00
3.170000e-05	-2.118332e-02	-4.622628e+00
3.171000e-05	-1.624507e-02	-4.622050e+00
3.172000e-05	-1.795635e-02	-4.568870e+00
3.173000e-05	-1.957354e-02	-4.496293e+00
3.174000e-05	-1.976558e-02	-4.432631e+00
3.175000e-05	-1.541400e-02	-4.411554e+00
3.176000e-05	-1.616063e-02	-4.410500e+00
3.177000e-05	-1.738778e-02	-4.387920e+00
3.178000e-05	-1.774851e-02	-4.315213e+00
3.179000e-05	-1.428281e-02	-4.201552e+00
3.180000e-05	-1.434319e-02	-4.190473e+00
3.181000e-05	-1.500385e-02	-4.106320e+00
3.182000e-05	-1.540036e-02	-4.043683e+00
3.183000e-05	-1.314996e-02	-4.010528e+00
3.184000e-05	-1.325652e-02	-3.999422e+00
3.185000e-05	-1.354938e-02	-3.886757e+00
3.186000e-05	-1.390082e-02	-3.829527e+00
3.187000e-05	-1.178000e-02	-3.685237e+00
3.188000e-05	-1.183740e-02	-3.621527e+00
3.189000e-05	-1.210704e-02	-3.590396e+00
3.190000e-05	-1.155537e-02	-3.476315e+00
3.191000e-05	-1.164395e-02	-3.473629e+00
3.192000e-05	-1.020926e-02	-3.359069e+00
3.193000e-05	-1.255545e-02	-3.314584e+00
3.194000e-05	-1.009672e-02	-3.172005e+00
3.195000e-05	-1.025741e-02	-3.169893e+00
3.196000e-05	-7.754517e-03	-3.064234e+00
3.197000e-05	-1.048655e-02	-2.929966e+00
3.198000e-05	-9.196195e-03	-2.863182e+00
3.199000e-05	-9.645878e-03	-2.781049e+00
3.200000e-05	-8.412521e-03	-2.727315e+00
3.201000e-05	-1.005178e-02	-2.633679e+00
3.202000e-05	-8.629276e-03	-2.569946e+00
3.203000e-05	-7.251391e-03	-2.434683e+00
3.204000e-05	-7.880909e-03	-2.411650e+00
3.205000e-05	-7.211873e-03	-2.378396e+00
3.206000e-05	-8.611196e-03	-2.253227e+00
3.207000e-05	-6.589325e-03	-2.107286e+00
3.208000e-05	-8.230804e-03	-2.033604e+00
3.209000e-05	-7.079961e-03	-1.968422e+00
3.210000e-05	-7.796705e-03	-1.895211e+00
3.211000e-05	-4.802775e-03	-1.790600e+00
3.212000e-05	-6.706495e-03	-1.696241e+00
3.213000e-05	-5.637789e-03	-1.622984e+00
3.214000e-05	-6.309682e-03	-1.570395e+00
3.215000e-05	-4.329979e-03	-1.444267e+00
3.216000e-05	-5.236500e-03	-1.349369e+00
3.217000e-05	-6.523398e-03	-1.233079e+00
3.218000e-05	-6.262405e-03	-1.107290e+00
3.219000e-05	-4.123716e-03	-1.063531e+00
3.220000e-05	-4.636061e-03	-9.479186e-01
3.221000e-05	-5.588386e-03	-8.741318e-01
3.222000e-05	-4.106935e-03	-8.120001e-01
3.223000e-05	-3.406503e-03	-7.473634e-01
3.224000e-05	-1.786472e-03	-5.524274e-01
3.225000e-05	-4.103087e-03	-4.226591e-01
3.226000e-05	-3.590581e-03	-4.084498e-01
3.227000e-05	-3.780996e-03	-3.163406e-01
3.228000e-05	-2.257399e-03	-1.815316e-01
3.229000e-05	-4.058371e-03	-1.373670e-01
3.230000e-05	-2.708775e-03	-4.215677e-02
3.231000e-05	-6.772740e-05	9.001441e-03
3.232000e-05	2.104541e-03	1.137081e-01
3.233000e-05	-4.151021e-04	2.300277e-01
3.234000e-05	-4.484865e-04	3.558671e-01
3.235000e-05	-1.606684e-03	3.989513e-01
3.236000e-05	2.158169e-04	4.517367e-01
3.237000e-05	1.202703e-03	5.564222e-01
3.238000e-05	2.024284e-02	7.016542e-01
3.239000e-05	3.649955e-02	8.274498e-01
3.240000e-05	-2.064404e-02	9.047105e-01
3.241000e-05	-8.374292e-02	1.051080e+00
3.242000e-05	-1.628393e-02	1.093760e+00
3.243000e-05	9.611834e-02	1.137972e+00
3.244000e-05	1.512954e-02	1.265634e+00
3.245000e-05	-1.154096e-01	1.356393e+00
3.246000e-05	6.838859e-02	1.428983e+00
3.247000e-05	4.846664e-02	1.598476e+00
3.248000e-05	5.928706e-04	1.734808e+00
3.249000e-05	-6.102930e-02	1.726872e+00
3.250000e-05	3.565595e-02	1.819053e+00
3.251000e-05	-3.507735e-02	1.956367e+00
3.252000e-05	2.151583e-02	1.979500e+00
3.253000e-05	9.081320e-02	2.061630e+00
3.254000e-05	-9.154216e-02	2.165869e+00
3.255000e-05	-4.211561e-02	2.190530e+00
3.256000e-05	1.022624e-01	2.304185e+00
3.257000e-05	1.943155e-02	2.378451e+00
3.258000e-05	-1.024413e-01	2.463029e+00
3.259000e-05	1.377381e-02	2.508335e+00
3.260000e-05	7.231161e-02	2.651187e+00
3.261000e-05	2.524799e-02	2.767869e+00
3.262000e-05	-7.422718e-02	2.821129e+00
3.263000e-05	-9.336538e-03	2.945240e+00
3.264000e-05	5.651003e-02	2.967949e+00
3.265000e-05	2.709918e-02	3.010155e+00
3.266000e-05	-6.161614e-02	3.156893e+00
3.267000e-05	1.015638e-02	3.189421e+00
3.268000e-05	5.757635e-02	3.251578e+00
3.269000e-05	-1.962475e-02	3.305738e+00
3.270000e-05	-6.331099e-03	3.480057e+00
3.271000e-05	-9.605109e-03	3.527295e+00
3.272000e-05	2.600233e-02	3.599449e+00
3.273000e-05	1.283258e-02	3.631178e+00
3.274000e-05	5.559469e-03	3.745764e+00
3.275000e-05	-2.195429e-02	3.798976e+00
3.276000e-05	2.852797e-02	3.861607e+00
3.277000e-05	1.769094e-02	3.904316e+00
3.278000e-05	-1.508667e-02	3.958374e+00
3.279000e-05	-1.374936e-03	4.029975e+00
3.280000e-05	1.628800e-02	4.073703e+00
3.281000e-05	2.484028e-02	4.095838e+00
3.282000e-05	-1.056498e-02	4.238029e+00
3.283000e-05	1.719777e-03	4.315761e+00
3.284000e-05	1.004831e-02	4.379899e+00
3.285000e-05	2.552647e-02	4.409050e+00
3.286000e-05	-4.804656e-03	4.431578e+00
3.287000e-05	-5.292713e-03	4.535237e+00
3.288000e-05	1.971426e-02	4.556943e+00
3.289000e-05	1.882509e-02	4.639498e+00
3.290000e-05	-5.617323e-04	4.653155e+00
3.291000e-05	-6.124593e-03	4.695786e+00
3.292000e-05	2.285655e-02	4.778320e+00
3.293000e-05	1.597214e-02	4.819973e+00
3.294000e-05	4.573864e-03	4.851009e+00
3.295000e-05	-1.016955e-03	4.923640e+00
3.296000e-05	1.912236e-02	4.927967e+00
3.297000e-05	1.965661e-02	5.068974e+00
3.298000e-05	1.860177e-03	5.083241e+00
3.299000e-05	3.769618e-03	5.133392e+00
3.300000e-05	1.515066e-02	5.197448e+00
3.301000e-05	2.260402e-02	5.232000e+00
3.302000e-05	3.710866e-03	5.263654e+00
3.303000e-05	7.694210e-03	5.273158e+00
3.304000e-05	1.603461e-02	5.323766e+00
3.305000e-05	2.194293e-02	5.326417e+00
3.306000e-05	8.822755e-03	5.378448e+00
3.307000e-05	5.810270e-03	5.379950e+00
3.308000e-05	1.824705e-02	5.399500e+00
3.309000e-05	1.963448e-02	5.421474e+00
3.310000e-05	1.425528e-02	5.421530e+00
3.311000e-05	5.783615e-03	5.481182e+00
3.312000e-05	2.132547e-02	5.452109e+00
3.313000e-05	2.086559e-02	5.463209e+00
3.314000e-05	1.658931e-02	5.513637e+00
3.315000e-05	9.551904e-03	5.535788e+00
3.316000e-05	1.920620e-02	5.536870e+00
3.317000e-05	2.350022e-02	5.517287e+00
3.318000e-05	1.666655e-02	5.527971e+00
3.319000e-05	1.426290e-02	5.557841e+00
3.320000e-05	1.922201e-02	5.557872e+00
3.321000e-05	2.453608e-02	5.566792e+00
3.322000e-05	2.007979e-02	5.547294e+00
3.323000e-05	1.764291e-02	5.577375e+00
3.324000e-05	2.187174e-02	5.536797e+00
3.325000e-05	2.663570e-02	5.546346e+00
3.326000e-05	2.166819e-02	5.538341e+00
3.327000e-05	1.850409e-02	5.518365e+00
3.328000e-05	2.249935e-02	5.527342e+00
3.329000e-05	2.510760e-02	5.556737e+00
3.330000e-05	2.356058e-02	5.495288e+00
3.331000e-05	1.950995e-02	5.545259e+00
3.332000e-05	2.395597e-02	5.463712e+00
3.333000e-05	2.596608e-02	5.481686e+00
3.334000e-05	2.400251e-02	5.473084e+00
3.335000e-05	2.037553e-02	5.430481e+00
3.336000e-05	2.184608e-02	5.431604e+00
3.337000e-05	2.444979e-02	5.389029e+00
3.338000e-05	2.193708e-02	5.388953e+00
3.339000e-05	1.943813e-02	5.367894e+00
3.340000e-05	2.056684e-02	5.326790e+00
3.341000e-05	2.430964e-02	5.283740e+00
3.342000e-05	2.179529e-02	5.243636e+00
3.343000e-05	1.845767e-02	5.251053e+00
3.344000e-05	1.961200e-02	5.190520e+00
3.345000e-05	2.189482e-02	5.178971e+00
3.346000e-05	1.977328e-02	5.085270e+00
3.347000e-05	1.535753e-02	5.072607e+00
3.348000e-05	1.685395e-02	4.979498e+00
3.349000e-05	1.773208e-02	4.926214e+00
3.350000e-05	1.722042e-02	4.871102e+00
3.351000e-05	1.409847e-02	4.831628e+00
3.352000e-05	1.557395e-02	4.798551e+00
3.353000e-05	1.712094e-02	4.768764e+00
3.354000e-05	1.543445e-02	4.725343e+00
3.355000e-05	1.149048e-02	4.663136e+00
3.356000e-05	1.208920e-02	4.559504e+00
3.357000e-05	1.507648e-02	4.538891e+00
3.358000e-05	1.291679e-02	4.505813e+00
3.359000e-05	1.045842e-02	4.453583e+00
3.360000e-05	9.768880e-03	4.431525e+00
3.361000e-05	1.212297e-02	4.409423e+00
3.362000e-05	1.106515e-02	4.328315e+00
3.363000e-05	9.324179e-03	4.222685e+00
3.364000e-05	8.164135e-03	4.149395e+00
3.365000e-05	1.129804e-02	4.074659e+00
3.366000e-05	9.158584e-03	4.021054e+00
3.367000e-05	7.686168e-03	3.978899e+00
3.368000e-05	6.073290e-03	3.946395e+00
3.369000e-05	9.277483e-03	3.884110e+00
3.370000e-05	6.962303e-03	3.810075e+00
3.371000e-05	5.815881e-03	3.757363e+00
3.372000e-05	5.548396e-03	3.694156e+00
3.373000e-05	7.158090e-03	3.611004e+00
3.374000e-05	6.501237e-03	3.588924e+00
3.375000e-05	5.318309e-03	3.526762e+00
3.376000e-05	3.738987e-03	3.410501e+00
3.377000e-05	5.332318e-03	3.275688e+00
3.378000e-05	4.465263e-03	3.200503e+00
3.379000e-05	4.718774e-03	3.137921e+00
3.380000e-05	2.477673e-03	3.054187e+00
3.381000e-05	2.827936e-03	3.011001e+00
3.382000e-05	4.226500e-03	2.925892e+00
3.383000e-05	3.273782e-03	2.834082e+00
3.384000e-05	2.036312e-03	2.810501e+00
3.385000e-05	3.003407e-03	2.738868e+00
3.386000e-05	2.801630e-03	2.563080e+00
3.387000e-05	3.189689e-03	2.465765e+00
3.388000e-05	-3.736019e-04	2.411501e+00
3.389000e-05	8.904424e-04	2.316320e+00
3.390000e-05	9.585232e-04	2.254657e+00
3.391000e-05	1.247339e-03	2.200424e+00
3.392000e-05	-2.931322e-04	2.093837e+00
3.393000e-05	8.085604e-04	2.019553e+00
3.394000e-05	1.365456e-03	1.960420e+00
3.395000e-05	9.732733e-04	1.894711e+00
3.396000e-05	-3.638804e-04	1.799369e+00
3.397000e-05	-1.287380e-03	1.715182e+00
3.398000e-05	-9.484855e-04	1.620004e+00
3.399000e-05	-4.397344e-04	1.495762e+00
3.400000e-05	-1.537871e-03	1.401005e+00
3.401000e-05	-1.050642e-03	1.326242e+00
3.402000e-05	-1.463949e-03	1.232634e+00
3.403000e-05	-3.114709e-04	1.156849e+00
3.404000e-05	-2.046538e-03	9.820592e-01
3.405000e-05	-2.508004e-03	8.851854e-01
3.406000e-05	-1.860457e-03	8.014751e-01
3.407000e-05	-2.057091e-03	7.578634e-01
3.408000e-05	-1.803008e-03	6.116565e-01
3.409000e-05	-3.624840e-03	5.673461e-01
3.410000e-05	-3.279753e-03	4.426580e-01
3.411000e-05	-3.110226e-03	3.889738e-01
3.412000e-05	-3.479458e-03	3.063670e-01
3.413000e-05	-3.811398e-03	1.500514e-01
3.414000e-05	-3.337915e-03	2.213172e-02
3.415000e-05	-2.447319e-03	-2.762562e-05
3.416000e-05	-9.044848e-04	-1.036616e-01
3.417000e-05	-2.482503e-03	-1.890436e-01
3.418000e-05	-1.739330e-03	-2.622565e-01
3.419000e-05	-4.498092e-03	-3.578959e-01
3.420000e-05	-2.982921e-03	-4.100499e-01
3.421000e-05	-4.619467e-03	-4.831880e-01
3.422000e-05	-3.668438e-03	-5.898985e-01
3.423000e-05	1.423378e-02	-7.458633e-01
3.424000e-05	4.589370e-02	-7.995475e-01
3.425000e-05	-2.369469e-02	-9.233396e-01
3.426000e-05	-9.146374e-02	-1.095159e+00
3.427000e-05	-2.029229e-02	-1.137945e+00
3.428000e-05	8.649086e-02	-1.066286e+00
3.429000e-05	2.290446e-02	-1.260024e+00
3.430000e-05	-1.235423e-01	-1.472130e+00
3.431000e-05	8.360735e-02	-1.547366e+00
3.432000e-05	4.478492e-02	-1.498391e+00
3.433000e-05	-3.636822e-02	-1.713163e+00
3.434000e-05	-6.503976e-02	-1.801475e+00
3.435000e-05	5.370157e-02	-1.790049e+00
3.436000e-05	-5.914517e-02	-1.903707e+00
3.437000e-05	-8.525834e-03	-1.988996e+00
3.438000e-05	1.255006e-01	-2.022078e+00
3.439000e-05	-1.071977e-01	-2.125737e+00
3.440000e-05	-9.303357e-02	-2.345665e+00
3.441000e-05	1.480668e-01	-2.399470e+00
3.442000e-05	-9.131668e-03	-2.432130e+00
3.443000e-05	-1.472186e-01	-2.537292e+00
3.444000e-05	4.194593e-02	-2.589499e+00
3.445000e-05	8.496517e-02	-2.703712e+00
3.446000e-05	-3.522058e-02	-2.799025e+00
3.447000e-05	-6.751732e-02	-2.790025e+00
3.448000e-05	-1.842814e-02	-2.903163e+00
3.449000e-05	5.134133e-02	-3.093131e+00
3.450000e-05	2.279725e-02	-3.136919e+00
3.451000e-05	-1.139001e-01	-3.199449e+00
3.452000e-05	1.492457e-02	-3.272656e+00
3.453000e-05	8.167744e-02	-3.376895e+00
3.454000e-05	-6.298757e-02	-3.430580e+00
3.455000e-05	-4.071272e-02	-3.484264e+00
3.456000e-05	1.120293e-02	-3.535914e+00
3.457000e-05	5.973264e-03	-3.629973e+00
3.458000e-05	-1.060204e-03	-3.630678e+00
3.459000e-05	-3.172247e-02	-3.714391e+00
3.460000e-05	-3.183001e-02	-3.872309e+00
3.461000e-05	3.852191e-02	-3.957870e+00
3.462000e-05	-1.916234e-02	-3.989975e+00
3.463000e-05	-3.894197e-02	-4.023053e+00
3.464000e-05	-7.725322e-03	-4.113837e+00
3.465000e-05	2.893789e-03	-4.168521e+00
3.466000e-05	9.203288e-03	-4.230077e+00
3.467000e-05	-3.926435e-02	-4.284133e+00
3.468000e-05	-2.273004e-02	-4.334391e+00
3.469000e-05	1.145659e-02	-4.368474e+00
3.470000e-05	-3.650879e-03	-4.409524e+00
3.471000e-05	-3.235794e-02	-4.473556e+00
3.472000e-05	-2.423128e-02	-4.484762e+00
3.473000e-05	5.794252e-03	-4.629495e+00
3.474000e-05	5.460696e-03	-4.630628e+00
3.475000e-05	-3.732205e-02	-4.654110e+00
3.476000e-05	-2.661965e-02	-4.726387e+00
3.477000e-05	1.093742e-02	-4.759345e+00
3.478000e-05	-9.476583e-03	-4.850120e+00
3.479000e-05	-2.521856e-02	-4.885240e+00
3.480000e-05	-2.915272e-02	-4.926340e+00
3.481000e-05	5.841847e-04	-4.978449e+00
3.482000e-05	-1.676240e-03	-5.019628e+00
3.483000e-05	-3.446035e-02	-5.082234e+00
3.484000e-05	-2.211055e-02	-5.143761e+00
3.485000e-05	-3.741694e-03	-5.156895e+00
3.486000e-05	-4.850809e-03	-5.158975e+00
3.487000e-05	-2.815043e-02	-5.211029e+00
3.488000e-05	-2.849224e-02	-5.262604e+00
3.489000e-05	-6.864958e-03	-5.344736e+00
3.490000e-05	-7.859543e-03	-5.346920e+00
3.491000e-05	-2.834093e-02	-5.389941e+00
3.492000e-05	-2.638511e-02	-5.433208e+00
3.493000e-05	-1.074283e-02	-5.474109e+00
3.494000e-05	-9.599762e-03	-5.494287e+00
3.495000e-05	-2.462708e-02	-5.527862e+00
3.496000e-05	-3.201418e-02	-5.557922e+00
3.497000e-05	-1.126773e-02	-5.578971e+00
3.498000e-05	-1.482194e-02	-5.610000e+00
3.499000e-05	-2.454159e-02	-5.590549e+00
3.500000e-05	-3.066798e-02	-5.599524e+00
3.501000e-05	-1.863137e-02	-5.610001e+00
3.502000e-05	-1.391134e-02	-5.601027e+00
3.503000e-05	-2.794607e-02	-5.600525e+00
3.504000e-05	-3.104358e-02	-5.610525e+00
3.505000e-05	-2.297335e-02	-5.601102e+00
3.506000e-05	-1.619106e-02	-5.611050e+00
3.507000e-05	-2.754704e-02	-5.631500e+00
3.508000e-05	-3.203764e-02	-5.641553e+00
3.509000e-05	-2.406555e-02	-5.622528e+00
3.510000e-05	-1.959860e-02	-5.612577e+00
3.511000e-05	-2.989965e-02	-5.610051e+00
3.512000e-05	-3.496317e-02	-5.600575e+00
3.513000e-05	-2.742590e-02	-5.601001e+00
3.514000e-05	-2.239028e-02	-5.600550e+00
3.515000e-05	-2.769280e-02	-5.580997e+00
3.516000e-05	-3.299969e-02	-5.589522e+00
3.517000e-05	-2.650450e-02	-5.579447e+00
3.518000e-05	-2.412738e-02	-5.568924e+00
3.519000e-05	-2.914875e-02	-5.578945e+00
3.520000e-05	-3.434054e-02	-5.556415e+00
3.521000e-05	-2.956379e-02	-5.488891e+00
3.522000e-05	-2.389752e-02	-5.526938e+00
3.523000e-05	-2.757381e-02	-5.463608e+00
3.524000e-05	-3.064597e-02	-5.431631e+00
3.525000e-05	-2.705567e-02	-5.389046e+00
3.526000e-05	-2.290219e-02	-5.337896e+00
3.527000e-05	-2.610050e-02	-5.343183e+00
3.528000e-05	-2.994744e-02	-5.243582e+00
3.529000e-05	-2.613165e-02	-5.220579e+00
3.530000e-05	-2.211183e-02	-5.209544e+00
3.531000e-05	-2.530724e-02	-5.179369e+00
3.532000e-05	-2.783832e-02	-5.095315e+00
3.533000e-05	-2.341999e-02	-5.053734e+00
3.534000e-05	-2.107111e-02	-5.012101e+00
3.535000e-05	-2.158088e-02	-4.999451e+00
3.536000e-05	-2.585059e-02	-4.939366e+00
3.537000e-05	-2.169296e-02	-4.852607e+00
3.538000e-05	-1.847985e-02	-4.781572e+00
3.539000e-05	-2.049427e-02	-4.756764e+00
3.540000e-05	-2.286497e-02	-4.665688e+00
3.541000e-05	-2.013859e-02	-4.623633e+00
3.542000e-05	-1.697352e-02	-4.611579e+00
3.543000e-05	-1.757257e-02	-4.570443e+00
3.544000e-05	-2.139626e-02	-4.526395e+00
3.545000e-05	-1.758417e-02	-4.473731e+00
3.546000e-05	-1.604781e-02	-4.441101e+00
3.547000e-05	-1.512550e-02	-4.389520e+00
3.548000e-05	-1.906430e-02	-4.358892e+00
3.549000e-05	-1.657003e-02	-4.283787e+00
3.550000e-05	-1.413208e-02	-4.242183e+00
3.551000e-05	-1.501873e-02	-4.191526e+00
3.552000e-05	-1.709950e-02	-4.116345e+00
3.553000e-05	-1.548794e-02	-4.043209e+00
3.554000e-05	-1.215638e-02	-4.032023e+00
3.555000e-05	-1.248004e-02	-3.960422e+00
3.556000e-05	-1.496095e-02	-3.915213e+00
3.557000e-05	-1.225502e-02	-3.752921e+00
3.558000e-05	-1.108470e-02	-3.695861e+00
3.559000e-05	-1.172297e-02	-3.611525e+00
3.560000e-05	-1.322410e-02	-3.599520e+00
3.561000e-05	-1.144972e-02	-3.557762e+00
3.562000e-05	-1.091848e-02	-3.443662e+00
3.563000e-05	-1.143896e-02	-3.359944e+00
3.564000e-05	-1.362863e-02	-3.285712e+00
3.565000e-05	-9.734708e-03	-3.210628e+00
3.566000e-05	-9.715204e-03	-3.148919e+00
3.567000e-05	-7.416630e-03	-3.055133e+00
3.568000e-05	-1.069246e-02	-2.909465e+00
3.569000e-05	-8.718094e-03	-2.833107e+00
3.570000e-05	-9.313328e-03	-2.800450e+00
3.571000e-05	-9.200070e-03	-2.666863e+00
3.572000e-05	-1.087415e-02	-2.603583e+00
3.573000e-05	-8.834185e-03	-2.568417e+00
3.574000e-05	-8.305551e-03	-2.452255e+00
3.575000e-05	-7.138877e-03	-2.411023e+00
3.576000e-05	-6.364728e-03	-2.328391e+00
3.577000e-05	-7.016421e-03	-2.193057e+00
3.578000e-05	-5.854481e-03	-2.107838e+00
3.579000e-05	-7.829881e-03	-2.032104e+00
3.580000e-05	-7.745185e-03	-1.937422e+00
3.581000e-05	-7.485029e-03	-1.884732e+00
3.582000e-05	-6.010069e-03	-1.812049e+00
3.583000e-05	-5.951810e-03	-1.698842e+00
3.584000e-05	-5.231040e-03	-1.631132e+00
3.585000e-05	-6.414305e-03	-1.610423e+00
3.586000e-05	-4.268386e-03	-1.503237e+00
3.587000e-05	-5.925192e-03	-1.359469e+00
3.588000e-05	-5.243577e-03	-1.241030e+00
3.589000e-05	-5.078308e-03	-1.146341e+00
3.590000e-05	-4.914040e-03	-1.052655e+00
3.591000e-05	-5.259768e-03	-9.383462e-01
3.592000e-05	-5.383105e-03	-8.357068e-01
3.593000e-05	-5.033074e-03	-8.095476e-01
3.594000e-05	-3.739522e-03	-7.078679e-01
3.595000e-05	-4.733994e-03	-6.314527e-01
3.596000e-05	-2.461146e-03	-4.646567e-01
3.597000e-05	-3.810450e-03	-4.100474e-01
3.598000e-05	-3.310744e-03	-2.662645e-01
3.599000e-05	-3.135985e-03	-2.100539e-01
3.600000e-05	-3.347208e-03	-1.774173e-01
3.601000e-05	-3.257202e-03	-2.210783e-02
3.602000e-05	-1.179826e-03	1.997381e-02
3.603000e-05	1.123934e-03	9.268046e-02
3.604000e-05	-1.882777e-03	2.615276e-01
3.605000e-05	1.340069e-03	3.653157e-01
3.606000e-05	-1.997948e-03	4.000287e-01
3.607000e-05	4.514681e-04	4.531828e-01
3.608000e-05	2.137935e-03	5.779724e-01
3.609000e-05	2.015834e-02	6.731578e-01
3.610000e-05	3.730159e-02	7.878461e-01
3.611000e-05	-2.208455e-02	8.527367e-01
3.612000e-05	-8.374987e-02	1.060449e+00
3.613000e-05	-1.517804e-02	1.063188e+00
3.614000e-05	9.569756e-02	1.158371e+00
3.615000e-05	1.615610e-02	1.282659e+00
3.616000e-05	-1.172418e-01	1.355845e+00
3.617000e-05	7.038389e-02	1.409004e+00
3.618000e-05	4.747927e-02	1.618520e+00
3.619000e-05	1.038214e-03	1.735367e+00
3.620000e-05	-6.207812e-02	1.694311e+00
3.621000e-05	3.650121e-02	1.840555e+00
3.622000e-05	-3.587229e-02	1.946342e+00
3.623000e-05	1.897686e-02	1.978474e+00
3.624000e-05	9.058193e-02	2.060580e+00
3.625000e-05	-9.136009e-02	2.127845e+00
3.626000e-05	-4.086140e-02	2.230028e+00
3.627000e-05	1.029264e-01	2.302612e+00
3.628000e-05	1.971761e-02	2.368424e+00
3.629000e-05	-1.024843e-01	2.462130e+00
3.630000e-05	1.384710e-02	2.505293e+00
3.631000e-05	7.256087e-02	2.692137e+00
3.632000e-05	2.474867e-02	2.786875e+00
3.633000e-05	-7.593635e-02	2.822025e+00
3.634000e-05	-9.571444e-03	2.934267e+00
3.635000e-05	5.712512e-02	2.967422e+00
3.636000e-05	2.707146e-02	3.061079e+00
3.637000e-05	-6.274051e-02	3.156346e+00
3.638000e-05	1.056621e-02	3.207997e+00
3.639000e-05	6.015615e-02	3.251629e+00
3.640000e-05	-2.080535e-02	3.354167e+00
3.641000e-05	-7.176356e-03	3.432608e+00
3.642000e-05	-1.097465e-02	3.555770e+00
3.643000e-05	2.794360e-02	3.608500e+00
3.644000e-05	1.000982e-02	3.681057e+00
3.645000e-05	5.274269e-03	3.734291e+00
3.646000e-05	-2.080373e-02	3.770450e+00
3.647000e-05	3.080482e-02	3.831585e+00
3.648000e-05	1.738061e-02	3.895214e+00
3.649000e-05	-1.596644e-02	3.968897e+00
3.650000e-05	1.082859e-03	4.030031e+00
3.651000e-05	1.539388e-02	4.031554e+00
3.652000e-05	2.356750e-02	4.115791e+00
3.653000e-05	-1.257384e-02	4.239057e+00
3.654000e-05	4.434957e-03	4.317290e+00
3.655000e-05	1.016157e-02	4.379474e+00
3.656000e-05	2.455291e-02	4.390500e+00
3.657000e-05	-4.708824e-03	4.462682e+00
3.658000e-05	-2.613320e-03	4.524711e+00
3.659000e-05	2.066084e-02	4.586395e+00
3.660000e-05	1.803881e-02	4.580477e+00
3.661000e-05	-2.150923e-03	4.662660e+00
3.662000e-05	-4.968258e-03	4.724318e+00
3.663000e-05	2.273672e-02	4.706895e+00
3.664000e-05	1.615937e-02	4.790006e+00
3.665000e-05	3.792206e-03	4.831104e+00
3.666000e-05	-1.696514e-03	4.913737e+00
3.667000e-05	2.002155e-02	4.924902e+00
3.668000e-05	2.026127e-02	5.069474e+00
3.669000e-05	1.112044e-03	5.073706e+00
3.670000e-05	3.462580e-03	5.167345e+00
3.671000e-05	1.558751e-02	5.208903e+00
3.672000e-05	2.183685e-02	5.228028e+00
3.673000e-05	2.199713e-03	5.261131e+00
3.674000e-05	6.258491e-03	5.273711e+00
3.675000e-05	1.648340e-02	5.365342e+00
3.676000e-05	2.133211e-02	5.366350e+00
3.677000e-05	9.223286e-03	5.358395e+00
3.678000e-05	7.223323e-03	5.419950e+00
3.679000e-05	1.967782e-02	5.399475e+00
3.680000e-05	2.076921e-02	5.431001e+00
3.681000e-05	1.311373e-02	5.431680e+00
3.682000e-05	5.208700e-03	5.442631e+00
3.683000e-05	1.910396e-02	5.464133e+00
3.684000e-05	2.107363e-02	5.503158e+00
3.685000e-05	1.568933e-02	5.525688e+00
3.686000e-05	1.046716e-02	5.544215e+00
3.687000e-05	2.011784e-02	5.557862e+00
3.688000e-05	2.498359e-02	5.568320e+00
3.689000e-05	1.729091e-02	5.556293e+00
3.690000e-05	1.409827e-02	5.546843e+00
3.691000e-05	1.776603e-02	5.547767e+00
3.692000e-05	2.518277e-02	5.518846e+00
3.693000e-05	1.910153e-02	5.567466e+00
3.694000e-05	1.630927e-02	5.517874e+00
3.695000e-05	2.181158e-02	5.548391e+00
3.696000e-05	2.727690e-02	5.547419e+00
3.697000e-05	2.248353e-02	5.555367e+00
3.698000e-05	1.836968e-02	5.507267e+00
3.699000e-05	2.117542e-02	5.566318e+00
3.700000e-05	2.626446e-02	5.494670e+00
3.701000e-05	2.342607e-02	5.464761e+00
3.702000e-05	1.916507e-02	5.517791e+00
3.703000e-05	2.313145e-02	5.494636e+00
3.704000e-05	2.678276e-02	5.482633e+00
3.705000e-05	2.406206e-02	5.481680e+00
3.706000e-05	2.021934e-02	5.422105e+00
3.707000e-05	2.181302e-02	5.421500e+00
3.708000e-05	2.581932e-02	5.410028e+00
3.709000e-05	2.262097e-02	5.328921e+00
3.710000e-05	1.955560e-02	5.337372e+00
3.711000e-05	1.936665e-02	5.346863e+00
3.712000e-05	2.461513e-02	5.304165e+00
3.713000e-05	2.197844e-02	5.244058e+00
3.714000e-05	1.796137e-02	5.213581e+00
3.715000e-05	1.851440e-02	5.189923e+00
3.716000e-05	2.082406e-02	5.148371e+00
3.717000e-05	2.043828e-02	5.068291e+00
3.718000e-05	1.585318e-02	5.053108e+00
3.719000e-05	1.700360e-02	5.041873e+00
3.720000e-05	1.874778e-02	4.905795e+00
3.721000e-05	1.912683e-02	4.873082e+00
3.722000e-05	1.210042e-02	4.820025e+00
3.723000e-05	1.423235e-02	4.800024e+00
3.724000e-05	1.647376e-02	4.747420e+00
3.725000e-05	1.618373e-02	4.695266e+00
3.726000e-05	1.111784e-02	4.653133e+00
3.727000e-05	1.175844e-02	4.590126e+00
3.728000e-05	1.505663e-02	4.559296e+00
3.729000e-05	1.398695e-02	4.505264e+00
3.730000e-05	1.014678e-02	4.412134e+00
3.731000e-05	9.752148e-03	4.400076e+00
3.732000e-05	1.171426e-02	4.389523e+00
3.733000e-05	1.128069e-02	4.338266e+00
3.734000e-05	8.305423e-03	4.226160e+00
3.735000e-05	8.343558e-03	4.209943e+00
3.736000e-05	1.074310e-02	4.056586e+00
3.737000e-05	1.032328e-02	4.032053e+00
3.738000e-05	8.298309e-03	3.979924e+00
3.739000e-05	6.175311e-03	3.936917e+00
3.740000e-05	7.934833e-03	3.843636e+00
3.741000e-05	7.759731e-03	3.790073e+00
3.742000e-05	6.289413e-03	3.727867e+00
3.743000e-05	4.455662e-03	3.652183e+00
3.744000e-05	6.443400e-03	3.620003e+00
3.745000e-05	6.309739e-03	3.569949e+00
3.746000e-05	5.058346e-03	3.477316e+00
3.747000e-05	3.928843e-03	3.389549e+00
3.748000e-05	6.253726e-03	3.255253e+00
3.749000e-05	5.067533e-03	3.189979e+00
3.750000e-05	4.375642e-03	3.139371e+00
3.751000e-05	2.116335e-03	3.093712e+00
3.752000e-05	3.924471e-03	3.001525e+00
3.753000e-05	4.052683e-03	2.907308e+00
3.754000e-05	2.385772e-03	2.853553e+00
3.755000e-05	2.145789e-03	2.780474e+00
3.756000e-05	2.977793e-03	2.747869e+00
3.757000e-05	3.942383e-03	2.651587e+00
3.758000e-05	2.037061e-03	2.516694e+00
3.759000e-05	1.296152e-03	2.421527e+00
3.760000e-05	2.041646e-03	2.336817e+00
3.761000e-05	1.918086e-03	2.282629e+00
3.762000e-05	8.744519e-04	2.199450e+00
3.763000e-05	-6.889223e-04	2.074234e+00
3.764000e-05	2.615789e-04	2.011029e+00
3.765000e-05	6.255718e-04	1.969924e+00
3.766000e-05	-1.829821e-04	1.894760e+00
3.767000e-05	-4.857475e-04	1.781450e+00
3.768000e-05	-1.231529e-04	1.663763e+00
3.769000e-05	3.177580e-04	1.622053e+00
3.770000e-05	-7.325757e-04	1.477693e+00
3.771000e-05	-2.102067e-03	1.420979e+00
3.772000e-05	-1.418998e-03	1.277791e+00
3.773000e-05	-1.894343e-03	1.221580e+00
3.774000e-05	-2.048345e-03	1.138372e+00
3.775000e-05	-2.648295e-03	1.051081e+00
3.776000e-05	-1.570019e-03	9.052856e-01
3.777000e-05	-1.157540e-03	8.010264e-01
3.778000e-05	-2.834904e-03	7.558459e-01
3.779000e-05	-2.325715e-03	6.140816e-01
3.780000e-05	-2.751032e-03	5.278760e-01
3.781000e-05	-3.137514e-03	4.526081e-01
3.782000e-05	-2.619157e-03	3.795249e-01
3.783000e-05	-4.140019e-03	3.167921e-01
3.784000e-05	-4.117338e-03	2.179550e-01
3.785000e-05	-2.783295e-03	5.466041e-02
3.786000e-05	-2.699358e-03	-3.997876e-02
3.787000e-05	-1.799175e-03	-7.463809e-02
3.788000e-05	-9.030370e-04	-1.894747e-01
3.789000e-05	-5.596981e-04	-2.726554e-01
3.790000e-05	-3.400897e-03	-3.473697e-01
3.791000e-05	-4.107814e-03	-3.995250e-01
3.792000e-05	-4.497165e-03	-5.347068e-01
3.793000e-05	-2.736154e-03	-6.284725e-01
3.794000e-05	1.240151e-02	-7.148621e-01
3.795000e-05	4.568903e-02	-8.200951e-01
3.796000e-05	-2.374923e-02	-9.743420e-01
3.797000e-05	-9.104802e-02	-1.106235e+00
3.798000e-05	-2.102771e-02	-1.148366e+00
3.799000e-05	8.621092e-02	-1.086339e+00
3.800000e-05	2.538719e-02	-1.220051e+00
3.801000e-05	-1.269621e-01	-1.482078e+00
3.802000e-05	8.741594e-02	-1.514394e+00
3.803000e-05	4.208757e-02	-1.536844e+00
3.804000e-05	-3.581772e-02	-1.703179e+00
3.805000e-05	-6.631388e-02	-1.828997e+00
3.806000e-05	5.331991e-02	-1.780576e+00
3.807000e-05	-5.931636e-02	-1.882680e+00
3.808000e-05	-8.828288e-03	-2.008471e+00
3.809000e-05	1.275814e-01	-2.021626e+00
3.810000e-05	-1.061124e-01	-2.133785e+00
3.811000e-05	-9.439605e-02	-2.324237e+00
3.812000e-05	1.495003e-01	-2.378497e+00
3.813000e-05	-8.368092e-03	-2.460658e+00
3.814000e-05	-1.496321e-01	-2.547265e+00
3.815000e-05	4.129762e-02	-2.579496e+00
3.816000e-05	8.566610e-02	-2.683688e+00
3.817000e-05	-3.501147e-02	-2.799971e+00
3.818000e-05	-6.771731e-02	-2.769475e+00
3.819000e-05	-1.922504e-02	-2.912715e+00
3.820000e-05	5.312275e-02	-3.133254e+00
3.821000e-05	2.326424e-02	-3.127844e+00
3.822000e-05	-1.139158e-01	-3.189421e+00
3.823000e-05	1.478549e-02	-3.293210e+00
3.824000e-05	8.225884e-02	-3.356919e+00
3.825000e-05	-6.416503e-02	-3.462028e+00
3.826000e-05	-4.160306e-02	-3.514761e+00
3.827000e-05	1.105791e-02	-3.505866e+00
3.828000e-05	6.960573e-03	-3.619524e+00
3.829000e-05	-8.993333e-06	-3.652653e+00
3.830000e-05	-3.211861e-02	-3.735912e+00
3.831000e-05	-3.144420e-02	-3.903628e+00
3.832000e-05	4.018763e-02	-3.956443e+00
3.833000e-05	-2.019764e-02	-3.988470e+00
3.834000e-05	-4.019045e-02	-4.051602e+00
3.835000e-05	-7.117361e-03	-4.085311e+00
3.836000e-05	3.521479e-03	-4.147472e+00
3.837000e-05	9.547886e-03	-4.221577e+00
3.838000e-05	-4.023716e-02	-4.282607e+00
3.839000e-05	-2.228654e-02	-4.325915e+00
3.840000e-05	1.222213e-02	-4.368424e+00
3.841000e-05	-2.323948e-03	-4.399026e+00
3.842000e-05	-3.247735e-02	-4.462082e+00
3.843000e-05	-2.480210e-02	-4.475337e+00
3.844000e-05	5.033353e-03	-4.568470e+00
3.845000e-05	5.378538e-03	-4.633630e+00
3.846000e-05	-3.864600e-02	-4.712237e+00
3.847000e-05	-2.683102e-02	-4.736313e+00
3.848000e-05	1.043742e-02	-4.755866e+00
3.849000e-05	-9.043276e-03	-4.812576e+00
3.850000e-05	-2.489791e-02	-4.903789e+00
3.851000e-05	-3.032438e-02	-4.916316e+00
3.852000e-05	1.391816e-03	-4.978396e+00
3.853000e-05	-1.992113e-03	-5.020528e+00
3.854000e-05	-3.385764e-02	-5.073258e+00
3.855000e-05	-2.351574e-02	-5.115805e+00
3.856000e-05	-4.359797e-03	-5.197339e+00
3.857000e-05	-6.347254e-03	-5.188476e+00
3.858000e-05	-2.813412e-02	-5.221577e+00
3.859000e-05	-2.850872e-02	-5.262006e+00
3.860000e-05	-6.009266e-03	-5.303658e+00
3.861000e-05	-7.100512e-03	-5.335311e+00
3.862000e-05	-2.794501e-02	-5.410499e+00
3.863000e-05	-2.702887e-02	-5.402198e+00
3.864000e-05	-1.142355e-02	-5.413635e+00
3.865000e-05	-1.052028e-02	-5.534287e+00
3.866000e-05	-2.575065e-02	-5.526263e+00
3.867000e-05	-3.037858e-02	-5.537945e+00
3.868000e-05	-1.162045e-02	-5.577896e+00
3.869000e-05	-1.455371e-02	-5.558997e+00
3.870000e-05	-2.442924e-02	-5.569997e+00
3.871000e-05	-3.042614e-02	-5.589496e+00
3.872000e-05	-1.820114e-02	-5.599997e+00
3.873000e-05	-1.507148e-02	-5.599999e+00
3.874000e-05	-2.739713e-02	-5.590525e+00
3.875000e-05	-3.105485e-02	-5.611001e+00
3.876000e-05	-2.194330e-02	-5.610477e+00
3.877000e-05	-1.674353e-02	-5.621051e+00
3.878000e-05	-2.769208e-02	-5.602451e+00
3.879000e-05	-3.247284e-02	-5.602000e+00
3.880000e-05	-2.387488e-02	-5.610578e+00
3.881000e-05	-1.900357e-02	-5.620001e+00
3.882000e-05	-2.853927e-02	-5.620553e+00
3.883000e-05	-3.470360e-02	-5.610476e+00
3.884000e-05	-2.738754e-02	-5.600525e+00
3.885000e-05	-2.156616e-02	-5.591000e+00
3.886000e-05	-3.007403e-02	-5.601024e+00
3.887000e-05	-3.423947e-02	-5.590500e+00
3.888000e-05	-2.827431e-02	-5.589996e+00
3.889000e-05	-2.202459e-02	-5.588925e+00
3.890000e-05	-2.841951e-02	-5.569445e+00
3.891000e-05	-3.188404e-02	-5.537917e+00
3.892000e-05	-2.857063e-02	-5.506315e+00
3.893000e-05	-2.371209e-02	-5.547217e+00
3.894000e-05	-2.916185e-02	-5.455153e+00
3.895000e-05	-3.311993e-02	-5.461132e+00
3.896000e-05	-2.819925e-02	-5.379997e+00
3.897000e-05	-2.390989e-02	-5.346769e+00
3.898000e-05	-2.407378e-02	-5.285262e+00
3.899000e-05	-2.838477e-02	-5.253583e+00
3.900000e-05	-2.474839e-02	-5.192033e+00
3.901000e-05	-2.276608e-02	-5.209524e+00
3.902000e-05	-2.392571e-02	-5.158393e+00
3.903000e-05	-2.895847e-02	-5.077287e+00
3.904000e-05	-2.477385e-02	-5.073156e+00
3.905000e-05	-2.215739e-02	-5.032580e+00
3.906000e-05	-2.098666e-02	-5.010025e+00
3.907000e-05	-2.469145e-02	-4.946919e+00
3.908000e-05	-2.210330e-02	-4.912638e+00
3.909000e-05	-1.803363e-02	-4.812074e+00
3.910000e-05	-1.901903e-02	-4.706722e+00
3.911000e-05	-2.303318e-02	-4.695686e+00
3.912000e-05	-2.103855e-02	-4.633154e+00
3.913000e-05	-1.735929e-02	-4.600500e+00
3.914000e-05	-1.894859e-02	-4.579001e+00
3.915000e-05	-2.037868e-02	-4.535343e+00
3.916000e-05	-1.872968e-02	-4.432710e+00
3.917000e-05	-1.462287e-02	-4.411002e+00
3.918000e-05	-1.605471e-02	-4.389524e+00
3.919000e-05	-1.748881e-02	-4.377419e+00
3.920000e-05	-1.766440e-02	-4.305213e+00
3.921000e-05	-1.467762e-02	-4.252581e+00
3.922000e-05	-1.438401e-02	-4.170548e+00
3.923000e-05	-1.703978e-02	-4.136789e+00
3.924000e-05	-1.620924e-02	-4.093682e+00
3.925000e-05	-1.273283e-02	-4.021024e+00
3.926000e-05	-1.244523e-02	-3.959396e+00
3.927000e-05	-1.377881e-02	-3.884791e+00
3.928000e-05	-1.340209e-02	-3.795074e+00
3.929000e-05	-1.166794e-02	-3.695162e+00
3.930000e-05	-1.117643e-02	-3.641601e+00
3.931000e-05	-1.283054e-02	-3.588948e+00
3.932000e-05	-1.187617e-02	-3.488291e+00
3.933000e-05	-1.102786e-02	-3.433579e+00
3.934000e-05	-1.005069e-02	-3.381399e+00
3.935000e-05	-1.323844e-02	-3.254263e+00
3.936000e-05	-1.054654e-02	-3.232628e+00
3.937000e-05	-9.726965e-03	-3.179944e+00
3.938000e-05	-8.302356e-03	-3.045659e+00
3.939000e-05	-1.057037e-02	-2.939920e+00
3.940000e-05	-8.128756e-03	-2.842682e+00
3.941000e-05	-9.239021e-03	-2.820002e+00
3.942000e-05	-8.536913e-03	-2.697313e+00
3.943000e-05	-1.192070e-02	-2.662653e+00
3.944000e-05	-8.519395e-03	-2.570921e+00
3.945000e-05	-8.626878e-03	-2.423685e+00
3.946000e-05	-7.258606e-03	-2.402053e+00
3.947000e-05	-7.767440e-03	-2.387371e+00
3.948000e-05	-7.148147e-03	-2.255550e+00
3.949000e-05	-5.688141e-03	-2.086292e+00
3.950000e-05	-5.830007e-03	-2.022028e+00
3.951000e-05	-7.189366e-03	-1.959421e+00
3.952000e-05	-8.074473e-03	-1.853734e+00
3.953000e-05	-6.556908e-03	-1.820578e+00
3.954000e-05	-5.945923e-03	-1.737290e+00
3.955000e-05	-6.337057e-03	-1.632109e+00
3.956000e-05	-6.077962e-03	-1.579972e+00
3.957000e-05	-4.607824e-03	-1.493310e+00
3.958000e-05	-4.018538e-03	-1.289394e+00
3.959000e-05	-5.371440e-03	-1.243004e+00
3.960000e-05	-6.408726e-03	-1.137367e+00
3.961000e-05	-4.650927e-03	-1.032528e+00
3.962000e-05	-4.112495e-03	-9.374946e-01
3.963000e-05	-4.547330e-03	-8.646343e-01
3.964000e-05	-4.700106e-03	-8.009988e-01
3.965000e-05	-4.401441e-03	-7.152407e-01
3.966000e-05	-3.153065e-03	-5.724985e-01
3.967000e-05	-3.705667e-03	-4.642319e-01
3.968000e-05	-3.493110e-03	-4.095013e-01
3.969000e-05	-3.975256e-03	-2.863397e-01
3.970000e-05	-2.679259e-03	-2.020801e-01
3.971000e-05	-3.180079e-03	-1.294197e-01
3.972000e-05	-1.372113e-03	-5.423408e-02
3.973000e-05	-1.275168e-03	2.952875e-02
3.974000e-05	1.064544e-03	5.375915e-02
3.975000e-05	-2.556775e-03	2.485788e-01
3.976000e-05	8.615614e-04	3.383184e-01
3.977000e-05	-2.560548e-03	3.895526e-01
3.978000e-05	-1.034906e-03	4.926604e-01
3.979000e-05	2.105027e-03	5.868924e-01
3.980000e-05	2.171901e-02	6.706853e-01
3.981000e-05	3.846546e-02	7.569237e-01
3.982000e-05	-2.160968e-02	9.232107e-01
3.983000e-05	-8.452441e-02	1.012975e+00
3.984000e-05	-1.573100e-02	1.113239e+00
3.985000e-05	9.595598e-02	1.187947e+00
3.986000e-05	1.542809e-02	1.273113e+00
3.987000e-05	-1.202185e-01	1.376396e+00
3.988000e-05	7.274392e-02	1.381001e+00
3.989000e-05	4.666549e-02	1.598002e+00
3.990000e-05	6.316707e-04	1.724787e+00
3.991000e-05	-6.197094e-02	1.696343e+00
3.992000e-05	3.686596e-02	1.840054e+00
3.993000e-05	-3.573117e-02	1.977867e+00
3.994000e-05	1.765367e-02	1.968975e+00
3.995000e-05	9.209555e-02	2.050655e+00
3.996000e-05	-9.131013e-02	2.197295e+00
3.997000e-05	-4.309783e-02	2.219452e+00
3.998000e-05	1.021033e-01	2.274764e+00
3.999000e-05	2.052145e-02	2.377899e+00
4.000000e-05	-1.032935e-01	2.462079e+00
4.001000e-05	1.591026e-02	2.546293e+00
4.002000e-05	7.093353e-02	2.693606e+00
4.003000e-05	2.664339e-02	2.777347e+00
4.004000e-05	-7.483305e-02	2.841129e+00
4.005000e-05	-8.763344e-03	2.894264e+00
4.006000e-05	5.520437e-02	2.959471e+00
4.007000e-05	2.690955e-02	3.061629e+00
4.008000e-05	-6.269139e-02	3.146841e+00
4.009000e-05	9.770331e-03	3.189479e+00
4.010000e-05	6.062860e-02	3.230555e+00
4.011000e-05	-2.113392e-02	3.313766e+00
4.012000e-05	-4.637423e-03	3.452109e+00
4.013000e-05	-1.021385e-02	3.567320e+00
4.014000e-05	2.838216e-02	3.598975e+00
4.015000e-05	1.006799e-02	3.660631e+00
4.016000e-05	4.573984e-03	3.714365e+00
4.017000e-05	-2.284704e-02	3.798502e+00
4.018000e-05	3.111395e-02	3.841079e+00
4.019000e-05	1.808648e-02	3.925740e+00
4.020000e-05	-1.642266e-02	3.967446e+00
4.021000e-05	1.329849e-03	3.999476e+00
4.022000e-05	1.705933e-02	4.092079e+00
4.023000e-05	2.390431e-02	4.156760e+00
4.024000e-05	-1.210783e-02	4.210502e+00
4.025000e-05	2.970301e-03	4.355267e+00
4.026000e-05	9.086224e-03	4.387424e+00
4.027000e-05	2.393094e-02	4.399975e+00
4.028000e-05	-5.371767e-03	4.441082e+00
4.029000e-05	-2.817994e-03	4.494261e+00
4.030000e-05	2.178014e-02	4.567844e+00
4.031000e-05	1.782056e-02	4.569529e+00
4.032000e-05	-8.737376e-05	4.633159e+00
4.033000e-05	-4.621767e-03	4.734740e+00
4.034000e-05	2.359522e-02	4.747892e+00
4.035000e-05	1.416580e-02	4.820024e+00
4.036000e-05	4.190068e-03	4.820028e+00
4.037000e-05	-1.597377e-03	4.874809e+00
4.038000e-05	2.003687e-02	4.957865e+00
4.039000e-05	1.905081e-02	4.999079e+00
4.040000e-05	1.688287e-03	5.063762e+00
4.041000e-05	4.019274e-03	5.185441e+00
4.042000e-05	1.664211e-02	5.188543e+00
4.043000e-05	2.215915e-02	5.211075e+00
4.044000e-05	3.942578e-03	5.252056e+00
4.045000e-05	5.698649e-03	5.282687e+00
4.046000e-05	1.600259e-02	5.305240e+00
4.047000e-05	2.119866e-02	5.338316e+00
4.048000e-05	8.704941e-03	5.395871e+00
4.049000e-05	5.983486e-03	5.378476e+00
4.050000e-05	1.967515e-02	5.439924e+00
4.051000e-05	2.056382e-02	5.451050e+00
4.052000e-05	1.419876e-02	5.452054e+00
4.053000e-05	5.123544e-03	5.463158e+00
4.054000e-05	2.024203e-02	5.442691e+00
4.055000e-05	2.065195e-02	5.495233e+00
4.056000e-05	1.491062e-02	5.515289e+00
4.057000e-05	9.615440e-03	5.504763e+00
4.058000e-05	2.023006e-02	5.526287e+00
4.059000e-05	2.425150e-02	5.517417e+00
4.060000e-05	1.683543e-02	5.534746e+00
4.061000e-05	1.390201e-02	5.567891e+00
4.062000e-05	1.936157e-02	5.538821e+00
4.063000e-05	2.638491e-02	5.548422e+00
4.064000e-05	1.943522e-02	5.547367e+00
4.065000e-05	1.582609e-02	5.567346e+00
4.066000e-05	2.070403e-02	5.568365e+00
4.067000e-05	2.745232e-02	5.545870e+00
4.068000e-05	2.223415e-02	5.537340e+00
4.069000e-05	1.759335e-02	5.526869e+00
4.070000e-05	2.315023e-02	5.526790e+00
4.071000e-05	2.654210e-02	5.525788e+00
4.072000e-05	2.426352e-02	5.496213e+00
4.073000e-05	1.893355e-02	5.493690e+00
4.074000e-05	2.261493e-02	5.483685e+00
4.075000e-05	2.655345e-02	5.443683e+00
4.076000e-05	2.346850e-02	5.463652e+00
4.077000e-05	1.985453e-02	5.411579e+00
4.078000e-05	2.155770e-02	5.421550e+00
4.079000e-05	2.626661e-02	5.399471e+00
4.080000e-05	2.316740e-02	5.369846e+00
4.081000e-05	1.971255e-02	5.347844e+00
4.082000e-05	2.022705e-02	5.336365e+00
4.083000e-05	2.483881e-02	5.316737e+00
4.084000e-05	2.127510e-02	5.273108e+00
4.085000e-05	1.784171e-02	5.251103e+00
4.086000e-05	1.880882e-02	5.178978e+00
4.087000e-05	2.059203e-02	5.137821e+00
4.088000e-05	2.001685e-02	5.105766e+00
4.089000e-05	1.499600e-02	5.043259e+00
4.090000e-05	1.716631e-02	4.970874e+00
4.091000e-05	1.882251e-02	4.906259e+00
4.092000e-05	1.904478e-02	4.823636e+00
4.093000e-05	1.346738e-02	4.791478e+00
4.094000e-05	1.391178e-02	4.779949e+00
4.095000e-05	1.656790e-02	4.767769e+00
4.096000e-05	1.520596e-02	4.684811e+00
4.097000e-05	1.161576e-02	4.612628e+00
4.098000e-05	1.180298e-02	4.590979e+00
4.099000e-05	1.509865e-02	4.568372e+00
4.100000e-05	1.476567e-02	4.496783e+00
4.101000e-05	1.107769e-02	4.432504e+00
4.102000e-05	9.383487e-03	4.421074e+00
4.103000e-05	1.268682e-02	4.369971e+00
4.104000e-05	1.134385e-02	4.337294e+00
4.105000e-05	8.927196e-03	4.274710e+00
4.106000e-05	7.788159e-03	4.167951e+00
4.107000e-05	9.907733e-03	4.085190e+00
4.108000e-05	9.959274e-03	3.972628e+00
4.109000e-05	7.408204e-03	3.969471e+00
4.110000e-05	6.998120e-03	3.947343e+00
4.111000e-05	8.553038e-03	3.853712e+00
4.112000e-05	8.195781e-03	3.791005e+00
4.113000e-05	5.960871e-03	3.747393e+00
4.114000e-05	5.642121e-03	3.653661e+00
4.115000e-05	5.435445e-03	3.611501e+00
4.116000e-05	6.220543e-03	3.580474e+00
4.117000e-05	4.984539e-03	3.488262e+00
4.118000e-05	4.360944e-03	3.371026e+00
4.119000e-05	4.272290e-03	3.274238e+00
4.120000e-05	6.248764e-03	3.221031e+00
4.121000e-05	3.823167e-03	3.158421e+00
4.122000e-05	3.499422e-03	3.054712e+00
4.123000e-05	1.907547e-03	3.000476e+00
4.124000e-05	4.462899e-03	2.938366e+00
4.125000e-05	2.516836e-03	2.852733e+00
4.126000e-05	1.912024e-03	2.801024e+00
4.127000e-05	2.177938e-03	2.767392e+00
4.128000e-05	3.288888e-03	2.634110e+00
4.129000e-05	2.327154e-03	2.495238e+00
4.130000e-05	1.084770e-03	2.401027e+00
4.131000e-05	2.043977e-03	2.338391e+00
4.132000e-05	2.599738e-03	2.253607e+00
4.133000e-05	1.793592e-05	2.178897e+00
4.134000e-05	-2.549137e-04	2.085889e+00
4.135000e-05	1.673458e-04	2.022105e+00
4.136000e-05	1.117739e-03	1.989471e+00
4.137000e-05	2.176645e-04	1.853712e+00
4.138000e-05	-7.090480e-04	1.787945e+00
4.139000e-05	3.348125e-04	1.666256e+00
4.140000e-05	-1.084681e-03	1.663525e+00
4.141000e-05	3.853687e-04	1.525337e+00
4.142000e-05	-1.508426e-03	1.412976e+00
4.143000e-05	-5.974704e-04	1.337292e+00
4.144000e-05	-1.200477e-03	1.232628e+00
4.145000e-05	-1.236836e-03	1.108370e+00
4.146000e-05	-1.524510e-03	1.012654e+00
4.147000e-05	-2.016945e-03	8.847357e-01
4.148000e-05	-2.262014e-03	8.010251e-01
4.149000e-05	-2.333377e-03	7.177647e-01
4.150000e-05	-2.813644e-03	6.226527e-01
4.151000e-05	-2.911063e-03	5.468709e-01
4.152000e-05	-2.724484e-03	4.536602e-01
4.153000e-05	-2.395028e-03	3.799987e-01
4.154000e-05	-3.305946e-03	3.463421e-01
4.155000e-05	-3.618397e-03	1.709524e-01
4.156000e-05	-2.693595e-03	8.410921e-02
4.157000e-05	-2.829494e-03	-3.002500e-02
4.158000e-05	-2.022519e-03	-8.420803e-02
4.159000e-05	-2.823375e-04	-1.880461e-01
4.160000e-05	-1.973651e-03	-2.931554e-01
4.161000e-05	-3.341277e-03	-3.564197e-01
4.162000e-05	-3.371835e-03	-4.095263e-01
4.163000e-05	-3.591625e-03	-5.037616e-01
4.164000e-05	-3.348275e-03	-6.165487e-01
4.165000e-05	1.375563e-02	-7.558121e-01
4.166000e-05	4.547010e-02	-7.995013e-01
4.167000e-05	-2.415035e-02	-9.477919e-01
4.168000e-05	-9.188593e-02	-1.103213e+00
4.169000e-05	-2.130291e-02	-1.138846e+00
4.170000e-05	8.594082e-02	-1.096789e+00
4.171000e-05	2.750696e-02	-1.220024e+00
4.172000e-05	-1.301311e-01	-1.492181e+00
4.173000e-05	8.881073e-02	-1.525442e+00
4.174000e-05	4.183548e-02	-1.536319e+00
4.175000e-05	-3.389261e-02	-1.691684e+00
4.176000e-05	-6.733004e-02	-1.800498e+00
4.177000e-05	5.393258e-02	-1.779976e+00
4.178000e-05	-5.898613e-02	-1.863108e+00
4.179000e-05	-9.673668e-03	-1.999152e+00
4.180000e-05	1.272304e-01	-2.012054e+00
4.181000e-05	-1.062089e-01	-2.084764e+00
4.182000e-05	-9.525585e-02	-2.313284e+00
4.183000e-05	1.517763e-01	-2.378998e+00
4.184000e-05	-8.372349e-03	-2.411578e+00
4.185000e-05	-1.507077e-01	-2.535788e+00
4.186000e-05	4.218759e-02	-2.549076e+00
4.187000e-05	8.478165e-02	-2.684236e+00
4.188000e-05	-3.651861e-02	-2.778945e+00
4.189000e-05	-6.838462e-02	-2.790000e+00
4.190000e-05	-1.669131e-02	-2.912713e+00
4.191000e-05	5.250663e-02	-3.092083e+00
4.192000e-05	2.434117e-02	-3.145896e+00
4.193000e-05	-1.146308e-01	-3.208973e+00
4.194000e-05	1.510302e-02	-3.273183e+00
4.195000e-05	8.272377e-02	-3.366841e+00
4.196000e-05	-6.536883e-02	-3.432551e+00
4.197000e-05	-4.178889e-02	-3.484210e+00
4.198000e-05	1.194710e-02	-3.498346e+00
4.199000e-05	7.582875e-03	-3.630498e+00
4.200000e-05	-8.612605e-04	-3.633583e+00
4.201000e-05	-3.357523e-02	-3.756317e+00
4.202000e-05	-3.066146e-02	-3.895208e+00
4.203000e-05	3.977443e-02	-3.947895e+00
4.204000e-05	-1.996404e-02	-3.981474e+00
4.205000e-05	-3.998381e-02	-4.041629e+00
4.206000e-05	-7.011700e-03	-4.125309e+00
4.207000e-05	3.545406e-03	-4.168970e+00
4.208000e-05	8.944849e-03	-4.210576e+00
4.209000e-05	-4.154620e-02	-4.301661e+00
4.210000e-05	-2.227041e-02	-4.356812e+00
4.211000e-05	1.198860e-02	-4.369000e+00
4.212000e-05	-2.258668e-03	-4.401524e+00
4.213000e-05	-3.169240e-02	-4.422183e+00
4.214000e-05	-2.325971e-02	-4.514212e+00
4.215000e-05	4.806006e-03	-4.597347e+00
4.216000e-05	4.388287e-03	-4.652131e+00
4.217000e-05	-3.872058e-02	-4.675782e+00
4.218000e-05	-2.704762e-02	-4.704841e+00
4.219000e-05	1.032867e-02	-4.777819e+00
4.220000e-05	-1.001327e-02	-4.827948e+00
4.221000e-05	-2.415942e-02	-4.906782e+00
4.222000e-05	-2.820124e-02	-4.934921e+00
4.223000e-05	9.469809e-04	-4.999446e+00
4.224000e-05	-2.092246e-03	-5.030524e+00
4.225000e-05	-3.443177e-02	-5.062705e+00
4.226000e-05	-2.267967e-02	-5.124791e+00
4.227000e-05	-4.794070e-03	-5.157347e+00
4.228000e-05	-6.177144e-03	-5.168498e+00
4.229000e-05	-2.778434e-02	-5.201504e+00
4.230000e-05	-2.729171e-02	-5.272555e+00
4.231000e-05	-6.030960e-03	-5.294710e+00
4.232000e-05	-8.530468e-03	-5.337863e+00
4.233000e-05	-2.824961e-02	-5.399450e+00
4.234000e-05	-2.593075e-02	-5.420559e+00
4.235000e-05	-1.126917e-02	-5.491082e+00
4.236000e-05	-9.841396e-03	-5.515861e+00
4.237000e-05	-2.711533e-02	-5.557441e+00
4.238000e-05	-3.144934e-02	-5.547891e+00
4.239000e-05	-1.284247e-02	-5.577449e+00
4.240000e-05	-1.447916e-02	-5.578944e+00
4.241000e-05	-2.654029e-02	-5.599500e+00
4.242000e-05	-2.925154e-02	-5.569422e+00
4.243000e-05	-1.773683e-02	-5.599999e+00
4.244000e-05	-1.381364e-02	-5.620000e+00
4.245000e-05	-2.781016e-02	-5.630551e+00
4.246000e-05	-3.168781e-02	-5.611026e+00
4.247000e-05	-2.106676e-02	-5.611501e+00
4.248000e-05	-1.882407e-02	-5.610053e+00
4.249000e-05	-2.712288e-02	-5.620525e+00
4.250000e-05	-3.374669e-02	-5.610077e+00
4.251000e-05	-2.386030e-02	-5.620551e+00
4.252000e-05	-1.944565e-02	-5.621024e+00
4.253000e-05	-2.979210e-02	-5.611578e+00
4.254000e-05	-3.477504e-02	-5.620525e+00
4.255000e-05	-2.562108e-02	-5.620523e+00
4.256000e-05	-2.261952e-02	-5.600076e+00
4.257000e-05	-2.872021e-02	-5.599999e+00
4.258000e-05	-3.522438e-02	-5.598976e+00
4.259000e-05	-2.722420e-02	-5.600997e+00
4.260000e-05	-2.382818e-02	-5.579024e+00
4.261000e-05	-2.965051e-02	-5.569446e+00
4.262000e-05	-3.419194e-02	-5.557471e+00
4.263000e-05	-2.755068e-02	-5.568917e+00
4.264000e-05	-2.303614e-02	-5.514688e+00
4.265000e-05	-2.904294e-02	-5.474186e+00
4.266000e-05	-3.191936e-02	-5.444054e+00
4.267000e-05	-2.779815e-02	-5.388098e+00
4.268000e-05	-2.240430e-02	-5.378370e+00
4.269000e-05	-2.621061e-02	-5.274760e+00
4.270000e-05	-2.981448e-02	-5.253132e+00
4.271000e-05	-2.655084e-02	-5.233102e+00
4.272000e-05	-2.133364e-02	-5.170373e+00
4.273000e-05	-2.530752e-02	-5.168818e+00
4.274000e-05	-2.721708e-02	-5.133766e+00
4.275000e-05	-2.518728e-02	-5.084688e+00
4.276000e-05	-1.831343e-02	-5.043050e+00
4.277000e-05	-2.118192e-02	-4.979926e+00
4.278000e-05	-2.508082e-02	-4.958824e+00
4.279000e-05	-2.316738e-02	-4.833680e+00
4.280000e-05	-1.978313e-02	-4.731054e+00
4.281000e-05	-1.918293e-02	-4.788863e+00
4.282000e-05	-2.437021e-02	-4.715159e+00
4.283000e-05	-1.953448e-02	-4.622132e+00
4.284000e-05	-1.627696e-02	-4.620576e+00
4.285000e-05	-1.621783e-02	-4.598975e+00
4.286000e-05	-2.133568e-02	-4.506865e+00
4.287000e-05	-1.912468e-02	-4.452183e+00
4.288000e-05	-1.660212e-02	-4.423104e+00
4.289000e-05	-1.661852e-02	-4.400972e+00
4.290000e-05	-1.829352e-02	-4.388866e+00
4.291000e-05	-1.772703e-02	-4.335765e+00
4.292000e-05	-1.224557e-02	-4.202627e+00
4.293000e-05	-1.342935e-02	-4.169923e+00
4.294000e-05	-1.618033e-02	-4.117769e+00
4.295000e-05	-1.605335e-02	-4.053709e+00
4.296000e-05	-1.342388e-02	-4.030976e+00
4.297000e-05	-1.314659e-02	-3.989970e+00
4.298000e-05	-1.464415e-02	-3.925788e+00
4.299000e-05	-1.452325e-02	-3.761954e+00
4.300000e-05	-1.098796e-02	-3.673761e+00
4.301000e-05	-1.083889e-02	-3.631603e+00
4.302000e-05	-1.120038e-02	-3.590421e+00
4.303000e-05	-1.268639e-02	-3.517840e+00
4.304000e-05	-1.077458e-02	-3.422130e+00
4.305000e-05	-1.008053e-02	-3.368344e+00
4.306000e-05	-1.219624e-02	-3.305685e+00
4.307000e-05	-1.185924e-02	-3.221604e+00
4.308000e-05	-1.001600e-02	-3.169397e+00
4.309000e-05	-7.100573e-03	-3.085711e+00
4.310000e-05	-9.339746e-03	-2.948399e+00
4.311000e-05	-9.853212e-03	-2.823079e+00
4.312000e-05	-9.125779e-03	-2.809999e+00
4.313000e-05	-8.243201e-03	-2.727790e+00
4.314000e-05	-9.372483e-03	-2.662129e+00
4.315000e-05	-1.002407e-02	-2.568444e+00
4.316000e-05	-8.920463e-03	-2.465207e+00
4.317000e-05	-6.566402e-03	-2.401525e+00
4.318000e-05	-7.171965e-03	-2.378416e+00
4.319000e-05	-7.962463e-03	-2.253157e+00
4.320000e-05	-6.590766e-03	-2.084832e+00
4.321000e-05	-6.147499e-03	-2.022576e+00
4.322000e-05	-6.982680e-03	-1.976870e+00
4.323000e-05	-8.034554e-03	-1.856211e+00
4.324000e-05	-7.004256e-03	-1.801023e+00
4.325000e-05	-5.349673e-03	-1.675365e+00
4.326000e-05	-5.012372e-03	-1.612081e+00
4.327000e-05	-5.452140e-03	-1.518917e+00
4.328000e-05	-5.603248e-03	-1.446837e+00
4.329000e-05	-4.727572e-03	-1.307365e+00
4.330000e-05	-5.208997e-03	-1.223479e+00
4.331000e-05	-6.142993e-03	-1.126920e+00
4.332000e-05	-5.545411e-03	-1.031654e+00
4.333000e-05	-4.281404e-03	-9.788671e-01
4.334000e-05	-4.159135e-03	-8.441792e-01
4.335000e-05	-3.764205e-03	-8.090223e-01
4.336000e-05	-4.556599e-03	-7.277634e-01
4.337000e-05	-2.928174e-03	-5.410490e-01
4.338000e-05	-2.592110e-03	-4.347092e-01
4.339000e-05	-3.851745e-03	-3.999487e-01
4.340000e-05	-4.707311e-03	-3.363645e-01
4.341000e-05	-4.229859e-03	-2.120289e-01
4.342000e-05	-1.286024e-03	-1.378685e-01
4.343000e-05	-1.729012e-03	-3.318034e-02
4.344000e-05	-8.329394e-04	-1.004868e-02
4.345000e-05	9.125636e-04	8.333534e-02
4.346000e-05	2.988858e-04	1.985463e-01
4.347000e-05	-8.814825e-04	3.263670e-01
4.348000e-05	-2.526158e-03	4.005263e-01
4.349000e-05	-4.848466e-04	4.746094e-01
4.350000e-05	2.597936e-03	5.863973e-01
4.351000e-05	2.075081e-02	6.711315e-01
4.352000e-05	3.752957e-02	7.773486e-01
4.353000e-05	-2.078745e-02	8.827343e-01
4.354000e-05	-8.337997e-02	1.052500e+00
4.355000e-05	-1.593012e-02	1.103127e+00
4.356000e-05	9.621449e-02	1.187424e+00
4.357000e-05	1.842650e-02	1.284656e+00
4.358000e-05	-1.221710e-01	1.367895e+00
4.359000e-05	7.413049e-02	1.399075e+00
4.360000e-05	4.502918e-02	1.598425e+00
4.361000e-05	2.377621e-03	1.736391e+00
4.362000e-05	-6.349890e-02	1.694742e+00
4.363000e-05	3.777864e-02	1.828576e+00
4.364000e-05	-3.539551e-02	1.957793e+00
4.365000e-05	1.839727e-02	1.968999e+00
4.366000e-05	9.420586e-02	2.050654e+00
4.367000e-05	-9.248954e-02	2.167395e+00
4.368000e-05	-4.381431e-02	2.230001e+00
4.369000e-05	1.022045e-01	2.281687e+00
4.370000e-05	2.165956e-02	2.388447e+00
4.371000e-05	-1.059254e-01	2.442629e+00
4.372000e-05	1.539292e-02	2.536842e+00
4.373000e-05	7.270677e-02	2.712657e+00
4.374000e-05	2.655599e-02	2.748425e+00
4.375000e-05	-7.554883e-02	2.849028e+00
4.376000e-05	-9.165404e-03	2.915262e+00
4.377000e-05	5.652208e-02	2.967947e+00
4.378000e-05	2.688901e-02	3.041101e+00
4.379000e-05	-6.448391e-02	3.146246e+00
4.380000e-05	9.094024e-03	3.199975e+00
4.381000e-05	6.166563e-02	3.231052e+00
4.382000e-05	-2.131457e-02	3.324837e+00
4.383000e-05	-5.066313e-03	3.502554e+00
4.384000e-05	-1.128892e-02	3.567819e+00
4.385000e-05	3.003156e-02	3.599501e+00
4.386000e-05	9.563860e-03	3.650629e+00
4.387000e-05	4.214090e-03	3.705838e+00
4.388000e-05	-2.341492e-02	3.808874e+00
4.389000e-05	3.094912e-02	3.861555e+00
4.390000e-05	1.837063e-02	3.886365e+00
4.391000e-05	-1.731233e-02	3.968396e+00
4.392000e-05	9.978383e-04	4.030501e+00
4.393000e-05	1.699487e-02	4.052678e+00
4.394000e-05	2.454754e-02	4.138312e+00
4.395000e-05	-1.251985e-02	4.267950e+00
4.396000e-05	2.681103e-03	4.334815e+00
4.397000e-05	1.166793e-02	4.378449e+00
4.398000e-05	2.350050e-02	4.420003e+00
4.399000e-05	-6.247590e-03	4.431107e+00
4.400000e-05	-4.776175e-03	4.485285e+00
4.401000e-05	2.275915e-02	4.547346e+00
4.402000e-05	1.898177e-02	4.630053e+00
4.403000e-05	-1.749966e-03	4.661634e+00
4.404000e-05	-6.081554e-03	4.723286e+00
4.405000e-05	2.527096e-02	4.747395e+00
4.406000e-05	1.498812e-02	4.790500e+00
4.407000e-05	3.664527e-03	4.811104e+00
4.408000e-05	-3.465926e-03	4.872686e+00
4.409000e-05	2.210773e-02	4.995839e+00
4.410000e-05	1.947076e-02	5.000578e+00
4.411000e-05	4.245547e-04	5.122733e+00
4.412000e-05	2.368682e-03	5.116367e+00
4.413000e-05	1.733344e-02	5.188875e+00
4.414000e-05	2.299881e-02	5.228528e+00
4.415000e-05	1.098592e-03	5.253628e+00
4.416000e-05	5.781263e-03	5.303211e+00
4.417000e-05	1.775730e-02	5.336283e+00
4.418000e-05	2.343835e-02	5.347374e+00
4.419000e-05	8.019054e-03	5.407446e+00
4.420000e-05	5.620630e-03	5.409946e+00
4.421000e-05	1.813789e-02	5.419974e+00
4.422000e-05	2.085674e-02	5.410556e+00
4.423000e-05	1.014386e-02	5.430553e+00
4.424000e-05	6.260066e-03	5.453157e+00
4.425000e-05	1.947768e-02	5.524135e+00
4.426000e-05	2.428733e-02	5.485260e+00
4.427000e-05	1.625043e-02	5.493206e+00
4.428000e-05	1.023986e-02	5.506288e+00
4.429000e-05	1.853983e-02	5.535242e+00
4.430000e-05	2.230645e-02	5.526397e+00
4.431000e-05	1.496673e-02	5.566841e+00
4.432000e-05	1.236326e-02	5.518321e+00
4.433000e-05	1.958052e-02	5.557863e+00
4.434000e-05	2.739709e-02	5.547418e+00
4.435000e-05	2.144493e-02	5.568363e+00
4.436000e-05	1.682928e-02	5.547396e+00
4.437000e-05	2.068564e-02	5.537370e+00
4.438000e-05	2.554984e-02	5.527390e+00
4.439000e-05	2.184805e-02	5.529417e+00
4.440000e-05	1.606574e-02	5.547344e+00
4.441000e-05	2.204247e-02	5.525320e+00
4.442000e-05	2.756365e-02	5.536763e+00
4.443000e-05	2.502651e-02	5.524764e+00
4.444000e-05	2.051826e-02	5.475686e+00
4.445000e-05	2.234692e-02	5.455782e+00
4.446000e-05	2.651407e-02	5.464636e+00
4.447000e-05	2.315518e-02	5.473208e+00
4.448000e-05	1.848883e-02	5.451579e+00
4.449000e-05	2.037893e-02	5.401503e+00
4.450000e-05	2.521889e-02	5.408524e+00
4.451000e-05	2.385986e-02	5.408925e+00
4.452000e-05	2.015992e-02	5.368365e+00
4.453000e-05	2.085335e-02	5.357739e+00
4.454000e-05	2.325372e-02	5.287735e+00
4.455000e-05	2.283168e-02	5.253127e+00
4.456000e-05	1.739653e-02	5.252078e+00
4.457000e-05	1.820899e-02	5.190472e+00
4.458000e-05	2.066715e-02	5.177923e+00
4.459000e-05	1.998988e-02	5.136738e+00
4.460000e-05	1.591251e-02	5.083032e+00
4.461000e-05	1.739336e-02	4.979396e+00
4.462000e-05	1.808064e-02	4.876768e+00
4.463000e-05	1.927886e-02	4.833206e+00
4.464000e-05	1.282131e-02	4.831500e+00
4.465000e-05	1.523984e-02	4.788976e+00
4.466000e-05	1.517188e-02	4.758341e+00
4.467000e-05	1.640208e-02	4.675691e+00
4.468000e-05	1.237695e-02	4.611558e+00
4.469000e-05	1.220536e-02	4.620548e+00
4.470000e-05	1.391924e-02	4.577797e+00
4.471000e-05	1.382322e-02	4.454261e+00
4.472000e-05	1.153280e-02	4.462132e+00
4.473000e-05	9.672628e-03	4.400053e+00
4.474000e-05	1.104762e-02	4.389948e+00
4.475000e-05	1.126094e-02	4.358371e+00
4.476000e-05	9.628953e-03	4.284285e+00
4.477000e-05	8.463090e-03	4.179498e+00
4.478000e-05	1.057085e-02	4.063210e+00
4.479000e-05	9.404716e-03	4.001584e+00
4.480000e-05	7.726191e-03	3.989923e+00
4.481000e-05	7.122324e-03	3.978341e+00
4.482000e-05	7.041783e-03	3.854683e+00
4.483000e-05	7.702631e-03	3.810577e+00
4.484000e-05	6.660591e-03	3.726715e+00
4.485000e-05	5.397100e-03	3.663732e+00
4.486000e-05	6.600261e-03	3.601051e+00
4.487000e-05	5.429255e-03	3.579470e+00
4.488000e-05	4.656796e-03	3.486240e+00
4.489000e-05	3.468001e-03	3.411549e+00
4.490000e-05	5.841651e-03	3.255157e+00
4.491000e-05	4.199698e-03	3.210525e+00
4.492000e-05	4.119236e-03	3.158844e+00
4.493000e-05	3.242998e-03	3.083735e+00
4.494000e-05	4.229714e-03	3.002003e+00
4.495000e-05	3.173347e-03	2.947316e+00
4.496000e-05	3.495408e-03	2.862655e+00
4.497000e-05	2.409924e-03	2.800476e+00
4.498000e-05	3.650648e-03	2.746317e+00
4.499000e-05	2.382692e-03	2.582533e+00
4.500000e-05	2.502722e-03	2.504690e+00
4.501000e-05	2.737560e-04	2.411528e+00
4.502000e-05	1.328927e-03	2.337866e+00
4.503000e-05	1.894767e-03	2.234158e+00
4.504000e-05	1.014424e-03	2.170373e+00
4.505000e-05	1.641573e-03	2.055711e+00
4.506000e-05	6.708235e-04	2.061577e+00
4.507000e-05	2.207877e-03	1.959395e+00
4.508000e-05	-3.218488e-04	1.873712e+00
4.509000e-05	-9.358240e-04	1.729489e+00
4.510000e-05	-1.129322e-03	1.726188e+00
4.511000e-05	-6.162991e-04	1.620979e+00
4.512000e-05	-2.418739e-04	1.488186e+00
4.513000e-05	-1.359009e-04	1.421549e+00
4.514000e-05	-1.466760e-03	1.317396e+00
4.515000e-05	-9.949767e-04	1.252032e+00
4.516000e-05	-8.256680e-04	1.148842e+00
4.517000e-05	-3.024596e-04	1.042035e+00
4.518000e-05	-3.923565e-03	8.747107e-01
4.519000e-05	-8.313878e-05	8.209989e-01
4.520000e-05	-2.683915e-03	7.083395e-01
4.521000e-05	-2.341727e-03	6.215803e-01
4.522000e-05	-3.778359e-03	5.592998e-01
4.523000e-05	-1.214317e-03	4.526828e-01
4.524000e-05	-3.591320e-03	3.898988e-01
4.525000e-05	-3.766645e-03	3.356884e-01
4.526000e-05	-4.123594e-03	1.714750e-01
4.527000e-05	3.382852e-04	3.363290e-02
4.528000e-05	-4.707943e-03	-1.005131e-02
4.529000e-05	-2.359951e-03	-8.280797e-02
4.530000e-05	-1.958840e-03	-1.984950e-01
4.531000e-05	-1.119073e-04	-2.512040e-01
4.532000e-05	-4.716856e-03	-3.468449e-01
4.533000e-05	-2.602134e-03	-4.205513e-01
4.534000e-05	-4.798486e-03	-5.132181e-01
4.535000e-05	-1.603920e-03	-6.070249e-01
4.536000e-05	1.330510e-02	-7.258657e-01
4.537000e-05	4.613943e-02	-7.695026e-01
4.538000e-05	-2.514587e-02	-9.452920e-01
4.539000e-05	-8.963243e-02	-1.114736e+00
4.540000e-05	-2.115288e-02	-1.147419e+00
4.541000e-05	8.455868e-02	-1.085388e+00
4.542000e-05	2.609917e-02	-1.238476e+00
4.543000e-05	-1.319322e-01	-1.491629e+00
4.544000e-05	9.013404e-02	-1.526867e+00
4.545000e-05	4.152330e-02	-1.515396e+00
4.546000e-05	-3.477208e-02	-1.692233e+00
4.547000e-05	-6.511399e-02	-1.809554e+00
4.548000e-05	5.376445e-02	-1.779600e+00
4.549000e-05	-5.948590e-02	-1.883234e+00
4.550000e-05	-1.379733e-02	-2.019522e+00
4.551000e-05	1.320814e-01	-2.020653e+00
4.552000e-05	-1.070275e-01	-2.113786e+00
4.553000e-05	-9.672824e-02	-2.303784e+00
4.554000e-05	1.500888e-01	-2.366996e+00
4.555000e-05	-6.064888e-03	-2.452178e+00
4.556000e-05	-1.513464e-01	-2.536342e+00
4.557000e-05	4.278476e-02	-2.587049e+00
4.558000e-05	8.523439e-02	-2.684683e+00
4.559000e-05	-3.522283e-02	-2.788447e+00
4.560000e-05	-6.800232e-02	-2.769600e+00
4.561000e-05	-1.786075e-02	-2.904712e+00
4.562000e-05	5.063123e-02	-3.082759e+00
4.563000e-05	2.580799e-02	-3.155871e+00
4.564000e-05	-1.161734e-01	-3.168448e+00
4.565000e-05	1.520805e-02	-3.242703e+00
4.566000e-05	8.252219e-02	-3.367945e+00
4.567000e-05	-6.474331e-02	-3.400053e+00
4.568000e-05	-3.995238e-02	-3.463237e+00
4.569000e-05	1.158765e-02	-3.505394e+00
4.570000e-05	6.347185e-03	-3.640021e+00
4.571000e-05	-6.723820e-04	-3.653633e+00
4.572000e-05	-3.264515e-02	-3.714363e+00
4.573000e-05	-3.159646e-02	-3.904733e+00
4.574000e-05	3.868901e-02	-3.957390e+00
4.575000e-05	-1.866848e-02	-3.999475e+00
4.576000e-05	-3.935404e-02	-4.031554e+00
4.577000e-05	-5.817042e-03	-4.124811e+00
4.578000e-05	1.481140e-03	-4.147945e+00
4.579000e-05	8.358202e-03	-4.200028e+00
4.580000e-05	-4.158576e-02	-4.285659e+00
4.581000e-05	-2.256737e-02	-4.346365e+00
4.582000e-05	1.271283e-02	-4.389499e+00
4.583000e-05	-2.837868e-03	-4.410526e+00
4.584000e-05	-3.157010e-02	-4.431632e+00
4.585000e-05	-2.408399e-02	-4.506766e+00
4.586000e-05	4.919548e-03	-4.569021e+00
4.587000e-05	4.352299e-03	-4.640532e+00
4.588000e-05	-3.839466e-02	-4.673733e+00
4.589000e-05	-2.746210e-02	-4.726738e+00
4.590000e-05	1.095179e-02	-4.758796e+00
4.591000e-05	-1.123402e-02	-4.801078e+00
4.592000e-05	-2.386535e-02	-4.914635e+00
4.593000e-05	-2.930263e-02	-4.883966e+00
4.594000e-05	1.785143e-03	-4.968948e+00
4.595000e-05	-1.818293e-03	-5.009999e+00
4.596000e-05	-3.469864e-02	-5.051751e+00
4.597000e-05	-2.343154e-02	-5.114788e+00
4.598000e-05	-3.987394e-03	-5.147347e+00
4.599000e-05	-6.570303e-03	-5.169999e+00
4.600000e-05	-2.806908e-02	-5.231000e+00
4.601000e-05	-2.793171e-02	-5.243132e+00
4.602000e-05	-6.584274e-03	-5.294687e+00
4.603000e-05	-8.575794e-03	-5.307341e+00
4.604000e-05	-2.823734e-02	-5.372518e+00
4.605000e-05	-2.557931e-02	-5.403659e+00
4.606000e-05	-1.174524e-02	-5.473583e+00
4.607000e-05	-1.025159e-02	-5.536211e+00
4.608000e-05	-2.573491e-02	-5.547369e+00
4.609000e-05	-3.103520e-02	-5.565920e+00
4.610000e-05	-1.234690e-02	-5.558466e+00
4.611000e-05	-1.388215e-02	-5.578474e+00
4.612000e-05	-2.555150e-02	-5.600446e+00
4.613000e-05	-3.034406e-02	-5.600025e+00
4.614000e-05	-1.920090e-02	-5.589475e+00
4.615000e-05	-1.284976e-02	-5.611050e+00
4.616000e-05	-2.875315e-02	-5.610974e+00
4.617000e-05	-2.988440e-02	-5.600578e+00
4.618000e-05	-2.247531e-02	-5.620525e+00
4.619000e-05	-1.670885e-02	-5.601575e+00
4.620000e-05	-2.867440e-02	-5.621525e+00
4.621000e-05	-3.343066e-02	-5.601076e+00
4.622000e-05	-2.498672e-02	-5.601550e+00
4.623000e-05	-1.955532e-02	-5.611050e+00
4.624000e-05	-2.934973e-02	-5.612053e+00
4.625000e-05	-3.511836e-02	-5.610529e+00
4.626000e-05	-2.653387e-02	-5.601475e+00
4.627000e-05	-2.199666e-02	-5.610000e+00
4.628000e-05	-2.908115e-02	-5.580499e+00
4.629000e-05	-3.489942e-02	-5.588999e+00
4.630000e-05	-2.786431e-02	-5.590021e+00
4.631000e-05	-2.326557e-02	-5.599422e+00
4.632000e-05	-2.988365e-02	-5.548870e+00
4.633000e-05	-3.397232e-02	-5.547441e+00
4.634000e-05	-2.864747e-02	-5.547362e+00
4.635000e-05	-2.286613e-02	-5.476816e+00
4.636000e-05	-2.806328e-02	-5.494677e+00
4.637000e-05	-3.215085e-02	-5.444101e+00
4.638000e-05	-2.778507e-02	-5.339919e+00
4.639000e-05	-2.236181e-02	-5.337840e+00
4.640000e-05	-2.551039e-02	-5.264661e+00
4.641000e-05	-3.127258e-02	-5.272656e+00
4.642000e-05	-2.741047e-02	-5.201574e+00
4.643000e-05	-2.174082e-02	-5.180521e+00
4.644000e-05	-2.346796e-02	-5.168419e+00
4.645000e-05	-2.829352e-02	-5.116292e+00
4.646000e-05	-2.483418e-02	-5.044129e+00
4.647000e-05	-2.008221e-02	-5.032027e+00
4.648000e-05	-2.064716e-02	-5.000474e+00
4.649000e-05	-2.543204e-02	-4.929395e+00
4.650000e-05	-2.294008e-02	-4.863083e+00
4.651000e-05	-1.829844e-02	-4.819500e+00
4.652000e-05	-1.955049e-02	-4.725770e+00
4.653000e-05	-2.236442e-02	-4.675234e+00
4.654000e-05	-2.146775e-02	-4.664107e+00
4.655000e-05	-1.720295e-02	-4.631024e+00
4.656000e-05	-1.859127e-02	-4.569945e+00
4.657000e-05	-1.917893e-02	-4.468890e+00
4.658000e-05	-1.878556e-02	-4.462734e+00
4.659000e-05	-1.485570e-02	-4.402079e+00
4.660000e-05	-1.677544e-02	-4.389999e+00
4.661000e-05	-1.827202e-02	-4.339871e+00
4.662000e-05	-1.713722e-02	-4.294811e+00
4.663000e-05	-1.419137e-02	-4.242183e+00
4.664000e-05	-1.388413e-02	-4.200073e+00
4.665000e-05	-1.656953e-02	-4.086416e+00
4.666000e-05	-1.602598e-02	-4.025108e+00
4.667000e-05	-1.170892e-02	-4.011024e+00
4.668000e-05	-1.215446e-02	-3.989975e+00
4.669000e-05	-1.333587e-02	-3.895715e+00
4.670000e-05	-1.324302e-02	-3.800500e+00
4.671000e-05	-1.262922e-02	-3.697287e+00
4.672000e-05	-1.054579e-02	-3.601607e+00
4.673000e-05	-1.246543e-02	-3.559424e+00
4.674000e-05	-1.077881e-02	-3.516337e+00
4.675000e-05	-1.107380e-02	-3.413134e+00
4.676000e-05	-1.015364e-02	-3.379467e+00
4.677000e-05	-1.290718e-02	-3.284285e+00
4.678000e-05	-1.039068e-02	-3.211028e+00
4.679000e-05	-1.043026e-02	-3.169994e+00
4.680000e-05	-7.924582e-03	-3.067180e+00
4.681000e-05	-9.732244e-03	-2.929843e+00
4.682000e-05	-7.372093e-03	-2.832206e+00
4.683000e-05	-8.725496e-03	-2.790074e+00
4.684000e-05	-9.740951e-03	-2.758316e+00
4.685000e-05	-1.023244e-02	-2.631657e+00
4.686000e-05	-8.316033e-03	-2.580369e+00
4.687000e-05	-7.095856e-03	-2.443234e+00
4.688000e-05	-7.352175e-03	-2.411053e+00
4.689000e-05	-7.245973e-03	-2.346869e+00
4.690000e-05	-5.836688e-03	-2.244234e+00
4.691000e-05	-6.430908e-03	-2.078265e+00
4.692000e-05	-8.191336e-03	-2.012026e+00
4.693000e-05	-7.230649e-03	-1.959396e+00
4.694000e-05	-7.355873e-03	-1.905660e+00
4.695000e-05	-4.990689e-03	-1.841975e+00
4.696000e-05	-6.368831e-03	-1.726363e+00
4.697000e-05	-5.949330e-03	-1.632108e+00
4.698000e-05	-5.525050e-03	-1.569472e+00
4.699000e-05	-4.043422e-03	-1.493736e+00
4.700000e-05	-4.625601e-03	-1.326790e+00
4.701000e-05	-5.772973e-03	-1.212074e+00
4.702000e-05	-5.371361e-03	-1.166865e+00
4.703000e-05	-5.051683e-03	-1.023184e+00
4.704000e-05	-5.002976e-03	-9.583961e-01
4.705000e-05	-6.343717e-03	-8.542317e-01
4.706000e-05	-4.123081e-03	-8.104738e-01
4.707000e-05	-2.787449e-03	-7.368596e-01
4.708000e-05	-2.879434e-03	-5.420475e-01
4.709000e-05	-4.089364e-03	-4.526331e-01
4.710000e-05	-3.239152e-03	-3.800238e-01
4.711000e-05	-4.275341e-03	-3.238621e-01
4.712000e-05	-2.503372e-03	-2.226016e-01
4.713000e-05	-3.860710e-03	-1.073932e-01
4.714000e-05	-2.222510e-03	-4.365665e-02
4.715000e-05	8.771354e-04	1.238123e-04
4.716000e-05	1.541879e-03	1.217855e-01
4.717000e-05	-2.102103e-03	2.195215e-01
4.718000e-05	-5.596997e-06	3.358896e-01
4.719000e-05	-8.930615e-04	4.095276e-01
4.720000e-05	-4.456679e-04	4.941853e-01
4.721000e-05	1.572902e-03	5.978924e-01
4.722000e-05	2.009362e-02	6.711842e-01
4.723000e-05	3.890775e-02	7.879236e-01
4.724000e-05	-2.089223e-02	8.431317e-01
4.725000e-05	-8.493909e-02	1.090949e+00
4.726000e-05	-1.776955e-02	1.104757e+00
4.727000e-05	9.811512e-02	1.157372e+00
4.728000e-05	2.019439e-02	1.272713e+00
4.729000e-05	-1.249663e-01	1.376893e+00
4.730000e-05	7.522820e-02	1.438576e+00
4.731000e-05	4.487938e-02	1.607855e+00
4.732000e-05	3.689358e-03	1.724691e+00
4.733000e-05	-6.440890e-02	1.717394e+00
4.734000e-05	3.622874e-02	1.799951e+00
4.735000e-05	-3.397000e-02	1.956321e+00
4.736000e-05	1.780179e-02	1.988974e+00
4.737000e-05	9.532373e-02	2.052105e+00
4.738000e-05	-9.436028e-02	2.126794e+00
4.739000e-05	-4.365210e-02	2.221503e+00
4.740000e-05	1.051554e-01	2.272689e+00
4.741000e-05	2.027820e-02	2.388447e+00
4.742000e-05	-1.057945e-01	2.442131e+00
4.743000e-05	1.538832e-02	2.555221e+00
4.744000e-05	7.336034e-02	2.692158e+00
4.745000e-05	2.647338e-02	2.737420e+00
4.746000e-05	-7.450295e-02	2.830629e+00
4.747000e-05	-8.565002e-03	2.934739e+00
4.748000e-05	5.606794e-02	3.007875e+00
4.749000e-05	2.726657e-02	3.041626e+00
4.750000e-05	-6.321539e-02	3.147295e+00
4.751000e-05	7.566197e-03	3.179448e+00
4.752000e-05	6.168002e-02	3.242129e+00
4.753000e-05	-2.096604e-02	3.324258e+00
4.754000e-05	-4.380216e-03	3.470633e+00
4.755000e-05	-1.062746e-02	3.545899e+00
4.756000e-05	2.759089e-02	3.579000e+00
4.757000e-05	1.180761e-02	3.662154e+00
4.758000e-05	3.080288e-03	3.726838e+00
4.759000e-05	-2.365303e-02	3.789476e+00
4.760000e-05	3.035177e-02	3.853157e+00
4.761000e-05	1.847183e-02	3.934237e+00
4.762000e-05	-1.696335e-02	3.977896e+00
4.763000e-05	8.261990e-04	4.020500e+00
4.764000e-05	1.692072e-02	4.072682e+00
4.765000e-05	2.631028e-02	4.153736e+00
4.766000e-05	-1.224785e-02	4.220480e+00
4.767000e-05	6.194283e-04	4.325838e+00
4.768000e-05	1.009917e-02	4.387949e+00
4.769000e-05	2.260699e-02	4.420976e+00
4.770000e-05	-4.676457e-03	4.442057e+00
4.771000e-05	-5.405212e-03	4.505263e+00
4.772000e-05	2.360078e-02	4.576822e+00
4.773000e-05	1.866969e-02	4.629500e+00
4.774000e-05	1.292175e-04	4.662134e+00
4.775000e-05	-6.670097e-03	4.695790e+00
4.776000e-05	2.219666e-02	4.758846e+00
4.777000e-05	1.450583e-02	4.830001e+00
4.778000e-05	4.172249e-03	4.820554e+00
4.779000e-05	-1.801715e-03	4.933137e+00
4.780000e-05	1.983342e-02	4.955343e+00
4.781000e-05	2.192115e-02	4.999057e+00
4.782000e-05	1.136649e-03	5.105114e+00
4.783000e-05	3.611741e-03	5.138790e+00
4.784000e-05	1.433320e-02	5.199496e+00
4.785000e-05	2.312038e-02	5.218575e+00
4.786000e-05	2.671157e-03	5.221608e+00
4.787000e-05	6.545766e-03	5.295263e+00
4.788000e-05	1.571939e-02	5.323713e+00
4.789000e-05	2.302386e-02	5.347841e+00
4.790000e-05	9.660325e-03	5.368473e+00
4.791000e-05	5.045154e-03	5.398896e+00
4.792000e-05	1.865669e-02	5.390475e+00
4.793000e-05	2.030244e-02	5.431504e+00
4.794000e-05	1.332217e-02	5.441050e+00
4.795000e-05	4.753084e-03	5.453161e+00
4.796000e-05	1.963235e-02	5.493707e+00
4.797000e-05	2.159897e-02	5.483692e+00
4.798000e-05	1.626555e-02	5.505759e+00
4.799000e-05	9.614704e-03	5.505761e+00
4.800000e-05	1.968942e-02	5.547840e+00
4.801000e-05	2.361651e-02	5.555840e+00
4.802000e-05	1.695482e-02	5.538871e+00
4.803000e-05	1.271524e-02	5.557366e+00
4.804000e-05	1.881576e-02	5.548319e+00
4.805000e-05	2.572673e-02	5.547866e+00
4.806000e-05	1.979753e-02	5.587771e+00
4.807000e-05	1.654639e-02	5.537898e+00
4.808000e-05	2.135547e-02	5.569921e+00
4.809000e-05	2.694397e-02	5.558392e+00
4.810000e-05	2.233809e-02	5.536346e+00
4.811000e-05	1.779804e-02	5.527368e+00
4.812000e-05	2.218264e-02	5.546815e+00
4.813000e-05	2.576701e-02	5.514812e+00
4.814000e-05	2.498079e-02	5.535263e+00
4.815000e-05	1.846695e-02	5.536258e+00
4.816000e-05	2.355199e-02	5.465339e+00
4.817000e-05	2.530773e-02	5.502681e+00
4.818000e-05	2.493658e-02	5.453583e+00
4.819000e-05	1.949979e-02	5.422053e+00
4.820000e-05	2.200439e-02	5.421053e+00
4.821000e-05	2.425883e-02	5.388975e+00
4.822000e-05	2.329406e-02	5.399500e+00
4.823000e-05	1.928771e-02	5.347369e+00
4.824000e-05	1.913695e-02	5.365317e+00
4.825000e-05	2.361717e-02	5.286283e+00
4.826000e-05	2.250037e-02	5.234178e+00
4.827000e-05	1.794671e-02	5.231604e+00
4.828000e-05	1.767452e-02	5.209427e+00
4.829000e-05	2.128229e-02	5.127895e+00
4.830000e-05	2.021392e-02	5.166290e+00
4.831000e-05	1.536556e-02	5.091982e+00
4.832000e-05	1.751923e-02	4.959321e+00
4.833000e-05	1.865625e-02	4.876719e+00
4.834000e-05	1.902516e-02	4.865056e+00
4.835000e-05	1.219920e-02	4.810553e+00
4.836000e-05	1.485072e-02	4.819474e+00
4.837000e-05	1.554171e-02	4.758419e+00
4.838000e-05	1.611492e-02	4.725767e+00
4.839000e-05	1.170627e-02	4.623082e+00
4.840000e-05	1.286550e-02	4.600981e+00
4.841000e-05	1.495255e-02	4.519874e+00
4.842000e-05	1.375540e-02	4.465788e+00
4.843000e-05	1.023116e-02	4.474558e+00
4.844000e-05	1.013844e-02	4.410527e+00
4.845000e-05	1.158796e-02	4.409973e+00
4.846000e-05	1.136484e-02	4.348394e+00
4.847000e-05	7.739361e-03	4.232163e+00
4.848000e-05	8.971364e-03	4.179403e+00
4.849000e-05	1.078443e-02	4.076307e+00
4.850000e-05	1.041204e-02	4.012077e+00
4.851000e-05	7.816501e-03	4.010025e+00
4.852000e-05	6.043907e-03	3.907867e+00
4.853000e-05	8.905174e-03	3.844637e+00
4.854000e-05	7.080903e-03	3.791001e+00
4.855000e-05	5.706750e-03	3.707920e+00
4.856000e-05	5.966664e-03	3.676162e+00
4.857000e-05	7.478305e-03	3.610998e+00
4.858000e-05	6.940094e-03	3.600450e+00
4.859000e-05	5.552473e-03	3.505317e+00
4.860000e-05	3.906012e-03	3.379426e+00
4.861000e-05	5.916356e-03	3.283161e+00
4.862000e-05	5.447109e-03	3.210526e+00
4.863000e-05	4.202761e-03	3.159397e+00
4.864000e-05	2.495385e-03	3.054737e+00
4.865000e-05	3.522838e-03	3.010551e+00
4.866000e-05	4.715741e-03	2.869345e+00
4.867000e-05	2.416786e-03	2.842132e+00
4.868000e-05	1.975640e-03	2.812001e+00
4.869000e-05	3.301357e-03	2.716815e+00
4.870000e-05	3.238095e-03	2.613605e+00
4.871000e-05	2.345913e-03	2.484266e+00
4.872000e-05	5.851411e-04	2.389978e+00
4.873000e-05	2.353887e-03	2.357871e+00
4.874000e-05	1.821198e-03	2.253637e+00
4.875000e-05	5.414358e-04	2.209975e+00
4.876000e-05	4.787500e-04	2.086662e+00
4.877000e-05	1.015029e-03	2.001554e+00
4.878000e-05	2.249969e-03	1.969424e+00
4.879000e-05	4.447605e-04	1.894688e+00
4.880000e-05	-6.745497e-04	1.768374e+00
4.881000e-05	-3.630458e-04	1.675218e+00
4.882000e-05	-1.608733e-04	1.652050e+00
4.883000e-05	-6.514968e-04	1.504692e+00
4.884000e-05	-1.731017e-03	1.420526e+00
4.885000e-05	-1.589558e-03	1.336841e+00
4.886000e-05	5.185859e-04	1.243104e+00
4.887000e-05	-2.147213e-03	1.147921e+00
4.888000e-05	-1.754221e-03	1.044004e+00
4.889000e-05	-2.261206e-03	8.952855e-01
4.890000e-05	-1.005370e-03	8.210001e-01
4.891000e-05	-2.486380e-03	7.478409e-01
4.892000e-05	-2.661181e-03	6.241089e-01
4.893000e-05	-3.172809e-03	5.389208e-01
4.894000e-05	-2.410299e-03	4.636553e-01
4.895000e-05	-3.313251e-03	4.094500e-01
4.896000e-05	-4.153650e-03	3.178657e-01
4.897000e-05	-4.115150e-03	1.398776e-01
4.898000e-05	-1.937803e-03	4.570528e-02
4.899000e-05	-2.822086e-03	1.047368e-02
4.900000e-05	-2.359985e-03	-9.378798e-02
4.901000e-05	-1.212149e-03	-1.769711e-01
4.902000e-05	-2.053532e-03	-2.511805e-01
4.903000e-05	-2.875388e-03	-3.764173e-01
4.904000e-05	-4.546954e-03	-4.200237e-01
4.905000e-05	-3.912058e-03	-5.046593e-01
4.906000e-05	-2.788705e-03	-6.163763e-01
4.907000e-05	1.363842e-02	-7.363109e-01
4.908000e-05	4.710036e-02	-8.090250e-01
4.909000e-05	-2.438280e-02	-9.368433e-01
4.910000e-05	-8.950461e-02	-1.113213e+00
4.911000e-05	-2.201333e-02	-1.138341e+00
4.912000e-05	8.539519e-02	-1.074263e+00
4.913000e-05	2.894419e-02	-1.228526e+00
4.914000e-05	-1.361273e-01	-1.481629e+00
4.915000e-05	9.153736e-02	-1.538371e+00
4.916000e-05	3.989608e-02	-1.555935e+00
4.917000e-05	-3.286005e-02	-1.722183e+00
4.918000e-05	-6.792908e-02	-1.799525e+00
4.919000e-05	5.446292e-02	-1.780975e+00
4.920000e-05	-5.818436e-02	-1.864685e+00
4.921000e-05	-1.287453e-02	-2.009546e+00
4.922000e-05	1.317568e-01	-2.031125e+00
4.923000e-05	-1.073323e-01	-2.115762e+00
4.924000e-05	-9.745568e-02	-2.324286e+00
4.925000e-05	1.529831e-01	-2.387950e+00
4.926000e-05	-7.058982e-03	-2.431130e+00
4.927000e-05	-1.537281e-01	-2.566315e+00
4.928000e-05	4.459689e-02	-2.598495e+00
4.929000e-05	8.532516e-02	-2.684259e+00
4.930000e-05	-3.450112e-02	-2.797921e+00
4.931000e-05	-6.837726e-02	-2.780524e+00
4.932000e-05	-1.791402e-02	-2.932762e+00
4.933000e-05	5.094328e-02	-3.113657e+00
4.934000e-05	2.577847e-02	-3.145417e+00
4.935000e-05	-1.170892e-01	-3.239497e+00
4.936000e-05	1.442588e-02	-3.301181e+00
4.937000e-05	8.394848e-02	-3.347366e+00
4.938000e-05	-6.357220e-02	-3.411605e+00
4.939000e-05	-4.183080e-02	-3.513188e+00
4.940000e-05	1.057985e-02	-3.495364e+00
4.941000e-05	7.750829e-03	-3.598571e+00
4.942000e-05	-3.481415e-04	-3.652608e+00
4.943000e-05	-3.374908e-02	-3.725363e+00
4.944000e-05	-3.202239e-02	-3.893178e+00
4.945000e-05	3.898081e-02	-3.958366e+00
4.946000e-05	-1.790205e-02	-3.988999e+00
4.947000e-05	-4.069349e-02	-4.042129e+00
4.948000e-05	-6.505639e-03	-4.094762e+00
4.949000e-05	2.362386e-03	-4.157923e+00
4.950000e-05	1.119327e-02	-4.211529e+00
4.951000e-05	-4.180525e-02	-4.241186e+00
4.952000e-05	-2.251970e-02	-4.347867e+00
4.953000e-05	1.255343e-02	-4.397923e+00
4.954000e-05	-3.087346e-03	-4.391025e+00
4.955000e-05	-3.284126e-02	-4.422554e+00
4.956000e-05	-2.582709e-02	-4.492786e+00
4.957000e-05	5.362530e-03	-4.639947e+00
4.958000e-05	6.392362e-03	-4.641104e+00
4.959000e-05	-3.886229e-02	-4.663711e+00
4.960000e-05	-2.627609e-02	-4.695762e+00
4.961000e-05	1.136476e-02	-4.785895e+00
4.962000e-05	-9.682221e-03	-4.809572e+00
4.963000e-05	-2.601745e-02	-4.863738e+00
4.964000e-05	-3.050856e-02	-4.936445e+00
4.965000e-05	-1.585447e-04	-4.949417e+00
4.966000e-05	-9.461181e-04	-5.030579e+00
4.967000e-05	-3.455065e-02	-5.093159e+00
4.968000e-05	-2.232083e-02	-5.093862e+00
4.969000e-05	-5.244939e-03	-5.167319e+00
4.970000e-05	-4.667263e-03	-5.188449e+00
4.971000e-05	-2.936807e-02	-5.210048e+00
4.972000e-05	-2.832839e-02	-5.272032e+00
4.973000e-05	-8.281485e-03	-5.295710e+00
4.974000e-05	-7.532233e-03	-5.298795e+00
4.975000e-05	-2.811332e-02	-5.408973e+00
4.976000e-05	-2.632870e-02	-5.440498e+00
4.977000e-05	-1.137656e-02	-5.460579e+00
4.978000e-05	-9.022998e-03	-5.473236e+00
4.979000e-05	-2.551483e-02	-5.485363e+00
4.980000e-05	-3.057945e-02	-5.537347e+00
4.981000e-05	-1.401382e-02	-5.567974e+00
4.982000e-05	-1.365686e-02	-5.579476e+00
4.983000e-05	-2.593959e-02	-5.599899e+00
4.984000e-05	-3.106021e-02	-5.590474e+00
4.985000e-05	-2.013438e-02	-5.599502e+00
4.986000e-05	-1.282722e-02	-5.630578e+00
4.987000e-05	-2.730446e-02	-5.600975e+00
4.988000e-05	-3.110531e-02	-5.611551e+00
4.989000e-05	-2.158754e-02	-5.611526e+00
4.990000e-05	-1.691058e-02	-5.621550e+00
4.991000e-05	-2.847887e-02	-5.621004e+00
4.992000e-05	-3.376718e-02	-5.602053e+00
4.993000e-05	-2.498033e-02	-5.620526e+00
4.994000e-05	-1.841842e-02	-5.610576e+00
4.995000e-05	-2.885259e-02	-5.610550e+00
4.996000e-05	-3.424413e-02	-5.610525e+00
4.997000e-05	-2.691491e-02	-5.620501e+00
4.998000e-05	-2.289166e-02	-5.589974e+00
4.999000e-05	-2.925535e-02	-5.599475e+00
