# 260928_12:03:17.611159
t	CH1	CH2
0.000000e+00	1.557579e-04	-2.933347e+00
1.000000e-08	-7.017546e-03	-3.013525e+00
2.000000e-08	-1.132436e-02	-3.058605e+00
3.000000e-08	2.902089e-04	-3.060187e+00
4.000000e-08	-1.320608e-05	-3.112290e+00
5.000000e-08	-7.866941e-03	-3.162418e+00
6.000000e-08	-1.009943e-02	-3.185475e+00
7.000000e-08	-1.352293e-03	-3.205501e+00
8.000000e-08	7.271851e-04	-3.215454e+00
9.000000e-08	-7.441946e-03	-3.246529e+00
1.000000e-07	-9.096687e-03	-3.248131e+00
1.100000e-07	-2.842650e-03	-3.268683e+00
1.200000e-07	-2.740318e-04	-3.311263e+00
1.300000e-07	-5.610837e-03	-3.333321e+00
1.400000e-07	-8.261756e-03	-3.364274e+00
1.500000e-07	-3.624985e-03	-3.374350e+00
1.600000e-07	4.549131e-04	-3.415427e+00
1.700000e-07	-5.417784e-03	-3.435603e+00
1.800000e-07	-8.951675e-03	-3.417082e+00
1.900000e-07	-4.329228e-03	-3.467679e+00
2.000000e-07	-8.297595e-04	-3.459192e+00
2.100000e-07	-4.569802e-03	-3.509816e+00
2.200000e-07	-8.576050e-03	-3.543816e+00
2.300000e-07	-3.539935e-03	-3.542896e+00
2.400000e-07	-1.022390e-03	-3.583949e+00
2.500000e-07	-4.461272e-03	-3.583975e+00
2.600000e-07	-6.978735e-03	-3.563999e+00
2.700000e-07	-4.537990e-03	-3.585528e+00
2.800000e-07	-1.944309e-03	-3.596500e+00
2.900000e-07	-4.144321e-03	-3.627530e+00
3.000000e-07	-7.902825e-03	-3.617028e+00
3.100000e-07	-4.226807e-03	-3.657184e+00
3.200000e-07	-2.704561e-03	-3.679234e+00
3.300000e-07	-3.338736e-03	-3.641260e+00
3.400000e-07	-7.328319e-03	-3.701820e+00
3.500000e-07	-4.356489e-03	-3.742437e+00
3.600000e-07	-2.449927e-03	-3.793473e+00
3.700000e-07	-3.022326e-03	-3.767108e+00
3.800000e-07	-6.587848e-03	-3.826603e+00
3.900000e-07	-5.387861e-03	-3.898240e+00
4.000000e-07	-2.512001e-03	-3.849291e+00
4.100000e-07	-2.358032e-03	-3.893338e+00
4.200000e-07	-6.979307e-03	-3.929866e+00
4.300000e-07	-5.260909e-03	-3.953291e+00
4.400000e-07	-2.798844e-03	-3.923918e+00
4.500000e-07	-3.161221e-03	-3.951896e+00
4.600000e-07	-5.351732e-03	-3.962422e+00
4.700000e-07	-5.828722e-03	-3.983447e+00
4.800000e-07	-2.767314e-03	-3.994476e+00
4.900000e-07	-3.066452e-03	-3.995001e+00
5.000000e-07	-6.349430e-03	-3.985001e+00
5.100000e-07	-5.887131e-03	-3.994525e+00
5.200000e-07	-3.385751e-03	-3.994075e+00
5.300000e-07	-3.561656e-03	-4.005526e+00
5.400000e-07	-5.509755e-03	-3.995503e+00
5.500000e-07	-5.063359e-03	-4.005973e+00
5.600000e-07	-2.516929e-03	-3.996550e+00
5.700000e-07	-3.549677e-03	-4.037051e+00
5.800000e-07	-5.993365e-03	-4.016606e+00
5.900000e-07	-5.711549e-03	-4.026104e+00
6.000000e-07	-3.618250e-03	-4.018104e+00
6.100000e-07	-4.178462e-03	-4.006055e+00
6.200000e-07	-5.241713e-03	-4.035628e+00
6.300000e-07	-6.371978e-03	-4.057609e+00
6.400000e-07	-4.526914e-03	-4.017629e+00
6.500000e-07	-4.061499e-03	-4.036553e+00
6.600000e-07	-5.756620e-03	-4.007103e+00
6.700000e-07	-5.325143e-03	-4.016555e+00
6.800000e-07	-5.347125e-03	-4.037054e+00
6.900000e-07	-4.213229e-03	-4.007575e+00
7.000000e-07	-5.442772e-03	-4.017105e+00
7.100000e-07	-5.482208e-03	-4.007536e+00
7.200000e-07	-4.401260e-03	-4.016106e+00
7.300000e-07	-4.061835e-03	-3.995580e+00
7.400000e-07	-5.353560e-03	-4.027104e+00
7.500000e-07	-4.993953e-03	-4.017005e+00
7.600000e-07	-5.688890e-03	-4.026006e+00
7.700000e-07	-4.351826e-03	-4.015555e+00
7.800000e-07	-6.819404e-03	-4.016579e+00
7.900000e-07	-5.719014e-03	-4.005704e+00
8.000000e-07	-4.754615e-03	-4.015503e+00
8.100000e-07	-4.116560e-03	-3.985526e+00
8.200000e-07	-4.630699e-03	-3.986026e+00
8.300000e-07	-4.814776e-03	-4.005525e+00
8.400000e-07	-5.688372e-03	-3.964975e+00
8.500000e-07	-5.066793e-03	-3.995003e+00
8.600000e-07	-5.569254e-03	-3.995000e+00
8.700000e-07	-5.342546e-03	-3.984000e+00
8.800000e-07	-4.873138e-03	-3.995000e+00
8.900000e-07	-5.048565e-03	-3.984972e+00
9.000000e-07	-3.233050e-03	-3.984447e+00
9.100000e-07	-5.467432e-03	-3.975446e+00
9.200000e-07	-4.646135e-03	-3.973949e+00
9.300000e-07	-5.181319e-03	-3.952893e+00
9.400000e-07	-4.564813e-03	-3.893413e+00
9.500000e-07	-5.608446e-03	-3.912366e+00
9.600000e-07	-5.370664e-03	-3.871737e+00
9.700000e-07	-4.269209e-03	-3.862308e+00
9.800000e-07	-4.424425e-03	-3.820657e+00
9.900000e-07	-4.657087e-03	-3.749639e+00
1.000000e-06	-4.396075e-03	-3.767073e+00
1.010000e-06	-5.143668e-03	-3.735071e+00
1.020000e-06	-4.425495e-03	-3.712890e+00
1.030000e-06	-5.398724e-03	-3.682786e+00
1.040000e-06	-4.071697e-03	-3.649962e+00
1.050000e-06	-4.675391e-03	-3.661608e+00
1.060000e-06	-5.020259e-03	-3.641233e+00
1.070000e-06	-4.801672e-03	-3.626552e+00
1.080000e-06	-3.710045e-03	-3.598028e+00
1.090000e-06	-5.242053e-03	-3.596600e+00
1.100000e-06	-4.190924e-03	-3.586050e+00
1.110000e-06	-5.523298e-03	-3.585425e+00
1.120000e-06	-3.907778e-03	-3.585975e+00
1.130000e-06	-6.177848e-03	-3.554496e+00
1.140000e-06	-4.811421e-03	-3.514942e+00
1.150000e-06	-4.346386e-03	-3.524370e+00
1.160000e-06	-4.342789e-03	-3.491787e+00
1.170000e-06	-4.755918e-03	-3.450232e+00
1.180000e-06	-5.279110e-03	-3.451158e+00
1.190000e-06	-4.207864e-03	-3.398557e+00
1.200000e-06	-3.998620e-03	-3.388001e+00
1.210000e-06	-5.025290e-03	-3.386974e+00
1.220000e-06	-6.050656e-03	-3.374500e+00
1.230000e-06	-4.557801e-03	-3.285370e+00
1.240000e-06	-4.540039e-03	-3.302370e+00
1.250000e-06	-5.142787e-03	-3.300288e+00
1.260000e-06	-4.668581e-03	-3.250686e+00
1.270000e-06	-4.156168e-03	-3.238082e+00
1.280000e-06	-4.953158e-03	-3.228628e+00
1.290000e-06	-4.883152e-03	-3.176975e+00
1.300000e-06	-6.158667e-03	-3.176473e+00
1.310000e-06	-5.072352e-03	-3.164445e+00
1.320000e-06	-4.791191e-03	-3.135342e+00
1.330000e-06	-4.638872e-03	-3.092219e+00
1.340000e-06	-5.550728e-03	-3.040684e+00
1.350000e-06	-5.241878e-03	-3.019126e+00
1.360000e-06	-4.883115e-03	-2.986896e+00
1.370000e-06	-3.780315e-03	-2.912241e+00
1.380000e-06	-5.721698e-03	-2.840181e+00
1.390000e-06	-4.558982e-03	-2.840579e+00
1.400000e-06	-5.054727e-03	-2.799050e+00
1.410000e-06	-4.519545e-03	-2.807500e+00
1.420000e-06	-5.155322e-03	-2.766997e+00
1.430000e-06	-5.254214e-03	-2.776472e+00
1.440000e-06	-4.858903e-03	-2.704416e+00
1.450000e-06	-3.880066e-03	-2.702237e+00
1.460000e-06	-5.457601e-03	-2.670159e+00
1.470000e-06	-4.342638e-03	-2.609054e+00
1.480000e-06	-4.543630e-03	-2.597951e+00
1.490000e-06	-5.123330e-03	-2.566390e+00
1.500000e-06	-5.691832e-03	-2.534919e+00
1.510000e-06	-4.443328e-03	-2.472738e+00
1.520000e-06	-3.911316e-03	-2.459030e+00
1.530000e-06	-4.904838e-03	-2.410127e+00
1.540000e-06	-4.711356e-03	-2.388028e+00
1.550000e-06	-4.083636e-03	-2.397448e+00
1.560000e-06	-3.931841e-03	-2.337322e+00
1.570000e-06	-5.084109e-03	-2.343791e+00
1.580000e-06	-4.716742e-03	-2.261657e+00
1.590000e-06	-4.371689e-03	-2.239602e+00
1.600000e-06	-3.891528e-03	-2.166815e+00
1.610000e-06	-4.339255e-03	-2.094310e+00
1.620000e-06	-4.976058e-03	-2.031755e+00
1.630000e-06	-3.810712e-03	-1.999526e+00
1.640000e-06	-4.396660e-03	-1.998525e+00
1.650000e-06	-4.219550e-03	-1.987947e+00
1.660000e-06	-4.568792e-03	-1.946792e+00
1.670000e-06	-3.903809e-03	-1.903263e+00
1.680000e-06	-3.172708e-03	-1.872710e+00
1.690000e-06	-4.207580e-03	-1.810080e+00
1.700000e-06	-4.352204e-03	-1.798074e+00
1.710000e-06	-4.317753e-03	-1.778420e+00
1.720000e-06	-3.682867e-03	-1.704416e+00
1.730000e-06	-4.286786e-03	-1.675259e+00
1.740000e-06	-4.960239e-03	-1.610157e+00
1.750000e-06	-4.131514e-03	-1.619576e+00
1.760000e-06	-3.782521e-03	-1.569524e+00
1.770000e-06	-3.585118e-03	-1.537971e+00
1.780000e-06	-4.382393e-03	-1.545263e+00
1.790000e-06	-4.102011e-03	-1.444111e+00
1.800000e-06	-3.735776e-03	-1.379622e+00
1.810000e-06	-4.622485e-03	-1.306213e+00
1.820000e-06	-4.536970e-03	-1.213707e+00
1.830000e-06	-4.151541e-03	-1.211621e+00
1.840000e-06	-3.671101e-03	-1.168023e+00
1.850000e-06	-3.985979e-03	-1.127921e+00
1.860000e-06	-4.060472e-03	-1.085764e+00
1.870000e-06	-3.529924e-03	-1.033158e+00
1.880000e-06	-4.324396e-03	-1.029551e+00
1.890000e-06	-4.965260e-03	-9.894211e-01
1.900000e-06	-3.990344e-03	-9.379657e-01
1.910000e-06	-3.732663e-03	-8.431618e-01
1.920000e-06	-3.932989e-03	-8.231502e-01
1.930000e-06	-4.590761e-03	-7.920538e-01
1.940000e-06	-4.745120e-03	-7.990011e-01
1.950000e-06	-3.635844e-03	-7.784223e-01
1.960000e-06	-4.001144e-03	-7.473647e-01
1.970000e-06	-3.969902e-03	-6.631306e-01
1.980000e-06	-4.209029e-03	-5.796261e-01
1.990000e-06	-3.409535e-03	-4.963869e-01
2.000000e-06	-3.706621e-03	-4.427853e-01
2.010000e-06	-4.338226e-03	-4.126026e-01
2.020000e-06	-5.509566e-03	-4.010738e-01
2.030000e-06	-3.331304e-03	-3.694974e-01
2.040000e-06	-4.330084e-03	-3.378673e-01
2.050000e-06	-3.827565e-03	-3.067870e-01
2.060000e-06	-4.356940e-03	-2.352566e-01
2.070000e-06	-2.939127e-03	-2.215277e-01
2.080000e-06	-3.799307e-03	-1.794962e-01
2.090000e-06	-4.690954e-03	-1.293935e-01
2.100000e-06	-3.499698e-03	-1.057318e-01
2.110000e-06	-2.485805e-03	-3.365645e-02
2.120000e-06	-2.154565e-03	-1.365019e-02
2.130000e-06	-1.787735e-03	-9.923750e-03
2.140000e-06	-2.505883e-03	6.050402e-02
2.150000e-06	-2.053000e-03	1.026818e-01
2.160000e-06	-2.320155e-03	1.748170e-01
2.170000e-06	-4.336128e-04	2.379050e-01
2.180000e-06	5.962195e-03	2.706114e-01
2.190000e-06	1.456868e-02	3.537172e-01
2.200000e-06	6.994135e-03	3.879237e-01
2.210000e-06	-2.373102e-02	4.085000e-01
2.220000e-06	-4.511257e-02	4.195501e-01
2.230000e-06	1.931720e-02	4.610828e-01
2.240000e-06	3.037724e-02	5.037644e-01
2.250000e-06	-1.145292e-02	5.863696e-01
2.260000e-06	-4.081502e-02	6.059749e-01
2.270000e-06	3.125799e-02	6.195815e-01
2.280000e-06	4.396086e-02	6.997843e-01
2.290000e-06	-3.633194e-02	7.128394e-01
2.300000e-06	-2.414795e-02	7.253184e-01
2.310000e-06	3.817793e-03	7.973724e-01
2.320000e-06	1.383615e-02	8.175000e-01
2.330000e-06	-4.429882e-03	8.395805e-01
2.340000e-06	1.994688e-02	9.237432e-01
2.350000e-06	-4.332419e-02	1.005900e+00
2.360000e-06	-3.451631e-03	1.052539e+00
2.370000e-06	3.205584e-02	1.120640e+00
2.380000e-06	7.367262e-03	1.136771e+00
2.390000e-06	-5.550512e-02	1.227902e+00
2.400000e-06	1.429043e-02	1.217981e+00
2.410000e-06	4.712559e-02	1.291710e+00
2.420000e-06	-1.927100e-02	1.363312e+00
2.430000e-06	-3.765371e-02	1.365845e+00
2.440000e-06	3.605436e-03	1.419474e+00
2.450000e-06	3.316543e-02	1.440028e+00
2.460000e-06	-1.367182e-02	1.502215e+00
2.470000e-06	-2.291644e-02	1.575399e+00
2.480000e-06	5.302425e-04	1.667112e+00
2.490000e-06	3.106354e-02	1.662175e+00
2.500000e-06	-2.004359e-02	1.734745e+00
2.510000e-06	-1.759380e-02	1.762896e+00
2.520000e-06	6.457964e-03	1.784775e+00
2.530000e-06	8.972369e-03	1.797576e+00
2.540000e-06	-7.007347e-03	1.858609e+00
2.550000e-06	-5.787976e-03	1.901763e+00
2.560000e-06	-5.822114e-03	1.952795e+00
2.570000e-06	5.401074e-03	1.984421e+00
2.580000e-06	3.516253e-03	1.996474e+00
2.590000e-06	-1.295038e-02	2.007476e+00
2.600000e-06	-3.441039e-03	2.037558e+00
2.610000e-06	8.973624e-03	2.070689e+00
2.620000e-06	-1.695685e-03	2.083239e+00
2.630000e-06	-1.130106e-02	2.162897e+00
2.640000e-06	-3.358667e-03	2.204947e+00
2.650000e-06	4.494735e-03	2.205953e+00
2.660000e-06	9.462144e-04	2.230632e+00
2.670000e-06	-8.324240e-03	2.270262e+00
2.680000e-06	-4.228574e-03	2.322266e+00
2.690000e-06	5.079185e-03	2.364873e+00
2.700000e-06	1.055810e-03	2.396049e+00
2.710000e-06	-1.097273e-02	2.386024e+00
2.720000e-06	-2.698364e-03	2.408081e+00
2.730000e-06	4.686505e-03	2.469532e+00
2.740000e-06	-5.730371e-04	2.539241e+00
2.750000e-06	-9.295862e-03	2.530869e+00
2.760000e-06	-2.107946e-03	2.616502e+00
2.770000e-06	2.330026e-03	2.698193e+00
2.780000e-06	8.371898e-04	2.691220e+00
2.790000e-06	-8.043981e-03	2.774349e+00
2.800000e-06	-2.300500e-03	2.774947e+00
2.810000e-06	1.921862e-03	2.795425e+00
2.820000e-06	7.170929e-04	2.817001e+00
2.830000e-06	-7.662133e-03	2.837130e+00
2.840000e-06	-3.601443e-03	2.860113e+00
2.850000e-06	2.390042e-03	2.920238e+00
2.860000e-06	-8.581810e-05	2.933839e+00
2.870000e-06	-5.005827e-03	2.953422e+00
2.880000e-06	-3.498264e-03	2.985474e+00
2.890000e-06	2.851850e-03	3.016503e+00
2.900000e-06	-1.235426e-04	3.028083e+00
2.910000e-06	-3.854818e-03	3.067058e+00
2.920000e-06	-4.395360e-03	3.080718e+00
2.930000e-06	1.888098e-03	3.120838e+00
2.940000e-06	-8.159077e-04	3.183318e+00
2.950000e-06	-3.993166e-03	3.183920e+00
2.960000e-06	-4.234431e-03	3.182423e+00
2.970000e-06	1.220442e-03	3.196976e+00
2.980000e-06	7.205101e-04	3.195951e+00
2.990000e-06	-1.988929e-03	3.226507e+00
3.000000e-06	-2.503842e-03	3.257108e+00
3.010000e-06	7.890188e-04	3.279711e+00
3.020000e-06	9.051284e-05	3.280789e+00
3.030000e-06	-3.647469e-03	3.309821e+00
3.040000e-06	-3.657978e-03	3.374349e+00
3.050000e-06	-9.305423e-04	3.425080e+00
3.060000e-06	1.110753e-03	3.458105e+00
3.070000e-06	-2.380815e-03	3.531613e+00
3.080000e-06	-1.271976e-03	3.501741e+00
3.090000e-06	-1.901536e-04	3.532320e+00
3.100000e-06	2.384003e-04	3.552895e+00
3.110000e-06	-2.786839e-03	3.583972e+00
3.120000e-06	-2.308423e-03	3.584475e+00
3.130000e-06	-6.455289e-04	3.596000e+00
3.140000e-06	-6.507987e-04	3.606000e+00
3.150000e-06	-2.630682e-03	3.615552e+00
3.160000e-06	-1.326063e-03	3.615577e+00
3.170000e-06	-4.847773e-04	3.627107e+00
3.180000e-06	6.757118e-04	3.639133e+00
3.190000e-06	-2.348592e-03	3.639657e+00
3.200000e-06	-2.129077e-03	3.700187e+00
3.210000e-06	-5.509731e-04	3.691291e+00
3.220000e-06	-5.316190e-04	3.721342e+00
3.230000e-06	-2.138802e-03	3.743370e+00
3.240000e-06	-1.926702e-03	3.792941e+00
3.250000e-06	-8.571612e-04	3.772949e+00
3.260000e-06	-1.130818e-03	3.775921e+00
3.270000e-06	-2.305548e-03	3.794450e+00
3.280000e-06	-2.127581e-03	3.805026e+00
3.290000e-06	3.091903e-04	3.786576e+00
3.300000e-06	-4.736621e-04	3.825580e+00
3.310000e-06	-1.476861e-03	3.807478e+00
3.320000e-06	-2.211325e-03	3.816606e+00
3.330000e-06	-9.660240e-04	3.879080e+00
3.340000e-06	-1.179796e-03	3.879580e+00
3.350000e-06	-2.525694e-03	3.858184e+00
3.360000e-06	-2.543764e-03	3.836638e+00
3.370000e-06	-3.125169e-04	3.898713e+00
3.380000e-06	5.263184e-04	3.870239e+00
3.390000e-06	-7.040741e-04	3.941238e+00
3.400000e-06	-2.982700e-03	3.899762e+00
3.410000e-06	-8.191653e-04	3.919666e+00
3.420000e-06	-6.410509e-04	3.920789e+00
3.430000e-06	-2.664285e-03	3.921317e+00
3.440000e-06	-3.122808e-03	3.931468e+00
3.450000e-06	-4.095071e-04	3.893295e+00
3.460000e-06	-6.001235e-05	3.921370e+00
3.470000e-06	-2.046270e-03	3.951819e+00
3.480000e-06	-1.970465e-03	3.942893e+00
3.490000e-06	8.770006e-04	3.942439e+00
3.500000e-06	7.650241e-04	3.973345e+00
3.510000e-06	-2.013943e-03	3.952797e+00
3.520000e-06	-2.639828e-03	3.942962e+00
3.530000e-06	-1.539650e-03	3.932316e+00
3.540000e-06	1.343406e-04	3.922322e+00
3.550000e-06	-1.545331e-03	3.962844e+00
3.560000e-06	-1.839590e-03	3.952342e+00
3.570000e-06	2.625450e-04	3.925422e+00
3.580000e-06	5.636989e-05	3.932892e+00
3.590000e-06	-1.754299e-03	3.921766e+00
3.600000e-06	-1.823681e-03	3.921792e+00
3.610000e-06	-1.807166e-04	3.941846e+00
3.620000e-06	-6.244575e-04	3.930866e+00
3.630000e-06	-2.210527e-03	3.912346e+00
3.640000e-06	-1.618590e-03	3.901667e+00
3.650000e-06	-4.201525e-04	3.901490e+00
3.660000e-06	-8.497950e-04	3.921740e+00
3.670000e-06	-5.718526e-04	3.860213e+00
3.680000e-06	-1.647982e-03	3.840754e+00
3.690000e-06	-9.190394e-04	3.887838e+00
3.700000e-06	-1.460920e-04	3.869213e+00
3.710000e-06	-1.530504e-03	3.857604e+00
3.720000e-06	-7.137946e-04	3.816151e+00
3.730000e-06	-1.786114e-03	3.841108e+00
3.740000e-06	-4.204228e-04	3.816080e+00
3.750000e-06	-1.042621e-03	3.817004e+00
3.760000e-06	-1.661818e-03	3.807031e+00
3.770000e-06	-1.401448e-03	3.795049e+00
3.780000e-06	-6.483205e-04	3.784476e+00
3.790000e-06	-5.549013e-04	3.793977e+00
3.800000e-06	-1.097271e-03	3.774421e+00
3.810000e-06	-1.204634e-03	3.775924e+00
3.820000e-06	-1.354803e-04	3.742416e+00
3.830000e-06	-8.042174e-04	3.753288e+00
3.840000e-06	-2.596505e-03	3.702714e+00
3.850000e-06	-2.147878e-03	3.711166e+00
3.860000e-06	-6.030817e-04	3.661684e+00
3.870000e-06	-1.125618e-03	3.629109e+00
3.880000e-06	-1.606580e-03	3.629155e+00
3.890000e-06	-1.196205e-03	3.627532e+00
3.900000e-06	-7.028338e-04	3.627103e+00
3.910000e-06	-1.170966e-03	3.598026e+00
3.920000e-06	-1.695332e-03	3.597503e+00
3.930000e-06	-2.567940e-03	3.585501e+00
3.940000e-06	-1.308819e-03	3.585001e+00
3.950000e-06	-1.422227e-03	3.575473e+00
3.960000e-06	-2.015032e-03	3.544422e+00
3.970000e-06	-2.168552e-03	3.512895e+00
3.980000e-06	-1.405344e-03	3.493361e+00
3.990000e-06	-8.273288e-04	3.488785e+00
4.000000e-06	-1.555544e-03	3.449606e+00
4.010000e-06	-1.173010e-03	3.395475e+00
4.020000e-06	-1.704727e-03	3.376368e+00
4.030000e-06	8.400208e-05	3.302291e+00
4.040000e-06	-1.915622e-03	3.282788e+00
4.050000e-06	-1.769931e-03	3.279189e+00
4.060000e-06	-2.045044e-03	3.249080e+00
4.070000e-06	-2.925284e-03	3.236052e+00
4.080000e-06	-1.282273e-03	3.196974e+00
4.090000e-06	-1.479698e-03	3.188024e+00
4.100000e-06	-1.458983e-03	3.146451e+00
4.110000e-06	-4.432149e-04	3.165442e+00
4.120000e-06	-2.689195e-04	3.151866e+00
4.130000e-06	-2.359484e-03	3.073790e+00
4.140000e-06	-3.655659e-03	3.041689e+00
4.150000e-06	-1.949034e-03	3.029604e+00
4.160000e-06	-8.683350e-04	3.008603e+00
4.170000e-06	-1.330434e-03	2.997473e+00
4.180000e-06	-2.089703e-03	2.975824e+00
4.190000e-06	-4.552628e-04	2.934917e+00
4.200000e-06	-4.004152e-04	2.913318e+00
4.210000e-06	-7.835904e-04	2.883262e+00
4.220000e-06	-3.880424e-03	2.869633e+00
4.230000e-06	-1.841400e-03	2.819103e+00
4.240000e-06	-1.585132e-03	2.809551e+00
4.250000e-06	-1.950541e-03	2.797525e+00
4.260000e-06	-3.166380e-03	2.786472e+00
4.270000e-06	-1.698036e-03	2.775446e+00
4.280000e-06	1.448329e-04	2.744815e+00
4.290000e-06	-1.838540e-03	2.661064e+00
4.300000e-06	-1.476432e-03	2.628929e+00
4.310000e-06	-1.992036e-03	2.536945e+00
4.320000e-06	-9.822284e-04	2.465262e+00
4.330000e-06	-2.891267e-03	2.471663e+00
4.340000e-06	-2.463944e-03	2.430004e+00
4.350000e-06	-2.584196e-03	2.389550e+00
4.360000e-06	-1.927461e-03	2.378524e+00
4.370000e-06	-2.204591e-03	2.364920e+00
4.380000e-06	-9.612283e-04	2.333918e+00
4.390000e-06	-2.131846e-03	2.272658e+00
4.400000e-06	-4.328609e-04	2.261579e+00
4.410000e-06	-1.842336e-03	2.189007e+00
4.420000e-06	-2.074206e-03	2.168449e+00
4.430000e-06	-2.700677e-03	2.156368e+00
4.440000e-06	-2.464649e-03	2.075885e+00
4.450000e-06	-4.128316e-04	2.102312e+00
4.460000e-06	-2.523908e-03	2.040080e+00
4.470000e-06	-1.813781e-03	1.999578e+00
4.480000e-06	-3.030673e-03	1.997475e+00
4.490000e-06	-1.987502e-03	1.995475e+00
4.500000e-06	-1.889800e-03	1.965916e+00
4.510000e-06	-2.555566e-03	1.912861e+00
4.520000e-06	-2.574908e-03	1.840652e+00
4.530000e-06	-1.772855e-03	1.760004e+00
4.540000e-06	-3.345925e-03	1.735971e+00
4.550000e-06	-3.191844e-03	1.727362e+00
4.560000e-06	-4.605465e-03	1.713243e+00
4.570000e-06	-2.859862e-03	1.664083e+00
4.580000e-06	-3.354906e-03	1.628607e+00
4.590000e-06	-2.344893e-03	1.587496e+00
4.600000e-06	-2.735386e-03	1.526266e+00
4.610000e-06	-2.381138e-03	1.484684e+00
4.620000e-06	-2.517542e-03	1.398574e+00
4.630000e-06	-3.386779e-03	1.389097e+00
4.640000e-06	-2.924233e-03	1.345345e+00
4.650000e-06	-3.606364e-03	1.283263e+00
4.660000e-06	-3.686944e-03	1.271683e+00
4.670000e-06	-3.138673e-03	1.211077e+00
4.680000e-06	-3.039747e-03	1.180026e+00
4.690000e-06	-3.335461e-03	1.097945e+00
4.700000e-06	-3.582175e-03	1.024239e+00
4.710000e-06	-1.653211e-03	1.081684e+00
4.720000e-06	-3.635975e-03	9.689734e-01
4.730000e-06	-3.068744e-03	9.342107e-01
4.740000e-06	-3.097562e-03	8.321526e-01
4.750000e-06	-3.713564e-03	8.095026e-01
4.760000e-06	-4.714995e-03	7.989698e-01
4.770000e-06	-3.763502e-03	7.574461e-01
4.780000e-06	-2.493315e-03	6.851855e-01
4.790000e-06	-2.397317e-03	6.532053e-01
4.800000e-06	-3.241508e-03	6.020539e-01
4.810000e-06	-3.111395e-03	6.009725e-01
4.820000e-06	-2.837329e-03	5.184197e-01
4.830000e-06	-2.395310e-03	4.967618e-01
4.840000e-06	-3.993556e-03	4.341052e-01
4.850000e-06	-3.761231e-03	4.315540e-01
4.860000e-06	-3.489005e-03	3.999750e-01
4.870000e-06	-2.692283e-03	3.379487e-01
4.880000e-06	-3.700850e-03	3.553646e-01
4.890000e-06	-4.046091e-03	2.447353e-01
4.900000e-06	-2.540218e-03	2.399527e-01
4.910000e-06	-2.607418e-03	1.377234e-01
4.920000e-06	-3.359523e-03	7.520433e-02
4.930000e-06	-3.572508e-03	3.212664e-02
4.940000e-06	-2.921453e-03	1.050006e-03
4.950000e-06	-2.156117e-03	-2.002632e-02
4.960000e-06	-3.211213e-03	-5.163553e-02
4.970000e-06	-2.324832e-03	-1.442621e-01
4.980000e-06	-1.279395e-03	-1.658898e-01
4.990000e-06	-1.631764e-03	-2.079498e-01
5.000000e-06	-2.377914e-03	-2.101028e-01
5.010000e-06	-1.256265e-03	-2.521080e-01
5.020000e-06	7.100831e-03	-3.142142e-01
5.030000e-06	1.474830e-02	-3.558396e-01
5.040000e-06	9.783813e-03	-3.764749e-01
5.050000e-06	-1.931349e-02	-4.105814e-01
5.060000e-06	-5.252549e-02	-4.431803e-01
5.070000e-06	2.428000e-02	-4.927368e-01
5.080000e-06	3.536656e-02	-4.927895e-01
5.090000e-06	-1.049939e-03	-6.090749e-01
5.100000e-06	-2.975061e-02	-6.641692e-01
5.110000e-06	3.682438e-02	-7.138884e-01
5.120000e-06	4.715078e-02	-7.757936e-01
5.130000e-06	-4.336153e-02	-8.075525e-01
5.140000e-06	-1.754079e-02	-8.370528e-01
5.150000e-06	6.555688e-03	-8.401303e-01
5.160000e-06	3.367662e-03	-8.622880e-01
5.170000e-06	-2.316818e-02	-9.364211e-01
5.180000e-06	2.493764e-02	-9.974488e-01
5.190000e-06	-4.957794e-02	-9.995790e-01
5.200000e-06	-2.028514e-02	-1.081183e+00
5.210000e-06	4.689454e-02	-1.074792e+00
5.220000e-06	2.165778e-02	-1.184867e+00
5.230000e-06	-5.430371e-02	-1.199475e+00
5.240000e-06	2.779936e-02	-1.241030e+00
5.250000e-06	5.873431e-02	-1.263339e+00
5.260000e-06	-4.164347e-02	-1.396348e+00
5.270000e-06	-4.167705e-02	-1.399558e+00
5.280000e-06	1.452751e-02	-1.480734e+00
5.290000e-06	3.107527e-02	-1.556344e+00
5.300000e-06	-2.061299e-02	-1.575975e+00
5.310000e-06	-2.535529e-02	-1.608025e+00
5.320000e-06	-1.952424e-03	-1.631104e+00
5.330000e-06	4.437372e-02	-1.690209e+00
5.340000e-06	-2.840555e-02	-1.691766e+00
5.350000e-06	-3.825137e-02	-1.763371e+00
5.360000e-06	2.260626e-02	-1.796477e+00
5.370000e-06	1.624841e-02	-1.838053e+00
5.380000e-06	-2.513470e-02	-1.879733e+00
5.390000e-06	-8.804756e-03	-1.872737e+00
5.400000e-06	2.469940e-03	-1.944371e+00
5.410000e-06	5.120907e-03	-1.984947e+00
5.420000e-06	-1.024682e-03	-1.985975e+00
5.430000e-06	-2.379880e-02	-1.997553e+00
5.440000e-06	3.309945e-03	-2.029555e+00
5.450000e-06	1.249132e-02	-2.082208e+00
5.460000e-06	-9.484356e-03	-2.152393e+00
5.470000e-06	-1.519203e-02	-2.156530e+00
5.480000e-06	-2.508726e-03	-2.258086e+00
5.490000e-06	5.843042e-03	-2.332366e+00
5.500000e-06	1.005660e-03	-2.392922e+00
5.510000e-06	-1.828892e-02	-2.374999e+00
5.520000e-06	-2.644958e-03	-2.387028e+00
5.530000e-06	1.049076e-02	-2.398005e+00
5.540000e-06	-2.785850e-03	-2.489183e+00
5.550000e-06	-1.754498e-02	-2.461683e+00
5.560000e-06	-5.147718e-03	-2.502820e+00
5.570000e-06	8.942264e-03	-2.554369e+00
5.580000e-06	-2.174056e-03	-2.606953e+00
5.590000e-06	-1.707818e-02	-2.618078e+00
5.600000e-06	-8.140447e-04	-2.659132e+00
5.610000e-06	5.308949e-03	-2.701243e+00
5.620000e-06	-1.908951e-03	-2.722295e+00
5.630000e-06	-1.305438e-02	-2.792424e+00
5.640000e-06	-4.923594e-03	-2.774975e+00
5.650000e-06	5.619295e-03	-2.797000e+00
5.660000e-06	-3.071998e-03	-2.807053e+00
5.670000e-06	-1.313530e-02	-2.828104e+00
5.680000e-06	-4.152450e-03	-2.829211e+00
5.690000e-06	2.532198e-03	-2.893313e+00
5.700000e-06	-2.225007e-03	-2.933919e+00
5.710000e-06	-9.191997e-03	-2.996958e+00
5.720000e-06	-4.933370e-03	-3.107182e+00
5.730000e-06	2.998477e-03	-3.090292e+00
5.740000e-06	-2.856147e-03	-3.152972e+00
5.750000e-06	-8.268256e-03	-3.144999e+00
5.760000e-06	-7.165918e-03	-3.204449e+00
5.770000e-06	9.077130e-04	-3.187025e+00
5.780000e-06	-2.841154e-03	-3.218529e+00
5.790000e-06	-8.212914e-03	-3.238184e+00
5.800000e-06	-6.248639e-03	-3.229608e+00
5.810000e-06	-5.245246e-06	-3.280686e+00
5.820000e-06	-1.863750e-03	-3.271267e+00
5.830000e-06	-7.103492e-03	-3.353892e+00
5.840000e-06	-7.031457e-03	-3.343322e+00
5.850000e-06	-8.079605e-04	-3.395050e+00
5.860000e-06	-2.377607e-03	-3.383476e+00
5.870000e-06	-7.655292e-03	-3.416657e+00
5.880000e-06	-6.627561e-03	-3.428161e+00
5.890000e-06	-2.597657e-03	-3.509186e+00
5.900000e-06	-1.483588e-03	-3.440236e+00
5.910000e-06	-7.374510e-03	-3.552267e+00
5.920000e-06	-4.515809e-03	-3.533324e+00
5.930000e-06	-1.710808e-03	-3.553899e+00
5.940000e-06	-3.116715e-03	-3.584451e+00
5.950000e-06	-7.120633e-03	-3.585000e+00
5.960000e-06	-6.221560e-03	-3.595478e+00
5.970000e-06	-3.847811e-03	-3.607026e+00
5.980000e-06	-3.234561e-03	-3.596028e+00
5.990000e-06	-7.320532e-03	-3.627058e+00
6.000000e-06	-5.119934e-03	-3.616604e+00
6.010000e-06	-3.658236e-03	-3.667132e+00
6.020000e-06	-2.493532e-03	-3.678192e+00
6.030000e-06	-6.016424e-03	-3.721922e+00
6.040000e-06	-5.422263e-03	-3.712844e+00
6.050000e-06	-3.927504e-03	-3.743458e+00
6.060000e-06	-3.844308e-03	-3.775075e+00
6.070000e-06	-6.161918e-03	-3.806187e+00
6.080000e-06	-6.117540e-03	-3.839708e+00
6.090000e-06	-3.840495e-03	-3.827788e+00
6.100000e-06	-2.697886e-03	-3.891289e+00
6.110000e-06	-5.098076e-03	-3.910843e+00
6.120000e-06	-4.817586e-03	-3.950820e+00
6.130000e-06	-3.626070e-03	-3.942942e+00
6.140000e-06	-2.783583e-03	-3.943470e+00
6.150000e-06	-4.137359e-03	-3.963474e+00
6.160000e-06	-5.922326e-03	-3.984474e+00
6.170000e-06	-5.143961e-03	-3.963974e+00
6.180000e-06	-4.527876e-03	-3.964475e+00
6.190000e-06	-4.983855e-03	-3.994475e+00
6.200000e-06	-5.301217e-03	-3.984500e+00
6.210000e-06	-4.311468e-03	-3.994025e+00
6.220000e-06	-2.996593e-03	-4.005076e+00
6.230000e-06	-4.190016e-03	-4.005078e+00
6.240000e-06	-5.565073e-03	-4.004001e+00
6.250000e-06	-4.675530e-03	-3.996550e+00
6.260000e-06	-4.699773e-03	-4.016575e+00
6.270000e-06	-5.564702e-03	-4.016083e+00
6.280000e-06	-5.684088e-03	-4.007053e+00
6.290000e-06	-5.085219e-03	-4.036633e+00
6.300000e-06	-3.738209e-03	-4.007580e+00
6.310000e-06	-4.608280e-03	-4.016078e+00
6.320000e-06	-4.570922e-03	-4.016580e+00
6.330000e-06	-4.599664e-03	-4.018030e+00
6.340000e-06	-4.061790e-03	-4.018180e+00
6.350000e-06	-5.437309e-03	-4.017005e+00
6.360000e-06	-5.737550e-03	-4.007580e+00
6.370000e-06	-5.723995e-03	-4.026081e+00
6.380000e-06	-4.209939e-03	-4.007583e+00
6.390000e-06	-6.002951e-03	-4.026133e+00
6.400000e-06	-5.453988e-03	-4.038007e+00
6.410000e-06	-4.817239e-03	-4.008156e+00
6.420000e-06	-3.073398e-03	-4.037054e+00
6.430000e-06	-4.410656e-03	-4.026604e+00
6.440000e-06	-3.979408e-03	-4.016605e+00
6.450000e-06	-5.156070e-03	-4.006181e+00
6.460000e-06	-5.032426e-03	-4.027078e+00
6.470000e-06	-7.322977e-03	-4.026654e+00
6.480000e-06	-6.660207e-03	-4.006079e+00
6.490000e-06	-5.146999e-03	-4.015553e+00
6.500000e-06	-4.462195e-03	-4.006028e+00
6.510000e-06	-4.358825e-03	-4.005503e+00
6.520000e-06	-3.797815e-03	-3.995526e+00
6.530000e-06	-3.962698e-03	-4.006001e+00
6.540000e-06	-4.456914e-03	-3.995526e+00
6.550000e-06	-7.124906e-03	-3.994475e+00
6.560000e-06	-6.784407e-03	-3.995000e+00
6.570000e-06	-5.366654e-03	-3.994974e+00
6.580000e-06	-4.663747e-03	-3.975000e+00
6.590000e-06	-4.991000e-03	-3.973972e+00
6.600000e-06	-5.508373e-03	-3.953475e+00
6.610000e-06	-3.972804e-03	-3.964971e+00
6.620000e-06	-3.875151e-03	-3.944396e+00
6.630000e-06	-4.306775e-03	-3.943395e+00
6.640000e-06	-6.109263e-03	-3.922787e+00
6.650000e-06	-5.832796e-03	-3.928317e+00
6.660000e-06	-5.257559e-03	-3.881837e+00
6.670000e-06	-5.075707e-03	-3.900684e+00
6.680000e-06	-6.091378e-03	-3.822083e+00
6.690000e-06	-5.080646e-03	-3.798023e+00
6.700000e-06	-4.048352e-03	-3.757972e+00
6.710000e-06	-4.066658e-03	-3.754948e+00
6.720000e-06	-5.421882e-03	-3.727070e+00
6.730000e-06	-6.140999e-03	-3.694667e+00
6.740000e-06	-4.171415e-03	-3.662162e+00
6.750000e-06	-5.174563e-03	-3.640708e+00
6.760000e-06	-5.402093e-03	-3.629654e+00
6.770000e-06	-4.994882e-03	-3.610030e+00
6.780000e-06	-3.940453e-03	-3.606549e+00
6.790000e-06	-3.436956e-03	-3.588001e+00
6.800000e-06	-5.769792e-03	-3.585475e+00
6.810000e-06	-5.900043e-03	-3.575971e+00
6.820000e-06	-5.082668e-03	-3.585446e+00
6.830000e-06	-4.406620e-03	-3.544921e+00
6.840000e-06	-4.483531e-03	-3.572391e+00
6.850000e-06	-5.178368e-03	-3.492789e+00
6.860000e-06	-3.782057e-03	-3.452282e+00
6.870000e-06	-3.329955e-03	-3.429734e+00
6.880000e-06	-4.332720e-03	-3.440154e+00
6.890000e-06	-6.794617e-03	-3.436126e+00
6.900000e-06	-6.009267e-03	-3.397979e+00
6.910000e-06	-4.393624e-03	-3.365000e+00
6.920000e-06	-3.570480e-03	-3.364416e+00
6.930000e-06	-4.576255e-03	-3.313790e+00
6.940000e-06	-3.553309e-03	-3.273789e+00
6.950000e-06	-3.292893e-03	-3.279263e+00
6.960000e-06	-3.829693e-03	-3.249679e+00
6.970000e-06	-6.742204e-03	-3.227605e+00
6.980000e-06	-6.524589e-03	-3.197500e+00
6.990000e-06	-5.062683e-03	-3.175475e+00
7.000000e-06	-4.303423e-03	-3.176447e+00
7.010000e-06	-5.563330e-03	-3.134916e+00
7.020000e-06	-3.952182e-03	-3.083813e+00
7.030000e-06	-3.002225e-03	-3.082179e+00
7.040000e-06	-4.046542e-03	-3.020678e+00
7.050000e-06	-5.051161e-03	-2.967046e+00
7.060000e-06	-3.946485e-03	-2.914916e+00
7.070000e-06	-4.953638e-03	-2.882787e+00
7.080000e-06	-4.717084e-03	-2.840157e+00
7.090000e-06	-5.290502e-03	-2.800102e+00
7.100000e-06	-4.746237e-03	-2.797525e+00
7.110000e-06	-4.348737e-03	-2.788050e+00
7.120000e-06	-4.200150e-03	-2.756997e+00
7.130000e-06	-4.811375e-03	-2.734870e+00
7.140000e-06	-3.836692e-03	-2.705291e+00
7.150000e-06	-5.057247e-03	-2.653259e+00
7.160000e-06	-4.917436e-03	-2.620154e+00
7.170000e-06	-5.536966e-03	-2.590001e+00
7.180000e-06	-4.680488e-03	-2.576999e+00
7.190000e-06	-5.313010e-03	-2.544996e+00
7.200000e-06	-4.202220e-03	-2.482890e+00
7.210000e-06	-5.094727e-03	-2.493209e+00
7.220000e-06	-3.991631e-03	-2.400080e+00
7.230000e-06	-3.517621e-03	-2.408027e+00
7.240000e-06	-4.741279e-03	-2.408999e+00
7.250000e-06	-4.221074e-03	-2.367470e+00
7.260000e-06	-4.901206e-03	-2.355942e+00
7.270000e-06	-4.979443e-03	-2.304832e+00
7.280000e-06	-5.261671e-03	-2.202154e+00
7.290000e-06	-5.086849e-03	-2.188477e+00
7.300000e-06	-4.983593e-03	-2.114890e+00
7.310000e-06	-4.450113e-03	-2.062761e+00
7.320000e-06	-4.668026e-03	-2.019630e+00
7.330000e-06	-3.592884e-03	-1.990075e+00
7.340000e-06	-4.174677e-03	-1.987447e+00
7.350000e-06	-3.858549e-03	-1.967444e+00
7.360000e-06	-4.676538e-03	-1.932767e+00
7.370000e-06	-3.774669e-03	-1.863311e+00
7.380000e-06	-5.202305e-03	-1.851632e+00
7.390000e-06	-4.540366e-03	-1.820578e+00
7.400000e-06	-5.699024e-03	-1.768498e+00
7.410000e-06	-4.568469e-03	-1.715972e+00
7.420000e-06	-3.743438e-03	-1.703813e+00
7.430000e-06	-3.250936e-03	-1.692687e+00
7.440000e-06	-4.614822e-03	-1.621253e+00
7.450000e-06	-3.807997e-03	-1.600527e+00
7.460000e-06	-2.845850e-03	-1.539025e+00
7.470000e-06	-3.925826e-03	-1.566295e+00
7.480000e-06	-5.622967e-03	-1.443761e+00
7.490000e-06	-5.672926e-03	-1.359106e+00
7.500000e-06	-4.270261e-03	-1.289374e+00
7.510000e-06	-3.527791e-03	-1.286231e+00
7.520000e-06	-4.897096e-03	-1.210678e+00
7.530000e-06	-2.805575e-03	-1.209001e+00
7.540000e-06	-2.321912e-03	-1.149395e+00
7.550000e-06	-1.937287e-03	-1.086843e+00
7.560000e-06	-4.700899e-03	-1.053761e+00
7.570000e-06	-4.033960e-03	-1.022176e+00
7.580000e-06	-4.602037e-03	-9.900488e-01
7.590000e-06	-5.195302e-03	-9.678684e-01
7.600000e-06	-5.649782e-03	-9.353906e-01
7.610000e-06	-3.566010e-03	-8.837591e-01
7.620000e-06	-2.598259e-03	-8.601052e-01
7.630000e-06	-2.298622e-03	-7.905502e-01
7.640000e-06	-4.551445e-03	-7.789975e-01
7.650000e-06	-2.597101e-03	-7.374647e-01
7.660000e-06	-3.318623e-03	-6.748092e-01
7.670000e-06	-4.007671e-03	-6.116030e-01
7.680000e-06	-5.927461e-03	-5.593437e-01
7.690000e-06	-5.335440e-03	-4.353155e-01
7.700000e-06	-4.016586e-03	-4.321553e-01
7.710000e-06	-3.950033e-03	-3.921512e-01
7.720000e-06	-3.551645e-03	-3.695501e-01
7.730000e-06	-3.167728e-03	-3.384687e-01
7.740000e-06	-8.269352e-04	-2.767397e-01
7.750000e-06	-4.280751e-03	-2.952090e-01
7.760000e-06	-3.706920e-03	-2.122052e-01
7.770000e-06	-5.628351e-03	-1.890262e-01
7.780000e-06	-4.002544e-03	-1.578686e-01
7.790000e-06	-5.173455e-03	-1.173133e-01
7.800000e-06	-1.958966e-03	-1.047328e-01
7.810000e-06	-1.590063e-03	-2.262895e-02
7.820000e-06	6.098281e-04	-1.204994e-02
7.830000e-06	-7.989616e-04	9.028697e-03
7.840000e-06	-3.022999e-03	5.258013e-02
7.850000e-06	-3.567769e-03	1.237394e-01
7.860000e-06	-3.538537e-03	1.483409e-01
7.870000e-06	2.455830e-03	2.300551e-01
7.880000e-06	7.760624e-03	3.536855e-01
7.890000e-06	1.223169e-02	3.753445e-01
7.900000e-06	-1.139094e-02	3.980025e-01
7.910000e-06	-4.091285e-02	4.090013e-01
7.920000e-06	-1.672942e-02	4.420301e-01
7.930000e-06	3.715398e-02	4.726318e-01
7.940000e-06	1.321319e-02	5.538434e-01
7.950000e-06	-3.921173e-02	5.768963e-01
7.960000e-06	-1.971655e-02	6.185052e-01
7.970000e-06	6.291225e-02	6.620830e-01
7.980000e-06	-8.385443e-03	7.126381e-01
7.990000e-06	-2.840156e-02	7.627411e-01
8.000000e-06	-1.686054e-02	7.543748e-01
8.010000e-06	1.463137e-02	7.890041e-01
8.020000e-06	-4.265702e-03	8.405265e-01
8.030000e-06	9.045465e-03	8.606842e-01
8.040000e-06	-5.075241e-03	9.458459e-01
8.050000e-06	-4.310881e-02	1.018881e+00
8.060000e-06	2.744753e-02	1.078058e+00
8.070000e-06	2.658004e-02	1.123891e+00
8.080000e-06	-3.258145e-02	1.174875e+00
8.090000e-06	-4.046528e-02	1.228481e+00
8.100000e-06	5.154375e-02	1.280610e+00
8.110000e-06	1.015450e-02	1.293742e+00
8.120000e-06	-3.352313e-02	1.376792e+00
8.130000e-06	-2.654880e-02	1.405970e+00
8.140000e-06	3.175762e-02	1.427055e+00
8.150000e-06	1.225868e-02	1.458210e+00
8.160000e-06	-2.347714e-02	1.542292e+00
8.170000e-06	-1.756201e-02	1.657981e+00
8.180000e-06	2.411643e-02	1.629562e+00
8.190000e-06	9.872615e-03	1.722731e+00
8.200000e-06	-3.019582e-02	1.745795e+00
8.210000e-06	-2.423756e-03	1.746372e+00
8.220000e-06	1.103786e-02	1.764548e+00
8.230000e-06	2.746769e-03	1.859533e+00
8.240000e-06	-8.778510e-03	1.888660e+00
8.250000e-06	-3.642106e-03	1.943247e+00
8.260000e-06	-2.609992e-03	1.954895e+00
8.270000e-06	9.717269e-03	1.984922e+00
8.280000e-06	-9.368570e-03	2.005979e+00
8.290000e-06	-1.018975e-02	2.017529e+00
8.300000e-06	3.389181e-03	2.058560e+00
8.310000e-06	7.264448e-03	2.131785e+00
8.320000e-06	-9.429402e-03	2.153716e+00
8.330000e-06	-7.229566e-03	2.154421e+00
8.340000e-06	2.111749e-03	2.186930e+00
8.350000e-06	5.419854e-03	2.247058e+00
8.360000e-06	-5.233017e-03	2.237635e+00
8.370000e-06	-6.225940e-03	2.311263e+00
8.380000e-06	4.077152e-04	2.344794e+00
8.390000e-06	6.039545e-03	2.386397e+00
8.400000e-06	-8.591948e-03	2.405925e+00
8.410000e-06	-8.625530e-03	2.407030e+00
8.420000e-06	1.916276e-03	2.439108e+00
8.430000e-06	5.222307e-03	2.502566e+00
8.440000e-06	-6.721888e-03	2.541319e+00
8.450000e-06	-6.476148e-03	2.607401e+00
8.460000e-06	2.737229e-03	2.629131e+00
8.470000e-06	2.991158e-03	2.660666e+00
8.480000e-06	-4.772216e-03	2.751816e+00
8.490000e-06	-8.516467e-03	2.763325e+00
8.500000e-06	2.184442e-03	2.765876e+00
8.510000e-06	4.706806e-04	2.816476e+00
8.520000e-06	-3.960888e-03	2.807054e+00
8.530000e-06	-8.050713e-03	2.828079e+00
8.540000e-06	1.888968e-03	2.890083e+00
8.550000e-06	2.541923e-03	2.902267e+00
8.560000e-06	-1.165129e-03	2.962820e+00
8.570000e-06	-5.430927e-03	2.974922e+00
8.580000e-06	-6.073258e-04	3.006475e+00
8.590000e-06	9.764041e-04	2.996529e+00
8.600000e-06	-4.869363e-03	3.018031e+00
8.610000e-06	-7.394827e-03	3.098683e+00
8.620000e-06	-1.695428e-03	3.110713e+00
8.630000e-06	3.207248e-03	3.142192e+00
8.640000e-06	-2.138096e-04	3.153421e+00
8.650000e-06	-3.773780e-03	3.164472e+00
8.660000e-06	-7.965842e-04	3.185400e+00
8.670000e-06	9.404615e-04	3.194976e+00
8.680000e-06	-2.901139e-03	3.206479e+00
8.690000e-06	-5.079258e-03	3.247054e+00
8.700000e-06	-2.746487e-03	3.248132e+00
8.710000e-06	1.323278e-03	3.307633e+00
8.720000e-06	-1.976386e-04	3.339344e+00
8.730000e-06	-3.120916e-03	3.353966e+00
8.740000e-06	-1.057722e-03	3.385978e+00
8.750000e-06	1.610572e-03	3.397983e+00
8.760000e-06	-3.416517e-04	3.519132e+00
8.770000e-06	-4.237056e-03	3.499692e+00
8.780000e-06	-2.501607e-03	3.531192e+00
8.790000e-06	8.249653e-04	3.573370e+00
8.800000e-06	-1.630980e-03	3.573899e+00
8.810000e-06	-3.213430e-03	3.594925e+00
8.820000e-06	-1.950848e-03	3.595500e+00
8.830000e-06	2.097883e-03	3.596501e+00
8.840000e-06	-1.179637e-03	3.596028e+00
8.850000e-06	-2.166739e-03	3.607026e+00
8.860000e-06	-2.252781e-03	3.617083e+00
8.870000e-06	9.305146e-04	3.658559e+00
8.880000e-06	-1.357233e-03	3.667158e+00
8.890000e-06	-2.826904e-03	3.690187e+00
8.900000e-06	-1.472193e-03	3.672714e+00
8.910000e-06	8.780212e-04	3.710768e+00
8.920000e-06	-7.043982e-04	3.743345e+00
8.930000e-06	-2.254469e-03	3.763397e+00
8.940000e-06	-1.765980e-03	3.774371e+00
8.950000e-06	1.863258e-04	3.784874e+00
8.960000e-06	-4.850070e-05	3.793499e+00
8.970000e-06	-1.693901e-03	3.804500e+00
8.980000e-06	-8.921260e-04	3.804978e+00
8.990000e-06	2.299813e-04	3.806005e+00
9.000000e-06	-3.893511e-04	3.807054e+00
9.010000e-06	-3.073306e-03	3.845059e+00
9.020000e-06	-1.454309e-03	3.848109e+00
9.030000e-06	-9.832065e-04	3.858107e+00
9.040000e-06	-3.663758e-04	3.890185e+00
9.050000e-06	-1.853134e-03	3.847637e+00
9.060000e-06	-1.334254e-03	3.881114e+00
9.070000e-06	-5.989772e-05	3.849189e+00
9.080000e-06	-6.846483e-05	3.912238e+00
9.090000e-06	-1.747749e-03	3.882237e+00
9.100000e-06	-2.722825e-03	3.892716e+00
9.110000e-06	-1.172702e-03	3.902213e+00
9.120000e-06	-1.013120e-03	3.952318e+00
9.130000e-06	-2.434849e-03	3.921268e+00
9.140000e-06	-1.739389e-03	3.923398e+00
9.150000e-06	-4.875976e-04	3.943390e+00
9.160000e-06	-3.295457e-04	3.933939e+00
9.170000e-06	-5.797439e-04	3.953268e+00
9.180000e-06	-2.579833e-03	3.952870e+00
9.190000e-06	-2.116625e-03	3.922846e+00
9.200000e-06	-2.065385e-03	3.933392e+00
9.210000e-06	-1.566151e-03	3.961373e+00
9.220000e-06	-2.388366e-03	3.952321e+00
9.230000e-06	-8.897472e-04	3.913418e+00
9.240000e-06	-1.608397e-03	3.982396e+00
9.250000e-06	-6.732391e-04	3.944868e+00
9.260000e-06	-7.153904e-04	3.951292e+00
9.270000e-06	-1.019540e-03	3.943394e+00
9.280000e-06	-1.090564e-03	3.912897e+00
9.290000e-06	-8.561109e-04	3.903265e+00
9.300000e-06	-2.909022e-03	3.952316e+00
9.310000e-06	-2.489712e-03	3.882767e+00
9.320000e-06	-1.575407e-03	3.911340e+00
9.330000e-06	-8.276159e-04	3.901736e+00
9.340000e-06	-7.834419e-04	3.900288e+00
9.350000e-06	-8.630913e-04	3.900740e+00
9.360000e-06	-3.239305e-04	3.931189e+00
9.370000e-06	-8.773060e-04	3.899741e+00
9.380000e-06	-1.346457e-03	3.871242e+00
9.390000e-06	-1.710265e-03	3.849209e+00
9.400000e-06	-6.629174e-04	3.879140e+00
9.410000e-06	-1.128140e-03	3.838156e+00
9.420000e-06	-2.105683e-03	3.837555e+00
9.430000e-06	-9.980356e-04	3.827130e+00
9.440000e-06	-2.115997e-03	3.786002e+00
9.450000e-06	-7.168913e-04	3.818028e+00
9.460000e-06	-7.138347e-04	3.805527e+00
9.470000e-06	-5.408104e-04	3.795046e+00
9.480000e-06	-1.208284e-03	3.795527e+00
9.490000e-06	-2.044754e-03	3.805925e+00
9.500000e-06	-1.285725e-03	3.754399e+00
9.510000e-06	-1.690879e-03	3.732847e+00
9.520000e-06	-1.967190e-03	3.743794e+00
9.530000e-06	-1.297832e-03	3.722369e+00
9.540000e-06	-1.099515e-03	3.693289e+00
9.550000e-06	-5.084441e-04	3.668636e+00
9.560000e-06	-1.147131e-03	3.671063e+00
9.570000e-06	-6.802367e-04	3.659132e+00
9.580000e-06	-9.466651e-04	3.628604e+00
9.590000e-06	-1.456549e-03	3.626555e+00
9.600000e-06	-1.493467e-03	3.586030e+00
9.610000e-06	-1.215003e-03	3.616502e+00
9.620000e-06	-1.715544e-03	3.605524e+00
9.630000e-06	-1.081772e-03	3.576974e+00
9.640000e-06	-1.260551e-03	3.566000e+00
9.650000e-06	-1.268863e-03	3.565349e+00
9.660000e-06	-1.246965e-03	3.562424e+00
9.670000e-06	-3.965502e-04	3.534367e+00
9.680000e-06	-1.463655e-03	3.512687e+00
9.690000e-06	-1.546515e-03	3.469183e+00
9.700000e-06	-1.828525e-03	3.427954e+00
9.710000e-06	-1.881395e-03	3.357005e+00
9.720000e-06	-2.031008e-03	3.376319e+00
9.730000e-06	-2.037902e-03	3.314196e+00
9.740000e-06	-2.051825e-03	3.262732e+00
9.750000e-06	-1.092152e-03	3.259584e+00
9.760000e-06	-1.571345e-03	3.209076e+00
9.770000e-06	-1.775061e-03	3.218004e+00
9.780000e-06	-8.849492e-04	3.168001e+00
9.790000e-06	-8.984612e-04	3.195975e+00
9.800000e-06	-2.943106e-03	3.185446e+00
9.810000e-06	-3.939806e-03	3.144347e+00
9.820000e-06	-2.734002e-03	3.101345e+00
9.830000e-06	-1.319727e-03	3.082689e+00
9.840000e-06	-2.045690e-03	3.059680e+00
9.850000e-06	-2.800108e-03	3.030104e+00
9.860000e-06	-1.314306e-03	3.027550e+00
9.870000e-06	-6.660802e-05	3.006996e+00
9.880000e-06	-1.472044e-03	2.945949e+00
9.890000e-06	-3.612669e-03	2.892396e+00
9.900000e-06	-2.366544e-03	2.890914e+00
9.910000e-06	-1.139524e-03	2.830762e+00
9.920000e-06	-3.026822e-03	2.818654e+00
9.930000e-06	-2.725147e-03	2.819079e+00
9.940000e-06	-2.559161e-03	2.797029e+00
9.950000e-06	-7.901172e-04	2.807949e+00
9.960000e-06	-2.675780e-03	2.776467e+00
9.970000e-06	-2.126199e-03	2.744894e+00
9.980000e-06	-1.503009e-03	2.702793e+00
9.990000e-06	-1.563624e-03	2.613236e+00
1.000000e-05	-1.495774e-03	2.569980e+00
1.001000e-05	-2.879457e-03	2.525792e+00
1.002000e-05	-2.771769e-03	2.461836e+00
1.003000e-05	-1.638298e-03	2.440229e+00
1.004000e-05	-2.220666e-03	2.430078e+00
1.005000e-05	-1.946640e-03	2.378499e+00
1.006000e-05	-2.413322e-03	2.366374e+00
1.007000e-05	-8.986232e-04	2.334799e+00
1.008000e-05	-2.560899e-03	2.282744e+00
1.009000e-05	-1.831397e-03	2.261714e+00
1.010000e-05	-2.708870e-03	2.250600e+00
1.011000e-05	-2.586459e-03	2.197528e+00
1.012000e-05	-3.208707e-03	2.188448e+00
1.013000e-05	-2.204964e-03	2.156843e+00
1.014000e-05	-2.982632e-03	2.093236e+00
1.015000e-05	-1.445186e-03	2.060734e+00
1.016000e-05	-3.241947e-03	2.000581e+00
1.017000e-05	-1.162392e-03	1.987603e+00
1.018000e-05	-1.631621e-03	1.986976e+00
1.019000e-05	-1.553702e-03	1.975397e+00
1.020000e-05	-3.045366e-03	1.923396e+00
1.021000e-05	-2.713893e-03	1.873312e+00
1.022000e-05	-2.799155e-03	1.799981e+00
1.023000e-05	-3.142508e-03	1.827896e+00
1.024000e-05	-3.119961e-03	1.714945e+00
1.025000e-05	-1.755234e-03	1.735333e+00
1.026000e-05	-1.242469e-03	1.672143e+00
1.027000e-05	-1.670489e-03	1.661680e+00
1.028000e-05	-2.977847e-03	1.550000e+00
1.029000e-05	-1.882332e-03	1.555902e+00
1.030000e-05	-2.738561e-03	1.523214e+00
1.031000e-05	-3.675409e-03	1.443128e+00
1.032000e-05	-3.507320e-03	1.399530e+00
1.033000e-05	-1.251294e-03	1.377847e+00
1.034000e-05	-2.513887e-03	1.326392e+00
1.035000e-05	-3.011486e-03	1.304212e+00
1.036000e-05	-3.246532e-03	1.221657e+00
1.037000e-05	-2.092631e-03	1.200030e+00
1.038000e-05	-2.505487e-03	1.157900e+00
1.039000e-05	-3.298486e-03	1.125891e+00
1.040000e-05	-3.071415e-03	1.073537e+00
1.041000e-05	-2.797356e-03	9.895188e-01
1.042000e-05	-4.362478e-03	9.073184e-01
1.043000e-05	-4.992412e-03	8.543140e-01
1.044000e-05	-3.568844e-03	8.105526e-01
1.045000e-05	-1.619338e-03	8.004749e-01
1.046000e-05	-2.603226e-03	7.879736e-01
1.047000e-05	-3.094861e-03	7.053435e-01
1.048000e-05	-2.917600e-03	6.647882e-01
1.049000e-05	-4.028820e-03	6.220553e-01
1.050000e-05	-3.608535e-03	5.910727e-01
1.051000e-05	-4.337869e-03	5.684234e-01
1.052000e-05	-3.202419e-03	5.268406e-01
1.053000e-05	-2.626318e-03	4.522092e-01
1.054000e-05	-3.760206e-03	4.515578e-01
1.055000e-05	-3.650839e-03	4.010501e-01
1.056000e-05	-3.530345e-03	3.679748e-01
1.057000e-05	-2.874396e-03	3.783935e-01
1.058000e-05	-3.464418e-03	2.762883e-01
1.059000e-05	-3.629600e-03	2.611828e-01
1.060000e-05	-2.673792e-03	1.604212e-01
1.061000e-05	-3.418257e-03	6.630684e-02
1.062000e-05	-4.369216e-03	5.360533e-02
1.063000e-05	-5.207339e-03	2.357750e-02
1.064000e-05	-2.494032e-03	-9.548823e-03
1.065000e-05	-3.214818e-03	-3.105521e-02
1.066000e-05	-1.991868e-03	-8.373540e-02
1.067000e-05	-1.176985e-03	-1.353133e-01
1.068000e-05	4.051562e-04	-1.274461e-01
1.069000e-05	-1.570909e-03	-1.984726e-01
1.070000e-05	-2.752487e-03	-2.521065e-01
1.071000e-05	6.139197e-04	-3.027119e-01
1.072000e-05	1.048988e-02	-3.338406e-01
1.073000e-05	1.522879e-02	-3.658736e-01
1.074000e-05	-3.609199e-03	-4.300038e-01
1.075000e-05	-5.097164e-02	-4.205066e-01
1.076000e-05	-2.093708e-02	-4.746076e-01
1.077000e-05	3.973257e-02	-4.426617e-01
1.078000e-05	1.677535e-02	-5.168858e-01
1.079000e-05	-2.908822e-02	-6.211313e-01
1.080000e-05	-1.203380e-02	-7.127620e-01
1.081000e-05	6.706886e-02	-7.232960e-01
1.082000e-05	-1.564793e-02	-7.769736e-01
1.083000e-05	-3.683184e-02	-8.184764e-01
1.084000e-05	-8.410960e-03	-8.201066e-01
1.085000e-05	1.550457e-02	-8.601842e-01
1.086000e-05	-1.326807e-02	-9.057909e-01
1.087000e-05	1.022794e-02	-1.006449e+00
1.088000e-05	6.436259e-03	-1.007500e+00
1.089000e-05	-5.887809e-02	-1.038530e+00
1.090000e-05	2.322488e-02	-1.122663e+00
1.091000e-05	3.769982e-02	-1.154895e+00
1.092000e-05	-3.464299e-02	-1.187450e+00
1.093000e-05	-4.743617e-02	-1.218978e+00
1.094000e-05	6.596857e-02	-1.250182e+00
1.095000e-05	2.914195e-03	-1.363871e+00
1.096000e-05	-5.024716e-02	-1.425000e+00
1.097000e-05	-1.633550e-02	-1.459708e+00
1.098000e-05	3.830422e-02	-1.542313e+00
1.099000e-05	2.957154e-03	-1.606474e+00
1.100000e-05	-2.806459e-02	-1.576501e+00
1.101000e-05	-1.988722e-02	-1.629055e+00
1.102000e-05	3.071187e-02	-1.640158e+00
1.103000e-05	1.804093e-02	-1.714265e+00
1.104000e-05	-5.318793e-02	-1.713417e+00
1.105000e-05	-3.908161e-03	-1.784374e+00
1.106000e-05	3.125174e-02	-1.836578e+00
1.107000e-05	-7.513190e-03	-1.829606e+00
1.108000e-05	-2.495453e-02	-1.891262e+00
1.109000e-05	4.783007e-03	-1.952315e+00
1.110000e-05	1.611682e-03	-1.964800e+00
1.111000e-05	6.486769e-03	-2.006974e+00
1.112000e-05	-1.959660e-02	-2.004978e+00
1.113000e-05	-1.356619e-02	-2.028026e+00
1.114000e-05	1.299784e-02	-2.038735e+00
1.115000e-05	1.657395e-03	-2.122763e+00
1.116000e-05	-1.819047e-02	-2.135368e+00
1.117000e-05	-7.738727e-03	-2.286529e+00
1.118000e-05	3.351730e-03	-2.309163e+00
1.119000e-05	6.314113e-03	-2.303397e+00
1.120000e-05	-1.395472e-02	-2.395474e+00
1.121000e-05	-1.347103e-02	-2.416950e+00
1.122000e-05	6.237138e-03	-2.436604e+00
1.123000e-05	4.792532e-03	-2.459129e+00
1.124000e-05	-1.494629e-02	-2.440712e+00
1.125000e-05	-1.210769e-02	-2.521788e+00
1.126000e-05	4.902677e-03	-2.544424e+00
1.127000e-05	6.648606e-03	-2.574500e+00
1.128000e-05	-1.511594e-02	-2.627501e+00
1.129000e-05	-1.028876e-02	-2.646678e+00
1.130000e-05	5.758773e-03	-2.700812e+00
1.131000e-05	1.463777e-03	-2.713313e+00
1.132000e-05	-1.026518e-02	-2.734921e+00
1.133000e-05	-1.172008e-02	-2.774522e+00
1.134000e-05	3.177502e-03	-2.795476e+00
1.135000e-05	2.924569e-03	-2.807551e+00
1.136000e-05	-1.120028e-02	-2.827553e+00
1.137000e-05	-9.742512e-03	-2.829658e+00
1.138000e-05	2.926095e-03	-2.890758e+00
1.139000e-05	1.653959e-03	-2.981901e+00
1.140000e-05	-7.709180e-03	-2.986999e+00
1.141000e-05	-1.129292e-02	-3.067630e+00
1.142000e-05	1.340121e-03	-3.111288e+00
1.143000e-05	3.063766e-04	-3.161268e+00
1.144000e-05	-8.407274e-03	-3.144474e+00
1.145000e-05	-8.931792e-03	-3.184974e+00
1.146000e-05	-2.045611e-03	-3.196024e+00
1.147000e-05	2.014055e-03	-3.196077e+00
1.148000e-05	-7.526532e-03	-3.219005e+00
1.149000e-05	-8.719259e-03	-3.279685e+00
1.150000e-05	-1.473959e-03	-3.269259e+00
1.151000e-05	2.593421e-04	-3.320320e+00
1.152000e-05	-6.771727e-03	-3.362367e+00
1.153000e-05	-9.088812e-03	-3.343394e+00
1.154000e-05	-3.250027e-03	-3.374925e+00
1.155000e-05	2.313068e-04	-3.415051e+00
1.156000e-05	-6.432640e-03	-3.417028e+00
1.157000e-05	-8.029469e-03	-3.448554e+00
1.158000e-05	-2.671821e-03	-3.469084e+00
1.159000e-05	-2.706221e-05	-3.499736e+00
1.160000e-05	-5.126770e-03	-3.512292e+00
1.161000e-05	-8.780492e-03	-3.553845e+00
1.162000e-05	-3.251605e-03	-3.533396e+00
1.163000e-05	-1.609376e-03	-3.583999e+00
1.164000e-05	-5.945777e-03	-3.595473e+00
1.165000e-05	-7.537761e-03	-3.584998e+00
1.166000e-05	-3.561335e-03	-3.595450e+00
1.167000e-05	-1.147125e-03	-3.616551e+00
1.168000e-05	-4.856975e-03	-3.626529e+00
1.169000e-05	-6.963967e-03	-3.607153e+00
1.170000e-05	-3.527827e-03	-3.659180e+00
1.171000e-05	-2.787163e-03	-3.660332e+00
1.172000e-05	-5.157232e-03	-3.720238e+00
1.173000e-05	-7.618725e-03	-3.724293e+00
1.174000e-05	-4.527421e-03	-3.734374e+00
1.175000e-05	-3.096118e-03	-3.774898e+00
1.176000e-05	-5.850919e-03	-3.807706e+00
1.177000e-05	-6.321807e-03	-3.828126e+00
1.178000e-05	-4.917503e-03	-3.858660e+00
1.179000e-05	-2.387444e-03	-3.889162e+00
1.180000e-05	-3.913897e-03	-3.921867e+00
1.181000e-05	-6.218671e-03	-3.932344e+00
1.182000e-05	-5.344581e-03	-3.932445e+00
1.183000e-05	-4.732173e-03	-3.964395e+00
1.184000e-05	-5.651128e-03	-3.944397e+00
1.185000e-05	-7.001351e-03	-3.983474e+00
1.186000e-05	-5.684375e-03	-3.984974e+00
1.187000e-05	-3.840157e-03	-3.974476e+00
1.188000e-05	-4.108948e-03	-3.994475e+00
1.189000e-05	-4.608158e-03	-3.994550e+00
1.190000e-05	-4.710328e-03	-3.984000e+00
1.191000e-05	-3.773115e-03	-3.976000e+00
1.192000e-05	-5.942582e-03	-4.015024e+00
1.193000e-05	-5.730129e-03	-4.006001e+00
1.194000e-05	-6.048280e-03	-3.986554e+00
1.195000e-05	-4.472716e-03	-4.026100e+00
1.196000e-05	-4.766904e-03	-4.015502e+00
1.197000e-05	-4.444405e-03	-4.026601e+00
1.198000e-05	-3.753287e-03	-4.017105e+00
1.199000e-05	-3.739583e-03	-4.026180e+00
1.200000e-05	-4.772950e-03	-4.017579e+00
1.201000e-05	-4.936435e-03	-4.016658e+00
1.202000e-05	-5.280377e-03	-4.015530e+00
1.203000e-05	-4.936209e-03	-4.048559e+00
1.204000e-05	-3.933544e-03	-4.055630e+00
1.205000e-05	-5.497928e-03	-4.045629e+00
1.206000e-05	-4.931445e-03	-4.007130e+00
1.207000e-05	-4.773151e-03	-4.017128e+00
1.208000e-05	-4.248103e-03	-4.018133e+00
1.209000e-05	-4.043615e-03	-4.026574e+00
1.210000e-05	-4.678800e-03	-4.078132e+00
1.211000e-05	-4.099507e-03	-4.038055e+00
1.212000e-05	-5.571709e-03	-4.027577e+00
1.213000e-05	-5.294200e-03	-4.035585e+00
1.214000e-05	-4.826482e-03	-3.998026e+00
1.215000e-05	-4.855404e-03	-4.006555e+00
1.216000e-05	-4.858517e-03	-4.016053e+00
1.217000e-05	-6.075196e-03	-4.005176e+00
1.218000e-05	-4.313223e-03	-3.996554e+00
1.219000e-05	-4.226094e-03	-3.985028e+00
1.220000e-05	-4.184569e-03	-4.015053e+00
1.221000e-05	-4.973261e-03	-4.005001e+00
1.222000e-05	-3.661032e-03	-3.996025e+00
1.223000e-05	-4.082543e-03	-3.995501e+00
1.224000e-05	-6.188612e-03	-3.995000e+00
1.225000e-05	-6.887556e-03	-4.005500e+00
1.226000e-05	-5.225201e-03	-3.996000e+00
1.227000e-05	-4.103656e-03	-3.995000e+00
1.228000e-05	-3.883891e-03	-3.983475e+00
1.229000e-05	-4.469939e-03	-3.945024e+00
1.230000e-05	-3.300837e-03	-3.953995e+00
1.231000e-05	-3.683998e-03	-3.953869e+00
1.232000e-05	-5.571338e-03	-3.932395e+00
1.233000e-05	-7.204116e-03	-3.942396e+00
1.234000e-05	-5.387510e-03	-3.923763e+00
1.235000e-05	-4.901639e-03	-3.879862e+00
1.236000e-05	-5.282647e-03	-3.879707e+00
1.237000e-05	-5.267096e-03	-3.870639e+00
1.238000e-05	-4.482287e-03	-3.851650e+00
1.239000e-05	-3.960881e-03	-3.745530e+00
1.240000e-05	-4.461229e-03	-3.716550e+00
1.241000e-05	-5.721489e-03	-3.715043e+00
1.242000e-05	-5.488944e-03	-3.704266e+00
1.243000e-05	-4.950759e-03	-3.710165e+00
1.244000e-05	-4.994153e-03	-3.700137e+00
1.245000e-05	-5.916178e-03	-3.639654e+00
1.246000e-05	-5.359642e-03	-3.627656e+00
1.247000e-05	-4.185615e-03	-3.597054e+00
1.248000e-05	-3.958628e-03	-3.606051e+00
1.249000e-05	-5.094606e-03	-3.607500e+00
1.250000e-05	-5.152027e-03	-3.555999e+00
1.251000e-05	-4.907237e-03	-3.565396e+00
1.252000e-05	-5.118135e-03	-3.553971e+00
1.253000e-05	-5.664205e-03	-3.554867e+00
1.254000e-05	-5.865982e-03	-3.503869e+00
1.255000e-05	-4.561427e-03	-3.522292e+00
1.256000e-05	-4.353793e-03	-3.431259e+00
1.257000e-05	-4.957248e-03	-3.440582e+00
1.258000e-05	-4.944999e-03	-3.399053e+00
1.259000e-05	-4.077441e-03	-3.387600e+00
1.260000e-05	-4.470393e-03	-3.376000e+00
1.261000e-05	-3.294363e-03	-3.374923e+00
1.262000e-05	-6.081679e-03	-3.343940e+00
1.263000e-05	-4.746010e-03	-3.254245e+00
1.264000e-05	-4.456596e-03	-3.240741e+00
1.265000e-05	-4.351516e-03	-3.220158e+00
1.266000e-05	-5.263325e-03	-3.208082e+00
1.267000e-05	-4.123952e-03	-3.207576e+00
1.268000e-05	-4.423482e-03	-3.176004e+00
1.269000e-05	-4.178944e-03	-3.165975e+00
1.270000e-05	-4.691052e-03	-3.185922e+00
1.271000e-05	-4.661222e-03	-3.114891e+00
1.272000e-05	-4.145800e-03	-3.091884e+00
1.273000e-05	-3.842464e-03	-3.010758e+00
1.274000e-05	-5.753662e-03	-2.999104e+00
1.275000e-05	-5.114379e-03	-2.936443e+00
1.276000e-05	-3.962808e-03	-2.912316e+00
1.277000e-05	-4.210672e-03	-2.872740e+00
1.278000e-05	-4.348443e-03	-2.819632e+00
1.279000e-05	-4.669336e-03	-2.819102e+00
1.280000e-05	-3.586017e-03	-2.777025e+00
1.281000e-05	-4.081099e-03	-2.757525e+00
1.282000e-05	-4.707812e-03	-2.764471e+00
1.283000e-05	-5.310714e-03	-2.711767e+00
1.284000e-05	-4.401746e-03	-2.704263e+00
1.285000e-05	-4.006793e-03	-2.653257e+00
1.286000e-05	-5.318955e-03	-2.620130e+00
1.287000e-05	-4.396927e-03	-2.588479e+00
1.288000e-05	-4.098609e-03	-2.576495e+00
1.289000e-05	-3.446041e-03	-2.503841e+00
1.290000e-05	-3.624948e-03	-2.481737e+00
1.291000e-05	-4.147927e-03	-2.451235e+00
1.292000e-05	-4.620417e-03	-2.418647e+00
1.293000e-05	-4.613517e-03	-2.408500e+00
1.294000e-05	-4.789432e-03	-2.366998e+00
1.295000e-05	-5.532934e-03	-2.354975e+00
1.296000e-05	-4.979054e-03	-2.324890e+00
1.297000e-05	-4.173152e-03	-2.262752e+00
1.298000e-05	-3.807608e-03	-2.209583e+00
1.299000e-05	-4.025103e-03	-2.088018e+00
1.300000e-05	-4.540282e-03	-2.105389e+00
1.301000e-05	-3.881186e-03	-2.022158e+00
1.302000e-05	-4.175705e-03	-2.009504e+00
1.303000e-05	-5.223943e-03	-1.998051e+00
1.304000e-05	-5.068412e-03	-1.977500e+00
1.305000e-05	-4.568151e-03	-1.953967e+00
1.306000e-05	-3.694190e-03	-1.905341e+00
1.307000e-05	-5.191987e-03	-1.812282e+00
1.308000e-05	-4.568789e-03	-1.810079e+00
1.309000e-05	-4.787792e-03	-1.798551e+00
1.310000e-05	-3.186868e-03	-1.757496e+00
1.311000e-05	-4.532099e-03	-1.726863e+00
1.312000e-05	-4.466973e-03	-1.703787e+00
1.313000e-05	-5.104649e-03	-1.641629e+00
1.314000e-05	-4.179340e-03	-1.599051e+00
1.315000e-05	-4.952736e-03	-1.578002e+00
1.316000e-05	-4.783956e-03	-1.546021e+00
1.317000e-05	-5.236300e-03	-1.495738e+00
1.318000e-05	-4.274290e-03	-1.453757e+00
1.319000e-05	-4.496967e-03	-1.350436e+00
1.320000e-05	-3.896330e-03	-1.335261e+00
1.321000e-05	-4.595549e-03	-1.254754e+00
1.322000e-05	-4.368174e-03	-1.211604e+00
1.323000e-05	-4.273649e-03	-1.161000e+00
1.324000e-05	-4.559723e-03	-1.126967e+00
1.325000e-05	-4.876463e-03	-1.093737e+00
1.326000e-05	-4.202665e-03	-1.041704e+00
1.327000e-05	-3.936121e-03	-1.021603e+00
1.328000e-05	-4.252828e-03	-9.899724e-01
1.329000e-05	-4.169431e-03	-9.162659e-01
1.330000e-05	-4.448011e-03	-8.662842e-01
1.331000e-05	-3.146883e-03	-8.625328e-01
1.332000e-05	-4.588824e-03	-8.215764e-01
1.333000e-05	-4.250401e-03	-7.784988e-01
1.334000e-05	-4.442900e-03	-7.773973e-01
1.335000e-05	-3.435566e-03	-7.053407e-01
1.336000e-05	-4.060598e-03	-6.447840e-01
1.337000e-05	-4.303776e-03	-5.895012e-01
1.338000e-05	-3.996682e-03	-5.284433e-01
1.339000e-05	-2.846729e-03	-4.337804e-01
1.340000e-05	-3.522220e-03	-4.036276e-01
1.341000e-05	-4.007368e-03	-3.805513e-01
1.342000e-05	-3.676873e-03	-3.689449e-01
1.343000e-05	-3.212164e-03	-3.068408e-01
1.344000e-05	-3.728800e-03	-2.647868e-01
1.345000e-05	-4.493351e-03	-2.231803e-01
1.346000e-05	-4.406866e-03	-2.115764e-01
1.347000e-05	-3.546849e-03	-1.595261e-01
1.348000e-05	-3.084763e-03	-1.679409e-01
1.349000e-05	-2.706221e-03	-6.370928e-02
1.350000e-05	-2.884273e-03	-2.370507e-02
1.351000e-05	-1.529143e-03	-1.162513e-02
1.352000e-05	-8.897420e-04	1.797750e-02
1.353000e-05	-1.824358e-03	6.112901e-02
1.354000e-05	-3.239712e-03	9.210553e-02
1.355000e-05	-2.724440e-03	1.343683e-01
1.356000e-05	-4.097397e-04	2.184264e-01
1.357000e-05	5.712360e-03	2.800315e-01
1.358000e-05	1.411764e-02	3.427396e-01
1.359000e-05	7.237307e-03	3.868974e-01
1.360000e-05	-2.196587e-02	3.969525e-01
1.361000e-05	-4.471800e-02	4.284776e-01
1.362000e-05	1.795273e-02	4.795567e-01
1.363000e-05	2.889852e-02	5.132407e-01
1.364000e-05	-1.104182e-02	5.758698e-01
1.365000e-05	-4.117165e-02	5.773999e-01
1.366000e-05	2.901402e-02	6.190028e-01
1.367000e-05	4.355257e-02	7.111117e-01
1.368000e-05	-3.619411e-02	7.557934e-01
1.369000e-05	-2.262185e-02	7.353707e-01
1.370000e-05	1.552333e-03	8.084488e-01
1.371000e-05	1.388633e-02	8.180513e-01
1.372000e-05	-4.677417e-03	8.790817e-01
1.373000e-05	2.082145e-02	9.043367e-01
1.374000e-05	-4.430120e-02	1.025749e+00
1.375000e-05	-5.828835e-03	1.029582e+00
1.376000e-05	3.119028e-02	1.131663e+00
1.377000e-05	5.929877e-03	1.186366e+00
1.378000e-05	-5.716497e-02	1.214949e+00
1.379000e-05	1.288130e-02	1.228104e+00
1.380000e-05	4.819613e-02	1.251608e+00
1.381000e-05	-1.864201e-02	1.364292e+00
1.382000e-05	-3.659268e-02	1.353896e+00
1.383000e-05	1.945628e-03	1.397504e+00
1.384000e-05	3.304679e-02	1.488505e+00
1.385000e-05	-1.366723e-02	1.503891e+00
1.386000e-05	-2.354583e-02	1.632956e+00
1.387000e-05	-1.441881e-03	1.689584e+00
1.388000e-05	3.064551e-02	1.640710e+00
1.389000e-05	-1.996793e-02	1.713241e+00
1.390000e-05	-1.733312e-02	1.763373e+00
1.391000e-05	5.493104e-03	1.786898e+00
1.392000e-05	1.024943e-02	1.785602e+00
1.393000e-05	-6.340313e-03	1.828586e+00
1.394000e-05	-5.597537e-03	1.910715e+00
1.395000e-05	-5.588805e-03	1.963316e+00
1.396000e-05	4.862450e-03	1.985372e+00
1.397000e-05	3.323183e-03	1.996426e+00
1.398000e-05	-1.386487e-02	2.017501e+00
1.399000e-05	-2.793800e-03	2.067553e+00
1.400000e-05	9.237692e-03	2.048110e+00
1.401000e-05	1.969057e-04	2.132316e+00
1.402000e-05	-1.135892e-02	2.153821e+00
1.403000e-05	-1.950041e-03	2.204925e+00
1.404000e-05	3.938817e-03	2.235975e+00
1.405000e-05	5.086061e-04	2.269083e+00
1.406000e-05	-8.358790e-03	2.309637e+00
1.407000e-05	-4.749398e-03	2.291295e+00
1.408000e-05	6.469956e-03	2.363871e+00
1.409000e-05	1.795547e-03	2.374949e+00
1.410000e-05	-9.924292e-03	2.396025e+00
1.411000e-05	-2.443675e-03	2.428030e+00
1.412000e-05	6.308976e-03	2.469133e+00
1.413000e-05	1.200991e-04	2.502191e+00
1.414000e-05	-9.606082e-03	2.611866e+00
1.415000e-05	-1.606906e-03	2.636981e+00
1.416000e-05	3.448100e-03	2.697464e+00
1.417000e-05	-1.594892e-04	2.712345e+00
1.418000e-05	-7.634451e-03	2.763846e+00
1.419000e-05	-2.595647e-03	2.795399e+00
1.420000e-05	3.963196e-03	2.802952e+00
1.421000e-05	5.372536e-04	2.826026e+00
1.422000e-05	-6.215348e-03	2.817031e+00
1.423000e-05	-2.831977e-03	2.910134e+00
1.424000e-05	3.021389e-03	2.910793e+00
1.425000e-05	-1.468724e-04	2.962771e+00
1.426000e-05	-4.869509e-03	2.963870e+00
1.427000e-05	-4.319742e-03	2.973950e+00
1.428000e-05	3.861866e-03	2.996478e+00
1.429000e-05	-1.263196e-03	3.026080e+00
1.430000e-05	-3.770236e-03	3.028104e+00
1.431000e-05	-4.633647e-03	3.140186e+00
1.432000e-05	3.273653e-03	3.081665e+00
1.433000e-05	-4.511146e-04	3.130815e+00
1.434000e-05	-3.850679e-03	3.134369e+00
1.435000e-05	-4.478354e-03	3.174897e+00
1.436000e-05	1.444001e-03	3.185950e+00
1.437000e-05	-7.554855e-04	3.205475e+00
1.438000e-05	-3.336393e-03	3.257004e+00
1.439000e-05	-4.404516e-03	3.228633e+00
1.440000e-05	1.405426e-03	3.267105e+00
1.441000e-05	2.913448e-05	3.311763e+00
1.442000e-05	-2.802812e-03	3.334770e+00
1.443000e-05	-4.112751e-03	3.344420e+00
1.444000e-05	5.714313e-04	3.406482e+00
1.445000e-05	-2.540837e-04	3.458583e+00
1.446000e-05	-3.435748e-03	3.510716e+00
1.447000e-05	-3.337308e-03	3.531217e+00
1.448000e-05	3.265242e-05	3.583374e+00
1.449000e-05	1.015730e-03	3.554850e+00
1.450000e-05	-2.865129e-03	3.563874e+00
1.451000e-05	-2.606687e-03	3.584424e+00
1.452000e-05	-3.595635e-04	3.595025e+00
1.453000e-05	5.264666e-04	3.595051e+00
1.454000e-05	-2.751663e-03	3.615526e+00
1.455000e-05	-2.826817e-03	3.627029e+00
1.456000e-05	-7.839252e-04	3.646179e+00
1.457000e-05	3.595228e-04	3.647134e+00
1.458000e-05	-2.558282e-03	3.659236e+00
1.459000e-05	-2.515638e-03	3.678186e+00
1.460000e-05	-2.376835e-04	3.719792e+00
1.461000e-05	6.417832e-04	3.761870e+00
1.462000e-05	-2.280779e-03	3.762791e+00
1.463000e-05	-2.075238e-03	3.763922e+00
1.464000e-05	-9.846855e-04	3.762349e+00
1.465000e-05	5.133493e-04	3.813422e+00
1.466000e-05	-2.317090e-03	3.784972e+00
1.467000e-05	-2.508913e-03	3.786000e+00
1.468000e-05	-1.057075e-03	3.824978e+00
1.469000e-05	1.751215e-03	3.846981e+00
1.470000e-05	-1.851316e-03	3.854529e+00
1.471000e-05	-1.682021e-03	3.817580e+00
1.472000e-05	-7.620335e-04	3.840130e+00
1.473000e-05	1.241712e-03	3.876634e+00
1.474000e-05	-1.780631e-03	3.857131e+00
1.475000e-05	-2.021796e-03	3.861114e+00
1.476000e-05	-9.077894e-04	3.859718e+00
1.477000e-05	5.737065e-04	3.890238e+00
1.478000e-05	-1.989847e-03	3.881737e+00
1.479000e-05	-1.984202e-03	3.909865e+00
1.480000e-05	-4.420537e-04	3.922786e+00
1.481000e-05	1.006484e-03	3.881192e+00
1.482000e-05	-9.496298e-04	3.922220e+00
1.483000e-05	-2.200475e-03	3.912815e+00
1.484000e-05	-9.614770e-04	3.910845e+00
1.485000e-05	-2.484243e-04	3.943773e+00
1.486000e-05	-2.241871e-03	3.951343e+00
1.487000e-05	-1.928693e-03	3.932891e+00
1.488000e-05	-7.265934e-04	3.933397e+00
1.489000e-05	-5.889297e-06	3.944820e+00
1.490000e-05	-9.567085e-04	3.980320e+00
1.491000e-05	-2.443843e-03	3.923321e+00
1.492000e-05	-3.701404e-04	3.983421e+00
1.493000e-05	-2.480222e-04	3.952872e+00
1.494000e-05	-1.334585e-03	3.941967e+00
1.495000e-05	-2.515645e-03	3.932296e+00
1.496000e-05	-1.455999e-03	3.954270e+00
1.497000e-05	-5.475016e-04	3.952392e+00
1.498000e-05	-2.425350e-03	3.950869e+00
1.499000e-05	-2.061362e-03	3.933292e+00
1.500000e-05	-9.067671e-04	3.919892e+00
1.501000e-05	-5.530316e-04	3.901790e+00
1.502000e-05	-1.611922e-03	3.901291e+00
1.503000e-05	-1.252577e-03	3.910296e+00
1.504000e-05	-9.796276e-04	3.869764e+00
1.505000e-05	-8.597189e-04	3.902685e+00
1.506000e-05	-1.924869e-03	3.870658e+00
1.507000e-05	-2.017033e-03	3.840714e+00
1.508000e-05	-1.214261e-03	3.849210e+00
1.509000e-05	-1.722713e-03	3.888657e+00
1.510000e-05	-2.071083e-03	3.858108e+00
1.511000e-05	-2.091065e-03	3.826683e+00
1.512000e-05	-7.934926e-04	3.845556e+00
1.513000e-05	-6.349965e-04	3.828557e+00
1.514000e-05	-1.706926e-03	3.785478e+00
1.515000e-05	-1.731306e-03	3.808052e+00
1.516000e-05	-1.051468e-03	3.767525e+00
1.517000e-05	-1.900556e-03	3.794975e+00
1.518000e-05	-2.103614e-03	3.775952e+00
1.519000e-05	-2.716336e-03	3.794949e+00
1.520000e-05	-9.171469e-04	3.752923e+00
1.521000e-05	-4.918110e-04	3.722866e+00
1.522000e-05	-1.202169e-03	3.723246e+00
1.523000e-05	-1.947683e-03	3.721266e+00
1.524000e-05	-1.247002e-03	3.701187e+00
1.525000e-05	-5.320458e-04	3.650212e+00
1.526000e-05	-2.326450e-03	3.669634e+00
1.527000e-05	-1.500974e-03	3.627604e+00
1.528000e-05	-5.110957e-04	3.618529e+00
1.529000e-05	-6.020379e-04	3.618028e+00
1.530000e-05	-1.932673e-03	3.606075e+00
1.531000e-05	-1.356727e-03	3.606975e+00
1.532000e-05	-1.348442e-03	3.585499e+00
1.533000e-05	-3.285405e-04	3.594999e+00
1.534000e-05	-1.917446e-03	3.554969e+00
1.535000e-05	-2.068450e-03	3.553971e+00
1.536000e-05	-1.491821e-03	3.564444e+00
1.537000e-05	-1.043282e-03	3.521215e+00
1.538000e-05	-2.043418e-03	3.441337e+00
1.539000e-05	-2.227737e-03	3.480184e+00
1.540000e-05	-1.908549e-04	3.408579e+00
1.541000e-05	-4.994811e-04	3.396375e+00
1.542000e-05	-1.747993e-03	3.314241e+00
1.543000e-05	-1.325152e-03	3.303211e+00
1.544000e-05	-1.027968e-03	3.250139e+00
1.545000e-05	-3.459323e-04	3.228057e+00
1.546000e-05	-2.394787e-03	3.216526e+00
1.547000e-05	-2.334266e-03	3.177053e+00
1.548000e-05	-1.490275e-03	3.188000e+00
1.549000e-05	-9.353456e-04	3.185950e+00
1.550000e-05	-1.770647e-03	3.174968e+00
1.551000e-05	-2.025065e-03	3.134367e+00
1.552000e-05	-7.485199e-04	3.113715e+00
1.553000e-05	-4.510194e-04	3.090812e+00
1.554000e-05	-1.106527e-03	3.020107e+00
1.555000e-05	-2.794177e-03	3.008056e+00
1.556000e-05	-1.923806e-03	2.977499e+00
1.557000e-05	-1.344170e-03	2.955520e+00
1.558000e-05	-1.946863e-03	2.965318e+00
1.559000e-05	-3.549743e-03	2.923293e+00
1.560000e-05	-8.033787e-04	2.901238e+00
1.561000e-05	-1.349410e-03	2.830157e+00
1.562000e-05	-1.495586e-03	2.828106e+00
1.563000e-05	-2.700968e-03	2.817551e+00
1.564000e-05	-9.696354e-04	2.807477e+00
1.565000e-05	-2.381884e-03	2.785925e+00
1.566000e-05	-3.396415e-03	2.774942e+00
1.567000e-05	-3.702056e-03	2.714813e+00
1.568000e-05	-1.514369e-03	2.711836e+00
1.569000e-05	-1.702051e-03	2.669549e+00
1.570000e-05	-1.700900e-03	2.557521e+00
1.571000e-05	-2.349126e-03	2.494766e+00
1.572000e-05	-1.649619e-03	2.441135e+00
1.573000e-05	-1.406822e-03	2.451079e+00
1.574000e-05	-3.453527e-03	2.397501e+00
1.575000e-05	-2.417116e-03	2.397026e+00
1.576000e-05	-1.860129e-03	2.366369e+00
1.577000e-05	-1.481475e-03	2.303867e+00
1.578000e-05	-3.147569e-03	2.311788e+00
1.579000e-05	-3.192533e-03	2.229607e+00
1.580000e-05	-1.681832e-03	2.200524e+00
1.581000e-05	-1.978403e-03	2.197447e+00
1.582000e-05	-2.082363e-03	2.136444e+00
1.583000e-05	-3.653652e-03	2.124765e+00
1.584000e-05	-1.483487e-03	2.072187e+00
1.585000e-05	-1.473865e-03	2.049108e+00
1.586000e-05	-2.583898e-03	2.019051e+00
1.587000e-05	-2.969161e-03	1.998949e+00
1.588000e-05	-1.848663e-03	1.986372e+00
1.589000e-05	-1.647297e-03	1.945821e+00
1.590000e-05	-3.097411e-03	1.873813e+00
1.591000e-05	-2.556670e-03	1.841155e+00
1.592000e-05	-1.515413e-03	1.789498e+00
1.593000e-05	-2.065848e-03	1.766397e+00
1.594000e-05	-1.630349e-03	1.715290e+00
1.595000e-05	-2.714551e-03	1.704815e+00
1.596000e-05	-2.331715e-03	1.663604e+00
1.597000e-05	-2.064140e-03	1.659653e+00
1.598000e-05	-2.828810e-03	1.528426e+00
1.599000e-05	-3.157566e-03	1.536191e+00
1.600000e-05	-2.053667e-03	1.461210e+00
1.601000e-05	-1.522186e-03	1.392077e+00
1.602000e-05	-2.235088e-03	1.379046e+00
1.603000e-05	-2.677536e-03	1.377320e+00
1.604000e-05	-2.033092e-03	1.303789e+00
1.605000e-05	-2.378099e-03	1.282735e+00
1.606000e-05	-2.464045e-03	1.220551e+00
1.607000e-05	-2.679325e-03	1.167924e+00
1.608000e-05	-2.920470e-03	1.176942e+00
1.609000e-05	-1.973587e-03	1.166191e+00
1.610000e-05	-2.945723e-03	1.031203e+00
1.611000e-05	-1.869094e-03	9.658635e-01
1.612000e-05	-3.099661e-03	8.756817e-01
1.613000e-05	-3.460074e-03	8.431528e-01
1.614000e-05	-2.100973e-03	8.005488e-01
1.615000e-05	-2.708998e-03	7.684737e-01
1.616000e-05	-2.300470e-03	7.483709e-01
1.617000e-05	-3.604859e-03	7.452859e-01
1.618000e-05	-3.017514e-03	6.841578e-01
1.619000e-05	-2.990442e-03	6.319752e-01
1.620000e-05	-3.596457e-03	5.885224e-01
1.621000e-05	-3.040006e-03	5.483160e-01
1.622000e-05	-3.324014e-03	4.842319e-01
1.623000e-05	-2.415958e-03	4.121053e-01
1.624000e-05	-2.626550e-03	4.220264e-01
1.625000e-05	-3.621985e-03	4.195236e-01
1.626000e-05	-3.436031e-03	3.599224e-01
1.627000e-05	-3.413894e-03	3.757933e-01
1.628000e-05	-2.171315e-03	2.517077e-01
1.629000e-05	-3.854795e-03	2.305735e-01
1.630000e-05	-4.161531e-03	1.573855e-01
1.631000e-05	-3.204995e-03	8.418177e-02
1.632000e-05	-2.795630e-03	2.258026e-02
1.633000e-05	-3.605465e-03	-7.369407e-05
1.634000e-05	-3.169554e-03	-2.058019e-02
1.635000e-05	-2.108608e-03	-9.263284e-02
1.636000e-05	-1.561326e-03	-8.323554e-02
1.637000e-05	-2.841693e-03	-1.463182e-01
1.638000e-05	-2.398840e-03	-1.775011e-01
1.639000e-05	-2.237331e-03	-2.095777e-01
1.640000e-05	-1.575881e-03	-2.416078e-01
1.641000e-05	5.450494e-03	-3.252194e-01
1.642000e-05	1.446326e-02	-3.563707e-01
1.643000e-05	1.035978e-02	-4.164998e-01
1.644000e-05	-1.863436e-02	-3.900024e-01
1.645000e-05	-5.178856e-02	-4.510891e-01
1.646000e-05	2.276474e-02	-4.922319e-01
1.647000e-05	3.609149e-02	-5.032819e-01
1.648000e-05	-1.029781e-03	-6.169220e-01
1.649000e-05	-3.008409e-02	-6.828102e-01
1.650000e-05	3.613288e-02	-7.337422e-01
1.651000e-05	4.757262e-02	-7.443974e-01
1.652000e-05	-4.330453e-02	-7.780526e-01
1.653000e-05	-1.778986e-02	-8.485552e-01
1.654000e-05	5.728241e-03	-8.506028e-01
1.655000e-05	5.613120e-03	-8.746855e-01
1.656000e-05	-2.311113e-02	-9.758710e-01
1.657000e-05	2.382414e-02	-9.759712e-01
1.658000e-05	-4.943984e-02	-1.038583e+00
1.659000e-05	-2.127311e-02	-1.090660e+00
1.660000e-05	4.786867e-02	-1.133795e+00
1.661000e-05	2.106642e-02	-1.153921e+00
1.662000e-05	-5.248585e-02	-1.178001e+00
1.663000e-05	2.704177e-02	-1.239579e+00
1.664000e-05	5.974038e-02	-1.334263e+00
1.665000e-05	-4.037771e-02	-1.375372e+00
1.666000e-05	-4.194479e-02	-1.419579e+00
1.667000e-05	1.553236e-02	-1.509583e+00
1.668000e-05	3.082275e-02	-1.585896e+00
1.669000e-05	-2.146944e-02	-1.566499e+00
1.670000e-05	-2.617374e-02	-1.598475e+00
1.671000e-05	-2.212061e-03	-1.639607e+00
1.672000e-05	4.592208e-02	-1.691662e+00
1.673000e-05	-2.828630e-02	-1.713341e+00
1.674000e-05	-3.758884e-02	-1.744846e+00
1.675000e-05	2.315869e-02	-1.816997e+00
1.676000e-05	1.789263e-02	-1.837526e+00
1.677000e-05	-2.550304e-02	-1.841231e+00
1.678000e-05	-9.792655e-03	-1.901687e+00
1.679000e-05	3.438432e-03	-1.964366e+00
1.680000e-05	5.206732e-03	-1.975398e+00
1.681000e-05	-1.881479e-03	-2.007050e+00
1.682000e-05	-2.428024e-02	-2.026474e+00
1.683000e-05	4.605086e-03	-2.030102e+00
1.684000e-05	1.325497e-02	-2.080683e+00
1.685000e-05	-9.371463e-03	-2.123924e+00
1.686000e-05	-1.548687e-02	-2.186005e+00
1.687000e-05	-1.526690e-03	-2.249613e+00
1.688000e-05	5.605109e-03	-2.311363e+00
1.689000e-05	-1.253861e-05	-2.364947e+00
1.690000e-05	-1.929792e-02	-2.375400e+00
1.691000e-05	-3.059415e-03	-2.416501e+00
1.692000e-05	9.367665e-03	-2.398579e+00
1.693000e-05	-3.226325e-03	-2.448612e+00
1.694000e-05	-1.784941e-02	-2.460782e+00
1.695000e-05	-4.210769e-03	-2.544266e+00
1.696000e-05	8.842655e-03	-2.553424e+00
1.697000e-05	-2.350562e-03	-2.616025e+00
1.698000e-05	-1.768920e-02	-2.648532e+00
1.699000e-05	-1.571780e-03	-2.669658e+00
1.700000e-05	4.954129e-03	-2.689758e+00
1.701000e-05	-3.231657e-03	-2.763818e+00
1.702000e-05	-1.404904e-02	-2.764922e+00
1.703000e-05	-4.223669e-03	-2.755474e+00
1.704000e-05	5.988588e-03	-2.796976e+00
1.705000e-05	-3.343287e-03	-2.817080e+00
1.706000e-05	-1.358860e-02	-2.808080e+00
1.707000e-05	-4.199736e-03	-2.881182e+00
1.708000e-05	3.042730e-03	-2.923344e+00
1.709000e-05	-4.015818e-03	-2.994492e+00
1.710000e-05	-1.101972e-02	-3.015973e+00
1.711000e-05	-6.104498e-03	-3.079691e+00
1.712000e-05	3.080658e-03	-3.090186e+00
1.713000e-05	-3.793688e-03	-3.133392e+00
1.714000e-05	-9.024422e-03	-3.194846e+00
1.715000e-05	-6.711625e-03	-3.194501e+00
1.716000e-05	2.148733e-03	-3.204978e+00
1.717000e-05	-3.625588e-03	-3.228077e+00
1.718000e-05	-9.254967e-03	-3.228657e+00
1.719000e-05	-5.537294e-03	-3.227654e+00
1.720000e-05	1.039051e-03	-3.291262e+00
1.721000e-05	-3.125927e-03	-3.321263e+00
1.722000e-05	-7.156674e-03	-3.321845e+00
1.723000e-05	-6.135690e-03	-3.383924e+00
1.724000e-05	1.806074e-04	-3.355423e+00
1.725000e-05	-2.067233e-03	-3.406528e+00
1.726000e-05	-8.133227e-03	-3.447130e+00
1.727000e-05	-6.291662e-03	-3.408154e+00
1.728000e-05	-1.401382e-03	-3.470683e+00
1.729000e-05	-1.412411e-03	-3.490317e+00
1.730000e-05	-8.273127e-03	-3.541865e+00
1.731000e-05	-5.609466e-03	-3.584299e+00
1.732000e-05	-1.978655e-03	-3.571897e+00
1.733000e-05	-1.050762e-03	-3.585424e+00
1.734000e-05	-6.801869e-03	-3.573500e+00
1.735000e-05	-4.879629e-03	-3.585500e+00
1.736000e-05	-2.920683e-03	-3.595026e+00
1.737000e-05	-1.675965e-03	-3.607053e+00
1.738000e-05	-7.581300e-03	-3.625580e+00
1.739000e-05	-5.717682e-03	-3.628107e+00
1.740000e-05	-2.518874e-03	-3.637583e+00
1.741000e-05	-6.273067e-04	-3.670312e+00
1.742000e-05	-6.035265e-03	-3.710241e+00
1.743000e-05	-5.158738e-03	-3.755349e+00
1.744000e-05	-2.060446e-03	-3.785000e+00
1.745000e-05	-3.165184e-03	-3.764628e+00
1.746000e-05	-6.308601e-03	-3.817070e+00
1.747000e-05	-7.296105e-03	-3.860055e+00
1.748000e-05	-1.766350e-03	-3.829694e+00
1.749000e-05	-3.050355e-03	-3.870259e+00
1.750000e-05	-5.039028e-03	-3.882246e+00
1.751000e-05	-6.900092e-03	-3.932821e+00
1.752000e-05	-2.172066e-03	-3.919921e+00
1.753000e-05	-3.481424e-03	-3.923920e+00
1.754000e-05	-5.036749e-03	-3.962974e+00
1.755000e-05	-6.766107e-03	-3.954450e+00
1.756000e-05	-3.284229e-03	-3.954525e+00
1.757000e-05	-3.888407e-03	-3.964475e+00
1.758000e-05	-5.528877e-03	-3.994450e+00
1.759000e-05	-6.709550e-03	-3.986551e+00
1.760000e-05	-3.882644e-03	-4.005000e+00
1.761000e-05	-3.277948e-03	-4.005501e+00
1.762000e-05	-5.825563e-03	-3.985500e+00
1.763000e-05	-6.261882e-03	-3.995500e+00
1.764000e-05	-5.236582e-03	-4.015004e+00
1.765000e-05	-2.454995e-03	-4.007601e+00
1.766000e-05	-5.865613e-03	-4.026526e+00
1.767000e-05	-5.495695e-03	-4.018053e+00
1.768000e-05	-6.068936e-03	-4.006027e+00
1.769000e-05	-2.896514e-03	-4.026632e+00
1.770000e-05	-5.072950e-03	-4.026080e+00
1.771000e-05	-6.549894e-03	-4.045605e+00
1.772000e-05	-5.013600e-03	-4.026603e+00
1.773000e-05	-3.026302e-03	-4.035078e+00
1.774000e-05	-4.868322e-03	-4.047600e+00
1.775000e-05	-5.382686e-03	-4.027589e+00
1.776000e-05	-4.440611e-03	-4.038104e+00
1.777000e-05	-3.619312e-03	-4.039105e+00
1.778000e-05	-4.946461e-03	-3.996634e+00
1.779000e-05	-6.464435e-03	-4.026604e+00
1.780000e-05	-4.967283e-03	-4.017129e+00
1.781000e-05	-4.345079e-03	-4.007607e+00
1.782000e-05	-3.449060e-03	-4.028130e+00
1.783000e-05	-4.857699e-03	-4.036654e+00
1.784000e-05	-5.488641e-03	-4.037078e+00
1.785000e-05	-4.062454e-03	-4.016604e+00
1.786000e-05	-4.319990e-03	-4.055526e+00
1.787000e-05	-6.131143e-03	-4.016578e+00
1.788000e-05	-5.315580e-03	-4.006576e+00
1.789000e-05	-4.080865e-03	-3.996076e+00
1.790000e-05	-3.073106e-03	-3.985553e+00
1.791000e-05	-4.852658e-03	-4.006526e+00
1.792000e-05	-3.824899e-03	-3.996526e+00
1.793000e-05	-6.148114e-03	-3.975499e+00
1.794000e-05	-3.724742e-03	-3.995478e+00
1.795000e-05	-6.176800e-03	-3.994996e+00
1.796000e-05	-5.103842e-03	-3.994475e+00
1.797000e-05	-4.462909e-03	-3.984949e+00
1.798000e-05	-3.521926e-03	-3.965000e+00
1.799000e-05	-4.372765e-03	-3.944423e+00
1.800000e-05	-5.279907e-03	-3.963450e+00
1.801000e-05	-5.288911e-03	-3.952396e+00
1.802000e-05	-3.484439e-03	-3.923369e+00
1.803000e-05	-5.514256e-03	-3.933868e+00
1.804000e-05	-4.815664e-03	-3.883313e+00
1.805000e-05	-4.974165e-03	-3.871816e+00
1.806000e-05	-3.681797e-03	-3.841738e+00
1.807000e-05	-5.614816e-03	-3.858284e+00
1.808000e-05	-4.752474e-03	-3.787179e+00
1.809000e-05	-4.698060e-03	-3.789398e+00
1.810000e-05	-4.362211e-03	-3.725350e+00
1.811000e-05	-4.793718e-03	-3.722843e+00
1.812000e-05	-5.006602e-03	-3.712337e+00
1.813000e-05	-5.450069e-03	-3.632209e+00
1.814000e-05	-4.745269e-03	-3.629708e+00
1.815000e-05	-4.199321e-03	-3.619108e+00
1.816000e-05	-3.448717e-03	-3.618654e+00
1.817000e-05	-5.585634e-03	-3.616051e+00
1.818000e-05	-5.370465e-03	-3.605528e+00
1.819000e-05	-4.796161e-03	-3.585476e+00
1.820000e-05	-5.767211e-03	-3.565474e+00
1.821000e-05	-5.881896e-03	-3.545474e+00
1.822000e-05	-5.379635e-03	-3.515471e+00
1.823000e-05	-4.103994e-03	-3.563921e+00
1.824000e-05	-3.419357e-03	-3.512763e+00
1.825000e-05	-4.644600e-03	-3.461761e+00
1.826000e-05	-5.182177e-03	-3.440633e+00
1.827000e-05	-5.560834e-03	-3.458605e+00
1.828000e-05	-5.060477e-03	-3.387002e+00
1.829000e-05	-5.572493e-03	-3.386521e+00
1.830000e-05	-5.839906e-03	-3.366998e+00
1.831000e-05	-5.167287e-03	-3.376420e+00
1.832000e-05	-4.441048e-03	-3.344394e+00
1.833000e-05	-3.856491e-03	-3.362688e+00
1.834000e-05	-5.062675e-03	-3.271209e+00
1.835000e-05	-4.520998e-03	-3.229130e+00
1.836000e-05	-4.859739e-03	-3.217581e+00
1.837000e-05	-5.251009e-03	-3.196075e+00
1.838000e-05	-6.940668e-03	-3.176522e+00
1.839000e-05	-5.570617e-03	-3.155950e+00
1.840000e-05	-6.456392e-03	-3.124790e+00
1.841000e-05	-3.755930e-03	-3.144788e+00
1.842000e-05	-3.670991e-03	-3.063759e+00
1.843000e-05	-3.414818e-03	-3.010130e+00
1.844000e-05	-4.627239e-03	-2.948503e+00
1.845000e-05	-5.630240e-03	-2.944918e+00
1.846000e-05	-6.564368e-03	-2.924790e+00
1.847000e-05	-6.432810e-03	-2.811232e+00
1.848000e-05	-5.445060e-03	-2.829081e+00
1.849000e-05	-3.709886e-03	-2.808049e+00
1.850000e-05	-2.758526e-03	-2.787499e+00
1.851000e-05	-2.951446e-03	-2.787974e+00
1.852000e-05	-4.328441e-03	-2.754345e+00
1.853000e-05	-4.941395e-03	-2.694840e+00
1.854000e-05	-6.087856e-03	-2.672306e+00
1.855000e-05	-5.598718e-03	-2.611182e+00
1.856000e-05	-5.410074e-03	-2.608104e+00
1.857000e-05	-4.102723e-03	-2.598524e+00
1.858000e-05	-2.868509e-03	-2.485969e+00
1.859000e-05	-3.128913e-03	-2.484790e+00
1.860000e-05	-3.907385e-03	-2.471685e+00
1.861000e-05	-4.332211e-03	-2.419628e+00
1.862000e-05	-6.581423e-03	-2.407550e+00
1.863000e-05	-3.974406e-03	-2.378025e+00
1.864000e-05	-5.093075e-03	-2.366970e+00
1.865000e-05	-4.003741e-03	-2.336370e+00
1.866000e-05	-4.791937e-03	-2.252285e+00
1.867000e-05	-2.480092e-03	-2.251105e+00
1.868000e-05	-4.946649e-03	-2.169646e+00
1.869000e-05	-3.917946e-03	-2.114891e+00
1.870000e-05	-5.430909e-03	-2.001187e+00
1.871000e-05	-4.071955e-03	-2.030580e+00
1.872000e-05	-4.623808e-03	-2.000024e+00
1.873000e-05	-4.983757e-03	-1.997522e+00
1.874000e-05	-3.868590e-03	-1.966922e+00
1.875000e-05	-3.404803e-03	-1.903720e+00
1.876000e-05	-3.675821e-03	-1.903257e+00
1.877000e-05	-4.691185e-03	-1.840207e+00
1.878000e-05	-3.586414e-03	-1.820026e+00
1.879000e-05	-4.358799e-03	-1.768475e+00
1.880000e-05	-5.322289e-03	-1.756415e+00
1.881000e-05	-5.570619e-03	-1.703741e+00
1.882000e-05	-3.564602e-03	-1.632184e+00
1.883000e-05	-2.924451e-03	-1.631605e+00
1.884000e-05	-4.062732e-03	-1.619051e+00
1.885000e-05	-5.177356e-03	-1.588499e+00
1.886000e-05	-3.345747e-03	-1.558470e+00
1.887000e-05	-4.269204e-03	-1.493241e+00
1.888000e-05	-4.859551e-03	-1.350053e+00
1.889000e-05	-5.939696e-03	-1.328891e+00
1.890000e-05	-4.016953e-03	-1.293783e+00
1.891000e-05	-3.229960e-03	-1.234157e+00
1.892000e-05	-4.685978e-03	-1.170579e+00
1.893000e-05	-4.557160e-03	-1.167969e+00
1.894000e-05	-5.094737e-03	-1.118416e+00
1.895000e-05	-3.496964e-03	-1.013234e+00
1.896000e-05	-5.332681e-03	-1.010701e+00
1.897000e-05	-4.724647e-03	-9.500263e-01
1.898000e-05	-4.001614e-03	-9.263698e-01
1.899000e-05	-2.973897e-03	-9.268356e-01
1.900000e-05	-4.847682e-03	-8.657343e-01
1.901000e-05	-5.558387e-03	-8.325828e-01
1.902000e-05	-4.086549e-03	-7.906013e-01
1.903000e-05	-3.282927e-03	-7.684725e-01
1.904000e-05	-4.134602e-03	-7.388410e-01
1.905000e-05	-5.182509e-03	-6.832870e-01
1.906000e-05	-4.253534e-03	-5.736292e-01
1.907000e-05	-2.562661e-03	-5.409181e-01
1.908000e-05	-4.086928e-03	-5.062145e-01
1.909000e-05	-5.106933e-03	-4.137301e-01
1.910000e-05	-3.907497e-03	-4.020250e-01
1.911000e-05	-3.360573e-03	-3.704987e-01
1.912000e-05	-3.607953e-03	-3.604461e-01
1.913000e-05	-4.367182e-03	-3.058660e-01
1.914000e-05	-3.946631e-03	-2.446567e-01
1.915000e-05	-2.721649e-03	-2.326039e-01
1.916000e-05	-4.340900e-03	-1.810738e-01
1.917000e-05	-2.890543e-03	-1.388923e-01
1.918000e-05	-3.610341e-03	-7.577091e-02
1.919000e-05	-2.952946e-03	-8.573046e-02
1.920000e-05	-2.180926e-03	-4.362915e-02
1.921000e-05	-1.884394e-03	-1.152500e-02
1.922000e-05	-1.760830e-03	9.453822e-03
1.923000e-05	-2.111852e-03	8.007658e-02
1.924000e-05	-9.705943e-04	1.242092e-01
1.925000e-05	-9.775198e-04	1.644198e-01
1.926000e-05	9.276286e-04	2.691539e-01
1.927000e-05	8.881338e-03	3.401905e-01
1.928000e-05	1.250275e-02	3.652932e-01
1.929000e-05	-1.092988e-02	3.869749e-01
1.930000e-05	-4.259813e-02	3.995263e-01
1.931000e-05	-1.604236e-02	4.400265e-01
1.932000e-05	3.955212e-02	4.832317e-01
1.933000e-05	1.394944e-02	5.452909e-01
1.934000e-05	-3.910381e-02	5.868974e-01
1.935000e-05	-2.037631e-02	6.175778e-01
1.936000e-05	6.440367e-02	6.626068e-01
1.937000e-05	-6.533753e-03	7.632355e-01
1.938000e-05	-2.930591e-02	7.242659e-01
1.939000e-05	-1.617377e-02	7.563960e-01
1.940000e-05	1.620454e-02	8.179512e-01
1.941000e-05	-5.237853e-03	8.385302e-01
1.942000e-05	1.042488e-02	8.611879e-01
1.943000e-05	-4.630171e-03	9.433460e-01
1.944000e-05	-4.003494e-02	1.039383e+00
1.945000e-05	2.528146e-02	1.059688e+00
1.946000e-05	2.684592e-02	1.163720e+00
1.947000e-05	-3.186898e-02	1.144900e+00
1.948000e-05	-4.038112e-02	1.197455e+00
1.949000e-05	5.279602e-02	1.268608e+00
1.950000e-05	9.905146e-03	1.311214e+00
1.951000e-05	-3.335898e-02	1.343271e+00
1.952000e-05	-2.720815e-02	1.394900e+00
1.953000e-05	3.109343e-02	1.417551e+00
1.954000e-05	1.110376e-02	1.522328e+00
1.955000e-05	-2.344287e-02	1.573402e+00
1.956000e-05	-1.757309e-02	1.618481e+00
1.957000e-05	2.483653e-02	1.699083e+00
1.958000e-05	1.078415e-02	1.729787e+00
1.959000e-05	-3.007179e-02	1.753242e+00
1.960000e-05	-3.247290e-03	1.742874e+00
1.961000e-05	9.206782e-03	1.776974e+00
1.962000e-05	2.456756e-03	1.857003e+00
1.963000e-05	-1.008823e-02	1.869662e+00
1.964000e-05	-3.308590e-03	1.942265e+00
1.965000e-05	-3.545240e-03	1.993921e+00
1.966000e-05	1.108000e-02	1.954450e+00
1.967000e-05	-9.657902e-03	2.007450e+00
1.968000e-05	-1.031744e-02	2.006603e+00
1.969000e-05	3.314860e-03	2.040560e+00
1.970000e-05	8.314617e-03	2.100813e+00
1.971000e-05	-9.696631e-03	2.152242e+00
1.972000e-05	-7.863495e-03	2.143374e+00
1.973000e-05	1.444032e-03	2.196475e+00
1.974000e-05	5.518464e-03	2.256557e+00
1.975000e-05	-5.652583e-03	2.270108e+00
1.976000e-05	-7.918923e-03	2.312817e+00
1.977000e-05	1.217582e-03	2.353292e+00
1.978000e-05	6.667132e-03	2.355425e+00
1.979000e-05	-6.838826e-03	2.384499e+00
1.980000e-05	-9.234981e-03	2.408053e+00
1.981000e-05	2.327378e-03	2.448655e+00
1.982000e-05	5.668330e-03	2.461210e+00
1.983000e-05	-6.487683e-03	2.491347e+00
1.984000e-05	-6.925613e-03	2.604976e+00
1.985000e-05	2.810687e-03	2.616555e+00
1.986000e-05	3.277027e-03	2.709737e+00
1.987000e-05	-3.674038e-03	2.721773e+00
1.988000e-05	-7.392549e-03	2.753874e+00
1.989000e-05	1.741586e-03	2.785472e+00
1.990000e-05	2.834527e-03	2.796504e+00
1.991000e-05	-3.447421e-03	2.806005e+00
1.992000e-05	-7.475906e-03	2.798583e+00
1.993000e-05	1.748678e-03	2.899729e+00
1.994000e-05	1.333017e-03	2.891718e+00
1.995000e-05	-1.527203e-03	2.972820e+00
1.996000e-05	-6.313729e-03	2.984417e+00
1.997000e-05	1.420960e-03	3.014450e+00
1.998000e-05	1.213534e-03	3.036528e+00
1.999000e-05	-1.342309e-03	3.057605e+00
2.000000e-05	-5.455520e-03	3.068559e+00
2.001000e-05	-1.311984e-03	3.091670e+00
2.002000e-05	1.952292e-03	3.072368e+00
2.003000e-05	-1.200716e-03	3.152320e+00
2.004000e-05	-5.842279e-03	3.183894e+00
2.005000e-05	-1.708175e-03	3.186929e+00
2.006000e-05	2.682730e-03	3.215949e+00
2.007000e-05	-9.793085e-04	3.228050e+00
2.008000e-05	-3.842921e-03	3.205575e+00
2.009000e-05	-3.215069e-03	3.290080e+00
2.010000e-05	1.670731e-03	3.280208e+00
2.011000e-05	-1.166313e-03	3.349344e+00
2.012000e-05	-4.016027e-03	3.342292e+00
2.013000e-05	-3.642005e-03	3.384505e+00
2.014000e-05	2.401405e-03	3.417016e+00
2.015000e-05	-1.646337e-03	3.508135e+00
2.016000e-05	-3.380138e-03	3.510187e+00
2.017000e-05	-2.874872e-03	3.520843e+00
2.018000e-05	5.392565e-04	3.533842e+00
2.019000e-05	-9.029856e-04	3.591900e+00
2.020000e-05	-4.334912e-03	3.574948e+00
2.021000e-05	-1.827284e-03	3.584525e+00
2.022000e-05	3.379340e-04	3.604476e+00
2.023000e-05	-1.704563e-03	3.596053e+00
2.024000e-05	-3.578564e-03	3.637525e+00
2.025000e-05	-1.266720e-03	3.626579e+00
2.026000e-05	3.784048e-04	3.658081e+00
2.027000e-05	-5.664089e-04	3.649134e+00
2.028000e-05	-3.557252e-03	3.709089e+00
2.029000e-05	-1.110667e-03	3.670815e+00
2.030000e-05	-1.482639e-03	3.731789e+00
2.031000e-05	-1.207885e-03	3.753295e+00
2.032000e-05	-3.072566e-03	3.722862e+00
2.033000e-05	-1.566394e-03	3.773322e+00
2.034000e-05	-6.824260e-04	3.792950e+00
2.035000e-05	-8.765983e-04	3.803951e+00
2.036000e-05	-2.737463e-03	3.795519e+00
2.037000e-05	-1.200828e-03	3.785575e+00
2.038000e-05	-5.978362e-05	3.846602e+00
2.039000e-05	-6.912859e-04	3.806629e+00
2.040000e-05	-3.059372e-03	3.847530e+00
2.041000e-05	-9.935020e-04	3.858079e+00
2.042000e-05	-6.620816e-04	3.828731e+00
2.043000e-05	-7.790188e-04	3.847034e+00
2.044000e-05	-2.703114e-03	3.879088e+00
2.045000e-05	-1.496538e-03	3.880237e+00
2.046000e-05	-6.265944e-04	3.889641e+00
2.047000e-05	-7.732297e-04	3.880681e+00
2.048000e-05	-6.938332e-04	3.899711e+00
2.049000e-05	-4.790976e-04	3.930344e+00
2.050000e-05	5.405695e-04	3.901820e+00
2.051000e-05	-2.873619e-03	3.911810e+00
2.052000e-05	-2.099147e-03	3.910369e+00
2.053000e-05	-2.628449e-03	3.932293e+00
2.054000e-05	-6.454149e-04	3.930917e+00
2.055000e-05	-1.417994e-03	3.932896e+00
2.056000e-05	-6.136713e-04	3.933388e+00
2.057000e-05	3.898596e-05	3.904392e+00
2.058000e-05	-4.393661e-04	3.923416e+00
2.059000e-05	-1.270758e-03	3.943395e+00
2.060000e-05	-2.069731e-03	3.972696e+00
2.061000e-05	-1.042470e-03	3.912370e+00
2.062000e-05	-1.766588e-03	3.963874e+00
2.063000e-05	-1.454672e-03	3.944400e+00
2.064000e-05	-1.877830e-03	3.954421e+00
2.065000e-05	3.999486e-04	3.973441e+00
2.066000e-05	-2.962030e-04	3.942393e+00
2.067000e-05	1.421808e-04	3.973446e+00
2.068000e-05	-1.995670e-03	3.891763e+00
2.069000e-05	-1.816320e-03	3.910870e+00
2.070000e-05	-2.349390e-03	3.892316e+00
2.071000e-05	-1.947487e-03	3.931341e+00
2.072000e-05	-1.211783e-03	3.930739e+00
2.073000e-05	-4.393409e-04	3.912918e+00
2.074000e-05	3.362921e-05	3.898737e+00
2.075000e-05	-1.597475e-04	3.840744e+00
2.076000e-05	-6.508074e-04	3.870209e+00
2.077000e-05	-2.301347e-03	3.899183e+00
2.078000e-05	-1.144162e-03	3.898684e+00
2.079000e-05	-1.909502e-03	3.848709e+00
2.080000e-05	-1.017042e-03	3.910182e+00
2.081000e-05	-9.742927e-04	3.830631e+00
2.082000e-05	-6.538969e-04	3.818578e+00
2.083000e-05	-1.298987e-03	3.808004e+00
2.084000e-05	-1.632317e-03	3.826004e+00
2.085000e-05	-1.013785e-03	3.795505e+00
2.086000e-05	-1.550207e-03	3.787025e+00
2.087000e-05	-1.507251e-03	3.796001e+00
2.088000e-05	-2.000177e-03	3.784499e+00
2.089000e-05	4.450948e-05	3.794421e+00
2.090000e-05	-1.394402e-03	3.743822e+00
2.091000e-05	-7.831889e-04	3.773791e+00
2.092000e-05	-2.333525e-03	3.713366e+00
2.093000e-05	-1.577450e-03	3.722214e+00
2.094000e-05	-1.798252e-03	3.670212e+00
2.095000e-05	-1.062298e-03	3.650213e+00
2.096000e-05	-2.044846e-03	3.639681e+00
2.097000e-05	-6.554910e-04	3.647130e+00
2.098000e-05	-1.537539e-03	3.629004e+00
2.099000e-05	-1.520792e-04	3.626079e+00
2.100000e-05	-2.656904e-03	3.605527e+00
2.101000e-05	-1.657365e-03	3.585501e+00
2.102000e-05	-1.316467e-03	3.596000e+00
2.103000e-05	-2.144942e-03	3.555474e+00
2.104000e-05	-1.951455e-03	3.565025e+00
2.105000e-05	-7.813708e-04	3.522894e+00
2.106000e-05	-6.158772e-04	3.522369e+00
2.107000e-05	-1.069298e-03	3.540390e+00
2.108000e-05	-6.295926e-04	3.500211e+00
2.109000e-05	-3.648855e-04	3.410504e+00
2.110000e-05	-7.238601e-04	3.397024e+00
2.111000e-05	-2.968349e-03	3.353792e+00
2.112000e-05	-2.439306e-03	3.321718e+00
2.113000e-05	-9.735198e-04	3.248188e+00
2.114000e-05	-2.036189e-04	3.249086e+00
2.115000e-05	-1.430990e-03	3.218128e+00
2.116000e-05	-1.725970e-03	3.228030e+00
2.117000e-05	-1.105600e-03	3.187499e+00
2.118000e-05	-6.024397e-04	3.187550e+00
2.119000e-05	-2.567261e-03	3.176497e+00
2.120000e-05	-1.950771e-03	3.144897e+00
2.121000e-05	-4.866604e-04	3.122867e+00
2.122000e-05	-1.153094e-03	3.120295e+00
2.123000e-05	-1.350606e-03	3.063608e+00
2.124000e-05	-2.455857e-03	2.996130e+00
2.125000e-05	-1.262089e-03	3.007079e+00
2.126000e-05	-3.507013e-04	2.966396e+00
2.127000e-05	-1.999216e-03	2.965946e+00
2.128000e-05	-9.449857e-04	2.944816e+00
2.129000e-05	-4.887678e-04	2.911314e+00
2.130000e-05	-7.844876e-04	2.870664e+00
2.131000e-05	-2.360926e-03	2.838106e+00
2.132000e-05	-2.820402e-03	2.838029e+00
2.133000e-05	-1.260311e-03	2.807025e+00
2.134000e-05	-1.491091e-03	2.795499e+00
2.135000e-05	-1.232109e-03	2.786446e+00
2.136000e-05	-1.867166e-03	2.774922e+00
2.137000e-05	-4.226821e-04	2.681766e+00
2.138000e-05	-1.491804e-03	2.701583e+00
2.139000e-05	-1.872016e-03	2.589029e+00
2.140000e-05	-2.477884e-03	2.525369e+00
2.141000e-05	-2.230386e-03	2.491212e+00
2.142000e-05	-1.659668e-03	2.430157e+00
2.143000e-05	-2.376510e-03	2.400026e+00
2.144000e-05	-2.522099e-03	2.398499e+00
2.145000e-05	-9.762941e-04	2.376370e+00
2.146000e-05	-1.813759e-03	2.353893e+00
2.147000e-05	-2.359108e-03	2.311816e+00
2.148000e-05	-2.445220e-03	2.263182e+00
2.149000e-05	-1.451890e-03	2.209577e+00
2.150000e-05	-2.620684e-03	2.179051e+00
2.151000e-05	-2.751204e-03	2.188396e+00
2.152000e-05	-2.797151e-03	2.134841e+00
2.153000e-05	-2.246647e-03	2.072262e+00
2.154000e-05	-3.362623e-03	2.061178e+00
2.155000e-05	-2.902983e-03	2.028553e+00
2.156000e-05	-3.486851e-03	2.000550e+00
2.157000e-05	-1.273784e-03	1.987449e+00
2.158000e-05	-1.510985e-03	1.985946e+00
2.159000e-05	-1.787482e-03	1.893887e+00
2.160000e-05	-3.573377e-03	1.841713e+00
2.161000e-05	-1.497197e-03	1.828528e+00
2.162000e-05	-3.938464e-03	1.748399e+00
2.163000e-05	-3.456997e-03	1.686442e+00
2.164000e-05	-3.966629e-03	1.735263e+00
2.165000e-05	-1.867028e-03	1.643212e+00
2.166000e-05	-2.624000e-03	1.642611e+00
2.167000e-05	-2.366151e-03	1.609498e+00
2.168000e-05	-2.681533e-03	1.606394e+00
2.169000e-05	-2.126129e-03	1.486211e+00
2.170000e-05	-3.058877e-03	1.452633e+00
2.171000e-05	-3.754941e-03	1.432153e+00
2.172000e-05	-3.308668e-03	1.367891e+00
2.173000e-05	-3.491793e-03	1.285914e+00
2.174000e-05	-2.179143e-03	1.274712e+00
2.175000e-05	-2.876745e-03	1.202604e+00
2.176000e-05	-3.308447e-03	1.219024e+00
2.177000e-05	-1.514177e-03	1.178870e+00
2.178000e-05	-2.558255e-03	1.095814e+00
2.179000e-05	-2.994465e-03	1.061714e+00
2.180000e-05	-3.391160e-03	1.018996e+00
2.181000e-05	-2.947109e-03	8.967596e-01
2.182000e-05	-3.609583e-03	8.415840e-01
2.183000e-05	-3.375519e-03	8.414775e-01
2.184000e-05	-4.394075e-03	8.005226e-01
2.185000e-05	-2.705229e-03	7.374461e-01
2.186000e-05	-1.969932e-03	7.568421e-01
2.187000e-05	-2.373185e-03	6.857593e-01
2.188000e-05	-2.298691e-03	6.521315e-01
2.189000e-05	-2.569553e-03	5.905225e-01
2.190000e-05	-2.809522e-03	5.383187e-01
2.191000e-05	-4.487353e-03	5.253095e-01
2.192000e-05	-4.330122e-03	4.641819e-01
2.193000e-05	-3.818319e-03	4.625753e-01
2.194000e-05	-2.419097e-03	3.900025e-01
2.195000e-05	-2.932603e-03	3.884973e-01
2.196000e-05	-2.003750e-03	3.668686e-01
2.197000e-05	-1.968752e-03	3.047130e-01
2.198000e-05	-2.748111e-03	2.421015e-01
2.199000e-05	-3.705280e-03	1.697962e-01
2.200000e-05	-5.138077e-03	9.568703e-02
2.201000e-05	-3.097849e-03	5.560408e-02
2.202000e-05	-4.025942e-03	2.525003e-03
2.203000e-05	-2.569123e-03	-9.551069e-03
2.204000e-05	-2.434788e-03	-3.110420e-02
2.205000e-05	-9.209302e-04	-1.126628e-01
2.206000e-05	-1.847825e-04	-1.348157e-01
2.207000e-05	-1.823617e-03	-1.268445e-01
2.208000e-05	-2.530655e-03	-1.885249e-01
2.209000e-05	-3.337323e-03	-2.305803e-01
2.210000e-05	8.101134e-04	-3.041580e-01
2.211000e-05	9.623520e-03	-2.943407e-01
2.212000e-05	1.617499e-02	-3.959411e-01
2.213000e-05	-3.517115e-03	-3.886012e-01
2.214000e-05	-5.063044e-02	-4.331341e-01
2.215000e-05	-2.401776e-02	-4.801316e-01
2.216000e-05	3.973179e-02	-4.721330e-01
2.217000e-05	1.557713e-02	-5.554697e-01
2.218000e-05	-2.757799e-02	-6.881765e-01
2.219000e-05	-1.461462e-02	-6.922432e-01
2.220000e-05	6.678741e-02	-7.737933e-01
2.221000e-05	-1.541880e-02	-7.494959e-01
2.222000e-05	-3.790433e-02	-8.395515e-01
2.223000e-05	-8.859313e-03	-8.501053e-01
2.224000e-05	1.462380e-02	-8.710578e-01
2.225000e-05	-1.244492e-02	-9.362947e-01
2.226000e-05	9.423996e-03	-9.974209e-01
2.227000e-05	7.496606e-03	-1.027006e+00
2.228000e-05	-6.012790e-02	-1.060230e+00
2.229000e-05	2.170542e-02	-1.083737e+00
2.230000e-05	3.777672e-02	-1.164396e+00
2.231000e-05	-3.308353e-02	-1.177899e+00
2.232000e-05	-4.872914e-02	-1.198054e+00
2.233000e-05	6.626798e-02	-1.300606e+00
2.234000e-05	3.748588e-03	-1.321818e+00
2.235000e-05	-5.060426e-02	-1.398422e+00
2.236000e-05	-1.723825e-02	-1.439280e+00
2.237000e-05	3.844212e-02	-1.541743e+00
2.238000e-05	4.072361e-03	-1.564949e+00
2.239000e-05	-2.793101e-02	-1.616001e+00
2.240000e-05	-2.008308e-02	-1.609131e+00
2.241000e-05	2.929121e-02	-1.669161e+00
2.242000e-05	1.826021e-02	-1.662791e+00
2.243000e-05	-5.369339e-02	-1.753870e+00
2.244000e-05	-2.359077e-03	-1.766399e+00
2.245000e-05	3.110455e-02	-1.817079e+00
2.246000e-05	-5.425995e-03	-1.829554e+00
2.247000e-05	-2.618447e-02	-1.930213e+00
2.248000e-05	4.414697e-03	-1.902868e+00
2.249000e-05	1.750408e-03	-1.985324e+00
2.250000e-05	6.947410e-03	-1.986949e+00
2.251000e-05	-1.948237e-02	-1.986551e+00
2.252000e-05	-1.221513e-02	-2.009058e+00
2.253000e-05	1.499795e-02	-2.050083e+00
2.254000e-05	3.170533e-03	-2.102690e+00
2.255000e-05	-1.725748e-02	-2.164370e+00
2.256000e-05	-8.505904e-03	-2.216109e+00
2.257000e-05	3.998312e-03	-2.249692e+00
2.258000e-05	7.896771e-03	-2.303370e+00
2.259000e-05	-1.256808e-02	-2.394924e+00
2.260000e-05	-1.357796e-02	-2.394501e+00
2.261000e-05	7.351112e-03	-2.408053e+00
2.262000e-05	5.767354e-03	-2.468654e+00
2.263000e-05	-1.321582e-02	-2.440591e+00
2.264000e-05	-1.404650e-02	-2.530717e+00
2.265000e-05	4.704073e-03	-2.543850e+00
2.266000e-05	6.291755e-03	-2.616404e+00
2.267000e-05	-1.368016e-02	-2.616506e+00
2.268000e-05	-1.096245e-02	-2.629583e+00
2.269000e-05	6.814673e-03	-2.660208e+00
2.270000e-05	2.379969e-03	-2.692314e+00
2.271000e-05	-9.244922e-03	-2.763897e+00
2.272000e-05	-1.249484e-02	-2.784423e+00
2.273000e-05	3.379487e-03	-2.795401e+00
2.274000e-05	1.657597e-03	-2.798025e+00
2.275000e-05	-1.014687e-02	-2.847031e+00
2.276000e-05	-1.065422e-02	-2.838133e+00
2.277000e-05	2.957841e-03	-2.890211e+00
2.278000e-05	1.774229e-03	-2.942342e+00
2.279000e-05	-6.413301e-03	-2.986379e+00
2.280000e-05	-1.120190e-02	-3.058540e+00
2.281000e-05	5.221780e-04	-3.130163e+00
2.282000e-05	-9.382176e-05	-3.141840e+00
2.283000e-05	-8.002056e-03	-3.132349e+00
2.284000e-05	-1.013725e-02	-3.194999e+00
2.285000e-05	-2.278347e-03	-3.195501e+00
2.286000e-05	2.002322e-03	-3.196030e+00
2.287000e-05	-6.691262e-03	-3.238129e+00
2.288000e-05	-9.130059e-03	-3.239608e+00
2.289000e-05	-2.536253e-03	-3.269713e+00
2.290000e-05	9.538666e-04	-3.322312e+00
2.291000e-05	-6.828622e-03	-3.382342e+00
2.292000e-05	-9.341605e-03	-3.382872e+00
2.293000e-05	-3.942581e-03	-3.353449e+00
2.294000e-05	3.170088e-04	-3.385000e+00
2.295000e-05	-5.837501e-03	-3.456579e+00
2.296000e-05	-8.875124e-03	-3.437557e+00
2.297000e-05	-3.338780e-03	-3.470184e+00
2.298000e-05	5.311934e-04	-3.510634e+00
2.299000e-05	-4.943450e-03	-3.511365e+00
2.300000e-05	-9.010099e-03	-3.534347e+00
2.301000e-05	-4.303951e-03	-3.582849e+00
2.302000e-05	-3.577882e-04	-3.583950e+00
2.303000e-05	-5.069406e-03	-3.574424e+00
2.304000e-05	-7.921814e-03	-3.595524e+00
2.305000e-05	-3.541475e-03	-3.584978e+00
2.306000e-05	-8.314175e-04	-3.606075e+00
2.307000e-05	-4.405287e-03	-3.606027e+00
2.308000e-05	-7.660390e-03	-3.636529e+00
2.309000e-05	-4.522030e-03	-3.677608e+00
2.310000e-05	-5.622360e-04	-3.649187e+00
2.311000e-05	-4.948389e-03	-3.670763e+00
2.312000e-05	-7.151975e-03	-3.732421e+00
2.313000e-05	-4.498089e-03	-3.715344e+00
2.314000e-05	-1.454240e-03	-3.743873e+00
2.315000e-05	-4.591768e-03	-3.799580e+00
2.316000e-05	-6.932154e-03	-3.827558e+00
2.317000e-05	-4.961449e-03	-3.819165e+00
2.318000e-05	-2.255536e-03	-3.848738e+00
2.319000e-05	-3.426319e-03	-3.918768e+00
2.320000e-05	-6.013511e-03	-3.910892e+00
2.321000e-05	-4.001536e-03	-3.912369e+00
2.322000e-05	-2.404569e-03	-3.941970e+00
2.323000e-05	-4.625685e-03	-3.954350e+00
2.324000e-05	-7.958785e-03	-3.953424e+00
2.325000e-05	-4.844192e-03	-3.952499e+00
2.326000e-05	-4.056251e-03	-3.973525e+00
2.327000e-05	-2.677826e-03	-3.984475e+00
2.328000e-05	-6.619558e-03	-3.974950e+00
2.329000e-05	-3.302087e-03	-3.994526e+00
2.330000e-05	-3.545048e-03	-3.994500e+00
2.331000e-05	-4.614193e-03	-3.995528e+00
2.332000e-05	-8.045319e-03	-4.005551e+00
2.333000e-05	-5.094999e-03	-4.016454e+00
2.334000e-05	-3.595472e-03	-4.005051e+00
2.335000e-05	-4.134669e-03	-4.005580e+00
2.336000e-05	-6.670470e-03	-4.016030e+00
2.337000e-05	-3.952177e-03	-4.006075e+00
2.338000e-05	-2.559266e-03	-4.007053e+00
2.339000e-05	-5.170582e-03	-4.027059e+00
2.340000e-05	-7.061832e-03	-3.996058e+00
2.341000e-05	-6.033391e-03	-4.048107e+00
2.342000e-05	-3.390770e-03	-4.008656e+00
2.343000e-05	-5.979932e-03	-4.037659e+00
2.344000e-05	-6.694060e-03	-4.058580e+00
2.345000e-05	-5.821608e-03	-4.025628e+00
2.346000e-05	-3.028316e-03	-4.016679e+00
2.347000e-05	-4.882010e-03	-4.056607e+00
2.348000e-05	-5.636615e-03	-4.028130e+00
2.349000e-05	-5.886159e-03	-4.038078e+00
2.350000e-05	-4.601658e-03	-4.025634e+00
2.351000e-05	-5.981752e-03	-4.017653e+00
2.352000e-05	-5.398108e-03	-4.007579e+00
2.353000e-05	-5.048406e-03	-4.038032e+00
2.354000e-05	-4.449019e-03	-4.039079e+00
2.355000e-05	-5.631654e-03	-4.006530e+00
2.356000e-05	-6.834065e-03	-4.026054e+00
2.357000e-05	-5.232650e-03	-3.996079e+00
2.358000e-05	-4.941867e-03	-4.026104e+00
2.359000e-05	-4.315720e-03	-4.005578e+00
2.360000e-05	-6.094930e-03	-4.015950e+00
2.361000e-05	-4.254829e-03	-3.995024e+00
2.362000e-05	-4.596330e-03	-3.986550e+00
2.363000e-05	-5.155402e-03	-3.985451e+00
2.364000e-05	-6.338755e-03	-3.996526e+00
2.365000e-05	-5.852466e-03	-3.985496e+00
2.366000e-05	-4.717238e-03	-3.974949e+00
2.367000e-05	-4.527832e-03	-3.964975e+00
2.368000e-05	-5.086303e-03	-3.963999e+00
2.369000e-05	-3.973097e-03	-3.954500e+00
2.370000e-05	-4.234410e-03	-3.933470e+00
2.371000e-05	-4.857286e-03	-3.962850e+00
2.372000e-05	-6.311830e-03	-3.892917e+00
2.373000e-05	-5.512309e-03	-3.931938e+00
2.374000e-05	-4.025833e-03	-3.890291e+00
2.375000e-05	-4.561523e-03	-3.858786e+00
2.376000e-05	-5.411403e-03	-3.828233e+00
2.377000e-05	-4.568918e-03	-3.801602e+00
2.378000e-05	-3.677943e-03	-3.766579e+00
2.379000e-05	-3.640857e-03	-3.767101e+00
2.380000e-05	-6.391665e-03	-3.743867e+00
2.381000e-05	-4.721259e-03	-3.713468e+00
2.382000e-05	-4.863882e-03	-3.690865e+00
2.383000e-05	-4.861508e-03	-3.671154e+00
2.384000e-05	-6.226192e-03	-3.617230e+00
2.385000e-05	-4.972333e-03	-3.637606e+00
2.386000e-05	-3.623316e-03	-3.616004e+00
2.387000e-05	-4.455553e-03	-3.596502e+00
2.388000e-05	-4.770602e-03	-3.595000e+00
2.389000e-05	-5.334973e-03	-3.595999e+00
2.390000e-05	-4.451119e-03	-3.594975e+00
2.391000e-05	-3.828082e-03	-3.565474e+00
2.392000e-05	-6.136330e-03	-3.582996e+00
2.393000e-05	-3.686620e-03	-3.522792e+00
2.394000e-05	-4.912924e-03	-3.491333e+00
2.395000e-05	-4.057615e-03	-3.420761e+00
2.396000e-05	-6.052562e-03	-3.420658e+00
2.397000e-05	-4.458186e-03	-3.398079e+00
2.398000e-05	-3.973213e-03	-3.407601e+00
2.399000e-05	-3.369006e-03	-3.388072e+00
2.400000e-05	-6.140625e-03	-3.375948e+00
2.401000e-05	-5.063797e-03	-3.344892e+00
2.402000e-05	-4.441478e-03	-3.261887e+00
2.403000e-05	-3.858550e-03	-3.291787e+00
2.404000e-05	-6.425075e-03	-3.240132e+00
2.405000e-05	-4.647215e-03	-3.218630e+00
2.406000e-05	-4.459376e-03	-3.206528e+00
2.407000e-05	-3.625272e-03	-3.196503e+00
2.408000e-05	-6.173600e-03	-3.165973e+00
2.409000e-05	-5.334572e-03	-3.155422e+00
2.410000e-05	-4.207778e-03	-3.106395e+00
2.411000e-05	-4.644231e-03	-3.082212e+00
2.412000e-05	-5.939878e-03	-3.000132e+00
2.413000e-05	-5.202836e-03	-3.017127e+00
2.414000e-05	-4.144008e-03	-2.954915e+00
2.415000e-05	-4.507179e-03	-2.873836e+00
2.416000e-05	-5.332473e-03	-2.901212e+00
2.417000e-05	-4.490401e-03	-2.820053e+00
2.418000e-05	-3.885736e-03	-2.799076e+00
2.419000e-05	-4.717889e-03	-2.797051e+00
2.420000e-05	-5.881193e-03	-2.776449e+00
2.421000e-05	-4.037486e-03	-2.756445e+00
2.422000e-05	-4.230194e-03	-2.733817e+00
2.423000e-05	-4.716704e-03	-2.692785e+00
2.424000e-05	-6.102374e-03	-2.612208e+00
2.425000e-05	-4.684228e-03	-2.619052e+00
2.426000e-05	-3.715818e-03	-2.587049e+00
2.427000e-05	-4.496128e-03	-2.566869e+00
2.428000e-05	-5.340850e-03	-2.535389e+00
2.429000e-05	-3.427119e-03	-2.433736e+00
2.430000e-05	-3.943367e-03	-2.430632e+00
2.431000e-05	-3.850848e-03	-2.408549e+00
2.432000e-05	-5.808194e-03	-2.409050e+00
2.433000e-05	-3.950428e-03	-2.357525e+00
2.434000e-05	-4.545898e-03	-2.355918e+00
2.435000e-05	-3.836840e-03	-2.326292e+00
2.436000e-05	-5.608556e-03	-2.241710e+00
2.437000e-05	-3.156615e-03	-2.250077e+00
2.438000e-05	-4.620937e-03	-2.126921e+00
2.439000e-05	-3.929088e-03	-2.083316e+00
2.440000e-05	-5.332822e-03	-2.041079e+00
2.441000e-05	-3.082553e-03	-2.010575e+00
2.442000e-05	-5.060197e-03	-1.989075e+00
2.443000e-05	-3.771289e-03	-1.977447e+00
2.444000e-05	-4.381829e-03	-1.905871e+00
2.445000e-05	-4.610528e-03	-1.902790e+00
2.446000e-05	-4.823046e-03	-1.841710e+00
2.447000e-05	-4.865778e-03	-1.801132e+00
2.448000e-05	-3.641394e-03	-1.769049e+00
2.449000e-05	-4.337607e-03	-1.776496e+00
2.450000e-05	-3.491830e-03	-1.686741e+00
2.451000e-05	-2.245239e-03	-1.672788e+00
2.452000e-05	-3.358931e-03	-1.621629e+00
2.453000e-05	-2.778914e-03	-1.610050e+00
2.454000e-05	-5.924205e-03	-1.618525e+00
2.455000e-05	-4.172657e-03	-1.577825e+00
2.456000e-05	-5.895109e-03	-1.487368e+00
2.457000e-05	-3.595135e-03	-1.429759e+00
2.458000e-05	-3.271866e-03	-1.348399e+00
2.459000e-05	-2.789803e-03	-1.267283e+00
2.460000e-05	-2.720354e-03	-1.204758e+00
2.461000e-05	-3.395297e-03	-1.242153e+00
2.462000e-05	-5.340575e-03	-1.177551e+00
2.463000e-05	-5.432671e-03	-1.127417e+00
2.464000e-05	-5.097882e-03	-1.074762e+00
2.465000e-05	-4.249692e-03	-1.053658e+00
2.466000e-05	-2.840352e-03	-1.009580e+00
2.467000e-05	-3.782960e-03	-9.799474e-01
2.468000e-05	-1.537515e-03	-9.368960e-01
2.469000e-05	-3.349669e-03	-8.351869e-01
2.470000e-05	-4.036738e-03	-8.726291e-01
2.471000e-05	-6.322833e-03	-8.011263e-01
2.472000e-05	-5.313241e-03	-7.995225e-01
2.473000e-05	-4.207091e-03	-7.389211e-01
2.474000e-05	-4.463480e-03	-7.444155e-01
2.475000e-05	-2.727249e-03	-6.347069e-01
2.476000e-05	-4.405010e-03	-5.900501e-01
2.477000e-05	-1.993031e-03	-5.189183e-01
2.478000e-05	-5.848462e-03	-4.762591e-01
2.479000e-05	-4.323681e-03	-4.026013e-01
2.480000e-05	-5.924030e-03	-3.816013e-01
2.481000e-05	-3.006950e-03	-3.789686e-01
2.482000e-05	-4.457675e-03	-3.283686e-01
2.483000e-05	-3.326420e-03	-3.147879e-01
2.484000e-05	-3.779246e-03	-2.321791e-01
2.485000e-05	-2.684782e-03	-2.110752e-01
2.486000e-05	-3.715145e-03	-2.015775e-01
2.487000e-05	-3.931313e-03	-2.000250e-01
2.488000e-05	-3.490824e-03	1.052503e-03
2.489000e-05	-3.702365e-03	-4.313033e-02
2.490000e-05	-1.056520e-03	-2.150519e-02
2.491000e-05	-2.318317e-03	3.897751e-02
2.492000e-05	-1.475223e-03	2.052764e-02
2.493000e-05	-4.060656e-03	9.063277e-02
2.494000e-05	-1.344571e-03	1.563420e-01
2.495000e-05	-3.021361e-03	2.294500e-01
2.496000e-05	6.663365e-03	2.711855e-01
2.497000e-05	1.327092e-02	3.643209e-01
2.498000e-05	8.221161e-03	3.669472e-01
2.499000e-05	-2.364755e-02	4.084763e-01
2.500000e-05	-4.410034e-02	4.405013e-01
2.501000e-05	1.724188e-02	4.715817e-01
2.502000e-05	3.081211e-02	4.937642e-01
2.503000e-05	-1.037059e-02	5.757959e-01
2.504000e-05	-4.113161e-02	5.954749e-01
2.505000e-05	2.943641e-02	6.286029e-01
2.506000e-05	4.399003e-02	6.536330e-01
2.507000e-05	-3.710966e-02	7.532684e-01
2.508000e-05	-2.355062e-02	7.249183e-01
2.509000e-05	2.352708e-03	7.984237e-01
2.510000e-05	1.569546e-02	8.089764e-01
2.511000e-05	-6.919950e-03	8.395553e-01
2.512000e-05	2.156279e-02	9.447331e-01
2.513000e-05	-4.449920e-02	1.006795e+00
2.514000e-05	-4.253890e-03	1.068603e+00
2.515000e-05	3.088217e-02	1.111190e+00
2.516000e-05	7.288035e-03	1.154421e+00
2.517000e-05	-5.602829e-02	1.236925e+00
2.518000e-05	1.347546e-02	1.248005e+00
2.519000e-05	4.798407e-02	1.242109e+00
2.520000e-05	-1.916576e-02	1.323316e+00
2.521000e-05	-3.722569e-02	1.374295e+00
2.522000e-05	2.547103e-03	1.396878e+00
2.523000e-05	3.402321e-02	1.459133e+00
2.524000e-05	-1.395417e-02	1.504314e+00
2.525000e-05	-2.377506e-02	1.678934e+00
2.526000e-05	-1.360768e-03	1.667628e+00
2.527000e-05	3.226795e-02	1.667234e+00
2.528000e-05	-2.083967e-02	1.732216e+00
2.529000e-05	-1.688282e-02	1.784842e+00
2.530000e-05	5.174064e-03	1.744899e+00
2.531000e-05	1.113951e-02	1.808523e+00
2.532000e-05	-8.110652e-03	1.881605e+00
2.533000e-05	-6.864088e-03	1.902211e+00
2.534000e-05	-5.418248e-03	1.973290e+00
2.535000e-05	6.198025e-03	1.955471e+00
2.536000e-05	3.475779e-03	2.016951e+00
2.537000e-05	-1.444704e-02	2.006976e+00
2.538000e-05	-3.772623e-03	2.028104e+00
2.539000e-05	8.843749e-03	2.070134e+00
2.540000e-05	-4.068769e-05	2.102292e+00
2.541000e-05	-1.242781e-02	2.164847e+00
2.542000e-05	-1.728995e-03	2.195924e+00
2.543000e-05	3.329607e-03	2.206976e+00
2.544000e-05	8.133062e-04	2.288509e+00
2.545000e-05	-9.845997e-03	2.300163e+00
2.546000e-05	-3.418212e-03	2.353343e+00
2.547000e-05	5.238072e-03	2.375399e+00
2.548000e-05	1.415557e-03	2.384899e+00
2.549000e-05	-1.144764e-02	2.415951e+00
2.550000e-05	-3.110296e-03	2.389554e+00
2.551000e-05	5.183375e-03	2.469104e+00
2.552000e-05	-8.568654e-04	2.503716e+00
2.553000e-05	-9.602786e-03	2.583399e+00
2.554000e-05	-1.784035e-03	2.644007e+00
2.555000e-05	2.969733e-03	2.699661e+00
2.556000e-05	-1.115928e-04	2.702294e+00
2.557000e-05	-8.411471e-03	2.734770e+00
2.558000e-05	-2.686665e-03	2.793901e+00
2.559000e-05	2.540997e-03	2.796449e+00
2.560000e-05	1.120230e-03	2.796000e+00
2.561000e-05	-6.934592e-03	2.817579e+00
2.562000e-05	-3.517294e-03	2.859683e+00
2.563000e-05	2.530622e-03	2.880785e+00
2.564000e-05	-3.952853e-04	2.941792e+00
2.565000e-05	-5.012775e-03	2.953821e+00
2.566000e-05	-2.633896e-03	2.995897e+00
2.567000e-05	2.684513e-03	3.007054e+00
2.568000e-05	6.152957e-04	3.027049e+00
2.569000e-05	-4.359532e-03	3.050157e+00
2.570000e-05	-3.867718e-03	3.079739e+00
2.571000e-05	3.039940e-03	3.122318e+00
2.572000e-05	-2.654944e-05	3.132842e+00
2.573000e-05	-3.927754e-03	3.173871e+00
2.574000e-05	-4.182551e-03	3.175421e+00
2.575000e-05	1.939068e-03	3.204474e+00
2.576000e-05	3.568822e-04	3.207500e+00
2.577000e-05	-3.459910e-03	3.207503e+00
2.578000e-05	-2.968914e-03	3.269630e+00
2.579000e-05	7.645644e-04	3.259657e+00
2.580000e-05	3.331727e-04	3.288771e+00
2.581000e-05	-3.671430e-03	3.343266e+00
2.582000e-05	-2.889313e-03	3.392924e+00
2.583000e-05	8.380052e-04	3.436482e+00
2.584000e-05	6.461118e-04	3.448584e+00
2.585000e-05	-3.443394e-03	3.469059e+00
2.586000e-05	-1.811762e-03	3.542786e+00
2.587000e-05	-1.551214e-05	3.571341e+00
2.588000e-05	4.106334e-04	3.552946e+00
2.589000e-05	-2.976597e-03	3.582924e+00
2.590000e-05	-1.139999e-03	3.594473e+00
2.591000e-05	-9.423564e-06	3.575451e+00
2.592000e-05	1.400407e-04	3.606503e+00
2.593000e-05	-2.878517e-03	3.607451e+00
2.594000e-05	-2.085615e-03	3.615552e+00
2.595000e-05	-1.126609e-03	3.617054e+00
2.596000e-05	2.091388e-04	3.658163e+00
2.597000e-05	-1.948865e-03	3.680711e+00
2.598000e-05	-6.487285e-04	3.689712e+00
2.599000e-05	2.975187e-04	3.712263e+00
2.600000e-05	2.084224e-05	3.742317e+00
2.601000e-05	-2.632876e-03	3.733342e+00
2.602000e-05	-2.514190e-03	3.752321e+00
2.603000e-05	-9.035314e-04	3.743970e+00
2.604000e-05	-8.915787e-04	3.785500e+00
2.605000e-05	-2.010223e-03	3.793926e+00
2.606000e-05	-1.670491e-03	3.794526e+00
2.607000e-05	-2.776855e-04	3.816025e+00
2.608000e-05	-9.567494e-05	3.806059e+00
2.609000e-05	-1.669760e-03	3.826059e+00
2.610000e-05	-2.321326e-03	3.867130e+00
2.611000e-05	-1.232910e-05	3.817110e+00
2.612000e-05	-8.343115e-04	3.848132e+00
2.613000e-05	-2.134966e-03	3.838129e+00
2.614000e-05	-2.274932e-03	3.870610e+00
2.615000e-05	-6.057829e-04	3.879208e+00
2.616000e-05	-8.957586e-04	3.901241e+00
2.617000e-05	-1.406156e-03	3.929614e+00
2.618000e-05	-2.136061e-03	3.880188e+00
2.619000e-05	-1.817973e-04	3.882337e+00
2.620000e-05	-5.931264e-04	3.921415e+00
2.621000e-05	-1.255285e-03	3.924345e+00
2.622000e-05	-2.194168e-03	3.911917e+00
2.623000e-05	-9.380334e-04	3.921821e+00
2.624000e-05	-1.197265e-03	3.903340e+00
2.625000e-05	-1.530721e-03	3.932768e+00
2.626000e-05	-2.304367e-03	3.952292e+00
2.627000e-05	-1.624982e-03	3.902392e+00
2.628000e-05	-2.546613e-05	3.943892e+00
2.629000e-05	4.770229e-04	3.984895e+00
2.630000e-05	-1.398395e-03	3.972870e+00
2.631000e-05	-5.131831e-04	3.941924e+00
2.632000e-05	-1.309188e-03	4.004395e+00
2.633000e-05	-1.917372e-03	3.962294e+00
2.634000e-05	-2.162082e-03	3.902369e+00
2.635000e-05	-3.449410e-04	3.951869e+00
2.636000e-05	-1.300473e-04	3.925395e+00
2.637000e-05	1.503735e-04	3.943320e+00
2.638000e-05	-6.764338e-04	3.923342e+00
2.639000e-05	-1.075594e-03	3.931841e+00
2.640000e-05	-1.687505e-03	3.891812e+00
2.641000e-05	-6.300518e-04	3.902818e+00
2.642000e-05	-9.026308e-04	3.922265e+00
2.643000e-05	-1.181451e-03	3.921738e+00
2.644000e-05	-3.114762e-04	3.913287e+00
2.645000e-05	3.713918e-05	3.869212e+00
2.646000e-05	-6.195351e-04	3.870189e+00
2.647000e-05	-2.064515e-03	3.849711e+00
2.648000e-05	3.241922e-04	3.846729e+00
2.649000e-05	-9.578639e-04	3.848713e+00
2.650000e-05	-4.423707e-04	3.848155e+00
2.651000e-05	-2.281804e-03	3.858578e+00
2.652000e-05	-4.514493e-04	3.816104e+00
2.653000e-05	-1.424439e-03	3.817031e+00
2.654000e-05	-4.272056e-04	3.807578e+00
2.655000e-05	-2.153955e-03	3.817554e+00
2.656000e-05	-7.636369e-05	3.796475e+00
2.657000e-05	-9.855572e-04	3.765876e+00
2.658000e-05	-3.475421e-04	3.743974e+00
2.659000e-05	-2.003745e-03	3.743872e+00
2.660000e-05	-3.967474e-04	3.713369e+00
2.661000e-05	-1.635537e-03	3.703340e+00
2.662000e-05	-1.122660e-03	3.712308e+00
2.663000e-05	-1.726158e-03	3.652238e+00
2.664000e-05	-1.882212e-03	3.711709e+00
2.665000e-05	-6.169887e-05	3.630633e+00
2.666000e-05	-9.930922e-04	3.617631e+00
2.667000e-05	-2.040733e-03	3.638128e+00
2.668000e-05	-1.894716e-03	3.596526e+00
2.669000e-05	-1.164006e-03	3.626504e+00
2.670000e-05	-1.564021e-03	3.595524e+00
2.671000e-05	-2.532075e-03	3.585549e+00
2.672000e-05	-2.123229e-03	3.596025e+00
2.673000e-05	-1.073988e-03	3.574946e+00
2.674000e-05	-1.368953e-03	3.594868e+00
2.675000e-05	-2.931650e-03	3.524345e+00
2.676000e-05	-2.986146e-03	3.533365e+00
2.677000e-05	-2.051548e-03	3.502787e+00
2.678000e-05	-9.495913e-04	3.440103e+00
2.679000e-05	-1.038814e-03	3.398203e+00
2.680000e-05	-1.737654e-03	3.376370e+00
2.681000e-05	-1.268358e-03	3.312420e+00
2.682000e-05	-1.707856e-03	3.284167e+00
2.683000e-05	-2.429263e-03	3.223683e+00
2.684000e-05	-3.242193e-03	3.230104e+00
2.685000e-05	-1.372717e-03	3.217530e+00
2.686000e-05	-2.085572e-03	3.197025e+00
2.687000e-05	-1.748935e-03	3.197051e+00
2.688000e-05	-1.593559e-03	3.175449e+00
2.689000e-05	-8.136364e-04	3.153445e+00
2.690000e-05	-1.801697e-03	3.133790e+00
2.691000e-05	-2.266728e-03	3.113263e+00
2.692000e-05	-1.950945e-03	3.049211e+00
2.693000e-05	-2.077611e-03	3.038630e+00
2.694000e-05	-1.486025e-03	3.018504e+00
2.695000e-05	-2.769775e-03	2.986973e+00
2.696000e-05	-1.514062e-03	2.976400e+00
2.697000e-05	-2.099499e-03	2.944417e+00
2.698000e-05	-9.954346e-04	2.934291e+00
2.699000e-05	-1.394606e-03	2.902813e+00
2.700000e-05	-1.412650e-03	2.859257e+00
2.701000e-05	-1.917986e-03	2.860108e+00
2.702000e-05	-1.911474e-03	2.837053e+00
2.703000e-05	-3.269992e-03	2.796499e+00
2.704000e-05	-1.174154e-03	2.765896e+00
2.705000e-05	-2.085963e-03	2.735920e+00
2.706000e-05	-1.387364e-03	2.744368e+00
2.707000e-05	-1.716793e-03	2.681182e+00
2.708000e-05	-2.037739e-03	2.619555e+00
2.709000e-05	-1.795192e-03	2.547571e+00
2.710000e-05	-1.512143e-03	2.466295e+00
2.711000e-05	-1.715909e-03	2.471608e+00
2.712000e-05	-1.986678e-03	2.420107e+00
2.713000e-05	-1.983092e-03	2.408500e+00
2.714000e-05	-2.716658e-03	2.386023e+00
2.715000e-05	-2.135395e-03	2.356271e+00
2.716000e-05	-1.565620e-03	2.314337e+00
2.717000e-05	-1.704957e-03	2.271661e+00
2.718000e-05	-1.796511e-03	2.232105e+00
2.719000e-05	-2.662897e-03	2.207629e+00
2.720000e-05	-1.666750e-03	2.177924e+00
2.721000e-05	-2.313282e-03	2.136472e+00
2.722000e-05	-2.715999e-03	2.133767e+00
2.723000e-05	-2.941397e-03	2.072259e+00
2.724000e-05	-1.800447e-03	2.019084e+00
2.725000e-05	-1.598533e-03	1.998604e+00
2.726000e-05	-2.729901e-03	1.997476e+00
2.727000e-05	-1.978708e-03	1.957898e+00
2.728000e-05	-2.027757e-03	1.966294e+00
2.729000e-05	-2.753864e-03	1.853312e+00
2.730000e-05	-2.623151e-03	1.840103e+00
2.731000e-05	-2.646865e-03	1.799948e+00
2.732000e-05	-2.936809e-03	1.756870e+00
2.733000e-05	-1.653467e-03	1.695316e+00
2.734000e-05	-3.831131e-03	1.724333e+00
2.735000e-05	-1.970292e-03	1.663138e+00
2.736000e-05	-4.051364e-03	1.630125e+00
2.737000e-05	-1.371322e-03	1.540075e+00
2.738000e-05	-2.332902e-03	1.524818e+00
2.739000e-05	-2.910012e-03	1.463737e+00
2.740000e-05	-3.471781e-03	1.451028e+00
2.741000e-05	-2.784462e-03	1.408474e+00
2.742000e-05	-3.479374e-03	1.335465e+00
2.743000e-05	-2.767262e-03	1.336737e+00
2.744000e-05	-3.854356e-03	1.252759e+00
2.745000e-05	-2.168302e-03	1.231603e+00
2.746000e-05	-3.585946e-03	1.190501e+00
2.747000e-05	-2.439827e-03	1.145896e+00
2.748000e-05	-3.696672e-03	1.124211e+00
2.749000e-05	-2.969448e-03	1.041103e+00
2.750000e-05	-3.008091e-03	9.573398e-01
2.751000e-05	-4.204350e-03	9.057880e-01
2.752000e-05	-2.664130e-03	8.436815e-01
2.753000e-05	-3.211558e-03	8.115276e-01
2.754000e-05	-3.634744e-03	7.879986e-01
2.755000e-05	-4.612633e-03	7.579186e-01
2.756000e-05	-2.661894e-03	6.868620e-01
2.757000e-05	-2.324790e-03	6.941830e-01
2.758000e-05	-3.433479e-03	6.225253e-01
2.759000e-05	-4.019695e-03	5.695263e-01
2.760000e-05	-2.916943e-03	5.279172e-01
2.761000e-05	-2.713896e-03	4.852369e-01
2.762000e-05	-3.835764e-03	4.531819e-01
2.763000e-05	-4.427682e-03	4.310301e-01
2.764000e-05	-2.364545e-03	3.905499e-01
2.765000e-05	-2.324009e-03	3.884711e-01
2.766000e-05	-2.996318e-03	3.472921e-01
2.767000e-05	-3.264101e-03	2.451831e-01
2.768000e-05	-3.118077e-03	1.600212e-01
2.769000e-05	-2.480908e-03	8.828973e-02
2.770000e-05	-3.743499e-03	7.520553e-02
2.771000e-05	-4.292335e-03	6.512639e-02
2.772000e-05	-3.116224e-03	1.252631e-02
2.773000e-05	-1.754465e-03	-1.107776e-02
2.774000e-05	-2.582179e-03	-5.160527e-02
2.775000e-05	-1.903495e-03	-1.147870e-01
2.776000e-05	-6.158608e-04	-1.058396e-01
2.777000e-05	-1.179720e-03	-1.683998e-01
2.778000e-05	-2.029258e-03	-2.079764e-01
2.779000e-05	-1.367040e-03	-2.416305e-01
2.780000e-05	6.333285e-03	-3.042157e-01
2.781000e-05	1.515203e-02	-3.438695e-01
2.782000e-05	9.736752e-03	-3.773950e-01
2.783000e-05	-1.755684e-02	-4.106013e-01
2.784000e-05	-5.060874e-02	-4.721603e-01
2.785000e-05	2.383387e-02	-4.426616e-01
2.786000e-05	3.557210e-02	-4.847658e-01
2.787000e-05	1.108687e-03	-5.499975e-01
2.788000e-05	-3.065856e-02	-7.017119e-01
2.789000e-05	3.679904e-02	-7.432961e-01
2.790000e-05	4.737498e-02	-7.254173e-01
2.791000e-05	-4.417178e-02	-7.890248e-01
2.792000e-05	-1.642596e-02	-8.495279e-01
2.793000e-05	6.420719e-03	-8.371805e-01
2.794000e-05	5.464323e-03	-8.822105e-01
2.795000e-05	-2.751153e-02	-9.753434e-01
2.796000e-05	2.468100e-02	-9.669462e-01
2.797000e-05	-4.873974e-02	-1.047478e+00
2.798000e-05	-2.162647e-02	-1.032209e+00
2.799000e-05	4.653942e-02	-1.103768e+00
2.800000e-05	2.282143e-02	-1.175923e+00
2.801000e-05	-5.281937e-02	-1.176449e+00
2.802000e-05	2.518828e-02	-1.249130e+00
2.803000e-05	5.972800e-02	-1.293340e+00
2.804000e-05	-4.120833e-02	-1.364346e+00
2.805000e-05	-4.085154e-02	-1.357954e+00
2.806000e-05	1.380943e-02	-1.459264e+00
2.807000e-05	3.113870e-02	-1.576298e+00
2.808000e-05	-2.210581e-02	-1.594424e+00
2.809000e-05	-2.403541e-02	-1.598501e+00
2.810000e-05	-2.185772e-03	-1.671080e+00
2.811000e-05	4.523579e-02	-1.672239e+00
2.812000e-05	-2.791840e-02	-1.721217e+00
2.813000e-05	-3.811949e-02	-1.755422e+00
2.814000e-05	2.330263e-02	-1.795497e+00
2.815000e-05	1.696482e-02	-1.858031e+00
2.816000e-05	-2.582931e-02	-1.850634e+00
2.817000e-05	-8.851241e-03	-1.892761e+00
2.818000e-05	3.720618e-03	-1.944792e+00
2.819000e-05	4.746263e-03	-1.965375e+00
2.820000e-05	-1.881695e-03	-1.996975e+00
2.821000e-05	-2.404805e-02	-2.027501e+00
2.822000e-05	4.036419e-03	-2.030604e+00
2.823000e-05	1.212777e-02	-2.079705e+00
2.824000e-05	-9.391911e-03	-2.162723e+00
2.825000e-05	-1.544120e-02	-2.227078e+00
2.826000e-05	-1.029764e-03	-2.268635e+00
2.827000e-05	5.982407e-03	-2.341216e+00
2.828000e-05	-5.634492e-04	-2.363424e+00
2.829000e-05	-1.777928e-02	-2.365450e+00
2.830000e-05	-2.774384e-03	-2.395976e+00
2.831000e-05	9.928609e-03	-2.439081e+00
2.832000e-05	-4.039357e-03	-2.429707e+00
2.833000e-05	-1.677015e-02	-2.469185e+00
2.834000e-05	-3.815637e-03	-2.544891e+00
2.835000e-05	8.715920e-03	-2.534875e+00
2.836000e-05	-2.909667e-03	-2.605475e+00
2.837000e-05	-1.671062e-02	-2.627603e+00
2.838000e-05	-4.049922e-04	-2.679605e+00
2.839000e-05	5.571627e-03	-2.720740e+00
2.840000e-05	-4.085886e-03	-2.703272e+00
2.841000e-05	-1.277909e-02	-2.764449e+00
2.842000e-05	-4.859047e-03	-2.785975e+00
2.843000e-05	5.476632e-03	-2.796500e+00
2.844000e-05	-3.313477e-03	-2.805503e+00
2.845000e-05	-1.316220e-02	-2.828033e+00
2.846000e-05	-3.150990e-03	-2.860238e+00
2.847000e-05	3.005511e-03	-2.891766e+00
2.848000e-05	-2.829667e-03	-2.968376e+00
2.849000e-05	-1.055602e-02	-2.998229e+00
2.850000e-05	-5.943461e-03	-3.120113e+00
2.851000e-05	3.486580e-03	-3.102364e+00
2.852000e-05	-3.994015e-03	-3.140871e+00
2.853000e-05	-9.092052e-03	-3.174396e+00
2.854000e-05	-6.845623e-03	-3.173972e+00
2.855000e-05	1.607104e-03	-3.186549e+00
2.856000e-05	-2.856808e-03	-3.216528e+00
2.857000e-05	-7.561038e-03	-3.257080e+00
2.858000e-05	-6.017990e-03	-3.249213e+00
2.859000e-05	7.480463e-04	-3.300737e+00
2.860000e-05	-2.737073e-03	-3.291790e+00
2.861000e-05	-7.913158e-03	-3.342374e+00
2.862000e-05	-8.119712e-03	-3.382950e+00
2.863000e-05	-1.198150e-03	-3.375024e+00
2.864000e-05	-2.604733e-03	-3.405974e+00
2.865000e-05	-8.158078e-03	-3.416582e+00
2.866000e-05	-6.834068e-03	-3.449162e+00
2.867000e-05	-1.428596e-03	-3.489686e+00
2.868000e-05	-1.295398e-03	-3.479715e+00
2.869000e-05	-7.857966e-03	-3.502817e+00
2.870000e-05	-6.257459e-03	-3.543346e+00
2.871000e-05	-2.301407e-03	-3.533397e+00
2.872000e-05	-2.691363e-03	-3.554420e+00
2.873000e-05	-8.023122e-03	-3.583925e+00
2.874000e-05	-7.029946e-03	-3.585028e+00
2.875000e-05	-2.758932e-03	-3.596053e+00
2.876000e-05	-2.111891e-03	-3.587054e+00
2.877000e-05	-7.048839e-03	-3.618078e+00
2.878000e-05	-5.804168e-03	-3.628553e+00
2.879000e-05	-2.688936e-03	-3.678159e+00
2.880000e-05	-2.541375e-03	-3.631760e+00
2.881000e-05	-6.458089e-03	-3.692737e+00
2.882000e-05	-7.056418e-03	-3.733896e+00
2.883000e-05	-3.294219e-03	-3.766954e+00
2.884000e-05	-3.114366e-03	-3.817429e+00
2.885000e-05	-6.209326e-03	-3.828530e+00
2.886000e-05	-6.770658e-03	-3.851605e+00
2.887000e-05	-3.822862e-03	-3.869085e+00
2.888000e-05	-2.246307e-03	-3.879866e+00
2.889000e-05	-5.503634e-03	-3.901769e+00
2.890000e-05	-5.997186e-03	-3.913365e+00
2.891000e-05	-3.220126e-03	-3.963272e+00
2.892000e-05	-2.549324e-03	-3.942897e+00
2.893000e-05	-5.076386e-03	-3.963449e+00
2.894000e-05	-7.987747e-03	-3.983974e+00
2.895000e-05	-3.448970e-03	-3.985474e+00
2.896000e-05	-3.429603e-03	-3.964447e+00
2.897000e-05	-3.805394e-03	-3.975024e+00
2.898000e-05	-6.182570e-03	-3.994999e+00
2.899000e-05	-4.484147e-03	-3.975550e+00
2.900000e-05	-3.258247e-03	-3.986026e+00
2.901000e-05	-5.084928e-03	-4.015578e+00
2.902000e-05	-6.768582e-03	-3.995003e+00
2.903000e-05	-4.597636e-03	-4.015053e+00
2.904000e-05	-3.501624e-03	-4.006504e+00
2.905000e-05	-4.289335e-03	-3.998053e+00
2.906000e-05	-6.379912e-03	-4.025604e+00
2.907000e-05	-5.255309e-03	-3.987055e+00
2.908000e-05	-3.437829e-03	-4.017604e+00
2.909000e-05	-4.235413e-03	-4.005551e+00
2.910000e-05	-4.072708e-03	-4.027605e+00
2.911000e-05	-4.156931e-03	-4.018208e+00
2.912000e-05	-3.556316e-03	-4.056558e+00
2.913000e-05	-5.575874e-03	-4.016604e+00
2.914000e-05	-5.675072e-03	-4.014032e+00
2.915000e-05	-5.236838e-03	-4.019056e+00
2.916000e-05	-3.678823e-03	-4.007128e+00
2.917000e-05	-5.067561e-03	-4.036628e+00
2.918000e-05	-5.314024e-03	-4.018608e+00
2.919000e-05	-4.703488e-03	-4.017051e+00
2.920000e-05	-3.919919e-03	-4.007033e+00
2.921000e-05	-5.100593e-03	-4.007129e+00
2.922000e-05	-4.691370e-03	-4.016004e+00
2.923000e-05	-6.014886e-03	-4.016605e+00
2.924000e-05	-5.380425e-03	-4.017005e+00
2.925000e-05	-6.277062e-03	-4.016529e+00
2.926000e-05	-5.622717e-03	-4.018004e+00
2.927000e-05	-4.948415e-03	-4.005551e+00
2.928000e-05	-4.444646e-03	-4.025453e+00
2.929000e-05	-3.285325e-03	-4.006051e+00
2.930000e-05	-4.680641e-03	-4.006026e+00
2.931000e-05	-4.109373e-03	-4.004950e+00
2.932000e-05	-5.823695e-03	-4.005000e+00
2.933000e-05	-4.811067e-03	-4.004951e+00
2.934000e-05	-6.036758e-03	-3.994524e+00
2.935000e-05	-6.056376e-03	-3.984950e+00
2.936000e-05	-4.516195e-03	-3.954922e+00
2.937000e-05	-4.378159e-03	-3.984497e+00
2.938000e-05	-4.047177e-03	-3.954972e+00
2.939000e-05	-5.250340e-03	-3.934420e+00
2.940000e-05	-3.972467e-03	-3.922896e+00
2.941000e-05	-5.934307e-03	-3.924394e+00
2.942000e-05	-5.788469e-03	-3.893317e+00
2.943000e-05	-6.144940e-03	-3.931888e+00
2.944000e-05	-4.455408e-03	-3.870234e+00
2.945000e-05	-5.436098e-03	-3.869235e+00
2.946000e-05	-4.273174e-03	-3.859184e+00
2.947000e-05	-5.672525e-03	-3.768533e+00
2.948000e-05	-3.735726e-03	-3.745499e+00
2.949000e-05	-4.512721e-03	-3.784376e+00
2.950000e-05	-5.497308e-03	-3.703367e+00
2.951000e-05	-5.536637e-03	-3.712190e+00
2.952000e-05	-4.986672e-03	-3.650688e+00
2.953000e-05	-4.791633e-03	-3.648186e+00
2.954000e-05	-5.944106e-03	-3.658136e+00
2.955000e-05	-5.442304e-03	-3.617528e+00
2.956000e-05	-4.672662e-03	-3.596627e+00
2.957000e-05	-3.659075e-03	-3.606000e+00
2.958000e-05	-5.337591e-03	-3.595999e+00
2.959000e-05	-4.764437e-03	-3.585023e+00
2.960000e-05	-4.736641e-03	-3.564950e+00
2.961000e-05	-3.363463e-03	-3.544896e+00
2.962000e-05	-5.167334e-03	-3.534917e+00
2.963000e-05	-5.280121e-03	-3.524261e+00
2.964000e-05	-5.147002e-03	-3.452266e+00
2.965000e-05	-3.473836e-03	-3.440682e+00
2.966000e-05	-4.363924e-03	-3.428104e+00
2.967000e-05	-5.033582e-03	-3.386628e+00
2.968000e-05	-4.475877e-03	-3.377528e+00
2.969000e-05	-2.991857e-03	-3.376474e+00
2.970000e-05	-4.761429e-03	-3.345494e+00
2.971000e-05	-5.323621e-03	-3.323890e+00
2.972000e-05	-5.120319e-03	-3.272842e+00
2.973000e-05	-2.999464e-03	-3.271713e+00
2.974000e-05	-4.604285e-03	-3.218632e+00
2.975000e-05	-4.902231e-03	-3.199058e+00
2.976000e-05	-5.184302e-03	-3.187026e+00
2.977000e-05	-4.387999e-03	-3.165501e+00
2.978000e-05	-5.046888e-03	-3.125974e+00
2.979000e-05	-4.741622e-03	-3.146371e+00
2.980000e-05	-4.589358e-03	-3.103816e+00
2.981000e-05	-3.573089e-03	-3.011709e+00
2.982000e-05	-4.504580e-03	-3.041127e+00
2.983000e-05	-4.920927e-03	-2.957481e+00
2.984000e-05	-4.820829e-03	-2.915422e+00
2.985000e-05	-5.101429e-03	-2.864261e+00
2.986000e-05	-4.282184e-03	-2.851132e+00
2.987000e-05	-4.810977e-03	-2.831103e+00
2.988000e-05	-4.580306e-03	-2.787603e+00
2.989000e-05	-4.472055e-03	-2.798025e+00
2.990000e-05	-4.020310e-03	-2.776997e+00
2.991000e-05	-4.854540e-03	-2.725871e+00
2.992000e-05	-5.229641e-03	-2.694813e+00
2.993000e-05	-5.172430e-03	-2.671661e+00
2.994000e-05	-3.675894e-03	-2.640207e+00
2.995000e-05	-4.831226e-03	-2.608550e+00
2.996000e-05	-5.104226e-03	-2.565923e+00
2.997000e-05	-4.855833e-03	-2.535446e+00
2.998000e-05	-3.924355e-03	-2.484812e+00
2.999000e-05	-4.782937e-03	-2.461764e+00
3.000000e-05	-5.141221e-03	-2.421203e+00
3.001000e-05	-4.447406e-03	-2.397025e+00
3.002000e-05	-3.566821e-03	-2.376976e+00
3.003000e-05	-4.859502e-03	-2.377000e+00
3.004000e-05	-5.261275e-03	-2.345417e+00
3.005000e-05	-5.138606e-03	-2.303238e+00
3.006000e-05	-4.666485e-03	-2.231657e+00
3.007000e-05	-4.938166e-03	-2.179569e+00
3.008000e-05	-5.156883e-03	-2.116322e+00
3.009000e-05	-4.094693e-03	-2.081762e+00
3.010000e-05	-3.484902e-03	-2.018678e+00
3.011000e-05	-4.557815e-03	-1.998024e+00
3.012000e-05	-5.389846e-03	-1.997524e+00
3.013000e-05	-4.829483e-03	-1.976446e+00
3.014000e-05	-4.586739e-03	-1.915842e+00
3.015000e-05	-5.199013e-03	-1.903714e+00
3.016000e-05	-4.600424e-03	-1.820629e+00
3.017000e-05	-4.425888e-03	-1.809552e+00
3.018000e-05	-3.970313e-03	-1.789945e+00
3.019000e-05	-3.666639e-03	-1.747846e+00
3.020000e-05	-4.101714e-03	-1.715213e+00
3.021000e-05	-3.580655e-03	-1.672711e+00
3.022000e-05	-4.111403e-03	-1.630108e+00
3.023000e-05	-4.342429e-03	-1.612026e+00
3.024000e-05	-5.885036e-03	-1.599022e+00
3.025000e-05	-4.299363e-03	-1.556392e+00
3.026000e-05	-4.039476e-03	-1.433740e+00
3.027000e-05	-4.414261e-03	-1.350500e+00
3.028000e-05	-4.635487e-03	-1.346966e+00
3.029000e-05	-4.087163e-03	-1.235187e+00
3.030000e-05	-3.367501e-03	-1.253705e+00
3.031000e-05	-4.179353e-03	-1.199025e+00
3.032000e-05	-4.583523e-03	-1.178921e+00
3.033000e-05	-3.653347e-03	-1.087316e+00
3.034000e-05	-4.340477e-03	-1.044315e+00
3.035000e-05	-4.301329e-03	-1.010574e+00
3.036000e-05	-5.010459e-03	-9.800024e-01
3.037000e-05	-3.968783e-03	-9.594448e-01
3.038000e-05	-4.117475e-03	-9.168681e-01
3.039000e-05	-3.667812e-03	-8.426332e-01
3.040000e-05	-2.743684e-03	-8.216277e-01
3.041000e-05	-4.212389e-03	-8.010538e-01
3.042000e-05	-3.807295e-03	-7.684973e-01
3.043000e-05	-4.503432e-03	-7.388673e-01
3.044000e-05	-4.309679e-03	-6.947857e-01
3.045000e-05	-3.749012e-03	-6.136282e-01
3.046000e-05	-3.915444e-03	-5.998463e-01
3.047000e-05	-3.718919e-03	-5.071882e-01
3.048000e-05	-3.738530e-03	-4.647327e-01
3.049000e-05	-3.663082e-03	-4.010514e-01
3.050000e-05	-3.564770e-03	-3.905012e-01
3.051000e-05	-4.525729e-03	-3.689211e-01
3.052000e-05	-3.134338e-03	-3.378645e-01
3.053000e-05	-4.856159e-03	-3.157557e-01
3.054000e-05	-2.599537e-03	-2.231038e-01
3.055000e-05	-3.562456e-03	-2.300776e-01
3.056000e-05	-3.758700e-03	-1.378961e-01
3.057000e-05	-4.262052e-03	-1.167657e-01
3.058000e-05	-3.689513e-03	-4.623428e-02
3.059000e-05	-2.477467e-03	-1.267770e-02
3.060000e-05	-2.356004e-03	8.926184e-03
3.061000e-05	-3.207349e-04	2.005131e-02
3.062000e-05	-1.723567e-03	3.015646e-02
3.063000e-05	-1.702442e-03	1.036870e-01
3.064000e-05	-2.807113e-03	1.272720e-01
3.065000e-05	1.616938e-03	2.575264e-01
3.066000e-05	7.358143e-03	2.926333e-01
3.067000e-05	9.958096e-03	3.543409e-01
3.068000e-05	-1.205979e-02	3.759750e-01
3.069000e-05	-4.208868e-02	4.089538e-01
3.070000e-05	-1.527375e-02	4.605539e-01
3.071000e-05	4.023784e-02	4.725855e-01
3.072000e-05	1.324665e-02	5.442659e-01
3.073000e-05	-3.713815e-02	5.964434e-01
3.074000e-05	-2.298335e-02	5.970498e-01
3.075000e-05	6.250424e-02	6.595843e-01
3.076000e-05	-9.654024e-03	7.226644e-01
3.077000e-05	-3.104816e-02	6.952910e-01
3.078000e-05	-1.508350e-02	7.864736e-01
3.079000e-05	1.579289e-02	8.285500e-01
3.080000e-05	-9.381210e-04	8.285576e-01
3.081000e-05	9.946868e-03	8.918103e-01
3.082000e-05	-3.507611e-03	9.838969e-01
3.083000e-05	-4.330969e-02	1.041028e+00
3.084000e-05	2.461253e-02	1.120079e+00
3.085000e-05	2.537204e-02	1.132838e+00
3.086000e-05	-3.085790e-02	1.135424e+00
3.087000e-05	-4.140663e-02	1.227526e+00
3.088000e-05	5.510739e-02	1.250554e+00
3.089000e-05	9.770231e-03	1.301159e+00
3.090000e-05	-3.134678e-02	1.374822e+00
3.091000e-05	-2.738441e-02	1.376924e+00
3.092000e-05	3.164174e-02	1.438011e+00
3.093000e-05	1.008644e-02	1.459687e+00
3.094000e-05	-2.368569e-02	1.544496e+00
3.095000e-05	-1.772375e-02	1.668904e+00
3.096000e-05	2.450179e-02	1.678109e+00
3.097000e-05	1.064817e-02	1.711233e+00
3.098000e-05	-2.961559e-02	1.763372e+00
3.099000e-05	-1.829464e-03	1.783347e+00
3.100000e-05	1.127437e-02	1.816902e+00
3.101000e-05	2.855970e-03	1.857525e+00
3.102000e-05	-1.085154e-02	1.860184e+00
3.103000e-05	-2.852707e-03	1.953771e+00
3.104000e-05	-3.165893e-03	1.963444e+00
3.105000e-05	1.051348e-02	1.985495e+00
3.106000e-05	-9.825401e-03	1.996474e+00
3.107000e-05	-9.207072e-03	1.998531e+00
3.108000e-05	4.381095e-03	2.038553e+00
3.109000e-05	8.652548e-03	2.112188e+00
3.110000e-05	-9.167415e-03	2.122817e+00
3.111000e-05	-6.845591e-03	2.174872e+00
3.112000e-05	2.408434e-03	2.195500e+00
3.113000e-05	4.372008e-03	2.248034e+00
3.114000e-05	-4.875238e-03	2.280137e+00
3.115000e-05	-7.981083e-03	2.353287e+00
3.116000e-05	1.628603e-03	2.393267e+00
3.117000e-05	6.236409e-03	2.356924e+00
3.118000e-05	-6.157559e-03	2.386025e+00
3.119000e-05	-9.429243e-03	2.396578e+00
3.120000e-05	3.885311e-03	2.389078e+00
3.121000e-05	4.479412e-03	2.469292e+00
3.122000e-05	-6.370927e-03	2.541748e+00
3.123000e-05	-7.676200e-03	2.566974e+00
3.124000e-05	3.383706e-03	2.618608e+00
3.125000e-05	2.158019e-03	2.700196e+00
3.126000e-05	-5.256327e-03	2.722241e+00
3.127000e-05	-8.212910e-03	2.782922e+00
3.128000e-05	2.439584e-03	2.785422e+00
3.129000e-05	1.422510e-03	2.786976e+00
3.130000e-05	-3.242044e-03	2.837026e+00
3.131000e-05	-7.270273e-03	2.847630e+00
3.132000e-05	2.655148e-03	2.881186e+00
3.133000e-05	1.444451e-03	2.918218e+00
3.134000e-05	-2.745726e-03	2.913345e+00
3.135000e-05	-6.745456e-03	2.994451e+00
3.136000e-05	2.945653e-05	2.964502e+00
3.137000e-05	2.468858e-03	3.015953e+00
3.138000e-05	-2.615382e-03	3.009028e+00
3.139000e-05	-5.285772e-03	3.068661e+00
3.140000e-05	-4.706129e-04	3.060189e+00
3.141000e-05	3.624261e-03	3.133770e+00
3.142000e-05	-2.754744e-03	3.152922e+00
3.143000e-05	-4.197266e-03	3.183370e+00
3.144000e-05	-1.614055e-03	3.174924e+00
3.145000e-05	2.820789e-03	3.184950e+00
3.146000e-05	-4.489872e-03	3.246500e+00
3.147000e-05	-3.996863e-03	3.226128e+00
3.148000e-05	-1.587719e-03	3.269108e+00
3.149000e-05	2.999345e-03	3.281088e+00
3.150000e-05	-2.216797e-03	3.332739e+00
3.151000e-05	-2.227166e-03	3.364346e+00
3.152000e-05	-1.486039e-03	3.375430e+00
3.153000e-05	2.130339e-03	3.426528e+00
3.154000e-05	-3.520683e-03	3.467688e+00
3.155000e-05	-4.295895e-03	3.489192e+00
3.156000e-05	-1.828467e-03	3.530817e+00
3.157000e-05	1.990471e-03	3.562919e+00
3.158000e-05	-3.185914e-04	3.552824e+00
3.159000e-05	-3.559993e-03	3.584973e+00
3.160000e-05	-4.205431e-05	3.596000e+00
3.161000e-05	1.309194e-03	3.606001e+00
3.162000e-05	-1.567529e-03	3.596476e+00
3.163000e-05	-4.011526e-03	3.596578e+00
3.164000e-05	3.513052e-05	3.647129e+00
3.165000e-05	6.831603e-04	3.657583e+00
3.166000e-05	-1.636853e-03	3.658112e+00
3.167000e-05	-3.853427e-03	3.698109e+00
3.168000e-05	-2.801537e-04	3.689216e+00
3.169000e-05	1.129166e-03	3.723766e+00
3.170000e-05	-1.277595e-03	3.753848e+00
3.171000e-05	-2.556928e-03	3.752366e+00
3.172000e-05	-8.291444e-04	3.753396e+00
3.173000e-05	9.833195e-04	3.804899e+00
3.174000e-05	-1.460439e-03	3.754950e+00
3.175000e-05	-2.541860e-03	3.806002e+00
3.176000e-05	-2.160279e-03	3.806528e+00
3.177000e-05	8.494522e-04	3.817026e+00
3.178000e-05	-4.570615e-04	3.836552e+00
3.179000e-05	-2.616972e-03	3.828529e+00
3.180000e-05	-2.645804e-04	3.848081e+00
3.181000e-05	-6.073285e-05	3.859559e+00
3.182000e-05	-2.688035e-04	3.858210e+00
3.183000e-05	-3.329683e-03	3.817687e+00
3.184000e-05	-1.053537e-03	3.916658e+00
3.185000e-05	-6.548780e-05	3.907682e+00
3.186000e-05	-1.224950e-03	3.879212e+00
3.187000e-05	-2.755702e-03	3.889211e+00
3.188000e-05	-1.160680e-03	3.920719e+00
3.189000e-05	-4.157885e-05	3.899843e+00
3.190000e-05	-1.288029e-03	3.960191e+00
3.191000e-05	-2.537074e-03	3.911237e+00
3.192000e-05	-8.882775e-04	3.942870e+00
3.193000e-05	7.848359e-05	3.922867e+00
3.194000e-05	-2.327425e-03	3.921793e+00
3.195000e-05	-3.192865e-03	3.914316e+00
3.196000e-05	-2.035569e-03	3.941417e+00
3.197000e-05	-1.120940e-03	3.962820e+00
3.198000e-05	-1.581995e-03	3.903896e+00
3.199000e-05	-1.658702e-03	3.952371e+00
3.200000e-05	-9.731344e-04	3.924396e+00
3.201000e-05	-6.798528e-04	3.962294e+00
3.202000e-05	-1.675722e-03	3.953872e+00
3.203000e-05	-2.737482e-03	3.992390e+00
3.204000e-05	-1.478215e-03	3.993470e+00
3.205000e-05	-6.299546e-04	3.964367e+00
3.206000e-05	-1.927422e-03	3.953288e+00
3.207000e-05	-2.375708e-03	3.933895e+00
3.208000e-05	-1.158666e-03	3.883322e+00
3.209000e-05	-1.098563e-03	3.951742e+00
3.210000e-05	-1.046077e-03	3.902295e+00
3.211000e-05	-3.039549e-03	3.942239e+00
3.212000e-05	-9.934418e-04	3.930416e+00
3.213000e-05	-1.001057e-03	3.891295e+00
3.214000e-05	-1.259544e-03	3.880760e+00
3.215000e-05	-1.879579e-03	3.931741e+00
3.216000e-05	-1.611450e-03	3.890711e+00
3.217000e-05	-7.595276e-04	3.840611e+00
3.218000e-05	-5.789514e-04	3.868712e+00
3.219000e-05	-2.987014e-03	3.828153e+00
3.220000e-05	-1.075380e-03	3.827128e+00
3.221000e-05	-1.570036e-05	3.856603e+00
3.222000e-05	-1.195297e-04	3.827080e+00
3.223000e-05	-1.848619e-03	3.809028e+00
3.224000e-05	-7.152271e-04	3.785499e+00
3.225000e-05	-8.534650e-04	3.776549e+00
3.226000e-05	-1.571538e-03	3.783996e+00
3.227000e-05	-2.426267e-03	3.766022e+00
3.228000e-05	-1.030303e-03	3.774444e+00
3.229000e-05	-8.076135e-04	3.743847e+00
3.230000e-05	2.176942e-04	3.753399e+00
3.231000e-05	-1.174607e-03	3.731822e+00
3.232000e-05	-1.227770e-03	3.692738e+00
3.233000e-05	-6.776127e-04	3.709812e+00
3.234000e-05	-1.597131e-03	3.639136e+00
3.235000e-05	-2.740544e-03	3.628757e+00
3.236000e-05	-7.166558e-04	3.619159e+00
3.237000e-05	-3.842899e-04	3.638054e+00
3.238000e-05	-1.285113e-03	3.597050e+00
3.239000e-05	-2.217294e-03	3.597052e+00
3.240000e-05	-1.348097e-03	3.606525e+00
3.241000e-05	-1.307293e-03	3.585501e+00
3.242000e-05	-8.334457e-04	3.574471e+00
3.243000e-05	-2.258681e-03	3.575449e+00
3.244000e-05	-5.564548e-04	3.553946e+00
3.245000e-05	-5.322953e-04	3.541895e+00
3.246000e-05	-2.205398e-03	3.531261e+00
3.247000e-05	-1.713846e-03	3.518161e+00
3.248000e-05	-1.023797e-03	3.387007e+00
3.249000e-05	-8.188719e-04	3.406496e+00
3.250000e-05	-1.226369e-03	3.376316e+00
3.251000e-05	-2.073139e-03	3.324841e+00
3.252000e-05	-7.669578e-04	3.272712e+00
3.253000e-05	-1.747860e-03	3.248158e+00
3.254000e-05	-2.470265e-03	3.219054e+00
3.255000e-05	-3.313472e-03	3.207001e+00
3.256000e-05	-1.461974e-03	3.186501e+00
3.257000e-05	-1.009356e-03	3.195470e+00
3.258000e-05	-1.071134e-03	3.194922e+00
3.259000e-05	-1.640359e-03	3.163844e+00
3.260000e-05	-9.836927e-04	3.114338e+00
3.261000e-05	-2.858164e-03	3.101786e+00
3.262000e-05	-2.871309e-03	3.069031e+00
3.263000e-05	-2.818435e-03	3.029605e+00
3.264000e-05	-2.031310e-03	3.006551e+00
3.265000e-05	-1.539637e-03	2.975428e+00
3.266000e-05	-7.623751e-04	2.985396e+00
3.267000e-05	-5.583586e-04	2.933893e+00
3.268000e-05	-1.589231e-03	2.912336e+00
3.269000e-05	-2.035239e-03	2.902759e+00
3.270000e-05	-2.957398e-03	2.839079e+00
3.271000e-05	-1.952663e-03	2.818526e+00
3.272000e-05	-3.120488e-03	2.828024e+00
3.273000e-05	-1.804819e-03	2.777021e+00
3.274000e-05	-1.195791e-03	2.784977e+00
3.275000e-05	-5.992863e-04	2.724820e+00
3.276000e-05	-1.161596e-03	2.694287e+00
3.277000e-05	-1.505852e-03	2.681737e+00
3.278000e-05	-2.591415e-03	2.600075e+00
3.279000e-05	-3.801174e-03	2.554839e+00
3.280000e-05	-3.464026e-03	2.490734e+00
3.281000e-05	-1.636755e-03	2.471158e+00
3.282000e-05	-9.478063e-04	2.440526e+00
3.283000e-05	-6.153023e-04	2.389028e+00
3.284000e-05	-1.217076e-03	2.394499e+00
3.285000e-05	-3.450688e-04	2.325395e+00
3.286000e-05	-1.901397e-03	2.333366e+00
3.287000e-05	-4.033217e-03	2.271658e+00
3.288000e-05	-3.743694e-03	2.220509e+00
3.289000e-05	-2.269837e-03	2.237025e+00
3.290000e-05	-1.299497e-03	2.137494e+00
3.291000e-05	-1.381347e-03	2.135892e+00
3.292000e-05	-1.531503e-03	2.111815e+00
3.293000e-05	-1.531007e-03	2.043229e+00
3.294000e-05	-1.577241e-03	2.059581e+00
3.295000e-05	-2.219714e-03	2.008550e+00
3.296000e-05	-2.869044e-03	1.989025e+00
3.297000e-05	-2.588900e-03	1.955369e+00
3.298000e-05	-9.859964e-04	1.905766e+00
3.299000e-05	-3.397452e-03	1.882687e+00
3.300000e-05	-1.834975e-03	1.831079e+00
3.301000e-05	-2.220632e-03	1.747970e+00
3.302000e-05	-3.530779e-04	1.747469e+00
3.303000e-05	-2.140137e-03	1.744788e+00
3.304000e-05	-2.680373e-03	1.664659e+00
3.305000e-05	-2.104643e-03	1.639683e+00
3.306000e-05	-3.126918e-03	1.620999e+00
3.307000e-05	-2.440042e-03	1.589472e+00
3.308000e-05	-4.058802e-03	1.512691e+00
3.309000e-05	-2.728768e-03	1.430629e+00
3.310000e-05	-2.889103e-03	1.411449e+00
3.311000e-05	-4.770512e-04	1.367948e+00
3.312000e-05	-2.639118e-03	1.345317e+00
3.313000e-05	-5.825304e-04	1.284236e+00
3.314000e-05	-3.575252e-03	1.201632e+00
3.315000e-05	-2.667653e-03	1.191051e+00
3.316000e-05	-5.142822e-03	1.188394e+00
3.317000e-05	-1.669359e-03	1.134290e+00
3.318000e-05	-3.843458e-03	1.052686e+00
3.319000e-05	-2.678894e-03	9.509226e-01
3.320000e-05	-2.029007e-03	9.242821e-01
3.321000e-05	-2.439446e-03	8.941543e-01
3.322000e-05	-2.076397e-03	8.231240e-01
3.323000e-05	-2.897960e-03	8.095013e-01
3.324000e-05	-2.731497e-03	7.769961e-01
3.325000e-05	-3.215077e-03	7.362659e-01
3.326000e-05	-4.823720e-03	6.737357e-01
3.327000e-05	-3.150235e-03	6.311567e-01
3.328000e-05	-3.014322e-03	5.705026e-01
3.329000e-05	-2.409363e-03	5.994699e-01
3.330000e-05	-3.709675e-03	5.047884e-01
3.331000e-05	-2.130986e-03	4.542344e-01
3.332000e-05	-3.164503e-03	4.321040e-01
3.333000e-05	-3.907516e-03	4.015527e-01
3.334000e-05	-4.837437e-03	4.094224e-01
3.335000e-05	-2.375064e-03	3.473484e-01
3.336000e-05	-3.507053e-03	2.751395e-01
3.337000e-05	-3.055966e-03	2.230838e-01
3.338000e-05	-5.209889e-03	1.810699e-01
3.339000e-05	-2.166520e-03	9.771190e-02
3.340000e-05	-3.971979e-03	3.360270e-02
3.341000e-05	-3.553793e-03	2.195144e-02
3.342000e-05	-4.160947e-03	-2.052388e-02
3.343000e-05	-1.751237e-03	-4.112776e-02
3.344000e-05	-1.514488e-03	-7.373546e-02
3.345000e-05	-1.976589e-03	-1.347142e-01
3.346000e-05	-1.888931e-03	-1.373959e-01
3.347000e-05	-2.558239e-03	-1.989748e-01
3.348000e-05	-2.120051e-03	-2.711315e-01
3.349000e-05	1.149687e-03	-3.207405e-01
3.350000e-05	9.564412e-03	-2.752884e-01
3.351000e-05	1.608458e-02	-3.453684e-01
3.352000e-05	-2.151471e-03	-3.989764e-01
3.353000e-05	-5.005746e-02	-4.405828e-01
3.354000e-05	-2.542658e-02	-4.606576e-01
3.355000e-05	3.997815e-02	-4.821617e-01
3.356000e-05	1.727124e-02	-4.963173e-01
3.357000e-05	-2.754738e-02	-6.510313e-01
3.358000e-05	-1.758016e-02	-6.927158e-01
3.359000e-05	6.764927e-02	-7.243673e-01
3.360000e-05	-1.375666e-02	-7.783986e-01
3.361000e-05	-3.720114e-02	-8.195514e-01
3.362000e-05	-8.444653e-03	-8.395555e-01
3.363000e-05	1.627097e-02	-8.416566e-01
3.364000e-05	-1.132862e-02	-9.142609e-01
3.365000e-05	8.881292e-03	-9.868722e-01
3.366000e-05	9.212607e-03	-1.017053e+00
3.367000e-05	-6.117867e-02	-1.050107e+00
3.368000e-05	2.115784e-02	-1.094188e+00
3.369000e-05	3.865491e-02	-1.154771e+00
3.370000e-05	-3.143282e-02	-1.176899e+00
3.371000e-05	-4.914226e-02	-1.228003e+00
3.372000e-05	6.684123e-02	-1.262132e+00
3.373000e-05	4.459621e-03	-1.294893e+00
3.374000e-05	-5.024925e-02	-1.348420e+00
3.375000e-05	-1.907968e-02	-1.480160e+00
3.376000e-05	3.766918e-02	-1.533239e+00
3.377000e-05	4.120311e-03	-1.574924e+00
3.378000e-05	-2.769850e-02	-1.595999e+00
3.379000e-05	-2.063933e-02	-1.619082e+00
3.380000e-05	2.925437e-02	-1.659558e+00
3.381000e-05	2.051088e-02	-1.693193e+00
3.382000e-05	-5.337599e-02	-1.725391e+00
3.383000e-05	-4.795990e-03	-1.765897e+00
3.384000e-05	2.876005e-02	-1.817101e+00
3.385000e-05	-4.782525e-03	-1.858553e+00
3.386000e-05	-2.645433e-02	-1.882184e+00
3.387000e-05	3.866188e-03	-1.934289e+00
3.388000e-05	-3.772107e-05	-1.965868e+00
3.389000e-05	8.109315e-03	-1.985950e+00
3.390000e-05	-1.946945e-02	-1.976950e+00
3.391000e-05	-1.368740e-02	-2.038555e+00
3.392000e-05	1.273393e-02	-2.051734e+00
3.393000e-05	4.174221e-03	-2.122161e+00
3.394000e-05	-1.806960e-02	-2.193872e+00
3.395000e-05	-9.169057e-03	-2.206558e+00
3.396000e-05	2.334250e-03	-2.280663e+00
3.397000e-05	7.156649e-03	-2.312896e+00
3.398000e-05	-1.291870e-02	-2.374421e+00
3.399000e-05	-1.478975e-02	-2.375975e+00
3.400000e-05	6.708141e-03	-2.438026e+00
3.401000e-05	5.558474e-03	-2.446585e+00
3.402000e-05	-1.341836e-02	-2.470636e+00
3.403000e-05	-1.395233e-02	-2.522341e+00
3.404000e-05	4.281365e-03	-2.534395e+00
3.405000e-05	7.027493e-03	-2.584999e+00
3.406000e-05	-1.404416e-02	-2.646551e+00
3.407000e-05	-1.296980e-02	-2.621107e+00
3.408000e-05	4.579294e-03	-2.692141e+00
3.409000e-05	1.656961e-03	-2.703292e+00
3.410000e-05	-8.864910e-03	-2.734371e+00
3.411000e-05	-1.262334e-02	-2.784447e+00
3.412000e-05	3.984031e-03	-2.795425e+00
3.413000e-05	2.588958e-03	-2.818027e+00
3.414000e-05	-9.425464e-03	-2.829528e+00
3.415000e-05	-1.156301e-02	-2.829109e+00
3.416000e-05	1.885618e-03	-2.909636e+00
3.417000e-05	7.507449e-04	-2.856317e+00
3.418000e-05	-6.538366e-03	-2.974849e+00
3.419000e-05	-1.135098e-02	-3.017052e+00
3.420000e-05	5.735610e-04	-3.133263e+00
3.421000e-05	1.130535e-03	-3.152342e+00
3.422000e-05	-6.840514e-03	-3.184922e+00
3.423000e-05	-9.204273e-03	-3.184499e+00
3.424000e-05	-1.928236e-03	-3.195524e+00
3.425000e-05	1.501241e-03	-3.197501e+00
3.426000e-05	-6.035880e-03	-3.238554e+00
3.427000e-05	-8.409144e-03	-3.238681e+00
3.428000e-05	-2.461916e-03	-3.239212e+00
3.429000e-05	5.373942e-04	-3.312341e+00
3.430000e-05	-5.642226e-03	-3.322817e+00
3.431000e-05	-7.338528e-03	-3.352869e+00
3.432000e-05	-4.244682e-03	-3.364926e+00
3.433000e-05	2.178776e-03	-3.396524e+00
3.434000e-05	-6.185679e-03	-3.426550e+00
3.435000e-05	-7.470631e-03	-3.398129e+00
3.436000e-05	-3.993842e-03	-3.479734e+00
3.437000e-05	5.874066e-04	-3.449763e+00
3.438000e-05	-5.586203e-03	-3.552841e+00
3.439000e-05	-7.992143e-03	-3.501846e+00
3.440000e-05	-4.439068e-03	-3.562921e+00
3.441000e-05	1.389920e-04	-3.564947e+00
3.442000e-05	-4.747414e-03	-3.575949e+00
3.443000e-05	-7.113248e-03	-3.593951e+00
3.444000e-05	-4.320967e-03	-3.596026e+00
3.445000e-05	-1.232390e-03	-3.615525e+00
3.446000e-05	-4.827255e-03	-3.608580e+00
3.447000e-05	-7.525061e-03	-3.637104e+00
3.448000e-05	-4.457681e-03	-3.628184e+00
3.449000e-05	-2.505068e-03	-3.659686e+00
3.450000e-05	-4.287669e-03	-3.681313e+00
3.451000e-05	-6.895861e-03	-3.721325e+00
3.452000e-05	-4.802677e-03	-3.744920e+00
3.453000e-05	-2.175466e-03	-3.803397e+00
3.454000e-05	-4.357754e-03	-3.755003e+00
3.455000e-05	-6.808544e-03	-3.877628e+00
3.456000e-05	-5.337105e-03	-3.869214e+00
3.457000e-05	-3.193393e-03	-3.860189e+00
3.458000e-05	-3.607954e-03	-3.921260e+00
3.459000e-05	-7.193730e-03	-3.881267e+00
3.460000e-05	-4.342971e-03	-3.923871e+00
3.461000e-05	-3.469958e-03	-3.944898e+00
3.462000e-05	-4.578197e-03	-3.993447e+00
3.463000e-05	-7.214739e-03	-3.963895e+00
3.464000e-05	-5.523586e-03	-3.975000e+00
3.465000e-05	-2.963366e-03	-3.984950e+00
3.466000e-05	-3.929985e-03	-3.984426e+00
3.467000e-05	-6.202715e-03	-4.004949e+00
3.468000e-05	-4.429108e-03	-4.005000e+00
3.469000e-05	-3.475499e-03	-3.995526e+00
3.470000e-05	-4.793922e-03	-4.006553e+00
3.471000e-05	-7.298342e-03	-3.985501e+00
3.472000e-05	-6.916358e-03	-3.995500e+00
3.473000e-05	-3.480810e-03	-3.997053e+00
3.474000e-05	-3.633722e-03	-3.996551e+00
3.475000e-05	-4.403449e-03	-4.006155e+00
3.476000e-05	-4.446520e-03	-4.006658e+00
3.477000e-05	-3.676044e-03	-4.007599e+00
3.478000e-05	-4.566804e-03	-3.996530e+00
3.479000e-05	-7.254358e-03	-4.016079e+00
3.480000e-05	-6.112120e-03	-4.017102e+00
3.481000e-05	-4.101994e-03	-4.047105e+00
3.482000e-05	-3.701361e-03	-3.996679e+00
3.483000e-05	-4.033343e-03	-4.028057e+00
3.484000e-05	-4.283492e-03	-4.027653e+00
3.485000e-05	-3.330369e-03	-4.026583e+00
3.486000e-05	-4.972574e-03	-4.008052e+00
3.487000e-05	-6.607094e-03	-4.048009e+00
3.488000e-05	-5.253031e-03	-4.017082e+00
3.489000e-05	-5.036780e-03	-4.016580e+00
3.490000e-05	-4.063899e-03	-4.026108e+00
3.491000e-05	-4.674372e-03	-4.017106e+00
3.492000e-05	-3.263951e-03	-4.016525e+00
3.493000e-05	-3.883297e-03	-4.006078e+00
3.494000e-05	-4.949007e-03	-4.037102e+00
3.495000e-05	-6.385445e-03	-4.008083e+00
3.496000e-05	-5.925131e-03	-3.997003e+00
3.497000e-05	-5.261245e-03	-4.005103e+00
3.498000e-05	-3.475563e-03	-4.006504e+00
3.499000e-05	-4.333155e-03	-4.006554e+00
3.500000e-05	-3.727904e-03	-3.995025e+00
3.501000e-05	-4.169217e-03	-3.985501e+00
3.502000e-05	-4.999416e-03	-3.995974e+00
3.503000e-05	-6.030898e-03	-3.995001e+00
3.504000e-05	-6.125948e-03	-4.005004e+00
3.505000e-05	-4.658261e-03	-3.973971e+00
3.506000e-05	-4.206828e-03	-3.974997e+00
3.507000e-05	-3.983398e-03	-3.993999e+00
3.508000e-05	-4.503698e-03	-3.974999e+00
3.509000e-05	-4.184481e-03	-3.964845e+00
3.510000e-05	-4.354286e-03	-3.974895e+00
3.511000e-05	-6.410360e-03	-3.914471e+00
3.512000e-05	-5.205941e-03	-3.882842e+00
3.513000e-05	-5.109738e-03	-3.882313e+00
3.514000e-05	-4.988921e-03	-3.850339e+00
3.515000e-05	-5.162119e-03	-3.819207e+00
3.516000e-05	-4.100679e-03	-3.817682e+00
3.517000e-05	-4.836804e-03	-3.736949e+00
3.518000e-05	-4.503048e-03	-3.785524e+00
3.519000e-05	-5.128113e-03	-3.734396e+00
3.520000e-05	-4.569268e-03	-3.741167e+00
3.521000e-05	-5.555061e-03	-3.653284e+00
3.522000e-05	-5.078957e-03	-3.640308e+00
3.523000e-05	-6.195684e-03	-3.638529e+00
3.524000e-05	-4.312006e-03	-3.606107e+00
3.525000e-05	-5.229563e-03	-3.609056e+00
3.526000e-05	-5.237208e-03	-3.598000e+00
3.527000e-05	-3.653532e-03	-3.586501e+00
3.528000e-05	-4.552696e-03	-3.595001e+00
3.529000e-05	-5.987004e-03	-3.586496e+00
3.530000e-05	-5.983592e-03	-3.555422e+00
3.531000e-05	-4.953157e-03	-3.544445e+00
3.532000e-05	-4.548255e-03	-3.524841e+00
3.533000e-05	-6.001545e-03	-3.472792e+00
3.534000e-05	-4.711858e-03	-3.491211e+00
3.535000e-05	-4.145951e-03	-3.420108e+00
3.536000e-05	-4.614980e-03	-3.419607e+00
3.537000e-05	-6.374559e-03	-3.396979e+00
3.538000e-05	-6.486499e-03	-3.356497e+00
3.539000e-05	-4.303282e-03	-3.345395e+00
3.540000e-05	-4.347205e-03	-3.374894e+00
3.541000e-05	-5.116296e-03	-3.304368e+00
3.542000e-05	-5.246572e-03	-3.272241e+00
3.543000e-05	-4.371111e-03	-3.239286e+00
3.544000e-05	-4.404891e-03	-3.239709e+00
3.545000e-05	-5.594033e-03	-3.207504e+00
3.546000e-05	-5.189541e-03	-3.187025e+00
3.547000e-05	-4.049124e-03	-3.176499e+00
3.548000e-05	-4.304743e-03	-3.125470e+00
3.549000e-05	-5.570934e-03	-3.133786e+00
3.550000e-05	-5.632364e-03	-3.083861e+00
3.551000e-05	-4.331862e-03	-3.032135e+00
3.552000e-05	-4.471398e-03	-3.048903e+00
3.553000e-05	-5.085074e-03	-2.958418e+00
3.554000e-05	-4.443723e-03	-2.924891e+00
3.555000e-05	-4.381326e-03	-2.861137e+00
3.556000e-05	-4.470523e-03	-2.831735e+00
3.557000e-05	-5.714291e-03	-2.819051e+00
3.558000e-05	-4.893229e-03	-2.797526e+00
3.559000e-05	-4.432824e-03	-2.796472e+00
3.560000e-05	-4.169958e-03	-2.745972e+00
3.561000e-05	-5.021929e-03	-2.714870e+00
3.562000e-05	-4.479126e-03	-2.673708e+00
3.563000e-05	-3.505050e-03	-2.633686e+00
3.564000e-05	-4.735184e-03	-2.609550e+00
3.565000e-05	-4.889321e-03	-2.568025e+00
3.566000e-05	-4.996587e-03	-2.546442e+00
3.567000e-05	-4.214174e-03	-2.533813e+00
3.568000e-05	-3.799105e-03	-2.492238e+00
3.569000e-05	-4.552581e-03	-2.452658e+00
3.570000e-05	-4.478524e-03	-2.420101e+00
3.571000e-05	-3.764485e-03	-2.398450e+00
3.572000e-05	-4.279362e-03	-2.367498e+00
3.573000e-05	-4.653705e-03	-2.356421e+00
3.574000e-05	-5.033286e-03	-2.345391e+00
3.575000e-05	-4.720868e-03	-2.221262e+00
3.576000e-05	-4.312728e-03	-2.201501e+00
3.577000e-05	-4.301954e-03	-2.125920e+00
3.578000e-05	-4.512182e-03	-2.123764e+00
3.579000e-05	-3.913343e-03	-2.052230e+00
3.580000e-05	-4.482570e-03	-2.000053e+00
3.581000e-05	-4.816443e-03	-1.999051e+00
3.582000e-05	-5.132496e-03	-1.977496e+00
3.583000e-05	-4.673332e-03	-1.926344e+00
3.584000e-05	-4.370973e-03	-1.904739e+00
3.585000e-05	-4.544880e-03	-1.883208e+00
3.586000e-05	-4.950614e-03	-1.811080e+00
3.587000e-05	-4.588939e-03	-1.790598e+00
3.588000e-05	-4.691296e-03	-1.786446e+00
3.589000e-05	-4.602979e-03	-1.734391e+00
3.590000e-05	-5.097443e-03	-1.662787e+00
3.591000e-05	-4.765479e-03	-1.631154e+00
3.592000e-05	-4.234850e-03	-1.609075e+00
3.593000e-05	-3.916788e-03	-1.598049e+00
3.594000e-05	-5.080863e-03	-1.577943e+00
3.595000e-05	-4.035975e-03	-1.505670e+00
3.596000e-05	-4.569525e-03	-1.390155e+00
3.597000e-05	-4.016688e-03	-1.348490e+00
3.598000e-05	-4.561992e-03	-1.276262e+00
3.599000e-05	-4.754709e-03	-1.252754e+00
3.600000e-05	-4.380836e-03	-1.212080e+00
3.601000e-05	-4.216186e-03	-1.168971e+00
3.602000e-05	-4.010996e-03	-1.146917e+00
3.603000e-05	-4.344434e-03	-1.083842e+00
3.604000e-05	-4.388109e-03	-1.003207e+00
3.605000e-05	-3.441936e-03	-1.003075e+00
3.606000e-05	-4.644707e-03	-9.599950e-01
3.607000e-05	-3.857857e-03	-9.268222e-01
3.608000e-05	-4.867906e-03	-8.758617e-01
3.609000e-05	-3.541931e-03	-8.346040e-01
3.610000e-05	-3.808519e-03	-8.306288e-01
3.611000e-05	-3.733082e-03	-7.914975e-01
3.612000e-05	-4.225310e-03	-7.479437e-01
3.613000e-05	-4.021349e-03	-7.473896e-01
3.614000e-05	-3.823352e-03	-6.642595e-01
3.615000e-05	-3.732830e-03	-5.804988e-01
3.616000e-05	-5.477887e-03	-4.883684e-01
3.617000e-05	-3.549837e-03	-4.246317e-01
3.618000e-05	-3.725227e-03	-4.226251e-01
3.619000e-05	-3.009616e-03	-3.905238e-01
3.620000e-05	-4.328042e-03	-3.594974e-01
3.621000e-05	-3.597770e-03	-3.578411e-01
3.622000e-05	-3.302340e-03	-3.352618e-01
3.623000e-05	-3.481240e-03	-2.331780e-01
3.624000e-05	-4.021092e-03	-2.210776e-01
3.625000e-05	-3.010720e-03	-1.895961e-01
3.626000e-05	-3.546133e-03	-1.278885e-01
3.627000e-05	-2.665773e-03	-7.520941e-02
3.628000e-05	-2.899044e-03	-4.363658e-02
3.629000e-05	-1.900223e-03	-2.362625e-02
3.630000e-05	-3.058009e-04	-1.049934e-03
3.631000e-05	-1.491350e-03	1.055277e-02
3.632000e-05	-2.393595e-03	6.956033e-02
3.633000e-05	-2.524399e-03	1.638633e-01
3.634000e-05	-1.047748e-03	1.678776e-01
3.635000e-05	6.592739e-03	3.031591e-01
3.636000e-05	1.387728e-02	3.522870e-01
3.637000e-05	5.982506e-03	3.953474e-01
3.638000e-05	-2.221211e-02	4.080038e-01
3.639000e-05	-4.350125e-02	4.300039e-01
3.640000e-05	1.682694e-02	4.601088e-01
3.641000e-05	3.087039e-02	4.852895e-01
3.642000e-05	-1.096922e-02	5.948697e-01
3.643000e-05	-4.106347e-02	5.969998e-01
3.644000e-05	2.860661e-02	6.399787e-01
3.645000e-05	4.438367e-02	6.637104e-01
3.646000e-05	-3.676160e-02	7.026659e-01
3.647000e-05	-2.240925e-02	7.868470e-01
3.648000e-05	1.674197e-03	7.784737e-01
3.649000e-05	1.458252e-02	8.180775e-01
3.650000e-05	-8.802282e-03	8.605303e-01
3.651000e-05	2.297104e-02	9.147881e-01
3.652000e-05	-4.383862e-02	1.017376e+00
3.653000e-05	-5.343412e-03	1.029532e+00
3.654000e-05	3.116686e-02	1.098684e+00
3.655000e-05	8.149557e-03	1.195343e+00
3.656000e-05	-5.591791e-02	1.187399e+00
3.657000e-05	1.026197e-02	1.218002e+00
3.658000e-05	4.802012e-02	1.301112e+00
3.659000e-05	-1.815879e-02	1.333813e+00
3.660000e-05	-3.637824e-02	1.395945e+00
3.661000e-05	3.389033e-04	1.378001e+00
3.662000e-05	3.506439e-02	1.436031e+00
3.663000e-05	-1.274666e-02	1.524687e+00
3.664000e-05	-2.321969e-02	1.635897e+00
3.665000e-05	-1.982085e-03	1.667657e+00
3.666000e-05	3.179213e-02	1.639766e+00
3.667000e-05	-2.126253e-02	1.734691e+00
3.668000e-05	-1.766006e-02	1.752917e+00
3.669000e-05	5.333773e-03	1.765896e+00
3.670000e-05	1.143939e-02	1.798028e+00
3.671000e-05	-8.379251e-03	1.879483e+00
3.672000e-05	-5.275693e-03	1.930739e+00
3.673000e-05	-5.002269e-03	1.923822e+00
3.674000e-05	5.845103e-03	1.983900e+00
3.675000e-05	2.389517e-03	2.005950e+00
3.676000e-05	-1.401378e-02	1.998053e+00
3.677000e-05	-2.992555e-03	2.038627e+00
3.678000e-05	8.656293e-03	2.049559e+00
3.679000e-05	2.847906e-04	2.091765e+00
3.680000e-05	-1.204365e-02	2.163370e+00
3.681000e-05	-1.008285e-03	2.165871e+00
3.682000e-05	2.840890e-03	2.227078e+00
3.683000e-05	2.088982e-03	2.258108e+00
3.684000e-05	-8.947392e-03	2.311762e+00
3.685000e-05	-2.993277e-03	2.303867e+00
3.686000e-05	4.446275e-03	2.382370e+00
3.687000e-05	2.570835e-03	2.385400e+00
3.688000e-05	-1.192698e-02	2.397000e+00
3.689000e-05	-1.858996e-03	2.428633e+00
3.690000e-05	6.251991e-03	2.438083e+00
3.691000e-05	1.192483e-03	2.519141e+00
3.692000e-05	-9.795258e-03	2.555892e+00
3.693000e-05	-1.440830e-03	2.647082e+00
3.694000e-05	3.977740e-03	2.669218e+00
3.695000e-05	7.811013e-04	2.671193e+00
3.696000e-05	-8.457696e-03	2.752320e+00
3.697000e-05	-3.616879e-03	2.785475e+00
3.698000e-05	3.688651e-03	2.794974e+00
3.699000e-05	8.339126e-04	2.796031e+00
3.700000e-05	-6.508428e-03	2.827579e+00
3.701000e-05	-4.321827e-03	2.880210e+00
3.702000e-05	4.557454e-03	2.901267e+00
3.703000e-05	-4.699067e-04	2.940317e+00
3.704000e-05	-5.562047e-03	2.963363e+00
3.705000e-05	-3.551659e-03	2.975427e+00
3.706000e-05	3.506742e-03	3.005500e+00
3.707000e-05	-6.467432e-05	3.017028e+00
3.708000e-05	-4.933029e-03	3.060110e+00
3.709000e-05	-5.613813e-03	3.089184e+00
3.710000e-05	2.798094e-03	3.110742e+00
3.711000e-05	-1.002099e-04	3.141838e+00
3.712000e-05	-3.990171e-03	3.163272e+00
3.713000e-05	-5.012175e-03	3.174446e+00
3.714000e-05	1.399680e-03	3.204426e+00
3.715000e-05	6.426603e-04	3.216503e+00
3.716000e-05	-4.996790e-03	3.205505e+00
3.717000e-05	-4.221908e-03	3.227680e+00
3.718000e-05	6.371108e-04	3.249659e+00
3.719000e-05	2.612041e-04	3.281242e+00
3.720000e-05	-4.105164e-03	3.353822e+00
3.721000e-05	-3.623954e-03	3.332895e+00
3.722000e-05	2.120931e-04	3.405581e+00
3.723000e-05	4.094461e-04	3.477505e+00
3.724000e-05	-4.029383e-03	3.500216e+00
3.725000e-05	-3.379051e-03	3.499788e+00
3.726000e-05	1.036425e-04	3.542817e+00
3.727000e-05	-4.909347e-04	3.592398e+00
3.728000e-05	-2.472537e-03	3.574375e+00
3.729000e-05	-2.806335e-03	3.585400e+00
3.730000e-05	-6.071226e-06	3.595450e+00
3.731000e-05	-8.209398e-04	3.615554e+00
3.732000e-05	-2.240716e-03	3.597028e+00
3.733000e-05	-2.271443e-03	3.616552e+00
3.734000e-05	2.115151e-04	3.608584e+00
3.735000e-05	-6.968652e-04	3.647634e+00
3.736000e-05	-1.914557e-03	3.679158e+00
3.737000e-05	-2.915187e-03	3.689238e+00
3.738000e-05	-2.719037e-04	3.700787e+00
3.739000e-05	-1.256199e-03	3.713820e+00
3.740000e-05	-1.790743e-03	3.751343e+00
3.741000e-05	-2.381353e-03	3.744323e+00
3.742000e-05	-7.048781e-04	3.783949e+00
3.743000e-05	-3.539392e-04	3.794924e+00
3.744000e-05	-9.988827e-04	3.804950e+00
3.745000e-05	-3.075465e-03	3.835475e+00
3.746000e-05	-8.893890e-05	3.826053e+00
3.747000e-05	-2.558049e-04	3.866551e+00
3.748000e-05	-1.085212e-03	3.807029e+00
3.749000e-05	-3.080190e-03	3.827080e+00
3.750000e-05	-4.546967e-04	3.826606e+00
3.751000e-05	-4.687939e-04	3.847607e+00
3.752000e-05	-2.177308e-04	3.878634e+00
3.753000e-05	-1.749427e-03	3.878213e+00
3.754000e-05	-7.968586e-05	3.899138e+00
3.755000e-05	4.769970e-05	3.870686e+00
3.756000e-05	-3.439335e-04	3.879188e+00
3.757000e-05	-2.339463e-03	3.921737e+00
3.758000e-05	-1.408474e-03	3.921241e+00
3.759000e-05	-6.178870e-04	3.943393e+00
3.760000e-05	-2.524057e-04	3.931292e+00
3.761000e-05	-9.240076e-04	3.942318e+00
3.762000e-05	-8.412179e-04	3.942316e+00
3.763000e-05	-8.725113e-04	3.929363e+00
3.764000e-05	1.547066e-04	3.933342e+00
3.765000e-05	-1.123057e-03	3.943945e+00
3.766000e-05	-9.729953e-04	3.954870e+00
3.767000e-05	-1.426613e-03	3.953318e+00
3.768000e-05	-3.602427e-05	3.943890e+00
3.769000e-05	-1.169185e-03	3.933396e+00
3.770000e-05	-1.720638e-03	3.953820e+00
3.771000e-05	-1.542129e-03	3.903419e+00
3.772000e-05	3.480810e-04	3.924421e+00
3.773000e-05	-6.039083e-04	3.932922e+00
3.774000e-05	-2.205082e-03	3.933415e+00
3.775000e-05	-9.600399e-04	3.942341e+00
3.776000e-05	-6.198856e-04	3.903371e+00
3.777000e-05	-7.278655e-04	3.993343e+00
3.778000e-05	-2.079982e-03	3.921718e+00
3.779000e-05	-1.722218e-03	3.872272e+00
3.780000e-05	-1.434542e-03	3.902866e+00
3.781000e-05	-6.340924e-04	3.950737e+00
3.782000e-05	-2.086606e-03	3.922314e+00
3.783000e-05	-1.103105e-03	3.899187e+00
3.784000e-05	-1.492989e-03	3.900237e+00
3.785000e-05	-6.376372e-04	3.870314e+00
3.786000e-05	-1.975819e-03	3.910733e+00
3.787000e-05	-1.930200e-03	3.869162e+00
3.788000e-05	-1.316300e-03	3.858684e+00
3.789000e-05	-1.291386e-03	3.827605e+00
3.790000e-05	-1.356790e-03	3.867057e+00
3.791000e-05	-1.320220e-03	3.807633e+00
3.792000e-05	-6.751066e-04	3.826054e+00
3.793000e-05	-8.413259e-04	3.806528e+00
3.794000e-05	-1.155569e-03	3.806050e+00
3.795000e-05	-2.011450e-03	3.774999e+00
3.796000e-05	-1.716027e-03	3.784476e+00
3.797000e-05	-1.150497e-03	3.784420e+00
3.798000e-05	-2.071751e-03	3.755445e+00
3.799000e-05	-1.909169e-03	3.774420e+00
3.800000e-05	-1.119912e-03	3.723418e+00
3.801000e-05	-6.316185e-04	3.711266e+00
3.802000e-05	-1.459455e-03	3.681315e+00
3.803000e-05	-9.472319e-04	3.669687e+00
3.804000e-05	-1.395851e-03	3.638663e+00
3.805000e-05	-5.349383e-04	3.648702e+00
3.806000e-05	-1.587615e-03	3.619057e+00
3.807000e-05	-1.278229e-03	3.627053e+00
3.808000e-05	-1.207632e-03	3.626002e+00
3.809000e-05	-7.378397e-04	3.606002e+00
3.810000e-05	-9.017497e-04	3.586023e+00
3.811000e-05	-4.837301e-04	3.576474e+00
3.812000e-05	-1.187796e-03	3.575475e+00
3.813000e-05	-1.269292e-03	3.583849e+00
3.814000e-05	2.156804e-04	3.522469e+00
3.815000e-05	-1.614569e-03	3.483340e+00
3.816000e-05	-8.400324e-04	3.441637e+00
3.817000e-05	-2.296841e-03	3.457653e+00
3.818000e-05	-7.199717e-04	3.397097e+00
3.819000e-05	-2.128644e-03	3.377799e+00
3.820000e-05	-9.084026e-04	3.345295e+00
3.821000e-05	-1.372383e-03	3.309867e+00
3.822000e-05	-2.148961e-04	3.259609e+00
3.823000e-05	-1.012413e-03	3.218610e+00
3.824000e-05	-1.459682e-03	3.218505e+00
3.825000e-05	-1.356070e-03	3.207475e+00
3.826000e-05	-1.250559e-03	3.196026e+00
3.827000e-05	-2.215824e-03	3.195473e+00
3.828000e-05	-1.409687e-03	3.114846e+00
3.829000e-05	-1.385172e-03	3.153421e+00
3.830000e-05	-8.085755e-04	3.082738e+00
3.831000e-05	-9.094350e-04	3.082183e+00
3.832000e-05	-1.643961e-03	3.000633e+00
3.833000e-05	-9.416829e-04	2.997480e+00
3.834000e-05	-1.463469e-03	2.986526e+00
3.835000e-05	-1.615147e-03	2.975924e+00
3.836000e-05	-2.114472e-03	2.923896e+00
3.837000e-05	-2.093898e-03	2.893366e+00
3.838000e-05	-1.173400e-03	2.893213e+00
3.839000e-05	-2.469887e-03	2.819112e+00
3.840000e-05	-1.610325e-03	2.827578e+00
3.841000e-05	-1.631234e-03	2.817503e+00
3.842000e-05	-1.095698e-03	2.796524e+00
3.843000e-05	-1.970987e-03	2.786924e+00
3.844000e-05	-2.116485e-03	2.765972e+00
3.845000e-05	-2.080308e-03	2.734873e+00
3.846000e-05	-1.386577e-03	2.720708e+00
3.847000e-05	-2.411518e-03	2.628596e+00
3.848000e-05	-2.569176e-03	2.547978e+00
3.849000e-05	-2.711138e-03	2.473266e+00
3.850000e-05	-2.047015e-03	2.443162e+00
3.851000e-05	-1.888692e-03	2.461131e+00
3.852000e-05	-2.597683e-03	2.408025e+00
3.853000e-05	-2.261189e-03	2.367524e+00
3.854000e-05	-1.122889e-03	2.366374e+00
3.855000e-05	-2.316758e-03	2.325292e+00
3.856000e-05	-2.796781e-03	2.242732e+00
3.857000e-05	-2.715548e-03	2.290133e+00
3.858000e-05	-1.743692e-03	2.199551e+00
3.859000e-05	-2.142323e-03	2.186951e+00
3.860000e-05	-2.282592e-03	2.165895e+00
3.861000e-05	-3.107291e-03	2.163292e+00
3.862000e-05	-1.893474e-03	2.072709e+00
3.863000e-05	-2.141337e-03	2.061582e+00
3.864000e-05	-3.443259e-03	1.999503e+00
3.865000e-05	-2.473586e-03	1.998000e+00
3.866000e-05	-1.043433e-03	1.955997e+00
3.867000e-05	-6.402520e-04	1.934945e+00
3.868000e-05	-2.167756e-03	1.892338e+00
3.869000e-05	-2.128665e-03	1.851034e+00
3.870000e-05	-3.474818e-03	1.769975e+00
3.871000e-05	-3.447377e-03	1.735374e+00
3.872000e-05	-2.870227e-03	1.733817e+00
3.873000e-05	-2.418582e-03	1.692865e+00
3.874000e-05	-1.254534e-03	1.681659e+00
3.875000e-05	-2.122460e-03	1.612580e+00
3.876000e-05	-1.100126e-03	1.566049e+00
3.877000e-05	-3.184590e-03	1.525317e+00
3.878000e-05	-3.295165e-03	1.493708e+00
3.879000e-05	-3.733830e-03	1.411178e+00
3.880000e-05	-2.496643e-03	1.368449e+00
3.881000e-05	-2.157032e-03	1.375872e+00
3.882000e-05	-2.952135e-03	1.284312e+00
3.883000e-05	-2.513298e-03	1.252080e+00
3.884000e-05	-3.312578e-03	1.240058e+00
3.885000e-05	-2.060161e-03	1.199024e+00
3.886000e-05	-3.096960e-03	1.146395e+00
3.887000e-05	-2.663133e-03	1.084237e+00
3.888000e-05	-2.238633e-03	1.002559e+00
3.889000e-05	-1.501609e-03	9.592958e-01
3.890000e-05	-3.100776e-03	8.747844e-01
3.891000e-05	-4.064308e-03	8.135828e-01
3.892000e-05	-4.649326e-03	8.110264e-01
3.893000e-05	-3.203009e-03	7.794750e-01
3.894000e-05	-2.515188e-03	7.694472e-01
3.895000e-05	-2.830866e-03	7.257122e-01
3.896000e-05	-1.664932e-03	6.431306e-01
3.897000e-05	-2.507636e-03	6.110514e-01
3.898000e-05	-1.689368e-03	5.594511e-01
3.899000e-05	-4.859826e-03	5.078158e-01
3.900000e-05	-4.537276e-03	4.452867e-01
3.901000e-05	-4.934142e-03	4.641327e-01
3.902000e-05	-9.290882e-04	4.220526e-01
3.903000e-05	-4.055712e-03	4.005276e-01
3.904000e-05	-2.923303e-03	3.689199e-01
3.905000e-05	-3.271968e-03	3.362697e-01
3.906000e-05	-1.961393e-03	2.517091e-01
3.907000e-05	-3.805671e-03	2.200275e-01
3.908000e-05	-4.954049e-03	1.473931e-01
3.909000e-05	-4.384894e-03	7.426052e-02
3.910000e-05	-2.853976e-03	1.363158e-02
3.911000e-05	-3.510077e-03	5.249374e-04
3.912000e-05	-3.928248e-03	-3.000256e-02
3.913000e-05	-3.043041e-03	-4.205652e-02
3.914000e-05	2.045903e-04	-9.375916e-02
3.915000e-05	-1.546158e-03	-1.558711e-01
3.916000e-05	-3.001419e-03	-1.974235e-01
3.917000e-05	-3.963313e-03	-2.095250e-01
3.918000e-05	-1.436339e-03	-2.606328e-01
3.919000e-05	5.626742e-03	-2.942119e-01
3.920000e-05	1.288246e-02	-3.363670e-01
3.921000e-05	9.409786e-03	-3.664249e-01
3.922000e-05	-1.617470e-02	-4.515278e-01
3.923000e-05	-5.082257e-02	-4.711315e-01
3.924000e-05	2.108051e-02	-5.117082e-01
3.925000e-05	3.533394e-02	-4.712843e-01
3.926000e-05	1.651705e-03	-6.069722e-01
3.927000e-05	-3.131951e-02	-7.012593e-01
3.928000e-05	3.479794e-02	-7.727946e-01
3.929000e-05	4.721407e-02	-7.263698e-01
3.930000e-05	-4.328487e-02	-8.095738e-01
3.931000e-05	-1.878501e-02	-8.490303e-01
3.932000e-05	5.209984e-03	-8.606604e-01
3.933000e-05	7.142976e-03	-8.848394e-01
3.934000e-05	-2.593206e-02	-9.243460e-01
3.935000e-05	2.471405e-02	-1.006425e+00
3.936000e-05	-4.836844e-02	-1.018549e+00
3.937000e-05	-2.409987e-02	-1.093212e+00
3.938000e-05	4.670170e-02	-1.114817e+00
3.939000e-05	2.341264e-02	-1.185371e+00
3.940000e-05	-5.403683e-02	-1.208001e+00
3.941000e-05	2.319759e-02	-1.219558e+00
3.942000e-05	6.200152e-02	-1.283264e+00
3.943000e-05	-3.756891e-02	-1.466396e+00
3.944000e-05	-4.123554e-02	-1.466076e+00
3.945000e-05	1.301309e-02	-1.490688e+00
3.946000e-05	3.314652e-02	-1.566295e+00
3.947000e-05	-2.200538e-02	-1.594974e+00
3.948000e-05	-2.548441e-02	-1.617078e+00
3.949000e-05	-3.886374e-03	-1.628707e+00
3.950000e-05	4.597806e-02	-1.683161e+00
3.951000e-05	-2.652515e-02	-1.722886e+00
3.952000e-05	-3.767977e-02	-1.754847e+00
3.953000e-05	2.242913e-02	-1.796476e+00
3.954000e-05	1.932959e-02	-1.819526e+00
3.955000e-05	-2.565806e-02	-1.900608e+00
3.956000e-05	-8.843257e-03	-1.872764e+00
3.957000e-05	2.207115e-03	-1.935396e+00
3.958000e-05	6.198901e-03	-1.965921e+00
3.959000e-05	-3.345649e-03	-2.006474e+00
3.960000e-05	-2.274361e-02	-2.007050e+00
3.961000e-05	3.592004e-03	-2.030633e+00
3.962000e-05	1.272514e-02	-2.071212e+00
3.963000e-05	-9.409209e-03	-2.112342e+00
3.964000e-05	-1.481470e-02	-2.168026e+00
3.965000e-05	-9.347177e-04	-2.281107e+00
3.966000e-05	5.436299e-03	-2.322293e+00
3.967000e-05	4.196219e-04	-2.354847e+00
3.968000e-05	-1.865105e-02	-2.385375e+00
3.969000e-05	-3.441097e-03	-2.387500e+00
3.970000e-05	9.056215e-03	-2.428028e+00
3.971000e-05	-3.989583e-03	-2.460633e+00
3.972000e-05	-1.760596e-02	-2.480663e+00
3.973000e-05	-3.684145e-03	-2.523819e+00
3.974000e-05	8.605621e-03	-2.584396e+00
3.975000e-05	-1.772329e-03	-2.605453e+00
3.976000e-05	-1.765452e-02	-2.608105e+00
3.977000e-05	-8.247910e-04	-2.647104e+00
3.978000e-05	4.116609e-03	-2.721791e+00
3.979000e-05	-4.034729e-03	-2.732242e+00
3.980000e-05	-1.416256e-02	-2.764872e+00
3.981000e-05	-5.738476e-03	-2.793547e+00
3.982000e-05	6.536794e-03	-2.807524e+00
3.983000e-05	-4.225474e-03	-2.828554e+00
3.984000e-05	-1.340123e-02	-2.836633e+00
3.985000e-05	-5.279604e-03	-2.879659e+00
3.986000e-05	4.065018e-03	-2.942363e+00
3.987000e-05	-4.532950e-03	-2.984927e+00
3.988000e-05	-1.010467e-02	-3.027109e+00
3.989000e-05	-6.637424e-03	-3.091134e+00
3.990000e-05	4.421738e-03	-3.131807e+00
3.991000e-05	-5.567186e-03	-3.132370e+00
3.992000e-05	-9.531532e-03	-3.174875e+00
3.993000e-05	-6.979397e-03	-3.165949e+00
3.994000e-05	3.139076e-03	-3.185500e+00
3.995000e-05	-3.362033e-03	-3.186578e+00
3.996000e-05	-8.411592e-03	-3.226653e+00
3.997000e-05	-5.546136e-03	-3.219634e+00
3.998000e-05	8.292052e-04	-3.280762e+00
3.999000e-05	-3.472533e-03	-3.331294e+00
4.000000e-05	-8.092119e-03	-3.332820e+00
4.001000e-05	-6.837611e-03	-3.364419e+00
4.002000e-05	3.389947e-04	-3.375926e+00
4.003000e-05	-2.347045e-03	-3.406106e+00
4.004000e-05	-8.018998e-03	-3.427028e+00
4.005000e-05	-5.371107e-03	-3.427634e+00
4.006000e-05	-5.097351e-04	-3.451084e+00
4.007000e-05	-2.347884e-03	-3.512840e+00
4.008000e-05	-8.100515e-03	-3.522766e+00
4.009000e-05	-6.494119e-03	-3.552416e+00
4.010000e-05	-1.605844e-03	-3.554421e+00
4.011000e-05	-1.479354e-03	-3.583475e+00
4.012000e-05	-7.709642e-03	-3.594500e+00
4.013000e-05	-5.122274e-03	-3.596000e+00
4.014000e-05	-1.937126e-03	-3.606475e+00
4.015000e-05	-1.846736e-03	-3.616552e+00
4.016000e-05	-7.297790e-03	-3.617584e+00
4.017000e-05	-5.959582e-03	-3.628127e+00
4.018000e-05	-2.105961e-03	-3.659131e+00
4.019000e-05	-2.745958e-03	-3.630782e+00
4.020000e-05	-5.965137e-03	-3.692820e+00
4.021000e-05	-6.224647e-03	-3.763444e+00
4.022000e-05	-3.025707e-03	-3.765402e+00
4.023000e-05	-2.499849e-03	-3.805106e+00
4.024000e-05	-5.825136e-03	-3.837603e+00
4.025000e-05	-5.947451e-03	-3.839609e+00
4.026000e-05	-2.567317e-03	-3.861191e+00
4.027000e-05	-2.782886e-03	-3.879337e+00
4.028000e-05	-5.372069e-03	-3.911868e+00
4.029000e-05	-6.761719e-03	-3.961817e+00
4.030000e-05	-3.098371e-03	-3.934469e+00
4.031000e-05	-2.978286e-03	-3.973974e+00
4.032000e-05	-5.800098e-03	-3.964971e+00
4.033000e-05	-5.987813e-03	-3.973974e+00
4.034000e-05	-4.219962e-03	-3.994949e+00
4.035000e-05	-3.564149e-03	-3.964446e+00
4.036000e-05	-6.208544e-03	-3.975024e+00
4.037000e-05	-6.056482e-03	-3.994050e+00
4.038000e-05	-3.858258e-03	-3.995053e+00
4.039000e-05	-2.933297e-03	-3.995000e+00
4.040000e-05	-5.713352e-03	-4.005025e+00
4.041000e-05	-6.578621e-03	-3.995503e+00
4.042000e-05	-4.220959e-03	-4.016080e+00
4.043000e-05	-4.200309e-03	-4.026528e+00
4.044000e-05	-6.026702e-03	-4.006533e+00
4.045000e-05	-5.268702e-03	-3.996076e+00
4.046000e-05	-4.815534e-03	-4.026552e+00
4.047000e-05	-3.340097e-03	-4.016527e+00
4.048000e-05	-4.415200e-03	-4.026629e+00
4.049000e-05	-5.368076e-03	-4.027058e+00
4.050000e-05	-4.555444e-03	-4.028054e+00
4.051000e-05	-4.572880e-03	-4.046553e+00
4.052000e-05	-5.441905e-03	-4.026706e+00
4.053000e-05	-5.875013e-03	-4.026658e+00
4.054000e-05	-4.475370e-03	-4.018629e+00
4.055000e-05	-5.668021e-03	-4.047584e+00
4.056000e-05	-5.985183e-03	-4.017659e+00
4.057000e-05	-4.648667e-03	-4.037581e+00
4.058000e-05	-3.837415e-03	-4.016080e+00
4.059000e-05	-5.120885e-03	-4.036554e+00
4.060000e-05	-4.620733e-03	-4.027553e+00
4.061000e-05	-5.098448e-03	-4.017129e+00
4.062000e-05	-4.671495e-03	-4.007606e+00
4.063000e-05	-5.999603e-03	-4.017558e+00
4.064000e-05	-5.898568e-03	-4.027103e+00
4.065000e-05	-4.275529e-03	-4.008504e+00
4.066000e-05	-5.046797e-03	-3.995604e+00
4.067000e-05	-4.316556e-03	-4.006001e+00
4.068000e-05	-4.775685e-03	-3.985106e+00
4.069000e-05	-4.345249e-03	-4.005503e+00
4.070000e-05	-4.649000e-03	-4.006000e+00
4.071000e-05	-5.738636e-03	-3.995000e+00
4.072000e-05	-6.099933e-03	-3.996000e+00
4.073000e-05	-5.041060e-03	-3.974950e+00
4.074000e-05	-4.819726e-03	-3.994975e+00
4.075000e-05	-4.630073e-03	-3.963999e+00
4.076000e-05	-4.942478e-03	-3.974497e+00
4.077000e-05	-3.604082e-03	-3.944448e+00
4.078000e-05	-4.669784e-03	-3.944421e+00
4.079000e-05	-4.899156e-03	-3.933916e+00
4.080000e-05	-4.650790e-03	-3.932945e+00
4.081000e-05	-5.218223e-03	-3.911915e+00
4.082000e-05	-4.184429e-03	-3.871792e+00
4.083000e-05	-5.062849e-03	-3.890663e+00
4.084000e-05	-4.953801e-03	-3.801736e+00
4.085000e-05	-5.087135e-03	-3.879659e+00
4.086000e-05	-4.091486e-03	-3.840073e+00
4.087000e-05	-4.374197e-03	-3.770594e+00
4.088000e-05	-4.519164e-03	-3.748017e+00
4.089000e-05	-5.786320e-03	-3.732396e+00
4.090000e-05	-4.008611e-03	-3.722886e+00
4.091000e-05	-5.051299e-03	-3.633836e+00
4.092000e-05	-5.477003e-03	-3.660259e+00
4.093000e-05	-6.191923e-03	-3.609178e+00
4.094000e-05	-4.157400e-03	-3.609155e+00
4.095000e-05	-4.657762e-03	-3.616576e+00
4.096000e-05	-4.404572e-03	-3.586550e+00
4.097000e-05	-6.239247e-03	-3.594025e+00
4.098000e-05	-3.694082e-03	-3.585450e+00
4.099000e-05	-5.068511e-03	-3.575446e+00
4.100000e-05	-5.663251e-03	-3.575474e+00
4.101000e-05	-6.182403e-03	-3.543370e+00
4.102000e-05	-4.466871e-03	-3.522841e+00
4.103000e-05	-4.543119e-03	-3.481790e+00
4.104000e-05	-4.953001e-03	-3.438662e+00
4.105000e-05	-5.550513e-03	-3.448655e+00
4.106000e-05	-4.869248e-03	-3.406553e+00
4.107000e-05	-5.255639e-03	-3.426499e+00
4.108000e-05	-5.027420e-03	-3.367024e+00
4.109000e-05	-5.986109e-03	-3.362470e+00
4.110000e-05	-3.853895e-03	-3.284890e+00
4.111000e-05	-5.057360e-03	-3.313316e+00
4.112000e-05	-4.934494e-03	-3.269142e+00
4.113000e-05	-6.115963e-03	-3.247607e+00
4.114000e-05	-5.189220e-03	-3.240603e+00
4.115000e-05	-4.586614e-03	-3.206526e+00
4.116000e-05	-5.016331e-03	-3.176501e+00
4.117000e-05	-4.762800e-03	-3.174471e+00
4.118000e-05	-5.049056e-03	-3.125367e+00
4.119000e-05	-4.293387e-03	-3.113391e+00
4.120000e-05	-4.888812e-03	-3.051737e+00
4.121000e-05	-5.053204e-03	-2.961053e+00
4.122000e-05	-5.304648e-03	-2.978021e+00
4.123000e-05	-4.778528e-03	-2.936392e+00
4.124000e-05	-5.062939e-03	-2.914363e+00
4.125000e-05	-5.194514e-03	-2.821178e+00
4.126000e-05	-3.852326e-03	-2.809054e+00
4.127000e-05	-4.333540e-03	-2.788499e+00
4.128000e-05	-4.177333e-03	-2.757500e+00
4.129000e-05	-4.142692e-03	-2.774999e+00
4.130000e-05	-5.579684e-03	-2.715970e+00
4.131000e-05	-4.067649e-03	-2.721813e+00
4.132000e-05	-5.175911e-03	-2.674734e+00
4.133000e-05	-4.208345e-03	-2.629127e+00
4.134000e-05	-4.035709e-03	-2.608054e+00
4.135000e-05	-4.333913e-03	-2.525946e+00
4.136000e-05	-4.400800e-03	-2.537417e+00
4.137000e-05	-4.803110e-03	-2.474735e+00
4.138000e-05	-3.946696e-03	-2.431183e+00
4.139000e-05	-4.940661e-03	-2.438679e+00
4.140000e-05	-4.083128e-03	-2.427503e+00
4.141000e-05	-4.012628e-03	-2.387500e+00
4.142000e-05	-4.088421e-03	-2.367472e+00
4.143000e-05	-4.654621e-03	-2.335921e+00
4.144000e-05	-3.983161e-03	-2.283309e+00
4.145000e-05	-3.654123e-03	-2.271679e+00
4.146000e-05	-3.797173e-03	-2.149980e+00
4.147000e-05	-4.421309e-03	-2.096891e+00
4.148000e-05	-3.635943e-03	-2.044187e+00
4.149000e-05	-4.232826e-03	-2.010555e+00
4.150000e-05	-3.032864e-03	-1.999103e+00
4.151000e-05	-5.517715e-03	-1.997999e+00
4.152000e-05	-3.788318e-03	-1.946424e+00
4.153000e-05	-4.522342e-03	-1.954841e+00
4.154000e-05	-3.387340e-03	-1.891708e+00
4.155000e-05	-3.873233e-03	-1.841209e+00
4.156000e-05	-4.566359e-03	-1.810053e+00
4.157000e-05	-4.069793e-03	-1.797972e+00
4.158000e-05	-3.426629e-03	-1.727344e+00
4.159000e-05	-3.994549e-03	-1.695316e+00
4.160000e-05	-4.142748e-03	-1.671729e+00
4.161000e-05	-4.104486e-03	-1.622078e+00
4.162000e-05	-2.868812e-03	-1.619525e+00
4.163000e-05	-4.851140e-03	-1.597998e+00
4.164000e-05	-5.021680e-03	-1.497341e+00
4.165000e-05	-4.188566e-03	-1.516163e+00
4.166000e-05	-2.955479e-03	-1.440108e+00
4.167000e-05	-3.569468e-03	-1.296843e+00
4.168000e-05	-4.854349e-03	-1.274337e+00
4.169000e-05	-4.477031e-03	-1.233131e+00
4.170000e-05	-4.183811e-03	-1.171023e+00
4.171000e-05	-4.300973e-03	-1.199896e+00
4.172000e-05	-4.879171e-03	-1.106766e+00
4.173000e-05	-5.153453e-03	-1.030708e+00
4.174000e-05	-3.181174e-03	-1.032155e+00
4.175000e-05	-3.784085e-03	-9.694986e-01
4.176000e-05	-4.467724e-03	-9.374485e-01
4.177000e-05	-4.491696e-03	-9.369183e-01
4.178000e-05	-4.022246e-03	-8.746342e-01
4.179000e-05	-4.003917e-03	-8.211278e-01
4.180000e-05	-3.770654e-03	-7.910777e-01
4.181000e-05	-4.890301e-03	-7.984711e-01
4.182000e-05	-4.129419e-03	-7.154171e-01
4.183000e-05	-3.910079e-03	-7.052833e-01
4.184000e-05	-5.042372e-03	-6.626288e-01
4.185000e-05	-3.832631e-03	-5.499461e-01
4.186000e-05	-3.906918e-03	-4.758308e-01
4.187000e-05	-3.697020e-03	-4.336790e-01
4.188000e-05	-3.559549e-03	-4.115527e-01
4.189000e-05	-3.144957e-03	-3.899751e-01
4.190000e-05	-3.842612e-03	-3.579685e-01
4.191000e-05	-4.587817e-03	-3.052895e-01
4.192000e-05	-4.608016e-03	-2.456830e-01
4.193000e-05	-3.595844e-03	-2.226039e-01
4.194000e-05	-4.006434e-03	-1.610224e-01
4.195000e-05	-3.871995e-03	-1.283962e-01
4.196000e-05	-3.234747e-03	-1.388133e-01
4.197000e-05	-2.622435e-03	-8.468302e-02
4.198000e-05	-2.131411e-03	-3.363014e-02
4.199000e-05	-2.257787e-03	-1.602444e-03
4.200000e-05	-1.805995e-03	2.052888e-02
4.201000e-05	-1.707467e-03	8.008139e-02
4.202000e-05	-1.536714e-03	5.168679e-02
4.203000e-05	-1.590074e-03	1.968434e-01
4.204000e-05	1.117272e-03	2.585266e-01
4.205000e-05	7.775030e-03	3.126669e-01
4.206000e-05	1.117030e-02	3.774209e-01
4.207000e-05	-1.006575e-02	3.879236e-01
4.208000e-05	-4.130162e-02	4.379776e-01
4.209000e-05	-1.543092e-02	4.805278e-01
4.210000e-05	3.811498e-02	4.637130e-01
4.211000e-05	1.424876e-02	5.332661e-01
4.212000e-05	-3.814164e-02	5.848937e-01
4.213000e-05	-2.210026e-02	6.079988e-01
4.214000e-05	6.375481e-02	6.626354e-01
4.215000e-05	-6.003881e-03	7.427868e-01
4.216000e-05	-2.934275e-02	7.547673e-01
4.217000e-05	-1.525747e-02	7.649234e-01
4.218000e-05	1.431012e-02	8.084513e-01
4.219000e-05	-3.291719e-03	8.185303e-01
4.220000e-05	9.602930e-03	8.810857e-01
4.221000e-05	-1.041403e-03	9.843446e-01
4.222000e-05	-4.317945e-02	1.056929e+00
4.223000e-05	2.367044e-02	1.080657e+00
4.224000e-05	2.673289e-02	1.103189e+00
4.225000e-05	-2.981878e-02	1.176494e+00
4.226000e-05	-4.255139e-02	1.227950e+00
4.227000e-05	5.160750e-02	1.269584e+00
4.228000e-05	1.205031e-02	1.333763e+00
4.229000e-05	-3.112488e-02	1.323774e+00
4.230000e-05	-2.859019e-02	1.386947e+00
4.231000e-05	3.029140e-02	1.398550e+00
4.232000e-05	1.165105e-02	1.488012e+00
4.233000e-05	-2.184305e-02	1.513888e+00
4.234000e-05	-1.975748e-02	1.688983e+00
4.235000e-05	2.216747e-02	1.659054e+00
4.236000e-05	1.010640e-02	1.692260e+00
4.237000e-05	-2.813799e-02	1.734291e+00
4.238000e-05	-4.069772e-03	1.775419e+00
4.239000e-05	1.089133e-02	1.777479e+00
4.240000e-05	3.007996e-03	1.836529e+00
4.241000e-05	-9.602070e-03	1.871212e+00
4.242000e-05	-5.374678e-03	1.931817e+00
4.243000e-05	-4.446487e-03	1.983397e+00
4.244000e-05	8.878686e-03	1.976974e+00
4.245000e-05	-7.648389e-03	2.007451e+00
4.246000e-05	-1.040177e-02	2.028553e+00
4.247000e-05	2.945792e-03	2.040079e+00
4.248000e-05	8.873125e-03	2.091235e+00
4.249000e-05	-9.008040e-03	2.143287e+00
4.250000e-05	-7.653396e-03	2.144350e+00
4.251000e-05	-3.124217e-04	2.197002e+00
4.252000e-05	4.879279e-03	2.227080e+00
4.253000e-05	-5.399026e-03	2.268186e+00
4.254000e-05	-8.023568e-03	2.322788e+00
4.255000e-05	4.171916e-04	2.354293e+00
4.256000e-05	6.977958e-03	2.384447e+00
4.257000e-05	-6.649004e-03	2.395473e+00
4.258000e-05	-9.518069e-03	2.406503e+00
4.259000e-05	2.037875e-03	2.458679e+00
4.260000e-05	5.281660e-03	2.499136e+00
4.261000e-05	-5.057934e-03	2.524366e+00
4.262000e-05	-7.014497e-03	2.566427e+00
4.263000e-05	2.630137e-03	2.657953e+00
4.264000e-05	2.190672e-03	2.700214e+00
4.265000e-05	-4.535545e-03	2.752317e+00
4.266000e-05	-8.316793e-03	2.774399e+00
4.267000e-05	1.847452e-03	2.805422e+00
4.268000e-05	2.600983e-03	2.797551e+00
4.269000e-05	-1.807736e-03	2.797028e+00
4.270000e-05	-7.474469e-03	2.828079e+00
4.271000e-05	1.388417e-03	2.930239e+00
4.272000e-05	2.118708e-03	2.921163e+00
4.273000e-05	-2.219090e-03	2.951869e+00
4.274000e-05	-6.533622e-03	2.964424e+00
4.275000e-05	5.346952e-04	2.994449e+00
4.276000e-05	2.500062e-03	2.997004e+00
4.277000e-05	-2.931273e-03	3.058109e+00
4.278000e-05	-5.206358e-03	3.079587e+00
4.279000e-05	-1.540457e-03	3.081238e+00
4.280000e-05	3.186538e-03	3.141792e+00
4.281000e-05	-1.384886e-03	3.142867e+00
4.282000e-05	-4.690624e-03	3.144450e+00
4.283000e-05	-2.262123e-03	3.196451e+00
4.284000e-05	2.264965e-03	3.206451e+00
4.285000e-05	-2.336284e-03	3.206651e+00
4.286000e-05	-4.010137e-03	3.236029e+00
4.287000e-05	-2.482760e-03	3.217757e+00
4.288000e-05	2.680643e-03	3.241163e+00
4.289000e-05	-1.516444e-03	3.322277e+00
4.290000e-05	-3.159486e-03	3.353290e+00
4.291000e-05	-2.892048e-03	3.424879e+00
4.292000e-05	1.657098e-03	3.467628e+00
4.293000e-05	-1.712408e-03	3.520636e+00
4.294000e-05	-3.764150e-03	3.468239e+00
4.295000e-05	-2.561758e-03	3.551763e+00
4.296000e-05	9.921118e-04	3.543920e+00
4.297000e-05	-1.425117e-03	3.613921e+00
4.298000e-05	-2.449566e-03	3.594424e+00
4.299000e-05	-2.501879e-03	3.605475e+00
4.300000e-05	7.990137e-05	3.595450e+00
4.301000e-05	-8.948594e-04	3.606050e+00
4.302000e-05	-2.960985e-03	3.645080e+00
4.303000e-05	-1.972080e-03	3.607058e+00
4.304000e-05	-8.315685e-04	3.627606e+00
4.305000e-05	-3.923885e-04	3.637160e+00
4.306000e-05	-1.926632e-03	3.728689e+00
4.307000e-05	-2.206565e-03	3.699637e+00
4.308000e-05	-1.189763e-03	3.711742e+00
4.309000e-05	-1.045771e-04	3.752867e+00
4.310000e-05	-2.476245e-03	3.753346e+00
4.311000e-05	-1.971361e-03	3.784394e+00
4.312000e-05	-8.714909e-04	3.794500e+00
4.313000e-05	1.059829e-03	3.813950e+00
4.314000e-05	-2.500013e-03	3.804526e+00
4.315000e-05	-1.825393e-03	3.805975e+00
4.316000e-05	-8.666776e-04	3.816529e+00
4.317000e-05	1.721706e-04	3.816054e+00
4.318000e-05	-2.250688e-03	3.837555e+00
4.319000e-05	-2.071331e-03	3.816633e+00
4.320000e-05	-6.784525e-04	3.879055e+00
4.321000e-05	5.865974e-04	3.847658e+00
4.322000e-05	-1.793271e-03	3.858235e+00
4.323000e-05	-1.833713e-03	3.858738e+00
4.324000e-05	-6.612549e-04	3.889186e+00
4.325000e-05	-4.252500e-04	3.879694e+00
4.326000e-05	-1.391959e-03	3.881714e+00
4.327000e-05	-1.657981e-03	3.899243e+00
4.328000e-05	-3.250649e-04	3.930870e+00
4.329000e-05	-4.353559e-04	3.912295e+00
4.330000e-05	-1.379114e-03	3.890267e+00
4.331000e-05	-1.177520e-03	3.941817e+00
4.332000e-05	-6.001389e-04	3.921823e+00
4.333000e-05	3.116461e-04	3.951343e+00
4.334000e-05	-1.841551e-03	3.902822e+00
4.335000e-05	-2.621719e-03	3.940845e+00
4.336000e-05	-1.278799e-03	3.902293e+00
4.337000e-05	-2.268324e-04	3.963341e+00
4.338000e-05	-4.202186e-04	3.953346e+00
4.339000e-05	-4.470279e-04	3.943323e+00
4.340000e-05	-1.240244e-03	3.974445e+00
4.341000e-05	-1.605465e-03	3.953445e+00
4.342000e-05	-6.575968e-04	3.960846e+00
4.343000e-05	-1.085908e-03	3.909820e+00
4.344000e-05	-5.890628e-04	3.963369e+00
4.345000e-05	-7.585895e-04	3.942295e+00
4.346000e-05	-1.377632e-03	3.932418e+00
4.347000e-05	-1.225128e-03	3.913793e+00
4.348000e-05	-1.257620e-03	3.962817e+00
4.349000e-05	-5.847499e-04	3.881813e+00
4.350000e-05	-8.371081e-04	3.951841e+00
4.351000e-05	3.588965e-04	3.901312e+00
4.352000e-05	-7.188782e-04	3.922311e+00
4.353000e-05	-1.820633e-04	3.872163e+00
4.354000e-05	-1.531309e-03	3.898840e+00
4.355000e-05	-8.032054e-04	3.870737e+00
4.356000e-05	-1.256380e-03	3.870784e+00
4.357000e-05	-1.598015e-03	3.869237e+00
4.358000e-05	-9.215319e-04	3.858159e+00
4.359000e-05	-1.881481e-04	3.827183e+00
4.360000e-05	-1.527477e-03	3.819579e+00
4.361000e-05	-7.180345e-04	3.827605e+00
4.362000e-05	-1.208304e-03	3.817549e+00
4.363000e-05	-3.064321e-04	3.827026e+00
4.364000e-05	-2.843110e-03	3.797025e+00
4.365000e-05	-1.184780e-03	3.785952e+00
4.366000e-05	-1.295787e-03	3.784926e+00
4.367000e-05	-8.335743e-04	3.733421e+00
4.368000e-05	-2.020175e-03	3.754446e+00
4.369000e-05	-1.141253e-03	3.744392e+00
4.370000e-05	-1.024551e-03	3.694871e+00
4.371000e-05	-7.050812e-04	3.720762e+00
4.372000e-05	-1.593890e-03	3.701263e+00
4.373000e-05	-7.977664e-04	3.629712e+00
4.374000e-05	-1.933077e-03	3.629109e+00
4.375000e-05	-1.828860e-03	3.630083e+00
4.376000e-05	-2.613367e-03	3.637077e+00
4.377000e-05	-1.578033e-03	3.628576e+00
4.378000e-05	-1.341230e-03	3.596026e+00
4.379000e-05	-1.224433e-03	3.605500e+00
4.380000e-05	-1.814367e-03	3.595500e+00
4.381000e-05	-1.645583e-03	3.585475e+00
4.382000e-05	-1.081325e-03	3.574945e+00
4.383000e-05	-8.823981e-04	3.553971e+00
4.384000e-05	-2.853368e-03	3.534370e+00
4.385000e-05	-1.771568e-03	3.512361e+00
4.386000e-05	-1.093365e-03	3.499212e+00
4.387000e-05	-8.088821e-04	3.432174e+00
4.388000e-05	-2.331397e-03	3.386077e+00
4.389000e-05	-2.092894e-03	3.325946e+00
4.390000e-05	-6.661058e-04	3.312289e+00
4.391000e-05	-5.380107e-04	3.272717e+00
4.392000e-05	-2.565203e-03	3.288683e+00
4.393000e-05	-1.373720e-03	3.228029e+00
4.394000e-05	-1.589217e-03	3.209030e+00
4.395000e-05	-1.348797e-03	3.198051e+00
4.396000e-05	-2.715151e-03	3.185974e+00
4.397000e-05	-1.608722e-03	3.174949e+00
4.398000e-05	-1.063118e-03	3.133970e+00
4.399000e-05	-1.691557e-03	3.114341e+00
4.400000e-05	-2.030760e-03	3.122763e+00
4.401000e-05	-1.393500e-03	3.030683e+00
4.402000e-05	-1.613880e-03	3.008078e+00
4.403000e-05	-8.622887e-04	2.977550e+00
4.404000e-05	-2.138755e-03	2.966525e+00
4.405000e-05	-1.594199e-03	2.974423e+00
4.406000e-05	-1.663755e-03	2.903788e+00
4.407000e-05	-1.231062e-03	2.894314e+00
4.408000e-05	-2.555182e-03	2.860209e+00
4.409000e-05	-2.476507e-03	2.838603e+00
4.410000e-05	-9.357075e-04	2.809576e+00
4.411000e-05	-9.850371e-04	2.787551e+00
4.412000e-05	-2.709097e-03	2.798026e+00
4.413000e-05	-2.364565e-03	2.766022e+00
4.414000e-05	-1.774535e-03	2.765369e+00
4.415000e-05	-1.950405e-03	2.721758e+00
4.416000e-05	-2.342320e-03	2.668834e+00
4.417000e-05	-2.222385e-03	2.606878e+00
4.418000e-05	-1.799669e-03	2.504791e+00
4.419000e-05	-2.198628e-03	2.440759e+00
4.420000e-05	-9.290344e-04	2.460107e+00
4.421000e-05	-2.677454e-03	2.432080e+00
4.422000e-05	-1.343596e-03	2.386500e+00
4.423000e-05	-3.027882e-03	2.376024e+00
4.424000e-05	-1.092181e-03	2.346369e+00
4.425000e-05	-2.720754e-03	2.333836e+00
4.426000e-05	-1.613382e-03	2.240212e+00
4.427000e-05	-3.317334e-03	2.250128e+00
4.428000e-05	-1.873900e-03	2.208976e+00
4.429000e-05	-3.242336e-03	2.195900e+00
4.430000e-05	-1.570432e-03	2.145841e+00
4.431000e-05	-2.734205e-03	2.082787e+00
4.432000e-05	-1.923582e-03	2.043580e+00
4.433000e-05	-3.314246e-03	2.010630e+00
4.434000e-05	-2.410941e-03	1.998025e+00
4.435000e-05	-2.421011e-03	1.996997e+00
4.436000e-05	-2.391501e-03	1.976972e+00
4.437000e-05	-3.978238e-03	1.895366e+00
4.438000e-05	-2.706761e-03	1.883157e+00
4.439000e-05	-2.479224e-03	1.840103e+00
4.440000e-05	-1.843876e-03	1.755998e+00
4.441000e-05	-3.092260e-03	1.746894e+00
4.442000e-05	-3.108532e-03	1.702888e+00
4.443000e-05	-2.611225e-03	1.653186e+00
4.444000e-05	-3.216277e-03	1.662133e+00
4.445000e-05	-3.560046e-03	1.597630e+00
4.446000e-05	-2.593192e-03	1.529819e+00
4.447000e-05	-2.298978e-03	1.461712e+00
4.448000e-05	-2.966788e-03	1.453181e+00
4.449000e-05	-3.455016e-03	1.409603e+00
4.450000e-05	-3.928882e-03	1.367396e+00
4.451000e-05	-2.748464e-03	1.285467e+00
4.452000e-05	-2.406517e-03	1.263338e+00
4.453000e-05	-2.772553e-03	1.211105e+00
4.454000e-05	-3.036481e-03	1.200078e+00
4.455000e-05	-2.381066e-03	1.187999e+00
4.456000e-05	-2.429478e-03	1.124820e+00
4.457000e-05	-3.112100e-03	1.014207e+00
4.458000e-05	-3.588275e-03	9.994486e-01
4.459000e-05	-2.960844e-03	9.277872e-01
4.460000e-05	-1.648022e-03	8.426840e-01
4.461000e-05	-3.213355e-03	8.120803e-01
4.462000e-05	-3.172694e-03	8.000512e-01
4.463000e-05	-3.547021e-03	7.889710e-01
4.464000e-05	-2.495272e-03	7.458669e-01
4.465000e-05	-3.433957e-03	6.942356e-01
4.466000e-05	-3.861528e-03	6.231553e-01
4.467000e-05	-3.033785e-03	5.810277e-01
4.468000e-05	-1.455500e-03	5.684211e-01
4.469000e-05	-2.277537e-03	5.262684e-01
4.470000e-05	-3.490168e-03	4.541842e-01
4.471000e-05	-3.743549e-03	4.315816e-01
4.472000e-05	-3.387854e-03	4.010489e-01
4.473000e-05	-3.549148e-03	3.885249e-01
4.474000e-05	-4.342370e-03	3.379722e-01
4.475000e-05	-2.985253e-03	3.021882e-01
4.476000e-05	-2.092144e-03	2.537080e-01
4.477000e-05	-1.498837e-03	1.609697e-01
4.478000e-05	-3.790658e-03	7.633934e-02
4.479000e-05	-4.040058e-03	3.508183e-02
4.480000e-05	-3.844620e-03	1.076506e-03
4.481000e-05	-2.512350e-03	-4.525063e-04
4.482000e-05	-3.356028e-03	-3.105395e-02
4.483000e-05	-1.788313e-03	-1.031606e-01
4.484000e-05	-7.760887e-05	-1.463181e-01
4.485000e-05	-2.364745e-05	-1.874223e-01
4.486000e-05	-2.601743e-03	-2.280250e-01
4.487000e-05	-3.807556e-03	-2.415351e-01
4.488000e-05	2.025512e-04	-2.421566e-01
4.489000e-05	9.371097e-03	-3.056895e-01
4.490000e-05	1.528618e-02	-3.553147e-01
4.491000e-05	-2.992795e-03	-4.194512e-01
4.492000e-05	-4.967663e-02	-4.211053e-01
4.493000e-05	-2.418112e-02	-4.630319e-01
4.494000e-05	4.006682e-02	-4.826345e-01
4.495000e-05	1.624289e-02	-5.443707e-01
4.496000e-05	-2.729490e-02	-6.710838e-01
4.497000e-05	-1.762893e-02	-7.227383e-01
4.498000e-05	6.556102e-02	-7.437936e-01
4.499000e-05	-1.417000e-02	-7.874473e-01
4.500000e-05	-3.672217e-02	-8.585999e-01
4.501000e-05	-7.644108e-03	-8.890555e-01
4.502000e-05	1.605668e-02	-8.706816e-01
4.503000e-05	-1.028177e-02	-9.772646e-01
4.504000e-05	6.307514e-03	-9.563722e-01
4.505000e-05	1.061135e-02	-9.969501e-01
4.506000e-05	-6.150625e-02	-1.059128e+00
4.507000e-05	1.997288e-02	-1.104289e+00
4.508000e-05	3.699707e-02	-1.154269e+00
4.509000e-05	-2.868830e-02	-1.176971e+00
4.510000e-05	-4.780052e-02	-1.229525e+00
4.511000e-05	6.567566e-02	-1.300711e+00
4.512000e-05	5.162999e-03	-1.347321e+00
4.513000e-05	-5.039167e-02	-1.427429e+00
4.514000e-05	-1.913704e-02	-1.450633e+00
4.515000e-05	3.652108e-02	-1.555239e+00
4.516000e-05	4.696177e-03	-1.584447e+00
4.517000e-05	-2.777592e-02	-1.596499e+00
4.518000e-05	-1.870625e-02	-1.598526e+00
4.519000e-05	2.775243e-02	-1.642183e+00
4.520000e-05	2.251261e-02	-1.712208e+00
4.521000e-05	-5.417651e-02	-1.744345e+00
4.522000e-05	-4.139909e-03	-1.775949e+00
4.523000e-05	2.915934e-02	-1.798100e+00
4.524000e-05	-4.027940e-03	-1.858558e+00
4.525000e-05	-2.621136e-02	-1.890809e+00
4.526000e-05	4.696753e-03	-1.932288e+00
4.527000e-05	5.770784e-04	-1.964868e+00
4.528000e-05	8.041288e-03	-1.996972e+00
4.529000e-05	-1.776266e-02	-1.975502e+00
4.530000e-05	-1.279232e-02	-2.007551e+00
4.531000e-05	1.304163e-02	-2.070606e+00
4.532000e-05	3.861489e-03	-2.092264e+00
4.533000e-05	-1.638343e-02	-2.155421e+00
4.534000e-05	-8.319480e-03	-2.215979e+00
4.535000e-05	2.293228e-03	-2.290163e+00
4.536000e-05	6.787089e-03	-2.342846e+00
4.537000e-05	-1.144612e-02	-2.375372e+00
4.538000e-05	-1.442246e-02	-2.406526e+00
4.539000e-05	7.352818e-03	-2.396525e+00
4.540000e-05	5.788793e-03	-2.438679e+00
4.541000e-05	-1.277046e-02	-2.480234e+00
4.542000e-05	-1.385253e-02	-2.483315e+00
4.543000e-05	4.780187e-03	-2.552742e+00
4.544000e-05	6.921162e-03	-2.586501e+00
4.545000e-05	-1.260369e-02	-2.606578e+00
4.546000e-05	-1.213117e-02	-2.638054e+00
4.547000e-05	5.598847e-03	-2.649633e+00
4.548000e-05	7.220292e-04	-2.702338e+00
4.549000e-05	-8.917111e-03	-2.753396e+00
4.550000e-05	-1.265015e-02	-2.775447e+00
4.551000e-05	3.393195e-03	-2.785975e+00
4.552000e-05	2.686980e-03	-2.807053e+00
4.553000e-05	-9.184091e-03	-2.808050e+00
4.554000e-05	-1.146010e-02	-2.879630e+00
4.555000e-05	1.826708e-03	-2.851684e+00
4.556000e-05	1.261409e-04	-2.913795e+00
4.557000e-05	-7.211738e-03	-2.986976e+00
4.558000e-05	-1.200385e-02	-3.090586e+00
4.559000e-05	-7.962271e-05	-3.080237e+00
4.560000e-05	9.883632e-04	-3.132864e+00
4.561000e-05	-7.545202e-03	-3.153871e+00
4.562000e-05	-1.009548e-02	-3.183970e+00
4.563000e-05	-2.451201e-03	-3.174948e+00
4.564000e-05	1.798895e-03	-3.207027e+00
4.565000e-05	-7.673611e-03	-3.235529e+00
4.566000e-05	-8.769758e-03	-3.268132e+00
4.567000e-05	-3.225427e-03	-3.299687e+00
4.568000e-05	1.031573e-03	-3.310763e+00
4.569000e-05	-6.037798e-03	-3.312320e+00
4.570000e-05	-8.788212e-03	-3.374421e+00
4.571000e-05	-4.155199e-03	-3.404497e+00
4.572000e-05	5.778561e-04	-3.416075e+00
4.573000e-05	-5.589465e-03	-3.416531e+00
4.574000e-05	-7.732164e-03	-3.426553e+00
4.575000e-05	-4.432275e-03	-3.477657e+00
4.576000e-05	-5.211789e-04	-3.481737e+00
4.577000e-05	-5.726499e-03	-3.490742e+00
4.578000e-05	-8.680198e-03	-3.562340e+00
4.579000e-05	-4.708087e-03	-3.522822e+00
4.580000e-05	-8.238419e-04	-3.572922e+00
4.581000e-05	-5.211347e-03	-3.575449e+00
4.582000e-05	-7.495900e-03	-3.584524e+00
4.583000e-05	-5.125539e-03	-3.606000e+00
4.584000e-05	-1.774025e-03	-3.606528e+00
4.585000e-05	-5.092995e-03	-3.595552e+00
4.586000e-05	-7.442885e-03	-3.616082e+00
4.587000e-05	-4.964775e-03	-3.649279e+00
4.588000e-05	-2.060335e-03	-3.659233e+00
4.589000e-05	-4.110474e-03	-3.681213e+00
4.590000e-05	-7.147039e-03	-3.701347e+00
4.591000e-05	-5.329811e-03	-3.723373e+00
4.592000e-05	-2.357457e-03	-3.755848e+00
4.593000e-05	-4.327141e-03	-3.787525e+00
4.594000e-05	-6.230907e-03	-3.810134e+00
4.595000e-05	-5.053569e-03	-3.840613e+00
4.596000e-05	-2.250379e-03	-3.930686e+00
4.597000e-05	-3.541324e-03	-3.862242e+00
4.598000e-05	-6.117459e-03	-3.912343e+00
4.599000e-05	-5.083470e-03	-3.922371e+00
4.600000e-05	-3.274978e-03	-3.892397e+00
4.601000e-05	-4.325897e-03	-3.963950e+00
4.602000e-05	-6.038838e-03	-3.962997e+00
4.603000e-05	-4.804837e-03	-3.983449e+00
4.604000e-05	-3.258930e-03	-3.964975e+00
4.605000e-05	-2.895725e-03	-3.984475e+00
4.606000e-05	-5.690900e-03	-4.014000e+00
4.607000e-05	-5.610715e-03	-3.994001e+00
4.608000e-05	-4.270347e-03	-3.974999e+00
4.609000e-05	-4.085727e-03	-3.995502e+00
4.610000e-05	-5.930373e-03	-3.996075e+00
4.611000e-05	-5.266920e-03	-4.005529e+00
4.612000e-05	-3.292956e-03	-3.995550e+00
4.613000e-05	-4.413801e-03	-4.006053e+00
4.614000e-05	-5.097914e-03	-4.036555e+00
4.615000e-05	-5.367029e-03	-4.035605e+00
4.616000e-05	-4.394727e-03	-4.007050e+00
4.617000e-05	-4.182048e-03	-4.006558e+00
4.618000e-05	-5.334012e-03	-4.037154e+00
4.619000e-05	-5.558276e-03	-4.016102e+00
4.620000e-05	-4.672794e-03	-4.036057e+00
4.621000e-05	-4.674459e-03	-4.018129e+00
4.622000e-05	-5.844676e-03	-4.017726e+00
4.623000e-05	-5.783490e-03	-4.005604e+00
4.624000e-05	-3.729382e-03	-4.018080e+00
4.625000e-05	-4.650104e-03	-4.025130e+00
4.626000e-05	-4.997345e-03	-4.056057e+00
4.627000e-05	-6.138264e-03	-4.037176e+00
4.628000e-05	-4.634779e-03	-4.038129e+00
4.629000e-05	-4.772641e-03	-4.018101e+00
4.630000e-05	-4.989048e-03	-4.026204e+00
4.631000e-05	-5.279601e-03	-4.016606e+00
4.632000e-05	-4.603961e-03	-4.016054e+00
4.633000e-05	-5.412101e-03	-4.006103e+00
4.634000e-05	-6.446529e-03	-4.017129e+00
4.635000e-05	-6.003410e-03	-3.996029e+00
4.636000e-05	-4.570895e-03	-4.016528e+00
4.637000e-05	-3.977596e-03	-3.996052e+00
4.638000e-05	-4.250282e-03	-3.996051e+00
4.639000e-05	-4.851866e-03	-3.995000e+00
4.640000e-05	-4.656116e-03	-4.006028e+00
4.641000e-05	-6.005886e-03	-3.996000e+00
4.642000e-05	-5.837251e-03	-4.005550e+00
4.643000e-05	-6.314982e-03	-3.993974e+00
4.644000e-05	-3.832923e-03	-3.974950e+00
4.645000e-05	-5.394445e-03	-3.984946e+00
4.646000e-05	-4.485050e-03	-3.963495e+00
4.647000e-05	-4.683503e-03	-3.943900e+00
4.648000e-05	-4.759284e-03	-3.962895e+00
4.649000e-05	-5.460180e-03	-3.924370e+00
4.650000e-05	-5.919148e-03	-3.931290e+00
4.651000e-05	-5.009496e-03	-3.893391e+00
4.652000e-05	-4.399434e-03	-3.888337e+00
4.653000e-05	-5.022919e-03	-3.819262e+00
4.654000e-05	-4.564924e-03	-3.822680e+00
4.655000e-05	-5.089634e-03	-3.799156e+00
4.656000e-05	-3.396920e-03	-3.806105e+00
4.657000e-05	-5.758346e-03	-3.745473e+00
4.658000e-05	-4.777897e-03	-3.705918e+00
4.659000e-05	-5.686957e-03	-3.714867e+00
4.660000e-05	-3.609637e-03	-3.672263e+00
4.661000e-05	-5.210161e-03	-3.600730e+00
4.662000e-05	-4.845670e-03	-3.628157e+00
4.663000e-05	-5.513859e-03	-3.626554e+00
4.664000e-05	-3.385643e-03	-3.606603e+00
4.665000e-05	-4.196561e-03	-3.606629e+00
4.666000e-05	-4.867115e-03	-3.585505e+00
4.667000e-05	-5.438607e-03	-3.565901e+00
4.668000e-05	-3.694655e-03	-3.585424e+00
4.669000e-05	-5.134916e-03	-3.575447e+00
4.670000e-05	-6.365642e-03	-3.514394e+00
4.671000e-05	-4.661433e-03	-3.535396e+00
4.672000e-05	-4.191567e-03	-3.443314e+00
4.673000e-05	-4.048314e-03	-3.450636e+00
4.674000e-05	-5.534537e-03	-3.420729e+00
4.675000e-05	-4.040959e-03	-3.450154e+00
4.676000e-05	-3.663630e-03	-3.417553e+00
4.677000e-05	-4.354589e-03	-3.376500e+00
4.678000e-05	-5.360366e-03	-3.356494e+00
4.679000e-05	-4.663118e-03	-3.294841e+00
4.680000e-05	-4.597306e-03	-3.343841e+00
4.681000e-05	-4.534700e-03	-3.282766e+00
4.682000e-05	-4.877538e-03	-3.268158e+00
4.683000e-05	-5.037592e-03	-3.218607e+00
4.684000e-05	-4.383226e-03	-3.206551e+00
4.685000e-05	-4.188269e-03	-3.197026e+00
4.686000e-05	-4.805101e-03	-3.185524e+00
4.687000e-05	-5.089392e-03	-3.134974e+00
4.688000e-05	-4.461090e-03	-3.133916e+00
4.689000e-05	-5.145273e-03	-3.123343e+00
4.690000e-05	-4.358463e-03	-3.002232e+00
4.691000e-05	-5.626055e-03	-3.009101e+00
4.692000e-05	-4.252891e-03	-2.946524e+00
4.693000e-05	-5.062724e-03	-2.894864e+00
4.694000e-05	-4.957724e-03	-2.821213e+00
4.695000e-05	-5.561335e-03	-2.841128e+00
4.696000e-05	-4.759051e-03	-2.818553e+00
4.697000e-05	-4.336277e-03	-2.777500e+00
4.698000e-05	-4.492432e-03	-2.756476e+00
4.699000e-05	-5.299745e-03	-2.776345e+00
4.700000e-05	-4.562109e-03	-2.754865e+00
4.701000e-05	-4.389856e-03	-2.672267e+00
4.702000e-05	-4.227333e-03	-2.641208e+00
4.703000e-05	-5.153458e-03	-2.639082e+00
4.704000e-05	-5.480100e-03	-2.608526e+00
4.705000e-05	-4.294036e-03	-2.567495e+00
4.706000e-05	-4.513433e-03	-2.513317e+00
4.707000e-05	-5.413448e-03	-2.491787e+00
4.708000e-05	-4.207055e-03	-2.440157e+00
4.709000e-05	-4.510197e-03	-2.420606e+00
4.710000e-05	-4.233856e-03	-2.419051e+00
4.711000e-05	-5.193328e-03	-2.397000e+00
4.712000e-05	-4.142758e-03	-2.315821e+00
4.713000e-05	-4.661412e-03	-2.305391e+00
4.714000e-05	-4.014606e-03	-2.291809e+00
4.715000e-05	-4.370579e-03	-2.202129e+00
4.716000e-05	-3.898970e-03	-2.107917e+00
4.717000e-05	-4.773979e-03	-2.083315e+00
4.718000e-05	-3.982545e-03	-2.041731e+00
4.719000e-05	-4.375850e-03	-2.010550e+00
4.720000e-05	-4.710066e-03	-1.987974e+00
4.721000e-05	-4.431799e-03	-1.997970e+00
4.722000e-05	-3.489202e-03	-1.925892e+00
4.723000e-05	-4.163903e-03	-1.914415e+00
4.724000e-05	-4.070767e-03	-1.841206e+00
4.725000e-05	-3.615206e-03	-1.821202e+00
4.726000e-05	-4.750785e-03	-1.789004e+00
4.727000e-05	-4.160065e-03	-1.766492e+00
4.728000e-05	-5.173852e-03	-1.713340e+00
4.729000e-05	-3.803300e-03	-1.642708e+00
4.730000e-05	-3.542562e-03	-1.670629e+00
4.731000e-05	-3.974763e-03	-1.599579e+00
4.732000e-05	-3.587468e-03	-1.578997e+00
4.733000e-05	-4.120797e-03	-1.548446e+00
4.734000e-05	-4.522196e-03	-1.495916e+00
4.735000e-05	-4.970826e-03	-1.441734e+00
4.736000e-05	-4.689327e-03	-1.327521e+00
4.737000e-05	-4.044861e-03	-1.275841e+00
4.738000e-05	-3.356800e-03	-1.274159e+00
4.739000e-05	-3.930700e-03	-1.203153e+00
4.740000e-05	-3.474795e-03	-1.169950e+00
4.741000e-05	-4.056427e-03	-1.128417e+00
4.742000e-05	-4.518860e-03	-1.104367e+00
4.743000e-05	-4.283925e-03	-1.042178e+00
4.744000e-05	-3.982987e-03	-1.001653e+00
4.745000e-05	-4.552498e-03	-9.695249e-01
4.746000e-05	-4.469938e-03	-9.553196e-01
4.747000e-05	-4.122939e-03	-8.742870e-01
4.748000e-05	-3.564756e-03	-8.421554e-01
4.749000e-05	-4.134714e-03	-8.005765e-01
4.750000e-05	-4.391155e-03	-7.799751e-01
4.751000e-05	-3.759453e-03	-7.584973e-01
4.752000e-05	-3.661179e-03	-7.073409e-01
4.753000e-05	-4.562408e-03	-6.741554e-01
4.754000e-05	-4.592595e-03	-5.731699e-01
4.755000e-05	-4.780597e-03	-5.194658e-01
4.756000e-05	-3.501170e-03	-4.732267e-01
4.757000e-05	-4.947909e-03	-4.331000e-01
4.758000e-05	-4.882065e-03	-4.000263e-01
4.759000e-05	-3.753789e-03	-3.894998e-01
4.760000e-05	-3.302962e-03	-3.287909e-01
4.761000e-05	-3.830817e-03	-2.953132e-01
4.762000e-05	-4.651215e-03	-2.437542e-01
4.763000e-05	-4.080725e-03	-2.115766e-01
4.764000e-05	-3.676202e-03	-1.403975e-01
4.765000e-05	-4.788445e-03	-1.379158e-01
4.766000e-05	-3.650086e-03	-8.583327e-02
4.767000e-05	-3.589569e-03	-3.415901e-02
4.768000e-05	-1.729762e-03	-2.363007e-02
4.769000e-05	-1.905564e-03	-5.499377e-04
4.770000e-05	-1.562641e-03	1.962638e-02
4.771000e-05	-3.261001e-03	4.213534e-02
4.772000e-05	-2.168330e-03	1.348122e-01
4.773000e-05	-1.237865e-03	1.884225e-01
4.774000e-05	5.627415e-03	2.911080e-01
4.775000e-05	1.394354e-02	3.532422e-01
4.776000e-05	5.687347e-03	3.764485e-01
4.777000e-05	-2.279834e-02	4.189774e-01
4.778000e-05	-4.482593e-02	3.994763e-01
4.779000e-05	1.612058e-02	4.701054e-01
4.780000e-05	3.173043e-02	4.936932e-01
4.781000e-05	-9.792837e-03	5.652686e-01
4.782000e-05	-4.043452e-02	5.869237e-01
4.783000e-05	2.683184e-02	6.000804e-01
4.784000e-05	4.441680e-02	7.126892e-01
4.785000e-05	-3.672203e-02	7.248146e-01
4.786000e-05	-2.273342e-02	7.542961e-01
4.787000e-05	1.314141e-03	8.074501e-01
4.788000e-05	1.556287e-02	7.979800e-01
4.789000e-05	-7.956813e-03	8.390606e-01
4.790000e-05	2.299981e-02	9.128130e-01
4.791000e-05	-4.409521e-02	1.008876e+00
4.792000e-05	-5.204738e-03	1.097430e+00
4.793000e-05	2.950486e-02	1.072767e+00
4.794000e-05	9.206379e-03	1.175844e+00
4.795000e-05	-5.593960e-02	1.205425e+00
4.796000e-05	1.011922e-02	1.230082e+00
4.797000e-05	4.896226e-02	1.292583e+00
4.798000e-05	-1.702352e-02	1.336290e+00
4.799000e-05	-3.601585e-02	1.374468e+00
4.800000e-05	3.824688e-04	1.438426e+00
4.801000e-05	3.415144e-02	1.449530e+00
4.802000e-05	-1.180675e-02	1.564342e+00
4.803000e-05	-2.371694e-02	1.587348e+00
4.804000e-05	-2.618787e-03	1.688536e+00
4.805000e-05	3.136813e-02	1.651659e+00
4.806000e-05	-1.834220e-02	1.723746e+00
4.807000e-05	-1.811724e-02	1.743294e+00
4.808000e-05	4.423153e-03	1.785941e+00
4.809000e-05	1.101966e-02	1.808053e+00
4.810000e-05	-6.371674e-03	1.868612e+00
4.811000e-05	-5.714008e-03	1.872193e+00
4.812000e-05	-6.683115e-03	1.954270e+00
4.813000e-05	4.867956e-03	1.993422e+00
4.814000e-05	3.752970e-03	2.006976e+00
4.815000e-05	-1.423725e-02	1.997525e+00
4.816000e-05	-4.653637e-03	2.018104e+00
4.817000e-05	8.490850e-03	2.059587e+00
4.818000e-05	1.021591e-03	2.122792e+00
4.819000e-05	-1.050831e-02	2.146347e+00
4.820000e-05	-3.196010e-03	2.205350e+00
4.821000e-05	2.909658e-03	2.198078e+00
4.822000e-05	1.236892e-03	2.260010e+00
4.823000e-05	-9.083271e-03	2.300261e+00
4.824000e-05	-5.523303e-03	2.331316e+00
4.825000e-05	4.470809e-03	2.326399e+00
4.826000e-05	2.624647e-03	2.374895e+00
4.827000e-05	-1.151244e-02	2.386500e+00
4.828000e-05	-3.569919e-03	2.408028e+00
4.829000e-05	4.720461e-03	2.450083e+00
4.830000e-05	9.113251e-04	2.530259e+00
4.831000e-05	-9.832000e-03	2.551340e+00
4.832000e-05	-1.532325e-03	2.597128e+00
4.833000e-05	2.629745e-03	2.690113e+00
4.834000e-05	4.673104e-04	2.740338e+00
4.835000e-05	-8.914918e-03	2.764370e+00
4.836000e-05	-4.032518e-03	2.793899e+00
4.837000e-05	3.025654e-03	2.805476e+00
4.838000e-05	1.518988e-03	2.817526e+00
4.839000e-05	-6.386605e-03	2.817551e+00
4.840000e-05	-4.010564e-03	2.859686e+00
4.841000e-05	3.553028e-03	2.860189e+00
4.842000e-05	4.356645e-04	2.922320e+00
4.843000e-05	-5.055144e-03	2.953367e+00
4.844000e-05	-4.830000e-03	2.974971e+00
4.845000e-05	3.200868e-03	3.014480e+00
4.846000e-05	7.274839e-04	3.026004e+00
4.847000e-05	-4.104567e-03	3.027009e+00
4.848000e-05	-4.666613e-03	3.112185e+00
4.849000e-05	2.521961e-03	3.119742e+00
4.850000e-05	1.918864e-04	3.153272e+00
4.851000e-05	-3.345911e-03	3.151397e+00
4.852000e-05	-4.044122e-03	3.165399e+00
4.853000e-05	1.452856e-03	3.205478e+00
4.854000e-05	6.929025e-04	3.217028e+00
4.855000e-05	-3.922573e-03	3.205100e+00
4.856000e-05	-3.862396e-03	3.249557e+00
4.857000e-05	9.704013e-04	3.269135e+00
4.858000e-05	1.099643e-03	3.291193e+00
4.859000e-05	-2.244861e-03	3.323797e+00
4.860000e-05	-2.953203e-03	3.394372e+00
4.861000e-05	1.016022e-03	3.465999e+00
4.862000e-05	1.162184e-03	3.431581e+00
4.863000e-05	-3.104678e-03	3.497763e+00
4.864000e-05	-2.440453e-03	3.521788e+00
4.865000e-05	-7.958221e-04	3.532368e+00
4.866000e-05	1.287486e-03	3.563345e+00
4.867000e-05	-3.003485e-03	3.573898e+00
4.868000e-05	-2.459683e-03	3.584975e+00
4.869000e-05	4.497043e-04	3.594503e+00
4.870000e-05	5.535740e-04	3.586552e+00
4.871000e-05	-1.936832e-03	3.596552e+00
4.872000e-05	-2.235219e-03	3.606553e+00
4.873000e-05	-7.576270e-04	3.606130e+00
4.874000e-05	-2.957056e-05	3.639212e+00
4.875000e-05	-2.360724e-03	3.648633e+00
4.876000e-05	-1.900959e-03	3.709836e+00
4.877000e-05	-7.658136e-04	3.689718e+00
4.878000e-05	-3.139648e-04	3.701295e+00
4.879000e-05	-1.583363e-03	3.771317e+00
4.880000e-05	-1.834240e-03	3.743371e+00
4.881000e-05	-4.593556e-04	3.782945e+00
4.882000e-05	-2.492511e-04	3.785974e+00
4.883000e-05	-1.686390e-03	3.784925e+00
4.884000e-05	-2.400841e-03	3.775454e+00
4.885000e-05	-1.770245e-03	3.816053e+00
4.886000e-05	-1.029135e-03	3.826558e+00
4.887000e-05	-1.594750e-03	3.826605e+00
4.888000e-05	-1.525762e-03	3.827054e+00
4.889000e-05	-8.923701e-04	3.848634e+00
4.890000e-05	-6.485213e-04	3.847112e+00
4.891000e-05	-1.354164e-03	3.889091e+00
4.892000e-05	-1.696645e-03	3.887687e+00
4.893000e-05	-1.531584e-03	3.902233e+00
4.894000e-05	-1.456152e-03	3.881237e+00
4.895000e-05	-2.064366e-03	3.878838e+00
4.896000e-05	-2.237300e-03	3.890265e+00
4.897000e-05	-1.074986e-03	3.941741e+00
4.898000e-05	-4.260932e-04	3.941345e+00
4.899000e-05	-1.375221e-03	3.931244e+00
4.900000e-05	-1.360233e-03	3.942341e+00
4.901000e-05	-1.331091e-03	3.904793e+00
4.902000e-05	-1.226763e-03	3.902292e+00
4.903000e-05	-1.872198e-03	3.922368e+00
4.904000e-05	-2.524040e-03	3.901870e+00
4.905000e-05	-4.851560e-04	3.942347e+00
4.906000e-05	-3.808675e-04	3.953946e+00
4.907000e-05	-1.453249e-03	3.922418e+00
4.908000e-05	-2.250767e-03	3.981871e+00
4.909000e-05	-1.115921e-03	3.953500e+00
4.910000e-05	-6.034627e-04	3.942896e+00
4.911000e-05	-6.456696e-04	3.973467e+00
4.912000e-05	-1.438194e-03	3.932891e+00
4.913000e-05	-1.113228e-03	3.962948e+00
4.914000e-05	-1.881478e-04	3.925293e+00
4.915000e-05	-1.137727e-03	3.972471e+00
4.916000e-05	-2.424897e-03	3.961867e+00
4.917000e-05	-1.397320e-03	3.912300e+00
4.918000e-05	-5.569091e-04	3.952792e+00
4.919000e-05	-1.436020e-03	3.923391e+00
4.920000e-05	-1.143042e-03	3.919263e+00
4.921000e-05	1.056573e-04	3.892746e+00
4.922000e-05	-1.947998e-04	3.871790e+00
4.923000e-05	-1.835200e-03	3.910787e+00
4.924000e-05	-1.316053e-03	3.899188e+00
4.925000e-05	-2.102780e-03	3.889239e+00
4.926000e-05	-3.200422e-04	3.879612e+00
4.927000e-05	-1.509224e-03	3.810184e+00
4.928000e-05	-1.548018e-03	3.839158e+00
4.929000e-05	-8.415852e-04	3.827605e+00
4.930000e-05	6.135705e-04	3.796031e+00
4.931000e-05	-1.293944e-05	3.827554e+00
4.932000e-05	-1.163698e-03	3.787029e+00
4.933000e-05	-1.183063e-03	3.794000e+00
4.934000e-05	-8.950245e-04	3.817048e+00
4.935000e-05	-2.189480e-03	3.764998e+00
4.936000e-05	-2.571518e-03	3.764449e+00
4.937000e-05	-1.631970e-03	3.764924e+00
4.938000e-05	-5.746450e-04	3.763922e+00
4.939000e-05	-5.400599e-04	3.732797e+00
4.940000e-05	-2.237440e-03	3.751867e+00
4.941000e-05	5.955601e-05	3.681745e+00
4.942000e-05	-1.144589e-03	3.671259e+00
4.943000e-05	-1.041874e-03	3.690214e+00
4.944000e-05	-2.327349e-03	3.627105e+00
4.945000e-05	-1.373541e-03	3.637631e+00
4.946000e-05	-1.384442e-03	3.636529e+00
4.947000e-05	-1.134019e-03	3.637501e+00
4.948000e-05	-2.133152e-03	3.606027e+00
4.949000e-05	-1.734009e-03	3.585500e+00
4.950000e-05	-1.507585e-03	3.576025e+00
4.951000e-05	-8.114906e-04	3.565975e+00
4.952000e-05	-2.424217e-03	3.574971e+00
4.953000e-05	-1.469494e-03	3.563372e+00
4.954000e-05	-2.232466e-03	3.522344e+00
4.955000e-05	-1.350688e-03	3.440185e+00
4.956000e-05	-2.946895e-03	3.458734e+00
4.957000e-05	-1.982408e-03	3.418508e+00
4.958000e-05	-2.107620e-03	3.327420e+00
4.959000e-05	-6.225322e-04	3.326870e+00
4.960000e-05	-2.567877e-03	3.290712e+00
4.961000e-05	-1.251073e-03	3.290111e+00
4.962000e-05	-1.947272e-03	3.279129e+00
4.963000e-05	-1.088278e-03	3.227527e+00
4.964000e-05	-2.091290e-03	3.208026e+00
4.965000e-05	-2.485234e-03	3.197025e+00
4.966000e-05	-2.758141e-03	3.195950e+00
4.967000e-05	-2.016381e-03	3.155947e+00
4.968000e-05	-1.822107e-03	3.153370e+00
4.969000e-05	-2.285903e-03	3.092315e+00
4.970000e-05	-1.966416e-03	3.072212e+00
4.971000e-05	-1.574333e-03	3.050630e+00
4.972000e-05	-1.832229e-03	3.017004e+00
4.973000e-05	-1.412480e-03	2.987474e+00
4.974000e-05	-1.469628e-03	2.976899e+00
4.975000e-05	-2.377946e-03	2.932921e+00
4.976000e-05	-1.953320e-03	2.913820e+00
4.977000e-05	-2.049156e-03	2.862288e+00
4.978000e-05	-1.735246e-03	2.850209e+00
4.979000e-05	-2.854915e-03	2.839583e+00
4.980000e-05	-1.086136e-03	2.798551e+00
4.981000e-05	-9.157608e-04	2.788000e+00
4.982000e-05	-1.313209e-03	2.776500e+00
4.983000e-05	-1.972272e-03	2.776371e+00
4.984000e-05	-1.830944e-03	2.742392e+00
4.985000e-05	-2.013150e-03	2.683259e+00
4.986000e-05	-1.995220e-03	2.649606e+00
4.987000e-05	-2.949992e-03	2.556897e+00
4.988000e-05	-1.573117e-03	2.524361e+00
4.989000e-05	-1.173881e-03	2.481209e+00
4.990000e-05	-1.925039e-03	2.431057e+00
4.991000e-05	-1.934982e-03	2.387476e+00
4.992000e-05	-1.269800e-03	2.366975e+00
4.993000e-05	-1.674526e-03	2.376425e+00
4.994000e-05	-9.750214e-04	2.305213e+00
4.995000e-05	-3.329269e-03	2.361208e+00
4.996000e-05	-2.296681e-03	2.270633e+00
4.997000e-05	-1.463934e-03	2.231056e+00
4.998000e-05	-2.413893e-03	2.177475e+00
4.999000e-05	-2.040599e-03	2.157350e+00
