# 260928_12:03:18.542183
t	CH1	CH2
0.000000e+00	-1.894611e-03	-2.967833e+00
1.000000e-08	-1.209754e-02	-3.017034e+00
2.000000e-08	-4.298311e-03	-3.061147e+00
3.000000e-08	5.310726e-03	-3.106650e+00
4.000000e-08	-5.425033e-03	-3.145781e+00
5.000000e-08	-1.150967e-02	-3.176906e+00
6.000000e-08	-8.650249e-03	-3.209964e+00
7.000000e-08	4.401619e-03	-3.210514e+00
8.000000e-08	-2.473182e-03	-3.210039e+00
9.000000e-08	-9.488605e-03	-3.220616e+00
1.000000e-07	-5.062742e-03	-3.263620e+00
1.100000e-07	1.352893e-03	-3.303672e+00
1.200000e-07	-3.035685e-03	-3.324778e+00
1.300000e-07	-1.092903e-02	-3.355833e+00
1.400000e-07	-8.320655e-03	-3.356911e+00
1.500000e-07	2.050938e-03	-3.408936e+00
1.600000e-07	-2.398863e-03	-3.400039e+00
1.700000e-07	-6.803545e-03	-3.410089e+00
1.800000e-07	-7.162380e-03	-3.423043e+00
1.900000e-07	8.841770e-04	-3.474669e+00
2.000000e-07	-3.367074e-03	-3.474648e+00
2.100000e-07	-9.891425e-03	-3.558275e+00
2.200000e-07	-7.686440e-03	-3.526860e+00
2.300000e-07	2.111502e-04	-3.549357e+00
2.400000e-07	-1.832556e-03	-3.578460e+00
2.500000e-07	-7.276153e-03	-3.590460e+00
2.600000e-07	-6.407447e-03	-3.569910e+00
2.700000e-07	2.686551e-04	-3.589964e+00
2.800000e-07	-3.174861e-03	-3.609991e+00
2.900000e-07	-9.480361e-03	-3.601569e+00
3.000000e-07	-6.014757e-03	-3.631043e+00
3.100000e-07	-2.020567e-03	-3.642643e+00
3.200000e-07	-2.206761e-03	-3.671698e+00
3.300000e-07	-7.433347e-03	-3.694603e+00
3.400000e-07	-4.578321e-03	-3.706255e+00
3.500000e-07	-1.740891e-03	-3.748856e+00
3.600000e-07	-1.451125e-03	-3.769484e+00
3.700000e-07	-8.057556e-03	-3.800918e+00
3.800000e-07	-5.591470e-03	-3.881567e+00
3.900000e-07	-3.683470e-03	-3.804746e+00
4.000000e-07	-1.826280e-03	-3.882123e+00
4.100000e-07	-5.520895e-03	-3.935733e+00
4.200000e-07	-5.332448e-03	-3.929325e+00
4.300000e-07	-2.283152e-03	-3.938383e+00
4.400000e-07	-2.286997e-03	-3.987810e+00
4.500000e-07	-7.067903e-03	-3.986380e+00
4.600000e-07	-6.868380e-03	-3.968906e+00
4.700000e-07	-2.079572e-03	-3.999959e+00
4.800000e-07	-2.041918e-03	-4.008986e+00
4.900000e-07	-3.437666e-03	-3.999488e+00
5.000000e-07	-6.870874e-03	-3.979462e+00
5.100000e-07	-2.469718e-03	-3.999986e+00
5.200000e-07	-5.953465e-03	-4.010485e+00
5.300000e-07	-3.863904e-03	-4.019514e+00
5.400000e-07	-7.993775e-03	-4.000489e+00
5.500000e-07	-1.672658e-03	-4.020515e+00
5.600000e-07	-3.486292e-03	-4.011491e+00
5.700000e-07	-3.593874e-03	-4.031093e+00
5.800000e-07	-5.554984e-03	-4.021042e+00
5.900000e-07	-3.029279e-03	-4.021065e+00
6.000000e-07	-4.049046e-03	-4.021545e+00
6.100000e-07	-6.705446e-03	-4.040515e+00
6.200000e-07	-6.043104e-03	-4.021589e+00
6.300000e-07	-4.550930e-03	-4.033144e+00
6.400000e-07	-2.316317e-03	-4.021044e+00
6.500000e-07	-6.325154e-03	-4.031591e+00
6.600000e-07	-4.799392e-03	-4.042018e+00
6.700000e-07	-3.473313e-03	-4.031541e+00
6.800000e-07	-2.868368e-03	-4.072093e+00
6.900000e-07	-6.770533e-03	-4.081519e+00
7.000000e-07	-5.023607e-03	-4.042043e+00
7.100000e-07	-4.688706e-03	-4.012019e+00
7.200000e-07	-4.431003e-03	-4.022040e+00
7.300000e-07	-5.880155e-03	-4.031489e+00
7.400000e-07	-4.598384e-03	-4.032068e+00
7.500000e-07	-3.762485e-03	-4.022043e+00
7.600000e-07	-3.449222e-03	-4.021565e+00
7.700000e-07	-5.150880e-03	-4.011539e+00
7.800000e-07	-6.372049e-03	-4.021541e+00
7.900000e-07	-4.414298e-03	-4.021014e+00
8.000000e-07	-5.611887e-03	-4.000039e+00
8.100000e-07	-4.710292e-03	-4.000464e+00
8.200000e-07	-4.921577e-03	-4.010965e+00
8.300000e-07	-3.062037e-03	-4.001014e+00
8.400000e-07	-4.049221e-03	-3.989912e+00
8.500000e-07	-5.897667e-03	-3.990488e+00
8.600000e-07	-6.373923e-03	-3.989987e+00
8.700000e-07	-4.533357e-03	-3.999960e+00
8.800000e-07	-4.417183e-03	-3.999987e+00
8.900000e-07	-4.607622e-03	-3.978962e+00
9.000000e-07	-5.073083e-03	-3.968461e+00
9.100000e-07	-2.918669e-03	-3.958939e+00
9.200000e-07	-3.431615e-03	-3.948435e+00
9.300000e-07	-5.382953e-03	-3.957882e+00
9.400000e-07	-6.996412e-03	-3.929734e+00
9.500000e-07	-4.019021e-03	-3.935281e+00
9.600000e-07	-3.238427e-03	-3.872679e+00
9.700000e-07	-4.940673e-03	-3.904656e+00
9.800000e-07	-4.811061e-03	-3.833552e+00
9.900000e-07	-3.896643e-03	-3.833374e+00
1.000000e-06	-2.965990e-03	-3.790918e+00
1.010000e-06	-6.157859e-03	-3.758338e+00
1.020000e-06	-5.361064e-03	-3.756782e+00
1.030000e-06	-4.598497e-03	-3.714207e+00
1.040000e-06	-3.050179e-03	-3.665125e+00
1.050000e-06	-5.011689e-03	-3.653654e+00
1.060000e-06	-4.832551e-03	-3.652603e+00
1.070000e-06	-4.322004e-03	-3.631066e+00
1.080000e-06	-3.149275e-03	-3.610995e+00
1.090000e-06	-4.758105e-03	-3.610492e+00
1.100000e-06	-4.335477e-03	-3.599965e+00
1.110000e-06	-5.268808e-03	-3.590464e+00
1.120000e-06	-4.044770e-03	-3.589965e+00
1.130000e-06	-5.810445e-03	-3.578886e+00
1.140000e-06	-4.777029e-03	-3.566787e+00
1.150000e-06	-5.535866e-03	-3.555311e+00
1.160000e-06	-3.570857e-03	-3.545730e+00
1.170000e-06	-4.131890e-03	-3.495626e+00
1.180000e-06	-4.918198e-03	-3.423628e+00
1.190000e-06	-4.905520e-03	-3.400996e+00
1.200000e-06	-4.424997e-03	-3.391470e+00
1.210000e-06	-5.182563e-03	-3.379968e+00
1.220000e-06	-5.155127e-03	-3.370436e+00
1.230000e-06	-5.671395e-03	-3.336714e+00
1.240000e-06	-3.156350e-03	-3.288256e+00
1.250000e-06	-4.627857e-03	-3.292251e+00
1.260000e-06	-4.136672e-03	-3.253127e+00
1.270000e-06	-4.945391e-03	-3.222095e+00
1.280000e-06	-3.602383e-03	-3.210072e+00
1.290000e-06	-3.427208e-03	-3.210942e+00
1.300000e-06	-5.555397e-03	-3.179941e+00
1.310000e-06	-5.387681e-03	-3.178411e+00
1.320000e-06	-4.601978e-03	-3.166338e+00
1.330000e-06	-4.526597e-03	-3.144731e+00
1.340000e-06	-5.943877e-03	-3.045602e+00
1.350000e-06	-4.658105e-03	-3.009048e+00
1.360000e-06	-3.457208e-03	-2.978467e+00
1.370000e-06	-3.104451e-03	-2.877281e+00
1.380000e-06	-5.884304e-03	-2.833100e+00
1.390000e-06	-4.756398e-03	-2.820601e+00
1.400000e-06	-4.727637e-03	-2.829998e+00
1.410000e-06	-3.396299e-03	-2.790519e+00
1.420000e-06	-5.312888e-03	-2.769917e+00
1.430000e-06	-4.398136e-03	-2.769941e+00
1.440000e-06	-3.647147e-03	-2.756261e+00
1.450000e-06	-3.674700e-03	-2.665756e+00
1.460000e-06	-4.638644e-03	-2.652675e+00
1.470000e-06	-4.270857e-03	-2.631023e+00
1.480000e-06	-4.031359e-03	-2.619995e+00
1.490000e-06	-4.412808e-03	-2.598916e+00
1.500000e-06	-4.929230e-03	-2.536337e+00
1.510000e-06	-5.586108e-03	-2.464182e+00
1.520000e-06	-3.859778e-03	-2.452148e+00
1.530000e-06	-4.577262e-03	-2.441525e+00
1.540000e-06	-5.251779e-03	-2.398970e+00
1.550000e-06	-4.420209e-03	-2.379994e+00
1.560000e-06	-4.294830e-03	-2.399343e+00
1.570000e-06	-3.402710e-03	-2.316360e+00
1.580000e-06	-4.561792e-03	-2.284654e+00
1.590000e-06	-4.435929e-03	-2.278599e+00
1.600000e-06	-4.294729e-03	-2.136417e+00
1.610000e-06	-4.520848e-03	-2.116236e+00
1.620000e-06	-4.897440e-03	-2.053079e+00
1.630000e-06	-3.954527e-03	-2.011999e+00
1.640000e-06	-3.615992e-03	-2.010996e+00
1.650000e-06	-3.545549e-03	-1.988970e+00
1.660000e-06	-3.886422e-03	-1.948867e+00
1.670000e-06	-4.229760e-03	-1.905758e+00
1.680000e-06	-3.017932e-03	-1.854182e+00
1.690000e-06	-4.845519e-03	-1.831025e+00
1.700000e-06	-4.100881e-03	-1.809995e+00
1.710000e-06	-4.925795e-03	-1.757946e+00
1.720000e-06	-4.094207e-03	-1.736761e+00
1.730000e-06	-4.555717e-03	-1.684688e+00
1.740000e-06	-4.427401e-03	-1.632525e+00
1.750000e-06	-4.590329e-03	-1.620049e+00
1.760000e-06	-3.814456e-03	-1.590424e+00
1.770000e-06	-3.948963e-03	-1.557845e+00
1.780000e-06	-3.800956e-03	-1.496363e+00
1.790000e-06	-3.655255e-03	-1.423610e+00
1.800000e-06	-4.514340e-03	-1.389449e+00
1.810000e-06	-4.096556e-03	-1.306266e+00
1.820000e-06	-4.391343e-03	-1.283534e+00
1.830000e-06	-4.075379e-03	-1.192029e+00
1.840000e-06	-5.054178e-03	-1.169920e+00
1.850000e-06	-4.174965e-03	-1.157320e+00
1.860000e-06	-3.905151e-03	-1.074714e+00
1.870000e-06	-3.908825e-03	-1.063083e+00
1.880000e-06	-3.925811e-03	-1.000074e+00
1.890000e-06	-4.467413e-03	-1.007974e+00
1.900000e-06	-3.434976e-03	-9.188449e-01
1.910000e-06	-4.119332e-03	-8.651079e-01
1.920000e-06	-4.824833e-03	-8.435579e-01
1.930000e-06	-4.166477e-03	-8.189801e-01
1.940000e-06	-4.121863e-03	-7.704975e-01
1.950000e-06	-4.034090e-03	-7.994461e-01
1.960000e-06	-4.230003e-03	-7.283684e-01
1.970000e-06	-3.799925e-03	-6.546578e-01
1.980000e-06	-3.365523e-03	-6.214491e-01
1.990000e-06	-3.998524e-03	-5.162410e-01
2.000000e-06	-4.269267e-03	-4.741070e-01
2.010000e-06	-3.045846e-03	-4.110315e-01
2.020000e-06	-5.038774e-03	-4.105027e-01
2.030000e-06	-4.093328e-03	-3.589237e-01
2.040000e-06	-4.535825e-03	-3.468447e-01
2.050000e-06	-3.484569e-03	-3.052670e-01
2.060000e-06	-3.400892e-03	-2.515881e-01
2.070000e-06	-3.912348e-03	-2.115538e-01
2.080000e-06	-4.334498e-03	-1.804487e-01
2.090000e-06	-2.386727e-03	-1.273235e-01
2.100000e-06	-3.668749e-03	-1.152643e-01
2.110000e-06	-2.811215e-03	-3.358414e-02
2.120000e-06	-2.175386e-03	-1.034126e-03
2.130000e-06	-8.544694e-04	-5.248094e-04
2.140000e-06	-2.286265e-03	5.115126e-02
2.150000e-06	-2.125133e-03	8.225671e-02
2.160000e-06	-2.895801e-03	2.064370e-01
2.170000e-06	-6.010841e-04	1.875948e-01
2.180000e-06	4.819906e-03	2.636765e-01
2.190000e-06	2.227142e-02	3.463843e-01
2.200000e-06	9.447486e-03	3.884698e-01
2.210000e-06	-4.187933e-02	3.995213e-01
2.220000e-06	-4.728278e-02	4.315489e-01
2.230000e-06	4.862329e-02	4.531527e-01
2.240000e-06	2.339094e-02	5.247594e-01
2.250000e-06	-4.025363e-02	5.384659e-01
2.260000e-06	-3.590704e-02	5.900150e-01
2.270000e-06	6.585315e-02	6.505490e-01
2.280000e-06	9.039903e-03	7.232495e-01
2.290000e-06	-3.486583e-02	7.062821e-01
2.300000e-06	-1.990537e-02	7.563133e-01
2.310000e-06	2.560955e-02	7.884934e-01
2.320000e-06	-3.818041e-02	8.605438e-01
2.330000e-06	6.203393e-02	8.720990e-01
2.340000e-06	-2.472513e-02	9.428094e-01
2.350000e-06	-5.101331e-02	9.895148e-01
2.360000e-06	1.512137e-02	1.052631e+00
2.370000e-06	5.617014e-02	1.064802e+00
2.380000e-06	-3.566158e-02	1.175842e+00
2.390000e-06	-6.645877e-02	1.199570e+00
2.400000e-06	7.016073e-02	1.261045e+00
2.410000e-06	2.036781e-02	1.303229e+00
2.420000e-06	-3.315318e-02	1.304408e+00
2.430000e-06	-4.639414e-02	1.398415e+00
2.440000e-06	4.687901e-02	1.450549e+00
2.450000e-06	5.322914e-03	1.442600e+00
2.460000e-06	-1.367918e-02	1.513756e+00
2.470000e-06	-3.649729e-02	1.611939e+00
2.480000e-06	3.975633e-02	1.691668e+00
2.490000e-06	2.297658e-03	1.663155e+00
2.500000e-06	-2.036011e-02	1.695837e+00
2.510000e-06	-1.261399e-02	1.748407e+00
2.520000e-06	1.265615e-02	1.737962e+00
2.530000e-06	2.632431e-03	1.819994e+00
2.540000e-06	-5.477519e-03	1.853147e+00
2.550000e-06	-9.534471e-03	1.924754e+00
2.560000e-06	-4.729556e-03	1.956382e+00
2.570000e-06	1.775850e-02	1.977461e+00
2.580000e-06	-1.512621e-02	1.989491e+00
2.590000e-06	-6.632376e-03	2.010519e+00
2.600000e-06	-1.283603e-03	2.032594e+00
2.610000e-06	1.692743e-02	2.072177e+00
2.620000e-06	-1.668924e-02	2.105708e+00
2.630000e-06	-3.743253e-03	2.187407e+00
2.640000e-06	-4.718397e-03	2.179012e+00
2.650000e-06	1.100124e-02	2.240015e+00
2.660000e-06	-9.467635e-03	2.252577e+00
2.670000e-06	-6.235811e-03	2.334676e+00
2.680000e-06	-1.295572e-03	2.325806e+00
2.690000e-06	1.005270e-02	2.369912e+00
2.700000e-06	-6.507361e-03	2.389990e+00
2.710000e-06	-1.139243e-02	2.440465e+00
2.720000e-06	2.068254e-03	2.412020e+00
2.730000e-06	6.396717e-03	2.433174e+00
2.740000e-06	-4.976433e-03	2.516848e+00
2.750000e-06	-1.143824e-02	2.587827e+00
2.760000e-06	4.314730e-03	2.630541e+00
2.770000e-06	3.425825e-03	2.683246e+00
2.780000e-06	-2.787907e-03	2.733228e+00
2.790000e-06	-1.092511e-02	2.767936e+00
2.800000e-06	4.784249e-03	2.789937e+00
2.810000e-06	2.394805e-03	2.789989e+00
2.820000e-06	-2.873208e-03	2.830542e+00
2.830000e-06	-1.004416e-02	2.821093e+00
2.840000e-06	2.185997e-03	2.893650e+00
2.850000e-06	1.175975e-03	2.894801e+00
2.860000e-06	-2.320215e-03	2.906835e+00
2.870000e-06	-7.912515e-03	2.958384e+00
2.880000e-06	1.511254e-03	2.978464e+00
2.890000e-06	1.782130e-03	3.039541e+00
2.900000e-06	-1.500309e-03	3.011570e+00
2.910000e-06	-7.154637e-03	3.044668e+00
2.920000e-06	-1.098841e-05	3.083702e+00
2.930000e-06	2.679720e-03	3.156802e+00
2.940000e-06	-2.557040e-03	3.167958e+00
2.950000e-06	-5.844983e-03	3.147960e+00
2.960000e-06	-1.200586e-03	3.178956e+00
2.970000e-06	2.318051e-03	3.198992e+00
2.980000e-06	-2.148199e-03	3.200490e+00
2.990000e-06	-3.929972e-03	3.210566e+00
3.000000e-06	-1.141260e-03	3.252143e+00
3.010000e-06	2.611973e-03	3.272699e+00
3.020000e-06	-2.699774e-03	3.317202e+00
3.030000e-06	-3.864119e-03	3.348275e+00
3.040000e-06	-1.989145e-03	3.359936e+00
3.050000e-06	1.732674e-03	3.399563e+00
3.060000e-06	-2.132223e-03	3.473645e+00
3.070000e-06	-3.335952e-03	3.514329e+00
3.080000e-06	-6.531800e-04	3.526254e+00
3.090000e-06	1.124525e-03	3.577331e+00
3.100000e-06	-1.234404e-03	3.578882e+00
3.110000e-06	-3.826967e-03	3.568960e+00
3.120000e-06	-2.957711e-04	3.589961e+00
3.130000e-06	-6.966139e-04	3.609990e+00
3.140000e-06	-1.631627e-03	3.610515e+00
3.150000e-06	-3.116577e-03	3.641039e+00
3.160000e-06	-6.083151e-04	3.650539e+00
3.170000e-06	1.103788e-03	3.641568e+00
3.180000e-06	-2.673311e-03	3.621598e+00
3.190000e-06	-2.185872e-03	3.653099e+00
3.200000e-06	-1.315323e-03	3.675751e+00
3.210000e-06	1.636226e-04	3.715228e+00
3.220000e-06	-2.211329e-03	3.687303e+00
3.230000e-06	-2.465347e-03	3.737858e+00
3.240000e-06	-3.948167e-04	3.757482e+00
3.250000e-06	2.178571e-04	3.789932e+00
3.260000e-06	-1.952827e-03	3.828440e+00
3.270000e-06	-3.770764e-03	3.760986e+00
3.280000e-06	-1.500319e-03	3.821013e+00
3.290000e-06	-1.174227e-03	3.810966e+00
3.300000e-06	-4.161842e-04	3.821064e+00
3.310000e-06	-3.623692e-03	3.821019e+00
3.320000e-06	-5.283215e-07	3.842041e+00
3.330000e-06	-8.824151e-04	3.872198e+00
3.340000e-06	1.870506e-04	3.932699e+00
3.350000e-06	-4.451314e-03	3.822645e+00
3.360000e-06	-1.696359e-03	3.854092e+00
3.370000e-06	-4.257813e-04	3.865247e+00
3.380000e-06	-1.633684e-03	3.905176e+00
3.390000e-06	-2.751760e-03	3.894353e+00
3.400000e-06	-7.245674e-05	3.895749e+00
3.410000e-06	3.029521e-04	3.945799e+00
3.420000e-06	-1.101603e-03	3.906302e+00
3.430000e-06	-3.341661e-03	3.984303e+00
3.440000e-06	-1.797807e-03	3.944829e+00
3.450000e-06	-1.211024e-03	3.937733e+00
3.460000e-06	-2.660150e-03	3.949303e+00
3.470000e-06	-1.560116e-03	3.966380e+00
3.480000e-06	-1.089926e-03	3.936857e+00
3.490000e-06	2.287193e-03	3.956356e+00
3.500000e-06	-9.780874e-04	3.967433e+00
3.510000e-06	-1.605035e-03	3.937382e+00
3.520000e-06	-2.076600e-03	3.925857e+00
3.530000e-06	2.811509e-04	3.997331e+00
3.540000e-06	-2.269664e-03	3.937306e+00
3.550000e-06	-2.968863e-03	3.967407e+00
3.560000e-06	-1.534599e-03	3.955881e+00
3.570000e-06	1.806564e-04	3.998814e+00
3.580000e-06	-7.485907e-05	3.937332e+00
3.590000e-06	-1.369386e-03	3.935304e+00
3.600000e-06	-7.045592e-04	3.927804e+00
3.610000e-06	-1.704518e-04	3.947355e+00
3.620000e-06	-1.936561e-03	3.916327e+00
3.630000e-06	-2.125526e-03	3.956781e+00
3.640000e-06	-1.889047e-03	3.905754e+00
3.650000e-06	-7.510504e-04	3.915254e+00
3.660000e-06	1.028755e-04	3.915804e+00
3.670000e-06	-1.716430e-03	3.867651e+00
3.680000e-06	-8.941200e-04	3.876102e+00
3.690000e-06	-8.022976e-04	3.893720e+00
3.700000e-06	-1.135365e-03	3.874673e+00
3.710000e-06	-1.383826e-03	3.844144e+00
3.720000e-06	-1.836785e-03	3.853040e+00
3.730000e-06	-1.069465e-03	3.872603e+00
3.740000e-06	-1.096051e-03	3.841040e+00
3.750000e-06	-6.826066e-04	3.830542e+00
3.760000e-06	-2.219155e-03	3.821018e+00
3.770000e-06	-1.998504e-03	3.790488e+00
3.780000e-06	-2.166621e-03	3.802961e+00
3.790000e-06	-4.763873e-04	3.789485e+00
3.800000e-06	-5.327432e-04	3.769436e+00
3.810000e-06	-8.480116e-04	3.787940e+00
3.820000e-06	-7.303387e-04	3.728356e+00
3.830000e-06	-1.067011e-03	3.716383e+00
3.840000e-06	-1.971491e-03	3.717757e+00
3.850000e-06	-1.980370e-03	3.714778e+00
3.860000e-06	-1.861508e-03	3.674154e+00
3.870000e-06	-7.628141e-04	3.654073e+00
3.880000e-06	-2.124017e-03	3.622073e+00
3.890000e-06	-1.247991e-03	3.632069e+00
3.900000e-06	-5.567571e-04	3.601568e+00
3.910000e-06	-4.279274e-04	3.631995e+00
3.920000e-06	-1.539238e-03	3.609494e+00
3.930000e-06	-1.261420e-03	3.599964e+00
3.940000e-06	-1.053272e-03	3.578963e+00
3.950000e-06	-1.453556e-03	3.578939e+00
3.960000e-06	-3.095038e-03	3.547361e+00
3.970000e-06	-2.185421e-03	3.597282e+00
3.980000e-06	-2.028513e-03	3.526234e+00
3.990000e-06	3.979317e-04	3.466722e+00
4.000000e-06	9.111116e-05	3.435124e+00
4.010000e-06	-6.579325e-04	3.370989e+00
4.020000e-06	-6.392619e-04	3.389441e+00
4.030000e-06	-2.414790e-03	3.296756e+00
4.040000e-06	-2.914789e-03	3.273707e+00
4.050000e-06	-2.634425e-03	3.295698e+00
4.060000e-06	-1.890113e-03	3.252123e+00
4.070000e-06	-1.442313e-03	3.211590e+00
4.080000e-06	-4.282057e-04	3.239992e+00
4.090000e-06	-2.136993e-04	3.189470e+00
4.100000e-06	-1.988648e-03	3.198366e+00
4.110000e-06	-1.046108e-03	3.168414e+00
4.120000e-06	-2.270672e-03	3.127880e+00
4.130000e-06	-1.615899e-03	3.106184e+00
4.140000e-06	-3.399139e-03	3.113104e+00
4.150000e-06	-4.898726e-04	3.054574e+00
4.160000e-06	-2.982171e-03	2.991522e+00
4.170000e-06	-5.833262e-04	3.008494e+00
4.180000e-06	-2.170224e-03	2.957940e+00
4.190000e-06	-1.061382e-04	2.957837e+00
4.200000e-06	-2.366001e-03	2.917783e+00
4.210000e-06	-1.496959e-03	2.893708e+00
4.220000e-06	-2.189701e-03	2.845174e+00
4.230000e-06	-1.824604e-03	2.841548e+00
4.240000e-06	-1.483963e-03	2.811524e+00
4.250000e-06	-1.904876e-03	2.810994e+00
4.260000e-06	-1.637916e-03	2.778966e+00
4.270000e-06	-1.614245e-03	2.757939e+00
4.280000e-06	-1.479638e-03	2.747362e+00
4.290000e-06	-2.304596e-03	2.705653e+00
4.300000e-06	-1.698691e-03	2.632572e+00
4.310000e-06	-2.874980e-03	2.527342e+00
4.320000e-06	-1.692456e-03	2.498663e+00
4.330000e-06	-2.192228e-03	2.484679e+00
4.340000e-06	-1.251160e-03	2.425075e+00
4.350000e-06	-1.196461e-03	2.400474e+00
4.360000e-06	-1.799819e-03	2.379946e+00
4.370000e-06	-2.500512e-03	2.379412e+00
4.380000e-06	-2.652403e-03	2.348335e+00
4.390000e-06	-1.300330e-03	2.287182e+00
4.400000e-06	-1.896082e-03	2.252154e+00
4.410000e-06	-1.369606e-03	2.219973e+00
4.420000e-06	-2.040186e-03	2.188921e+00
4.430000e-06	-1.366752e-03	2.158391e+00
4.440000e-06	-3.181162e-03	2.154690e+00
4.450000e-06	-3.276032e-03	2.084756e+00
4.460000e-06	-3.536310e-03	2.053100e+00
4.470000e-06	-1.224534e-03	2.030499e+00
4.480000e-06	-1.782577e-03	1.999494e+00
4.490000e-06	-8.199688e-04	1.949489e+00
4.500000e-06	-2.749725e-03	1.987915e+00
4.510000e-06	-1.661389e-03	1.877282e+00
4.520000e-06	-4.191437e-03	1.853102e+00
4.530000e-06	-2.209432e-03	1.819900e+00
4.540000e-06	-3.723365e-03	1.729840e+00
4.550000e-06	-7.779796e-04	1.788818e+00
4.560000e-06	-1.911514e-03	1.664283e+00
4.570000e-06	-1.642150e-03	1.665660e+00
4.580000e-06	-3.093387e-03	1.630072e+00
4.590000e-06	-3.195862e-03	1.559469e+00
4.600000e-06	-3.706839e-03	1.528316e+00
4.610000e-06	-3.000953e-03	1.505212e+00
4.620000e-06	-3.326294e-03	1.422996e+00
4.630000e-06	-6.184670e-04	1.389973e+00
4.640000e-06	-2.277311e-03	1.318363e+00
4.650000e-06	-2.324016e-03	1.297208e+00
4.660000e-06	-4.099217e-03	1.244179e+00
4.670000e-06	-2.822847e-03	1.233528e+00
4.680000e-06	-4.492600e-03	1.209450e+00
4.690000e-06	-3.443339e-03	1.156745e+00
4.700000e-06	-3.448956e-03	1.076061e+00
4.710000e-06	-1.699133e-03	9.827042e-01
4.720000e-06	-1.994090e-03	9.874224e-01
4.730000e-06	-1.817672e-03	8.663355e-01
4.740000e-06	-4.027744e-03	8.225804e-01
4.750000e-06	-3.419284e-03	8.100238e-01
4.760000e-06	-3.691788e-03	7.694974e-01
4.770000e-06	-4.079409e-03	7.473936e-01
4.780000e-06	-4.166233e-03	7.272130e-01
4.790000e-06	-2.460993e-03	6.536330e-01
4.800000e-06	-2.318104e-03	6.220052e-01
4.810000e-06	-1.717779e-03	6.085025e-01
4.820000e-06	-3.567093e-03	5.492961e-01
4.830000e-06	-3.370988e-03	4.742419e-01
4.840000e-06	-2.694984e-03	4.510853e-01
4.850000e-06	-3.949403e-03	4.010789e-01
4.860000e-06	-4.078723e-03	3.999999e-01
4.870000e-06	-3.586731e-03	3.588449e-01
4.880000e-06	-1.829252e-03	3.263884e-01
4.890000e-06	-3.140115e-03	2.561118e-01
4.900000e-06	-2.951351e-03	2.700999e-01
4.910000e-06	-3.616519e-03	1.373443e-01
4.920000e-06	-2.388399e-03	7.418801e-02
4.930000e-06	-4.333931e-03	4.108032e-02
4.940000e-06	-3.557304e-03	9.002625e-03
4.950000e-06	-3.180390e-03	-1.550066e-03
4.960000e-06	-1.608028e-03	-5.162909e-02
4.970000e-06	-2.470812e-03	-8.386066e-02
4.980000e-06	-8.881985e-04	-1.079147e-01
4.990000e-06	-2.619079e-03	-1.885199e-01
5.000000e-06	-1.545945e-03	-2.295253e-01
5.010000e-06	-2.233141e-03	-2.621303e-01
5.020000e-06	2.822752e-03	-3.042855e-01
5.030000e-06	2.215687e-02	-2.863896e-01
5.040000e-06	2.256446e-02	-3.889412e-01
5.050000e-06	-4.641829e-02	-4.005265e-01
5.060000e-06	-5.134132e-02	-4.731080e-01
5.070000e-06	4.746070e-02	-4.947319e-01
5.080000e-06	3.775342e-02	-5.057320e-01
5.090000e-06	-2.934762e-02	-5.875227e-01
5.100000e-06	-2.483937e-02	-7.046604e-01
5.110000e-06	7.341207e-02	-7.062847e-01
5.120000e-06	7.462878e-03	-7.664395e-01
5.130000e-06	-4.617841e-02	-8.385189e-01
5.140000e-06	-4.643852e-03	-8.135926e-01
5.150000e-06	2.403639e-02	-8.611003e-01
5.160000e-06	-5.448158e-02	-8.926557e-01
5.170000e-06	4.238708e-02	-9.683411e-01
5.180000e-06	-3.207658e-03	-9.794936e-01
5.190000e-06	-8.092395e-02	-1.039999e+00
5.200000e-06	1.309429e-02	-1.062703e+00
5.210000e-06	7.298224e-02	-1.138187e+00
5.220000e-06	-3.332085e-02	-1.167462e+00
5.230000e-06	-6.249576e-02	-1.159999e+00
5.240000e-06	1.019645e-01	-1.241103e+00
5.250000e-06	1.525183e-02	-1.292158e+00
5.260000e-06	-6.225911e-02	-1.358491e+00
5.270000e-06	-3.454419e-02	-1.430499e+00
5.280000e-06	5.690632e-02	-1.502702e+00
5.290000e-06	-1.762312e-03	-1.555891e+00
5.300000e-06	-2.285653e-02	-1.577440e+00
5.310000e-06	-4.223339e-02	-1.609520e+00
5.320000e-06	5.007512e-02	-1.671578e+00
5.330000e-06	1.843093e-02	-1.644226e+00
5.340000e-06	-5.555601e-02	-1.745729e+00
5.350000e-06	-8.875629e-03	-1.797408e+00
5.360000e-06	3.431152e-02	-1.788991e+00
5.370000e-06	-5.724380e-03	-1.862095e+00
5.380000e-06	-2.237284e-02	-1.852199e+00
5.390000e-06	-3.007012e-03	-1.866182e+00
5.400000e-06	-2.538826e-03	-1.946361e+00
5.410000e-06	2.330280e-02	-1.977962e+00
5.420000e-06	-3.181256e-02	-2.020465e+00
5.430000e-06	-8.719498e-03	-2.010494e+00
5.440000e-06	1.049828e-02	-2.040574e+00
5.450000e-06	1.160623e-02	-2.123206e+00
5.460000e-06	-2.272871e-02	-2.125381e+00
5.470000e-06	-6.177980e-03	-2.219391e+00
5.480000e-06	-4.411272e-03	-2.264645e+00
5.490000e-06	1.746961e-02	-2.336331e+00
5.500000e-06	-1.753249e-02	-2.357982e+00
5.510000e-06	-1.418072e-02	-2.369438e+00
5.520000e-06	7.368388e-03	-2.419968e+00
5.530000e-06	9.011227e-03	-2.451995e+00
5.540000e-06	-1.173197e-02	-2.441723e+00
5.550000e-06	-1.838386e-02	-2.473654e+00
5.560000e-06	5.512131e-03	-2.534257e+00
5.570000e-06	9.967356e-03	-2.568886e+00
5.580000e-06	-1.305044e-02	-2.619517e+00
5.590000e-06	-1.576270e-02	-2.651045e+00
5.600000e-06	8.927965e-03	-2.663148e+00
5.610000e-06	1.978272e-03	-2.684753e+00
5.620000e-06	-7.709773e-03	-2.698306e+00
5.630000e-06	-1.634264e-02	-2.768481e+00
5.640000e-06	7.107691e-03	-2.798437e+00
5.650000e-06	4.949049e-03	-2.799492e+00
5.660000e-06	-1.001268e-02	-2.820518e+00
5.670000e-06	-1.270784e-02	-2.832570e+00
5.680000e-06	2.269619e-03	-2.863573e+00
5.690000e-06	2.016331e-03	-2.924233e+00
5.700000e-06	-6.740563e-03	-3.028835e+00
5.710000e-06	-1.293798e-02	-3.068992e+00
5.720000e-06	3.677667e-03	-3.074768e+00
5.730000e-06	1.612496e-03	-3.096726e+00
5.740000e-06	-6.947141e-03	-3.177382e+00
5.750000e-06	-1.044067e-02	-3.168363e+00
5.760000e-06	-1.867915e-03	-3.200011e+00
5.770000e-06	2.702270e-03	-3.199468e+00
5.780000e-06	-7.432103e-03	-3.241546e+00
5.790000e-06	-9.280533e-03	-3.220096e+00
5.800000e-06	-1.255622e-03	-3.273574e+00
5.810000e-06	1.209987e-03	-3.264202e+00
5.820000e-06	-6.319659e-03	-3.316178e+00
5.830000e-06	-9.397759e-03	-3.338385e+00
5.840000e-06	-2.962579e-03	-3.347858e+00
5.850000e-06	2.477980e-03	-3.390488e+00
5.860000e-06	-6.570944e-03	-3.399459e+00
5.870000e-06	-7.389139e-03	-3.431542e+00
5.880000e-06	-4.931569e-03	-3.451071e+00
5.890000e-06	1.213506e-03	-3.472273e+00
5.900000e-06	-7.548709e-03	-3.522601e+00
5.910000e-06	-7.443437e-03	-3.555381e+00
5.920000e-06	-3.451290e-03	-3.569333e+00
5.930000e-06	1.190723e-03	-3.558385e+00
5.940000e-06	-6.167792e-03	-3.578461e+00
5.950000e-06	-7.562802e-03	-3.579963e+00
5.960000e-06	-4.275554e-03	-3.600489e+00
5.970000e-06	-1.284620e-03	-3.610518e+00
5.980000e-06	-4.603086e-03	-3.600990e+00
5.990000e-06	-7.403301e-03	-3.611068e+00
6.000000e-06	-3.637800e-03	-3.643542e+00
6.010000e-06	-1.269146e-03	-3.664168e+00
6.020000e-06	-5.316234e-03	-3.694696e+00
6.030000e-06	-7.390041e-03	-3.775305e+00
6.040000e-06	-4.003556e-03	-3.737282e+00
6.050000e-06	-1.319819e-03	-3.778359e+00
6.060000e-06	-4.994611e-03	-3.749938e+00
6.070000e-06	-6.125405e-03	-3.867515e+00
6.080000e-06	-4.310294e-03	-3.822599e+00
6.090000e-06	-1.939601e-03	-3.872069e+00
6.100000e-06	-5.261745e-03	-3.905728e+00
6.110000e-06	-7.337745e-03	-3.935277e+00
6.120000e-06	-4.032044e-03	-3.926877e+00
6.130000e-06	-2.584065e-03	-3.967357e+00
6.140000e-06	-3.566959e-03	-3.956859e+00
6.150000e-06	-6.520344e-03	-3.999409e+00
6.160000e-06	-4.659806e-03	-3.966961e+00
6.170000e-06	-1.717860e-03	-3.989410e+00
6.180000e-06	-4.411320e-03	-3.999911e+00
6.190000e-06	-6.712460e-03	-4.008986e+00
6.200000e-06	-4.933253e-03	-3.999461e+00
6.210000e-06	-2.360779e-03	-3.989485e+00
6.220000e-06	-3.552492e-03	-4.000013e+00
6.230000e-06	-6.320475e-03	-4.021013e+00
6.240000e-06	-4.213913e-03	-4.001510e+00
6.250000e-06	-2.806689e-03	-4.029991e+00
6.260000e-06	-5.016750e-03	-4.020541e+00
6.270000e-06	-4.918912e-03	-4.021540e+00
6.280000e-06	-5.664210e-03	-4.010518e+00
6.290000e-06	-2.797713e-03	-4.032092e+00
6.300000e-06	-5.569346e-03	-4.031519e+00
6.310000e-06	-4.501521e-03	-4.011040e+00
6.320000e-06	-5.591427e-03	-4.031541e+00
6.330000e-06	-3.046499e-03	-4.031045e+00
6.340000e-06	-4.370155e-03	-4.041046e+00
6.350000e-06	-4.538593e-03	-4.072543e+00
6.360000e-06	-5.444344e-03	-4.041519e+00
6.370000e-06	-3.709310e-03	-4.012065e+00
6.380000e-06	-5.085525e-03	-4.031519e+00
6.390000e-06	-5.185008e-03	-4.042065e+00
6.400000e-06	-5.923635e-03	-4.042595e+00
6.410000e-06	-3.712043e-03	-4.041520e+00
6.420000e-06	-4.992684e-03	-4.031593e+00
6.430000e-06	-4.236027e-03	-4.021067e+00
6.440000e-06	-4.354949e-03	-4.041542e+00
6.450000e-06	-3.797890e-03	-4.011016e+00
6.460000e-06	-4.197581e-03	-4.031568e+00
6.470000e-06	-7.393308e-03	-4.021567e+00
6.480000e-06	-4.856651e-03	-4.001015e+00
6.490000e-06	-4.917868e-03	-4.022539e+00
6.500000e-06	-4.001156e-03	-4.010515e+00
6.510000e-06	-5.430897e-03	-4.010014e+00
6.520000e-06	-3.594495e-03	-3.999989e+00
6.530000e-06	-2.954907e-03	-4.000015e+00
6.540000e-06	-5.191142e-03	-3.999989e+00
6.550000e-06	-5.292812e-03	-3.999486e+00
6.560000e-06	-5.921961e-03	-4.000488e+00
6.570000e-06	-3.473417e-03	-3.968987e+00
6.580000e-06	-5.801660e-03	-3.999937e+00
6.590000e-06	-4.152478e-03	-3.969935e+00
6.600000e-06	-4.148771e-03	-3.968884e+00
6.610000e-06	-3.319932e-03	-3.927912e+00
6.620000e-06	-5.964688e-03	-3.958361e+00
6.630000e-06	-4.670767e-03	-3.904858e+00
6.640000e-06	-4.285273e-03	-3.916807e+00
6.650000e-06	-4.434582e-03	-3.926321e+00
6.660000e-06	-5.043144e-03	-3.895705e+00
6.670000e-06	-4.927689e-03	-3.863752e+00
6.680000e-06	-4.670229e-03	-3.782055e+00
6.690000e-06	-4.122702e-03	-3.810995e+00
6.700000e-06	-5.215121e-03	-3.750395e+00
6.710000e-06	-5.355167e-03	-3.717887e+00
6.720000e-06	-3.973555e-03	-3.706318e+00
6.730000e-06	-5.095353e-03	-3.724737e+00
6.740000e-06	-4.905429e-03	-3.673155e+00
6.750000e-06	-4.927937e-03	-3.683102e+00
6.760000e-06	-3.783505e-03	-3.611074e+00
6.770000e-06	-4.157487e-03	-3.610525e+00
6.780000e-06	-4.924851e-03	-3.610016e+00
6.790000e-06	-5.923593e-03	-3.610470e+00
6.800000e-06	-4.364425e-03	-3.599964e+00
6.810000e-06	-4.879750e-03	-3.578940e+00
6.820000e-06	-5.512707e-03	-3.548464e+00
6.830000e-06	-4.596017e-03	-3.569362e+00
6.840000e-06	-3.921209e-03	-3.536931e+00
6.850000e-06	-3.177946e-03	-3.515732e+00
6.860000e-06	-4.509455e-03	-3.514131e+00
6.870000e-06	-4.983325e-03	-3.462074e+00
6.880000e-06	-3.425832e-03	-3.430100e+00
6.890000e-06	-4.986987e-03	-3.410590e+00
6.900000e-06	-5.135023e-03	-3.409995e+00
6.910000e-06	-5.235984e-03	-3.400413e+00
6.920000e-06	-4.308926e-03	-3.327911e+00
6.930000e-06	-3.886441e-03	-3.357285e+00
6.940000e-06	-5.093883e-03	-3.286185e+00
6.950000e-06	-4.063232e-03	-3.264198e+00
6.960000e-06	-3.509574e-03	-3.253124e+00
6.970000e-06	-4.261856e-03	-3.201569e+00
6.980000e-06	-4.916312e-03	-3.209994e+00
6.990000e-06	-4.927657e-03	-3.199439e+00
7.000000e-06	-4.895759e-03	-3.168941e+00
7.010000e-06	-4.693908e-03	-3.168837e+00
7.020000e-06	-5.644881e-03	-3.125210e+00
7.030000e-06	-5.447506e-03	-3.075205e+00
7.040000e-06	-4.115116e-03	-3.001552e+00
7.050000e-06	-3.747628e-03	-2.937918e+00
7.060000e-06	-4.639866e-03	-2.917787e+00
7.070000e-06	-4.552384e-03	-2.885207e+00
7.080000e-06	-4.181793e-03	-2.843600e+00
7.090000e-06	-3.263226e-03	-2.831000e+00
7.100000e-06	-6.076866e-03	-2.799994e+00
7.110000e-06	-4.785872e-03	-2.789970e+00
7.120000e-06	-3.695500e-03	-2.778392e+00
7.130000e-06	-3.332029e-03	-2.727837e+00
7.140000e-06	-5.154592e-03	-2.726263e+00
7.150000e-06	-4.397643e-03	-2.684633e+00
7.160000e-06	-3.642294e-03	-2.641550e+00
7.170000e-06	-4.448842e-03	-2.629475e+00
7.180000e-06	-4.511701e-03	-2.589943e+00
7.190000e-06	-4.793283e-03	-2.537863e+00
7.200000e-06	-4.455506e-03	-2.485707e+00
7.210000e-06	-4.727737e-03	-2.432233e+00
7.220000e-06	-5.394979e-03	-2.433000e+00
7.230000e-06	-4.698794e-03	-2.420520e+00
7.240000e-06	-3.931853e-03	-2.380023e+00
7.250000e-06	-4.320553e-03	-2.389919e+00
7.260000e-06	-3.582253e-03	-2.328890e+00
7.270000e-06	-5.247449e-03	-2.277262e+00
7.280000e-06	-4.683154e-03	-2.265505e+00
7.290000e-06	-3.492717e-03	-2.189971e+00
7.300000e-06	-4.187459e-03	-2.078787e+00
7.310000e-06	-5.666125e-03	-2.074657e+00
7.320000e-06	-5.211670e-03	-2.023549e+00
7.330000e-06	-2.688982e-03	-1.999975e+00
7.340000e-06	-3.850437e-03	-1.989969e+00
7.350000e-06	-4.779647e-03	-1.968419e+00
7.360000e-06	-4.836691e-03	-1.928332e+00
7.370000e-06	-3.069437e-03	-1.864158e+00
7.380000e-06	-3.998006e-03	-1.841129e+00
7.390000e-06	-5.376351e-03	-1.831552e+00
7.400000e-06	-4.959248e-03	-1.779921e+00
7.410000e-06	-2.981421e-03	-1.748790e+00
7.420000e-06	-4.749359e-03	-1.726260e+00
7.430000e-06	-4.163127e-03	-1.684232e+00
7.440000e-06	-4.041537e-03	-1.600553e+00
7.450000e-06	-3.269520e-03	-1.620501e+00
7.460000e-06	-4.567115e-03	-1.579848e+00
7.470000e-06	-3.964815e-03	-1.506916e+00
7.480000e-06	-3.644058e-03	-1.504109e+00
7.490000e-06	-3.829182e-03	-1.378398e+00
7.500000e-06	-4.750676e-03	-1.356723e+00
7.510000e-06	-4.658820e-03	-1.275216e+00
7.520000e-06	-4.052243e-03	-1.212027e+00
7.530000e-06	-3.482014e-03	-1.200023e+00
7.540000e-06	-4.140805e-03	-1.158874e+00
7.550000e-06	-3.409843e-03	-1.106717e+00
7.560000e-06	-3.451752e-03	-1.076134e+00
7.570000e-06	-3.170085e-03	-1.041555e+00
7.580000e-06	-4.661505e-03	-9.714751e-01
7.590000e-06	-5.242988e-03	-9.789197e-01
7.600000e-06	-3.554125e-03	-9.063385e-01
7.610000e-06	-3.608915e-03	-8.737094e-01
7.620000e-06	-3.711496e-03	-8.326503e-01
7.630000e-06	-4.435747e-03	-8.004764e-01
7.640000e-06	-2.726379e-03	-7.794475e-01
7.650000e-06	-3.101493e-03	-7.483437e-01
7.660000e-06	-4.408297e-03	-6.756870e-01
7.670000e-06	-3.025019e-03	-5.630290e-01
7.680000e-06	-3.689819e-03	-5.688984e-01
7.690000e-06	-3.008339e-03	-4.835883e-01
7.700000e-06	-4.160042e-03	-4.225804e-01
7.710000e-06	-4.429875e-03	-4.209804e-01
7.720000e-06	-3.108879e-03	-3.804239e-01
7.730000e-06	-4.267919e-03	-3.678462e-01
7.740000e-06	-3.477067e-03	-3.071919e-01
7.750000e-06	-3.430702e-03	-2.837380e-01
7.760000e-06	-2.129267e-03	-2.515305e-01
7.770000e-06	-3.494071e-03	-1.909726e-01
7.780000e-06	-4.600006e-03	-1.578947e-01
7.790000e-06	-3.322934e-03	-1.062933e-01
7.800000e-06	-3.699898e-03	-6.326183e-02
7.810000e-06	-1.883975e-03	-2.155657e-02
7.820000e-06	-2.433476e-03	8.969875e-03
7.830000e-06	-1.016997e-03	2.257174e-05
7.840000e-06	-1.612558e-03	3.213145e-02
7.850000e-06	-1.928919e-03	1.438094e-01
7.860000e-06	-3.418846e-03	1.783709e-01
7.870000e-06	9.811396e-04	2.620751e-01
7.880000e-06	9.684402e-03	3.453842e-01
7.890000e-06	2.357058e-02	3.574384e-01
7.900000e-06	-1.986848e-02	3.999950e-01
7.910000e-06	-6.172729e-02	4.205225e-01
7.920000e-06	1.094818e-02	4.211051e-01
7.930000e-06	3.536289e-02	4.736816e-01
7.940000e-06	1.859303e-02	5.148846e-01
7.950000e-06	-9.132303e-02	5.694423e-01
7.960000e-06	4.674071e-02	6.200463e-01
7.970000e-06	4.711728e-02	6.621552e-01
7.980000e-06	-3.725096e-02	7.162816e-01
7.990000e-06	-6.951004e-03	7.359069e-01
8.000000e-06	-1.999215e-02	7.688860e-01
8.010000e-06	1.960158e-02	8.199725e-01
8.020000e-06	-1.700067e-02	8.321013e-01
8.030000e-06	4.813761e-02	8.731517e-01
8.040000e-06	-5.842769e-02	1.007865e+00
8.050000e-06	-2.546777e-02	1.079547e+00
8.060000e-06	5.265862e-02	1.034195e+00
8.070000e-06	2.513645e-02	1.096310e+00
8.080000e-06	-9.218646e-02	1.158937e+00
8.090000e-06	1.819384e-02	1.241571e+00
8.100000e-06	5.377386e-02	1.241702e+00
8.110000e-06	-5.959614e-03	1.285234e+00
8.120000e-06	-5.599381e-02	1.364442e+00
8.130000e-06	5.003629e-03	1.389015e+00
8.140000e-06	3.906940e-02	1.461068e+00
8.150000e-06	-9.204354e-03	1.493646e+00
8.160000e-06	-2.909869e-02	1.586856e+00
8.170000e-06	-3.063905e-03	1.621645e+00
8.180000e-06	4.060029e-02	1.632074e+00
8.190000e-06	-2.338532e-02	1.696307e+00
8.200000e-06	-1.332549e-02	1.717865e+00
8.210000e-06	-5.031060e-03	1.779866e+00
8.220000e-06	1.896760e-02	1.809911e+00
8.230000e-06	-1.127313e-02	1.832149e+00
8.240000e-06	1.563054e-03	1.883722e+00
8.250000e-06	-1.830411e-02	1.955358e+00
8.260000e-06	1.750848e-02	1.977887e+00
8.270000e-06	-1.605707e-03	1.970462e+00
8.280000e-06	-1.180342e-02	2.020015e+00
8.290000e-06	-8.780475e-03	2.031044e+00
8.300000e-06	1.408847e-02	2.053146e+00
8.310000e-06	-1.881839e-03	2.115829e+00
8.320000e-06	-1.179857e-02	2.157384e+00
8.330000e-06	-4.903074e-03	2.158386e+00
8.340000e-06	4.690280e-03	2.209967e+00
8.350000e-06	4.873550e-03	2.202118e+00
8.360000e-06	-1.380808e-02	2.262594e+00
8.370000e-06	-1.555565e-03	2.323778e+00
8.380000e-06	4.161019e-03	2.348862e+00
8.390000e-06	6.835099e-03	2.388966e+00
8.400000e-06	-1.667148e-02	2.410515e+00
8.410000e-06	-1.421564e-03	2.411018e+00
8.420000e-06	3.714791e-03	2.452598e+00
8.430000e-06	4.158056e-03	2.453257e+00
8.440000e-06	-1.395681e-02	2.545853e+00
8.450000e-06	-9.119043e-05	2.630519e+00
8.460000e-06	4.556843e-03	2.692573e+00
8.470000e-06	2.777478e-03	2.674152e+00
8.480000e-06	-1.105693e-02	2.756880e+00
8.490000e-06	-2.711291e-03	2.778408e+00
8.500000e-06	5.200461e-03	2.789415e+00
8.510000e-06	-5.538234e-04	2.800041e+00
8.520000e-06	-8.924903e-03	2.811018e+00
8.530000e-06	-4.340127e-03	2.811070e+00
8.540000e-06	4.749723e-03	2.906725e+00
8.550000e-06	-7.536453e-04	2.886756e+00
8.560000e-06	-6.242913e-03	2.945407e+00
8.570000e-06	-3.568577e-03	2.998937e+00
8.580000e-06	3.543482e-03	2.999016e+00
8.590000e-06	4.874410e-04	3.001991e+00
8.600000e-06	-5.607174e-03	3.043045e+00
8.610000e-06	-5.973487e-03	3.063747e+00
8.620000e-06	2.105762e-03	3.137277e+00
8.630000e-06	-1.198182e-05	3.156856e+00
8.640000e-06	-3.975535e-03	3.177884e+00
8.650000e-06	-5.439435e-03	3.156911e+00
8.660000e-06	2.768009e-03	3.200464e+00
8.670000e-06	4.823511e-04	3.189987e+00
8.680000e-06	-3.932253e-03	3.220516e+00
8.690000e-06	-4.152698e-03	3.251118e+00
8.700000e-06	1.513134e-03	3.243120e+00
8.710000e-06	2.783082e-04	3.314269e+00
8.720000e-06	-4.210494e-03	3.316348e+00
8.730000e-06	-3.382802e-03	3.419385e+00
8.740000e-06	8.123557e-04	3.441965e+00
8.750000e-06	1.190264e-04	3.451995e+00
8.760000e-06	-3.435854e-03	3.485298e+00
8.770000e-06	-3.065593e-03	3.494249e+00
8.780000e-06	1.723746e-03	3.567828e+00
8.790000e-06	8.370624e-04	3.560434e+00
8.800000e-06	-3.339078e-03	3.578935e+00
8.810000e-06	-2.688034e-03	3.589487e+00
8.820000e-06	3.951229e-04	3.599989e+00
8.830000e-06	-1.344755e-03	3.600491e+00
8.840000e-06	-3.522949e-03	3.629990e+00
8.850000e-06	-2.685417e-03	3.652518e+00
8.860000e-06	1.643680e-04	3.630543e+00
8.870000e-06	9.073263e-04	3.651146e+00
8.880000e-06	-2.208393e-03	3.672668e+00
8.890000e-06	-2.022067e-03	3.704226e+00
8.900000e-06	-5.686805e-04	3.725682e+00
8.910000e-06	-4.428049e-04	3.686277e+00
8.920000e-06	-3.041761e-03	3.787858e+00
8.930000e-06	-1.305636e-03	3.767908e+00
8.940000e-06	-6.794150e-04	3.757936e+00
8.950000e-06	2.454658e-04	3.779462e+00
8.960000e-06	-2.685121e-03	3.818484e+00
8.970000e-06	-1.734235e-03	3.811011e+00
8.980000e-06	1.527697e-04	3.820512e+00
8.990000e-06	8.655750e-04	3.792015e+00
9.000000e-06	-2.600973e-03	3.821018e+00
9.010000e-06	-1.502683e-03	3.830613e+00
9.020000e-06	-2.536358e-04	3.851120e+00
9.030000e-06	-1.167458e-03	3.874145e+00
9.040000e-06	-3.275916e-03	3.883725e+00
9.050000e-06	-1.999633e-03	3.883619e+00
9.060000e-06	-5.283356e-04	3.862703e+00
9.070000e-06	9.498503e-04	3.904623e+00
9.080000e-06	-2.020171e-03	3.905281e+00
9.090000e-06	-2.019369e-03	3.886706e+00
9.100000e-06	-6.918071e-04	3.896232e+00
9.110000e-06	-3.279318e-04	3.944756e+00
9.120000e-06	-2.697533e-03	3.929881e+00
9.130000e-06	-2.201087e-03	3.946303e+00
9.140000e-06	-1.009348e-03	3.957308e+00
9.150000e-06	-3.312190e-04	3.966858e+00
9.160000e-06	-2.825824e-03	3.976335e+00
9.170000e-06	-2.241449e-03	3.948383e+00
9.180000e-06	-1.316450e-03	3.948382e+00
9.190000e-06	3.247084e-04	3.957807e+00
9.200000e-06	-8.001635e-04	3.928833e+00
9.210000e-06	-1.888915e-03	3.957903e+00
9.220000e-06	-1.440971e-03	3.956881e+00
9.230000e-06	-1.077224e-03	3.959284e+00
9.240000e-06	-2.854021e-03	3.957456e+00
9.250000e-06	-2.346683e-03	3.919362e+00
9.260000e-06	-8.767885e-04	3.956878e+00
9.270000e-06	1.707451e-03	3.926858e+00
9.280000e-06	-1.477726e-03	3.935782e+00
9.290000e-06	-2.152140e-03	3.909758e+00
9.300000e-06	-1.017273e-03	3.956381e+00
9.310000e-06	-3.762243e-04	3.916707e+00
9.320000e-06	-2.173939e-03	3.925778e+00
9.330000e-06	-1.977069e-03	3.915254e+00
9.340000e-06	-1.566959e-03	3.965751e+00
9.350000e-06	2.928423e-04	3.906752e+00
9.360000e-06	-9.458098e-04	3.885828e+00
9.370000e-06	-1.457193e-03	3.894749e+00
9.380000e-06	-1.083366e-03	3.905178e+00
9.390000e-06	9.072434e-05	3.934123e+00
9.400000e-06	-4.816573e-04	3.895198e+00
9.410000e-06	-2.682820e-03	3.833595e+00
9.420000e-06	-2.490264e-03	3.863094e+00
9.430000e-06	-8.574951e-04	3.822568e+00
9.440000e-06	-1.050290e-03	3.831465e+00
9.450000e-06	-1.006792e-03	3.809545e+00
9.460000e-06	-7.567846e-04	3.801514e+00
9.470000e-06	-9.763521e-04	3.801988e+00
9.480000e-06	-5.830207e-04	3.790489e+00
9.490000e-06	-2.110112e-03	3.819515e+00
9.500000e-06	-7.582143e-04	3.768886e+00
9.510000e-06	-2.942272e-04	3.768332e+00
9.520000e-06	-1.964918e-03	3.758859e+00
9.530000e-06	-2.273245e-03	3.718306e+00
9.540000e-06	-1.427749e-03	3.675233e+00
9.550000e-06	-9.512712e-04	3.734672e+00
9.560000e-06	-1.592868e-03	3.692678e+00
9.570000e-06	-1.781701e-03	3.673648e+00
9.580000e-06	-2.873667e-04	3.642072e+00
9.590000e-06	-2.786414e-04	3.611067e+00
9.600000e-06	-1.158734e-03	3.620965e+00
9.610000e-06	-1.988038e-03	3.620041e+00
9.620000e-06	-2.094289e-03	3.610014e+00
9.630000e-06	-1.452704e-03	3.599943e+00
9.640000e-06	-2.273151e-03	3.588915e+00
9.650000e-06	-1.343172e-03	3.548914e+00
9.660000e-06	-1.078117e-03	3.546906e+00
9.670000e-06	-1.325991e-03	3.509336e+00
9.680000e-06	-1.413659e-03	3.456282e+00
9.690000e-06	-1.288866e-03	3.485173e+00
9.700000e-06	-6.145713e-04	3.424070e+00
9.710000e-06	-4.847035e-04	3.420893e+00
9.720000e-06	-1.865078e-03	3.378941e+00
9.730000e-06	-2.165095e-03	3.315786e+00
9.740000e-06	-2.875130e-03	3.276157e+00
9.750000e-06	-1.747730e-03	3.271649e+00
9.760000e-06	-2.008928e-03	3.222023e+00
9.770000e-06	-2.024438e-03	3.212545e+00
9.780000e-06	-1.317212e-03	3.210420e+00
9.790000e-06	-1.082246e-03	3.188490e+00
9.800000e-06	-8.023578e-04	3.169464e+00
9.810000e-06	-2.599850e-03	3.148361e+00
9.820000e-06	-1.941835e-03	3.097253e+00
9.830000e-06	-2.963299e-03	3.095207e+00
9.840000e-06	-2.115114e-03	3.082149e+00
9.850000e-06	-2.822000e-03	3.021575e+00
9.860000e-06	-1.548286e-03	2.991569e+00
9.870000e-06	-8.651665e-04	3.009017e+00
9.880000e-06	-1.113680e-03	2.969365e+00
9.890000e-06	-2.834032e-03	2.927731e+00
9.900000e-06	-1.370916e-03	2.895727e+00
9.910000e-06	-1.062849e-03	2.853077e+00
9.920000e-06	-1.517567e-03	2.862047e+00
9.930000e-06	-2.596813e-03	2.841048e+00
9.940000e-06	-2.641398e-03	2.800993e+00
9.950000e-06	-1.761975e-03	2.810020e+00
9.960000e-06	-2.191690e-03	2.749941e+00
9.970000e-06	-2.610316e-03	2.787362e+00
9.980000e-06	-1.543758e-03	2.719757e+00
9.990000e-06	-2.839091e-04	2.644533e+00
1.000000e-05	-2.133740e-03	2.619925e+00
1.001000e-05	-1.852199e-03	2.528315e+00
1.002000e-05	-2.741930e-03	2.517155e+00
1.003000e-05	-1.599096e-03	2.433601e+00
1.004000e-05	-3.395552e-03	2.431075e+00
1.005000e-05	-2.684867e-03	2.390446e+00
1.006000e-05	-2.441033e-03	2.359916e+00
1.007000e-05	-9.872466e-04	2.366837e+00
1.008000e-05	-2.296402e-03	2.306207e+00
1.009000e-05	-2.094579e-03	2.264154e+00
1.010000e-05	-1.951772e-03	2.202627e+00
1.011000e-05	-9.064662e-04	2.179994e+00
1.012000e-05	-3.078022e-03	2.188971e+00
1.013000e-05	-2.815512e-03	2.157892e+00
1.014000e-05	-2.807457e-03	2.104233e+00
1.015000e-05	-2.113613e-03	2.063152e+00
1.016000e-05	-2.898105e-03	2.044001e+00
1.017000e-05	-2.027906e-03	2.020469e+00
1.018000e-05	-2.229079e-03	1.979467e+00
1.019000e-05	-1.053884e-03	1.938439e+00
1.020000e-05	-2.142613e-03	1.958309e+00
1.021000e-05	-2.231785e-03	1.855183e+00
1.022000e-05	-3.091998e-03	1.823000e+00
1.023000e-05	-2.447856e-03	1.760570e+00
1.024000e-05	-2.807800e-03	1.737787e+00
1.025000e-05	-2.984388e-03	1.696838e+00
1.026000e-05	-2.398106e-03	1.644180e+00
1.027000e-05	-1.679176e-03	1.703654e+00
1.028000e-05	-2.047445e-03	1.591375e+00
1.029000e-05	-2.319706e-03	1.519390e+00
1.030000e-05	-2.761846e-03	1.476308e+00
1.031000e-05	-2.154189e-03	1.412608e+00
1.032000e-05	-2.368768e-03	1.442499e+00
1.033000e-05	-3.173128e-03	1.358945e+00
1.034000e-05	-4.326285e-03	1.317316e+00
1.035000e-05	-2.907529e-03	1.336761e+00
1.036000e-05	-2.778116e-03	1.243554e+00
1.037000e-05	-2.515232e-03	1.210500e+00
1.038000e-05	-3.741264e-03	1.187895e+00
1.039000e-05	-2.433246e-03	1.148315e+00
1.040000e-05	-2.407679e-03	1.054184e+00
1.041000e-05	-2.646994e-03	9.409738e-01
1.042000e-05	-3.545906e-03	8.967683e-01
1.043000e-05	-3.307481e-03	8.821358e-01
1.044000e-05	-2.903922e-03	8.315264e-01
1.045000e-05	-3.734048e-03	8.095012e-01
1.046000e-05	-3.336508e-03	7.489699e-01
1.047000e-05	-3.752737e-03	7.277634e-01
1.048000e-05	-2.117294e-03	6.361620e-01
1.049000e-05	-2.665072e-03	6.425552e-01
1.050000e-05	-1.894021e-03	5.799777e-01
1.051000e-05	-4.475845e-03	5.894211e-01
1.052000e-05	-2.988006e-03	5.263171e-01
1.053000e-05	-3.956566e-03	4.541305e-01
1.054000e-05	-3.819401e-03	4.611289e-01
1.055000e-05	-3.639127e-03	4.205026e-01
1.056000e-05	-1.563826e-03	3.599199e-01
1.057000e-05	-3.987186e-03	3.494460e-01
1.058000e-05	-3.788661e-03	2.451907e-01
1.059000e-05	-3.379074e-03	2.441530e-01
1.060000e-05	-1.921685e-03	1.904011e-01
1.061000e-05	-3.903546e-03	1.051658e-01
1.062000e-05	-4.265923e-03	5.163401e-02
1.063000e-05	-2.908018e-03	1.055894e-02
1.064000e-05	-3.031235e-03	-5.238721e-04
1.065000e-05	-3.378037e-03	-8.007764e-02
1.066000e-05	-3.374980e-03	-1.037093e-01
1.067000e-05	-4.829425e-04	-1.263383e-01
1.068000e-05	-1.273987e-03	-1.863186e-01
1.069000e-05	-2.053927e-03	-2.189962e-01
1.070000e-05	-2.681881e-03	-2.226303e-01
1.071000e-05	-1.248465e-03	-2.942568e-01
1.072000e-05	9.501225e-03	-3.253346e-01
1.073000e-05	2.963807e-02	-3.379147e-01
1.074000e-05	-1.409402e-02	-4.100750e-01
1.075000e-05	-7.724243e-02	-4.415513e-01
1.076000e-05	2.059766e-02	-4.846865e-01
1.077000e-05	2.366933e-02	-4.866067e-01
1.078000e-05	3.483694e-02	-6.052922e-01
1.079000e-05	-9.033772e-02	-7.090528e-01
1.080000e-05	5.660492e-02	-7.167819e-01
1.081000e-05	5.074268e-02	-7.588083e-01
1.082000e-05	-4.872912e-02	-7.684424e-01
1.083000e-05	-4.797080e-03	-8.505462e-01
1.084000e-05	-1.591603e-02	-8.320503e-01
1.085000e-05	1.750876e-02	-8.621505e-01
1.086000e-05	-3.416317e-02	-9.252645e-01
1.087000e-05	6.567057e-02	-9.790161e-01
1.088000e-05	-6.970891e-02	-9.800188e-01
1.089000e-05	-4.421220e-02	-1.041096e+00
1.090000e-05	6.752806e-02	-1.133307e+00
1.091000e-05	3.718925e-02	-1.165887e+00
1.092000e-05	-1.131816e-01	-1.179969e+00
1.093000e-05	2.289141e-02	-1.200047e+00
1.094000e-05	7.367992e-02	-1.274125e+00
1.095000e-05	-3.114272e-02	-1.347410e+00
1.096000e-05	-6.415562e-02	-1.371063e+00
1.097000e-05	2.145916e-02	-1.450149e+00
1.098000e-05	4.140076e-02	-1.566356e+00
1.099000e-05	-1.903761e-02	-1.578016e+00
1.100000e-05	-3.714016e-02	-1.580441e+00
1.101000e-05	-4.594718e-03	-1.621573e+00
1.102000e-05	6.400678e-02	-1.662600e+00
1.103000e-05	-3.831490e-02	-1.714786e+00
1.104000e-05	-3.761297e-02	-1.765284e+00
1.105000e-05	1.490523e-02	-1.808961e+00
1.106000e-05	2.883313e-02	-1.811092e+00
1.107000e-05	-3.129878e-02	-1.851074e+00
1.108000e-05	-2.442386e-03	-1.894728e+00
1.109000e-05	-1.362804e-02	-1.914881e+00
1.110000e-05	2.458903e-02	-1.976912e+00
1.111000e-05	-6.703783e-03	-2.018517e+00
1.112000e-05	-2.915399e-02	-2.011512e+00
1.113000e-05	2.186085e-03	-2.040070e+00
1.114000e-05	1.842250e-02	-2.132097e+00
1.115000e-05	-8.740857e-03	-2.157307e+00
1.116000e-05	-1.898048e-02	-2.187838e+00
1.117000e-05	-5.899347e-03	-2.251716e+00
1.118000e-05	1.071338e-02	-2.334773e+00
1.119000e-05	5.885786e-03	-2.326759e+00
1.120000e-05	-2.935489e-02	-2.357489e+00
1.121000e-05	2.956323e-03	-2.388542e+00
1.122000e-05	8.870593e-03	-2.431592e+00
1.123000e-05	2.826982e-03	-2.432148e+00
1.124000e-05	-2.446237e-02	-2.503102e+00
1.125000e-05	-5.145269e-03	-2.525305e+00
1.126000e-05	1.081226e-02	-2.565361e+00
1.127000e-05	1.556622e-03	-2.599436e+00
1.128000e-05	-2.388779e-02	-2.600569e+00
1.129000e-05	1.074278e-03	-2.601117e+00
1.130000e-05	8.469397e-03	-2.713752e+00
1.131000e-05	-1.663405e-04	-2.695283e+00
1.132000e-05	-1.749066e-02	-2.747337e+00
1.133000e-05	-6.324301e-03	-2.787936e+00
1.134000e-05	1.068294e-02	-2.779989e+00
1.135000e-05	-4.327689e-03	-2.810519e+00
1.136000e-05	-1.545800e-02	-2.830569e+00
1.137000e-05	-5.129357e-03	-2.882574e+00
1.138000e-05	6.492316e-03	-2.894727e+00
1.139000e-05	-1.100865e-03	-2.927955e+00
1.140000e-05	-1.279927e-02	-2.959467e+00
1.141000e-05	-6.108233e-03	-3.091169e+00
1.142000e-05	6.718350e-03	-3.114278e+00
1.143000e-05	-3.299234e-03	-3.166403e+00
1.144000e-05	-1.024602e-02	-3.178861e+00
1.145000e-05	-9.002330e-03	-3.178462e+00
1.146000e-05	3.489886e-03	-3.189490e+00
1.147000e-05	-2.049965e-03	-3.209990e+00
1.148000e-05	-1.035382e-02	-3.241548e+00
1.149000e-05	-6.621798e-03	-3.251699e+00
1.150000e-05	3.281315e-03	-3.302673e+00
1.151000e-05	-4.093516e-04	-3.316301e+00
1.152000e-05	-9.126930e-03	-3.347406e+00
1.153000e-05	-7.962722e-03	-3.377859e+00
1.154000e-05	1.636875e-03	-3.389437e+00
1.155000e-05	-2.199422e-03	-3.389038e+00
1.156000e-05	-9.626082e-03	-3.431543e+00
1.157000e-05	-7.215074e-03	-3.421121e+00
1.158000e-05	7.233205e-04	-3.453173e+00
1.159000e-05	-4.450677e-04	-3.454749e+00
1.160000e-05	-1.001282e-02	-3.516781e+00
1.161000e-05	-6.131951e-03	-3.566385e+00
1.162000e-05	2.968710e-04	-3.579334e+00
1.163000e-05	-1.559023e-03	-3.577960e+00
1.164000e-05	-8.979865e-03	-3.589989e+00
1.165000e-05	-6.978845e-03	-3.588463e+00
1.166000e-05	-1.173903e-03	-3.599989e+00
1.167000e-05	-2.157868e-03	-3.601042e+00
1.168000e-05	-8.712143e-03	-3.631066e+00
1.169000e-05	-4.622410e-03	-3.612018e+00
1.170000e-05	-1.393820e-03	-3.633148e+00
1.171000e-05	-1.656968e-03	-3.643651e+00
1.172000e-05	-8.162893e-03	-3.685301e+00
1.173000e-05	-5.744047e-03	-3.698311e+00
1.174000e-05	-1.906319e-03	-3.758336e+00
1.175000e-05	-2.622740e-03	-3.758437e+00
1.176000e-05	-8.249628e-03	-3.819519e+00
1.177000e-05	-6.820805e-03	-3.812070e+00
1.178000e-05	-2.467294e-03	-3.863647e+00
1.179000e-05	-3.340969e-03	-3.863723e+00
1.180000e-05	-6.699785e-03	-3.953305e+00
1.181000e-05	-5.770547e-03	-3.957331e+00
1.182000e-05	-2.023361e-03	-3.957331e+00
1.183000e-05	-2.641831e-03	-3.958911e+00
1.184000e-05	-7.254128e-03	-3.958861e+00
1.185000e-05	-6.482504e-03	-3.958459e+00
1.186000e-05	-2.679211e-03	-3.969462e+00
1.187000e-05	-4.149601e-03	-3.978436e+00
1.188000e-05	-6.840273e-03	-3.989986e+00
1.189000e-05	-6.246521e-03	-3.959486e+00
1.190000e-05	-1.806776e-03	-3.999960e+00
1.191000e-05	-3.074433e-03	-4.010440e+00
1.192000e-05	-5.824857e-03	-4.000038e+00
1.193000e-05	-5.694326e-03	-4.000515e+00
1.194000e-05	-3.410121e-03	-4.021966e+00
1.195000e-05	-3.716182e-03	-4.020065e+00
1.196000e-05	-6.516917e-03	-4.002039e+00
1.197000e-05	-6.716111e-03	-4.032067e+00
1.198000e-05	-3.069383e-03	-4.000543e+00
1.199000e-05	-3.204349e-03	-4.012065e+00
1.200000e-05	-5.531933e-03	-4.012544e+00
1.201000e-05	-6.007341e-03	-4.052042e+00
1.202000e-05	-3.323201e-03	-4.012039e+00
1.203000e-05	-3.422341e-03	-4.021621e+00
1.204000e-05	-5.634834e-03	-4.012639e+00
1.205000e-05	-5.803745e-03	-4.053114e+00
1.206000e-05	-3.527329e-03	-4.033018e+00
1.207000e-05	-4.136933e-03	-4.042543e+00
1.208000e-05	-6.405621e-03	-4.020545e+00
1.209000e-05	-5.115109e-03	-4.053567e+00
1.210000e-05	-3.631697e-03	-4.012195e+00
1.211000e-05	-3.320249e-03	-4.021095e+00
1.212000e-05	-5.083929e-03	-4.031069e+00
1.213000e-05	-4.278236e-03	-4.042589e+00
1.214000e-05	-4.127066e-03	-4.010995e+00
1.215000e-05	-3.902139e-03	-4.030516e+00
1.216000e-05	-6.517146e-03	-4.022040e+00
1.217000e-05	-6.450188e-03	-4.031013e+00
1.218000e-05	-4.020783e-03	-3.980491e+00
1.219000e-05	-3.845565e-03	-4.010463e+00
1.220000e-05	-3.715462e-03	-4.000038e+00
1.221000e-05	-4.382433e-03	-4.010513e+00
1.222000e-05	-2.469153e-03	-4.010490e+00
1.223000e-05	-4.490206e-03	-3.989989e+00
1.224000e-05	-5.835472e-03	-3.999988e+00
1.225000e-05	-6.747219e-03	-4.010014e+00
1.226000e-05	-4.208063e-03	-3.989490e+00
1.227000e-05	-4.165259e-03	-3.989487e+00
1.228000e-05	-4.704710e-03	-3.989959e+00
1.229000e-05	-5.576175e-03	-3.988363e+00
1.230000e-05	-3.063252e-03	-3.989385e+00
1.231000e-05	-3.794210e-03	-3.969385e+00
1.232000e-05	-4.388929e-03	-3.967831e+00
1.233000e-05	-6.398010e-03	-3.959356e+00
1.234000e-05	-5.128469e-03	-3.906309e+00
1.235000e-05	-4.402254e-03	-3.886200e+00
1.236000e-05	-5.853207e-03	-3.903199e+00
1.237000e-05	-5.293168e-03	-3.844177e+00
1.238000e-05	-5.476206e-03	-3.832129e+00
1.239000e-05	-1.914902e-03	-3.820864e+00
1.240000e-05	-5.226153e-03	-3.767291e+00
1.241000e-05	-5.254304e-03	-3.707288e+00
1.242000e-05	-5.283723e-03	-3.757261e+00
1.243000e-05	-3.987377e-03	-3.704275e+00
1.244000e-05	-5.287486e-03	-3.622750e+00
1.245000e-05	-6.834791e-03	-3.633599e+00
1.246000e-05	-4.668399e-03	-3.621569e+00
1.247000e-05	-3.080464e-03	-3.630993e+00
1.248000e-05	-4.679897e-03	-3.601515e+00
1.249000e-05	-4.707737e-03	-3.601019e+00
1.250000e-05	-4.667880e-03	-3.588390e+00
1.251000e-05	-3.097268e-03	-3.578414e+00
1.252000e-05	-4.712795e-03	-3.587385e+00
1.253000e-05	-6.269161e-03	-3.537387e+00
1.254000e-05	-4.109665e-03	-3.525760e+00
1.255000e-05	-4.096404e-03	-3.494806e+00
1.256000e-05	-4.050885e-03	-3.454578e+00
1.257000e-05	-6.262393e-03	-3.490602e+00
1.258000e-05	-3.997363e-03	-3.420998e+00
1.259000e-05	-3.205194e-03	-3.400469e+00
1.260000e-05	-4.066176e-03	-3.360440e+00
1.261000e-05	-4.693236e-03	-3.409937e+00
1.262000e-05	-4.320204e-03	-3.365860e+00
1.263000e-05	-2.676865e-03	-3.277136e+00
1.264000e-05	-4.526142e-03	-3.285102e+00
1.265000e-05	-6.275879e-03	-3.252550e+00
1.266000e-05	-4.933158e-03	-3.242020e+00
1.267000e-05	-3.965310e-03	-3.200519e+00
1.268000e-05	-4.031059e-03	-3.199940e+00
1.269000e-05	-4.620448e-03	-3.179915e+00
1.270000e-05	-4.381728e-03	-3.199965e+00
1.271000e-05	-3.191653e-03	-3.116787e+00
1.272000e-05	-4.075365e-03	-3.054730e+00
1.273000e-05	-5.854606e-03	-3.032027e+00
1.274000e-05	-5.194384e-03	-3.038998e+00
1.275000e-05	-3.552786e-03	-2.878841e+00
1.276000e-05	-4.149907e-03	-2.907281e+00
1.277000e-05	-4.735527e-03	-2.894182e+00
1.278000e-05	-5.225871e-03	-2.841549e+00
1.279000e-05	-3.001673e-03	-2.811548e+00
1.280000e-05	-3.433965e-03	-2.800443e+00
1.281000e-05	-4.070203e-03	-2.798894e+00
1.282000e-05	-5.806770e-03	-2.748411e+00
1.283000e-05	-4.268277e-03	-2.748779e+00
1.284000e-05	-3.001004e-03	-2.666261e+00
1.285000e-05	-4.590017e-03	-2.652633e+00
1.286000e-05	-4.728297e-03	-2.581550e+00
1.287000e-05	-4.050992e-03	-2.590971e+00
1.288000e-05	-3.765247e-03	-2.576941e+00
1.289000e-05	-4.323615e-03	-2.526260e+00
1.290000e-05	-5.604063e-03	-2.475704e+00
1.291000e-05	-4.140370e-03	-2.452628e+00
1.292000e-05	-3.546551e-03	-2.421547e+00
1.293000e-05	-4.041534e-03	-2.420021e+00
1.294000e-05	-4.631974e-03	-2.368918e+00
1.295000e-05	-3.323832e-03	-2.357888e+00
1.296000e-05	-4.882448e-03	-2.308812e+00
1.297000e-05	-4.590433e-03	-2.275157e+00
1.298000e-05	-5.204519e-03	-2.271524e+00
1.299000e-05	-4.530063e-03	-2.088220e+00
1.300000e-05	-3.921351e-03	-2.065763e+00
1.301000e-05	-4.184703e-03	-2.022055e+00
1.302000e-05	-5.175439e-03	-2.001024e+00
1.303000e-05	-3.228060e-03	-2.010495e+00
1.304000e-05	-3.927671e-03	-1.979944e+00
1.305000e-05	-4.461421e-03	-1.938385e+00
1.306000e-05	-4.799236e-03	-1.915263e+00
1.307000e-05	-3.322980e-03	-1.853031e+00
1.308000e-05	-4.426422e-03	-1.812025e+00
1.309000e-05	-4.851970e-03	-1.790496e+00
1.310000e-05	-4.527967e-03	-1.748894e+00
1.311000e-05	-4.396330e-03	-1.717817e+00
1.312000e-05	-4.066168e-03	-1.663260e+00
1.313000e-05	-4.832762e-03	-1.613104e+00
1.314000e-05	-4.190449e-03	-1.630498e+00
1.315000e-05	-4.132382e-03	-1.598945e+00
1.316000e-05	-4.226960e-03	-1.578865e+00
1.317000e-05	-5.023091e-03	-1.496239e+00
1.318000e-05	-5.115686e-03	-1.485134e+00
1.319000e-05	-4.156243e-03	-1.307376e+00
1.320000e-05	-3.959741e-03	-1.306838e+00
1.321000e-05	-4.126489e-03	-1.255637e+00
1.322000e-05	-3.805921e-03	-1.192029e+00
1.323000e-05	-3.665684e-03	-1.188903e+00
1.324000e-05	-4.121399e-03	-1.137817e+00
1.325000e-05	-3.757191e-03	-1.115234e+00
1.326000e-05	-5.065507e-03	-1.003104e+00
1.327000e-05	-3.319840e-03	-1.001554e+00
1.328000e-05	-3.925632e-03	-9.694749e-01
1.329000e-05	-3.915424e-03	-9.057907e-01
1.330000e-05	-4.581120e-03	-9.056657e-01
1.331000e-05	-3.807867e-03	-8.131563e-01
1.332000e-05	-3.751472e-03	-8.005540e-01
1.333000e-05	-3.805626e-03	-7.994463e-01
1.334000e-05	-2.871107e-03	-7.674435e-01
1.335000e-05	-3.933589e-03	-7.182634e-01
1.336000e-05	-3.400152e-03	-6.731120e-01
1.337000e-05	-4.675760e-03	-6.204738e-01
1.338000e-05	-3.639992e-03	-4.858211e-01
1.339000e-05	-3.692117e-03	-4.445845e-01
1.340000e-05	-3.933806e-03	-4.220091e-01
1.341000e-05	-2.305018e-03	-3.999514e-01
1.342000e-05	-5.004192e-03	-3.594224e-01
1.343000e-05	-2.243030e-03	-3.277671e-01
1.344000e-05	-4.489322e-03	-2.656620e-01
1.345000e-05	-3.716234e-03	-2.330580e-01
1.346000e-05	-4.141017e-03	-1.795289e-01
1.347000e-05	-2.788867e-03	-1.693988e-01
1.348000e-05	-2.767712e-03	-1.369199e-01
1.349000e-05	-2.851766e-03	-9.465927e-02
1.350000e-05	-3.847211e-03	-2.355926e-02
1.351000e-05	-2.533823e-03	-2.906281e-05
1.352000e-05	-1.792224e-03	-8.955056e-03
1.353000e-05	-2.669561e-03	3.265282e-02
1.354000e-05	-8.330993e-04	7.323026e-02
1.355000e-05	-2.456811e-03	1.558359e-01
1.356000e-05	-7.560244e-04	1.900461e-01
1.357000e-05	4.554281e-03	2.837001e-01
1.358000e-05	2.031029e-02	3.663569e-01
1.359000e-05	7.913094e-03	3.994672e-01
1.360000e-05	-4.145992e-02	4.309924e-01
1.361000e-05	-4.768180e-02	4.220712e-01
1.362000e-05	4.985488e-02	4.431989e-01
1.363000e-05	2.441225e-02	5.147831e-01
1.364000e-05	-3.986760e-02	5.359397e-01
1.365000e-05	-3.494793e-02	5.784435e-01
1.366000e-05	6.418254e-02	6.305475e-01
1.367000e-05	9.633881e-03	7.132778e-01
1.368000e-05	-3.542549e-02	7.163895e-01
1.369000e-05	-2.127656e-02	7.583384e-01
1.370000e-05	2.446888e-02	7.885211e-01
1.371000e-05	-3.833529e-02	8.110451e-01
1.372000e-05	6.278331e-02	8.421977e-01
1.373000e-05	-2.587795e-02	9.057609e-01
1.374000e-05	-5.003576e-02	1.008564e+00
1.375000e-05	1.375543e-02	1.022574e+00
1.376000e-05	5.492798e-02	1.084329e+00
1.377000e-05	-3.679518e-02	1.187466e+00
1.378000e-05	-6.672792e-02	1.230537e+00
1.379000e-05	6.870721e-02	1.240570e+00
1.380000e-05	2.120049e-02	1.294129e+00
1.381000e-05	-3.388161e-02	1.294911e+00
1.382000e-05	-4.596648e-02	1.399385e+00
1.383000e-05	4.804987e-02	1.388994e+00
1.384000e-05	4.677618e-03	1.454221e+00
1.385000e-05	-1.604417e-02	1.476260e+00
1.386000e-05	-3.730887e-02	1.640582e+00
1.387000e-05	4.017640e-02	1.674724e+00
1.388000e-05	2.376614e-03	1.684602e+00
1.389000e-05	-2.030992e-02	1.725283e+00
1.390000e-05	-1.256833e-02	1.786909e+00
1.391000e-05	1.332873e-02	1.779967e+00
1.392000e-05	2.510624e-03	1.810964e+00
1.393000e-05	-6.830851e-03	1.871572e+00
1.394000e-05	-1.057399e-02	1.933277e+00
1.395000e-05	-4.058973e-03	1.957908e+00
1.396000e-05	1.874216e-02	1.988963e+00
1.397000e-05	-1.434669e-02	1.999491e+00
1.398000e-05	-8.094663e-03	2.000044e+00
1.399000e-05	-1.776984e-03	2.071669e+00
1.400000e-05	1.718809e-02	2.062620e+00
1.401000e-05	-1.668451e-02	2.164831e+00
1.402000e-05	-4.418398e-03	2.138385e+00
1.403000e-05	-4.844875e-03	2.188512e+00
1.404000e-05	1.420985e-02	2.221590e+00
1.405000e-05	-9.558729e-03	2.292673e+00
1.406000e-05	-6.560897e-03	2.303774e+00
1.407000e-05	-2.521874e-03	2.325728e+00
1.408000e-05	1.036118e-02	2.368410e+00
1.409000e-05	-8.625512e-03	2.389937e+00
1.410000e-05	-1.197481e-02	2.399990e+00
1.411000e-05	3.448891e-03	2.430570e+00
1.412000e-05	8.635773e-03	2.433673e+00
1.413000e-05	-4.969700e-03	2.485756e+00
1.414000e-05	-1.164402e-02	2.560030e+00
1.415000e-05	4.165983e-03	2.699592e+00
1.416000e-05	3.853620e-03	2.665744e+00
1.417000e-05	-4.415399e-03	2.776781e+00
1.418000e-05	-1.027409e-02	2.739910e+00
1.419000e-05	4.383511e-03	2.768988e+00
1.420000e-05	4.324908e-03	2.800007e+00
1.421000e-05	-3.363657e-03	2.800565e+00
1.422000e-05	-1.083554e-02	2.841043e+00
1.423000e-05	1.552920e-03	2.893775e+00
1.424000e-05	2.162554e-03	2.934777e+00
1.425000e-05	-2.660367e-03	2.916407e+00
1.426000e-05	-7.082174e-03	2.957910e+00
1.427000e-05	2.254201e-03	2.978435e+00
1.428000e-05	4.434655e-03	3.010491e+00
1.429000e-05	-2.638158e-03	3.062565e+00
1.430000e-05	-8.649426e-03	3.041570e+00
1.431000e-05	-1.941584e-03	3.094350e+00
1.432000e-05	2.668184e-03	3.154204e+00
1.433000e-05	-2.261128e-03	3.136827e+00
1.434000e-05	-6.179627e-03	3.198336e+00
1.435000e-05	1.298804e-03	3.158937e+00
1.436000e-05	3.643610e-03	3.179465e+00
1.437000e-05	-1.781889e-03	3.210014e+00
1.438000e-05	-6.193341e-03	3.221643e+00
1.439000e-05	-3.141011e-03	3.223072e+00
1.440000e-05	1.918514e-03	3.283668e+00
1.441000e-05	-2.344927e-03	3.344279e+00
1.442000e-05	-3.902007e-03	3.358337e+00
1.443000e-05	-1.150282e-03	3.409361e+00
1.444000e-05	4.701429e-03	3.420016e+00
1.445000e-05	-1.275635e-03	3.499647e+00
1.446000e-05	-3.608589e-03	3.493777e+00
1.447000e-05	-3.608343e-03	3.485828e+00
1.448000e-05	1.300082e-03	3.557459e+00
1.449000e-05	-3.482461e-03	3.558387e+00
1.450000e-05	-3.922163e-03	3.578910e+00
1.451000e-05	-1.771517e-03	3.579961e+00
1.452000e-05	3.929101e-03	3.589988e+00
1.453000e-05	-8.368384e-05	3.611488e+00
1.454000e-05	-2.666879e-03	3.631539e+00
1.455000e-05	-1.992067e-03	3.611068e+00
1.456000e-05	-1.319599e-04	3.660616e+00
1.457000e-05	-2.644101e-03	3.661618e+00
1.458000e-05	-4.881396e-03	3.664648e+00
1.459000e-05	-1.051289e-03	3.716195e+00
1.460000e-05	1.939406e-03	3.743799e+00
1.461000e-05	1.261605e-03	3.735905e+00
1.462000e-05	-1.995702e-03	3.747907e+00
1.463000e-05	-1.295188e-03	3.768410e+00
1.464000e-05	-4.274617e-04	3.769406e+00
1.465000e-05	-1.808717e-03	3.808534e+00
1.466000e-05	-3.575793e-03	3.789462e+00
1.467000e-05	-1.366272e-03	3.801465e+00
1.468000e-05	1.092357e-03	3.801062e+00
1.469000e-05	1.039378e-03	3.841117e+00
1.470000e-05	-2.664628e-03	3.862636e+00
1.471000e-05	-1.709205e-03	3.842544e+00
1.472000e-05	2.380950e-04	3.834100e+00
1.473000e-05	-6.068957e-04	3.862192e+00
1.474000e-05	-3.089452e-03	3.864143e+00
1.475000e-05	-1.385055e-03	3.823153e+00
1.476000e-05	-7.226945e-05	3.903149e+00
1.477000e-05	6.143429e-05	3.925726e+00
1.478000e-05	-2.234975e-03	3.917204e+00
1.479000e-05	-8.499605e-04	3.895775e+00
1.480000e-05	-1.411051e-04	3.905807e+00
1.481000e-05	-4.674838e-04	3.885203e+00
1.482000e-05	-2.577374e-03	3.956806e+00
1.483000e-05	-2.390501e-03	3.906282e+00
1.484000e-05	-1.802404e-03	3.936777e+00
1.485000e-05	-7.756211e-04	3.966859e+00
1.486000e-05	-1.305605e-03	3.918878e+00
1.487000e-05	-5.098217e-04	3.987832e+00
1.488000e-05	2.458184e-03	3.946833e+00
1.489000e-05	-6.400147e-04	3.927362e+00
1.490000e-05	-1.432392e-03	3.949951e+00
1.491000e-05	-4.631110e-03	3.977308e+00
1.492000e-05	-1.420925e-03	3.948959e+00
1.493000e-05	-1.835620e-03	3.967382e+00
1.494000e-05	-1.633364e-04	3.927855e+00
1.495000e-05	-9.662891e-04	3.948331e+00
1.496000e-05	2.026360e-03	3.968886e+00
1.497000e-05	-1.426369e-03	3.967381e+00
1.498000e-05	-1.421063e-03	3.968877e+00
1.499000e-05	-3.630154e-03	3.918333e+00
1.500000e-05	-2.057267e-03	3.956300e+00
1.501000e-05	-1.326383e-03	3.946254e+00
1.502000e-05	-2.624030e-03	3.946753e+00
1.503000e-05	-3.881314e-04	3.895276e+00
1.504000e-05	-3.224491e-04	3.946174e+00
1.505000e-05	8.378507e-04	3.906757e+00
1.506000e-05	-2.004812e-03	3.875177e+00
1.507000e-05	-2.325043e-03	3.904602e+00
1.508000e-05	-2.033036e-03	3.873123e+00
1.509000e-05	-1.209307e-03	3.844722e+00
1.510000e-05	-3.100178e-03	3.861645e+00
1.511000e-05	-1.745228e-03	3.865067e+00
1.512000e-05	-3.919838e-04	3.853114e+00
1.513000e-05	3.584125e-04	3.842571e+00
1.514000e-05	-1.689267e-03	3.801964e+00
1.515000e-05	-1.969328e-03	3.820520e+00
1.516000e-05	-9.676287e-04	3.800919e+00
1.517000e-05	-1.494751e-03	3.819987e+00
1.518000e-05	-2.710259e-03	3.799440e+00
1.519000e-05	-3.401791e-03	3.788487e+00
1.520000e-05	-6.272929e-04	3.769382e+00
1.521000e-05	-1.161230e-03	3.758307e+00
1.522000e-05	-3.030055e-04	3.747308e+00
1.523000e-05	-1.459869e-03	3.717303e+00
1.524000e-05	-1.058118e-03	3.675753e+00
1.525000e-05	-1.421330e-03	3.655626e+00
1.526000e-05	-1.285816e-03	3.644174e+00
1.527000e-05	-3.493753e-03	3.653069e+00
1.528000e-05	-1.621278e-03	3.632546e+00
1.529000e-05	-4.415051e-04	3.621045e+00
1.530000e-05	-1.639832e-03	3.612515e+00
1.531000e-05	-1.698392e-03	3.610518e+00
1.532000e-05	-1.658371e-03	3.569464e+00
1.533000e-05	-5.858214e-04	3.609488e+00
1.534000e-05	-2.119794e-03	3.569388e+00
1.535000e-05	-1.535171e-03	3.588385e+00
1.536000e-05	-2.003730e-03	3.518911e+00
1.537000e-05	-1.312608e-03	3.527303e+00
1.538000e-05	-1.320109e-03	3.516603e+00
1.539000e-05	-1.495569e-03	3.444701e+00
1.540000e-05	-2.660477e-03	3.420522e+00
1.541000e-05	-1.071249e-03	3.418491e+00
1.542000e-05	-1.894370e-03	3.328286e+00
1.543000e-05	-2.213313e-03	3.265258e+00
1.544000e-05	-1.547570e-03	3.275125e+00
1.545000e-05	-7.908649e-04	3.232570e+00
1.546000e-05	-1.295987e-03	3.221041e+00
1.547000e-05	-3.155836e-03	3.210943e+00
1.548000e-05	-2.088726e-03	3.199470e+00
1.549000e-05	-7.323384e-04	3.189465e+00
1.550000e-05	-2.024427e-03	3.168437e+00
1.551000e-05	-3.870063e-03	3.198336e+00
1.552000e-05	-2.126871e-03	3.076284e+00
1.553000e-05	-7.961276e-04	3.091227e+00
1.554000e-05	-2.147766e-03	3.053550e+00
1.555000e-05	-2.766986e-03	3.002020e+00
1.556000e-05	-2.059810e-03	2.999944e+00
1.557000e-05	-3.983604e-04	2.999389e+00
1.558000e-05	-1.224867e-03	2.938413e+00
1.559000e-05	-3.753874e-03	2.957308e+00
1.560000e-05	-2.142009e-03	2.876253e+00
1.561000e-05	-1.593374e-03	2.874575e+00
1.562000e-05	-1.848739e-03	2.822570e+00
1.563000e-05	-3.126753e-03	2.812044e+00
1.564000e-05	-2.712424e-03	2.810019e+00
1.565000e-05	-4.095471e-05	2.788965e+00
1.566000e-05	-1.613491e-03	2.777937e+00
1.567000e-05	-2.394255e-03	2.717787e+00
1.568000e-05	-2.363786e-03	2.673780e+00
1.569000e-05	-1.374255e-03	2.633174e+00
1.570000e-05	-3.684252e-03	2.548894e+00
1.571000e-05	-3.080873e-03	2.514737e+00
1.572000e-05	-2.534124e-03	2.482103e+00
1.573000e-05	-7.835171e-04	2.421628e+00
1.574000e-05	-1.843634e-03	2.419994e+00
1.575000e-05	-2.731043e-03	2.409993e+00
1.576000e-05	-1.499650e-03	2.368916e+00
1.577000e-05	-8.887037e-04	2.305760e+00
1.578000e-05	-3.127869e-03	2.265280e+00
1.579000e-05	-4.107981e-03	2.245074e+00
1.580000e-05	-2.494205e-03	2.202001e+00
1.581000e-05	-1.234946e-03	2.198994e+00
1.582000e-05	-2.230206e-03	2.147341e+00
1.583000e-05	-2.904134e-03	2.146812e+00
1.584000e-05	-2.108709e-03	2.074680e+00
1.585000e-05	-1.448685e-03	2.024123e+00
1.586000e-05	-2.481460e-03	2.030048e+00
1.587000e-05	-3.312423e-03	2.000497e+00
1.588000e-05	-2.109622e-03	1.978966e+00
1.589000e-05	-1.909118e-03	1.987365e+00
1.590000e-05	-3.352744e-03	1.866185e+00
1.591000e-05	-3.396392e-03	1.883603e+00
1.592000e-05	-2.098789e-03	1.831974e+00
1.593000e-05	-3.220165e-03	1.737916e+00
1.594000e-05	-2.074076e-03	1.747788e+00
1.595000e-05	-3.061786e-03	1.696262e+00
1.596000e-05	-1.325829e-03	1.653159e+00
1.597000e-05	-2.530160e-03	1.650649e+00
1.598000e-05	-2.447072e-03	1.549321e+00
1.599000e-05	-3.857894e-03	1.570840e+00
1.600000e-05	-1.815134e-03	1.444153e+00
1.601000e-05	-3.713806e-03	1.440980e+00
1.602000e-05	-2.445588e-03	1.390448e+00
1.603000e-05	-3.191694e-03	1.349443e+00
1.604000e-05	-2.405083e-03	1.327259e+00
1.605000e-05	-2.220945e-03	1.273207e+00
1.606000e-05	-1.436160e-03	1.241551e+00
1.607000e-05	-2.486698e-03	1.207920e+00
1.608000e-05	-2.892301e-03	1.117942e+00
1.609000e-05	-2.859934e-03	1.125916e+00
1.610000e-05	-2.162364e-03	1.054078e+00
1.611000e-05	-3.244673e-03	9.284147e-01
1.612000e-05	-3.137749e-03	8.646892e-01
1.613000e-05	-2.398650e-03	8.231079e-01
1.614000e-05	-2.375252e-03	8.210014e-01
1.615000e-05	-2.991773e-03	7.999212e-01
1.616000e-05	-2.260751e-03	7.683709e-01
1.617000e-05	-2.994012e-03	6.953632e-01
1.618000e-05	-3.067544e-03	6.132104e-01
1.619000e-05	-4.057476e-03	6.005800e-01
1.620000e-05	-2.658991e-03	5.594713e-01
1.621000e-05	-2.307600e-03	5.368708e-01
1.622000e-05	-2.943310e-03	5.057106e-01
1.623000e-05	-4.116040e-03	4.725303e-01
1.624000e-05	-4.586567e-03	4.215551e-01
1.625000e-05	-2.419055e-03	4.100488e-01
1.626000e-05	-2.768590e-03	3.383998e-01
1.627000e-05	-2.978535e-03	3.369395e-01
1.628000e-05	-4.010428e-03	2.751293e-01
1.629000e-05	-2.594637e-03	1.815764e-01
1.630000e-05	-4.235404e-03	1.278935e-01
1.631000e-05	-4.588013e-03	5.571046e-02
1.632000e-05	-4.291989e-03	3.155645e-02
1.633000e-05	-1.819014e-03	-1.842352e-07
1.634000e-05	-2.247924e-03	-3.155145e-02
1.635000e-05	-1.550272e-03	-8.173158e-02
1.636000e-05	-2.313903e-03	-1.452081e-01
1.637000e-05	-1.782104e-03	-1.363658e-01
1.638000e-05	-2.345997e-03	-1.979438e-01
1.639000e-05	-2.920593e-03	-2.295239e-01
1.640000e-05	-2.643940e-03	-2.616040e-01
1.641000e-05	2.733626e-03	-3.048131e-01
1.642000e-05	2.315116e-02	-3.253909e-01
1.643000e-05	2.167590e-02	-3.690413e-01
1.644000e-05	-4.693659e-02	-4.304750e-01
1.645000e-05	-5.124447e-02	-4.631277e-01
1.646000e-05	4.884191e-02	-4.857306e-01
1.647000e-05	3.654023e-02	-4.847582e-01
1.648000e-05	-2.990757e-02	-6.105423e-01
1.649000e-05	-2.405521e-02	-7.222070e-01
1.650000e-05	7.386034e-02	-7.168344e-01
1.651000e-05	7.533932e-03	-7.473610e-01
1.652000e-05	-4.819826e-02	-8.079451e-01
1.653000e-05	-4.384474e-03	-8.211214e-01
1.654000e-05	2.545432e-02	-8.336265e-01
1.655000e-05	-5.569097e-02	-9.031867e-01
1.656000e-05	4.165722e-02	-9.669397e-01
1.657000e-05	-3.910440e-03	-9.989399e-01
1.658000e-05	-7.799360e-02	-1.001096e+00
1.659000e-05	1.116682e-02	-1.062727e+00
1.660000e-05	7.459468e-02	-1.126835e+00
1.661000e-05	-3.539233e-02	-1.136885e+00
1.662000e-05	-6.256621e-02	-1.180945e+00
1.663000e-05	1.021176e-01	-1.281599e+00
1.664000e-05	1.849935e-02	-1.333336e+00
1.665000e-05	-6.264595e-02	-1.379438e+00
1.666000e-05	-3.354486e-02	-1.361549e+00
1.667000e-05	5.872383e-02	-1.473274e+00
1.668000e-05	-2.087943e-03	-1.567965e+00
1.669000e-05	-2.248867e-02	-1.578916e+00
1.670000e-05	-4.290544e-02	-1.609996e+00
1.671000e-05	5.081447e-02	-1.640599e+00
1.672000e-05	1.633481e-02	-1.682229e+00
1.673000e-05	-5.428072e-02	-1.715783e+00
1.674000e-05	-9.773972e-03	-1.756362e+00
1.675000e-05	3.498790e-02	-1.780043e+00
1.676000e-05	-5.310269e-03	-1.821594e+00
1.677000e-05	-2.153376e-02	-1.852103e+00
1.678000e-05	-3.024482e-03	-1.923754e+00
1.679000e-05	-1.221404e-03	-1.956911e+00
1.680000e-05	2.199302e-02	-1.978439e+00
1.681000e-05	-3.270470e-02	-1.989018e+00
1.682000e-05	-9.260701e-03	-2.000566e+00
1.683000e-05	9.936513e-03	-2.030575e+00
1.684000e-05	1.272814e-02	-2.066202e+00
1.685000e-05	-2.396343e-02	-2.135310e+00
1.686000e-05	-2.963717e-03	-2.180465e+00
1.687000e-05	-6.323817e-03	-2.223624e+00
1.688000e-05	1.989401e-02	-2.323778e+00
1.689000e-05	-1.858503e-02	-2.356912e+00
1.690000e-05	-1.516325e-02	-2.398939e+00
1.691000e-05	6.307352e-03	-2.390041e+00
1.692000e-05	8.108419e-03	-2.441497e+00
1.693000e-05	-1.144807e-02	-2.434122e+00
1.694000e-05	-1.987462e-02	-2.503152e+00
1.695000e-05	6.864473e-03	-2.546861e+00
1.696000e-05	9.972107e-03	-2.549884e+00
1.697000e-05	-1.184088e-02	-2.599540e+00
1.698000e-05	-1.854422e-02	-2.632121e+00
1.699000e-05	1.028107e-02	-2.683174e+00
1.700000e-05	3.273854e-04	-2.684224e+00
1.701000e-05	-6.923080e-03	-2.737910e+00
1.702000e-05	-1.908012e-02	-2.757412e+00
1.703000e-05	6.919441e-03	-2.788389e+00
1.704000e-05	4.899972e-03	-2.780492e+00
1.705000e-05	-1.062836e-02	-2.802543e+00
1.706000e-05	-1.325397e-02	-2.852520e+00
1.707000e-05	3.274501e-03	-2.904203e+00
1.708000e-05	3.057607e-03	-2.884808e+00
1.709000e-05	-7.910040e-03	-2.947986e+00
1.710000e-05	-1.407755e-02	-2.981540e+00
1.711000e-05	1.984739e-03	-3.091699e+00
1.712000e-05	2.077702e-03	-3.106225e+00
1.713000e-05	-7.389484e-03	-3.156334e+00
1.714000e-05	-1.151256e-02	-3.159987e+00
1.715000e-05	-8.517790e-04	-3.199486e+00
1.716000e-05	4.390372e-03	-3.199012e+00
1.717000e-05	-8.264064e-03	-3.221570e+00
1.718000e-05	-1.010814e-02	-3.273572e+00
1.719000e-05	-1.608843e-03	-3.261569e+00
1.720000e-05	2.122598e-03	-3.282728e+00
1.721000e-05	-7.027815e-03	-3.337803e+00
1.722000e-05	-1.028289e-02	-3.338305e+00
1.723000e-05	-2.555339e-03	-3.369960e+00
1.724000e-05	2.005452e-03	-3.410389e+00
1.725000e-05	-6.475168e-03	-3.402016e+00
1.726000e-05	-8.235333e-03	-3.422118e+00
1.727000e-05	-3.065729e-03	-3.413520e+00
1.728000e-05	3.401497e-03	-3.443677e+00
1.729000e-05	-6.048531e-03	-3.544226e+00
1.730000e-05	-9.440683e-03	-3.506355e+00
1.731000e-05	-3.409024e-03	-3.557461e+00
1.732000e-05	-7.199467e-04	-3.578430e+00
1.733000e-05	-5.977627e-03	-3.598964e+00
1.734000e-05	-9.387005e-03	-3.589434e+00
1.735000e-05	-2.427199e-03	-3.599464e+00
1.736000e-05	1.527698e-03	-3.601488e+00
1.737000e-05	-4.699190e-03	-3.599518e+00
1.738000e-05	-6.483953e-03	-3.621564e+00
1.739000e-05	-3.924294e-03	-3.623570e+00
1.740000e-05	2.187029e-04	-3.662594e+00
1.741000e-05	-7.806569e-03	-3.693676e+00
1.742000e-05	-8.655089e-03	-3.727276e+00
1.743000e-05	-3.987897e-03	-3.748388e+00
1.744000e-05	-1.901511e-04	-3.737463e+00
1.745000e-05	-2.847913e-03	-3.779912e+00
1.746000e-05	-6.375772e-03	-3.793543e+00
1.747000e-05	-2.633240e-03	-3.841150e+00
1.748000e-05	-2.859416e-03	-3.915574e+00
1.749000e-05	-5.817626e-03	-3.894176e+00
1.750000e-05	-9.642598e-03	-3.926206e+00
1.751000e-05	-3.777250e-03	-3.907832e+00
1.752000e-05	-2.225430e-03	-3.978800e+00
1.753000e-05	-2.248704e-03	-3.948810e+00
1.754000e-05	-6.967592e-03	-3.978407e+00
1.755000e-05	-3.766915e-03	-3.988886e+00
1.756000e-05	-3.943211e-03	-3.989386e+00
1.757000e-05	-3.374721e-03	-3.989411e+00
1.758000e-05	-7.763822e-03	-3.989986e+00
1.759000e-05	-3.346774e-03	-4.009966e+00
1.760000e-05	-3.304707e-03	-4.010513e+00
1.761000e-05	-3.843195e-03	-3.990514e+00
1.762000e-05	-6.634564e-03	-3.999964e+00
1.763000e-05	-5.180655e-03	-4.011989e+00
1.764000e-05	-3.233092e-03	-4.001038e+00
1.765000e-05	-5.511138e-03	-4.021019e+00
1.766000e-05	-6.039664e-03	-4.010566e+00
1.767000e-05	-5.598739e-03	-4.020045e+00
1.768000e-05	-1.625172e-03	-4.022015e+00
1.769000e-05	-4.997241e-03	-3.999067e+00
1.770000e-05	-4.822683e-03	-3.992065e+00
1.771000e-05	-5.766375e-03	-4.001114e+00
1.772000e-05	-1.917534e-03	-4.001567e+00
1.773000e-05	-5.787566e-03	-4.041588e+00
1.774000e-05	-6.002171e-03	-4.051619e+00
1.775000e-05	-5.343457e-03	-4.002069e+00
1.776000e-05	-3.276102e-03	-4.002595e+00
1.777000e-05	-3.844048e-03	-4.030598e+00
1.778000e-05	-5.682366e-03	-4.032492e+00
1.779000e-05	-4.346161e-03	-4.051567e+00
1.780000e-05	-3.597418e-03	-4.032543e+00
1.781000e-05	-5.335863e-03	-4.031519e+00
1.782000e-05	-5.338623e-03	-4.011070e+00
1.783000e-05	-4.127144e-03	-4.021592e+00
1.784000e-05	-5.333722e-03	-4.042593e+00
1.785000e-05	-4.125156e-03	-3.981042e+00
1.786000e-05	-7.150800e-03	-4.030139e+00
1.787000e-05	-4.400328e-03	-4.031541e+00
1.788000e-05	-2.848289e-03	-4.009516e+00
1.789000e-05	-4.545202e-03	-3.980490e+00
1.790000e-05	-4.232683e-03	-4.000964e+00
1.791000e-05	-5.447132e-03	-4.000016e+00
1.792000e-05	-2.669562e-03	-4.009991e+00
1.793000e-05	-6.325371e-03	-3.999939e+00
1.794000e-05	-6.409312e-03	-4.009489e+00
1.795000e-05	-5.305442e-03	-3.999987e+00
1.796000e-05	-1.897760e-03	-3.999986e+00
1.797000e-05	-4.931157e-03	-3.998962e+00
1.798000e-05	-4.683805e-03	-3.989412e+00
1.799000e-05	-4.250932e-03	-3.988861e+00
1.800000e-05	-2.408200e-03	-3.968909e+00
1.801000e-05	-5.403222e-03	-3.967881e+00
1.802000e-05	-5.883711e-03	-3.916808e+00
1.803000e-05	-4.498786e-03	-3.967335e+00
1.804000e-05	-4.192039e-03	-3.865708e+00
1.805000e-05	-4.242436e-03	-3.886680e+00
1.806000e-05	-5.449205e-03	-3.835104e+00
1.807000e-05	-4.514037e-03	-3.813646e+00
1.808000e-05	-4.161881e-03	-3.773468e+00
1.809000e-05	-3.276745e-03	-3.751474e+00
1.810000e-05	-5.345906e-03	-3.766813e+00
1.811000e-05	-3.576984e-03	-3.718307e+00
1.812000e-05	-5.552517e-03	-3.674281e+00
1.813000e-05	-5.473625e-03	-3.653581e+00
1.814000e-05	-6.936863e-03	-3.663074e+00
1.815000e-05	-4.240498e-03	-3.622548e+00
1.816000e-05	-2.593622e-03	-3.621547e+00
1.817000e-05	-2.693964e-03	-3.620040e+00
1.818000e-05	-4.413426e-03	-3.610014e+00
1.819000e-05	-4.946991e-03	-3.599464e+00
1.820000e-05	-3.274418e-03	-3.589414e+00
1.821000e-05	-5.854705e-03	-3.588864e+00
1.822000e-05	-6.638449e-03	-3.558289e+00
1.823000e-05	-5.605260e-03	-3.527910e+00
1.824000e-05	-2.778548e-03	-3.526782e+00
1.825000e-05	-4.186612e-03	-3.504655e+00
1.826000e-05	-4.772956e-03	-3.464602e+00
1.827000e-05	-4.088902e-03	-3.431647e+00
1.828000e-05	-3.357651e-03	-3.400468e+00
1.829000e-05	-5.328931e-03	-3.411966e+00
1.830000e-05	-5.989600e-03	-3.409918e+00
1.831000e-05	-4.917918e-03	-3.347441e+00
1.832000e-05	-4.161103e-03	-3.347361e+00
1.833000e-05	-5.009641e-03	-3.314907e+00
1.834000e-05	-4.857657e-03	-3.275178e+00
1.835000e-05	-3.576303e-03	-3.231073e+00
1.836000e-05	-3.187149e-03	-3.252044e+00
1.837000e-05	-4.903128e-03	-3.200490e+00
1.838000e-05	-5.347352e-03	-3.189441e+00
1.839000e-05	-5.523927e-03	-3.169890e+00
1.840000e-05	-4.561141e-03	-3.138312e+00
1.841000e-05	-4.754390e-03	-3.106362e+00
1.842000e-05	-4.654178e-03	-3.097159e+00
1.843000e-05	-4.208537e-03	-3.033525e+00
1.844000e-05	-4.051568e-03	-2.951371e+00
1.845000e-05	-4.209076e-03	-2.937862e+00
1.846000e-05	-5.366411e-03	-2.896312e+00
1.847000e-05	-5.736082e-03	-2.853028e+00
1.848000e-05	-4.188613e-03	-2.830073e+00
1.849000e-05	-4.759275e-03	-2.810020e+00
1.850000e-05	-4.516896e-03	-2.789969e+00
1.851000e-05	-4.292379e-03	-2.768970e+00
1.852000e-05	-2.810821e-03	-2.769386e+00
1.853000e-05	-5.517354e-03	-2.715737e+00
1.854000e-05	-4.545220e-03	-2.714681e+00
1.855000e-05	-5.783997e-03	-2.644028e+00
1.856000e-05	-4.353525e-03	-2.570520e+00
1.857000e-05	-4.820257e-03	-2.589996e+00
1.858000e-05	-3.952171e-03	-2.517715e+00
1.859000e-05	-3.317822e-03	-2.495712e+00
1.860000e-05	-2.919769e-03	-2.462679e+00
1.861000e-05	-5.020831e-03	-2.412049e+00
1.862000e-05	-4.521454e-03	-2.412019e+00
1.863000e-05	-5.899936e-03	-2.389945e+00
1.864000e-05	-4.112733e-03	-2.359418e+00
1.865000e-05	-4.795009e-03	-2.326341e+00
1.866000e-05	-4.231980e-03	-2.316631e+00
1.867000e-05	-4.026200e-03	-2.254128e+00
1.868000e-05	-2.842367e-03	-2.190924e+00
1.869000e-05	-4.319795e-03	-2.116287e+00
1.870000e-05	-4.508577e-03	-2.034003e+00
1.871000e-05	-4.125180e-03	-2.041076e+00
1.872000e-05	-4.516560e-03	-2.001000e+00
1.873000e-05	-5.682460e-03	-1.979494e+00
1.874000e-05	-4.689672e-03	-1.978417e+00
1.875000e-05	-3.738512e-03	-1.946259e+00
1.876000e-05	-3.904190e-03	-1.876258e+00
1.877000e-05	-4.396728e-03	-1.821101e+00
1.878000e-05	-4.033966e-03	-1.832050e+00
1.879000e-05	-3.285897e-03	-1.768921e+00
1.880000e-05	-4.688306e-03	-1.777891e+00
1.881000e-05	-4.828927e-03	-1.704759e+00
1.882000e-05	-4.498912e-03	-1.674581e+00
1.883000e-05	-3.807311e-03	-1.602079e+00
1.884000e-05	-4.595157e-03	-1.609548e+00
1.885000e-05	-4.717944e-03	-1.569971e+00
1.886000e-05	-4.328364e-03	-1.496896e+00
1.887000e-05	-3.780673e-03	-1.404733e+00
1.888000e-05	-4.427149e-03	-1.432875e+00
1.889000e-05	-4.209849e-03	-1.365322e+00
1.890000e-05	-3.905043e-03	-1.276734e+00
1.891000e-05	-3.608075e-03	-1.252085e+00
1.892000e-05	-4.821715e-03	-1.219926e+00
1.893000e-05	-4.676393e-03	-1.149420e+00
1.894000e-05	-4.907737e-03	-1.104796e+00
1.895000e-05	-3.878743e-03	-1.063533e+00
1.896000e-05	-4.918332e-03	-1.031527e+00
1.897000e-05	-4.506812e-03	-9.893751e-01
1.898000e-05	-4.000004e-03	-9.878159e-01
1.899000e-05	-2.922435e-03	-9.368171e-01
1.900000e-05	-3.117119e-03	-8.636643e-01
1.901000e-05	-3.603896e-03	-8.615815e-01
1.902000e-05	-4.680217e-03	-7.999765e-01
1.903000e-05	-3.383207e-03	-7.684212e-01
1.904000e-05	-4.910337e-03	-7.483471e-01
1.905000e-05	-4.552956e-03	-7.152082e-01
1.906000e-05	-3.525634e-03	-6.209341e-01
1.907000e-05	-3.146407e-03	-5.498523e-01
1.908000e-05	-3.520217e-03	-4.447655e-01
1.909000e-05	-4.072767e-03	-4.535343e-01
1.910000e-05	-3.694769e-03	-4.110051e-01
1.911000e-05	-3.308402e-03	-3.799263e-01
1.912000e-05	-4.379020e-03	-3.684011e-01
1.913000e-05	-4.055918e-03	-3.372647e-01
1.914000e-05	-4.174867e-03	-2.616116e-01
1.915000e-05	-3.111804e-03	-2.225815e-01
1.916000e-05	-3.525852e-03	-2.004527e-01
1.917000e-05	-4.157226e-03	-1.783472e-01
1.918000e-05	-3.204026e-03	-9.668943e-02
1.919000e-05	-2.457382e-03	-6.421433e-02
1.920000e-05	-2.155452e-03	-2.110907e-02
1.921000e-05	-8.247110e-04	-1.002881e-02
1.922000e-05	-2.159402e-03	3.002364e-02
1.923000e-05	-1.615280e-03	5.170019e-02
1.924000e-05	-2.222427e-03	1.148105e-01
1.925000e-05	-3.367444e-03	1.679111e-01
1.926000e-05	2.373191e-04	2.411729e-01
1.927000e-05	1.103220e-02	2.948505e-01
1.928000e-05	2.264126e-02	3.789132e-01
1.929000e-05	-1.864733e-02	3.789674e-01
1.930000e-05	-6.071150e-02	4.199988e-01
1.931000e-05	1.248489e-02	4.421001e-01
1.932000e-05	3.396388e-02	4.742081e-01
1.933000e-05	2.100487e-02	5.258632e-01
1.934000e-05	-9.323276e-02	5.874673e-01
1.935000e-05	4.790406e-02	6.205440e-01
1.936000e-05	4.400101e-02	6.716565e-01
1.937000e-05	-3.620634e-02	7.554081e-01
1.938000e-05	-6.123265e-03	7.168107e-01
1.939000e-05	-1.922044e-02	8.193910e-01
1.940000e-05	2.060051e-02	8.115449e-01
1.941000e-05	-1.690809e-02	8.110963e-01
1.942000e-05	4.796106e-02	8.526530e-01
1.943000e-05	-5.778158e-02	9.568584e-01
1.944000e-05	-2.726509e-02	9.905985e-01
1.945000e-05	5.389821e-02	1.082649e+00
1.946000e-05	2.447712e-02	1.105409e+00
1.947000e-05	-9.172968e-02	1.208862e+00
1.948000e-05	1.725405e-02	1.231494e+00
1.949000e-05	5.529199e-02	1.242672e+00
1.950000e-05	-5.195237e-03	1.276778e+00
1.951000e-05	-5.697840e-02	1.396858e+00
1.952000e-05	5.521980e-03	1.397987e+00
1.953000e-05	3.991774e-02	1.423044e+00
1.954000e-05	-9.387240e-03	1.512806e+00
1.955000e-05	-3.133361e-02	1.586434e+00
1.956000e-05	-3.138933e-03	1.641046e+00
1.957000e-05	3.985709e-02	1.622248e+00
1.958000e-05	-2.302804e-02	1.706825e+00
1.959000e-05	-1.337518e-02	1.725883e+00
1.960000e-05	-4.358119e-03	1.779357e+00
1.961000e-05	1.970302e-02	1.808942e+00
1.962000e-05	-1.131886e-02	1.801643e+00
1.963000e-05	1.079779e-03	1.905174e+00
1.964000e-05	-2.041327e-02	1.955856e+00
1.965000e-05	1.747614e-02	1.956485e+00
1.966000e-05	-1.912300e-03	1.989886e+00
1.967000e-05	-1.042415e-02	2.001019e+00
1.968000e-05	-9.585794e-03	2.011517e+00
1.969000e-05	1.699329e-02	2.043101e+00
1.970000e-05	-3.064213e-03	2.123752e+00
1.971000e-05	-1.079424e-02	2.128381e+00
1.972000e-05	-6.234659e-03	2.177358e+00
1.973000e-05	4.998610e-03	2.200991e+00
1.974000e-05	4.908796e-03	2.210641e+00
1.975000e-05	-1.413413e-02	2.274675e+00
1.976000e-05	-1.284797e-03	2.325282e+00
1.977000e-05	2.773044e-03	2.347383e+00
1.978000e-05	7.766668e-03	2.338389e+00
1.979000e-05	-1.688710e-02	2.398961e+00
1.980000e-05	-2.228088e-03	2.410520e+00
1.981000e-05	4.760819e-03	2.451622e+00
1.982000e-05	5.614171e-03	2.482653e+00
1.983000e-05	-1.457122e-02	2.537728e+00
1.984000e-05	-1.807314e-03	2.600513e+00
1.985000e-05	3.887027e-03	2.664541e+00
1.986000e-05	2.693192e-03	2.675774e+00
1.987000e-05	-1.201919e-02	2.737804e+00
1.988000e-05	-1.923481e-03	2.778385e+00
1.989000e-05	5.789354e-03	2.788964e+00
1.990000e-05	9.770863e-04	2.799491e+00
1.991000e-05	-7.683619e-03	2.811515e+00
1.992000e-05	-4.653690e-03	2.841996e+00
1.993000e-05	5.204372e-03	2.883749e+00
1.994000e-05	-3.766674e-04	2.887729e+00
1.995000e-05	-6.168818e-03	2.937932e+00
1.996000e-05	-5.065785e-03	2.978461e+00
1.997000e-05	5.093553e-03	2.990036e+00
1.998000e-05	8.803374e-05	3.011091e+00
1.999000e-05	-4.148356e-03	3.041644e+00
2.000000e-05	-5.413639e-03	3.054671e+00
2.001000e-05	4.816720e-03	3.075729e+00
2.002000e-05	6.648808e-04	3.135681e+00
2.003000e-05	-4.518002e-03	3.115381e+00
2.004000e-05	-5.474606e-03	3.158460e+00
2.005000e-05	3.040730e-03	3.188967e+00
2.006000e-05	-1.732932e-04	3.201040e+00
2.007000e-05	-4.212448e-03	3.221070e+00
2.008000e-05	-5.594607e-03	3.231514e+00
2.009000e-05	3.196963e-03	3.273725e+00
2.010000e-05	9.841768e-04	3.294701e+00
2.011000e-05	-2.902916e-03	3.327373e+00
2.012000e-05	-4.400040e-03	3.357856e+00
2.013000e-05	1.680895e-03	3.388461e+00
2.014000e-05	5.860036e-04	3.412043e+00
2.015000e-05	-4.549116e-03	3.474770e+00
2.016000e-05	-4.388450e-03	3.486776e+00
2.017000e-05	5.328129e-04	3.496802e+00
2.018000e-05	9.763482e-04	3.576835e+00
2.019000e-05	-3.877258e-03	3.578980e+00
2.020000e-05	-2.800837e-03	3.598938e+00
2.021000e-05	3.504318e-04	3.600461e+00
2.022000e-05	-1.091552e-04	3.600511e+00
2.023000e-05	-3.974261e-03	3.610990e+00
2.024000e-05	-3.933947e-03	3.621094e+00
2.025000e-05	1.218332e-04	3.621567e+00
2.026000e-05	2.609460e-04	3.642145e+00
2.027000e-05	-4.046416e-03	3.633623e+00
2.028000e-05	-2.988893e-03	3.655273e+00
2.029000e-05	4.272234e-04	3.684677e+00
2.030000e-05	6.712934e-04	3.684830e+00
2.031000e-05	-2.218020e-03	3.756883e+00
2.032000e-05	-3.642682e-03	3.748807e+00
2.033000e-05	2.108404e-05	3.767433e+00
2.034000e-05	5.482940e-04	3.780982e+00
2.035000e-05	-3.312192e-03	3.800010e+00
2.036000e-05	-2.841844e-03	3.808989e+00
2.037000e-05	-1.173002e-03	3.810464e+00
2.038000e-05	5.548506e-04	3.821616e+00
2.039000e-05	-8.217282e-04	3.811517e+00
2.040000e-05	-2.857648e-03	3.841619e+00
2.041000e-05	9.751626e-05	3.843645e+00
2.042000e-05	5.883448e-04	3.822072e+00
2.043000e-05	-1.751948e-03	3.854118e+00
2.044000e-05	-3.351758e-03	3.864198e+00
2.045000e-05	-7.837414e-04	3.853701e+00
2.046000e-05	-4.615665e-04	3.884224e+00
2.047000e-05	-2.841933e-03	3.904702e+00
2.048000e-05	-2.346735e-03	3.925749e+00
2.049000e-05	-8.911978e-04	3.875826e+00
2.050000e-05	1.621351e-03	3.886255e+00
2.051000e-05	-2.007184e-03	3.935780e+00
2.052000e-05	-1.240248e-03	3.926776e+00
2.053000e-05	-1.671571e-03	3.906831e+00
2.054000e-05	9.683865e-04	3.937327e+00
2.055000e-05	-2.853545e-03	3.965832e+00
2.056000e-05	-1.636534e-03	3.948333e+00
2.057000e-05	-2.564903e-03	3.948261e+00
2.058000e-05	2.839016e-04	3.956809e+00
2.059000e-05	-2.533177e-03	3.976858e+00
2.060000e-05	-1.500174e-03	3.947932e+00
2.061000e-05	-4.026062e-04	3.947781e+00
2.062000e-05	5.455836e-04	3.967410e+00
2.063000e-05	-2.648637e-03	3.948361e+00
2.064000e-05	-2.769695e-03	3.947386e+00
2.065000e-05	-1.994000e-03	3.977934e+00
2.066000e-05	1.229260e-03	3.937356e+00
2.067000e-05	-2.224645e-03	3.938934e+00
2.068000e-05	-2.209989e-03	3.956729e+00
2.069000e-05	-6.095408e-04	3.927277e+00
2.070000e-05	-1.058735e-04	3.917731e+00
2.071000e-05	-1.849869e-03	3.938328e+00
2.072000e-05	-1.093029e-03	3.976827e+00
2.073000e-05	-1.006098e-03	3.916282e+00
2.074000e-05	4.000841e-04	3.916247e+00
2.075000e-05	-3.145399e-03	3.885602e+00
2.076000e-05	-1.786627e-03	3.885675e+00
2.077000e-05	-2.755753e-03	3.875248e+00
2.078000e-05	-5.478604e-04	3.902247e+00
2.079000e-05	-1.044774e-03	3.874122e+00
2.080000e-05	-2.292543e-03	3.862275e+00
2.081000e-05	-6.774358e-04	3.811577e+00
2.082000e-05	2.683653e-04	3.833046e+00
2.083000e-05	-1.808248e-03	3.821520e+00
2.084000e-05	-1.974081e-03	3.832565e+00
2.085000e-05	-2.287535e-03	3.822489e+00
2.086000e-05	-1.533876e-03	3.799968e+00
2.087000e-05	-1.858768e-03	3.779490e+00
2.088000e-05	-1.705000e-03	3.768461e+00
2.089000e-05	-1.809889e-03	3.758986e+00
2.090000e-05	-1.684860e-04	3.769360e+00
2.091000e-05	-1.626958e-03	3.726435e+00
2.092000e-05	-2.195834e-03	3.707283e+00
2.093000e-05	-1.783944e-03	3.697306e+00
2.094000e-05	-5.449563e-05	3.694676e+00
2.095000e-05	-1.027656e-03	3.644126e+00
2.096000e-05	-2.225112e-03	3.673099e+00
2.097000e-05	-1.586639e-03	3.653618e+00
2.098000e-05	-2.073844e-03	3.622073e+00
2.099000e-05	-9.653802e-04	3.621565e+00
2.100000e-05	-3.691642e-03	3.602014e+00
2.101000e-05	-2.441434e-04	3.590964e+00
2.102000e-05	-9.932912e-04	3.578990e+00
2.103000e-05	-6.536233e-05	3.589889e+00
2.104000e-05	-1.979879e-03	3.559413e+00
2.105000e-05	-2.201953e-03	3.536807e+00
2.106000e-05	-2.066540e-03	3.528306e+00
2.107000e-05	-2.662673e-03	3.467351e+00
2.108000e-05	-2.676574e-03	3.443751e+00
2.109000e-05	-7.859122e-04	3.392026e+00
2.110000e-05	-1.371810e-03	3.368993e+00
2.111000e-05	1.257913e-05	3.328385e+00
2.112000e-05	-1.671098e-03	3.325804e+00
2.113000e-05	-1.307434e-03	3.247121e+00
2.114000e-05	-1.470509e-03	3.264123e+00
2.115000e-05	-2.708578e-03	3.242045e+00
2.116000e-05	-2.579315e-03	3.211070e+00
2.117000e-05	-1.887764e-03	3.199969e+00
2.118000e-05	-1.066506e-03	3.189469e+00
2.119000e-05	-1.064181e-04	3.169441e+00
2.120000e-05	-9.748770e-04	3.189362e+00
2.121000e-05	-1.521217e-03	3.076307e+00
2.122000e-05	-1.957883e-03	3.136801e+00
2.123000e-05	-5.083765e-04	3.054659e+00
2.124000e-05	-2.571140e-03	3.040990e+00
2.125000e-05	-1.703155e-03	3.000018e+00
2.126000e-05	-1.980877e-03	2.968416e+00
2.127000e-05	-7.649981e-04	2.966915e+00
2.128000e-05	-2.112363e-03	2.937862e+00
2.129000e-05	-1.821222e-03	2.915778e+00
2.130000e-05	-5.869612e-04	2.895177e+00
2.131000e-05	-1.785902e-03	2.843095e+00
2.132000e-05	-1.332051e-03	2.820095e+00
2.133000e-05	-5.881508e-04	2.811018e+00
2.134000e-05	-1.988728e-03	2.779489e+00
2.135000e-05	-2.763080e-03	2.799466e+00
2.136000e-05	-2.624668e-03	2.758937e+00
2.137000e-05	-2.211057e-03	2.746704e+00
2.138000e-05	-9.137296e-04	2.642754e+00
2.139000e-05	-1.984680e-03	2.590973e+00
2.140000e-05	-1.321195e-03	2.499814e+00
2.141000e-05	-1.945576e-03	2.503728e+00
2.142000e-05	-2.004149e-03	2.452575e+00
2.143000e-05	-2.295941e-03	2.410500e+00
2.144000e-05	-1.801305e-03	2.410996e+00
2.145000e-05	-1.817441e-03	2.369941e+00
2.146000e-05	-1.609534e-03	2.348385e+00
2.147000e-05	-2.340898e-03	2.325780e+00
2.148000e-05	-2.251113e-03	2.273658e+00
2.149000e-05	-2.533630e-03	2.222524e+00
2.150000e-05	-1.561552e-03	2.189448e+00
2.151000e-05	-2.581878e-03	2.207971e+00
2.152000e-05	-1.186993e-03	2.127337e+00
2.153000e-05	-2.020617e-03	2.085681e+00
2.154000e-05	-2.053407e-03	2.052153e+00
2.155000e-05	-3.777258e-03	2.022071e+00
2.156000e-05	-2.533717e-03	2.001501e+00
2.157000e-05	-2.968185e-03	1.980469e+00
2.158000e-05	-3.138778e-03	1.948465e+00
2.159000e-05	-1.949469e-03	1.966735e+00
2.160000e-05	-1.973934e-03	1.846604e+00
2.161000e-05	-1.743743e-03	1.802571e+00
2.162000e-05	-2.299846e-03	1.788871e+00
2.163000e-05	-2.848643e-03	1.778216e+00
2.164000e-05	-2.454917e-03	1.726838e+00
2.165000e-05	-3.169668e-03	1.664108e+00
2.166000e-05	-3.361560e-03	1.643107e+00
2.167000e-05	-3.140916e-03	1.591024e+00
2.168000e-05	-2.656704e-03	1.528516e+00
2.169000e-05	-3.080315e-03	1.514716e+00
2.170000e-05	-3.437647e-03	1.432132e+00
2.171000e-05	-1.494387e-03	1.401080e+00
2.172000e-05	-2.483272e-03	1.368420e+00
2.173000e-05	-1.658730e-03	1.317715e+00
2.174000e-05	-3.450448e-03	1.283187e+00
2.175000e-05	-3.362192e-03	1.221507e+00
2.176000e-05	-2.453271e-03	1.209548e+00
2.177000e-05	-3.743786e-03	1.188947e+00
2.178000e-05	-3.146396e-03	1.147740e+00
2.179000e-05	-3.162486e-03	1.064654e+00
2.180000e-05	-1.738478e-03	9.810475e-01
2.181000e-05	-2.157368e-03	9.067419e-01
2.182000e-05	-2.879024e-03	8.446040e-01
2.183000e-05	-2.738439e-03	8.111037e-01
2.184000e-05	-2.990985e-03	7.995013e-01
2.185000e-05	-3.751763e-03	7.688436e-01
2.186000e-05	-3.064925e-03	7.468921e-01
2.187000e-05	-4.060933e-03	6.642144e-01
2.188000e-05	-3.465747e-03	6.411304e-01
2.189000e-05	-3.066424e-03	5.799763e-01
2.190000e-05	-2.347024e-03	5.683458e-01
2.191000e-05	-2.761218e-03	5.258133e-01
2.192000e-05	-3.315825e-03	4.856605e-01
2.193000e-05	-3.149546e-03	4.216564e-01
2.194000e-05	-3.231048e-03	3.894750e-01
2.195000e-05	-3.242332e-03	4.089713e-01
2.196000e-05	-3.795009e-03	3.479172e-01
2.197000e-05	-3.599922e-03	3.067618e-01
2.198000e-05	-2.541870e-03	2.321053e-01
2.199000e-05	-4.119263e-03	1.794245e-01
2.200000e-05	-3.082845e-03	1.152392e-01
2.201000e-05	-4.477745e-03	6.213901e-02
2.202000e-05	-1.515065e-03	1.006313e-03
2.203000e-05	-3.151423e-03	-5.238777e-04
2.204000e-05	-2.351087e-03	-1.207776e-02
2.205000e-05	-2.322302e-03	-1.047817e-01
2.206000e-05	-4.504620e-04	-1.048370e-01
2.207000e-05	-1.719559e-03	-1.783171e-01
2.208000e-05	-3.041327e-03	-2.104713e-01
2.209000e-05	-2.803343e-03	-2.420765e-01
2.210000e-05	-5.679747e-04	-2.527604e-01
2.211000e-05	8.864059e-03	-3.452359e-01
2.212000e-05	3.112044e-02	-3.684899e-01
2.213000e-05	-1.406379e-02	-3.794715e-01
2.214000e-05	-7.787158e-02	-4.205828e-01
2.215000e-05	2.038996e-02	-4.827003e-01
2.216000e-05	2.054933e-02	-4.951803e-01
2.217000e-05	3.578894e-02	-5.548887e-01
2.218000e-05	-9.311395e-02	-7.207205e-01
2.219000e-05	5.638847e-02	-7.062306e-01
2.220000e-05	4.879197e-02	-7.484345e-01
2.221000e-05	-4.765855e-02	-7.488738e-01
2.222000e-05	-4.904761e-03	-8.510989e-01
2.223000e-05	-1.672715e-02	-8.016253e-01
2.224000e-05	1.900156e-02	-8.631777e-01
2.225000e-05	-3.551611e-02	-9.643407e-01
2.226000e-05	6.662856e-02	-9.894936e-01
2.227000e-05	-6.983626e-02	-9.905675e-01
2.228000e-05	-4.736532e-02	-1.030651e+00
2.229000e-05	6.637427e-02	-1.134209e+00
2.230000e-05	3.798944e-02	-1.156911e+00
2.231000e-05	-1.120527e-01	-1.198445e+00
2.232000e-05	2.213318e-02	-1.211495e+00
2.233000e-05	7.497567e-02	-1.275252e+00
2.234000e-05	-2.979563e-02	-1.375305e+00
2.235000e-05	-6.530151e-02	-1.338496e+00
2.236000e-05	2.130190e-02	-1.440598e+00
2.237000e-05	4.115111e-02	-1.584354e+00
2.238000e-05	-1.878982e-02	-1.567912e+00
2.239000e-05	-3.746983e-02	-1.610540e+00
2.240000e-05	-5.305207e-03	-1.630023e+00
2.241000e-05	6.332823e-02	-1.693673e+00
2.242000e-05	-3.847435e-02	-1.694157e+00
2.243000e-05	-3.571424e-02	-1.735885e+00
2.244000e-05	1.405410e-02	-1.768916e+00
2.245000e-05	2.982276e-02	-1.782043e+00
2.246000e-05	-3.188857e-02	-1.843074e+00
2.247000e-05	-1.255461e-03	-1.873826e+00
2.248000e-05	-1.508896e-02	-1.915257e+00
2.249000e-05	2.424938e-02	-1.967963e+00
2.250000e-05	-8.057632e-03	-1.988967e+00
2.251000e-05	-2.443871e-02	-1.999966e+00
2.252000e-05	6.694621e-04	-2.011023e+00
2.253000e-05	1.911250e-02	-2.083125e+00
2.254000e-05	-9.682074e-03	-2.106257e+00
2.255000e-05	-1.555814e-02	-2.158411e+00
2.256000e-05	-7.416265e-03	-2.223040e+00
2.257000e-05	8.189996e-03	-2.284124e+00
2.258000e-05	6.884742e-03	-2.326259e+00
2.259000e-05	-2.768142e-02	-2.378987e+00
2.260000e-05	1.366055e-03	-2.400486e+00
2.261000e-05	6.083378e-03	-2.421020e+00
2.262000e-05	5.944419e-03	-2.450672e+00
2.263000e-05	-2.456304e-02	-2.483602e+00
2.264000e-05	-3.585117e-03	-2.504827e+00
2.265000e-05	9.851761e-03	-2.546360e+00
2.266000e-05	4.475729e-03	-2.590541e+00
2.267000e-05	-2.553920e-02	-2.621541e+00
2.268000e-05	-3.674061e-04	-2.622574e+00
2.269000e-05	6.622037e-03	-2.665651e+00
2.270000e-05	5.095003e-05	-2.756231e+00
2.271000e-05	-1.687811e-02	-2.727410e+00
2.272000e-05	-6.466237e-03	-2.778461e+00
2.273000e-05	1.121345e-02	-2.798488e+00
2.274000e-05	-3.570856e-03	-2.810995e+00
2.275000e-05	-1.435037e-02	-2.820618e+00
2.276000e-05	-6.766636e-03	-2.812095e+00
2.277000e-05	6.497395e-03	-2.886225e+00
2.278000e-05	-2.315564e-03	-2.976856e+00
2.279000e-05	-1.231103e-02	-2.998966e+00
2.280000e-05	-7.783005e-03	-3.032146e+00
2.281000e-05	6.296306e-03	-3.083825e+00
2.282000e-05	-3.935235e-03	-3.186855e+00
2.283000e-05	-9.655006e-03	-3.176831e+00
2.284000e-05	-8.800344e-03	-3.188488e+00
2.285000e-05	4.919304e-03	-3.228989e+00
2.286000e-05	-2.549994e-03	-3.199990e+00
2.287000e-05	-1.106173e-02	-3.241595e+00
2.288000e-05	-7.862826e-03	-3.271599e+00
2.289000e-05	3.508660e-03	-3.283674e+00
2.290000e-05	-2.957615e-03	-3.305306e+00
2.291000e-05	-9.682072e-03	-3.366956e+00
2.292000e-05	-7.518354e-03	-3.337457e+00
2.293000e-05	2.520144e-03	-3.388384e+00
2.294000e-05	-1.994208e-03	-3.420463e+00
2.295000e-05	-8.689594e-03	-3.411642e+00
2.296000e-05	-7.457188e-03	-3.421594e+00
2.297000e-05	7.516530e-04	-3.463176e+00
2.298000e-05	-2.353672e-03	-3.505277e+00
2.299000e-05	-9.272359e-03	-3.545779e+00
2.300000e-05	-7.157525e-03	-3.546336e+00
2.301000e-05	3.192402e-04	-3.578957e+00
2.302000e-05	-2.958944e-04	-3.556960e+00
2.303000e-05	-8.822674e-03	-3.589436e+00
2.304000e-05	-6.024805e-03	-3.579989e+00
2.305000e-05	-7.038537e-04	-3.599963e+00
2.306000e-05	-1.592079e-03	-3.610015e+00
2.307000e-05	-8.326013e-03	-3.601015e+00
2.308000e-05	-6.329151e-03	-3.641591e+00
2.309000e-05	-1.391305e-03	-3.642194e+00
2.310000e-05	-1.086406e-03	-3.663623e+00
2.311000e-05	-7.232371e-03	-3.694677e+00
2.312000e-05	-5.977880e-03	-3.708831e+00
2.313000e-05	-2.521245e-03	-3.798788e+00
2.314000e-05	-6.636356e-04	-3.807860e+00
2.315000e-05	-6.231480e-03	-3.858499e+00
2.316000e-05	-6.527331e-03	-3.844069e+00
2.317000e-05	-1.987404e-03	-3.822548e+00
2.318000e-05	-2.680639e-03	-3.905622e+00
2.319000e-05	-5.783566e-03	-3.895797e+00
2.320000e-05	-6.740034e-03	-3.945777e+00
2.321000e-05	-2.465004e-03	-3.958781e+00
2.322000e-05	-2.546012e-03	-3.937855e+00
2.323000e-05	-5.191564e-03	-3.988886e+00
2.324000e-05	-6.494897e-03	-3.948884e+00
2.325000e-05	-2.867111e-03	-4.000381e+00
2.326000e-05	-1.470141e-03	-3.979934e+00
2.327000e-05	-4.961695e-03	-3.997461e+00
2.328000e-05	-6.461549e-03	-4.000437e+00
2.329000e-05	-4.113255e-03	-3.999986e+00
2.330000e-05	-3.873863e-03	-4.000486e+00
2.331000e-05	-5.151536e-03	-4.000989e+00
2.332000e-05	-5.945113e-03	-4.001514e+00
2.333000e-05	-2.182738e-03	-4.001041e+00
2.334000e-05	-2.758989e-03	-4.000013e+00
2.335000e-05	-5.400337e-03	-4.010014e+00
2.336000e-05	-5.831676e-03	-4.011040e+00
2.337000e-05	-4.604881e-03	-4.022015e+00
2.338000e-05	-3.141398e-03	-4.000518e+00
2.339000e-05	-5.807927e-03	-4.031568e+00
2.340000e-05	-4.877655e-03	-4.000490e+00
2.341000e-05	-3.950084e-03	-4.022620e+00
2.342000e-05	-3.028477e-03	-4.009022e+00
2.343000e-05	-5.294950e-03	-4.042594e+00
2.344000e-05	-5.296735e-03	-4.040647e+00
2.345000e-05	-4.659554e-03	-4.031064e+00
2.346000e-05	-3.242571e-03	-4.071542e+00
2.347000e-05	-6.302205e-03	-4.041142e+00
2.348000e-05	-4.699092e-03	-4.004570e+00
2.349000e-05	-4.979715e-03	-4.033095e+00
2.350000e-05	-3.856504e-03	-4.039564e+00
2.351000e-05	-6.039955e-03	-4.033544e+00
2.352000e-05	-5.153495e-03	-4.020519e+00
2.353000e-05	-3.837621e-03	-4.042095e+00
2.354000e-05	-4.221123e-03	-4.042098e+00
2.355000e-05	-5.224079e-03	-4.012016e+00
2.356000e-05	-5.637085e-03	-4.011065e+00
2.357000e-05	-5.453082e-03	-4.001990e+00
2.358000e-05	-4.877355e-03	-4.021565e+00
2.359000e-05	-4.590789e-03	-4.031514e+00
2.360000e-05	-4.070237e-03	-4.001540e+00
2.361000e-05	-2.995637e-03	-4.009988e+00
2.362000e-05	-4.626491e-03	-4.009966e+00
2.363000e-05	-5.947889e-03	-4.000464e+00
2.364000e-05	-5.970847e-03	-4.020491e+00
2.365000e-05	-4.794631e-03	-3.988464e+00
2.366000e-05	-5.261793e-03	-3.989937e+00
2.367000e-05	-4.966320e-03	-3.979412e+00
2.368000e-05	-3.722716e-03	-3.968910e+00
2.369000e-05	-4.049933e-03	-3.979386e+00
2.370000e-05	-4.735586e-03	-3.978334e+00
2.371000e-05	-4.917143e-03	-3.958907e+00
2.372000e-05	-5.215780e-03	-3.946232e+00
2.373000e-05	-5.138781e-03	-3.886830e+00
2.374000e-05	-3.965065e-03	-3.925726e+00
2.375000e-05	-4.856404e-03	-3.885147e+00
2.376000e-05	-4.918529e-03	-3.853071e+00
2.377000e-05	-4.436422e-03	-3.804004e+00
2.378000e-05	-3.149195e-03	-3.858916e+00
2.379000e-05	-4.569102e-03	-3.739918e+00
2.380000e-05	-4.800979e-03	-3.737860e+00
2.381000e-05	-5.501803e-03	-3.736784e+00
2.382000e-05	-4.317160e-03	-3.653227e+00
2.383000e-05	-4.982154e-03	-3.673178e+00
2.384000e-05	-5.115566e-03	-3.642043e+00
2.385000e-05	-4.287431e-03	-3.652094e+00
2.386000e-05	-3.969058e-03	-3.622040e+00
2.387000e-05	-4.046139e-03	-3.610991e+00
2.388000e-05	-5.096927e-03	-3.599988e+00
2.389000e-05	-4.493338e-03	-3.600490e+00
2.390000e-05	-4.841128e-03	-3.569988e+00
2.391000e-05	-4.914570e-03	-3.578914e+00
2.392000e-05	-5.245341e-03	-3.516458e+00
2.393000e-05	-4.494217e-03	-3.567307e+00
2.394000e-05	-4.202282e-03	-3.496728e+00
2.395000e-05	-3.840144e-03	-3.453052e+00
2.396000e-05	-5.470132e-03	-3.443052e+00
2.397000e-05	-4.361146e-03	-3.472995e+00
2.398000e-05	-4.704933e-03	-3.430019e+00
2.399000e-05	-4.908423e-03	-3.409970e+00
2.400000e-05	-5.420352e-03	-3.379440e+00
2.401000e-05	-4.982660e-03	-3.337362e+00
2.402000e-05	-4.326104e-03	-3.285155e+00
2.403000e-05	-4.129646e-03	-3.305730e+00
2.404000e-05	-4.016063e-03	-3.243600e+00
2.405000e-05	-4.346618e-03	-3.230547e+00
2.406000e-05	-4.291149e-03	-3.200516e+00
2.407000e-05	-4.894063e-03	-3.190991e+00
2.408000e-05	-4.825434e-03	-3.199415e+00
2.409000e-05	-4.743337e-03	-3.168389e+00
2.410000e-05	-5.460520e-03	-3.116266e+00
2.411000e-05	-3.886611e-03	-3.096206e+00
2.412000e-05	-5.164850e-03	-3.062000e+00
2.413000e-05	-3.718007e-03	-3.002043e+00
2.414000e-05	-4.610360e-03	-2.927387e+00
2.415000e-05	-3.781268e-03	-2.925185e+00
2.416000e-05	-4.833331e-03	-2.893253e+00
2.417000e-05	-5.231226e-03	-2.853050e+00
2.418000e-05	-4.724714e-03	-2.810998e+00
2.419000e-05	-4.296795e-03	-2.810493e+00
2.420000e-05	-4.969703e-03	-2.788441e+00
2.421000e-05	-4.740094e-03	-2.758391e+00
2.422000e-05	-4.440576e-03	-2.757835e+00
2.423000e-05	-4.316792e-03	-2.694732e+00
2.424000e-05	-4.450256e-03	-2.652531e+00
2.425000e-05	-4.716711e-03	-2.622548e+00
2.426000e-05	-4.509290e-03	-2.608468e+00
2.427000e-05	-4.786240e-03	-2.566417e+00
2.428000e-05	-3.933352e-03	-2.525339e+00
2.429000e-05	-5.573568e-03	-2.476084e+00
2.430000e-05	-3.679859e-03	-2.434077e+00
2.431000e-05	-4.519627e-03	-2.412021e+00
2.432000e-05	-5.319521e-03	-2.420523e+00
2.433000e-05	-4.054876e-03	-2.378894e+00
2.434000e-05	-5.031365e-03	-2.338890e+00
2.435000e-05	-3.324592e-03	-2.305816e+00
2.436000e-05	-4.644022e-03	-2.263604e+00
2.437000e-05	-4.232892e-03	-2.220625e+00
2.438000e-05	-5.196552e-03	-2.218317e+00
2.439000e-05	-3.864823e-03	-2.114208e+00
2.440000e-05	-4.323332e-03	-2.042603e+00
2.441000e-05	-3.742706e-03	-2.010526e+00
2.442000e-05	-5.397651e-03	-1.989973e+00
2.443000e-05	-2.904428e-03	-1.989944e+00
2.444000e-05	-4.800955e-03	-1.947765e+00
2.445000e-05	-3.921526e-03	-1.937257e+00
2.446000e-05	-4.982058e-03	-1.833104e+00
2.447000e-05	-3.307165e-03	-1.832003e+00
2.448000e-05	-2.804104e-03	-1.777923e+00
2.449000e-05	-4.725844e-03	-1.768941e+00
2.450000e-05	-3.413730e-03	-1.715717e+00
2.451000e-05	-4.705613e-03	-1.683682e+00
2.452000e-05	-3.908397e-03	-1.623054e+00
2.453000e-05	-5.826947e-03	-1.600525e+00
2.454000e-05	-3.394811e-03	-1.590046e+00
2.455000e-05	-3.815432e-03	-1.558945e+00
2.456000e-05	-3.654738e-03	-1.515718e+00
2.457000e-05	-3.498988e-03	-1.393574e+00
2.458000e-05	-3.788180e-03	-1.378871e+00
2.459000e-05	-3.591975e-03	-1.296168e+00
2.460000e-05	-4.696801e-03	-1.243512e+00
2.461000e-05	-4.733488e-03	-1.239605e+00
2.462000e-05	-3.983352e-03	-1.218944e+00
2.463000e-05	-4.603582e-03	-1.148319e+00
2.464000e-05	-4.787745e-03	-1.115687e+00
2.465000e-05	-2.895624e-03	-1.052134e+00
2.466000e-05	-3.322101e-03	-1.020024e+00
2.467000e-05	-3.044457e-03	-1.009450e+00
2.468000e-05	-4.318844e-03	-8.978422e-01
2.469000e-05	-3.768374e-03	-8.945880e-01
2.470000e-05	-4.330092e-03	-8.516816e-01
2.471000e-05	-3.685807e-03	-8.310028e-01
2.472000e-05	-5.243283e-03	-7.694988e-01
2.473000e-05	-3.805518e-03	-7.788473e-01
2.474000e-05	-3.456159e-03	-7.143611e-01
2.475000e-05	-3.761818e-03	-6.860868e-01
2.476000e-05	-4.106013e-03	-6.009751e-01
2.477000e-05	-3.229983e-03	-4.872973e-01
2.478000e-05	-2.969621e-03	-4.451907e-01
2.479000e-05	-4.665809e-03	-4.415065e-01
2.480000e-05	-4.219810e-03	-4.004540e-01
2.481000e-05	-3.122517e-03	-4.089474e-01
2.482000e-05	-4.371144e-03	-3.683209e-01
2.483000e-05	-3.483316e-03	-3.062870e-01
2.484000e-05	-4.709448e-03	-2.535805e-01
2.485000e-05	-2.851712e-03	-2.220277e-01
2.486000e-05	-3.694288e-03	-2.000039e-01
2.487000e-05	-2.974828e-03	-2.000001e-01
2.488000e-05	-3.788727e-03	1.002631e-03
2.489000e-05	-2.554256e-03	-2.260783e-02
2.490000e-05	-2.322641e-03	-1.005376e-02
2.491000e-05	-5.707958e-04	1.009744e-02
2.492000e-05	-3.708688e-03	4.155132e-02
2.493000e-05	-2.055152e-03	4.272658e-02
2.494000e-05	-3.003361e-03	1.438909e-01
2.495000e-05	-1.067553e-03	1.690736e-01
2.496000e-05	4.881659e-03	2.706780e-01
2.497000e-05	2.248318e-02	3.449108e-01
2.498000e-05	8.790553e-03	3.284174e-01
2.499000e-05	-4.079412e-02	4.100212e-01
2.500000e-05	-4.754025e-02	4.011013e-01
2.501000e-05	4.974311e-02	4.526790e-01
2.502000e-05	2.283703e-02	5.337344e-01
2.503000e-05	-4.096593e-02	5.589395e-01
2.504000e-05	-3.403283e-02	5.804887e-01
2.505000e-05	6.509359e-02	6.310715e-01
2.506000e-05	1.154998e-02	6.926341e-01
2.507000e-05	-3.777778e-02	6.968832e-01
2.508000e-05	-1.819388e-02	7.478123e-01
2.509000e-05	2.554088e-02	8.074961e-01
2.510000e-05	-3.925076e-02	8.215225e-01
2.511000e-05	6.304770e-02	8.135989e-01
2.512000e-05	-2.635610e-02	9.133618e-01
2.513000e-05	-4.837125e-02	1.047517e+00
2.514000e-05	1.339437e-02	1.063672e+00
2.515000e-05	5.744221e-02	1.114778e+00
2.516000e-05	-3.551678e-02	1.177386e+00
2.517000e-05	-6.660507e-02	1.209092e+00
2.518000e-05	6.887369e-02	1.192120e+00
2.519000e-05	2.175496e-02	1.294605e+00
2.520000e-05	-3.437792e-02	1.345308e+00
2.521000e-05	-4.543307e-02	1.368936e+00
2.522000e-05	4.588137e-02	1.409992e+00
2.523000e-05	6.210058e-03	1.442148e+00
2.524000e-05	-1.457489e-02	1.555261e+00
2.525000e-05	-3.591444e-02	1.587697e+00
2.526000e-05	3.982660e-02	1.632169e+00
2.527000e-05	1.460670e-03	1.682668e+00
2.528000e-05	-1.984210e-02	1.735831e+00
2.529000e-05	-1.358721e-02	1.745962e+00
2.530000e-05	1.411294e-02	1.778862e+00
2.531000e-05	8.628488e-04	1.841521e+00
2.532000e-05	-4.100277e-03	1.841704e+00
2.533000e-05	-1.025216e-02	1.925256e+00
2.534000e-05	-2.688546e-03	1.958433e+00
2.535000e-05	1.567550e-02	2.008889e+00
2.536000e-05	-1.379131e-02	2.000042e+00
2.537000e-05	-7.136118e-03	2.000517e+00
2.538000e-05	-2.064432e-03	2.042570e+00
2.539000e-05	1.500711e-02	2.083175e+00
2.540000e-05	-1.485010e-02	2.126756e+00
2.541000e-05	-2.516070e-03	2.146912e+00
2.542000e-05	-4.609323e-03	2.190490e+00
2.543000e-05	1.091832e-02	2.210517e+00
2.544000e-05	-1.004297e-02	2.203221e+00
2.545000e-05	-6.344615e-03	2.304750e+00
2.546000e-05	-3.143546e-03	2.355883e+00
2.547000e-05	1.118810e-02	2.398439e+00
2.548000e-05	-8.341462e-03	2.380462e+00
2.549000e-05	-1.028862e-02	2.409540e+00
2.550000e-05	1.757224e-03	2.421974e+00
2.551000e-05	7.307959e-03	2.482673e+00
2.552000e-05	-6.287143e-03	2.484759e+00
2.553000e-05	-1.011401e-02	2.548459e+00
2.554000e-05	4.340540e-03	2.621110e+00
2.555000e-05	4.007425e-03	2.684249e+00
2.556000e-05	-3.490279e-03	2.736756e+00
2.557000e-05	-1.089603e-02	2.767337e+00
2.558000e-05	4.638284e-03	2.788985e+00
2.559000e-05	2.436353e-03	2.790491e+00
2.560000e-05	-2.457199e-03	2.820490e+00
2.561000e-05	-1.070234e-02	2.842544e+00
2.562000e-05	3.536207e-03	2.852649e+00
2.563000e-05	9.763265e-04	2.893702e+00
2.564000e-05	-2.120988e-03	2.937854e+00
2.565000e-05	-8.627533e-03	2.967385e+00
2.566000e-05	1.988415e-03	2.969490e+00
2.567000e-05	2.601711e-03	3.020518e+00
2.568000e-05	-2.313462e-03	3.041068e+00
2.569000e-05	-7.580899e-03	3.063125e+00
2.570000e-05	5.853308e-04	3.093699e+00
2.571000e-05	2.002600e-03	3.125806e+00
2.572000e-05	-1.715066e-03	3.127332e+00
2.573000e-05	-5.894820e-03	3.167935e+00
2.574000e-05	-4.045641e-05	3.179439e+00
2.575000e-05	2.734848e-03	3.198511e+00
2.576000e-05	-1.864108e-03	3.200019e+00
2.577000e-05	-4.413650e-03	3.220519e+00
2.578000e-05	-1.767422e-03	3.231174e+00
2.579000e-05	3.311912e-03	3.213149e+00
2.580000e-05	-1.999167e-03	3.324722e+00
2.581000e-05	-3.774179e-03	3.367858e+00
2.582000e-05	-1.952223e-03	3.380482e+00
2.583000e-05	2.582095e-03	3.431091e+00
2.584000e-05	-2.663385e-03	3.473122e+00
2.585000e-05	-4.308609e-03	3.515673e+00
2.586000e-05	-2.134529e-03	3.516857e+00
2.587000e-05	3.194961e-03	3.537928e+00
2.588000e-05	-2.178973e-03	3.598883e+00
2.589000e-05	-4.012442e-03	3.589457e+00
2.590000e-05	-8.578500e-04	3.599986e+00
2.591000e-05	1.179977e-03	3.610439e+00
2.592000e-05	-1.839650e-03	3.610016e+00
2.593000e-05	-3.817196e-03	3.621019e+00
2.594000e-05	-1.290214e-03	3.640539e+00
2.595000e-05	6.371835e-04	3.642543e+00
2.596000e-05	-1.249477e-03	3.612646e+00
2.597000e-05	-3.194872e-03	3.694202e+00
2.598000e-05	-9.416219e-04	3.703724e+00
2.599000e-05	7.657439e-04	3.676281e+00
2.600000e-05	-1.674948e-03	3.755356e+00
2.601000e-05	-3.096582e-03	3.715833e+00
2.602000e-05	-1.026286e-03	3.797881e+00
2.603000e-05	8.274119e-05	3.758360e+00
2.604000e-05	-9.922290e-04	3.790464e+00
2.605000e-05	-3.085026e-03	3.808985e+00
2.606000e-05	-1.729176e-03	3.799986e+00
2.607000e-05	2.743058e-04	3.800540e+00
2.608000e-05	-6.002392e-04	3.840515e+00
2.609000e-05	-2.944174e-03	3.832565e+00
2.610000e-05	-1.610803e-03	3.823168e+00
2.611000e-05	3.399692e-04	3.852043e+00
2.612000e-05	-1.522086e-03	3.854120e+00
2.613000e-05	-3.010337e-03	3.840595e+00
2.614000e-05	-1.525687e-03	3.883676e+00
2.615000e-05	-5.665145e-04	3.903698e+00
2.616000e-05	-1.652239e-03	3.914753e+00
2.617000e-05	-2.258515e-03	3.907324e+00
2.618000e-05	-1.495340e-03	3.905700e+00
2.619000e-05	2.295455e-04	3.906206e+00
2.620000e-05	-2.341483e-03	3.913804e+00
2.621000e-05	-1.463138e-03	3.956311e+00
2.622000e-05	-1.840485e-03	3.925780e+00
2.623000e-05	-2.873451e-04	3.946805e+00
2.624000e-05	-2.122993e-03	3.966758e+00
2.625000e-05	-1.593827e-03	3.938332e+00
2.626000e-05	-9.907609e-04	3.929881e+00
2.627000e-05	-9.790625e-04	3.986256e+00
2.628000e-05	-4.350637e-04	3.947360e+00
2.629000e-05	-1.243807e-03	3.937462e+00
2.630000e-05	-1.323496e-03	3.947432e+00
2.631000e-05	-1.441283e-03	3.968355e+00
2.632000e-05	-1.938273e-03	3.930011e+00
2.633000e-05	-1.149793e-03	3.919406e+00
2.634000e-05	-1.365405e-03	3.976256e+00
2.635000e-05	-2.035862e-03	3.918380e+00
2.636000e-05	-8.553252e-04	3.978813e+00
2.637000e-05	-1.659624e-03	3.916358e+00
2.638000e-05	-2.116911e-04	3.956308e+00
2.639000e-05	-1.072689e-03	3.955330e+00
2.640000e-05	-2.242188e-04	3.937230e+00
2.641000e-05	-8.565752e-04	3.936757e+00
2.642000e-05	-1.732257e-03	3.916306e+00
2.643000e-05	-1.322954e-03	3.937804e+00
2.644000e-05	-2.107787e-04	3.914783e+00
2.645000e-05	-4.949072e-04	3.876173e+00
2.646000e-05	-2.946549e-03	3.855675e+00
2.647000e-05	-1.770161e-03	3.903624e+00
2.648000e-05	-5.691895e-04	3.855117e+00
2.649000e-05	-9.723947e-04	3.892622e+00
2.650000e-05	-1.396106e-03	3.842620e+00
2.651000e-05	-8.257045e-04	3.831646e+00
2.652000e-05	-7.011286e-04	3.832040e+00
2.653000e-05	-5.635611e-04	3.810043e+00
2.654000e-05	-2.946068e-03	3.811519e+00
2.655000e-05	-2.435385e-03	3.810044e+00
2.656000e-05	-2.210191e-03	3.819991e+00
2.657000e-05	-6.424639e-04	3.789415e+00
2.658000e-05	-1.260869e-03	3.769860e+00
2.659000e-05	-1.165009e-03	3.748360e+00
2.660000e-05	-1.170992e-03	3.769283e+00
2.661000e-05	-6.140889e-04	3.727758e+00
2.662000e-05	-1.802807e-03	3.724781e+00
2.663000e-05	-9.293154e-04	3.717131e+00
2.664000e-05	-1.669706e-03	3.714279e+00
2.665000e-05	-1.075154e-03	3.653577e+00
2.666000e-05	-2.267483e-03	3.661544e+00
2.667000e-05	-1.110102e-03	3.620595e+00
2.668000e-05	-1.409737e-03	3.630991e+00
2.669000e-05	-1.602910e-03	3.610566e+00
2.670000e-05	-1.298910e-03	3.600489e+00
2.671000e-05	-7.413302e-04	3.609464e+00
2.672000e-05	-8.703081e-04	3.579990e+00
2.673000e-05	-2.077685e-03	3.588437e+00
2.674000e-05	-2.708422e-03	3.569487e+00
2.675000e-05	-1.602329e-03	3.549311e+00
2.676000e-05	-1.282465e-03	3.556334e+00
2.677000e-05	-1.455129e-03	3.525257e+00
2.678000e-05	-2.547374e-03	3.423600e+00
2.679000e-05	-9.075971e-04	3.418996e+00
2.680000e-05	-1.794344e-03	3.360941e+00
2.681000e-05	-1.538171e-03	3.355781e+00
2.682000e-05	-2.109270e-03	3.275210e+00
2.683000e-05	-1.096073e-03	3.274059e+00
2.684000e-05	-1.443106e-03	3.232575e+00
2.685000e-05	-2.753432e-03	3.222544e+00
2.686000e-05	-2.520214e-03	3.211993e+00
2.687000e-05	-8.393724e-04	3.199993e+00
2.688000e-05	-2.128984e-03	3.180439e+00
2.689000e-05	-1.432034e-03	3.148884e+00
2.690000e-05	-1.369504e-03	3.137835e+00
2.691000e-05	-1.665667e-03	3.097283e+00
2.692000e-05	-2.734878e-03	3.055623e+00
2.693000e-05	-1.490194e-03	3.051597e+00
2.694000e-05	-1.418715e-03	3.011046e+00
2.695000e-05	-2.391925e-03	3.020467e+00
2.696000e-05	-2.473785e-03	2.967941e+00
2.697000e-05	-6.552488e-04	2.948361e+00
2.698000e-05	-1.907489e-03	2.905336e+00
2.699000e-05	-2.678487e-03	2.924757e+00
2.700000e-05	-1.573532e-03	2.854148e+00
2.701000e-05	-9.597950e-04	2.833150e+00
2.702000e-05	-1.119779e-03	2.800593e+00
2.703000e-05	-2.828175e-03	2.780491e+00
2.704000e-05	-2.817935e-03	2.800415e+00
2.705000e-05	-5.152149e-04	2.718340e+00
2.706000e-05	-2.048468e-03	2.696861e+00
2.707000e-05	-3.319292e-03	2.696203e+00
2.708000e-05	-9.250944e-04	2.613049e+00
2.709000e-05	-1.794488e-03	2.571369e+00
2.710000e-05	-1.313780e-03	2.525166e+00
2.711000e-05	-2.894290e-03	2.423679e+00
2.712000e-05	-2.074967e-03	2.411550e+00
2.713000e-05	-2.039958e-03	2.410521e+00
2.714000e-05	-6.567916e-04	2.380465e+00
2.715000e-05	-3.425339e-03	2.367891e+00
2.716000e-05	-2.628914e-03	2.327286e+00
2.717000e-05	-2.204262e-03	2.316179e+00
2.718000e-05	-1.724491e-03	2.253080e+00
2.719000e-05	-2.781657e-03	2.231519e+00
2.720000e-05	-1.804167e-03	2.199445e+00
2.721000e-05	-1.680783e-03	2.168841e+00
2.722000e-05	-5.567900e-04	2.096834e+00
2.723000e-05	-3.152354e-03	2.085181e+00
2.724000e-05	-3.519501e-03	2.053048e+00
2.725000e-05	-2.313996e-03	2.010997e+00
2.726000e-05	-2.631825e-03	2.009994e+00
2.727000e-05	-1.794947e-03	1.959895e+00
2.728000e-05	-2.850069e-03	1.958416e+00
2.729000e-05	-1.311885e-03	1.935133e+00
2.730000e-05	-2.636558e-03	1.862600e+00
2.731000e-05	-2.621617e-03	1.811000e+00
2.732000e-05	-4.047342e-03	1.748892e+00
2.733000e-05	-2.399134e-03	1.757238e+00
2.734000e-05	-2.749578e-03	1.733311e+00
2.735000e-05	-2.754926e-03	1.666158e+00
2.736000e-05	-4.060129e-03	1.571075e+00
2.737000e-05	-1.593428e-03	1.601850e+00
2.738000e-05	-3.335832e-03	1.547312e+00
2.739000e-05	-3.172275e-03	1.444659e+00
2.740000e-05	-4.033680e-03	1.422128e+00
2.741000e-05	-2.126961e-03	1.380521e+00
2.742000e-05	-2.958699e-03	1.347839e+00
2.743000e-05	-3.061918e-03	1.295842e+00
2.744000e-05	-3.789636e-03	1.313632e+00
2.745000e-05	-2.450421e-03	1.221079e+00
2.746000e-05	-3.978965e-03	1.208976e+00
2.747000e-05	-2.551100e-03	1.146365e+00
2.748000e-05	-4.064242e-03	1.074311e+00
2.749000e-05	-2.232424e-03	1.061603e+00
2.750000e-05	-3.532520e-03	9.278934e-01
2.751000e-05	-2.675511e-03	8.757645e-01
2.752000e-05	-3.861660e-03	8.126092e-01
2.753000e-05	-3.248029e-03	8.205288e-01
2.754000e-05	-2.749087e-03	7.899700e-01
2.755000e-05	-3.691532e-03	7.678948e-01
2.756000e-05	-4.171655e-03	6.962172e-01
2.757000e-05	-2.260812e-03	6.642355e-01
2.758000e-05	-3.328584e-03	6.130563e-01
2.759000e-05	-2.785049e-03	5.699238e-01
2.760000e-05	-3.057292e-03	5.383198e-01
2.761000e-05	-4.256785e-03	4.742131e-01
2.762000e-05	-2.744590e-03	4.621330e-01
2.763000e-05	-3.406069e-03	4.220776e-01
2.764000e-05	-2.450911e-03	4.004764e-01
2.765000e-05	-3.045810e-03	3.484712e-01
2.766000e-05	-4.067491e-03	3.073682e-01
2.767000e-05	-2.823160e-03	2.531130e-01
2.768000e-05	-4.152795e-03	1.514001e-01
2.769000e-05	-3.556202e-03	1.482207e-01
2.770000e-05	-3.429359e-03	3.368801e-02
2.771000e-05	-3.280731e-03	3.166282e-02
2.772000e-05	-1.832791e-03	3.131578e-05
2.773000e-05	-3.139386e-03	-1.052769e-02
2.774000e-05	-2.356456e-03	-5.262901e-02
2.775000e-05	-1.349759e-03	-1.057870e-01
2.776000e-05	-1.071540e-03	-9.626460e-02
2.777000e-05	-3.167949e-03	-1.774210e-01
2.778000e-05	-1.680073e-03	-2.215199e-01
2.779000e-05	-2.338418e-03	-2.721041e-01
2.780000e-05	3.140833e-03	-2.837605e-01
2.781000e-05	2.322788e-02	-3.373597e-01
2.782000e-05	2.261434e-02	-3.694435e-01
2.783000e-05	-4.527389e-02	-4.205265e-01
2.784000e-05	-5.222652e-02	-4.611804e-01
2.785000e-05	4.808959e-02	-4.631067e-01
2.786000e-05	3.582893e-02	-4.942119e-01
2.787000e-05	-3.091723e-02	-5.978750e-01
2.788000e-05	-2.412664e-02	-6.827543e-01
2.789000e-05	7.312200e-02	-7.378583e-01
2.790000e-05	7.953438e-03	-7.588136e-01
2.791000e-05	-4.787043e-02	-8.284726e-01
2.792000e-05	-3.716065e-03	-8.336238e-01
2.793000e-05	2.603605e-02	-8.125930e-01
2.794000e-05	-5.639634e-02	-9.137055e-01
2.795000e-05	4.382122e-02	-9.669384e-01
2.796000e-05	-5.993297e-03	-9.899174e-01
2.797000e-05	-7.808685e-02	-1.051119e+00
2.798000e-05	1.055093e-02	-1.083581e+00
2.799000e-05	7.307135e-02	-1.146259e+00
2.800000e-05	-3.507795e-02	-1.159440e+00
2.801000e-05	-6.501705e-02	-1.199441e+00
2.802000e-05	1.030530e-01	-1.233623e+00
2.803000e-05	1.698432e-02	-1.322733e+00
2.804000e-05	-6.149802e-02	-1.377911e+00
2.805000e-05	-3.418213e-02	-1.421895e+00
2.806000e-05	5.645453e-02	-1.500648e+00
2.807000e-05	-2.297154e-03	-1.537441e+00
2.808000e-05	-2.393027e-02	-1.599486e+00
2.809000e-05	-4.177509e-02	-1.599996e+00
2.810000e-05	4.986954e-02	-1.642178e+00
2.811000e-05	1.904309e-02	-1.664181e+00
2.812000e-05	-5.350980e-02	-1.715303e+00
2.813000e-05	-9.260299e-03	-1.797889e+00
2.814000e-05	3.594326e-02	-1.788989e+00
2.815000e-05	-7.532588e-03	-1.828645e+00
2.816000e-05	-2.249457e-02	-1.902127e+00
2.817000e-05	-4.617128e-03	-1.924732e+00
2.818000e-05	7.643015e-04	-1.957862e+00
2.819000e-05	2.059187e-02	-1.967913e+00
2.820000e-05	-3.071971e-02	-1.999492e+00
2.821000e-05	-8.000120e-03	-2.000569e+00
2.822000e-05	1.152009e-02	-2.022577e+00
2.823000e-05	1.046032e-02	-2.104199e+00
2.824000e-05	-2.352848e-02	-2.146407e+00
2.825000e-05	-4.573603e-03	-2.201568e+00
2.826000e-05	-5.037575e-03	-2.264172e+00
2.827000e-05	1.755496e-02	-2.346353e+00
2.828000e-05	-1.909141e-02	-2.376909e+00
2.829000e-05	-1.290445e-02	-2.409414e+00
2.830000e-05	5.938064e-03	-2.379990e+00
2.831000e-05	1.044982e-02	-2.442098e+00
2.832000e-05	-1.300010e-02	-2.463074e+00
2.833000e-05	-1.613193e-02	-2.493673e+00
2.834000e-05	4.765461e-03	-2.496862e+00
2.835000e-05	1.049679e-02	-2.558837e+00
2.836000e-05	-1.465727e-02	-2.630014e+00
2.837000e-05	-1.593178e-02	-2.650069e+00
2.838000e-05	8.498988e-03	-2.661699e+00
2.839000e-05	1.778929e-03	-2.693302e+00
2.840000e-05	-7.455215e-03	-2.705258e+00
2.841000e-05	-1.571695e-02	-2.767411e+00
2.842000e-05	7.712853e-03	-2.799465e+00
2.843000e-05	3.933692e-03	-2.789991e+00
2.844000e-05	-9.788284e-03	-2.820514e+00
2.845000e-05	-1.292791e-02	-2.851070e+00
2.846000e-05	2.842123e-03	-2.873651e+00
2.847000e-05	2.925137e-04	-2.906229e+00
2.848000e-05	-6.297074e-03	-3.017921e+00
2.849000e-05	-1.307639e-02	-3.019496e+00
2.850000e-05	4.090142e-03	-3.091300e+00
2.851000e-05	1.348717e-03	-3.085256e+00
2.852000e-05	-6.584985e-03	-3.146852e+00
2.853000e-05	-9.672731e-03	-3.177936e+00
2.854000e-05	-2.242114e-03	-3.168435e+00
2.855000e-05	1.789018e-03	-3.210466e+00
2.856000e-05	-8.187142e-03	-3.212041e+00
2.857000e-05	-8.883903e-03	-3.241143e+00
2.858000e-05	-1.415045e-03	-3.263623e+00
2.859000e-05	1.211870e-03	-3.284752e+00
2.860000e-05	-5.396843e-03	-3.326230e+00
2.861000e-05	-7.704783e-03	-3.335856e+00
2.862000e-05	-3.075300e-03	-3.358457e+00
2.863000e-05	1.087005e-03	-3.389938e+00
2.864000e-05	-7.536512e-03	-3.400515e+00
2.865000e-05	-8.130395e-03	-3.442542e+00
2.866000e-05	-5.537085e-03	-3.452123e+00
2.867000e-05	1.716429e-03	-3.462724e+00
2.868000e-05	-6.323239e-03	-3.496699e+00
2.869000e-05	-6.354645e-03	-3.544757e+00
2.870000e-05	-3.495644e-03	-3.537858e+00
2.871000e-05	5.942465e-04	-3.557834e+00
2.872000e-05	-5.896729e-03	-3.587386e+00
2.873000e-05	-8.365058e-03	-3.599460e+00
2.874000e-05	-4.882575e-03	-3.588963e+00
2.875000e-05	-4.318973e-04	-3.600990e+00
2.876000e-05	-5.860280e-03	-3.590968e+00
2.877000e-05	-7.137622e-03	-3.611045e+00
2.878000e-05	-2.654510e-03	-3.610072e+00
2.879000e-05	-1.066722e-03	-3.674195e+00
2.880000e-05	-5.246354e-03	-3.652580e+00
2.881000e-05	-7.961146e-03	-3.714232e+00
2.882000e-05	-3.377641e-03	-3.756335e+00
2.883000e-05	-1.683236e-03	-3.775917e+00
2.884000e-05	-3.607786e-03	-3.810544e+00
2.885000e-05	-7.970524e-03	-3.810571e+00
2.886000e-05	-3.001927e-03	-3.892629e+00
2.887000e-05	-2.909557e-03	-3.862173e+00
2.888000e-05	-4.905616e-03	-3.915200e+00
2.889000e-05	-8.353760e-03	-3.895754e+00
2.890000e-05	-4.444993e-03	-3.966283e+00
2.891000e-05	-1.978050e-03	-3.928408e+00
2.892000e-05	-4.806374e-03	-3.987357e+00
2.893000e-05	-5.902691e-03	-3.978909e+00
2.894000e-05	-3.864970e-03	-4.007960e+00
2.895000e-05	-2.753623e-03	-3.979464e+00
2.896000e-05	-5.153574e-03	-3.969411e+00
2.897000e-05	-7.434514e-03	-3.979438e+00
2.898000e-05	-5.840457e-03	-3.989987e+00
2.899000e-05	-2.711210e-03	-3.988939e+00
2.900000e-05	-4.123146e-03	-4.010465e+00
2.901000e-05	-4.577712e-03	-4.020039e+00
2.902000e-05	-3.226922e-03	-4.000988e+00
2.903000e-05	-2.136494e-03	-4.000038e+00
2.904000e-05	-3.743754e-03	-4.020516e+00
2.905000e-05	-7.335724e-03	-4.001495e+00
2.906000e-05	-5.970950e-03	-4.031064e+00
2.907000e-05	-4.153138e-03	-4.040468e+00
2.908000e-05	-4.748595e-03	-4.051544e+00
2.909000e-05	-5.350589e-03	-4.010514e+00
2.910000e-05	-3.860182e-03	-4.053569e+00
2.911000e-05	-2.260392e-03	-4.022046e+00
2.912000e-05	-3.843891e-03	-4.031141e+00
2.913000e-05	-6.128940e-03	-4.010542e+00
2.914000e-05	-5.584188e-03	-4.071035e+00
2.915000e-05	-5.518092e-03	-4.023048e+00
2.916000e-05	-4.484197e-03	-4.043018e+00
2.917000e-05	-6.712669e-03	-4.061592e+00
2.918000e-05	-3.598285e-03	-4.031547e+00
2.919000e-05	-4.076759e-03	-4.032043e+00
2.920000e-05	-3.744800e-03	-4.012018e+00
2.921000e-05	-4.882752e-03	-4.022518e+00
2.922000e-05	-4.461729e-03	-4.031540e+00
2.923000e-05	-6.365037e-03	-4.033042e+00
2.924000e-05	-4.633451e-03	-4.030543e+00
2.925000e-05	-7.155693e-03	-4.012541e+00
2.926000e-05	-4.214057e-03	-4.001045e+00
2.927000e-05	-5.467371e-03	-4.010514e+00
2.928000e-05	-2.356112e-03	-4.001064e+00
2.929000e-05	-4.348213e-03	-3.999515e+00
2.930000e-05	-4.171702e-03	-4.001015e+00
2.931000e-05	-5.590274e-03	-4.001012e+00
2.932000e-05	-4.934559e-03	-3.990012e+00
2.933000e-05	-5.292028e-03	-3.990512e+00
2.934000e-05	-6.240092e-03	-4.009486e+00
2.935000e-05	-4.045141e-03	-3.989962e+00
2.936000e-05	-4.386291e-03	-3.999387e+00
2.937000e-05	-3.810946e-03	-3.989461e+00
2.938000e-05	-5.220118e-03	-3.999387e+00
2.939000e-05	-5.398126e-03	-3.967836e+00
2.940000e-05	-5.229931e-03	-3.927807e+00
2.941000e-05	-5.059836e-03	-3.937811e+00
2.942000e-05	-3.789471e-03	-3.946733e+00
2.943000e-05	-4.895363e-03	-3.925830e+00
2.944000e-05	-4.466139e-03	-3.884676e+00
2.945000e-05	-4.528590e-03	-3.912673e+00
2.946000e-05	-5.300683e-03	-3.844648e+00
2.947000e-05	-6.309182e-03	-3.808921e+00
2.948000e-05	-5.299340e-03	-3.761864e+00
2.949000e-05	-3.896282e-03	-3.756461e+00
2.950000e-05	-4.873743e-03	-3.755758e+00
2.951000e-05	-3.988842e-03	-3.704281e+00
2.952000e-05	-4.767467e-03	-3.665627e+00
2.953000e-05	-4.421979e-03	-3.642621e+00
2.954000e-05	-6.524861e-03	-3.633145e+00
2.955000e-05	-5.203606e-03	-3.611544e+00
2.956000e-05	-5.011682e-03	-3.610492e+00
2.957000e-05	-3.499148e-03	-3.601515e+00
2.958000e-05	-4.053344e-03	-3.609490e+00
2.959000e-05	-4.041911e-03	-3.589963e+00
2.960000e-05	-4.681842e-03	-3.567413e+00
2.961000e-05	-4.743409e-03	-3.569362e+00
2.962000e-05	-5.627918e-03	-3.537337e+00
2.963000e-05	-4.913200e-03	-3.546811e+00
2.964000e-05	-4.317868e-03	-3.516631e+00
2.965000e-05	-4.213685e-03	-3.454102e+00
2.966000e-05	-3.005910e-03	-3.421570e+00
2.967000e-05	-4.357584e-03	-3.421467e+00
2.968000e-05	-4.356190e-03	-3.410944e+00
2.969000e-05	-5.362480e-03	-3.359941e+00
2.970000e-05	-4.726904e-03	-3.348364e+00
2.971000e-05	-4.938309e-03	-3.325310e+00
2.972000e-05	-4.102801e-03	-3.315682e+00
2.973000e-05	-4.297499e-03	-3.284179e+00
2.974000e-05	-4.206511e-03	-3.234047e+00
2.975000e-05	-3.137256e-03	-3.201998e+00
2.976000e-05	-4.647961e-03	-3.219468e+00
2.977000e-05	-5.045970e-03	-3.199414e+00
2.978000e-05	-5.537617e-03	-3.176815e+00
2.979000e-05	-4.251854e-03	-3.187866e+00
2.980000e-05	-5.031474e-03	-3.114760e+00
2.981000e-05	-4.143933e-03	-3.063529e+00
2.982000e-05	-4.086262e-03	-3.082603e+00
2.983000e-05	-3.222302e-03	-2.998394e+00
2.984000e-05	-4.097052e-03	-2.926289e+00
2.985000e-05	-4.217754e-03	-2.904661e+00
2.986000e-05	-5.115706e-03	-2.833128e+00
2.987000e-05	-5.532028e-03	-2.800578e+00
2.988000e-05	-5.446451e-03	-2.800469e+00
2.989000e-05	-4.426180e-03	-2.800995e+00
2.990000e-05	-3.310051e-03	-2.759442e+00
2.991000e-05	-4.612136e-03	-2.728315e+00
2.992000e-05	-4.198074e-03	-2.716737e+00
2.993000e-05	-3.642931e-03	-2.673679e+00
2.994000e-05	-4.584190e-03	-2.663101e+00
2.995000e-05	-4.827078e-03	-2.591022e+00
2.996000e-05	-5.047761e-03	-2.596915e+00
2.997000e-05	-3.942140e-03	-2.518339e+00
2.998000e-05	-4.809811e-03	-2.504212e+00
2.999000e-05	-4.896957e-03	-2.461655e+00
3.000000e-05	-4.522853e-03	-2.442553e+00
3.001000e-05	-4.626119e-03	-2.421993e+00
3.002000e-05	-4.828917e-03	-2.420443e+00
3.003000e-05	-4.332149e-03	-2.378443e+00
3.004000e-05	-4.743153e-03	-2.337364e+00
3.005000e-05	-3.447847e-03	-2.294758e+00
3.006000e-05	-4.106666e-03	-2.272579e+00
3.007000e-05	-4.122345e-03	-2.210449e+00
3.008000e-05	-4.052892e-03	-2.117791e+00
3.009000e-05	-5.510237e-03	-2.054704e+00
3.010000e-05	-5.488712e-03	-2.031047e+00
3.011000e-05	-5.401395e-03	-1.999995e+00
3.012000e-05	-3.558475e-03	-1.998994e+00
3.013000e-05	-4.692074e-03	-1.978941e+00
3.014000e-05	-3.391467e-03	-1.916290e+00
3.015000e-05	-3.877998e-03	-1.915259e+00
3.016000e-05	-2.951501e-03	-1.852052e+00
3.017000e-05	-5.096065e-03	-1.830024e+00
3.018000e-05	-5.189926e-03	-1.789975e+00
3.019000e-05	-5.624167e-03	-1.747870e+00
3.020000e-05	-5.055254e-03	-1.676288e+00
3.021000e-05	-4.293952e-03	-1.623682e+00
3.022000e-05	-3.765279e-03	-1.652075e+00
3.023000e-05	-2.940856e-03	-1.611030e+00
3.024000e-05	-4.134713e-03	-1.578998e+00
3.025000e-05	-4.215749e-03	-1.548391e+00
3.026000e-05	-4.695099e-03	-1.524584e+00
3.027000e-05	-4.871036e-03	-1.431876e+00
3.028000e-05	-5.166589e-03	-1.315367e+00
3.029000e-05	-3.430218e-03	-1.292588e+00
3.030000e-05	-4.303419e-03	-1.242634e+00
3.031000e-05	-2.625448e-03	-1.200498e+00
3.032000e-05	-4.056459e-03	-1.188447e+00
3.033000e-05	-3.139133e-03	-1.125718e+00
3.034000e-05	-4.600851e-03	-1.093111e+00
3.035000e-05	-3.325753e-03	-1.032526e+00
3.036000e-05	-4.652526e-03	-9.999500e-01
3.037000e-05	-4.179922e-03	-9.883986e-01
3.038000e-05	-3.700294e-03	-8.757922e-01
3.039000e-05	-3.934170e-03	-8.816066e-01
3.040000e-05	-4.121859e-03	-8.320541e-01
3.041000e-05	-3.570531e-03	-8.210026e-01
3.042000e-05	-3.484518e-03	-7.784213e-01
3.043000e-05	-4.116259e-03	-7.678472e-01
3.044000e-05	-4.515774e-03	-7.137370e-01
3.045000e-05	-3.594373e-03	-6.430341e-01
3.046000e-05	-3.654789e-03	-5.694996e-01
3.047000e-05	-4.594297e-03	-4.647680e-01
3.048000e-05	-3.514346e-03	-4.421618e-01
3.049000e-05	-4.089158e-03	-4.105026e-01
3.050000e-05	-4.008912e-03	-4.094763e-01
3.051000e-05	-4.406314e-03	-3.694223e-01
3.052000e-05	-3.887836e-03	-3.063447e-01
3.053000e-05	-3.077141e-03	-2.542894e-01
3.054000e-05	-4.061499e-03	-2.115578e-01
3.055000e-05	-3.273906e-03	-1.810752e-01
3.056000e-05	-4.714397e-03	-1.468447e-01
3.057000e-05	-3.915655e-03	-1.052919e-01
3.058000e-05	-3.649224e-03	-6.411559e-02
3.059000e-05	-2.211194e-03	-5.203170e-02
3.060000e-05	-2.000890e-03	-9.977685e-03
3.061000e-05	-1.775802e-03	1.005013e-02
3.062000e-05	-2.259309e-03	3.257539e-02
3.063000e-05	-2.109256e-03	7.375922e-02
3.064000e-05	-2.942018e-03	1.473182e-01
3.065000e-05	5.290424e-04	2.511438e-01
3.066000e-05	9.653396e-03	3.027316e-01
3.067000e-05	2.284490e-02	3.468859e-01
3.068000e-05	-2.050515e-02	3.794399e-01
3.069000e-05	-6.208022e-02	4.115224e-01
3.070000e-05	1.117182e-02	4.216514e-01
3.071000e-05	3.378560e-02	4.441815e-01
3.072000e-05	2.150812e-02	5.453607e-01
3.073000e-05	-9.453785e-02	5.794911e-01
3.074000e-05	4.925754e-02	6.114926e-01
3.075000e-05	4.424126e-02	6.711490e-01
3.076000e-05	-3.566914e-02	7.058067e-01
3.077000e-05	-6.117620e-03	7.372382e-01
3.078000e-05	-2.182771e-02	7.689662e-01
3.079000e-05	2.125448e-02	7.990714e-01
3.080000e-05	-1.807235e-02	8.420714e-01
3.081000e-05	4.994987e-02	8.332295e-01
3.082000e-05	-5.850377e-02	9.744598e-01
3.083000e-05	-2.688328e-02	1.009603e+00
3.084000e-05	5.374153e-02	1.084800e+00
3.085000e-05	2.478343e-02	1.145332e+00
3.086000e-05	-9.144215e-02	1.198839e+00
3.087000e-05	1.795148e-02	1.200069e+00
3.088000e-05	5.325777e-02	1.252126e+00
3.089000e-05	-5.685575e-03	1.324253e+00
3.090000e-05	-5.605337e-02	1.358437e+00
3.091000e-05	6.171540e-03	1.378942e+00
3.092000e-05	3.781411e-02	1.421595e+00
3.093000e-05	-8.364784e-03	1.464149e+00
3.094000e-05	-3.010922e-02	1.568361e+00
3.095000e-05	-1.594310e-03	1.618672e+00
3.096000e-05	3.906126e-02	1.714195e+00
3.097000e-05	-2.257338e-02	1.705278e+00
3.098000e-05	-1.324904e-02	1.755408e+00
3.099000e-05	-4.974574e-03	1.778958e+00
3.100000e-05	1.788319e-02	1.768542e+00
3.101000e-05	-1.121786e-02	1.842144e+00
3.102000e-05	2.287871e-03	1.824151e+00
3.103000e-05	-1.772713e-02	1.896384e+00
3.104000e-05	1.761709e-02	1.957409e+00
3.105000e-05	-1.238717e-03	1.987464e+00
3.106000e-05	-1.103456e-02	2.000491e+00
3.107000e-05	-8.973018e-03	2.020996e+00
3.108000e-05	1.469095e-02	2.094096e+00
3.109000e-05	-2.193369e-03	2.094780e+00
3.110000e-05	-9.492919e-03	2.124807e+00
3.111000e-05	-5.477114e-03	2.178937e+00
3.112000e-05	5.576021e-03	2.199989e+00
3.113000e-05	3.555930e-03	2.252620e+00
3.114000e-05	-1.257219e-02	2.282700e+00
3.115000e-05	-2.179953e-03	2.336883e+00
3.116000e-05	3.579072e-03	2.349483e+00
3.117000e-05	6.040591e-03	2.378892e+00
3.118000e-05	-1.626040e-02	2.378965e+00
3.119000e-05	-1.698573e-03	2.401492e+00
3.120000e-05	4.349713e-03	2.421973e+00
3.121000e-05	4.801199e-03	2.423173e+00
3.122000e-05	-1.481593e-02	2.535354e+00
3.123000e-05	-4.190406e-06	2.648418e+00
3.124000e-05	2.883459e-03	2.643547e+00
3.125000e-05	3.555395e-03	2.724751e+00
3.126000e-05	-1.247814e-02	2.777806e+00
3.127000e-05	-1.535532e-03	2.780957e+00
3.128000e-05	4.041099e-03	2.788964e+00
3.129000e-05	6.985563e-04	2.810967e+00
3.130000e-05	-9.138106e-03	2.830593e+00
3.131000e-05	-4.328176e-03	2.853119e+00
3.132000e-05	4.331638e-03	2.892203e+00
3.133000e-05	3.086112e-04	2.966296e+00
3.134000e-05	-6.196865e-03	2.936783e+00
3.135000e-05	-4.251864e-03	2.969486e+00
3.136000e-05	4.295074e-03	3.010911e+00
3.137000e-05	-9.838280e-04	3.021540e+00
3.138000e-05	-4.581539e-03	3.033023e+00
3.139000e-05	-6.558215e-03	3.063672e+00
3.140000e-05	3.823823e-03	3.084650e+00
3.141000e-05	-1.575939e-03	3.145834e+00
3.142000e-05	-2.791887e-03	3.156382e+00
3.143000e-05	-4.265493e-03	3.167958e+00
3.144000e-05	4.020965e-03	3.188937e+00
3.145000e-05	-8.229480e-04	3.209462e+00
3.146000e-05	-4.131225e-03	3.222116e+00
3.147000e-05	-5.129992e-03	3.222565e+00
3.148000e-05	1.111031e-03	3.254173e+00
3.149000e-05	-5.750155e-05	3.302703e+00
3.150000e-05	-2.460542e-03	3.345832e+00
3.151000e-05	-2.885568e-03	3.377411e+00
3.152000e-05	9.562849e-04	3.368439e+00
3.153000e-05	5.153259e-04	3.452566e+00
3.154000e-05	-4.548802e-03	3.473169e+00
3.155000e-05	-4.360740e-03	3.497723e+00
3.156000e-05	5.454288e-04	3.516327e+00
3.157000e-05	4.999763e-04	3.567907e+00
3.158000e-05	-2.140797e-03	3.598382e+00
3.159000e-05	-2.498900e-03	3.599463e+00
3.160000e-05	2.939895e-03	3.599990e+00
3.161000e-05	-5.667271e-04	3.600515e+00
3.162000e-05	-3.288919e-03	3.620991e+00
3.163000e-05	-3.980029e-03	3.611492e+00
3.164000e-05	1.005088e-03	3.630618e+00
3.165000e-05	-1.032921e-04	3.651644e+00
3.166000e-05	-2.139092e-03	3.653145e+00
3.167000e-05	-2.274634e-03	3.653245e+00
3.168000e-05	1.489300e-03	3.667723e+00
3.169000e-05	3.782294e-05	3.756309e+00
3.170000e-05	-3.363194e-03	3.754885e+00
3.171000e-05	-3.346392e-03	3.747381e+00
3.172000e-05	-1.652073e-03	3.747383e+00
3.173000e-05	4.874583e-04	3.789012e+00
3.174000e-05	-1.243651e-03	3.810387e+00
3.175000e-05	-1.311355e-03	3.790515e+00
3.176000e-05	5.895993e-04	3.780516e+00
3.177000e-05	1.017124e-03	3.812543e+00
3.178000e-05	-2.576143e-03	3.840591e+00
3.179000e-05	-3.261543e-03	3.832571e+00
3.180000e-05	-1.620662e-03	3.861620e+00
3.181000e-05	-3.701518e-04	3.895149e+00
3.182000e-05	-2.090672e-03	3.862645e+00
3.183000e-05	-1.833324e-03	3.885544e+00
3.184000e-05	1.402366e-03	3.874792e+00
3.185000e-05	-3.201637e-04	3.913769e+00
3.186000e-05	-2.123062e-03	3.875198e+00
3.187000e-05	-2.721889e-03	3.926723e+00
3.188000e-05	-1.282902e-03	3.856302e+00
3.189000e-05	-1.310104e-03	3.909250e+00
3.190000e-05	-1.618220e-03	3.936900e+00
3.191000e-05	-2.711343e-03	3.917778e+00
3.192000e-05	1.112779e-03	3.948357e+00
3.193000e-05	-5.198038e-04	3.947307e+00
3.194000e-05	-2.040819e-03	3.936804e+00
3.195000e-05	-2.592982e-03	3.917286e+00
3.196000e-05	-1.750889e-04	3.948354e+00
3.197000e-05	-2.352802e-03	3.957407e+00
3.198000e-05	-2.888955e-03	3.948260e+00
3.199000e-05	-2.191467e-04	3.957881e+00
3.200000e-05	-9.474329e-04	3.958311e+00
3.201000e-05	-4.666997e-04	3.937406e+00
3.202000e-05	-2.639189e-03	3.968885e+00
3.203000e-05	-1.456844e-03	3.937981e+00
3.204000e-05	-1.936955e-04	3.938984e+00
3.205000e-05	-1.541575e-03	3.957911e+00
3.206000e-05	-1.969819e-03	3.907883e+00
3.207000e-05	1.290607e-04	3.905835e+00
3.208000e-05	-6.778967e-04	3.906708e+00
3.209000e-05	-1.757746e-03	3.947379e+00
3.210000e-05	-2.382615e-03	3.935756e+00
3.211000e-05	-1.072599e-03	3.895856e+00
3.212000e-05	-9.924836e-04	3.926326e+00
3.213000e-05	-1.112503e-03	3.915228e+00
3.214000e-05	-1.713149e-03	3.867202e+00
3.215000e-05	-5.796990e-04	3.884329e+00
3.216000e-05	-1.059029e-03	3.834227e+00
3.217000e-05	-8.068988e-04	3.852601e+00
3.218000e-05	-3.066448e-03	3.842672e+00
3.219000e-05	-5.124676e-04	3.832070e+00
3.220000e-05	-2.057689e-03	3.851068e+00
3.221000e-05	-7.700393e-04	3.852641e+00
3.222000e-05	-2.740299e-03	3.811568e+00
3.223000e-05	-1.444622e-03	3.851023e+00
3.224000e-05	-1.106788e-03	3.801464e+00
3.225000e-05	3.786632e-05	3.810941e+00
3.226000e-05	-1.788929e-03	3.759460e+00
3.227000e-05	-8.560657e-04	3.779915e+00
3.228000e-05	-1.102576e-03	3.799936e+00
3.229000e-05	-1.277019e-03	3.759360e+00
3.230000e-05	-1.799456e-03	3.738384e+00
3.231000e-05	-1.927937e-03	3.746330e+00
3.232000e-05	-7.180694e-04	3.706732e+00
3.233000e-05	-1.391694e-03	3.664275e+00
3.234000e-05	-1.603993e-03	3.695098e+00
3.235000e-05	-4.518514e-04	3.614072e+00
3.236000e-05	-1.086792e-03	3.632048e+00
3.237000e-05	-3.559607e-04	3.630595e+00
3.238000e-05	-2.268213e-03	3.630993e+00
3.239000e-05	-1.565543e-03	3.590493e+00
3.240000e-05	-9.733703e-04	3.590516e+00
3.241000e-05	-1.063268e-03	3.589964e+00
3.242000e-05	-2.452084e-03	3.598936e+00
3.243000e-05	-2.485647e-03	3.558939e+00
3.244000e-05	-9.013912e-04	3.548385e+00
3.245000e-05	-8.413308e-04	3.585855e+00
3.246000e-05	-1.890514e-03	3.496328e+00
3.247000e-05	-1.699285e-03	3.455296e+00
3.248000e-05	-1.477560e-03	3.432468e+00
3.249000e-05	-8.820472e-04	3.350016e+00
3.250000e-05	-1.833066e-03	3.357941e+00
3.251000e-05	-2.080183e-03	3.335312e+00
3.252000e-05	-1.501917e-03	3.285182e+00
3.253000e-05	-1.689370e-03	3.231120e+00
3.254000e-05	-2.286176e-03	3.241548e+00
3.255000e-05	-2.253284e-03	3.211018e+00
3.256000e-05	-1.803655e-03	3.199966e+00
3.257000e-05	-1.532523e-03	3.189989e+00
3.258000e-05	-2.387678e-03	3.189987e+00
3.259000e-05	-2.249101e-03	3.157410e+00
3.260000e-05	-1.652459e-03	3.105786e+00
3.261000e-05	-2.527145e-03	3.066754e+00
3.262000e-05	-1.717178e-03	3.032673e+00
3.263000e-05	-2.552046e-03	3.020574e+00
3.264000e-05	-2.035078e-03	3.001016e+00
3.265000e-05	-1.993849e-03	3.009939e+00
3.266000e-05	-1.081906e-03	2.968963e+00
3.267000e-05	-2.461396e-03	2.947335e+00
3.268000e-05	-6.289731e-04	2.926781e+00
3.269000e-05	-2.715088e-03	2.875257e+00
3.270000e-05	-1.947394e-03	2.822098e+00
3.271000e-05	-2.164882e-03	2.811046e+00
3.272000e-05	-1.742801e-03	2.821070e+00
3.273000e-05	-2.729512e-03	2.798943e+00
3.274000e-05	-2.317990e-03	2.768962e+00
3.275000e-05	-1.881498e-03	2.758312e+00
3.276000e-05	-2.147904e-03	2.707236e+00
3.277000e-05	-2.393765e-03	2.663704e+00
3.278000e-05	-2.401479e-03	2.581000e+00
3.279000e-05	-1.674503e-03	2.526887e+00
3.280000e-05	-2.578660e-03	2.484227e+00
3.281000e-05	-2.654092e-03	2.452178e+00
3.282000e-05	-2.002370e-03	2.430601e+00
3.283000e-05	-2.686538e-03	2.409973e+00
3.284000e-05	-3.023043e-03	2.379486e+00
3.285000e-05	-2.345863e-03	2.368314e+00
3.286000e-05	-2.089754e-03	2.314833e+00
3.287000e-05	-1.705083e-03	2.234179e+00
3.288000e-05	-2.549359e-03	2.253551e+00
3.289000e-05	-2.225675e-03	2.231593e+00
3.290000e-05	-2.673249e-03	2.190844e+00
3.291000e-05	-2.273453e-03	2.128840e+00
3.292000e-05	-2.648829e-03	2.156280e+00
3.293000e-05	-2.253828e-03	2.034108e+00
3.294000e-05	-2.263943e-03	2.041149e+00
3.295000e-05	-2.310549e-03	2.020021e+00
3.296000e-05	-1.657173e-03	1.997473e+00
3.297000e-05	-3.116472e-03	1.967888e+00
3.298000e-05	-1.262465e-03	1.918264e+00
3.299000e-05	-2.818494e-03	1.923707e+00
3.300000e-05	-2.034588e-03	1.802078e+00
3.301000e-05	-3.145552e-03	1.818370e+00
3.302000e-05	-1.890883e-03	1.737869e+00
3.303000e-05	-2.490350e-03	1.715362e+00
3.304000e-05	-3.111701e-03	1.655662e+00
3.305000e-05	-2.645262e-03	1.695099e+00
3.306000e-05	-1.812817e-03	1.580553e+00
3.307000e-05	-3.211100e-03	1.545974e+00
3.308000e-05	-2.185147e-03	1.494282e+00
3.309000e-05	-3.551822e-03	1.424077e+00
3.310000e-05	-2.512223e-03	1.391529e+00
3.311000e-05	-3.691193e-03	1.359920e+00
3.312000e-05	-2.551598e-03	1.325863e+00
3.313000e-05	-3.821456e-03	1.275211e+00
3.314000e-05	-2.908938e-03	1.253004e+00
3.315000e-05	-3.461669e-03	1.209978e+00
3.316000e-05	-1.972857e-03	1.180471e+00
3.317000e-05	-3.244174e-03	1.116336e+00
3.318000e-05	-2.344609e-03	1.042132e+00
3.319000e-05	-3.081697e-03	1.028877e+00
3.320000e-05	-2.785073e-03	9.143107e-01
3.321000e-05	-3.956099e-03	8.357354e-01
3.322000e-05	-2.320191e-03	8.100578e-01
3.323000e-05	-3.232245e-03	8.100238e-01
3.324000e-05	-2.976829e-03	7.489425e-01
3.325000e-05	-3.268038e-03	7.688407e-01
3.326000e-05	-3.032059e-03	6.546844e-01
3.327000e-05	-3.032876e-03	6.410779e-01
3.328000e-05	-3.482536e-03	6.109263e-01
3.329000e-05	-3.671024e-03	5.574987e-01
3.330000e-05	-3.629274e-03	5.267620e-01
3.331000e-05	-3.660328e-03	4.451356e-01
3.332000e-05	-3.517911e-03	4.125803e-01
3.333000e-05	-3.599769e-03	4.200039e-01
3.334000e-05	-3.457094e-03	3.890236e-01
3.335000e-05	-3.070938e-03	3.698684e-01
3.336000e-05	-3.488768e-03	2.956879e-01
3.337000e-05	-3.597640e-03	2.335577e-01
3.338000e-05	-3.873025e-03	1.594527e-01
3.339000e-05	-3.140416e-03	9.624428e-02
3.340000e-05	-3.889930e-03	6.058401e-02
3.341000e-05	-4.118885e-03	3.105488e-02
3.342000e-05	-3.005402e-03	-1.005131e-02
3.343000e-05	-2.439378e-03	-3.110282e-02
3.344000e-05	-2.328786e-03	-5.318434e-02
3.345000e-05	-1.534942e-03	-1.153368e-01
3.346000e-05	-1.064722e-03	-1.793435e-01
3.347000e-05	-1.906396e-03	-1.804974e-01
3.348000e-05	-2.545300e-03	-2.316778e-01
3.349000e-05	-1.687126e-03	-2.838019e-01
3.350000e-05	8.788911e-03	-3.046882e-01
3.351000e-05	3.173521e-02	-3.378634e-01
3.352000e-05	-1.387038e-02	-4.104974e-01
3.353000e-05	-7.752515e-02	-4.506015e-01
3.354000e-05	2.046143e-02	-4.631517e-01
3.355000e-05	2.243995e-02	-4.537054e-01
3.356000e-05	3.728818e-02	-5.457408e-01
3.357000e-05	-9.262387e-02	-6.621276e-01
3.358000e-05	5.760605e-02	-7.357318e-01
3.359000e-05	4.805912e-02	-7.548109e-01
3.360000e-05	-4.807939e-02	-7.989460e-01
3.361000e-05	-3.493003e-03	-8.490489e-01
3.362000e-05	-1.744111e-02	-8.315989e-01
3.363000e-05	2.031068e-02	-8.626041e-01
3.364000e-05	-3.716332e-02	-9.257857e-01
3.365000e-05	6.880220e-02	-9.884672e-01
3.366000e-05	-7.003197e-02	-9.990426e-01
3.367000e-05	-4.500295e-02	-1.093625e+00
3.368000e-05	6.553790e-02	-1.093735e+00
3.369000e-05	4.002164e-02	-1.148387e+00
3.370000e-05	-1.117886e-01	-1.188442e+00
3.371000e-05	2.274214e-02	-1.191070e+00
3.372000e-05	7.182710e-02	-1.264655e+00
3.373000e-05	-2.922885e-02	-1.324237e+00
3.374000e-05	-6.403563e-02	-1.407371e+00
3.375000e-05	2.128730e-02	-1.421700e+00
3.376000e-05	4.065917e-02	-1.555333e+00
3.377000e-05	-1.744470e-02	-1.568437e+00
3.378000e-05	-3.624925e-02	-1.570990e+00
3.379000e-05	-7.081599e-03	-1.620548e+00
3.380000e-05	6.250314e-02	-1.674149e+00
3.381000e-05	-3.765872e-02	-1.694233e+00
3.382000e-05	-3.518844e-02	-1.746314e+00
3.383000e-05	1.366301e-02	-1.768915e+00
3.384000e-05	2.893690e-02	-1.799543e+00
3.385000e-05	-3.058696e-02	-1.851646e+00
3.386000e-05	-1.036136e-03	-1.883205e+00
3.387000e-05	-1.449533e-02	-1.913836e+00
3.388000e-05	2.363991e-02	-1.976915e+00
3.389000e-05	-7.359727e-03	-1.999465e+00
3.390000e-05	-2.670867e-02	-1.989942e+00
3.391000e-05	1.840782e-03	-2.021596e+00
3.392000e-05	1.631184e-02	-2.082629e+00
3.393000e-05	-9.229565e-03	-2.063805e+00
3.394000e-05	-1.705518e-02	-2.135485e+00
3.395000e-05	-6.052923e-03	-2.211016e+00
3.396000e-05	7.930836e-03	-2.312202e+00
3.397000e-05	6.922892e-03	-2.347282e+00
3.398000e-05	-2.774730e-02	-2.398436e+00
3.399000e-05	1.753026e-03	-2.399940e+00
3.400000e-05	5.626771e-03	-2.410595e+00
3.401000e-05	3.588896e-03	-2.432617e+00
3.402000e-05	-2.333855e-02	-2.493677e+00
3.403000e-05	-4.749881e-03	-2.454306e+00
3.404000e-05	8.790704e-03	-2.545836e+00
3.405000e-05	3.152569e-03	-2.597963e+00
3.406000e-05	-2.387011e-02	-2.621616e+00
3.407000e-05	2.175754e-04	-2.611553e+00
3.408000e-05	4.751448e-03	-2.703730e+00
3.409000e-05	-2.408576e-04	-2.715258e+00
3.410000e-05	-1.709216e-02	-2.737336e+00
3.411000e-05	-5.686559e-03	-2.798461e+00
3.412000e-05	9.899960e-03	-2.799489e+00
3.413000e-05	-3.898528e-03	-2.830045e+00
3.414000e-05	-1.477856e-02	-2.830574e+00
3.415000e-05	-6.323908e-03	-2.841573e+00
3.416000e-05	4.959714e-03	-2.915274e+00
3.417000e-05	-1.968123e-03	-2.925141e+00
3.418000e-05	-1.139135e-02	-2.978937e+00
3.419000e-05	-5.548378e-03	-3.060543e+00
3.420000e-05	6.026434e-03	-3.105333e+00
3.421000e-05	-4.182174e-03	-3.136881e+00
3.422000e-05	-9.422102e-03	-3.158962e+00
3.423000e-05	-8.863011e-03	-3.197461e+00
3.424000e-05	3.140180e-03	-3.190989e+00
3.425000e-05	-2.161247e-03	-3.230494e+00
3.426000e-05	-9.585090e-03	-3.230596e+00
3.427000e-05	-6.486023e-03	-3.263597e+00
3.428000e-05	2.293845e-03	-3.295098e+00
3.429000e-05	-2.033657e-03	-3.334781e+00
3.430000e-05	-8.094106e-03	-3.325807e+00
3.431000e-05	-7.823347e-03	-3.338382e+00
3.432000e-05	1.274388e-03	-3.378412e+00
3.433000e-05	-2.514553e-03	-3.387991e+00
3.434000e-05	-7.620464e-03	-3.400566e+00
3.435000e-05	-6.863677e-03	-3.422495e+00
3.436000e-05	-8.749846e-04	-3.442699e+00
3.437000e-05	-2.485314e-04	-3.494125e+00
3.438000e-05	-8.988966e-03	-3.505382e+00
3.439000e-05	-6.029981e-03	-3.537255e+00
3.440000e-05	-2.181098e-03	-3.547407e+00
3.441000e-05	-1.354652e-03	-3.548412e+00
3.442000e-05	-7.441869e-03	-3.568940e+00
3.443000e-05	-7.382783e-03	-3.598985e+00
3.444000e-05	-1.775802e-03	-3.620490e+00
3.445000e-05	-2.213081e-03	-3.601039e+00
3.446000e-05	-6.972068e-03	-3.671022e+00
3.447000e-05	-6.558813e-03	-3.632593e+00
3.448000e-05	-3.421144e-03	-3.682571e+00
3.449000e-05	-2.091263e-03	-3.663149e+00
3.450000e-05	-6.960719e-03	-3.723703e+00
3.451000e-05	-5.457240e-03	-3.673803e+00
3.452000e-05	-3.357007e-03	-3.806862e+00
3.453000e-05	-3.365439e-03	-3.828008e+00
3.454000e-05	-6.465895e-03	-3.821888e+00
3.455000e-05	-5.547022e-03	-3.903194e+00
3.456000e-05	-3.028343e-03	-3.872673e+00
3.457000e-05	-2.907984e-03	-3.883150e+00
3.458000e-05	-6.279020e-03	-3.906303e+00
3.459000e-05	-5.747985e-03	-3.938203e+00
3.460000e-05	-3.470858e-03	-3.935310e+00
3.461000e-05	-3.133675e-03	-3.949362e+00
3.462000e-05	-5.536446e-03	-3.989484e+00
3.463000e-05	-6.433037e-03	-3.987910e+00
3.464000e-05	-3.198809e-03	-3.979437e+00
3.465000e-05	-3.447409e-03	-3.969462e+00
3.466000e-05	-5.609825e-03	-3.989961e+00
3.467000e-05	-5.745507e-03	-3.990012e+00
3.468000e-05	-2.701073e-03	-4.000013e+00
3.469000e-05	-4.333689e-03	-3.979989e+00
3.470000e-05	-6.011985e-03	-4.000016e+00
3.471000e-05	-6.773246e-03	-3.999964e+00
3.472000e-05	-3.587291e-03	-4.019989e+00
3.473000e-05	-2.998702e-03	-4.000993e+00
3.474000e-05	-5.564085e-03	-4.020991e+00
3.475000e-05	-4.266009e-03	-4.022015e+00
3.476000e-05	-5.031116e-03	-4.012017e+00
3.477000e-05	-3.944190e-03	-4.022519e+00
3.478000e-05	-6.826417e-03	-4.011491e+00
3.479000e-05	-4.478136e-03	-4.031040e+00
3.480000e-05	-3.810280e-03	-4.002043e+00
3.481000e-05	-2.245255e-03	-4.051118e+00
3.482000e-05	-4.884254e-03	-4.032492e+00
3.483000e-05	-4.785084e-03	-4.011570e+00
3.484000e-05	-4.950709e-03	-4.012069e+00
3.485000e-05	-3.208326e-03	-4.010066e+00
3.486000e-05	-7.022432e-03	-4.041020e+00
3.487000e-05	-3.401518e-03	-4.030620e+00
3.488000e-05	-4.768133e-03	-4.033043e+00
3.489000e-05	-2.767592e-03	-4.032541e+00
3.490000e-05	-4.615160e-03	-4.031565e+00
3.491000e-05	-5.551686e-03	-4.042543e+00
3.492000e-05	-2.433160e-03	-4.012541e+00
3.493000e-05	-5.329708e-03	-4.021515e+00
3.494000e-05	-5.637373e-03	-4.031093e+00
3.495000e-05	-6.425964e-03	-4.012020e+00
3.496000e-05	-4.169813e-03	-4.020993e+00
3.497000e-05	-4.228153e-03	-4.000513e+00
3.498000e-05	-4.783689e-03	-4.021016e+00
3.499000e-05	-5.255833e-03	-4.000516e+00
3.500000e-05	-2.509320e-03	-3.990988e+00
3.501000e-05	-3.790423e-03	-3.990464e+00
3.502000e-05	-5.737499e-03	-4.000990e+00
3.503000e-05	-5.265077e-03	-4.010488e+00
3.504000e-05	-4.990315e-03	-3.999513e+00
3.505000e-05	-4.311646e-03	-3.998935e+00
3.506000e-05	-5.515517e-03	-3.979437e+00
3.507000e-05	-4.034959e-03	-3.989485e+00
3.508000e-05	-3.551259e-03	-3.988937e+00
3.509000e-05	-2.100461e-03	-3.967912e+00
3.510000e-05	-5.635886e-03	-3.938937e+00
3.511000e-05	-5.461026e-03	-3.946786e+00
3.512000e-05	-5.053015e-03	-3.934707e+00
3.513000e-05	-4.517774e-03	-3.927206e+00
3.514000e-05	-5.727472e-03	-3.895626e+00
3.515000e-05	-4.042905e-03	-3.853048e+00
3.516000e-05	-3.820252e-03	-3.832044e+00
3.517000e-05	-3.292092e-03	-3.808342e+00
3.518000e-05	-4.551258e-03	-3.780464e+00
3.519000e-05	-5.262820e-03	-3.796336e+00
3.520000e-05	-4.946423e-03	-3.716353e+00
3.521000e-05	-4.653888e-03	-3.665633e+00
3.522000e-05	-5.837698e-03	-3.642601e+00
3.523000e-05	-5.035489e-03	-3.694096e+00
3.524000e-05	-4.720780e-03	-3.601015e+00
3.525000e-05	-3.838074e-03	-3.601023e+00
3.526000e-05	-5.148093e-03	-3.610495e+00
3.527000e-05	-5.639134e-03	-3.610466e+00
3.528000e-05	-4.251382e-03	-3.579988e+00
3.529000e-05	-4.264968e-03	-3.599966e+00
3.530000e-05	-5.239959e-03	-3.549389e+00
3.531000e-05	-4.437383e-03	-3.549361e+00
3.532000e-05	-4.461371e-03	-3.527312e+00
3.533000e-05	-4.135004e-03	-3.508182e+00
3.534000e-05	-5.111780e-03	-3.474228e+00
3.535000e-05	-4.005365e-03	-3.474050e+00
3.536000e-05	-4.001538e-03	-3.412549e+00
3.537000e-05	-5.330937e-03	-3.431993e+00
3.538000e-05	-5.146216e-03	-3.400891e+00
3.539000e-05	-5.355758e-03	-3.369364e+00
3.540000e-05	-3.225868e-03	-3.337937e+00
3.541000e-05	-4.207791e-03	-3.296261e+00
3.542000e-05	-4.498117e-03	-3.284681e+00
3.543000e-05	-4.270928e-03	-3.245098e+00
3.544000e-05	-4.106012e-03	-3.243099e+00
3.545000e-05	-4.598985e-03	-3.191019e+00
3.546000e-05	-6.047974e-03	-3.209468e+00
3.547000e-05	-4.520123e-03	-3.199441e+00
3.548000e-05	-4.405762e-03	-3.168314e+00
3.549000e-05	-3.613927e-03	-3.137334e+00
3.550000e-05	-4.404081e-03	-3.116710e+00
3.551000e-05	-3.825830e-03	-2.993580e+00
3.552000e-05	-5.126179e-03	-3.001622e+00
3.553000e-05	-4.532713e-03	-2.961896e+00
3.554000e-05	-3.511109e-03	-2.866812e+00
3.555000e-05	-3.530953e-03	-2.886153e+00
3.556000e-05	-4.756176e-03	-2.832579e+00
3.557000e-05	-5.144286e-03	-2.830048e+00
3.558000e-05	-4.022233e-03	-2.799994e+00
3.559000e-05	-3.821082e-03	-2.799491e+00
3.560000e-05	-4.165425e-03	-2.768865e+00
3.561000e-05	-5.137555e-03	-2.738287e+00
3.562000e-05	-2.666198e-03	-2.665184e+00
3.563000e-05	-3.908763e-03	-2.673084e+00
3.564000e-05	-4.526838e-03	-2.631024e+00
3.565000e-05	-5.862223e-03	-2.580920e+00
3.566000e-05	-4.817492e-03	-2.538366e+00
3.567000e-05	-3.230536e-03	-2.555335e+00
3.568000e-05	-4.024498e-03	-2.485231e+00
3.569000e-05	-4.236382e-03	-2.430632e+00
3.570000e-05	-4.501196e-03	-2.431050e+00
3.571000e-05	-3.989411e-03	-2.430496e+00
3.572000e-05	-5.325699e-03	-2.379419e+00
3.573000e-05	-5.591634e-03	-2.359391e+00
3.574000e-05	-4.337583e-03	-2.347864e+00
3.575000e-05	-3.401802e-03	-2.295053e+00
3.576000e-05	-2.720782e-03	-2.209504e+00
3.577000e-05	-5.620755e-03	-2.098315e+00
3.578000e-05	-4.116281e-03	-2.096309e+00
3.579000e-05	-5.229784e-03	-2.053131e+00
3.580000e-05	-3.941207e-03	-1.991000e+00
3.581000e-05	-6.307041e-03	-2.001498e+00
3.582000e-05	-3.707831e-03	-1.988444e+00
3.583000e-05	-4.076683e-03	-1.928816e+00
3.584000e-05	-3.115928e-03	-1.886262e+00
3.585000e-05	-5.316362e-03	-1.874208e+00
3.586000e-05	-4.427377e-03	-1.831028e+00
3.587000e-05	-5.251473e-03	-1.800477e+00
3.588000e-05	-4.506728e-03	-1.788966e+00
3.589000e-05	-5.326508e-03	-1.717336e+00
3.590000e-05	-4.807744e-03	-1.675157e+00
3.591000e-05	-2.626914e-03	-1.633578e+00
3.592000e-05	-4.010587e-03	-1.602023e+00
3.593000e-05	-4.119792e-03	-1.599495e+00
3.594000e-05	-4.907702e-03	-1.588945e+00
3.595000e-05	-3.915090e-03	-1.445764e+00
3.596000e-05	-4.956424e-03	-1.439975e+00
3.597000e-05	-4.330042e-03	-1.307871e+00
3.598000e-05	-5.021405e-03	-1.325691e+00
3.599000e-05	-3.136887e-03	-1.252132e+00
3.600000e-05	-4.435952e-03	-1.213030e+00
3.601000e-05	-3.710541e-03	-1.178922e+00
3.602000e-05	-3.805028e-03	-1.128367e+00
3.603000e-05	-4.190861e-03	-1.096710e+00
3.604000e-05	-4.495970e-03	-1.032008e+00
3.605000e-05	-5.013605e-03	-1.031008e+00
3.606000e-05	-4.411612e-03	-9.689000e-01
3.607000e-05	-4.719645e-03	-9.468171e-01
3.608000e-05	-3.212170e-03	-8.951897e-01
3.609000e-05	-4.718855e-03	-8.130865e-01
3.610000e-05	-2.294521e-03	-8.200766e-01
3.611000e-05	-4.684333e-03	-7.999788e-01
3.612000e-05	-3.700563e-03	-7.373699e-01
3.613000e-05	-4.605053e-03	-7.183685e-01
3.614000e-05	-3.484559e-03	-6.631607e-01
3.615000e-05	-4.999332e-03	-5.904513e-01
3.616000e-05	-4.393695e-03	-4.762209e-01
3.617000e-05	-4.633875e-03	-4.340616e-01
3.618000e-05	-3.574313e-03	-4.415566e-01
3.619000e-05	-3.392524e-03	-3.999763e-01
3.620000e-05	-3.710820e-03	-3.578987e-01
3.621000e-05	-3.493995e-03	-3.383946e-01
3.622000e-05	-3.673256e-03	-2.863382e-01
3.623000e-05	-3.653703e-03	-2.530829e-01
3.624000e-05	-4.695053e-03	-2.015527e-01
3.625000e-05	-4.192527e-03	-1.799740e-01
3.626000e-05	-2.958865e-03	-1.173197e-01
3.627000e-05	-3.156665e-03	-5.518802e-02
3.628000e-05	-2.547248e-03	-5.310909e-02
3.629000e-05	-1.769751e-03	-2.155907e-02
3.630000e-05	1.342355e-04	-1.000262e-02
3.631000e-05	-1.343728e-03	1.202638e-02
3.632000e-05	-2.805984e-03	7.267390e-02
3.633000e-05	-2.651311e-03	1.659097e-01
3.634000e-05	-2.132619e-03	1.994197e-01
3.635000e-05	5.006482e-03	2.532579e-01
3.636000e-05	2.073969e-02	3.343807e-01
3.637000e-05	9.984957e-03	3.794884e-01
3.638000e-05	-4.168553e-02	4.195200e-01
3.639000e-05	-4.729376e-02	4.425750e-01
3.640000e-05	4.863707e-02	4.916503e-01
3.641000e-05	2.220718e-02	5.232132e-01
3.642000e-05	-4.095742e-02	5.794872e-01
3.643000e-05	-3.325266e-02	5.894925e-01
3.644000e-05	6.280652e-02	6.516000e-01
3.645000e-05	1.116596e-02	6.636593e-01
3.646000e-05	-3.672191e-02	6.862567e-01
3.647000e-05	-1.956102e-02	7.469671e-01
3.648000e-05	2.583919e-02	7.899462e-01
3.649000e-05	-4.133355e-02	8.305452e-01
3.650000e-05	6.553299e-02	8.416513e-01
3.651000e-05	-2.829757e-02	9.642870e-01
3.652000e-05	-4.745460e-02	9.995435e-01
3.653000e-05	1.220164e-02	1.063574e+00
3.654000e-05	5.689792e-02	1.133747e+00
3.655000e-05	-3.548463e-02	1.156488e+00
3.656000e-05	-6.712480e-02	1.180969e+00
3.657000e-05	6.743066e-02	1.221045e+00
3.658000e-05	2.155005e-02	1.294253e+00
3.659000e-05	-3.272540e-02	1.356835e+00
3.660000e-05	-4.615095e-02	1.347490e+00
3.661000e-05	4.570585e-02	1.400445e+00
3.662000e-05	5.477661e-03	1.412090e+00
3.663000e-05	-1.259187e-02	1.514312e+00
3.664000e-05	-3.726805e-02	1.590590e+00
3.665000e-05	3.923505e-02	1.602169e+00
3.666000e-05	1.574480e-03	1.673599e+00
3.667000e-05	-1.876816e-02	1.706337e+00
3.668000e-05	-1.372415e-02	1.754882e+00
3.669000e-05	1.281833e-02	1.770415e+00
3.670000e-05	3.273599e-03	1.840995e+00
3.671000e-05	-4.425949e-03	1.861699e+00
3.672000e-05	-9.108190e-03	1.935827e+00
3.673000e-05	-5.177506e-03	1.976310e+00
3.674000e-05	1.838961e-02	1.988960e+00
3.675000e-05	-1.456903e-02	1.989015e+00
3.676000e-05	-7.545035e-03	2.019995e+00
3.677000e-05	-3.277481e-03	2.032597e+00
3.678000e-05	1.703164e-02	2.073624e+00
3.679000e-05	-1.438929e-02	2.125729e+00
3.680000e-05	-2.740109e-03	2.177408e+00
3.681000e-05	-4.582521e-03	2.177915e+00
3.682000e-05	1.212210e-02	2.260068e+00
3.683000e-05	-7.979778e-03	2.243645e+00
3.684000e-05	-6.417369e-03	2.273279e+00
3.685000e-05	-3.787483e-03	2.296260e+00
3.686000e-05	1.038112e-02	2.368456e+00
3.687000e-05	-7.273573e-03	2.398964e+00
3.688000e-05	-1.082482e-02	2.399993e+00
3.689000e-05	2.220353e-03	2.420572e+00
3.690000e-05	6.550630e-03	2.462595e+00
3.691000e-05	-3.737019e-03	2.565298e+00
3.692000e-05	-1.028449e-02	2.556390e+00
3.693000e-05	4.016398e-03	2.642118e+00
3.694000e-05	3.169944e-03	2.666173e+00
3.695000e-05	-3.248047e-03	2.744678e+00
3.696000e-05	-1.135614e-02	2.767381e+00
3.697000e-05	4.650958e-03	2.779964e+00
3.698000e-05	2.974222e-03	2.799987e+00
3.699000e-05	-3.657915e-03	2.799990e+00
3.700000e-05	-1.078127e-02	2.863069e+00
3.701000e-05	3.994196e-03	2.852200e+00
3.702000e-05	2.361394e-03	2.906253e+00
3.703000e-05	-1.886175e-03	2.906351e+00
3.704000e-05	-7.768905e-03	2.937408e+00
3.705000e-05	1.786121e-03	2.989939e+00
3.706000e-05	2.403767e-03	3.000514e+00
3.707000e-05	-2.835162e-03	3.011543e+00
3.708000e-05	-7.432333e-03	3.033650e+00
3.709000e-05	4.209655e-04	3.064223e+00
3.710000e-05	3.251995e-03	3.095777e+00
3.711000e-05	-2.030251e-03	3.147855e+00
3.712000e-05	-5.984976e-03	3.197908e+00
3.713000e-05	-3.975305e-04	3.188436e+00
3.714000e-05	2.963499e-03	3.200011e+00
3.715000e-05	-2.948393e-03	3.200541e+00
3.716000e-05	-5.477492e-03	3.260514e+00
3.717000e-05	-2.200555e-03	3.241569e+00
3.718000e-05	1.886593e-03	3.274624e+00
3.719000e-05	-2.394347e-03	3.307203e+00
3.720000e-05	-4.720263e-03	3.336885e+00
3.721000e-05	-1.134060e-03	3.379332e+00
3.722000e-05	2.075530e-03	3.411014e+00
3.723000e-05	-1.668976e-03	3.454694e+00
3.724000e-05	-4.590074e-03	3.512751e+00
3.725000e-05	-1.983448e-03	3.497750e+00
3.726000e-05	1.815259e-03	3.526857e+00
3.727000e-05	-2.276227e-03	3.557481e+00
3.728000e-05	-3.936182e-03	3.579936e+00
3.729000e-05	-2.172016e-03	3.579964e+00
3.730000e-05	2.194985e-03	3.567989e+00
3.731000e-05	-2.027052e-03	3.620039e+00
3.732000e-05	-3.180602e-03	3.621993e+00
3.733000e-05	-1.830679e-03	3.610542e+00
3.734000e-05	1.400529e-03	3.651022e+00
3.735000e-05	-1.416742e-03	3.662119e+00
3.736000e-05	-3.749787e-03	3.673198e+00
3.737000e-05	-1.747288e-03	3.684723e+00
3.738000e-05	3.443202e-04	3.686752e+00
3.739000e-05	-1.918141e-03	3.705785e+00
3.740000e-05	-1.939477e-03	3.758378e+00
3.741000e-05	-2.005953e-03	3.767861e+00
3.742000e-05	4.732378e-04	3.749460e+00
3.743000e-05	-3.708848e-04	3.789487e+00
3.744000e-05	-2.307497e-03	3.790512e+00
3.745000e-05	-1.282689e-03	3.809089e+00
3.746000e-05	1.097777e-04	3.819565e+00
3.747000e-05	-7.606395e-04	3.831666e+00
3.748000e-05	-2.267713e-03	3.810018e+00
3.749000e-05	-1.467700e-03	3.812068e+00
3.750000e-05	-3.311367e-04	3.842066e+00
3.751000e-05	-9.117198e-05	3.843619e+00
3.752000e-05	-2.815544e-03	3.872197e+00
3.753000e-05	-1.009374e-03	3.873696e+00
3.754000e-05	1.298008e-04	3.851748e+00
3.755000e-05	-7.298808e-04	3.914177e+00
3.756000e-05	-2.420860e-03	3.884198e+00
3.757000e-05	-1.830849e-03	3.906304e+00
3.758000e-05	-7.185212e-04	3.914303e+00
3.759000e-05	-1.061545e-03	3.953858e+00
3.760000e-05	-2.345631e-03	3.956828e+00
3.761000e-05	-1.767310e-03	3.886356e+00
3.762000e-05	6.828970e-04	3.947356e+00
3.763000e-05	-2.321813e-04	3.947823e+00
3.764000e-05	-1.559613e-03	3.937833e+00
3.765000e-05	-1.162808e-03	3.919860e+00
3.766000e-05	-1.524325e-04	3.927887e+00
3.767000e-05	-1.108567e-03	3.927883e+00
3.768000e-05	-2.270090e-03	3.958860e+00
3.769000e-05	-2.587923e-03	3.918833e+00
3.770000e-05	-6.293016e-04	3.917885e+00
3.771000e-05	-3.188553e-04	3.967259e+00
3.772000e-05	-1.199130e-03	3.964811e+00
3.773000e-05	-3.281510e-03	3.968332e+00
3.774000e-05	1.094873e-04	3.938334e+00
3.775000e-05	-1.537400e-03	3.947356e+00
3.776000e-05	-1.306550e-03	3.916258e+00
3.777000e-05	-2.171820e-03	3.948483e+00
3.778000e-05	-2.602000e-04	3.965804e+00
3.779000e-05	-1.354306e-03	3.954181e+00
3.780000e-05	-2.378586e-03	3.926757e+00
3.781000e-05	-1.581585e-03	3.885377e+00
3.782000e-05	-1.275217e-03	3.915806e+00
3.783000e-05	-3.275776e-05	3.925248e+00
3.784000e-05	-9.437325e-04	3.916751e+00
3.785000e-05	-1.806594e-03	3.904176e+00
3.786000e-05	-1.814940e-03	3.904777e+00
3.787000e-05	-1.714826e-03	3.893673e+00
3.788000e-05	-1.413291e-03	3.833147e+00
3.789000e-05	-2.368229e-03	3.863569e+00
3.790000e-05	-1.498392e-03	3.832668e+00
3.791000e-05	-3.583005e-04	3.831519e+00
3.792000e-05	-1.286688e-03	3.850565e+00
3.793000e-05	-1.687103e-03	3.830016e+00
3.794000e-05	-1.307889e-03	3.771515e+00
3.795000e-05	-6.450286e-04	3.810937e+00
3.796000e-05	-9.042901e-04	3.787961e+00
3.797000e-05	-2.482876e-03	3.758461e+00
3.798000e-05	-1.760179e-03	3.778389e+00
3.799000e-05	-1.179773e-03	3.777936e+00
3.800000e-05	-1.397800e-03	3.756809e+00
3.801000e-05	-1.726579e-03	3.736778e+00
3.802000e-05	-1.703649e-03	3.735203e+00
3.803000e-05	2.776320e-04	3.666674e+00
3.804000e-05	-2.028490e-03	3.673597e+00
3.805000e-05	-1.516337e-03	3.682622e+00
3.806000e-05	-1.768969e-03	3.641548e+00
3.807000e-05	-1.263196e-03	3.611568e+00
3.808000e-05	-1.543019e-03	3.601065e+00
3.809000e-05	-2.096845e-03	3.620015e+00
3.810000e-05	-1.067254e-03	3.599965e+00
3.811000e-05	-1.001209e-03	3.599941e+00
3.812000e-05	-1.147970e-03	3.557439e+00
3.813000e-05	-8.731733e-04	3.568960e+00
3.814000e-05	-2.454461e-03	3.597806e+00
3.815000e-05	-7.690365e-04	3.505208e+00
3.816000e-05	-1.237100e-03	3.515104e+00
3.817000e-05	-1.470742e-03	3.464144e+00
3.818000e-05	-2.191800e-03	3.390493e+00
3.819000e-05	-1.395322e-03	3.377945e+00
3.820000e-05	-1.957271e-03	3.375863e+00
3.821000e-05	-1.108431e-03	3.294775e+00
3.822000e-05	-1.510537e-03	3.306149e+00
3.823000e-05	-9.725311e-04	3.243047e+00
3.824000e-05	-3.286492e-04	3.201046e+00
3.825000e-05	-1.753390e-03	3.201019e+00
3.826000e-05	-9.481264e-04	3.189490e+00
3.827000e-05	-1.535540e-03	3.179489e+00
3.828000e-05	-2.163524e-03	3.148287e+00
3.829000e-05	-1.573463e-03	3.148384e+00
3.830000e-05	-3.017022e-03	3.126207e+00
3.831000e-05	-1.792274e-03	3.074205e+00
3.832000e-05	-5.691099e-04	3.063502e+00
3.833000e-05	-1.267354e-03	3.009994e+00
3.834000e-05	-2.298659e-03	3.020966e+00
3.835000e-05	-1.464038e-03	2.969940e+00
3.836000e-05	-1.350286e-03	2.949310e+00
3.837000e-05	-1.965235e-03	2.935233e+00
3.838000e-05	-2.677934e-03	2.886233e+00
3.839000e-05	-2.481175e-03	2.854548e+00
3.840000e-05	-2.109026e-03	2.862069e+00
3.841000e-05	-1.324078e-03	2.830544e+00
3.842000e-05	-2.032739e-03	2.799491e+00
3.843000e-05	-2.179928e-03	2.799467e+00
3.844000e-05	-2.105291e-03	2.748915e+00
3.845000e-05	-8.102008e-04	2.726837e+00
3.846000e-05	-3.378467e-03	2.674802e+00
3.847000e-05	-1.791029e-03	2.673072e+00
3.848000e-05	-3.106423e-03	2.540370e+00
3.849000e-05	-2.326778e-03	2.486183e+00
3.850000e-05	-2.300118e-03	2.481608e+00
3.851000e-05	-2.099722e-03	2.402153e+00
3.852000e-05	-3.031494e-03	2.420520e+00
3.853000e-05	-1.180653e-03	2.399919e+00
3.854000e-05	-2.612807e-03	2.347416e+00
3.855000e-05	-1.495792e-03	2.317313e+00
3.856000e-05	-2.251992e-03	2.275607e+00
3.857000e-05	-1.816789e-03	2.251725e+00
3.858000e-05	-3.434359e-03	2.221499e+00
3.859000e-05	-1.905356e-03	2.178967e+00
3.860000e-05	-3.765707e-03	2.137415e+00
3.861000e-05	-2.192768e-03	2.135908e+00
3.862000e-05	-2.799734e-03	2.086182e+00
3.863000e-05	-8.303534e-04	2.042154e+00
3.864000e-05	-1.813608e-03	2.010999e+00
3.865000e-05	-2.661184e-03	2.010995e+00
3.866000e-05	-2.592609e-03	1.988390e+00
3.867000e-05	-2.171601e-03	1.937337e+00
3.868000e-05	-3.325420e-03	1.904731e+00
3.869000e-05	-4.175322e-03	1.863128e+00
3.870000e-05	-3.233687e-03	1.810425e+00
3.871000e-05	7.638156e-05	1.738338e+00
3.872000e-05	-2.532176e-03	1.756335e+00
3.873000e-05	-2.496047e-03	1.695232e+00
3.874000e-05	-1.818136e-03	1.644204e+00
3.875000e-05	-1.390306e-03	1.622531e+00
3.876000e-05	-3.427750e-03	1.549415e+00
3.877000e-05	-3.817962e-03	1.555313e+00
3.878000e-05	-2.723238e-03	1.435234e+00
3.879000e-05	-2.739335e-03	1.431528e+00
3.880000e-05	-2.881242e-03	1.390921e+00
3.881000e-05	-2.730393e-03	1.378940e+00
3.882000e-05	-1.842380e-03	1.317211e+00
3.883000e-05	-1.951283e-03	1.253130e+00
3.884000e-05	-2.753282e-03	1.212100e+00
3.885000e-05	-3.245151e-03	1.199498e+00
3.886000e-05	-1.722742e-03	1.127366e+00
3.887000e-05	-3.051658e-03	1.076211e+00
3.888000e-05	-3.445597e-03	1.013506e+00
3.889000e-05	-3.848754e-03	9.273982e-01
3.890000e-05	-2.422752e-03	8.856870e-01
3.891000e-05	-3.675161e-03	8.620340e-01
3.892000e-05	-2.681623e-03	8.205276e-01
3.893000e-05	-1.488008e-03	7.889487e-01
3.894000e-05	-2.246288e-03	7.279236e-01
3.895000e-05	-3.652077e-03	6.853143e-01
3.896000e-05	-2.874162e-03	6.651078e-01
3.897000e-05	-3.731269e-03	6.210277e-01
3.898000e-05	-3.324224e-03	5.793986e-01
3.899000e-05	-3.457150e-03	5.357696e-01
3.900000e-05	-4.026343e-03	5.051132e-01
3.901000e-05	-2.457335e-03	4.326603e-01
3.902000e-05	-2.992323e-03	4.210551e-01
3.903000e-05	-2.780139e-03	4.105013e-01
3.904000e-05	-2.647308e-03	3.484223e-01
3.905000e-05	-3.463180e-03	3.683407e-01
3.906000e-05	-2.939904e-03	2.426293e-01
3.907000e-05	-3.859514e-03	2.005501e-01
3.908000e-05	-3.517385e-03	1.478685e-01
3.909000e-05	-3.835962e-03	6.318565e-02
3.910000e-05	-4.677135e-03	5.153408e-02
3.911000e-05	-3.063775e-03	1.050131e-02
3.912000e-05	-2.629821e-03	-1.057501e-02
3.913000e-05	-1.527608e-03	-9.210514e-02
3.914000e-05	-1.674489e-03	-1.057344e-01
3.915000e-05	-1.603865e-03	-1.463897e-01
3.916000e-05	-2.607504e-03	-1.989936e-01
3.917000e-05	-2.624908e-03	-2.095238e-01
3.918000e-05	-2.608591e-03	-2.731516e-01
3.919000e-05	1.924067e-03	-3.347355e-01
3.920000e-05	2.219221e-02	-3.553409e-01
3.921000e-05	2.308853e-02	-3.579161e-01
3.922000e-05	-4.624544e-02	-4.306288e-01
3.923000e-05	-5.199706e-02	-4.926778e-01
3.924000e-05	4.859270e-02	-4.557793e-01
3.925000e-05	3.586834e-02	-4.941782e-01
3.926000e-05	-3.078087e-02	-5.975174e-01
3.927000e-05	-2.469330e-02	-7.242532e-01
3.928000e-05	7.157200e-02	-6.979320e-01
3.929000e-05	8.498036e-03	-7.183159e-01
3.930000e-05	-4.802321e-02	-7.785239e-01
3.931000e-05	-4.891963e-03	-8.341226e-01
3.932000e-05	2.434303e-02	-8.526517e-01
3.933000e-05	-5.556214e-02	-9.332121e-01
3.934000e-05	4.401017e-02	-9.573109e-01
3.935000e-05	-8.693216e-03	-9.695161e-01
3.936000e-05	-7.638093e-02	-1.052046e+00
3.937000e-05	1.078975e-02	-1.073233e+00
3.938000e-05	7.332176e-02	-1.104787e+00
3.939000e-05	-3.464647e-02	-1.167463e+00
3.940000e-05	-6.522509e-02	-1.148520e+00
3.941000e-05	1.023880e-01	-1.272549e+00
3.942000e-05	1.630500e-02	-1.323708e+00
3.943000e-05	-6.054893e-02	-1.330666e+00
3.944000e-05	-3.412809e-02	-1.381165e+00
3.945000e-05	5.662253e-02	-1.501727e+00
3.946000e-05	-1.157133e-03	-1.557416e+00
3.947000e-05	-2.020502e-02	-1.599987e+00
3.948000e-05	-4.433871e-02	-1.619543e+00
3.949000e-05	4.969029e-02	-1.670572e+00
3.950000e-05	1.801494e-02	-1.664208e+00
3.951000e-05	-5.305631e-02	-1.735307e+00
3.952000e-05	-1.102420e-02	-1.776387e+00
3.953000e-05	3.536607e-02	-1.789491e+00
3.954000e-05	-4.131676e-03	-1.841549e+00
3.955000e-05	-2.168415e-02	-1.842252e+00
3.956000e-05	-4.572108e-03	-1.913182e+00
3.957000e-05	-1.948226e-05	-1.926839e+00
3.958000e-05	2.260050e-02	-1.988915e+00
3.959000e-05	-3.132837e-02	-1.999516e+00
3.960000e-05	-1.019686e-02	-2.010018e+00
3.961000e-05	1.074898e-02	-2.022077e+00
3.962000e-05	1.168681e-02	-2.065178e+00
3.963000e-05	-2.240352e-02	-2.145281e+00
3.964000e-05	-5.982037e-03	-2.249420e+00
3.965000e-05	-3.752337e-03	-2.231703e+00
3.966000e-05	1.947859e-02	-2.351806e+00
3.967000e-05	-1.799395e-02	-2.387887e+00
3.968000e-05	-1.459663e-02	-2.389464e+00
3.969000e-05	5.986398e-03	-2.400969e+00
3.970000e-05	8.917641e-03	-2.461070e+00
3.971000e-05	-1.295997e-02	-2.453652e+00
3.972000e-05	-1.891902e-02	-2.503702e+00
3.973000e-05	5.885790e-03	-2.494810e+00
3.974000e-05	1.049151e-02	-2.587461e+00
3.975000e-05	-1.226443e-02	-2.601014e+00
3.976000e-05	-1.687914e-02	-2.640520e+00
3.977000e-05	8.777938e-03	-2.662618e+00
3.978000e-05	1.450292e-03	-2.655805e+00
3.979000e-05	-9.360087e-03	-2.736831e+00
3.980000e-05	-1.716041e-02	-2.766412e+00
3.981000e-05	6.600654e-03	-2.799484e+00
3.982000e-05	4.561342e-03	-2.799519e+00
3.983000e-05	-1.039556e-02	-2.841571e+00
3.984000e-05	-1.309350e-02	-2.842592e+00
3.985000e-05	3.746801e-03	-2.874699e+00
3.986000e-05	1.265163e-03	-2.896856e+00
3.987000e-05	-6.976333e-03	-2.968962e+00
3.988000e-05	-1.354026e-02	-3.021068e+00
3.989000e-05	1.973407e-03	-3.124228e+00
3.990000e-05	1.801055e-03	-3.095830e+00
3.991000e-05	-7.918918e-03	-3.167331e+00
3.992000e-05	-1.011883e-02	-3.168437e+00
3.993000e-05	-1.767449e-03	-3.188915e+00
3.994000e-05	4.027848e-03	-3.210964e+00
3.995000e-05	-7.863405e-03	-3.231966e+00
3.996000e-05	-9.121029e-03	-3.221567e+00
3.997000e-05	-1.548865e-03	-3.283549e+00
3.998000e-05	1.117073e-03	-3.302702e+00
3.999000e-05	-6.293682e-03	-3.335328e+00
4.000000e-05	-9.875231e-03	-3.357832e+00
4.001000e-05	-2.872094e-03	-3.386911e+00
4.002000e-05	2.040848e-03	-3.380440e+00
4.003000e-05	-6.265868e-03	-3.409515e+00
4.004000e-05	-6.815048e-03	-3.461568e+00
4.005000e-05	-3.373428e-03	-3.453069e+00
4.006000e-05	1.708726e-03	-3.506128e+00
4.007000e-05	-5.955870e-03	-3.515282e+00
4.008000e-05	-8.665252e-03	-3.515807e+00
4.009000e-05	-2.656235e-03	-3.566881e+00
4.010000e-05	-5.640147e-04	-3.587386e+00
4.011000e-05	-5.313699e-03	-3.579459e+00
4.012000e-05	-8.139274e-03	-3.599486e+00
4.013000e-05	-3.187806e-03	-3.589990e+00
4.014000e-05	4.651572e-04	-3.600516e+00
4.015000e-05	-4.854617e-03	-3.610542e+00
4.016000e-05	-6.848245e-03	-3.620544e+00
4.017000e-05	-2.929899e-03	-3.632070e+00
4.018000e-05	-2.602649e-04	-3.673148e+00
4.019000e-05	-5.146865e-03	-3.655077e+00
4.020000e-05	-7.094913e-03	-3.734232e+00
4.021000e-05	-3.965562e-03	-3.734909e+00
4.022000e-05	-1.817564e-03	-3.757414e+00
4.023000e-05	-4.706250e-03	-3.798013e+00
4.024000e-05	-6.194563e-03	-3.864094e+00
4.025000e-05	-3.724869e-03	-3.873099e+00
4.026000e-05	-1.151418e-03	-3.835153e+00
4.027000e-05	-4.371957e-03	-3.907198e+00
4.028000e-05	-5.248430e-03	-3.942780e+00
4.029000e-05	-3.941904e-03	-3.937405e+00
4.030000e-05	-3.532746e-03	-3.927336e+00
4.031000e-05	-5.372446e-03	-3.967435e+00
4.032000e-05	-8.449501e-03	-3.958912e+00
4.033000e-05	-3.399970e-03	-3.988935e+00
4.034000e-05	-3.045550e-03	-3.968487e+00
4.035000e-05	-2.133910e-03	-3.989411e+00
4.036000e-05	-5.425522e-03	-3.999938e+00
4.037000e-05	-2.705141e-03	-3.989485e+00
4.038000e-05	-4.644646e-03	-4.010488e+00
4.039000e-05	-5.617333e-03	-4.009988e+00
4.040000e-05	-7.414284e-03	-4.000013e+00
4.041000e-05	-5.351447e-03	-4.000489e+00
4.042000e-05	-3.065553e-03	-4.011040e+00
4.043000e-05	-4.560501e-03	-4.021566e+00
4.044000e-05	-3.295067e-03	-4.022016e+00
4.045000e-05	-3.853172e-03	-4.030990e+00
4.046000e-05	-2.727039e-03	-4.032566e+00
4.047000e-05	-6.183350e-03	-4.030541e+00
4.048000e-05	-6.266038e-03	-4.031067e+00
4.049000e-05	-5.918420e-03	-4.020568e+00
4.050000e-05	-2.911389e-03	-4.002570e+00
4.051000e-05	-4.776432e-03	-4.012116e+00
4.052000e-05	-4.318605e-03	-4.061067e+00
4.053000e-05	-5.499688e-03	-4.034067e+00
4.054000e-05	-3.641189e-03	-4.032547e+00
4.055000e-05	-4.144170e-03	-4.042119e+00
4.056000e-05	-6.314963e-03	-4.062044e+00
4.057000e-05	-4.881622e-03	-4.042594e+00
4.058000e-05	-5.169594e-03	-4.022040e+00
4.059000e-05	-3.607802e-03	-4.040591e+00
4.060000e-05	-5.061552e-03	-4.012069e+00
4.061000e-05	-4.067746e-03	-4.041543e+00
4.062000e-05	-5.546679e-03	-4.021019e+00
4.063000e-05	-3.744999e-03	-4.041044e+00
4.064000e-05	-6.664747e-03	-4.022068e+00
4.065000e-05	-4.380689e-03	-4.040521e+00
4.066000e-05	-5.017617e-03	-4.011989e+00
4.067000e-05	-3.855792e-03	-4.000515e+00
4.068000e-05	-5.121939e-03	-4.020963e+00
4.069000e-05	-4.170863e-03	-4.009514e+00
4.070000e-05	-3.011623e-03	-4.000015e+00
4.071000e-05	-4.529347e-03	-3.999488e+00
4.072000e-05	-6.440250e-03	-3.988490e+00
4.073000e-05	-6.592603e-03	-3.989937e+00
4.074000e-05	-3.322049e-03	-3.959987e+00
4.075000e-05	-4.541575e-03	-3.979410e+00
4.076000e-05	-3.502356e-03	-3.969436e+00
4.077000e-05	-4.954010e-03	-3.987861e+00
4.078000e-05	-2.011675e-03	-3.978361e+00
4.079000e-05	-5.757248e-03	-3.957835e+00
4.080000e-05	-5.241627e-03	-3.966832e+00
4.081000e-05	-6.848046e-03	-3.916280e+00
4.082000e-05	-3.575461e-03	-3.934679e+00
4.083000e-05	-5.262657e-03	-3.915227e+00
4.084000e-05	-4.027385e-03	-3.874504e+00
4.085000e-05	-3.482718e-03	-3.842699e+00
4.086000e-05	-3.310229e-03	-3.811600e+00
4.087000e-05	-4.910936e-03	-3.809426e+00
4.088000e-05	-6.446298e-03	-3.787870e+00
4.089000e-05	-4.829466e-03	-3.726331e+00
4.090000e-05	-4.155022e-03	-3.645307e+00
4.091000e-05	-5.702628e-03	-3.674585e+00
4.092000e-05	-5.698693e-03	-3.641651e+00
4.093000e-05	-4.595480e-03	-3.643023e+00
4.094000e-05	-4.290394e-03	-3.621023e+00
4.095000e-05	-4.346645e-03	-3.610542e+00
4.096000e-05	-5.161012e-03	-3.610967e+00
4.097000e-05	-4.400598e-03	-3.599985e+00
4.098000e-05	-4.334235e-03	-3.589464e+00
4.099000e-05	-5.482671e-03	-3.598939e+00
4.100000e-05	-5.929158e-03	-3.556939e+00
4.101000e-05	-4.585456e-03	-3.525859e+00
4.102000e-05	-4.216167e-03	-3.516807e+00
4.103000e-05	-4.806358e-03	-3.475705e+00
4.104000e-05	-4.532383e-03	-3.463097e+00
4.105000e-05	-4.748876e-03	-3.431622e+00
4.106000e-05	-3.427173e-03	-3.421016e+00
4.107000e-05	-5.268139e-03	-3.420566e+00
4.108000e-05	-5.747569e-03	-3.399418e+00
4.109000e-05	-5.284965e-03	-3.348406e+00
4.110000e-05	-4.429635e-03	-3.306212e+00
4.111000e-05	-5.277644e-03	-3.345283e+00
4.112000e-05	-5.237336e-03	-3.265173e+00
4.113000e-05	-3.620290e-03	-3.252119e+00
4.114000e-05	-3.407973e-03	-3.231602e+00
4.115000e-05	-5.111467e-03	-3.211016e+00
4.116000e-05	-5.092541e-03	-3.199941e+00
4.117000e-05	-4.721907e-03	-3.178936e+00
4.118000e-05	-3.532623e-03	-3.178813e+00
4.119000e-05	-5.530734e-03	-3.155784e+00
4.120000e-05	-5.597222e-03	-3.064629e+00
4.121000e-05	-3.862633e-03	-3.052403e+00
4.122000e-05	-4.663262e-03	-3.010445e+00
4.123000e-05	-5.196946e-03	-2.939341e+00
4.124000e-05	-5.437657e-03	-2.914286e+00
4.125000e-05	-3.302986e-03	-2.833553e+00
4.126000e-05	-3.854631e-03	-2.822523e+00
4.127000e-05	-5.245834e-03	-2.780471e+00
4.128000e-05	-4.005443e-03	-2.789894e+00
4.129000e-05	-3.945357e-03	-2.768937e+00
4.130000e-05	-5.068949e-03	-2.707290e+00
4.131000e-05	-5.380169e-03	-2.676805e+00
4.132000e-05	-4.557940e-03	-2.664687e+00
4.133000e-05	-4.465521e-03	-2.662573e+00
4.134000e-05	-3.765089e-03	-2.580020e+00
4.135000e-05	-4.745835e-03	-2.569315e+00
4.136000e-05	-3.816002e-03	-2.538344e+00
4.137000e-05	-4.102008e-03	-2.525687e+00
4.138000e-05	-3.349867e-03	-2.464078e+00
4.139000e-05	-4.777352e-03	-2.432097e+00
4.140000e-05	-4.415208e-03	-2.411569e+00
4.141000e-05	-3.890032e-03	-2.400469e+00
4.142000e-05	-3.890221e-03	-2.378419e+00
4.143000e-05	-4.651637e-03	-2.348340e+00
4.144000e-05	-4.224958e-03	-2.295708e+00
4.145000e-05	-2.904135e-03	-2.254179e+00
4.146000e-05	-4.139493e-03	-2.142375e+00
4.147000e-05	-4.286053e-03	-2.126242e+00
4.148000e-05	-4.454090e-03	-2.063610e+00
4.149000e-05	-3.750582e-03	-2.033026e+00
4.150000e-05	-4.487582e-03	-2.009998e+00
4.151000e-05	-4.318794e-03	-1.959495e+00
4.152000e-05	-5.414471e-03	-1.958866e+00
4.153000e-05	-3.586306e-03	-1.905887e+00
4.154000e-05	-3.998468e-03	-1.914229e+00
4.155000e-05	-3.864683e-03	-1.862603e+00
4.156000e-05	-4.336416e-03	-1.821025e+00
4.157000e-05	-3.500175e-03	-1.779995e+00
4.158000e-05	-3.623567e-03	-1.777818e+00
4.159000e-05	-4.599986e-03	-1.694238e+00
4.160000e-05	-5.335357e-03	-1.684679e+00
4.161000e-05	-4.215261e-03	-1.642555e+00
4.162000e-05	-3.757172e-03	-1.611049e+00
4.163000e-05	-4.112128e-03	-1.599495e+00
4.164000e-05	-4.567554e-03	-1.568243e+00
4.165000e-05	-4.005472e-03	-1.495290e+00
4.166000e-05	-2.867389e-03	-1.381100e+00
4.167000e-05	-3.988924e-03	-1.388742e+00
4.168000e-05	-4.647136e-03	-1.224186e+00
4.169000e-05	-4.096193e-03	-1.233583e+00
4.170000e-05	-4.465460e-03	-1.219428e+00
4.171000e-05	-4.145753e-03	-1.168000e+00
4.172000e-05	-5.627198e-03	-1.105267e+00
4.173000e-05	-4.397884e-03	-1.096077e+00
4.174000e-05	-2.692953e-03	-1.040080e+00
4.175000e-05	-3.714460e-03	-9.714237e-01
4.176000e-05	-4.751169e-03	-9.583436e-01
4.177000e-05	-4.386229e-03	-9.183423e-01
4.178000e-05	-3.295056e-03	-8.651866e-01
4.179000e-05	-3.325010e-03	-8.310528e-01
4.180000e-05	-5.114427e-03	-8.014777e-01
4.181000e-05	-4.907226e-03	-7.694962e-01
4.182000e-05	-3.540324e-03	-7.777886e-01
4.183000e-05	-3.604775e-03	-7.027632e-01
4.184000e-05	-5.302606e-03	-6.616566e-01
4.185000e-05	-4.204582e-03	-5.503749e-01
4.186000e-05	-1.999767e-03	-4.556896e-01
4.187000e-05	-4.424243e-03	-4.120842e-01
4.188000e-05	-4.228899e-03	-4.105289e-01
4.189000e-05	-4.557863e-03	-3.994749e-01
4.190000e-05	-3.574607e-03	-3.693949e-01
4.191000e-05	-3.871470e-03	-3.462632e-01
4.192000e-05	-5.211520e-03	-2.826142e-01
4.193000e-05	-2.398990e-03	-2.015565e-01
4.194000e-05	-2.900016e-03	-1.894026e-01
4.195000e-05	-3.809680e-03	-1.873210e-01
4.196000e-05	-3.718087e-03	-1.083470e-01
4.197000e-05	-2.886556e-03	-6.421171e-02
4.198000e-05	-1.020329e-03	-2.108408e-02
4.199000e-05	-2.320645e-03	-5.040061e-04
4.200000e-05	-8.495150e-04	9.551322e-03
4.201000e-05	-1.619269e-03	3.420020e-02
4.202000e-05	-1.778842e-03	8.262922e-02
4.203000e-05	-4.088975e-03	1.879921e-01
4.204000e-05	1.927933e-04	2.191463e-01
4.205000e-05	1.030944e-02	2.952817e-01
4.206000e-05	2.487293e-02	3.669436e-01
4.207000e-05	-2.037017e-02	3.999698e-01
4.208000e-05	-6.019826e-02	4.100950e-01
4.209000e-05	1.061142e-02	4.322013e-01
4.210000e-05	3.406029e-02	5.011593e-01
4.211000e-05	2.057562e-02	5.453332e-01
4.212000e-05	-9.483536e-02	5.894623e-01
4.213000e-05	4.866975e-02	6.010200e-01
4.214000e-05	4.337939e-02	6.526566e-01
4.215000e-05	-3.398501e-02	7.263570e-01
4.216000e-05	-5.083357e-03	6.873869e-01
4.217000e-05	-2.166814e-02	8.089123e-01
4.218000e-05	2.187078e-02	8.095211e-01
4.219000e-05	-1.806823e-02	8.520463e-01
4.220000e-05	5.031901e-02	8.437027e-01
4.221000e-05	-5.913761e-02	1.026961e+00
4.222000e-05	-2.819795e-02	1.050142e+00
4.223000e-05	5.178918e-02	1.064202e+00
4.224000e-05	2.570183e-02	1.167258e+00
4.225000e-05	-9.037955e-02	1.169441e+00
4.226000e-05	1.857862e-02	1.210070e+00
4.227000e-05	5.209902e-02	1.262674e+00
4.228000e-05	-2.499875e-03	1.286334e+00
4.229000e-05	-5.599282e-02	1.345809e+00
4.230000e-05	4.543526e-03	1.388967e+00
4.231000e-05	3.781073e-02	1.431996e+00
4.232000e-05	-8.940873e-03	1.503720e+00
4.233000e-05	-2.860461e-02	1.566285e+00
4.234000e-05	-3.989394e-03	1.642222e+00
4.235000e-05	3.929042e-02	1.624148e+00
4.236000e-05	-2.209473e-02	1.704731e+00
4.237000e-05	-1.295035e-02	1.675836e+00
4.238000e-05	-5.710175e-03	1.779439e+00
4.239000e-05	1.817223e-02	1.798944e+00
4.240000e-05	-1.028248e-02	1.862591e+00
4.241000e-05	1.605995e-03	1.872678e+00
4.242000e-05	-1.937844e-02	1.955830e+00
4.243000e-05	1.683888e-02	1.968959e+00
4.244000e-05	-8.978038e-04	1.979442e+00
4.245000e-05	-1.175412e-02	2.000019e+00
4.246000e-05	-8.486005e-03	2.021071e+00
4.247000e-05	1.413737e-02	2.054100e+00
4.248000e-05	-6.528169e-04	2.075728e+00
4.249000e-05	-1.065752e-02	2.175858e+00
4.250000e-05	-5.314134e-03	2.196861e+00
4.251000e-05	4.344219e-03	2.191493e+00
4.252000e-05	4.742198e-03	2.222068e+00
4.253000e-05	-1.358350e-02	2.294171e+00
4.254000e-05	-1.980059e-03	2.355807e+00
4.255000e-05	2.891043e-03	2.337886e+00
4.256000e-05	7.352445e-03	2.358461e+00
4.257000e-05	-1.533162e-02	2.418989e+00
4.258000e-05	-1.208795e-03	2.420016e+00
4.259000e-05	4.485095e-03	2.421647e+00
4.260000e-05	5.048204e-03	2.482748e+00
4.261000e-05	-1.465765e-02	2.567311e+00
4.262000e-05	-2.337536e-03	2.606916e+00
4.263000e-05	3.676575e-03	2.633645e+00
4.264000e-05	2.115477e-03	2.724251e+00
4.265000e-05	-1.083134e-02	2.746881e+00
4.266000e-05	-1.820792e-03	2.789436e+00
4.267000e-05	5.469619e-03	2.799514e+00
4.268000e-05	1.946503e-03	2.779494e+00
4.269000e-05	-8.234520e-03	2.809993e+00
4.270000e-05	-3.198686e-03	2.881070e+00
4.271000e-05	3.968471e-03	2.884326e+00
4.272000e-05	3.102967e-04	2.895803e+00
4.273000e-05	-7.130548e-03	2.955880e+00
4.274000e-05	-3.691334e-03	2.968411e+00
4.275000e-05	3.711337e-03	3.000986e+00
4.276000e-05	-8.374984e-05	2.999993e+00
4.277000e-05	-6.117328e-03	3.053145e+00
4.278000e-05	-4.748016e-03	3.062699e+00
4.279000e-05	4.316149e-03	3.115703e+00
4.280000e-05	-2.570337e-04	3.145855e+00
4.281000e-05	-4.598462e-03	3.155857e+00
4.282000e-05	-3.636727e-03	3.187861e+00
4.283000e-05	2.844345e-03	3.198491e+00
4.284000e-05	-1.589338e-03	3.200016e+00
4.285000e-05	-5.125841e-03	3.201017e+00
4.286000e-05	-4.140026e-03	3.222090e+00
4.287000e-05	2.913793e-03	3.282044e+00
4.288000e-05	2.670166e-05	3.283603e+00
4.289000e-05	-2.753791e-03	3.316806e+00
4.290000e-05	-3.877899e-03	3.307883e+00
4.291000e-05	2.012770e-03	3.330062e+00
4.292000e-05	-1.390857e-03	3.460169e+00
4.293000e-05	-5.204281e-03	3.454802e+00
4.294000e-05	-3.954411e-03	3.475671e+00
4.295000e-05	1.338596e-03	3.545380e+00
4.296000e-05	8.774804e-04	3.566860e+00
4.297000e-05	-3.298563e-03	3.568535e+00
4.298000e-05	-2.971124e-03	3.568986e+00
4.299000e-05	1.658745e-03	3.620014e+00
4.300000e-05	-2.748002e-04	3.600489e+00
4.301000e-05	-4.192237e-03	3.611015e+00
4.302000e-05	-4.372403e-03	3.621113e+00
4.303000e-05	7.100698e-04	3.611018e+00
4.304000e-05	-6.170789e-04	3.633069e+00
4.305000e-05	-3.760981e-03	3.692093e+00
4.306000e-05	-1.709817e-03	3.663322e+00
4.307000e-05	3.944836e-04	3.695249e+00
4.308000e-05	2.520256e-04	3.716279e+00
4.309000e-05	-2.775261e-03	3.726882e+00
4.310000e-05	-2.266191e-03	3.747883e+00
4.311000e-05	-9.449284e-04	3.767961e+00
4.312000e-05	-4.321787e-04	3.789986e+00
4.313000e-05	-2.977350e-03	3.789035e+00
4.314000e-05	-2.311250e-03	3.810011e+00
4.315000e-05	-5.295635e-04	3.800015e+00
4.316000e-05	7.878333e-04	3.829541e+00
4.317000e-05	-1.804570e-03	3.841040e+00
4.318000e-05	-2.225627e-03	3.852594e+00
4.319000e-05	-6.517831e-05	3.833042e+00
4.320000e-05	-1.166961e-04	3.852698e+00
4.321000e-05	-2.588534e-03	3.862119e+00
4.322000e-05	-2.789483e-03	3.854146e+00
4.323000e-05	-8.145843e-04	3.852647e+00
4.324000e-05	7.334687e-05	3.906723e+00
4.325000e-05	-2.496063e-03	3.876199e+00
4.326000e-05	-1.923480e-03	3.865704e+00
4.327000e-05	-1.414493e-05	3.913248e+00
4.328000e-05	1.269187e-03	3.865827e+00
4.329000e-05	-1.931088e-03	3.908281e+00
4.330000e-05	-2.318448e-03	3.926726e+00
4.331000e-05	-1.402944e-03	3.955355e+00
4.332000e-05	6.034997e-04	3.918305e+00
4.333000e-05	-2.179221e-03	3.916878e+00
4.334000e-05	-2.234604e-03	3.927257e+00
4.335000e-05	-2.301554e-03	3.937352e+00
4.336000e-05	-3.931970e-04	3.928256e+00
4.337000e-05	-4.755671e-04	3.955908e+00
4.338000e-05	-2.336051e-03	3.937383e+00
4.339000e-05	2.638824e-04	3.956858e+00
4.340000e-05	4.418994e-04	3.978936e+00
4.341000e-05	-2.044014e-03	3.948384e+00
4.342000e-05	-2.646644e-03	3.937902e+00
4.343000e-05	-1.327715e-03	3.967275e+00
4.344000e-05	6.335274e-04	3.968408e+00
4.345000e-05	-1.306897e-03	3.919356e+00
4.346000e-05	-9.784441e-04	3.938331e+00
4.347000e-05	-4.180628e-04	3.916784e+00
4.348000e-05	7.618560e-04	3.948407e+00
4.349000e-05	-1.546462e-03	3.945205e+00
4.350000e-05	-1.462093e-03	3.915880e+00
4.351000e-05	-1.409103e-03	3.918253e+00
4.352000e-05	4.032028e-04	3.896306e+00
4.353000e-05	-2.300455e-03	3.905180e+00
4.354000e-05	-2.308828e-03	3.873747e+00
4.355000e-05	-1.682008e-03	3.903677e+00
4.356000e-05	3.185909e-05	3.875177e+00
4.357000e-05	-1.103995e-03	3.832173e+00
4.358000e-05	-1.242304e-03	3.832645e+00
4.359000e-05	8.445297e-04	3.872568e+00
4.360000e-05	1.181320e-06	3.823049e+00
4.361000e-05	-1.601795e-03	3.853069e+00
4.362000e-05	-3.668021e-03	3.809544e+00
4.363000e-05	-2.085766e-03	3.811068e+00
4.364000e-05	-1.577108e-03	3.789493e+00
4.365000e-05	-2.417962e-03	3.799965e+00
4.366000e-05	-1.518240e-03	3.789462e+00
4.367000e-05	3.129161e-04	3.768334e+00
4.368000e-05	1.994956e-05	3.737886e+00
4.369000e-05	-1.452853e-03	3.746361e+00
4.370000e-05	-2.407561e-03	3.686237e+00
4.371000e-05	-1.506763e-03	3.705302e+00
4.372000e-05	-1.753985e-03	3.684253e+00
4.373000e-05	-2.231995e-03	3.683074e+00
4.374000e-05	-2.344833e-03	3.672073e+00
4.375000e-05	-5.695722e-04	3.652575e+00
4.376000e-05	7.846659e-05	3.630593e+00
4.377000e-05	-1.083945e-03	3.640572e+00
4.378000e-05	-9.633531e-04	3.610490e+00
4.379000e-05	-5.880611e-04	3.609514e+00
4.380000e-05	-6.195359e-04	3.600989e+00
4.381000e-05	-3.179114e-03	3.569964e+00
4.382000e-05	-1.827703e-03	3.578937e+00
4.383000e-05	-1.462206e-03	3.528385e+00
4.384000e-05	-1.007133e-03	3.507336e+00
4.385000e-05	-1.914429e-03	3.467781e+00
4.386000e-05	-1.482733e-03	3.455248e+00
4.387000e-05	-1.627022e-03	3.411581e+00
4.388000e-05	-3.358285e-04	3.379465e+00
4.389000e-05	-2.355232e-03	3.387815e+00
4.390000e-05	-1.766665e-03	3.304781e+00
4.391000e-05	-1.471345e-03	3.304182e+00
4.392000e-05	-1.306413e-03	3.233222e+00
4.393000e-05	-1.183434e-03	3.231570e+00
4.394000e-05	-2.538973e-03	3.211023e+00
4.395000e-05	-2.068372e-03	3.190995e+00
4.396000e-05	-1.076788e-03	3.189965e+00
4.397000e-05	-1.124022e-03	3.179437e+00
4.398000e-05	-1.967658e-03	3.158835e+00
4.399000e-05	-1.454229e-03	3.115286e+00
4.400000e-05	-1.080077e-03	3.064807e+00
4.401000e-05	-7.134838e-04	3.063577e+00
4.402000e-05	-2.569035e-03	3.031520e+00
4.403000e-05	-2.702156e-03	2.990944e+00
4.404000e-05	-1.455347e-03	2.979416e+00
4.405000e-05	-1.313986e-03	2.989936e+00
4.406000e-05	-2.199159e-03	2.947259e+00
4.407000e-05	-2.133078e-03	2.915736e+00
4.408000e-05	-4.638797e-05	2.894650e+00
4.409000e-05	1.738087e-04	2.822096e+00
4.410000e-05	-2.787339e-03	2.841524e+00
4.411000e-05	-2.707463e-03	2.820469e+00
4.412000e-05	-1.901773e-03	2.790495e+00
4.413000e-05	-2.320912e-03	2.770415e+00
4.414000e-05	-3.874436e-03	2.778413e+00
4.415000e-05	-1.484876e-03	2.748304e+00
4.416000e-05	-8.208558e-04	2.645172e+00
4.417000e-05	2.894441e-04	2.630017e+00
4.418000e-05	-2.389499e-03	2.505762e+00
4.419000e-05	-2.445497e-03	2.475102e+00
4.420000e-05	-3.112323e-03	2.431150e+00
4.421000e-05	-2.346694e-03	2.401080e+00
4.422000e-05	-3.723359e-03	2.400466e+00
4.423000e-05	-2.067570e-03	2.389440e+00
4.424000e-05	-7.677305e-04	2.355866e+00
4.425000e-05	3.198117e-06	2.304835e+00
4.426000e-05	-3.084034e-03	2.223101e+00
4.427000e-05	-3.648293e-03	2.233125e+00
4.428000e-05	-1.759685e-03	2.189522e+00
4.429000e-05	-3.183106e-03	2.158990e+00
4.430000e-05	-3.478926e-03	2.146365e+00
4.431000e-05	-2.816836e-03	2.106707e+00
4.432000e-05	-8.098090e-04	2.054109e+00
4.433000e-05	-1.943286e-03	2.010527e+00
4.434000e-05	-3.336027e-03	2.019995e+00
4.435000e-05	-3.721053e-03	1.988992e+00
4.436000e-05	-1.395979e-03	1.959442e+00
4.437000e-05	-2.644946e-03	1.896738e+00
4.438000e-05	-3.931767e-03	1.914708e+00
4.439000e-05	-3.336198e-03	1.841600e+00
4.440000e-05	-1.524610e-03	1.800390e+00
4.441000e-05	-1.377731e-03	1.768367e+00
4.442000e-05	-3.762771e-03	1.735757e+00
4.443000e-05	-3.416528e-03	1.726133e+00
4.444000e-05	-2.483041e-03	1.602155e+00
4.445000e-05	-1.338900e-03	1.591494e+00
4.446000e-05	-3.426483e-03	1.607325e+00
4.447000e-05	-3.935748e-03	1.474154e+00
4.448000e-05	-2.447417e-03	1.402133e+00
4.449000e-05	-1.373638e-03	1.400524e+00
4.450000e-05	-2.464822e-03	1.378418e+00
4.451000e-05	-3.036871e-03	1.317214e+00
4.452000e-05	-2.776016e-03	1.284658e+00
4.453000e-05	-3.351932e-03	1.222528e+00
4.454000e-05	-3.617591e-03	1.220500e+00
4.455000e-05	-3.420953e-03	1.179970e+00
4.456000e-05	-2.616074e-03	1.116812e+00
4.457000e-05	-2.082780e-03	1.023036e+00
4.458000e-05	-3.018971e-03	9.479986e-01
4.459000e-05	-2.887402e-03	8.968195e-01
4.460000e-05	-2.769120e-03	8.636067e-01
4.461000e-05	-3.068033e-03	8.305302e-01
4.462000e-05	-2.632932e-03	7.800001e-01
4.463000e-05	-3.733868e-03	7.994724e-01
4.464000e-05	-2.941238e-03	7.163647e-01
4.465000e-05	-3.458585e-03	7.042356e-01
4.466000e-05	-2.609654e-03	6.330579e-01
4.467000e-05	-3.197585e-03	6.094526e-01
4.468000e-05	-3.758639e-03	5.484211e-01
4.469000e-05	-2.280694e-03	4.848157e-01
4.470000e-05	-2.618726e-03	4.936355e-01
4.471000e-05	-3.084359e-03	4.315790e-01
4.472000e-05	-4.088470e-03	4.100026e-01
4.473000e-05	-3.578873e-03	3.894713e-01
4.474000e-05	-2.770856e-03	3.363449e-01
4.475000e-05	-3.062463e-03	3.047555e-01
4.476000e-05	-3.740230e-03	2.516343e-01
4.477000e-05	-3.943747e-03	1.799024e-01
4.478000e-05	-2.834477e-03	5.769085e-02
4.479000e-05	-2.575100e-03	5.258771e-02
4.480000e-05	-3.294612e-03	1.000269e-02
4.481000e-05	-3.176281e-03	-2.100113e-02
4.482000e-05	-2.158390e-03	-1.107764e-02
4.483000e-05	-2.599471e-03	-9.325790e-02
4.484000e-05	-2.495194e-03	-1.353658e-01
4.485000e-05	-2.520059e-03	-1.889686e-01
4.486000e-05	-2.311504e-03	-1.990701e-01
4.487000e-05	-1.999519e-03	-2.421038e-01
4.488000e-05	-7.894936e-04	-2.831054e-01
4.489000e-05	9.048428e-03	-3.247642e-01
4.490000e-05	3.129322e-02	-3.588883e-01
4.491000e-05	-1.463748e-02	-4.300486e-01
4.492000e-05	-7.822419e-02	-4.495528e-01
4.493000e-05	1.871455e-02	-4.646576e-01
4.494000e-05	2.084517e-02	-4.862066e-01
4.495000e-05	3.717561e-02	-5.348609e-01
4.496000e-05	-9.229324e-02	-7.006777e-01
4.497000e-05	5.625093e-02	-7.363069e-01
4.498000e-05	4.798390e-02	-7.078595e-01
4.499000e-05	-4.548043e-02	-7.684686e-01
4.500000e-05	-4.536806e-03	-8.206465e-01
4.501000e-05	-1.811911e-02	-8.222226e-01
4.502000e-05	1.968514e-02	-8.926767e-01
4.503000e-05	-3.587070e-02	-9.149432e-01
4.504000e-05	6.776577e-02	-9.878909e-01
4.505000e-05	-6.955348e-02	-9.994924e-01
4.506000e-05	-4.432877e-02	-1.052648e+00
4.507000e-05	6.561494e-02	-1.114761e+00
4.508000e-05	3.886249e-02	-1.156386e+00
4.509000e-05	-1.100267e-01	-1.198442e+00
4.510000e-05	2.243550e-02	-1.241074e+00
4.511000e-05	7.074919e-02	-1.282252e+00
4.512000e-05	-2.719209e-02	-1.386368e+00
4.513000e-05	-6.477098e-02	-1.381569e+00
4.514000e-05	2.089216e-02	-1.462127e+00
4.515000e-05	4.029130e-02	-1.542388e+00
4.516000e-05	-1.769826e-02	-1.578461e+00
4.517000e-05	-3.771444e-02	-1.578991e+00
4.518000e-05	-4.706766e-03	-1.660496e+00
4.519000e-05	6.287439e-02	-1.662105e+00
4.520000e-05	-3.777372e-02	-1.733281e+00
4.521000e-05	-3.413544e-02	-1.747861e+00
4.522000e-05	1.243965e-02	-1.796940e+00
4.523000e-05	2.914290e-02	-1.861495e+00
4.524000e-05	-3.119507e-02	-1.852646e+00
4.525000e-05	-2.025529e-03	-1.913227e+00
4.526000e-05	-1.434326e-02	-1.934831e+00
4.527000e-05	2.573144e-02	-1.977412e+00
4.528000e-05	-6.784897e-03	-1.989492e+00
4.529000e-05	-2.640941e-02	-1.999939e+00
4.530000e-05	2.578019e-03	-2.011519e+00
4.531000e-05	1.792761e-02	-2.092677e+00
4.532000e-05	-9.060347e-03	-2.136231e+00
4.533000e-05	-1.688596e-02	-2.218389e+00
4.534000e-05	-6.100799e-03	-2.210040e+00
4.535000e-05	8.290734e-03	-2.341725e+00
4.536000e-05	7.226968e-03	-2.358357e+00
4.537000e-05	-2.876862e-02	-2.378439e+00
4.538000e-05	3.003944e-03	-2.390516e+00
4.539000e-05	6.918382e-03	-2.420491e+00
4.540000e-05	4.694472e-03	-2.431597e+00
4.541000e-05	-2.395193e-02	-2.493201e+00
4.542000e-05	-4.039632e-03	-2.533708e+00
4.543000e-05	9.931951e-03	-2.566882e+00
4.544000e-05	2.787303e-03	-2.629966e+00
4.545000e-05	-2.512651e-02	-2.590517e+00
4.546000e-05	7.446720e-04	-2.652095e+00
4.547000e-05	7.338998e-03	-2.674624e+00
4.548000e-05	-1.098195e-03	-2.733756e+00
4.549000e-05	-1.661229e-02	-2.756883e+00
4.550000e-05	-5.041626e-03	-2.778439e+00
4.551000e-05	1.056848e-02	-2.789965e+00
4.552000e-05	-3.628283e-03	-2.821018e+00
4.553000e-05	-1.583296e-02	-2.841020e+00
4.554000e-05	-5.868650e-03	-2.901699e+00
4.555000e-05	5.669567e-03	-2.892629e+00
4.556000e-05	-2.644685e-03	-2.956784e+00
4.557000e-05	-1.339303e-02	-3.028967e+00
4.558000e-05	-4.970010e-03	-3.052226e+00
4.559000e-05	8.159801e-03	-3.124201e+00
4.560000e-05	-3.307529e-03	-3.126832e+00
4.561000e-05	-9.553863e-03	-3.157385e+00
4.562000e-05	-1.007024e-02	-3.198460e+00
4.563000e-05	3.903872e-03	-3.209437e+00
4.564000e-05	-3.290503e-03	-3.221018e+00
4.565000e-05	-1.172418e-02	-3.281089e+00
4.566000e-05	-5.676925e-03	-3.262170e+00
4.567000e-05	3.816937e-03	-3.257249e+00
4.568000e-05	-9.124212e-04	-3.304777e+00
4.569000e-05	-8.255095e-03	-3.396781e+00
4.570000e-05	-8.336971e-03	-3.356936e+00
4.571000e-05	1.169612e-03	-3.388511e+00
4.572000e-05	-3.373556e-03	-3.419540e+00
4.573000e-05	-9.338974e-03	-3.461541e+00
4.574000e-05	-6.779331e-03	-3.462566e+00
4.575000e-05	6.789194e-04	-3.472194e+00
4.576000e-05	-3.130292e-05	-3.494704e+00
4.577000e-05	-9.139317e-03	-3.524727e+00
4.578000e-05	-6.201701e-03	-3.557906e+00
4.579000e-05	-1.136770e-03	-3.548807e+00
4.580000e-05	-2.067060e-03	-3.578432e+00
4.581000e-05	-8.998029e-03	-3.599939e+00
4.582000e-05	-6.673740e-03	-3.599461e+00
4.583000e-05	-4.078138e-04	-3.610515e+00
4.584000e-05	-1.889435e-03	-3.601016e+00
4.585000e-05	-7.582733e-03	-3.610989e+00
4.586000e-05	-6.558607e-03	-3.631540e+00
4.587000e-05	-1.277412e-03	-3.642623e+00
4.588000e-05	-3.475151e-03	-3.694648e+00
4.589000e-05	-6.975276e-03	-3.695203e+00
4.590000e-05	-5.677868e-03	-3.695753e+00
4.591000e-05	-4.633245e-04	-3.767808e+00
4.592000e-05	-2.055894e-03	-3.766890e+00
4.593000e-05	-7.110818e-03	-3.800969e+00
4.594000e-05	-6.325577e-03	-3.852525e+00
4.595000e-05	-1.747634e-03	-3.904602e+00
4.596000e-05	-3.735626e-03	-3.927827e+00
4.597000e-05	-7.153854e-03	-3.922656e+00
4.598000e-05	-6.410294e-03	-3.947781e+00
4.599000e-05	-1.467709e-03	-3.936806e+00
4.600000e-05	-1.833187e-03	-3.957731e+00
4.601000e-05	-5.225815e-03	-3.988410e+00
4.602000e-05	-6.530097e-03	-3.988407e+00
4.603000e-05	-2.782012e-03	-3.979459e+00
4.604000e-05	-4.363148e-03	-3.989412e+00
4.605000e-05	-6.477240e-03	-4.000461e+00
4.606000e-05	-6.964228e-03	-3.999535e+00
4.607000e-05	-2.739027e-03	-4.009485e+00
4.608000e-05	-1.925676e-03	-3.970437e+00
4.609000e-05	-4.800215e-03	-4.010489e+00
4.610000e-05	-5.519826e-03	-4.010990e+00
4.611000e-05	-3.388167e-03	-4.020514e+00
4.612000e-05	-3.648233e-03	-4.011489e+00
4.613000e-05	-6.171035e-03	-4.030015e+00
4.614000e-05	-7.572745e-03	-4.012091e+00
4.615000e-05	-4.678418e-03	-4.030589e+00
4.616000e-05	-2.825987e-03	-4.040018e+00
4.617000e-05	-4.895455e-03	-4.051516e+00
4.618000e-05	-6.068335e-03	-4.011593e+00
4.619000e-05	-4.453896e-03	-4.012540e+00
4.620000e-05	-2.781682e-03	-4.032090e+00
4.621000e-05	-5.036686e-03	-4.032545e+00
4.622000e-05	-6.584612e-03	-4.052544e+00
4.623000e-05	-5.289459e-03	-4.031514e+00
4.624000e-05	-3.239324e-03	-4.032045e+00
4.625000e-05	-6.421625e-03	-4.060563e+00
4.626000e-05	-5.782494e-03	-4.042140e+00
4.627000e-05	-4.840346e-03	-4.032593e+00
4.628000e-05	-4.011587e-03	-4.022095e+00
4.629000e-05	-4.991932e-03	-4.062045e+00
4.630000e-05	-5.157473e-03	-4.030566e+00
4.631000e-05	-4.058199e-03	-4.022042e+00
4.632000e-05	-3.231510e-03	-4.041540e+00
4.633000e-05	-7.073530e-03	-4.050515e+00
4.634000e-05	-5.956116e-03	-3.999543e+00
4.635000e-05	-5.440009e-03	-4.010990e+00
4.636000e-05	-3.921427e-03	-4.021041e+00
4.637000e-05	-4.274944e-03	-4.000990e+00
4.638000e-05	-4.920626e-03	-3.989990e+00
4.639000e-05	-2.807130e-03	-4.000988e+00
4.640000e-05	-3.586640e-03	-4.010015e+00
4.641000e-05	-5.650015e-03	-3.999990e+00
4.642000e-05	-6.334593e-03	-3.990014e+00
4.643000e-05	-5.500788e-03	-3.989485e+00
4.644000e-05	-4.844582e-03	-3.990437e+00
4.645000e-05	-4.913486e-03	-3.999462e+00
4.646000e-05	-4.946213e-03	-3.999909e+00
4.647000e-05	-4.601709e-03	-3.968360e+00
4.648000e-05	-3.601898e-03	-3.967407e+00
4.649000e-05	-5.048651e-03	-3.919811e+00
4.650000e-05	-4.549798e-03	-3.916328e+00
4.651000e-05	-5.692524e-03	-3.916233e+00
4.652000e-05	-4.440999e-03	-3.885221e+00
4.653000e-05	-5.072557e-03	-3.895048e+00
4.654000e-05	-4.851412e-03	-3.894557e+00
4.655000e-05	-5.667724e-03	-3.862498e+00
4.656000e-05	-3.688492e-03	-3.781015e+00
4.657000e-05	-4.604396e-03	-3.769364e+00
4.658000e-05	-4.291945e-03	-3.748265e+00
4.659000e-05	-5.354218e-03	-3.697787e+00
4.660000e-05	-3.279024e-03	-3.676181e+00
4.661000e-05	-4.938026e-03	-3.634002e+00
4.662000e-05	-4.057114e-03	-3.663070e+00
4.663000e-05	-5.343785e-03	-3.631066e+00
4.664000e-05	-3.813464e-03	-3.601017e+00
4.665000e-05	-4.620492e-03	-3.610017e+00
4.666000e-05	-5.217168e-03	-3.610464e+00
4.667000e-05	-3.903597e-03	-3.588915e+00
4.668000e-05	-4.499237e-03	-3.599464e+00
4.669000e-05	-4.057837e-03	-3.578939e+00
4.670000e-05	-5.335914e-03	-3.568286e+00
4.671000e-05	-3.851654e-03	-3.528339e+00
4.672000e-05	-3.955479e-03	-3.506108e+00
4.673000e-05	-4.370121e-03	-3.524627e+00
4.674000e-05	-5.198837e-03	-3.443552e+00
4.675000e-05	-5.205103e-03	-3.440125e+00
4.676000e-05	-5.299159e-03	-3.381044e+00
4.677000e-05	-4.310887e-03	-3.380441e+00
4.678000e-05	-4.618401e-03	-3.368391e+00
4.679000e-05	-3.756658e-03	-3.337237e+00
4.680000e-05	-3.806493e-03	-3.288360e+00
4.681000e-05	-3.826337e-03	-3.274707e+00
4.682000e-05	-4.577194e-03	-3.213170e+00
4.683000e-05	-5.207594e-03	-3.211547e+00
4.684000e-05	-5.360958e-03	-3.211016e+00
4.685000e-05	-4.780471e-03	-3.199993e+00
4.686000e-05	-5.397013e-03	-3.159964e+00
4.687000e-05	-4.707724e-03	-3.179337e+00
4.688000e-05	-4.271153e-03	-3.135835e+00
4.689000e-05	-4.127863e-03	-3.075308e+00
4.690000e-05	-4.455896e-03	-3.004006e+00
4.691000e-05	-3.359065e-03	-3.011023e+00
4.692000e-05	-5.220632e-03	-2.988866e+00
4.693000e-05	-4.182657e-03	-2.916237e+00
4.694000e-05	-5.722394e-03	-2.842553e+00
4.695000e-05	-4.648903e-03	-2.843103e+00
4.696000e-05	-5.236898e-03	-2.811546e+00
4.697000e-05	-4.530841e-03	-2.800444e+00
4.698000e-05	-3.611231e-03	-2.799391e+00
4.699000e-05	-4.823249e-03	-2.738441e+00
4.700000e-05	-3.216405e-03	-2.736387e+00
4.701000e-05	-3.785975e-03	-2.694181e+00
4.702000e-05	-4.170568e-03	-2.633603e+00
4.703000e-05	-4.797884e-03	-2.642098e+00
4.704000e-05	-4.038700e-03	-2.641521e+00
4.705000e-05	-5.370735e-03	-2.548919e+00
4.706000e-05	-4.821284e-03	-2.526283e+00
4.707000e-05	-4.803534e-03	-2.505730e+00
4.708000e-05	-4.360518e-03	-2.443100e+00
4.709000e-05	-3.591276e-03	-2.442052e+00
4.710000e-05	-4.015585e-03	-2.390548e+00
4.711000e-05	-4.182983e-03	-2.390493e+00
4.712000e-05	-4.310357e-03	-2.367290e+00
4.713000e-05	-3.876654e-03	-2.325764e+00
4.714000e-05	-4.825037e-03	-2.245230e+00
4.715000e-05	-5.800927e-03	-2.244005e+00
4.716000e-05	-4.584748e-03	-2.147270e+00
4.717000e-05	-3.811935e-03	-2.135708e+00
4.718000e-05	-3.539956e-03	-2.073104e+00
4.719000e-05	-4.025940e-03	-2.001026e+00
4.720000e-05	-3.386775e-03	-2.009470e+00
4.721000e-05	-3.001080e-03	-2.010495e+00
4.722000e-05	-3.818723e-03	-1.958315e+00
4.723000e-05	-4.940410e-03	-1.903786e+00
4.724000e-05	-3.925177e-03	-1.823603e+00
4.725000e-05	-3.799038e-03	-1.822053e+00
4.726000e-05	-3.751877e-03	-1.790473e+00
4.727000e-05	-4.980400e-03	-1.768916e+00
4.728000e-05	-3.897935e-03	-1.716783e+00
4.729000e-05	-3.384508e-03	-1.685107e+00
4.730000e-05	-4.198857e-03	-1.624177e+00
4.731000e-05	-4.719937e-03	-1.600999e+00
4.732000e-05	-2.413969e-03	-1.610948e+00
4.733000e-05	-3.440302e-03	-1.569371e+00
4.734000e-05	-5.376306e-03	-1.496740e+00
4.735000e-05	-5.002427e-03	-1.454604e+00
4.736000e-05	-3.916723e-03	-1.361819e+00
4.737000e-05	-3.660112e-03	-1.296690e+00
4.738000e-05	-4.033392e-03	-1.272685e+00
4.739000e-05	-4.079827e-03	-1.232008e+00
4.740000e-05	-2.718687e-03	-1.199425e+00
4.741000e-05	-2.560141e-03	-1.146821e+00
4.742000e-05	-3.756297e-03	-1.095761e+00
4.743000e-05	-4.920710e-03	-1.043605e+00
4.744000e-05	-4.009958e-03	-1.000504e+00
4.745000e-05	-3.966381e-03	-9.804238e-01
4.746000e-05	-4.836175e-03	-9.373883e-01
4.747000e-05	-4.600308e-03	-8.666857e-01
4.748000e-05	-3.363912e-03	-8.631054e-01
4.749000e-05	-3.000337e-03	-8.115015e-01
4.750000e-05	-3.535978e-03	-7.899500e-01
4.751000e-05	-4.074399e-03	-7.688963e-01
4.752000e-05	-3.499153e-03	-7.072684e-01
4.753000e-05	-3.891406e-03	-6.856854e-01
4.754000e-05	-4.276482e-03	-5.694329e-01
4.755000e-05	-4.546952e-03	-5.372987e-01
4.756000e-05	-3.728753e-03	-4.331831e-01
4.757000e-05	-3.767370e-03	-4.210828e-01
4.758000e-05	-4.077205e-03	-4.100001e-01
4.759000e-05	-3.324385e-03	-3.909738e-01
4.760000e-05	-3.313258e-03	-3.678220e-01
4.761000e-05	-3.144577e-03	-3.062383e-01
4.762000e-05	-3.736628e-03	-2.336094e-01
4.763000e-05	-4.355202e-03	-1.910289e-01
4.764000e-05	-3.354191e-03	-1.898510e-01
4.765000e-05	-4.326971e-03	-1.383448e-01
4.766000e-05	-3.904125e-03	-6.421458e-02
4.767000e-05	-3.388974e-03	-5.258540e-02
4.768000e-05	-1.229324e-03	-3.205908e-02
4.769000e-05	-5.347639e-04	2.049863e-02
4.770000e-05	-1.878907e-03	2.154907e-02
4.771000e-05	-1.923153e-03	6.260534e-02
4.772000e-05	-1.795421e-03	1.283370e-01
4.773000e-05	-2.408095e-03	1.794711e-01
4.774000e-05	4.214069e-03	2.747278e-01
4.775000e-05	1.999986e-02	3.248831e-01
4.776000e-05	1.003922e-02	3.794411e-01
4.777000e-05	-4.155200e-02	3.995475e-01
4.778000e-05	-4.734707e-02	4.004987e-01
4.779000e-05	4.882530e-02	4.526753e-01
4.780000e-05	2.255933e-02	5.532343e-01
4.781000e-05	-3.959448e-02	5.369132e-01
4.782000e-05	-3.249109e-02	5.699673e-01
4.783000e-05	6.316708e-02	6.215002e-01
4.784000e-05	1.123104e-02	7.232817e-01
4.785000e-05	-3.796681e-02	7.138121e-01
4.786000e-05	-1.948684e-02	7.558858e-01
4.787000e-05	2.587329e-02	8.095186e-01
4.788000e-05	-4.160610e-02	7.909950e-01
4.789000e-05	6.390511e-02	8.225977e-01
4.790000e-05	-2.728250e-02	8.927820e-01
4.791000e-05	-4.440524e-02	9.675222e-01
4.792000e-05	1.078699e-02	1.061244e+00
4.793000e-05	5.495376e-02	1.085182e+00
4.794000e-05	-3.440198e-02	1.187440e+00
4.795000e-05	-6.587985e-02	1.159514e+00
4.796000e-05	6.619530e-02	1.231075e+00
4.797000e-05	2.050741e-02	1.292731e+00
4.798000e-05	-3.268256e-02	1.314841e+00
4.799000e-05	-4.471004e-02	1.378436e+00
4.800000e-05	4.606096e-02	1.409596e+00
4.801000e-05	4.930379e-03	1.464124e+00
4.802000e-05	-1.172452e-02	1.523411e+00
4.803000e-05	-3.785929e-02	1.629468e+00
4.804000e-05	3.942345e-02	1.612221e+00
4.805000e-05	-7.065797e-04	1.693129e+00
4.806000e-05	-1.743086e-02	1.707309e+00
4.807000e-05	-1.526529e-02	1.786858e+00
4.808000e-05	1.346106e-02	1.738965e+00
4.809000e-05	2.372549e-03	1.830020e+00
4.810000e-05	-4.120929e-03	1.832172e+00
4.811000e-05	-9.529285e-03	1.945181e+00
4.812000e-05	-4.806708e-03	1.946386e+00
4.813000e-05	1.831217e-02	1.976484e+00
4.814000e-05	-1.546062e-02	2.020517e+00
4.815000e-05	-7.330593e-03	2.010494e+00
4.816000e-05	-4.006634e-03	2.071545e+00
4.817000e-05	1.699623e-02	2.052649e+00
4.818000e-05	-1.687245e-02	2.086807e+00
4.819000e-05	-1.861271e-03	2.157866e+00
4.820000e-05	-5.932990e-03	2.190513e+00
4.821000e-05	1.335727e-02	2.219495e+00
4.822000e-05	-1.004191e-02	2.252150e+00
4.823000e-05	-5.647708e-03	2.275251e+00
4.824000e-05	-4.353808e-03	2.336828e+00
4.825000e-05	1.108118e-02	2.368316e+00
4.826000e-05	-8.873439e-03	2.388937e+00
4.827000e-05	-1.136878e-02	2.410966e+00
4.828000e-05	2.776075e-03	2.410520e+00
4.829000e-05	6.996801e-03	2.454125e+00
4.830000e-05	-4.777722e-03	2.513826e+00
4.831000e-05	-1.206958e-02	2.587878e+00
4.832000e-05	6.181170e-03	2.657993e+00
4.833000e-05	3.421574e-03	2.685725e+00
4.834000e-05	-3.813832e-03	2.726851e+00
4.835000e-05	-1.210229e-02	2.727911e+00
4.836000e-05	4.104919e-03	2.797485e+00
4.837000e-05	1.867564e-03	2.800514e+00
4.838000e-05	-3.106203e-03	2.840044e+00
4.839000e-05	-9.805967e-03	2.852044e+00
4.840000e-05	3.734974e-03	2.851149e+00
4.841000e-05	2.448883e-03	2.925150e+00
4.842000e-05	-1.328911e-03	2.927306e+00
4.843000e-05	-7.852638e-03	2.957383e+00
4.844000e-05	6.379250e-04	2.997937e+00
4.845000e-05	3.093002e-03	3.010036e+00
4.846000e-05	-3.243181e-03	3.011565e+00
4.847000e-05	-7.760262e-03	3.071568e+00
4.848000e-05	-2.066667e-03	3.073780e+00
4.849000e-05	3.636305e-03	3.114799e+00
4.850000e-05	-9.395203e-04	3.177883e+00
4.851000e-05	-5.408365e-03	3.167879e+00
4.852000e-05	6.898897e-04	3.189914e+00
4.853000e-05	3.058632e-03	3.199014e+00
4.854000e-05	-1.728268e-03	3.209543e+00
4.855000e-05	-7.434807e-03	3.221513e+00
4.856000e-05	-2.574656e-03	3.252624e+00
4.857000e-05	1.612426e-03	3.272173e+00
4.858000e-05	-5.672509e-04	3.305728e+00
4.859000e-05	-2.965612e-03	3.317810e+00
4.860000e-05	-1.692383e-03	3.349486e+00
4.861000e-05	4.472540e-03	3.437665e+00
4.862000e-05	-2.392095e-03	3.433079e+00
4.863000e-05	-3.832762e-03	3.523745e+00
4.864000e-05	-3.681101e-03	3.553805e+00
4.865000e-05	2.523011e-03	3.546831e+00
4.866000e-05	-2.876781e-03	3.546908e+00
4.867000e-05	-2.607509e-03	3.579435e+00
4.868000e-05	-1.666149e-03	3.599963e+00
4.869000e-05	2.746124e-03	3.598986e+00
4.870000e-05	-1.478616e-03	3.620467e+00
4.871000e-05	-2.664842e-03	3.620492e+00
4.872000e-05	-1.495588e-03	3.621017e+00
4.873000e-05	1.623106e-03	3.652515e+00
4.874000e-05	-2.170074e-03	3.682098e+00
4.875000e-05	-2.815902e-03	3.663622e+00
4.876000e-05	-1.884752e-03	3.725275e+00
4.877000e-05	-2.819145e-04	3.705224e+00
4.878000e-05	-4.707849e-04	3.735253e+00
4.879000e-05	-2.848958e-03	3.766928e+00
4.880000e-05	-7.345856e-04	3.747358e+00
4.881000e-05	-1.261484e-04	3.778457e+00
4.882000e-05	-7.856231e-04	3.788465e+00
4.883000e-05	-2.884216e-03	3.788462e+00
4.884000e-05	-1.161002e-03	3.780439e+00
4.885000e-05	-4.425586e-06	3.802040e+00
4.886000e-05	-3.075729e-04	3.821066e+00
4.887000e-05	-3.218987e-03	3.821066e+00
4.888000e-05	-1.728814e-03	3.842568e+00
4.889000e-05	-2.422309e-04	3.861622e+00
4.890000e-05	-1.751621e-03	3.881618e+00
4.891000e-05	-2.173386e-03	3.872723e+00
4.892000e-05	-1.864242e-03	3.864719e+00
4.893000e-05	8.161711e-04	3.844256e+00
4.894000e-05	-1.208640e-03	3.885203e+00
4.895000e-05	-1.920161e-03	3.914197e+00
4.896000e-05	-1.690593e-03	3.893726e+00
4.897000e-05	-5.876875e-04	3.935354e+00
4.898000e-05	-2.191065e-03	3.937353e+00
4.899000e-05	-2.463438e-03	3.927328e+00
4.900000e-05	-1.883401e-03	3.924856e+00
4.901000e-05	2.716723e-04	3.917262e+00
4.902000e-05	-1.980669e-04	3.924256e+00
4.903000e-05	-7.546805e-04	3.907306e+00
4.904000e-05	-1.346310e-03	3.936255e+00
4.905000e-05	6.037871e-04	3.958856e+00
4.906000e-05	-1.665952e-03	3.966885e+00
4.907000e-05	-2.053633e-03	3.917806e+00
4.908000e-05	-3.400627e-03	3.947955e+00
4.909000e-05	-2.207790e-03	3.958884e+00
4.910000e-05	-1.715087e-04	3.926357e+00
4.911000e-05	-4.316142e-04	3.966934e+00
4.912000e-05	-1.118596e-03	3.978332e+00
4.913000e-05	1.147217e-03	3.977907e+00
4.914000e-05	-1.495470e-03	3.926313e+00
4.915000e-05	-1.272844e-03	3.966431e+00
4.916000e-05	-3.326062e-03	3.946905e+00
4.917000e-05	-9.784933e-04	3.908281e+00
4.918000e-05	1.336078e-04	3.956382e+00
4.919000e-05	-3.433590e-03	3.936308e+00
4.920000e-05	-4.478576e-04	3.896298e+00
4.921000e-05	-7.497359e-04	3.916732e+00
4.922000e-05	5.795130e-04	3.885179e+00
4.923000e-05	-6.045880e-04	3.895277e+00
4.924000e-05	-2.198290e-03	3.903248e+00
4.925000e-05	-8.102570e-04	3.874723e+00
4.926000e-05	-1.985800e-03	3.884199e+00
4.927000e-05	-1.818773e-03	3.853025e+00
4.928000e-05	-1.628870e-03	3.852598e+00
4.929000e-05	-2.267104e-03	3.852069e+00
4.930000e-05	7.265340e-04	3.822490e+00
4.931000e-05	-1.990032e-03	3.801069e+00
4.932000e-05	-4.529093e-04	3.820468e+00
4.933000e-05	-1.207958e-03	3.810485e+00
4.934000e-05	-5.772376e-04	3.799543e+00
4.935000e-05	-1.590474e-03	3.809912e+00
4.936000e-05	-2.581429e-03	3.769411e+00
4.937000e-05	-3.140800e-04	3.758912e+00
4.938000e-05	-2.561437e-03	3.768410e+00
4.939000e-05	-1.576350e-03	3.737332e+00
4.940000e-05	-2.370594e-03	3.716380e+00
4.941000e-05	-3.898511e-04	3.705704e+00
4.942000e-05	6.871386e-04	3.693678e+00
4.943000e-05	-1.582605e-03	3.653226e+00
4.944000e-05	-1.325818e-03	3.672568e+00
4.945000e-05	-5.534339e-04	3.682094e+00
4.946000e-05	-2.483461e-03	3.611591e+00
4.947000e-05	-2.352835e-03	3.612094e+00
4.948000e-05	-3.695333e-03	3.610515e+00
4.949000e-05	-1.189335e-03	3.579964e+00
4.950000e-05	-6.487690e-04	3.598940e+00
4.951000e-05	-1.457029e-03	3.569915e+00
4.952000e-05	-1.906061e-03	3.529938e+00
4.953000e-05	-1.486737e-04	3.567409e+00
4.954000e-05	-1.255581e-03	3.506306e+00
4.955000e-05	-2.483377e-03	3.536101e+00
4.956000e-05	-3.037367e-03	3.402647e+00
4.957000e-05	-2.024956e-03	3.432046e+00
4.958000e-05	-7.602691e-04	3.399319e+00
4.959000e-05	-2.276556e-03	3.324317e+00
4.960000e-05	-2.621420e-03	3.325727e+00
4.961000e-05	-2.781277e-04	3.254225e+00
4.962000e-05	-8.098682e-04	3.241698e+00
4.963000e-05	-1.382721e-03	3.211569e+00
4.964000e-05	-2.050228e-03	3.211520e+00
4.965000e-05	-6.362131e-04	3.189993e+00
4.966000e-05	-1.896895e-03	3.178990e+00
4.967000e-05	-3.710041e-03	3.189390e+00
4.968000e-05	-2.494555e-03	3.156383e+00
4.969000e-05	-2.100715e-03	3.096731e+00
4.970000e-05	-9.349161e-04	3.115681e+00
4.971000e-05	-2.373936e-03	3.084127e+00
4.972000e-05	-1.124581e-03	3.040543e+00
4.973000e-05	-1.293531e-03	2.962469e+00
4.974000e-05	-7.286741e-04	2.988442e+00
4.975000e-05	-3.320945e-03	2.926832e+00
4.976000e-05	-2.734883e-03	2.896285e+00
4.977000e-05	-1.920123e-03	2.895656e+00
4.978000e-05	-2.089338e-03	2.864625e+00
4.979000e-05	-2.792137e-03	2.801599e+00
4.980000e-05	-1.752715e-03	2.820996e+00
4.981000e-05	-1.712289e-03	2.800470e+00
4.982000e-05	-4.682831e-04	2.798941e+00
4.983000e-05	-1.909931e-03	2.778941e+00
4.984000e-05	-2.219577e-03	2.746856e+00
4.985000e-05	-2.005033e-03	2.704708e+00
4.986000e-05	-2.514988e-03	2.630624e+00
4.987000e-05	-2.172375e-03	2.560392e+00
4.988000e-05	-3.113933e-03	2.475811e+00
4.989000e-05	-1.482935e-03	2.423203e+00
4.990000e-05	-1.079813e-03	2.463078e+00
4.991000e-05	-1.074837e-03	2.419969e+00
4.992000e-05	-2.493175e-03	2.389418e+00
4.993000e-05	-1.839186e-03	2.378441e+00
4.994000e-05	-1.667438e-03	2.317263e+00
4.995000e-05	-2.423323e-03	2.334403e+00
4.996000e-05	-1.645742e-03	2.244177e+00
4.997000e-05	-1.803660e-03	2.211578e+00
4.998000e-05	-1.491035e-03	2.149444e+00
4.999000e-05	-3.225102e-03	2.159393e+00
