# 260928_11:08:42.745257
t	CH1	CH2
0.000000e+00	-5.978149e-03	3.994775e-01
1.000000e-08	-3.312309e-03	9.524315e-02
2.000000e-08	5.516761e-04	-1.894185e-01
3.000000e-08	5.641341e-03	-4.625764e-01
4.000000e-08	-4.530376e-03	-7.671893e-01
5.000000e-08	-1.486007e-03	-1.018449e+00
6.000000e-08	-5.779229e-03	-1.303654e+00
7.000000e-08	-2.362543e-03	-1.579394e+00
8.000000e-08	3.105938e-05	-1.780524e+00
9.000000e-08	3.749925e-02	-2.051524e+00
1.000000e-07	8.207087e-02	-2.336738e+00
1.100000e-07	-5.982900e-02	-2.756808e+00
1.200000e-07	-3.739901e-02	-3.146158e+00
1.300000e-07	-4.458393e-02	-3.409844e+00
1.400000e-07	-3.225590e-02	-3.611942e+00
1.500000e-07	-6.072629e-02	-3.851074e+00
1.600000e-07	1.254508e-01	-4.021500e+00
1.700000e-07	-8.781456e-02	-4.312650e+00
1.800000e-07	3.199379e-02	-4.559387e+00
1.900000e-07	9.707887e-02	-4.806924e+00
2.000000e-07	-1.460422e-01	-5.168786e+00
2.100000e-07	9.342756e-02	-5.473571e+00
2.200000e-07	-1.365310e-01	-5.748182e+00
2.300000e-07	5.530685e-02	-6.011425e+00
2.400000e-07	2.836224e-02	-6.223524e+00
2.500000e-07	-6.732752e-02	-6.579336e+00
2.600000e-07	1.086974e-01	-6.828369e+00
2.700000e-07	-9.662010e-02	-7.085682e+00
2.800000e-07	4.383781e-02	-7.378941e+00
2.900000e-07	-5.877228e-02	-7.611441e+00
3.000000e-07	-8.660809e-03	-7.945778e+00
3.100000e-07	5.085767e-02	-8.138361e+00
3.200000e-07	-7.629643e-02	-8.440422e+00
3.300000e-07	9.175131e-02	-8.674468e+00
3.400000e-07	-8.682377e-02	-8.926206e+00
3.500000e-07	3.170094e-02	-9.157263e+00
3.600000e-07	-3.353170e-02	-9.327806e+00
3.700000e-07	-8.353179e-03	-9.622412e+00
3.800000e-07	2.476371e-02	-9.781917e+00
3.900000e-07	-4.672706e-02	-1.005207e+01
4.000000e-07	4.803258e-02	-1.024355e+01
4.100000e-07	-6.366009e-02	-1.051562e+01
4.200000e-07	3.596270e-02	-1.070473e+01
4.300000e-07	-5.480076e-02	-1.089560e+01
4.400000e-07	2.234583e-02	-1.109563e+01
4.500000e-07	-2.067947e-02	-1.132515e+01
4.600000e-07	9.865350e-04	-1.152923e+01
4.700000e-07	-7.329319e-03	-1.172768e+01
4.800000e-07	-1.711678e-02	-1.197878e+01
4.900000e-07	-1.756241e-03	-1.212773e+01
5.000000e-07	-2.688147e-02	-1.229770e+01
5.100000e-07	7.722621e-03	-1.249822e+01
5.200000e-07	-2.627444e-02	-1.267310e+01
5.300000e-07	8.508867e-03	-1.284304e+01
5.400000e-07	-3.110165e-02	-1.302084e+01
5.500000e-07	4.285847e-03	-1.320931e+01
5.600000e-07	-2.666646e-02	-1.330620e+01
5.700000e-07	2.337470e-04	-1.345549e+01
5.800000e-07	-2.117622e-02	-1.357144e+01
5.900000e-07	-9.444186e-03	-1.376086e+01
6.000000e-07	-1.242725e-02	-1.385662e+01
6.100000e-07	-1.882390e-02	-1.403399e+01
6.200000e-07	-1.359210e-02	-1.410878e+01
6.300000e-07	-2.374529e-02	-1.427507e+01
6.400000e-07	-7.206049e-03	-1.439237e+01
6.500000e-07	-2.134527e-02	-1.451763e+01
6.600000e-07	-1.100769e-02	-1.460284e+01
6.700000e-07	-2.250156e-02	-1.467560e+01
6.800000e-07	-1.404819e-02	-1.480234e+01
6.900000e-07	-2.351217e-02	-1.486567e+01
7.000000e-07	-2.100807e-02	-1.495021e+01
7.100000e-07	-2.395533e-02	-1.501332e+01
7.200000e-07	-1.844202e-02	-1.507615e+01
7.300000e-07	-2.323513e-02	-1.514936e+01
7.400000e-07	-2.397971e-02	-1.523292e+01
7.500000e-07	-2.538661e-02	-1.529465e+01
7.600000e-07	-2.354778e-02	-1.534868e+01
7.700000e-07	-2.763811e-02	-1.539286e+01
7.800000e-07	-3.214222e-02	-1.543394e+01
7.900000e-07	-3.097190e-02	-1.546397e+01
8.000000e-07	-3.118363e-02	-1.545560e+01
8.100000e-07	-3.174279e-02	-1.549665e+01
8.200000e-07	-3.715590e-02	-1.548868e+01
8.300000e-07	-3.595857e-02	-1.548823e+01
8.400000e-07	-3.719488e-02	-1.551921e+01
8.500000e-07	-4.000275e-02	-1.547765e+01
8.600000e-07	-4.395887e-02	-1.552818e+01
8.700000e-07	-4.375384e-02	-1.547672e+01
8.800000e-07	-4.245312e-02	-1.548608e+01
8.900000e-07	-4.309096e-02	-1.545357e+01
9.000000e-07	-4.300298e-02	-1.540202e+01
9.100000e-07	-4.148490e-02	-1.536341e+01
9.200000e-07	-3.872706e-02	-1.535977e+01
9.300000e-07	-3.703137e-02	-1.527718e+01
9.400000e-07	-3.663326e-02	-1.523192e+01
9.500000e-07	-3.655033e-02	-1.519094e+01
9.600000e-07	-3.321930e-02	-1.512918e+01
9.700000e-07	-3.023709e-02	-1.504605e+01
9.800000e-07	-2.964141e-02	-1.499182e+01
9.900000e-07	-2.779511e-02	-1.493766e+01
1.000000e-06	-2.557976e-02	-1.484447e+01
1.010000e-06	-2.348854e-02	-1.473889e+01
1.020000e-06	-2.302450e-02	-1.464403e+01
1.030000e-06	-2.318077e-02	-1.458084e+01
1.040000e-06	-2.110930e-02	-1.442460e+01
1.050000e-06	-1.892038e-02	-1.430929e+01
1.060000e-06	-1.832546e-02	-1.420594e+01
1.070000e-06	-1.823897e-02	-1.407562e+01
1.080000e-06	-1.716497e-02	-1.399173e+01
1.090000e-06	-1.440170e-02	-1.383450e+01
1.100000e-06	-1.537698e-02	-1.370461e+01
1.110000e-06	-1.711274e-02	-1.354886e+01
1.120000e-06	-1.411204e-02	-1.341344e+01
1.130000e-06	-1.199589e-02	-1.326603e+01
1.140000e-06	-1.258320e-02	-1.311811e+01
1.150000e-06	-1.400684e-02	-1.297776e+01
1.160000e-06	-1.145632e-02	-1.276195e+01
1.170000e-06	-1.032213e-02	-1.264399e+01
1.180000e-06	-1.127884e-02	-1.246308e+01
1.190000e-06	-1.360193e-02	-1.226513e+01
1.200000e-06	-1.156658e-02	-1.211676e+01
1.210000e-06	-9.634293e-03	-1.189711e+01
1.220000e-06	-9.812906e-03	-1.169513e+01
1.230000e-06	-1.103068e-02	-1.143605e+01
1.240000e-06	-8.478161e-03	-1.124402e+01
1.250000e-06	-7.838058e-03	-1.105303e+01
1.260000e-06	-8.826595e-03	-1.084298e+01
1.270000e-06	-1.049364e-02	-1.065405e+01
1.280000e-06	-9.845395e-03	-1.044455e+01
1.290000e-06	-7.298764e-03	-1.020347e+01
1.300000e-06	-8.375313e-03	-1.001087e+01
1.310000e-06	-9.452273e-03	-9.769872e+00
1.320000e-06	-8.624285e-03	-9.557896e+00
1.330000e-06	-7.022115e-03	-9.318262e+00
1.340000e-06	-8.163000e-03	-9.106232e+00
1.350000e-06	-9.220454e-03	-8.895110e+00
1.360000e-06	-8.881658e-03	-8.624026e+00
1.370000e-06	-6.735093e-03	-8.378392e+00
1.380000e-06	-7.886541e-03	-8.158794e+00
1.390000e-06	-8.468829e-03	-7.856188e+00
1.400000e-06	-7.930811e-03	-7.620451e+00
1.410000e-06	-6.117142e-03	-7.358816e+00
1.420000e-06	-6.311163e-03	-7.087210e+00
1.430000e-06	-8.092077e-03	-6.821054e+00
1.440000e-06	-6.495252e-03	-6.570448e+00
1.450000e-06	-6.292165e-03	-6.328292e+00
1.460000e-06	-6.719957e-03	-6.071527e+00
1.470000e-06	-7.075282e-03	-5.758424e+00
1.480000e-06	-7.867925e-03	-5.517188e+00
1.490000e-06	-6.175942e-03	-5.193521e+00
1.500000e-06	-5.777876e-03	-4.857709e+00
1.510000e-06	-4.616980e-03	-4.559997e+00
1.520000e-06	-7.544325e-03	-4.348821e+00
1.530000e-06	-5.283130e-03	-4.076295e+00
1.540000e-06	-7.436962e-03	-3.792529e+00
1.550000e-06	-5.087059e-03	-3.537240e+00
1.560000e-06	-5.893656e-03	-3.245708e+00
1.570000e-06	-4.258914e-03	-2.951399e+00
1.580000e-06	-4.724340e-03	-2.684688e+00
1.590000e-06	-3.212342e-03	-2.412603e+00
1.600000e-06	-4.999095e-03	-2.085313e+00
1.610000e-06	-4.402713e-03	-1.843058e+00
1.620000e-06	-5.775807e-03	-1.548919e+00
1.630000e-06	-5.627493e-03	-1.219555e+00
1.640000e-06	-2.376503e-03	-8.958735e-01
1.650000e-06	-6.862391e-03	-6.321042e-01
1.660000e-06	-1.651855e-04	-3.368711e-01
1.670000e-06	-3.058431e-03	-9.421327e-02
1.680000e-06	1.049049e-02	2.105486e-01
1.690000e-06	1.562485e-03	4.836578e-01
1.700000e-06	3.685273e-03	7.162871e-01
1.710000e-06	-1.148070e-03	1.021500e+00
1.720000e-06	1.581642e-03	1.346261e+00
1.730000e-06	-8.384397e-04	1.610598e+00
1.740000e-06	5.036938e-03	1.884153e+00
1.750000e-06	2.453832e-02	2.084808e+00
1.760000e-06	7.786061e-02	2.359870e+00
1.770000e-06	-3.121263e-03	2.759235e+00
1.780000e-06	-5.286610e-02	3.034101e+00
1.790000e-06	-3.721860e-02	3.316858e+00
1.800000e-06	-8.799069e-03	3.610996e+00
1.810000e-06	-3.650680e-02	3.852529e+00
1.820000e-06	-3.948061e-02	4.032475e+00
1.830000e-06	9.036012e-02	4.307781e+00
1.840000e-06	-3.648293e-02	4.610969e+00
1.850000e-06	6.949520e-02	4.874023e+00
1.860000e-06	3.905745e-02	5.232970e+00
1.870000e-06	-8.385170e-02	5.496729e+00
1.880000e-06	4.940624e-02	5.739290e+00
1.890000e-06	-3.954085e-02	6.032895e+00
1.900000e-06	3.705521e-02	6.294153e+00
1.910000e-06	-1.622707e-02	6.520410e+00
1.920000e-06	-3.448790e-03	6.873025e+00
1.930000e-06	6.073209e-02	7.105129e+00
1.940000e-06	-2.979845e-02	7.410262e+00
1.950000e-06	-8.072805e-03	7.675047e+00
1.960000e-06	-2.701500e-02	7.907156e+00
1.970000e-06	5.734365e-02	8.192418e+00
1.980000e-06	-2.994732e-03	8.451947e+00
1.990000e-06	-2.881531e-02	8.675544e+00
2.000000e-06	4.217019e-02	8.875652e+00
2.010000e-06	-1.309747e-02	9.108228e+00
2.020000e-06	1.455514e-02	9.347761e+00
2.030000e-06	-2.434097e-02	9.619940e+00
2.040000e-06	2.026304e-02	9.832914e+00
2.050000e-06	1.322840e-02	1.005410e+01
2.060000e-06	8.532500e-03	1.028500e+01
2.070000e-06	-2.125538e-04	1.049663e+01
2.080000e-06	-1.255524e-02	1.066668e+01
2.090000e-06	2.701709e-02	1.089570e+01
2.100000e-06	-1.082783e-02	1.111720e+01
2.110000e-06	1.064877e-02	1.131918e+01
2.120000e-06	-1.701474e-03	1.151768e+01
2.130000e-06	2.432641e-02	1.173930e+01
2.140000e-06	1.156586e-03	1.193728e+01
2.150000e-06	1.276711e-03	1.213773e+01
2.160000e-06	5.413944e-04	1.230608e+01
2.170000e-06	1.187750e-02	1.248613e+01
2.180000e-06	1.254146e-02	1.263392e+01
2.190000e-06	-1.408985e-03	1.278244e+01
2.200000e-06	1.182798e-02	1.301094e+01
2.210000e-06	8.897823e-03	1.312825e+01
2.220000e-06	1.544070e-02	1.329767e+01
2.230000e-06	-4.133667e-03	1.344242e+01
2.240000e-06	1.043601e-02	1.360301e+01
2.250000e-06	1.305863e-02	1.367913e+01
2.260000e-06	1.638680e-02	1.386550e+01
2.270000e-06	3.149881e-03	1.396241e+01
2.280000e-06	7.319449e-03	1.418280e+01
2.290000e-06	1.851845e-02	1.427658e+01
2.300000e-06	1.275310e-02	1.436131e+01
2.310000e-06	7.239479e-03	1.445720e+01
2.320000e-06	8.196232e-03	1.461247e+01
2.330000e-06	2.246773e-02	1.472011e+01
2.340000e-06	1.497067e-02	1.481146e+01
2.350000e-06	1.070579e-02	1.485567e+01
2.360000e-06	1.248251e-02	1.493870e+01
2.370000e-06	2.140396e-02	1.502392e+01
2.380000e-06	1.915500e-02	1.507657e+01
2.390000e-06	1.232762e-02	1.515823e+01
2.400000e-06	1.615827e-02	1.520288e+01
2.410000e-06	2.420356e-02	1.526602e+01
2.420000e-06	2.421971e-02	1.530715e+01
2.430000e-06	1.735871e-02	1.533931e+01
2.440000e-06	2.179665e-02	1.537226e+01
2.450000e-06	2.958399e-02	1.539247e+01
2.460000e-06	3.023031e-02	1.541509e+01
2.470000e-06	2.355868e-02	1.542748e+01
2.480000e-06	2.547336e-02	1.543655e+01
2.490000e-06	3.425839e-02	1.546911e+01
2.500000e-06	3.528639e-02	1.549722e+01
2.510000e-06	3.199215e-02	1.547657e+01
2.520000e-06	3.209950e-02	1.543810e+01
2.530000e-06	4.013853e-02	1.545555e+01
2.540000e-06	4.039729e-02	1.545559e+01
2.550000e-06	3.477530e-02	1.542387e+01
2.560000e-06	3.160647e-02	1.539334e+01
2.570000e-06	3.632785e-02	1.532981e+01
2.580000e-06	3.603965e-02	1.527868e+01
2.590000e-06	2.804989e-02	1.525605e+01
2.600000e-06	2.616686e-02	1.519339e+01
2.610000e-06	2.926899e-02	1.517976e+01
2.620000e-06	2.861467e-02	1.506812e+01
2.630000e-06	2.094694e-02	1.502399e+01
2.640000e-06	1.948289e-02	1.491074e+01
2.650000e-06	2.146295e-02	1.486708e+01
2.660000e-06	2.102827e-02	1.477037e+01
2.670000e-06	1.556356e-02	1.469863e+01
2.680000e-06	1.296123e-02	1.458247e+01
2.690000e-06	1.588047e-02	1.449920e+01
2.700000e-06	1.433648e-02	1.439139e+01
2.710000e-06	1.148856e-02	1.424668e+01
2.720000e-06	7.985875e-03	1.414031e+01
2.730000e-06	1.149760e-02	1.401237e+01
2.740000e-06	1.132283e-02	1.386818e+01
2.750000e-06	8.228602e-03	1.374076e+01
2.760000e-06	5.331544e-03	1.360444e+01
2.770000e-06	6.626939e-03	1.344710e+01
2.780000e-06	8.340767e-03	1.329879e+01
2.790000e-06	4.842317e-03	1.314186e+01
2.800000e-06	3.287978e-03	1.295400e+01
2.810000e-06	4.451066e-03	1.285652e+01
2.820000e-06	5.667589e-03	1.267666e+01
2.830000e-06	3.872641e-03	1.254982e+01
2.840000e-06	1.909256e-03	1.234144e+01
2.850000e-06	4.412109e-03	1.219287e+01
2.860000e-06	3.648648e-03	1.201399e+01
2.870000e-06	3.531567e-03	1.182353e+01
2.880000e-06	-3.753295e-04	1.156449e+01
2.890000e-06	2.557917e-03	1.141397e+01
2.900000e-06	1.431906e-03	1.116147e+01
2.910000e-06	1.382140e-03	1.094092e+01
2.920000e-06	1.917399e-04	1.081252e+01
2.930000e-06	1.591374e-03	1.058992e+01
2.940000e-06	3.221344e-03	1.033129e+01
2.950000e-06	1.525041e-03	1.011989e+01
2.960000e-06	-8.763922e-04	9.868761e+00
2.970000e-06	-1.070265e-04	9.697135e+00
2.980000e-06	6.715951e-04	9.454580e+00
2.990000e-06	-6.567754e-04	9.254529e+00
3.000000e-06	-2.164256e-03	9.013496e+00
3.010000e-06	-1.527406e-03	8.812847e+00
3.020000e-06	8.341283e-04	8.529818e+00
3.030000e-06	2.455839e-04	8.307837e+00
3.040000e-06	-1.409266e-03	8.026058e+00
3.050000e-06	-2.085373e-03	7.802976e+00
3.060000e-06	-6.397763e-04	7.549266e+00
3.070000e-06	-1.199639e-03	7.264653e+00
3.080000e-06	-2.688031e-03	6.993023e+00
3.090000e-06	-2.911258e-03	6.719941e+00
3.100000e-06	-1.169005e-03	6.486706e+00
3.110000e-06	-2.090477e-03	6.192528e+00
3.120000e-06	-2.377785e-03	5.970922e+00
3.130000e-06	-2.662776e-03	5.686237e+00
3.140000e-06	-1.486684e-03	5.412081e+00
3.150000e-06	-3.701119e-03	5.118741e+00
3.160000e-06	-3.488855e-03	4.789895e+00
3.170000e-06	-3.336348e-03	4.528265e+00
3.180000e-06	-2.497065e-03	4.243608e+00
3.190000e-06	-3.659615e-03	3.957871e+00
3.200000e-06	-4.417445e-03	3.686683e+00
3.210000e-06	-4.020641e-03	3.381530e+00
3.220000e-06	-3.802784e-03	3.117266e+00
3.230000e-06	-4.316683e-03	2.865217e+00
3.240000e-06	-5.072934e-03	2.543054e+00
3.250000e-06	-4.458415e-03	2.245135e+00
3.260000e-06	-4.532422e-03	2.031007e+00
3.270000e-06	-4.205994e-03	1.686923e+00
3.280000e-06	-5.989547e-03	1.421628e+00
3.290000e-06	-5.988438e-03	1.097321e+00
3.300000e-06	-4.598522e-03	7.999814e-01
3.310000e-06	-5.123619e-03	4.857695e-01
3.320000e-06	-5.608052e-03	2.651079e-01
3.330000e-06	-3.389508e-03	-9.218026e-02
3.340000e-06	5.555452e-03	-2.547342e-01
3.350000e-06	-2.215108e-03	-5.883421e-01
3.360000e-06	-1.732811e-03	-9.037303e-01
3.370000e-06	-5.674880e-03	-1.125286e+00
3.380000e-06	-1.683196e-03	-1.441598e+00
3.390000e-06	-4.796070e-03	-1.723732e+00
3.400000e-06	1.306097e-02	-1.915815e+00
3.410000e-06	7.685270e-02	-2.158438e+00
3.420000e-06	1.859577e-02	-2.526711e+00
3.430000e-06	-6.892078e-02	-2.966632e+00
3.440000e-06	-3.569309e-02	-3.293150e+00
3.450000e-06	-3.665990e-02	-3.494632e+00
3.460000e-06	-5.856011e-02	-3.725209e+00
3.470000e-06	2.479291e-02	-3.919341e+00
3.480000e-06	7.990915e-02	-4.157837e+00
3.490000e-06	-1.315601e-01	-4.411074e+00
3.500000e-06	1.755055e-01	-4.675603e+00
3.510000e-06	-8.652598e-02	-4.994788e+00
3.520000e-06	-1.357539e-02	-5.337761e+00
3.530000e-06	1.390260e-02	-5.538364e+00
3.540000e-06	-1.168262e-01	-5.875676e+00
3.550000e-06	1.350473e-01	-6.126260e+00
3.560000e-06	-1.006789e-01	-6.391387e+00
3.570000e-06	6.504104e-02	-6.714082e+00
3.580000e-06	6.345009e-03	-6.947603e+00
3.590000e-06	-5.518365e-02	-7.263051e+00
3.600000e-06	4.382847e-02	-7.505254e+00
3.610000e-06	-9.684461e-02	-7.768886e+00
3.620000e-06	8.381719e-02	-8.054503e+00
3.630000e-06	-5.736471e-02	-8.294102e+00
3.640000e-06	1.775171e-02	-8.538258e+00
3.650000e-06	2.282617e-02	-8.780912e+00
3.660000e-06	-6.993864e-02	-9.022969e+00
3.670000e-06	5.676169e-02	-9.252922e+00
3.680000e-06	-7.831336e-02	-9.495124e+00
3.690000e-06	6.389599e-02	-9.726654e+00
3.700000e-06	-5.382579e-02	-9.936210e+00
3.710000e-06	2.804500e-02	-1.015733e+01
3.720000e-06	-2.190767e-02	-1.038936e+01
3.730000e-06	-1.691614e-02	-1.062089e+01
3.740000e-06	5.196378e-03	-1.075936e+01
3.750000e-06	-3.698940e-02	-1.101151e+01
3.760000e-06	2.907616e-02	-1.122089e+01
3.770000e-06	-3.794381e-02	-1.137237e+01
3.780000e-06	2.396112e-02	-1.163354e+01
3.790000e-06	-3.581812e-02	-1.182452e+01
3.800000e-06	8.130578e-03	-1.211199e+01
3.810000e-06	-3.424190e-02	-1.222187e+01
3.820000e-06	5.216996e-03	-1.245197e+01
3.830000e-06	-2.051979e-02	-1.257086e+01
3.840000e-06	-2.661362e-03	-1.276828e+01
3.850000e-06	-1.462362e-02	-1.292821e+01
3.860000e-06	-8.686768e-03	-1.310502e+01
3.870000e-06	-4.734038e-03	-1.319352e+01
3.880000e-06	-1.959999e-02	-1.337883e+01
3.890000e-06	-4.928359e-03	-1.348568e+01
3.900000e-06	-2.618627e-02	-1.365605e+01
3.910000e-06	-5.006006e-03	-1.380200e+01
3.920000e-06	-2.961458e-02	-1.394830e+01
3.930000e-06	-8.288719e-03	-1.407607e+01
3.940000e-06	-1.921252e-02	-1.418382e+01
3.950000e-06	-5.866502e-03	-1.436018e+01
3.960000e-06	-1.670030e-02	-1.445155e+01
3.970000e-06	-1.515411e-02	-1.455976e+01
3.980000e-06	-2.120573e-02	-1.462300e+01
3.990000e-06	-2.280436e-02	-1.470966e+01
4.000000e-06	-2.222157e-02	-1.482647e+01
4.010000e-06	-2.182231e-02	-1.493770e+01
4.020000e-06	-1.875464e-02	-1.498229e+01
4.030000e-06	-1.693413e-02	-1.506455e+01
4.040000e-06	-1.903028e-02	-1.511931e+01
4.050000e-06	-2.547134e-02	-1.523186e+01
4.060000e-06	-2.726000e-02	-1.526499e+01
4.070000e-06	-2.901344e-02	-1.533565e+01
4.080000e-06	-2.631548e-02	-1.537983e+01
4.090000e-06	-3.184180e-02	-1.541094e+01
4.100000e-06	-2.660091e-02	-1.542404e+01
4.110000e-06	-2.975234e-02	-1.543610e+01
4.120000e-06	-2.787128e-02	-1.549560e+01
4.130000e-06	-3.629529e-02	-1.550765e+01
4.140000e-06	-3.858098e-02	-1.550821e+01
4.150000e-06	-3.873478e-02	-1.554716e+01
4.160000e-06	-3.983112e-02	-1.553870e+01
4.170000e-06	-4.102264e-02	-1.551868e+01
4.180000e-06	-4.171536e-02	-1.546761e+01
4.190000e-06	-4.102998e-02	-1.548668e+01
4.200000e-06	-4.217387e-02	-1.544600e+01
4.210000e-06	-4.373005e-02	-1.543459e+01
4.220000e-06	-4.373152e-02	-1.540442e+01
4.230000e-06	-4.028310e-02	-1.540989e+01
4.240000e-06	-4.027967e-02	-1.535721e+01
4.250000e-06	-3.746842e-02	-1.525610e+01
4.260000e-06	-3.535085e-02	-1.516191e+01
4.270000e-06	-3.168259e-02	-1.518131e+01
4.280000e-06	-3.049842e-02	-1.508560e+01
4.290000e-06	-3.033443e-02	-1.500400e+01
4.300000e-06	-2.927683e-02	-1.496876e+01
4.310000e-06	-2.724280e-02	-1.488563e+01
4.320000e-06	-2.619997e-02	-1.474144e+01
4.330000e-06	-2.334963e-02	-1.467718e+01
4.340000e-06	-2.207308e-02	-1.462297e+01
4.350000e-06	-1.917125e-02	-1.454913e+01
4.360000e-06	-1.864431e-02	-1.441084e+01
4.370000e-06	-1.951534e-02	-1.424613e+01
4.380000e-06	-1.899638e-02	-1.415918e+01
4.390000e-06	-1.883427e-02	-1.404355e+01
4.400000e-06	-1.651445e-02	-1.388718e+01
4.410000e-06	-1.575821e-02	-1.377887e+01
4.420000e-06	-1.437453e-02	-1.361142e+01
4.430000e-06	-1.411816e-02	-1.345657e+01
4.440000e-06	-1.340115e-02	-1.333771e+01
4.450000e-06	-1.235209e-02	-1.317986e+01
4.460000e-06	-1.345664e-02	-1.301457e+01
4.470000e-06	-1.293215e-02	-1.287360e+01
4.480000e-06	-1.231920e-02	-1.268771e+01
4.490000e-06	-1.111206e-02	-1.254771e+01
4.500000e-06	-1.247736e-02	-1.238034e+01
4.510000e-06	-1.190709e-02	-1.218292e+01
4.520000e-06	-1.021924e-02	-1.202239e+01
4.530000e-06	-9.326808e-03	-1.176295e+01
4.540000e-06	-1.061934e-02	-1.155986e+01
4.550000e-06	-1.080359e-02	-1.134137e+01
4.560000e-06	-9.123410e-03	-1.115826e+01
4.570000e-06	-8.485342e-03	-1.094981e+01
4.580000e-06	-1.059524e-02	-1.073789e+01
4.590000e-06	-1.047487e-02	-1.054939e+01
4.600000e-06	-9.472113e-03	-1.031826e+01
4.610000e-06	-8.345530e-03	-1.010821e+01
4.620000e-06	-9.435978e-03	-9.875157e+00
4.630000e-06	-8.922524e-03	-9.684706e+00
4.640000e-06	-7.702568e-03	-9.463602e+00
4.650000e-06	-6.714902e-03	-9.231976e+00
4.660000e-06	-9.405389e-03	-8.970949e+00
4.670000e-06	-9.079251e-03	-8.757822e+00
4.680000e-06	-8.775332e-03	-8.506261e+00
4.690000e-06	-7.498539e-03	-8.253605e+00
4.700000e-06	-7.798274e-03	-8.011452e+00
4.710000e-06	-7.460580e-03	-7.728367e+00
4.720000e-06	-6.670531e-03	-7.445679e+00
4.730000e-06	-7.026817e-03	-7.232603e+00
4.740000e-06	-8.004062e-03	-6.909339e+00
4.750000e-06	-7.263454e-03	-6.715711e+00
4.760000e-06	-6.924989e-03	-6.453079e+00
4.770000e-06	-7.383384e-03	-6.190897e+00
4.780000e-06	-6.190956e-03	-5.905243e+00
4.790000e-06	-6.670449e-03	-5.632603e+00
4.800000e-06	-4.226911e-03	-5.359293e+00
4.810000e-06	-7.739435e-03	-5.053557e+00
4.820000e-06	-4.495657e-03	-4.729365e+00
4.830000e-06	-6.620004e-03	-4.464680e+00
4.840000e-06	-4.104204e-03	-4.252554e+00
4.850000e-06	-7.894795e-03	-3.948969e+00
4.860000e-06	-5.709096e-03	-3.684733e+00
4.870000e-06	-5.453256e-03	-3.370503e+00
4.880000e-06	-3.430180e-03	-3.076770e+00
4.890000e-06	-5.167461e-03	-2.789050e+00
4.900000e-06	-4.148455e-03	-2.509866e+00
4.910000e-06	-4.679957e-03	-2.273152e+00
4.920000e-06	-3.681905e-03	-1.987897e+00
4.930000e-06	-6.138379e-03	-1.685792e+00
4.940000e-06	-4.677518e-03	-1.431427e+00
4.950000e-06	-3.675051e-03	-1.054162e+00
4.960000e-06	-3.136766e-03	-7.994251e-01
4.970000e-06	-2.328792e-03	-5.062120e-01
4.980000e-06	-2.198087e-03	-2.010053e-01
4.990000e-06	2.442171e-03	5.160751e-02
5.000000e-06	7.241353e-03	3.378884e-01
5.010000e-06	-9.964456e-04	6.005473e-01
5.020000e-06	3.316498e-03	8.831541e-01
5.030000e-06	-7.876268e-04	1.178365e+00
5.040000e-06	2.218048e-03	1.443176e+00
5.050000e-06	5.611219e-04	1.730947e+00
5.060000e-06	1.317841e-02	1.978867e+00
5.070000e-06	4.950947e-02	2.231000e+00
5.080000e-06	6.227120e-02	2.558412e+00
5.090000e-06	-5.275551e-02	2.886230e+00
5.100000e-06	-4.095303e-02	3.200367e+00
5.110000e-06	-2.905684e-02	3.423633e+00
5.120000e-06	-5.801242e-03	3.716787e+00
5.130000e-06	-5.549225e-02	3.908887e+00
5.140000e-06	2.537142e-02	4.187812e+00
5.150000e-06	6.450633e-02	4.505099e+00
5.160000e-06	-4.958125e-02	4.716758e+00
5.170000e-06	1.312790e-01	4.990491e+00
5.180000e-06	-8.275626e-02	5.377890e+00
5.190000e-06	2.531524e-04	5.601420e+00
5.200000e-06	1.330764e-02	5.864130e+00
5.210000e-06	-2.142365e-02	6.147311e+00
5.220000e-06	4.221378e-02	6.410916e+00
5.230000e-06	-4.894255e-02	6.706206e+00
5.240000e-06	5.921573e-02	6.928315e+00
5.250000e-06	4.706928e-03	7.261549e+00
5.260000e-06	-1.982526e-02	7.519231e+00
5.270000e-06	-2.507606e-02	7.799840e+00
5.280000e-06	1.394626e-02	8.043147e+00
5.290000e-06	4.758267e-02	8.316133e+00
5.300000e-06	-3.923566e-02	8.507684e+00
5.310000e-06	1.491192e-02	8.757836e+00
5.320000e-06	1.864765e-02	8.992518e+00
5.330000e-06	-5.806581e-03	9.253550e+00
5.340000e-06	1.765656e-03	9.454028e+00
5.350000e-06	-1.350590e-02	9.715153e+00
5.360000e-06	2.936970e-02	9.929184e+00
5.370000e-06	3.850624e-03	1.014828e+01
5.380000e-06	9.909812e-03	1.035931e+01
5.390000e-06	-1.288308e-02	1.061241e+01
5.400000e-06	1.024550e-02	1.080189e+01
5.410000e-06	1.116173e-02	1.099186e+01
5.420000e-06	-5.868789e-03	1.119201e+01
5.430000e-06	9.094357e-03	1.140087e+01
5.440000e-06	7.584641e-03	1.166355e+01
5.450000e-06	1.882569e-02	1.184605e+01
5.460000e-06	-3.614403e-03	1.202389e+01
5.470000e-06	4.021248e-03	1.221144e+01
5.480000e-06	5.148205e-03	1.239134e+01
5.490000e-06	1.295845e-02	1.256884e+01
5.500000e-06	4.874716e-03	1.274926e+01
5.510000e-06	4.318159e-03	1.287767e+01
5.520000e-06	1.309950e-02	1.306302e+01
5.530000e-06	1.330615e-02	1.319191e+01
5.540000e-06	5.210234e-03	1.338078e+01
5.550000e-06	2.679309e-03	1.348568e+01
5.560000e-06	1.239442e-02	1.366602e+01
5.570000e-06	1.461810e-02	1.379337e+01
5.580000e-06	7.772156e-03	1.391820e+01
5.590000e-06	5.736117e-03	1.408659e+01
5.600000e-06	1.467661e-02	1.422450e+01
5.610000e-06	1.648517e-02	1.432926e+01
5.620000e-06	8.303537e-03	1.444397e+01
5.630000e-06	7.475098e-03	1.455925e+01
5.640000e-06	1.687158e-02	1.466500e+01
5.650000e-06	1.839198e-02	1.474024e+01
5.660000e-06	1.333801e-02	1.481300e+01
5.670000e-06	1.103167e-02	1.490810e+01
5.680000e-06	1.912163e-02	1.498081e+01
5.690000e-06	1.936473e-02	1.503350e+01
5.700000e-06	1.647870e-02	1.507820e+01
5.710000e-06	1.384802e-02	1.519336e+01
5.720000e-06	2.071837e-02	1.521452e+01
5.730000e-06	2.299829e-02	1.530608e+01
5.740000e-06	2.066212e-02	1.528910e+01
5.750000e-06	2.151097e-02	1.537181e+01
5.760000e-06	2.473318e-02	1.538187e+01
5.770000e-06	2.989847e-02	1.545352e+01
5.780000e-06	2.546080e-02	1.544497e+01
5.790000e-06	2.656031e-02	1.544658e+01
5.800000e-06	2.901520e-02	1.547820e+01
5.810000e-06	3.499309e-02	1.545765e+01
5.820000e-06	3.299325e-02	1.549607e+01
5.830000e-06	3.187394e-02	1.543552e+01
5.840000e-06	3.697221e-02	1.543658e+01
5.850000e-06	3.865656e-02	1.545599e+01
5.860000e-06	3.770582e-02	1.543397e+01
5.870000e-06	3.281666e-02	1.540279e+01
5.880000e-06	3.541298e-02	1.534081e+01
5.890000e-06	3.475793e-02	1.532124e+01
5.900000e-06	3.137782e-02	1.530813e+01
5.910000e-06	2.702934e-02	1.522644e+01
5.920000e-06	2.840730e-02	1.514237e+01
5.930000e-06	2.801855e-02	1.505966e+01
5.940000e-06	2.348251e-02	1.506707e+01
5.950000e-06	2.026611e-02	1.498386e+01
5.960000e-06	2.069260e-02	1.490778e+01
5.970000e-06	2.054552e-02	1.481397e+01
5.980000e-06	1.741932e-02	1.472986e+01
5.990000e-06	1.445595e-02	1.463705e+01
6.000000e-06	1.499539e-02	1.457131e+01
6.010000e-06	1.559684e-02	1.440402e+01
6.020000e-06	1.247314e-02	1.436879e+01
6.030000e-06	9.348496e-03	1.421442e+01
6.040000e-06	9.449313e-03	1.408818e+01
6.050000e-06	1.108190e-02	1.392176e+01
6.060000e-06	9.176656e-03	1.378497e+01
6.070000e-06	7.400733e-03	1.366808e+01
6.080000e-06	7.279642e-03	1.354031e+01
6.090000e-06	9.299954e-03	1.339450e+01
6.100000e-06	5.012679e-03	1.326402e+01
6.110000e-06	4.205698e-03	1.313763e+01
6.120000e-06	4.264860e-03	1.296034e+01
6.130000e-06	6.240086e-03	1.279184e+01
6.140000e-06	3.656055e-03	1.260250e+01
6.150000e-06	3.222566e-03	1.247515e+01
6.160000e-06	4.405758e-03	1.228561e+01
6.170000e-06	4.068350e-03	1.208921e+01
6.180000e-06	2.805943e-03	1.191729e+01
6.190000e-06	5.925817e-04	1.170679e+01
6.200000e-06	2.752840e-03	1.150863e+01
6.210000e-06	2.653261e-03	1.129973e+01
6.220000e-06	2.306176e-03	1.104674e+01
6.230000e-06	1.820089e-03	1.090666e+01
6.240000e-06	2.180068e-03	1.068863e+01
6.250000e-06	9.928399e-04	1.050711e+01
6.260000e-06	1.660327e-03	1.023560e+01
6.270000e-06	-1.233995e-04	1.004463e+01
6.280000e-06	1.147638e-03	9.783447e+00
6.290000e-06	2.270669e-04	9.590423e+00
6.300000e-06	4.731803e-04	9.342844e+00
6.310000e-06	-4.536430e-04	9.148265e+00
6.320000e-06	-7.608291e-04	8.858284e+00
6.330000e-06	1.779022e-04	8.633653e+00
6.340000e-06	-6.870386e-04	8.455607e+00
6.350000e-06	-3.762579e-06	8.171473e+00
6.360000e-06	-1.922493e-03	7.937344e+00
6.370000e-06	-3.125288e-04	7.675783e+00
6.380000e-06	-1.564679e-03	7.382499e+00
6.390000e-06	-2.288809e-03	7.138767e+00
6.400000e-06	-1.466245e-03	6.876263e+00
6.410000e-06	-2.594751e-03	6.615602e+00
6.420000e-06	-2.221109e-03	6.358443e+00
6.430000e-06	-2.987234e-03	6.116737e+00
6.440000e-06	-1.182643e-03	5.845131e+00
6.450000e-06	-2.164332e-03	5.599918e+00
6.460000e-06	-2.728278e-03	5.296740e+00
6.470000e-06	-2.855666e-03	4.940819e+00
6.480000e-06	-3.698005e-03	4.655607e+00
6.490000e-06	-2.906954e-03	4.370104e+00
6.500000e-06	-3.367552e-03	4.067816e+00
6.510000e-06	-5.408537e-03	3.792004e+00
6.520000e-06	-4.715353e-03	3.549977e+00
6.530000e-06	-3.907558e-03	3.244662e+00
6.540000e-06	-3.691725e-03	2.980477e+00
6.550000e-06	-5.228914e-03	2.736320e+00
6.560000e-06	-4.746575e-03	2.381105e+00
6.570000e-06	-4.835904e-03	2.117795e+00
6.580000e-06	-4.801189e-03	1.865715e+00
6.590000e-06	-5.723150e-03	1.609900e+00
6.600000e-06	-5.658314e-03	1.285714e+00
6.610000e-06	-4.572183e-03	9.384222e-01
6.620000e-06	-6.033382e-03	6.641857e-01
6.630000e-06	-5.484697e-03	3.705311e-01
6.640000e-06	-3.813128e-03	8.329327e-02
6.650000e-06	8.139976e-06	-1.884211e-01
6.660000e-06	3.420442e-03	-4.300501e-01
6.670000e-06	-5.402556e-03	-7.363658e-01
6.680000e-06	-6.254307e-04	-9.903923e-01
6.690000e-06	-4.768335e-03	-1.323549e+00
6.700000e-06	-3.595198e-03	-1.587943e+00
6.710000e-06	-1.555619e-03	-1.799444e+00
6.720000e-06	3.588125e-02	-2.031500e+00
6.730000e-06	8.424024e-02	-2.345707e+00
6.740000e-06	-5.657842e-02	-2.746207e+00
6.750000e-06	-4.114984e-02	-3.134781e+00
6.760000e-06	-4.372517e-02	-3.388965e+00
6.770000e-06	-3.032196e-02	-3.629423e+00
6.780000e-06	-6.377050e-02	-3.843077e+00
6.790000e-06	1.219947e-01	-4.051050e+00
6.800000e-06	-7.502363e-02	-4.275603e+00
6.810000e-06	1.798687e-02	-4.578816e+00
6.820000e-06	1.091159e-01	-4.849891e+00
6.830000e-06	-1.492578e-01	-5.188312e+00
6.840000e-06	9.034333e-02	-5.463072e+00
6.850000e-06	-1.281466e-01	-5.726779e+00
6.860000e-06	4.318990e-02	-6.049973e+00
6.870000e-06	4.162374e-02	-6.219492e+00
6.880000e-06	-7.592475e-02	-6.587780e+00
6.890000e-06	1.111937e-01	-6.799891e+00
6.900000e-06	-9.358677e-02	-7.134652e+00
6.910000e-06	3.626901e-02	-7.331366e+00
6.920000e-06	-5.113078e-02	-7.610967e+00
6.930000e-06	-1.636889e-02	-7.926708e+00
6.940000e-06	6.042975e-02	-8.137789e+00
6.950000e-06	-7.809322e-02	-8.431840e+00
6.960000e-06	9.057434e-02	-8.632544e+00
6.970000e-06	-8.132477e-02	-8.894627e+00
6.980000e-06	2.563794e-02	-9.146206e+00
6.990000e-06	-2.727801e-02	-9.319260e+00
7.000000e-06	-1.743203e-02	-9.581444e+00
7.010000e-06	3.231775e-02	-9.801440e+00
7.020000e-06	-4.691883e-02	-1.005392e+01
7.030000e-06	4.956550e-02	-1.023405e+01
7.040000e-06	-6.636074e-02	-1.050618e+01
7.050000e-06	3.332534e-02	-1.071365e+01
7.060000e-06	-4.926191e-02	-1.091467e+01
7.070000e-06	1.884473e-02	-1.107570e+01
7.080000e-06	-1.939271e-02	-1.131663e+01
7.090000e-06	-1.798780e-03	-1.155725e+01
7.100000e-06	-1.245189e-03	-1.170918e+01
7.110000e-06	-2.249039e-02	-1.194931e+01
7.120000e-06	-3.544910e-03	-1.209876e+01
7.130000e-06	-2.877794e-02	-1.229518e+01
7.140000e-06	1.117479e-02	-1.247563e+01
7.150000e-06	-2.821011e-02	-1.265507e+01
7.160000e-06	6.552338e-03	-1.285255e+01
7.170000e-06	-2.865245e-02	-1.298286e+01
7.180000e-06	5.726700e-03	-1.314828e+01
7.190000e-06	-2.809123e-02	-1.328660e+01
7.200000e-06	-5.989979e-03	-1.342399e+01
7.210000e-06	-1.934384e-02	-1.354146e+01
7.220000e-06	-8.222656e-03	-1.375928e+01
7.230000e-06	-1.277793e-02	-1.389558e+01
7.240000e-06	-2.251040e-02	-1.401247e+01
7.250000e-06	-9.786002e-03	-1.412921e+01
7.260000e-06	-2.067872e-02	-1.426504e+01
7.270000e-06	-1.090597e-02	-1.437041e+01
7.280000e-06	-2.502821e-02	-1.450720e+01
7.290000e-06	-1.113054e-02	-1.462142e+01
7.300000e-06	-2.033054e-02	-1.469765e+01
7.310000e-06	-1.676773e-02	-1.478147e+01
7.320000e-06	-2.467443e-02	-1.490702e+01
7.330000e-06	-1.880085e-02	-1.493981e+01
7.340000e-06	-2.089456e-02	-1.503349e+01
7.350000e-06	-2.149328e-02	-1.509808e+01
7.360000e-06	-2.529055e-02	-1.515876e+01
7.370000e-06	-2.313599e-02	-1.524304e+01
7.380000e-06	-2.550800e-02	-1.530657e+01
7.390000e-06	-2.638501e-02	-1.535911e+01
7.400000e-06	-2.715259e-02	-1.540034e+01
7.410000e-06	-2.905195e-02	-1.540142e+01
7.420000e-06	-2.996637e-02	-1.544447e+01
7.430000e-06	-3.354741e-02	-1.546555e+01
7.440000e-06	-3.159002e-02	-1.552660e+01
7.450000e-06	-3.653086e-02	-1.551923e+01
7.460000e-06	-3.494883e-02	-1.550866e+01
7.470000e-06	-3.941838e-02	-1.551716e+01
7.480000e-06	-3.865099e-02	-1.549926e+01
7.490000e-06	-4.194516e-02	-1.552768e+01
7.500000e-06	-4.222399e-02	-1.551610e+01
7.510000e-06	-4.258952e-02	-1.548648e+01
7.520000e-06	-4.376909e-02	-1.548450e+01
7.530000e-06	-4.204369e-02	-1.543500e+01
7.540000e-06	-4.093327e-02	-1.538194e+01
7.550000e-06	-3.893207e-02	-1.537876e+01
7.560000e-06	-3.843890e-02	-1.531763e+01
7.570000e-06	-3.638991e-02	-1.524513e+01
7.580000e-06	-3.437436e-02	-1.517194e+01
7.590000e-06	-3.166876e-02	-1.511773e+01
7.600000e-06	-3.250041e-02	-1.504408e+01
7.610000e-06	-2.787149e-02	-1.499294e+01
7.620000e-06	-2.966042e-02	-1.490823e+01
7.630000e-06	-2.383388e-02	-1.482505e+01
7.640000e-06	-2.613409e-02	-1.475028e+01
7.650000e-06	-2.178701e-02	-1.463505e+01
7.660000e-06	-2.050951e-02	-1.458034e+01
7.670000e-06	-1.874929e-02	-1.441360e+01
7.680000e-06	-1.855485e-02	-1.431931e+01
7.690000e-06	-1.973294e-02	-1.419250e+01
7.700000e-06	-1.870477e-02	-1.406712e+01
7.710000e-06	-1.907661e-02	-1.397177e+01
7.720000e-06	-1.749866e-02	-1.387497e+01
7.730000e-06	-1.576012e-02	-1.368570e+01
7.740000e-06	-1.177904e-02	-1.353829e+01
7.750000e-06	-1.186207e-02	-1.338234e+01
7.760000e-06	-1.161322e-02	-1.324610e+01
7.770000e-06	-1.425716e-02	-1.309766e+01
7.780000e-06	-1.275112e-02	-1.296087e+01
7.790000e-06	-1.441126e-02	-1.280242e+01
7.800000e-06	-1.431508e-02	-1.260397e+01
7.810000e-06	-1.206336e-02	-1.247513e+01
7.820000e-06	-1.029805e-02	-1.228663e+01
7.830000e-06	-8.412253e-03	-1.210563e+01
7.840000e-06	-1.133488e-02	-1.191864e+01
7.850000e-06	-1.052463e-02	-1.171821e+01
7.860000e-06	-1.116349e-02	-1.143610e+01
7.870000e-06	-9.298212e-03	-1.122660e+01
7.880000e-06	-1.091186e-02	-1.103298e+01
7.890000e-06	-1.118341e-02	-1.086305e+01
7.900000e-06	-9.331118e-03	-1.065363e+01
7.910000e-06	-8.345864e-03	-1.047410e+01
7.920000e-06	-9.045115e-03	-1.021197e+01
7.930000e-06	-1.023657e-02	-1.000105e+01
7.940000e-06	-8.626520e-03	-9.780418e+00
7.950000e-06	-8.009161e-03	-9.539895e+00
7.960000e-06	-7.686063e-03	-9.340286e+00
7.970000e-06	-9.251117e-03	-9.084711e+00
7.980000e-06	-8.607603e-03	-8.895733e+00
7.990000e-06	-8.416259e-03	-8.634131e+00
8.000000e-06	-7.732901e-03	-8.400895e+00
8.010000e-06	-9.176909e-03	-8.148871e+00
8.020000e-06	-6.952768e-03	-7.826110e+00
8.030000e-06	-7.208014e-03	-7.614501e+00
8.040000e-06	-6.219278e-03	-7.347841e+00
8.050000e-06	-7.642156e-03	-7.085205e+00
8.060000e-06	-8.305462e-03	-6.801054e+00
8.070000e-06	-6.139547e-03	-6.570925e+00
8.080000e-06	-6.025022e-03	-6.347337e+00
8.090000e-06	-6.719124e-03	-6.072633e+00
8.100000e-06	-7.070389e-03	-5.791900e+00
8.110000e-06	-5.754753e-03	-5.516362e+00
8.120000e-06	-6.074690e-03	-5.170979e+00
8.130000e-06	-6.361169e-03	-4.875808e+00
8.140000e-06	-5.505620e-03	-4.581045e+00
8.150000e-06	-5.689892e-03	-4.367350e+00
8.160000e-06	-4.268670e-03	-4.127690e+00
8.170000e-06	-6.876816e-03	-3.791524e+00
8.180000e-06	-5.765773e-03	-3.527346e+00
8.190000e-06	-6.867573e-03	-3.304638e+00
8.200000e-06	-3.802992e-03	-2.970896e+00
8.210000e-06	-4.706133e-03	-2.725687e+00
8.220000e-06	-3.832048e-03	-2.443179e+00
8.230000e-06	-3.648611e-03	-2.095792e+00
8.240000e-06	-2.921695e-03	-1.853161e+00
8.250000e-06	-5.336514e-03	-1.588874e+00
8.260000e-06	-5.147296e-03	-1.210707e+00
8.270000e-06	-6.003753e-03	-9.067173e-01
8.280000e-06	-2.731587e-03	-6.151365e-01
8.290000e-06	-1.386719e-03	-3.288736e-01
8.300000e-06	-1.021473e-03	-8.471571e-02
8.310000e-06	7.413972e-03	2.099685e-01
8.320000e-06	3.527103e-03	4.952066e-01
8.330000e-06	2.995422e-03	7.457606e-01
8.340000e-06	-1.166867e-03	9.990724e-01
8.350000e-06	1.234715e-04	1.325657e+00
8.360000e-06	1.206704e-03	1.610069e+00
8.370000e-06	5.745532e-03	1.893132e+00
8.380000e-06	2.373255e-02	2.093187e+00
8.390000e-06	7.529200e-02	2.377868e+00
8.400000e-06	8.215063e-04	2.707785e+00
8.410000e-06	-5.516486e-02	3.022096e+00
8.420000e-06	-3.853506e-02	3.336207e+00
8.430000e-06	-8.963767e-03	3.610448e+00
8.440000e-06	-3.237042e-02	3.823451e+00
8.450000e-06	-4.079018e-02	4.060999e+00
8.460000e-06	8.682737e-02	4.305761e+00
8.470000e-06	-3.032847e-02	4.580941e+00
8.480000e-06	5.718829e-02	4.842504e+00
8.490000e-06	4.699618e-02	5.220417e+00
8.500000e-06	-9.004293e-02	5.435103e+00
8.510000e-06	4.973732e-02	5.717208e+00
8.520000e-06	-3.632960e-02	6.033971e+00
8.530000e-06	3.286794e-02	6.244625e+00
8.540000e-06	-1.048884e-02	6.566836e+00
8.550000e-06	-1.069345e-02	6.845025e+00
8.560000e-06	6.198305e-02	7.074729e+00
8.570000e-06	-3.082440e-02	7.338810e+00
8.580000e-06	-8.026749e-03	7.613047e+00
8.590000e-06	-2.799491e-02	7.937709e+00
8.600000e-06	5.462087e-02	8.200919e+00
8.610000e-06	1.505807e-03	8.411972e+00
8.620000e-06	-3.172783e-02	8.603973e+00
8.630000e-06	4.119921e-02	8.874573e+00
8.640000e-06	-1.233507e-02	9.075683e+00
8.650000e-06	1.473703e-02	9.296760e+00
8.660000e-06	-2.302919e-02	9.579839e+00
8.670000e-06	1.843130e-02	9.790367e+00
8.680000e-06	1.350314e-02	1.005407e+01
8.690000e-06	7.966589e-03	1.024407e+01
8.700000e-06	1.230387e-04	1.047613e+01
8.710000e-06	-1.191247e-02	1.069515e+01
8.720000e-06	2.474507e-02	1.089625e+01
8.730000e-06	-8.439973e-03	1.111660e+01
8.740000e-06	1.116824e-02	1.131720e+01
8.750000e-06	1.154905e-04	1.147713e+01
8.760000e-06	2.317826e-02	1.174980e+01
8.770000e-06	1.203735e-03	1.193731e+01
8.780000e-06	1.384270e-03	1.212775e+01
8.790000e-06	1.669140e-03	1.226663e+01
8.800000e-06	1.106599e-02	1.249508e+01
8.810000e-06	1.228603e-02	1.265297e+01
8.820000e-06	1.188374e-04	1.282187e+01
8.830000e-06	1.413532e-02	1.299034e+01
8.840000e-06	8.961425e-03	1.310876e+01
8.850000e-06	1.376265e-02	1.324567e+01
8.860000e-06	-3.210304e-03	1.345289e+01
8.870000e-06	1.175642e-02	1.357089e+01
8.880000e-06	1.193625e-02	1.372916e+01
8.890000e-06	1.486378e-02	1.386392e+01
8.900000e-06	4.823989e-03	1.398236e+01
8.910000e-06	9.973894e-03	1.415036e+01
8.920000e-06	1.825632e-02	1.428605e+01
8.930000e-06	1.034084e-02	1.437182e+01
8.940000e-06	8.555689e-03	1.448768e+01
8.950000e-06	9.860377e-03	1.460299e+01
8.960000e-06	2.134849e-02	1.468860e+01
8.970000e-06	1.411973e-02	1.478027e+01
8.980000e-06	1.237459e-02	1.486662e+01
8.990000e-06	1.440783e-02	1.492778e+01
9.000000e-06	2.063400e-02	1.501387e+01
9.010000e-06	1.762953e-02	1.504555e+01
9.020000e-06	1.280427e-02	1.515868e+01
9.030000e-06	1.707107e-02	1.516244e+01
9.040000e-06	2.273930e-02	1.528402e+01
9.050000e-06	2.357994e-02	1.527810e+01
9.060000e-06	1.832214e-02	1.535971e+01
9.070000e-06	2.304106e-02	1.537176e+01
9.080000e-06	2.721574e-02	1.537342e+01
9.090000e-06	2.843531e-02	1.539350e+01
9.100000e-06	2.416797e-02	1.544604e+01
9.110000e-06	2.650010e-02	1.547555e+01
9.120000e-06	3.361134e-02	1.546760e+01
9.130000e-06	3.355229e-02	1.545723e+01
9.140000e-06	3.251755e-02	1.548705e+01
9.150000e-06	3.316971e-02	1.546657e+01
9.160000e-06	3.879603e-02	1.542552e+01
9.170000e-06	3.817455e-02	1.543454e+01
9.180000e-06	3.445811e-02	1.541396e+01
9.190000e-06	3.297999e-02	1.539081e+01
9.200000e-06	3.567924e-02	1.533923e+01
9.210000e-06	3.474590e-02	1.526863e+01
9.220000e-06	2.845520e-02	1.526557e+01
9.230000e-06	2.760378e-02	1.524294e+01
9.240000e-06	2.817196e-02	1.512031e+01
9.250000e-06	2.719833e-02	1.508763e+01
9.260000e-06	2.115637e-02	1.502484e+01
9.270000e-06	2.003698e-02	1.496081e+01
9.280000e-06	1.976322e-02	1.491667e+01
9.290000e-06	1.973668e-02	1.476194e+01
9.300000e-06	1.650264e-02	1.466660e+01
9.310000e-06	1.382586e-02	1.460249e+01
9.320000e-06	1.609081e-02	1.451813e+01
9.330000e-06	1.463146e-02	1.439389e+01
9.340000e-06	1.208327e-02	1.428905e+01
9.350000e-06	7.726569e-03	1.414144e+01
9.360000e-06	1.128739e-02	1.399297e+01
9.370000e-06	9.933067e-03	1.385818e+01
9.380000e-06	9.231814e-03	1.375179e+01
9.390000e-06	6.524147e-03	1.357444e+01
9.400000e-06	7.464393e-03	1.346658e+01
9.410000e-06	8.019364e-03	1.333081e+01
9.420000e-06	5.830893e-03	1.317987e+01
9.430000e-06	4.516103e-03	1.303349e+01
9.440000e-06	5.273724e-03	1.284560e+01
9.450000e-06	4.953257e-03	1.271771e+01
9.460000e-06	4.901883e-03	1.252984e+01
9.470000e-06	2.943201e-03	1.238034e+01
9.480000e-06	3.830815e-03	1.216389e+01
9.490000e-06	3.236073e-03	1.201400e+01
9.500000e-06	2.933144e-03	1.181449e+01
9.510000e-06	3.516507e-03	1.161497e+01
9.520000e-06	2.730252e-03	1.141189e+01
9.530000e-06	3.354307e-03	1.117389e+01
9.540000e-06	1.196922e-03	1.098340e+01
9.550000e-06	7.403518e-05	1.083045e+01
9.560000e-06	4.572129e-04	1.056244e+01
9.570000e-06	1.621153e-03	1.034042e+01
9.580000e-06	8.343839e-04	1.013934e+01
9.590000e-06	2.976244e-03	9.919214e+00
9.600000e-06	1.980505e-03	9.700681e+00
9.610000e-06	1.858577e-03	9.476177e+00
9.620000e-06	-1.368379e-03	9.266127e+00
9.630000e-06	-1.220427e-03	9.055553e+00
9.640000e-06	-1.839834e-03	8.791423e+00
9.650000e-06	-4.380689e-04	8.569365e+00
9.660000e-06	-7.749887e-04	8.266790e+00
9.670000e-06	-1.177003e-03	8.046106e+00
9.680000e-06	6.087922e-04	7.813452e+00
9.690000e-06	-1.373947e-04	7.559413e+00
9.700000e-06	-7.838643e-04	7.265232e+00
9.710000e-06	-3.924621e-03	7.023577e+00
9.720000e-06	-1.893843e-03	6.768472e+00
9.730000e-06	-3.244043e-03	6.479161e+00
9.740000e-06	-2.136915e-03	6.211627e+00
9.750000e-06	-3.866365e-03	6.010422e+00
9.760000e-06	-1.645810e-03	5.726837e+00
9.770000e-06	-1.812730e-03	5.464652e+00
9.780000e-06	-2.683921e-03	5.126741e+00
9.790000e-06	-3.496057e-03	4.800478e+00
9.800000e-06	-3.260836e-03	4.497340e+00
9.810000e-06	-4.172784e-03	4.275207e+00
9.820000e-06	-6.110731e-03	3.937969e+00
9.830000e-06	-3.818057e-03	3.726290e+00
9.840000e-06	-4.325624e-03	3.423632e+00
9.850000e-06	-4.006382e-03	3.128295e+00
9.860000e-06	-5.981910e-03	2.876687e+00
9.870000e-06	-3.633131e-03	2.559998e+00
9.880000e-06	-3.218698e-03	2.284737e+00
9.890000e-06	-5.763174e-03	2.032129e+00
9.900000e-06	-7.342409e-03	1.710370e+00
9.910000e-06	-6.482510e-03	1.402109e+00
9.920000e-06	-4.257363e-03	1.138351e+00
9.930000e-06	-5.292499e-03	8.395288e-01
9.940000e-06	-6.651968e-03	5.278934e-01
9.950000e-06	-4.339098e-03	2.436042e-01
9.960000e-06	-2.648773e-03	-5.165777e-02
9.970000e-06	4.183005e-03	-3.242555e-01
9.980000e-06	-3.797410e-03	-6.059422e-01
9.990000e-06	-1.283047e-03	-8.726830e-01
1.000000e-05	-4.146980e-03	-1.133759e+00
1.001000e-05	-1.224314e-03	-1.449023e+00
1.002000e-05	-5.502761e-03	-1.693133e+00
1.003000e-05	1.294306e-02	-1.905183e+00
1.004000e-05	7.427548e-02	-2.156817e+00
1.005000e-05	2.527762e-02	-2.526279e+00
1.006000e-05	-7.133754e-02	-2.925857e+00
1.007000e-05	-3.322451e-02	-3.285155e+00
1.008000e-05	-3.715402e-02	-3.503681e+00
1.009000e-05	-5.454316e-02	-3.735609e+00
1.010000e-05	1.546128e-02	-3.927312e+00
1.011000e-05	9.008242e-02	-4.116761e+00
1.012000e-05	-1.326248e-01	-4.441450e+00
1.013000e-05	1.651928e-01	-4.625628e+00
1.014000e-05	-7.285377e-02	-5.007689e+00
1.015000e-05	-2.711399e-02	-5.317685e+00
1.016000e-05	2.656377e-02	-5.579211e+00
1.017000e-05	-1.255706e-01	-5.884678e+00
1.018000e-05	1.375763e-01	-6.085632e+00
1.019000e-05	-9.293179e-02	-6.409365e+00
1.020000e-05	5.685739e-02	-6.682077e+00
1.021000e-05	1.619220e-02	-6.935582e+00
1.022000e-05	-6.453964e-02	-7.253602e+00
1.023000e-05	4.650776e-02	-7.494100e+00
1.024000e-05	-9.754212e-02	-7.781385e+00
1.025000e-05	8.154642e-02	-8.053502e+00
1.026000e-05	-4.900414e-02	-8.254623e+00
1.027000e-05	1.107923e-02	-8.528134e+00
1.028000e-05	3.124639e-02	-8.759364e+00
1.029000e-05	-7.539453e-02	-9.012994e+00
1.030000e-05	5.574155e-02	-9.251469e+00
1.031000e-05	-7.857835e-02	-9.452546e+00
1.032000e-05	5.966341e-02	-9.726162e+00
1.033000e-05	-4.694567e-02	-9.916205e+00
1.034000e-05	2.268059e-02	-1.012726e+01
1.035000e-05	-1.471849e-02	-1.035831e+01
1.036000e-05	-2.188815e-02	-1.063189e+01
1.037000e-05	9.480478e-03	-1.080029e+01
1.038000e-05	-4.259117e-02	-1.100884e+01
1.039000e-05	2.946333e-02	-1.121179e+01
1.040000e-05	-3.797749e-02	-1.141299e+01
1.041000e-05	2.325718e-02	-1.160434e+01
1.042000e-05	-3.552756e-02	-1.184239e+01
1.043000e-05	7.416232e-03	-1.205654e+01
1.044000e-05	-2.974601e-02	-1.221244e+01
1.045000e-05	7.047847e-04	-1.239194e+01
1.046000e-05	-1.576679e-02	-1.257031e+01
1.047000e-05	-7.128354e-03	-1.274826e+01
1.048000e-05	-9.174822e-03	-1.290520e+01
1.049000e-05	-1.752760e-02	-1.309467e+01
1.050000e-05	-5.056653e-03	-1.322290e+01
1.051000e-05	-2.670626e-02	-1.337894e+01
1.052000e-05	-9.531559e-05	-1.351721e+01
1.053000e-05	-2.572147e-02	-1.370507e+01
1.054000e-05	5.831837e-05	-1.382187e+01
1.055000e-05	-2.718461e-02	-1.393780e+01
1.056000e-05	-8.356368e-03	-1.404657e+01
1.057000e-05	-2.175219e-02	-1.420131e+01
1.058000e-05	-1.382507e-02	-1.435873e+01
1.059000e-05	-1.935133e-02	-1.443344e+01
1.060000e-05	-1.525875e-02	-1.457173e+01
1.061000e-05	-1.497128e-02	-1.465402e+01
1.062000e-05	-2.111992e-02	-1.472781e+01
1.063000e-05	-1.941761e-02	-1.482552e+01
1.064000e-05	-2.224087e-02	-1.490918e+01
1.065000e-05	-1.861257e-02	-1.497386e+01
1.066000e-05	-2.275256e-02	-1.502552e+01
1.067000e-05	-2.185050e-02	-1.512823e+01
1.068000e-05	-2.414856e-02	-1.514193e+01
1.069000e-05	-2.166067e-02	-1.524352e+01
1.070000e-05	-2.759931e-02	-1.529915e+01
1.071000e-05	-2.610262e-02	-1.536031e+01
1.072000e-05	-2.939976e-02	-1.540292e+01
1.073000e-05	-2.753188e-02	-1.540297e+01
1.074000e-05	-3.145816e-02	-1.546600e+01
1.075000e-05	-3.208964e-02	-1.545605e+01
1.076000e-05	-3.359426e-02	-1.548515e+01
1.077000e-05	-3.569578e-02	-1.550670e+01
1.078000e-05	-3.699478e-02	-1.553963e+01
1.079000e-05	-4.043027e-02	-1.549668e+01
1.080000e-05	-3.905926e-02	-1.554715e+01
1.081000e-05	-4.250150e-02	-1.550768e+01
1.082000e-05	-4.147474e-02	-1.547708e+01
1.083000e-05	-4.381710e-02	-1.550710e+01
1.084000e-05	-4.143572e-02	-1.545350e+01
1.085000e-05	-4.199847e-02	-1.540289e+01
1.086000e-05	-4.039305e-02	-1.537076e+01
1.087000e-05	-3.895981e-02	-1.535719e+01
1.088000e-05	-3.676250e-02	-1.528505e+01
1.089000e-05	-3.476374e-02	-1.522444e+01
1.090000e-05	-3.218612e-02	-1.519129e+01
1.091000e-05	-3.135760e-02	-1.507758e+01
1.092000e-05	-3.060333e-02	-1.499254e+01
1.093000e-05	-2.915772e-02	-1.493931e+01
1.094000e-05	-2.714600e-02	-1.489763e+01
1.095000e-05	-2.623211e-02	-1.479242e+01
1.096000e-05	-2.308813e-02	-1.472713e+01
1.097000e-05	-2.053732e-02	-1.461202e+01
1.098000e-05	-1.999220e-02	-1.450763e+01
1.099000e-05	-2.007491e-02	-1.441339e+01
1.100000e-05	-1.997743e-02	-1.426763e+01
1.101000e-05	-1.824148e-02	-1.414129e+01
1.102000e-05	-1.868242e-02	-1.403395e+01
1.103000e-05	-1.853903e-02	-1.388823e+01
1.104000e-05	-1.541512e-02	-1.377989e+01
1.105000e-05	-1.380113e-02	-1.361097e+01
1.106000e-05	-1.414595e-02	-1.345708e+01
1.107000e-05	-1.362110e-02	-1.330871e+01
1.108000e-05	-1.410178e-02	-1.317137e+01
1.109000e-05	-1.323566e-02	-1.304452e+01
1.110000e-05	-1.371193e-02	-1.289560e+01
1.111000e-05	-1.428143e-02	-1.270826e+01
1.112000e-05	-1.118085e-02	-1.252978e+01
1.113000e-05	-1.068149e-02	-1.238144e+01
1.114000e-05	-1.110879e-02	-1.219140e+01
1.115000e-05	-1.123939e-02	-1.200342e+01
1.116000e-05	-1.130467e-02	-1.181294e+01
1.117000e-05	-1.122485e-02	-1.162139e+01
1.118000e-05	-1.179150e-02	-1.141030e+01
1.119000e-05	-1.128237e-02	-1.116124e+01
1.120000e-05	-9.693854e-03	-1.096829e+01
1.121000e-05	-8.192587e-03	-1.075887e+01
1.122000e-05	-7.799474e-03	-1.056094e+01
1.123000e-05	-1.007144e-02	-1.030877e+01
1.124000e-05	-9.247748e-03	-1.012671e+01
1.125000e-05	-9.672125e-03	-9.924680e+00
1.126000e-05	-1.033086e-02	-9.685231e+00
1.127000e-05	-9.883756e-03	-9.454653e+00
1.128000e-05	-8.877146e-03	-9.191976e+00
1.129000e-05	-6.991368e-03	-8.982396e+00
1.130000e-05	-7.001633e-03	-8.818341e+00
1.131000e-05	-8.074841e-03	-8.517735e+00
1.132000e-05	-7.848449e-03	-8.243626e+00
1.133000e-05	-8.048689e-03	-8.063056e+00
1.134000e-05	-8.179632e-03	-7.752998e+00
1.135000e-05	-7.949287e-03	-7.515658e+00
1.136000e-05	-7.013626e-03	-7.202581e+00
1.137000e-05	-6.128584e-03	-6.981897e+00
1.138000e-05	-6.128582e-03	-6.716733e+00
1.139000e-05	-6.182454e-03	-6.485154e+00
1.140000e-05	-6.955698e-03	-6.182950e+00
1.141000e-05	-5.251557e-03	-5.918265e+00
1.142000e-05	-7.292424e-03	-5.674603e+00
1.143000e-05	-6.521600e-03	-5.339921e+00
1.144000e-05	-7.112455e-03	-5.093708e+00
1.145000e-05	-3.871990e-03	-4.728392e+00
1.146000e-05	-4.994060e-03	-4.485186e+00
1.147000e-05	-4.592908e-03	-4.252082e+00
1.148000e-05	-6.224343e-03	-3.990376e+00
1.149000e-05	-5.344837e-03	-3.703686e+00
1.150000e-05	-6.047465e-03	-3.381053e+00
1.151000e-05	-5.564928e-03	-3.098895e+00
1.152000e-05	-3.772218e-03	-2.863153e+00
1.153000e-05	-2.983984e-03	-2.559415e+00
1.154000e-05	-2.730714e-03	-2.264236e+00
1.155000e-05	-3.460466e-03	-1.968423e+00
1.156000e-05	-5.684929e-03	-1.717264e+00
1.157000e-05	-4.853997e-03	-1.391527e+00
1.158000e-05	-4.851748e-03	-1.044211e+00
1.159000e-05	-4.010540e-03	-8.215051e-01
1.160000e-05	-2.070947e-03	-4.937170e-01
1.161000e-05	-7.588746e-04	-2.310815e-01
1.162000e-05	2.112928e-03	5.952750e-02
1.163000e-05	8.540305e-03	3.668656e-01
1.164000e-05	-1.529449e-03	5.794723e-01
1.165000e-05	3.920974e-03	8.645303e-01
1.166000e-05	-1.561142e-03	1.197295e+00
1.167000e-05	2.679041e-03	1.401500e+00
1.168000e-05	4.976875e-04	1.757840e+00
1.169000e-05	1.372496e-02	1.977420e+00
1.170000e-05	4.674438e-02	2.241473e+00
1.171000e-05	6.467395e-02	2.557266e+00
1.172000e-05	-5.130078e-02	2.903654e+00
1.173000e-05	-4.174582e-02	3.180919e+00
1.174000e-05	-3.005534e-02	3.483623e+00
1.175000e-05	-5.526399e-03	3.684261e+00
1.176000e-05	-5.575812e-02	3.946812e+00
1.177000e-05	1.877373e-02	4.157883e+00
1.178000e-05	6.941725e-02	4.463604e+00
1.179000e-05	-5.361952e-02	4.726282e+00
1.180000e-05	1.300526e-01	4.971389e+00
1.181000e-05	-7.554058e-02	5.349340e+00
1.182000e-05	-7.531390e-03	5.609467e+00
1.183000e-05	1.726084e-02	5.856181e+00
1.184000e-05	-2.378323e-02	6.135286e+00
1.185000e-05	4.383959e-02	6.410945e+00
1.186000e-05	-4.951430e-02	6.696733e+00
1.187000e-05	5.509690e-02	6.927340e+00
1.188000e-05	1.017505e-02	7.230389e+00
1.189000e-05	-2.208155e-02	7.486176e+00
1.190000e-05	-2.373446e-02	7.777765e+00
1.191000e-05	1.015293e-02	8.031145e+00
1.192000e-05	5.009988e-02	8.316156e+00
1.193000e-05	-3.693136e-02	8.526231e+00
1.194000e-05	1.130575e-02	8.768330e+00
1.195000e-05	2.186658e-02	8.970915e+00
1.196000e-05	-7.585106e-03	9.253493e+00
1.197000e-05	3.691248e-03	9.424019e+00
1.198000e-05	-1.626950e-02	9.666656e+00
1.199000e-05	3.085671e-02	9.907255e+00
1.200000e-05	3.176058e-03	1.014873e+01
1.201000e-05	1.035923e-02	1.036986e+01
1.202000e-05	-1.173138e-02	1.056944e+01
1.203000e-05	9.063530e-03	1.081189e+01
1.204000e-05	1.390023e-02	1.095041e+01
1.205000e-05	-7.567969e-03	1.119042e+01
1.206000e-05	1.071433e-02	1.142088e+01
1.207000e-05	6.822713e-03	1.161242e+01
1.208000e-05	1.977081e-02	1.183245e+01
1.209000e-05	-3.864999e-03	1.201349e+01
1.210000e-05	4.213429e-03	1.219187e+01
1.211000e-05	5.314007e-03	1.237139e+01
1.212000e-05	1.510277e-02	1.253031e+01
1.213000e-05	5.255988e-03	1.272670e+01
1.214000e-05	5.500058e-03	1.288710e+01
1.215000e-05	1.379903e-02	1.303247e+01
1.216000e-05	1.238116e-02	1.317287e+01
1.217000e-05	6.993603e-03	1.335876e+01
1.218000e-05	3.338574e-03	1.348460e+01
1.219000e-05	1.346153e-02	1.360502e+01
1.220000e-05	1.467760e-02	1.380086e+01
1.221000e-05	8.466245e-03	1.395013e+01
1.222000e-05	5.849196e-03	1.404560e+01
1.223000e-05	1.424074e-02	1.420137e+01
1.224000e-05	1.644996e-02	1.431973e+01
1.225000e-05	8.363805e-03	1.443355e+01
1.226000e-05	9.024034e-03	1.458836e+01
1.227000e-05	1.684575e-02	1.465307e+01
1.228000e-05	1.801622e-02	1.473066e+01
1.229000e-05	1.118848e-02	1.482197e+01
1.230000e-05	1.130658e-02	1.489770e+01
1.231000e-05	1.840424e-02	1.499029e+01
1.232000e-05	1.966965e-02	1.502392e+01
1.233000e-05	1.552393e-02	1.509615e+01
1.234000e-05	1.483827e-02	1.514031e+01
1.235000e-05	2.137259e-02	1.520544e+01
1.236000e-05	2.267218e-02	1.525760e+01
1.237000e-05	2.004230e-02	1.531815e+01
1.238000e-05	2.009818e-02	1.538128e+01
1.239000e-05	2.354572e-02	1.536284e+01
1.240000e-05	2.945693e-02	1.540347e+01
1.241000e-05	2.508481e-02	1.545439e+01
1.242000e-05	2.636358e-02	1.546512e+01
1.243000e-05	2.933060e-02	1.544850e+01
1.244000e-05	3.498548e-02	1.545962e+01
1.245000e-05	3.129923e-02	1.548855e+01
1.246000e-05	3.104151e-02	1.546817e+01
1.247000e-05	3.616000e-02	1.545650e+01
1.248000e-05	3.840598e-02	1.542507e+01
1.249000e-05	3.676708e-02	1.538352e+01
1.250000e-05	3.321339e-02	1.538284e+01
1.251000e-05	3.475276e-02	1.535132e+01
1.252000e-05	3.513001e-02	1.533971e+01
1.253000e-05	3.127082e-02	1.527615e+01
1.254000e-05	2.685882e-02	1.523449e+01
1.255000e-05	2.750409e-02	1.516341e+01
1.256000e-05	2.854919e-02	1.512721e+01
1.257000e-05	2.382546e-02	1.505599e+01
1.258000e-05	2.097799e-02	1.501329e+01
1.259000e-05	1.907600e-02	1.487621e+01
1.260000e-05	2.133045e-02	1.483450e+01
1.261000e-05	1.773796e-02	1.470871e+01
1.262000e-05	1.483515e-02	1.467645e+01
1.263000e-05	1.178582e-02	1.452979e+01
1.264000e-05	1.643668e-02	1.442705e+01
1.265000e-05	1.385206e-02	1.433076e+01
1.266000e-05	1.189598e-02	1.422500e+01
1.267000e-05	8.379152e-03	1.411863e+01
1.268000e-05	1.127049e-02	1.396177e+01
1.269000e-05	9.365445e-03	1.380594e+01
1.270000e-05	8.161303e-03	1.366908e+01
1.271000e-05	5.083261e-03	1.352036e+01
1.272000e-05	9.913494e-03	1.339192e+01
1.273000e-05	7.456596e-03	1.328450e+01
1.274000e-05	5.405725e-03	1.309758e+01
1.275000e-05	2.656743e-03	1.295874e+01
1.276000e-05	6.349545e-03	1.279295e+01
1.277000e-05	5.852297e-03	1.261350e+01
1.278000e-05	4.382132e-03	1.246510e+01
1.279000e-05	3.029624e-03	1.226665e+01
1.280000e-05	4.684655e-03	1.211966e+01
1.281000e-05	4.513692e-03	1.189929e+01
1.282000e-05	2.647340e-03	1.172884e+01
1.283000e-05	1.250021e-03	1.152913e+01
1.284000e-05	2.757066e-03	1.129873e+01
1.285000e-05	3.598473e-03	1.112726e+01
1.286000e-05	2.160821e-03	1.090779e+01
1.287000e-05	1.120077e-03	1.069726e+01
1.288000e-05	1.202519e-03	1.049820e+01
1.289000e-05	2.019520e-03	1.027613e+01
1.290000e-05	1.461387e-04	1.008505e+01
1.291000e-05	1.423491e-04	9.774523e+00
1.292000e-05	3.537736e-04	9.589872e+00
1.293000e-05	1.972393e-03	9.381416e+00
1.294000e-05	-6.490848e-04	9.128789e+00
1.295000e-05	-7.248053e-04	8.929833e+00
1.296000e-05	-8.259753e-04	8.665132e+00
1.297000e-05	1.840403e-04	8.475101e+00
1.298000e-05	-8.045913e-04	8.163547e+00
1.299000e-05	-2.078922e-03	7.929311e+00
1.300000e-05	-1.474158e-03	7.696207e+00
1.301000e-05	-8.932638e-04	7.413999e+00
1.302000e-05	-1.804044e-03	7.128392e+00
1.303000e-05	-2.437883e-03	6.877260e+00
1.304000e-05	-3.325683e-03	6.623605e+00
1.305000e-05	-2.040632e-03	6.390395e+00
1.306000e-05	-2.912410e-03	6.136289e+00
1.307000e-05	-3.261171e-03	5.784104e+00
1.308000e-05	-4.456903e-03	5.548467e+00
1.309000e-05	-3.491302e-03	5.295687e+00
1.310000e-05	-2.692158e-03	4.950321e+00
1.311000e-05	-3.688034e-03	4.664106e+00
1.312000e-05	-4.873640e-03	4.381050e+00
1.313000e-05	-4.013079e-03	4.128840e+00
1.314000e-05	-2.756933e-03	3.832608e+00
1.315000e-05	-4.636668e-03	3.548900e+00
1.316000e-05	-5.934219e-03	3.338261e+00
1.317000e-05	-4.809155e-03	3.013525e+00
1.318000e-05	-4.194480e-03	2.727866e+00
1.319000e-05	-4.403457e-03	2.400507e+00
1.320000e-05	-5.833434e-03	2.128444e+00
1.321000e-05	-5.771316e-03	1.916745e+00
1.322000e-05	-4.322653e-03	1.559595e+00
1.323000e-05	-5.464445e-03	1.265212e+00
1.324000e-05	-6.076107e-03	9.389713e-01
1.325000e-05	-4.748075e-03	6.551157e-01
1.326000e-05	-5.140630e-03	4.100549e-01
1.327000e-05	-3.512613e-03	5.626709e-02
1.328000e-05	-1.874267e-03	-1.779187e-01
1.329000e-05	4.324666e-03	-4.225003e-01
1.330000e-05	-3.980752e-03	-7.367619e-01
1.331000e-05	-8.768410e-04	-9.883672e-01
1.332000e-05	-6.593114e-03	-1.312680e+00
1.333000e-05	-1.625871e-03	-1.609839e+00
1.334000e-05	1.820363e-04	-1.809446e+00
1.335000e-05	3.390284e-02	-2.030551e+00
1.336000e-05	8.504361e-02	-2.347229e+00
1.337000e-05	-5.231838e-02	-2.694230e+00
1.338000e-05	-4.018899e-02	-3.103732e+00
1.339000e-05	-4.447827e-02	-3.428965e+00
1.340000e-05	-2.958130e-02	-3.579446e+00
1.341000e-05	-6.711780e-02	-3.822522e+00
1.342000e-05	1.189799e-01	-4.050478e+00
1.343000e-05	-6.009661e-02	-4.293647e+00
1.344000e-05	5.363031e-03	-4.567337e+00
1.345000e-05	1.211191e-01	-4.808842e+00
1.346000e-05	-1.507100e-01	-5.137287e+00
1.347000e-05	8.702179e-02	-5.442669e+00
1.348000e-05	-1.223909e-01	-5.725732e+00
1.349000e-05	2.894272e-02	-6.042446e+00
1.350000e-05	5.199718e-02	-6.253518e+00
1.351000e-05	-7.874364e-02	-6.537262e+00
1.352000e-05	1.147618e-01	-6.809845e+00
1.353000e-05	-8.623024e-02	-7.064624e+00
1.354000e-05	2.957833e-02	-7.339318e+00
1.355000e-05	-4.270704e-02	-7.598416e+00
1.356000e-05	-2.824091e-02	-7.936233e+00
1.357000e-05	6.385919e-02	-8.136285e+00
1.358000e-05	-8.078468e-02	-8.429417e+00
1.359000e-05	9.029502e-02	-8.632968e+00
1.360000e-05	-7.296387e-02	-8.905652e+00
1.361000e-05	1.830683e-02	-9.157187e+00
1.362000e-05	-1.785500e-02	-9.347307e+00
1.363000e-05	-2.415622e-02	-9.591442e+00
1.364000e-05	3.643007e-02	-9.779893e+00
1.365000e-05	-5.469642e-02	-1.004252e+01
1.366000e-05	5.090348e-02	-1.024297e+01
1.367000e-05	-6.291266e-02	-1.049412e+01
1.368000e-05	3.296023e-02	-1.069557e+01
1.369000e-05	-4.731041e-02	-1.088563e+01
1.370000e-05	1.319115e-02	-1.106463e+01
1.371000e-05	-1.375414e-02	-1.130522e+01
1.372000e-05	-6.273436e-03	-1.154776e+01
1.373000e-05	-1.866433e-03	-1.170820e+01
1.374000e-05	-2.513287e-02	-1.192883e+01
1.375000e-05	4.514522e-04	-1.211766e+01
1.376000e-05	-3.043683e-02	-1.231620e+01
1.377000e-05	9.379197e-03	-1.249670e+01
1.378000e-05	-2.865057e-02	-1.264507e+01
1.379000e-05	8.440475e-03	-1.283307e+01
1.380000e-05	-2.926920e-02	-1.302084e+01
1.381000e-05	1.924910e-03	-1.314873e+01
1.382000e-05	-2.762288e-02	-1.326523e+01
1.383000e-05	-5.868698e-03	-1.341500e+01
1.384000e-05	-1.828430e-02	-1.357881e+01
1.385000e-05	-1.163988e-02	-1.378921e+01
1.386000e-05	-1.216538e-02	-1.385557e+01
1.387000e-05	-2.026371e-02	-1.403294e+01
1.388000e-05	-9.234064e-03	-1.412726e+01
1.389000e-05	-2.379095e-02	-1.425609e+01
1.390000e-05	-1.058525e-02	-1.439081e+01
1.391000e-05	-2.283443e-02	-1.448810e+01
1.392000e-05	-1.089244e-02	-1.461132e+01
1.393000e-05	-2.235663e-02	-1.467463e+01
1.394000e-05	-1.634485e-02	-1.477084e+01
1.395000e-05	-2.272889e-02	-1.487457e+01
1.396000e-05	-1.851476e-02	-1.496978e+01
1.397000e-05	-2.133176e-02	-1.502152e+01
1.398000e-05	-2.147697e-02	-1.506760e+01
1.399000e-05	-2.435184e-02	-1.517828e+01
1.400000e-05	-2.305340e-02	-1.519236e+01
1.401000e-05	-2.529714e-02	-1.527510e+01
1.402000e-05	-2.618136e-02	-1.537766e+01
1.403000e-05	-2.664409e-02	-1.539034e+01
1.404000e-05	-2.879459e-02	-1.542284e+01
1.405000e-05	-2.717741e-02	-1.542602e+01
1.406000e-05	-3.259180e-02	-1.548553e+01
1.407000e-05	-3.090323e-02	-1.550565e+01
1.408000e-05	-3.590861e-02	-1.552866e+01
1.409000e-05	-3.567486e-02	-1.551825e+01
1.410000e-05	-3.905984e-02	-1.552868e+01
1.411000e-05	-3.904713e-02	-1.552673e+01
1.412000e-05	-4.138065e-02	-1.550715e+01
1.413000e-05	-4.139052e-02	-1.547823e+01
1.414000e-05	-4.137616e-02	-1.547613e+01
1.415000e-05	-4.295321e-02	-1.548665e+01
1.416000e-05	-4.283873e-02	-1.541352e+01
1.417000e-05	-4.182608e-02	-1.541276e+01
1.418000e-05	-3.911073e-02	-1.537181e+01
1.419000e-05	-3.786924e-02	-1.533708e+01
1.420000e-05	-3.707068e-02	-1.524410e+01
1.421000e-05	-3.491528e-02	-1.516282e+01
1.422000e-05	-3.163378e-02	-1.509815e+01
1.423000e-05	-3.081066e-02	-1.507515e+01
1.424000e-05	-2.977972e-02	-1.500342e+01
1.425000e-05	-2.747856e-02	-1.493774e+01
1.426000e-05	-2.571123e-02	-1.486454e+01
1.427000e-05	-2.407988e-02	-1.479036e+01
1.428000e-05	-2.280774e-02	-1.465560e+01
1.429000e-05	-2.216099e-02	-1.458092e+01
1.430000e-05	-2.049250e-02	-1.449505e+01
1.431000e-05	-2.066886e-02	-1.433929e+01
1.432000e-05	-1.866650e-02	-1.419304e+01
1.433000e-05	-1.858089e-02	-1.408010e+01
1.434000e-05	-1.673943e-02	-1.396886e+01
1.435000e-05	-1.629316e-02	-1.385352e+01
1.436000e-05	-1.598962e-02	-1.368565e+01
1.437000e-05	-1.578455e-02	-1.356691e+01
1.438000e-05	-1.455699e-02	-1.342487e+01
1.439000e-05	-1.434035e-02	-1.325458e+01
1.440000e-05	-1.352500e-02	-1.315668e+01
1.441000e-05	-1.369367e-02	-1.297139e+01
1.442000e-05	-1.224042e-02	-1.281047e+01
1.443000e-05	-1.219892e-02	-1.259497e+01
1.444000e-05	-1.149104e-02	-1.248460e+01
1.445000e-05	-1.223868e-02	-1.230515e+01
1.446000e-05	-1.213536e-02	-1.212716e+01
1.447000e-05	-1.134438e-02	-1.190823e+01
1.448000e-05	-1.065605e-02	-1.171771e+01
1.449000e-05	-1.093204e-02	-1.147568e+01
1.450000e-05	-1.079806e-02	-1.122663e+01
1.451000e-05	-1.043288e-02	-1.105502e+01
1.452000e-05	-9.766483e-03	-1.081250e+01
1.453000e-05	-9.746431e-03	-1.065405e+01
1.454000e-05	-9.653575e-03	-1.046367e+01
1.455000e-05	-9.079417e-03	-1.021402e+01
1.456000e-05	-9.070756e-03	-1.000145e+01
1.457000e-05	-9.036317e-03	-9.760419e+00
1.458000e-05	-8.635608e-03	-9.590947e+00
1.459000e-05	-8.605986e-03	-9.339286e+00
1.460000e-05	-7.958305e-03	-9.145635e+00
1.461000e-05	-8.296141e-03	-8.879282e+00
1.462000e-05	-7.730655e-03	-8.655100e+00
1.463000e-05	-7.364973e-03	-8.381472e+00
1.464000e-05	-7.714645e-03	-8.149844e+00
1.465000e-05	-6.675714e-03	-7.876212e+00
1.466000e-05	-8.853002e-03	-7.642102e+00
1.467000e-05	-5.338185e-03	-7.339792e+00
1.468000e-05	-6.494355e-03	-7.067189e+00
1.469000e-05	-6.647414e-03	-6.822603e+00
1.470000e-05	-6.796312e-03	-6.601473e+00
1.471000e-05	-6.565237e-03	-6.337262e+00
1.472000e-05	-5.794461e-03	-6.056656e+00
1.473000e-05	-5.028437e-03	-5.772430e+00
1.474000e-05	-7.051732e-03	-5.536764e+00
1.475000e-05	-5.129306e-03	-5.221578e+00
1.476000e-05	-5.870336e-03	-4.897236e+00
1.477000e-05	-3.351381e-03	-4.570973e+00
1.478000e-05	-6.505305e-03	-4.368917e+00
1.479000e-05	-5.061609e-03	-4.137267e+00
1.480000e-05	-7.753978e-03	-3.811954e+00
1.481000e-05	-4.668409e-03	-3.557845e+00
1.482000e-05	-6.698311e-03	-3.275188e+00
1.483000e-05	-3.409190e-03	-2.981921e+00
1.484000e-05	-3.663519e-03	-2.696241e+00
1.485000e-05	-2.288425e-03	-2.453135e+00
1.486000e-05	-4.048744e-03	-2.116371e+00
1.487000e-05	-4.200839e-03	-1.855133e+00
1.488000e-05	-5.502362e-03	-1.587450e+00
1.489000e-05	-4.421095e-03	-1.233107e+00
1.490000e-05	-4.715392e-03	-8.974474e-01
1.491000e-05	-3.668541e-03	-6.237044e-01
1.492000e-05	-1.197675e-03	-3.489249e-01
1.493000e-05	-5.144091e-04	-1.157392e-01
1.494000e-05	7.905718e-03	2.094234e-01
1.495000e-05	1.950474e-03	4.931566e-01
1.496000e-05	1.715619e-03	7.053082e-01
1.497000e-05	-1.048483e-04	9.988686e-01
1.498000e-05	9.097441e-04	1.295205e+00
1.499000e-05	1.239702e-03	1.587449e+00
1.500000e-05	4.453058e-03	1.905129e+00
1.501000e-05	2.390605e-02	2.093580e+00
1.502000e-05	7.290896e-02	2.369865e+00
1.503000e-05	5.468286e-03	2.716707e+00
1.504000e-05	-5.695743e-02	3.070575e+00
1.505000e-05	-3.877481e-02	3.313786e+00
1.506000e-05	-1.063785e-02	3.629396e+00
1.507000e-05	-3.120239e-02	3.800473e+00
1.508000e-05	-4.443841e-02	4.021524e+00
1.509000e-05	8.312596e-02	4.296629e+00
1.510000e-05	-2.335970e-02	4.610968e+00
1.511000e-05	4.588346e-02	4.821523e+00
1.512000e-05	5.824383e-02	5.138341e+00
1.513000e-05	-9.255170e-02	5.453181e+00
1.514000e-05	4.774722e-02	5.738234e+00
1.515000e-05	-3.399954e-02	6.052446e+00
1.516000e-05	2.772220e-02	6.223127e+00
1.517000e-05	-6.428151e-03	6.526810e+00
1.518000e-05	-1.507810e-02	6.862449e+00
1.519000e-05	6.427013e-02	7.083653e+00
1.520000e-05	-2.934474e-02	7.349287e+00
1.521000e-05	-9.034724e-03	7.653546e+00
1.522000e-05	-2.865059e-02	7.907107e+00
1.523000e-05	5.276436e-02	8.199440e+00
1.524000e-05	4.861634e-03	8.442520e+00
1.525000e-05	-3.260542e-02	8.593471e+00
1.526000e-05	4.130641e-02	8.862077e+00
1.527000e-05	-9.619130e-03	9.105203e+00
1.528000e-05	1.240732e-02	9.318260e+00
1.529000e-05	-2.160316e-02	9.599289e+00
1.530000e-05	1.614256e-02	9.830966e+00
1.531000e-05	1.681451e-02	1.005399e+01
1.532000e-05	6.574451e-03	1.025455e+01
1.533000e-05	1.848483e-03	1.046310e+01
1.534000e-05	-1.204191e-02	1.068623e+01
1.535000e-05	2.646631e-02	1.085563e+01
1.536000e-05	-7.870415e-03	1.107515e+01
1.537000e-05	9.724053e-03	1.125660e+01
1.538000e-05	1.954258e-04	1.150818e+01
1.539000e-05	2.249512e-02	1.170768e+01
1.540000e-05	2.532513e-03	1.191866e+01
1.541000e-05	2.131912e-03	1.209920e+01
1.542000e-05	2.988398e-03	1.229665e+01
1.543000e-05	1.143671e-02	1.247457e+01
1.544000e-05	1.242326e-02	1.265392e+01
1.545000e-05	1.852124e-04	1.279089e+01
1.546000e-05	1.190395e-02	1.296979e+01
1.547000e-05	9.803672e-03	1.312573e+01
1.548000e-05	1.513450e-02	1.327707e+01
1.549000e-05	-1.210602e-03	1.345294e+01
1.550000e-05	1.160522e-02	1.358934e+01
1.551000e-05	1.251828e-02	1.371720e+01
1.552000e-05	1.311367e-02	1.384290e+01
1.553000e-05	4.024336e-03	1.395233e+01
1.554000e-05	8.705039e-03	1.413080e+01
1.555000e-05	1.837381e-02	1.431405e+01
1.556000e-05	1.189671e-02	1.435983e+01
1.557000e-05	9.274254e-03	1.446715e+01
1.558000e-05	1.016689e-02	1.460142e+01
1.559000e-05	2.098278e-02	1.470715e+01
1.560000e-05	1.280445e-02	1.477039e+01
1.561000e-05	1.186870e-02	1.484552e+01
1.562000e-05	1.255310e-02	1.493971e+01
1.563000e-05	2.090066e-02	1.501177e+01
1.564000e-05	1.826370e-02	1.506562e+01
1.565000e-05	1.335824e-02	1.513028e+01
1.566000e-05	1.729081e-02	1.519141e+01
1.567000e-05	2.175450e-02	1.524297e+01
1.568000e-05	2.296538e-02	1.527813e+01
1.569000e-05	1.741666e-02	1.534876e+01
1.570000e-05	2.223572e-02	1.541226e+01
1.571000e-05	2.693340e-02	1.539292e+01
1.572000e-05	2.777259e-02	1.543392e+01
1.573000e-05	2.401010e-02	1.546505e+01
1.574000e-05	2.701219e-02	1.546500e+01
1.575000e-05	3.264704e-02	1.545925e+01
1.576000e-05	3.385979e-02	1.547812e+01
1.577000e-05	3.123721e-02	1.546773e+01
1.578000e-05	3.283479e-02	1.547660e+01
1.579000e-05	3.811496e-02	1.542805e+01
1.580000e-05	3.758779e-02	1.543497e+01
1.581000e-05	3.480909e-02	1.540490e+01
1.582000e-05	3.350735e-02	1.537279e+01
1.583000e-05	3.501083e-02	1.533971e+01
1.584000e-05	3.410586e-02	1.528773e+01
1.585000e-05	2.894753e-02	1.527652e+01
1.586000e-05	2.760966e-02	1.521491e+01
1.587000e-05	2.840908e-02	1.516971e+01
1.588000e-05	2.702285e-02	1.505863e+01
1.589000e-05	2.186177e-02	1.502494e+01
1.590000e-05	2.035760e-02	1.494931e+01
1.591000e-05	2.026637e-02	1.484515e+01
1.592000e-05	2.023102e-02	1.476287e+01
1.593000e-05	1.596840e-02	1.468971e+01
1.594000e-05	1.366386e-02	1.461297e+01
1.595000e-05	1.595576e-02	1.447861e+01
1.596000e-05	1.451818e-02	1.438389e+01
1.597000e-05	1.352661e-02	1.432658e+01
1.598000e-05	7.893927e-03	1.416229e+01
1.599000e-05	1.081699e-02	1.403505e+01
1.600000e-05	1.087440e-02	1.388811e+01
1.601000e-05	9.238435e-03	1.377081e+01
1.602000e-05	6.787571e-03	1.361497e+01
1.603000e-05	6.322123e-03	1.347755e+01
1.604000e-05	9.403843e-03	1.333879e+01
1.605000e-05	5.991854e-03	1.322139e+01
1.606000e-05	4.848757e-03	1.301345e+01
1.607000e-05	5.768868e-03	1.283713e+01
1.608000e-05	7.014596e-03	1.273818e+01
1.609000e-05	3.799130e-03	1.256026e+01
1.610000e-05	3.239275e-03	1.243137e+01
1.611000e-05	4.794305e-03	1.218289e+01
1.612000e-05	5.295826e-03	1.201387e+01
1.613000e-05	2.228749e-03	1.181357e+01
1.614000e-05	1.443996e-03	1.164457e+01
1.615000e-05	3.326377e-03	1.138304e+01
1.616000e-05	2.947494e-03	1.117242e+01
1.617000e-05	2.011005e-03	1.100137e+01
1.618000e-05	8.086199e-04	1.082205e+01
1.619000e-05	2.582593e-03	1.060297e+01
1.620000e-05	3.095521e-03	1.039092e+01
1.621000e-05	4.241974e-04	1.013082e+01
1.622000e-05	-5.075349e-04	9.918339e+00
1.623000e-05	1.160834e-03	9.698282e+00
1.624000e-05	1.883483e-03	9.455681e+00
1.625000e-05	-6.035896e-04	9.285728e+00
1.626000e-05	-1.126143e-03	8.993543e+00
1.627000e-05	-1.383290e-03	8.811946e+00
1.628000e-05	1.890822e-03	8.561319e+00
1.629000e-05	-2.025141e-03	8.308214e+00
1.630000e-05	-2.387407e-03	8.047086e+00
1.631000e-05	-1.511044e-03	7.853577e+00
1.632000e-05	-8.331740e-05	7.559868e+00
1.633000e-05	-2.934826e-03	7.276706e+00
1.634000e-05	-4.325357e-03	7.033450e+00
1.635000e-05	-1.025529e-03	6.758969e+00
1.636000e-05	-1.234984e-03	6.496860e+00
1.637000e-05	-2.870414e-03	6.223585e+00
1.638000e-05	-3.905308e-03	5.990998e+00
1.639000e-05	-3.419342e-03	5.710334e+00
1.640000e-05	-2.203979e-03	5.463128e+00
1.641000e-05	-4.738166e-03	5.118291e+00
1.642000e-05	-4.934770e-03	4.810548e+00
1.643000e-05	-4.329323e-03	4.538865e+00
1.644000e-05	-3.851874e-03	4.264533e+00
1.645000e-05	-4.245371e-03	3.979948e+00
1.646000e-05	-5.176498e-03	3.705311e+00
1.647000e-05	-4.301522e-03	3.414154e+00
1.648000e-05	-4.356050e-03	3.147317e+00
1.649000e-05	-4.441244e-03	2.854262e+00
1.650000e-05	-5.628846e-03	2.582528e+00
1.651000e-05	-4.792922e-03	2.296710e+00
1.652000e-05	-4.494480e-03	2.063156e+00
1.653000e-05	-5.214867e-03	1.759441e+00
1.654000e-05	-6.126739e-03	1.432155e+00
1.655000e-05	-5.692865e-03	1.139321e+00
1.656000e-05	-5.268032e-03	8.230514e-01
1.657000e-05	-4.838968e-03	5.273222e-01
1.658000e-05	-5.314313e-03	2.446607e-01
1.659000e-05	-3.825724e-03	-6.165145e-02
1.660000e-05	4.498853e-03	-3.046856e-01
1.661000e-05	-2.877090e-04	-5.683943e-01
1.662000e-05	-1.110792e-03	-8.626253e-01
1.663000e-05	-4.460162e-03	-1.095258e+00
1.664000e-05	-2.006075e-03	-1.451991e+00
1.665000e-05	-4.387801e-03	-1.714684e+00
1.666000e-05	1.140125e-02	-1.934238e+00
1.667000e-05	7.119913e-02	-2.115262e+00
1.668000e-05	3.175734e-02	-2.523209e+00
1.669000e-05	-7.023448e-02	-2.922707e+00
1.670000e-05	-3.193786e-02	-3.272078e+00
1.671000e-05	-3.826739e-02	-3.503654e+00
1.672000e-05	-5.107667e-02	-3.705160e+00
1.673000e-05	8.360461e-03	-3.948860e+00
1.674000e-05	9.793945e-02	-4.086233e+00
1.675000e-05	-1.364368e-01	-4.399421e+00
1.676000e-05	1.560639e-01	-4.662679e+00
1.677000e-05	-5.784710e-02	-4.975232e+00
1.678000e-05	-3.876637e-02	-5.344731e+00
1.679000e-05	3.633982e-02	-5.596390e+00
1.680000e-05	-1.316412e-01	-5.904578e+00
1.681000e-05	1.369377e-01	-6.126111e+00
1.682000e-05	-8.566423e-02	-6.356835e+00
1.683000e-05	4.467562e-02	-6.682649e+00
1.684000e-05	2.557812e-02	-6.873629e+00
1.685000e-05	-6.853056e-02	-7.251998e+00
1.686000e-05	5.091776e-02	-7.476101e+00
1.687000e-05	-9.741705e-02	-7.737360e+00
1.688000e-05	7.473069e-02	-8.032549e+00
1.689000e-05	-3.901484e-02	-8.262648e+00
1.690000e-05	1.397914e-03	-8.507229e+00
1.691000e-05	3.925499e-02	-8.797782e+00
1.692000e-05	-8.086533e-02	-9.002944e+00
1.693000e-05	5.825510e-02	-9.239945e+00
1.694000e-05	-7.818499e-02	-9.461997e+00
1.695000e-05	5.411393e-02	-9.705704e+00
1.696000e-05	-4.241624e-02	-9.885757e+00
1.697000e-05	1.811626e-02	-1.016723e+01
1.698000e-05	-9.548077e-03	-1.032831e+01
1.699000e-05	-2.836674e-02	-1.061144e+01
1.700000e-05	1.335230e-02	-1.079834e+01
1.701000e-05	-4.343256e-02	-1.098789e+01
1.702000e-05	2.980678e-02	-1.121101e+01
1.703000e-05	-4.045314e-02	-1.143287e+01
1.704000e-05	2.187486e-02	-1.162249e+01
1.705000e-05	-3.307324e-02	-1.184244e+01
1.706000e-05	4.374268e-03	-1.205352e+01
1.707000e-05	-2.984130e-02	-1.223239e+01
1.708000e-05	-9.115044e-04	-1.239289e+01
1.709000e-05	-1.198414e-02	-1.258882e+01
1.710000e-05	-9.306068e-03	-1.272731e+01
1.711000e-05	-9.728689e-03	-1.288663e+01
1.712000e-05	-2.000204e-02	-1.308649e+01
1.713000e-05	-2.790462e-03	-1.321239e+01
1.714000e-05	-2.723524e-02	-1.337936e+01
1.715000e-05	-1.696166e-03	-1.350657e+01
1.716000e-05	-2.582490e-02	-1.368662e+01
1.717000e-05	1.185206e-03	-1.380344e+01
1.718000e-05	-2.526342e-02	-1.395825e+01
1.719000e-05	-1.053729e-02	-1.409505e+01
1.720000e-05	-2.098374e-02	-1.419186e+01
1.721000e-05	-1.295017e-02	-1.435823e+01
1.722000e-05	-1.755635e-02	-1.443352e+01
1.723000e-05	-1.790813e-02	-1.457931e+01
1.724000e-05	-1.495159e-02	-1.464350e+01
1.725000e-05	-1.953481e-02	-1.471876e+01
1.726000e-05	-1.736162e-02	-1.483296e+01
1.727000e-05	-2.293477e-02	-1.492713e+01
1.728000e-05	-1.857145e-02	-1.501236e+01
1.729000e-05	-2.216288e-02	-1.503505e+01
1.730000e-05	-2.031508e-02	-1.510765e+01
1.731000e-05	-2.602499e-02	-1.519286e+01
1.732000e-05	-2.273128e-02	-1.524407e+01
1.733000e-05	-2.690766e-02	-1.527600e+01
1.734000e-05	-2.418141e-02	-1.537969e+01
1.735000e-05	-2.956244e-02	-1.539244e+01
1.736000e-05	-2.740626e-02	-1.542345e+01
1.737000e-05	-3.045463e-02	-1.544497e+01
1.738000e-05	-3.058884e-02	-1.546670e+01
1.739000e-05	-3.396846e-02	-1.548615e+01
1.740000e-05	-3.602402e-02	-1.550775e+01
1.741000e-05	-3.581961e-02	-1.550875e+01
1.742000e-05	-3.918179e-02	-1.549715e+01
1.743000e-05	-3.959234e-02	-1.550977e+01
1.744000e-05	-4.268596e-02	-1.548765e+01
1.745000e-05	-4.144431e-02	-1.544705e+01
1.746000e-05	-4.281645e-02	-1.545550e+01
1.747000e-05	-4.238597e-02	-1.544505e+01
1.748000e-05	-4.133395e-02	-1.542391e+01
1.749000e-05	-4.071866e-02	-1.535244e+01
1.750000e-05	-3.858443e-02	-1.535783e+01
1.751000e-05	-3.737028e-02	-1.528655e+01
1.752000e-05	-3.533656e-02	-1.521245e+01
1.753000e-05	-3.465953e-02	-1.516131e+01
1.754000e-05	-3.132330e-02	-1.511815e+01
1.755000e-05	-3.122940e-02	-1.499252e+01
1.756000e-05	-2.763057e-02	-1.494126e+01
1.757000e-05	-2.725752e-02	-1.487565e+01
1.758000e-05	-2.528195e-02	-1.480339e+01
1.759000e-05	-2.355264e-02	-1.469763e+01
1.760000e-05	-2.255999e-02	-1.462399e+01
1.761000e-05	-2.227487e-02	-1.452773e+01
1.762000e-05	-2.051357e-02	-1.438247e+01
1.763000e-05	-2.010908e-02	-1.427662e+01
1.764000e-05	-1.932477e-02	-1.415043e+01
1.765000e-05	-1.892892e-02	-1.401499e+01
1.766000e-05	-1.623405e-02	-1.392720e+01
1.767000e-05	-1.637944e-02	-1.378984e+01
1.768000e-05	-1.548428e-02	-1.363200e+01
1.769000e-05	-1.503313e-02	-1.347715e+01
1.770000e-05	-1.499081e-02	-1.336876e+01
1.771000e-05	-1.405215e-02	-1.323292e+01
1.772000e-05	-1.405895e-02	-1.304352e+01
1.773000e-05	-1.258565e-02	-1.289523e+01
1.774000e-05	-1.291683e-02	-1.269815e+01
1.775000e-05	-1.166729e-02	-1.254933e+01
1.776000e-05	-1.175022e-02	-1.239142e+01
1.777000e-05	-1.278089e-02	-1.219199e+01
1.778000e-05	-1.126004e-02	-1.201297e+01
1.779000e-05	-1.133984e-02	-1.183397e+01
1.780000e-05	-1.132371e-02	-1.164289e+01
1.781000e-05	-1.030958e-02	-1.138939e+01
1.782000e-05	-1.029044e-02	-1.114981e+01
1.783000e-05	-9.652059e-03	-1.096781e+01
1.784000e-05	-1.038384e-02	-1.077026e+01
1.785000e-05	-9.763127e-03	-1.054979e+01
1.786000e-05	-9.565044e-03	-1.033773e+01
1.787000e-05	-9.179816e-03	-1.013821e+01
1.788000e-05	-8.537439e-03	-9.906681e+00
1.789000e-05	-8.877565e-03	-9.686783e+00
1.790000e-05	-7.814015e-03	-9.454655e+00
1.791000e-05	-7.999089e-03	-9.212498e+00
1.792000e-05	-7.477501e-03	-9.001948e+00
1.793000e-05	-8.648748e-03	-8.781819e+00
1.794000e-05	-8.275518e-03	-8.517284e+00
1.795000e-05	-7.107027e-03	-8.264633e+00
1.796000e-05	-7.239629e-03	-8.071079e+00
1.797000e-05	-7.998015e-03	-7.801871e+00
1.798000e-05	-6.643398e-03	-7.506303e+00
1.799000e-05	-5.551747e-03	-7.243977e+00
1.800000e-05	-5.013399e-03	-6.990921e+00
1.801000e-05	-7.941876e-03	-6.695812e+00
1.802000e-05	-6.677747e-03	-6.434713e+00
1.803000e-05	-7.155772e-03	-6.192022e+00
1.804000e-05	-5.392449e-03	-5.927765e+00
1.805000e-05	-7.768016e-03	-5.685281e+00
1.806000e-05	-4.593123e-03	-5.369970e+00
1.807000e-05	-5.510266e-03	-5.083684e+00
1.808000e-05	-4.255250e-03	-4.738340e+00
1.809000e-05	-4.453069e-03	-4.475208e+00
1.810000e-05	-5.919286e-03	-4.233607e+00
1.811000e-05	-6.214668e-03	-4.000399e+00
1.812000e-05	-7.219499e-03	-3.696205e+00
1.813000e-05	-5.587267e-03	-3.422079e+00
1.814000e-05	-4.367338e-03	-3.178842e+00
1.815000e-05	-4.490837e-03	-2.832583e+00
1.816000e-05	-2.741863e-03	-2.579394e+00
1.817000e-05	-2.463798e-03	-2.303566e+00
1.818000e-05	-3.346911e-03	-2.019974e+00
1.819000e-05	-5.473981e-03	-1.737293e+00
1.820000e-05	-6.353998e-03	-1.393129e+00
1.821000e-05	-4.490081e-03	-1.084838e+00
1.822000e-05	-5.316733e-03	-8.115066e-01
1.823000e-05	-3.357059e-03	-5.053420e-01
1.824000e-05	-2.672812e-03	-2.236291e-01
1.825000e-05	2.859449e-03	1.052513e-02
1.826000e-05	9.793382e-03	3.273409e-01
1.827000e-05	-1.016928e-03	5.793711e-01
1.828000e-05	1.889737e-03	8.615228e-01
1.829000e-05	-1.884161e-03	1.178387e+00
1.830000e-05	1.844474e-03	1.431450e+00
1.831000e-05	-7.119838e-04	1.748862e+00
1.832000e-05	1.057409e-02	1.937442e+00
1.833000e-05	4.565518e-02	2.219546e+00
1.834000e-05	6.742582e-02	2.517384e+00
1.835000e-05	-4.728201e-02	2.875028e+00
1.836000e-05	-4.341831e-02	3.137792e+00
1.837000e-05	-3.166628e-02	3.472652e+00
1.838000e-05	-4.447161e-03	3.705782e+00
1.839000e-05	-5.411811e-02	3.926308e+00
1.840000e-05	1.234981e-02	4.126709e+00
1.841000e-05	7.409869e-02	4.482049e+00
1.842000e-05	-5.564833e-02	4.717781e+00
1.843000e-05	1.286025e-01	5.018491e+00
1.844000e-05	-6.926656e-02	5.367732e+00
1.845000e-05	-1.470427e-02	5.581942e+00
1.846000e-05	2.291043e-02	5.854150e+00
1.847000e-05	-2.804626e-02	6.126736e+00
1.848000e-05	4.425158e-02	6.389941e+00
1.849000e-05	-4.710278e-02	6.675207e+00
1.850000e-05	5.226042e-02	6.938813e+00
1.851000e-05	1.507955e-02	7.210414e+00
1.852000e-05	-2.400950e-02	7.506155e+00
1.853000e-05	-2.195356e-02	7.768836e+00
1.854000e-05	6.489183e-03	8.032097e+00
1.855000e-05	5.233412e-02	8.276131e+00
1.856000e-05	-3.557924e-02	8.487256e+00
1.857000e-05	8.443678e-03	8.728407e+00
1.858000e-05	2.640505e-02	8.969312e+00
1.859000e-05	-8.378129e-03	9.191969e+00
1.860000e-05	4.897152e-03	9.463075e+00
1.861000e-05	-1.797225e-02	9.664448e+00
1.862000e-05	3.089314e-02	9.866603e+00
1.863000e-05	4.415898e-03	1.014831e+01
1.864000e-05	1.076184e-02	1.037791e+01
1.865000e-05	-1.083542e-02	1.057034e+01
1.866000e-05	8.406305e-03	1.082096e+01
1.867000e-05	1.653966e-02	1.101041e+01
1.868000e-05	-7.488668e-03	1.120136e+01
1.869000e-05	1.078288e-02	1.141189e+01
1.870000e-05	6.413691e-03	1.162209e+01
1.871000e-05	2.089122e-02	1.180200e+01
1.872000e-05	-4.177986e-03	1.201392e+01
1.873000e-05	3.993936e-03	1.219091e+01
1.874000e-05	5.951836e-03	1.235136e+01
1.875000e-05	1.493077e-02	1.251181e+01
1.876000e-05	5.557442e-03	1.267526e+01
1.877000e-05	4.149899e-03	1.286720e+01
1.878000e-05	1.310245e-02	1.302349e+01
1.879000e-05	1.190374e-02	1.315196e+01
1.880000e-05	7.276603e-03	1.336976e+01
1.881000e-05	1.658503e-03	1.352805e+01
1.882000e-05	1.442275e-02	1.370452e+01
1.883000e-05	1.339140e-02	1.377029e+01
1.884000e-05	9.376212e-03	1.389770e+01
1.885000e-05	5.241594e-03	1.404607e+01
1.886000e-05	1.363351e-02	1.421334e+01
1.887000e-05	1.585873e-02	1.432870e+01
1.888000e-05	8.312441e-03	1.441402e+01
1.889000e-05	9.591154e-03	1.448028e+01
1.890000e-05	1.567169e-02	1.464402e+01
1.891000e-05	1.858887e-02	1.473821e+01
1.892000e-05	1.151333e-02	1.481292e+01
1.893000e-05	1.113590e-02	1.489715e+01
1.894000e-05	1.716698e-02	1.497084e+01
1.895000e-05	1.831029e-02	1.501397e+01
1.896000e-05	1.530512e-02	1.507715e+01
1.897000e-05	1.254158e-02	1.518084e+01
1.898000e-05	2.185184e-02	1.521244e+01
1.899000e-05	2.254545e-02	1.525505e+01
1.900000e-05	1.972121e-02	1.532123e+01
1.901000e-05	1.975210e-02	1.531181e+01
1.902000e-05	2.415667e-02	1.538134e+01
1.903000e-05	2.859264e-02	1.544439e+01
1.904000e-05	2.425979e-02	1.542504e+01
1.905000e-05	2.524538e-02	1.546565e+01
1.906000e-05	3.004296e-02	1.547755e+01
1.907000e-05	3.387609e-02	1.546757e+01
1.908000e-05	3.118989e-02	1.549562e+01
1.909000e-05	3.192493e-02	1.545660e+01
1.910000e-05	3.653009e-02	1.545712e+01
1.911000e-05	3.905668e-02	1.544662e+01
1.912000e-05	3.599881e-02	1.545339e+01
1.913000e-05	3.349062e-02	1.539381e+01
1.914000e-05	3.583953e-02	1.534036e+01
1.915000e-05	3.455485e-02	1.530926e+01
1.916000e-05	3.177983e-02	1.530810e+01
1.917000e-05	2.685942e-02	1.523607e+01
1.918000e-05	2.911865e-02	1.521141e+01
1.919000e-05	2.907363e-02	1.509828e+01
1.920000e-05	2.403429e-02	1.505605e+01
1.921000e-05	2.152346e-02	1.500242e+01
1.922000e-05	2.025341e-02	1.490913e+01
1.923000e-05	2.218034e-02	1.481352e+01
1.924000e-05	1.714827e-02	1.475034e+01
1.925000e-05	1.470800e-02	1.463360e+01
1.926000e-05	1.459149e-02	1.455931e+01
1.927000e-05	1.660315e-02	1.442755e+01
1.928000e-05	1.400816e-02	1.435880e+01
1.929000e-05	1.066275e-02	1.423592e+01
1.930000e-05	1.069592e-02	1.406760e+01
1.931000e-05	1.204638e-02	1.396181e+01
1.932000e-05	9.835477e-03	1.381507e+01
1.933000e-05	7.665604e-03	1.373713e+01
1.934000e-05	6.519450e-03	1.355126e+01
1.935000e-05	9.239667e-03	1.339394e+01
1.936000e-05	7.144771e-03	1.325558e+01
1.937000e-05	5.385049e-03	1.307816e+01
1.938000e-05	4.187807e-03	1.297026e+01
1.939000e-05	6.044334e-03	1.277184e+01
1.940000e-05	6.289059e-03	1.263362e+01
1.941000e-05	4.096758e-03	1.245715e+01
1.942000e-05	3.153742e-03	1.225665e+01
1.943000e-05	4.705797e-03	1.209671e+01
1.944000e-05	3.583299e-03	1.192926e+01
1.945000e-05	2.903134e-03	1.171021e+01
1.946000e-05	1.724380e-03	1.150926e+01
1.947000e-05	3.151588e-03	1.129776e+01
1.948000e-05	2.699612e-03	1.113721e+01
1.949000e-05	8.251415e-04	1.087731e+01
1.950000e-05	1.336443e-03	1.068628e+01
1.951000e-05	2.345103e-03	1.047718e+01
1.952000e-05	2.902779e-03	1.024513e+01
1.953000e-05	-8.729997e-04	1.007510e+01
1.954000e-05	-1.271772e-03	9.784076e+00
1.955000e-05	-5.851732e-04	9.591449e+00
1.956000e-05	1.590046e-03	9.351447e+00
1.957000e-05	-1.049176e-03	9.119285e+00
1.958000e-05	-2.040319e-03	8.919734e+00
1.959000e-05	-3.013056e-04	8.656631e+00
1.960000e-05	-1.669779e-04	8.485631e+00
1.961000e-05	-1.856380e-03	8.193546e+00
1.962000e-05	-4.010651e-03	7.961787e+00
1.963000e-05	-1.326957e-03	7.696758e+00
1.964000e-05	-1.076633e-03	7.423524e+00
1.965000e-05	-2.306883e-03	7.138837e+00
1.966000e-05	-3.642862e-03	6.896286e+00
1.967000e-05	-3.166963e-03	6.654153e+00
1.968000e-05	-2.336883e-03	6.388920e+00
1.969000e-05	-2.333113e-03	6.136790e+00
1.970000e-05	-4.055247e-03	5.826756e+00
1.971000e-05	-3.707614e-03	5.592971e+00
1.972000e-05	-2.666334e-03	5.306262e+00
1.973000e-05	-3.597397e-03	4.981494e+00
1.974000e-05	-4.791472e-03	4.656288e+00
1.975000e-05	-4.953843e-03	4.411575e+00
1.976000e-05	-3.787965e-03	4.088317e+00
1.977000e-05	-3.479883e-03	3.845658e+00
1.978000e-05	-5.309229e-03	3.571026e+00
1.979000e-05	-4.889320e-03	3.325211e+00
1.980000e-05	-3.989554e-03	2.962554e+00
1.981000e-05	-3.391198e-03	2.778926e+00
1.982000e-05	-5.549604e-03	2.452159e+00
1.983000e-05	-6.250419e-03	2.168391e+00
1.984000e-05	-4.739873e-03	1.895868e+00
1.985000e-05	-4.561844e-03	1.571553e+00
1.986000e-05	-6.039264e-03	1.316317e+00
1.987000e-05	-6.367852e-03	9.683999e-01
1.988000e-05	-3.910892e-03	6.651631e-01
1.989000e-05	-3.867862e-03	4.011078e-01
1.990000e-05	-4.101404e-03	1.073646e-01
1.991000e-05	-2.033063e-03	-1.463410e-01
1.992000e-05	6.035679e-03	-4.094475e-01
1.993000e-05	-3.430042e-03	-6.842071e-01
1.994000e-05	-6.461003e-04	-1.008344e+00
1.995000e-05	-7.257133e-03	-1.262105e+00
1.996000e-05	-6.317424e-04	-1.568340e+00
1.997000e-05	-2.763128e-05	-1.768368e+00
1.998000e-05	3.169901e-02	-2.000974e+00
1.999000e-05	8.600408e-02	-2.315180e+00
2.000000e-05	-4.523100e-02	-2.703153e+00
2.001000e-05	-4.336353e-02	-3.042254e+00
2.002000e-05	-4.259507e-02	-3.399869e+00
2.003000e-05	-3.081944e-02	-3.599945e+00
2.004000e-05	-6.616986e-02	-3.853100e+00
2.005000e-05	1.116092e-01	-3.988923e+00
2.006000e-05	-5.009026e-02	-4.281125e+00
2.007000e-05	-9.693373e-03	-4.545890e+00
2.008000e-05	1.313997e-01	-4.779488e+00
2.009000e-05	-1.481553e-01	-5.156213e+00
2.010000e-05	8.208206e-02	-5.443097e+00
2.011000e-05	-1.090545e-01	-5.685157e+00
2.012000e-05	1.533664e-02	-5.988419e+00
2.013000e-05	6.421537e-02	-6.169364e+00
2.014000e-05	-8.902220e-02	-6.535735e+00
2.015000e-05	1.134718e-01	-6.788819e+00
2.016000e-05	-8.358328e-02	-7.083119e+00
2.017000e-05	2.351402e-02	-7.366340e+00
2.018000e-05	-3.378962e-02	-7.599264e+00
2.019000e-05	-3.467944e-02	-7.905206e+00
2.020000e-05	7.127446e-02	-8.136237e+00
2.021000e-05	-8.256803e-02	-8.409911e+00
2.022000e-05	8.533200e-02	-8.640944e+00
2.023000e-05	-6.820620e-02	-8.843576e+00
2.024000e-05	9.202237e-03	-9.147682e+00
2.025000e-05	-1.253820e-02	-9.347181e+00
2.026000e-05	-3.061834e-02	-9.578363e+00
2.027000e-05	4.134192e-02	-9.800339e+00
2.028000e-05	-5.591836e-02	-1.004352e+01
2.029000e-05	5.033597e-02	-1.023295e+01
2.030000e-05	-6.141045e-02	-1.047360e+01
2.031000e-05	2.850679e-02	-1.066707e+01
2.032000e-05	-4.432665e-02	-1.085362e+01
2.033000e-05	7.695365e-03	-1.107560e+01
2.034000e-05	-9.254993e-03	-1.130360e+01
2.035000e-05	-9.971198e-03	-1.154863e+01
2.036000e-05	2.051629e-03	-1.173670e+01
2.037000e-05	-2.747155e-02	-1.195784e+01
2.038000e-05	9.602869e-04	-1.211720e+01
2.039000e-05	-3.115928e-02	-1.229615e+01
2.040000e-05	1.035766e-02	-1.247600e+01
2.041000e-05	-2.811098e-02	-1.264247e+01
2.042000e-05	6.798701e-03	-1.282294e+01
2.043000e-05	-2.794575e-02	-1.301129e+01
2.044000e-05	1.419064e-03	-1.313776e+01
2.045000e-05	-2.571088e-02	-1.329667e+01
2.046000e-05	-8.619369e-03	-1.347289e+01
2.047000e-05	-1.518494e-02	-1.357991e+01
2.048000e-05	-1.217658e-02	-1.371866e+01
2.049000e-05	-9.460251e-03	-1.386404e+01
2.050000e-05	-2.270255e-02	-1.400184e+01
2.051000e-05	-7.975380e-03	-1.415868e+01
2.052000e-05	-2.298736e-02	-1.425655e+01
2.053000e-05	-1.033321e-02	-1.436984e+01
2.054000e-05	-2.302059e-02	-1.450718e+01
2.055000e-05	-1.032300e-02	-1.460239e+01
2.056000e-05	-2.088702e-02	-1.470665e+01
2.057000e-05	-1.659119e-02	-1.479989e+01
2.058000e-05	-2.303856e-02	-1.489662e+01
2.059000e-05	-1.910774e-02	-1.495776e+01
2.060000e-05	-2.070414e-02	-1.501244e+01
2.061000e-05	-2.058693e-02	-1.508711e+01
2.062000e-05	-2.301123e-02	-1.510973e+01
2.063000e-05	-2.266907e-02	-1.516444e+01
2.064000e-05	-2.467875e-02	-1.532610e+01
2.065000e-05	-2.509980e-02	-1.534960e+01
2.066000e-05	-2.624061e-02	-1.543926e+01
2.067000e-05	-3.040494e-02	-1.540144e+01
2.068000e-05	-2.770448e-02	-1.547500e+01
2.069000e-05	-3.194271e-02	-1.543612e+01
2.070000e-05	-3.127684e-02	-1.550713e+01
2.071000e-05	-3.593409e-02	-1.550815e+01
2.072000e-05	-3.501739e-02	-1.551873e+01
2.073000e-05	-3.863700e-02	-1.549866e+01
2.074000e-05	-3.866651e-02	-1.552873e+01
2.075000e-05	-4.127865e-02	-1.549867e+01
2.076000e-05	-4.155272e-02	-1.549563e+01
2.077000e-05	-4.218538e-02	-1.547663e+01
2.078000e-05	-4.393150e-02	-1.544610e+01
2.079000e-05	-4.237789e-02	-1.541602e+01
2.080000e-05	-4.149830e-02	-1.540296e+01
2.081000e-05	-3.755215e-02	-1.534086e+01
2.082000e-05	-3.965163e-02	-1.533665e+01
2.083000e-05	-3.433800e-02	-1.522302e+01
2.084000e-05	-3.740069e-02	-1.518191e+01
2.085000e-05	-3.062050e-02	-1.513033e+01
2.086000e-05	-3.374851e-02	-1.504658e+01
2.087000e-05	-2.899368e-02	-1.500234e+01
2.088000e-05	-2.694950e-02	-1.493918e+01
2.089000e-05	-2.509434e-02	-1.480497e+01
2.090000e-05	-2.443028e-02	-1.475983e+01
2.091000e-05	-2.559190e-02	-1.463607e+01
2.092000e-05	-2.407401e-02	-1.458084e+01
2.093000e-05	-2.174459e-02	-1.446555e+01
2.094000e-05	-2.092428e-02	-1.434080e+01
2.095000e-05	-1.886616e-02	-1.421402e+01
2.096000e-05	-1.647470e-02	-1.409771e+01
2.097000e-05	-1.572502e-02	-1.397081e+01
2.098000e-05	-1.640976e-02	-1.384344e+01
2.099000e-05	-2.084414e-02	-1.368813e+01
2.100000e-05	-1.641962e-02	-1.354081e+01
2.101000e-05	-1.521320e-02	-1.341397e+01
2.102000e-05	-1.345161e-02	-1.327653e+01
2.103000e-05	-1.441722e-02	-1.312923e+01
2.104000e-05	-1.200820e-02	-1.295079e+01
2.105000e-05	-9.437354e-03	-1.283187e+01
2.106000e-05	-1.373949e-02	-1.262597e+01
2.107000e-05	-1.366572e-02	-1.247658e+01
2.108000e-05	-1.372205e-02	-1.232523e+01
2.109000e-05	-1.098402e-02	-1.214821e+01
2.110000e-05	-1.232328e-02	-1.191868e+01
2.111000e-05	-1.177115e-02	-1.175868e+01
2.112000e-05	-9.984477e-03	-1.151675e+01
2.113000e-05	-7.527660e-03	-1.125762e+01
2.114000e-05	-9.349085e-03	-1.103555e+01
2.115000e-05	-1.136176e-02	-1.083300e+01
2.116000e-05	-9.837546e-03	-1.065562e+01
2.117000e-05	-9.674321e-03	-1.045510e+01
2.118000e-05	-8.747253e-03	-1.019457e+01
2.119000e-05	-1.076531e-02	-9.992428e+00
2.120000e-05	-8.225809e-03	-9.802422e+00
2.121000e-05	-6.859394e-03	-9.600917e+00
2.122000e-05	-7.143770e-03	-9.350810e+00
2.123000e-05	-9.063904e-03	-9.097762e+00
2.124000e-05	-6.851134e-03	-8.935731e+00
2.125000e-05	-6.553815e-03	-8.632124e+00
2.126000e-05	-7.646476e-03	-8.370524e+00
2.127000e-05	-9.334134e-03	-8.160419e+00
2.128000e-05	-7.231248e-03	-7.908260e+00
2.129000e-05	-5.845769e-03	-7.614031e+00
2.130000e-05	-5.744777e-03	-7.349319e+00
2.131000e-05	-6.123947e-03	-7.127736e+00
2.132000e-05	-6.299977e-03	-6.884553e+00
2.133000e-05	-4.455314e-03	-6.589525e+00
2.134000e-05	-6.255876e-03	-6.329740e+00
2.135000e-05	-8.426419e-03	-6.063682e+00
2.136000e-05	-6.297741e-03	-5.801501e+00
2.137000e-05	-5.999699e-03	-5.486214e+00
2.138000e-05	-5.896212e-03	-5.261999e+00
2.139000e-05	-6.037978e-03	-4.878687e+00
2.140000e-05	-2.837003e-03	-4.590495e+00
2.141000e-05	-5.192924e-03	-4.349371e+00
2.142000e-05	-4.110748e-03	-4.107215e+00
2.143000e-05	-8.881660e-03	-3.853601e+00
2.144000e-05	-4.257409e-03	-3.548420e+00
2.145000e-05	-6.667672e-03	-3.315736e+00
2.146000e-05	-2.853540e-03	-3.013078e+00
2.147000e-05	-5.727813e-03	-2.666242e+00
2.148000e-05	-1.914212e-03	-2.452082e+00
2.149000e-05	-3.862658e-03	-2.167890e+00
2.150000e-05	-3.972227e-03	-1.864183e+00
2.151000e-05	-6.987220e-03	-1.598977e+00
2.152000e-05	-4.152201e-03	-1.264685e+00
2.153000e-05	-4.097212e-03	-9.583409e-01
2.154000e-05	-4.296259e-03	-6.653346e-01
2.155000e-05	-2.516112e-03	-3.689473e-01
2.156000e-05	-2.045192e-03	-9.579090e-02
2.157000e-05	6.873167e-03	1.674448e-01
2.158000e-05	2.208950e-03	4.536328e-01
2.159000e-05	-4.312944e-04	6.838121e-01
2.160000e-05	-4.963538e-04	1.009923e+00
2.161000e-05	1.530219e-03	1.272755e+00
2.162000e-05	7.710763e-04	1.592020e+00
2.163000e-05	3.000950e-03	1.884577e+00
2.164000e-05	2.203812e-02	2.083632e+00
2.165000e-05	7.207726e-02	2.376815e+00
2.166000e-05	1.019339e-02	2.674783e+00
2.167000e-05	-5.889240e-02	3.020051e+00
2.168000e-05	-3.923154e-02	3.303133e+00
2.169000e-05	-1.157881e-02	3.609420e+00
2.170000e-05	-2.860492e-02	3.821018e+00
2.171000e-05	-4.756664e-02	4.010396e+00
2.172000e-05	7.928686e-02	4.274681e+00
2.173000e-05	-1.536722e-02	4.598919e+00
2.174000e-05	3.727463e-02	4.840949e+00
2.175000e-05	6.724186e-02	5.178336e+00
2.176000e-05	-9.615005e-02	5.514102e+00
2.177000e-05	4.634423e-02	5.754706e+00
2.178000e-05	-3.230203e-02	6.021921e+00
2.179000e-05	2.460430e-02	6.262023e+00
2.180000e-05	-1.011513e-03	6.536685e+00
2.181000e-05	-1.822790e-02	6.811450e+00
2.182000e-05	6.723990e-02	7.023077e+00
2.183000e-05	-2.696663e-02	7.340286e+00
2.184000e-05	-1.027419e-02	7.622522e+00
2.185000e-05	-2.878228e-02	7.905629e+00
2.186000e-05	5.119708e-02	8.169341e+00
2.187000e-05	9.625691e-03	8.411897e+00
2.188000e-05	-3.472513e-02	8.633946e+00
2.189000e-05	4.116220e-02	8.854146e+00
2.190000e-05	-7.032600e-03	9.067124e+00
2.191000e-05	1.155557e-02	9.326682e+00
2.192000e-05	-2.114579e-02	9.550736e+00
2.193000e-05	1.531545e-02	9.799413e+00
2.194000e-05	1.978637e-02	1.005197e+01
2.195000e-05	8.334775e-03	1.022350e+01
2.196000e-05	1.593509e-03	1.047557e+01
2.197000e-05	-1.307405e-02	1.067513e+01
2.198000e-05	2.671079e-02	1.089658e+01
2.199000e-05	-7.106405e-03	1.107610e+01
2.200000e-05	7.673775e-03	1.130705e+01
2.201000e-05	1.897721e-03	1.150758e+01
2.202000e-05	2.355275e-02	1.173770e+01
2.203000e-05	4.960601e-03	1.193518e+01
2.204000e-05	8.120269e-04	1.211820e+01
2.205000e-05	2.668426e-03	1.225612e+01
2.206000e-05	1.171396e-02	1.244560e+01
2.207000e-05	1.191337e-02	1.261247e+01
2.208000e-05	-4.364572e-04	1.280239e+01
2.209000e-05	1.156429e-02	1.298928e+01
2.210000e-05	1.113331e-02	1.312665e+01
2.211000e-05	1.491602e-02	1.327457e+01
2.212000e-05	-1.961456e-03	1.343144e+01
2.213000e-05	1.094374e-02	1.357086e+01
2.214000e-05	1.295182e-02	1.369715e+01
2.215000e-05	1.439277e-02	1.380492e+01
2.216000e-05	3.637001e-03	1.397181e+01
2.217000e-05	8.498551e-03	1.411910e+01
2.218000e-05	1.687877e-02	1.427710e+01
2.219000e-05	1.121062e-02	1.433884e+01
2.220000e-05	7.881893e-03	1.444413e+01
2.221000e-05	8.980573e-03	1.459034e+01
2.222000e-05	2.088809e-02	1.468765e+01
2.223000e-05	1.384434e-02	1.479079e+01
2.224000e-05	1.161868e-02	1.485349e+01
2.225000e-05	1.234746e-02	1.495921e+01
2.226000e-05	2.069289e-02	1.500337e+01
2.227000e-05	1.700490e-02	1.506608e+01
2.228000e-05	1.272320e-02	1.512867e+01
2.229000e-05	1.618042e-02	1.518289e+01
2.230000e-05	2.256257e-02	1.527452e+01
2.231000e-05	2.201554e-02	1.527768e+01
2.232000e-05	1.846721e-02	1.537868e+01
2.233000e-05	2.137179e-02	1.540234e+01
2.234000e-05	2.730077e-02	1.538139e+01
2.235000e-05	2.818767e-02	1.545449e+01
2.236000e-05	2.328455e-02	1.545504e+01
2.237000e-05	2.617695e-02	1.546920e+01
2.238000e-05	3.301223e-02	1.548612e+01
2.239000e-05	3.448317e-02	1.546667e+01
2.240000e-05	3.156270e-02	1.546763e+01
2.241000e-05	3.280570e-02	1.545617e+01
2.242000e-05	3.895805e-02	1.542750e+01
2.243000e-05	3.820718e-02	1.541707e+01
2.244000e-05	3.422954e-02	1.540402e+01
2.245000e-05	3.267337e-02	1.539279e+01
2.246000e-05	3.726165e-02	1.534976e+01
2.247000e-05	3.608160e-02	1.531908e+01
2.248000e-05	2.751420e-02	1.521655e+01
2.249000e-05	2.705306e-02	1.521442e+01
2.250000e-05	2.955580e-02	1.517826e+01
2.251000e-05	2.898967e-02	1.505813e+01
2.252000e-05	2.106450e-02	1.499649e+01
2.253000e-05	1.943627e-02	1.495184e+01
2.254000e-05	2.206245e-02	1.485513e+01
2.255000e-05	2.158476e-02	1.478340e+01
2.256000e-05	1.637144e-02	1.470018e+01
2.257000e-05	1.413791e-02	1.460402e+01
2.258000e-05	1.720321e-02	1.450718e+01
2.259000e-05	1.626072e-02	1.441304e+01
2.260000e-05	1.169632e-02	1.428671e+01
2.261000e-05	8.502401e-03	1.414034e+01
2.262000e-05	1.239130e-02	1.400455e+01
2.263000e-05	1.219141e-02	1.388658e+01
2.264000e-05	8.063666e-03	1.379234e+01
2.265000e-05	6.616962e-03	1.359394e+01
2.266000e-05	8.106251e-03	1.345715e+01
2.267000e-05	9.729021e-03	1.333984e+01
2.268000e-05	4.929890e-03	1.318187e+01
2.269000e-05	4.140837e-03	1.304347e+01
2.270000e-05	5.281338e-03	1.287663e+01
2.271000e-05	7.227711e-03	1.273920e+01
2.272000e-05	4.581436e-03	1.255929e+01
2.273000e-05	2.062459e-03	1.237195e+01
2.274000e-05	4.830074e-03	1.221402e+01
2.275000e-05	5.244061e-03	1.204445e+01
2.276000e-05	2.626963e-03	1.187252e+01
2.277000e-05	-7.843910e-04	1.165407e+01
2.278000e-05	3.046293e-03	1.138497e+01
2.279000e-05	3.343949e-03	1.120345e+01
2.280000e-05	2.420216e-03	1.099450e+01
2.281000e-05	-5.211072e-04	1.081252e+01
2.282000e-05	3.134358e-03	1.061347e+01
2.283000e-05	2.627465e-03	1.040240e+01
2.284000e-05	5.573836e-04	1.013187e+01
2.285000e-05	-1.751655e-03	9.989341e+00
2.286000e-05	1.048992e-03	9.711207e+00
2.287000e-05	3.632823e-04	9.495182e+00
2.288000e-05	-1.966498e-03	9.266201e+00
2.289000e-05	-1.944596e-03	9.023574e+00
2.290000e-05	5.777772e-06	8.828969e+00
2.291000e-05	-9.761096e-05	8.559363e+00
2.292000e-05	-2.781473e-03	8.328792e+00
2.293000e-05	-2.475030e-03	8.080706e+00
2.294000e-05	2.244643e-04	7.865553e+00
2.295000e-05	-7.892462e-04	7.590443e+00
2.296000e-05	-4.298565e-03	7.316761e+00
2.297000e-05	-3.461354e-03	7.012650e+00
2.298000e-05	-1.700112e-03	6.770945e+00
2.299000e-05	-2.377241e-03	6.478335e+00
2.300000e-05	-5.032849e-03	6.254680e+00
2.301000e-05	-2.863596e-03	6.013479e+00
2.302000e-05	-1.472090e-03	5.717735e+00
2.303000e-05	-2.751688e-03	5.464157e+00
2.304000e-05	-4.704897e-03	5.161394e+00
2.305000e-05	-4.071509e-03	4.813074e+00
2.306000e-05	-2.466415e-03	4.540367e+00
2.307000e-05	-2.558002e-03	4.277213e+00
2.308000e-05	-6.328344e-03	3.970448e+00
2.309000e-05	-4.786261e-03	3.697868e+00
2.310000e-05	-2.615756e-03	3.444553e+00
2.311000e-05	-3.523693e-03	3.137399e+00
2.312000e-05	-6.398076e-03	2.905212e+00
2.313000e-05	-6.440589e-03	2.602580e+00
2.314000e-05	-1.654707e-03	2.295267e+00
2.315000e-05	-3.930300e-03	2.023133e+00
2.316000e-05	-6.772342e-03	1.782927e+00
2.317000e-05	-6.529600e-03	1.435707e+00
2.318000e-05	-3.434555e-03	1.140850e+00
2.319000e-05	-1.914487e-03	7.901789e-01
2.320000e-05	-8.148195e-03	5.178199e-01
2.321000e-05	-3.046675e-03	2.446643e-01
2.322000e-05	-3.385473e-03	-2.950000e-02
2.323000e-05	5.071769e-03	-3.136593e-01
2.324000e-05	-3.441024e-03	-5.568382e-01
2.325000e-05	-1.919180e-03	-8.705328e-01
2.326000e-05	-3.597835e-03	-1.103636e+00
2.327000e-05	1.156978e-03	-1.430951e+00
2.328000e-05	-4.065967e-03	-1.673053e+00
2.329000e-05	1.123788e-02	-1.894757e+00
2.330000e-05	6.773691e-02	-2.122762e+00
2.331000e-05	3.697993e-02	-2.484654e+00
2.332000e-05	-7.333195e-02	-2.935158e+00
2.333000e-05	-3.332294e-02	-3.264075e+00
2.334000e-05	-3.715858e-02	-3.493681e+00
2.335000e-05	-4.844729e-02	-3.715153e+00
2.336000e-05	1.316779e-03	-3.896261e+00
2.337000e-05	1.041146e-01	-4.104235e+00
2.338000e-05	-1.346839e-01	-4.409899e+00
2.339000e-05	1.458151e-01	-4.664125e+00
2.340000e-05	-4.461793e-02	-4.945711e+00
2.341000e-05	-5.280594e-02	-5.337555e+00
2.342000e-05	4.540578e-02	-5.598361e+00
2.343000e-05	-1.367357e-01	-5.874076e+00
2.344000e-05	1.326908e-01	-6.065228e+00
2.345000e-05	-7.633148e-02	-6.348836e+00
2.346000e-05	3.596620e-02	-6.643580e+00
2.347000e-05	3.662898e-02	-6.903082e+00
2.348000e-05	-7.644929e-02	-7.180893e+00
2.349000e-05	5.123581e-02	-7.454052e+00
2.350000e-05	-9.913074e-02	-7.748784e+00
2.351000e-05	6.872796e-02	-8.052998e+00
2.352000e-05	-3.178201e-02	-8.252069e+00
2.353000e-05	-6.386945e-03	-8.515732e+00
2.354000e-05	4.701340e-02	-8.726233e+00
2.355000e-05	-8.289045e-02	-9.000921e+00
2.356000e-05	5.653566e-02	-9.222474e+00
2.357000e-05	-7.642769e-02	-9.482097e+00
2.358000e-05	4.894061e-02	-9.715576e+00
2.359000e-05	-3.695477e-02	-9.905151e+00
2.360000e-05	1.055093e-02	-1.015921e+01
2.361000e-05	-2.231782e-03	-1.034823e+01
2.362000e-05	-3.200325e-02	-1.061039e+01
2.363000e-05	1.667613e-02	-1.078976e+01
2.364000e-05	-4.707742e-02	-1.097979e+01
2.365000e-05	3.047259e-02	-1.119996e+01
2.366000e-05	-3.819483e-02	-1.139144e+01
2.367000e-05	2.049885e-02	-1.163347e+01
2.368000e-05	-3.188158e-02	-1.179187e+01
2.369000e-05	3.069965e-03	-1.205245e+01
2.370000e-05	-2.658445e-02	-1.222142e+01
2.371000e-05	-4.199956e-03	-1.242034e+01
2.372000e-05	-1.052083e-02	-1.255881e+01
2.373000e-05	-1.051339e-02	-1.272721e+01
2.374000e-05	-6.329874e-03	-1.293968e+01
2.375000e-05	-2.052995e-02	-1.308445e+01
2.376000e-05	-2.339405e-03	-1.316849e+01
2.377000e-05	-2.721211e-02	-1.334128e+01
2.378000e-05	-6.525513e-04	-1.352655e+01
2.379000e-05	-2.588767e-02	-1.366257e+01
2.380000e-05	-4.756795e-04	-1.378341e+01
2.381000e-05	-2.357082e-02	-1.392725e+01
2.382000e-05	-9.882451e-03	-1.407502e+01
2.383000e-05	-1.934701e-02	-1.419188e+01
2.384000e-05	-1.367061e-02	-1.432823e+01
2.385000e-05	-1.619981e-02	-1.442502e+01
2.386000e-05	-1.762411e-02	-1.456029e+01
2.387000e-05	-1.312916e-02	-1.465347e+01
2.388000e-05	-2.117605e-02	-1.472721e+01
2.389000e-05	-1.703388e-02	-1.484194e+01
2.390000e-05	-2.377389e-02	-1.489660e+01
2.391000e-05	-1.763079e-02	-1.500031e+01
2.392000e-05	-2.279871e-02	-1.506500e+01
2.393000e-05	-1.866435e-02	-1.509725e+01
2.394000e-05	-2.478800e-02	-1.516084e+01
2.395000e-05	-2.115652e-02	-1.526504e+01
2.396000e-05	-2.607664e-02	-1.531663e+01
2.397000e-05	-2.452299e-02	-1.534071e+01
2.398000e-05	-2.998945e-02	-1.540232e+01
2.399000e-05	-2.711295e-02	-1.542289e+01
2.400000e-05	-3.005935e-02	-1.546497e+01
2.401000e-05	-3.166482e-02	-1.546607e+01
2.402000e-05	-3.290002e-02	-1.546710e+01
2.403000e-05	-3.603895e-02	-1.549010e+01
2.404000e-05	-3.499467e-02	-1.551813e+01
2.405000e-05	-4.018447e-02	-1.548876e+01
2.406000e-05	-3.929859e-02	-1.548816e+01
2.407000e-05	-4.233087e-02	-1.550868e+01
2.408000e-05	-4.048012e-02	-1.550668e+01
2.409000e-05	-4.382447e-02	-1.544508e+01
2.410000e-05	-4.398021e-02	-1.544452e+01
2.411000e-05	-4.260089e-02	-1.541344e+01
2.412000e-05	-3.968400e-02	-1.538091e+01
2.413000e-05	-3.924072e-02	-1.535716e+01
2.414000e-05	-3.893299e-02	-1.529660e+01
2.415000e-05	-3.590589e-02	-1.518392e+01
2.416000e-05	-3.296535e-02	-1.517134e+01
2.417000e-05	-3.108392e-02	-1.508613e+01
2.418000e-05	-3.213581e-02	-1.501499e+01
2.419000e-05	-2.987492e-02	-1.496086e+01
2.420000e-05	-2.610149e-02	-1.491713e+01
2.421000e-05	-2.789800e-02	-1.481197e+01
2.422000e-05	-2.429581e-02	-1.470818e+01
2.423000e-05	-2.493415e-02	-1.461252e+01
2.424000e-05	-1.892269e-02	-1.452828e+01
2.425000e-05	-1.960508e-02	-1.440199e+01
2.426000e-05	-2.006830e-02	-1.427810e+01
2.427000e-05	-1.844811e-02	-1.418184e+01
2.428000e-05	-1.856925e-02	-1.401397e+01
2.429000e-05	-1.805680e-02	-1.390963e+01
2.430000e-05	-1.970196e-02	-1.381236e+01
2.431000e-05	-1.776411e-02	-1.363400e+01
2.432000e-05	-1.390486e-02	-1.349805e+01
2.433000e-05	-1.093214e-02	-1.332934e+01
2.434000e-05	-1.269885e-02	-1.322284e+01
2.435000e-05	-1.334225e-02	-1.301355e+01
2.436000e-05	-1.442882e-02	-1.292761e+01
2.437000e-05	-1.200501e-02	-1.270826e+01
2.438000e-05	-1.491527e-02	-1.255089e+01
2.439000e-05	-1.305006e-02	-1.239994e+01
2.440000e-05	-1.085282e-02	-1.219247e+01
2.441000e-05	-9.036243e-03	-1.202447e+01
2.442000e-05	-9.262483e-03	-1.182449e+01
2.443000e-05	-1.243366e-02	-1.163294e+01
2.444000e-05	-9.395810e-03	-1.137884e+01
2.445000e-05	-1.035223e-02	-1.117032e+01
2.446000e-05	-9.479914e-03	-1.096979e+01
2.447000e-05	-1.079331e-02	-1.076031e+01
2.448000e-05	-7.451379e-03	-1.056092e+01
2.449000e-05	-8.571709e-03	-1.035934e+01
2.450000e-05	-8.091935e-03	-1.011773e+01
2.451000e-05	-1.062441e-02	-9.906182e+00
2.452000e-05	-8.339964e-03	-9.716282e+00
2.453000e-05	-7.459464e-03	-9.465630e+00
2.454000e-05	-7.217699e-03	-9.272500e+00
2.455000e-05	-7.403037e-03	-9.010973e+00
2.456000e-05	-8.173671e-03	-8.780969e+00
2.457000e-05	-6.047952e-03	-8.558388e+00
2.458000e-05	-7.845845e-03	-8.265681e+00
2.459000e-05	-7.225213e-03	-8.044156e+00
2.460000e-05	-8.442568e-03	-7.749818e+00
2.461000e-05	-5.034244e-03	-7.476707e+00
2.462000e-05	-6.945710e-03	-7.244653e+00
2.463000e-05	-6.501998e-03	-6.999944e+00
2.464000e-05	-8.003745e-03	-6.767736e+00
2.465000e-05	-4.719854e-03	-6.495683e+00
2.466000e-05	-6.653942e-03	-6.204496e+00
2.467000e-05	-6.759366e-03	-5.915817e+00
2.468000e-05	-6.293764e-03	-5.696161e+00
2.469000e-05	-5.081160e-03	-5.360948e+00
2.470000e-05	-5.733785e-03	-5.095736e+00
2.471000e-05	-5.973741e-03	-4.740885e+00
2.472000e-05	-6.435679e-03	-4.466210e+00
2.473000e-05	-5.403535e-03	-4.254658e+00
2.474000e-05	-5.121925e-03	-3.990553e+00
2.475000e-05	-7.172115e-03	-3.685688e+00
2.476000e-05	-5.026156e-03	-3.441527e+00
2.477000e-05	-4.369197e-03	-3.159370e+00
2.478000e-05	-3.758970e-03	-2.831209e+00
2.479000e-05	-4.819752e-03	-2.589972e+00
2.480000e-05	-4.879766e-03	-2.306761e+00
2.481000e-05	-5.143651e-03	-2.002024e+00
2.482000e-05	-4.681758e-03	-1.728370e+00
2.483000e-05	-6.207093e-03	-1.432582e+00
2.484000e-05	-5.011216e-03	-1.075862e+00
2.485000e-05	-3.844519e-03	-8.430814e-01
2.486000e-05	-1.941841e-03	-5.157671e-01
2.487000e-05	-2.506561e-03	-2.741843e-01
2.488000e-05	-1.703586e-04	9.210514e-02
2.489000e-05	7.385496e-03	3.142932e-01
2.490000e-05	-1.736445e-03	5.684174e-01
2.491000e-05	1.283318e-03	8.304730e-01
2.492000e-05	-2.319022e-03	1.136416e+00
2.493000e-05	2.163053e-03	1.420494e+00
2.494000e-05	2.736268e-04	1.737312e+00
2.495000e-05	1.153467e-02	1.947391e+00
2.496000e-05	4.211538e-02	2.178446e+00
2.497000e-05	6.919400e-02	2.524307e+00
2.498000e-05	-4.471438e-02	2.873653e+00
2.499000e-05	-4.462914e-02	3.147866e+00
2.500000e-05	-3.283480e-02	3.422623e+00
2.501000e-05	-4.746343e-03	3.685157e+00
2.502000e-05	-5.275006e-02	3.884282e+00
2.503000e-05	8.028173e-03	4.124213e+00
2.504000e-05	7.858550e-02	4.442075e+00
2.505000e-05	-5.632064e-02	4.707259e+00
2.506000e-05	1.255796e-01	4.918438e+00
2.507000e-05	-5.990318e-02	5.348285e+00
2.508000e-05	-2.084546e-02	5.579039e+00
2.509000e-05	2.699795e-02	5.833077e+00
2.510000e-05	-3.081661e-02	6.134687e+00
2.511000e-05	4.590270e-02	6.380417e+00
2.512000e-05	-4.540826e-02	6.644652e+00
2.513000e-05	4.702404e-02	6.926312e+00
2.514000e-05	2.030517e-02	7.211369e+00
2.515000e-05	-2.456093e-02	7.504602e+00
2.516000e-05	-1.808095e-02	7.758891e+00
2.517000e-05	3.808423e-03	8.054468e+00
2.518000e-05	5.523956e-02	8.305157e+00
2.519000e-05	-3.276261e-02	8.544656e+00
2.520000e-05	4.174360e-03	8.748285e+00
2.521000e-05	2.814057e-02	8.959337e+00
2.522000e-05	-9.842357e-03	9.220969e+00
2.523000e-05	7.308066e-03	9.431522e+00
2.524000e-05	-1.782269e-02	9.663552e+00
2.525000e-05	3.067547e-02	9.876157e+00
2.526000e-05	5.387854e-03	1.011671e+01
2.527000e-05	1.124981e-02	1.035028e+01
2.528000e-05	-9.040767e-03	1.058977e+01
2.529000e-05	6.232996e-03	1.075141e+01
2.530000e-05	1.750656e-02	1.094981e+01
2.531000e-05	-7.887347e-03	1.119082e+01
2.532000e-05	1.199461e-02	1.138089e+01
2.533000e-05	5.035553e-03	1.159206e+01
2.534000e-05	2.123608e-02	1.184244e+01
2.535000e-05	-3.553004e-03	1.200189e+01
2.536000e-05	3.773809e-03	1.219136e+01
2.537000e-05	5.318127e-03	1.236033e+01
2.538000e-05	1.426797e-02	1.253979e+01
2.539000e-05	6.022311e-03	1.270660e+01
2.540000e-05	3.867617e-03	1.286557e+01
2.541000e-05	1.363909e-02	1.300345e+01
2.542000e-05	1.038678e-02	1.313039e+01
2.543000e-05	8.078512e-03	1.333876e+01
2.544000e-05	5.082109e-04	1.348555e+01
2.545000e-05	1.360426e-02	1.361352e+01
2.546000e-05	1.268844e-02	1.374828e+01
2.547000e-05	9.825031e-03	1.396763e+01
2.548000e-05	4.305707e-03	1.400497e+01
2.549000e-05	1.341605e-02	1.415344e+01
2.550000e-05	1.576632e-02	1.432818e+01
2.551000e-05	8.289645e-03	1.443499e+01
2.552000e-05	8.071499e-03	1.448828e+01
2.553000e-05	1.493033e-02	1.467457e+01
2.554000e-05	1.841811e-02	1.470921e+01
2.555000e-05	1.175344e-02	1.479147e+01
2.556000e-05	1.011834e-02	1.486710e+01
2.557000e-05	1.849337e-02	1.496081e+01
2.558000e-05	1.884443e-02	1.502747e+01
2.559000e-05	1.527899e-02	1.507563e+01
2.560000e-05	1.122820e-02	1.516076e+01
2.561000e-05	2.166840e-02	1.522452e+01
2.562000e-05	2.390000e-02	1.529360e+01
2.563000e-05	1.926536e-02	1.530768e+01
2.564000e-05	1.883267e-02	1.533878e+01
2.565000e-05	2.474338e-02	1.535136e+01
2.566000e-05	3.002763e-02	1.539537e+01
2.567000e-05	2.434708e-02	1.544557e+01
2.568000e-05	2.511885e-02	1.545562e+01
2.569000e-05	3.007823e-02	1.546559e+01
2.570000e-05	3.500568e-02	1.544712e+01
2.571000e-05	3.079079e-02	1.546858e+01
2.572000e-05	3.092822e-02	1.544652e+01
2.573000e-05	3.713153e-02	1.540655e+01
2.574000e-05	3.980234e-02	1.545354e+01
2.575000e-05	3.659759e-02	1.543302e+01
2.576000e-05	3.278513e-02	1.540236e+01
2.577000e-05	3.687407e-02	1.534134e+01
2.578000e-05	3.600846e-02	1.533968e+01
2.579000e-05	3.207280e-02	1.527668e+01
2.580000e-05	2.679223e-02	1.524652e+01
2.581000e-05	2.887598e-02	1.519177e+01
2.582000e-05	2.947082e-02	1.507778e+01
2.583000e-05	2.421169e-02	1.505462e+01
2.584000e-05	2.088809e-02	1.502292e+01
2.585000e-05	2.176801e-02	1.494871e+01
2.586000e-05	2.243568e-02	1.479295e+01
2.587000e-05	1.826571e-02	1.478134e+01
2.588000e-05	1.400527e-02	1.464402e+01
2.589000e-05	1.530715e-02	1.456933e+01
2.590000e-05	1.636320e-02	1.444658e+01
2.591000e-05	1.353607e-02	1.435027e+01
2.592000e-05	1.101095e-02	1.421502e+01
2.593000e-05	1.059753e-02	1.413023e+01
2.594000e-05	1.142281e-02	1.395187e+01
2.595000e-05	8.844445e-03	1.379500e+01
2.596000e-05	9.123842e-03	1.370670e+01
2.597000e-05	8.523121e-03	1.353024e+01
2.598000e-05	1.012685e-02	1.340194e+01
2.599000e-05	5.663203e-03	1.326511e+01
2.600000e-05	4.527253e-03	1.306869e+01
2.601000e-05	3.410094e-03	1.296031e+01
2.602000e-05	6.515496e-03	1.277299e+01
2.603000e-05	4.052939e-03	1.262405e+01
2.604000e-05	4.940444e-03	1.249663e+01
2.605000e-05	3.900205e-03	1.229778e+01
2.606000e-05	4.735873e-03	1.209933e+01
2.607000e-05	3.809993e-03	1.192881e+01
2.608000e-05	8.483813e-04	1.175074e+01
2.609000e-05	1.492214e-03	1.153916e+01
2.610000e-05	1.607229e-03	1.131971e+01
2.611000e-05	2.201963e-03	1.108616e+01
2.612000e-05	1.353711e-03	1.093878e+01
2.613000e-05	9.502196e-04	1.070773e+01
2.614000e-05	1.677630e-03	1.047768e+01
2.615000e-05	1.815903e-03	1.030625e+01
2.616000e-05	-4.531345e-04	1.005416e+01
2.617000e-05	-7.720247e-04	9.803022e+00
2.618000e-05	-7.738484e-04	9.622470e+00
2.619000e-05	6.985824e-04	9.381944e+00
2.620000e-05	-1.462812e-03	9.189445e+00
2.621000e-05	-1.465528e-03	8.900391e+00
2.622000e-05	-4.416495e-04	8.705705e+00
2.623000e-05	-6.266686e-04	8.446128e+00
2.624000e-05	-1.363719e-03	8.192072e+00
2.625000e-05	-2.544094e-03	7.957970e+00
2.626000e-05	-1.508068e-03	7.707812e+00
2.627000e-05	-2.207542e-03	7.436101e+00
2.628000e-05	-2.478990e-03	7.199343e+00
2.629000e-05	-2.973501e-03	6.955736e+00
2.630000e-05	-1.850012e-03	6.644101e+00
2.631000e-05	-1.648869e-03	6.388945e+00
2.632000e-05	-3.703115e-03	6.129262e+00
2.633000e-05	-3.202559e-03	5.846681e+00
2.634000e-05	-2.807541e-03	5.629502e+00
2.635000e-05	-2.105379e-03	5.286836e+00
2.636000e-05	-5.179523e-03	4.971445e+00
2.637000e-05	-4.164383e-03	4.665661e+00
2.638000e-05	-1.967794e-03	4.441553e+00
2.639000e-05	-2.110382e-03	4.138941e+00
2.640000e-05	-5.629440e-03	3.842207e+00
2.641000e-05	-4.569454e-03	3.629528e+00
2.642000e-05	-3.286817e-03	3.294811e+00
2.643000e-05	-3.103912e-03	3.013606e+00
2.644000e-05	-6.972927e-03	2.738979e+00
2.645000e-05	-5.376921e-03	2.483231e+00
2.646000e-05	-2.728784e-03	2.149446e+00
2.647000e-05	-2.595530e-03	1.916370e+00
2.648000e-05	-5.555936e-03	1.641528e+00
2.649000e-05	-6.282738e-03	1.315841e+00
2.650000e-05	-3.006820e-03	9.394736e-01
2.651000e-05	-3.700417e-03	6.652632e-01
2.652000e-05	-5.875659e-03	4.010576e-01
2.653000e-05	-4.810882e-03	1.362894e-01
2.654000e-05	4.272452e-04	-1.478672e-01
2.655000e-05	6.253832e-03	-4.304251e-01
2.656000e-05	-5.690442e-03	-7.032118e-01
2.657000e-05	-1.743161e-03	-9.367173e-01
2.658000e-05	-3.831264e-03	-1.210076e+00
2.659000e-05	2.724183e-04	-1.527264e+00
2.660000e-05	-2.481097e-03	-1.749416e+00
2.661000e-05	2.851866e-02	-1.979973e+00
2.662000e-05	8.776077e-02	-2.304607e+00
2.663000e-05	-3.921436e-02	-2.685656e+00
2.664000e-05	-4.782786e-02	-3.054632e+00
2.665000e-05	-4.398191e-02	-3.378842e+00
2.666000e-05	-2.994000e-02	-3.589442e+00
2.667000e-05	-6.565999e-02	-3.800450e+00
2.668000e-05	1.042074e-01	-4.000447e+00
2.669000e-05	-3.881331e-02	-4.240054e+00
2.670000e-05	-2.346736e-02	-4.536237e+00
2.671000e-05	1.429567e-01	-4.777365e+00
2.672000e-05	-1.495941e-01	-5.115156e+00
2.673000e-05	7.412595e-02	-5.443469e+00
2.674000e-05	-9.889651e-02	-5.673053e+00
2.675000e-05	3.645659e-03	-6.040917e+00
2.676000e-05	7.422911e-02	-6.158864e+00
2.677000e-05	-9.595977e-02	-6.516132e+00
2.678000e-05	1.120262e-01	-6.758887e+00
2.679000e-05	-7.572156e-02	-7.072599e+00
2.680000e-05	1.396547e-02	-7.347786e+00
2.681000e-05	-2.760924e-02	-7.621414e+00
2.682000e-05	-4.306784e-02	-7.926127e+00
2.683000e-05	7.671991e-02	-8.128235e+00
2.684000e-05	-8.406545e-02	-8.410893e+00
2.685000e-05	8.001750e-02	-8.603442e+00
2.686000e-05	-6.032103e-02	-8.903076e+00
2.687000e-05	2.071068e-03	-9.135656e+00
2.688000e-05	-3.565545e-03	-9.327687e+00
2.689000e-05	-3.854376e-02	-9.578367e+00
2.690000e-05	4.564334e-02	-9.749417e+00
2.691000e-05	-5.782797e-02	-1.004092e+01
2.692000e-05	4.996039e-02	-1.021199e+01
2.693000e-05	-5.909785e-02	-1.046412e+01
2.694000e-05	2.539491e-02	-1.065515e+01
2.695000e-05	-3.874281e-02	-1.087455e+01
2.696000e-05	5.017346e-03	-1.106660e+01
2.697000e-05	-6.743936e-03	-1.131510e+01
2.698000e-05	-1.392247e-02	-1.151715e+01
2.699000e-05	4.865511e-03	-1.173720e+01
2.700000e-05	-2.707815e-02	-1.194618e+01
2.701000e-05	3.114525e-03	-1.212921e+01
2.702000e-05	-3.137941e-02	-1.228708e+01
2.703000e-05	1.127768e-02	-1.247560e+01
2.704000e-05	-2.737943e-02	-1.264150e+01
2.705000e-05	6.545356e-03	-1.287247e+01
2.706000e-05	-2.867307e-02	-1.299029e+01
2.707000e-05	5.815669e-04	-1.314716e+01
2.708000e-05	-2.263060e-02	-1.326615e+01
2.709000e-05	-7.502425e-03	-1.341492e+01
2.710000e-05	-1.425383e-02	-1.354888e+01
2.711000e-05	-1.271409e-02	-1.376825e+01
2.712000e-05	-8.067142e-03	-1.385400e+01
2.713000e-05	-2.312788e-02	-1.401239e+01
2.714000e-05	-8.914783e-03	-1.413723e+01
2.715000e-05	-2.282082e-02	-1.425560e+01
2.716000e-05	-8.509888e-03	-1.435074e+01
2.717000e-05	-2.241564e-02	-1.447665e+01
2.718000e-05	-1.009174e-02	-1.459082e+01
2.719000e-05	-1.973246e-02	-1.466358e+01
2.720000e-05	-1.557997e-02	-1.475939e+01
2.721000e-05	-2.196794e-02	-1.487650e+01
2.722000e-05	-1.995716e-02	-1.494973e+01
2.723000e-05	-2.119961e-02	-1.502246e+01
2.724000e-05	-2.045015e-02	-1.508565e+01
2.725000e-05	-2.279269e-02	-1.510876e+01
2.726000e-05	-2.333616e-02	-1.517241e+01
2.727000e-05	-2.449505e-02	-1.535505e+01
2.728000e-05	-2.479163e-02	-1.534816e+01
2.729000e-05	-2.541210e-02	-1.538032e+01
2.730000e-05	-2.966129e-02	-1.540137e+01
2.731000e-05	-2.785651e-02	-1.543502e+01
2.732000e-05	-3.176969e-02	-1.549455e+01
2.733000e-05	-3.044833e-02	-1.544448e+01
2.734000e-05	-3.669234e-02	-1.550855e+01
2.735000e-05	-3.547437e-02	-1.553765e+01
2.736000e-05	-3.876567e-02	-1.551776e+01
2.737000e-05	-3.938133e-02	-1.551918e+01
2.738000e-05	-4.127828e-02	-1.552868e+01
2.739000e-05	-4.245112e-02	-1.546615e+01
2.740000e-05	-4.190613e-02	-1.546715e+01
2.741000e-05	-4.353190e-02	-1.546447e+01
2.742000e-05	-4.207251e-02	-1.544404e+01
2.743000e-05	-4.244441e-02	-1.541189e+01
2.744000e-05	-4.032698e-02	-1.536881e+01
2.745000e-05	-3.933662e-02	-1.535723e+01
2.746000e-05	-3.693624e-02	-1.525452e+01
2.747000e-05	-3.563820e-02	-1.517194e+01
2.748000e-05	-3.332767e-02	-1.511828e+01
2.749000e-05	-3.115494e-02	-1.505617e+01
2.750000e-05	-2.922352e-02	-1.503101e+01
2.751000e-05	-2.812852e-02	-1.494924e+01
2.752000e-05	-2.670262e-02	-1.484605e+01
2.753000e-05	-2.599458e-02	-1.479136e+01
2.754000e-05	-2.358234e-02	-1.466563e+01
2.755000e-05	-2.235559e-02	-1.456079e+01
2.756000e-05	-2.143776e-02	-1.446518e+01
2.757000e-05	-2.069722e-02	-1.434931e+01
2.758000e-05	-1.843844e-02	-1.422309e+01
2.759000e-05	-1.917904e-02	-1.409817e+01
2.760000e-05	-1.760625e-02	-1.396179e+01
2.761000e-05	-1.743162e-02	-1.384402e+01
2.762000e-05	-1.527963e-02	-1.369675e+01
2.763000e-05	-1.478089e-02	-1.360031e+01
2.764000e-05	-1.552859e-02	-1.340549e+01
2.765000e-05	-1.321165e-02	-1.328465e+01
2.766000e-05	-1.307748e-02	-1.311923e+01
2.767000e-05	-1.271557e-02	-1.295994e+01
2.768000e-05	-1.381126e-02	-1.285252e+01
2.769000e-05	-1.239900e-02	-1.265555e+01
2.770000e-05	-9.829666e-03	-1.250566e+01
2.771000e-05	-1.109428e-02	-1.229718e+01
2.772000e-05	-1.204587e-02	-1.212831e+01
2.773000e-05	-1.160339e-02	-1.193821e+01
2.774000e-05	-1.028133e-02	-1.173928e+01
2.775000e-05	-9.423838e-03	-1.152718e+01
2.776000e-05	-1.090205e-02	-1.126613e+01
2.777000e-05	-9.373297e-03	-1.109418e+01
2.778000e-05	-8.381772e-03	-1.086408e+01
2.779000e-05	-8.820250e-03	-1.064568e+01
2.780000e-05	-9.355046e-03	-1.045553e+01
2.781000e-05	-9.444295e-03	-1.025570e+01
2.782000e-05	-7.382890e-03	-1.005405e+01
2.783000e-05	-8.174794e-03	-9.822024e+00
2.784000e-05	-8.743842e-03	-9.569523e+00
2.785000e-05	-8.691591e-03	-9.360863e+00
2.786000e-05	-7.324796e-03	-9.116787e+00
2.787000e-05	-8.148072e-03	-8.927205e+00
2.788000e-05	-8.145289e-03	-8.644653e+00
2.789000e-05	-7.371595e-03	-8.402024e+00
2.790000e-05	-6.314567e-03	-8.179370e+00
2.791000e-05	-6.400028e-03	-7.938238e+00
2.792000e-05	-6.812548e-03	-7.625654e+00
2.793000e-05	-5.567328e-03	-7.391445e+00
2.794000e-05	-6.915540e-03	-7.116318e+00
2.795000e-05	-7.059573e-03	-6.855654e+00
2.796000e-05	-6.914015e-03	-6.602450e+00
2.797000e-05	-6.310261e-03	-6.317896e+00
2.798000e-05	-6.210590e-03	-6.074734e+00
2.799000e-05	-5.410919e-03	-5.830574e+00
2.800000e-05	-6.497456e-03	-5.528867e+00
2.801000e-05	-4.227215e-03	-5.203078e+00
2.802000e-05	-6.739133e-03	-4.886717e+00
2.803000e-05	-5.231614e-03	-4.638950e+00
2.804000e-05	-6.414131e-03	-4.378450e+00
2.805000e-05	-6.650311e-03	-4.145816e+00
2.806000e-05	-8.148241e-03	-3.794184e+00
2.807000e-05	-5.912993e-03	-3.558971e+00
2.808000e-05	-3.412529e-03	-3.326263e+00
2.809000e-05	-3.777321e-03	-3.003499e+00
2.810000e-05	-2.698761e-03	-2.734713e+00
2.811000e-05	-4.963442e-03	-2.453182e+00
2.812000e-05	-4.178424e-03	-2.118849e+00
2.813000e-05	-6.887038e-03	-1.874184e+00
2.814000e-05	-7.506735e-03	-1.601076e+00
2.815000e-05	-8.094488e-03	-1.284162e+00
2.816000e-05	-2.787538e-03	-9.794947e-01
2.817000e-05	-1.219088e-03	-6.732644e-01
2.818000e-05	-1.324079e-03	-4.089736e-01
2.819000e-05	-1.877665e-03	-1.162660e-01
2.820000e-05	5.095411e-03	1.378957e-01
2.821000e-05	2.322296e-03	4.326304e-01
2.822000e-05	-1.678516e-03	6.948116e-01
2.823000e-05	-4.345905e-04	9.588410e-01
2.824000e-05	3.650230e-04	1.264634e+00
2.825000e-05	3.847824e-03	1.586477e+00
2.826000e-05	3.718604e-03	1.892605e+00
2.827000e-05	2.167268e-02	2.075077e+00
2.828000e-05	6.891259e-02	2.315738e+00
2.829000e-05	1.715794e-02	2.694633e+00
2.830000e-05	-5.888595e-02	2.998949e+00
2.831000e-05	-3.972864e-02	3.315132e+00
2.832000e-05	-1.303300e-02	3.529340e+00
2.833000e-05	-2.413675e-02	3.789421e+00
2.834000e-05	-4.691024e-02	3.990445e+00
2.835000e-05	7.431531e-02	4.284674e+00
2.836000e-05	-8.094740e-03	4.628321e+00
2.837000e-05	2.640083e-02	4.842895e+00
2.838000e-05	7.663001e-02	5.156313e+00
2.839000e-05	-9.848573e-02	5.463578e+00
2.840000e-05	4.433332e-02	5.743631e+00
2.841000e-05	-2.546953e-02	6.012470e+00
2.842000e-05	2.235124e-02	6.232552e+00
2.843000e-05	4.559791e-03	6.515840e+00
2.844000e-05	-2.299073e-02	6.841999e+00
2.845000e-05	6.621889e-02	7.056078e+00
2.846000e-05	-2.546119e-02	7.338189e+00
2.847000e-05	-1.010395e-02	7.621395e+00
2.848000e-05	-2.952105e-02	7.906202e+00
2.849000e-05	4.944581e-02	8.140337e+00
2.850000e-05	1.574504e-02	8.399420e+00
2.851000e-05	-3.463381e-02	8.592471e+00
2.852000e-05	3.823481e-02	8.813022e+00
2.853000e-05	-6.574597e-03	9.064153e+00
2.854000e-05	9.634075e-03	9.326160e+00
2.855000e-05	-1.777947e-02	9.528288e+00
2.856000e-05	1.195299e-02	9.790960e+00
2.857000e-05	2.067773e-02	9.991969e+00
2.858000e-05	8.562437e-03	1.020237e+01
2.859000e-05	4.080604e-03	1.045562e+01
2.860000e-05	-1.393534e-02	1.064455e+01
2.861000e-05	2.334535e-02	1.088607e+01
2.862000e-05	-4.998842e-03	1.105455e+01
2.863000e-05	8.185813e-03	1.131658e+01
2.864000e-05	2.019600e-03	1.148508e+01
2.865000e-05	2.040967e-02	1.170865e+01
2.866000e-05	6.366025e-03	1.189808e+01
2.867000e-05	1.264640e-03	1.207713e+01
2.868000e-05	1.241965e-03	1.226397e+01
2.869000e-05	8.561665e-03	1.246259e+01
2.870000e-05	1.347066e-02	1.265345e+01
2.871000e-05	2.099260e-03	1.277194e+01
2.872000e-05	1.054373e-02	1.292076e+01
2.873000e-05	8.920487e-03	1.312611e+01
2.874000e-05	1.445791e-02	1.324552e+01
2.875000e-05	3.566826e-04	1.340289e+01
2.876000e-05	8.007500e-03	1.354928e+01
2.877000e-05	1.000331e-02	1.367818e+01
2.878000e-05	1.539464e-02	1.379447e+01
2.879000e-05	6.197401e-03	1.398126e+01
2.880000e-05	7.361152e-03	1.412931e+01
2.881000e-05	1.555036e-02	1.423497e+01
2.882000e-05	1.137746e-02	1.437039e+01
2.883000e-05	9.497925e-03	1.451605e+01
2.884000e-05	8.156651e-03	1.455182e+01
2.885000e-05	1.841390e-02	1.467612e+01
2.886000e-05	1.450625e-02	1.479976e+01
2.887000e-05	1.294208e-02	1.483455e+01
2.888000e-05	1.248308e-02	1.493768e+01
2.889000e-05	1.870023e-02	1.498234e+01
2.890000e-05	1.830817e-02	1.504503e+01
2.891000e-05	1.484493e-02	1.514868e+01
2.892000e-05	1.645092e-02	1.516134e+01
2.893000e-05	2.181646e-02	1.525502e+01
2.894000e-05	2.236614e-02	1.527512e+01
2.895000e-05	1.859068e-02	1.535921e+01
2.896000e-05	2.182400e-02	1.535079e+01
2.897000e-05	2.491243e-02	1.540439e+01
2.898000e-05	2.832114e-02	1.543402e+01
2.899000e-05	2.442429e-02	1.542402e+01
2.900000e-05	2.855244e-02	1.547760e+01
2.901000e-05	3.466676e-02	1.545560e+01
2.902000e-05	3.432044e-02	1.548702e+01
2.903000e-05	3.471456e-02	1.545665e+01
2.904000e-05	3.095447e-02	1.547718e+01
2.905000e-05	3.767971e-02	1.541610e+01
2.906000e-05	3.442496e-02	1.540449e+01
2.907000e-05	3.590607e-02	1.541592e+01
2.908000e-05	3.489153e-02	1.536146e+01
2.909000e-05	3.817973e-02	1.535276e+01
2.910000e-05	3.792484e-02	1.532768e+01
2.911000e-05	3.102443e-02	1.525355e+01
2.912000e-05	2.873847e-02	1.519339e+01
2.913000e-05	2.523890e-02	1.512081e+01
2.914000e-05	2.690689e-02	1.507768e+01
2.915000e-05	2.100238e-02	1.502549e+01
2.916000e-05	2.229536e-02	1.497179e+01
2.917000e-05	2.169298e-02	1.487410e+01
2.918000e-05	2.377050e-02	1.478289e+01
2.919000e-05	1.825767e-02	1.468673e+01
2.920000e-05	1.567884e-02	1.459347e+01
2.921000e-05	1.484812e-02	1.452868e+01
2.922000e-05	1.446589e-02	1.439335e+01
2.923000e-05	1.174202e-02	1.430615e+01
2.924000e-05	9.275521e-03	1.419246e+01
2.925000e-05	1.227730e-02	1.408508e+01
2.926000e-05	1.171397e-02	1.387968e+01
2.927000e-05	1.043689e-02	1.377131e+01
2.928000e-05	6.152052e-03	1.362444e+01
2.929000e-05	7.354150e-03	1.345810e+01
2.930000e-05	8.110198e-03	1.335989e+01
2.931000e-05	5.123851e-03	1.317245e+01
2.932000e-05	3.981746e-03	1.302549e+01
2.933000e-05	5.302664e-03	1.287560e+01
2.934000e-05	6.889116e-03	1.269824e+01
2.935000e-05	4.632875e-03	1.256089e+01
2.936000e-05	1.949474e-03	1.242182e+01
2.937000e-05	3.754324e-03	1.222507e+01
2.938000e-05	4.316579e-03	1.202658e+01
2.939000e-05	2.558179e-03	1.184457e+01
2.940000e-05	-1.783190e-04	1.159357e+01
2.941000e-05	2.010107e-03	1.141357e+01
2.942000e-05	3.961400e-03	1.120397e+01
2.943000e-05	2.201449e-03	1.100399e+01
2.944000e-05	1.122470e-03	1.083400e+01
2.945000e-05	5.167861e-04	1.058407e+01
2.946000e-05	1.263648e-03	1.039202e+01
2.947000e-05	1.591399e-04	1.019042e+01
2.948000e-05	-1.968829e-03	9.919819e+00
2.949000e-05	-9.191082e-04	9.709262e+00
2.950000e-05	8.496790e-04	9.475133e+00
2.951000e-05	-1.912456e-04	9.265131e+00
2.952000e-05	-1.553254e-03	9.075077e+00
2.953000e-05	-1.065266e-03	8.811943e+00
2.954000e-05	1.205578e-04	8.551847e+00
2.955000e-05	-2.268632e-03	8.338291e+00
2.956000e-05	-2.263025e-03	8.107783e+00
2.957000e-05	-2.120705e-03	7.824605e+00
2.958000e-05	-1.263905e-03	7.600395e+00
2.959000e-05	-1.506899e-03	7.329783e+00
2.960000e-05	-3.047052e-03	7.044629e+00
2.961000e-05	-2.611056e-03	6.790421e+00
2.962000e-05	-1.383853e-03	6.489865e+00
2.963000e-05	-2.429794e-03	6.224552e+00
2.964000e-05	-4.268468e-03	6.042678e+00
2.965000e-05	-3.256095e-03	5.720887e+00
2.966000e-05	-1.766713e-03	5.445232e+00
2.967000e-05	-1.654101e-03	5.170968e+00
2.968000e-05	-3.794127e-03	4.802607e+00
2.969000e-05	-4.823045e-03	4.527895e+00
2.970000e-05	-2.530906e-03	4.316690e+00
2.971000e-05	-3.305320e-03	3.969997e+00
2.972000e-05	-4.378381e-03	3.688341e+00
2.973000e-05	-4.322849e-03	3.433657e+00
2.974000e-05	-3.186133e-03	3.109900e+00
2.975000e-05	-3.135409e-03	2.906264e+00
2.976000e-05	-5.384654e-03	2.652555e+00
2.977000e-05	-4.917325e-03	2.305838e+00
2.978000e-05	-4.247070e-03	2.033555e+00
2.979000e-05	-3.646727e-03	1.769000e+00
2.980000e-05	-5.451996e-03	1.485210e+00
2.981000e-05	-5.487562e-03	1.160049e+00
2.982000e-05	-4.657812e-03	8.446028e-01
2.983000e-05	-3.977943e-03	5.283684e-01
2.984000e-05	-5.333212e-03	2.552371e-01
2.985000e-05	-3.554110e-03	-2.209632e-02
2.986000e-05	4.536394e-03	-2.732092e-01
2.987000e-05	9.213361e-04	-5.672431e-01
2.988000e-05	-3.566164e-03	-8.510737e-01
2.989000e-05	-4.782385e-03	-1.104208e+00
2.990000e-05	-9.090981e-04	-1.377345e+00
2.991000e-05	-2.831737e-03	-1.662655e+00
2.992000e-05	8.175846e-03	-1.904763e+00
2.993000e-05	6.499357e-02	-2.094764e+00
2.994000e-05	4.358375e-02	-2.483162e+00
2.995000e-05	-7.086663e-02	-2.872575e+00
2.996000e-05	-3.405960e-02	-3.251570e+00
2.997000e-05	-4.093578e-02	-3.444556e+00
2.998000e-05	-4.663469e-02	-3.683132e+00
2.999000e-05	-8.336227e-03	-3.914260e+00
3.000000e-05	1.081486e-01	-4.084205e+00
3.001000e-05	-1.354943e-01	-4.379867e+00
3.002000e-05	1.339078e-01	-4.653705e+00
3.003000e-05	-2.853149e-02	-4.904238e+00
3.004000e-05	-6.613349e-02	-5.276631e+00
3.005000e-05	5.137619e-02	-5.545786e+00
3.006000e-05	-1.402248e-01	-5.853000e+00
3.007000e-05	1.266939e-01	-6.114672e+00
3.008000e-05	-6.848430e-02	-6.356286e+00
3.009000e-05	2.191555e-02	-6.631547e+00
3.010000e-05	4.857726e-02	-6.885053e+00
3.011000e-05	-8.023709e-02	-7.211919e+00
3.012000e-05	5.056505e-02	-7.442128e+00
3.013000e-05	-9.591789e-02	-7.718335e+00
3.014000e-05	6.166637e-02	-8.052542e+00
3.015000e-05	-2.227109e-02	-8.212549e+00
3.016000e-05	-1.777787e-02	-8.526057e+00
3.017000e-05	5.311491e-02	-8.745286e+00
3.018000e-05	-8.556557e-02	-9.001369e+00
3.019000e-05	5.620002e-02	-9.220945e+00
3.020000e-05	-7.453072e-02	-9.444022e+00
3.021000e-05	4.357705e-02	-9.716631e+00
3.022000e-05	-2.861351e-02	-9.875127e+00
3.023000e-05	4.919139e-03	-1.012866e+01
3.024000e-05	2.934085e-03	-1.038621e+01
3.025000e-05	-3.730754e-02	-1.059134e+01
3.026000e-05	2.034168e-02	-1.078889e+01
3.027000e-05	-4.979264e-02	-1.100887e+01
3.028000e-05	2.934687e-02	-1.117981e+01
3.029000e-05	-3.838378e-02	-1.138889e+01
3.030000e-05	2.028623e-02	-1.160280e+01
3.031000e-05	-2.900994e-02	-1.180249e+01
3.032000e-05	1.039858e-03	-1.200245e+01
3.033000e-05	-2.429254e-02	-1.226084e+01
3.034000e-05	-4.915466e-03	-1.239139e+01
3.035000e-05	-8.427416e-03	-1.255924e+01
3.036000e-05	-1.403401e-02	-1.273778e+01
3.037000e-05	-4.842257e-03	-1.289565e+01
3.038000e-05	-2.014947e-02	-1.306502e+01
3.039000e-05	6.952755e-04	-1.321194e+01
3.040000e-05	-2.820049e-02	-1.334983e+01
3.041000e-05	4.446596e-04	-1.350558e+01
3.042000e-05	-2.429240e-02	-1.364399e+01
3.043000e-05	4.045932e-04	-1.382392e+01
3.044000e-05	-2.397045e-02	-1.392868e+01
3.045000e-05	-9.987889e-03	-1.406562e+01
3.046000e-05	-1.816902e-02	-1.418081e+01
3.047000e-05	-1.402921e-02	-1.435768e+01
3.048000e-05	-1.605314e-02	-1.440052e+01
3.049000e-05	-1.901061e-02	-1.453974e+01
3.050000e-05	-1.265011e-02	-1.466404e+01
3.051000e-05	-1.991096e-02	-1.473871e+01
3.052000e-05	-1.723523e-02	-1.482347e+01
3.053000e-05	-2.352995e-02	-1.489610e+01
3.054000e-05	-1.746981e-02	-1.497984e+01
3.055000e-05	-2.235108e-02	-1.504454e+01
3.056000e-05	-2.058248e-02	-1.507820e+01
3.057000e-05	-2.564607e-02	-1.517228e+01
3.058000e-05	-2.135553e-02	-1.523299e+01
3.059000e-05	-2.697242e-02	-1.527618e+01
3.060000e-05	-2.485413e-02	-1.534883e+01
3.061000e-05	-3.027847e-02	-1.540294e+01
3.062000e-05	-2.695431e-02	-1.542242e+01
3.063000e-05	-3.027331e-02	-1.547552e+01
3.064000e-05	-3.230105e-02	-1.547555e+01
3.065000e-05	-3.424661e-02	-1.549613e+01
3.066000e-05	-3.642344e-02	-1.549818e+01
3.067000e-05	-3.639126e-02	-1.555781e+01
3.068000e-05	-4.063091e-02	-1.549870e+01
3.069000e-05	-4.005731e-02	-1.549868e+01
3.070000e-05	-4.282979e-02	-1.546820e+01
3.071000e-05	-4.204277e-02	-1.549520e+01
3.072000e-05	-4.384976e-02	-1.548557e+01
3.073000e-05	-4.352013e-02	-1.542499e+01
3.074000e-05	-4.231648e-02	-1.540145e+01
3.075000e-05	-4.051480e-02	-1.537081e+01
3.076000e-05	-3.921992e-02	-1.535720e+01
3.077000e-05	-3.866948e-02	-1.530657e+01
3.078000e-05	-3.559156e-02	-1.524447e+01
3.079000e-05	-3.489124e-02	-1.520133e+01
3.080000e-05	-3.209893e-02	-1.506712e+01
3.081000e-05	-3.128516e-02	-1.505299e+01
3.082000e-05	-2.922755e-02	-1.495989e+01
3.083000e-05	-2.684934e-02	-1.485810e+01
3.084000e-05	-2.570898e-02	-1.479144e+01
3.085000e-05	-2.362864e-02	-1.473870e+01
3.086000e-05	-2.323256e-02	-1.460447e+01
3.087000e-05	-2.186362e-02	-1.456836e+01
3.088000e-05	-2.013094e-02	-1.437384e+01
3.089000e-05	-2.021844e-02	-1.428721e+01
3.090000e-05	-1.930363e-02	-1.415239e+01
3.091000e-05	-1.841382e-02	-1.405452e+01
3.092000e-05	-1.655175e-02	-1.391868e+01
3.093000e-05	-1.594933e-02	-1.379091e+01
3.094000e-05	-1.592531e-02	-1.363310e+01
3.095000e-05	-1.447706e-02	-1.346768e+01
3.096000e-05	-1.401076e-02	-1.333731e+01
3.097000e-05	-1.390039e-02	-1.319289e+01
3.098000e-05	-1.262762e-02	-1.306452e+01
3.099000e-05	-1.266257e-02	-1.288721e+01
3.100000e-05	-1.149126e-02	-1.273873e+01
3.101000e-05	-1.216110e-02	-1.255184e+01
3.102000e-05	-1.126981e-02	-1.237242e+01
3.103000e-05	-1.111436e-02	-1.223142e+01
3.104000e-05	-1.147896e-02	-1.203450e+01
3.105000e-05	-1.039426e-02	-1.180654e+01
3.106000e-05	-1.002612e-02	-1.161294e+01
3.107000e-05	-9.672733e-03	-1.137084e+01
3.108000e-05	-9.267567e-03	-1.118051e+01
3.109000e-05	-1.053183e-02	-1.094984e+01
3.110000e-05	-7.609334e-03	-1.076084e+01
3.111000e-05	-1.264830e-02	-1.055042e+01
3.112000e-05	-7.439317e-03	-1.033931e+01
3.113000e-05	-1.001352e-02	-1.011083e+01
3.114000e-05	-5.740165e-03	-9.905782e+00
3.115000e-05	-6.395351e-03	-9.718237e+00
3.116000e-05	-7.164666e-03	-9.454655e+00
3.117000e-05	-8.836530e-03	-9.244552e+00
3.118000e-05	-8.015467e-03	-9.032603e+00
3.119000e-05	-9.942868e-03	-8.791972e+00
3.120000e-05	-7.848414e-03	-8.528809e+00
3.121000e-05	-8.116063e-03	-8.297232e+00
3.122000e-05	-4.546227e-03	-8.025179e+00
3.123000e-05	-5.187591e-03	-7.782995e+00
3.124000e-05	-4.781333e-03	-7.496284e+00
3.125000e-05	-7.466777e-03	-7.244728e+00
3.126000e-05	-9.239979e-03	-7.010449e+00
3.127000e-05	-7.263641e-03	-6.727340e+00
3.128000e-05	-8.246272e-03	-6.464633e+00
3.129000e-05	-6.699358e-03	-6.213953e+00
3.130000e-05	-5.819182e-03	-5.939815e+00
3.131000e-05	-5.058572e-03	-5.686733e+00
3.132000e-05	-4.950784e-03	-5.421443e+00
3.133000e-05	-7.709551e-03	-5.104161e+00
3.134000e-05	-4.486718e-03	-4.761449e+00
3.135000e-05	-6.436190e-03	-4.494736e+00
3.136000e-05	-7.203706e-03	-4.264686e+00
3.137000e-05	-6.603021e-03	-4.000925e+00
3.138000e-05	-4.685921e-03	-3.686761e+00
3.139000e-05	-5.002644e-03	-3.424080e+00
3.140000e-05	-6.861541e-03	-3.149970e+00
3.141000e-05	-6.293671e-03	-2.883206e+00
3.142000e-05	-4.320211e-03	-2.581021e+00
3.143000e-05	-2.784259e-03	-2.337257e+00
3.144000e-05	-5.320068e-03	-2.010528e+00
3.145000e-05	-6.144377e-03	-1.728841e+00
3.146000e-05	-4.504636e-03	-1.482685e+00
3.147000e-05	-3.846746e-03	-1.116388e+00
3.148000e-05	-7.046555e-03	-8.426341e-01
3.149000e-05	-4.221160e-03	-5.273420e-01
3.150000e-05	-3.230576e-03	-2.536591e-01
3.151000e-05	2.391877e-03	2.047263e-02
3.152000e-05	7.946288e-03	3.162634e-01
3.153000e-05	-1.253129e-03	5.668435e-01
3.154000e-05	2.602050e-03	8.020477e-01
3.155000e-05	-1.320271e-03	1.105237e+00
3.156000e-05	1.523113e-03	1.390398e+00
3.157000e-05	-6.787785e-04	1.745239e+00
3.158000e-05	1.138440e-02	1.937316e+00
3.159000e-05	4.018155e-02	2.188969e+00
3.160000e-05	7.125410e-02	2.523181e+00
3.161000e-05	-4.365151e-02	2.842127e+00
3.162000e-05	-4.463231e-02	3.146792e+00
3.163000e-05	-3.276584e-02	3.420625e+00
3.164000e-05	-3.638743e-03	3.704707e+00
3.165000e-05	-5.064111e-02	3.886233e+00
3.166000e-05	2.895859e-03	4.097236e+00
3.167000e-05	8.283234e-02	4.461523e+00
3.168000e-05	-5.759097e-02	4.666711e+00
3.169000e-05	1.217923e-01	4.937364e+00
3.170000e-05	-5.070100e-02	5.306206e+00
3.171000e-05	-2.826970e-02	5.579817e+00
3.172000e-05	3.146054e-02	5.872048e+00
3.173000e-05	-3.219848e-02	6.115732e+00
3.174000e-05	4.566222e-02	6.388260e+00
3.175000e-05	-4.272858e-02	6.644056e+00
3.176000e-05	4.176768e-02	6.925761e+00
3.177000e-05	2.536252e-02	7.188415e+00
3.178000e-05	-2.699147e-02	7.495625e+00
3.179000e-05	-1.911230e-02	7.767814e+00
3.180000e-05	1.263957e-03	8.021567e+00
3.181000e-05	5.619003e-02	8.304677e+00
3.182000e-05	-2.918357e-02	8.504182e+00
3.183000e-05	-8.684853e-04	8.716858e+00
3.184000e-05	3.164113e-02	8.947839e+00
3.185000e-05	-9.329658e-03	9.213398e+00
3.186000e-05	9.588724e-03	9.411944e+00
3.187000e-05	-2.184834e-02	9.655046e+00
3.188000e-05	2.968077e-02	9.884130e+00
3.189000e-05	6.659168e-03	1.010621e+01
3.190000e-05	1.021832e-02	1.032921e+01
3.191000e-05	-1.042697e-02	1.054832e+01
3.192000e-05	3.703093e-03	1.076139e+01
3.193000e-05	2.087649e-02	1.097939e+01
3.194000e-05	-9.866235e-03	1.115027e+01
3.195000e-05	1.108203e-02	1.138094e+01
3.196000e-05	2.494451e-03	1.156139e+01
3.197000e-05	2.349964e-02	1.183187e+01
3.198000e-05	-4.093540e-03	1.199254e+01
3.199000e-05	2.236711e-03	1.216984e+01
3.200000e-05	3.584912e-03	1.238136e+01
3.201000e-05	1.533115e-02	1.253926e+01
3.202000e-05	6.887364e-03	1.269663e+01
3.203000e-05	1.484744e-03	1.285657e+01
3.204000e-05	1.174245e-02	1.304294e+01
3.205000e-05	1.275456e-02	1.317091e+01
3.206000e-05	8.590915e-03	1.329875e+01
3.207000e-05	-4.722418e-04	1.351610e+01
3.208000e-05	1.142247e-02	1.360402e+01
3.209000e-05	1.507072e-02	1.373079e+01
3.210000e-05	1.059300e-02	1.392653e+01
3.211000e-05	3.470168e-03	1.402549e+01
3.212000e-05	9.271947e-03	1.416142e+01
3.213000e-05	1.848249e-02	1.431768e+01
3.214000e-05	1.065536e-02	1.442446e+01
3.215000e-05	7.853275e-03	1.453728e+01
3.216000e-05	1.225103e-02	1.462460e+01
3.217000e-05	2.074273e-02	1.476923e+01
3.218000e-05	1.427718e-02	1.479300e+01
3.219000e-05	8.987920e-03	1.489555e+01
3.220000e-05	1.461072e-02	1.498029e+01
3.221000e-05	2.097667e-02	1.505247e+01
3.222000e-05	1.781689e-02	1.508760e+01
3.223000e-05	1.234953e-02	1.515721e+01
3.224000e-05	1.918046e-02	1.522497e+01
3.225000e-05	2.434202e-02	1.529655e+01
3.226000e-05	2.145167e-02	1.530770e+01
3.227000e-05	1.792707e-02	1.534976e+01
3.228000e-05	2.189428e-02	1.541239e+01
3.229000e-05	3.142388e-02	1.539399e+01
3.230000e-05	2.684958e-02	1.543389e+01
3.231000e-05	2.472368e-02	1.548602e+01
3.232000e-05	2.884327e-02	1.544713e+01
3.233000e-05	3.666855e-02	1.546762e+01
3.234000e-05	3.381945e-02	1.549713e+01
3.235000e-05	3.105076e-02	1.547810e+01
3.236000e-05	3.453317e-02	1.546707e+01
3.237000e-05	4.047703e-02	1.546508e+01
3.238000e-05	3.843240e-02	1.542642e+01
3.239000e-05	3.283863e-02	1.539189e+01
3.240000e-05	3.549606e-02	1.539069e+01
3.241000e-05	3.566630e-02	1.536023e+01
3.242000e-05	3.456022e-02	1.528960e+01
3.243000e-05	2.678940e-02	1.524552e+01
3.244000e-05	2.890316e-02	1.518341e+01
3.245000e-05	2.951262e-02	1.509768e+01
3.246000e-05	2.664437e-02	1.503505e+01
3.247000e-05	2.021943e-02	1.500141e+01
3.248000e-05	2.073888e-02	1.484971e+01
3.249000e-05	2.197946e-02	1.485450e+01
3.250000e-05	1.878751e-02	1.478934e+01
3.251000e-05	1.439162e-02	1.463858e+01
3.252000e-05	1.472573e-02	1.453122e+01
3.253000e-05	1.614957e-02	1.442455e+01
3.254000e-05	1.414428e-02	1.435981e+01
3.255000e-05	1.028051e-02	1.423302e+01
3.256000e-05	9.136557e-03	1.416663e+01
3.257000e-05	1.219307e-02	1.400082e+01
3.258000e-05	1.025999e-02	1.385552e+01
3.259000e-05	6.825582e-03	1.372765e+01
3.260000e-05	5.472676e-03	1.357132e+01
3.261000e-05	9.130793e-03	1.341444e+01
3.262000e-05	7.779905e-03	1.326463e+01
3.263000e-05	3.746328e-03	1.311718e+01
3.264000e-05	3.283282e-03	1.296079e+01
3.265000e-05	6.715601e-03	1.277444e+01
3.266000e-05	6.549430e-03	1.262403e+01
3.267000e-05	3.008847e-03	1.247558e+01
3.268000e-05	1.445899e-03	1.227818e+01
3.269000e-05	5.202729e-03	1.209969e+01
3.270000e-05	4.695364e-03	1.192826e+01
3.271000e-05	4.052168e-04	1.173986e+01
3.272000e-05	-2.775243e-04	1.150829e+01
3.273000e-05	2.534938e-03	1.133024e+01
3.274000e-05	3.241710e-03	1.108821e+01
3.275000e-05	-3.627772e-05	1.093976e+01
3.276000e-05	-3.803755e-04	1.069781e+01
3.277000e-05	2.131674e-03	1.050818e+01
3.278000e-05	4.093085e-03	1.025608e+01
3.279000e-05	-2.221428e-03	1.007465e+01
3.280000e-05	-1.764719e-03	9.854102e+00
3.281000e-05	5.585982e-04	9.591993e+00
3.282000e-05	1.395275e-03	9.390867e+00
3.283000e-05	-2.334249e-03	9.179467e+00
3.284000e-05	-2.735175e-03	8.919361e+00
3.285000e-05	1.488640e-03	8.687157e+00
3.286000e-05	4.607255e-04	8.457632e+00
3.287000e-05	-3.131787e-03	8.223528e+00
3.288000e-05	-3.623390e-03	7.969868e+00
3.289000e-05	1.108786e-03	7.738735e+00
3.290000e-05	1.583778e-04	7.404478e+00
3.291000e-05	-3.487729e-03	7.200416e+00
3.292000e-05	-3.875925e-03	6.937765e+00
3.293000e-05	-1.268440e-03	6.644632e+00
3.294000e-05	-5.063595e-04	6.400970e+00
3.295000e-05	-4.198356e-03	6.119365e+00
3.296000e-05	-4.221609e-03	5.895636e+00
3.297000e-05	-6.787969e-04	5.589499e+00
3.298000e-05	-1.173795e-03	5.379365e+00
3.299000e-05	-4.070419e-03	4.983468e+00
3.300000e-05	-4.757621e-03	4.696213e+00
3.301000e-05	-2.403921e-03	4.405179e+00
3.302000e-05	-2.119248e-03	4.150340e+00
3.303000e-05	-4.638871e-03	3.864706e+00
3.304000e-05	-5.299559e-03	3.609925e+00
3.305000e-05	-3.255304e-03	3.346317e+00
3.306000e-05	-1.950393e-03	2.984103e+00
3.307000e-05	-5.945560e-03	2.789372e+00
3.308000e-05	-5.578952e-03	2.455208e+00
3.309000e-05	-3.591697e-03	2.179444e+00
3.310000e-05	-2.329530e-03	1.895842e+00
3.311000e-05	-4.812622e-03	1.642104e+00
3.312000e-05	-6.794346e-03	1.306817e+00
3.313000e-05	-4.423406e-03	1.002428e+00
3.314000e-05	-4.235042e-03	6.962382e-01
3.315000e-05	-5.481523e-03	4.326580e-01
3.316000e-05	-5.227660e-03	1.183145e-01
3.317000e-05	-6.558496e-04	-1.658421e-01
3.318000e-05	7.714759e-03	-3.983988e-01
3.319000e-05	-4.247793e-03	-6.747807e-01
3.320000e-05	-1.283038e-03	-9.373396e-01
3.321000e-05	-6.367804e-03	-1.229928e+00
3.322000e-05	-1.183656e-03	-1.547838e+00
3.323000e-05	-2.805663e-03	-1.768445e+00
3.324000e-05	2.576900e-02	-1.997946e+00
3.325000e-05	8.660842e-02	-2.293184e+00
3.326000e-05	-3.317820e-02	-2.691630e+00
3.327000e-05	-4.890313e-02	-3.072656e+00
3.328000e-05	-4.248359e-02	-3.378290e+00
3.329000e-05	-3.123745e-02	-3.559315e+00
3.330000e-05	-6.774231e-02	-3.832468e+00
3.331000e-05	9.715854e-02	-4.020944e+00
3.332000e-05	-2.598216e-02	-4.251524e+00
3.333000e-05	-3.952577e-02	-4.514212e+00
3.334000e-05	1.522599e-01	-4.748365e+00
3.335000e-05	-1.460225e-01	-5.084758e+00
3.336000e-05	6.658391e-02	-5.402973e+00
3.337000e-05	-8.750991e-02	-5.704629e+00
3.338000e-05	-1.118551e-02	-5.969368e+00
3.339000e-05	8.541844e-02	-6.179390e+00
3.340000e-05	-9.838588e-02	-6.527132e+00
3.341000e-05	1.086354e-01	-6.778817e+00
3.342000e-05	-7.030155e-02	-7.041417e+00
3.343000e-05	6.265380e-03	-7.317309e+00
3.344000e-05	-1.955321e-02	-7.578813e+00
3.345000e-05	-5.251087e-02	-7.934603e+00
3.346000e-05	7.967010e-02	-8.115685e+00
3.347000e-05	-8.101104e-02	-8.367314e+00
3.348000e-05	7.707848e-02	-8.642466e+00
3.349000e-05	-5.091009e-02	-8.873524e+00
3.350000e-05	-5.874215e-03	-9.096132e+00
3.351000e-05	4.086307e-03	-9.315581e+00
3.352000e-05	-4.570621e-02	-9.577808e+00
3.353000e-05	4.712106e-02	-9.739840e+00
3.354000e-05	-6.068540e-02	-1.003142e+01
3.355000e-05	5.034543e-02	-1.016190e+01
3.356000e-05	-5.553804e-02	-1.048400e+01
3.357000e-05	2.239479e-02	-1.068555e+01
3.358000e-05	-3.215790e-02	-1.085098e+01
3.359000e-05	2.129769e-03	-1.107458e+01
3.360000e-05	-1.527377e-03	-1.129500e+01
3.361000e-05	-1.897437e-02	-1.152665e+01
3.362000e-05	5.351280e-03	-1.170660e+01
3.363000e-05	-3.041833e-02	-1.190713e+01
3.364000e-05	5.426140e-03	-1.212778e+01
3.365000e-05	-3.230459e-02	-1.230460e+01
3.366000e-05	1.408278e-02	-1.246612e+01
3.367000e-05	-2.431810e-02	-1.263350e+01
3.368000e-05	7.787249e-03	-1.282299e+01
3.369000e-05	-2.749133e-02	-1.297034e+01
3.370000e-05	-2.504554e-03	-1.313816e+01
3.371000e-05	-2.272651e-02	-1.325463e+01
3.372000e-05	-1.085469e-02	-1.344442e+01
3.373000e-05	-1.259267e-02	-1.354034e+01
3.374000e-05	-1.393115e-02	-1.375969e+01
3.375000e-05	-4.924193e-03	-1.386605e+01
3.376000e-05	-2.257668e-02	-1.400286e+01
3.377000e-05	-8.323022e-03	-1.411778e+01
3.378000e-05	-2.413458e-02	-1.425390e+01
3.379000e-05	-1.033712e-02	-1.437991e+01
3.380000e-05	-2.297829e-02	-1.446607e+01
3.381000e-05	-1.177655e-02	-1.458137e+01
3.382000e-05	-1.830839e-02	-1.468562e+01
3.383000e-05	-1.657131e-02	-1.477129e+01
3.384000e-05	-2.179101e-02	-1.486652e+01
3.385000e-05	-2.037702e-02	-1.493876e+01
3.386000e-05	-2.030651e-02	-1.501294e+01
3.387000e-05	-2.193172e-02	-1.509660e+01
3.388000e-05	-2.419252e-02	-1.511871e+01
3.389000e-05	-2.442359e-02	-1.520341e+01
3.390000e-05	-2.340832e-02	-1.528508e+01
3.391000e-05	-2.599317e-02	-1.533875e+01
3.392000e-05	-2.578017e-02	-1.537074e+01
3.393000e-05	-2.962294e-02	-1.542245e+01
3.394000e-05	-2.800520e-02	-1.543345e+01
3.395000e-05	-3.388986e-02	-1.544605e+01
3.396000e-05	-3.209872e-02	-1.549670e+01
3.397000e-05	-3.612176e-02	-1.552925e+01
3.398000e-05	-3.571916e-02	-1.552765e+01
3.399000e-05	-3.834974e-02	-1.553668e+01
3.400000e-05	-3.881870e-02	-1.553973e+01
3.401000e-05	-4.078665e-02	-1.552713e+01
3.402000e-05	-4.310186e-02	-1.548760e+01
3.403000e-05	-4.386932e-02	-1.547557e+01
3.404000e-05	-4.480916e-02	-1.545457e+01
3.405000e-05	-4.270489e-02	-1.541442e+01
3.406000e-05	-4.152443e-02	-1.541285e+01
3.407000e-05	-3.975714e-02	-1.537031e+01
3.408000e-05	-3.913612e-02	-1.531768e+01
3.409000e-05	-3.684595e-02	-1.526515e+01
3.410000e-05	-3.510376e-02	-1.523284e+01
3.411000e-05	-3.496514e-02	-1.511124e+01
3.412000e-05	-3.167764e-02	-1.503520e+01
3.413000e-05	-2.955674e-02	-1.500329e+01
3.414000e-05	-2.758036e-02	-1.490926e+01
3.415000e-05	-2.732714e-02	-1.483308e+01
3.416000e-05	-2.527831e-02	-1.476981e+01
3.417000e-05	-2.271851e-02	-1.468660e+01
3.418000e-05	-2.181216e-02	-1.459242e+01
3.419000e-05	-2.131506e-02	-1.449410e+01
3.420000e-05	-2.036469e-02	-1.432026e+01
3.421000e-05	-1.870389e-02	-1.424652e+01
3.422000e-05	-1.819810e-02	-1.405870e+01
3.423000e-05	-1.718283e-02	-1.397134e+01
3.424000e-05	-1.759054e-02	-1.385707e+01
3.425000e-05	-1.547542e-02	-1.371813e+01
3.426000e-05	-1.402657e-02	-1.358874e+01
3.427000e-05	-1.458675e-02	-1.341502e+01
3.428000e-05	-1.460232e-02	-1.324560e+01
3.429000e-05	-1.206837e-02	-1.311771e+01
3.430000e-05	-1.171281e-02	-1.299087e+01
3.431000e-05	-1.211232e-02	-1.282347e+01
3.432000e-05	-1.267705e-02	-1.261605e+01
3.433000e-05	-1.141617e-02	-1.246753e+01
3.434000e-05	-1.058574e-02	-1.229823e+01
3.435000e-05	-1.152757e-02	-1.214873e+01
3.436000e-05	-1.175577e-02	-1.189983e+01
3.437000e-05	-9.943202e-03	-1.171871e+01
3.438000e-05	-9.118264e-03	-1.150863e+01
3.439000e-05	-8.843349e-03	-1.125568e+01
3.440000e-05	-9.953876e-03	-1.105450e+01
3.441000e-05	-9.425343e-03	-1.085313e+01
3.442000e-05	-8.717195e-03	-1.066618e+01
3.443000e-05	-9.653626e-03	-1.045518e+01
3.444000e-05	-9.862891e-03	-1.024450e+01
3.445000e-05	-9.209561e-03	-1.002200e+01
3.446000e-05	-7.388649e-03	-9.793051e+00
3.447000e-05	-8.825814e-03	-9.640918e+00
3.448000e-05	-7.741550e-03	-9.351417e+00
3.449000e-05	-7.534849e-03	-9.107316e+00
3.450000e-05	-7.009712e-03	-8.907864e+00
3.451000e-05	-8.746589e-03	-8.684657e+00
3.452000e-05	-8.035586e-03	-8.422977e+00
3.453000e-05	-7.750083e-03	-8.180993e+00
3.454000e-05	-6.627838e-03	-7.907814e+00
3.455000e-05	-7.629048e-03	-7.637654e+00
3.456000e-05	-7.206820e-03	-7.370371e+00
3.457000e-05	-7.083532e-03	-7.127314e+00
3.458000e-05	-6.574559e-03	-6.872704e+00
3.459000e-05	-6.342387e-03	-6.602052e+00
3.460000e-05	-7.121827e-03	-6.358920e+00
3.461000e-05	-7.519399e-03	-6.087735e+00
3.462000e-05	-5.186390e-03	-5.821654e+00
3.463000e-05	-7.201999e-03	-5.508940e+00
3.464000e-05	-6.604820e-03	-5.242230e+00
3.465000e-05	-7.738554e-03	-4.898442e+00
3.466000e-05	-4.712697e-03	-4.632549e+00
3.467000e-05	-6.104861e-03	-4.379999e+00
3.468000e-05	-5.946959e-03	-4.098368e+00
3.469000e-05	-7.311825e-03	-3.875206e+00
3.470000e-05	-4.510187e-03	-3.560498e+00
3.471000e-05	-5.861711e-03	-3.316314e+00
3.472000e-05	-4.230419e-03	-3.032579e+00
3.473000e-05	-6.772352e-03	-2.727365e+00
3.474000e-05	-3.482248e-03	-2.473128e+00
3.475000e-05	-5.307819e-03	-2.161873e+00
3.476000e-05	-4.260456e-03	-1.874713e+00
3.477000e-05	-6.134381e-03	-1.632078e+00
3.478000e-05	-4.819975e-03	-1.274289e+00
3.479000e-05	-4.677150e-03	-9.799486e-01
3.480000e-05	-3.840219e-03	-6.961445e-01
3.481000e-05	-2.070239e-03	-4.089499e-01
3.482000e-05	-1.420421e-03	-9.632067e-02
3.483000e-05	5.589168e-03	1.863671e-01
3.484000e-05	3.575688e-03	4.915265e-01
3.485000e-05	1.803322e-04	6.936368e-01
3.486000e-05	1.978404e-04	9.768936e-01
3.487000e-05	6.405167e-04	1.252054e+00
3.488000e-05	1.524339e-03	1.588790e+00
3.489000e-05	3.885526e-03	1.861578e+00
3.490000e-05	2.056306e-02	2.072108e+00
3.491000e-05	6.778251e-02	2.315783e+00
3.492000e-05	2.257240e-02	2.684107e+00
3.493000e-05	-5.721564e-02	2.979950e+00
3.494000e-05	-3.818837e-02	3.264204e+00
3.495000e-05	-1.563158e-02	3.588766e+00
3.496000e-05	-2.341400e-02	3.800368e+00
3.497000e-05	-4.976922e-02	4.000417e+00
3.498000e-05	7.068777e-02	4.255053e+00
3.499000e-05	-3.644309e-04	4.597844e+00
3.500000e-05	1.931246e-02	4.788870e+00
3.501000e-05	8.704399e-02	5.155690e+00
3.502000e-05	-9.892912e-02	5.434601e+00
3.503000e-05	4.061464e-02	5.714133e+00
3.504000e-05	-2.335044e-02	6.011421e+00
3.505000e-05	1.641723e-02	6.252523e+00
3.506000e-05	8.108661e-03	6.515231e+00
3.507000e-05	-2.809988e-02	6.790420e+00
3.508000e-05	6.944514e-02	7.042998e+00
3.509000e-05	-2.095874e-02	7.356206e+00
3.510000e-05	-1.181102e-02	7.621969e+00
3.511000e-05	-2.988076e-02	7.864083e+00
3.512000e-05	4.557266e-02	8.169839e+00
3.513000e-05	1.916728e-02	8.390869e+00
3.514000e-05	-3.691113e-02	8.620445e+00
3.515000e-05	3.579045e-02	8.843024e+00
3.516000e-05	-2.736146e-03	9.084101e+00
3.517000e-05	8.377897e-03	9.307185e+00
3.518000e-05	-1.832834e-02	9.528761e+00
3.519000e-05	8.514130e-03	9.780386e+00
3.520000e-05	2.127051e-02	9.992942e+00
3.521000e-05	7.551047e-03	1.021152e+01
3.522000e-05	2.715380e-03	1.044452e+01
3.523000e-05	-1.343145e-02	1.065305e+01
3.524000e-05	2.369601e-02	1.084605e+01
3.525000e-05	-3.197481e-03	1.106402e+01
3.526000e-05	5.441031e-03	1.126660e+01
3.527000e-05	1.797640e-03	1.143505e+01
3.528000e-05	1.985794e-02	1.168863e+01
3.529000e-05	7.522206e-03	1.191863e+01
3.530000e-05	-3.410437e-04	1.208555e+01
3.531000e-05	1.250710e-03	1.225598e+01
3.532000e-05	9.616552e-03	1.242302e+01
3.533000e-05	1.307864e-02	1.262237e+01
3.534000e-05	2.180203e-04	1.280136e+01
3.535000e-05	9.330410e-03	1.294928e+01
3.536000e-05	1.043952e-02	1.306805e+01
3.537000e-05	1.395494e-02	1.325352e+01
3.538000e-05	-9.870780e-04	1.341232e+01
3.539000e-05	8.957726e-03	1.352031e+01
3.540000e-05	1.230793e-02	1.370521e+01
3.541000e-05	1.556728e-02	1.381284e+01
3.542000e-05	4.435572e-03	1.395036e+01
3.543000e-05	6.631024e-03	1.410766e+01
3.544000e-05	1.650265e-02	1.425502e+01
3.545000e-05	1.248846e-02	1.437984e+01
3.546000e-05	8.018483e-03	1.442413e+01
3.547000e-05	8.116981e-03	1.461081e+01
3.548000e-05	2.102706e-02	1.471513e+01
3.549000e-05	1.595350e-02	1.477124e+01
3.550000e-05	1.130836e-02	1.483397e+01
3.551000e-05	1.156898e-02	1.487871e+01
3.552000e-05	2.022063e-02	1.499284e+01
3.553000e-05	1.851241e-02	1.507462e+01
3.554000e-05	1.352439e-02	1.512773e+01
3.555000e-05	1.618404e-02	1.515239e+01
3.556000e-05	2.233313e-02	1.525304e+01
3.557000e-05	2.334659e-02	1.528662e+01
3.558000e-05	1.848410e-02	1.531875e+01
3.559000e-05	2.211455e-02	1.536926e+01
3.560000e-05	2.740817e-02	1.540197e+01
3.561000e-05	2.924684e-02	1.540596e+01
3.562000e-05	2.479105e-02	1.541494e+01
3.563000e-05	2.711082e-02	1.545812e+01
3.564000e-05	3.210474e-02	1.546658e+01
3.565000e-05	3.465977e-02	1.546812e+01
3.566000e-05	3.156897e-02	1.544765e+01
3.567000e-05	3.304746e-02	1.547657e+01
3.568000e-05	3.938783e-02	1.545655e+01
3.569000e-05	3.856916e-02	1.542504e+01
3.570000e-05	3.711440e-02	1.541241e+01
3.571000e-05	3.353803e-02	1.538041e+01
3.572000e-05	3.680084e-02	1.534174e+01
3.573000e-05	3.582250e-02	1.531023e+01
3.574000e-05	2.998302e-02	1.527802e+01
3.575000e-05	2.797696e-02	1.520349e+01
3.576000e-05	2.823003e-02	1.519131e+01
3.577000e-05	2.820731e-02	1.506710e+01
3.578000e-05	2.203715e-02	1.503547e+01
3.579000e-05	2.104915e-02	1.496026e+01
3.580000e-05	2.181095e-02	1.487606e+01
3.581000e-05	2.103525e-02	1.480240e+01
3.582000e-05	1.691877e-02	1.469826e+01
3.583000e-05	1.462906e-02	1.460647e+01
3.584000e-05	1.634811e-02	1.450863e+01
3.585000e-05	1.469326e-02	1.440194e+01
3.586000e-05	1.121441e-02	1.432915e+01
3.587000e-05	8.219074e-03	1.419339e+01
3.588000e-05	1.152863e-02	1.405447e+01
3.589000e-05	1.130173e-02	1.388828e+01
3.590000e-05	8.527066e-03	1.375134e+01
3.591000e-05	6.053102e-03	1.361300e+01
3.592000e-05	7.118410e-03	1.347965e+01
3.593000e-05	7.734073e-03	1.333933e+01
3.594000e-05	4.501705e-03	1.319037e+01
3.595000e-05	4.435936e-03	1.301610e+01
3.596000e-05	4.545093e-03	1.287766e+01
3.597000e-05	5.723343e-03	1.271819e+01
3.598000e-05	3.680174e-03	1.259134e+01
3.599000e-05	2.469040e-03	1.240245e+01
3.600000e-05	3.818441e-03	1.221359e+01
3.601000e-05	3.857607e-03	1.199550e+01
3.602000e-05	2.650505e-03	1.185508e+01
3.603000e-05	9.097514e-04	1.163453e+01
3.604000e-05	2.553604e-03	1.141355e+01
3.605000e-05	2.837326e-03	1.118407e+01
3.606000e-05	1.665506e-03	1.101405e+01
3.607000e-05	1.239588e-04	1.080363e+01
3.608000e-05	1.593199e-03	1.062350e+01
3.609000e-05	1.476273e-03	1.040299e+01
3.610000e-05	1.852289e-03	1.020091e+01
3.611000e-05	-8.479470e-04	9.988847e+00
3.612000e-05	3.595382e-04	9.730788e+00
3.613000e-05	1.424899e-03	9.485156e+00
3.614000e-05	-1.152027e-04	9.315231e+00
3.615000e-05	-1.490319e-03	9.043097e+00
3.616000e-05	-2.079797e-03	8.864525e+00
3.617000e-05	4.357452e-05	8.563422e+00
3.618000e-05	4.252082e-04	8.397843e+00
3.619000e-05	-9.640032e-04	8.116182e+00
3.620000e-05	-2.820932e-03	7.824701e+00
3.621000e-05	-1.682634e-03	7.571948e+00
3.622000e-05	-3.252368e-04	7.337784e+00
3.623000e-05	-2.620073e-03	7.034628e+00
3.624000e-05	-3.199968e-03	6.792494e+00
3.625000e-05	-1.439800e-03	6.511811e+00
3.626000e-05	-1.371414e-03	6.254128e+00
3.627000e-05	-2.736171e-03	6.022525e+00
3.628000e-05	-3.958658e-03	5.721441e+00
3.629000e-05	-2.558303e-03	5.455132e+00
3.630000e-05	-2.395529e-03	5.192945e+00
3.631000e-05	-2.336362e-03	4.804651e+00
3.632000e-05	-4.368459e-03	4.540991e+00
3.633000e-05	-2.572618e-03	4.275814e+00
3.634000e-05	-3.112243e-03	3.990600e+00
3.635000e-05	-3.559594e-03	3.739489e+00
3.636000e-05	-5.796470e-03	3.445061e+00
3.637000e-05	-3.816942e-03	3.178471e+00
3.638000e-05	-4.151765e-03	2.906313e+00
3.639000e-05	-3.695610e-03	2.634053e+00
3.640000e-05	-5.110418e-03	2.349341e+00
3.641000e-05	-4.322972e-03	2.054159e+00
3.642000e-05	-3.783189e-03	1.779448e+00
3.643000e-05	-4.350636e-03	1.474736e+00
3.644000e-05	-6.277464e-03	1.191475e+00
3.645000e-05	-5.650830e-03	8.526838e-01
3.646000e-05	-4.682816e-03	5.598947e-01
3.647000e-05	-4.224068e-03	2.863120e-01
3.648000e-05	-4.818134e-03	-9.002625e-03
3.649000e-05	3.616652e-03	-2.931805e-01
3.650000e-05	8.748565e-04	-5.153179e-01
3.651000e-05	-1.966179e-03	-8.180751e-01
3.652000e-05	-4.418892e-03	-1.074754e+00
3.653000e-05	-3.652161e-03	-1.397817e+00
3.654000e-05	-3.602313e-03	-1.661032e+00
3.655000e-05	7.710824e-03	-1.894681e+00
3.656000e-05	6.015616e-02	-2.153314e+00
3.657000e-05	4.760739e-02	-2.453603e+00
3.658000e-05	-7.112135e-02	-2.873050e+00
3.659000e-05	-3.182415e-02	-3.231023e+00
3.660000e-05	-4.103790e-02	-3.472157e+00
3.661000e-05	-4.485674e-02	-3.673608e+00
3.662000e-05	-1.534287e-02	-3.886337e+00
3.663000e-05	1.140286e-01	-4.096656e+00
3.664000e-05	-1.336156e-01	-4.399418e+00
3.665000e-05	1.207194e-01	-4.603953e+00
3.666000e-05	-1.595714e-02	-4.924253e+00
3.667000e-05	-7.575707e-02	-5.294105e+00
3.668000e-05	5.919518e-02	-5.537762e+00
3.669000e-05	-1.431195e-01	-5.802447e+00
3.670000e-05	1.201406e-01	-6.064130e+00
3.671000e-05	-5.624783e-02	-6.326764e+00
3.672000e-05	1.131353e-02	-6.643000e+00
3.673000e-05	5.534026e-02	-6.873077e+00
3.674000e-05	-8.361549e-02	-7.229419e+00
3.675000e-05	5.389045e-02	-7.443097e+00
3.676000e-05	-9.228997e-02	-7.698130e+00
3.677000e-05	5.346372e-02	-7.991472e+00
3.678000e-05	-1.461669e-02	-8.229969e+00
3.679000e-05	-2.365473e-02	-8.494154e+00
3.680000e-05	5.904181e-02	-8.675679e+00
3.681000e-05	-8.721191e-02	-8.979414e+00
3.682000e-05	5.428338e-02	-9.209442e+00
3.683000e-05	-6.822392e-02	-9.420950e+00
3.684000e-05	3.906522e-02	-9.664075e+00
3.685000e-05	-2.333869e-02	-9.886131e+00
3.686000e-05	1.982328e-04	-1.009671e+01
3.687000e-05	9.601645e-03	-1.030768e+01
3.688000e-05	-4.279442e-02	-1.056031e+01
3.689000e-05	2.026704e-02	-1.077881e+01
3.690000e-05	-5.071403e-02	-1.096924e+01
3.691000e-05	3.163945e-02	-1.113883e+01
3.692000e-05	-3.382662e-02	-1.138987e+01
3.693000e-05	1.927251e-02	-1.161227e+01
3.694000e-05	-2.386130e-02	-1.179132e+01
3.695000e-05	-9.369991e-04	-1.203302e+01
3.696000e-05	-2.346182e-02	-1.219086e+01
3.697000e-05	-1.148679e-02	-1.235987e+01
3.698000e-05	-6.105803e-03	-1.253821e+01
3.699000e-05	-1.480381e-02	-1.271768e+01
3.700000e-05	-1.814795e-03	-1.290610e+01
3.701000e-05	-2.071448e-02	-1.304300e+01
3.702000e-05	1.980454e-03	-1.320244e+01
3.703000e-05	-2.781827e-02	-1.336931e+01
3.704000e-05	-1.750221e-03	-1.348715e+01
3.705000e-05	-2.402918e-02	-1.363352e+01
3.706000e-05	-1.195606e-03	-1.381134e+01
3.707000e-05	-2.202860e-02	-1.390810e+01
3.708000e-05	-1.277770e-02	-1.404502e+01
3.709000e-05	-1.758787e-02	-1.417028e+01
3.710000e-05	-1.400878e-02	-1.427618e+01
3.711000e-05	-1.573482e-02	-1.440239e+01
3.712000e-05	-1.903947e-02	-1.452866e+01
3.713000e-05	-1.266429e-02	-1.464240e+01
3.714000e-05	-1.892133e-02	-1.469820e+01
3.715000e-05	-1.791399e-02	-1.483292e+01
3.716000e-05	-2.543479e-02	-1.490608e+01
3.717000e-05	-1.960919e-02	-1.500087e+01
3.718000e-05	-2.193467e-02	-1.505402e+01
3.719000e-05	-2.069572e-02	-1.509770e+01
3.720000e-05	-2.616794e-02	-1.516131e+01
3.721000e-05	-2.146363e-02	-1.522394e+01
3.722000e-05	-2.545507e-02	-1.530610e+01
3.723000e-05	-2.478771e-02	-1.533979e+01
3.724000e-05	-3.013706e-02	-1.540137e+01
3.725000e-05	-2.932182e-02	-1.541394e+01
3.726000e-05	-2.947906e-02	-1.544455e+01
3.727000e-05	-3.235014e-02	-1.546660e+01
3.728000e-05	-3.468706e-02	-1.547720e+01
3.729000e-05	-3.721437e-02	-1.551713e+01
3.730000e-05	-3.641992e-02	-1.552668e+01
3.731000e-05	-3.975430e-02	-1.555976e+01
3.732000e-05	-4.059644e-02	-1.549665e+01
3.733000e-05	-4.215904e-02	-1.548768e+01
3.734000e-05	-4.019684e-02	-1.550623e+01
3.735000e-05	-4.291968e-02	-1.547652e+01
3.736000e-05	-4.384726e-02	-1.541252e+01
3.737000e-05	-4.401369e-02	-1.541349e+01
3.738000e-05	-4.161049e-02	-1.539192e+01
3.739000e-05	-3.970968e-02	-1.536674e+01
3.740000e-05	-3.808616e-02	-1.531610e+01
3.741000e-05	-3.554313e-02	-1.522445e+01
3.742000e-05	-3.237286e-02	-1.518081e+01
3.743000e-05	-3.013817e-02	-1.508765e+01
3.744000e-05	-3.033014e-02	-1.500502e+01
3.745000e-05	-3.023882e-02	-1.496036e+01
3.746000e-05	-2.840614e-02	-1.490563e+01
3.747000e-05	-2.583803e-02	-1.480297e+01
3.748000e-05	-2.411221e-02	-1.472865e+01
3.749000e-05	-2.267076e-02	-1.461402e+01
3.750000e-05	-2.180753e-02	-1.455823e+01
3.751000e-05	-1.904126e-02	-1.441294e+01
3.752000e-05	-1.888783e-02	-1.434862e+01
3.753000e-05	-1.855139e-02	-1.418086e+01
3.754000e-05	-1.792560e-02	-1.402252e+01
3.755000e-05	-1.640528e-02	-1.390466e+01
3.756000e-05	-1.595029e-02	-1.378191e+01
3.757000e-05	-1.630955e-02	-1.366445e+01
3.758000e-05	-1.474842e-02	-1.346613e+01
3.759000e-05	-1.327627e-02	-1.337029e+01
3.760000e-05	-1.231902e-02	-1.317052e+01
3.761000e-05	-1.325433e-02	-1.302500e+01
3.762000e-05	-1.183937e-02	-1.288620e+01
3.763000e-05	-1.119173e-02	-1.272818e+01
3.764000e-05	-1.102912e-02	-1.258082e+01
3.765000e-05	-1.051560e-02	-1.242202e+01
3.766000e-05	-1.147329e-02	-1.224297e+01
3.767000e-05	-1.141514e-02	-1.199550e+01
3.768000e-05	-1.138576e-02	-1.183501e+01
3.769000e-05	-1.089026e-02	-1.164452e+01
3.770000e-05	-9.638999e-03	-1.137092e+01
3.771000e-05	-9.898418e-03	-1.119247e+01
3.772000e-05	-8.281090e-03	-1.095934e+01
3.773000e-05	-8.407829e-03	-1.078042e+01
3.774000e-05	-8.390032e-03	-1.057192e+01
3.775000e-05	-1.027838e-02	-1.039041e+01
3.776000e-05	-9.777610e-03	-1.015928e+01
3.777000e-05	-8.826534e-03	-9.916682e+00
3.778000e-05	-8.554491e-03	-9.687759e+00
3.779000e-05	-8.715962e-03	-9.475680e+00
3.780000e-05	-8.785124e-03	-9.273579e+00
3.781000e-05	-7.716698e-03	-9.033572e+00
3.782000e-05	-6.983582e-03	-8.800424e+00
3.783000e-05	-8.070040e-03	-8.549913e+00
3.784000e-05	-8.345453e-03	-8.335734e+00
3.785000e-05	-6.627204e-03	-8.094683e+00
3.786000e-05	-7.954747e-03	-7.772019e+00
3.787000e-05	-7.542488e-03	-7.496811e+00
3.788000e-05	-8.566840e-03	-7.263082e+00
3.789000e-05	-6.112042e-03	-6.981474e+00
3.790000e-05	-7.451562e-03	-6.717892e+00
3.791000e-05	-6.963081e-03	-6.466658e+00
3.792000e-05	-7.417690e-03	-6.242574e+00
3.793000e-05	-5.286299e-03	-5.958842e+00
3.794000e-05	-6.578935e-03	-5.674208e+00
3.795000e-05	-6.573436e-03	-5.364002e+00
3.796000e-05	-8.489427e-03	-5.076310e+00
3.797000e-05	-5.164163e-03	-4.770345e+00
3.798000e-05	-5.587898e-03	-4.505760e+00
3.799000e-05	-6.598518e-03	-4.295184e+00
3.800000e-05	-6.828175e-03	-3.982581e+00
3.801000e-05	-6.530965e-03	-3.707283e+00
3.802000e-05	-4.216915e-03	-3.444154e+00
3.803000e-05	-5.661328e-03	-3.179022e+00
3.804000e-05	-4.935183e-03	-2.854160e+00
3.805000e-05	-5.177468e-03	-2.570073e+00
3.806000e-05	-2.939565e-03	-2.307342e+00
3.807000e-05	-4.397190e-03	-2.012126e+00
3.808000e-05	-6.293166e-03	-1.738350e+00
3.809000e-05	-5.915646e-03	-1.432608e+00
3.810000e-05	-4.110726e-03	-1.124836e+00
3.811000e-05	-4.548390e-03	-8.221778e-01
3.812000e-05	-3.483027e-03	-5.663434e-01
3.813000e-05	-2.361922e-03	-2.541840e-01
3.814000e-05	2.204528e-03	-3.052875e-02
3.815000e-05	8.976243e-03	3.141370e-01
3.816000e-05	-1.395367e-03	5.593723e-01
3.817000e-05	1.742479e-03	7.699727e-01
3.818000e-05	-1.437746e-03	1.105207e+00
3.819000e-05	2.621788e-03	1.379424e+00
3.820000e-05	-4.253100e-04	1.679760e+00
3.821000e-05	1.077155e-02	1.907892e+00
3.822000e-05	3.923306e-02	2.177425e+00
3.823000e-05	7.310799e-02	2.505161e+00
3.824000e-05	-3.728379e-02	2.852627e+00
3.825000e-05	-4.653952e-02	3.107816e+00
3.826000e-05	-3.423739e-02	3.410448e+00
3.827000e-05	-2.737326e-03	3.684681e+00
3.828000e-05	-4.969193e-02	3.895682e+00
3.829000e-05	-3.394030e-03	4.137136e+00
3.830000e-05	8.443171e-02	4.471495e+00
3.831000e-05	-5.506110e-02	4.683683e+00
3.832000e-05	1.183404e-01	4.926814e+00
3.833000e-05	-4.033605e-02	5.306108e+00
3.834000e-05	-3.697080e-02	5.548414e+00
3.835000e-05	3.533808e-02	5.843998e+00
3.836000e-05	-3.448177e-02	6.135682e+00
3.837000e-05	4.475592e-02	6.366336e+00
3.838000e-05	-4.170084e-02	6.623552e+00
3.839000e-05	3.780504e-02	6.907180e+00
3.840000e-05	3.028398e-02	7.158790e+00
3.841000e-05	-2.840304e-02	7.464051e+00
3.842000e-05	-1.641998e-02	7.759259e+00
3.843000e-05	-3.392870e-03	7.990944e+00
3.844000e-05	5.891396e-02	8.285128e+00
3.845000e-05	-2.755694e-02	8.474679e+00
3.846000e-05	-4.496030e-03	8.696159e+00
3.847000e-05	3.194099e-02	8.947815e+00
3.848000e-05	-1.272936e-02	9.222836e+00
3.849000e-05	1.006839e-02	9.391969e+00
3.850000e-05	-2.498512e-02	9.635528e+00
3.851000e-05	2.939276e-02	9.857102e+00
3.852000e-05	5.468143e-03	1.010568e+01
3.853000e-05	1.170830e-02	1.034723e+01
3.854000e-05	-8.609856e-03	1.055021e+01
3.855000e-05	2.038125e-03	1.075879e+01
3.856000e-05	2.148551e-02	1.093929e+01
3.857000e-05	-1.098525e-02	1.116037e+01
3.858000e-05	1.033240e-02	1.136083e+01
3.859000e-05	8.893392e-05	1.160144e+01
3.860000e-05	2.136624e-02	1.183234e+01
3.861000e-05	-2.781100e-03	1.194186e+01
3.862000e-05	4.537278e-03	1.217134e+01
3.863000e-05	5.185645e-03	1.233979e+01
3.864000e-05	1.558795e-02	1.251816e+01
3.865000e-05	7.283760e-03	1.268563e+01
3.866000e-05	1.148542e-03	1.287505e+01
3.867000e-05	9.668943e-03	1.303244e+01
3.868000e-05	1.049204e-02	1.314188e+01
3.869000e-05	8.534335e-03	1.328769e+01
3.870000e-05	-8.397641e-04	1.349652e+01
3.871000e-05	1.439992e-02	1.364352e+01
3.872000e-05	1.470602e-02	1.377081e+01
3.873000e-05	1.172160e-02	1.388506e+01
3.874000e-05	2.973185e-03	1.404451e+01
3.875000e-05	1.219389e-02	1.418482e+01
3.876000e-05	1.647819e-02	1.430775e+01
3.877000e-05	1.002134e-02	1.442347e+01
3.878000e-05	6.113532e-03	1.453919e+01
3.879000e-05	1.421343e-02	1.465492e+01
3.880000e-05	1.922330e-02	1.471773e+01
3.881000e-05	1.344702e-02	1.478245e+01
3.882000e-05	1.142259e-02	1.487562e+01
3.883000e-05	1.678740e-02	1.495023e+01
3.884000e-05	2.019714e-02	1.503294e+01
3.885000e-05	1.767997e-02	1.509660e+01
3.886000e-05	1.285299e-02	1.512029e+01
3.887000e-05	1.984358e-02	1.522346e+01
3.888000e-05	2.200631e-02	1.528655e+01
3.889000e-05	2.078904e-02	1.534918e+01
3.890000e-05	2.020102e-02	1.535078e+01
3.891000e-05	2.454032e-02	1.536289e+01
3.892000e-05	3.016375e-02	1.540339e+01
3.893000e-05	2.735791e-02	1.544407e+01
3.894000e-05	2.574175e-02	1.546600e+01
3.895000e-05	2.775538e-02	1.546560e+01
3.896000e-05	3.561645e-02	1.547860e+01
3.897000e-05	3.283374e-02	1.548813e+01
3.898000e-05	3.136941e-02	1.547567e+01
3.899000e-05	3.400846e-02	1.545707e+01
3.900000e-05	4.041308e-02	1.546660e+01
3.901000e-05	3.883024e-02	1.544649e+01
3.902000e-05	3.461396e-02	1.541341e+01
3.903000e-05	3.455021e-02	1.535979e+01
3.904000e-05	3.718881e-02	1.532024e+01
3.905000e-05	3.318896e-02	1.529860e+01
3.906000e-05	2.731491e-02	1.525554e+01
3.907000e-05	2.645744e-02	1.516439e+01
3.908000e-05	2.876816e-02	1.511933e+01
3.909000e-05	2.573916e-02	1.502795e+01
3.910000e-05	2.161112e-02	1.500237e+01
3.911000e-05	1.960908e-02	1.490669e+01
3.912000e-05	2.261457e-02	1.487402e+01
3.913000e-05	1.838612e-02	1.473191e+01
3.914000e-05	1.453939e-02	1.464503e+01
3.915000e-05	1.286309e-02	1.457974e+01
3.916000e-05	1.621718e-02	1.446653e+01
3.917000e-05	1.411801e-02	1.435978e+01
3.918000e-05	1.017954e-02	1.422607e+01
3.919000e-05	9.339163e-03	1.410774e+01
3.920000e-05	1.136262e-02	1.392042e+01
3.921000e-05	9.390250e-03	1.381757e+01
3.922000e-05	8.194574e-03	1.368821e+01
3.923000e-05	5.168772e-03	1.356979e+01
3.924000e-05	9.072600e-03	1.338347e+01
3.925000e-05	6.414621e-03	1.327808e+01
3.926000e-05	4.649737e-03	1.308870e+01
3.927000e-05	3.213159e-03	1.296236e+01
3.928000e-05	6.895977e-03	1.283305e+01
3.929000e-05	5.114315e-03	1.267350e+01
3.930000e-05	3.134125e-03	1.246668e+01
3.931000e-05	2.396479e-03	1.226783e+01
3.932000e-05	4.860533e-03	1.212831e+01
3.933000e-05	3.656796e-03	1.192984e+01
3.934000e-05	1.457467e-03	1.174886e+01
3.935000e-05	1.069936e-03	1.154874e+01
3.936000e-05	3.408110e-03	1.132889e+01
3.937000e-05	2.250522e-03	1.111716e+01
3.938000e-05	5.464121e-06	1.092776e+01
3.939000e-05	1.154030e-03	1.071826e+01
3.940000e-05	6.508106e-04	1.051781e+01
3.941000e-05	2.609576e-03	1.028816e+01
3.942000e-05	-9.548232e-04	1.007621e+01
3.943000e-05	1.351575e-03	9.824124e+00
3.944000e-05	7.751098e-04	9.642446e+00
3.945000e-05	1.037997e-03	9.390518e+00
3.946000e-05	-7.767816e-04	9.188895e+00
3.947000e-05	2.708894e-04	8.910362e+00
3.948000e-05	-1.323997e-04	8.676157e+00
3.949000e-05	-6.918776e-04	8.485755e+00
3.950000e-05	-1.480226e-03	8.233517e+00
3.951000e-05	-1.659964e-03	7.979867e+00
3.952000e-05	-3.503627e-04	7.728812e+00
3.953000e-05	-3.794358e-04	7.465104e+00
3.954000e-05	-3.015194e-03	7.191015e+00
3.955000e-05	-2.257109e-03	6.948812e+00
3.956000e-05	-1.160069e-03	6.644158e+00
3.957000e-05	-1.709733e-03	6.431496e+00
3.958000e-05	-4.459344e-03	6.129915e+00
3.959000e-05	-2.967609e-03	5.895230e+00
3.960000e-05	-2.254720e-03	5.601601e+00
3.961000e-05	-2.341506e-03	5.377891e+00
3.962000e-05	-4.417634e-03	5.011474e+00
3.963000e-05	-3.166310e-03	4.676285e+00
3.964000e-05	-2.329606e-03	4.433157e+00
3.965000e-05	-1.677075e-03	4.128919e+00
3.966000e-05	-4.578819e-03	3.885182e+00
3.967000e-05	-4.590640e-03	3.621077e+00
3.968000e-05	-4.235684e-03	3.368313e+00
3.969000e-05	-4.357142e-03	3.034604e+00
3.970000e-05	-5.944743e-03	2.790474e+00
3.971000e-05	-5.586838e-03	2.474258e+00
3.972000e-05	-4.067146e-03	2.200526e+00
3.973000e-05	-3.820092e-03	1.927940e+00
3.974000e-05	-5.892859e-03	1.630653e+00
3.975000e-05	-6.126012e-03	1.306815e+00
3.976000e-05	-4.915771e-03	9.810512e-01
3.977000e-05	-4.304694e-03	6.762668e-01
3.978000e-05	-5.587718e-03	4.326554e-01
3.979000e-05	-5.994827e-03	1.398196e-01
3.980000e-05	-2.501637e-03	-1.358194e-01
3.981000e-05	5.972125e-03	-4.099975e-01
3.982000e-05	-5.180916e-03	-6.731343e-01
3.983000e-05	-1.575291e-03	-9.173433e-01
3.984000e-05	-4.952662e-03	-1.249499e+00
3.985000e-05	-1.072011e-03	-1.516766e+00
3.986000e-05	-3.036855e-03	-1.766841e+00
3.987000e-05	2.488233e-02	-1.998947e+00
3.988000e-05	8.643640e-02	-2.283629e+00
3.989000e-05	-2.898038e-02	-2.663048e+00
3.990000e-05	-5.387677e-02	-3.044503e+00
3.991000e-05	-4.296814e-02	-3.377365e+00
3.992000e-05	-3.227662e-02	-3.526391e+00
3.993000e-05	-6.741026e-02	-3.811022e+00
3.994000e-05	8.959791e-02	-4.031424e+00
3.995000e-05	-1.073691e-02	-4.219498e+00
3.996000e-05	-5.038843e-02	-4.506186e+00
3.997000e-05	1.588749e-01	-4.777842e+00
3.998000e-05	-1.426811e-01	-5.084660e+00
3.999000e-05	5.743651e-02	-5.392470e+00
4.000000e-05	-7.575916e-02	-5.683104e+00
4.001000e-05	-2.509195e-02	-5.989491e+00
4.002000e-05	9.297113e-02	-6.148391e+00
4.003000e-05	-1.014739e-01	-6.484108e+00
4.004000e-05	1.069503e-01	-6.759740e+00
4.005000e-05	-6.100641e-02	-7.022996e+00
4.006000e-05	-4.760396e-04	-7.336760e+00
4.007000e-05	-9.852829e-03	-7.568785e+00
4.008000e-05	-5.703324e-02	-7.884631e+00
4.009000e-05	8.269466e-02	-8.125156e+00
4.010000e-05	-8.141643e-02	-8.349336e+00
4.011000e-05	6.964818e-02	-8.590919e+00
4.012000e-05	-4.510828e-02	-8.851977e+00
4.013000e-05	-1.402621e-02	-9.065206e+00
4.014000e-05	1.160684e-02	-9.306706e+00
4.015000e-05	-4.806216e-02	-9.529311e+00
4.016000e-05	5.319226e-02	-9.789786e+00
4.017000e-05	-5.900359e-02	-1.000082e+01
4.018000e-05	4.891379e-02	-1.022149e+01
4.019000e-05	-5.376597e-02	-1.046403e+01
4.020000e-05	1.595805e-02	-1.067457e+01
4.021000e-05	-3.021966e-02	-1.087400e+01
4.022000e-05	-4.047499e-03	-1.105510e+01
4.023000e-05	3.390603e-03	-1.129407e+01
4.024000e-05	-1.951624e-02	-1.146663e+01
4.025000e-05	9.940844e-03	-1.168862e+01
4.026000e-05	-3.029865e-02	-1.190461e+01
4.027000e-05	6.225822e-03	-1.209563e+01
4.028000e-05	-3.380751e-02	-1.228562e+01
4.029000e-05	9.987630e-03	-1.245503e+01
4.030000e-05	-2.527738e-02	-1.263192e+01
4.031000e-05	4.687391e-03	-1.283147e+01
4.032000e-05	-2.473097e-02	-1.297086e+01
4.033000e-05	-3.066649e-03	-1.312679e+01
4.034000e-05	-1.817243e-02	-1.325500e+01
4.035000e-05	-1.138412e-02	-1.342395e+01
4.036000e-05	-1.133306e-02	-1.355038e+01
4.037000e-05	-1.621374e-02	-1.373871e+01
4.038000e-05	-6.268190e-03	-1.385650e+01
4.039000e-05	-2.473474e-02	-1.398041e+01
4.040000e-05	-8.546071e-03	-1.412715e+01
4.041000e-05	-2.411213e-02	-1.424397e+01
4.042000e-05	-9.755384e-03	-1.437976e+01
4.043000e-05	-2.165167e-02	-1.447357e+01
4.044000e-05	-1.216681e-02	-1.456084e+01
4.045000e-05	-1.926684e-02	-1.472458e+01
4.046000e-05	-1.737312e-02	-1.475029e+01
4.047000e-05	-2.114141e-02	-1.486655e+01
4.048000e-05	-2.135109e-02	-1.494020e+01
4.049000e-05	-2.158808e-02	-1.499344e+01
4.050000e-05	-2.145757e-02	-1.505560e+01
4.051000e-05	-2.365996e-02	-1.513926e+01
4.052000e-05	-2.496544e-02	-1.519186e+01
4.053000e-05	-2.462410e-02	-1.525412e+01
4.054000e-05	-2.620591e-02	-1.529723e+01
4.055000e-05	-2.672684e-02	-1.540076e+01
4.056000e-05	-3.015850e-02	-1.541347e+01
4.057000e-05	-2.735996e-02	-1.544650e+01
4.058000e-05	-3.280443e-02	-1.541550e+01
4.059000e-05	-3.176741e-02	-1.550508e+01
4.060000e-05	-3.687777e-02	-1.548810e+01
4.061000e-05	-3.646924e-02	-1.547725e+01
4.062000e-05	-3.794687e-02	-1.551721e+01
4.063000e-05	-3.992284e-02	-1.550926e+01
4.064000e-05	-4.078142e-02	-1.548765e+01
4.065000e-05	-4.230612e-02	-1.550763e+01
4.066000e-05	-4.095523e-02	-1.547612e+01
4.067000e-05	-4.348371e-02	-1.544605e+01
4.068000e-05	-4.336457e-02	-1.543550e+01
4.069000e-05	-4.197321e-02	-1.540289e+01
4.070000e-05	-3.982103e-02	-1.539234e+01
4.071000e-05	-3.937954e-02	-1.532813e+01
4.072000e-05	-3.654160e-02	-1.525455e+01
4.073000e-05	-3.454290e-02	-1.517289e+01
4.074000e-05	-3.258642e-02	-1.516023e+01
4.075000e-05	-3.110984e-02	-1.505558e+01
4.076000e-05	-2.971030e-02	-1.501497e+01
4.077000e-05	-2.689740e-02	-1.497876e+01
4.078000e-05	-2.583893e-02	-1.484600e+01
4.079000e-05	-2.537282e-02	-1.476181e+01
4.080000e-05	-2.326919e-02	-1.467608e+01
4.081000e-05	-2.250581e-02	-1.458287e+01
4.082000e-05	-2.000196e-02	-1.447555e+01
4.083000e-05	-2.043767e-02	-1.432033e+01
4.084000e-05	-1.880753e-02	-1.419544e+01
4.085000e-05	-1.645155e-02	-1.410858e+01
4.086000e-05	-1.634485e-02	-1.399141e+01
4.087000e-05	-1.605647e-02	-1.384555e+01
4.088000e-05	-1.664343e-02	-1.371868e+01
4.089000e-05	-1.465134e-02	-1.359034e+01
4.090000e-05	-1.367864e-02	-1.341399e+01
4.091000e-05	-1.390593e-02	-1.330812e+01
4.092000e-05	-1.278213e-02	-1.313768e+01
4.093000e-05	-1.264342e-02	-1.301097e+01
4.094000e-05	-1.152455e-02	-1.284400e+01
4.095000e-05	-1.209195e-02	-1.264610e+01
4.096000e-05	-1.090242e-02	-1.247720e+01
4.097000e-05	-1.121236e-02	-1.229766e+01
4.098000e-05	-1.092027e-02	-1.211884e+01
4.099000e-05	-1.097303e-02	-1.196886e+01
4.100000e-05	-1.179740e-02	-1.173931e+01
4.101000e-05	-1.068976e-02	-1.149621e+01
4.102000e-05	-1.014375e-02	-1.126813e+01
4.103000e-05	-9.986675e-03	-1.107598e+01
4.104000e-05	-9.159018e-03	-1.085518e+01
4.105000e-05	-8.481668e-03	-1.070516e+01
4.106000e-05	-8.125689e-03	-1.047621e+01
4.107000e-05	-8.747093e-03	-1.027663e+01
4.108000e-05	-9.767477e-03	-1.003253e+01
4.109000e-05	-1.075909e-02	-9.804518e+00
4.110000e-05	-8.544711e-03	-9.611399e+00
4.111000e-05	-9.218186e-03	-9.362367e+00
4.112000e-05	-8.514877e-03	-9.119312e+00
4.113000e-05	-8.458315e-03	-8.928788e+00
4.114000e-05	-6.961236e-03	-8.656729e+00
4.115000e-05	-5.665767e-03	-8.412553e+00
4.116000e-05	-8.126694e-03	-8.170496e+00
4.117000e-05	-6.089202e-03	-7.958834e+00
4.118000e-05	-9.572006e-03	-7.674580e+00
4.119000e-05	-7.122678e-03	-7.410473e+00
4.120000e-05	-1.016545e-02	-7.158912e+00
4.121000e-05	-6.956495e-03	-6.857682e+00
4.122000e-05	-8.130300e-03	-6.622978e+00
4.123000e-05	-3.507200e-03	-6.389369e+00
4.124000e-05	-6.690361e-03	-6.087734e+00
4.125000e-05	-4.591085e-03	-5.814098e+00
4.126000e-05	-7.065167e-03	-5.579445e+00
4.127000e-05	-6.465246e-03	-5.284756e+00
4.128000e-05	-8.527227e-03	-4.931367e+00
4.129000e-05	-5.735879e-03	-4.653078e+00
4.130000e-05	-5.588499e-03	-4.389996e+00
4.131000e-05	-5.080860e-03	-4.128441e+00
4.132000e-05	-5.534091e-03	-3.915733e+00
4.133000e-05	-5.965298e-03	-3.569494e+00
4.134000e-05	-5.297968e-03	-3.317788e+00
4.135000e-05	-5.788306e-03	-3.004029e+00
4.136000e-05	-3.662933e-03	-2.727338e+00
4.137000e-05	-4.377465e-03	-2.484734e+00
4.138000e-05	-4.441907e-03	-2.158473e+00
4.139000e-05	-5.299010e-03	-1.895287e+00
4.140000e-05	-6.419197e-03	-1.641653e+00
4.141000e-05	-4.647052e-03	-1.293739e+00
4.142000e-05	-3.821735e-03	-9.699449e-01
4.143000e-05	-3.098720e-03	-7.257934e-01
4.144000e-05	-1.645730e-03	-4.100226e-01
4.145000e-05	-5.456512e-04	-1.178158e-01
4.146000e-05	4.837902e-03	1.683173e-01
4.147000e-05	5.946382e-03	4.500503e-01
4.148000e-05	-1.008683e-03	6.746317e-01
4.149000e-05	1.573155e-03	9.267894e-01
4.150000e-05	1.036072e-03	1.222150e+00
4.151000e-05	2.672798e-03	1.516690e+00
4.152000e-05	1.633008e-03	1.843055e+00
4.153000e-05	1.880700e-02	2.092626e+00
4.154000e-05	6.609851e-02	2.316187e+00
4.155000e-05	2.869121e-02	2.663181e+00
4.156000e-05	-5.846845e-02	2.959499e+00
4.157000e-05	-3.750907e-02	3.273553e+00
4.158000e-05	-1.558450e-02	3.568366e+00
4.159000e-05	-2.079074e-02	3.807972e+00
4.160000e-05	-5.336334e-02	3.958917e+00
4.161000e-05	6.467297e-02	4.242951e+00
4.162000e-05	9.287151e-03	4.538815e+00
4.163000e-05	8.642616e-03	4.800945e+00
4.164000e-05	9.225185e-02	5.096210e+00
4.165000e-05	-9.843918e-02	5.432525e+00
4.166000e-05	3.886379e-02	5.685579e+00
4.167000e-05	-1.839634e-02	6.000920e+00
4.168000e-05	1.062226e-02	6.241973e+00
4.169000e-05	1.215797e-02	6.475631e+00
4.170000e-05	-3.125440e-02	6.791397e+00
4.171000e-05	6.830801e-02	7.001550e+00
4.172000e-05	-2.054271e-02	7.317710e+00
4.173000e-05	-1.348869e-02	7.569819e+00
4.174000e-05	-2.881751e-02	7.844606e+00
4.175000e-05	4.195471e-02	8.157709e+00
4.176000e-05	2.152538e-02	8.409420e+00
4.177000e-05	-3.827837e-02	8.590843e+00
4.178000e-05	3.533147e-02	8.812922e+00
4.179000e-05	-9.543177e-04	9.043626e+00
4.180000e-05	5.639350e-03	9.295655e+00
4.181000e-05	-1.646319e-02	9.526706e+00
4.182000e-05	5.255006e-03	9.750862e+00
4.183000e-05	2.216069e-02	9.981972e+00
4.184000e-05	4.670381e-03	1.021102e+01
4.185000e-05	4.059949e-03	1.043299e+01
4.186000e-05	-1.283968e-02	1.064295e+01
4.187000e-05	2.192849e-02	1.084305e+01
4.188000e-05	-1.873123e-03	1.106292e+01
4.189000e-05	1.922055e-03	1.126565e+01
4.190000e-05	3.403717e-03	1.145555e+01
4.191000e-05	1.788866e-02	1.167560e+01
4.192000e-05	7.841015e-03	1.188503e+01
4.193000e-05	-1.543252e-03	1.207557e+01
4.194000e-05	2.267304e-03	1.224308e+01
4.195000e-05	9.158882e-03	1.243352e+01
4.196000e-05	1.254490e-02	1.262042e+01
4.197000e-05	2.635418e-04	1.278931e+01
4.198000e-05	1.072340e-02	1.292933e+01
4.199000e-05	1.050857e-02	1.306620e+01
4.200000e-05	1.395929e-02	1.326150e+01
4.201000e-05	1.780747e-04	1.339191e+01
4.202000e-05	7.583068e-03	1.354828e+01
4.203000e-05	1.274251e-02	1.371565e+01
4.204000e-05	1.449848e-02	1.378189e+01
4.205000e-05	5.477297e-03	1.393878e+01
4.206000e-05	8.993269e-03	1.409823e+01
4.207000e-05	1.647300e-02	1.426602e+01
4.208000e-05	1.411197e-02	1.433936e+01
4.209000e-05	7.777769e-03	1.446652e+01
4.210000e-05	9.267621e-03	1.459331e+01
4.211000e-05	1.929548e-02	1.465613e+01
4.212000e-05	1.489448e-02	1.480082e+01
4.213000e-05	1.161755e-02	1.483404e+01
4.214000e-05	1.304919e-02	1.493768e+01
4.215000e-05	2.045110e-02	1.498287e+01
4.216000e-05	1.982268e-02	1.507597e+01
4.217000e-05	1.438616e-02	1.509771e+01
4.218000e-05	1.770986e-02	1.516244e+01
4.219000e-05	2.228707e-02	1.527502e+01
4.220000e-05	2.203614e-02	1.528560e+01
4.221000e-05	1.841860e-02	1.534971e+01
4.222000e-05	2.289339e-02	1.535981e+01
4.223000e-05	2.651874e-02	1.536289e+01
4.224000e-05	2.825126e-02	1.542396e+01
4.225000e-05	2.519551e-02	1.544462e+01
4.226000e-05	2.878695e-02	1.544652e+01
4.227000e-05	3.314902e-02	1.544815e+01
4.228000e-05	3.355863e-02	1.544765e+01
4.229000e-05	3.271841e-02	1.542759e+01
4.230000e-05	3.393551e-02	1.544865e+01
4.231000e-05	3.807525e-02	1.546502e+01
4.232000e-05	3.626802e-02	1.543600e+01
4.233000e-05	3.557952e-02	1.540444e+01
4.234000e-05	3.446597e-02	1.538979e+01
4.235000e-05	3.645645e-02	1.535134e+01
4.236000e-05	3.439819e-02	1.533018e+01
4.237000e-05	3.029700e-02	1.526565e+01
4.238000e-05	2.881246e-02	1.522647e+01
4.239000e-05	2.842513e-02	1.513988e+01
4.240000e-05	2.605478e-02	1.510768e+01
4.241000e-05	2.162079e-02	1.502547e+01
4.242000e-05	2.068274e-02	1.496036e+01
4.243000e-05	2.052114e-02	1.488518e+01
4.244000e-05	1.957674e-02	1.476291e+01
4.245000e-05	1.608048e-02	1.467668e+01
4.246000e-05	1.598156e-02	1.463357e+01
4.247000e-05	1.599041e-02	1.450821e+01
4.248000e-05	1.430880e-02	1.440449e+01
4.249000e-05	1.204975e-02	1.428713e+01
4.250000e-05	9.726547e-03	1.415244e+01
4.251000e-05	9.425890e-03	1.405507e+01
4.252000e-05	9.467425e-03	1.388766e+01
4.253000e-05	7.729482e-03	1.380544e+01
4.254000e-05	7.098512e-03	1.359392e+01
4.255000e-05	6.968739e-03	1.352858e+01
4.256000e-05	8.191109e-03	1.334134e+01
4.257000e-05	6.291263e-03	1.323139e+01
4.258000e-05	6.017242e-03	1.302457e+01
4.259000e-05	3.901150e-03	1.289771e+01
4.260000e-05	4.872054e-03	1.272829e+01
4.261000e-05	3.710865e-03	1.256092e+01
4.262000e-05	3.765001e-03	1.242247e+01
4.263000e-05	3.758189e-03	1.222404e+01
4.264000e-05	3.975674e-03	1.204708e+01
4.265000e-05	4.085244e-03	1.188412e+01
4.266000e-05	1.338733e-03	1.163315e+01
4.267000e-05	1.779273e-03	1.139657e+01
4.268000e-05	1.831694e-03	1.122552e+01
4.269000e-05	3.312705e-03	1.100400e+01
4.270000e-05	1.691306e-03	1.085305e+01
4.271000e-05	2.171632e-03	1.054305e+01
4.272000e-05	1.502441e-03	1.038295e+01
4.273000e-05	6.826170e-04	1.018155e+01
4.274000e-05	-1.100968e-03	1.000092e+01
4.275000e-05	-4.823068e-04	9.719836e+00
4.276000e-05	1.851164e-03	9.487757e+00
4.277000e-05	1.490894e-03	9.297755e+00
4.278000e-05	4.839740e-04	9.045506e+00
4.279000e-05	-1.003307e-03	8.841898e+00
4.280000e-05	1.303923e-04	8.591922e+00
4.281000e-05	-1.107691e-03	8.389394e+00
4.282000e-05	-1.944565e-03	8.129211e+00
4.283000e-05	-1.247389e-03	7.855127e+00
4.284000e-05	9.097629e-04	7.593070e+00
4.285000e-05	-1.566500e-03	7.297756e+00
4.286000e-05	-2.515098e-03	7.054603e+00
4.287000e-05	-2.015530e-03	6.801550e+00
4.288000e-05	-3.832815e-04	6.551888e+00
4.289000e-05	-2.576925e-03	6.256230e+00
4.290000e-05	-3.983642e-03	6.024053e+00
4.291000e-05	-3.072604e-03	5.750362e+00
4.292000e-05	-1.426918e-03	5.505706e+00
4.293000e-05	-3.179273e-03	5.140974e+00
4.294000e-05	-3.462746e-03	4.854174e+00
4.295000e-05	-2.971889e-03	4.558946e+00
4.296000e-05	-1.525284e-03	4.277263e+00
4.297000e-05	-2.858697e-03	4.011025e+00
4.298000e-05	-5.294722e-03	3.719340e+00
4.299000e-05	-5.574065e-03	3.486158e+00
4.300000e-05	-4.567329e-03	3.179921e+00
4.301000e-05	-4.889816e-03	2.916366e+00
4.302000e-05	-5.441027e-03	2.593057e+00
4.303000e-05	-4.432083e-03	2.336842e+00
4.304000e-05	-3.267059e-03	2.055683e+00
4.305000e-05	-4.449995e-03	1.810023e+00
4.306000e-05	-5.945282e-03	1.497760e+00
4.307000e-05	-6.532253e-03	1.180025e+00
4.308000e-05	-5.041799e-03	8.646616e-01
4.309000e-05	-5.937210e-03	5.389986e-01
4.310000e-05	-5.867770e-03	2.867621e-01
4.311000e-05	-3.485581e-03	-2.942639e-02
4.312000e-05	3.395513e-03	-2.521842e-01
4.313000e-05	1.357550e-03	-5.637196e-01
4.314000e-05	-3.538266e-03	-8.100265e-01
4.315000e-05	-3.856146e-03	-1.082156e+00
4.316000e-05	-3.737959e-03	-1.357416e+00
4.317000e-05	-3.210708e-03	-1.651103e+00
4.318000e-05	6.019114e-03	-1.893133e+00
4.319000e-05	5.871741e-02	-2.125738e+00
4.320000e-05	5.258597e-02	-2.452529e+00
4.321000e-05	-6.895031e-02	-2.860951e+00
4.322000e-05	-3.238476e-02	-3.199948e+00
4.323000e-05	-4.195388e-02	-3.471603e+00
4.324000e-05	-4.345962e-02	-3.713059e+00
4.325000e-05	-2.283165e-02	-3.905830e+00
4.326000e-05	1.165574e-01	-4.103630e+00
4.327000e-05	-1.284036e-01	-4.377369e+00
4.328000e-05	1.084414e-01	-4.612502e+00
4.329000e-05	8.642375e-04	-4.903157e+00
4.330000e-05	-8.584957e-02	-5.251601e+00
4.331000e-05	6.616770e-02	-5.547262e+00
4.332000e-05	-1.438726e-01	-5.820995e+00
4.333000e-05	1.121615e-01	-6.085182e+00
4.334000e-05	-4.511068e-02	-6.325232e+00
4.335000e-05	-9.910464e-04	-6.622447e+00
4.336000e-05	6.456527e-02	-6.842081e+00
4.337000e-05	-8.511313e-02	-7.140865e+00
4.338000e-05	5.332454e-02	-7.443523e+00
4.339000e-05	-8.632827e-02	-7.694682e+00
4.340000e-05	4.568579e-02	-8.010893e+00
4.341000e-05	-3.774677e-03	-8.220520e+00
4.342000e-05	-3.278959e-02	-8.456152e+00
4.343000e-05	6.568040e-02	-8.745681e+00
4.344000e-05	-8.901361e-02	-8.989344e+00
4.345000e-05	5.142692e-02	-9.230819e+00
4.346000e-05	-6.409339e-02	-9.390968e+00
4.347000e-05	3.259900e-02	-9.653577e+00
4.348000e-05	-1.408091e-02	-9.864601e+00
4.349000e-05	-7.989675e-03	-1.011771e+01
4.350000e-05	1.600914e-02	-1.030516e+01
4.351000e-05	-4.471491e-02	-1.054932e+01
4.352000e-05	2.370961e-02	-1.075829e+01
4.353000e-05	-5.325780e-02	-1.094837e+01
4.354000e-05	2.988905e-02	-1.120834e+01
4.355000e-05	-3.284375e-02	-1.137989e+01
4.356000e-05	1.619988e-02	-1.157144e+01
4.357000e-05	-2.464078e-02	-1.181184e+01
4.358000e-05	-3.390035e-03	-1.204236e+01
4.359000e-05	-1.803818e-02	-1.221132e+01
4.360000e-05	-1.061020e-02	-1.232984e+01
4.361000e-05	-5.664725e-03	-1.254828e+01
4.362000e-05	-1.754931e-02	-1.270778e+01
4.363000e-05	-9.540301e-04	-1.288468e+01
4.364000e-05	-2.487407e-02	-1.307357e+01
4.365000e-05	1.100764e-03	-1.320229e+01
4.366000e-05	-2.943835e-02	-1.332876e+01
4.367000e-05	7.817417e-04	-1.348662e+01
4.368000e-05	-2.462886e-02	-1.367397e+01
4.369000e-05	-2.313998e-03	-1.380189e+01
4.370000e-05	-2.231071e-02	-1.389716e+01
4.371000e-05	-1.332083e-02	-1.406450e+01
4.372000e-05	-1.800236e-02	-1.417089e+01
4.373000e-05	-1.815840e-02	-1.431758e+01
4.374000e-05	-1.476724e-02	-1.442249e+01
4.375000e-05	-1.916877e-02	-1.454879e+01
4.376000e-05	-1.214707e-02	-1.462445e+01
4.377000e-05	-2.256983e-02	-1.475578e+01
4.378000e-05	-1.746505e-02	-1.482247e+01
4.379000e-05	-2.410829e-02	-1.490613e+01
4.380000e-05	-1.831868e-02	-1.497936e+01
4.381000e-05	-2.384037e-02	-1.504397e+01
4.382000e-05	-2.066665e-02	-1.507860e+01
4.383000e-05	-2.595837e-02	-1.516036e+01
4.384000e-05	-2.217195e-02	-1.526452e+01
4.385000e-05	-2.803973e-02	-1.528617e+01
4.386000e-05	-2.478413e-02	-1.536026e+01
4.387000e-05	-2.852844e-02	-1.541242e+01
4.388000e-05	-2.771602e-02	-1.542345e+01
4.389000e-05	-2.981823e-02	-1.542549e+01
4.390000e-05	-3.209416e-02	-1.549405e+01
4.391000e-05	-3.264029e-02	-1.549610e+01
4.392000e-05	-3.626076e-02	-1.549820e+01
4.393000e-05	-3.661339e-02	-1.551873e+01
4.394000e-05	-3.989071e-02	-1.553925e+01
4.395000e-05	-3.948310e-02	-1.550870e+01
4.396000e-05	-4.197214e-02	-1.550720e+01
4.397000e-05	-4.132775e-02	-1.548618e+01
4.398000e-05	-4.297657e-02	-1.548765e+01
4.399000e-05	-4.211836e-02	-1.543553e+01
4.400000e-05	-4.242040e-02	-1.541399e+01
4.401000e-05	-4.048567e-02	-1.540231e+01
4.402000e-05	-3.890920e-02	-1.535971e+01
4.403000e-05	-3.832504e-02	-1.530620e+01
4.404000e-05	-3.516679e-02	-1.524202e+01
4.405000e-05	-3.467455e-02	-1.517026e+01
4.406000e-05	-3.111672e-02	-1.510828e+01
4.407000e-05	-3.008561e-02	-1.504602e+01
4.408000e-05	-2.823605e-02	-1.499973e+01
4.409000e-05	-2.615807e-02	-1.491820e+01
4.410000e-05	-2.486073e-02	-1.480396e+01
4.411000e-05	-2.392998e-02	-1.466871e+01
4.412000e-05	-2.348666e-02	-1.461397e+01
4.413000e-05	-2.171926e-02	-1.456876e+01
4.414000e-05	-2.009381e-02	-1.444200e+01
4.415000e-05	-2.065630e-02	-1.428768e+01
4.416000e-05	-1.785383e-02	-1.418149e+01
4.417000e-05	-1.772690e-02	-1.403305e+01
4.418000e-05	-1.399264e-02	-1.390728e+01
4.419000e-05	-1.620445e-02	-1.380289e+01
4.420000e-05	-1.471064e-02	-1.366458e+01
4.421000e-05	-1.387276e-02	-1.347863e+01
4.422000e-05	-1.378053e-02	-1.335936e+01
4.423000e-05	-1.452930e-02	-1.321242e+01
4.424000e-05	-1.406649e-02	-1.307605e+01
4.425000e-05	-1.240066e-02	-1.291576e+01
4.426000e-05	-1.147688e-02	-1.275916e+01
4.427000e-05	-1.161048e-02	-1.254239e+01
4.428000e-05	-1.108378e-02	-1.243187e+01
4.429000e-05	-1.111942e-02	-1.223500e+01
4.430000e-05	-1.087203e-02	-1.207312e+01
4.431000e-05	-1.255905e-02	-1.184557e+01
4.432000e-05	-1.182654e-02	-1.162454e+01
4.433000e-05	-9.718918e-03	-1.139141e+01
4.434000e-05	-9.741227e-03	-1.117244e+01
4.435000e-05	-1.107019e-02	-1.097137e+01
4.436000e-05	-1.039088e-02	-1.078997e+01
4.437000e-05	-8.289814e-03	-1.060147e+01
4.438000e-05	-9.202445e-03	-1.038085e+01
4.439000e-05	-1.004689e-02	-1.013079e+01
4.440000e-05	-8.611525e-03	-9.938287e+00
4.441000e-05	-8.163339e-03	-9.768286e+00
4.442000e-05	-7.921005e-03	-9.495735e+00
4.443000e-05	-1.021119e-02	-9.264103e+00
4.444000e-05	-8.681753e-03	-9.054076e+00
4.445000e-05	-7.707866e-03	-8.812995e+00
4.446000e-05	-7.335717e-03	-8.531391e+00
4.447000e-05	-9.008795e-03	-8.316232e+00
4.448000e-05	-8.064156e-03	-8.106187e+00
4.449000e-05	-6.464742e-03	-7.813578e+00
4.450000e-05	-6.724655e-03	-7.537210e+00
4.451000e-05	-8.057691e-03	-7.305680e+00
4.452000e-05	-7.212725e-03	-7.013048e+00
4.453000e-05	-6.996359e-03	-6.737315e+00
4.454000e-05	-6.700427e-03	-6.526286e+00
4.455000e-05	-9.152736e-03	-6.214054e+00
4.456000e-05	-5.932000e-03	-5.968870e+00
4.457000e-05	-5.206196e-03	-5.728733e+00
4.458000e-05	-5.818623e-03	-5.381625e+00
4.459000e-05	-7.268356e-03	-5.127237e+00
4.460000e-05	-4.769605e-03	-4.811471e+00
4.461000e-05	-4.090740e-03	-4.517267e+00
4.462000e-05	-5.782641e-03	-4.253734e+00
4.463000e-05	-6.934618e-03	-4.023104e+00
4.464000e-05	-6.719253e-03	-3.708863e+00
4.465000e-05	-5.072448e-03	-3.444637e+00
4.466000e-05	-5.290220e-03	-3.202022e+00
4.467000e-05	-4.856273e-03	-2.864255e+00
4.468000e-05	-4.152084e-03	-2.580626e+00
4.469000e-05	-5.808706e-04	-2.368993e+00
4.470000e-05	-3.634674e-03	-2.022573e+00
4.471000e-05	-6.306522e-03	-1.759947e+00
4.472000e-05	-6.137160e-03	-1.446178e+00
4.473000e-05	-3.367673e-03	-1.126292e+00
4.474000e-05	-3.658295e-03	-8.631577e-01
4.475000e-05	-3.788923e-03	-5.569010e-01
4.476000e-05	-2.351281e-03	-2.942353e-01
4.477000e-05	2.571995e-03	-4.052744e-02
4.478000e-05	9.783651e-03	2.836832e-01
4.479000e-05	-6.852042e-04	5.268910e-01
4.480000e-05	2.244594e-03	8.089738e-01
4.481000e-05	4.274715e-04	1.096157e+00
4.482000e-05	1.693805e-03	1.399944e+00
4.483000e-05	-1.899400e-04	1.715736e+00
4.484000e-05	8.699382e-03	1.945765e+00
4.485000e-05	3.796190e-02	2.179318e+00
4.486000e-05	7.150472e-02	2.483056e+00
4.487000e-05	-3.330945e-02	2.811498e+00
4.488000e-05	-4.705703e-02	3.106338e+00
4.489000e-05	-3.293576e-02	3.402022e+00
4.490000e-05	-4.344368e-03	3.653202e+00
4.491000e-05	-4.702088e-02	3.894131e+00
4.492000e-05	-8.259869e-03	4.095707e+00
4.493000e-05	8.632079e-02	4.418996e+00
4.494000e-05	-5.546602e-02	4.665558e+00
4.495000e-05	1.097405e-01	4.915236e+00
4.496000e-05	-2.894485e-02	5.294608e+00
4.497000e-05	-4.362404e-02	5.518762e+00
4.498000e-05	3.705840e-02	5.822521e+00
4.499000e-05	-3.682431e-02	6.095679e+00
4.500000e-05	4.564216e-02	6.367786e+00
4.501000e-05	-3.784854e-02	6.644152e+00
4.502000e-05	3.068518e-02	6.896736e+00
4.503000e-05	3.212642e-02	7.169784e+00
4.504000e-05	-2.815362e-02	7.412073e+00
4.505000e-05	-1.512595e-02	7.747711e+00
4.506000e-05	-7.358470e-03	7.991994e+00
4.507000e-05	5.594206e-02	8.244053e+00
4.508000e-05	-2.365884e-02	8.444652e+00
4.509000e-05	-6.641055e-03	8.705183e+00
4.510000e-05	3.520445e-02	8.889264e+00
4.511000e-05	-1.432895e-02	9.172415e+00
4.512000e-05	9.690155e-03	9.399944e+00
4.513000e-05	-2.261410e-02	9.643023e+00
4.514000e-05	2.807140e-02	9.843630e+00
4.515000e-05	6.886350e-03	1.008616e+01
4.516000e-05	9.822107e-03	1.027721e+01
4.517000e-05	-5.997135e-03	1.052934e+01
4.518000e-05	6.173538e-04	1.078038e+01
4.519000e-05	2.019713e-02	1.098791e+01
4.520000e-05	-1.001338e-02	1.115031e+01
4.521000e-05	1.265168e-02	1.137939e+01
4.522000e-05	2.442420e-03	1.162991e+01
4.523000e-05	2.203664e-02	1.180134e+01
4.524000e-05	-3.387860e-03	1.195932e+01
4.525000e-05	3.244083e-03	1.216978e+01
4.526000e-05	4.239918e-03	1.236933e+01
4.527000e-05	1.323229e-02	1.251868e+01
4.528000e-05	8.203104e-03	1.265565e+01
4.529000e-05	2.961207e-03	1.287555e+01
4.530000e-05	1.374748e-02	1.299247e+01
4.531000e-05	1.087329e-02	1.313936e+01
4.532000e-05	1.002440e-02	1.328768e+01
4.533000e-05	-6.200646e-04	1.347447e+01
4.534000e-05	1.307737e-02	1.360492e+01
4.535000e-05	1.287092e-02	1.375876e+01
4.536000e-05	1.120253e-02	1.387705e+01
4.537000e-05	5.649615e-03	1.407552e+01
4.538000e-05	1.299656e-02	1.417242e+01
4.539000e-05	1.823580e-02	1.430715e+01
4.540000e-05	9.598891e-03	1.437450e+01
4.541000e-05	9.047015e-03	1.456821e+01
4.542000e-05	1.369003e-02	1.463302e+01
4.543000e-05	1.991405e-02	1.469768e+01
4.544000e-05	1.196074e-02	1.477232e+01
4.545000e-05	1.139177e-02	1.489512e+01
4.546000e-05	1.667899e-02	1.494029e+01
4.547000e-05	2.013821e-02	1.501442e+01
4.548000e-05	1.772284e-02	1.504655e+01
4.549000e-05	1.369168e-02	1.512975e+01
4.550000e-05	2.123833e-02	1.519442e+01
4.551000e-05	2.268884e-02	1.527655e+01
4.552000e-05	2.137067e-02	1.529815e+01
4.553000e-05	1.875322e-02	1.532978e+01
4.554000e-05	2.478355e-02	1.539134e+01
4.555000e-05	2.868026e-02	1.540252e+01
4.556000e-05	2.580687e-02	1.540442e+01
4.557000e-05	2.505742e-02	1.539349e+01
4.558000e-05	2.811794e-02	1.546648e+01
4.559000e-05	3.547948e-02	1.541718e+01
4.560000e-05	3.310066e-02	1.548755e+01
4.561000e-05	3.251440e-02	1.545565e+01
4.562000e-05	3.489252e-02	1.545705e+01
4.563000e-05	3.811680e-02	1.542652e+01
4.564000e-05	3.693275e-02	1.544489e+01
4.565000e-05	3.300037e-02	1.539289e+01
4.566000e-05	3.544444e-02	1.533176e+01
4.567000e-05	3.495522e-02	1.530923e+01
4.568000e-05	3.358363e-02	1.528760e+01
4.569000e-05	2.757528e-02	1.523555e+01
4.570000e-05	2.851274e-02	1.520244e+01
4.571000e-05	2.854672e-02	1.511918e+01
4.572000e-05	2.557151e-02	1.503550e+01
4.573000e-05	2.015477e-02	1.497344e+01
4.574000e-05	2.078984e-02	1.491923e+01
4.575000e-05	2.069483e-02	1.482400e+01
4.576000e-05	1.905571e-02	1.475079e+01
4.577000e-05	1.434836e-02	1.466710e+01
4.578000e-05	1.358507e-02	1.458032e+01
4.579000e-05	1.701800e-02	1.445710e+01
4.580000e-05	1.360363e-02	1.436229e+01
4.581000e-05	1.089118e-02	1.423652e+01
4.582000e-05	8.478467e-03	1.414021e+01
4.583000e-05	1.135329e-02	1.394339e+01
4.584000e-05	1.022837e-02	1.382655e+01
4.585000e-05	6.997718e-03	1.371765e+01
4.586000e-05	5.786658e-03	1.358036e+01
4.587000e-05	8.624248e-03	1.342450e+01
4.588000e-05	7.915237e-03	1.329658e+01
4.589000e-05	5.485753e-03	1.312824e+01
4.590000e-05	3.837950e-03	1.296279e+01
4.591000e-05	6.415731e-03	1.277400e+01
4.592000e-05	5.671635e-03	1.263512e+01
4.593000e-05	4.091083e-03	1.251726e+01
4.594000e-05	1.069081e-03	1.233871e+01
4.595000e-05	4.248643e-03	1.210879e+01
4.596000e-05	4.851184e-03	1.196139e+01
4.597000e-05	2.069007e-03	1.172083e+01
4.598000e-05	8.896287e-04	1.152024e+01
4.599000e-05	2.706722e-03	1.132933e+01
4.600000e-05	3.838652e-03	1.112636e+01
4.601000e-05	2.227971e-03	1.091936e+01
4.602000e-05	4.841916e-04	1.071924e+01
4.603000e-05	1.690628e-03	1.051926e+01
4.604000e-05	2.528414e-03	1.031816e+01
4.605000e-05	6.641754e-04	1.007978e+01
4.606000e-05	-1.231028e-03	9.824626e+00
4.607000e-05	1.198370e-03	9.664049e+00
4.608000e-05	1.455959e-03	9.372520e+00
4.609000e-05	3.787636e-04	9.202469e+00
4.610000e-05	-7.225182e-04	8.952786e+00
4.611000e-05	4.884707e-04	8.686182e+00
4.612000e-05	1.940180e-04	8.457208e+00
4.613000e-05	-1.505241e-03	8.204527e+00
4.614000e-05	-2.717285e-03	8.013971e+00
4.615000e-05	-4.630589e-04	7.769384e+00
4.616000e-05	-8.652253e-04	7.426128e+00
4.617000e-05	-1.999059e-03	7.220974e+00
4.618000e-05	-3.066913e-03	6.932339e+00
4.619000e-05	-1.005264e-03	6.695681e+00
4.620000e-05	-7.790875e-04	6.421521e+00
4.621000e-05	-2.986015e-03	6.128366e+00
4.622000e-05	-2.990863e-03	5.945809e+00
4.623000e-05	-3.161875e-03	5.601523e+00
4.624000e-05	-2.512878e-03	5.369414e+00
4.625000e-05	-4.123372e-03	5.033020e+00
4.626000e-05	-4.314971e-03	4.687287e+00
4.627000e-05	-3.532573e-03	4.475627e+00
4.628000e-05	-2.806271e-03	4.150918e+00
4.629000e-05	-3.908461e-03	3.886211e+00
4.630000e-05	-3.392438e-03	3.633153e+00
4.631000e-05	-4.505185e-03	3.337941e+00
4.632000e-05	-4.185385e-03	3.023653e+00
4.633000e-05	-4.918168e-03	2.781549e+00
4.634000e-05	-6.839946e-03	2.496761e+00
4.635000e-05	-4.339175e-03	2.220996e+00
4.636000e-05	-6.305358e-03	1.948866e+00
4.637000e-05	-4.797914e-03	1.642628e+00
4.638000e-05	-7.651185e-03	1.336843e+00
4.639000e-05	-5.162195e-03	1.002601e+00
4.640000e-05	-3.379616e-03	6.957634e-01
4.641000e-05	-5.017109e-03	4.421365e-01
4.642000e-05	-3.273027e-03	1.689423e-01
4.643000e-05	-4.567111e-03	-1.248183e-01
4.644000e-05	5.571958e-03	-3.684462e-01
4.645000e-05	-8.361528e-03	-6.531569e-01
4.646000e-05	-1.633831e-03	-9.657922e-01
4.647000e-05	-6.273293e-03	-1.177451e+00
4.648000e-05	1.517227e-03	-1.515238e+00
4.649000e-05	-8.665017e-04	-1.757842e+00
4.650000e-05	2.481208e-02	-1.998421e+00
4.651000e-05	8.315765e-02	-2.223104e+00
4.652000e-05	-2.241603e-02	-2.660500e+00
4.653000e-05	-5.731539e-02	-3.051504e+00
4.654000e-05	-4.096959e-02	-3.376867e+00
4.655000e-05	-3.401652e-02	-3.556888e+00
4.656000e-05	-6.558644e-02	-3.790025e+00
4.657000e-05	8.370894e-02	-3.960448e+00
4.658000e-05	3.181808e-03	-4.188444e+00
4.659000e-05	-6.415533e-02	-4.516184e+00
4.660000e-05	1.651969e-01	-4.767342e+00
4.661000e-05	-1.346085e-01	-5.062555e+00
4.662000e-05	4.821837e-02	-5.391068e+00
4.663000e-05	-6.538180e-02	-5.643502e+00
4.664000e-05	-3.929338e-02	-5.958840e+00
4.665000e-05	1.022097e-01	-6.158391e+00
4.666000e-05	-1.005233e-01	-6.493602e+00
4.667000e-05	1.019911e-01	-6.728810e+00
4.668000e-05	-5.121004e-02	-7.002519e+00
4.669000e-05	-8.110838e-03	-7.328710e+00
4.670000e-05	-1.988406e-03	-7.569340e+00
4.671000e-05	-6.593599e-02	-7.894597e+00
4.672000e-05	8.347155e-02	-8.127208e+00
4.673000e-05	-7.688261e-02	-8.356789e+00
4.674000e-05	6.542000e-02	-8.591040e+00
4.675000e-05	-3.392873e-02	-8.831497e+00
4.676000e-05	-2.262403e-02	-9.086079e+00
4.677000e-05	1.831255e-02	-9.286131e+00
4.678000e-05	-5.370554e-02	-9.600784e+00
4.679000e-05	5.410406e-02	-9.767813e+00
4.680000e-05	-5.958598e-02	-1.000984e+01
4.681000e-05	4.723546e-02	-1.021044e+01
4.682000e-05	-4.809334e-02	-1.044452e+01
4.683000e-05	1.196911e-02	-1.065310e+01
4.684000e-05	-2.510360e-02	-1.082300e+01
4.685000e-05	-9.097498e-03	-1.106500e+01
4.686000e-05	5.992030e-03	-1.126507e+01
4.687000e-05	-2.301564e-02	-1.152663e+01
4.688000e-05	1.133443e-02	-1.172813e+01
4.689000e-05	-3.107622e-02	-1.191615e+01
4.690000e-05	6.188306e-03	-1.206665e+01
4.691000e-05	-3.307403e-02	-1.230460e+01
4.692000e-05	9.051963e-03	-1.247507e+01
4.693000e-05	-2.460015e-02	-1.261239e+01
4.694000e-05	2.989943e-03	-1.279394e+01
4.695000e-05	-2.373744e-02	-1.293889e+01
4.696000e-05	-5.725117e-03	-1.313666e+01
4.697000e-05	-1.744103e-02	-1.328515e+01
4.698000e-05	-1.377820e-02	-1.341247e+01
4.699000e-05	-1.094335e-02	-1.351931e+01
4.700000e-05	-1.705583e-02	-1.372765e+01
4.701000e-05	-5.917041e-03	-1.388355e+01
4.702000e-05	-2.369783e-02	-1.396141e+01
4.703000e-05	-8.719846e-03	-1.408763e+01
4.704000e-05	-2.385180e-02	-1.422352e+01
4.705000e-05	-1.001059e-02	-1.435031e+01
4.706000e-05	-2.198759e-02	-1.445412e+01
4.707000e-05	-1.388652e-02	-1.459187e+01
4.708000e-05	-2.031416e-02	-1.465508e+01
4.709000e-05	-1.553675e-02	-1.477829e+01
4.710000e-05	-2.332945e-02	-1.485505e+01
4.711000e-05	-1.984203e-02	-1.496771e+01
4.712000e-05	-2.185301e-02	-1.501342e+01
4.713000e-05	-1.903967e-02	-1.507615e+01
4.714000e-05	-2.292115e-02	-1.512880e+01
4.715000e-05	-2.316741e-02	-1.521239e+01
4.716000e-05	-2.620020e-02	-1.528352e+01
4.717000e-05	-2.606171e-02	-1.531618e+01
4.718000e-05	-2.827737e-02	-1.538324e+01
4.719000e-05	-3.008982e-02	-1.540342e+01
4.720000e-05	-2.865153e-02	-1.539442e+01
4.721000e-05	-2.903659e-02	-1.547607e+01
4.722000e-05	-2.907904e-02	-1.546613e+01
4.723000e-05	-3.589950e-02	-1.550718e+01
4.724000e-05	-3.653723e-02	-1.552670e+01
4.725000e-05	-3.851190e-02	-1.551818e+01
4.726000e-05	-4.121903e-02	-1.550973e+01
4.727000e-05	-4.187818e-02	-1.548670e+01
4.728000e-05	-4.261893e-02	-1.550770e+01
4.729000e-05	-3.904645e-02	-1.547613e+01
4.730000e-05	-4.197625e-02	-1.544660e+01
4.731000e-05	-4.229955e-02	-1.541397e+01
4.732000e-05	-4.180302e-02	-1.540189e+01
4.733000e-05	-3.884537e-02	-1.536036e+01
4.734000e-05	-3.883388e-02	-1.531761e+01
4.735000e-05	-3.735084e-02	-1.527350e+01
4.736000e-05	-3.665667e-02	-1.520249e+01
4.737000e-05	-3.210361e-02	-1.515078e+01
4.738000e-05	-3.057075e-02	-1.506707e+01
4.739000e-05	-2.870765e-02	-1.500394e+01
4.740000e-05	-2.806644e-02	-1.495026e+01
4.741000e-05	-2.606991e-02	-1.486510e+01
4.742000e-05	-2.398874e-02	-1.477079e+01
4.743000e-05	-2.232778e-02	-1.468558e+01
4.744000e-05	-2.328942e-02	-1.460147e+01
4.745000e-05	-2.160816e-02	-1.446463e+01
4.746000e-05	-1.941392e-02	-1.433984e+01
4.747000e-05	-1.969025e-02	-1.422350e+01
4.748000e-05	-1.819649e-02	-1.412623e+01
4.749000e-05	-1.758640e-02	-1.396242e+01
4.750000e-05	-1.570646e-02	-1.386647e+01
4.751000e-05	-1.622676e-02	-1.371628e+01
4.752000e-05	-1.469439e-02	-1.358084e+01
4.753000e-05	-1.519298e-02	-1.343402e+01
4.754000e-05	-1.271262e-02	-1.330666e+01
4.755000e-05	-1.397553e-02	-1.311931e+01
4.756000e-05	-1.431714e-02	-1.296242e+01
4.757000e-05	-1.249588e-02	-1.283252e+01
4.758000e-05	-1.200836e-02	-1.263668e+01
4.759000e-05	-1.236084e-02	-1.248618e+01
4.760000e-05	-1.224586e-02	-1.232843e+01
4.761000e-05	-1.042167e-02	-1.214833e+01
4.762000e-05	-1.184803e-02	-1.195883e+01
4.763000e-05	-1.186406e-02	-1.173978e+01
4.764000e-05	-1.023004e-02	-1.154925e+01
4.765000e-05	-9.477642e-03	-1.126768e+01
4.766000e-05	-1.236337e-02	-1.106620e+01
4.767000e-05	-1.015854e-02	-1.085317e+01
4.768000e-05	-9.100785e-03	-1.070775e+01
4.769000e-05	-8.336025e-03	-1.049570e+01
4.770000e-05	-1.055256e-02	-1.026513e+01
4.771000e-05	-9.491263e-03	-1.003355e+01
4.772000e-05	-8.126255e-03	-9.833524e+00
4.773000e-05	-8.508353e-03	-9.592025e+00
4.774000e-05	-9.400807e-03	-9.370942e+00
4.775000e-05	-9.210424e-03	-9.147865e+00
4.776000e-05	-6.464591e-03	-8.938362e+00
4.777000e-05	-8.660776e-03	-8.697705e+00
4.778000e-05	-8.605356e-03	-8.463497e+00
4.779000e-05	-8.293616e-03	-8.191521e+00
4.780000e-05	-5.884452e-03	-7.970345e+00
4.781000e-05	-6.577065e-03	-7.666681e+00
4.782000e-05	-8.124777e-03	-7.401994e+00
4.783000e-05	-7.274366e-03	-7.187866e+00
4.784000e-05	-6.734504e-03	-6.916233e+00
4.785000e-05	-6.626573e-03	-6.624078e+00
4.786000e-05	-7.788261e-03	-6.400945e+00
4.787000e-05	-8.091469e-03	-6.108284e+00
4.788000e-05	-3.631162e-03	-5.834054e+00
4.789000e-05	-5.053069e-03	-5.589920e+00
4.790000e-05	-7.667149e-03	-5.254159e+00
4.791000e-05	-6.360815e-03	-4.949490e+00
4.792000e-05	-2.425753e-03	-4.642624e+00
4.793000e-05	-5.184727e-03	-4.422048e+00
4.794000e-05	-7.677009e-03	-4.138492e+00
4.795000e-05	-8.092235e-03	-3.905636e+00
4.796000e-05	-2.237165e-03	-3.599446e+00
4.797000e-05	-6.063896e-03	-3.327267e+00
4.798000e-05	-5.520289e-03	-3.041577e+00
4.799000e-05	-5.310277e-03	-2.727846e+00
4.800000e-05	2.566964e-04	-2.473733e+00
4.801000e-05	-3.458388e-03	-2.141371e+00
4.802000e-05	-6.619199e-03	-1.885316e+00
4.803000e-05	-6.100491e-03	-1.650556e+00
4.804000e-05	-2.749063e-03	-1.345283e+00
4.805000e-05	-4.073243e-03	-9.910011e-01
4.806000e-05	-5.203017e-03	-7.578394e-01
4.807000e-05	-2.649250e-03	-4.216248e-01
4.808000e-05	-4.530276e-04	-1.464410e-01
4.809000e-05	6.257102e-03	1.362897e-01
4.810000e-05	4.471054e-03	4.115065e-01
4.811000e-05	-2.457409e-04	6.636319e-01
4.812000e-05	2.003554e-03	9.463897e-01
4.813000e-05	1.011182e-03	1.261029e+00
4.814000e-05	1.022356e-03	1.556766e+00
4.815000e-05	1.698473e-03	1.832528e+00
4.816000e-05	1.817714e-02	2.051524e+00
4.817000e-05	6.431971e-02	2.304687e+00
4.818000e-05	3.147223e-02	2.642129e+00
4.819000e-05	-5.777487e-02	2.977900e+00
4.820000e-05	-3.814960e-02	3.241033e+00
4.821000e-05	-1.796346e-02	3.539366e+00
4.822000e-05	-1.962478e-02	3.778369e+00
4.823000e-05	-5.515693e-02	3.968865e+00
4.824000e-05	6.234153e-02	4.221501e+00
4.825000e-05	1.348422e-02	4.566789e+00
4.826000e-05	5.371325e-04	4.762394e+00
4.827000e-05	9.573555e-02	5.104736e+00
4.828000e-05	-9.536648e-02	5.421002e+00
4.829000e-05	3.232609e-02	5.694052e+00
4.830000e-05	-1.428177e-02	5.951269e+00
4.831000e-05	6.072961e-03	6.212420e+00
4.832000e-05	1.686784e-02	6.455154e+00
4.833000e-05	-3.507021e-02	6.770993e+00
4.834000e-05	6.511644e-02	6.981477e+00
4.835000e-05	-1.835344e-02	7.285682e+00
4.836000e-05	-1.390775e-02	7.560970e+00
4.837000e-05	-2.823719e-02	7.846601e+00
4.838000e-05	3.884948e-02	8.137781e+00
4.839000e-05	2.652578e-02	8.349863e+00
4.840000e-05	-3.976400e-02	8.580418e+00
4.841000e-05	3.282367e-02	8.831346e+00
4.842000e-05	2.248677e-04	9.013103e+00
4.843000e-05	4.539917e-03	9.305133e+00
4.844000e-05	-1.300551e-02	9.517683e+00
4.845000e-05	3.929370e-03	9.760312e+00
4.846000e-05	2.404759e-02	1.002092e+01
4.847000e-05	5.566629e-03	1.023244e+01
4.848000e-05	5.748019e-03	1.040192e+01
4.849000e-05	-1.497711e-02	1.058342e+01
4.850000e-05	2.132016e-02	1.082605e+01
4.851000e-05	-2.472862e-04	1.104447e+01
4.852000e-05	2.293307e-03	1.124205e+01
4.853000e-05	4.155505e-03	1.150415e+01
4.854000e-05	1.623466e-02	1.164718e+01
4.855000e-05	9.975698e-03	1.191752e+01
4.856000e-05	-9.491698e-04	1.209810e+01
4.857000e-05	1.701263e-03	1.224449e+01
4.858000e-05	1.029158e-02	1.242142e+01
4.859000e-05	1.452933e-02	1.259202e+01
4.860000e-05	1.493928e-03	1.279132e+01
4.861000e-05	8.741762e-03	1.295918e+01
4.862000e-05	1.033752e-02	1.309753e+01
4.863000e-05	1.479297e-02	1.320302e+01
4.864000e-05	1.464433e-03	1.340389e+01
4.865000e-05	8.503582e-03	1.351981e+01
4.866000e-05	1.309724e-02	1.369653e+01
4.867000e-05	1.475981e-02	1.381144e+01
4.868000e-05	5.704546e-03	1.396033e+01
4.869000e-05	6.844291e-03	1.408870e+01
4.870000e-05	1.745777e-02	1.427555e+01
4.871000e-05	1.335074e-02	1.433876e+01
4.872000e-05	9.120923e-03	1.445610e+01
4.873000e-05	8.755101e-03	1.461186e+01
4.874000e-05	2.066403e-02	1.467810e+01
4.875000e-05	1.573540e-02	1.475024e+01
4.876000e-05	1.167147e-02	1.482352e+01
4.877000e-05	1.098856e-02	1.494870e+01
4.878000e-05	2.082511e-02	1.501289e+01
4.879000e-05	1.883717e-02	1.504552e+01
4.880000e-05	1.423864e-02	1.508813e+01
4.881000e-05	1.513750e-02	1.514186e+01
4.882000e-05	2.304842e-02	1.519395e+01
4.883000e-05	2.359996e-02	1.527818e+01
4.884000e-05	1.809742e-02	1.530918e+01
4.885000e-05	2.067954e-02	1.536087e+01
4.886000e-05	2.671257e-02	1.538389e+01
4.887000e-05	3.002419e-02	1.543500e+01
4.888000e-05	2.355274e-02	1.542757e+01
4.889000e-05	2.545207e-02	1.543652e+01
4.890000e-05	3.206935e-02	1.547810e+01
4.891000e-05	3.452877e-02	1.544760e+01
4.892000e-05	3.170304e-02	1.542665e+01
4.893000e-05	3.247860e-02	1.548613e+01
4.894000e-05	3.845356e-02	1.543605e+01
4.895000e-05	3.870436e-02	1.543607e+01
4.896000e-05	3.466547e-02	1.541447e+01
4.897000e-05	3.187002e-02	1.540436e+01
4.898000e-05	3.541843e-02	1.533074e+01
4.899000e-05	3.492741e-02	1.530718e+01
4.900000e-05	2.995832e-02	1.525613e+01
4.901000e-05	2.667932e-02	1.519196e+01
4.902000e-05	2.876781e-02	1.518231e+01
4.903000e-05	2.838728e-02	1.511020e+01
4.904000e-05	2.236339e-02	1.500497e+01
4.905000e-05	1.943769e-02	1.498281e+01
4.906000e-05	2.092990e-02	1.487815e+01
4.907000e-05	1.996924e-02	1.479302e+01
4.908000e-05	1.639391e-02	1.466821e+01
4.909000e-05	1.348792e-02	1.463299e+01
4.910000e-05	1.692549e-02	1.455116e+01
4.911000e-05	1.498113e-02	1.438394e+01
4.912000e-05	1.296879e-02	1.428881e+01
4.913000e-05	9.929440e-03	1.418391e+01
4.914000e-05	1.179375e-02	1.403547e+01
4.915000e-05	1.040402e-02	1.390978e+01
4.916000e-05	8.387889e-03	1.379331e+01
4.917000e-05	5.970235e-03	1.360602e+01
4.918000e-05	7.127671e-03	1.349713e+01
4.919000e-05	8.971580e-03	1.335981e+01
4.920000e-05	6.174586e-03	1.320200e+01
4.921000e-05	5.490573e-03	1.298607e+01
4.922000e-05	4.878675e-03	1.286923e+01
4.923000e-05	7.034586e-03	1.273876e+01
4.924000e-05	3.974466e-03	1.256994e+01
4.925000e-05	3.624565e-03	1.240492e+01
4.926000e-05	3.452612e-03	1.222502e+01
4.927000e-05	4.600993e-03	1.203712e+01
4.928000e-05	3.596755e-03	1.183563e+01
4.929000e-05	7.904970e-04	1.167610e+01
4.930000e-05	3.310522e-03	1.142555e+01
4.931000e-05	3.080489e-03	1.119560e+01
4.932000e-05	3.045291e-03	1.100302e+01
4.933000e-05	7.357428e-04	1.087513e+01
4.934000e-05	2.262889e-03	1.058410e+01
4.935000e-05	2.178925e-03	1.042453e+01
4.936000e-05	7.859095e-04	1.018248e+01
4.937000e-05	-1.084618e-03	1.000046e+01
4.938000e-05	4.125928e-04	9.732362e+00
4.939000e-05	1.073851e-03	9.477212e+00
4.940000e-05	7.038748e-04	9.308257e+00
4.941000e-05	-6.944547e-04	9.075077e+00
4.942000e-05	-7.261978e-04	8.855099e+00
4.943000e-05	1.165408e-03	8.561948e+00
4.944000e-05	-3.103585e-04	8.390419e+00
4.945000e-05	-1.929894e-03	8.119282e+00
4.946000e-05	-2.283482e-03	7.886602e+00
4.947000e-05	-5.842287e-04	7.613144e+00
4.948000e-05	-2.422399e-03	7.340361e+00
4.949000e-05	-2.612157e-03	7.034683e+00
4.950000e-05	-2.852558e-03	6.823053e+00
4.951000e-05	-1.314186e-03	6.549389e+00
4.952000e-05	-2.387388e-03	6.265182e+00
4.953000e-05	-3.287914e-03	6.054102e+00
4.954000e-05	-3.754998e-03	5.731943e+00
4.955000e-05	-3.057705e-03	5.485782e+00
4.956000e-05	-3.858941e-03	5.174994e+00
4.957000e-05	-4.440405e-03	4.833182e+00
4.958000e-05	-4.980618e-03	4.551497e+00
4.959000e-05	-3.019760e-03	4.288288e+00
4.960000e-05	-4.269930e-03	4.043050e+00
4.961000e-05	-5.293652e-03	3.708320e+00
4.962000e-05	-4.848202e-03	3.464810e+00
4.963000e-05	-3.027251e-03	3.161500e+00
4.964000e-05	-4.437717e-03	2.916315e+00
4.965000e-05	-5.377526e-03	2.646085e+00
4.966000e-05	-7.118139e-03	2.318241e+00
4.967000e-05	-5.262232e-03	2.094236e+00
4.968000e-05	-4.132230e-03	1.791628e+00
4.969000e-05	-5.754017e-03	1.526335e+00
4.970000e-05	-6.751640e-03	1.198549e+00
4.971000e-05	-4.210992e-03	8.737117e-01
4.972000e-05	-3.336366e-03	5.904461e-01
4.973000e-05	-5.191149e-03	3.157608e-01
4.974000e-05	-6.507548e-03	-9.401382e-03
4.975000e-05	3.333395e-03	-2.525805e-01
4.976000e-05	3.069972e-03	-5.537395e-01
4.977000e-05	-3.987625e-03	-7.987739e-01
4.978000e-05	-5.686083e-03	-1.051155e+00
4.979000e-05	-3.314584e-03	-1.379922e+00
4.980000e-05	-9.775696e-04	-1.651455e+00
4.981000e-05	5.268872e-03	-1.852555e+00
4.982000e-05	5.337297e-02	-2.142711e+00
4.983000e-05	5.718161e-02	-2.429477e+00
4.984000e-05	-6.574993e-02	-2.850054e+00
4.985000e-05	-3.367124e-02	-3.237951e+00
4.986000e-05	-4.420516e-02	-3.442548e+00
4.987000e-05	-4.103083e-02	-3.642682e+00
4.988000e-05	-2.667185e-02	-3.905257e+00
4.989000e-05	1.186372e-01	-4.073056e+00
4.990000e-05	-1.229836e-01	-4.376795e+00
4.991000e-05	9.551962e-02	-4.600022e+00
4.992000e-05	1.598008e-02	-4.872128e+00
4.993000e-05	-9.431919e-02	-5.222605e+00
4.994000e-05	6.921098e-02	-5.515760e+00
4.995000e-05	-1.430411e-01	-5.810049e+00
4.996000e-05	1.056185e-01	-6.085153e+00
4.997000e-05	-3.351479e-02	-6.325263e+00
4.998000e-05	-1.326421e-02	-6.611426e+00
4.999000e-05	7.124076e-02	-6.882003e+00
