# 260928_11:21:44.740711
t	CH1	CH2
0.000000e+00	-4.474382e-03	2.216395e-01
1.000000e-08	-3.665518e-03	-7.362752e-02
2.000000e-08	5.259293e-03	-3.278369e-01
3.000000e-08	-1.106820e-03	-5.469621e-01
4.000000e-08	-1.230374e-03	-8.756815e-01
5.000000e-08	-5.306965e-03	-1.127864e+00
6.000000e-08	-2.759482e-03	-1.471505e+00
7.000000e-08	-3.335030e-03	-1.716262e+00
8.000000e-08	1.705511e-02	-1.926792e+00
9.000000e-08	8.419267e-02	-2.188865e+00
1.000000e-07	9.017913e-03	-2.588420e+00
1.100000e-07	-7.185226e-02	-3.027464e+00
1.200000e-07	-3.372397e-02	-3.317236e+00
1.300000e-07	-4.090509e-02	-3.546784e+00
1.400000e-07	-6.302716e-02	-3.747965e+00
1.500000e-07	5.602465e-02	-3.979419e+00
1.600000e-07	4.915390e-02	-4.168494e+00
1.700000e-07	-1.117142e-01	-4.484279e+00
1.800000e-07	1.873951e-01	-4.727165e+00
1.900000e-07	-1.309879e-01	-5.041579e+00
2.000000e-07	3.210971e-02	-5.400903e+00
2.100000e-07	-3.162732e-02	-5.652976e+00
2.200000e-07	-8.897478e-02	-5.997892e+00
2.300000e-07	1.484466e-01	-6.135917e+00
2.400000e-07	-1.239699e-01	-6.463231e+00
2.500000e-07	1.040159e-01	-6.767844e+00
2.600000e-07	-3.988909e-02	-6.997546e+00
2.700000e-07	-2.951315e-02	-7.306415e+00
2.800000e-07	2.654749e-02	-7.568366e+00
2.900000e-07	-1.042304e-01	-7.891758e+00
3.000000e-07	1.069098e-01	-8.136316e+00
3.100000e-07	-8.210087e-02	-8.388417e+00
3.200000e-07	6.070358e-02	-8.642503e+00
3.300000e-07	-1.611354e-02	-8.883683e+00
3.400000e-07	-5.058119e-02	-9.116292e+00
3.500000e-07	4.363240e-02	-9.305742e+00
3.600000e-07	-8.266761e-02	-9.628448e+00
3.700000e-07	7.410578e-02	-9.829948e+00
3.800000e-07	-7.406276e-02	-1.008113e+01
3.900000e-07	5.639541e-02	-1.028206e+01
4.000000e-07	-4.768011e-02	-1.048506e+01
4.100000e-07	5.538508e-03	-1.070571e+01
4.200000e-07	-1.625101e-02	-1.090176e+01
4.300000e-07	-2.257503e-02	-1.114577e+01
4.400000e-07	1.879186e-02	-1.136629e+01
4.500000e-07	-3.526316e-02	-1.161735e+01
4.600000e-07	2.208688e-02	-1.178695e+01
4.700000e-07	-4.285401e-02	-1.203740e+01
4.800000e-07	1.412684e-02	-1.220989e+01
4.900000e-07	-4.273055e-02	-1.236682e+01
5.000000e-07	1.651300e-02	-1.256734e+01
5.100000e-07	-2.685762e-02	-1.273479e+01
5.200000e-07	8.380346e-03	-1.291457e+01
5.300000e-07	-2.442923e-02	-1.305065e+01
5.400000e-07	-8.698023e-03	-1.325895e+01
5.500000e-07	-1.518042e-02	-1.338735e+01
5.600000e-07	-2.061591e-02	-1.355524e+01
5.700000e-07	-6.362716e-03	-1.370214e+01
5.800000e-07	-2.192818e-02	-1.385051e+01
5.900000e-07	2.382203e-03	-1.393682e+01
6.000000e-07	-2.634765e-02	-1.411276e+01
6.100000e-07	-7.120469e-03	-1.426101e+01
6.200000e-07	-2.653544e-02	-1.440628e+01
6.300000e-07	-9.415182e-03	-1.456214e+01
6.400000e-07	-2.396044e-02	-1.459995e+01
6.500000e-07	-1.318769e-02	-1.471481e+01
6.600000e-07	-1.962779e-02	-1.478845e+01
6.700000e-07	-1.425525e-02	-1.494521e+01
6.800000e-07	-2.125518e-02	-1.502834e+01
6.900000e-07	-2.229135e-02	-1.509166e+01
7.000000e-07	-2.102501e-02	-1.519632e+01
7.100000e-07	-2.104154e-02	-1.522951e+01
7.200000e-07	-2.144716e-02	-1.531416e+01
7.300000e-07	-2.608768e-02	-1.539967e+01
7.400000e-07	-2.218121e-02	-1.544943e+01
7.500000e-07	-2.464609e-02	-1.547158e+01
7.600000e-07	-2.662341e-02	-1.551424e+01
7.700000e-07	-3.315650e-02	-1.560837e+01
7.800000e-07	-2.770028e-02	-1.561838e+01
7.900000e-07	-3.074918e-02	-1.570108e+01
8.000000e-07	-3.116526e-02	-1.567258e+01
8.100000e-07	-3.707923e-02	-1.567306e+01
8.200000e-07	-3.419819e-02	-1.571319e+01
8.300000e-07	-3.670988e-02	-1.574564e+01
8.400000e-07	-4.077160e-02	-1.572416e+01
8.500000e-07	-4.451975e-02	-1.570358e+01
8.600000e-07	-4.413494e-02	-1.570368e+01
8.700000e-07	-4.244618e-02	-1.569254e+01
8.800000e-07	-4.596454e-02	-1.565051e+01
8.900000e-07	-4.465060e-02	-1.563843e+01
9.000000e-07	-4.247154e-02	-1.562487e+01
9.100000e-07	-3.770106e-02	-1.551584e+01
9.200000e-07	-3.988246e-02	-1.551469e+01
9.300000e-07	-3.971621e-02	-1.545301e+01
9.400000e-07	-3.830535e-02	-1.540785e+01
9.500000e-07	-3.326841e-02	-1.535617e+01
9.600000e-07	-3.248544e-02	-1.530053e+01
9.700000e-07	-3.241155e-02	-1.521798e+01
9.800000e-07	-2.961212e-02	-1.509521e+01
9.900000e-07	-2.506169e-02	-1.505005e+01
1.000000e-06	-2.433288e-02	-1.498637e+01
1.010000e-06	-2.456072e-02	-1.490306e+01
1.020000e-06	-2.488718e-02	-1.478785e+01
1.030000e-06	-2.071029e-02	-1.467216e+01
1.040000e-06	-2.015291e-02	-1.457680e+01
1.050000e-06	-2.090501e-02	-1.446104e+01
1.060000e-06	-2.014356e-02	-1.430377e+01
1.070000e-06	-1.778271e-02	-1.421883e+01
1.080000e-06	-1.619952e-02	-1.408151e+01
1.090000e-06	-1.719404e-02	-1.395634e+01
1.100000e-06	-1.711227e-02	-1.378687e+01
1.110000e-06	-1.453794e-02	-1.364998e+01
1.120000e-06	-1.282160e-02	-1.350209e+01
1.130000e-06	-1.420347e-02	-1.335622e+01
1.140000e-06	-1.476088e-02	-1.318732e+01
1.150000e-06	-1.313689e-02	-1.300845e+01
1.160000e-06	-1.221254e-02	-1.287256e+01
1.170000e-06	-1.261539e-02	-1.268206e+01
1.180000e-06	-1.317940e-02	-1.251357e+01
1.190000e-06	-1.240363e-02	-1.236682e+01
1.200000e-06	-9.912864e-03	-1.217580e+01
1.210000e-06	-1.094578e-02	-1.198630e+01
1.220000e-06	-1.059655e-02	-1.176522e+01
1.230000e-06	-1.062160e-02	-1.153472e+01
1.240000e-06	-9.647680e-03	-1.129216e+01
1.250000e-06	-9.291139e-03	-1.109356e+01
1.260000e-06	-1.174002e-02	-1.086058e+01
1.270000e-06	-9.913398e-03	-1.067214e+01
1.280000e-06	-8.287905e-03	-1.046153e+01
1.290000e-06	-8.504000e-03	-1.022898e+01
1.300000e-06	-9.307396e-03	-1.002943e+01
1.310000e-06	-8.970268e-03	-9.789372e+00
1.320000e-06	-7.679446e-03	-9.567299e+00
1.330000e-06	-6.872530e-03	-9.336771e+00
1.340000e-06	-9.366625e-03	-9.083664e+00
1.350000e-06	-7.732533e-03	-8.863663e+00
1.360000e-06	-8.038892e-03	-8.609956e+00
1.370000e-06	-7.829602e-03	-8.397796e+00
1.380000e-06	-8.146476e-03	-8.146266e+00
1.390000e-06	-7.618389e-03	-7.872062e+00
1.400000e-06	-6.082220e-03	-7.566924e+00
1.410000e-06	-6.097754e-03	-7.314039e+00
1.420000e-06	-6.586509e-03	-7.021982e+00
1.430000e-06	-7.092875e-03	-6.817976e+00
1.440000e-06	-6.246698e-03	-6.515773e+00
1.450000e-06	-7.035498e-03	-6.243041e+00
1.460000e-06	-6.574663e-03	-6.018399e+00
1.470000e-06	-7.662705e-03	-5.754741e+00
1.480000e-06	-5.285581e-03	-5.440508e+00
1.490000e-06	-5.773195e-03	-5.134743e+00
1.500000e-06	-4.564363e-03	-4.788323e+00
1.510000e-06	-6.253285e-03	-4.505794e+00
1.520000e-06	-5.559673e-03	-4.314188e+00
1.530000e-06	-5.695094e-03	-4.011549e+00
1.540000e-06	-6.819120e-03	-3.766271e+00
1.550000e-06	-5.589527e-03	-3.461633e+00
1.560000e-06	-5.973913e-03	-3.177975e+00
1.570000e-06	-4.240794e-03	-2.873104e+00
1.580000e-06	-5.194159e-03	-2.559400e+00
1.590000e-06	-3.547735e-03	-2.294237e+00
1.600000e-06	-4.215266e-03	-1.989498e+00
1.610000e-06	-4.917656e-03	-1.677771e+00
1.620000e-06	-4.940899e-03	-1.430981e+00
1.630000e-06	-3.981279e-03	-1.092687e+00
1.640000e-06	-5.780521e-03	-7.730803e-01
1.650000e-06	-3.106592e-03	-5.357373e-01
1.660000e-06	-1.909956e-03	-2.615318e-01
1.670000e-06	2.246282e-03	3.360002e-02
1.680000e-06	7.611873e-03	3.469683e-01
1.690000e-06	-3.070912e-03	5.784723e-01
1.700000e-06	4.385989e-03	8.796024e-01
1.710000e-06	-8.713489e-04	1.209446e+00
1.720000e-06	2.792565e-03	1.393479e+00
1.730000e-06	-7.416374e-04	1.788997e+00
1.740000e-06	1.596020e-02	1.988924e+00
1.750000e-06	5.207513e-02	2.243126e+00
1.760000e-06	6.351980e-02	2.567492e+00
1.770000e-06	-6.675197e-02	2.915791e+00
1.780000e-06	-3.839107e-02	3.220450e+00
1.790000e-06	-3.174729e-02	3.485163e+00
1.800000e-06	-7.430025e-03	3.737293e+00
1.810000e-06	-6.120446e-02	3.956789e+00
1.820000e-06	5.163361e-02	4.229471e+00
1.830000e-06	4.160421e-02	4.507288e+00
1.840000e-06	-3.780354e-02	4.777347e+00
1.850000e-06	1.367932e-01	5.092631e+00
1.860000e-06	-1.090159e-01	5.431030e+00
1.870000e-06	2.618053e-02	5.663101e+00
1.880000e-06	-1.334619e-02	5.979471e+00
1.890000e-06	-6.288602e-03	6.219547e+00
1.900000e-06	4.112066e-02	6.472654e+00
1.910000e-06	-4.846233e-02	6.760347e+00
1.920000e-06	6.767901e-02	7.031075e+00
1.930000e-06	-9.601272e-03	7.303742e+00
1.940000e-06	-9.904217e-03	7.628475e+00
1.950000e-06	-3.074047e-02	7.842613e+00
1.960000e-06	2.020917e-02	8.147816e+00
1.970000e-06	4.460179e-02	8.378945e+00
1.980000e-06	-3.995978e-02	8.639452e+00
1.990000e-06	2.861566e-02	8.891130e+00
2.000000e-06	5.504804e-03	9.113659e+00
2.010000e-06	-8.902057e-04	9.294765e+00
2.020000e-06	-2.404774e-03	9.597270e+00
2.030000e-06	-7.896197e-03	9.790532e+00
2.040000e-06	2.994672e-02	1.007198e+01
2.050000e-06	1.673427e-03	1.028161e+01
2.060000e-06	1.526813e-02	1.048411e+01
2.070000e-06	-1.751909e-02	1.069264e+01
2.080000e-06	1.477733e-02	1.090422e+01
2.090000e-06	4.063854e-03	1.110469e+01
2.100000e-06	4.769778e-04	1.134587e+01
2.110000e-06	8.304342e-03	1.155729e+01
2.120000e-06	1.208134e-02	1.179675e+01
2.130000e-06	1.718968e-02	1.195782e+01
2.140000e-06	-1.421943e-03	1.217585e+01
2.150000e-06	4.910379e-03	1.235442e+01
2.160000e-06	3.113620e-03	1.254319e+01
2.170000e-06	1.281202e-02	1.271269e+01
2.180000e-06	3.216660e-03	1.282053e+01
2.190000e-06	9.205783e-03	1.304003e+01
2.200000e-06	1.074749e-02	1.320698e+01
2.210000e-06	1.393310e-02	1.336670e+01
2.220000e-06	5.651726e-03	1.349361e+01
2.230000e-06	5.063587e-03	1.367011e+01
2.240000e-06	1.152767e-02	1.382041e+01
2.250000e-06	1.363351e-02	1.395527e+01
2.260000e-06	9.097666e-03	1.411126e+01
2.270000e-06	6.412421e-03	1.427096e+01
2.280000e-06	1.397956e-02	1.435587e+01
2.290000e-06	1.384881e-02	1.447014e+01
2.300000e-06	9.940747e-03	1.461990e+01
2.310000e-06	9.184146e-03	1.472262e+01
2.320000e-06	1.682696e-02	1.478893e+01
2.330000e-06	1.702369e-02	1.491121e+01
2.340000e-06	1.280936e-02	1.499885e+01
2.350000e-06	1.165037e-02	1.505159e+01
2.360000e-06	1.773175e-02	1.511420e+01
2.370000e-06	1.683507e-02	1.520845e+01
2.380000e-06	1.531246e-02	1.527261e+01
2.390000e-06	1.552045e-02	1.534472e+01
2.400000e-06	2.140030e-02	1.537793e+01
2.410000e-06	2.368401e-02	1.543948e+01
2.420000e-06	1.899578e-02	1.549516e+01
2.430000e-06	2.203437e-02	1.554425e+01
2.440000e-06	2.465101e-02	1.557575e+01
2.450000e-06	2.872616e-02	1.559843e+01
2.460000e-06	2.496060e-02	1.562798e+01
2.470000e-06	2.665410e-02	1.564953e+01
2.480000e-06	3.037984e-02	1.568904e+01
2.490000e-06	3.357957e-02	1.566101e+01
2.500000e-06	3.405791e-02	1.569066e+01
2.510000e-06	3.305781e-02	1.568896e+01
2.520000e-06	3.851472e-02	1.566900e+01
2.530000e-06	3.936807e-02	1.560951e+01
2.540000e-06	3.818830e-02	1.559931e+01
2.550000e-06	3.471467e-02	1.557683e+01
2.560000e-06	3.578872e-02	1.554578e+01
2.570000e-06	3.484705e-02	1.552161e+01
2.580000e-06	3.279703e-02	1.543051e+01
2.590000e-06	2.819027e-02	1.542736e+01
2.600000e-06	2.921679e-02	1.537578e+01
2.610000e-06	2.940539e-02	1.530212e+01
2.620000e-06	2.501636e-02	1.523853e+01
2.630000e-06	2.210900e-02	1.514685e+01
2.640000e-06	2.038699e-02	1.507323e+01
2.650000e-06	2.199442e-02	1.502688e+01
2.660000e-06	1.725938e-02	1.493324e+01
2.670000e-06	1.471057e-02	1.482043e+01
2.680000e-06	1.535256e-02	1.471412e+01
2.690000e-06	1.766241e-02	1.460748e+01
2.700000e-06	1.249071e-02	1.450319e+01
2.710000e-06	1.004650e-02	1.440793e+01
2.720000e-06	1.175589e-02	1.428109e+01
2.730000e-06	1.294432e-02	1.415480e+01
2.740000e-06	9.004705e-03	1.396787e+01
2.750000e-06	5.929951e-03	1.385156e+01
2.760000e-06	8.252715e-03	1.371217e+01
2.770000e-06	8.522146e-03	1.354495e+01
2.780000e-06	5.440964e-03	1.341845e+01
2.790000e-06	3.598324e-03	1.326108e+01
2.800000e-06	5.582463e-03	1.309159e+01
2.810000e-06	6.396360e-03	1.295517e+01
2.820000e-06	5.520583e-03	1.279742e+01
2.830000e-06	3.363266e-03	1.260893e+01
2.840000e-06	4.558939e-03	1.243843e+01
2.850000e-06	4.880283e-03	1.227053e+01
2.860000e-06	3.168703e-03	1.206164e+01
2.870000e-06	9.961705e-04	1.188209e+01
2.880000e-06	1.385898e-03	1.166201e+01
2.890000e-06	3.265942e-03	1.142108e+01
2.900000e-06	1.583878e-03	1.120898e+01
2.910000e-06	2.060129e-03	1.103903e+01
2.920000e-06	1.819389e-03	1.082890e+01
2.930000e-06	3.132536e-03	1.062941e+01
2.940000e-06	1.726493e-03	1.042640e+01
2.950000e-06	2.884094e-04	1.018540e+01
2.960000e-06	-5.199160e-04	9.955299e+00
2.970000e-06	2.481352e-04	9.704715e+00
2.980000e-06	-2.315589e-03	9.452144e+00
2.990000e-06	-8.705088e-04	9.261639e+00
3.000000e-06	-6.457939e-04	8.989533e+00
3.010000e-06	1.573208e-03	8.816927e+00
3.020000e-06	-2.195243e-03	8.536243e+00
3.030000e-06	9.148482e-04	8.314241e+00
3.040000e-06	-3.618396e-03	8.041160e+00
3.050000e-06	-2.410131e-04	7.776904e+00
3.060000e-06	-6.024096e-03	7.521319e+00
3.070000e-06	-9.148489e-04	7.219007e+00
3.080000e-06	-7.902637e-04	6.988329e+00
3.090000e-06	3.969314e-04	6.694269e+00
3.100000e-06	-3.239910e-03	6.441065e+00
3.110000e-06	-2.939301e-03	6.206847e+00
3.120000e-06	-4.483351e-03	5.944324e+00
3.130000e-06	-5.448850e-03	5.640603e+00
3.140000e-06	-4.926881e-03	5.368858e+00
3.150000e-06	-3.360183e-03	5.029561e+00
3.160000e-06	-3.829662e-04	4.715245e+00
3.170000e-06	-9.744118e-04	4.451608e+00
3.180000e-06	-2.749589e-03	4.197377e+00
3.190000e-06	-7.377462e-03	3.902741e+00
3.200000e-06	-5.297375e-03	3.639528e+00
3.210000e-06	-7.235309e-03	3.317329e+00
3.220000e-06	-4.454876e-03	3.051605e+00
3.230000e-06	-4.877354e-03	2.779425e+00
3.240000e-06	-1.110657e-03	2.463663e+00
3.250000e-06	-2.110029e-03	2.208475e+00
3.260000e-06	-3.710253e-03	1.916345e+00
3.270000e-06	-7.277098e-03	1.619106e+00
3.280000e-06	-6.304342e-03	1.325767e+00
3.290000e-06	-5.945450e-03	1.017958e+00
3.300000e-06	-6.797294e-03	6.731422e-01
3.310000e-06	-5.343430e-03	4.110529e-01
3.320000e-06	-2.670207e-03	1.063431e-01
3.330000e-06	1.165158e-03	-1.874183e-01
3.340000e-06	5.684934e-03	-4.315523e-01
3.350000e-06	-5.895697e-03	-7.078118e-01
3.360000e-06	2.557337e-04	-1.018947e+00
3.370000e-06	-5.834993e-03	-1.273679e+00
3.380000e-06	-1.899783e-03	-1.589446e+00
3.390000e-06	-2.229191e-03	-1.780072e+00
3.400000e-06	3.965340e-02	-2.060001e+00
3.410000e-06	9.167261e-02	-2.347383e+00
3.420000e-06	-6.475676e-02	-2.718809e+00
3.430000e-06	-4.072647e-02	-3.136838e+00
3.440000e-06	-4.534535e-02	-3.410525e+00
3.450000e-06	-3.411880e-02	-3.603504e+00
3.460000e-06	-5.457658e-02	-3.812184e+00
3.470000e-06	1.307577e-01	-4.033100e+00
3.480000e-06	-9.565298e-02	-4.306232e+00
3.490000e-06	3.657266e-02	-4.630477e+00
3.500000e-06	8.571703e-02	-4.809576e+00
3.510000e-06	-1.454941e-01	-5.213046e+00
3.520000e-06	1.054373e-01	-5.502760e+00
3.530000e-06	-1.554512e-01	-5.788443e+00
3.540000e-06	7.172244e-02	-6.054632e+00
3.550000e-06	2.460952e-02	-6.293183e+00
3.560000e-06	-7.055708e-02	-6.611026e+00
3.570000e-06	1.196392e-01	-6.843574e+00
3.580000e-06	-1.145395e-01	-7.178917e+00
3.590000e-06	6.327912e-02	-7.473602e+00
3.600000e-06	-7.533359e-02	-7.712782e+00
3.610000e-06	-1.786081e-03	-7.990522e+00
3.620000e-06	5.348901e-02	-8.240474e+00
3.630000e-06	-8.110556e-02	-8.494632e+00
3.640000e-06	1.059587e-01	-8.746717e+00
3.650000e-06	-1.069377e-01	-9.008870e+00
3.660000e-06	4.815981e-02	-9.240950e+00
3.670000e-06	-4.690676e-02	-9.430957e+00
3.680000e-06	-3.119567e-03	-9.674706e+00
3.690000e-06	2.088447e-02	-9.914607e+00
3.700000e-06	-4.702320e-02	-1.011732e+01
3.710000e-06	5.725405e-02	-1.039834e+01
3.720000e-06	-7.545510e-02	-1.060935e+01
3.730000e-06	4.407984e-02	-1.079837e+01
3.740000e-06	-6.655455e-02	-1.102937e+01
3.750000e-06	3.307619e-02	-1.125950e+01
3.760000e-06	-3.168887e-02	-1.146250e+01
3.770000e-06	8.280252e-03	-1.170116e+01
3.780000e-06	-1.246566e-02	-1.186156e+01
3.790000e-06	-1.455533e-02	-1.213260e+01
3.800000e-06	-7.286752e-03	-1.226300e+01
3.810000e-06	-2.979644e-02	-1.248061e+01
3.820000e-06	8.427914e-03	-1.262948e+01
3.830000e-06	-2.817804e-02	-1.281790e+01
3.840000e-06	1.265843e-02	-1.301730e+01
3.850000e-06	-3.404176e-02	-1.314524e+01
3.860000e-06	9.355940e-03	-1.331318e+01
3.870000e-06	-3.340220e-02	-1.343253e+01
3.880000e-06	-4.751701e-04	-1.361940e+01
3.890000e-06	-2.625790e-02	-1.375671e+01
3.900000e-06	-4.612183e-03	-1.389369e+01
3.910000e-06	-1.564105e-02	-1.402048e+01
3.920000e-06	-1.612959e-02	-1.415830e+01
3.930000e-06	-1.289820e-02	-1.429216e+01
3.940000e-06	-2.059800e-02	-1.447053e+01
3.950000e-06	-1.185719e-02	-1.455624e+01
3.960000e-06	-2.269934e-02	-1.468150e+01
3.970000e-06	-1.081436e-02	-1.476739e+01
3.980000e-06	-2.276221e-02	-1.489158e+01
3.990000e-06	-1.482069e-02	-1.496529e+01
4.000000e-06	-2.463784e-02	-1.501003e+01
4.010000e-06	-1.817085e-02	-1.508371e+01
4.020000e-06	-2.451390e-02	-1.521692e+01
4.030000e-06	-1.981266e-02	-1.530248e+01
4.040000e-06	-2.417817e-02	-1.528614e+01
4.050000e-06	-2.266187e-02	-1.541943e+01
4.060000e-06	-2.545294e-02	-1.545101e+01
4.070000e-06	-2.628205e-02	-1.549411e+01
4.080000e-06	-2.860875e-02	-1.552369e+01
4.090000e-06	-2.971754e-02	-1.555833e+01
4.100000e-06	-3.036003e-02	-1.563890e+01
4.110000e-06	-3.399355e-02	-1.569053e+01
4.120000e-06	-3.172301e-02	-1.568156e+01
4.130000e-06	-3.665021e-02	-1.570159e+01
4.140000e-06	-3.540008e-02	-1.571356e+01
4.150000e-06	-4.125128e-02	-1.572322e+01
4.160000e-06	-3.977953e-02	-1.571364e+01
4.170000e-06	-4.284126e-02	-1.569359e+01
4.180000e-06	-4.337011e-02	-1.568058e+01
4.190000e-06	-4.413311e-02	-1.573306e+01
4.200000e-06	-4.507902e-02	-1.563993e+01
4.210000e-06	-4.299165e-02	-1.563000e+01
4.220000e-06	-4.223815e-02	-1.559589e+01
4.230000e-06	-4.067950e-02	-1.554527e+01
4.240000e-06	-3.944752e-02	-1.547314e+01
4.250000e-06	-3.633048e-02	-1.544043e+01
4.260000e-06	-3.530504e-02	-1.540727e+01
4.270000e-06	-3.466150e-02	-1.534209e+01
4.280000e-06	-3.205006e-02	-1.525001e+01
4.290000e-06	-2.941090e-02	-1.521674e+01
4.300000e-06	-2.837218e-02	-1.511411e+01
4.310000e-06	-2.811454e-02	-1.501903e+01
4.320000e-06	-2.630881e-02	-1.492672e+01
4.330000e-06	-2.225544e-02	-1.485948e+01
4.340000e-06	-2.234098e-02	-1.474576e+01
4.350000e-06	-2.058959e-02	-1.466000e+01
4.360000e-06	-2.093482e-02	-1.454416e+01
4.370000e-06	-1.854667e-02	-1.441835e+01
4.380000e-06	-1.912839e-02	-1.426903e+01
4.390000e-06	-1.947841e-02	-1.413624e+01
4.400000e-06	-1.745450e-02	-1.403900e+01
4.410000e-06	-1.645244e-02	-1.389308e+01
4.420000e-06	-1.553718e-02	-1.375561e+01
4.430000e-06	-1.554235e-02	-1.360635e+01
4.440000e-06	-1.328237e-02	-1.344698e+01
4.450000e-06	-1.450046e-02	-1.329256e+01
4.460000e-06	-1.257446e-02	-1.316479e+01
4.470000e-06	-1.458734e-02	-1.295522e+01
4.480000e-06	-1.026779e-02	-1.281787e+01
4.490000e-06	-1.287484e-02	-1.265888e+01
4.500000e-06	-9.997596e-03	-1.245151e+01
4.510000e-06	-1.414335e-02	-1.227053e+01
4.520000e-06	-1.204154e-02	-1.211109e+01
4.530000e-06	-1.344076e-02	-1.189159e+01
4.540000e-06	-1.003858e-02	-1.169213e+01
4.550000e-06	-1.028597e-02	-1.143843e+01
4.560000e-06	-8.462088e-03	-1.123001e+01
4.570000e-06	-7.449329e-03	-1.099842e+01
4.580000e-06	-8.723239e-03	-1.077693e+01
4.590000e-06	-9.396422e-03	-1.062942e+01
4.600000e-06	-1.243725e-02	-1.039737e+01
4.610000e-06	-1.035166e-02	-1.015727e+01
4.620000e-06	-9.942869e-03	-9.914139e+00
4.630000e-06	-7.580979e-03	-9.703666e+00
4.640000e-06	-8.544719e-03	-9.482531e+00
4.650000e-06	-5.409909e-03	-9.251056e+00
4.660000e-06	-6.597812e-03	-8.989479e+00
4.670000e-06	-6.811446e-03	-8.756819e+00
4.680000e-06	-9.663389e-03	-8.523289e+00
4.690000e-06	-8.428831e-03	-8.262082e+00
4.700000e-06	-8.349212e-03	-8.010033e+00
4.710000e-06	-7.435851e-03	-7.746794e+00
4.720000e-06	-7.710707e-03	-7.462135e+00
4.730000e-06	-6.667482e-03	-7.229031e+00
4.740000e-06	-5.294717e-03	-6.977798e+00
4.750000e-06	-6.061662e-03	-6.643640e+00
4.760000e-06	-4.846917e-03	-6.432029e+00
4.770000e-06	-8.191516e-03	-6.175823e+00
4.780000e-06	-5.197478e-03	-5.863636e+00
4.790000e-06	-6.726072e-03	-5.639927e+00
4.800000e-06	-6.785191e-03	-5.335170e+00
4.810000e-06	-8.133558e-03	-5.008029e+00
4.820000e-06	-4.935548e-03	-4.732658e+00
4.830000e-06	-4.177343e-03	-4.459554e+00
4.840000e-06	-4.365774e-03	-4.148924e+00
4.850000e-06	-7.930695e-03	-3.884686e+00
4.860000e-06	-3.996621e-03	-3.629452e+00
4.870000e-06	-6.441398e-03	-3.325819e+00
4.880000e-06	-5.264601e-03	-3.031110e+00
4.890000e-06	-6.380891e-03	-2.776319e+00
4.900000e-06	-3.452598e-03	-2.493641e+00
4.910000e-06	-4.743121e-03	-2.175348e+00
4.920000e-06	-4.492057e-03	-1.904193e+00
4.930000e-06	-6.036978e-03	-1.632082e+00
4.940000e-06	-3.696614e-03	-1.363610e+00
4.950000e-06	-4.300140e-03	-9.585014e-01
4.960000e-06	-4.624566e-03	-6.827873e-01
4.970000e-06	-2.833695e-03	-3.894489e-01
4.980000e-06	-1.473747e-03	-8.636590e-02
4.990000e-06	5.538712e-03	1.694369e-01
5.000000e-06	4.520610e-03	4.516550e-01
5.010000e-06	-1.491968e-03	7.052368e-01
5.020000e-06	6.587822e-05	9.883955e-01
5.030000e-06	7.072098e-05	1.284133e+00
5.040000e-06	2.956090e-03	1.558971e+00
5.050000e-06	2.678180e-03	1.853159e+00
5.060000e-06	2.629317e-02	2.073156e+00
5.070000e-06	7.723255e-02	2.378547e+00
5.080000e-06	4.614664e-03	2.746945e+00
5.090000e-06	-6.264333e-02	3.071157e+00
5.100000e-06	-4.109159e-02	3.336364e+00
5.110000e-06	-1.069630e-02	3.640501e+00
5.120000e-06	-3.624200e-02	3.812156e+00
5.130000e-06	-3.433696e-02	4.031524e+00
5.140000e-06	9.564586e-02	4.347370e+00
5.150000e-06	-4.544745e-02	4.619682e+00
5.160000e-06	7.513083e-02	4.891205e+00
5.170000e-06	3.690195e-02	5.264549e+00
5.180000e-06	-8.933460e-02	5.485812e+00
5.190000e-06	5.337170e-02	5.817417e+00
5.200000e-06	-5.203244e-02	6.063085e+00
5.210000e-06	4.999833e-02	6.325640e+00
5.220000e-06	-1.758775e-02	6.589454e+00
5.230000e-06	-2.316547e-03	6.923310e+00
5.240000e-06	5.924462e-02	7.136292e+00
5.250000e-06	-3.352140e-02	7.439484e+00
5.260000e-06	-1.858944e-03	7.726237e+00
5.270000e-06	-3.459565e-02	8.008000e+00
5.280000e-06	6.079013e-02	8.272055e+00
5.290000e-06	-3.102553e-03	8.464107e+00
5.300000e-06	-2.136510e-02	8.716262e+00
5.310000e-06	4.188610e-02	8.935744e+00
5.320000e-06	-2.002810e-02	9.237799e+00
5.330000e-06	1.958792e-02	9.437954e+00
5.340000e-06	-2.693170e-02	9.679556e+00
5.350000e-06	2.494307e-02	9.892740e+00
5.360000e-06	9.743603e-03	1.015519e+01
5.370000e-06	1.332978e-02	1.035629e+01
5.380000e-06	3.156559e-03	1.057790e+01
5.390000e-06	-1.232856e-02	1.079790e+01
5.400000e-06	2.390530e-02	1.097738e+01
5.410000e-06	-1.091423e-02	1.120898e+01
5.420000e-06	1.467398e-02	1.144798e+01
5.430000e-06	-2.203635e-03	1.163003e+01
5.440000e-06	2.554613e-02	1.187153e+01
5.450000e-06	-7.348062e-05	1.207051e+01
5.460000e-06	6.491411e-03	1.222900e+01
5.470000e-06	5.947162e-04	1.242853e+01
5.480000e-06	1.081955e-02	1.259730e+01
5.490000e-06	1.029681e-02	1.274485e+01
5.500000e-06	2.895349e-03	1.293630e+01
5.510000e-06	1.353595e-02	1.311312e+01
5.520000e-06	6.904313e-03	1.329206e+01
5.530000e-06	1.486308e-02	1.343046e+01
5.540000e-06	-1.553354e-03	1.354534e+01
5.550000e-06	1.390775e-02	1.372539e+01
5.560000e-06	8.912388e-03	1.385059e+01
5.570000e-06	1.561078e-02	1.400740e+01
5.580000e-06	5.795124e-03	1.419625e+01
5.590000e-06	1.070398e-02	1.430522e+01
5.600000e-06	1.489817e-02	1.448898e+01
5.610000e-06	8.593625e-03	1.456677e+01
5.620000e-06	9.728907e-03	1.466056e+01
5.630000e-06	1.152248e-02	1.477580e+01
5.640000e-06	2.019794e-02	1.482951e+01
5.650000e-06	1.242200e-02	1.492529e+01
5.660000e-06	1.354776e-02	1.500740e+01
5.670000e-06	1.434225e-02	1.506311e+01
5.680000e-06	1.844469e-02	1.516637e+01
5.690000e-06	1.622938e-02	1.523003e+01
5.700000e-06	1.408145e-02	1.534416e+01
5.710000e-06	1.923723e-02	1.537778e+01
5.720000e-06	2.102093e-02	1.541640e+01
5.730000e-06	2.117756e-02	1.546056e+01
5.740000e-06	1.883958e-02	1.553166e+01
5.750000e-06	2.465200e-02	1.555572e+01
5.760000e-06	2.751805e-02	1.558842e+01
5.770000e-06	2.779142e-02	1.559883e+01
5.780000e-06	2.538533e-02	1.566798e+01
5.790000e-06	2.952256e-02	1.562788e+01
5.800000e-06	3.195838e-02	1.568106e+01
5.810000e-06	3.297279e-02	1.568951e+01
5.820000e-06	3.296557e-02	1.567151e+01
5.830000e-06	3.590121e-02	1.562899e+01
5.840000e-06	4.012055e-02	1.564091e+01
5.850000e-06	3.907313e-02	1.564688e+01
5.860000e-06	3.685717e-02	1.561780e+01
5.870000e-06	3.516909e-02	1.554581e+01
5.880000e-06	3.659701e-02	1.551420e+01
5.890000e-06	3.481718e-02	1.548201e+01
5.900000e-06	3.010864e-02	1.543746e+01
5.910000e-06	2.681875e-02	1.537537e+01
5.920000e-06	3.113871e-02	1.533517e+01
5.930000e-06	2.657958e-02	1.524954e+01
5.940000e-06	2.367339e-02	1.521696e+01
5.950000e-06	1.886988e-02	1.514574e+01
5.960000e-06	2.600288e-02	1.505049e+01
5.970000e-06	2.192310e-02	1.495777e+01
5.980000e-06	1.735525e-02	1.487201e+01
5.990000e-06	1.236869e-02	1.477590e+01
6.000000e-06	1.744790e-02	1.471311e+01
6.010000e-06	1.398222e-02	1.458775e+01
6.020000e-06	1.020889e-02	1.448909e+01
6.030000e-06	8.613687e-03	1.435525e+01
6.040000e-06	1.310283e-02	1.424046e+01
6.050000e-06	1.416238e-02	1.408101e+01
6.060000e-06	8.040478e-03	1.394422e+01
6.070000e-06	8.031576e-03	1.377795e+01
6.080000e-06	7.008270e-03	1.367854e+01
6.090000e-06	7.865937e-03	1.352271e+01
6.100000e-06	2.969648e-03	1.335475e+01
6.110000e-06	4.939258e-03	1.319682e+01
6.120000e-06	5.383342e-03	1.302846e+01
6.130000e-06	9.250146e-03	1.288969e+01
6.140000e-06	3.774220e-03	1.270364e+01
6.150000e-06	3.695001e-03	1.256572e+01
6.160000e-06	2.521613e-03	1.238632e+01
6.170000e-06	4.535733e-03	1.214643e+01
6.180000e-06	1.707127e-03	1.203688e+01
6.190000e-06	8.949555e-04	1.178780e+01
6.200000e-06	3.059620e-03	1.160430e+01
6.210000e-06	3.935845e-03	1.137630e+01
6.220000e-06	2.014854e-03	1.112625e+01
6.230000e-06	-4.235243e-04	1.094537e+01
6.240000e-06	1.831585e-03	1.074224e+01
6.250000e-06	2.421568e-03	1.054427e+01
6.260000e-06	1.545532e-03	1.028319e+01
6.270000e-06	-1.344783e-03	1.014219e+01
6.280000e-06	4.892752e-04	9.829989e+00
6.290000e-06	1.455522e-03	9.640026e+00
6.300000e-06	8.595563e-05	9.388373e+00
6.310000e-06	-2.927906e-03	9.126772e+00
6.320000e-06	-2.780855e-04	8.913719e+00
6.330000e-06	-6.968924e-04	8.643090e+00
6.340000e-06	-5.096716e-05	8.431561e+00
6.350000e-06	-2.168758e-03	8.228949e+00
6.360000e-06	-2.513189e-03	7.944273e+00
6.370000e-06	-1.308630e-04	7.662093e+00
6.380000e-06	-2.027522e-03	7.427904e+00
6.390000e-06	-2.916964e-03	7.125326e+00
6.400000e-06	-2.260607e-03	6.873216e+00
6.410000e-06	-2.745007e-03	6.576403e+00
6.420000e-06	-3.982526e-03	6.295748e+00
6.430000e-06	-3.233245e-03	6.083137e+00
6.440000e-06	-1.689339e-03	5.787962e+00
6.450000e-06	-2.056208e-03	5.544868e+00
6.460000e-06	-3.825135e-03	5.240562e+00
6.470000e-06	-3.359436e-03	4.892688e+00
6.480000e-06	-9.112214e-04	4.598482e+00
6.490000e-06	-4.798567e-03	4.316371e+00
6.500000e-06	-6.205218e-03	4.032133e+00
6.510000e-06	-5.156050e-03	3.757875e+00
6.520000e-06	-3.044008e-03	3.494221e+00
6.530000e-06	-4.894768e-03	3.190030e+00
6.540000e-06	-5.053407e-03	2.926320e+00
6.550000e-06	-5.003507e-03	2.672689e+00
6.560000e-06	-2.991247e-03	2.344848e+00
6.570000e-06	-5.382142e-03	2.072137e+00
6.580000e-06	-6.282805e-03	1.799457e+00
6.590000e-06	-5.849356e-03	1.504218e+00
6.600000e-06	-4.124656e-03	1.170949e+00
6.610000e-06	-5.178209e-03	8.205594e-01
6.620000e-06	-6.422470e-03	5.359987e-01
6.630000e-06	-4.556530e-03	3.533185e-01
6.640000e-06	-3.172125e-03	-5.513977e-04
6.650000e-06	3.909124e-03	-2.847340e-01
6.660000e-06	2.238652e-04	-5.673605e-01
6.670000e-06	-2.099547e-03	-8.526512e-01
6.680000e-06	-2.667640e-03	-1.084283e+00
6.690000e-06	-2.830957e-03	-1.380921e+00
6.700000e-06	-4.011736e-03	-1.674155e+00
6.710000e-06	1.028923e-02	-1.926209e+00
6.720000e-06	7.159936e-02	-2.146764e+00
6.730000e-06	4.032020e-02	-2.516183e+00
6.740000e-06	-8.315594e-02	-2.925703e+00
6.750000e-06	-3.076983e-02	-3.273188e+00
6.760000e-06	-4.319446e-02	-3.505688e+00
6.770000e-06	-5.294114e-02	-3.735808e+00
6.780000e-06	1.686324e-02	-3.948763e+00
6.790000e-06	9.577344e-02	-4.125237e+00
6.800000e-06	-1.431279e-01	-4.433604e+00
6.810000e-06	1.802624e-01	-4.675062e+00
6.820000e-06	-8.103772e-02	-4.998966e+00
6.830000e-06	-2.276132e-02	-5.376894e+00
6.840000e-06	2.649600e-02	-5.610472e+00
6.850000e-06	-1.372121e-01	-5.947211e+00
6.860000e-06	1.623664e-01	-6.165840e+00
6.870000e-06	-1.062628e-01	-6.409975e+00
6.880000e-06	6.620284e-02	-6.736215e+00
6.890000e-06	9.814702e-03	-6.997896e+00
6.900000e-06	-6.970614e-02	-7.324712e+00
6.910000e-06	5.680260e-02	-7.525213e+00
6.920000e-06	-1.197594e-01	-7.833499e+00
6.930000e-06	9.529221e-02	-8.126262e+00
6.940000e-06	-5.311934e-02	-8.316213e+00
6.950000e-06	1.946640e-02	-8.599524e+00
6.960000e-06	3.272478e-02	-8.842473e+00
6.970000e-06	-8.926113e-02	-9.083685e+00
6.980000e-06	6.865488e-02	-9.304684e+00
6.990000e-06	-9.651752e-02	-9.566345e+00
7.000000e-06	7.169785e-02	-9.788895e+00
7.010000e-06	-6.133762e-02	-9.998423e+00
7.020000e-06	3.699931e-02	-1.023153e+01
7.030000e-06	-1.833189e-02	-1.046253e+01
7.040000e-06	-2.280461e-02	-1.070419e+01
7.050000e-06	8.539351e-03	-1.089108e+01
7.060000e-06	-4.920778e-02	-1.110176e+01
7.070000e-06	3.744692e-02	-1.132474e+01
7.080000e-06	-4.768349e-02	-1.153434e+01
7.090000e-06	3.207192e-02	-1.175684e+01
7.100000e-06	-4.308118e-02	-1.197529e+01
7.110000e-06	1.753302e-02	-1.215734e+01
7.120000e-06	-4.004589e-02	-1.231622e+01
7.130000e-06	5.994063e-03	-1.254366e+01
7.140000e-06	-2.084227e-02	-1.269111e+01
7.150000e-06	-9.772584e-04	-1.288263e+01
7.160000e-06	-1.325210e-02	-1.305053e+01
7.170000e-06	-1.695842e-02	-1.320039e+01
7.180000e-06	-3.297476e-03	-1.336687e+01
7.190000e-06	-2.728128e-02	-1.348314e+01
7.200000e-06	4.895920e-04	-1.369149e+01
7.210000e-06	-2.950728e-02	-1.383095e+01
7.220000e-06	3.242157e-03	-1.396585e+01
7.230000e-06	-2.801031e-02	-1.410264e+01
7.240000e-06	-6.698529e-03	-1.422996e+01
7.250000e-06	-2.415722e-02	-1.437624e+01
7.260000e-06	-1.151562e-02	-1.450216e+01
7.270000e-06	-1.989579e-02	-1.461942e+01
7.280000e-06	-1.502868e-02	-1.470319e+01
7.290000e-06	-1.682881e-02	-1.484995e+01
7.300000e-06	-1.820668e-02	-1.492376e+01
7.310000e-06	-1.882486e-02	-1.499685e+01
7.320000e-06	-2.271650e-02	-1.507159e+01
7.330000e-06	-2.061102e-02	-1.516669e+01
7.340000e-06	-2.399825e-02	-1.526855e+01
7.350000e-06	-2.105778e-02	-1.530261e+01
7.360000e-06	-2.451527e-02	-1.538577e+01
7.370000e-06	-2.183996e-02	-1.539943e+01
7.380000e-06	-2.829482e-02	-1.548364e+01
7.390000e-06	-2.428628e-02	-1.554416e+01
7.400000e-06	-3.025635e-02	-1.560682e+01
7.410000e-06	-2.831614e-02	-1.559740e+01
7.420000e-06	-3.324224e-02	-1.565845e+01
7.430000e-06	-3.168692e-02	-1.568056e+01
7.440000e-06	-3.483391e-02	-1.569314e+01
7.450000e-06	-3.707691e-02	-1.569311e+01
7.460000e-06	-3.859977e-02	-1.571419e+01
7.470000e-06	-4.060086e-02	-1.572211e+01
7.480000e-06	-4.036306e-02	-1.570369e+01
7.490000e-06	-4.381205e-02	-1.573466e+01
7.500000e-06	-4.344862e-02	-1.568261e+01
7.510000e-06	-4.471709e-02	-1.569158e+01
7.520000e-06	-4.366583e-02	-1.565943e+01
7.530000e-06	-4.398903e-02	-1.565940e+01
7.540000e-06	-4.310518e-02	-1.559687e+01
7.550000e-06	-3.964697e-02	-1.553411e+01
7.560000e-06	-3.898950e-02	-1.547403e+01
7.570000e-06	-3.631230e-02	-1.542840e+01
7.580000e-06	-3.556479e-02	-1.536422e+01
7.590000e-06	-3.334511e-02	-1.532253e+01
7.600000e-06	-3.086678e-02	-1.525985e+01
7.610000e-06	-2.937949e-02	-1.515472e+01
7.620000e-06	-2.830733e-02	-1.503951e+01
7.630000e-06	-2.640665e-02	-1.500482e+01
7.640000e-06	-2.439037e-02	-1.493309e+01
7.650000e-06	-2.367723e-02	-1.483743e+01
7.660000e-06	-2.211851e-02	-1.470414e+01
7.670000e-06	-2.070516e-02	-1.455785e+01
7.680000e-06	-1.973237e-02	-1.449206e+01
7.690000e-06	-1.900425e-02	-1.433524e+01
7.700000e-06	-1.884650e-02	-1.426158e+01
7.710000e-06	-1.727137e-02	-1.408264e+01
7.720000e-06	-1.735882e-02	-1.402684e+01
7.730000e-06	-1.653297e-02	-1.380840e+01
7.740000e-06	-1.522331e-02	-1.367053e+01
7.750000e-06	-1.350472e-02	-1.349411e+01
7.760000e-06	-1.394105e-02	-1.336529e+01
7.770000e-06	-1.321669e-02	-1.320043e+01
7.780000e-06	-1.231736e-02	-1.304096e+01
7.790000e-06	-1.160651e-02	-1.292164e+01
7.800000e-06	-1.300256e-02	-1.272424e+01
7.810000e-06	-1.310941e-02	-1.256430e+01
7.820000e-06	-1.211140e-02	-1.238925e+01
7.830000e-06	-1.087643e-02	-1.220945e+01
7.840000e-06	-1.168769e-02	-1.196685e+01
7.850000e-06	-1.134275e-02	-1.183580e+01
7.860000e-06	-1.005226e-02	-1.159585e+01
7.870000e-06	-9.087856e-03	-1.132470e+01
7.880000e-06	-9.775240e-03	-1.113371e+01
7.890000e-06	-9.474504e-03	-1.092366e+01
7.900000e-06	-9.333807e-03	-1.071374e+01
7.910000e-06	-8.682700e-03	-1.054464e+01
7.920000e-06	-9.328838e-03	-1.028011e+01
7.930000e-06	-1.095751e-02	-1.005101e+01
7.940000e-06	-9.117958e-03	-9.829953e+00
7.950000e-06	-8.700621e-03	-9.597453e+00
7.960000e-06	-7.085396e-03	-9.377824e+00
7.970000e-06	-8.078377e-03	-9.164689e+00
7.980000e-06	-6.900488e-03	-8.904765e+00
7.990000e-06	-6.776514e-03	-8.650088e+00
8.000000e-06	-8.454585e-03	-8.438979e+00
8.010000e-06	-8.988138e-03	-8.207848e+00
8.020000e-06	-8.579905e-03	-7.924762e+00
8.030000e-06	-7.175132e-03	-7.642079e+00
8.040000e-06	-7.828649e-03	-7.407295e+00
8.050000e-06	-7.323361e-03	-7.102111e+00
8.060000e-06	-5.684024e-03	-6.791534e+00
8.070000e-06	-4.775914e-03	-6.588349e+00
8.080000e-06	-6.365601e-03	-6.284692e+00
8.090000e-06	-6.081548e-03	-6.042628e+00
8.100000e-06	-6.391082e-03	-5.797323e+00
8.110000e-06	-6.705352e-03	-5.492738e+00
8.120000e-06	-9.055709e-03	-5.178875e+00
8.130000e-06	-5.987193e-03	-4.873636e+00
8.140000e-06	-3.265142e-03	-4.554845e+00
8.150000e-06	-6.471994e-03	-4.275193e+00
8.160000e-06	-6.380437e-03	-4.070563e+00
8.170000e-06	-6.403066e-03	-3.747899e+00
8.180000e-06	-3.422617e-03	-3.513687e+00
8.190000e-06	-7.626627e-03	-3.213034e+00
8.200000e-06	-5.926244e-03	-2.952686e+00
8.210000e-06	-5.826233e-03	-2.661553e+00
8.220000e-06	-1.273810e-03	-2.380346e+00
8.230000e-06	-5.370349e-03	-2.062031e+00
8.240000e-06	-5.368399e-03	-1.788999e+00
8.250000e-06	-5.322673e-03	-1.445637e+00
8.260000e-06	-2.549954e-03	-1.166270e+00
8.270000e-06	-5.746500e-03	-8.641746e-01
8.280000e-06	-5.131855e-03	-5.390250e-01
8.290000e-06	-2.719861e-03	-2.836607e-01
8.300000e-06	2.885822e-03	-1.527431e-03
8.310000e-06	8.168274e-03	3.347579e-01
8.320000e-06	-6.141805e-04	5.568908e-01
8.330000e-06	3.538050e-03	8.316035e-01
8.340000e-06	-9.225277e-04	1.116892e+00
8.350000e-06	8.556882e-04	1.379025e+00
8.360000e-06	-1.394167e-03	1.774292e+00
8.370000e-06	1.191201e-02	1.956347e+00
8.380000e-06	4.568190e-02	2.198495e+00
8.390000e-06	7.632082e-02	2.485809e+00
8.400000e-06	-5.441982e-02	2.872158e+00
8.410000e-06	-4.076517e-02	3.158320e+00
8.420000e-06	-3.607008e-02	3.472209e+00
8.430000e-06	-2.310420e-03	3.673712e+00
8.440000e-06	-6.646314e-02	3.935320e+00
8.450000e-06	2.792014e-02	4.096337e+00
8.460000e-06	7.258651e-02	4.471654e+00
8.470000e-06	-5.951745e-02	4.716767e+00
8.480000e-06	1.446567e-01	4.989476e+00
8.490000e-06	-8.147492e-02	5.399897e+00
8.500000e-06	-2.177299e-03	5.609573e+00
8.510000e-06	8.588961e-03	5.954739e+00
8.520000e-06	-3.236596e-02	6.147446e+00
8.530000e-06	5.512031e-02	6.440128e+00
8.540000e-06	-4.975145e-02	6.765316e+00
8.550000e-06	5.762522e-02	6.968946e+00
8.560000e-06	9.239660e-03	7.262579e+00
8.570000e-06	-1.773550e-02	7.574318e+00
8.580000e-06	-1.890644e-02	7.853079e+00
8.590000e-06	-3.325175e-03	8.103661e+00
8.600000e-06	5.551773e-02	8.345870e+00
8.610000e-06	-3.926500e-02	8.566921e+00
8.620000e-06	1.889833e-02	8.789474e+00
8.630000e-06	1.978953e-02	9.052630e+00
8.640000e-06	-1.010701e-02	9.284139e+00
8.650000e-06	8.932966e-03	9.495715e+00
8.660000e-06	-1.764817e-02	9.736897e+00
8.670000e-06	3.320987e-02	1.003692e+01
8.680000e-06	-1.755888e-03	1.024195e+01
8.690000e-06	1.568743e-02	1.045055e+01
8.700000e-06	-1.306986e-02	1.066066e+01
8.710000e-06	8.906609e-03	1.088206e+01
8.720000e-06	1.171628e-02	1.107256e+01
8.730000e-06	-4.303532e-03	1.131276e+01
8.740000e-06	1.310534e-02	1.149224e+01
8.750000e-06	5.530179e-03	1.176629e+01
8.760000e-06	2.032068e-02	1.195427e+01
8.770000e-06	-7.002912e-03	1.214529e+01
8.780000e-06	6.439431e-03	1.230174e+01
8.790000e-06	2.027429e-03	1.249364e+01
8.800000e-06	1.520848e-02	1.265208e+01
8.810000e-06	6.336378e-03	1.281953e+01
8.820000e-06	8.446615e-03	1.298700e+01
8.830000e-06	1.109214e-02	1.312577e+01
8.840000e-06	1.071764e-02	1.334564e+01
8.850000e-06	6.355217e-03	1.346258e+01
8.860000e-06	1.346826e-03	1.362900e+01
8.870000e-06	1.254486e-02	1.377640e+01
8.880000e-06	1.329810e-02	1.395536e+01
8.890000e-06	1.130844e-02	1.406051e+01
8.900000e-06	7.270410e-03	1.428893e+01
8.910000e-06	1.308705e-02	1.434432e+01
8.920000e-06	1.531501e-02	1.449009e+01
8.930000e-06	8.049705e-03	1.459640e+01
8.940000e-06	8.097537e-03	1.473252e+01
8.950000e-06	1.561751e-02	1.481593e+01
8.960000e-06	1.776272e-02	1.486063e+01
8.970000e-06	1.436974e-02	1.494582e+01
8.980000e-06	1.190491e-02	1.504003e+01
8.990000e-06	1.876773e-02	1.511419e+01
9.000000e-06	1.873238e-02	1.521795e+01
9.010000e-06	1.535637e-02	1.526109e+01
9.020000e-06	1.343428e-02	1.533377e+01
9.030000e-06	2.094544e-02	1.540788e+01
9.040000e-06	2.401035e-02	1.543746e+01
9.050000e-06	2.032025e-02	1.547257e+01
9.060000e-06	1.979152e-02	1.550274e+01
9.070000e-06	2.477830e-02	1.558575e+01
9.080000e-06	2.966247e-02	1.561583e+01
9.090000e-06	2.522190e-02	1.565896e+01
9.100000e-06	2.638586e-02	1.560904e+01
9.110000e-06	3.125325e-02	1.569056e+01
9.120000e-06	3.471037e-02	1.568793e+01
9.130000e-06	3.287528e-02	1.568049e+01
9.140000e-06	3.264404e-02	1.568111e+01
9.150000e-06	3.767624e-02	1.566891e+01
9.160000e-06	3.997223e-02	1.561890e+01
9.170000e-06	3.869095e-02	1.561783e+01
9.180000e-06	3.448985e-02	1.560533e+01
9.190000e-06	3.726145e-02	1.553580e+01
9.200000e-06	3.659742e-02	1.552366e+01
9.210000e-06	3.304675e-02	1.549059e+01
9.220000e-06	2.867639e-02	1.542793e+01
9.230000e-06	2.908541e-02	1.540532e+01
9.240000e-06	2.950526e-02	1.531264e+01
9.250000e-06	2.531615e-02	1.524893e+01
9.260000e-06	2.181682e-02	1.518538e+01
9.270000e-06	2.067353e-02	1.512316e+01
9.280000e-06	2.155880e-02	1.499848e+01
9.290000e-06	1.815296e-02	1.493319e+01
9.300000e-06	1.613467e-02	1.485046e+01
9.310000e-06	1.563324e-02	1.475322e+01
9.320000e-06	1.640612e-02	1.460838e+01
9.330000e-06	1.380254e-02	1.454422e+01
9.340000e-06	1.039616e-02	1.441898e+01
9.350000e-06	1.115733e-02	1.428209e+01
9.360000e-06	1.031498e-02	1.417472e+01
9.370000e-06	1.058883e-02	1.396793e+01
9.380000e-06	6.425542e-03	1.388164e+01
9.390000e-06	8.849102e-03	1.373419e+01
9.400000e-06	6.110650e-03	1.360590e+01
9.410000e-06	8.788802e-03	1.343998e+01
9.420000e-06	3.897217e-03	1.328356e+01
9.430000e-06	6.910358e-03	1.316369e+01
9.440000e-06	3.568312e-03	1.296530e+01
9.450000e-06	5.710922e-03	1.284695e+01
9.460000e-06	2.864368e-03	1.261001e+01
9.470000e-06	3.589076e-03	1.251249e+01
9.480000e-06	3.541980e-03	1.228111e+01
9.490000e-06	4.240883e-03	1.210272e+01
9.500000e-06	2.680287e-03	1.194227e+01
9.510000e-06	9.288430e-04	1.171356e+01
9.520000e-06	1.813883e-03	1.148409e+01
9.530000e-06	2.715557e-03	1.126111e+01
9.540000e-06	2.259260e-03	1.106911e+01
9.550000e-06	-2.149434e-04	1.086006e+01
9.560000e-06	1.935677e-03	1.065111e+01
9.570000e-06	1.268148e-03	1.046103e+01
9.580000e-06	1.310458e-03	1.021943e+01
9.590000e-06	-9.066764e-04	9.946275e+00
9.600000e-06	3.144135e-04	9.755247e+00
9.610000e-06	-4.021399e-04	9.474667e+00
9.620000e-06	4.890340e-04	9.283144e+00
9.630000e-06	-9.899845e-04	9.051061e+00
9.640000e-06	-1.119006e-03	8.819482e+00
9.650000e-06	-1.303919e-03	8.597877e+00
9.660000e-06	-1.176736e-03	8.395270e+00
9.670000e-06	-1.609454e-03	8.103215e+00
9.680000e-06	-8.599384e-04	7.828987e+00
9.690000e-06	-8.971085e-04	7.565851e+00
9.700000e-06	-2.387940e-03	7.281616e+00
9.710000e-06	-2.208520e-03	7.028954e+00
9.720000e-06	-3.260422e-03	6.776853e+00
9.730000e-06	-1.488160e-03	6.473645e+00
9.740000e-06	-3.671142e-03	6.230006e+00
9.750000e-06	-2.817811e-03	5.937848e+00
9.760000e-06	-3.454324e-03	5.732666e+00
9.770000e-06	-2.513523e-03	5.439008e+00
9.780000e-06	-2.926327e-03	5.062144e+00
9.790000e-06	-3.318774e-03	4.776354e+00
9.800000e-06	-3.153090e-03	4.502693e+00
9.810000e-06	-2.905348e-03	4.220037e+00
9.820000e-06	-4.408522e-03	3.925296e+00
9.830000e-06	-5.780571e-03	3.683137e+00
9.840000e-06	-4.237582e-03	3.358928e+00
9.850000e-06	-2.382213e-03	3.091770e+00
9.860000e-06	-5.705647e-03	2.833028e+00
9.870000e-06	-5.571942e-03	2.535745e+00
9.880000e-06	-3.069493e-03	2.271056e+00
9.890000e-06	-3.782002e-03	1.987946e+00
9.900000e-06	-5.809552e-03	1.712737e+00
9.910000e-06	-4.777300e-03	1.396397e+00
9.920000e-06	-5.086691e-03	1.060662e+00
9.930000e-06	-4.169981e-03	7.367673e-01
9.940000e-06	-6.476560e-03	4.726107e-01
9.950000e-06	-4.495556e-03	1.669253e-01
9.960000e-06	-1.911640e-03	-7.678680e-02
9.970000e-06	6.884978e-03	-3.683958e-01
9.980000e-06	-4.999824e-03	-6.547065e-01
9.990000e-06	1.305177e-04	-9.273118e-01
1.000000e-05	-5.497671e-03	-1.231043e+00
1.001000e-05	-8.582429e-05	-1.546815e+00
1.002000e-05	-4.070942e-03	-1.758420e+00
1.003000e-05	2.945725e-02	-1.989499e+00
1.004000e-05	9.389140e-02	-2.246637e+00
1.005000e-05	-4.130274e-02	-2.694154e+00
1.006000e-05	-5.276076e-02	-3.105259e+00
1.007000e-05	-4.222636e-02	-3.379440e+00
1.008000e-05	-3.338695e-02	-3.599372e+00
1.009000e-05	-6.468828e-02	-3.820028e+00
1.010000e-05	1.124005e-01	-4.010450e+00
1.011000e-05	-4.526075e-02	-4.243151e+00
1.012000e-05	-2.748803e-02	-4.559867e+00
1.013000e-05	1.391507e-01	-4.798872e+00
1.014000e-05	-1.649882e-01	-5.157913e+00
1.015000e-05	9.567950e-02	-5.472582e+00
1.016000e-05	-1.190917e-01	-5.694808e+00
1.017000e-05	9.277024e-03	-6.060579e+00
1.018000e-05	8.174267e-02	-6.241499e+00
1.019000e-05	-1.111298e-01	-6.559917e+00
1.020000e-05	1.323971e-01	-6.822024e+00
1.021000e-05	-9.876784e-02	-7.136203e+00
1.022000e-05	3.630188e-02	-7.451051e+00
1.023000e-05	-3.778372e-02	-7.660101e+00
1.024000e-05	-5.049682e-02	-7.978443e+00
1.025000e-05	8.930854e-02	-8.177420e+00
1.026000e-05	-9.728012e-02	-8.482154e+00
1.027000e-05	1.028597e-01	-8.743162e+00
1.028000e-05	-8.203775e-02	-8.986190e+00
1.029000e-05	1.519226e-02	-9.188316e+00
1.030000e-05	-1.021850e-02	-9.418424e+00
1.031000e-05	-4.207928e-02	-9.693157e+00
1.032000e-05	5.135928e-02	-9.891680e+00
1.033000e-05	-6.874263e-02	-1.009468e+01
1.034000e-05	7.051010e-02	-1.030374e+01
1.035000e-05	-7.577841e-02	-1.055675e+01
1.036000e-05	3.857779e-02	-1.077737e+01
1.037000e-05	-5.353989e-02	-1.095844e+01
1.038000e-05	1.556604e-02	-1.121645e+01
1.039000e-05	-1.309268e-02	-1.139890e+01
1.040000e-05	-9.869792e-03	-1.165103e+01
1.041000e-05	4.017463e-03	-1.180050e+01
1.042000e-05	-2.747776e-02	-1.206206e+01
1.043000e-05	7.588847e-03	-1.226995e+01
1.044000e-05	-4.005049e-02	-1.244892e+01
1.045000e-05	1.558722e-02	-1.258837e+01
1.046000e-05	-3.305503e-02	-1.275494e+01
1.047000e-05	1.657739e-02	-1.293714e+01
1.048000e-05	-3.581020e-02	-1.310468e+01
1.049000e-05	5.125780e-03	-1.327108e+01
1.050000e-05	-2.816920e-02	-1.340850e+01
1.051000e-05	-4.679673e-03	-1.358787e+01
1.052000e-05	-1.965872e-02	-1.374619e+01
1.053000e-05	-1.202733e-02	-1.389256e+01
1.054000e-05	-7.027369e-03	-1.406040e+01
1.055000e-05	-2.161477e-02	-1.414627e+01
1.056000e-05	-8.917373e-03	-1.431301e+01
1.057000e-05	-2.562340e-02	-1.441740e+01
1.058000e-05	-9.076193e-03	-1.458626e+01
1.059000e-05	-2.343095e-02	-1.466148e+01
1.060000e-05	-1.162063e-02	-1.475527e+01
1.061000e-05	-2.097695e-02	-1.482848e+01
1.062000e-05	-1.378906e-02	-1.493582e+01
1.063000e-05	-2.236438e-02	-1.502748e+01
1.064000e-05	-2.075512e-02	-1.512374e+01
1.065000e-05	-2.427829e-02	-1.522735e+01
1.066000e-05	-1.947487e-02	-1.527250e+01
1.067000e-05	-2.426697e-02	-1.536471e+01
1.068000e-05	-2.505443e-02	-1.539830e+01
1.069000e-05	-2.531933e-02	-1.547198e+01
1.070000e-05	-2.521019e-02	-1.554458e+01
1.071000e-05	-2.624389e-02	-1.555479e+01
1.072000e-05	-3.085761e-02	-1.559590e+01
1.073000e-05	-2.825800e-02	-1.563048e+01
1.074000e-05	-3.258565e-02	-1.567048e+01
1.075000e-05	-3.163347e-02	-1.568159e+01
1.076000e-05	-3.776848e-02	-1.569159e+01
1.077000e-05	-3.617557e-02	-1.569359e+01
1.078000e-05	-3.963133e-02	-1.567416e+01
1.079000e-05	-4.007934e-02	-1.571472e+01
1.080000e-05	-4.315695e-02	-1.571214e+01
1.081000e-05	-4.326356e-02	-1.571309e+01
1.082000e-05	-4.342870e-02	-1.564201e+01
1.083000e-05	-4.365257e-02	-1.566996e+01
1.084000e-05	-4.504068e-02	-1.565145e+01
1.085000e-05	-4.390972e-02	-1.559587e+01
1.086000e-05	-4.211075e-02	-1.554426e+01
1.087000e-05	-3.923579e-02	-1.552369e+01
1.088000e-05	-3.885713e-02	-1.545198e+01
1.089000e-05	-3.706630e-02	-1.538835e+01
1.090000e-05	-3.369408e-02	-1.534419e+01
1.091000e-05	-3.128250e-02	-1.529051e+01
1.092000e-05	-3.034246e-02	-1.517687e+01
1.093000e-05	-2.942951e-02	-1.508411e+01
1.094000e-05	-2.765333e-02	-1.503800e+01
1.095000e-05	-2.427271e-02	-1.497430e+01
1.096000e-05	-2.438017e-02	-1.483003e+01
1.097000e-05	-2.402148e-02	-1.478682e+01
1.098000e-05	-2.191267e-02	-1.464203e+01
1.099000e-05	-1.923775e-02	-1.455677e+01
1.100000e-05	-2.017995e-02	-1.444005e+01
1.101000e-05	-1.854617e-02	-1.429161e+01
1.102000e-05	-1.806312e-02	-1.418725e+01
1.103000e-05	-1.591565e-02	-1.404893e+01
1.104000e-05	-1.705583e-02	-1.389261e+01
1.105000e-05	-1.614576e-02	-1.372472e+01
1.106000e-05	-1.533659e-02	-1.358735e+01
1.107000e-05	-1.280739e-02	-1.343093e+01
1.108000e-05	-1.468513e-02	-1.329169e+01
1.109000e-05	-1.451417e-02	-1.317677e+01
1.110000e-05	-1.221212e-02	-1.300790e+01
1.111000e-05	-1.169051e-02	-1.285098e+01
1.112000e-05	-1.156415e-02	-1.265051e+01
1.113000e-05	-1.327049e-02	-1.250268e+01
1.114000e-05	-1.239465e-02	-1.232309e+01
1.115000e-05	-1.100740e-02	-1.214214e+01
1.116000e-05	-1.055183e-02	-1.188308e+01
1.117000e-05	-1.057959e-02	-1.173369e+01
1.118000e-05	-1.103163e-02	-1.147249e+01
1.119000e-05	-9.875855e-03	-1.122098e+01
1.120000e-05	-9.067067e-03	-1.104896e+01
1.121000e-05	-1.040928e-02	-1.081053e+01
1.122000e-05	-9.734521e-03	-1.062043e+01
1.123000e-05	-9.286493e-03	-1.036991e+01
1.124000e-05	-7.259824e-03	-1.017880e+01
1.125000e-05	-1.000494e-02	-9.955318e+00
1.126000e-05	-9.740400e-03	-9.755746e+00
1.127000e-05	-9.116600e-03	-9.513795e+00
1.128000e-05	-6.172568e-03	-9.293133e+00
1.129000e-05	-1.019834e-02	-9.050080e+00
1.130000e-05	-8.573060e-03	-8.759978e+00
1.131000e-05	-6.455982e-03	-8.567802e+00
1.132000e-05	-5.904101e-03	-8.324661e+00
1.133000e-05	-9.002539e-03	-8.111686e+00
1.134000e-05	-9.312891e-03	-7.789374e+00
1.135000e-05	-6.337061e-03	-7.574211e+00
1.136000e-05	-6.015023e-03	-7.251588e+00
1.137000e-05	-6.810423e-03	-7.028874e+00
1.138000e-05	-8.268684e-03	-6.725239e+00
1.139000e-05	-5.318011e-03	-6.453611e+00
1.140000e-05	-5.111288e-03	-6.220453e+00
1.141000e-05	-6.485009e-03	-5.916215e+00
1.142000e-05	-8.233659e-03	-5.660583e+00
1.143000e-05	-5.641114e-03	-5.367244e+00
1.144000e-05	-5.009937e-03	-5.093628e+00
1.145000e-05	-4.179310e-03	-4.754796e+00
1.146000e-05	-7.230088e-03	-4.481109e+00
1.147000e-05	-6.750108e-03	-4.222077e+00
1.148000e-05	-6.081139e-03	-3.968319e+00
1.149000e-05	-6.225102e-03	-3.632608e+00
1.150000e-05	-6.913646e-03	-3.400501e+00
1.151000e-05	-4.022600e-03	-3.105743e+00
1.152000e-05	-3.378770e-03	-2.839446e+00
1.153000e-05	-2.793927e-03	-2.507743e+00
1.154000e-05	-5.537234e-03	-2.221056e+00
1.155000e-05	-6.038212e-03	-1.936292e+00
1.156000e-05	-4.641500e-03	-1.684090e+00
1.157000e-05	-5.727597e-03	-1.317763e+00
1.158000e-05	-4.871414e-03	-1.022079e+00
1.159000e-05	-3.822601e-03	-7.493724e-01
1.160000e-05	-7.706379e-04	-4.439819e-01
1.161000e-05	-2.337398e-03	-1.593976e-01
1.162000e-05	3.663974e-03	1.057854e-01
1.163000e-05	6.866415e-03	4.315987e-01
1.164000e-05	3.737942e-05	6.531564e-01
1.165000e-05	1.969893e-03	9.052617e-01
1.166000e-05	-1.936209e-03	1.241630e+00
1.167000e-05	2.667261e-03	1.495335e+00
1.168000e-05	2.361328e-03	1.831131e+00
1.169000e-05	2.140254e-02	2.032078e+00
1.170000e-05	6.936054e-02	2.317733e+00
1.171000e-05	3.044722e-02	2.663638e+00
1.172000e-05	-6.690238e-02	3.019502e+00
1.173000e-05	-3.882649e-02	3.293182e+00
1.174000e-05	-1.750672e-02	3.608997e+00
1.175000e-05	-2.470147e-02	3.800527e+00
1.176000e-05	-4.924600e-02	3.949075e+00
1.177000e-05	8.424628e-02	4.295159e+00
1.178000e-05	-1.486513e-02	4.579477e+00
1.179000e-05	2.813919e-02	4.802479e+00
1.180000e-05	8.760539e-02	5.186420e+00
1.181000e-05	-1.097298e-01	5.463135e+00
1.182000e-05	5.400751e-02	5.717862e+00
1.183000e-05	-4.269968e-02	6.052026e+00
1.184000e-05	3.188074e-02	6.281082e+00
1.185000e-05	5.634305e-03	6.516843e+00
1.186000e-05	-2.579637e-02	6.832628e+00
1.187000e-05	7.166082e-02	7.123616e+00
1.188000e-05	-3.198045e-02	7.398325e+00
1.189000e-05	-7.844073e-04	7.701583e+00
1.190000e-05	-3.875767e-02	7.935795e+00
1.191000e-05	5.005978e-02	8.222901e+00
1.192000e-05	1.485154e-02	8.469655e+00
1.193000e-05	-3.320204e-02	8.692111e+00
1.194000e-05	4.260211e-02	8.884216e+00
1.195000e-05	-1.218776e-02	9.155846e+00
1.196000e-05	1.263117e-02	9.388346e+00
1.197000e-05	-2.131887e-02	9.648026e+00
1.198000e-05	1.388353e-02	9.851058e+00
1.199000e-05	1.724495e-02	1.010313e+01
1.200000e-05	8.474680e-03	1.030421e+01
1.201000e-05	7.721842e-03	1.051584e+01
1.202000e-05	-1.540008e-02	1.077574e+01
1.203000e-05	2.411525e-02	1.095627e+01
1.204000e-05	-7.591449e-03	1.120637e+01
1.205000e-05	9.767802e-03	1.139742e+01
1.206000e-05	1.196040e-03	1.164753e+01
1.207000e-05	2.161617e-02	1.182896e+01
1.208000e-05	5.081253e-03	1.204742e+01
1.209000e-05	1.110765e-03	1.218800e+01
1.210000e-05	1.372245e-03	1.239535e+01
1.211000e-05	9.602379e-03	1.256730e+01
1.212000e-05	1.266351e-02	1.273374e+01
1.213000e-05	2.200094e-03	1.291174e+01
1.214000e-05	1.292070e-02	1.306156e+01
1.215000e-05	7.902685e-03	1.329053e+01
1.216000e-05	1.546602e-02	1.336740e+01
1.217000e-05	-2.476680e-03	1.353476e+01
1.218000e-05	1.070479e-02	1.369266e+01
1.219000e-05	9.535189e-03	1.382951e+01
1.220000e-05	1.632536e-02	1.399687e+01
1.221000e-05	6.303128e-03	1.415525e+01
1.222000e-05	9.334739e-03	1.433364e+01
1.223000e-05	1.631777e-02	1.437783e+01
1.224000e-05	1.175932e-02	1.452332e+01
1.225000e-05	9.048453e-03	1.466893e+01
1.226000e-05	7.639693e-03	1.476525e+01
1.227000e-05	2.093872e-02	1.483048e+01
1.228000e-05	1.521936e-02	1.492324e+01
1.229000e-05	1.327849e-02	1.498842e+01
1.230000e-05	1.148837e-02	1.508263e+01
1.231000e-05	1.921526e-02	1.515537e+01
1.232000e-05	1.871849e-02	1.521945e+01
1.233000e-05	1.599174e-02	1.528167e+01
1.234000e-05	1.607499e-02	1.539475e+01
1.235000e-05	2.216463e-02	1.539793e+01
1.236000e-05	2.362220e-02	1.547106e+01
1.237000e-05	1.858154e-02	1.551162e+01
1.238000e-05	2.214005e-02	1.554377e+01
1.239000e-05	2.489818e-02	1.560740e+01
1.240000e-05	2.895752e-02	1.558738e+01
1.241000e-05	2.570267e-02	1.563845e+01
1.242000e-05	2.942079e-02	1.567956e+01
1.243000e-05	3.295548e-02	1.571103e+01
1.244000e-05	3.361974e-02	1.564946e+01
1.245000e-05	3.332648e-02	1.569101e+01
1.246000e-05	3.455708e-02	1.565004e+01
1.247000e-05	4.005924e-02	1.565946e+01
1.248000e-05	3.842500e-02	1.564888e+01
1.249000e-05	3.706119e-02	1.559685e+01
1.250000e-05	3.569731e-02	1.555722e+01
1.251000e-05	3.778201e-02	1.553527e+01
1.252000e-05	3.455790e-02	1.551364e+01
1.253000e-05	3.136191e-02	1.546851e+01
1.254000e-05	3.016168e-02	1.537735e+01
1.255000e-05	2.910449e-02	1.535420e+01
1.256000e-05	2.789505e-02	1.528161e+01
1.257000e-05	2.271515e-02	1.522793e+01
1.258000e-05	2.225694e-02	1.515674e+01
1.259000e-05	2.106905e-02	1.506058e+01
1.260000e-05	1.947630e-02	1.495530e+01
1.261000e-05	1.750233e-02	1.493154e+01
1.262000e-05	1.597191e-02	1.480591e+01
1.263000e-05	1.586244e-02	1.469312e+01
1.264000e-05	1.502911e-02	1.458585e+01
1.265000e-05	1.186024e-02	1.449211e+01
1.266000e-05	1.053618e-02	1.435637e+01
1.267000e-05	9.475342e-03	1.427846e+01
1.268000e-05	9.634086e-03	1.410259e+01
1.269000e-05	9.294465e-03	1.399542e+01
1.270000e-05	8.626372e-03	1.383796e+01
1.271000e-05	7.412728e-03	1.367101e+01
1.272000e-05	6.964746e-03	1.355429e+01
1.273000e-05	6.376637e-03	1.338625e+01
1.274000e-05	5.625030e-03	1.319793e+01
1.275000e-05	4.527980e-03	1.305908e+01
1.276000e-05	4.243444e-03	1.287317e+01
1.277000e-05	3.913876e-03	1.273372e+01
1.278000e-05	4.168249e-03	1.255737e+01
1.279000e-05	3.157413e-03	1.240683e+01
1.280000e-05	3.499987e-03	1.221533e+01
1.281000e-05	2.774172e-03	1.201053e+01
1.282000e-05	2.535806e-03	1.180946e+01
1.283000e-05	2.646324e-03	1.160783e+01
1.284000e-05	2.596251e-03	1.137641e+01
1.285000e-05	1.311818e-03	1.118590e+01
1.286000e-05	1.621873e-03	1.098740e+01
1.287000e-05	1.413501e-03	1.079482e+01
1.288000e-05	8.920501e-04	1.054485e+01
1.289000e-05	3.006194e-04	1.034479e+01
1.290000e-05	-1.489396e-04	1.011219e+01
1.291000e-05	1.957347e-05	9.912612e+00
1.292000e-05	1.073568e-04	9.660009e+00
1.293000e-05	-2.389068e-04	9.411007e+00
1.294000e-05	-7.576909e-04	9.187929e+00
1.295000e-05	2.101135e-04	8.976803e+00
1.296000e-05	-3.839413e-04	8.682745e+00
1.297000e-05	-1.454772e-03	8.463140e+00
1.298000e-05	-2.613169e-03	8.241040e+00
1.299000e-05	-5.461723e-04	7.997803e+00
1.300000e-05	-2.020376e-03	7.745271e+00
1.301000e-05	-2.429306e-03	7.439008e+00
1.302000e-05	-1.955563e-03	7.166850e+00
1.303000e-05	-1.408512e-03	6.905220e+00
1.304000e-05	-1.979186e-03	6.630536e+00
1.305000e-05	-2.220756e-03	6.377401e+00
1.306000e-05	-3.846759e-03	6.115720e+00
1.307000e-05	-2.977134e-03	5.841613e+00
1.308000e-05	-2.464405e-03	5.578476e+00
1.309000e-05	-3.563705e-03	5.291717e+00
1.310000e-05	-3.606779e-03	4.944278e+00
1.311000e-05	-3.310957e-03	4.630211e+00
1.312000e-05	-3.844510e-03	4.439500e+00
1.313000e-05	-3.975363e-03	4.114268e+00
1.314000e-05	-4.569824e-03	3.819582e+00
1.315000e-05	-4.014340e-03	3.546423e+00
1.316000e-05	-3.805013e-03	3.241028e+00
1.317000e-05	-5.501628e-03	2.955920e+00
1.318000e-05	-5.004232e-03	2.695817e+00
1.319000e-05	-4.853887e-03	2.377974e+00
1.320000e-05	-4.358153e-03	2.124243e+00
1.321000e-05	-5.143280e-03	1.841617e+00
1.322000e-05	-5.484354e-03	1.576398e+00
1.323000e-05	-4.122893e-03	1.221457e+00
1.324000e-05	-5.212317e-03	9.141635e-01
1.325000e-05	-6.111008e-03	5.894529e-01
1.326000e-05	-5.708588e-03	3.263986e-01
1.327000e-05	-3.300708e-03	1.533056e-03
1.328000e-05	2.034931e-03	-2.535513e-01
1.329000e-05	3.534360e-03	-5.346541e-01
1.330000e-05	-5.543248e-03	-7.985212e-01
1.331000e-05	-1.902088e-03	-1.092175e+00
1.332000e-05	-3.993527e-03	-1.369412e+00
1.333000e-05	-1.449402e-03	-1.632151e+00
1.334000e-05	4.707817e-03	-1.893157e+00
1.335000e-05	5.973794e-02	-2.085178e+00
1.336000e-05	6.734932e-02	-2.430649e+00
1.337000e-05	-8.420306e-02	-2.843652e+00
1.338000e-05	-3.237537e-02	-3.230150e+00
1.339000e-05	-4.780415e-02	-3.464157e+00
1.340000e-05	-4.335528e-02	-3.653659e+00
1.341000e-05	-1.817279e-02	-3.957317e+00
1.342000e-05	1.275063e-01	-4.104734e+00
1.343000e-05	-1.481008e-01	-4.389946e+00
1.344000e-05	1.378187e-01	-4.683707e+00
1.345000e-05	-1.445450e-02	-4.945239e+00
1.346000e-05	-8.087402e-02	-5.345232e+00
1.347000e-05	7.361473e-02	-5.546314e+00
1.348000e-05	-1.686210e-01	-5.884630e+00
1.349000e-05	1.508030e-01	-6.135316e+00
1.350000e-05	-6.893776e-02	-6.387942e+00
1.351000e-05	1.320411e-02	-6.674233e+00
1.352000e-05	6.222251e-02	-6.925662e+00
1.353000e-05	-9.913086e-02	-7.253130e+00
1.354000e-05	7.638349e-02	-7.534703e+00
1.355000e-05	-1.187652e-01	-7.827896e+00
1.356000e-05	6.796453e-02	-8.064083e+00
1.357000e-05	-1.420866e-02	-8.313632e+00
1.358000e-05	-2.524484e-02	-8.557946e+00
1.359000e-05	7.007324e-02	-8.807899e+00
1.360000e-05	-1.118175e-01	-9.052008e+00
1.361000e-05	7.799609e-02	-9.304134e+00
1.362000e-05	-8.726411e-02	-9.531684e+00
1.363000e-05	5.139621e-02	-9.756794e+00
1.364000e-05	-3.409794e-02	-9.976265e+00
1.365000e-05	4.884930e-03	-1.022995e+01
1.366000e-05	1.557414e-02	-1.039897e+01
1.367000e-05	-5.114482e-02	-1.068106e+01
1.368000e-05	3.022518e-02	-1.088100e+01
1.369000e-05	-6.217450e-02	-1.108253e+01
1.370000e-05	4.418553e-02	-1.126269e+01
1.371000e-05	-4.883645e-02	-1.150473e+01
1.372000e-05	2.765166e-02	-1.172421e+01
1.373000e-05	-3.418125e-02	-1.192314e+01
1.374000e-05	8.653858e-03	-1.217626e+01
1.375000e-05	-2.962107e-02	-1.228361e+01
1.376000e-05	-7.423216e-03	-1.252210e+01
1.377000e-05	-7.763316e-03	-1.268153e+01
1.378000e-05	-1.362918e-02	-1.286105e+01
1.379000e-05	-1.615973e-03	-1.302885e+01
1.380000e-05	-2.720881e-02	-1.321632e+01
1.381000e-05	4.988405e-03	-1.332529e+01
1.382000e-05	-3.255020e-02	-1.347219e+01
1.383000e-05	3.772866e-03	-1.365200e+01
1.384000e-05	-3.077388e-02	-1.379938e+01
1.385000e-05	3.111411e-03	-1.393477e+01
1.386000e-05	-2.305108e-02	-1.409106e+01
1.387000e-05	-1.024191e-02	-1.418848e+01
1.388000e-05	-2.085089e-02	-1.434466e+01
1.389000e-05	-1.531323e-02	-1.448153e+01
1.390000e-05	-1.562592e-02	-1.459985e+01
1.391000e-05	-1.909459e-02	-1.471320e+01
1.392000e-05	-1.473393e-02	-1.479790e+01
1.393000e-05	-1.945121e-02	-1.491266e+01
1.394000e-05	-1.491252e-02	-1.496781e+01
1.395000e-05	-2.417583e-02	-1.507098e+01
1.396000e-05	-2.009667e-02	-1.510524e+01
1.397000e-05	-2.375035e-02	-1.522890e+01
1.398000e-05	-1.791070e-02	-1.532563e+01
1.399000e-05	-2.666117e-02	-1.536679e+01
1.400000e-05	-2.416913e-02	-1.543033e+01
1.401000e-05	-2.785577e-02	-1.548149e+01
1.402000e-05	-2.263724e-02	-1.551466e+01
1.403000e-05	-3.099689e-02	-1.557682e+01
1.404000e-05	-2.990105e-02	-1.562795e+01
1.405000e-05	-3.094631e-02	-1.568052e+01
1.406000e-05	-2.883783e-02	-1.566108e+01
1.407000e-05	-3.465758e-02	-1.571156e+01
1.408000e-05	-3.960974e-02	-1.570309e+01
1.409000e-05	-3.735494e-02	-1.570409e+01
1.410000e-05	-3.955763e-02	-1.574272e+01
1.411000e-05	-4.122236e-02	-1.572271e+01
1.412000e-05	-4.529222e-02	-1.574266e+01
1.413000e-05	-4.116780e-02	-1.569062e+01
1.414000e-05	-4.205262e-02	-1.569104e+01
1.415000e-05	-4.379654e-02	-1.562001e+01
1.416000e-05	-4.583179e-02	-1.559783e+01
1.417000e-05	-4.243595e-02	-1.558530e+01
1.418000e-05	-3.920192e-02	-1.553434e+01
1.419000e-05	-3.995114e-02	-1.546266e+01
1.420000e-05	-3.862613e-02	-1.543895e+01
1.421000e-05	-3.552588e-02	-1.537630e+01
1.422000e-05	-3.168617e-02	-1.533254e+01
1.423000e-05	-3.023217e-02	-1.521945e+01
1.424000e-05	-3.062334e-02	-1.513482e+01
1.425000e-05	-2.829711e-02	-1.509411e+01
1.426000e-05	-2.426144e-02	-1.499790e+01
1.427000e-05	-2.532797e-02	-1.492312e+01
1.428000e-05	-2.350682e-02	-1.483992e+01
1.429000e-05	-2.369637e-02	-1.473369e+01
1.430000e-05	-2.003354e-02	-1.460845e+01
1.431000e-05	-1.977303e-02	-1.452449e+01
1.432000e-05	-1.929342e-02	-1.433632e+01
1.433000e-05	-1.872714e-02	-1.421901e+01
1.434000e-05	-1.606344e-02	-1.411414e+01
1.435000e-05	-1.590459e-02	-1.402682e+01
1.436000e-05	-1.674773e-02	-1.377850e+01
1.437000e-05	-1.523357e-02	-1.370204e+01
1.438000e-05	-1.427171e-02	-1.351429e+01
1.439000e-05	-1.405641e-02	-1.339727e+01
1.440000e-05	-1.429074e-02	-1.325053e+01
1.441000e-05	-1.245322e-02	-1.307313e+01
1.442000e-05	-1.194175e-02	-1.292614e+01
1.443000e-05	-1.169668e-02	-1.275577e+01
1.444000e-05	-1.325409e-02	-1.254630e+01
1.445000e-05	-1.167334e-02	-1.241893e+01
1.446000e-05	-1.191424e-02	-1.222990e+01
1.447000e-05	-1.065760e-02	-1.203956e+01
1.448000e-05	-1.144328e-02	-1.181894e+01
1.449000e-05	-1.131032e-02	-1.164090e+01
1.450000e-05	-9.696055e-03	-1.134685e+01
1.451000e-05	-1.025324e-02	-1.113682e+01
1.452000e-05	-9.662665e-03	-1.093477e+01
1.453000e-05	-9.801591e-03	-1.074722e+01
1.454000e-05	-9.362150e-03	-1.055677e+01
1.455000e-05	-8.698895e-03	-1.031419e+01
1.456000e-05	-9.980527e-03	-1.011368e+01
1.457000e-05	-9.047614e-03	-9.842057e+00
1.458000e-05	-9.032548e-03	-9.660958e+00
1.459000e-05	-8.978606e-03	-9.398904e+00
1.460000e-05	-7.746708e-03	-9.177298e+00
1.461000e-05	-8.734731e-03	-8.937345e+00
1.462000e-05	-7.112743e-03	-8.712562e+00
1.463000e-05	-7.848223e-03	-8.470558e+00
1.464000e-05	-7.737439e-03	-8.189880e+00
1.465000e-05	-7.394054e-03	-7.945846e+00
1.466000e-05	-7.146656e-03	-7.702586e+00
1.467000e-05	-6.965647e-03	-7.429527e+00
1.468000e-05	-8.095187e-03	-7.124843e+00
1.469000e-05	-7.109952e-03	-6.883608e+00
1.470000e-05	-7.841052e-03	-6.590526e+00
1.471000e-05	-7.891144e-03	-6.327300e+00
1.472000e-05	-6.616083e-03	-6.142684e+00
1.473000e-05	-5.802781e-03	-5.810976e+00
1.474000e-05	-5.964081e-03	-5.517696e+00
1.475000e-05	-6.479694e-03	-5.261056e+00
1.476000e-05	-5.485190e-03	-4.935742e+00
1.477000e-05	-4.388249e-03	-4.557949e+00
1.478000e-05	-6.979879e-03	-4.397374e+00
1.479000e-05	-7.102724e-03	-4.096266e+00
1.480000e-05	-6.020463e-03	-3.831504e+00
1.481000e-05	-6.952842e-03	-3.536294e+00
1.482000e-05	-4.920683e-03	-3.253112e+00
1.483000e-05	-6.312875e-03	-2.949298e+00
1.484000e-05	-9.979268e-04	-2.693689e+00
1.485000e-05	-4.274863e-03	-2.411452e+00
1.486000e-05	-1.860058e-03	-2.123187e+00
1.487000e-05	-7.369447e-03	-1.819555e+00
1.488000e-05	-6.704496e-03	-1.547396e+00
1.489000e-05	-8.257900e-03	-1.161023e+00
1.490000e-05	-5.478953e-03	-8.946385e-01
1.491000e-05	-4.577639e-03	-6.195068e-01
1.492000e-05	-2.347140e-04	-3.258185e-01
1.493000e-05	2.029606e-03	-4.310933e-02
1.494000e-05	9.959719e-03	2.316274e-01
1.495000e-05	2.383736e-03	5.252617e-01
1.496000e-05	-7.170806e-04	7.464184e-01
1.497000e-05	-2.201746e-03	1.082681e+00
1.498000e-05	-2.246354e-04	1.348363e+00
1.499000e-05	1.742411e-03	1.642730e+00
1.500000e-05	6.305701e-03	1.914288e+00
1.501000e-05	3.804862e-02	2.145293e+00
1.502000e-05	8.236883e-02	2.433659e+00
1.503000e-05	-3.437782e-02	2.841979e+00
1.504000e-05	-5.040731e-02	3.084738e+00
1.505000e-05	-3.802125e-02	3.399476e+00
1.506000e-05	-3.824886e-03	3.664183e+00
1.507000e-05	-5.444413e-02	3.893263e+00
1.508000e-05	-1.296068e-03	4.083860e+00
1.509000e-05	9.360336e-02	4.400579e+00
1.510000e-05	-7.048609e-02	4.722686e+00
1.511000e-05	1.331518e-01	4.945366e+00
1.512000e-05	-4.509702e-02	5.295813e+00
1.513000e-05	-3.672759e-02	5.595923e+00
1.514000e-05	3.388653e-02	5.862083e+00
1.515000e-05	-4.720700e-02	6.146317e+00
1.516000e-05	6.348325e-02	6.378444e+00
1.517000e-05	-4.543842e-02	6.684262e+00
1.518000e-05	3.689819e-02	6.945815e+00
1.519000e-05	2.879708e-02	7.228101e+00
1.520000e-05	-2.769954e-02	7.472688e+00
1.521000e-05	-1.154885e-02	7.848446e+00
1.522000e-05	-1.727517e-02	8.071062e+00
1.523000e-05	6.459370e-02	8.296212e+00
1.524000e-05	-2.781707e-02	8.535794e+00
1.525000e-05	1.303445e-03	8.747795e+00
1.526000e-05	3.151125e-02	9.049953e+00
1.527000e-05	-1.821121e-02	9.252055e+00
1.528000e-05	1.731635e-02	9.514182e+00
1.529000e-05	-2.673372e-02	9.733763e+00
1.530000e-05	3.318022e-02	9.934875e+00
1.531000e-05	1.498722e-03	1.019740e+01
1.532000e-05	1.739434e-02	1.037795e+01
1.533000e-05	-8.958661e-03	1.065103e+01
1.534000e-05	-1.702870e-03	1.086106e+01
1.535000e-05	1.931710e-02	1.105013e+01
1.536000e-05	-9.739169e-03	1.128108e+01
1.537000e-05	1.603680e-02	1.150074e+01
1.538000e-05	-5.155507e-04	1.172369e+01
1.539000e-05	2.547873e-02	1.194371e+01
1.540000e-05	-5.979287e-03	1.211166e+01
1.541000e-05	6.719535e-03	1.229114e+01
1.542000e-05	-1.489879e-03	1.247158e+01
1.543000e-05	1.474983e-02	1.267148e+01
1.544000e-05	8.265840e-03	1.281743e+01
1.545000e-05	5.444882e-03	1.295810e+01
1.546000e-05	1.393001e-02	1.315279e+01
1.547000e-05	9.785843e-03	1.334419e+01
1.548000e-05	1.067486e-02	1.348115e+01
1.549000e-05	-1.247169e-03	1.358638e+01
1.550000e-05	1.036715e-02	1.375730e+01
1.551000e-05	1.137361e-02	1.391264e+01
1.552000e-05	1.278410e-02	1.404808e+01
1.553000e-05	6.619863e-03	1.422890e+01
1.554000e-05	1.376560e-02	1.432427e+01
1.555000e-05	1.616867e-02	1.445948e+01
1.556000e-05	1.182718e-02	1.453532e+01
1.557000e-05	8.709068e-03	1.470214e+01
1.558000e-05	1.270676e-02	1.476830e+01
1.559000e-05	1.564415e-02	1.487013e+01
1.560000e-05	1.307888e-02	1.499682e+01
1.561000e-05	1.128819e-02	1.503044e+01
1.562000e-05	1.806351e-02	1.512369e+01
1.563000e-05	1.947620e-02	1.518590e+01
1.564000e-05	1.915802e-02	1.525946e+01
1.565000e-05	1.557602e-02	1.532317e+01
1.566000e-05	1.975013e-02	1.535838e+01
1.567000e-05	2.070783e-02	1.540703e+01
1.568000e-05	1.988759e-02	1.548909e+01
1.569000e-05	1.968382e-02	1.551467e+01
1.570000e-05	2.456368e-02	1.558480e+01
1.571000e-05	3.111010e-02	1.560640e+01
1.572000e-05	2.719713e-02	1.563738e+01
1.573000e-05	2.781466e-02	1.565941e+01
1.574000e-05	2.751415e-02	1.559951e+01
1.575000e-05	3.484591e-02	1.568998e+01
1.576000e-05	3.232878e-02	1.570209e+01
1.577000e-05	3.440527e-02	1.569001e+01
1.578000e-05	3.632793e-02	1.565053e+01
1.579000e-05	4.039535e-02	1.561990e+01
1.580000e-05	3.764756e-02	1.565743e+01
1.581000e-05	3.413440e-02	1.556778e+01
1.582000e-05	3.677386e-02	1.558422e+01
1.583000e-05	3.645922e-02	1.552419e+01
1.584000e-05	3.562657e-02	1.546156e+01
1.585000e-05	2.970462e-02	1.544748e+01
1.586000e-05	3.012166e-02	1.535433e+01
1.587000e-05	2.845820e-02	1.529422e+01
1.588000e-05	2.488659e-02	1.524956e+01
1.589000e-05	2.076349e-02	1.520685e+01
1.590000e-05	2.145255e-02	1.510319e+01
1.591000e-05	2.204246e-02	1.507001e+01
1.592000e-05	1.931832e-02	1.493322e+01
1.593000e-05	1.671941e-02	1.483001e+01
1.594000e-05	1.534923e-02	1.475622e+01
1.595000e-05	1.608503e-02	1.467951e+01
1.596000e-05	1.410595e-02	1.453530e+01
1.597000e-05	1.022952e-02	1.444896e+01
1.598000e-05	1.078463e-02	1.432219e+01
1.599000e-05	1.035165e-02	1.420543e+01
1.600000e-05	1.131681e-02	1.405703e+01
1.601000e-05	5.441485e-03	1.391311e+01
1.602000e-05	8.185967e-03	1.375490e+01
1.603000e-05	6.511551e-03	1.358898e+01
1.604000e-05	1.088372e-02	1.346051e+01
1.605000e-05	3.511355e-03	1.334256e+01
1.606000e-05	5.759848e-03	1.315322e+01
1.607000e-05	4.152226e-03	1.299635e+01
1.608000e-05	5.677541e-03	1.282188e+01
1.609000e-05	1.516179e-03	1.264954e+01
1.610000e-05	4.400645e-03	1.248412e+01
1.611000e-05	3.776259e-03	1.231369e+01
1.612000e-05	3.424129e-03	1.212425e+01
1.613000e-05	1.611604e-03	1.195525e+01
1.614000e-05	2.560468e-03	1.174472e+01
1.615000e-05	4.038416e-03	1.151267e+01
1.616000e-05	1.001415e-03	1.132122e+01
1.617000e-05	2.780927e-04	1.109116e+01
1.618000e-05	9.245613e-04	1.090272e+01
1.619000e-05	3.459077e-03	1.068216e+01
1.620000e-05	-5.510127e-04	1.050159e+01
1.621000e-05	3.768093e-04	1.024956e+01
1.622000e-05	-3.566280e-04	1.000894e+01
1.623000e-05	1.626005e-03	9.776852e+00
1.624000e-05	1.546432e-04	9.525295e+00
1.625000e-05	-8.081948e-04	9.344346e+00
1.626000e-05	-1.200963e-03	9.072642e+00
1.627000e-05	2.569153e-04	8.902058e+00
1.628000e-05	-1.644489e-03	8.608458e+00
1.629000e-05	-2.127423e-03	8.366929e+00
1.630000e-05	-4.943031e-04	8.123345e+00
1.631000e-05	-2.059262e-03	7.871685e+00
1.632000e-05	7.686053e-04	7.627531e+00
1.633000e-05	-5.741262e-03	7.334321e+00
1.634000e-05	-3.968403e-04	7.020112e+00
1.635000e-05	-5.082219e-03	6.819656e+00
1.636000e-05	4.199130e-04	6.516251e+00
1.637000e-05	-4.191449e-03	6.242659e+00
1.638000e-05	-5.055671e-04	6.009958e+00
1.639000e-05	-4.166233e-03	5.766721e+00
1.640000e-05	-2.939288e-03	5.450612e+00
1.641000e-05	-5.426100e-03	5.135377e+00
1.642000e-05	-5.360973e-03	4.829499e+00
1.643000e-05	-4.204969e-03	4.545271e+00
1.644000e-05	-3.349870e-03	4.284186e+00
1.645000e-05	-2.594550e-03	3.947470e+00
1.646000e-05	-3.864290e-03	3.705215e+00
1.647000e-05	-2.675235e-03	3.459487e+00
1.648000e-05	-6.846276e-03	3.115968e+00
1.649000e-05	-3.842175e-03	2.872638e+00
1.650000e-05	-5.797421e-03	2.576399e+00
1.651000e-05	-4.363656e-03	2.223163e+00
1.652000e-05	-8.011630e-03	2.011507e+00
1.653000e-05	-4.153083e-03	1.756268e+00
1.654000e-05	-3.295369e-03	1.418579e+00
1.655000e-05	-4.119137e-03	1.083692e+00
1.656000e-05	-5.860777e-03	7.480514e-01
1.657000e-05	-5.242195e-03	4.947885e-01
1.658000e-05	-3.194197e-03	1.990054e-01
1.659000e-05	-4.321763e-03	-5.470778e-02
1.660000e-05	3.723849e-03	-3.568684e-01
1.661000e-05	-3.776622e-03	-5.705222e-01
1.662000e-05	1.218636e-03	-9.042055e-01
1.663000e-05	-6.916538e-03	-1.178346e+00
1.664000e-05	-2.102202e-03	-1.484738e+00
1.665000e-05	-3.648122e-03	-1.715289e+00
1.666000e-05	2.411244e-02	-1.967974e+00
1.667000e-05	8.896359e-02	-2.221074e+00
1.668000e-05	-1.521791e-02	-2.621571e+00
1.669000e-05	-6.593658e-02	-3.000018e+00
1.670000e-05	-3.562807e-02	-3.357766e+00
1.671000e-05	-3.789968e-02	-3.558791e+00
1.672000e-05	-6.985207e-02	-3.805444e+00
1.673000e-05	8.014123e-02	-3.999920e+00
1.674000e-05	1.831830e-02	-4.219975e+00
1.675000e-05	-8.839109e-02	-4.547338e+00
1.676000e-05	1.773082e-01	-4.746722e+00
1.677000e-05	-1.567531e-01	-5.126630e+00
1.678000e-05	6.686512e-02	-5.430508e+00
1.679000e-05	-6.621223e-02	-5.662581e+00
1.680000e-05	-5.714825e-02	-5.998919e+00
1.681000e-05	1.320965e-01	-6.219422e+00
1.682000e-05	-1.277959e-01	-6.533258e+00
1.683000e-05	1.251662e-01	-6.808342e+00
1.684000e-05	-7.157721e-02	-7.092604e+00
1.685000e-05	-4.416988e-03	-7.407924e+00
1.686000e-05	8.219824e-03	-7.618475e+00
1.687000e-05	-8.721294e-02	-7.935738e+00
1.688000e-05	1.072543e-01	-8.197340e+00
1.689000e-05	-9.715901e-02	-8.388867e+00
1.690000e-05	8.482499e-02	-8.642108e+00
1.691000e-05	-4.396867e-02	-8.914213e+00
1.692000e-05	-3.032853e-02	-9.158393e+00
1.693000e-05	2.615818e-02	-9.357841e+00
1.694000e-05	-7.060483e-02	-9.632503e+00
1.695000e-05	7.581227e-02	-9.841503e+00
1.696000e-05	-7.854194e-02	-1.005255e+01
1.697000e-05	6.785545e-02	-1.031227e+01
1.698000e-05	-6.195085e-02	-1.053668e+01
1.699000e-05	2.006591e-02	-1.076631e+01
1.700000e-05	-3.468167e-02	-1.091473e+01
1.701000e-05	-1.073363e-02	-1.120584e+01
1.702000e-05	1.092168e-02	-1.136729e+01
1.703000e-05	-2.589421e-02	-1.162687e+01
1.704000e-05	2.057436e-02	-1.181788e+01
1.705000e-05	-4.015992e-02	-1.203945e+01
1.706000e-05	1.504748e-02	-1.224895e+01
1.707000e-05	-4.500978e-02	-1.239729e+01
1.708000e-05	1.660278e-02	-1.257837e+01
1.709000e-05	-3.325230e-02	-1.271524e+01
1.710000e-05	1.348742e-02	-1.295624e+01
1.711000e-05	-2.691988e-02	-1.307253e+01
1.712000e-05	-8.078957e-04	-1.326006e+01
1.713000e-05	-2.103735e-02	-1.334790e+01
1.714000e-05	-1.448302e-02	-1.353537e+01
1.715000e-05	-1.016032e-02	-1.371561e+01
1.716000e-05	-1.955309e-02	-1.387156e+01
1.717000e-05	-2.520124e-03	-1.396637e+01
1.718000e-05	-2.563192e-02	-1.414377e+01
1.719000e-05	-5.121356e-03	-1.429050e+01
1.720000e-05	-2.617013e-02	-1.440687e+01
1.721000e-05	-9.549896e-03	-1.453469e+01
1.722000e-05	-2.517442e-02	-1.464043e+01
1.723000e-05	-1.274559e-02	-1.480464e+01
1.724000e-05	-1.946839e-02	-1.484045e+01
1.725000e-05	-1.513148e-02	-1.494367e+01
1.726000e-05	-2.165058e-02	-1.505796e+01
1.727000e-05	-2.131468e-02	-1.507366e+01
1.728000e-05	-2.168380e-02	-1.518587e+01
1.729000e-05	-2.207747e-02	-1.523998e+01
1.730000e-05	-2.335998e-02	-1.538319e+01
1.731000e-05	-2.465194e-02	-1.539737e+01
1.732000e-05	-2.303653e-02	-1.546105e+01
1.733000e-05	-2.719918e-02	-1.549260e+01
1.734000e-05	-2.660527e-02	-1.552569e+01
1.735000e-05	-3.150368e-02	-1.557640e+01
1.736000e-05	-2.707858e-02	-1.563993e+01
1.737000e-05	-3.261546e-02	-1.564956e+01
1.738000e-05	-3.163316e-02	-1.569358e+01
1.739000e-05	-3.688476e-02	-1.571251e+01
1.740000e-05	-3.519801e-02	-1.574324e+01
1.741000e-05	-4.042992e-02	-1.572264e+01
1.742000e-05	-4.213210e-02	-1.575317e+01
1.743000e-05	-4.193245e-02	-1.570271e+01
1.744000e-05	-4.244400e-02	-1.571366e+01
1.745000e-05	-4.285081e-02	-1.565218e+01
1.746000e-05	-4.504538e-02	-1.568151e+01
1.747000e-05	-4.448696e-02	-1.567996e+01
1.748000e-05	-4.286225e-02	-1.560790e+01
1.749000e-05	-4.123637e-02	-1.557472e+01
1.750000e-05	-4.128653e-02	-1.553424e+01
1.751000e-05	-3.885508e-02	-1.547146e+01
1.752000e-05	-3.615501e-02	-1.541830e+01
1.753000e-05	-3.399691e-02	-1.535462e+01
1.754000e-05	-3.284794e-02	-1.528003e+01
1.755000e-05	-3.089210e-02	-1.518785e+01
1.756000e-05	-2.782649e-02	-1.514519e+01
1.757000e-05	-2.709066e-02	-1.503950e+01
1.758000e-05	-2.608444e-02	-1.498523e+01
1.759000e-05	-2.432122e-02	-1.486203e+01
1.760000e-05	-2.325534e-02	-1.478635e+01
1.761000e-05	-2.066869e-02	-1.470253e+01
1.762000e-05	-2.215432e-02	-1.456717e+01
1.763000e-05	-1.920191e-02	-1.448898e+01
1.764000e-05	-1.912381e-02	-1.435374e+01
1.765000e-05	-1.790025e-02	-1.418782e+01
1.766000e-05	-1.694328e-02	-1.410161e+01
1.767000e-05	-1.532387e-02	-1.393321e+01
1.768000e-05	-1.473218e-02	-1.377685e+01
1.769000e-05	-1.489683e-02	-1.362990e+01
1.770000e-05	-1.448757e-02	-1.347208e+01
1.771000e-05	-1.380464e-02	-1.334464e+01
1.772000e-05	-1.290707e-02	-1.317582e+01
1.773000e-05	-1.274235e-02	-1.301788e+01
1.774000e-05	-1.318849e-02	-1.289201e+01
1.775000e-05	-1.171072e-02	-1.270213e+01
1.776000e-05	-1.170018e-02	-1.249324e+01
1.777000e-05	-1.164396e-02	-1.235421e+01
1.778000e-05	-1.084793e-02	-1.215577e+01
1.779000e-05	-1.088281e-02	-1.193669e+01
1.780000e-05	-1.008922e-02	-1.173427e+01
1.781000e-05	-1.293483e-02	-1.152367e+01
1.782000e-05	-9.912546e-03	-1.131256e+01
1.783000e-05	-9.731055e-03	-1.107160e+01
1.784000e-05	-9.896681e-03	-1.084151e+01
1.785000e-05	-9.358370e-03	-1.065108e+01
1.786000e-05	-9.231401e-03	-1.041204e+01
1.787000e-05	-7.166875e-03	-1.023052e+01
1.788000e-05	-9.072000e-03	-1.005937e+01
1.789000e-05	-9.732912e-03	-9.786324e+00
1.790000e-05	-8.822623e-03	-9.566295e+00
1.791000e-05	-7.816453e-03	-9.304716e+00
1.792000e-05	-7.536983e-03	-9.062586e+00
1.793000e-05	-9.949938e-03	-8.832578e+00
1.794000e-05	-8.094052e-03	-8.607353e+00
1.795000e-05	-7.356048e-03	-8.346271e+00
1.796000e-05	-7.373567e-03	-8.134687e+00
1.797000e-05	-8.698897e-03	-7.862531e+00
1.798000e-05	-6.830440e-03	-7.567768e+00
1.799000e-05	-6.391311e-03	-7.315191e+00
1.800000e-05	-8.165986e-03	-7.039981e+00
1.801000e-05	-1.005244e-02	-6.777871e+00
1.802000e-05	-6.025511e-03	-6.515267e+00
1.803000e-05	-6.702785e-03	-6.242510e+00
1.804000e-05	-6.425279e-03	-5.957374e+00
1.805000e-05	-8.293516e-03	-5.713713e+00
1.806000e-05	-5.401496e-03	-5.390905e+00
1.807000e-05	-4.974499e-03	-5.115239e+00
1.808000e-05	-4.958564e-03	-4.777929e+00
1.809000e-05	-7.495285e-03	-4.504213e+00
1.810000e-05	-6.461269e-03	-4.303611e+00
1.811000e-05	-5.717626e-03	-4.009528e+00
1.812000e-05	-6.324366e-03	-3.734238e+00
1.813000e-05	-7.356494e-03	-3.452058e+00
1.814000e-05	-5.026280e-03	-3.128819e+00
1.815000e-05	-3.413181e-03	-2.841628e+00
1.816000e-05	-3.634200e-03	-2.539423e+00
1.817000e-05	-5.114267e-03	-2.313144e+00
1.818000e-05	-4.926151e-03	-1.967946e+00
1.819000e-05	-4.278431e-03	-1.705190e+00
1.820000e-05	-4.976979e-03	-1.347833e+00
1.821000e-05	-5.210111e-03	-1.062111e+00
1.822000e-05	-5.602035e-03	-8.409002e-01
1.823000e-05	-2.782461e-03	-4.636634e-01
1.824000e-05	-1.090576e-03	-2.210027e-01
1.825000e-05	1.899358e-03	8.310890e-02
1.826000e-05	8.382409e-03	3.484246e-01
1.827000e-05	-2.302424e-03	6.110763e-01
1.828000e-05	5.491472e-03	9.121341e-01
1.829000e-05	-2.381576e-03	1.168946e+00
1.830000e-05	2.759021e-03	1.484709e+00
1.831000e-05	1.812818e-04	1.799049e+00
1.832000e-05	1.771083e-02	2.031551e+00
1.833000e-05	5.882156e-02	2.273157e+00
1.834000e-05	5.200006e-02	2.589552e+00
1.835000e-05	-6.803247e-02	2.917368e+00
1.836000e-05	-3.754945e-02	3.211002e+00
1.837000e-05	-2.403135e-02	3.575742e+00
1.838000e-05	-1.459206e-02	3.798398e+00
1.839000e-05	-5.893839e-02	3.978392e+00
1.840000e-05	6.454607e-02	4.198479e+00
1.841000e-05	2.187979e-02	4.555917e+00
1.842000e-05	-1.812789e-02	4.776348e+00
1.843000e-05	1.255604e-01	5.102262e+00
1.844000e-05	-1.165084e-01	5.410631e+00
1.845000e-05	4.332137e-02	5.683655e+00
1.846000e-05	-2.686190e-02	5.990022e+00
1.847000e-05	7.219682e-03	6.229054e+00
1.848000e-05	2.999069e-02	6.493760e+00
1.849000e-05	-4.266856e-02	6.838525e+00
1.850000e-05	7.330133e-02	7.082181e+00
1.851000e-05	-2.322532e-02	7.394737e+00
1.852000e-05	-5.248331e-03	7.639051e+00
1.853000e-05	-3.427266e-02	7.903238e+00
1.854000e-05	3.318706e-02	8.208400e+00
1.855000e-05	3.157652e-02	8.420548e+00
1.856000e-05	-3.812958e-02	8.660029e+00
1.857000e-05	3.853454e-02	8.863111e+00
1.858000e-05	-2.852514e-03	9.114139e+00
1.859000e-05	3.247260e-03	9.345841e+00
1.860000e-05	-1.053375e-02	9.586420e+00
1.861000e-05	1.635895e-03	9.809575e+00
1.862000e-05	2.407574e-02	1.007108e+01
1.863000e-05	1.810901e-03	1.027368e+01
1.864000e-05	1.365814e-02	1.051419e+01
1.865000e-05	-1.590755e-02	1.075374e+01
1.866000e-05	1.976468e-02	1.092677e+01
1.867000e-05	-1.923132e-03	1.109524e+01
1.868000e-05	4.264897e-03	1.139637e+01
1.869000e-05	6.180673e-03	1.161792e+01
1.870000e-05	1.598726e-02	1.182835e+01
1.871000e-05	1.054760e-02	1.200733e+01
1.872000e-05	-1.411288e-03	1.215693e+01
1.873000e-05	4.370721e-03	1.237634e+01
1.874000e-05	7.280262e-03	1.254529e+01
1.875000e-05	1.222683e-02	1.271426e+01
1.876000e-05	2.154006e-03	1.289254e+01
1.877000e-05	1.120591e-02	1.307098e+01
1.878000e-05	9.913402e-03	1.320940e+01
1.879000e-05	1.362959e-02	1.338728e+01
1.880000e-05	9.782236e-05	1.350264e+01
1.881000e-05	7.179546e-03	1.368256e+01
1.882000e-05	1.146732e-02	1.378888e+01
1.883000e-05	1.499966e-02	1.394480e+01
1.884000e-05	6.557525e-03	1.413366e+01
1.885000e-05	7.332604e-03	1.430164e+01
1.886000e-05	1.634344e-02	1.437646e+01
1.887000e-05	1.386966e-02	1.448259e+01
1.888000e-05	8.915462e-03	1.459885e+01
1.889000e-05	9.077480e-03	1.472677e+01
1.890000e-05	1.978295e-02	1.478800e+01
1.891000e-05	1.455491e-02	1.493114e+01
1.892000e-05	1.245680e-02	1.498735e+01
1.893000e-05	1.079301e-02	1.503158e+01
1.894000e-05	2.049468e-02	1.512524e+01
1.895000e-05	1.709275e-02	1.521745e+01
1.896000e-05	1.474381e-02	1.527251e+01
1.897000e-05	1.662321e-02	1.531422e+01
1.898000e-05	2.308522e-02	1.540540e+01
1.899000e-05	2.391670e-02	1.545956e+01
1.900000e-05	1.872914e-02	1.549064e+01
1.901000e-05	2.284429e-02	1.554472e+01
1.902000e-05	2.563321e-02	1.558727e+01
1.903000e-05	2.956239e-02	1.562838e+01
1.904000e-05	2.449012e-02	1.564888e+01
1.905000e-05	2.747506e-02	1.565961e+01
1.906000e-05	3.255663e-02	1.567948e+01
1.907000e-05	3.510408e-02	1.566893e+01
1.908000e-05	3.362647e-02	1.569151e+01
1.909000e-05	3.367287e-02	1.564891e+01
1.910000e-05	3.947063e-02	1.562996e+01
1.911000e-05	3.932439e-02	1.564838e+01
1.912000e-05	3.752198e-02	1.561693e+01
1.913000e-05	3.460977e-02	1.553635e+01
1.914000e-05	3.616018e-02	1.557430e+01
1.915000e-05	3.532893e-02	1.550359e+01
1.916000e-05	3.315740e-02	1.548004e+01
1.917000e-05	2.871427e-02	1.542787e+01
1.918000e-05	2.860868e-02	1.535575e+01
1.919000e-05	2.852239e-02	1.531214e+01
1.920000e-05	2.434424e-02	1.522899e+01
1.921000e-05	2.129919e-02	1.517490e+01
1.922000e-05	2.031200e-02	1.508209e+01
1.923000e-05	2.114601e-02	1.499388e+01
1.924000e-05	1.740198e-02	1.493314e+01
1.925000e-05	1.492813e-02	1.479840e+01
1.926000e-05	1.543936e-02	1.471357e+01
1.927000e-05	1.525322e-02	1.459743e+01
1.928000e-05	1.414829e-02	1.447162e+01
1.929000e-05	1.005048e-02	1.439790e+01
1.930000e-05	1.048633e-02	1.429104e+01
1.931000e-05	9.732277e-03	1.413127e+01
1.932000e-05	9.716810e-03	1.398588e+01
1.933000e-05	6.991412e-03	1.385948e+01
1.934000e-05	6.832175e-03	1.373259e+01
1.935000e-05	7.566411e-03	1.354480e+01
1.936000e-05	7.126106e-03	1.339728e+01
1.937000e-05	4.123358e-03	1.323046e+01
1.938000e-05	5.937072e-03	1.310154e+01
1.939000e-05	6.064809e-03	1.293375e+01
1.940000e-05	5.405453e-03	1.276737e+01
1.941000e-05	2.857591e-03	1.257735e+01
1.942000e-05	2.243855e-03	1.243846e+01
1.943000e-05	3.960823e-03	1.223851e+01
1.944000e-05	2.817417e-03	1.209059e+01
1.945000e-05	2.729224e-03	1.182901e+01
1.946000e-05	1.685808e-03	1.166006e+01
1.947000e-05	3.926163e-03	1.144008e+01
1.948000e-05	2.168032e-03	1.123798e+01
1.949000e-05	2.215697e-03	1.101848e+01
1.950000e-05	8.996440e-04	1.078793e+01
1.951000e-05	1.360088e-03	1.059636e+01
1.952000e-05	5.754292e-04	1.037687e+01
1.953000e-05	6.571105e-04	1.018530e+01
1.954000e-05	-6.151389e-04	9.904744e+00
1.955000e-05	1.595434e-03	9.691160e+00
1.956000e-05	-2.652609e-04	9.461085e+00
1.957000e-05	4.447196e-04	9.249536e+00
1.958000e-05	-3.044059e-04	8.998407e+00
1.959000e-05	-3.095843e-04	8.766849e+00
1.960000e-05	-2.155776e-04	8.554719e+00
1.961000e-05	-1.231874e-03	8.301989e+00
1.962000e-05	-1.732308e-03	8.030031e+00
1.963000e-05	-2.342452e-03	7.725900e+00
1.964000e-05	-1.301127e-03	7.483699e+00
1.965000e-05	-2.459808e-03	7.188583e+00
1.966000e-05	-1.523378e-03	6.975374e+00
1.967000e-05	-2.516076e-03	6.692692e+00
1.968000e-05	-2.856456e-03	6.419032e+00
1.969000e-05	-1.637762e-03	6.146876e+00
1.970000e-05	-1.955910e-03	5.903791e+00
1.971000e-05	-4.617737e-03	5.660578e+00
1.972000e-05	-3.866284e-03	5.376297e+00
1.973000e-05	-3.989555e-03	4.999035e+00
1.974000e-05	-3.141728e-03	4.694670e+00
1.975000e-05	-3.977603e-03	4.421112e+00
1.976000e-05	-4.105112e-03	4.176370e+00
1.977000e-05	-3.941608e-03	3.850616e+00
1.978000e-05	-3.678091e-03	3.599499e+00
1.979000e-05	-4.795144e-03	3.293841e+00
1.980000e-05	-4.592967e-03	3.020628e+00
1.981000e-05	-4.285834e-03	2.707973e+00
1.982000e-05	-5.203652e-03	2.399583e+00
1.983000e-05	-5.563875e-03	2.146845e+00
1.984000e-05	-4.791762e-03	1.915242e+00
1.985000e-05	-5.024214e-03	1.558532e+00
1.986000e-05	-5.964452e-03	1.303190e+00
1.987000e-05	-6.110316e-03	9.168239e-01
1.988000e-05	-4.546562e-03	6.511356e-01
1.989000e-05	-3.650876e-03	4.104776e-01
1.990000e-05	-3.615881e-03	5.268959e-02
1.991000e-05	-6.721430e-04	-1.899698e-01
1.992000e-05	4.866103e-03	-4.430751e-01
1.993000e-05	-5.913755e-03	-7.668720e-01
1.994000e-05	-1.346152e-03	-1.001046e+00
1.995000e-05	-5.836197e-03	-1.254257e+00
1.996000e-05	-7.324032e-04	-1.621966e+00
1.997000e-05	1.158997e-03	-1.831078e+00
1.998000e-05	4.720269e-02	-2.051125e+00
1.999000e-05	8.588980e-02	-2.379995e+00
2.000000e-05	-7.758838e-02	-2.799944e+00
2.001000e-05	-3.608849e-02	-3.190294e+00
2.002000e-05	-4.775033e-02	-3.432599e+00
2.003000e-05	-3.656944e-02	-3.653053e+00
2.004000e-05	-4.671474e-02	-3.884209e+00
2.005000e-05	1.393590e-01	-4.062604e+00
2.006000e-05	-1.248304e-01	-4.357814e+00
2.007000e-05	7.909979e-02	-4.651553e+00
2.008000e-05	5.361704e-02	-4.873155e+00
2.009000e-05	-1.298366e-01	-5.232603e+00
2.010000e-05	1.045213e-01	-5.546262e+00
2.011000e-05	-1.717519e-01	-5.819972e+00
2.012000e-05	1.109447e-01	-6.084158e+00
2.013000e-05	-1.391440e-02	-6.265185e+00
2.014000e-05	-4.219769e-02	-6.652608e+00
2.015000e-05	1.051250e-01	-6.873155e+00
2.016000e-05	-1.165416e-01	-7.230497e+00
2.017000e-05	7.653522e-02	-7.472630e+00
2.018000e-05	-9.852073e-02	-7.684686e+00
2.019000e-05	2.714932e-02	-8.070554e+00
2.020000e-05	2.956982e-02	-8.271979e+00
2.021000e-05	-6.532634e-02	-8.505310e+00
2.022000e-05	9.941607e-02	-8.777394e+00
2.023000e-05	-1.160132e-01	-9.000946e+00
2.024000e-05	6.712830e-02	-9.232077e+00
2.025000e-05	-6.817360e-02	-9.521058e+00
2.026000e-05	2.051959e-02	-9.735241e+00
2.027000e-05	5.437575e-04	-9.915237e+00
2.028000e-05	-2.782737e-02	-1.017877e+01
2.029000e-05	4.371159e-02	-1.042737e+01
2.030000e-05	-7.022399e-02	-1.066053e+01
2.031000e-05	4.441556e-02	-1.083940e+01
2.032000e-05	-6.924443e-02	-1.098850e+01
2.033000e-05	4.026437e-02	-1.127105e+01
2.034000e-05	-4.091017e-02	-1.143108e+01
2.035000e-05	1.844534e-02	-1.169318e+01
2.036000e-05	-2.206038e-02	-1.190051e+01
2.037000e-05	-5.352463e-03	-1.209571e+01
2.038000e-05	-1.510053e-02	-1.231208e+01
2.039000e-05	-2.095583e-02	-1.248261e+01
2.040000e-05	6.432348e-03	-1.265003e+01
2.041000e-05	-2.780848e-02	-1.287945e+01
2.042000e-05	9.667973e-03	-1.299942e+01
2.043000e-05	-3.605182e-02	-1.317569e+01
2.044000e-05	1.208680e-02	-1.331261e+01
2.045000e-05	-3.584670e-02	-1.346203e+01
2.046000e-05	4.439091e-03	-1.364135e+01
2.047000e-05	-2.858344e-02	-1.378779e+01
2.048000e-05	-3.277200e-04	-1.390416e+01
2.049000e-05	-2.050269e-02	-1.407006e+01
2.050000e-05	-1.678281e-02	-1.419890e+01
2.051000e-05	-1.636975e-02	-1.430319e+01
2.052000e-05	-1.771489e-02	-1.447143e+01
2.053000e-05	-1.194059e-02	-1.458730e+01
2.054000e-05	-2.207693e-02	-1.468308e+01
2.055000e-05	-1.138654e-02	-1.477525e+01
2.056000e-05	-2.078427e-02	-1.487211e+01
2.057000e-05	-1.659129e-02	-1.498590e+01
2.058000e-05	-2.684100e-02	-1.503003e+01
2.059000e-05	-1.955549e-02	-1.511434e+01
2.060000e-05	-2.358511e-02	-1.524993e+01
2.061000e-05	-1.856591e-02	-1.530104e+01
2.062000e-05	-2.612827e-02	-1.536625e+01
2.063000e-05	-2.035338e-02	-1.542883e+01
2.064000e-05	-2.837495e-02	-1.545256e+01
2.065000e-05	-2.459152e-02	-1.551369e+01
2.066000e-05	-3.054214e-02	-1.558574e+01
2.067000e-05	-2.883370e-02	-1.561787e+01
2.068000e-05	-3.103446e-02	-1.561841e+01
2.069000e-05	-3.201277e-02	-1.566151e+01
2.070000e-05	-3.147616e-02	-1.572246e+01
2.071000e-05	-3.634567e-02	-1.569416e+01
2.072000e-05	-3.716325e-02	-1.571359e+01
2.073000e-05	-4.090636e-02	-1.574264e+01
2.074000e-05	-3.974458e-02	-1.572317e+01
2.075000e-05	-4.404617e-02	-1.572161e+01
2.076000e-05	-4.381045e-02	-1.570409e+01
2.077000e-05	-4.481055e-02	-1.568206e+01
2.078000e-05	-4.396611e-02	-1.565948e+01
2.079000e-05	-4.277752e-02	-1.559843e+01
2.080000e-05	-4.347576e-02	-1.558627e+01
2.081000e-05	-4.008454e-02	-1.555622e+01
2.082000e-05	-3.842898e-02	-1.549206e+01
2.083000e-05	-3.737266e-02	-1.546093e+01
2.084000e-05	-3.659735e-02	-1.537732e+01
2.085000e-05	-3.407673e-02	-1.530412e+01
2.086000e-05	-3.161296e-02	-1.526840e+01
2.087000e-05	-2.985180e-02	-1.515737e+01
2.088000e-05	-2.819568e-02	-1.510166e+01
2.089000e-05	-2.714101e-02	-1.499885e+01
2.090000e-05	-2.399044e-02	-1.491369e+01
2.091000e-05	-2.305793e-02	-1.485900e+01
2.092000e-05	-2.241357e-02	-1.475577e+01
2.093000e-05	-2.197607e-02	-1.460996e+01
2.094000e-05	-1.984243e-02	-1.452461e+01
2.095000e-05	-1.899089e-02	-1.437785e+01
2.096000e-05	-1.861188e-02	-1.429153e+01
2.097000e-05	-1.802262e-02	-1.413370e+01
2.098000e-05	-1.648918e-02	-1.401735e+01
2.099000e-05	-1.605354e-02	-1.390051e+01
2.100000e-05	-1.460634e-02	-1.373412e+01
2.101000e-05	-1.430634e-02	-1.354622e+01
2.102000e-05	-1.322339e-02	-1.340890e+01
2.103000e-05	-1.427558e-02	-1.325206e+01
2.104000e-05	-1.380050e-02	-1.311364e+01
2.105000e-05	-1.311064e-02	-1.296575e+01
2.106000e-05	-1.258107e-02	-1.280675e+01
2.107000e-05	-1.203372e-02	-1.259886e+01
2.108000e-05	-1.207657e-02	-1.245043e+01
2.109000e-05	-1.146585e-02	-1.222106e+01
2.110000e-05	-1.099271e-02	-1.209101e+01
2.111000e-05	-1.089811e-02	-1.186101e+01
2.112000e-05	-1.053323e-02	-1.163108e+01
2.113000e-05	-1.144870e-02	-1.139740e+01
2.114000e-05	-1.041906e-02	-1.115880e+01
2.115000e-05	-1.036196e-02	-1.101945e+01
2.116000e-05	-9.084935e-03	-1.074837e+01
2.117000e-05	-9.123072e-03	-1.056835e+01
2.118000e-05	-8.874988e-03	-1.033622e+01
2.119000e-05	-8.583111e-03	-1.013327e+01
2.120000e-05	-9.298520e-03	-9.881611e+00
2.121000e-05	-8.613745e-03	-9.703086e+00
2.122000e-05	-9.650379e-03	-9.460981e+00
2.123000e-05	-8.519776e-03	-9.209052e+00
2.124000e-05	-8.364669e-03	-8.955872e+00
2.125000e-05	-9.216704e-03	-8.713745e+00
2.126000e-05	-7.999019e-03	-8.503236e+00
2.127000e-05	-7.984777e-03	-8.210007e+00
2.128000e-05	-7.010065e-03	-7.987999e+00
2.129000e-05	-7.208945e-03	-7.715266e+00
2.130000e-05	-7.523153e-03	-7.441579e+00
2.131000e-05	-7.190683e-03	-7.176401e+00
2.132000e-05	-8.033123e-03	-6.964191e+00
2.133000e-05	-7.312380e-03	-6.663135e+00
2.134000e-05	-7.290091e-03	-6.408878e+00
2.135000e-05	-7.059377e-03	-6.174769e+00
2.136000e-05	-5.705495e-03	-5.842057e+00
2.137000e-05	-5.910839e-03	-5.608877e+00
2.138000e-05	-6.239850e-03	-5.272092e+00
2.139000e-05	-5.681242e-03	-4.958925e+00
2.140000e-05	-4.971743e-03	-4.631054e+00
2.141000e-05	-7.262662e-03	-4.379447e+00
2.142000e-05	-5.314428e-03	-4.178322e+00
2.143000e-05	-7.593040e-03	-3.872613e+00
2.144000e-05	-4.978637e-03	-3.560445e+00
2.145000e-05	-6.334036e-03	-3.327294e+00
2.146000e-05	-4.079878e-03	-3.020457e+00
2.147000e-05	-5.279790e-03	-2.746894e+00
2.148000e-05	-2.799002e-03	-2.433061e+00
2.149000e-05	-4.521204e-03	-2.136298e+00
2.150000e-05	-4.873507e-03	-1.865134e+00
2.151000e-05	-5.043958e-03	-1.570973e+00
2.152000e-05	-5.234061e-03	-1.261084e+00
2.153000e-05	-3.816898e-03	-9.468962e-01
2.154000e-05	-5.281294e-03	-6.837118e-01
2.155000e-05	-1.559782e-03	-3.578712e-01
2.156000e-05	-2.219110e-03	-9.429327e-02
2.157000e-05	8.256217e-03	1.884734e-01
2.158000e-05	3.327117e-03	4.742065e-01
2.159000e-05	1.724805e-03	7.077621e-01
2.160000e-05	1.764956e-03	1.008424e+00
2.161000e-05	4.172805e-04	1.305763e+00
2.162000e-05	1.101216e-03	1.619051e+00
2.163000e-05	4.009238e-03	1.883135e+00
2.164000e-05	3.029028e-02	2.105183e+00
2.165000e-05	8.104426e-02	2.420522e+00
2.166000e-05	-1.338699e-02	2.778948e+00
2.167000e-05	-5.692623e-02	3.063184e+00
2.168000e-05	-3.864682e-02	3.366848e+00
2.169000e-05	-4.471254e-03	3.651578e+00
2.170000e-05	-4.716968e-02	3.842632e+00
2.171000e-05	-2.269258e-02	4.023653e+00
2.172000e-05	1.022969e-01	4.387916e+00
2.173000e-05	-6.156100e-02	4.663634e+00
2.174000e-05	1.005920e-01	4.963185e+00
2.175000e-05	3.302140e-03	5.273683e+00
2.176000e-05	-7.008343e-02	5.545341e+00
2.177000e-05	5.188285e-02	5.798526e+00
2.178000e-05	-5.682608e-02	6.113636e+00
2.179000e-05	6.008952e-02	6.375821e+00
2.180000e-05	-3.016472e-02	6.651600e+00
2.181000e-05	1.366922e-02	6.916267e+00
2.182000e-05	4.763780e-02	7.156793e+00
2.183000e-05	-3.335165e-02	7.440657e+00
2.184000e-05	-3.621198e-03	7.736713e+00
2.185000e-05	-2.998123e-02	7.998932e+00
2.186000e-05	6.493867e-02	8.304665e+00
2.187000e-05	-1.601704e-02	8.485211e+00
2.188000e-05	-1.307543e-02	8.694789e+00
2.189000e-05	4.082486e-02	8.976425e+00
2.190000e-05	-2.194115e-02	9.248449e+00
2.191000e-05	2.051190e-02	9.492075e+00
2.192000e-05	-2.913487e-02	9.713216e+00
2.193000e-05	3.137496e-02	9.953738e+00
2.194000e-05	3.739526e-03	1.014589e+01
2.195000e-05	1.481200e-02	1.036682e+01
2.196000e-05	-1.931744e-03	1.058898e+01
2.197000e-05	-9.023495e-03	1.078740e+01
2.198000e-05	2.445675e-02	1.101102e+01
2.199000e-05	-1.240300e-02	1.123843e+01
2.200000e-05	1.660490e-02	1.139195e+01
2.201000e-05	-2.157926e-03	1.171108e+01
2.202000e-05	2.770945e-02	1.186321e+01
2.203000e-05	-4.478849e-03	1.206066e+01
2.204000e-05	5.801622e-03	1.223046e+01
2.205000e-05	-5.474819e-04	1.245948e+01
2.206000e-05	1.308985e-02	1.258845e+01
2.207000e-05	9.893271e-03	1.276690e+01
2.208000e-05	2.411078e-03	1.293632e+01
2.209000e-05	1.509149e-02	1.311319e+01
2.210000e-05	7.562860e-03	1.332916e+01
2.211000e-05	1.490728e-02	1.344038e+01
2.212000e-05	-2.740645e-03	1.354542e+01
2.213000e-05	1.327204e-02	1.372477e+01
2.214000e-05	9.606276e-03	1.389966e+01
2.215000e-05	1.510933e-02	1.405846e+01
2.216000e-05	5.323308e-03	1.420580e+01
2.217000e-05	1.164906e-02	1.433419e+01
2.218000e-05	1.468330e-02	1.441951e+01
2.219000e-05	1.007298e-02	1.458579e+01
2.220000e-05	1.111423e-02	1.469055e+01
2.221000e-05	1.275865e-02	1.475622e+01
2.222000e-05	1.916233e-02	1.482960e+01
2.223000e-05	1.237217e-02	1.491277e+01
2.224000e-05	1.386082e-02	1.501848e+01
2.225000e-05	1.548063e-02	1.509314e+01
2.226000e-05	1.748499e-02	1.517785e+01
2.227000e-05	1.680239e-02	1.528058e+01
2.228000e-05	1.626196e-02	1.532264e+01
2.229000e-05	1.985723e-02	1.539630e+01
2.230000e-05	2.156836e-02	1.542841e+01
2.231000e-05	2.227558e-02	1.550163e+01
2.232000e-05	1.987129e-02	1.549369e+01
2.233000e-05	2.419270e-02	1.560677e+01
2.234000e-05	2.664577e-02	1.555680e+01
2.235000e-05	2.696793e-02	1.561936e+01
2.236000e-05	2.623014e-02	1.565946e+01
2.237000e-05	2.911556e-02	1.564996e+01
2.238000e-05	3.364356e-02	1.570046e+01
2.239000e-05	3.342141e-02	1.567001e+01
2.240000e-05	3.494726e-02	1.569046e+01
2.241000e-05	3.487675e-02	1.565903e+01
2.242000e-05	4.021625e-02	1.567011e+01
2.243000e-05	3.886602e-02	1.562698e+01
2.244000e-05	3.662688e-02	1.561778e+01
2.245000e-05	3.645961e-02	1.555522e+01
2.246000e-05	3.586823e-02	1.554372e+01
2.247000e-05	3.434649e-02	1.551159e+01
2.248000e-05	3.036714e-02	1.545851e+01
2.249000e-05	2.965512e-02	1.540690e+01
2.250000e-05	2.875168e-02	1.534472e+01
2.251000e-05	2.625959e-02	1.524949e+01
2.252000e-05	2.383232e-02	1.522792e+01
2.253000e-05	2.103062e-02	1.516674e+01
2.254000e-05	2.129019e-02	1.505953e+01
2.255000e-05	1.823039e-02	1.495525e+01
2.256000e-05	1.613615e-02	1.487956e+01
2.257000e-05	1.523829e-02	1.475632e+01
2.258000e-05	1.520881e-02	1.465256e+01
2.259000e-05	1.385196e-02	1.455475e+01
2.260000e-05	1.170177e-02	1.445957e+01
2.261000e-05	1.169927e-02	1.434529e+01
2.262000e-05	1.099585e-02	1.420688e+01
2.263000e-05	9.970724e-03	1.406099e+01
2.264000e-05	7.590078e-03	1.389187e+01
2.265000e-05	8.192415e-03	1.384696e+01
2.266000e-05	6.636061e-03	1.364848e+01
2.267000e-05	7.528019e-03	1.348009e+01
2.268000e-05	5.082080e-03	1.332519e+01
2.269000e-05	6.247326e-03	1.314630e+01
2.270000e-05	5.109507e-03	1.300891e+01
2.271000e-05	5.636789e-03	1.286154e+01
2.272000e-05	3.656678e-03	1.270259e+01
2.273000e-05	5.175723e-03	1.253617e+01
2.274000e-05	4.151762e-03	1.232422e+01
2.275000e-05	3.294950e-03	1.217528e+01
2.276000e-05	2.027905e-03	1.200790e+01
2.277000e-05	2.144666e-03	1.175688e+01
2.278000e-05	2.022898e-03	1.158427e+01
2.279000e-05	2.564308e-03	1.131425e+01
2.280000e-05	1.929620e-03	1.111270e+01
2.281000e-05	2.567180e-03	1.095475e+01
2.282000e-05	2.003606e-03	1.074379e+01
2.283000e-05	9.638502e-04	1.051372e+01
2.284000e-05	3.548910e-04	1.026208e+01
2.285000e-05	-3.063869e-04	1.004106e+01
2.286000e-05	4.143347e-05	9.798981e+00
2.287000e-05	-3.974268e-04	9.616902e+00
2.288000e-05	-3.975565e-04	9.388320e+00
2.289000e-05	-3.129888e-04	9.104745e+00
2.290000e-05	2.855759e-04	8.903712e+00
2.291000e-05	-9.032514e-04	8.651511e+00
2.292000e-05	-1.137475e-05	8.409481e+00
2.293000e-05	-1.157185e-03	8.236378e+00
2.294000e-05	-2.410588e-03	7.942191e+00
2.295000e-05	-5.435868e-04	7.632036e+00
2.296000e-05	-6.185368e-03	7.356884e+00
2.297000e-05	-6.555530e-06	7.093216e+00
2.298000e-05	-5.107881e-03	6.861185e+00
2.299000e-05	4.565443e-04	6.549901e+00
2.300000e-05	-3.514868e-03	6.274691e+00
2.301000e-05	3.873409e-04	6.051608e+00
2.302000e-05	-2.927687e-03	5.807330e+00
2.303000e-05	-3.277055e-03	5.533692e+00
2.304000e-05	-5.557812e-03	5.219484e+00
2.305000e-05	-4.907062e-03	4.871161e+00
2.306000e-05	-3.921225e-03	4.578528e+00
2.307000e-05	-4.231336e-03	4.323771e+00
2.308000e-05	-3.282052e-04	4.019526e+00
2.309000e-05	-5.287673e-03	3.736720e+00
2.310000e-05	-6.055437e-04	3.492665e+00
2.311000e-05	-9.323942e-03	3.166378e+00
2.312000e-05	-1.732286e-03	2.904818e+00
2.313000e-05	-7.532460e-03	2.629536e+00
2.314000e-05	-2.244162e-03	2.305244e+00
2.315000e-05	-7.862858e-03	2.071008e+00
2.316000e-05	-2.399030e-03	1.768498e+00
2.317000e-05	-5.687617e-03	1.442089e+00
2.318000e-05	-6.087291e-03	1.138903e+00
2.319000e-05	-8.407414e-03	8.200514e-01
2.320000e-05	-3.470390e-03	5.352936e-01
2.321000e-05	-2.839619e-03	2.832408e-01
2.322000e-05	-3.754588e-03	-6.265259e-02
2.323000e-05	3.652253e-03	-3.057591e-01
2.324000e-05	-1.618267e-03	-5.263429e-01
2.325000e-05	-1.355372e-03	-8.106265e-01
2.326000e-05	-7.195346e-03	-1.145311e+00
2.327000e-05	-2.835530e-03	-1.410025e+00
2.328000e-05	-3.508117e-03	-1.722709e+00
2.329000e-05	1.677523e-02	-1.915714e+00
2.330000e-05	7.894085e-02	-2.138866e+00
2.331000e-05	2.075910e-02	-2.547843e+00
2.332000e-05	-7.769905e-02	-2.968838e+00
2.333000e-05	-3.096626e-02	-3.315183e+00
2.334000e-05	-4.336142e-02	-3.514636e+00
2.335000e-05	-6.173199e-02	-3.784742e+00
2.336000e-05	4.097476e-02	-3.997397e+00
2.337000e-05	7.351145e-02	-4.148341e+00
2.338000e-05	-1.333927e-01	-4.484153e+00
2.339000e-05	1.931503e-01	-4.735286e+00
2.340000e-05	-1.191720e-01	-5.021570e+00
2.341000e-05	1.561020e-02	-5.367880e+00
2.342000e-05	-9.266221e-03	-5.648921e+00
2.343000e-05	-1.157616e-01	-5.986842e+00
2.344000e-05	1.627369e-01	-6.167369e+00
2.345000e-05	-1.249667e-01	-6.483103e+00
2.346000e-05	9.492888e-02	-6.736317e+00
2.347000e-05	-2.323435e-02	-6.988948e+00
2.348000e-05	-4.608938e-02	-7.334162e+00
2.349000e-05	4.529660e-02	-7.556738e+00
2.350000e-05	-1.181200e-01	-7.893559e+00
2.351000e-05	1.098261e-01	-8.106212e+00
2.352000e-05	-7.824417e-02	-8.357812e+00
2.353000e-05	5.238218e-02	-8.632553e+00
2.354000e-05	1.592826e-03	-8.843105e+00
2.355000e-05	-6.910459e-02	-9.126264e+00
2.356000e-05	5.757582e-02	-9.335786e+00
2.357000e-05	-9.223304e-02	-9.587421e+00
2.358000e-05	7.974012e-02	-9.829400e+00
2.359000e-05	-7.526720e-02	-1.001955e+01
2.360000e-05	5.393422e-02	-1.023911e+01
2.361000e-05	-3.753950e-02	-1.046308e+01
2.362000e-05	-4.278514e-03	-1.070514e+01
2.363000e-05	-8.516636e-03	-1.092366e+01
2.364000e-05	-3.391774e-02	-1.114519e+01
2.365000e-05	2.881309e-02	-1.136563e+01
2.366000e-05	-4.135124e-02	-1.157729e+01
2.367000e-05	2.904113e-02	-1.177637e+01
2.368000e-05	-4.365652e-02	-1.201582e+01
2.369000e-05	1.704723e-02	-1.219832e+01
2.370000e-05	-4.448549e-02	-1.239479e+01
2.371000e-05	1.159139e-02	-1.254684e+01
2.372000e-05	-2.430061e-02	-1.273266e+01
2.373000e-05	4.911527e-03	-1.295413e+01
2.374000e-05	-1.913167e-02	-1.308156e+01
2.375000e-05	-1.185436e-02	-1.322045e+01
2.376000e-05	-9.234795e-03	-1.337732e+01
2.377000e-05	-2.337176e-02	-1.351263e+01
2.378000e-05	-4.087839e-03	-1.366358e+01
2.379000e-05	-2.624835e-02	-1.383103e+01
2.380000e-05	2.611113e-03	-1.401535e+01
2.381000e-05	-2.692160e-02	-1.413416e+01
2.382000e-05	-6.281687e-03	-1.423856e+01
2.383000e-05	-2.515974e-02	-1.437427e+01
2.384000e-05	-9.904535e-03	-1.450256e+01
2.385000e-05	-2.185285e-02	-1.462935e+01
2.386000e-05	-1.555548e-02	-1.472416e+01
2.387000e-05	-1.840104e-02	-1.482792e+01
2.388000e-05	-1.762789e-02	-1.491264e+01
2.389000e-05	-1.991468e-02	-1.502785e+01
2.390000e-05	-2.321133e-02	-1.508001e+01
2.391000e-05	-2.078033e-02	-1.519432e+01
2.392000e-05	-2.169168e-02	-1.527790e+01
2.393000e-05	-2.083100e-02	-1.532156e+01
2.394000e-05	-2.485817e-02	-1.536877e+01
2.395000e-05	-2.400528e-02	-1.542088e+01
2.396000e-05	-2.679889e-02	-1.549156e+01
2.397000e-05	-2.570969e-02	-1.553469e+01
2.398000e-05	-3.086054e-02	-1.556735e+01
2.399000e-05	-2.735997e-02	-1.561893e+01
2.400000e-05	-3.185769e-02	-1.567856e+01
2.401000e-05	-3.132428e-02	-1.567106e+01
2.402000e-05	-3.500046e-02	-1.571256e+01
2.403000e-05	-3.592050e-02	-1.570319e+01
2.404000e-05	-3.867492e-02	-1.573417e+01
2.405000e-05	-4.131011e-02	-1.572514e+01
2.406000e-05	-4.124730e-02	-1.571311e+01
2.407000e-05	-4.277748e-02	-1.568406e+01
2.408000e-05	-4.300563e-02	-1.568208e+01
2.409000e-05	-4.493261e-02	-1.565856e+01
2.410000e-05	-4.435285e-02	-1.563901e+01
2.411000e-05	-4.243618e-02	-1.562998e+01
2.412000e-05	-4.081233e-02	-1.556580e+01
2.413000e-05	-3.987412e-02	-1.554271e+01
2.414000e-05	-3.879773e-02	-1.546106e+01
2.415000e-05	-3.490547e-02	-1.542885e+01
2.416000e-05	-3.525558e-02	-1.538672e+01
2.417000e-05	-3.301519e-02	-1.529254e+01
2.418000e-05	-3.162886e-02	-1.518790e+01
2.419000e-05	-2.843490e-02	-1.515377e+01
2.420000e-05	-2.802902e-02	-1.505261e+01
2.421000e-05	-2.562014e-02	-1.497532e+01
2.422000e-05	-2.384776e-02	-1.493209e+01
2.423000e-05	-2.244116e-02	-1.476740e+01
2.424000e-05	-2.166091e-02	-1.468316e+01
2.425000e-05	-2.071154e-02	-1.461687e+01
2.426000e-05	-2.019558e-02	-1.446208e+01
2.427000e-05	-1.895636e-02	-1.433369e+01
2.428000e-05	-1.833529e-02	-1.421693e+01
2.429000e-05	-1.773877e-02	-1.409111e+01
2.430000e-05	-1.657810e-02	-1.396382e+01
2.431000e-05	-1.637486e-02	-1.379783e+01
2.432000e-05	-1.459335e-02	-1.367038e+01
2.433000e-05	-1.399152e-02	-1.348409e+01
2.434000e-05	-1.279470e-02	-1.334582e+01
2.435000e-05	-1.338155e-02	-1.319785e+01
2.436000e-05	-1.286544e-02	-1.304206e+01
2.437000e-05	-1.201532e-02	-1.291304e+01
2.438000e-05	-1.292180e-02	-1.270369e+01
2.439000e-05	-1.206586e-02	-1.253569e+01
2.440000e-05	-1.229457e-02	-1.234380e+01
2.441000e-05	-1.162064e-02	-1.218680e+01
2.442000e-05	-1.075886e-02	-1.198530e+01
2.443000e-05	-1.053493e-02	-1.180630e+01
2.444000e-05	-1.067496e-02	-1.157414e+01
2.445000e-05	-1.020955e-02	-1.130269e+01
2.446000e-05	-1.016205e-02	-1.108218e+01
2.447000e-05	-1.099840e-02	-1.090461e+01
2.448000e-05	-1.016852e-02	-1.069219e+01
2.449000e-05	-1.023448e-02	-1.049209e+01
2.450000e-05	-9.141285e-03	-1.026156e+01
2.451000e-05	-9.973251e-03	-1.003046e+01
2.452000e-05	-7.646879e-03	-9.828404e+00
2.453000e-05	-8.154929e-03	-9.588427e+00
2.454000e-05	-8.751065e-03	-9.334719e+00
2.455000e-05	-8.838063e-03	-9.115815e+00
2.456000e-05	-8.118098e-03	-8.863187e+00
2.457000e-05	-8.022890e-03	-8.608510e+00
2.458000e-05	-7.977971e-03	-8.415847e+00
2.459000e-05	-8.789429e-03	-8.186749e+00
2.460000e-05	-7.935534e-03	-7.883183e+00
2.461000e-05	-7.191951e-03	-7.597950e+00
2.462000e-05	-7.451102e-03	-7.366371e+00
2.463000e-05	-6.402430e-03	-7.071112e+00
2.464000e-05	-7.519269e-03	-6.798025e+00
2.465000e-05	-6.286158e-03	-6.565351e+00
2.466000e-05	-7.382415e-03	-6.242614e+00
2.467000e-05	-6.265408e-03	-5.999003e+00
2.468000e-05	-7.761551e-03	-5.766796e+00
2.469000e-05	-6.586110e-03	-5.450661e+00
2.470000e-05	-6.763112e-03	-5.146251e+00
2.471000e-05	-4.316942e-03	-4.840506e+00
2.472000e-05	-5.456903e-03	-4.516220e+00
2.473000e-05	-6.476329e-03	-4.305741e+00
2.474000e-05	-5.409768e-03	-4.061559e+00
2.475000e-05	-6.427943e-03	-3.765893e+00
2.476000e-05	-5.344414e-03	-3.494137e+00
2.477000e-05	-6.399140e-03	-3.211022e+00
2.478000e-05	-4.359909e-03	-2.903216e+00
2.479000e-05	-5.094877e-03	-2.601525e+00
2.480000e-05	-4.192097e-03	-2.316319e+00
2.481000e-05	-4.300673e-03	-2.030975e+00
2.482000e-05	-5.408985e-03	-1.736923e+00
2.483000e-05	-3.950393e-03	-1.460708e+00
2.484000e-05	-4.976439e-03	-1.125291e+00
2.485000e-05	-3.537917e-03	-8.510543e-01
2.486000e-05	-2.481183e-03	-5.663187e-01
2.487000e-05	-1.813787e-03	-2.726617e-01
2.488000e-05	9.813197e-04	3.310645e-02
2.489000e-05	8.645820e-03	3.158919e-01
2.490000e-05	-2.455461e-03	5.779973e-01
2.491000e-05	3.148434e-03	8.530625e-01
2.492000e-05	-2.301093e-03	1.117442e+00
2.493000e-05	3.948754e-03	1.392497e+00
2.494000e-05	-8.536857e-05	1.747400e+00
2.495000e-05	1.409839e-02	1.947447e+00
2.496000e-05	4.901872e-02	2.201501e+00
2.497000e-05	7.034533e-02	2.567393e+00
2.498000e-05	-6.373189e-02	2.885713e+00
2.499000e-05	-4.063739e-02	3.170449e+00
2.500000e-05	-3.154391e-02	3.482686e+00
2.501000e-05	-5.468964e-03	3.715193e+00
2.502000e-05	-6.268454e-02	3.967341e+00
2.503000e-05	3.940388e-02	4.128845e+00
2.504000e-05	5.814978e-02	4.463762e+00
2.505000e-05	-5.265240e-02	4.746843e+00
2.506000e-05	1.481974e-01	5.070533e+00
2.507000e-05	-1.069376e-01	5.399975e+00
2.508000e-05	1.856673e-02	5.631575e+00
2.509000e-05	-4.224438e-03	5.985316e+00
2.510000e-05	-1.776730e-02	6.197876e+00
2.511000e-05	4.938551e-02	6.432632e+00
2.512000e-05	-5.217887e-02	6.748394e+00
2.513000e-05	6.812188e-02	6.958526e+00
2.514000e-05	-6.300425e-03	7.262764e+00
2.515000e-05	-1.318973e-02	7.597972e+00
2.516000e-05	-2.811380e-02	7.841586e+00
2.517000e-05	1.344844e-02	8.155796e+00
2.518000e-05	4.944896e-02	8.366946e+00
2.519000e-05	-4.139072e-02	8.619953e+00
2.520000e-05	2.764859e-02	8.889504e+00
2.521000e-05	1.057085e-02	9.081129e+00
2.522000e-05	-5.554933e-03	9.315663e+00
2.523000e-05	2.190503e-04	9.545262e+00
2.524000e-05	-1.189489e-02	9.807323e+00
2.525000e-05	3.206300e-02	1.007008e+01
2.526000e-05	1.024816e-03	1.022953e+01
2.527000e-05	1.646478e-02	1.049003e+01
2.528000e-05	-1.460323e-02	1.071211e+01
2.529000e-05	1.204503e-02	1.087269e+01
2.530000e-05	5.426028e-03	1.109221e+01
2.531000e-05	-3.724801e-03	1.133474e+01
2.532000e-05	9.959449e-03	1.155634e+01
2.533000e-05	1.000282e-02	1.179532e+01
2.534000e-05	1.915060e-02	1.194487e+01
2.535000e-05	-4.455579e-03	1.217535e+01
2.536000e-05	6.749319e-03	1.229332e+01
2.537000e-05	3.340900e-03	1.248417e+01
2.538000e-05	1.330518e-02	1.269059e+01
2.539000e-05	3.327854e-03	1.286056e+01
2.540000e-05	8.879002e-03	1.301048e+01
2.541000e-05	1.238171e-02	1.318488e+01
2.542000e-05	1.202358e-02	1.337372e+01
2.543000e-05	6.320868e-03	1.349266e+01
2.544000e-05	4.942983e-03	1.366053e+01
2.545000e-05	1.224564e-02	1.380893e+01
2.546000e-05	1.463141e-02	1.393524e+01
2.547000e-05	9.589772e-03	1.408004e+01
2.548000e-05	7.093108e-03	1.428950e+01
2.549000e-05	1.306736e-02	1.438728e+01
2.550000e-05	1.529490e-02	1.447314e+01
2.551000e-05	8.192888e-03	1.459685e+01
2.552000e-05	9.494621e-03	1.468314e+01
2.553000e-05	1.713702e-02	1.479735e+01
2.554000e-05	1.781629e-02	1.488267e+01
2.555000e-05	1.418213e-02	1.500732e+01
2.556000e-05	1.183330e-02	1.506058e+01
2.557000e-05	1.809747e-02	1.509324e+01
2.558000e-05	1.686527e-02	1.521693e+01
2.559000e-05	1.691699e-02	1.529156e+01
2.560000e-05	1.506270e-02	1.537577e+01
2.561000e-05	1.996672e-02	1.541793e+01
2.562000e-05	2.342502e-02	1.545696e+01
2.563000e-05	2.154085e-02	1.547161e+01
2.564000e-05	2.142907e-02	1.557277e+01
2.565000e-05	2.464318e-02	1.558673e+01
2.566000e-05	2.894161e-02	1.560833e+01
2.567000e-05	2.595541e-02	1.560846e+01
2.568000e-05	2.728417e-02	1.564843e+01
2.569000e-05	3.042549e-02	1.570054e+01
2.570000e-05	3.414149e-02	1.568799e+01
2.571000e-05	3.316443e-02	1.568159e+01
2.572000e-05	3.396109e-02	1.569048e+01
2.573000e-05	3.825602e-02	1.565988e+01
2.574000e-05	4.007941e-02	1.567943e+01
2.575000e-05	3.867640e-02	1.561741e+01
2.576000e-05	3.607241e-02	1.556585e+01
2.577000e-05	3.736338e-02	1.557530e+01
2.578000e-05	3.489422e-02	1.548367e+01
2.579000e-05	3.328370e-02	1.548906e+01
2.580000e-05	2.741994e-02	1.542731e+01
2.581000e-05	2.893124e-02	1.536573e+01
2.582000e-05	2.835244e-02	1.529157e+01
2.583000e-05	2.471952e-02	1.519908e+01
2.584000e-05	2.257823e-02	1.515535e+01
2.585000e-05	2.125934e-02	1.509221e+01
2.586000e-05	2.230530e-02	1.502803e+01
2.587000e-05	1.664265e-02	1.494269e+01
2.588000e-05	1.552927e-02	1.481746e+01
2.589000e-05	1.485202e-02	1.474614e+01
2.590000e-05	1.476813e-02	1.461791e+01
2.591000e-05	1.275617e-02	1.455361e+01
2.592000e-05	1.028725e-02	1.437791e+01
2.593000e-05	1.153773e-02	1.430306e+01
2.594000e-05	1.027970e-02	1.415328e+01
2.595000e-05	9.916017e-03	1.399848e+01
2.596000e-05	7.616478e-03	1.391956e+01
2.597000e-05	9.973974e-03	1.373217e+01
2.598000e-05	6.965343e-03	1.357637e+01
2.599000e-05	6.609090e-03	1.338796e+01
2.600000e-05	3.969057e-03	1.328056e+01
2.601000e-05	7.455082e-03	1.310319e+01
2.602000e-05	3.446867e-03	1.295425e+01
2.603000e-05	5.080521e-03	1.279682e+01
2.604000e-05	3.477943e-03	1.261995e+01
2.605000e-05	6.521885e-03	1.245996e+01
2.606000e-05	2.814101e-03	1.224148e+01
2.607000e-05	3.453064e-03	1.211161e+01
2.608000e-05	1.526363e-04	1.186211e+01
2.609000e-05	3.501586e-03	1.170201e+01
2.610000e-05	8.212105e-04	1.145164e+01
2.611000e-05	2.676335e-03	1.127103e+01
2.612000e-05	2.768629e-03	1.103003e+01
2.613000e-05	3.008841e-03	1.085991e+01
2.614000e-05	1.628516e-03	1.064091e+01
2.615000e-05	-3.505854e-04	1.040798e+01
2.616000e-05	6.836663e-04	1.020785e+01
2.617000e-05	4.971838e-04	9.954822e+00
2.618000e-05	-4.938627e-05	9.743296e+00
2.619000e-05	-1.366777e-03	9.461617e+00
2.620000e-05	1.758234e-03	9.271637e+00
2.621000e-05	1.495927e-03	9.039456e+00
2.622000e-05	-4.067175e-04	8.777902e+00
2.623000e-05	-4.174741e-03	8.595823e+00
2.624000e-05	-1.878418e-04	8.344147e+00
2.625000e-05	-1.495384e-03	8.092590e+00
2.626000e-05	-2.052769e-03	7.808958e+00
2.627000e-05	-2.930426e-03	7.534269e+00
2.628000e-05	-9.668833e-04	7.241660e+00
2.629000e-05	1.436251e-03	6.987479e+00
2.630000e-05	-3.986319e-03	6.718294e+00
2.631000e-05	-4.294462e-03	6.462168e+00
2.632000e-05	-3.570715e-03	6.219882e+00
2.633000e-05	-1.175849e-03	5.966826e+00
2.634000e-05	-5.266888e-03	5.712637e+00
2.635000e-05	-3.786315e-03	5.389579e+00
2.636000e-05	-2.847076e-03	5.092538e+00
2.637000e-05	-7.070305e-05	4.686799e+00
2.638000e-05	-4.313798e-03	4.503164e+00
2.639000e-05	-5.490468e-03	4.228905e+00
2.640000e-05	-4.545845e-03	3.874193e+00
2.641000e-05	-3.300309e-03	3.642157e+00
2.642000e-05	-5.241939e-03	3.385851e+00
2.643000e-05	-7.168608e-03	3.062638e+00
2.644000e-05	-4.256047e-03	2.809950e+00
2.645000e-05	-3.835667e-03	2.503190e+00
2.646000e-05	-4.182626e-03	2.221025e+00
2.647000e-05	-6.331884e-03	1.955947e+00
2.648000e-05	-4.312684e-03	1.671509e+00
2.649000e-05	-4.247653e-03	1.306296e+00
2.650000e-05	-6.984528e-03	9.899609e-01
2.651000e-05	-8.268607e-03	7.052425e-01
2.652000e-05	-5.884649e-03	4.220578e-01
2.653000e-05	-2.641324e-03	9.584490e-02
2.654000e-05	-1.515609e-03	-1.568884e-01
2.655000e-05	6.185035e-03	-4.309736e-01
2.656000e-05	-5.505450e-03	-7.041802e-01
2.657000e-05	1.745979e-03	-9.479132e-01
2.658000e-05	-7.363101e-03	-1.210575e+00
2.659000e-05	-2.140724e-03	-1.557921e+00
2.660000e-05	-3.210087e-03	-1.778945e+00
2.661000e-05	3.639628e-02	-2.029927e+00
2.662000e-05	9.490698e-02	-2.356288e+00
2.663000e-05	-6.129552e-02	-2.716686e+00
2.664000e-05	-4.422405e-02	-3.124810e+00
2.665000e-05	-4.361689e-02	-3.392374e+00
2.666000e-05	-3.162017e-02	-3.621472e+00
2.667000e-05	-6.307721e-02	-3.861604e+00
2.668000e-05	1.305814e-01	-4.032049e+00
2.669000e-05	-7.974617e-02	-4.304682e+00
2.670000e-05	1.344091e-02	-4.606944e+00
2.671000e-05	1.098871e-01	-4.850971e+00
2.672000e-05	-1.612120e-01	-5.219016e+00
2.673000e-05	1.122198e-01	-5.473162e+00
2.674000e-05	-1.496454e-01	-5.797843e+00
2.675000e-05	5.187766e-02	-6.082584e+00
2.676000e-05	4.788179e-02	-6.271078e+00
2.677000e-05	-8.972051e-02	-6.608899e+00
2.678000e-05	1.318058e-01	-6.850596e+00
2.679000e-05	-1.159918e-01	-7.126240e+00
2.680000e-05	5.800345e-02	-7.470501e+00
2.681000e-05	-6.357634e-02	-7.682529e+00
2.682000e-05	-2.037626e-02	-8.008949e+00
2.683000e-05	6.930837e-02	-8.219974e+00
2.684000e-05	-9.251677e-02	-8.453606e+00
2.685000e-05	1.124301e-01	-8.754712e+00
2.686000e-05	-1.032125e-01	-8.975844e+00
2.687000e-05	4.048437e-02	-9.219974e+00
2.688000e-05	-3.397155e-02	-9.409953e+00
2.689000e-05	-1.782258e-02	-9.684659e+00
2.690000e-05	3.413912e-02	-9.904108e+00
2.691000e-05	-5.918567e-02	-1.014476e+01
2.692000e-05	6.579596e-02	-1.038529e+01
2.693000e-05	-7.924713e-02	-1.056840e+01
2.694000e-05	4.587996e-02	-1.076832e+01
2.695000e-05	-6.500126e-02	-1.099690e+01
2.696000e-05	2.914010e-02	-1.120795e+01
2.697000e-05	-2.576980e-02	-1.142038e+01
2.698000e-05	3.027920e-03	-1.168349e+01
2.699000e-05	-5.686400e-03	-1.183001e+01
2.700000e-05	-1.998633e-02	-1.210298e+01
2.701000e-05	-1.946169e-03	-1.227201e+01
2.702000e-05	-3.457700e-02	-1.245103e+01
2.703000e-05	1.320451e-02	-1.261995e+01
2.704000e-05	-3.175093e-02	-1.280838e+01
2.705000e-05	1.485606e-02	-1.296775e+01
2.706000e-05	-3.533191e-02	-1.311461e+01
2.707000e-05	1.045696e-02	-1.326256e+01
2.708000e-05	-3.248774e-02	-1.342993e+01
2.709000e-05	-1.901807e-03	-1.360585e+01
2.710000e-05	-2.385828e-02	-1.380566e+01
2.711000e-05	-7.786445e-03	-1.390316e+01
2.712000e-05	-1.383258e-02	-1.404935e+01
2.713000e-05	-1.990144e-02	-1.415680e+01
2.714000e-05	-1.125335e-02	-1.431364e+01
2.715000e-05	-2.273397e-02	-1.446895e+01
2.716000e-05	-1.058164e-02	-1.455619e+01
2.717000e-05	-2.378906e-02	-1.466155e+01
2.718000e-05	-1.062891e-02	-1.475571e+01
2.719000e-05	-2.249507e-02	-1.485951e+01
2.720000e-05	-1.541459e-02	-1.496534e+01
2.721000e-05	-2.431716e-02	-1.505005e+01
2.722000e-05	-1.888450e-02	-1.511314e+01
2.723000e-05	-2.436034e-02	-1.523734e+01
2.724000e-05	-2.020110e-02	-1.527098e+01
2.725000e-05	-2.496963e-02	-1.538464e+01
2.726000e-05	-2.244385e-02	-1.539927e+01
2.727000e-05	-2.507409e-02	-1.547150e+01
2.728000e-05	-2.516735e-02	-1.550311e+01
2.729000e-05	-2.816159e-02	-1.555574e+01
2.730000e-05	-3.010404e-02	-1.558789e+01
2.731000e-05	-3.011692e-02	-1.563795e+01
2.732000e-05	-3.313452e-02	-1.564901e+01
2.733000e-05	-3.225493e-02	-1.568161e+01
2.734000e-05	-3.689270e-02	-1.570306e+01
2.735000e-05	-3.556614e-02	-1.575319e+01
2.736000e-05	-3.916763e-02	-1.571316e+01
2.737000e-05	-3.829996e-02	-1.568259e+01
2.738000e-05	-4.422376e-02	-1.571206e+01
2.739000e-05	-4.355699e-02	-1.568258e+01
2.740000e-05	-4.405829e-02	-1.569149e+01
2.741000e-05	-4.339503e-02	-1.564053e+01
2.742000e-05	-4.436744e-02	-1.561793e+01
2.743000e-05	-4.375422e-02	-1.559634e+01
2.744000e-05	-3.925571e-02	-1.557477e+01
2.745000e-05	-3.906380e-02	-1.552306e+01
2.746000e-05	-3.788873e-02	-1.544098e+01
2.747000e-05	-3.594411e-02	-1.542777e+01
2.748000e-05	-3.257668e-02	-1.537259e+01
2.749000e-05	-3.097356e-02	-1.525101e+01
2.750000e-05	-3.100558e-02	-1.519730e+01
2.751000e-05	-2.888945e-02	-1.511261e+01
2.752000e-05	-2.645341e-02	-1.502946e+01
2.753000e-05	-2.505555e-02	-1.495412e+01
2.754000e-05	-2.427904e-02	-1.487001e+01
2.755000e-05	-2.263093e-02	-1.475584e+01
2.756000e-05	-2.020627e-02	-1.466046e+01
2.757000e-05	-1.915880e-02	-1.453524e+01
2.758000e-05	-1.940677e-02	-1.440895e+01
2.759000e-05	-1.964267e-02	-1.432354e+01
2.760000e-05	-1.783740e-02	-1.415477e+01
2.761000e-05	-1.681663e-02	-1.402840e+01
2.762000e-05	-1.739951e-02	-1.390311e+01
2.763000e-05	-1.693418e-02	-1.371569e+01
2.764000e-05	-1.388919e-02	-1.355687e+01
2.765000e-05	-1.363896e-02	-1.344951e+01
2.766000e-05	-1.349590e-02	-1.330356e+01
2.767000e-05	-1.304154e-02	-1.312516e+01
2.768000e-05	-1.171532e-02	-1.297728e+01
2.769000e-05	-1.223581e-02	-1.285688e+01
2.770000e-05	-1.320876e-02	-1.262003e+01
2.771000e-05	-1.283673e-02	-1.243306e+01
2.772000e-05	-1.235140e-02	-1.228061e+01
2.773000e-05	-1.178942e-02	-1.210154e+01
2.774000e-05	-1.170956e-02	-1.191309e+01
2.775000e-05	-1.130509e-02	-1.170306e+01
2.776000e-05	-1.080135e-02	-1.145788e+01
2.777000e-05	-9.521843e-03	-1.123886e+01
2.778000e-05	-9.639539e-03	-1.103695e+01
2.779000e-05	-1.068514e-02	-1.077942e+01
2.780000e-05	-1.109763e-02	-1.059948e+01
2.781000e-05	-9.960701e-03	-1.039782e+01
2.782000e-05	-9.237957e-03	-1.014479e+01
2.783000e-05	-9.774165e-03	-9.924694e+00
2.784000e-05	-1.071167e-02	-9.735748e+00
2.785000e-05	-7.607424e-03	-9.454588e+00
2.786000e-05	-6.400012e-03	-9.330608e+00
2.787000e-05	-8.285033e-03	-8.999429e+00
2.788000e-05	-9.095063e-03	-8.809452e+00
2.789000e-05	-7.400941e-03	-8.534740e+00
2.790000e-05	-7.393895e-03	-8.213635e+00
2.791000e-05	-8.634185e-03	-8.082457e+00
2.792000e-05	-7.977299e-03	-7.746903e+00
2.793000e-05	-9.257433e-03	-7.482686e+00
2.794000e-05	-4.669111e-03	-7.251557e+00
2.795000e-05	-9.528761e-03	-6.988350e+00
2.796000e-05	-5.521001e-03	-6.684213e+00
2.797000e-05	-5.019979e-03	-6.512988e+00
2.798000e-05	-3.769111e-03	-6.166802e+00
2.799000e-05	-5.844636e-03	-5.924164e+00
2.800000e-05	-9.032433e-03	-5.642555e+00
2.801000e-05	-7.448932e-03	-5.334769e+00
2.802000e-05	-8.633225e-03	-5.070578e+00
2.803000e-05	-5.076821e-03	-4.723188e+00
2.804000e-05	-7.476650e-03	-4.471078e+00
2.805000e-05	-2.874015e-03	-4.240053e+00
2.806000e-05	-5.068353e-03	-3.897218e+00
2.807000e-05	-4.442101e-03	-3.662054e+00
2.808000e-05	-9.810804e-03	-3.337869e+00
2.809000e-05	-3.981143e-03	-3.043587e+00
2.810000e-05	-6.045384e-03	-2.757371e+00
2.811000e-05	-2.941265e-03	-2.486287e+00
2.812000e-05	-6.200351e-03	-2.229482e+00
2.813000e-05	-3.433360e-03	-1.894215e+00
2.814000e-05	-4.086732e-03	-1.629604e+00
2.815000e-05	-4.591218e-03	-1.306283e+00
2.816000e-05	-5.632499e-03	-1.029474e+00
2.817000e-05	-5.038856e-03	-7.461962e-01
2.818000e-05	-1.470273e-03	-4.206001e-01
2.819000e-05	-2.276885e-03	-1.168172e-01
2.820000e-05	5.349010e-03	1.378380e-01
2.821000e-05	6.033374e-03	4.330251e-01
2.822000e-05	3.414069e-04	6.632590e-01
2.823000e-05	3.644564e-04	9.893658e-01
2.824000e-05	-2.176636e-03	1.234157e+00
2.825000e-05	2.735984e-03	1.525893e+00
2.826000e-05	2.813862e-03	1.922129e+00
2.827000e-05	2.484628e-02	2.063156e+00
2.828000e-05	7.457742e-02	2.316393e+00
2.829000e-05	1.473173e-02	2.704291e+00
2.830000e-05	-6.457333e-02	3.040524e+00
2.831000e-05	-4.001724e-02	3.265263e+00
2.832000e-05	-1.463250e-02	3.619924e+00
2.833000e-05	-3.236896e-02	3.801029e+00
2.834000e-05	-4.030848e-02	4.050076e+00
2.835000e-05	9.531093e-02	4.353262e+00
2.836000e-05	-3.807933e-02	4.600027e+00
2.837000e-05	5.837062e-02	4.851158e+00
2.838000e-05	5.775233e-02	5.240024e+00
2.839000e-05	-9.999627e-02	5.523189e+00
2.840000e-05	5.727994e-02	5.764821e+00
2.841000e-05	-5.286675e-02	6.041633e+00
2.842000e-05	4.582066e-02	6.294134e+00
2.843000e-05	-1.084388e-02	6.597472e+00
2.844000e-05	-1.366932e-02	6.872610e+00
2.845000e-05	6.586744e-02	7.117244e+00
2.846000e-05	-3.409106e-02	7.430076e+00
2.847000e-05	3.307838e-04	7.703183e+00
2.848000e-05	-3.910603e-02	7.987348e+00
2.849000e-05	5.958622e-02	8.251555e+00
2.850000e-05	1.856708e-03	8.483658e+00
2.851000e-05	-2.669824e-02	8.713612e+00
2.852000e-05	4.323655e-02	8.933292e+00
2.853000e-05	-1.878968e-02	9.198346e+00
2.854000e-05	1.807513e-02	9.418501e+00
2.855000e-05	-2.692499e-02	9.641055e+00
2.856000e-05	2.140557e-02	9.922112e+00
2.857000e-05	1.126396e-02	1.011519e+01
2.858000e-05	1.245057e-02	1.032519e+01
2.859000e-05	5.170175e-03	1.058630e+01
2.860000e-05	-1.334014e-02	1.076430e+01
2.861000e-05	2.619219e-02	1.098785e+01
2.862000e-05	-1.150393e-02	1.121092e+01
2.863000e-05	1.315766e-02	1.141793e+01
2.864000e-05	-3.293575e-03	1.167003e+01
2.865000e-05	2.649783e-02	1.185256e+01
2.866000e-05	1.434464e-03	1.203950e+01
2.867000e-05	5.414328e-03	1.221901e+01
2.868000e-05	2.071129e-04	1.242603e+01
2.869000e-05	1.136687e-02	1.258985e+01
2.870000e-05	1.101000e-02	1.273527e+01
2.871000e-05	1.624862e-03	1.296379e+01
2.872000e-05	1.250634e-02	1.310061e+01
2.873000e-05	8.842396e-03	1.325060e+01
2.874000e-05	1.572560e-02	1.341028e+01
2.875000e-05	-2.778848e-03	1.356627e+01
2.876000e-05	1.172670e-02	1.370471e+01
2.877000e-05	1.062334e-02	1.385899e+01
2.878000e-05	1.683298e-02	1.399780e+01
2.879000e-05	5.015452e-03	1.415337e+01
2.880000e-05	1.005747e-02	1.429372e+01
2.881000e-05	1.641969e-02	1.444691e+01
2.882000e-05	1.163800e-02	1.455472e+01
2.883000e-05	9.280500e-03	1.465046e+01
2.884000e-05	9.342564e-03	1.474822e+01
2.885000e-05	2.088789e-02	1.481055e+01
2.886000e-05	1.446626e-02	1.493579e+01
2.887000e-05	1.373022e-02	1.499743e+01
2.888000e-05	1.316670e-02	1.508316e+01
2.889000e-05	1.994469e-02	1.514587e+01
2.890000e-05	1.842560e-02	1.522953e+01
2.891000e-05	1.411260e-02	1.528359e+01
2.892000e-05	1.838630e-02	1.537577e+01
2.893000e-05	2.119987e-02	1.542653e+01
2.894000e-05	2.257596e-02	1.546956e+01
2.895000e-05	1.810940e-02	1.550367e+01
2.896000e-05	2.421954e-02	1.559479e+01
2.897000e-05	2.592656e-02	1.559682e+01
2.898000e-05	2.931535e-02	1.564745e+01
2.899000e-05	2.652895e-02	1.561893e+01
2.900000e-05	3.005804e-02	1.563801e+01
2.901000e-05	3.278025e-02	1.569151e+01
2.902000e-05	3.211637e-02	1.570001e+01
2.903000e-05	3.295301e-02	1.566106e+01
2.904000e-05	3.445332e-02	1.568048e+01
2.905000e-05	3.924768e-02	1.564893e+01
2.906000e-05	3.833458e-02	1.560801e+01
2.907000e-05	3.713533e-02	1.561640e+01
2.908000e-05	3.683229e-02	1.556738e+01
2.909000e-05	3.635038e-02	1.550572e+01
2.910000e-05	3.380098e-02	1.551161e+01
2.911000e-05	3.032532e-02	1.546898e+01
2.912000e-05	2.841421e-02	1.539595e+01
2.913000e-05	2.888079e-02	1.532472e+01
2.914000e-05	2.723970e-02	1.527909e+01
2.915000e-05	2.335011e-02	1.520847e+01
2.916000e-05	2.103377e-02	1.512474e+01
2.917000e-05	2.007010e-02	1.505053e+01
2.918000e-05	2.199826e-02	1.499630e+01
2.919000e-05	1.799648e-02	1.490256e+01
2.920000e-05	1.495414e-02	1.476687e+01
2.921000e-05	1.427535e-02	1.472906e+01
2.922000e-05	1.450999e-02	1.457670e+01
2.923000e-05	1.256725e-02	1.448211e+01
2.924000e-05	1.016048e-02	1.435335e+01
2.925000e-05	1.046064e-02	1.425838e+01
2.926000e-05	1.073979e-02	1.408364e+01
2.927000e-05	8.677702e-03	1.396570e+01
2.928000e-05	8.356430e-03	1.380733e+01
2.929000e-05	8.330109e-03	1.364101e+01
2.930000e-05	8.776964e-03	1.352116e+01
2.931000e-05	6.150653e-03	1.338537e+01
2.932000e-05	5.621820e-03	1.320033e+01
2.933000e-05	4.007919e-03	1.305900e+01
2.934000e-05	5.738980e-03	1.291216e+01
2.935000e-05	3.085646e-03	1.271219e+01
2.936000e-05	4.283240e-03	1.257575e+01
2.937000e-05	3.969886e-03	1.233680e+01
2.938000e-05	4.831753e-03	1.220725e+01
2.939000e-05	3.977078e-03	1.195848e+01
2.940000e-05	3.442217e-03	1.181740e+01
2.941000e-05	1.799799e-03	1.159686e+01
2.942000e-05	1.266109e-03	1.136642e+01
2.943000e-05	1.257488e-03	1.116380e+01
2.944000e-05	1.873327e-03	1.098590e+01
2.945000e-05	2.172458e-03	1.074588e+01
2.946000e-05	1.200254e-03	1.052569e+01
2.947000e-05	2.628656e-03	1.028421e+01
2.948000e-05	1.340426e-03	1.014414e+01
2.949000e-05	2.154708e-04	9.851586e+00
2.950000e-05	-2.448931e-04	9.629530e+00
2.951000e-05	-5.619154e-04	9.388500e+00
2.952000e-05	-6.748440e-04	9.156923e+00
2.953000e-05	-1.263733e-03	8.956795e+00
2.954000e-05	-9.341508e-04	8.634111e+00
2.955000e-05	-6.645427e-04	8.441161e+00
2.956000e-05	-1.316298e-03	8.219507e+00
2.957000e-05	-8.152671e-04	7.934770e+00
2.958000e-05	-1.317881e-03	7.704691e+00
2.959000e-05	-1.052679e-03	7.418536e+00
2.960000e-05	-2.965734e-03	7.135221e+00
2.961000e-05	-1.017240e-03	6.902168e+00
2.962000e-05	-3.229875e-03	6.639983e+00
2.963000e-05	-3.550189e-03	6.357792e+00
2.964000e-05	-3.368520e-03	6.085190e+00
2.965000e-05	-2.321440e-03	5.831463e+00
2.966000e-05	-3.137352e-03	5.568951e+00
2.967000e-05	-4.438560e-03	5.282614e+00
2.968000e-05	-2.398266e-03	4.925725e+00
2.969000e-05	-2.092035e-03	4.630109e+00
2.970000e-05	-4.030192e-03	4.368374e+00
2.971000e-05	-5.753060e-03	4.070787e+00
2.972000e-05	-4.266216e-03	3.798000e+00
2.973000e-05	-3.910087e-03	3.514772e+00
2.974000e-05	-5.285043e-03	3.238957e+00
2.975000e-05	-5.885575e-03	2.945321e+00
2.976000e-05	-4.959620e-03	2.681716e+00
2.977000e-05	-4.406165e-03	2.326427e+00
2.978000e-05	-4.276547e-03	2.104237e+00
2.979000e-05	-5.568670e-03	1.820561e+00
2.980000e-05	-5.839839e-03	1.464320e+00
2.981000e-05	-5.845270e-03	1.221006e+00
2.982000e-05	-4.247921e-03	8.521095e-01
2.983000e-05	-7.294835e-03	5.810049e-01
2.984000e-05	-5.584659e-03	3.068187e-01
2.985000e-05	-3.470644e-03	-1.026133e-03
2.986000e-05	3.227214e-03	-2.646813e-01
2.987000e-05	1.582202e-03	-5.277352e-01
2.988000e-05	-3.864291e-03	-8.405200e-01
2.989000e-05	-2.072573e-03	-1.102706e+00
2.990000e-05	-2.392261e-03	-1.408890e+00
2.991000e-05	-4.348386e-03	-1.664030e+00
2.992000e-05	8.392156e-03	-1.873735e+00
2.993000e-05	6.538355e-02	-2.106789e+00
2.994000e-05	5.315465e-02	-2.466633e+00
2.995000e-05	-8.616413e-02	-2.913212e+00
2.996000e-05	-2.961304e-02	-3.291105e+00
2.997000e-05	-4.692497e-02	-3.505710e+00
2.998000e-05	-4.860879e-02	-3.704283e+00
2.999000e-05	8.902044e-04	-3.975340e+00
3.000000e-05	1.159827e-01	-4.125762e+00
3.001000e-05	-1.547190e-01	-4.432049e+00
3.002000e-05	1.733412e-01	-4.664734e+00
3.003000e-05	-6.093727e-02	-4.957838e+00
3.004000e-05	-4.540731e-02	-5.364342e+00
3.005000e-05	4.777085e-02	-5.618421e+00
3.006000e-05	-1.564850e-01	-5.904184e+00
3.007000e-05	1.675643e-01	-6.126837e+00
3.008000e-05	-9.833616e-02	-6.410422e+00
3.009000e-05	5.102655e-02	-6.714163e+00
3.010000e-05	3.098555e-02	-6.946243e+00
3.011000e-05	-8.554407e-02	-7.314708e+00
3.012000e-05	6.997400e-02	-7.516106e+00
3.013000e-05	-1.266236e-01	-7.808901e+00
3.014000e-05	9.190478e-02	-8.105134e+00
3.015000e-05	-4.336599e-02	-8.304634e+00
3.016000e-05	5.114892e-03	-8.589924e+00
3.017000e-05	4.727240e-02	-8.808402e+00
3.018000e-05	-1.011454e-01	-9.071033e+00
3.019000e-05	7.525621e-02	-9.304156e+00
3.020000e-05	-9.653788e-02	-9.544819e+00
3.021000e-05	6.982280e-02	-9.768769e+00
3.022000e-05	-5.345877e-02	-9.968394e+00
3.023000e-05	2.542147e-02	-1.022998e+01
3.024000e-05	-5.484779e-03	-1.047950e+01
3.025000e-05	-3.562138e-02	-1.069458e+01
3.026000e-05	1.711782e-02	-1.086055e+01
3.027000e-05	-5.687388e-02	-1.113069e+01
3.028000e-05	4.322408e-02	-1.133361e+01
3.029000e-05	-4.881246e-02	-1.153469e+01
3.030000e-05	3.311905e-02	-1.171629e+01
3.031000e-05	-4.156748e-02	-1.196572e+01
3.032000e-05	1.423814e-02	-1.218824e+01
3.033000e-05	-3.656447e-02	-1.229371e+01
3.034000e-05	-1.233045e-03	-1.255569e+01
3.035000e-05	-1.537746e-02	-1.270201e+01
3.036000e-05	-6.691641e-03	-1.288148e+01
3.037000e-05	-7.395664e-03	-1.303043e+01
3.038000e-05	-2.217524e-02	-1.320734e+01
3.039000e-05	1.317746e-03	-1.335582e+01
3.040000e-05	-2.922536e-02	-1.351311e+01
3.041000e-05	6.738249e-04	-1.370946e+01
3.042000e-05	-2.911964e-02	-1.380945e+01
3.043000e-05	1.600937e-04	-1.398532e+01
3.044000e-05	-2.543641e-02	-1.409309e+01
3.045000e-05	-9.681566e-03	-1.424950e+01
3.046000e-05	-2.167083e-02	-1.435519e+01
3.047000e-05	-1.256667e-02	-1.454506e+01
3.048000e-05	-1.660436e-02	-1.459725e+01
3.049000e-05	-1.718032e-02	-1.471416e+01
3.050000e-05	-1.618968e-02	-1.480637e+01
3.051000e-05	-2.003705e-02	-1.491259e+01
3.052000e-05	-1.958018e-02	-1.498634e+01
3.053000e-05	-2.419449e-02	-1.508098e+01
3.054000e-05	-1.963073e-02	-1.514625e+01
3.055000e-05	-2.162014e-02	-1.521890e+01
3.056000e-05	-1.861722e-02	-1.532203e+01
3.057000e-05	-2.340256e-02	-1.539817e+01
3.058000e-05	-2.476698e-02	-1.544087e+01
3.059000e-05	-2.703735e-02	-1.549256e+01
3.060000e-05	-2.720219e-02	-1.557519e+01
3.061000e-05	-2.967651e-02	-1.553675e+01
3.062000e-05	-2.931376e-02	-1.560890e+01
3.063000e-05	-3.000482e-02	-1.564051e+01
3.064000e-05	-2.984588e-02	-1.563051e+01
3.065000e-05	-3.470335e-02	-1.572306e+01
3.066000e-05	-3.718477e-02	-1.575267e+01
3.067000e-05	-3.902978e-02	-1.571262e+01
3.068000e-05	-4.035671e-02	-1.573109e+01
3.069000e-05	-4.202253e-02	-1.574417e+01
3.070000e-05	-4.332900e-02	-1.572256e+01
3.071000e-05	-4.234224e-02	-1.570151e+01
3.072000e-05	-4.357615e-02	-1.570093e+01
3.073000e-05	-4.343007e-02	-1.564993e+01
3.074000e-05	-4.342008e-02	-1.556787e+01
3.075000e-05	-4.219011e-02	-1.558577e+01
3.076000e-05	-3.938597e-02	-1.551329e+01
3.077000e-05	-4.042260e-02	-1.548208e+01
3.078000e-05	-3.799659e-02	-1.545940e+01
3.079000e-05	-3.468314e-02	-1.539564e+01
3.080000e-05	-3.167577e-02	-1.530399e+01
3.081000e-05	-3.021589e-02	-1.523990e+01
3.082000e-05	-2.959500e-02	-1.514422e+01
3.083000e-05	-2.657117e-02	-1.506104e+01
3.084000e-05	-2.563414e-02	-1.498625e+01
3.085000e-05	-2.544671e-02	-1.487209e+01
3.086000e-05	-2.521566e-02	-1.481895e+01
3.087000e-05	-2.251249e-02	-1.472369e+01
3.088000e-05	-2.006999e-02	-1.460838e+01
3.089000e-05	-1.946074e-02	-1.449306e+01
3.090000e-05	-1.812963e-02	-1.435622e+01
3.091000e-05	-1.809059e-02	-1.425848e+01
3.092000e-05	-1.622434e-02	-1.407157e+01
3.093000e-05	-1.686202e-02	-1.395637e+01
3.094000e-05	-1.843149e-02	-1.381945e+01
3.095000e-05	-1.645283e-02	-1.367061e+01
3.096000e-05	-1.452310e-02	-1.350424e+01
3.097000e-05	-1.374242e-02	-1.338740e+01
3.098000e-05	-1.324219e-02	-1.324888e+01
3.099000e-05	-1.248070e-02	-1.306253e+01
3.100000e-05	-1.172853e-02	-1.291406e+01
3.101000e-05	-1.293966e-02	-1.272520e+01
3.102000e-05	-1.219601e-02	-1.254632e+01
3.103000e-05	-1.224454e-02	-1.239780e+01
3.104000e-05	-1.124412e-02	-1.218695e+01
3.105000e-05	-1.194036e-02	-1.202838e+01
3.106000e-05	-1.104579e-02	-1.181785e+01
3.107000e-05	-1.053706e-02	-1.158738e+01
3.108000e-05	-1.025130e-02	-1.133472e+01
3.109000e-05	-1.035177e-02	-1.114622e+01
3.110000e-05	-1.022309e-02	-1.089372e+01
3.111000e-05	-9.002733e-03	-1.071462e+01
3.112000e-05	-8.749589e-03	-1.053317e+01
3.113000e-05	-1.057191e-02	-1.029309e+01
3.114000e-05	-9.654323e-03	-1.010011e+01
3.115000e-05	-9.166103e-03	-9.841056e+00
3.116000e-05	-9.982308e-03	-9.610931e+00
3.117000e-05	-8.828428e-03	-9.369350e+00
3.118000e-05	-8.036055e-03	-9.175819e+00
3.119000e-05	-7.045978e-03	-8.925669e+00
3.120000e-05	-6.851875e-03	-8.673085e+00
3.121000e-05	-7.491545e-03	-8.450457e+00
3.122000e-05	-8.540335e-03	-8.208875e+00
3.123000e-05	-7.879118e-03	-7.915693e+00
3.124000e-05	-6.707357e-03	-7.640610e+00
3.125000e-05	-7.427891e-03	-7.366873e+00
3.126000e-05	-7.443349e-03	-7.123667e+00
3.127000e-05	-7.007582e-03	-6.832583e+00
3.128000e-05	-5.500846e-03	-6.608405e+00
3.129000e-05	-7.318082e-03	-6.337220e+00
3.130000e-05	-7.490542e-03	-6.041106e+00
3.131000e-05	-6.838861e-03	-5.808404e+00
3.132000e-05	-6.044797e-03	-5.513745e+00
3.133000e-05	-5.832011e-03	-5.178452e+00
3.134000e-05	-6.242411e-03	-4.822611e+00
3.135000e-05	-5.192346e-03	-4.588271e+00
3.136000e-05	-7.137594e-03	-4.317270e+00
3.137000e-05	-5.622174e-03	-4.094118e+00
3.138000e-05	-8.217172e-03	-3.827400e+00
3.139000e-05	-4.406825e-03	-3.535219e+00
3.140000e-05	-5.681868e-03	-3.282640e+00
3.141000e-05	-2.830651e-03	-2.944743e+00
3.142000e-05	-5.133114e-03	-2.652562e+00
3.143000e-05	-3.251572e-03	-2.358999e+00
3.144000e-05	-5.561500e-03	-2.073632e+00
3.145000e-05	-5.188549e-03	-1.811504e+00
3.146000e-05	-6.595544e-03	-1.476818e+00
3.147000e-05	-4.504183e-03	-1.146921e+00
3.148000e-05	-4.522054e-03	-8.751620e-01
3.149000e-05	-3.413038e-03	-5.084999e-01
3.150000e-05	-1.850536e-03	-2.952382e-01
3.151000e-05	-7.749902e-05	-3.210400e-02
3.152000e-05	8.177537e-03	2.817605e-01
3.153000e-05	-5.145506e-04	5.452945e-01
3.154000e-05	3.031492e-03	7.875235e-01
3.155000e-05	-2.161052e-03	1.123706e+00
3.156000e-05	2.365511e-03	1.378871e+00
3.157000e-05	-8.544957e-04	1.743808e+00
3.158000e-05	9.697628e-03	1.935793e+00
3.159000e-05	3.939364e-02	2.157395e+00
3.160000e-05	8.081041e-02	2.514184e+00
3.161000e-05	-4.864812e-02	2.872633e+00
3.162000e-05	-4.400978e-02	3.137291e+00
3.163000e-05	-3.692219e-02	3.430505e+00
3.164000e-05	-2.091635e-03	3.684687e+00
3.165000e-05	-6.092856e-02	3.905842e+00
3.166000e-05	1.221262e-02	4.134762e+00
3.167000e-05	8.446961e-02	4.471679e+00
3.168000e-05	-7.410559e-02	4.705691e+00
3.169000e-05	1.487763e-01	4.997400e+00
3.170000e-05	-7.642501e-02	5.357272e+00
3.171000e-05	-1.306295e-02	5.587920e+00
3.172000e-05	2.076682e-02	5.902713e+00
3.173000e-05	-3.769353e-02	6.155294e+00
3.174000e-05	6.265349e-02	6.410476e+00
3.175000e-05	-5.214634e-02	6.733264e+00
3.176000e-05	5.045365e-02	6.967271e+00
3.177000e-05	1.331162e-02	7.251638e+00
3.178000e-05	-2.326095e-02	7.543741e+00
3.179000e-05	-1.912824e-02	7.780533e+00
3.180000e-05	-6.183754e-03	8.102687e+00
3.181000e-05	6.317946e-02	8.355791e+00
3.182000e-05	-3.463834e-02	8.586344e+00
3.183000e-05	1.368054e-02	8.797925e+00
3.184000e-05	2.380702e-02	9.050481e+00
3.185000e-05	-1.536779e-02	9.263132e+00
3.186000e-05	8.080260e-03	9.484140e+00
3.187000e-05	-2.398384e-02	9.737322e+00
3.188000e-05	3.635793e-02	1.002890e+01
3.189000e-05	8.313092e-04	1.019942e+01
3.190000e-05	1.774335e-02	1.043895e+01
3.191000e-05	-9.537027e-03	1.067103e+01
3.192000e-05	6.128836e-03	1.087111e+01
3.193000e-05	1.632077e-02	1.107265e+01
3.194000e-05	-1.174853e-02	1.127266e+01
3.195000e-05	1.343018e-02	1.148116e+01
3.196000e-05	3.078915e-03	1.175559e+01
3.197000e-05	2.500636e-02	1.190527e+01
3.198000e-05	-7.499725e-03	1.213316e+01
3.199000e-05	7.592661e-03	1.226211e+01
3.200000e-05	4.285555e-03	1.252156e+01
3.201000e-05	1.496963e-02	1.266305e+01
3.202000e-05	4.689672e-03	1.282000e+01
3.203000e-05	4.476833e-03	1.299795e+01
3.204000e-05	1.411872e-02	1.320422e+01
3.205000e-05	1.021443e-02	1.334512e+01
3.206000e-05	8.038117e-03	1.345101e+01
3.207000e-05	5.839043e-04	1.363905e+01
3.208000e-05	1.497280e-02	1.380790e+01
3.209000e-05	1.252721e-02	1.390211e+01
3.210000e-05	1.102001e-02	1.403911e+01
3.211000e-05	4.512369e-03	1.423130e+01
3.212000e-05	1.385197e-02	1.434380e+01
3.213000e-05	1.618062e-02	1.444949e+01
3.214000e-05	7.973923e-03	1.458775e+01
3.215000e-05	9.163637e-03	1.470459e+01
3.216000e-05	1.531274e-02	1.480530e+01
3.217000e-05	1.987642e-02	1.488069e+01
3.218000e-05	1.200033e-02	1.496724e+01
3.219000e-05	1.072143e-02	1.501950e+01
3.220000e-05	1.864354e-02	1.507467e+01
3.221000e-05	1.867735e-02	1.518793e+01
3.222000e-05	1.678290e-02	1.529254e+01
3.223000e-05	1.512732e-02	1.531327e+01
3.224000e-05	1.984935e-02	1.539643e+01
3.225000e-05	2.282695e-02	1.543953e+01
3.226000e-05	2.015485e-02	1.547163e+01
3.227000e-05	2.054946e-02	1.556424e+01
3.228000e-05	2.341953e-02	1.561783e+01
3.229000e-05	2.843851e-02	1.558587e+01
3.230000e-05	2.603913e-02	1.559943e+01
3.231000e-05	2.746938e-02	1.568993e+01
3.232000e-05	3.053460e-02	1.563046e+01
3.233000e-05	3.515766e-02	1.571946e+01
3.234000e-05	3.209158e-02	1.569156e+01
3.235000e-05	3.357914e-02	1.567095e+01
3.236000e-05	3.610391e-02	1.565843e+01
3.237000e-05	3.869271e-02	1.566896e+01
3.238000e-05	3.838539e-02	1.564690e+01
3.239000e-05	3.462136e-02	1.559838e+01
3.240000e-05	3.866852e-02	1.555575e+01
3.241000e-05	3.629212e-02	1.555372e+01
3.242000e-05	3.446883e-02	1.548219e+01
3.243000e-05	2.613175e-02	1.541896e+01
3.244000e-05	2.946699e-02	1.538630e+01
3.245000e-05	2.876813e-02	1.526114e+01
3.246000e-05	2.559356e-02	1.523046e+01
3.247000e-05	2.102040e-02	1.518540e+01
3.248000e-05	2.147705e-02	1.512284e+01
3.249000e-05	2.270313e-02	1.504791e+01
3.250000e-05	1.777174e-02	1.494374e+01
3.251000e-05	1.507417e-02	1.482848e+01
3.252000e-05	1.658103e-02	1.474627e+01
3.253000e-05	1.708706e-02	1.463854e+01
3.254000e-05	1.365349e-02	1.451372e+01
3.255000e-05	9.236131e-03	1.443746e+01
3.256000e-05	1.202369e-02	1.431166e+01
3.257000e-05	1.157076e-02	1.416730e+01
3.258000e-05	9.858172e-03	1.401903e+01
3.259000e-05	5.788939e-03	1.387314e+01
3.260000e-05	9.947773e-03	1.375425e+01
3.261000e-05	7.768350e-03	1.361745e+01
3.262000e-05	8.995322e-03	1.343150e+01
3.263000e-05	4.300407e-03	1.331166e+01
3.264000e-05	6.606638e-03	1.317412e+01
3.265000e-05	5.098639e-03	1.296480e+01
3.266000e-05	4.637751e-03	1.281797e+01
3.267000e-05	2.778634e-03	1.263806e+01
3.268000e-05	5.109676e-03	1.249209e+01
3.269000e-05	5.031255e-03	1.231216e+01
3.270000e-05	2.871502e-03	1.208217e+01
3.271000e-05	2.507641e-03	1.191364e+01
3.272000e-05	3.419391e-03	1.172414e+01
3.273000e-05	3.935633e-03	1.152312e+01
3.274000e-05	9.912669e-04	1.129216e+01
3.275000e-05	1.232247e-03	1.103211e+01
3.276000e-05	1.357588e-03	1.084264e+01
3.277000e-05	2.101579e-03	1.065161e+01
3.278000e-05	-5.147667e-04	1.045206e+01
3.279000e-05	4.880688e-04	1.021993e+01
3.280000e-05	-1.785714e-04	9.968478e+00
3.281000e-05	2.063945e-03	9.777328e+00
3.282000e-05	-6.282539e-04	9.564787e+00
3.283000e-05	-1.262056e-03	9.302692e+00
3.284000e-05	-8.932000e-04	9.083590e+00
3.285000e-05	4.182298e-04	8.850084e+00
3.286000e-05	-1.842744e-03	8.637927e+00
3.287000e-05	-2.792938e-03	8.366800e+00
3.288000e-05	-1.002026e-03	8.114320e+00
3.289000e-05	-1.098578e-03	7.839511e+00
3.290000e-05	-1.759670e-03	7.537902e+00
3.291000e-05	-3.327809e-03	7.282142e+00
3.292000e-05	-1.277325e-03	7.050556e+00
3.293000e-05	-2.018565e-03	6.786927e+00
3.294000e-05	-2.339244e-03	6.533195e+00
3.295000e-05	-3.796039e-03	6.220532e+00
3.296000e-05	-2.789090e-03	5.987428e+00
3.297000e-05	-3.024123e-03	5.694220e+00
3.298000e-05	-4.065995e-03	5.420034e+00
3.299000e-05	-4.679952e-03	5.145272e+00
3.300000e-05	-3.602231e-03	4.737952e+00
3.301000e-05	-2.569175e-03	4.543366e+00
3.302000e-05	-3.707237e-03	4.211662e+00
3.303000e-05	-4.446971e-03	3.936869e+00
3.304000e-05	-4.818929e-03	3.713117e+00
3.305000e-05	-4.115982e-03	3.401508e+00
3.306000e-05	-5.730743e-03	3.095744e+00
3.307000e-05	-6.142065e-03	2.861132e+00
3.308000e-05	-5.754219e-03	2.513871e+00
3.309000e-05	-4.154647e-03	2.270565e+00
3.310000e-05	-5.577696e-03	1.990000e+00
3.311000e-05	-4.776605e-03	1.665166e+00
3.312000e-05	-4.680064e-03	1.378450e+00
3.313000e-05	-4.243339e-03	1.052240e+00
3.314000e-05	-5.934070e-03	7.558225e-01
3.315000e-05	-6.193442e-03	4.641619e-01
3.316000e-05	-4.899725e-03	1.484540e-01
3.317000e-05	-3.325205e-03	-9.675510e-02
3.318000e-05	6.426051e-03	-3.279433e-01
3.319000e-05	-4.548352e-03	-6.245810e-01
3.320000e-05	9.470956e-04	-9.278081e-01
3.321000e-05	-5.558508e-03	-1.221518e+00
3.322000e-05	-6.419349e-04	-1.536833e+00
3.323000e-05	-3.415754e-03	-1.716896e+00
3.324000e-05	2.625715e-02	-1.997899e+00
3.325000e-05	9.279856e-02	-2.302133e+00
3.326000e-05	-3.432993e-02	-2.632126e+00
3.327000e-05	-5.608313e-02	-3.083108e+00
3.328000e-05	-3.960271e-02	-3.347440e+00
3.329000e-05	-3.397491e-02	-3.570419e+00
3.330000e-05	-6.812558e-02	-3.770546e+00
3.331000e-05	1.055139e-01	-4.009422e+00
3.332000e-05	-2.265072e-02	-4.230525e+00
3.333000e-05	-5.559589e-02	-4.556288e+00
3.334000e-05	1.621887e-01	-4.786967e+00
3.335000e-05	-1.705622e-01	-5.157835e+00
3.336000e-05	9.305487e-02	-5.430610e+00
3.337000e-05	-1.053096e-01	-5.714738e+00
3.338000e-05	-1.573551e-02	-6.010979e+00
3.339000e-05	1.042206e-01	-6.230951e+00
3.340000e-05	-1.250566e-01	-6.536838e+00
3.341000e-05	1.354535e-01	-6.800320e+00
3.342000e-05	-9.312046e-02	-7.102603e+00
3.343000e-05	2.547299e-02	-7.428948e+00
3.344000e-05	-2.130796e-02	-7.620001e+00
3.345000e-05	-6.665834e-02	-7.977397e+00
3.346000e-05	9.986959e-02	-8.196372e+00
3.347000e-05	-1.041206e-01	-8.440551e+00
3.348000e-05	1.017565e-01	-8.720534e+00
3.349000e-05	-7.163446e-02	-8.944284e+00
3.350000e-05	1.622628e-03	-9.208867e+00
3.351000e-05	4.859359e-03	-9.398447e+00
3.352000e-05	-5.497325e-02	-9.633056e+00
3.353000e-05	6.239481e-02	-9.851983e+00
3.354000e-05	-7.691359e-02	-1.010216e+01
3.355000e-05	7.432409e-02	-1.034269e+01
3.356000e-05	-7.457200e-02	-1.055624e+01
3.357000e-05	3.309090e-02	-1.077734e+01
3.358000e-05	-4.926571e-02	-1.096672e+01
3.359000e-05	7.168594e-03	-1.122687e+01
3.360000e-05	-4.877487e-03	-1.139884e+01
3.361000e-05	-1.547745e-02	-1.160795e+01
3.362000e-05	1.058363e-02	-1.180938e+01
3.363000e-05	-3.269785e-02	-1.202051e+01
3.364000e-05	1.106786e-02	-1.223105e+01
3.365000e-05	-4.391578e-02	-1.237845e+01
3.366000e-05	1.721019e-02	-1.256847e+01
3.367000e-05	-3.550413e-02	-1.276685e+01
3.368000e-05	1.613175e-02	-1.295569e+01
3.369000e-05	-3.394626e-02	-1.307263e+01
3.370000e-05	4.810920e-03	-1.327148e+01
3.371000e-05	-2.570413e-02	-1.341892e+01
3.372000e-05	-7.796427e-03	-1.358620e+01
3.373000e-05	-1.633614e-02	-1.373609e+01
3.374000e-05	-1.465670e-02	-1.389208e+01
3.375000e-05	-6.863794e-03	-1.399649e+01
3.376000e-05	-2.545799e-02	-1.417579e+01
3.377000e-05	-7.542725e-03	-1.426103e+01
3.378000e-05	-2.587445e-02	-1.439800e+01
3.379000e-05	-7.529968e-03	-1.454469e+01
3.380000e-05	-2.580746e-02	-1.465095e+01
3.381000e-05	-1.026634e-02	-1.474472e+01
3.382000e-05	-2.093093e-02	-1.481040e+01
3.383000e-05	-1.401897e-02	-1.493469e+01
3.384000e-05	-2.370261e-02	-1.503897e+01
3.385000e-05	-2.003355e-02	-1.511268e+01
3.386000e-05	-2.328779e-02	-1.514587e+01
3.387000e-05	-2.075583e-02	-1.524900e+01
3.388000e-05	-2.422411e-02	-1.535522e+01
3.389000e-05	-2.379152e-02	-1.540782e+01
3.390000e-05	-2.398670e-02	-1.545101e+01
3.391000e-05	-2.571202e-02	-1.549249e+01
3.392000e-05	-2.651798e-02	-1.553574e+01
3.393000e-05	-3.064409e-02	-1.562533e+01
3.394000e-05	-2.717934e-02	-1.557745e+01
3.395000e-05	-3.283912e-02	-1.564903e+01
3.396000e-05	-3.129391e-02	-1.570251e+01
3.397000e-05	-3.736889e-02	-1.570356e+01
3.398000e-05	-3.597237e-02	-1.570409e+01
3.399000e-05	-4.058176e-02	-1.573256e+01
3.400000e-05	-3.986145e-02	-1.571414e+01
3.401000e-05	-4.247896e-02	-1.570311e+01
3.402000e-05	-4.218586e-02	-1.568204e+01
3.403000e-05	-4.413770e-02	-1.568198e+01
3.404000e-05	-4.490053e-02	-1.566005e+01
3.405000e-05	-4.347555e-02	-1.561690e+01
3.406000e-05	-4.325953e-02	-1.558640e+01
3.407000e-05	-4.104506e-02	-1.553434e+01
3.408000e-05	-3.957318e-02	-1.552308e+01
3.409000e-05	-3.820059e-02	-1.548056e+01
3.410000e-05	-3.547600e-02	-1.541927e+01
3.411000e-05	-3.552572e-02	-1.536566e+01
3.412000e-05	-3.133782e-02	-1.526951e+01
3.413000e-05	-3.025721e-02	-1.520788e+01
3.414000e-05	-2.784401e-02	-1.508474e+01
3.415000e-05	-2.834738e-02	-1.507958e+01
3.416000e-05	-2.547309e-02	-1.495374e+01
3.417000e-05	-2.385288e-02	-1.488106e+01
3.418000e-05	-2.268158e-02	-1.479429e+01
3.419000e-05	-2.201669e-02	-1.469259e+01
3.420000e-05	-2.034904e-02	-1.454564e+01
3.421000e-05	-1.883907e-02	-1.445090e+01
3.422000e-05	-1.855833e-02	-1.433366e+01
3.423000e-05	-1.909240e-02	-1.422577e+01
3.424000e-05	-1.882951e-02	-1.404100e+01
3.425000e-05	-1.683987e-02	-1.392374e+01
3.426000e-05	-1.513864e-02	-1.376457e+01
3.427000e-05	-1.538190e-02	-1.363838e+01
3.428000e-05	-1.392788e-02	-1.346108e+01
3.429000e-05	-1.254238e-02	-1.332364e+01
3.430000e-05	-1.265253e-02	-1.315632e+01
3.431000e-05	-1.465219e-02	-1.297832e+01
3.432000e-05	-1.442951e-02	-1.282051e+01
3.433000e-05	-1.192323e-02	-1.268203e+01
3.434000e-05	-1.118608e-02	-1.253263e+01
3.435000e-05	-1.288996e-02	-1.231419e+01
3.436000e-05	-1.199375e-02	-1.211307e+01
3.437000e-05	-9.867759e-03	-1.194464e+01
3.438000e-05	-8.925589e-03	-1.174324e+01
3.439000e-05	-1.208365e-02	-1.150211e+01
3.440000e-05	-1.185238e-02	-1.122151e+01
3.441000e-05	-8.885093e-03	-1.108106e+01
3.442000e-05	-9.642251e-03	-1.082051e+01
3.443000e-05	-1.083903e-02	-1.061908e+01
3.444000e-05	-1.086280e-02	-1.043050e+01
3.445000e-05	-7.747468e-03	-1.019945e+01
3.446000e-05	-8.144170e-03	-9.927768e+00
3.447000e-05	-9.645957e-03	-9.746796e+00
3.448000e-05	-9.040400e-03	-9.495711e+00
3.449000e-05	-7.387111e-03	-9.363616e+00
3.450000e-05	-7.512203e-03	-9.043083e+00
3.451000e-05	-8.150214e-03	-8.850479e+00
3.452000e-05	-8.405060e-03	-8.556923e+00
3.453000e-05	-8.298849e-03	-8.344239e+00
3.454000e-05	-7.944783e-03	-8.134612e+00
3.455000e-05	-7.238500e-03	-7.838855e+00
3.456000e-05	-6.807258e-03	-7.513741e+00
3.457000e-05	-6.365404e-03	-7.282562e+00
3.458000e-05	-8.034634e-03	-6.969499e+00
3.459000e-05	-7.384955e-03	-6.747265e+00
3.460000e-05	-6.105456e-03	-6.503666e+00
3.461000e-05	-7.465607e-03	-6.201003e+00
3.462000e-05	-6.402173e-03	-5.917294e+00
3.463000e-05	-6.577054e-03	-5.683686e+00
3.464000e-05	-4.841345e-03	-5.408845e+00
3.465000e-05	-6.934124e-03	-5.084662e+00
3.466000e-05	-5.300244e-03	-4.774270e+00
3.467000e-05	-6.356995e-03	-4.503587e+00
3.468000e-05	-5.451493e-03	-4.271506e+00
3.469000e-05	-6.781778e-03	-3.969373e+00
3.470000e-05	-6.579827e-03	-3.702131e+00
3.471000e-05	-5.326937e-03	-3.381479e+00
3.472000e-05	-4.941097e-03	-3.127844e+00
3.473000e-05	-4.884217e-03	-2.800499e+00
3.474000e-05	-4.016364e-03	-2.517819e+00
3.475000e-05	-4.072964e-03	-2.271638e+00
3.476000e-05	-4.722466e-03	-1.948896e+00
3.477000e-05	-5.585428e-03	-1.684187e+00
3.478000e-05	-6.346915e-03	-1.357300e+00
3.479000e-05	-5.006466e-03	-1.022132e+00
3.480000e-05	-4.262388e-03	-7.568724e-01
3.481000e-05	-2.315888e-03	-4.521305e-01
3.482000e-05	-2.730225e-03	-1.869514e-01
3.483000e-05	4.207660e-03	1.032290e-01
3.484000e-05	8.181221e-03	4.094763e-01
3.485000e-05	-1.855357e-03	6.505790e-01
3.486000e-05	2.032036e-03	9.147404e-01
3.487000e-05	-1.930378e-03	1.240079e+00
3.488000e-05	3.833376e-03	1.525309e+00
3.489000e-05	-1.226821e-04	1.830078e+00
3.490000e-05	2.018342e-02	2.031628e+00
3.491000e-05	6.431410e-02	2.325709e+00
3.492000e-05	3.908199e-02	2.692107e+00
3.493000e-05	-7.003027e-02	2.988422e+00
3.494000e-05	-3.902565e-02	3.243607e+00
3.495000e-05	-2.000544e-02	3.596971e+00
3.496000e-05	-1.959225e-02	3.789450e+00
3.497000e-05	-5.550665e-02	4.019447e+00
3.498000e-05	7.744344e-02	4.260105e+00
3.499000e-05	-1.763758e-03	4.558443e+00
3.500000e-05	9.916377e-03	4.869976e+00
3.501000e-05	1.047814e-01	5.165467e+00
3.502000e-05	-1.177722e-01	5.452109e+00
3.503000e-05	5.473659e-02	5.712742e+00
3.504000e-05	-4.059013e-02	6.000050e+00
3.505000e-05	2.337401e-02	6.241627e+00
3.506000e-05	1.387784e-02	6.535295e+00
3.507000e-05	-3.401329e-02	6.841073e+00
3.508000e-05	7.466469e-02	7.102659e+00
3.509000e-05	-3.046543e-02	7.365320e+00
3.510000e-05	-4.859774e-04	7.672078e+00
3.511000e-05	-3.907613e-02	7.935820e+00
3.512000e-05	4.603994e-02	8.188925e+00
3.513000e-05	2.111207e-02	8.450553e+00
3.514000e-05	-3.756654e-02	8.651531e+00
3.515000e-05	4.244828e-02	8.883239e+00
3.516000e-05	-8.814860e-03	9.144766e+00
3.517000e-05	1.092838e-02	9.386371e+00
3.518000e-05	-1.935052e-02	9.607477e+00
3.519000e-05	8.682877e-03	9.839533e+00
3.520000e-05	2.096548e-02	1.008316e+01
3.521000e-05	5.990673e-03	1.027419e+01
3.522000e-05	9.350610e-03	1.052532e+01
3.523000e-05	-1.616544e-02	1.080672e+01
3.524000e-05	2.550359e-02	1.096732e+01
3.525000e-05	-5.077292e-03	1.112427e+01
3.526000e-05	7.434267e-03	1.138785e+01
3.527000e-05	7.774242e-04	1.159797e+01
3.528000e-05	2.208174e-02	1.180940e+01
3.529000e-05	7.238144e-03	1.199790e+01
3.530000e-05	3.727783e-04	1.218796e+01
3.531000e-05	1.439395e-03	1.239590e+01
3.532000e-05	9.886464e-03	1.260530e+01
3.533000e-05	1.237449e-02	1.269472e+01
3.534000e-05	1.978569e-03	1.291216e+01
3.535000e-05	1.198119e-02	1.304106e+01
3.536000e-05	9.324699e-03	1.324890e+01
3.537000e-05	1.576220e-02	1.341787e+01
3.538000e-05	-8.260819e-04	1.355326e+01
3.539000e-05	9.558803e-03	1.367106e+01
3.540000e-05	9.710457e-03	1.382043e+01
3.541000e-05	1.618511e-02	1.393727e+01
3.542000e-05	6.751420e-03	1.418262e+01
3.543000e-05	8.182133e-03	1.429361e+01
3.544000e-05	1.521429e-02	1.443788e+01
3.545000e-05	1.323193e-02	1.450269e+01
3.546000e-05	9.464566e-03	1.466898e+01
3.547000e-05	8.473416e-03	1.473474e+01
3.548000e-05	2.034918e-02	1.482031e+01
3.549000e-05	1.455334e-02	1.491272e+01
3.550000e-05	1.315738e-02	1.500788e+01
3.551000e-05	1.128839e-02	1.506061e+01
3.552000e-05	1.996280e-02	1.514570e+01
3.553000e-05	1.758812e-02	1.523803e+01
3.554000e-05	1.493970e-02	1.528261e+01
3.555000e-05	1.635260e-02	1.536582e+01
3.556000e-05	2.193446e-02	1.539688e+01
3.557000e-05	2.309371e-02	1.545111e+01
3.558000e-05	1.840468e-02	1.546314e+01
3.559000e-05	2.259749e-02	1.552580e+01
3.560000e-05	2.613657e-02	1.558582e+01
3.561000e-05	2.925679e-02	1.561743e+01
3.562000e-05	2.470709e-02	1.564748e+01
3.563000e-05	2.859276e-02	1.568901e+01
3.564000e-05	3.170143e-02	1.565954e+01
3.565000e-05	3.310935e-02	1.568044e+01
3.566000e-05	3.336612e-02	1.570048e+01
3.567000e-05	3.430359e-02	1.563098e+01
3.568000e-05	4.033171e-02	1.564004e+01
3.569000e-05	3.791828e-02	1.564803e+01
3.570000e-05	3.721406e-02	1.560840e+01
3.571000e-05	3.604833e-02	1.556775e+01
3.572000e-05	3.754048e-02	1.556432e+01
3.573000e-05	3.436694e-02	1.552266e+01
3.574000e-05	3.230907e-02	1.545953e+01
3.575000e-05	2.948830e-02	1.543733e+01
3.576000e-05	2.942390e-02	1.535525e+01
3.577000e-05	2.766673e-02	1.529109e+01
3.578000e-05	2.308414e-02	1.519841e+01
3.579000e-05	2.183039e-02	1.517632e+01
3.580000e-05	2.120202e-02	1.508006e+01
3.581000e-05	2.014046e-02	1.499590e+01
3.582000e-05	1.761365e-02	1.492356e+01
3.583000e-05	1.559905e-02	1.482798e+01
3.584000e-05	1.704157e-02	1.472364e+01
3.585000e-05	1.467397e-02	1.460738e+01
3.586000e-05	1.252013e-02	1.449161e+01
3.587000e-05	1.098549e-02	1.436730e+01
3.588000e-05	1.122818e-02	1.426949e+01
3.589000e-05	9.111548e-03	1.413212e+01
3.590000e-05	9.038303e-03	1.395725e+01
3.591000e-05	8.387391e-03	1.384893e+01
3.592000e-05	9.485496e-03	1.367257e+01
3.593000e-05	6.662535e-03	1.351579e+01
3.594000e-05	7.551911e-03	1.337793e+01
3.595000e-05	5.359827e-03	1.322793e+01
3.596000e-05	6.949316e-03	1.305114e+01
3.597000e-05	4.228658e-03	1.289322e+01
3.598000e-05	3.905990e-03	1.273517e+01
3.599000e-05	4.700928e-03	1.259783e+01
3.600000e-05	3.338786e-03	1.238785e+01
3.601000e-05	3.218923e-03	1.222748e+01
3.602000e-05	2.932534e-03	1.205896e+01
3.603000e-05	4.270699e-03	1.182998e+01
3.604000e-05	3.690350e-03	1.161889e+01
3.605000e-05	2.360631e-03	1.140996e+01
3.606000e-05	1.120434e-03	1.118645e+01
3.607000e-05	1.313029e-03	1.099738e+01
3.608000e-05	2.835499e-04	1.076837e+01
3.609000e-05	1.598703e-03	1.059685e+01
3.610000e-05	2.557158e-04	1.030534e+01
3.611000e-05	1.795876e-03	1.015682e+01
3.612000e-05	-4.851705e-04	9.900115e+00
3.613000e-05	1.354657e-03	9.673665e+00
3.614000e-05	-1.096198e-03	9.409984e+00
3.615000e-05	-9.811453e-04	9.249053e+00
3.616000e-05	-8.299881e-04	9.007929e+00
3.617000e-05	-1.213846e-03	8.723669e+00
3.618000e-05	-5.380024e-04	8.534240e+00
3.619000e-05	-2.046425e-03	8.251112e+00
3.620000e-05	-1.010957e-03	8.028854e+00
3.621000e-05	-1.743840e-03	7.736350e+00
3.622000e-05	-2.147267e-03	7.451094e+00
3.623000e-05	-3.375814e-03	7.157403e+00
3.624000e-05	-2.753148e-03	6.966346e+00
3.625000e-05	-2.295229e-03	6.681619e+00
3.626000e-05	-2.500418e-03	6.387426e+00
3.627000e-05	-4.040193e-03	6.154821e+00
3.628000e-05	-3.568062e-03	5.851696e+00
3.629000e-05	-2.407643e-03	5.577927e+00
3.630000e-05	-3.790927e-03	5.314772e+00
3.631000e-05	-3.783447e-03	4.987329e+00
3.632000e-05	-4.127184e-03	4.671237e+00
3.633000e-05	-2.566335e-03	4.412055e+00
3.634000e-05	-3.946814e-03	4.104290e+00
3.635000e-05	-4.460262e-03	3.842032e+00
3.636000e-05	-4.281207e-03	3.538996e+00
3.637000e-05	-4.279032e-03	3.314162e+00
3.638000e-05	-4.632819e-03	2.989028e+00
3.639000e-05	-5.852321e-03	2.745346e+00
3.640000e-05	-4.713959e-03	2.391508e+00
3.641000e-05	-4.829934e-03	2.136372e+00
3.642000e-05	-4.763504e-03	1.893290e+00
3.643000e-05	-4.983136e-03	1.556928e+00
3.644000e-05	-5.895149e-03	1.263235e+00
3.645000e-05	-4.981709e-03	9.853686e-01
3.646000e-05	-5.311373e-03	6.220767e-01
3.647000e-05	-5.686894e-03	3.283764e-01
3.648000e-05	-5.004101e-03	4.361170e-02
3.649000e-05	1.657542e-03	-2.199998e-01
3.650000e-05	5.066233e-03	-4.951540e-01
3.651000e-05	-6.450786e-03	-8.194446e-01
3.652000e-05	-6.352848e-04	-1.021654e+00
3.653000e-05	-3.690032e-03	-1.337659e+00
3.654000e-05	-1.281089e-03	-1.632053e+00
3.655000e-05	1.755829e-03	-1.863125e+00
3.656000e-05	5.324280e-02	-2.082657e+00
3.657000e-05	7.846633e-02	-2.462071e+00
3.658000e-05	-8.556756e-02	-2.802076e+00
3.659000e-05	-3.141985e-02	-3.220572e+00
3.660000e-05	-5.046218e-02	-3.453628e+00
3.661000e-05	-3.773583e-02	-3.663729e+00
3.662000e-05	-3.246406e-02	-3.884758e+00
3.663000e-05	1.396969e-01	-4.074680e+00
3.664000e-05	-1.479725e-01	-4.400390e+00
3.665000e-05	1.250937e-01	-4.592576e+00
3.666000e-05	1.109283e-02	-4.934655e+00
3.667000e-05	-1.023567e-01	-5.285738e+00
3.668000e-05	9.020263e-02	-5.566763e+00
3.669000e-05	-1.776674e-01	-5.861604e+00
3.670000e-05	1.418149e-01	-6.095812e+00
3.671000e-05	-5.032618e-02	-6.356258e+00
3.672000e-05	-6.173732e-03	-6.682155e+00
3.673000e-05	8.038613e-02	-6.925187e+00
3.674000e-05	-1.120701e-01	-7.220148e+00
3.675000e-05	8.073673e-02	-7.504108e+00
3.676000e-05	-1.156134e-01	-7.766811e+00
3.677000e-05	5.552312e-02	-8.072534e+00
3.678000e-05	1.708755e-03	-8.294207e+00
3.679000e-05	-4.113376e-02	-8.575840e+00
3.680000e-05	8.624404e-02	-8.827869e+00
3.681000e-05	-1.190729e-01	-9.071521e+00
3.682000e-05	7.720636e-02	-9.282174e+00
3.683000e-05	-8.487346e-02	-9.492707e+00
3.684000e-05	4.391283e-02	-9.765741e+00
3.685000e-05	-2.371397e-02	-9.955737e+00
3.686000e-05	-8.496190e-03	-1.017895e+01
3.687000e-05	2.771089e-02	-1.040987e+01
3.688000e-05	-6.051619e-02	-1.065161e+01
3.689000e-05	3.815343e-02	-1.086005e+01
3.690000e-05	-6.914793e-02	-1.104103e+01
3.691000e-05	4.568220e-02	-1.131358e+01
3.692000e-05	-4.862737e-02	-1.149163e+01
3.693000e-05	2.603441e-02	-1.171471e+01
3.694000e-05	-3.301491e-02	-1.190466e+01
3.695000e-05	2.840811e-03	-1.215516e+01
3.696000e-05	-2.349999e-02	-1.226308e+01
3.697000e-05	-1.268012e-02	-1.254318e+01
3.698000e-05	-2.817993e-03	-1.266250e+01
3.699000e-05	-1.802949e-02	-1.288148e+01
3.700000e-05	3.486269e-03	-1.299993e+01
3.701000e-05	-3.057539e-02	-1.317625e+01
3.702000e-05	6.258550e-03	-1.332324e+01
3.703000e-05	-3.494098e-02	-1.347306e+01
3.704000e-05	3.481678e-03	-1.362790e+01
3.705000e-05	-2.980240e-02	-1.379980e+01
3.706000e-05	3.032799e-03	-1.394521e+01
3.707000e-05	-2.226888e-02	-1.405206e+01
3.708000e-05	-1.101682e-02	-1.421835e+01
3.709000e-05	-1.922758e-02	-1.430411e+01
3.710000e-05	-1.657959e-02	-1.452151e+01
3.711000e-05	-1.646083e-02	-1.457724e+01
3.712000e-05	-2.020312e-02	-1.467263e+01
3.713000e-05	-1.223461e-02	-1.474527e+01
3.714000e-05	-2.023824e-02	-1.488314e+01
3.715000e-05	-1.601660e-02	-1.494630e+01
3.716000e-05	-2.494826e-02	-1.508158e+01
3.717000e-05	-1.874154e-02	-1.511319e+01
3.718000e-05	-2.417082e-02	-1.523698e+01
3.719000e-05	-1.979712e-02	-1.530206e+01
3.720000e-05	-2.615901e-02	-1.533619e+01
3.721000e-05	-2.176967e-02	-1.543090e+01
3.722000e-05	-2.644380e-02	-1.546948e+01
3.723000e-05	-2.493899e-02	-1.554314e+01
3.724000e-05	-3.008030e-02	-1.556577e+01
3.725000e-05	-2.739775e-02	-1.562888e+01
3.726000e-05	-3.078541e-02	-1.564903e+01
3.727000e-05	-3.145403e-02	-1.567106e+01
3.728000e-05	-3.414375e-02	-1.568157e+01
3.729000e-05	-3.671933e-02	-1.570301e+01
3.730000e-05	-3.600261e-02	-1.572416e+01
3.731000e-05	-4.127050e-02	-1.570214e+01
3.732000e-05	-4.018652e-02	-1.569314e+01
3.733000e-05	-4.327928e-02	-1.572316e+01
3.734000e-05	-4.154201e-02	-1.571309e+01
3.735000e-05	-4.422204e-02	-1.568051e+01
3.736000e-05	-4.512869e-02	-1.563050e+01
3.737000e-05	-4.351288e-02	-1.564845e+01
3.738000e-05	-4.215522e-02	-1.558632e+01
3.739000e-05	-3.940323e-02	-1.554517e+01
3.740000e-05	-3.996491e-02	-1.550409e+01
3.741000e-05	-3.702500e-02	-1.542848e+01
3.742000e-05	-3.510298e-02	-1.538585e+01
3.743000e-05	-3.286402e-02	-1.530264e+01
3.744000e-05	-3.158981e-02	-1.525841e+01
3.745000e-05	-2.959258e-02	-1.514632e+01
3.746000e-05	-2.678430e-02	-1.508206e+01
3.747000e-05	-2.553116e-02	-1.501843e+01
3.748000e-05	-2.558447e-02	-1.488316e+01
3.749000e-05	-2.362627e-02	-1.481897e+01
3.750000e-05	-2.174644e-02	-1.471430e+01
3.751000e-05	-2.134858e-02	-1.462836e+01
3.752000e-05	-2.059099e-02	-1.452257e+01
3.753000e-05	-1.981029e-02	-1.437689e+01
3.754000e-05	-1.796808e-02	-1.426951e+01
3.755000e-05	-1.817715e-02	-1.411414e+01
3.756000e-05	-1.591233e-02	-1.400725e+01
3.757000e-05	-1.659841e-02	-1.386105e+01
3.758000e-05	-1.638348e-02	-1.369254e+01
3.759000e-05	-1.520983e-02	-1.355477e+01
3.760000e-05	-1.287220e-02	-1.338845e+01
3.761000e-05	-1.365283e-02	-1.325906e+01
3.762000e-05	-1.377102e-02	-1.307411e+01
3.763000e-05	-1.303307e-02	-1.295667e+01
3.764000e-05	-1.027096e-02	-1.278680e+01
3.765000e-05	-1.265798e-02	-1.257690e+01
3.766000e-05	-1.243226e-02	-1.243948e+01
3.767000e-05	-1.229163e-02	-1.221995e+01
3.768000e-05	-9.805558e-03	-1.207059e+01
3.769000e-05	-1.156513e-02	-1.183703e+01
3.770000e-05	-1.096083e-02	-1.164093e+01
3.771000e-05	-1.119954e-02	-1.137677e+01
3.772000e-05	-8.736237e-03	-1.116437e+01
3.773000e-05	-9.967725e-03	-1.097624e+01
3.774000e-05	-9.698195e-03	-1.078482e+01
3.775000e-05	-9.776409e-03	-1.052630e+01
3.776000e-05	-7.816810e-03	-1.031369e+01
3.777000e-05	-9.159333e-03	-1.014216e+01
3.778000e-05	-9.975606e-03	-9.863063e+00
3.779000e-05	-8.729053e-03	-9.662032e+00
3.780000e-05	-7.867067e-03	-9.409529e+00
3.781000e-05	-8.376817e-03	-9.187845e+00
3.782000e-05	-8.314875e-03	-8.975797e+00
3.783000e-05	-7.295461e-03	-8.743195e+00
3.784000e-05	-6.741346e-03	-8.512710e+00
3.785000e-05	-7.358468e-03	-8.231454e+00
3.786000e-05	-8.291028e-03	-7.958346e+00
3.787000e-05	-7.187606e-03	-7.712165e+00
3.788000e-05	-6.420624e-03	-7.409979e+00
3.789000e-05	-6.117145e-03	-7.167370e+00
3.790000e-05	-8.154305e-03	-6.903240e+00
3.791000e-05	-6.661071e-03	-6.631056e+00
3.792000e-05	-6.772616e-03	-6.417324e+00
3.793000e-05	-6.623943e-03	-6.114190e+00
3.794000e-05	-7.005791e-03	-5.840579e+00
3.795000e-05	-7.070321e-03	-5.558344e+00
3.796000e-05	-6.481108e-03	-5.250581e+00
3.797000e-05	-4.255274e-03	-4.935773e+00
3.798000e-05	-4.635224e-03	-4.620553e+00
3.799000e-05	-7.280774e-03	-4.369924e+00
3.800000e-05	-7.325737e-03	-4.116241e+00
3.801000e-05	-6.565028e-03	-3.811037e+00
3.802000e-05	-3.762510e-03	-3.556921e+00
3.803000e-05	-6.788871e-03	-3.273686e+00
3.804000e-05	-4.666992e-03	-2.978903e+00
3.805000e-05	-5.173720e-03	-2.705240e+00
3.806000e-05	-2.807797e-03	-2.432505e+00
3.807000e-05	-4.737410e-03	-2.135692e+00
3.808000e-05	-6.198028e-03	-1.862560e+00
3.809000e-05	-6.068619e-03	-1.567499e+00
3.810000e-05	-3.298133e-03	-1.221052e+00
3.811000e-05	-5.231619e-03	-9.161923e-01
3.812000e-05	-4.640383e-03	-6.206570e-01
3.813000e-05	-2.298334e-03	-3.158975e-01
3.814000e-05	7.325488e-04	-6.158558e-02
3.815000e-05	6.848742e-03	2.110261e-01
3.816000e-05	5.211781e-04	4.947867e-01
3.817000e-05	1.340694e-03	7.147924e-01
3.818000e-05	-3.518791e-04	1.062103e+00
3.819000e-05	-1.742769e-04	1.335737e+00
3.820000e-05	-3.446056e-04	1.669629e+00
3.821000e-05	6.517681e-03	1.904814e+00
3.822000e-05	3.401125e-02	2.126267e+00
3.823000e-05	8.295467e-02	2.402476e+00
3.824000e-05	-2.926489e-02	2.831497e+00
3.825000e-05	-5.162284e-02	3.145208e+00
3.826000e-05	-3.847895e-02	3.366401e+00
3.827000e-05	-4.238526e-03	3.643129e+00
3.828000e-05	-5.348612e-02	3.882130e+00
3.829000e-05	-9.863361e-03	4.084180e+00
3.830000e-05	1.007098e-01	4.418472e+00
3.831000e-05	-7.477122e-02	4.704162e+00
3.832000e-05	1.267170e-01	4.914768e+00
3.833000e-05	-3.019093e-02	5.305238e+00
3.834000e-05	-4.837933e-02	5.595815e+00
3.835000e-05	4.159843e-02	5.842026e+00
3.836000e-05	-5.369617e-02	6.105713e+00
3.837000e-05	6.523392e-02	6.376844e+00
3.838000e-05	-4.184689e-02	6.662660e+00
3.839000e-05	2.885107e-02	6.936288e+00
3.840000e-05	3.535921e-02	7.238944e+00
3.841000e-05	-2.840958e-02	7.511659e+00
3.842000e-05	-8.626528e-03	7.778318e+00
3.843000e-05	-2.311178e-02	8.031628e+00
3.844000e-05	6.523070e-02	8.335688e+00
3.845000e-05	-2.433566e-02	8.535766e+00
3.846000e-05	-3.841501e-03	8.796766e+00
3.847000e-05	3.688361e-02	9.037901e+00
3.848000e-05	-2.152172e-02	9.271525e+00
3.849000e-05	1.924077e-02	9.472133e+00
3.850000e-05	-2.792383e-02	9.744241e+00
3.851000e-05	3.380305e-02	9.965318e+00
3.852000e-05	3.530091e-04	1.017737e+01
3.853000e-05	1.568234e-02	1.039840e+01
3.854000e-05	-4.903309e-03	1.062898e+01
3.855000e-05	-2.724987e-03	1.087058e+01
3.856000e-05	2.348127e-02	1.105090e+01
3.857000e-05	-1.241006e-02	1.126198e+01
3.858000e-05	1.855412e-02	1.146006e+01
3.859000e-05	-3.005369e-03	1.174161e+01
3.860000e-05	2.668998e-02	1.188259e+01
3.861000e-05	-7.588934e-03	1.213203e+01
3.862000e-05	7.990820e-03	1.224306e+01
3.863000e-05	6.181707e-05	1.247056e+01
3.864000e-05	1.483857e-02	1.263098e+01
3.865000e-05	8.827405e-03	1.282887e+01
3.866000e-05	4.580298e-03	1.299777e+01
3.867000e-05	1.404519e-02	1.314519e+01
3.868000e-05	7.980291e-03	1.331209e+01
3.869000e-05	1.248478e-02	1.343203e+01
3.870000e-05	-2.294266e-03	1.357737e+01
3.871000e-05	1.287910e-02	1.374429e+01
3.872000e-05	1.012576e-02	1.387309e+01
3.873000e-05	1.338567e-02	1.402893e+01
3.874000e-05	6.074353e-03	1.416737e+01
3.875000e-05	1.189583e-02	1.432617e+01
3.876000e-05	1.635259e-02	1.444996e+01
3.877000e-05	9.839604e-03	1.458679e+01
3.878000e-05	1.027810e-02	1.469001e+01
3.879000e-05	1.145884e-02	1.478882e+01
3.880000e-05	1.955704e-02	1.486956e+01
3.881000e-05	1.240790e-02	1.495569e+01
3.882000e-05	1.218090e-02	1.502795e+01
3.883000e-05	1.593747e-02	1.511266e+01
3.884000e-05	1.909962e-02	1.516482e+01
3.885000e-05	1.755428e-02	1.523103e+01
3.886000e-05	1.430185e-02	1.529421e+01
3.887000e-05	2.003894e-02	1.536625e+01
3.888000e-05	2.169902e-02	1.544688e+01
3.889000e-05	2.107251e-02	1.548011e+01
3.890000e-05	1.850209e-02	1.550419e+01
3.891000e-05	2.310247e-02	1.560430e+01
3.892000e-05	2.839383e-02	1.558643e+01
3.893000e-05	2.705678e-02	1.561886e+01
3.894000e-05	2.602390e-02	1.564885e+01
3.895000e-05	2.873514e-02	1.562953e+01
3.896000e-05	3.500814e-02	1.568104e+01
3.897000e-05	3.264941e-02	1.567093e+01
3.898000e-05	3.305965e-02	1.569246e+01
3.899000e-05	3.595527e-02	1.567889e+01
3.900000e-05	3.906570e-02	1.563946e+01
3.901000e-05	3.925781e-02	1.560890e+01
3.902000e-05	3.704549e-02	1.563730e+01
3.903000e-05	3.659997e-02	1.557382e+01
3.904000e-05	3.557371e-02	1.552474e+01
3.905000e-05	3.506653e-02	1.544156e+01
3.906000e-05	3.032864e-02	1.543898e+01
3.907000e-05	2.914805e-02	1.538680e+01
3.908000e-05	2.816288e-02	1.536469e+01
3.909000e-05	2.813314e-02	1.525056e+01
3.910000e-05	2.271725e-02	1.520635e+01
3.911000e-05	2.001812e-02	1.513424e+01
3.912000e-05	2.199773e-02	1.502998e+01
3.913000e-05	1.964350e-02	1.497532e+01
3.914000e-05	1.700734e-02	1.486054e+01
3.915000e-05	1.362734e-02	1.477638e+01
3.916000e-05	1.616398e-02	1.463046e+01
3.917000e-05	1.471152e-02	1.454570e+01
3.918000e-05	1.235914e-02	1.445946e+01
3.919000e-05	1.134926e-02	1.435372e+01
3.920000e-05	9.912017e-03	1.419685e+01
3.921000e-05	1.202222e-02	1.408251e+01
3.922000e-05	5.844740e-03	1.392419e+01
3.923000e-05	8.620083e-03	1.375583e+01
3.924000e-05	5.770962e-03	1.360093e+01
3.925000e-05	1.070266e-02	1.346206e+01
3.926000e-05	4.533692e-03	1.332167e+01
3.927000e-05	6.959394e-03	1.315377e+01
3.928000e-05	3.874834e-03	1.298593e+01
3.929000e-05	7.880791e-03	1.286053e+01
3.930000e-05	2.974103e-03	1.262059e+01
3.931000e-05	3.591637e-03	1.252319e+01
3.932000e-05	3.348088e-03	1.230379e+01
3.933000e-05	4.773997e-03	1.212380e+01
3.934000e-05	2.927480e-03	1.195487e+01
3.935000e-05	1.764949e-03	1.178580e+01
3.936000e-05	3.240673e-03	1.152527e+01
3.937000e-05	3.198264e-03	1.130314e+01
3.938000e-05	2.572501e-03	1.108464e+01
3.939000e-05	5.236663e-04	1.090374e+01
3.940000e-05	2.197380e-03	1.069362e+01
3.941000e-05	1.472116e-03	1.046264e+01
3.942000e-05	6.029891e-04	1.023111e+01
3.943000e-05	-7.078313e-04	1.000993e+01
3.944000e-05	-1.867166e-04	9.798355e+00
3.945000e-05	8.839866e-04	9.575395e+00
3.946000e-05	2.826215e-04	9.355320e+00
3.947000e-05	-1.405326e-03	9.094165e+00
3.948000e-05	-1.748427e-03	8.871640e+00
3.949000e-05	4.970534e-05	8.628002e+00
3.950000e-05	-5.737321e-04	8.428427e+00
3.951000e-05	-1.008480e-03	8.146351e+00
3.952000e-05	-3.025195e-03	7.873092e+00
3.953000e-05	-1.671922e-03	7.618581e+00
3.954000e-05	-2.016476e-03	7.324825e+00
3.955000e-05	-2.158993e-03	7.063062e+00
3.956000e-05	-3.637478e-03	6.821557e+00
3.957000e-05	-1.941634e-03	6.566824e+00
3.958000e-05	-2.044265e-03	6.283186e+00
3.959000e-05	-2.750286e-03	6.062057e+00
3.960000e-05	-5.056425e-03	5.767371e+00
3.961000e-05	-2.633408e-03	5.483163e+00
3.962000e-05	-3.071599e-03	5.148877e+00
3.963000e-05	-3.087304e-03	4.830561e+00
3.964000e-05	-4.787778e-03	4.557353e+00
3.965000e-05	-4.005208e-03	4.294245e+00
3.966000e-05	-2.482310e-03	3.948029e+00
3.967000e-05	-4.640705e-03	3.736296e+00
3.968000e-05	-4.218455e-03	3.442167e+00
3.969000e-05	-4.709784e-03	3.136371e+00
3.970000e-05	-3.898654e-03	2.894716e+00
3.971000e-05	-5.153512e-03	2.580908e+00
3.972000e-05	-6.720986e-03	2.293239e+00
3.973000e-05	-5.447644e-03	2.012549e+00
3.974000e-05	-3.645277e-03	1.745745e+00
3.975000e-05	-5.463839e-03	1.432083e+00
3.976000e-05	-5.872122e-03	1.066321e+00
3.977000e-05	-5.145699e-03	7.880001e-01
3.978000e-05	-4.158967e-03	5.352660e-01
3.979000e-05	-4.626543e-03	2.391107e-01
3.980000e-05	-4.979877e-03	-7.370522e-02
3.981000e-05	4.563799e-03	-3.666870e-01
3.982000e-05	-1.629849e-03	-5.805174e-01
3.983000e-05	-5.216392e-04	-9.157092e-01
3.984000e-05	-6.952355e-03	-1.138841e+00
3.985000e-05	-1.611892e-03	-1.491629e+00
3.986000e-05	-2.885384e-03	-1.704711e+00
3.987000e-05	1.938639e-02	-1.976818e+00
3.988000e-05	8.535784e-02	-2.218419e+00
3.989000e-05	-7.230707e-04	-2.618467e+00
3.990000e-05	-6.843278e-02	-2.968968e+00
3.991000e-05	-3.403175e-02	-3.336313e+00
3.992000e-05	-4.156176e-02	-3.545791e+00
3.993000e-05	-6.526911e-02	-3.758941e+00
3.994000e-05	6.705277e-02	-3.978844e+00
3.995000e-05	4.009942e-02	-4.167442e+00
3.996000e-05	-1.144333e-01	-4.514762e+00
3.997000e-05	1.926443e-01	-4.746692e+00
3.998000e-05	-1.487642e-01	-5.044105e+00
3.999000e-05	5.224655e-02	-5.460053e+00
4.000000e-05	-4.827335e-02	-5.663105e+00
4.001000e-05	-8.173220e-02	-5.999920e+00
4.002000e-05	1.514107e-01	-6.156917e+00
4.003000e-05	-1.357977e-01	-6.504207e+00
4.004000e-05	1.190001e-01	-6.799366e+00
4.005000e-05	-5.631307e-02	-7.028527e+00
4.006000e-05	-1.703447e-02	-7.357816e+00
4.007000e-05	2.209715e-02	-7.588918e+00
4.008000e-05	-1.041268e-01	-7.893583e+00
4.009000e-05	1.132653e-01	-8.138218e+00
4.010000e-05	-9.369616e-02	-8.377899e+00
4.011000e-05	7.592708e-02	-8.661007e+00
4.012000e-05	-3.101089e-02	-8.894584e+00
4.013000e-05	-4.475904e-02	-9.137738e+00
4.014000e-05	4.094559e-02	-9.376792e+00
4.015000e-05	-8.319866e-02	-9.608924e+00
4.016000e-05	7.894619e-02	-9.840451e+00
4.017000e-05	-8.063175e-02	-1.007051e+01
4.018000e-05	6.759149e-02	-1.031318e+01
4.019000e-05	-5.632582e-02	-1.053319e+01
4.020000e-05	1.051005e-02	-1.074517e+01
4.021000e-05	-2.592586e-02	-1.092614e+01
4.022000e-05	-1.926999e-02	-1.114632e+01
4.023000e-05	1.695361e-02	-1.137672e+01
4.024000e-05	-3.439452e-02	-1.160687e+01
4.025000e-05	2.466728e-02	-1.182682e+01
4.026000e-05	-4.164107e-02	-1.199787e+01
4.027000e-05	1.650403e-02	-1.221038e+01
4.028000e-05	-4.700944e-02	-1.238627e+01
4.029000e-05	1.545517e-02	-1.254832e+01
4.030000e-05	-3.131100e-02	-1.272469e+01
4.031000e-05	1.095470e-02	-1.293259e+01
4.032000e-05	-2.705116e-02	-1.309201e+01
4.033000e-05	-4.007436e-03	-1.323948e+01
4.034000e-05	-1.629687e-02	-1.335685e+01
4.035000e-05	-1.806583e-02	-1.360324e+01
4.036000e-05	-8.384916e-03	-1.370206e+01
4.037000e-05	-2.152228e-02	-1.384203e+01
4.038000e-05	1.595845e-03	-1.399680e+01
4.039000e-05	-2.664719e-02	-1.413319e+01
4.040000e-05	-6.408524e-03	-1.425850e+01
4.041000e-05	-2.700697e-02	-1.436677e+01
4.042000e-05	-9.837649e-03	-1.455309e+01
4.043000e-05	-2.312965e-02	-1.462942e+01
4.044000e-05	-1.339836e-02	-1.468322e+01
4.045000e-05	-1.850221e-02	-1.483937e+01
4.046000e-05	-1.489219e-02	-1.491476e+01
4.047000e-05	-2.155688e-02	-1.503835e+01
4.048000e-05	-2.121101e-02	-1.508206e+01
4.049000e-05	-2.193939e-02	-1.515677e+01
4.050000e-05	-2.197738e-02	-1.525040e+01
4.051000e-05	-2.122632e-02	-1.532259e+01
4.052000e-05	-2.477948e-02	-1.538630e+01
4.053000e-05	-2.398754e-02	-1.542095e+01
4.054000e-05	-2.633920e-02	-1.549256e+01
4.055000e-05	-2.584865e-02	-1.553324e+01
4.056000e-05	-3.089376e-02	-1.560832e+01
4.057000e-05	-2.781209e-02	-1.560898e+01
4.058000e-05	-3.207726e-02	-1.567093e+01
4.059000e-05	-2.984340e-02	-1.562151e+01
4.060000e-05	-3.675400e-02	-1.567259e+01
4.061000e-05	-3.607203e-02	-1.568316e+01
4.062000e-05	-3.976690e-02	-1.573464e+01
4.063000e-05	-4.059484e-02	-1.569457e+01
4.064000e-05	-4.301391e-02	-1.573314e+01
4.065000e-05	-4.274146e-02	-1.571311e+01
4.066000e-05	-4.253293e-02	-1.568308e+01
4.067000e-05	-4.421695e-02	-1.567256e+01
4.068000e-05	-4.338124e-02	-1.561845e+01
4.069000e-05	-4.391647e-02	-1.558743e+01
4.070000e-05	-4.105569e-02	-1.555579e+01
4.071000e-05	-4.070804e-02	-1.553379e+01
4.072000e-05	-3.887988e-02	-1.547256e+01
4.073000e-05	-3.671906e-02	-1.540743e+01
4.074000e-05	-3.448058e-02	-1.535515e+01
4.075000e-05	-3.299273e-02	-1.528151e+01
4.076000e-05	-3.043578e-02	-1.520793e+01
4.077000e-05	-2.867661e-02	-1.517462e+01
4.078000e-05	-2.641057e-02	-1.506095e+01
4.079000e-05	-2.647611e-02	-1.503580e+01
4.080000e-05	-2.336722e-02	-1.490053e+01
4.081000e-05	-2.273945e-02	-1.480880e+01
4.082000e-05	-2.248716e-02	-1.469204e+01
4.083000e-05	-2.181336e-02	-1.457680e+01
4.084000e-05	-1.966628e-02	-1.442098e+01
4.085000e-05	-1.927484e-02	-1.434424e+01
4.086000e-05	-1.873799e-02	-1.422783e+01
4.087000e-05	-1.631292e-02	-1.406196e+01
4.088000e-05	-1.683242e-02	-1.393269e+01
4.089000e-05	-1.450802e-02	-1.376642e+01
4.090000e-05	-1.533042e-02	-1.363041e+01
4.091000e-05	-1.397436e-02	-1.346111e+01
4.092000e-05	-1.394685e-02	-1.332372e+01
4.093000e-05	-1.410619e-02	-1.319839e+01
4.094000e-05	-1.284961e-02	-1.300040e+01
4.095000e-05	-1.269274e-02	-1.288051e+01
4.096000e-05	-1.129093e-02	-1.268309e+01
4.097000e-05	-1.219931e-02	-1.251410e+01
4.098000e-05	-1.193346e-02	-1.232625e+01
4.099000e-05	-1.054622e-02	-1.216635e+01
4.100000e-05	-1.077316e-02	-1.196530e+01
4.101000e-05	-1.110058e-02	-1.176465e+01
4.102000e-05	-1.111969e-02	-1.153321e+01
4.103000e-05	-1.009337e-02	-1.129314e+01
4.104000e-05	-9.943840e-03	-1.109111e+01
4.105000e-05	-1.019054e-02	-1.086256e+01
4.106000e-05	-8.661581e-03	-1.069066e+01
4.107000e-05	-9.284545e-03	-1.049256e+01
4.108000e-05	-8.018588e-03	-1.024051e+01
4.109000e-05	-9.471725e-03	-9.977404e+00
4.110000e-05	-8.747611e-03	-9.796799e+00
4.111000e-05	-8.425213e-03	-9.544298e+00
4.112000e-05	-7.918361e-03	-9.325273e+00
4.113000e-05	-8.886595e-03	-9.083611e+00
4.114000e-05	-8.187668e-03	-8.862564e+00
4.115000e-05	-7.610102e-03	-8.608957e+00
4.116000e-05	-7.258788e-03	-8.366395e+00
4.117000e-05	-7.069516e-03	-8.135289e+00
4.118000e-05	-8.401609e-03	-7.870512e+00
4.119000e-05	-6.237963e-03	-7.608846e+00
4.120000e-05	-5.752201e-03	-7.355267e+00
4.121000e-05	-7.976397e-03	-7.051462e+00
4.122000e-05	-6.420669e-03	-6.767476e+00
4.123000e-05	-8.227078e-03	-6.525345e+00
4.124000e-05	-5.594118e-03	-6.231161e+00
4.125000e-05	-8.177805e-03	-5.968925e+00
4.126000e-05	-4.774196e-03	-5.736270e+00
4.127000e-05	-4.861100e-03	-5.440507e+00
4.128000e-05	-4.772862e-03	-5.124294e+00
4.129000e-05	-4.897417e-03	-4.808334e+00
4.130000e-05	-5.954700e-03	-4.504691e+00
4.131000e-05	-7.318502e-03	-4.304187e+00
4.132000e-05	-8.685922e-03	-4.052029e+00
4.133000e-05	-7.233268e-03	-3.715147e+00
4.134000e-05	-5.185394e-03	-3.473055e+00
4.135000e-05	-4.147075e-03	-3.137374e+00
4.136000e-05	-3.933511e-03	-2.861087e+00
4.137000e-05	-3.654535e-03	-2.577973e+00
4.138000e-05	-4.164000e-03	-2.285270e+00
4.139000e-05	-3.928662e-03	-2.009471e+00
4.140000e-05	-7.536430e-03	-1.766290e+00
4.141000e-05	-6.330947e-03	-1.410657e+00
4.142000e-05	-4.381737e-03	-1.114707e+00
4.143000e-05	-3.125395e-03	-8.315065e-01
4.144000e-05	-3.033760e-03	-4.962395e-01
4.145000e-05	-3.296795e-03	-2.120077e-01
4.146000e-05	1.787197e-03	5.305514e-02
4.147000e-05	9.527197e-03	3.574181e-01
4.148000e-05	-1.745563e-03	6.201000e-01
4.149000e-05	2.767311e-03	8.606301e-01
4.150000e-05	-2.570188e-03	1.199475e+00
4.151000e-05	2.804698e-03	1.431654e+00
4.152000e-05	4.838892e-04	1.778921e+00
4.153000e-05	1.549075e-02	1.998997e+00
4.154000e-05	5.381094e-02	2.252579e+00
4.155000e-05	6.054053e-02	2.559921e+00
4.156000e-05	-6.808304e-02	2.966344e+00
4.157000e-05	-3.619412e-02	3.220479e+00
4.158000e-05	-2.887233e-02	3.524787e+00
4.159000e-05	-1.002838e-02	3.746316e+00
4.160000e-05	-6.151590e-02	3.936417e+00
4.161000e-05	5.644109e-02	4.189950e+00
4.162000e-05	3.503014e-02	4.514739e+00
4.163000e-05	-3.457995e-02	4.815817e+00
4.164000e-05	1.408343e-01	5.123186e+00
4.165000e-05	-1.162504e-01	5.450526e+00
4.166000e-05	3.540190e-02	5.652080e+00
4.167000e-05	-2.014952e-02	5.977468e+00
4.168000e-05	-1.712176e-03	6.209003e+00
4.169000e-05	3.961976e-02	6.482710e+00
4.170000e-05	-4.864617e-02	6.827371e+00
4.171000e-05	7.355643e-02	7.011000e+00
4.172000e-05	-1.772334e-02	7.314689e+00
4.173000e-05	-5.507250e-03	7.639922e+00
4.174000e-05	-3.526749e-02	7.874204e+00
4.175000e-05	2.571549e-02	8.216793e+00
4.176000e-05	4.078354e-02	8.409449e+00
4.177000e-05	-4.012594e-02	8.618528e+00
4.178000e-05	3.512798e-02	8.893529e+00
4.179000e-05	2.269908e-03	9.121611e+00
4.180000e-05	2.231974e-03	9.315762e+00
4.181000e-05	-7.642269e-03	9.536769e+00
4.182000e-05	-4.896944e-03	9.828454e+00
4.183000e-05	2.670531e-02	1.005050e+01
4.184000e-05	3.089170e-03	1.028158e+01
4.185000e-05	1.435748e-02	1.047519e+01
4.186000e-05	-1.643924e-02	1.068316e+01
4.187000e-05	1.760303e-02	1.088614e+01
4.188000e-05	2.842017e-03	1.111421e+01
4.189000e-05	1.718601e-03	1.133582e+01
4.190000e-05	6.725892e-03	1.154737e+01
4.191000e-05	1.398459e-02	1.179940e+01
4.192000e-05	1.379457e-02	1.196692e+01
4.193000e-05	-2.802211e-03	1.216592e+01
4.194000e-05	4.020814e-03	1.235474e+01
4.195000e-05	5.478193e-03	1.252519e+01
4.196000e-05	1.343137e-02	1.267364e+01
4.197000e-05	2.800204e-03	1.287014e+01
4.198000e-05	1.071919e-02	1.303058e+01
4.199000e-05	9.395400e-03	1.323638e+01
4.200000e-05	1.442184e-02	1.335670e+01
4.201000e-05	2.556341e-03	1.349419e+01
4.202000e-05	5.821731e-03	1.368293e+01
4.203000e-05	1.039367e-02	1.380843e+01
4.204000e-05	1.540341e-02	1.394524e+01
4.205000e-05	8.404477e-03	1.410158e+01
4.206000e-05	6.711371e-03	1.427211e+01
4.207000e-05	1.179663e-02	1.437587e+01
4.208000e-05	1.488083e-02	1.449066e+01
4.209000e-05	9.708398e-03	1.459748e+01
4.210000e-05	9.604710e-03	1.472367e+01
4.211000e-05	1.790970e-02	1.481845e+01
4.212000e-05	1.642748e-02	1.492269e+01
4.213000e-05	1.337574e-02	1.496737e+01
4.214000e-05	9.633374e-03	1.506953e+01
4.215000e-05	1.754884e-02	1.513475e+01
4.216000e-05	1.754520e-02	1.520940e+01
4.217000e-05	1.765540e-02	1.529104e+01
4.218000e-05	1.657165e-02	1.539424e+01
4.219000e-05	2.179171e-02	1.537690e+01
4.220000e-05	2.446681e-02	1.545056e+01
4.221000e-05	1.802586e-02	1.551309e+01
4.222000e-05	2.166256e-02	1.551474e+01
4.223000e-05	2.333328e-02	1.557785e+01
4.224000e-05	2.975980e-02	1.566790e+01
4.225000e-05	2.542737e-02	1.563986e+01
4.226000e-05	2.773685e-02	1.568001e+01
4.227000e-05	3.095714e-02	1.566003e+01
4.228000e-05	3.530621e-02	1.565941e+01
4.229000e-05	3.384709e-02	1.566246e+01
4.230000e-05	3.393224e-02	1.565198e+01
4.231000e-05	3.771635e-02	1.565896e+01
4.232000e-05	4.035115e-02	1.565941e+01
4.233000e-05	3.758245e-02	1.559785e+01
4.234000e-05	3.555286e-02	1.560935e+01
4.235000e-05	3.693599e-02	1.556574e+01
4.236000e-05	3.505831e-02	1.550316e+01
4.237000e-05	3.272792e-02	1.543016e+01
4.238000e-05	2.805455e-02	1.541790e+01
4.239000e-05	2.995589e-02	1.537532e+01
4.240000e-05	2.940631e-02	1.531164e+01
4.241000e-05	2.490055e-02	1.520946e+01
4.242000e-05	2.136615e-02	1.517785e+01
4.243000e-05	2.045191e-02	1.510211e+01
4.244000e-05	2.152484e-02	1.499838e+01
4.245000e-05	1.693370e-02	1.488464e+01
4.246000e-05	1.544005e-02	1.481785e+01
4.247000e-05	1.581629e-02	1.474424e+01
4.248000e-05	1.629510e-02	1.462543e+01
4.249000e-05	1.391479e-02	1.451407e+01
4.250000e-05	9.862762e-03	1.438690e+01
4.251000e-05	1.170001e-02	1.426152e+01
4.252000e-05	1.021125e-02	1.412320e+01
4.253000e-05	9.760251e-03	1.398780e+01
4.254000e-05	7.122353e-03	1.389008e+01
4.255000e-05	8.346216e-03	1.371314e+01
4.256000e-05	7.872634e-03	1.358587e+01
4.257000e-05	6.739066e-03	1.337843e+01
4.258000e-05	4.385127e-03	1.324099e+01
4.259000e-05	6.027214e-03	1.310162e+01
4.260000e-05	5.818568e-03	1.295374e+01
4.261000e-05	5.395676e-03	1.280737e+01
4.262000e-05	3.674985e-03	1.258893e+01
4.263000e-05	3.552957e-03	1.241893e+01
4.264000e-05	4.124896e-03	1.221946e+01
4.265000e-05	2.304819e-03	1.209261e+01
4.266000e-05	2.693153e-03	1.184966e+01
4.267000e-05	1.558706e-03	1.165154e+01
4.268000e-05	2.642740e-03	1.145153e+01
4.269000e-05	2.640442e-03	1.123946e+01
4.270000e-05	1.753693e-03	1.102846e+01
4.271000e-05	7.867747e-04	1.078793e+01
4.272000e-05	1.703363e-03	1.060788e+01
4.273000e-05	6.722116e-04	1.038690e+01
4.274000e-05	2.569440e-04	1.015730e+01
4.275000e-05	-9.069262e-04	9.944692e+00
4.276000e-05	4.449741e-04	9.713795e+00
4.277000e-05	-5.360628e-04	9.442060e+00
4.278000e-05	1.801903e-04	9.251633e+00
4.279000e-05	-1.377053e-03	9.010456e+00
4.280000e-05	3.390329e-04	8.766323e+00
4.281000e-05	-3.587923e-04	8.516347e+00
4.282000e-05	-1.349833e-03	8.292745e+00
4.283000e-05	-2.729139e-03	8.042058e+00
4.284000e-05	-1.717630e-03	7.817375e+00
4.285000e-05	-2.194222e-03	7.514194e+00
4.286000e-05	-3.060384e-03	7.269883e+00
4.287000e-05	-2.442411e-03	6.968850e+00
4.288000e-05	-1.539774e-03	6.692667e+00
4.289000e-05	-2.425666e-03	6.378534e+00
4.290000e-05	-2.407114e-03	6.186903e+00
4.291000e-05	-1.587442e-03	5.916795e+00
4.292000e-05	-2.763809e-03	5.650558e+00
4.293000e-05	-4.321679e-03	5.368954e+00
4.294000e-05	-4.252139e-03	5.009034e+00
4.295000e-05	-3.594208e-03	4.724345e+00
4.296000e-05	-3.553565e-03	4.452136e+00
4.297000e-05	-4.656625e-03	4.166349e+00
4.298000e-05	-4.051208e-03	3.863741e+00
4.299000e-05	-3.715153e-03	3.611578e+00
4.300000e-05	-4.001225e-03	3.334764e+00
4.301000e-05	-5.474974e-03	3.041557e+00
4.302000e-05	-4.334451e-03	2.757949e+00
4.303000e-05	-5.009672e-03	2.463610e+00
4.304000e-05	-3.953447e-03	2.168467e+00
4.305000e-05	-6.365457e-03	1.894844e+00
4.306000e-05	-4.991206e-03	1.600950e+00
4.307000e-05	-5.323887e-03	1.324795e+00
4.308000e-05	-4.877735e-03	9.770027e-01
4.309000e-05	-5.280640e-03	6.847370e-01
4.310000e-05	-5.046413e-03	4.410026e-01
4.311000e-05	-2.615466e-03	5.468808e-02
4.312000e-05	-9.772209e-04	-1.594909e-01
4.313000e-05	5.786649e-03	-4.310052e-01
4.314000e-05	-6.086907e-03	-7.178646e-01
4.315000e-05	3.268758e-04	-1.000915e+00
4.316000e-05	-6.239498e-03	-1.304101e+00
4.317000e-05	-1.099194e-03	-1.580449e+00
4.318000e-05	-2.371132e-04	-1.800976e+00
4.319000e-05	4.358547e-02	-2.031075e+00
4.320000e-05	9.182047e-02	-2.358391e+00
4.321000e-05	-7.512204e-02	-2.777862e+00
4.322000e-05	-3.637708e-02	-3.149942e+00
4.323000e-05	-4.756178e-02	-3.440498e+00
4.324000e-05	-3.388612e-02	-3.631548e+00
4.325000e-05	-5.735817e-02	-3.893783e+00
4.326000e-05	1.435874e-01	-4.054624e+00
4.327000e-05	-1.142785e-01	-4.334790e+00
4.328000e-05	5.833996e-02	-4.631501e+00
4.329000e-05	7.620503e-02	-4.870601e+00
4.330000e-05	-1.478116e-01	-5.272150e+00
4.331000e-05	1.153801e-01	-5.512186e+00
4.332000e-05	-1.726132e-01	-5.817866e+00
4.333000e-05	9.490270e-02	-6.082155e+00
4.334000e-05	9.645214e-03	-6.294607e+00
4.335000e-05	-6.319228e-02	-6.631055e+00
4.336000e-05	1.180320e-01	-6.872527e+00
4.337000e-05	-1.233343e-01	-7.177868e+00
4.338000e-05	7.551751e-02	-7.472105e+00
4.339000e-05	-8.798965e-02	-7.705632e+00
4.340000e-05	1.019572e-02	-8.061001e+00
4.341000e-05	4.566544e-02	-8.230500e+00
4.342000e-05	-7.842799e-02	-8.523236e+00
4.343000e-05	1.086454e-01	-8.785738e+00
4.344000e-05	-1.175615e-01	-8.968447e+00
4.345000e-05	5.964462e-02	-9.253028e+00
4.346000e-05	-5.626633e-02	-9.460103e+00
4.347000e-05	8.152662e-03	-9.725235e+00
4.348000e-05	1.193444e-02	-9.893682e+00
4.349000e-05	-4.205573e-02	-1.015679e+01
4.350000e-05	5.625473e-02	-1.037772e+01
4.351000e-05	-7.658504e-02	-1.062890e+01
4.352000e-05	4.462721e-02	-1.082040e+01
4.353000e-05	-7.097883e-02	-1.097795e+01
4.354000e-05	4.006570e-02	-1.128256e+01
4.355000e-05	-3.676756e-02	-1.140090e+01
4.356000e-05	1.039086e-02	-1.167421e+01
4.357000e-05	-1.804953e-02	-1.181998e+01
4.358000e-05	-8.658034e-03	-1.212516e+01
4.359000e-05	-9.629694e-03	-1.222394e+01
4.360000e-05	-2.822505e-02	-1.247060e+01
4.361000e-05	8.216880e-03	-1.260945e+01
4.362000e-05	-2.636832e-02	-1.283045e+01
4.363000e-05	1.221960e-02	-1.297787e+01
4.364000e-05	-3.811140e-02	-1.310521e+01
4.365000e-05	9.532722e-03	-1.330361e+01
4.366000e-05	-3.304180e-02	-1.345098e+01
4.367000e-05	1.986951e-03	-1.359690e+01
4.368000e-05	-2.867077e-02	-1.375819e+01
4.369000e-05	-3.315525e-03	-1.392374e+01
4.370000e-05	-1.481033e-02	-1.403048e+01
4.371000e-05	-1.622496e-02	-1.415782e+01
4.372000e-05	-1.453555e-02	-1.430363e+01
4.373000e-05	-2.194884e-02	-1.448006e+01
4.374000e-05	-9.994080e-03	-1.458670e+01
4.375000e-05	-2.326295e-02	-1.466311e+01
4.376000e-05	-1.175870e-02	-1.480532e+01
4.377000e-05	-2.297177e-02	-1.488401e+01
4.378000e-05	-1.313336e-02	-1.495629e+01
4.379000e-05	-2.490223e-02	-1.504046e+01
4.380000e-05	-1.886644e-02	-1.513469e+01
4.381000e-05	-2.427416e-02	-1.519742e+01
4.382000e-05	-1.796379e-02	-1.530053e+01
4.383000e-05	-2.474677e-02	-1.534629e+01
4.384000e-05	-2.361187e-02	-1.540890e+01
4.385000e-05	-2.695370e-02	-1.545103e+01
4.386000e-05	-2.465818e-02	-1.549459e+01
4.387000e-05	-2.896869e-02	-1.554471e+01
4.388000e-05	-3.024113e-02	-1.556637e+01
4.389000e-05	-2.994269e-02	-1.562898e+01
4.390000e-05	-3.100997e-02	-1.563103e+01
4.391000e-05	-3.131412e-02	-1.569411e+01
4.392000e-05	-3.821982e-02	-1.569161e+01
4.393000e-05	-3.598240e-02	-1.573464e+01
4.394000e-05	-4.090419e-02	-1.571316e+01
4.395000e-05	-3.996087e-02	-1.572316e+01
4.396000e-05	-4.443218e-02	-1.571364e+01
4.397000e-05	-4.223907e-02	-1.567161e+01
4.398000e-05	-4.432914e-02	-1.564158e+01
4.399000e-05	-4.427323e-02	-1.563048e+01
4.400000e-05	-4.290056e-02	-1.563795e+01
4.401000e-05	-4.315750e-02	-1.563837e+01
4.402000e-05	-4.037098e-02	-1.553514e+01
4.403000e-05	-4.007205e-02	-1.546311e+01
4.404000e-05	-3.736656e-02	-1.545138e+01
4.405000e-05	-3.560034e-02	-1.538827e+01
4.406000e-05	-3.361672e-02	-1.533164e+01
4.407000e-05	-3.267275e-02	-1.522000e+01
4.408000e-05	-3.035702e-02	-1.519583e+01
4.409000e-05	-2.831683e-02	-1.508214e+01
4.410000e-05	-2.505543e-02	-1.500743e+01
4.411000e-05	-2.534741e-02	-1.496572e+01
4.412000e-05	-2.376106e-02	-1.481098e+01
4.413000e-05	-2.175203e-02	-1.474582e+01
4.414000e-05	-2.127034e-02	-1.465048e+01
4.415000e-05	-2.084500e-02	-1.453662e+01
4.416000e-05	-2.007813e-02	-1.442730e+01
4.417000e-05	-1.841816e-02	-1.431159e+01
4.418000e-05	-1.799863e-02	-1.414272e+01
4.419000e-05	-1.663763e-02	-1.402940e+01
4.420000e-05	-1.594963e-02	-1.387101e+01
4.421000e-05	-1.507854e-02	-1.374469e+01
4.422000e-05	-1.464083e-02	-1.357687e+01
4.423000e-05	-1.359492e-02	-1.343900e+01
4.424000e-05	-1.346680e-02	-1.325309e+01
4.425000e-05	-1.280755e-02	-1.314516e+01
4.426000e-05	-1.229626e-02	-1.296735e+01
4.427000e-05	-1.219872e-02	-1.277583e+01
4.428000e-05	-1.236034e-02	-1.262948e+01
4.429000e-05	-1.281930e-02	-1.247050e+01
4.430000e-05	-1.222192e-02	-1.226151e+01
4.431000e-05	-1.078771e-02	-1.206406e+01
4.432000e-05	-1.019199e-02	-1.187154e+01
4.433000e-05	-1.099538e-02	-1.165106e+01
4.434000e-05	-9.396095e-03	-1.141933e+01
4.435000e-05	-1.080491e-02	-1.121938e+01
4.436000e-05	-1.049062e-02	-1.100894e+01
4.437000e-05	-1.026780e-02	-1.076897e+01
4.438000e-05	-9.609911e-03	-1.058842e+01
4.439000e-05	-8.711727e-03	-1.033777e+01
4.440000e-05	-8.704978e-03	-1.011522e+01
4.441000e-05	-7.763194e-03	-9.915213e+00
4.442000e-05	-7.928494e-03	-9.734141e+00
4.443000e-05	-8.282276e-03	-9.471086e+00
4.444000e-05	-8.630066e-03	-9.219500e+00
4.445000e-05	-8.427220e-03	-9.010001e+00
4.446000e-05	-8.126640e-03	-8.745795e+00
4.447000e-05	-7.806556e-03	-8.493719e+00
4.448000e-05	-8.182142e-03	-8.223110e+00
4.449000e-05	-6.613897e-03	-8.022529e+00
4.450000e-05	-7.670261e-03	-7.733791e+00
4.451000e-05	-6.893056e-03	-7.462086e+00
4.452000e-05	-7.287482e-03	-7.180080e+00
4.453000e-05	-6.066349e-03	-6.905295e+00
4.454000e-05	-7.194353e-03	-6.682189e+00
4.455000e-05	-6.268930e-03	-6.432507e+00
4.456000e-05	-8.297853e-03	-6.146323e+00
4.457000e-05	-5.950232e-03	-5.852163e+00
4.458000e-05	-7.128082e-03	-5.630534e+00
4.459000e-05	-5.703601e-03	-5.354787e+00
4.460000e-05	-6.580408e-03	-5.021453e+00
4.461000e-05	-4.186568e-03	-4.712612e+00
4.462000e-05	-5.670886e-03	-4.410527e+00
4.463000e-05	-4.895652e-03	-4.146398e+00
4.464000e-05	-8.429182e-03	-3.893771e+00
4.465000e-05	-5.925525e-03	-3.570473e+00
4.466000e-05	-8.015976e-03	-3.354845e+00
4.467000e-05	-5.007168e-03	-3.051112e+00
4.468000e-05	-5.843569e-03	-2.719317e+00
4.469000e-05	-2.643871e-03	-2.483185e+00
4.470000e-05	-3.655344e-03	-2.137848e+00
4.471000e-05	-3.368488e-03	-1.874742e+00
4.472000e-05	-5.785622e-03	-1.622027e+00
4.473000e-05	-5.676246e-03	-1.304137e+00
4.474000e-05	-5.722509e-03	-9.689277e-01
4.475000e-05	-5.695005e-03	-6.756898e-01
4.476000e-05	-3.766424e-03	-3.694989e-01
4.477000e-05	-1.899628e-03	-1.057910e-01
4.478000e-05	6.386241e-03	1.690206e-01
4.479000e-05	5.296501e-03	4.946575e-01
4.480000e-05	4.077672e-04	7.242392e-01
4.481000e-05	8.513202e-04	9.780731e-01
4.482000e-05	-1.248233e-03	1.263238e+00
4.483000e-05	5.351021e-04	1.607421e+00
4.484000e-05	3.013669e-03	1.862654e+00
4.485000e-05	2.716452e-02	2.084159e+00
4.486000e-05	7.946761e-02	2.400396e+00
4.487000e-05	-2.765190e-03	2.767892e+00
4.488000e-05	-5.911913e-02	3.062155e+00
4.489000e-05	-4.020136e-02	3.315839e+00
4.490000e-05	-8.274453e-03	3.641051e+00
4.491000e-05	-4.049996e-02	3.840604e+00
4.492000e-05	-3.060045e-02	4.032526e+00
4.493000e-05	1.011810e-01	4.369313e+00
4.494000e-05	-5.685654e-02	4.650104e+00
4.495000e-05	9.072965e-02	4.873109e+00
4.496000e-05	2.251945e-02	5.272629e+00
4.497000e-05	-8.431249e-02	5.507715e+00
4.498000e-05	5.596541e-02	5.776422e+00
4.499000e-05	-5.663566e-02	6.114184e+00
4.500000e-05	5.705185e-02	6.334740e+00
4.501000e-05	-2.566264e-02	6.649078e+00
4.502000e-05	3.639646e-03	6.904138e+00
4.503000e-05	5.729031e-02	7.167864e+00
4.504000e-05	-3.513365e-02	7.430529e+00
4.505000e-05	-2.077281e-03	7.715161e+00
4.506000e-05	-3.409921e-02	8.020023e+00
4.507000e-05	6.591491e-02	8.272529e+00
4.508000e-05	-9.739440e-03	8.485136e+00
4.509000e-05	-2.023334e-02	8.715165e+00
4.510000e-05	4.335507e-02	8.947775e+00
4.511000e-05	-2.006620e-02	9.241399e+00
4.512000e-05	2.099535e-02	9.408952e+00
4.513000e-05	-2.969086e-02	9.661107e+00
4.514000e-05	2.955909e-02	9.903114e+00
4.515000e-05	8.064369e-03	1.014617e+01
4.516000e-05	1.337987e-02	1.035732e+01
4.517000e-05	-1.673806e-03	1.058785e+01
4.518000e-05	-1.115173e-02	1.078985e+01
4.519000e-05	2.711380e-02	1.101835e+01
4.520000e-05	-1.341813e-02	1.123856e+01
4.521000e-05	1.607033e-02	1.141853e+01
4.522000e-05	-2.656927e-03	1.167256e+01
4.523000e-05	2.902569e-02	1.186103e+01
4.524000e-05	-3.824955e-03	1.204151e+01
4.525000e-05	4.495800e-03	1.225993e+01
4.526000e-05	2.670422e-04	1.243050e+01
4.527000e-05	1.255127e-02	1.260887e+01
4.528000e-05	9.140045e-03	1.278590e+01
4.529000e-05	7.718168e-04	1.293524e+01
4.530000e-05	1.558125e-02	1.312321e+01
4.531000e-05	8.725367e-03	1.331006e+01
4.532000e-05	1.437164e-02	1.341995e+01
4.533000e-05	-4.518221e-03	1.357477e+01
4.534000e-05	1.442842e-02	1.372522e+01
4.535000e-05	1.000416e-02	1.385953e+01
4.536000e-05	1.478464e-02	1.400942e+01
4.537000e-05	3.668720e-03	1.417679e+01
4.538000e-05	1.110884e-02	1.431421e+01
4.539000e-05	1.789980e-02	1.443791e+01
4.540000e-05	8.314017e-03	1.455567e+01
4.541000e-05	8.448939e-03	1.469043e+01
4.542000e-05	1.213142e-02	1.476675e+01
4.543000e-05	2.346398e-02	1.478103e+01
4.544000e-05	1.086650e-02	1.491377e+01
4.545000e-05	1.101820e-02	1.501940e+01
4.546000e-05	1.445410e-02	1.509259e+01
4.547000e-05	2.062821e-02	1.518680e+01
4.548000e-05	1.505864e-02	1.525753e+01
4.549000e-05	1.284181e-02	1.532264e+01
4.550000e-05	2.077474e-02	1.535725e+01
4.551000e-05	2.380168e-02	1.541790e+01
4.552000e-05	2.204764e-02	1.545051e+01
4.553000e-05	1.782584e-02	1.550464e+01
4.554000e-05	2.409254e-02	1.556572e+01
4.555000e-05	2.824630e-02	1.560643e+01
4.556000e-05	2.602542e-02	1.562883e+01
4.557000e-05	2.505339e-02	1.563045e+01
4.558000e-05	3.013785e-02	1.565899e+01
4.559000e-05	3.527219e-02	1.566904e+01
4.560000e-05	3.327317e-02	1.568151e+01
4.561000e-05	3.326891e-02	1.569051e+01
4.562000e-05	3.597428e-02	1.565046e+01
4.563000e-05	4.033597e-02	1.562846e+01
4.564000e-05	3.729037e-02	1.563935e+01
4.565000e-05	3.565444e-02	1.561838e+01
4.566000e-05	3.602938e-02	1.556580e+01
4.567000e-05	3.729319e-02	1.552522e+01
4.568000e-05	3.423569e-02	1.548209e+01
4.569000e-05	2.952664e-02	1.545053e+01
4.570000e-05	2.977874e-02	1.542833e+01
4.571000e-05	2.993441e-02	1.535375e+01
4.572000e-05	2.755145e-02	1.527054e+01
4.573000e-05	2.225907e-02	1.521693e+01
4.574000e-05	2.096283e-02	1.510624e+01
4.575000e-05	2.255067e-02	1.504109e+01
4.576000e-05	1.884220e-02	1.495425e+01
4.577000e-05	1.617831e-02	1.485151e+01
4.578000e-05	1.518594e-02	1.476640e+01
4.579000e-05	1.618896e-02	1.468504e+01
4.580000e-05	1.482381e-02	1.459580e+01
4.581000e-05	1.099739e-02	1.446206e+01
4.582000e-05	1.219599e-02	1.435474e+01
4.583000e-05	1.118667e-02	1.422943e+01
4.584000e-05	9.800660e-03	1.406108e+01
4.585000e-05	7.114316e-03	1.391372e+01
4.586000e-05	8.056891e-03	1.380788e+01
4.587000e-05	7.867058e-03	1.365898e+01
4.588000e-05	7.110544e-03	1.348209e+01
4.589000e-05	5.948853e-03	1.334570e+01
4.590000e-05	6.941206e-03	1.317830e+01
4.591000e-05	4.474938e-03	1.301006e+01
4.592000e-05	4.539404e-03	1.287301e+01
4.593000e-05	4.580996e-03	1.266269e+01
4.594000e-05	5.099547e-03	1.252564e+01
4.595000e-05	3.298924e-03	1.235532e+01
4.596000e-05	2.354141e-03	1.215585e+01
4.597000e-05	3.404051e-03	1.199585e+01
4.598000e-05	2.201646e-03	1.175727e+01
4.599000e-05	1.915138e-03	1.155588e+01
4.600000e-05	1.311561e-03	1.133625e+01
4.601000e-05	1.557641e-03	1.110384e+01
4.602000e-05	1.902620e-03	1.093477e+01
4.603000e-05	2.505896e-03	1.074425e+01
4.604000e-05	1.898260e-04	1.053277e+01
4.605000e-05	1.282860e-03	1.027106e+01
4.606000e-05	-4.133710e-04	1.007261e+01
4.607000e-05	1.795273e-04	9.789932e+00
4.608000e-05	-1.298320e-03	9.599427e+00
4.609000e-05	-3.473316e-04	9.387848e+00
4.610000e-05	3.262052e-04	9.145696e+00
4.611000e-05	-8.752149e-04	8.892642e+00
4.612000e-05	-5.447924e-04	8.631039e+00
4.613000e-05	-4.296077e-04	8.430583e+00
4.614000e-05	-1.925553e-03	8.178431e+00
4.615000e-05	-1.438612e-03	7.904316e+00
4.616000e-05	-2.225956e-03	7.642163e+00
4.617000e-05	-1.418715e-03	7.358929e+00
4.618000e-05	-1.926023e-03	7.073720e+00
4.619000e-05	-1.992142e-03	6.864213e+00
4.620000e-05	-2.943331e-03	6.598454e+00
4.621000e-05	-2.530613e-03	6.304240e+00
4.622000e-05	-1.818296e-03	6.071187e+00
4.623000e-05	-2.923864e-03	5.809433e+00
4.624000e-05	-2.775310e-03	5.545793e+00
4.625000e-05	-3.354304e-03	5.261459e+00
4.626000e-05	-3.073160e-03	4.854737e+00
4.627000e-05	-3.855996e-03	4.599507e+00
4.628000e-05	-4.677382e-03	4.337345e+00
4.629000e-05	-3.887960e-03	4.029580e+00
4.630000e-05	-3.826763e-03	3.745830e+00
4.631000e-05	-4.509788e-03	3.484194e+00
4.632000e-05	-4.075973e-03	3.189478e+00
4.633000e-05	-4.155211e-03	2.915792e+00
4.634000e-05	-4.683082e-03	2.653242e+00
4.635000e-05	-5.027096e-03	2.295924e+00
4.636000e-05	-6.337424e-03	2.063188e+00
4.637000e-05	-4.643575e-03	1.811054e+00
4.638000e-05	-5.624587e-03	1.475168e+00
4.639000e-05	-4.402179e-03	1.158975e+00
4.640000e-05	-5.961881e-03	8.316065e-01
4.641000e-05	-4.522888e-03	5.483987e-01
4.642000e-05	-5.098082e-03	2.647133e-01
4.643000e-05	-3.729242e-03	-5.107632e-02
4.644000e-05	2.107729e-03	-2.947042e-01
4.645000e-05	8.996387e-04	-5.467620e-01
4.646000e-05	-2.530770e-03	-8.520515e-01
4.647000e-05	-3.337877e-03	-1.104758e+00
4.648000e-05	-4.313035e-03	-1.471148e+00
4.649000e-05	-2.299759e-03	-1.713627e+00
4.650000e-05	1.212439e-02	-1.915762e+00
4.651000e-05	7.382827e-02	-2.126715e+00
4.652000e-05	3.224233e-02	-2.505237e+00
4.653000e-05	-8.204433e-02	-2.926284e+00
4.654000e-05	-2.878282e-02	-3.295659e+00
4.655000e-05	-4.551886e-02	-3.514262e+00
4.656000e-05	-5.562689e-02	-3.725383e+00
4.657000e-05	2.412519e-02	-3.997868e+00
4.658000e-05	9.274021e-02	-4.136338e+00
4.659000e-05	-1.493345e-01	-4.432053e+00
4.660000e-05	1.900859e-01	-4.704756e+00
4.661000e-05	-1.032552e-01	-4.998920e+00
4.662000e-05	-4.879923e-03	-5.408396e+00
4.663000e-05	1.305453e-02	-5.620496e+00
4.664000e-05	-1.390136e-01	-5.937785e+00
4.665000e-05	1.712731e-01	-6.137817e+00
4.666000e-05	-1.210992e-01	-6.461999e+00
4.667000e-05	8.209635e-02	-6.757838e+00
4.668000e-05	-5.330778e-03	-6.958371e+00
4.669000e-05	-6.210739e-02	-7.325761e+00
4.670000e-05	5.662661e-02	-7.557266e+00
4.671000e-05	-1.246362e-01	-7.831078e+00
4.672000e-05	1.053734e-01	-8.104211e+00
4.673000e-05	-6.709299e-02	-8.316817e+00
4.674000e-05	3.569285e-02	-8.650476e+00
4.675000e-05	2.036011e-02	-8.892028e+00
4.676000e-05	-8.444324e-02	-9.135234e+00
4.677000e-05	6.706343e-02	-9.324811e+00
4.678000e-05	-9.861185e-02	-9.546870e+00
4.679000e-05	7.905224e-02	-9.807821e+00
4.680000e-05	-6.941001e-02	-1.000837e+01
4.681000e-05	4.467458e-02	-1.024053e+01
4.682000e-05	-2.583110e-02	-1.047260e+01
4.683000e-05	-1.621169e-02	-1.072369e+01
4.684000e-05	2.830773e-03	-1.085350e+01
4.685000e-05	-4.358007e-02	-1.111416e+01
4.686000e-05	3.579981e-02	-1.133516e+01
4.687000e-05	-4.591488e-02	-1.155281e+01
4.688000e-05	3.096439e-02	-1.177535e+01
4.689000e-05	-4.418310e-02	-1.199724e+01
4.690000e-05	1.687054e-02	-1.218737e+01
4.691000e-05	-4.168810e-02	-1.230479e+01
4.692000e-05	9.007983e-03	-1.253624e+01
4.693000e-05	-2.372902e-02	-1.267306e+01
4.694000e-05	1.106022e-03	-1.291463e+01
4.695000e-05	-1.510184e-02	-1.304103e+01
4.696000e-05	-1.476171e-02	-1.322037e+01
4.697000e-05	-5.998722e-03	-1.337824e+01
4.698000e-05	-2.617664e-02	-1.354364e+01
4.699000e-05	-2.576413e-04	-1.369205e+01
4.700000e-05	-2.942747e-02	-1.383045e+01
4.701000e-05	3.672219e-03	-1.396529e+01
4.702000e-05	-2.791094e-02	-1.407366e+01
4.703000e-05	-6.138353e-03	-1.425843e+01
4.704000e-05	-2.489135e-02	-1.436624e+01
4.705000e-05	-1.049541e-02	-1.451159e+01
4.706000e-05	-2.124428e-02	-1.461927e+01
4.707000e-05	-1.461263e-02	-1.473316e+01
4.708000e-05	-1.731670e-02	-1.481992e+01
4.709000e-05	-1.774068e-02	-1.493416e+01
4.710000e-05	-1.963931e-02	-1.501737e+01
4.711000e-05	-2.292054e-02	-1.505111e+01
4.712000e-05	-2.028321e-02	-1.516679e+01
4.713000e-05	-2.230949e-02	-1.526840e+01
4.714000e-05	-2.113991e-02	-1.533359e+01
4.715000e-05	-2.511515e-02	-1.536782e+01
4.716000e-05	-2.312099e-02	-1.543043e+01
4.717000e-05	-2.731900e-02	-1.549303e+01
4.718000e-05	-2.575900e-02	-1.552426e+01
4.719000e-05	-3.197450e-02	-1.559530e+01
4.720000e-05	-2.861745e-02	-1.557790e+01
4.721000e-05	-3.151200e-02	-1.561906e+01
4.722000e-05	-3.187242e-02	-1.566206e+01
4.723000e-05	-3.566211e-02	-1.570209e+01
4.724000e-05	-3.612779e-02	-1.569461e+01
4.725000e-05	-3.804514e-02	-1.570519e+01
4.726000e-05	-4.047392e-02	-1.571464e+01
4.727000e-05	-4.169770e-02	-1.571316e+01
4.728000e-05	-4.437799e-02	-1.569464e+01
4.729000e-05	-4.296503e-02	-1.567263e+01
4.730000e-05	-4.521162e-02	-1.569061e+01
4.731000e-05	-4.419441e-02	-1.564948e+01
4.732000e-05	-4.407839e-02	-1.557892e+01
4.733000e-05	-4.175436e-02	-1.555627e+01
4.734000e-05	-4.022882e-02	-1.553474e+01
4.735000e-05	-3.859515e-02	-1.547309e+01
4.736000e-05	-3.754591e-02	-1.542943e+01
4.737000e-05	-3.430140e-02	-1.536670e+01
4.738000e-05	-3.322509e-02	-1.532261e+01
4.739000e-05	-3.158136e-02	-1.523943e+01
4.740000e-05	-3.015114e-02	-1.511432e+01
4.741000e-05	-2.712074e-02	-1.507103e+01
4.742000e-05	-2.661351e-02	-1.500933e+01
4.743000e-05	-2.433396e-02	-1.489309e+01
4.744000e-05	-2.356174e-02	-1.479637e+01
4.745000e-05	-2.136688e-02	-1.469321e+01
4.746000e-05	-2.042388e-02	-1.460835e+01
4.747000e-05	-2.051789e-02	-1.447208e+01
4.748000e-05	-1.954200e-02	-1.434622e+01
4.749000e-05	-1.849194e-02	-1.421841e+01
4.750000e-05	-1.577236e-02	-1.407254e+01
4.751000e-05	-1.661916e-02	-1.396622e+01
4.752000e-05	-1.715895e-02	-1.379845e+01
4.753000e-05	-1.400388e-02	-1.365103e+01
4.754000e-05	-1.376117e-02	-1.351322e+01
4.755000e-05	-1.312854e-02	-1.337828e+01
4.756000e-05	-1.386924e-02	-1.320002e+01
4.757000e-05	-1.254490e-02	-1.303048e+01
4.758000e-05	-1.210759e-02	-1.289316e+01
4.759000e-05	-1.221899e-02	-1.271369e+01
4.760000e-05	-1.360502e-02	-1.254571e+01
4.761000e-05	-1.197765e-02	-1.236787e+01
4.762000e-05	-1.013901e-02	-1.217880e+01
4.763000e-05	-1.095916e-02	-1.193593e+01
4.764000e-05	-1.088803e-02	-1.177627e+01
4.765000e-05	-1.030587e-02	-1.158680e+01
4.766000e-05	-8.954057e-03	-1.129614e+01
4.767000e-05	-1.000047e-02	-1.108311e+01
4.768000e-05	-1.070975e-02	-1.088416e+01
4.769000e-05	-9.655805e-03	-1.070364e+01
4.770000e-05	-8.824457e-03	-1.052419e+01
4.771000e-05	-1.017394e-02	-1.028261e+01
4.772000e-05	-8.502624e-03	-1.001905e+01
4.773000e-05	-8.289532e-03	-9.818529e+00
4.774000e-05	-7.521390e-03	-9.619374e+00
4.775000e-05	-8.314241e-03	-9.396822e+00
4.776000e-05	-7.999563e-03	-9.144692e+00
4.777000e-05	-7.081763e-03	-8.933738e+00
4.778000e-05	-7.857085e-03	-8.620115e+00
4.779000e-05	-8.236041e-03	-8.418978e+00
4.780000e-05	-8.280064e-03	-8.157271e+00
4.781000e-05	-7.103524e-03	-7.894089e+00
4.782000e-05	-5.914371e-03	-7.669979e+00
4.783000e-05	-8.600474e-03	-7.376850e+00
4.784000e-05	-6.817163e-03	-7.095639e+00
4.785000e-05	-6.558882e-03	-6.818979e+00
4.786000e-05	-5.502419e-03	-6.586926e+00
4.787000e-05	-7.680267e-03	-6.315764e+00
4.788000e-05	-7.137296e-03	-6.000556e+00
4.789000e-05	-6.210492e-03	-5.787349e+00
4.790000e-05	-6.171443e-03	-5.474212e+00
4.791000e-05	-6.943333e-03	-5.166797e+00
4.792000e-05	-4.617774e-03	-4.824083e+00
4.793000e-05	-6.092956e-03	-4.508894e+00
4.794000e-05	-6.200466e-03	-4.305769e+00
4.795000e-05	-7.267277e-03	-4.081610e+00
4.796000e-05	-7.341527e-03	-3.818846e+00
4.797000e-05	-4.778225e-03	-3.476241e+00
4.798000e-05	-6.561762e-03	-3.231527e+00
4.799000e-05	-4.749774e-03	-2.904736e+00
4.800000e-05	-5.417299e-03	-2.622005e+00
4.801000e-05	-2.878348e-03	-2.357899e+00
4.802000e-05	-5.724924e-03	-2.063030e+00
4.803000e-05	-5.493153e-03	-1.788946e+00
4.804000e-05	-5.217100e-03	-1.472717e+00
4.805000e-05	-4.290645e-03	-1.116319e+00
4.806000e-05	-4.271233e-03	-8.840817e-01
4.807000e-05	-3.533873e-03	-5.588926e-01
4.808000e-05	-2.516792e-03	-2.637096e-01
4.809000e-05	2.062643e-04	7.924810e-03
4.810000e-05	8.753845e-03	3.132668e-01
4.811000e-05	-2.623073e-03	5.473433e-01
4.812000e-05	4.080195e-03	8.320761e-01
4.813000e-05	-2.423803e-03	1.106368e+00
4.814000e-05	3.284347e-03	1.370495e+00
4.815000e-05	-5.227392e-05	1.756870e+00
4.816000e-05	1.350389e-02	1.967393e+00
4.817000e-05	4.588685e-02	2.237922e+00
4.818000e-05	7.400449e-02	2.565761e+00
4.819000e-05	-5.995931e-02	2.915084e+00
4.820000e-05	-4.079033e-02	3.236947e+00
4.821000e-05	-3.375086e-02	3.452230e+00
4.822000e-05	-3.841792e-03	3.715287e+00
4.823000e-05	-6.302240e-02	3.915241e+00
4.824000e-05	3.060194e-02	4.135840e+00
4.825000e-05	7.115014e-02	4.513659e+00
4.826000e-05	-6.623659e-02	4.735790e+00
4.827000e-05	1.542302e-01	4.989100e+00
4.828000e-05	-9.954424e-02	5.407321e+00
4.829000e-05	9.313164e-03	5.629452e+00
4.830000e-05	4.805354e-03	5.904711e+00
4.831000e-05	-2.764698e-02	6.158372e+00
4.832000e-05	5.719213e-02	6.430155e+00
4.833000e-05	-5.477940e-02	6.776290e+00
4.834000e-05	6.310174e-02	7.007975e+00
4.835000e-05	-9.706954e-04	7.311201e+00
4.836000e-05	-1.443485e-02	7.585841e+00
4.837000e-05	-2.506355e-02	7.849607e+00
4.838000e-05	6.406150e-03	8.132739e+00
4.839000e-05	5.362279e-02	8.366843e+00
4.840000e-05	-3.927131e-02	8.589399e+00
4.841000e-05	2.310730e-02	8.829504e+00
4.842000e-05	1.519956e-02	9.061632e+00
4.843000e-05	-1.134548e-02	9.295587e+00
4.844000e-05	4.611884e-03	9.514313e+00
4.845000e-05	-1.632365e-02	9.786897e+00
4.846000e-05	3.421519e-02	1.003790e+01
4.847000e-05	-9.179206e-04	1.025098e+01
4.848000e-05	1.652031e-02	1.045110e+01
4.849000e-05	-1.306671e-02	1.068256e+01
4.850000e-05	1.025964e-02	1.089254e+01
4.851000e-05	9.587194e-03	1.110273e+01
4.852000e-05	-7.193010e-03	1.130372e+01
4.853000e-05	1.253706e-02	1.152522e+01
4.854000e-05	7.534631e-03	1.176484e+01
4.855000e-05	2.061178e-02	1.194484e+01
4.856000e-05	-6.264210e-03	1.217576e+01
4.857000e-05	6.153918e-03	1.232159e+01
4.858000e-05	2.772724e-03	1.251354e+01
4.859000e-05	1.364640e-02	1.264158e+01
4.860000e-05	3.976193e-03	1.283848e+01
4.861000e-05	7.449155e-03	1.300850e+01
4.862000e-05	1.319141e-02	1.316527e+01
4.863000e-05	1.126765e-02	1.336427e+01
4.864000e-05	5.726717e-03	1.343359e+01
4.865000e-05	2.243433e-03	1.364946e+01
4.866000e-05	1.330600e-02	1.379685e+01
4.867000e-05	1.364551e-02	1.390214e+01
4.868000e-05	9.630423e-03	1.410906e+01
4.869000e-05	6.405602e-03	1.424146e+01
4.870000e-05	1.306905e-02	1.439683e+01
4.871000e-05	1.431210e-02	1.449106e+01
4.872000e-05	7.395438e-03	1.456735e+01
4.873000e-05	9.358307e-03	1.472214e+01
4.874000e-05	1.628908e-02	1.475935e+01
4.875000e-05	1.869616e-02	1.490056e+01
4.876000e-05	1.277568e-02	1.495585e+01
4.877000e-05	1.186453e-02	1.504005e+01
4.878000e-05	1.839040e-02	1.509376e+01
4.879000e-05	1.796902e-02	1.520745e+01
4.880000e-05	1.594816e-02	1.525011e+01
4.881000e-05	1.424588e-02	1.531472e+01
4.882000e-05	2.167645e-02	1.539680e+01
4.883000e-05	2.313938e-02	1.543903e+01
4.884000e-05	1.951726e-02	1.551311e+01
4.885000e-05	2.134085e-02	1.552474e+01
4.886000e-05	2.563384e-02	1.559635e+01
4.887000e-05	3.081373e-02	1.558730e+01
4.888000e-05	2.452317e-02	1.563943e+01
4.889000e-05	2.699489e-02	1.567948e+01
4.890000e-05	3.031044e-02	1.564001e+01
4.891000e-05	3.516312e-02	1.570151e+01
4.892000e-05	3.315529e-02	1.568106e+01
4.893000e-05	3.339775e-02	1.569041e+01
4.894000e-05	3.829348e-02	1.567054e+01
4.895000e-05	4.020822e-02	1.566988e+01
4.896000e-05	3.773715e-02	1.558785e+01
4.897000e-05	3.564312e-02	1.556733e+01
4.898000e-05	3.726937e-02	1.555419e+01
4.899000e-05	3.493868e-02	1.550561e+01
4.900000e-05	3.331975e-02	1.548104e+01
4.901000e-05	2.837836e-02	1.544893e+01
4.902000e-05	2.921938e-02	1.538532e+01
4.903000e-05	2.929677e-02	1.531356e+01
4.904000e-05	2.480311e-02	1.524848e+01
4.905000e-05	2.214317e-02	1.518693e+01
4.906000e-05	2.076969e-02	1.509409e+01
4.907000e-05	2.243780e-02	1.503900e+01
4.908000e-05	1.710900e-02	1.494415e+01
4.909000e-05	1.654157e-02	1.481094e+01
4.910000e-05	1.490858e-02	1.475519e+01
4.911000e-05	1.586610e-02	1.460691e+01
4.912000e-05	1.351662e-02	1.456465e+01
4.913000e-05	1.014075e-02	1.443885e+01
4.914000e-05	1.167420e-02	1.430356e+01
4.915000e-05	1.096824e-02	1.418637e+01
4.916000e-05	1.120402e-02	1.398840e+01
4.917000e-05	6.833243e-03	1.387104e+01
4.918000e-05	9.481451e-03	1.376527e+01
4.919000e-05	6.687734e-03	1.357695e+01
4.920000e-05	7.766256e-03	1.342838e+01
4.921000e-05	4.396271e-03	1.329151e+01
4.922000e-05	5.870444e-03	1.311512e+01
4.923000e-05	5.070390e-03	1.296635e+01
4.924000e-05	4.628098e-03	1.280840e+01
4.925000e-05	3.346891e-03	1.260948e+01
4.926000e-05	3.648308e-03	1.246151e+01
4.927000e-05	4.258840e-03	1.230156e+01
4.928000e-05	3.579383e-03	1.211359e+01
4.929000e-05	2.409684e-03	1.187471e+01
4.930000e-05	1.324093e-03	1.172164e+01
4.931000e-05	3.323459e-03	1.145009e+01
4.932000e-05	1.211431e-03	1.124959e+01
4.933000e-05	2.238700e-03	1.108003e+01
4.934000e-05	3.532418e-04	1.084201e+01
4.935000e-05	1.973952e-03	1.066101e+01
4.936000e-05	1.124108e-03	1.044006e+01
4.937000e-05	2.684604e-04	1.019943e+01
4.938000e-05	-4.407454e-04	9.966799e+00
4.939000e-05	7.841579e-04	9.754796e+00
4.940000e-05	4.400580e-04	9.493136e+00
4.941000e-05	-1.714412e-03	9.332617e+00
4.942000e-05	-2.201584e-03	9.040986e+00
4.943000e-05	1.547516e-04	8.806953e+00
4.944000e-05	-1.042458e-03	8.576824e+00
4.945000e-05	-1.203827e-03	8.365320e+00
4.946000e-05	-1.592946e-03	8.091640e+00
4.947000e-05	-6.130719e-04	7.809482e+00
4.948000e-05	-3.883553e-04	7.577324e+00
4.949000e-05	-3.392635e-03	7.243613e+00
4.950000e-05	-2.710394e-03	7.019456e+00
4.951000e-05	-2.012199e-03	6.766875e+00
4.952000e-05	-2.605464e-03	6.483190e+00
4.953000e-05	-3.410934e-03	6.198978e+00
4.954000e-05	-3.044818e-03	5.987451e+00
4.955000e-05	-2.532010e-03	5.703618e+00
4.956000e-05	-2.249204e-03	5.408983e+00
4.957000e-05	-4.266494e-03	5.092716e+00
4.958000e-05	-3.433549e-03	4.766370e+00
4.959000e-05	-3.711563e-03	4.493216e+00
4.960000e-05	-2.870302e-03	4.220459e+00
4.961000e-05	-5.019348e-03	3.925292e+00
4.962000e-05	-4.666393e-03	3.662110e+00
4.963000e-05	-3.664093e-03	3.379875e+00
4.964000e-05	-4.292451e-03	3.083739e+00
4.965000e-05	-4.607051e-03	2.850508e+00
4.966000e-05	-4.567870e-03	2.587194e+00
4.967000e-05	-4.152680e-03	2.221055e+00
4.968000e-05	-4.202063e-03	1.967922e+00
4.969000e-05	-5.300124e-03	1.624617e+00
4.970000e-05	-5.289429e-03	1.345373e+00
4.971000e-05	-6.583855e-03	1.022033e+00
4.972000e-05	-5.326771e-03	7.263197e-01
4.973000e-05	-4.402221e-03	4.526367e-01
4.974000e-05	-3.905970e-03	1.264200e-01
4.975000e-05	-2.241513e-03	-1.272869e-01
4.976000e-05	6.821507e-03	-3.994699e-01
4.977000e-05	-4.547523e-03	-7.261279e-01
4.978000e-05	1.381954e-03	-9.688169e-01
4.979000e-05	-8.369592e-03	-1.243049e+00
4.980000e-05	-8.759710e-04	-1.536820e+00
4.981000e-05	-3.035985e-03	-1.727916e+00
4.982000e-05	3.276597e-02	-2.001572e+00
4.983000e-05	9.535484e-02	-2.304159e+00
4.984000e-05	-5.357501e-02	-2.703630e+00
4.985000e-05	-4.686430e-02	-3.093757e+00
4.986000e-05	-4.325137e-02	-3.417896e+00
4.987000e-05	-3.265645e-02	-3.608920e+00
4.988000e-05	-6.716833e-02	-3.831652e+00
4.989000e-05	1.241782e-01	-4.009955e+00
4.990000e-05	-6.105309e-02	-4.264103e+00
4.991000e-05	-1.534908e-02	-4.578419e+00
4.992000e-05	1.360984e-01	-4.820901e+00
4.993000e-05	-1.701999e-01	-5.148421e+00
4.994000e-05	1.115828e-01	-5.502134e+00
4.995000e-05	-1.391262e-01	-5.766761e+00
4.996000e-05	2.819870e-02	-6.062575e+00
4.997000e-05	6.964485e-02	-6.261079e+00
4.998000e-05	-1.080631e-01	-6.589397e+00
4.999000e-05	1.391604e-01	-6.781576e+00
