# 260928_11:24:45.735306
t	CH1	CH2
0.000000e+00	-2.305658e-03	-1.575186e-01
1.000000e-08	-4.545670e-04	-2.322118e-01
2.000000e-08	-1.117148e-03	-3.968724e-01
3.000000e-08	-3.049173e-03	-4.601527e-01
4.000000e-08	-4.397028e-03	-5.269247e-01
5.000000e-08	-3.915785e-03	-7.143934e-01
6.000000e-08	-2.205792e-03	-8.095487e-01
7.000000e-08	1.588340e-02	-8.826846e-01
8.000000e-08	5.723982e-02	-9.805576e-01
9.000000e-08	-3.022427e-02	-1.158081e+00
1.000000e-07	-5.559015e-02	-1.442136e+00
1.100000e-07	-1.103185e-01	-1.534975e+00
1.200000e-07	1.305763e-01	-1.545494e+00
1.300000e-07	4.058407e-02	-1.598179e+00
1.400000e-07	-1.446303e-01	-1.807182e+00
1.500000e-07	7.813400e-02	-1.871214e+00
1.600000e-07	6.310103e-02	-1.843337e+00
1.700000e-07	-5.212378e-02	-2.090842e+00
1.800000e-07	-2.325609e-02	-2.320640e+00
1.900000e-07	3.938479e-02	-2.282888e+00
2.000000e-07	-1.001423e-01	-2.417709e+00
2.100000e-07	2.525015e-02	-2.563497e+00
2.200000e-07	1.353136e-01	-2.606554e+00
2.300000e-07	-1.200250e-01	-2.742946e+00
2.400000e-07	-5.859635e-02	-2.796730e+00
2.500000e-07	1.292049e-01	-2.890969e+00
2.600000e-07	-5.174968e-02	-3.111396e+00
2.700000e-07	-4.494685e-02	-3.193500e+00
2.800000e-07	-1.498580e-02	-3.286309e+00
2.900000e-07	2.477665e-02	-3.436583e+00
3.000000e-07	9.236924e-02	-3.538919e+00
3.100000e-07	-1.012411e-01	-3.541899e+00
3.200000e-07	-6.050384e-02	-3.645237e+00
3.300000e-07	1.161034e-01	-3.753145e+00
3.400000e-07	-2.785859e-02	-3.908844e+00
3.500000e-07	-6.815191e-02	-3.983503e+00
3.600000e-07	3.415693e-02	-4.015754e+00
3.700000e-07	5.166844e-03	-4.153944e+00
3.800000e-07	2.367754e-02	-4.254660e+00
3.900000e-07	-4.330760e-02	-4.328267e+00
4.000000e-07	-3.846601e-02	-4.372053e+00
4.100000e-07	6.002318e-02	-4.425160e+00
4.200000e-07	-1.688804e-02	-4.572544e+00
4.300000e-07	-1.851500e-02	-4.614608e+00
4.400000e-07	-1.080670e-02	-4.717317e+00
4.500000e-07	9.437792e-03	-4.802675e+00
4.600000e-07	2.017251e-02	-4.877842e+00
4.700000e-07	-4.546748e-02	-4.950074e+00
4.800000e-07	-6.239880e-03	-5.034683e+00
4.900000e-07	2.075086e-02	-5.087863e+00
5.000000e-07	-2.236692e-03	-5.181019e+00
5.100000e-07	-9.589646e-03	-5.254756e+00
5.200000e-07	-2.745688e-02	-5.327367e+00
5.300000e-07	9.720493e-03	-5.444287e+00
5.400000e-07	1.838194e-02	-5.549443e+00
5.500000e-07	-3.508622e-02	-5.591000e+00
5.600000e-07	-6.276500e-03	-5.581554e+00
5.700000e-07	5.005947e-03	-5.664784e+00
5.800000e-07	8.316098e-03	-5.718892e+00
5.900000e-07	-1.570735e-02	-5.780500e+00
6.000000e-07	-2.700622e-02	-5.812279e+00
6.100000e-07	1.794898e-02	-5.874759e+00
6.200000e-07	9.711653e-04	-5.927316e+00
6.300000e-07	-1.402951e-02	-5.969447e+00
6.400000e-07	-1.494165e-02	-5.999425e+00
6.500000e-07	2.224708e-03	-5.969051e+00
6.600000e-07	1.001379e-02	-6.043658e+00
6.700000e-07	-2.198270e-02	-6.065185e+00
6.800000e-07	-1.452346e-02	-6.115341e+00
6.900000e-07	5.577251e-03	-6.149419e+00
7.000000e-07	4.188324e-03	-6.140581e+00
7.100000e-07	-1.264139e-02	-6.242683e+00
7.200000e-07	-1.632722e-02	-6.265337e+00
7.300000e-07	2.820087e-03	-6.284370e+00
7.400000e-07	4.591418e-03	-6.346896e+00
7.500000e-07	-1.471181e-02	-6.367471e+00
7.600000e-07	-1.297234e-02	-6.328420e+00
7.700000e-07	1.384233e-04	-6.367948e+00
7.800000e-07	4.920419e-03	-6.368524e+00
7.900000e-07	-1.165077e-02	-6.388974e+00
8.000000e-07	-1.602894e-02	-6.369976e+00
8.100000e-07	8.635600e-04	-6.389499e+00
8.200000e-07	1.320635e-03	-6.400025e+00
8.300000e-07	-8.538421e-03	-6.379500e+00
8.400000e-07	-1.362904e-02	-6.389550e+00
8.500000e-07	-1.350833e-03	-6.389051e+00
8.600000e-07	2.214378e-03	-6.378996e+00
8.700000e-07	-9.938419e-03	-6.388998e+00
8.800000e-07	-1.166453e-02	-6.358998e+00
8.900000e-07	-3.172715e-03	-6.377446e+00
9.000000e-07	1.787396e-03	-6.315867e+00
9.100000e-07	-7.742774e-03	-6.306789e+00
9.200000e-07	-1.124632e-02	-6.295838e+00
9.300000e-07	-2.863537e-03	-6.274213e+00
9.400000e-07	3.893121e-04	-6.162584e+00
9.500000e-07	-6.906168e-03	-6.247973e+00
9.600000e-07	-1.117283e-02	-6.105313e+00
9.700000e-07	-5.042463e-03	-6.063754e+00
9.800000e-07	2.599303e-04	-6.033678e+00
9.900000e-07	-5.408123e-03	-6.021575e+00
1.000000e-06	-1.005239e-02	-5.989520e+00
1.010000e-06	-3.837142e-03	-5.949949e+00
1.020000e-06	-9.060388e-04	-5.948893e+00
1.030000e-06	-5.522116e-03	-5.896683e+00
1.040000e-06	-9.718205e-03	-5.812653e+00
1.050000e-06	-4.221519e-03	-5.771025e+00
1.060000e-06	-4.975177e-04	-5.697336e+00
1.070000e-06	-5.994173e-03	-5.654211e+00
1.080000e-06	-7.939026e-03	-5.602054e+00
1.090000e-06	-4.937730e-03	-5.590949e+00
1.100000e-06	-1.318974e-03	-5.488917e+00
1.110000e-06	-5.025247e-03	-5.442658e+00
1.120000e-06	-8.349339e-03	-5.358840e+00
1.130000e-06	-4.136902e-03	-5.245606e+00
1.140000e-06	-1.409191e-03	-5.181452e+00
1.150000e-06	-5.520837e-03	-5.148262e+00
1.160000e-06	-7.759139e-03	-5.035080e+00
1.170000e-06	-5.977542e-03	-4.989371e+00
1.180000e-06	-1.749668e-03	-4.849184e+00
1.190000e-06	-5.028686e-03	-4.739943e+00
1.200000e-06	-7.472633e-03	-4.678181e+00
1.210000e-06	-4.644941e-03	-4.573704e+00
1.220000e-06	-1.932373e-03	-4.508872e+00
1.230000e-06	-5.479290e-03	-4.476707e+00
1.240000e-06	-7.300025e-03	-4.392476e+00
1.250000e-06	-5.257128e-03	-4.339945e+00
1.260000e-06	-2.340127e-03	-4.268182e+00
1.270000e-06	-5.794112e-03	-4.162920e+00
1.280000e-06	-6.901792e-03	-4.100138e+00
1.290000e-06	-4.791767e-03	-4.005051e+00
1.300000e-06	-2.262971e-03	-3.951815e+00
1.310000e-06	-4.616010e-03	-3.834055e+00
1.320000e-06	-6.151438e-03	-3.667688e+00
1.330000e-06	-4.557597e-03	-3.595551e+00
1.340000e-06	-3.272806e-03	-3.530216e+00
1.350000e-06	-4.445676e-03	-3.425525e+00
1.360000e-06	-6.213279e-03	-3.344261e+00
1.370000e-06	-4.655994e-03	-3.216504e+00
1.380000e-06	-3.682220e-03	-3.181367e+00
1.390000e-06	-3.987827e-03	-3.026528e+00
1.400000e-06	-5.776321e-03	-2.848654e+00
1.410000e-06	-2.842639e-03	-2.795949e+00
1.420000e-06	-3.020549e-03	-2.719658e+00
1.430000e-06	-2.246624e-03	-2.565919e+00
1.440000e-06	-6.330480e-03	-2.481683e+00
1.450000e-06	-4.522176e-03	-2.395918e+00
1.460000e-06	-4.433582e-03	-2.301735e+00
1.470000e-06	-3.884151e-03	-2.114161e+00
1.480000e-06	-6.759096e-03	-2.036999e+00
1.490000e-06	-2.905192e-03	-1.934765e+00
1.500000e-06	-2.350852e-03	-1.818475e+00
1.510000e-06	-1.285861e-03	-1.703236e+00
1.520000e-06	-5.561563e-03	-1.598024e+00
1.530000e-06	-3.363404e-03	-1.542710e+00
1.540000e-06	-3.570041e-03	-1.364186e+00
1.550000e-06	-3.665122e-03	-1.197399e+00
1.560000e-06	-5.402024e-03	-1.092583e+00
1.570000e-06	-3.947495e-03	-9.683635e-01
1.580000e-06	-1.954990e-03	-8.496028e-01
1.590000e-06	-3.013408e-03	-7.883449e-01
1.600000e-06	-3.924613e-03	-6.320978e-01
1.610000e-06	-4.367053e-03	-4.431328e-01
1.620000e-06	-1.934240e-03	-3.683435e-01
1.630000e-06	-4.161476e-03	-2.425579e-01
1.640000e-06	-2.814262e-03	-1.587884e-01
1.650000e-06	-2.697490e-03	-4.258282e-02
1.660000e-06	6.343473e-04	3.160396e-02
1.670000e-06	-8.504365e-04	1.180486e-01
1.680000e-06	-1.223710e-05	3.453686e-01
1.690000e-06	-9.627694e-04	3.991288e-01
1.700000e-06	-1.318499e-04	5.048904e-01
1.710000e-06	-1.825135e-03	5.886013e-01
1.720000e-06	-1.329596e-03	7.539209e-01
1.730000e-06	9.113098e-03	7.981788e-01
1.740000e-06	4.316274e-02	9.464934e-01
1.750000e-06	1.640006e-02	1.115102e+00
1.760000e-06	-3.688136e-02	1.343390e+00
1.770000e-06	-9.916997e-02	1.397004e+00
1.780000e-06	-3.246660e-04	1.451288e+00
1.790000e-06	1.099898e-01	1.637155e+00
1.800000e-06	-1.850136e-02	1.775499e+00
1.810000e-06	-1.399672e-01	1.796128e+00
1.820000e-06	1.362227e-01	1.931845e+00
1.830000e-06	2.205550e-02	2.019184e+00
1.840000e-06	-5.878889e-02	2.123363e+00
1.850000e-06	3.588803e-02	2.196230e+00
1.860000e-06	-5.914707e-02	2.373546e+00
1.870000e-06	-2.474088e-02	2.386154e+00
1.880000e-06	9.933684e-02	2.489515e+00
1.890000e-06	2.863755e-03	2.690840e+00
1.900000e-06	-1.007865e-01	2.785528e+00
1.910000e-06	3.783079e-02	2.890792e+00
1.920000e-06	4.251073e-02	2.974025e+00
1.930000e-06	-1.260058e-02	3.089286e+00
1.940000e-06	-5.662128e-02	3.164076e+00
1.950000e-06	-3.299459e-03	3.297267e+00
1.960000e-06	6.528579e-02	3.383977e+00
1.970000e-06	2.613429e-02	3.509391e+00
1.980000e-06	-1.018456e-01	3.643606e+00
1.990000e-06	1.319699e-02	3.698788e+00
2.000000e-06	6.926351e-02	3.753075e+00
2.010000e-06	-4.305325e-02	3.928742e+00
2.020000e-06	-1.506546e-02	3.961500e+00
2.030000e-06	8.008406e-03	4.033157e+00
2.040000e-06	2.653140e-02	4.109995e+00
2.050000e-06	-8.533596e-03	4.245208e+00
2.060000e-06	-1.354305e-02	4.320998e+00
2.070000e-06	-1.891530e-02	4.453154e+00
2.080000e-06	2.618591e-02	4.496261e+00
2.090000e-06	9.009156e-03	4.552101e+00
2.100000e-06	-2.368601e-02	4.657819e+00
2.110000e-06	-2.059512e-03	4.760521e+00
2.120000e-06	1.832631e-02	4.802080e+00
2.130000e-06	3.261659e-03	4.856915e+00
2.140000e-06	-2.526354e-02	5.054679e+00
2.150000e-06	6.057335e-03	5.128896e+00
2.160000e-06	8.296804e-03	5.182157e+00
2.170000e-06	7.484036e-03	5.255337e+00
2.180000e-06	-1.417270e-02	5.347894e+00
2.190000e-06	-6.184117e-03	5.383101e+00
2.200000e-06	1.421520e-02	5.452205e+00
2.210000e-06	1.153209e-03	5.495840e+00
2.220000e-06	-9.605253e-03	5.570522e+00
2.230000e-06	-7.379958e-03	5.580550e+00
2.240000e-06	1.677715e-02	5.651260e+00
2.250000e-06	2.394686e-04	5.716312e+00
2.260000e-06	-1.084507e-02	5.810052e+00
2.270000e-06	-6.250947e-03	5.844659e+00
2.280000e-06	1.212409e-02	5.956844e+00
2.290000e-06	3.266437e-03	5.959476e+00
2.300000e-06	-1.152544e-02	5.980000e+00
2.310000e-06	-1.384631e-03	6.020503e+00
2.320000e-06	8.949957e-03	6.012605e+00
2.330000e-06	6.426280e-03	6.074732e+00
2.340000e-06	-1.330564e-02	6.103891e+00
2.350000e-06	-2.135090e-03	6.126845e+00
2.360000e-06	7.310770e-03	6.177924e+00
2.370000e-06	3.905365e-03	6.209975e+00
2.380000e-06	-8.509667e-03	6.190053e+00
2.390000e-06	-4.672467e-03	6.232184e+00
2.400000e-06	8.271285e-03	6.222702e+00
2.410000e-06	2.055254e-03	6.283783e+00
2.420000e-06	-4.938118e-03	6.265283e+00
2.430000e-06	-5.893727e-03	6.285760e+00
2.440000e-06	7.343654e-03	6.285841e+00
2.450000e-06	2.238715e-03	6.305866e+00
2.460000e-06	-4.963768e-03	6.307362e+00
2.470000e-06	-4.744914e-03	6.307390e+00
2.480000e-06	3.728261e-03	6.347369e+00
2.490000e-06	3.114254e-03	6.286443e+00
2.500000e-06	-6.141342e-03	6.328865e+00
2.510000e-06	-2.905698e-03	6.295364e+00
2.520000e-06	2.816679e-03	6.287340e+00
2.530000e-06	5.115513e-03	6.283836e+00
2.540000e-06	-5.052229e-03	6.274658e+00
2.550000e-06	-3.427210e-03	6.261709e+00
2.560000e-06	1.262273e-03	6.242782e+00
2.570000e-06	2.899063e-03	6.239031e+00
2.580000e-06	-4.078091e-03	6.201049e+00
2.590000e-06	-4.370544e-03	6.158048e+00
2.600000e-06	1.861666e-03	6.148471e+00
2.610000e-06	2.080948e-03	6.165840e+00
2.620000e-06	-3.045313e-03	6.085734e+00
2.630000e-06	-4.699281e-03	6.084233e+00
2.640000e-06	1.441293e-03	6.020578e+00
2.650000e-06	1.911772e-03	6.010050e+00
2.660000e-06	-3.256482e-03	5.989972e+00
2.670000e-06	-4.166425e-03	5.977466e+00
2.680000e-06	1.564686e-05	5.907813e+00
2.690000e-06	1.898260e-03	5.864205e+00
2.700000e-06	-2.776967e-03	5.748995e+00
2.710000e-06	-3.344791e-03	5.656786e+00
2.720000e-06	-3.399907e-05	5.663127e+00
2.730000e-06	2.713973e-03	5.581975e+00
2.740000e-06	-3.222867e-03	5.559420e+00
2.750000e-06	-3.549733e-03	5.486787e+00
2.760000e-06	-1.263615e-03	5.453579e+00
2.770000e-06	1.543442e-03	5.410946e+00
2.780000e-06	-3.138074e-03	5.307766e+00
2.790000e-06	-3.535140e-03	5.234707e+00
2.800000e-06	-8.205050e-04	5.222020e+00
2.810000e-06	3.633948e-04	5.097162e+00
2.820000e-06	-2.557920e-03	5.023194e+00
2.830000e-06	-3.683679e-03	4.876679e+00
2.840000e-06	-1.485772e-03	4.792474e+00
2.850000e-06	2.125848e-04	4.751866e+00
2.860000e-06	-2.459607e-03	4.657207e+00
2.870000e-06	-3.100657e-03	4.562522e+00
2.880000e-06	-1.743506e-03	4.498363e+00
2.890000e-06	1.287644e-04	4.433528e+00
2.900000e-06	-2.804904e-03	4.392500e+00
2.910000e-06	-3.974664e-03	4.359712e+00
2.920000e-06	-1.959278e-03	4.152940e+00
2.930000e-06	1.033108e-04	4.055579e+00
2.940000e-06	-2.031482e-03	4.004299e+00
2.950000e-06	-3.768282e-03	3.938737e+00
2.960000e-06	-2.120445e-03	3.805103e+00
2.970000e-06	-1.300517e-03	3.729786e+00
2.980000e-06	-2.563116e-03	3.626079e+00
2.990000e-06	-4.038347e-03	3.554444e+00
3.000000e-06	-2.949944e-03	3.458706e+00
3.010000e-06	-7.813652e-04	3.351236e+00
3.020000e-06	-1.808950e-03	3.206001e+00
3.030000e-06	-3.822902e-03	3.101413e+00
3.040000e-06	-3.104260e-03	3.008004e+00
3.050000e-06	-1.570994e-03	2.930315e+00
3.060000e-06	-2.929817e-03	2.848026e+00
3.070000e-06	-3.880272e-03	2.754321e+00
3.080000e-06	-4.277553e-03	2.657025e+00
3.090000e-06	-1.831608e-03	2.518306e+00
3.100000e-06	-3.541817e-03	2.366396e+00
3.110000e-06	-3.642759e-03	2.270630e+00
3.120000e-06	-4.318366e-03	2.185873e+00
3.130000e-06	-1.474302e-03	2.050679e+00
3.140000e-06	-2.961714e-03	1.975950e+00
3.150000e-06	-4.003413e-03	1.880211e+00
3.160000e-06	-4.489564e-03	1.753912e+00
3.170000e-06	-3.034169e-03	1.619448e+00
3.180000e-06	-3.106226e-03	1.512762e+00
3.190000e-06	-5.361382e-03	1.389446e+00
3.200000e-06	-4.697349e-03	1.290658e+00
3.210000e-06	-3.039511e-03	1.134891e+00
3.220000e-06	-2.828781e-03	1.058403e+00
3.230000e-06	-4.424617e-03	8.205765e-01
3.240000e-06	-4.307270e-03	7.558686e-01
3.250000e-06	-3.773432e-03	6.415527e-01
3.260000e-06	-3.842230e-03	5.053134e-01
3.270000e-06	-5.418527e-03	4.215512e-01
3.280000e-06	-5.252867e-03	3.577120e-01
3.290000e-06	-4.872217e-03	1.784444e-01
3.300000e-06	-2.407766e-03	3.160257e-02
3.310000e-06	-2.846308e-03	-3.270909e-02
3.320000e-06	-1.872738e-03	-1.384511e-01
3.330000e-06	-5.527258e-04	-2.731594e-01
3.340000e-06	-1.090055e-03	-3.554749e-01
3.350000e-06	-3.256467e-03	-4.216291e-01
3.360000e-06	-3.602734e-03	-5.984713e-01
3.370000e-06	-3.672050e-03	-7.044697e-01
3.380000e-06	-9.539021e-04	-7.985274e-01
3.390000e-06	2.162320e-02	-8.643656e-01
3.400000e-06	5.394035e-02	-1.030084e+00
3.410000e-06	-3.745198e-02	-1.221184e+00
3.420000e-06	-6.713095e-02	-1.501817e+00
3.430000e-06	-8.499018e-02	-1.564475e+00
3.440000e-06	1.288767e-01	-1.553972e+00
3.450000e-06	3.238926e-02	-1.629583e+00
3.460000e-06	-1.629234e-01	-1.838180e+00
3.470000e-06	1.138293e-01	-1.891761e+00
3.480000e-06	4.285329e-02	-1.922889e+00
3.490000e-06	-7.559742e-02	-2.134975e+00
3.500000e-06	1.393148e-02	-2.248288e+00
3.510000e-06	1.152949e-02	-2.322870e+00
3.520000e-06	-1.059711e-01	-2.478711e+00
3.530000e-06	7.022401e-02	-2.575404e+00
3.540000e-06	1.020707e-01	-2.667158e+00
3.550000e-06	-1.368215e-01	-2.754421e+00
3.560000e-06	-2.182076e-02	-2.836180e+00
3.570000e-06	1.142787e-01	-2.930971e+00
3.580000e-06	-6.113847e-02	-3.152447e+00
3.590000e-06	-3.924494e-02	-3.207050e+00
3.600000e-06	-1.150676e-02	-3.268786e+00
3.610000e-06	3.241520e-02	-3.428109e+00
3.620000e-06	8.483218e-02	-3.508313e+00
3.630000e-06	-1.256952e-01	-3.553997e+00
3.640000e-06	-2.657229e-02	-3.637207e+00
3.650000e-06	1.142130e-01	-3.752079e+00
3.660000e-06	-5.142350e-02	-3.957892e+00
3.670000e-06	-4.851290e-02	-3.992529e+00
3.680000e-06	3.113617e-02	-4.056260e+00
3.690000e-06	7.326747e-03	-4.143601e+00
3.700000e-06	1.837731e-02	-4.276260e+00
3.710000e-06	-5.057783e-02	-4.298445e+00
3.720000e-06	-2.530979e-02	-4.392026e+00
3.730000e-06	5.739560e-02	-4.444284e+00
3.740000e-06	-2.474190e-02	-4.580400e+00
3.750000e-06	-1.361254e-02	-4.644808e+00
3.760000e-06	-1.109850e-02	-4.738393e+00
3.770000e-06	1.356488e-02	-4.823227e+00
3.780000e-06	1.407487e-02	-4.836886e+00
3.790000e-06	-5.084383e-02	-4.970050e+00
3.800000e-06	5.556215e-03	-5.054657e+00
3.810000e-06	1.452658e-02	-5.095889e+00
3.820000e-06	-1.662668e-03	-5.222975e+00
3.830000e-06	-1.255785e-02	-5.234284e+00
3.840000e-06	-2.687827e-02	-5.310470e+00
3.850000e-06	1.791877e-02	-5.454182e+00
3.860000e-06	1.136763e-02	-5.547922e+00
3.870000e-06	-3.319505e-02	-5.600026e+00
3.880000e-06	-4.623589e-03	-5.611654e+00
3.890000e-06	6.162453e-03	-5.665762e+00
3.900000e-06	7.809402e-03	-5.738397e+00
3.910000e-06	-1.987424e-02	-5.739552e+00
3.920000e-06	-2.397134e-02	-5.803707e+00
3.930000e-06	2.094356e-02	-5.872309e+00
3.940000e-06	-2.985760e-03	-5.917367e+00
3.950000e-06	-1.575516e-02	-5.909474e+00
3.960000e-06	-1.478041e-02	-5.958525e+00
3.970000e-06	7.012862e-03	-6.010055e+00
3.980000e-06	8.915614e-03	-6.052633e+00
3.990000e-06	-2.579454e-02	-6.055261e+00
4.000000e-06	-9.977609e-03	-6.147438e+00
4.010000e-06	6.646596e-03	-6.179622e+00
4.020000e-06	2.368169e-03	-6.221625e+00
4.030000e-06	-1.589070e-02	-6.283257e+00
4.040000e-06	-1.421874e-02	-6.297334e+00
4.050000e-06	7.337455e-03	-6.306394e+00
4.060000e-06	2.749979e-03	-6.286969e+00
4.070000e-06	-1.660682e-02	-6.378472e+00
4.080000e-06	-1.355000e-02	-6.367948e+00
4.090000e-06	2.880197e-03	-6.348949e+00
4.100000e-06	3.262253e-03	-6.389000e+00
4.110000e-06	-1.438117e-02	-6.388499e+00
4.120000e-06	-1.353056e-02	-6.399449e+00
4.130000e-06	2.649272e-03	-6.399550e+00
4.140000e-06	7.530042e-04	-6.380525e+00
4.150000e-06	-1.026433e-02	-6.409025e+00
4.160000e-06	-1.357560e-02	-6.389500e+00
4.170000e-06	8.365689e-04	-6.388476e+00
4.180000e-06	1.509899e-03	-6.359475e+00
4.190000e-06	-1.192010e-02	-6.379000e+00
4.200000e-06	-1.121356e-02	-6.358471e+00
4.210000e-06	-2.609505e-03	-6.347944e+00
4.220000e-06	2.070251e-03	-6.316919e+00
4.230000e-06	-9.733828e-03	-6.296264e+00
4.240000e-06	-1.189966e-02	-6.274713e+00
4.250000e-06	-3.724121e-04	-6.233606e+00
4.260000e-06	6.109343e-05	-6.190648e+00
4.270000e-06	-7.979948e-03	-6.157994e+00
4.280000e-06	-1.144254e-02	-6.115286e+00
4.290000e-06	-2.414492e-03	-6.083131e+00
4.300000e-06	7.274623e-05	-6.004178e+00
4.310000e-06	-7.217844e-03	-5.991501e+00
4.320000e-06	-9.911239e-03	-5.960550e+00
4.330000e-06	-2.720594e-03	-5.929424e+00
4.340000e-06	1.435948e-05	-5.886792e+00
4.350000e-06	-6.043125e-03	-5.875681e+00
4.360000e-06	-9.676264e-03	-5.800053e+00
4.370000e-06	-3.551887e-03	-5.780449e+00
4.380000e-06	-4.614671e-04	-5.706761e+00
4.390000e-06	-6.674097e-03	-5.673609e+00
4.400000e-06	-1.049522e-02	-5.612577e+00
4.410000e-06	-4.614698e-03	-5.581000e+00
4.420000e-06	-5.197959e-04	-5.507289e+00
4.430000e-06	-5.920287e-03	-5.494079e+00
4.440000e-06	-8.211447e-03	-5.348839e+00
4.450000e-06	-3.921419e-03	-5.243554e+00
4.460000e-06	-1.280057e-03	-5.181950e+00
4.470000e-06	-4.954224e-03	-5.117836e+00
4.480000e-06	-8.749984e-03	-5.034579e+00
4.490000e-06	-4.734033e-03	-4.990522e+00
4.500000e-06	-1.958553e-03	-4.856737e+00
4.510000e-06	-4.326588e-03	-4.801311e+00
4.520000e-06	-8.388742e-03	-4.655138e+00
4.530000e-06	-5.317037e-03	-4.603550e+00
4.540000e-06	-1.204610e-03	-4.538842e+00
4.550000e-06	-4.256589e-03	-4.448132e+00
4.560000e-06	-8.034677e-03	-4.423051e+00
4.570000e-06	-4.673838e-03	-4.340892e+00
4.580000e-06	-2.188479e-03	-4.267552e+00
4.590000e-06	-2.852549e-03	-4.181923e+00
4.600000e-06	-7.439140e-03	-4.128757e+00
4.610000e-06	-5.254663e-03	-3.993024e+00
4.620000e-06	-3.577860e-03	-3.941895e+00
4.630000e-06	-4.201415e-03	-3.866015e+00
4.640000e-06	-6.834776e-03	-3.669184e+00
4.650000e-06	-5.317832e-03	-3.603999e+00
4.660000e-06	-1.869154e-03	-3.482286e+00
4.670000e-06	-3.460236e-03	-3.387475e+00
4.680000e-06	-4.732716e-03	-3.290211e+00
4.690000e-06	-4.460759e-03	-3.206550e+00
4.700000e-06	-3.674100e-03	-3.161865e+00
4.710000e-06	-3.726995e-03	-3.007546e+00
4.720000e-06	-6.996184e-03	-2.868583e+00
4.730000e-06	-5.673119e-03	-2.794947e+00
4.740000e-06	-3.533989e-03	-2.710684e+00
4.750000e-06	-2.281646e-03	-2.583346e+00
4.760000e-06	-4.298790e-03	-2.470103e+00
4.770000e-06	-4.016337e-03	-2.385449e+00
4.780000e-06	-3.983578e-03	-2.291133e+00
4.790000e-06	-3.203378e-03	-2.133733e+00
4.800000e-06	-5.371872e-03	-1.997999e+00
4.810000e-06	-4.411805e-03	-1.913811e+00
4.820000e-06	-4.552350e-03	-1.817995e+00
4.830000e-06	-1.992980e-03	-1.701712e+00
4.840000e-06	-3.263973e-03	-1.617399e+00
4.850000e-06	-3.074128e-03	-1.461609e+00
4.860000e-06	-4.577977e-03	-1.305258e+00
4.870000e-06	-2.352900e-03	-1.187397e+00
4.880000e-06	-4.298115e-03	-1.083554e+00
4.890000e-06	-4.519385e-03	-9.458683e-01
4.900000e-06	-4.241516e-03	-8.310514e-01
4.910000e-06	-2.457396e-03	-7.672672e-01
4.920000e-06	-1.831149e-03	-6.094977e-01
4.930000e-06	-4.351933e-03	-4.516577e-01
4.940000e-06	-3.198913e-03	-3.878461e-01
4.950000e-06	-3.198613e-03	-2.110566e-01
4.960000e-06	-3.838182e-04	-1.678696e-01
4.970000e-06	-2.047019e-03	-2.100012e-02
4.980000e-06	4.328017e-04	4.171016e-02
4.990000e-06	-2.243440e-04	1.889525e-01
5.000000e-06	5.567005e-05	3.359472e-01
5.010000e-06	-2.847520e-03	3.991538e-01
5.020000e-06	-2.188623e-03	4.843158e-01
5.030000e-06	-1.034411e-03	6.191525e-01
5.040000e-06	3.809418e-04	7.258134e-01
5.050000e-06	1.333820e-02	7.886251e-01
5.060000e-06	4.635157e-02	9.270486e-01
5.070000e-06	5.999009e-03	1.185103e+00
5.080000e-06	-4.218806e-02	1.353794e+00
5.090000e-06	-1.077044e-01	1.417076e+00
5.100000e-06	2.945661e-02	1.440705e+00
5.110000e-06	9.679708e-02	1.680095e+00
5.120000e-06	-3.820351e-02	1.784495e+00
5.130000e-06	-1.123385e-01	1.819055e+00
5.140000e-06	1.355907e-01	1.904418e+00
5.150000e-06	1.651489e-02	2.048586e+00
5.160000e-06	-7.316662e-02	2.102891e+00
5.170000e-06	5.037265e-02	2.198084e+00
5.180000e-06	-7.367672e-02	2.356523e+00
5.190000e-06	-1.146131e-02	2.426632e+00
5.200000e-06	1.098193e-01	2.511992e+00
5.210000e-06	-2.421771e-02	2.731820e+00
5.220000e-06	-9.332328e-02	2.826105e+00
5.230000e-06	5.491228e-02	2.911337e+00
5.240000e-06	2.843041e-02	2.994129e+00
5.250000e-06	-1.744567e-02	3.089311e+00
5.260000e-06	-5.440178e-02	3.184131e+00
5.270000e-06	5.630165e-03	3.309867e+00
5.280000e-06	7.569162e-02	3.355101e+00
5.290000e-06	-6.470418e-05	3.529370e+00
5.300000e-06	-9.354734e-02	3.614709e+00
5.310000e-06	2.578211e-02	3.729313e+00
5.320000e-06	6.235544e-02	3.793101e+00
5.330000e-06	-5.192802e-02	3.929316e+00
5.340000e-06	-5.669800e-03	3.982501e+00
5.350000e-06	1.003148e-02	4.064184e+00
5.360000e-06	2.243209e-02	4.088443e+00
5.370000e-06	-8.380529e-03	4.307781e+00
5.380000e-06	-1.848944e-02	4.381504e+00
5.390000e-06	-9.428869e-03	4.454708e+00
5.400000e-06	2.185305e-02	4.499340e+00
5.410000e-06	7.893813e-03	4.580550e+00
5.420000e-06	-2.801379e-02	4.687290e+00
5.430000e-06	5.767038e-03	4.749998e+00
5.440000e-06	1.618254e-02	4.804079e+00
5.450000e-06	-1.889659e-04	4.898864e+00
5.460000e-06	-2.173949e-02	5.063327e+00
5.470000e-06	7.791507e-03	5.118999e+00
5.480000e-06	9.217786e-03	5.192080e+00
5.490000e-06	1.526962e-03	5.254264e+00
5.500000e-06	-1.257307e-02	5.338919e+00
5.510000e-06	-5.710105e-03	5.430575e+00
5.520000e-06	1.599690e-02	5.436807e+00
5.530000e-06	-3.118042e-03	5.518366e+00
5.540000e-06	-8.576588e-03	5.529449e+00
5.550000e-06	-4.752956e-03	5.620529e+00
5.560000e-06	1.701249e-02	5.722707e+00
5.570000e-06	-2.333983e-03	5.706287e+00
5.580000e-06	-1.281572e-02	5.739676e+00
5.590000e-06	-1.439297e-03	5.804312e+00
5.600000e-06	1.127095e-02	5.906920e+00
5.610000e-06	2.277414e-03	5.948948e+00
5.620000e-06	-1.341927e-02	5.979050e+00
5.630000e-06	1.231214e-03	5.981053e+00
5.640000e-06	9.307804e-03	6.012678e+00
5.650000e-06	2.698404e-03	6.082759e+00
5.660000e-06	-1.325247e-02	6.105841e+00
5.670000e-06	-4.038555e-04	6.137394e+00
5.680000e-06	9.676023e-03	6.148521e+00
5.690000e-06	2.437064e-04	6.190077e+00
5.700000e-06	-8.930882e-03	6.170528e+00
5.710000e-06	-3.090927e-03	6.242078e+00
5.720000e-06	9.707904e-03	6.234231e+00
5.730000e-06	-6.313073e-04	6.262731e+00
5.740000e-06	-7.291614e-03	6.243366e+00
5.750000e-06	-3.999980e-03	6.315413e+00
5.760000e-06	9.787049e-03	6.305817e+00
5.770000e-06	-1.165221e-04	6.285317e+00
5.780000e-06	-7.871437e-03	6.316845e+00
5.790000e-06	-3.252992e-03	6.306914e+00
5.800000e-06	5.674525e-03	6.307437e+00
5.810000e-06	1.921782e-03	6.317342e+00
5.820000e-06	-8.332073e-03	6.315419e+00
5.830000e-06	-2.120940e-03	6.264292e+00
5.840000e-06	4.459640e-03	6.334810e+00
5.850000e-06	2.246341e-03	6.294215e+00
5.860000e-06	-7.053738e-03	6.303236e+00
5.870000e-06	-3.152142e-03	6.262663e+00
5.880000e-06	4.056203e-03	6.233157e+00
5.890000e-06	1.031770e-03	6.221506e+00
5.900000e-06	-5.752451e-03	6.161025e+00
5.910000e-06	-3.650749e-03	6.169500e+00
5.920000e-06	3.635134e-03	6.169470e+00
5.930000e-06	1.432739e-03	6.147842e+00
5.940000e-06	-4.907520e-03	6.064685e+00
5.950000e-06	-3.444874e-03	6.072680e+00
5.960000e-06	2.300372e-03	6.033082e+00
5.970000e-06	2.529433e-03	6.010006e+00
5.980000e-06	-4.397225e-03	5.979025e+00
5.990000e-06	-2.447454e-03	5.978345e+00
6.000000e-06	1.653596e-03	5.927765e+00
6.010000e-06	1.930349e-03	5.843608e+00
6.020000e-06	-4.187273e-03	5.700522e+00
6.030000e-06	-3.235675e-03	5.663103e+00
6.040000e-06	-1.949050e-04	5.652078e+00
6.050000e-06	2.430427e-03	5.580998e+00
6.060000e-06	-3.934312e-03	5.549472e+00
6.070000e-06	-2.870078e-03	5.526787e+00
6.080000e-06	-7.571490e-04	5.454005e+00
6.090000e-06	1.920706e-03	5.379497e+00
6.100000e-06	-3.434897e-03	5.336366e+00
6.110000e-06	-3.504043e-03	5.263658e+00
6.120000e-06	-1.193620e-03	5.202519e+00
6.130000e-06	1.404858e-03	5.116782e+00
6.140000e-06	-2.392499e-03	5.010945e+00
6.150000e-06	-3.383446e-03	4.873739e+00
6.160000e-06	-2.501263e-03	4.812573e+00
6.170000e-06	1.552044e-03	4.729892e+00
6.180000e-06	-2.529154e-03	4.664658e+00
6.190000e-06	-3.888657e-03	4.562474e+00
6.200000e-06	-2.394101e-03	4.498259e+00
6.210000e-06	3.039158e-04	4.404049e+00
6.220000e-06	-2.756413e-03	4.372995e+00
6.230000e-06	-3.494025e-03	4.286237e+00
6.240000e-06	-1.983938e-03	4.139918e+00
6.250000e-06	-5.655619e-04	4.054605e+00
6.260000e-06	-1.714140e-03	3.992321e+00
6.270000e-06	-4.345890e-03	3.889237e+00
6.280000e-06	-8.503543e-04	3.793975e+00
6.290000e-06	-7.113993e-04	3.700795e+00
6.300000e-06	-2.903880e-03	3.606078e+00
6.310000e-06	-4.336136e-03	3.573399e+00
6.320000e-06	-1.598902e-03	3.448058e+00
6.330000e-06	-1.371159e-03	3.310687e+00
6.340000e-06	-3.105412e-03	3.195026e+00
6.350000e-06	-4.093041e-03	3.111315e+00
6.360000e-06	-2.319234e-03	3.026528e+00
6.370000e-06	-6.081604e-04	2.951767e+00
6.380000e-06	-3.969908e-03	2.807626e+00
6.390000e-06	-4.752794e-03	2.763344e+00
6.400000e-06	-2.654746e-03	2.627599e+00
6.410000e-06	-1.929333e-03	2.439632e+00
6.420000e-06	-3.699327e-03	2.385421e+00
6.430000e-06	-5.136411e-03	2.280608e+00
6.440000e-06	-2.924804e-03	2.154342e+00
6.450000e-06	-1.638330e-03	2.049105e+00
6.460000e-06	-3.768969e-03	1.985972e+00
6.470000e-06	-5.416175e-03	1.900236e+00
6.480000e-06	-2.604109e-03	1.693237e+00
6.490000e-06	-1.597922e-03	1.598476e+00
6.500000e-06	-3.943025e-03	1.462260e+00
6.510000e-06	-6.819794e-03	1.386445e+00
6.520000e-06	-4.003175e-03	1.261133e+00
6.530000e-06	-2.511784e-03	1.144840e+00
6.540000e-06	-3.432835e-03	9.974162e-01
6.550000e-06	-6.084933e-03	8.106028e-01
6.560000e-06	-2.750561e-03	7.463659e-01
6.570000e-06	-2.036140e-03	6.314490e-01
6.580000e-06	-3.750518e-03	4.842846e-01
6.590000e-06	-6.114894e-03	4.000526e-01
6.600000e-06	-4.435370e-03	3.472883e-01
6.610000e-06	-2.507942e-03	1.277920e-01
6.620000e-06	-4.368610e-03	6.252637e-02
6.630000e-06	-3.244062e-03	-4.371028e-02
6.640000e-06	-2.575904e-04	-1.800250e-01
6.650000e-06	3.123321e-04	-3.346632e-01
6.660000e-06	-1.614951e-03	-3.885487e-01
6.670000e-06	-4.934884e-03	-4.522054e-01
6.680000e-06	-2.446975e-03	-6.091277e-01
6.690000e-06	-3.003423e-03	-7.663973e-01
6.700000e-06	-1.188530e-03	-8.190540e-01
6.710000e-06	2.804124e-02	-9.027644e-01
6.720000e-06	4.768978e-02	-1.041734e+00
6.730000e-06	-4.058800e-02	-1.231711e+00
6.740000e-06	-8.120913e-02	-1.490287e+00
6.750000e-06	-5.224816e-02	-1.584923e+00
6.760000e-06	1.196975e-01	-1.525369e+00
6.770000e-06	1.856713e-02	-1.660184e+00
6.780000e-06	-1.620331e-01	-1.870209e+00
6.790000e-06	1.394605e-01	-1.881756e+00
6.800000e-06	3.188867e-02	-1.923364e+00
6.810000e-06	-9.543396e-02	-2.134901e+00
6.820000e-06	4.735091e-02	-2.371291e+00
6.830000e-06	-1.617245e-02	-2.333895e+00
6.840000e-06	-1.085088e-01	-2.479763e+00
6.850000e-06	1.111253e-01	-2.564476e+00
6.860000e-06	6.238184e-02	-2.647214e+00
6.870000e-06	-1.470527e-01	-2.754450e+00
6.880000e-06	1.642336e-02	-2.817105e+00
6.890000e-06	9.426542e-02	-2.924601e+00
6.900000e-06	-6.677670e-02	-3.173422e+00
6.910000e-06	-3.722867e-02	-3.204026e+00
6.920000e-06	-7.114026e-03	-3.280311e+00
6.930000e-06	4.522727e-02	-3.497283e+00
6.940000e-06	6.881475e-02	-3.510865e+00
6.950000e-06	-1.433759e-01	-3.562554e+00
6.960000e-06	6.838831e-03	-3.656736e+00
6.970000e-06	1.065260e-01	-3.764975e+00
6.980000e-06	-7.252431e-02	-3.909419e+00
6.990000e-06	-3.195108e-02	-3.993075e+00
7.000000e-06	2.588542e-02	-4.027784e+00
7.010000e-06	1.211603e-02	-4.225050e+00
7.020000e-06	1.058464e-02	-4.287264e+00
7.030000e-06	-5.835254e-02	-4.309369e+00
7.040000e-06	-8.401392e-03	-4.372575e+00
7.050000e-06	5.354602e-02	-4.476761e+00
7.060000e-06	-3.047639e-02	-4.612999e+00
7.070000e-06	-1.253773e-02	-4.675258e+00
7.080000e-06	-1.115413e-02	-4.727895e+00
7.090000e-06	1.749221e-02	-4.874677e+00
7.100000e-06	7.713594e-03	-4.918770e+00
7.110000e-06	-5.314817e-02	-5.001451e+00
7.120000e-06	1.453603e-02	-5.024712e+00
7.130000e-06	9.988083e-03	-5.118398e+00
7.140000e-06	-1.956474e-03	-5.171054e+00
7.150000e-06	-1.426936e-02	-5.255339e+00
7.160000e-06	-2.569170e-02	-5.360946e+00
7.170000e-06	2.440642e-02	-5.436237e+00
7.180000e-06	4.730828e-04	-5.559449e+00
7.190000e-06	-3.043512e-02	-5.580076e+00
7.200000e-06	-2.995253e-03	-5.612080e+00
7.210000e-06	7.970211e-03	-5.696384e+00
7.220000e-06	5.960733e-03	-5.707844e+00
7.230000e-06	-2.481478e-02	-5.779524e+00
7.240000e-06	-1.783229e-02	-5.853108e+00
7.250000e-06	2.094255e-02	-5.875258e+00
7.260000e-06	-5.172355e-03	-5.928869e+00
7.270000e-06	-1.533575e-02	-5.979472e+00
7.280000e-06	-1.220677e-02	-5.990125e+00
7.290000e-06	8.504454e-03	-6.000578e+00
7.300000e-06	4.688367e-03	-6.042179e+00
7.310000e-06	-2.560229e-02	-6.093787e+00
7.320000e-06	-7.343693e-03	-6.136868e+00
7.330000e-06	6.229406e-03	-6.197520e+00
7.340000e-06	1.153359e-03	-6.221102e+00
7.350000e-06	-1.521935e-02	-6.252753e+00
7.360000e-06	-1.384597e-02	-6.295782e+00
7.370000e-06	7.914349e-03	-6.286871e+00
7.380000e-06	-1.739383e-03	-6.317894e+00
7.390000e-06	-1.558149e-02	-6.368421e+00
7.400000e-06	-1.160633e-02	-6.369023e+00
7.410000e-06	4.473408e-03	-6.348471e+00
7.420000e-06	2.039780e-03	-6.349525e+00
7.430000e-06	-1.520475e-02	-6.399975e+00
7.440000e-06	-1.017077e-02	-6.388600e+00
7.450000e-06	7.917996e-04	-6.400523e+00
7.460000e-06	-1.013470e-03	-6.389526e+00
7.470000e-06	-1.192306e-02	-6.399024e+00
7.480000e-06	-1.013311e-02	-6.380001e+00
7.490000e-06	1.102977e-03	-6.368549e+00
7.500000e-06	6.920152e-04	-6.379525e+00
7.510000e-06	-1.161645e-02	-6.368000e+00
7.520000e-06	-8.957160e-03	-6.367973e+00
7.530000e-06	-2.824532e-03	-6.356423e+00
7.540000e-06	-6.883774e-05	-6.335416e+00
7.550000e-06	-1.033427e-02	-6.316765e+00
7.560000e-06	-1.001054e-02	-6.286810e+00
7.570000e-06	1.698470e-05	-6.241735e+00
7.580000e-06	-7.368502e-04	-6.182149e+00
7.590000e-06	-7.134975e-03	-6.198470e+00
7.600000e-06	-1.068121e-02	-6.104865e+00
7.610000e-06	-9.716522e-04	-6.033635e+00
7.620000e-06	-1.530342e-03	-6.001579e+00
7.630000e-06	-8.500724e-03	-6.020553e+00
7.640000e-06	-9.968541e-03	-5.979496e+00
7.650000e-06	-3.525660e-03	-5.928419e+00
7.660000e-06	-1.174386e-03	-5.907312e+00
7.670000e-06	-7.896488e-03	-5.844186e+00
7.680000e-06	-8.616881e-03	-5.802504e+00
7.690000e-06	-2.670234e-03	-5.760499e+00
7.700000e-06	-6.748715e-04	-5.687410e+00
7.710000e-06	-7.925072e-03	-5.673133e+00
7.720000e-06	-9.179590e-03	-5.612526e+00
7.730000e-06	-4.623430e-03	-5.580997e+00
7.740000e-06	-1.043244e-03	-5.507765e+00
7.750000e-06	-8.435880e-03	-5.453950e+00
7.760000e-06	-7.494678e-03	-5.319338e+00
7.770000e-06	-4.358080e-03	-5.224677e+00
7.780000e-06	-6.705185e-04	-5.190520e+00
7.790000e-06	-6.505723e-03	-5.105240e+00
7.800000e-06	-6.854775e-03	-5.043082e+00
7.810000e-06	-5.187521e-03	-4.970944e+00
7.820000e-06	-1.819062e-03	-4.848155e+00
7.830000e-06	-6.407993e-03	-4.709841e+00
7.840000e-06	-8.258713e-03	-4.656635e+00
7.850000e-06	-4.821422e-03	-4.613999e+00
7.860000e-06	-1.645162e-03	-4.531344e+00
7.870000e-06	-4.783387e-03	-4.414580e+00
7.880000e-06	-7.132467e-03	-4.394023e+00
7.890000e-06	-3.919521e-03	-4.361313e+00
7.900000e-06	-2.121501e-03	-4.215103e+00
7.910000e-06	-5.080647e-03	-4.152444e+00
7.920000e-06	-7.677908e-03	-4.006681e+00
7.930000e-06	-4.089188e-03	-4.002450e+00
7.940000e-06	-3.445177e-03	-3.950865e+00
7.950000e-06	-3.253268e-03	-3.772899e+00
7.960000e-06	-6.159927e-03	-3.688103e+00
7.970000e-06	-2.865095e-03	-3.563523e+00
7.980000e-06	-3.182475e-03	-3.529233e+00
7.990000e-06	-4.523557e-03	-3.405498e+00
8.000000e-06	-6.100282e-03	-3.288187e+00
8.010000e-06	-5.173322e-03	-3.215524e+00
8.020000e-06	-2.683823e-03	-3.100862e+00
8.030000e-06	-3.416368e-03	-3.014544e+00
8.040000e-06	-5.327613e-03	-2.886578e+00
8.050000e-06	-3.726100e-03	-2.784992e+00
8.060000e-06	-3.132808e-03	-2.639208e+00
8.070000e-06	-3.013455e-03	-2.553842e+00
8.080000e-06	-4.790337e-03	-2.438200e+00
8.090000e-06	-4.350032e-03	-2.355949e+00
8.100000e-06	-3.953009e-03	-2.230103e+00
8.110000e-06	-3.994437e-03	-2.112760e+00
8.120000e-06	-5.568410e-03	-1.986920e+00
8.130000e-06	-2.568679e-03	-1.921758e+00
8.140000e-06	-2.632219e-03	-1.776975e+00
8.150000e-06	-2.516031e-03	-1.671178e+00
8.160000e-06	-4.537787e-03	-1.575899e+00
8.170000e-06	-2.811872e-03	-1.480056e+00
8.180000e-06	-4.236016e-03	-1.274231e+00
8.190000e-06	-3.943793e-03	-1.186344e+00
8.200000e-06	-4.526238e-03	-1.070983e+00
8.210000e-06	-3.814265e-03	-9.457672e-01
8.220000e-06	-2.044298e-03	-8.205788e-01
8.230000e-06	-3.475386e-03	-7.757620e-01
8.240000e-06	-3.099723e-03	-6.073686e-01
8.250000e-06	-2.799179e-03	-4.615540e-01
8.260000e-06	-2.251095e-03	-3.683671e-01
8.270000e-06	-3.800972e-03	-2.305278e-01
8.280000e-06	-2.409604e-03	-1.367396e-01
8.290000e-06	-1.668679e-03	-1.149882e-02
8.300000e-06	9.740094e-04	6.276296e-02
8.310000e-06	-1.332367e-03	2.011065e-01
8.320000e-06	5.153913e-04	3.358988e-01
8.330000e-06	-1.449472e-03	4.101303e-01
8.340000e-06	-1.455660e-03	4.939434e-01
8.350000e-06	-1.877474e-03	6.296092e-01
8.360000e-06	6.178809e-04	7.359223e-01
8.370000e-06	1.478015e-02	8.211763e-01
8.380000e-06	4.708087e-02	1.067549e+00
8.390000e-06	-3.591222e-03	1.188106e+00
8.400000e-06	-4.448834e-02	1.354897e+00
8.410000e-06	-1.071335e-01	1.397651e+00
8.420000e-06	5.588809e-02	1.444871e+00
8.430000e-06	8.006334e-02	1.681760e+00
8.440000e-06	-6.331079e-02	1.777075e+00
8.450000e-06	-7.420064e-02	1.838688e+00
8.460000e-06	1.215252e-01	1.935948e+00
8.470000e-06	1.293608e-02	2.068765e+00
8.480000e-06	-7.414791e-02	2.125412e+00
8.490000e-06	5.317066e-02	2.219159e+00
8.500000e-06	-8.187365e-02	2.394523e+00
8.510000e-06	3.753515e-03	2.439108e+00
8.520000e-06	1.156738e-01	2.595521e+00
8.530000e-06	-4.983840e-02	2.741395e+00
8.540000e-06	-8.353538e-02	2.857104e+00
8.550000e-06	6.889043e-02	2.892338e+00
8.560000e-06	1.945207e-02	3.006552e+00
8.570000e-06	-2.372034e-02	3.109841e+00
8.580000e-06	-5.179733e-02	3.204653e+00
8.590000e-06	1.538881e-02	3.318862e+00
8.600000e-06	8.530612e-02	3.448200e+00
8.610000e-06	-2.720487e-02	3.531425e+00
8.620000e-06	-8.298699e-02	3.626655e+00
8.630000e-06	3.844232e-02	3.729865e+00
8.640000e-06	5.211998e-02	3.815103e+00
8.650000e-06	-5.654407e-02	3.929817e+00
8.660000e-06	1.047176e-04	4.003555e+00
8.670000e-06	1.373839e-02	4.045733e+00
8.680000e-06	1.811807e-02	4.171576e+00
8.690000e-06	-7.701403e-03	4.318316e+00
8.700000e-06	-2.444349e-02	4.383024e+00
8.710000e-06	-7.475321e-05	4.453209e+00
8.720000e-06	2.016745e-02	4.498397e+00
8.730000e-06	6.384407e-03	4.603678e+00
8.740000e-06	-2.977067e-02	4.727867e+00
8.750000e-06	1.177904e-02	4.780523e+00
8.760000e-06	1.419007e-02	4.803655e+00
8.770000e-06	-6.558621e-03	4.910942e+00
8.780000e-06	-1.833838e-02	5.063207e+00
8.790000e-06	7.980689e-03	5.150494e+00
8.800000e-06	1.199822e-02	5.223204e+00
8.810000e-06	-1.198246e-03	5.295863e+00
8.820000e-06	-1.157724e-02	5.350470e+00
8.830000e-06	-4.051981e-03	5.402583e+00
8.840000e-06	1.756722e-02	5.454237e+00
8.850000e-06	-7.309012e-03	5.527393e+00
8.860000e-06	-7.627127e-03	5.588001e+00
8.870000e-06	-1.055717e-03	5.592103e+00
8.880000e-06	1.609657e-02	5.683262e+00
8.890000e-06	-3.449038e-03	5.706337e+00
8.900000e-06	-1.280199e-02	5.762028e+00
8.910000e-06	1.828190e-03	5.884335e+00
8.920000e-06	8.490545e-03	5.928442e+00
8.930000e-06	2.113498e-03	5.979449e+00
8.940000e-06	-1.336177e-02	5.990076e+00
8.950000e-06	2.633970e-03	6.031555e+00
8.960000e-06	8.295110e-03	6.033606e+00
8.970000e-06	6.302354e-04	6.034811e+00
8.980000e-06	-1.241902e-02	6.117891e+00
8.990000e-06	5.851444e-05	6.107469e+00
9.000000e-06	8.924602e-03	6.178976e+00
9.010000e-06	-4.700502e-04	6.180550e+00
9.020000e-06	-6.888364e-03	6.211527e+00
9.030000e-06	-2.344608e-03	6.220203e+00
9.040000e-06	8.559233e-03	6.231133e+00
9.050000e-06	-1.241787e-03	6.273658e+00
9.060000e-06	-6.692949e-03	6.286834e+00
9.070000e-06	-2.670182e-03	6.292835e+00
9.080000e-06	7.188933e-03	6.315266e+00
9.090000e-06	1.912163e-04	6.315815e+00
9.100000e-06	-7.374962e-03	6.307415e+00
9.110000e-06	-1.763019e-03	6.356864e+00
9.120000e-06	3.171084e-03	6.316241e+00
9.130000e-06	8.594638e-04	6.294441e+00
9.140000e-06	-7.598414e-03	6.267395e+00
9.150000e-06	-1.233448e-03	6.297292e+00
9.160000e-06	3.556692e-03	6.275336e+00
9.170000e-06	1.152838e-03	6.276734e+00
9.180000e-06	-5.449031e-03	6.274688e+00
9.190000e-06	-2.217650e-03	6.302678e+00
9.200000e-06	2.903047e-03	6.250654e+00
9.210000e-06	4.303669e-04	6.222008e+00
9.220000e-06	-3.958084e-03	6.230075e+00
9.230000e-06	-2.754142e-03	6.200471e+00
9.240000e-06	2.576023e-03	6.157342e+00
9.250000e-06	-2.312553e-05	6.135818e+00
9.260000e-06	-3.969762e-03	6.074283e+00
9.270000e-06	-2.904302e-03	6.032635e+00
9.280000e-06	2.781682e-03	6.021553e+00
9.290000e-06	8.483653e-04	6.000000e+00
9.300000e-06	-3.102488e-03	5.979970e+00
9.310000e-06	-2.427572e-03	5.968421e+00
9.320000e-06	2.216935e-03	5.928338e+00
9.330000e-06	-5.602792e-05	5.830655e+00
9.340000e-06	-3.886002e-03	5.778415e+00
9.350000e-06	-2.028795e-03	5.672158e+00
9.360000e-06	2.163643e-03	5.632526e+00
9.370000e-06	-5.999659e-04	5.601001e+00
9.380000e-06	-4.090911e-03	5.526917e+00
9.390000e-06	-2.400074e-03	5.457784e+00
9.400000e-06	1.482356e-03	5.463027e+00
9.410000e-06	1.268316e-04	5.400446e+00
9.420000e-06	-3.938214e-03	5.317286e+00
9.430000e-06	-2.464877e-03	5.253679e+00
9.440000e-06	1.515131e-04	5.212397e+00
9.450000e-06	-4.626502e-04	5.085607e+00
9.460000e-06	-3.898412e-03	4.991019e+00
9.470000e-06	-2.326338e-03	4.854681e+00
9.480000e-06	-1.190037e-05	4.801499e+00
9.490000e-06	1.999528e-04	4.779291e+00
9.500000e-06	-3.662876e-03	4.645606e+00
9.510000e-06	-2.446833e-03	4.572396e+00
9.520000e-06	-9.312704e-04	4.498259e+00
9.530000e-06	4.179168e-05	4.383000e+00
9.540000e-06	-3.850785e-03	4.381397e+00
9.550000e-06	-2.776903e-03	4.287196e+00
9.560000e-06	-1.935736e-04	4.110370e+00
9.570000e-06	-1.074974e-03	4.017078e+00
9.580000e-06	-2.758747e-03	3.972320e+00
9.590000e-06	-3.917647e-03	3.897712e+00
9.600000e-06	-6.022568e-04	3.803947e+00
9.610000e-06	-1.547628e-03	3.718263e+00
9.620000e-06	-3.554411e-03	3.615500e+00
9.630000e-06	-4.375653e-03	3.561895e+00
9.640000e-06	-1.183593e-03	3.416981e+00
9.650000e-06	-1.776021e-03	3.309733e+00
9.660000e-06	-4.268945e-03	3.204950e+00
9.670000e-06	-3.559049e-03	3.101216e+00
9.680000e-06	-2.190906e-03	3.015044e+00
9.690000e-06	-1.389857e-03	2.891691e+00
9.700000e-06	-4.271170e-03	2.837051e+00
9.710000e-06	-3.764809e-03	2.772791e+00
9.720000e-06	-3.468190e-03	2.587953e+00
9.730000e-06	-2.469932e-03	2.428688e+00
9.740000e-06	-4.115599e-03	2.374391e+00
9.750000e-06	-4.028402e-03	2.269628e+00
9.760000e-06	-3.479879e-03	2.144842e+00
9.770000e-06	-3.373963e-03	2.029050e+00
9.780000e-06	-3.639415e-03	1.984944e+00
9.790000e-06	-4.187792e-03	1.828634e+00
9.800000e-06	-3.946663e-03	1.714265e+00
9.810000e-06	-3.074536e-03	1.627025e+00
9.820000e-06	-3.041678e-03	1.460632e+00
9.830000e-06	-4.580139e-03	1.397941e+00
9.840000e-06	-3.947464e-03	1.261604e+00
9.850000e-06	-4.214156e-03	1.145286e+00
9.860000e-06	-3.497023e-03	9.463163e-01
9.870000e-06	-4.696834e-03	8.185001e-01
9.880000e-06	-4.269556e-03	7.347920e-01
9.890000e-06	-2.824440e-03	6.309777e-01
9.900000e-06	-3.190177e-03	5.136593e-01
9.910000e-06	-4.121143e-03	4.094263e-01
9.920000e-06	-5.407361e-03	3.236358e-01
9.930000e-06	-3.856954e-03	1.583158e-01
9.940000e-06	-2.688738e-03	1.950000e-02
9.950000e-06	-2.250052e-03	-5.371191e-02
9.960000e-06	-1.159242e-03	-1.890314e-01
9.970000e-06	-1.247555e-03	-3.062607e-01
9.980000e-06	-1.250338e-03	-3.979749e-01
9.990000e-06	-2.919237e-03	-4.627342e-01
1.000000e-05	-4.545604e-03	-6.210815e-01
1.001000e-05	-3.473063e-03	-7.353737e-01
1.002000e-05	9.246977e-04	-8.106551e-01
1.003000e-05	3.863870e-02	-9.228684e-01
1.004000e-05	3.340133e-02	-1.052262e+00
1.005000e-05	-4.186791e-02	-1.263296e+00
1.006000e-05	-9.645795e-02	-1.522867e+00
1.007000e-05	-8.739380e-03	-1.575998e+00
1.008000e-05	1.023553e-01	-1.515465e+00
1.009000e-05	-3.438307e-03	-1.671292e+00
1.010000e-05	-1.401899e-01	-1.840661e+00
1.011000e-05	1.492408e-01	-1.851264e+00
1.012000e-05	1.915995e-02	-1.973822e+00
1.013000e-05	-1.098116e-01	-2.215053e+00
1.014000e-05	7.247446e-02	-2.281363e+00
1.015000e-05	-3.765937e-02	-2.344421e+00
1.016000e-05	-1.066152e-01	-2.539862e+00
1.017000e-05	1.412394e-01	-2.576500e+00
1.018000e-05	2.475960e-02	-2.668739e+00
1.019000e-05	-1.485260e-01	-2.773550e+00
1.020000e-05	5.380981e-02	-2.849157e+00
1.021000e-05	6.518296e-02	-3.014104e+00
1.022000e-05	-6.618284e-02	-3.174000e+00
1.023000e-05	-3.226380e-02	-3.185052e+00
1.024000e-05	-4.155378e-03	-3.337887e+00
1.025000e-05	5.628468e-02	-3.467815e+00
1.026000e-05	4.658312e-02	-3.560817e+00
1.027000e-05	-1.500608e-01	-3.572001e+00
1.028000e-05	3.675209e-02	-3.707364e+00
1.029000e-05	8.998679e-02	-3.823152e+00
1.030000e-05	-8.751985e-02	-3.929898e+00
1.031000e-05	-1.148699e-02	-4.004551e+00
1.032000e-05	2.182402e-02	-4.076786e+00
1.033000e-05	1.672573e-02	-4.205102e+00
1.034000e-05	2.536784e-03	-4.265261e+00
1.035000e-05	-6.115826e-02	-4.309945e+00
1.036000e-05	8.143735e-03	-4.381529e+00
1.037000e-05	4.179532e-02	-4.477317e+00
1.038000e-05	-3.392022e-02	-4.553104e+00
1.039000e-05	-9.728076e-03	-4.685662e+00
1.040000e-05	-7.128400e-03	-4.730346e+00
1.041000e-05	2.018866e-02	-4.814208e+00
1.042000e-05	-1.841564e-03	-4.858393e+00
1.043000e-05	-5.006272e-02	-4.963501e+00
1.044000e-05	2.235080e-02	-5.056135e+00
1.045000e-05	5.007761e-03	-5.109941e+00
1.046000e-05	-3.768185e-03	-5.193031e+00
1.047000e-05	-1.753649e-02	-5.246679e+00
1.048000e-05	-2.118518e-02	-5.359953e+00
1.049000e-05	2.770917e-02	-5.446260e+00
1.050000e-05	-9.654913e-03	-5.539424e+00
1.051000e-05	-2.558539e-02	-5.570527e+00
1.052000e-05	5.991162e-04	-5.633129e+00
1.053000e-05	8.531179e-03	-5.675816e+00
1.054000e-05	2.967274e-03	-5.737924e+00
1.055000e-05	-2.720786e-02	-5.780553e+00
1.056000e-05	-1.099969e-02	-5.833129e+00
1.057000e-05	1.875764e-02	-5.863859e+00
1.058000e-05	-9.118977e-03	-5.896891e+00
1.059000e-05	-1.582065e-02	-5.989000e+00
1.060000e-05	-9.351091e-03	-6.000050e+00
1.061000e-05	1.079061e-02	-6.032632e+00
1.062000e-05	1.366334e-03	-6.045654e+00
1.063000e-05	-2.659813e-02	-6.066832e+00
1.064000e-05	-3.306769e-03	-6.116791e+00
1.065000e-05	4.813784e-03	-6.201549e+00
1.066000e-05	-1.264011e-03	-6.243652e+00
1.067000e-05	-1.731555e-02	-6.213736e+00
1.068000e-05	-1.044993e-02	-6.265883e+00
1.069000e-05	1.046503e-02	-6.325817e+00
1.070000e-05	-4.320770e-03	-6.336998e+00
1.071000e-05	-1.500938e-02	-6.357466e+00
1.072000e-05	-9.540479e-03	-6.357972e+00
1.073000e-05	5.890161e-03	-6.347474e+00
1.074000e-05	-5.604981e-04	-6.388975e+00
1.075000e-05	-1.617474e-02	-6.398999e+00
1.076000e-05	-8.638319e-03	-6.399975e+00
1.077000e-05	2.820176e-03	-6.379003e+00
1.078000e-05	-2.184484e-03	-6.379501e+00
1.079000e-05	-1.345198e-02	-6.349025e+00
1.080000e-05	-9.764842e-03	-6.378999e+00
1.081000e-05	2.637159e-03	-6.380025e+00
1.082000e-05	-7.400204e-04	-6.359501e+00
1.083000e-05	-1.259356e-02	-6.358499e+00
1.084000e-05	-8.947692e-03	-6.369923e+00
1.085000e-05	6.585177e-04	-6.356920e+00
1.086000e-05	-7.132540e-04	-6.326896e+00
1.087000e-05	-1.133734e-02	-6.287866e+00
1.088000e-05	-1.016286e-02	-6.296187e+00
1.089000e-05	1.249710e-03	-6.242580e+00
1.090000e-05	-2.551884e-03	-6.230480e+00
1.091000e-05	-9.826350e-03	-6.118019e+00
1.092000e-05	-1.087745e-02	-6.087315e+00
1.093000e-05	-4.045131e-04	-6.063634e+00
1.094000e-05	-1.251660e-03	-6.002632e+00
1.095000e-05	-8.984013e-03	-6.000502e+00
1.096000e-05	-9.051452e-03	-5.979997e+00
1.097000e-05	-2.695275e-03	-5.968420e+00
1.098000e-05	-1.031390e-03	-5.886719e+00
1.099000e-05	-8.922274e-03	-5.823587e+00
1.100000e-05	-8.483731e-03	-5.812104e+00
1.101000e-05	-1.964534e-03	-5.709368e+00
1.102000e-05	-1.084104e-03	-5.676936e+00
1.103000e-05	-7.764976e-03	-5.662105e+00
1.104000e-05	-8.591137e-03	-5.600026e+00
1.105000e-05	-3.578813e-03	-5.579474e+00
1.106000e-05	-1.502853e-03	-5.485791e+00
1.107000e-05	-8.153769e-03	-5.432056e+00
1.108000e-05	-8.856334e-03	-5.265767e+00
1.109000e-05	-2.539890e-03	-5.236054e+00
1.110000e-05	-1.458034e-03	-5.189971e+00
1.111000e-05	-6.352251e-03	-5.117238e+00
1.112000e-05	-8.970792e-03	-5.023575e+00
1.113000e-05	-3.508868e-03	-4.940941e+00
1.114000e-05	-1.677520e-03	-4.836258e+00
1.115000e-05	-6.603518e-03	-4.711365e+00
1.116000e-05	-7.731331e-03	-4.675083e+00
1.117000e-05	-2.808992e-03	-4.602473e+00
1.118000e-05	-1.198108e-03	-4.538762e+00
1.119000e-05	-5.780860e-03	-4.424600e+00
1.120000e-05	-7.815074e-03	-4.372474e+00
1.121000e-05	-3.668005e-03	-4.329783e+00
1.122000e-05	-1.395105e-03	-4.204054e+00
1.123000e-05	-6.747170e-03	-4.142891e+00
1.124000e-05	-7.461330e-03	-4.057184e+00
1.125000e-05	-3.758641e-03	-3.982475e+00
1.126000e-05	-1.589777e-03	-3.909288e+00
1.127000e-05	-4.381957e-03	-3.713324e+00
1.128000e-05	-7.298218e-03	-3.615558e+00
1.129000e-05	-3.880845e-03	-3.573474e+00
1.130000e-05	-2.482901e-03	-3.439665e+00
1.131000e-05	-4.388342e-03	-3.354446e+00
1.132000e-05	-7.145866e-03	-3.320682e+00
1.133000e-05	-2.625500e-03	-3.184950e+00
1.134000e-05	-2.268810e-03	-3.091290e+00
1.135000e-05	-4.239690e-03	-3.015416e+00
1.136000e-05	-7.382762e-03	-2.817102e+00
1.137000e-05	-3.349431e-03	-2.745370e+00
1.138000e-05	-2.105622e-03	-2.647108e+00
1.139000e-05	-3.855516e-03	-2.562890e+00
1.140000e-05	-5.585494e-03	-2.437553e+00
1.141000e-05	-3.385191e-03	-2.345419e+00
1.142000e-05	-3.701583e-03	-2.265600e+00
1.143000e-05	-4.150546e-03	-2.080683e+00
1.144000e-05	-5.924562e-03	-1.995446e+00
1.145000e-05	-2.140643e-03	-1.872682e+00
1.146000e-05	-2.062909e-03	-1.784945e+00
1.147000e-05	-3.025794e-03	-1.661237e+00
1.148000e-05	-4.791744e-03	-1.607420e+00
1.149000e-05	-3.335342e-03	-1.496975e+00
1.150000e-05	-3.380658e-03	-1.230129e+00
1.151000e-05	-3.307261e-03	-1.154843e+00
1.152000e-05	-5.161132e-03	-1.029554e+00
1.153000e-05	-3.631731e-03	-9.042382e-01
1.154000e-05	-2.326596e-03	-8.204514e-01
1.155000e-05	-3.194990e-03	-7.252409e-01
1.156000e-05	-3.868253e-03	-5.979409e-01
1.157000e-05	-3.951475e-03	-4.210726e-01
1.158000e-05	-2.468019e-03	-3.178184e-01
1.159000e-05	-4.309816e-03	-2.409488e-01
1.160000e-05	-3.566381e-03	-8.470822e-02
1.161000e-05	-2.285214e-03	-1.050138e-02
1.162000e-05	2.730235e-03	4.223542e-02
1.163000e-05	-1.311954e-03	2.301615e-01
1.164000e-05	-8.203934e-04	3.674449e-01
1.165000e-05	-2.339154e-03	4.296077e-01
1.166000e-05	-3.942267e-04	5.163496e-01
1.167000e-05	-3.029898e-03	6.521842e-01
1.168000e-05	-5.619793e-04	7.639224e-01
1.169000e-05	1.841007e-02	8.196553e-01
1.170000e-05	4.851473e-02	1.051184e+00
1.171000e-05	-1.270628e-02	1.228630e+00
1.172000e-05	-5.156996e-02	1.364472e+00
1.173000e-05	-1.020038e-01	1.438603e+00
1.174000e-05	8.291497e-02	1.462859e+00
1.175000e-05	6.213590e-02	1.691314e+00
1.176000e-05	-9.195777e-02	1.765979e+00
1.177000e-05	-2.716465e-02	1.820084e+00
1.178000e-05	1.051048e-01	1.976525e+00
1.179000e-05	7.322117e-03	2.110762e+00
1.180000e-05	-7.013168e-02	2.142895e+00
1.181000e-05	4.634565e-02	2.270212e+00
1.182000e-05	-7.964219e-02	2.417030e+00
1.183000e-05	1.800348e-02	2.427257e+00
1.184000e-05	1.087087e-01	2.583121e+00
1.185000e-05	-6.962545e-02	2.752950e+00
1.186000e-05	-6.453744e-02	2.807130e+00
1.187000e-05	7.569244e-02	2.961864e+00
1.188000e-05	8.323797e-03	2.997155e+00
1.189000e-05	-3.013185e-02	3.131412e+00
1.190000e-05	-4.427582e-02	3.225106e+00
1.191000e-05	2.269850e-02	3.329419e+00
1.192000e-05	8.624800e-02	3.413087e+00
1.193000e-05	-5.068429e-02	3.551994e+00
1.194000e-05	-6.533072e-02	3.615079e+00
1.195000e-05	4.878560e-02	3.730368e+00
1.196000e-05	3.559539e-02	3.795082e+00
1.197000e-05	-5.517260e-02	3.929367e+00
1.198000e-05	5.310100e-03	4.003503e+00
1.199000e-05	1.779076e-02	4.080708e+00
1.200000e-05	1.075563e-02	4.150621e+00
1.201000e-05	-5.823306e-03	4.317367e+00
1.202000e-05	-2.821504e-02	4.372051e+00
1.203000e-05	8.573104e-03	4.486287e+00
1.204000e-05	1.593588e-02	4.529897e+00
1.205000e-05	2.683614e-03	4.615205e+00
1.206000e-05	-2.862747e-02	4.757315e+00
1.207000e-05	1.578725e-02	4.748999e+00
1.208000e-05	1.323621e-02	4.845180e+00
1.209000e-05	-1.124266e-02	4.988826e+00
1.210000e-05	-1.178420e-02	5.048238e+00
1.211000e-05	6.298876e-03	5.149950e+00
1.212000e-05	1.356534e-02	5.223581e+00
1.213000e-05	-6.677805e-03	5.298336e+00
1.214000e-05	-9.621348e-03	5.348973e+00
1.215000e-05	-3.835630e-03	5.443631e+00
1.216000e-05	1.778892e-02	5.483286e+00
1.217000e-05	-9.208957e-03	5.517919e+00
1.218000e-05	-7.459229e-03	5.589499e+00
1.219000e-05	3.526434e-03	5.592076e+00
1.220000e-05	1.400936e-02	5.672253e+00
1.221000e-05	-5.404269e-03	5.689367e+00
1.222000e-05	-1.624107e-02	5.791577e+00
1.223000e-05	5.401041e-03	5.893815e+00
1.224000e-05	7.334184e-03	5.887419e+00
1.225000e-05	-4.091085e-04	5.959451e+00
1.226000e-05	-1.350719e-02	6.000076e+00
1.227000e-05	6.407935e-03	6.001104e+00
1.228000e-05	9.053460e-03	6.053783e+00
1.229000e-05	-3.522179e-03	6.084236e+00
1.230000e-05	-1.237278e-02	6.126895e+00
1.231000e-05	1.357057e-03	6.137494e+00
1.232000e-05	1.114008e-02	6.149050e+00
1.233000e-05	-4.407367e-03	6.169050e+00
1.234000e-05	-7.971638e-03	6.220556e+00
1.235000e-05	-5.806060e-04	6.212157e+00
1.236000e-05	1.036906e-02	6.241612e+00
1.237000e-05	-3.939593e-03	6.231236e+00
1.238000e-05	-7.705341e-03	6.275836e+00
1.239000e-05	-4.626630e-04	6.286341e+00
1.240000e-05	8.186982e-03	6.324786e+00
1.241000e-05	-1.674922e-03	6.286313e+00
1.242000e-05	-8.320759e-03	6.307394e+00
1.243000e-05	-6.502993e-04	6.317389e+00
1.244000e-05	6.524136e-03	6.346845e+00
1.245000e-05	5.547272e-04	6.317346e+00
1.246000e-05	-7.536254e-03	6.285344e+00
1.247000e-05	-1.291890e-03	6.314863e+00
1.248000e-05	3.787157e-03	6.324285e+00
1.249000e-05	7.856125e-04	6.275735e+00
1.250000e-05	-6.960188e-03	6.264189e+00
1.251000e-05	-8.611869e-04	6.300707e+00
1.252000e-05	5.165434e-03	6.252129e+00
1.253000e-05	1.013034e-03	6.230050e+00
1.254000e-05	-5.085753e-03	6.179500e+00
1.255000e-05	-3.472346e-03	6.180020e+00
1.256000e-05	3.509127e-03	6.167941e+00
1.257000e-05	4.620606e-04	6.095860e+00
1.258000e-05	-5.139073e-03	6.085658e+00
1.259000e-05	-1.557231e-03	6.042654e+00
1.260000e-05	2.610390e-03	6.040578e+00
1.261000e-05	1.659104e-03	5.989475e+00
1.262000e-05	-5.611625e-03	5.970398e+00
1.263000e-05	-1.484919e-03	5.967919e+00
1.264000e-05	2.143945e-03	5.946238e+00
1.265000e-05	1.907576e-03	5.852034e+00
1.266000e-05	-5.505325e-03	5.725835e+00
1.267000e-05	-2.581749e-03	5.623609e+00
1.268000e-05	1.130116e-03	5.613000e+00
1.269000e-05	2.659950e-04	5.589974e+00
1.270000e-05	-4.756703e-03	5.547916e+00
1.271000e-05	-3.131301e-03	5.505707e+00
1.272000e-05	2.001014e-03	5.413023e+00
1.273000e-05	1.349109e-03	5.370893e+00
1.274000e-05	-3.781989e-03	5.297758e+00
1.275000e-05	-3.142302e-03	5.242607e+00
1.276000e-05	-8.114983e-04	5.159919e+00
1.277000e-05	7.084199e-04	5.056181e+00
1.278000e-05	-5.131934e-03	4.960869e+00
1.279000e-05	-2.091250e-03	4.863055e+00
1.280000e-05	-3.599477e-04	4.802425e+00
1.281000e-05	1.050874e-03	4.718312e+00
1.282000e-05	-2.160260e-03	4.655079e+00
1.283000e-05	-2.523128e-03	4.541846e+00
1.284000e-05	-2.082310e-03	4.457209e+00
1.285000e-05	-7.886764e-04	4.412575e+00
1.286000e-05	-3.370614e-03	4.371971e+00
1.287000e-05	-4.108289e-03	4.278726e+00
1.288000e-05	-1.137532e-03	4.099967e+00
1.289000e-05	-1.499986e-03	4.025028e+00
1.290000e-05	-2.771416e-03	3.952420e+00
1.291000e-05	-3.871016e-03	3.897633e+00
1.292000e-05	-1.907470e-03	3.763021e+00
1.293000e-05	-2.202996e-03	3.659257e+00
1.294000e-05	-3.366890e-03	3.615525e+00
1.295000e-05	-4.366668e-03	3.522850e+00
1.296000e-05	-2.161623e-03	3.425024e+00
1.297000e-05	-1.464839e-03	3.247609e+00
1.298000e-05	-2.507340e-03	3.194445e+00
1.299000e-05	-3.651180e-03	3.088208e+00
1.300000e-05	-2.495403e-03	2.994424e+00
1.301000e-05	-3.041854e-03	2.899713e+00
1.302000e-05	-4.013332e-03	2.795999e+00
1.303000e-05	-3.979448e-03	2.732791e+00
1.304000e-05	-3.189936e-03	2.584402e+00
1.305000e-05	-2.051316e-03	2.457555e+00
1.306000e-05	-3.220139e-03	2.343288e+00
1.307000e-05	-3.376832e-03	2.238505e+00
1.308000e-05	-3.709011e-03	2.134365e+00
1.309000e-05	-3.983414e-03	2.057528e+00
1.310000e-05	-4.444247e-03	1.945867e+00
1.311000e-05	-3.833666e-03	1.819684e+00
1.312000e-05	-2.712984e-03	1.721189e+00
1.313000e-05	-2.913996e-03	1.588029e+00
1.314000e-05	-3.648595e-03	1.431182e+00
1.315000e-05	-3.500874e-03	1.345817e+00
1.316000e-05	-3.705985e-03	1.199629e+00
1.317000e-05	-3.831110e-03	1.162715e+00
1.318000e-05	-4.937047e-03	9.328382e-01
1.319000e-05	-4.287533e-03	8.180537e-01
1.320000e-05	-3.701731e-03	6.957622e-01
1.321000e-05	-3.763986e-03	5.994988e-01
1.322000e-05	-4.175393e-03	4.536568e-01
1.323000e-05	-4.305004e-03	3.984712e-01
1.324000e-05	-3.423738e-03	2.927080e-01
1.325000e-05	-4.135234e-03	1.357408e-01
1.326000e-05	-4.990673e-03	-1.048632e-03
1.327000e-05	-2.529409e-03	-1.162617e-01
1.328000e-05	6.167764e-04	-1.804749e-01
1.329000e-05	-1.493268e-03	-3.652921e-01
1.330000e-05	-2.098032e-03	-3.790239e-01
1.331000e-05	-3.810730e-03	-5.132594e-01
1.332000e-05	-9.886059e-04	-6.121329e-01
1.333000e-05	-3.485097e-03	-7.654971e-01
1.334000e-05	1.168556e-03	-8.211303e-01
1.335000e-05	4.468433e-02	-9.358971e-01
1.336000e-05	2.174216e-02	-1.093238e+00
1.337000e-05	-4.262443e-02	-1.333922e+00
1.338000e-05	-1.110682e-01	-1.555396e+00
1.339000e-05	3.280869e-02	-1.564921e+00
1.340000e-05	8.874784e-02	-1.553922e+00
1.341000e-05	-3.207556e-02	-1.713341e+00
1.342000e-05	-1.113928e-01	-1.879266e+00
1.343000e-05	1.428333e-01	-1.882209e+00
1.344000e-05	1.079393e-02	-1.975600e+00
1.345000e-05	-1.094122e-01	-2.185078e+00
1.346000e-05	8.351039e-02	-2.312843e+00
1.347000e-05	-5.694005e-02	-2.344974e+00
1.348000e-05	-9.260917e-02	-2.521343e+00
1.349000e-05	1.634040e-01	-2.585550e+00
1.350000e-05	-1.344417e-02	-2.698708e+00
1.351000e-05	-1.456464e-01	-2.815550e+00
1.352000e-05	8.849853e-02	-2.836159e+00
1.353000e-05	3.633459e-02	-3.016108e+00
1.354000e-05	-6.451407e-02	-3.143000e+00
1.355000e-05	-3.045277e-02	-3.195653e+00
1.356000e-05	4.085011e-04	-3.340347e+00
1.357000e-05	7.072650e-02	-3.469763e+00
1.358000e-05	1.750769e-02	-3.519893e+00
1.359000e-05	-1.481013e-01	-3.584100e+00
1.360000e-05	6.430107e-02	-3.687462e+00
1.361000e-05	7.146002e-02	-3.817203e+00
1.362000e-05	-9.614468e-02	-3.980920e+00
1.363000e-05	3.766427e-03	-4.004052e+00
1.364000e-05	1.512135e-02	-4.088865e+00
1.365000e-05	2.106603e-02	-4.194052e+00
1.366000e-05	-6.691057e-03	-4.276811e+00
1.367000e-05	-6.349696e-02	-4.371442e+00
1.368000e-05	2.420118e-02	-4.403653e+00
1.369000e-05	3.021967e-02	-4.477837e+00
1.370000e-05	-3.316162e-02	-4.613574e+00
1.371000e-05	-9.247092e-03	-4.646814e+00
1.372000e-05	-6.570969e-03	-4.751069e+00
1.373000e-05	2.363822e-02	-4.874755e+00
1.374000e-05	-1.115858e-02	-4.908346e+00
1.375000e-05	-4.511917e-02	-5.021054e+00
1.376000e-05	2.592915e-02	-5.045711e+00
1.377000e-05	2.653386e-03	-5.159419e+00
1.378000e-05	-3.184181e-03	-5.232498e+00
1.379000e-05	-2.017093e-02	-5.254861e+00
1.380000e-05	-1.669317e-02	-5.350980e+00
1.381000e-05	3.040718e-02	-5.525837e+00
1.382000e-05	-1.760108e-02	-5.549924e+00
1.383000e-05	-2.169599e-02	-5.601001e+00
1.384000e-05	6.924950e-04	-5.645103e+00
1.385000e-05	9.196836e-03	-5.695840e+00
1.386000e-05	1.223689e-03	-5.799898e+00
1.387000e-05	-3.053354e-02	-5.791104e+00
1.388000e-05	-3.747532e-03	-5.833284e+00
1.389000e-05	1.665286e-02	-5.895311e+00
1.390000e-05	-1.037774e-02	-5.958419e+00
1.391000e-05	-1.642146e-02	-5.948949e+00
1.392000e-05	-6.987115e-03	-5.970050e+00
1.393000e-05	1.192619e-02	-6.031158e+00
1.394000e-05	-3.883004e-03	-6.063830e+00
1.395000e-05	-2.605017e-02	-6.095264e+00
1.396000e-05	9.536816e-04	-6.176411e+00
1.397000e-05	4.905202e-03	-6.179425e+00
1.398000e-05	-2.834104e-03	-6.221231e+00
1.399000e-05	-1.869503e-02	-6.244284e+00
1.400000e-05	-6.968031e-03	-6.265341e+00
1.401000e-05	1.010383e-02	-6.317396e+00
1.402000e-05	-7.602257e-03	-6.328419e+00
1.403000e-05	-1.386031e-02	-6.378972e+00
1.404000e-05	-8.457027e-03	-6.329000e+00
1.405000e-05	6.145253e-03	-6.358975e+00
1.406000e-05	-3.246206e-03	-6.389018e+00
1.407000e-05	-1.690252e-02	-6.360024e+00
1.408000e-05	-5.547569e-03	-6.389575e+00
1.409000e-05	3.257677e-03	-6.370499e+00
1.410000e-05	-2.897188e-03	-6.389503e+00
1.411000e-05	-1.265858e-02	-6.378501e+00
1.412000e-05	-7.317171e-03	-6.389500e+00
1.413000e-05	2.877231e-03	-6.378500e+00
1.414000e-05	-4.037767e-03	-6.370000e+00
1.415000e-05	-1.256858e-02	-6.357973e+00
1.416000e-05	-7.348294e-03	-6.347974e+00
1.417000e-05	6.501348e-04	-6.327970e+00
1.418000e-05	-2.972198e-03	-6.336369e+00
1.419000e-05	-1.178765e-02	-6.294841e+00
1.420000e-05	-8.144847e-03	-6.243811e+00
1.421000e-05	1.041317e-03	-6.241681e+00
1.422000e-05	-3.627461e-03	-6.187999e+00
1.423000e-05	-1.016168e-02	-6.139844e+00
1.424000e-05	-8.518981e-03	-6.095813e+00
1.425000e-05	3.125701e-04	-6.033679e+00
1.426000e-05	-3.347525e-03	-6.001128e+00
1.427000e-05	-1.040073e-02	-5.982053e+00
1.428000e-05	-7.958324e-03	-5.990495e+00
1.429000e-05	-1.596051e-03	-5.936395e+00
1.430000e-05	-2.270223e-03	-5.897813e+00
1.431000e-05	-1.031197e-02	-5.863657e+00
1.432000e-05	-7.661221e-03	-5.790550e+00
1.433000e-05	-4.715259e-04	-5.707896e+00
1.434000e-05	-2.326646e-03	-5.705666e+00
1.435000e-05	-1.037422e-02	-5.612658e+00
1.436000e-05	-8.013233e-03	-5.611553e+00
1.437000e-05	-1.197917e-03	-5.548946e+00
1.438000e-05	-2.143869e-03	-5.497291e+00
1.439000e-05	-9.069625e-03	-5.432899e+00
1.440000e-05	-7.747042e-03	-5.296758e+00
1.441000e-05	-1.923134e-04	-5.206181e+00
1.442000e-05	-2.648341e-03	-5.170993e+00
1.443000e-05	-9.383686e-03	-5.097708e+00
1.444000e-05	-8.305674e-03	-4.974053e+00
1.445000e-05	-5.584894e-04	-4.989967e+00
1.446000e-05	-1.873012e-03	-4.734601e+00
1.447000e-05	-7.708999e-03	-4.687693e+00
1.448000e-05	-8.269563e-03	-4.636151e+00
1.449000e-05	-1.742747e-03	-4.583476e+00
1.450000e-05	-1.782901e-03	-4.477811e+00
1.451000e-05	-8.057523e-03	-4.405604e+00
1.452000e-05	-7.728373e-03	-4.362425e+00
1.453000e-05	-1.574089e-03	-4.289261e+00
1.454000e-05	-9.706979e-04	-4.214552e+00
1.455000e-05	-7.235439e-03	-4.120796e+00
1.456000e-05	-7.158923e-03	-4.025728e+00
1.457000e-05	-1.695117e-03	-3.973948e+00
1.458000e-05	-2.013719e-03	-3.910711e+00
1.459000e-05	-6.674646e-03	-3.722265e+00
1.460000e-05	-6.424798e-03	-3.655629e+00
1.461000e-05	-2.329645e-03	-3.592923e+00
1.462000e-05	-1.817198e-03	-3.459212e+00
1.463000e-05	-6.030104e-03	-3.371446e+00
1.464000e-05	-5.674967e-03	-3.269134e+00
1.465000e-05	-3.592133e-03	-3.185500e+00
1.466000e-05	-1.490147e-03	-3.080788e+00
1.467000e-05	-5.394887e-03	-2.883365e+00
1.468000e-05	-5.753537e-03	-2.818030e+00
1.469000e-05	-3.910540e-03	-2.754388e+00
1.470000e-05	-2.073037e-03	-2.618576e+00
1.471000e-05	-4.574626e-03	-2.512313e+00
1.472000e-05	-6.128259e-03	-2.407504e+00
1.473000e-05	-3.319860e-03	-2.374892e+00
1.474000e-05	-3.393197e-03	-2.245948e+00
1.475000e-05	-4.758265e-03	-2.038629e+00
1.476000e-05	-4.670875e-03	-1.984868e+00
1.477000e-05	-2.595738e-03	-1.862157e+00
1.478000e-05	-2.580126e-03	-1.765369e+00
1.479000e-05	-3.433664e-03	-1.640106e+00
1.480000e-05	-4.164960e-03	-1.576890e+00
1.481000e-05	-3.833815e-03	-1.448479e+00
1.482000e-05	-3.385315e-03	-1.259609e+00
1.483000e-05	-5.099519e-03	-1.115815e+00
1.484000e-05	-5.061321e-03	-1.021125e+00
1.485000e-05	-3.688314e-03	-8.836643e-01
1.486000e-05	-3.309609e-03	-7.985014e-01
1.487000e-05	-3.178701e-03	-6.937631e-01
1.488000e-05	-3.198229e-03	-5.143095e-01
1.489000e-05	-2.961006e-03	-4.110051e-01
1.490000e-05	-3.700051e-03	-3.562658e-01
1.491000e-05	-3.757396e-03	-1.989738e-01
1.492000e-05	-2.884428e-03	-1.146855e-01
1.493000e-05	-1.685436e-03	-2.000130e-02
1.494000e-05	1.265223e-03	1.132916e-01
1.495000e-05	-8.253886e-04	2.606042e-01
1.496000e-05	-1.236044e-03	3.889224e-01
1.497000e-05	-1.702689e-03	4.101828e-01
1.498000e-05	-1.496604e-03	5.359211e-01
1.499000e-05	-2.477235e-03	6.621606e-01
1.500000e-05	1.767225e-03	7.864524e-01
1.501000e-05	2.328236e-02	8.112592e-01
1.502000e-05	4.399495e-02	1.112289e+00
1.503000e-05	-2.129539e-02	1.220155e+00
1.504000e-05	-5.980348e-02	1.375449e+00
1.505000e-05	-9.030712e-02	1.438600e+00
1.506000e-05	1.005177e-01	1.483842e+00
1.507000e-05	4.553847e-02	1.732812e+00
1.508000e-05	-1.164099e-01	1.786524e+00
1.509000e-05	2.273595e-02	1.850210e+00
1.510000e-05	8.249402e-02	2.007056e+00
1.511000e-05	-2.706023e-03	2.101391e+00
1.512000e-05	-5.232673e-02	2.173971e+00
1.513000e-05	2.903713e-02	2.279764e+00
1.514000e-05	-7.495103e-02	2.416029e+00
1.515000e-05	3.619310e-02	2.450633e+00
1.516000e-05	9.563433e-02	2.624604e+00
1.517000e-05	-8.607567e-02	2.772025e+00
1.518000e-05	-4.549506e-02	2.838207e+00
1.519000e-05	7.788772e-02	2.971946e+00
1.520000e-05	2.783267e-03	3.029705e+00
1.521000e-05	-3.829333e-02	3.130941e+00
1.522000e-05	-3.717825e-02	3.214558e+00
1.523000e-05	3.046450e-02	3.382447e+00
1.524000e-05	8.509884e-02	3.446606e+00
1.525000e-05	-7.225181e-02	3.572026e+00
1.526000e-05	-4.961379e-02	3.666238e+00
1.527000e-05	5.960131e-02	3.710445e+00
1.528000e-05	1.937867e-02	3.815184e+00
1.529000e-05	-5.078760e-02	3.950418e+00
1.530000e-05	6.310314e-03	3.984574e+00
1.531000e-05	2.152415e-02	4.116690e+00
1.532000e-05	5.328059e-03	4.134148e+00
1.533000e-05	-5.127732e-03	4.319420e+00
1.534000e-05	-3.186241e-02	4.404029e+00
1.535000e-05	1.713567e-02	4.507256e+00
1.536000e-05	1.463332e-02	4.540946e+00
1.537000e-05	-1.657630e-03	4.632657e+00
1.538000e-05	-2.727910e-02	4.739395e+00
1.539000e-05	1.826490e-02	4.771524e+00
1.540000e-05	1.240602e-02	4.866709e+00
1.541000e-05	-1.720720e-02	4.951974e+00
1.542000e-05	-7.270098e-03	5.096711e+00
1.543000e-05	5.617871e-03	5.150050e+00
1.544000e-05	1.463102e-02	5.253158e+00
1.545000e-05	-9.551997e-03	5.276837e+00
1.546000e-05	-8.502324e-03	5.380523e+00
1.547000e-05	-8.856301e-04	5.412130e+00
1.548000e-05	1.568431e-02	5.477762e+00
1.549000e-05	-1.177779e-02	5.558420e+00
1.550000e-05	-8.323578e-03	5.601474e+00
1.551000e-05	4.669936e-03	5.612179e+00
1.552000e-05	1.172301e-02	5.654685e+00
1.553000e-05	-6.788559e-03	5.737441e+00
1.554000e-05	-1.472121e-02	5.793226e+00
1.555000e-05	7.951572e-03	5.894739e+00
1.556000e-05	6.719801e-03	5.968944e+00
1.557000e-05	-2.904201e-03	5.959051e+00
1.558000e-05	-1.216405e-02	6.000501e+00
1.559000e-05	5.948839e-03	6.032079e+00
1.560000e-05	8.771234e-03	6.043186e+00
1.561000e-05	-6.736941e-03	6.084862e+00
1.562000e-05	-9.097031e-03	6.126965e+00
1.563000e-05	1.798717e-03	6.146896e+00
1.564000e-05	1.031644e-02	6.259478e+00
1.565000e-05	-6.432339e-03	6.200078e+00
1.566000e-05	-6.425548e-03	6.241029e+00
1.567000e-05	1.756932e-03	6.252679e+00
1.568000e-05	7.015312e-03	6.280207e+00
1.569000e-05	-3.407387e-03	6.243235e+00
1.570000e-05	-8.632665e-03	6.314910e+00
1.571000e-05	2.634606e-03	6.314314e+00
1.572000e-05	6.069094e-03	6.334864e+00
1.573000e-05	-2.192876e-03	6.284940e+00
1.574000e-05	-8.371556e-03	6.334844e+00
1.575000e-05	2.468934e-03	6.337369e+00
1.576000e-05	4.071664e-03	6.346364e+00
1.577000e-05	-1.066818e-03	6.337840e+00
1.578000e-05	-7.273470e-03	6.315390e+00
1.579000e-05	9.859367e-04	6.325364e+00
1.580000e-05	5.041970e-03	6.344391e+00
1.581000e-05	-1.321750e-03	6.234262e+00
1.582000e-05	-5.825913e-03	6.282709e+00
1.583000e-05	-9.084749e-04	6.271706e+00
1.584000e-05	4.737050e-03	6.231557e+00
1.585000e-05	-1.577374e-03	6.229503e+00
1.586000e-05	-4.179964e-03	6.178999e+00
1.587000e-05	-7.643008e-04	6.187997e+00
1.588000e-05	4.181819e-03	6.187366e+00
1.589000e-05	-1.903611e-03	6.106837e+00
1.590000e-05	-6.295303e-03	6.123160e+00
1.591000e-05	5.724310e-04	6.043178e+00
1.592000e-05	3.420099e-03	6.020504e+00
1.593000e-05	-7.184256e-04	6.010548e+00
1.594000e-05	-6.114284e-03	5.979475e+00
1.595000e-05	3.349874e-04	5.960470e+00
1.596000e-05	3.177093e-03	5.937337e+00
1.597000e-05	-1.384133e-03	5.880027e+00
1.598000e-05	-5.713206e-03	5.717966e+00
1.599000e-05	1.320372e-04	5.693657e+00
1.600000e-05	3.759198e-03	5.621525e+00
1.601000e-05	-2.185329e-03	5.599949e+00
1.602000e-05	-5.781851e-03	5.528420e+00
1.603000e-05	-1.822326e-03	5.514659e+00
1.604000e-05	3.051675e-03	5.421602e+00
1.605000e-05	-8.543592e-04	5.358920e+00
1.606000e-05	-5.022196e-03	5.296761e+00
1.607000e-05	-1.537970e-03	5.242529e+00
1.608000e-05	2.641532e-03	5.200519e+00
1.609000e-05	-7.329834e-04	5.044078e+00
1.610000e-05	-6.358803e-03	4.968044e+00
1.611000e-05	-3.246353e-03	4.825036e+00
1.612000e-05	1.235670e-03	4.791974e+00
1.613000e-05	-2.210551e-04	4.697833e+00
1.614000e-05	-6.748148e-03	4.644575e+00
1.615000e-05	-2.600907e-03	4.540996e+00
1.616000e-05	9.479835e-04	4.445179e+00
1.617000e-05	-5.371006e-04	4.413500e+00
1.618000e-05	-5.949829e-03	4.360396e+00
1.619000e-05	-4.736033e-03	4.248607e+00
1.620000e-05	1.143246e-03	4.118318e+00
1.621000e-05	-1.436960e-03	4.024577e+00
1.622000e-05	-4.446799e-03	3.970892e+00
1.623000e-05	-4.018231e-03	3.836658e+00
1.624000e-05	4.449039e-04	3.782421e+00
1.625000e-05	-2.342609e-03	3.687685e+00
1.626000e-05	-4.412985e-03	3.594498e+00
1.627000e-05	-4.663988e-03	3.520340e+00
1.628000e-05	-1.755838e-05	3.405448e+00
1.629000e-05	-2.188954e-03	3.277208e+00
1.630000e-05	-4.564365e-03	3.171942e+00
1.631000e-05	-4.200968e-03	3.077207e+00
1.632000e-05	-1.032173e-03	2.964425e+00
1.633000e-05	-2.132558e-03	2.878658e+00
1.634000e-05	-5.148697e-03	2.803950e+00
1.635000e-05	-4.081846e-03	2.709720e+00
1.636000e-05	-1.568619e-03	2.633848e+00
1.637000e-05	-2.314964e-03	2.437055e+00
1.638000e-05	-4.730125e-03	2.331787e+00
1.639000e-05	-4.539900e-03	2.207576e+00
1.640000e-05	-1.916024e-03	2.131315e+00
1.641000e-05	-2.533657e-03	2.019025e+00
1.642000e-05	-4.196613e-03	1.943391e+00
1.643000e-05	-4.036835e-03	1.778471e+00
1.644000e-05	-2.912598e-03	1.671757e+00
1.645000e-05	-3.209912e-03	1.566974e+00
1.646000e-05	-4.665360e-03	1.439107e+00
1.647000e-05	-4.347269e-03	1.333291e+00
1.648000e-05	-3.120458e-03	1.206448e+00
1.649000e-05	-2.940627e-03	1.122182e+00
1.650000e-05	-3.870121e-03	9.052646e-01
1.651000e-05	-3.911343e-03	7.884776e-01
1.652000e-05	-2.806837e-03	7.037369e-01
1.653000e-05	-3.168087e-03	5.768962e-01
1.654000e-05	-4.975705e-03	4.521329e-01
1.655000e-05	-4.264966e-03	4.084486e-01
1.656000e-05	-4.008334e-03	2.926316e-01
1.657000e-05	-3.478636e-03	9.473534e-02
1.658000e-05	-3.142304e-03	-1.252638e-02
1.659000e-05	-1.904403e-03	-1.358430e-01
1.660000e-05	5.423413e-04	-2.206278e-01
1.661000e-05	-1.512003e-03	-3.072907e-01
1.662000e-05	-2.478295e-03	-4.085775e-01
1.663000e-05	-3.474666e-03	-4.943169e-01
1.664000e-05	-2.547887e-03	-6.502102e-01
1.665000e-05	-3.722505e-03	-7.579486e-01
1.666000e-05	4.415852e-03	-8.421604e-01
1.667000e-05	5.195139e-02	-9.159473e-01
1.668000e-05	6.368298e-03	-1.104317e+00
1.669000e-05	-4.482791e-02	-1.397497e+00
1.670000e-05	-1.196354e-01	-1.576392e+00
1.671000e-05	7.054004e-02	-1.553946e+00
1.672000e-05	7.448771e-02	-1.575545e+00
1.673000e-05	-6.631889e-02	-1.763892e+00
1.674000e-05	-6.938858e-02	-1.870687e+00
1.675000e-05	1.320103e-01	-1.873261e+00
1.676000e-05	-5.615090e-03	-2.017554e+00
1.677000e-05	-1.004468e-01	-2.228233e+00
1.678000e-05	8.481421e-02	-2.292290e+00
1.679000e-05	-7.138582e-02	-2.384948e+00
1.680000e-05	-7.188616e-02	-2.553318e+00
1.681000e-05	1.708657e-01	-2.595076e+00
1.682000e-05	-4.738912e-02	-2.671767e+00
1.683000e-05	-1.317397e-01	-2.787026e+00
1.684000e-05	1.119848e-01	-2.911862e+00
1.685000e-05	7.283931e-03	-3.037662e+00
1.686000e-05	-5.995634e-02	-3.234000e+00
1.687000e-05	-2.651689e-02	-3.205626e+00
1.688000e-05	5.789044e-03	-3.332374e+00
1.689000e-05	8.233920e-02	-3.489636e+00
1.690000e-05	-1.600581e-02	-3.502344e+00
1.691000e-05	-1.349173e-01	-3.594553e+00
1.692000e-05	8.585929e-02	-3.749388e+00
1.693000e-05	4.745823e-02	-3.857755e+00
1.694000e-05	-9.771188e-02	-3.952999e+00
1.695000e-05	1.749919e-02	-4.005153e+00
1.696000e-05	1.159117e-02	-4.139341e+00
1.697000e-05	2.480443e-02	-4.224699e+00
1.698000e-05	-1.745037e-02	-4.278260e+00
1.699000e-05	-6.261282e-02	-4.360446e+00
1.700000e-05	3.879371e-02	-4.424183e+00
1.701000e-05	1.682044e-02	-4.508390e+00
1.702000e-05	-3.158180e-02	-4.594028e+00
1.703000e-05	-9.535089e-03	-4.676264e+00
1.704000e-05	-1.896303e-03	-4.740478e+00
1.705000e-05	2.630227e-02	-4.856732e+00
1.706000e-05	-2.222911e-02	-4.929847e+00
1.707000e-05	-3.694903e-02	-5.013101e+00
1.708000e-05	2.814934e-02	-5.077708e+00
1.709000e-05	-1.292828e-04	-5.119996e+00
1.710000e-05	-5.788106e-03	-5.212058e+00
1.711000e-05	-2.308613e-02	-5.278833e+00
1.712000e-05	-1.067926e-02	-5.401632e+00
1.713000e-05	3.302370e-02	-5.468362e+00
1.714000e-05	-2.682314e-02	-5.550524e+00
1.715000e-05	-1.711389e-02	-5.601551e+00
1.716000e-05	1.864574e-03	-5.653707e+00
1.717000e-05	1.142487e-02	-5.706868e+00
1.718000e-05	-4.179616e-03	-5.758473e+00
1.719000e-05	-3.158808e-02	-5.773604e+00
1.720000e-05	3.631834e-03	-5.832736e+00
1.721000e-05	1.319839e-02	-5.916791e+00
1.722000e-05	-1.386599e-02	-5.967445e+00
1.723000e-05	-1.790350e-02	-5.959974e+00
1.724000e-05	-4.095870e-03	-5.999500e+00
1.725000e-05	1.433117e-02	-6.002053e+00
1.726000e-05	-6.881033e-03	-6.062284e+00
1.727000e-05	-2.352335e-02	-6.094810e+00
1.728000e-05	3.794340e-03	-6.141345e+00
1.729000e-05	3.675713e-03	-6.159530e+00
1.730000e-05	-6.459957e-03	-6.214608e+00
1.731000e-05	-2.091365e-02	-6.243760e+00
1.732000e-05	-3.901763e-03	-6.256945e+00
1.733000e-05	1.124036e-02	-6.326843e+00
1.734000e-05	-7.822771e-03	-6.367922e+00
1.735000e-05	-1.300137e-02	-6.358896e+00
1.736000e-05	-5.424058e-03	-6.379446e+00
1.737000e-05	6.851871e-03	-6.389974e+00
1.738000e-05	-6.820559e-03	-6.390550e+00
1.739000e-05	-1.924262e-02	-6.380000e+00
1.740000e-05	-3.858357e-03	-6.409976e+00
1.741000e-05	3.034599e-03	-6.390025e+00
1.742000e-05	-3.709236e-03	-6.378528e+00
1.743000e-05	-1.354950e-02	-6.370546e+00
1.744000e-05	-5.844773e-03	-6.389975e+00
1.745000e-05	3.070912e-03	-6.368976e+00
1.746000e-05	-6.955259e-03	-6.389999e+00
1.747000e-05	-1.351735e-02	-6.348424e+00
1.748000e-05	-7.827636e-03	-6.338471e+00
1.749000e-05	2.305359e-03	-6.317921e+00
1.750000e-05	-3.813890e-03	-6.295890e+00
1.751000e-05	-1.130414e-02	-6.255437e+00
1.752000e-05	-7.225717e-03	-6.284287e+00
1.753000e-05	1.339399e-03	-6.190179e+00
1.754000e-05	-5.652307e-03	-6.180474e+00
1.755000e-05	-1.121760e-02	-6.128943e+00
1.756000e-05	-8.761125e-03	-6.106236e+00
1.757000e-05	9.437608e-04	-6.022631e+00
1.758000e-05	-3.837579e-03	-6.033626e+00
1.759000e-05	-9.809627e-03	-6.001500e+00
1.760000e-05	-7.488261e-03	-5.979925e+00
1.761000e-05	-1.116531e-03	-5.927916e+00
1.762000e-05	-4.028514e-03	-5.897263e+00
1.763000e-05	-1.062405e-02	-5.823678e+00
1.764000e-05	-7.067632e-03	-5.772027e+00
1.765000e-05	-1.012583e-03	-5.738921e+00
1.766000e-05	-3.061203e-03	-5.686705e+00
1.767000e-05	-8.532560e-03	-5.653611e+00
1.768000e-05	-7.389273e-03	-5.591496e+00
1.769000e-05	-4.550365e-04	-5.568966e+00
1.770000e-05	-4.705632e-03	-5.478767e+00
1.771000e-05	-8.710843e-03	-5.409945e+00
1.772000e-05	-7.109201e-03	-5.287316e+00
1.773000e-05	-2.008266e-03	-5.232550e+00
1.774000e-05	-2.616201e-03	-5.150896e+00
1.775000e-05	-7.521690e-03	-5.097286e+00
1.776000e-05	-6.940302e-03	-5.003024e+00
1.777000e-05	-2.665761e-03	-4.899415e+00
1.778000e-05	-3.477118e-03	-4.842500e+00
1.779000e-05	-7.843418e-03	-4.665308e+00
1.780000e-05	-7.373790e-03	-4.686107e+00
1.781000e-05	-2.093716e-03	-4.572995e+00
1.782000e-05	-2.965432e-03	-4.469785e+00
1.783000e-05	-6.674432e-03	-4.394050e+00
1.784000e-05	-5.931579e-03	-4.371471e+00
1.785000e-05	-2.942802e-03	-4.287260e+00
1.786000e-05	-2.412113e-03	-4.224527e+00
1.787000e-05	-6.052057e-03	-4.130390e+00
1.788000e-05	-5.484191e-03	-4.005099e+00
1.789000e-05	-3.604712e-03	-3.961350e+00
1.790000e-05	-3.191734e-03	-3.847210e+00
1.791000e-05	-6.278283e-03	-3.709294e+00
1.792000e-05	-5.381482e-03	-3.616578e+00
1.793000e-05	-2.990212e-03	-3.562421e+00
1.794000e-05	-2.220317e-03	-3.467184e+00
1.795000e-05	-5.596282e-03	-3.343945e+00
1.796000e-05	-5.724581e-03	-3.259161e+00
1.797000e-05	-3.763615e-03	-3.163950e+00
1.798000e-05	-2.095176e-03	-3.048609e+00
1.799000e-05	-4.621638e-03	-2.903265e+00
1.800000e-05	-5.033150e-03	-2.806003e+00
1.801000e-05	-3.291230e-03	-2.722792e+00
1.802000e-05	-1.472582e-03	-2.596079e+00
1.803000e-05	-4.681075e-03	-2.512788e+00
1.804000e-05	-4.656450e-03	-2.416475e+00
1.805000e-05	-4.156508e-03	-2.344322e+00
1.806000e-05	-2.991426e-03	-2.192845e+00
1.807000e-05	-5.774468e-03	-2.030575e+00
1.808000e-05	-4.429367e-03	-1.994868e+00
1.809000e-05	-3.801017e-03	-1.869582e+00
1.810000e-05	-1.640742e-03	-1.714292e+00
1.811000e-05	-4.402016e-03	-1.650557e+00
1.812000e-05	-4.093920e-03	-1.595846e+00
1.813000e-05	-4.467376e-03	-1.397346e+00
1.814000e-05	-4.111007e-03	-1.230153e+00
1.815000e-05	-4.252722e-03	-1.133792e+00
1.816000e-05	-4.876886e-03	-9.999464e-01
1.817000e-05	-3.398057e-03	-9.016318e-01
1.818000e-05	-2.934722e-03	-8.189236e-01
1.819000e-05	-3.037888e-03	-6.926317e-01
1.820000e-05	-3.883362e-03	-5.051409e-01
1.821000e-05	-3.820486e-03	-3.904750e-01
1.822000e-05	-3.982436e-03	-3.447882e-01
1.823000e-05	-2.615639e-03	-1.894476e-01
1.824000e-05	-2.924357e-03	-6.318783e-02
1.825000e-05	-8.628606e-04	2.105264e-02
1.826000e-05	1.329815e-03	1.328367e-01
1.827000e-05	-1.430739e-03	2.818343e-01
1.828000e-05	-1.058395e-03	3.990213e-01
1.829000e-05	-2.038982e-03	4.417817e-01
1.830000e-05	-1.209532e-03	5.778985e-01
1.831000e-05	-2.507856e-03	6.616603e-01
1.832000e-05	3.397743e-03	7.865213e-01
1.833000e-05	2.839475e-02	8.623091e-01
1.834000e-05	3.873701e-02	1.132380e+00
1.835000e-05	-2.562427e-02	1.291735e+00
1.836000e-05	-7.062564e-02	1.387475e+00
1.837000e-05	-7.106939e-02	1.419160e+00
1.838000e-05	1.126543e-01	1.615840e+00
1.839000e-05	2.914721e-02	1.754415e+00
1.840000e-05	-1.370557e-01	1.797051e+00
1.841000e-05	6.448609e-02	1.871787e+00
1.842000e-05	6.270582e-02	2.047675e+00
1.843000e-05	-1.709118e-02	2.092761e+00
1.844000e-05	-2.956904e-02	2.164997e+00
1.845000e-05	6.934401e-03	2.352765e+00
1.846000e-05	-6.481241e-02	2.406576e+00
1.847000e-05	5.466891e-02	2.499159e+00
1.848000e-05	7.677263e-02	2.626628e+00
1.849000e-05	-9.759358e-02	2.784975e+00
1.850000e-05	-2.370035e-02	2.870209e+00
1.851000e-05	7.338994e-02	2.963496e+00
1.852000e-05	-2.701579e-03	3.027683e+00
1.853000e-05	-4.476636e-02	3.182947e+00
1.854000e-05	-2.945759e-02	3.237229e+00
1.855000e-05	4.070049e-02	3.353441e+00
1.856000e-05	7.679978e-02	3.438711e+00
1.857000e-05	-8.822838e-02	3.591975e+00
1.858000e-05	-3.211178e-02	3.668282e+00
1.859000e-05	6.743335e-02	3.751922e+00
1.860000e-05	9.645264e-04	3.887254e+00
1.861000e-05	-4.320556e-02	3.951422e+00
1.862000e-05	6.499603e-03	4.013551e+00
1.863000e-05	2.480266e-02	4.098787e+00
1.864000e-05	8.471693e-04	4.185073e+00
1.865000e-05	-4.893870e-03	4.329371e+00
1.866000e-05	-3.141367e-02	4.423529e+00
1.867000e-05	2.196939e-02	4.478238e+00
1.868000e-05	1.293382e-02	4.542574e+00
1.869000e-05	-8.082298e-03	4.663232e+00
1.870000e-05	-2.195426e-02	4.729318e+00
1.871000e-05	1.981083e-02	4.791550e+00
1.872000e-05	1.031472e-02	4.855258e+00
1.873000e-05	-2.077944e-02	4.951601e+00
1.874000e-05	-3.307087e-03	5.077765e+00
1.875000e-05	5.880339e-03	5.160046e+00
1.876000e-05	1.283841e-02	5.224181e+00
1.877000e-05	-1.168125e-02	5.288316e+00
1.878000e-05	-6.967549e-03	5.380073e+00
1.879000e-05	3.179234e-03	5.443628e+00
1.880000e-05	1.237290e-02	5.516765e+00
1.881000e-05	-1.205534e-02	5.568919e+00
1.882000e-05	-9.252473e-03	5.581074e+00
1.883000e-05	9.127718e-03	5.642656e+00
1.884000e-05	6.960378e-03	5.646309e+00
1.885000e-05	-7.490893e-03	5.728992e+00
1.886000e-05	-1.269864e-02	5.810555e+00
1.887000e-05	1.048226e-02	5.936840e+00
1.888000e-05	5.560531e-03	5.947919e+00
1.889000e-05	-5.404009e-03	5.998001e+00
1.890000e-05	-1.018818e-02	6.009576e+00
1.891000e-05	6.653805e-03	6.063178e+00
1.892000e-05	8.771041e-03	6.033233e+00
1.893000e-05	-9.390821e-03	6.086267e+00
1.894000e-05	-6.854493e-03	6.136864e+00
1.895000e-05	3.685151e-03	6.157918e+00
1.896000e-05	9.767598e-03	6.181024e+00
1.897000e-05	-7.355845e-03	6.179575e+00
1.898000e-05	-6.870234e-03	6.230131e+00
1.899000e-05	3.843993e-03	6.213731e+00
1.900000e-05	6.970243e-03	6.241781e+00
1.901000e-05	-4.502111e-03	6.254733e+00
1.902000e-05	-7.974880e-03	6.245865e+00
1.903000e-05	4.704198e-03	6.314865e+00
1.904000e-05	5.364430e-03	6.324364e+00
1.905000e-05	-3.097996e-03	6.326746e+00
1.906000e-05	-8.270757e-03	6.316889e+00
1.907000e-05	3.091960e-03	6.347338e+00
1.908000e-05	4.162571e-03	6.325395e+00
1.909000e-05	-1.959439e-03	6.307888e+00
1.910000e-05	-5.991533e-03	6.325862e+00
1.911000e-05	1.550322e-03	6.346336e+00
1.912000e-05	5.143198e-03	6.255738e+00
1.913000e-05	-2.854954e-03	6.295231e+00
1.914000e-05	-4.958659e-03	6.254208e+00
1.915000e-05	-8.478952e-04	6.272206e+00
1.916000e-05	5.542391e-03	6.241655e+00
1.917000e-05	-1.796600e-03	6.200627e+00
1.918000e-05	-4.321292e-03	6.160018e+00
1.919000e-05	-7.940059e-04	6.188947e+00
1.920000e-05	3.309712e-03	6.145792e+00
1.921000e-05	-1.244116e-03	6.096336e+00
1.922000e-05	-5.745016e-03	6.055231e+00
1.923000e-05	3.074718e-04	6.052128e+00
1.924000e-05	2.599929e-03	6.021055e+00
1.925000e-05	2.360814e-04	5.999000e+00
1.926000e-05	-4.387571e-03	5.989972e+00
1.927000e-05	-2.196693e-05	5.958424e+00
1.928000e-05	2.229034e-03	5.875810e+00
1.929000e-05	-5.624689e-04	5.810050e+00
1.930000e-05	-5.208129e-03	5.766789e+00
1.931000e-05	-6.798268e-04	5.682157e+00
1.932000e-05	2.143111e-03	5.621025e+00
1.933000e-05	-8.476323e-04	5.559999e+00
1.934000e-05	-3.863338e-03	5.548263e+00
1.935000e-05	-2.430587e-03	5.452806e+00
1.936000e-05	1.303928e-03	5.411082e+00
1.937000e-05	-7.858609e-04	5.367920e+00
1.938000e-05	-3.836335e-03	5.277733e+00
1.939000e-05	-2.106192e-03	5.242627e+00
1.940000e-05	4.740633e-06	5.127420e+00
1.941000e-05	-6.894427e-04	4.985579e+00
1.942000e-05	-5.819264e-03	4.918761e+00
1.943000e-05	-3.033347e-03	4.833050e+00
1.944000e-05	-1.281637e-03	4.751497e+00
1.945000e-05	-3.071889e-04	4.716760e+00
1.946000e-05	-5.302776e-03	4.613601e+00
1.947000e-05	-2.524191e-03	4.519294e+00
1.948000e-05	4.821331e-04	4.445704e+00
1.949000e-05	-8.255669e-04	4.402525e+00
1.950000e-05	-4.805555e-03	4.331395e+00
1.951000e-05	-4.798833e-03	4.263254e+00
1.952000e-05	-5.807344e-04	4.067236e+00
1.953000e-05	-2.877475e-03	3.994050e+00
1.954000e-05	-4.128705e-03	3.949391e+00
1.955000e-05	-3.159716e-03	3.834678e+00
1.956000e-05	9.531893e-04	3.762016e+00
1.957000e-05	-2.740829e-03	3.667179e+00
1.958000e-05	-4.585326e-03	3.583974e+00
1.959000e-05	-3.228025e-03	3.509791e+00
1.960000e-05	-1.077820e-03	3.362921e+00
1.961000e-05	-3.269372e-03	3.225628e+00
1.962000e-05	-5.743245e-03	3.173317e+00
1.963000e-05	-2.795894e-03	3.057756e+00
1.964000e-05	-8.570653e-04	2.993970e+00
1.965000e-05	-1.929551e-03	2.879103e+00
1.966000e-05	-5.000780e-03	2.814972e+00
1.967000e-05	-2.387738e-03	2.710186e+00
1.968000e-05	-1.263912e-03	2.532365e+00
1.969000e-05	-3.016324e-03	2.418053e+00
1.970000e-05	-5.811687e-03	2.332766e+00
1.971000e-05	-4.941272e-03	2.206951e+00
1.972000e-05	-2.408549e-03	2.102238e+00
1.973000e-05	-3.373985e-03	2.005528e+00
1.974000e-05	-4.434679e-03	1.903787e+00
1.975000e-05	-3.257329e-03	1.755474e+00
1.976000e-05	-6.545226e-04	1.691238e+00
1.977000e-05	-3.184059e-03	1.584342e+00
1.978000e-05	-5.447525e-03	1.450603e+00
1.979000e-05	-4.765348e-03	1.304213e+00
1.980000e-05	-2.454733e-03	1.208450e+00
1.981000e-05	-3.925077e-03	1.071603e+00
1.982000e-05	-5.647974e-03	8.847906e-01
1.983000e-05	-3.782869e-03	8.074738e-01
1.984000e-05	-2.100412e-03	6.926619e-01
1.985000e-05	-2.637351e-03	5.669186e-01
1.986000e-05	-5.413732e-03	4.430815e-01
1.987000e-05	-4.176847e-03	3.773487e-01
1.988000e-05	-2.985099e-03	2.595514e-01
1.989000e-05	-3.283591e-03	1.341819e-01
1.990000e-05	-3.745945e-03	-1.052645e-02
1.991000e-05	-1.765687e-03	-7.583938e-02
1.992000e-05	1.385320e-04	-2.091290e-01
1.993000e-05	-2.315995e-03	-3.363196e-01
1.994000e-05	-4.073001e-03	-3.989775e-01
1.995000e-05	-3.667501e-03	-5.048671e-01
1.996000e-05	-1.686770e-03	-6.926857e-01
1.997000e-05	-1.593422e-03	-7.769737e-01
1.998000e-05	8.523209e-03	-8.611053e-01
1.999000e-05	5.706174e-02	-9.784922e-01
2.000000e-05	-9.080337e-03	-1.145890e+00
2.001000e-05	-4.865004e-02	-1.398501e+00
2.002000e-05	-1.244254e-01	-1.564972e+00
2.003000e-05	9.854176e-02	-1.536947e+00
2.004000e-05	6.437548e-02	-1.567474e+00
2.005000e-05	-1.019037e-01	-1.766922e+00
2.006000e-05	-1.359688e-02	-1.852313e+00
2.007000e-05	1.122554e-01	-1.831810e+00
2.008000e-05	-2.221375e-02	-1.998680e+00
2.009000e-05	-7.734342e-02	-2.280138e+00
2.010000e-05	7.251374e-02	-2.304840e+00
2.011000e-05	-8.767256e-02	-2.399025e+00
2.012000e-05	-4.084634e-02	-2.553418e+00
2.013000e-05	1.642687e-01	-2.587574e+00
2.014000e-05	-7.692727e-02	-2.712791e+00
2.015000e-05	-1.099976e-01	-2.815525e+00
2.016000e-05	1.285674e-01	-2.841159e+00
2.017000e-05	-1.699790e-02	-3.087290e+00
2.018000e-05	-5.550426e-02	-3.204526e+00
2.019000e-05	-2.512517e-02	-3.217653e+00
2.020000e-05	9.441399e-03	-3.391901e+00
2.021000e-05	9.140065e-02	-3.480262e+00
2.022000e-05	-4.858021e-02	-3.530891e+00
2.023000e-05	-1.128374e-01	-3.627159e+00
2.024000e-05	1.037884e-01	-3.733800e+00
2.025000e-05	2.086756e-02	-3.837659e+00
2.026000e-05	-9.185496e-02	-3.952949e+00
2.027000e-05	2.728033e-02	-4.036107e+00
2.028000e-05	7.189611e-03	-4.160390e+00
2.029000e-05	2.570388e-02	-4.246132e+00
2.030000e-05	-2.687527e-02	-4.277815e+00
2.031000e-05	-5.707875e-02	-4.381423e+00
2.032000e-05	4.952783e-02	-4.443629e+00
2.033000e-05	3.622744e-03	-4.519473e+00
2.034000e-05	-2.694231e-02	-4.614033e+00
2.035000e-05	-9.967669e-03	-4.706786e+00
2.036000e-05	1.702789e-03	-4.784526e+00
2.037000e-05	2.457224e-02	-4.828742e+00
2.038000e-05	-3.128204e-02	-4.921494e+00
2.039000e-05	-2.684352e-02	-5.014128e+00
2.040000e-05	2.728371e-02	-5.066763e+00
2.041000e-05	-2.250931e-03	-5.130448e+00
2.042000e-05	-5.096361e-03	-5.194157e+00
2.043000e-05	-2.535691e-02	-5.308838e+00
2.044000e-05	-3.169672e-03	-5.425183e+00
2.045000e-05	2.804293e-02	-5.507867e+00
2.046000e-05	-3.079089e-02	-5.541000e+00
2.047000e-05	-1.209443e-02	-5.601602e+00
2.048000e-05	3.356534e-03	-5.651682e+00
2.049000e-05	1.043457e-02	-5.677446e+00
2.050000e-05	-7.312215e-03	-5.748951e+00
2.051000e-05	-3.135772e-02	-5.802602e+00
2.052000e-05	9.978487e-03	-5.854684e+00
2.053000e-05	8.742166e-03	-5.896336e+00
2.054000e-05	-1.327177e-02	-5.939395e+00
2.055000e-05	-1.576441e-02	-5.969524e+00
2.056000e-05	-1.711064e-03	-5.970526e+00
2.057000e-05	1.393212e-02	-6.011606e+00
2.058000e-05	-1.375625e-02	-6.043833e+00
2.059000e-05	-2.016703e-02	-6.106816e+00
2.060000e-05	4.385919e-03	-6.166443e+00
2.061000e-05	5.430897e-03	-6.210075e+00
2.062000e-05	-8.389878e-03	-6.244128e+00
2.063000e-05	-1.845006e-02	-6.254786e+00
2.064000e-05	-1.862675e-03	-6.295265e+00
2.065000e-05	9.156974e-03	-6.276920e+00
2.066000e-05	-1.085804e-02	-6.318869e+00
2.067000e-05	-1.427263e-02	-6.317948e+00
2.068000e-05	-2.700010e-03	-6.377949e+00
2.069000e-05	5.965329e-03	-6.338474e+00
2.070000e-05	-8.199557e-03	-6.368474e+00
2.071000e-05	-1.953561e-02	-6.359499e+00
2.072000e-05	-9.878250e-04	-6.369551e+00
2.073000e-05	1.067895e-03	-6.389027e+00
2.074000e-05	-5.359244e-03	-6.389000e+00
2.075000e-05	-1.396062e-02	-6.380027e+00
2.076000e-05	-3.830172e-03	-6.369999e+00
2.077000e-05	3.282517e-03	-6.389474e+00
2.078000e-05	-8.130730e-03	-6.368500e+00
2.079000e-05	-1.281399e-02	-6.358973e+00
2.080000e-05	-5.827247e-03	-6.359526e+00
2.081000e-05	2.351518e-03	-6.307897e+00
2.082000e-05	-6.527043e-03	-6.287365e+00
2.083000e-05	-1.112014e-02	-6.304866e+00
2.084000e-05	-6.258644e-03	-6.265840e+00
2.085000e-05	2.413060e-03	-6.200627e+00
2.086000e-05	-6.981518e-03	-6.210080e+00
2.087000e-05	-1.049232e-02	-6.129818e+00
2.088000e-05	-6.901919e-03	-6.064657e+00
2.089000e-05	1.610020e-03	-6.062205e+00
2.090000e-05	-5.792481e-03	-6.022579e+00
2.091000e-05	-1.113388e-02	-5.990525e+00
2.092000e-05	-5.453248e-03	-5.958900e+00
2.093000e-05	-3.202871e-04	-5.928868e+00
2.094000e-05	-4.436028e-03	-5.894782e+00
2.095000e-05	-1.112318e-02	-5.834583e+00
2.096000e-05	-5.339643e-03	-5.810999e+00
2.097000e-05	3.555411e-05	-5.748421e+00
2.098000e-05	-4.760630e-03	-5.666809e+00
2.099000e-05	-9.598526e-03	-5.632082e+00
2.100000e-05	-6.800668e-03	-5.571000e+00
2.101000e-05	-9.197330e-04	-5.569921e+00
2.102000e-05	-4.093788e-03	-5.487714e+00
2.103000e-05	-9.792342e-03	-5.344595e+00
2.104000e-05	-6.457693e-03	-5.248315e+00
2.105000e-05	-7.919107e-04	-5.232004e+00
2.106000e-05	-3.574177e-03	-5.120395e+00
2.107000e-05	-8.683149e-03	-5.054632e+00
2.108000e-05	-6.251631e-03	-5.022950e+00
2.109000e-05	-1.198919e-03	-4.885869e+00
2.110000e-05	-3.049663e-03	-4.763520e+00
2.111000e-05	-7.377319e-03	-4.706738e+00
2.112000e-05	-5.792490e-03	-4.605104e+00
2.113000e-05	-1.553480e-03	-4.580943e+00
2.114000e-05	-3.109201e-03	-4.486688e+00
2.115000e-05	-7.796925e-03	-4.414028e+00
2.116000e-05	-5.967031e-03	-4.342474e+00
2.117000e-05	-1.246582e-03	-4.237663e+00
2.118000e-05	-2.800405e-03	-4.213472e+00
2.119000e-05	-6.992039e-03	-4.118789e+00
2.120000e-05	-6.677873e-03	-4.005099e+00
2.121000e-05	-2.075921e-03	-3.972475e+00
2.122000e-05	-3.439414e-03	-3.876657e+00
2.123000e-05	-7.061192e-03	-3.733340e+00
2.124000e-05	-5.459532e-03	-3.604075e+00
2.125000e-05	-2.303638e-03	-3.511367e+00
2.126000e-05	-2.217156e-03	-3.446079e+00
2.127000e-05	-5.777134e-03	-3.350370e+00
2.128000e-05	-5.243132e-03	-3.238554e+00
2.129000e-05	-3.545372e-03	-3.174474e+00
2.130000e-05	-2.716036e-03	-3.068159e+00
2.131000e-05	-6.230185e-03	-2.912683e+00
2.132000e-05	-5.231500e-03	-2.805951e+00
2.133000e-05	-3.563844e-03	-2.740313e+00
2.134000e-05	-1.984817e-03	-2.606524e+00
2.135000e-05	-6.083311e-03	-2.451210e+00
2.136000e-05	-5.670243e-03	-2.416475e+00
2.137000e-05	-3.337042e-03	-2.343317e+00
2.138000e-05	-3.165101e-03	-2.215920e+00
2.139000e-05	-5.284529e-03	-2.009525e+00
2.140000e-05	-4.781932e-03	-1.964892e+00
2.141000e-05	-2.684296e-03	-1.810055e+00
2.142000e-05	-2.318096e-03	-1.714871e+00
2.143000e-05	-5.203059e-03	-1.629553e+00
2.144000e-05	-4.766460e-03	-1.553267e+00
2.145000e-05	-3.549361e-03	-1.374517e+00
2.146000e-05	-4.857775e-03	-1.240529e+00
2.147000e-05	-5.158623e-03	-1.103236e+00
2.148000e-05	-4.601908e-03	-9.874974e-01
2.149000e-05	-2.200624e-03	-9.137081e-01
2.150000e-05	-2.548087e-03	-7.374475e-01
2.151000e-05	-3.673272e-03	-7.021632e-01
2.152000e-05	-4.545666e-03	-4.958117e-01
2.153000e-05	-3.601169e-03	-3.889501e-01
2.154000e-05	-4.936094e-03	-2.937868e-01
2.155000e-05	-3.856774e-03	-1.594200e-01
2.156000e-05	-3.129824e-03	-4.318664e-02
2.157000e-05	8.792220e-04	1.005008e-02
2.158000e-05	8.016535e-04	9.491799e-02
2.159000e-05	-9.262313e-04	2.753679e-01
2.160000e-05	-9.901968e-04	3.984999e-01
2.161000e-05	-1.724474e-03	5.127305e-01
2.162000e-05	-1.379275e-03	5.880237e-01
2.163000e-05	-3.298512e-03	6.923118e-01
2.164000e-05	4.907859e-03	7.770224e-01
2.165000e-05	3.443145e-02	8.632817e-01
2.166000e-05	3.072647e-02	1.153794e+00
2.167000e-05	-3.093961e-02	1.291262e+00
2.168000e-05	-8.165637e-02	1.407501e+00
2.169000e-05	-4.737515e-02	1.418050e+00
2.170000e-05	1.165241e-01	1.564549e+00
2.171000e-05	1.160365e-02	1.775396e+00
2.172000e-05	-1.447042e-01	1.787528e+00
2.173000e-05	9.877858e-02	1.930785e+00
2.174000e-05	4.624784e-02	2.038184e+00
2.175000e-05	-3.507617e-02	2.092842e+00
2.176000e-05	-3.204056e-03	2.197447e+00
2.177000e-05	-1.683986e-02	2.331341e+00
2.178000e-05	-5.344147e-02	2.416055e+00
2.179000e-05	7.444546e-02	2.470739e+00
2.180000e-05	5.209159e-02	2.679157e+00
2.181000e-05	-1.035453e-01	2.825024e+00
2.182000e-05	-5.502942e-05	2.858283e+00
2.183000e-05	6.320690e-02	2.992446e+00
2.184000e-05	-6.505290e-03	3.069183e+00
2.185000e-05	-4.988055e-02	3.162471e+00
2.186000e-05	-2.025879e-02	3.249182e+00
2.187000e-05	5.030851e-02	3.332596e+00
2.188000e-05	6.205408e-02	3.528762e+00
2.189000e-05	-9.694960e-02	3.593502e+00
2.190000e-05	-1.565097e-02	3.678787e+00
2.191000e-05	7.038119e-02	3.732424e+00
2.192000e-05	-1.718266e-02	3.866707e+00
2.193000e-05	-3.199861e-02	3.962970e+00
2.194000e-05	7.772577e-03	4.016604e+00
2.195000e-05	2.660401e-02	4.098868e+00
2.196000e-05	-5.174164e-03	4.214130e+00
2.197000e-05	-7.126563e-03	4.361421e+00
2.198000e-05	-2.896196e-02	4.424128e+00
2.199000e-05	2.455079e-02	4.517860e+00
2.200000e-05	1.158797e-02	4.562923e+00
2.201000e-05	-1.391929e-02	4.645734e+00
2.202000e-05	-1.625753e-02	4.777968e+00
2.203000e-05	1.979731e-02	4.791529e+00
2.204000e-05	7.788164e-03	4.886716e+00
2.205000e-05	-2.327545e-02	4.999574e+00
2.206000e-05	1.816099e-04	5.108387e+00
2.207000e-05	6.319847e-03	5.211574e+00
2.208000e-05	1.155504e-02	5.272707e+00
2.209000e-05	-1.276918e-02	5.337342e+00
2.210000e-05	-7.053548e-03	5.371076e+00
2.211000e-05	7.612782e-03	5.462629e+00
2.212000e-05	7.133771e-03	5.515861e+00
2.213000e-05	-1.162741e-02	5.528950e+00
2.214000e-05	-9.161234e-03	5.610478e+00
2.215000e-05	1.347159e-02	5.632155e+00
2.216000e-05	3.785603e-03	5.696758e+00
2.217000e-05	-8.153783e-03	5.748419e+00
2.218000e-05	-1.058542e-02	5.824733e+00
2.219000e-05	1.178819e-02	5.895361e+00
2.220000e-05	4.020774e-03	5.938945e+00
2.221000e-05	-8.173541e-03	5.969551e+00
2.222000e-05	-6.766929e-03	6.020578e+00
2.223000e-05	8.282616e-03	6.032128e+00
2.224000e-05	7.893423e-03	6.043210e+00
2.225000e-05	-1.178210e-02	6.094236e+00
2.226000e-05	-5.201965e-03	6.156445e+00
2.227000e-05	5.682555e-03	6.147952e+00
2.228000e-05	7.433254e-03	6.168999e+00
2.229000e-05	-8.152000e-03	6.191127e+00
2.230000e-05	-4.932242e-03	6.203632e+00
2.231000e-05	5.431985e-03	6.270704e+00
2.232000e-05	4.924371e-03	6.242684e+00
2.233000e-05	-5.510011e-03	6.284362e+00
2.234000e-05	-7.860210e-03	6.285337e+00
2.235000e-05	6.036614e-03	6.343836e+00
2.236000e-05	3.912644e-03	6.316340e+00
2.237000e-05	-3.812871e-03	6.325895e+00
2.238000e-05	-7.181000e-03	6.327442e+00
2.239000e-05	4.678377e-03	6.346913e+00
2.240000e-05	3.789010e-03	6.336792e+00
2.241000e-05	-3.160323e-03	6.345816e+00
2.242000e-05	-4.810032e-03	6.314841e+00
2.243000e-05	9.214430e-04	6.307340e+00
2.244000e-05	4.633955e-03	6.272786e+00
2.245000e-05	-4.133434e-03	6.284309e+00
2.246000e-05	-4.077046e-03	6.283233e+00
2.247000e-05	6.359939e-04	6.264755e+00
2.248000e-05	6.066991e-03	6.210557e+00
2.249000e-05	-2.771671e-03	6.229554e+00
2.250000e-05	-4.491492e-03	6.200020e+00
2.251000e-05	1.219333e-03	6.148945e+00
2.252000e-05	3.215789e-03	6.157919e+00
2.253000e-05	-2.126221e-03	6.086791e+00
2.254000e-05	-5.253730e-03	6.044110e+00
2.255000e-05	1.600425e-03	6.021605e+00
2.256000e-05	2.318767e-03	6.029526e+00
2.257000e-05	-1.224136e-03	6.009050e+00
2.258000e-05	-4.034147e-03	5.987525e+00
2.259000e-05	6.340953e-04	5.948845e+00
2.260000e-05	2.263646e-03	5.935385e+00
2.261000e-05	-1.348976e-03	5.811017e+00
2.262000e-05	-4.064383e-03	5.725183e+00
2.263000e-05	-1.215657e-03	5.652105e+00
2.264000e-05	2.119510e-03	5.622000e+00
2.265000e-05	-2.419908e-03	5.568947e+00
2.266000e-05	-4.105107e-03	5.476338e+00
2.267000e-05	-2.313262e-03	5.442658e+00
2.268000e-05	3.031033e-03	5.410503e+00
2.269000e-05	-1.471459e-03	5.338920e+00
2.270000e-05	-3.745442e-03	5.275288e+00
2.271000e-05	-2.719692e-03	5.202525e+00
2.272000e-05	8.849074e-04	5.138867e+00
2.273000e-05	-1.531453e-03	5.051653e+00
2.274000e-05	-4.860980e-03	4.917263e+00
2.275000e-05	-3.029372e-03	4.833152e+00
2.276000e-05	7.935340e-05	4.759473e+00
2.277000e-05	-4.421845e-04	4.686237e+00
2.278000e-05	-3.941843e-03	4.592076e+00
2.279000e-05	-3.151054e-03	4.529367e+00
2.280000e-05	-4.726140e-06	4.445607e+00
2.281000e-05	-1.162089e-03	4.392074e+00
2.282000e-05	-3.777631e-03	4.340345e+00
2.283000e-05	-4.055713e-03	4.204704e+00
2.284000e-05	-8.680942e-04	4.088627e+00
2.285000e-05	-2.252446e-03	3.994549e+00
2.286000e-05	-3.334912e-03	3.959369e+00
2.287000e-05	-3.697241e-03	3.836080e+00
2.288000e-05	-1.168676e-03	3.759343e+00
2.289000e-05	-1.048812e-03	3.657704e+00
2.290000e-05	-3.645629e-03	3.593475e+00
2.291000e-05	-4.139083e-03	3.509288e+00
2.292000e-05	-2.381790e-03	3.331314e+00
2.293000e-05	-1.677525e-03	3.247129e+00
2.294000e-05	-4.418215e-03	3.143396e+00
2.295000e-05	-4.663157e-03	3.037680e+00
2.296000e-05	-3.029952e-03	2.970919e+00
2.297000e-05	-2.307941e-03	2.887629e+00
2.298000e-05	-3.804289e-03	2.794875e+00
2.299000e-05	-3.707148e-03	2.721183e+00
2.300000e-05	-2.537415e-03	2.532237e+00
2.301000e-05	-2.276019e-03	2.406003e+00
2.302000e-05	-4.311152e-03	2.300308e+00
2.303000e-05	-4.351109e-03	2.184425e+00
2.304000e-05	-3.634785e-03	2.081712e+00
2.305000e-05	-2.830769e-03	2.016006e+00
2.306000e-05	-3.594402e-03	1.901716e+00
2.307000e-05	-3.847981e-03	1.774921e+00
2.308000e-05	-3.316443e-03	1.679683e+00
2.309000e-05	-2.432469e-03	1.565389e+00
2.310000e-05	-3.709130e-03	1.418054e+00
2.311000e-05	-4.513171e-03	1.301740e+00
2.312000e-05	-4.223218e-03	1.207474e+00
2.313000e-05	-2.833755e-03	1.060133e+00
2.314000e-05	-3.541309e-03	9.022320e-01
2.315000e-05	-4.327462e-03	7.878976e-01
2.316000e-05	-3.865524e-03	6.816080e-01
2.317000e-05	-2.838058e-03	5.648672e-01
2.318000e-05	-3.393685e-03	4.320791e-01
2.319000e-05	-4.171321e-03	3.673699e-01
2.320000e-05	-4.660731e-03	2.290289e-01
2.321000e-05	-2.562118e-03	7.311144e-02
2.322000e-05	-2.336121e-03	-3.217652e-02
2.323000e-05	-1.663543e-03	-1.578684e-01
2.324000e-05	-4.177057e-04	-2.626302e-01
2.325000e-05	-2.280678e-03	-3.374447e-01
2.326000e-05	-2.770485e-03	-4.325526e-01
2.327000e-05	-2.727597e-03	-5.758931e-01
2.328000e-05	-3.922787e-03	-6.638081e-01
2.329000e-05	-2.436443e-03	-7.885462e-01
2.330000e-05	1.220582e-02	-8.731616e-01
2.331000e-05	5.922953e-02	-9.884723e-01
2.332000e-05	-2.164857e-02	-1.168000e+00
2.333000e-05	-5.480798e-02	-1.448631e+00
2.334000e-05	-1.149156e-01	-1.546473e+00
2.335000e-05	1.163980e-01	-1.554896e+00
2.336000e-05	5.302517e-02	-1.577472e+00
2.337000e-05	-1.317376e-01	-1.777425e+00
2.338000e-05	4.092776e-02	-1.902715e+00
2.339000e-05	8.934411e-02	-1.903809e+00
2.340000e-05	-4.252396e-02	-2.062658e+00
2.341000e-05	-4.553635e-02	-2.290286e+00
2.342000e-05	5.580683e-02	-2.301690e+00
2.343000e-05	-9.914465e-02	-2.416629e+00
2.344000e-05	-3.139239e-03	-2.573924e+00
2.345000e-05	1.466892e-01	-2.607080e+00
2.346000e-05	-1.062999e-01	-2.741791e+00
2.347000e-05	-8.109355e-02	-2.826629e+00
2.348000e-05	1.320706e-01	-2.932911e+00
2.349000e-05	-3.780606e-02	-3.132715e+00
2.350000e-05	-4.794092e-02	-3.174499e+00
2.351000e-05	-1.896267e-02	-3.227130e+00
2.352000e-05	1.784054e-02	-3.405576e+00
2.353000e-05	9.152531e-02	-3.500787e+00
2.354000e-05	-8.025742e-02	-3.541895e+00
2.355000e-05	-8.626003e-02	-3.627779e+00
2.356000e-05	1.151057e-01	-3.702091e+00
2.357000e-05	-7.961051e-03	-3.870316e+00
2.358000e-05	-7.838508e-02	-3.963475e+00
2.359000e-05	3.282725e-02	-4.034580e+00
2.360000e-05	5.328356e-03	-4.161449e+00
2.361000e-05	2.298020e-02	-4.246181e+00
2.362000e-05	-3.653000e-02	-4.328215e+00
2.363000e-05	-4.832376e-02	-4.372951e+00
2.364000e-05	5.536434e-02	-4.423630e+00
2.365000e-05	-7.213053e-03	-4.530895e+00
2.366000e-05	-2.234994e-02	-4.665733e+00
2.367000e-05	-9.526061e-03	-4.679138e+00
2.368000e-05	3.826246e-03	-4.811498e+00
2.369000e-05	2.283453e-02	-4.858212e+00
2.370000e-05	-4.120078e-02	-4.969495e+00
2.371000e-05	-1.336380e-02	-5.024128e+00
2.372000e-05	2.372072e-02	-5.098215e+00
2.373000e-05	-2.408762e-03	-5.181500e+00
2.374000e-05	-7.658342e-03	-5.203603e+00
2.375000e-05	-2.683261e-02	-5.348813e+00
2.376000e-05	4.633156e-03	-5.376582e+00
2.377000e-05	2.286054e-02	-5.498771e+00
2.378000e-05	-3.267629e-02	-5.562024e+00
2.379000e-05	-8.446238e-03	-5.622600e+00
2.380000e-05	4.233336e-03	-5.655282e+00
2.381000e-05	9.244347e-03	-5.717746e+00
2.382000e-05	-1.135036e-02	-5.729475e+00
2.383000e-05	-3.003643e-02	-5.821678e+00
2.384000e-05	1.495936e-02	-5.864785e+00
2.385000e-05	4.008920e-03	-5.895787e+00
2.386000e-05	-1.269103e-02	-5.939921e+00
2.387000e-05	-1.577329e-02	-5.991000e+00
2.388000e-05	4.440581e-04	-6.010027e+00
2.389000e-05	1.287969e-02	-6.022703e+00
2.390000e-05	-1.759461e-02	-6.094184e+00
2.391000e-05	-1.707406e-02	-6.087962e+00
2.392000e-05	3.846592e-03	-6.139950e+00
2.393000e-05	4.632884e-03	-6.191073e+00
2.394000e-05	-1.045846e-02	-6.244151e+00
2.395000e-05	-1.803011e-02	-6.274390e+00
2.396000e-05	7.828718e-04	-6.316817e+00
2.397000e-05	6.572289e-03	-6.326369e+00
2.398000e-05	-1.192969e-02	-6.367946e+00
2.399000e-05	-1.394563e-02	-6.348995e+00
2.400000e-05	-1.692421e-03	-6.389474e+00
2.401000e-05	5.216334e-03	-6.340024e+00
2.402000e-05	-9.426014e-03	-6.379500e+00
2.403000e-05	-1.662420e-02	-6.369020e+00
2.404000e-05	-9.752680e-04	-6.399100e+00
2.405000e-05	5.398181e-04	-6.400001e+00
2.406000e-05	-6.763118e-03	-6.389524e+00
2.407000e-05	-1.501930e-02	-6.389501e+00
2.408000e-05	-2.245829e-03	-6.379500e+00
2.409000e-05	2.140779e-03	-6.369474e+00
2.410000e-05	-7.997981e-03	-6.389049e+00
2.411000e-05	-1.156290e-02	-6.378945e+00
2.412000e-05	-6.180239e-03	-6.337498e+00
2.413000e-05	2.208910e-03	-6.338894e+00
2.414000e-05	-7.136359e-03	-6.356317e+00
2.415000e-05	-1.245991e-02	-6.296294e+00
2.416000e-05	-5.287797e-03	-6.224759e+00
2.417000e-05	-3.464646e-04	-6.191549e+00
2.418000e-05	-5.102478e-03	-6.179449e+00
2.419000e-05	-1.072054e-02	-6.116887e+00
2.420000e-05	-4.432271e-03	-6.043684e+00
2.421000e-05	1.001946e-03	-6.043604e+00
2.422000e-05	-5.155138e-03	-6.001528e+00
2.423000e-05	-1.009528e-02	-5.990026e+00
2.424000e-05	-6.517392e-03	-5.959473e+00
2.425000e-05	-8.346534e-04	-5.916893e+00
2.426000e-05	-4.870602e-03	-5.865288e+00
2.427000e-05	-1.041164e-02	-5.802053e+00
2.428000e-05	-5.311156e-03	-5.790498e+00
2.429000e-05	1.255965e-04	-5.698894e+00
2.430000e-05	-3.240195e-03	-5.675235e+00
2.431000e-05	-8.433946e-03	-5.612580e+00
2.432000e-05	-6.468660e-03	-5.590000e+00
2.433000e-05	-7.303781e-04	-5.518865e+00
2.434000e-05	-4.806030e-03	-5.485686e+00
2.435000e-05	-7.976896e-03	-5.369950e+00
2.436000e-05	-7.535582e-03	-5.236634e+00
2.437000e-05	-8.315604e-04	-5.201999e+00
2.438000e-05	-3.087601e-03	-5.108917e+00
2.439000e-05	-7.474206e-03	-5.034633e+00
2.440000e-05	-6.097037e-03	-4.950476e+00
2.441000e-05	-1.945729e-03	-4.876812e+00
2.442000e-05	-3.620836e-03	-4.791373e+00
2.443000e-05	-7.004933e-03	-4.658184e+00
2.444000e-05	-6.207933e-03	-4.634129e+00
2.445000e-05	-2.497081e-03	-4.551970e+00
2.446000e-05	-4.421445e-03	-4.428111e+00
2.447000e-05	-6.330830e-03	-4.403979e+00
2.448000e-05	-5.153874e-03	-4.361949e+00
2.449000e-05	-2.175496e-03	-4.247156e+00
2.450000e-05	-4.280024e-03	-4.193402e+00
2.451000e-05	-5.695990e-03	-4.119287e+00
2.452000e-05	-4.738733e-03	-4.004603e+00
2.453000e-05	-2.662595e-03	-3.961924e+00
2.454000e-05	-3.618666e-03	-3.827049e+00
2.455000e-05	-5.469188e-03	-3.700238e+00
2.456000e-05	-4.835088e-03	-3.604026e+00
2.457000e-05	-3.077160e-03	-3.522346e+00
2.458000e-05	-4.432437e-03	-3.445680e+00
2.459000e-05	-5.454383e-03	-3.312814e+00
2.460000e-05	-4.177789e-03	-3.237528e+00
2.461000e-05	-3.604970e-03	-3.143921e+00
2.462000e-05	-3.076001e-03	-3.056502e+00
2.463000e-05	-5.274785e-03	-2.891264e+00
2.464000e-05	-3.958602e-03	-2.814474e+00
2.465000e-05	-4.063857e-03	-2.710761e+00
2.466000e-05	-3.684443e-03	-2.587448e+00
2.467000e-05	-5.531736e-03	-2.459663e+00
2.468000e-05	-4.973863e-03	-2.376524e+00
2.469000e-05	-4.477487e-03	-2.321736e+00
2.470000e-05	-3.830324e-03	-2.126869e+00
2.471000e-05	-5.019846e-03	-2.008054e+00
2.472000e-05	-2.755553e-03	-1.924394e+00
2.473000e-05	-2.298453e-03	-1.828479e+00
2.474000e-05	-3.245023e-03	-1.704192e+00
2.475000e-05	-5.001908e-03	-1.619000e+00
2.476000e-05	-4.894436e-03	-1.521291e+00
2.477000e-05	-5.164388e-03	-1.338290e+00
2.478000e-05	-4.413810e-03	-1.188024e+00
2.479000e-05	-3.863786e-03	-1.092736e+00
2.480000e-05	-3.370485e-03	-9.779437e-01
2.481000e-05	-2.144372e-03	-8.621580e-01
2.482000e-05	-2.533949e-03	-7.979424e-01
2.483000e-05	-3.543856e-03	-6.306066e-01
2.484000e-05	-4.357277e-03	-4.636829e-01
2.485000e-05	-4.097113e-03	-3.989224e-01
2.486000e-05	-4.645815e-03	-2.436091e-01
2.487000e-05	-2.463464e-03	-2.105014e-01
2.488000e-05	-1.861242e-03	5.000000e-05
2.489000e-05	2.008679e-03	3.212620e-02
2.490000e-05	-1.623993e-04	1.378456e-01
2.491000e-05	-5.786823e-04	3.047897e-01
2.492000e-05	-2.790250e-03	3.995000e-01
2.493000e-05	-2.630848e-03	4.722380e-01
2.494000e-05	-2.426454e-03	5.895275e-01
2.495000e-05	-1.439204e-03	7.258131e-01
2.496000e-05	7.057486e-03	8.070264e-01
2.497000e-05	4.054785e-02	9.033694e-01
2.498000e-05	2.311635e-02	1.155420e+00
2.499000e-05	-3.419577e-02	1.332766e+00
2.500000e-05	-9.353397e-02	1.417674e+00
2.501000e-05	-2.003273e-02	1.460711e+00
2.502000e-05	1.135968e-01	1.657045e+00
2.503000e-05	-6.551533e-03	1.756346e+00
2.504000e-05	-1.414665e-01	1.827580e+00
2.505000e-05	1.201638e-01	1.922337e+00
2.506000e-05	3.659197e-02	2.049159e+00
2.507000e-05	-5.169134e-02	2.133364e+00
2.508000e-05	1.870791e-02	2.165630e+00
2.509000e-05	-3.980589e-02	2.372896e+00
2.510000e-05	-3.948903e-02	2.437153e+00
2.511000e-05	9.065084e-02	2.541337e+00
2.512000e-05	2.447030e-02	2.690788e+00
2.513000e-05	-1.043311e-01	2.805003e+00
2.514000e-05	2.434396e-02	2.878763e+00
2.515000e-05	5.313207e-02	2.995526e+00
2.516000e-05	-1.232375e-02	3.070242e+00
2.517000e-05	-5.360613e-02	3.163025e+00
2.518000e-05	-1.070595e-02	3.267159e+00
2.519000e-05	6.167868e-02	3.332547e+00
2.520000e-05	4.048283e-02	3.499216e+00
2.521000e-05	-1.004550e-01	3.603579e+00
2.522000e-05	2.217272e-03	3.678308e+00
2.523000e-05	7.132703e-02	3.782996e+00
2.524000e-05	-3.342123e-02	3.867209e+00
2.525000e-05	-2.446293e-02	3.982004e+00
2.526000e-05	8.092344e-03	4.024129e+00
2.527000e-05	2.574641e-02	4.119862e+00
2.528000e-05	-8.185337e-03	4.244811e+00
2.529000e-05	-1.053979e-02	4.341925e+00
2.530000e-05	-2.127385e-02	4.415705e+00
2.531000e-05	2.587535e-02	4.498339e+00
2.532000e-05	1.007861e-02	4.580996e+00
2.533000e-05	-2.053065e-02	4.666262e+00
2.534000e-05	-8.071113e-03	4.699445e+00
2.535000e-05	1.748671e-02	4.782075e+00
2.536000e-05	4.183885e-03	4.916284e+00
2.537000e-05	-2.391039e-02	4.963678e+00
2.538000e-05	5.365254e-03	5.099391e+00
2.539000e-05	6.669944e-03	5.182053e+00
2.540000e-05	8.454666e-03	5.222734e+00
2.541000e-05	-1.288985e-02	5.307870e+00
2.542000e-05	-6.609840e-03	5.391025e+00
2.543000e-05	9.185565e-03	5.444679e+00
2.544000e-05	3.447718e-03	5.517288e+00
2.545000e-05	-1.073633e-02	5.539944e+00
2.546000e-05	-6.518381e-03	5.620076e+00
2.547000e-05	1.322532e-02	5.663733e+00
2.548000e-05	1.574054e-03	5.686265e+00
2.549000e-05	-9.708749e-03	5.748549e+00
2.550000e-05	-7.628502e-03	5.865257e+00
2.551000e-05	1.163150e-02	5.907841e+00
2.552000e-05	3.399808e-03	5.957972e+00
2.553000e-05	-9.106018e-03	5.989525e+00
2.554000e-05	-4.049125e-03	5.991080e+00
2.555000e-05	7.212388e-03	6.021133e+00
2.556000e-05	4.708506e-03	6.073139e+00
2.557000e-05	-1.300308e-02	6.094841e+00
2.558000e-05	-3.448094e-03	6.157843e+00
2.559000e-05	5.917921e-03	6.159500e+00
2.560000e-05	5.708923e-03	6.210052e+00
2.561000e-05	-8.170324e-03	6.211578e+00
2.562000e-05	-4.665947e-03	6.242153e+00
2.563000e-05	6.531081e-03	6.242184e+00
2.564000e-05	2.923106e-03	6.284133e+00
2.565000e-05	-5.739700e-03	6.233338e+00
2.566000e-05	-5.904343e-03	6.284840e+00
2.567000e-05	7.280368e-03	6.286292e+00
2.568000e-05	2.539574e-03	6.305890e+00
2.569000e-05	-4.527442e-03	6.285892e+00
2.570000e-05	-5.722473e-03	6.326840e+00
2.571000e-05	4.339013e-03	6.307867e+00
2.572000e-05	3.657529e-03	6.344913e+00
2.573000e-05	-4.918644e-03	6.278865e+00
2.574000e-05	-3.611104e-03	6.317436e+00
2.575000e-05	3.281754e-03	6.305265e+00
2.576000e-05	4.638422e-03	6.313338e+00
2.577000e-05	-4.963023e-03	6.264286e+00
2.578000e-05	-3.866321e-03	6.273308e+00
2.579000e-05	1.632791e-03	6.263154e+00
2.580000e-05	3.537246e-03	6.262631e+00
2.581000e-05	-3.203375e-03	6.190023e+00
2.582000e-05	-3.845035e-03	6.189023e+00
2.583000e-05	2.322268e-03	6.179023e+00
2.584000e-05	3.200551e-03	6.147912e+00
2.585000e-05	-2.471032e-03	6.095261e+00
2.586000e-05	-4.913557e-03	6.054307e+00
2.587000e-05	5.718296e-04	6.042627e+00
2.588000e-05	1.461903e-03	6.030025e+00
2.589000e-05	-2.108470e-03	5.970499e+00
2.590000e-05	-3.189231e-03	5.958944e+00
2.591000e-05	2.214302e-03	5.946816e+00
2.592000e-05	1.293839e-03	5.851708e+00
2.593000e-05	-2.701383e-03	5.801948e+00
2.594000e-05	-4.047638e-03	5.675288e+00
2.595000e-05	-1.055580e-03	5.673154e+00
2.596000e-05	1.081260e-03	5.621026e+00
2.597000e-05	-3.564406e-03	5.548495e+00
2.598000e-05	-2.876486e-03	5.515290e+00
2.599000e-05	-4.676079e-04	5.483103e+00
2.600000e-05	9.758317e-04	5.411050e+00
2.601000e-05	-2.979921e-03	5.329391e+00
2.602000e-05	-3.566571e-03	5.285315e+00
2.603000e-05	-4.336065e-04	5.202527e+00
2.604000e-05	4.073092e-04	5.108311e+00
2.605000e-05	-2.944552e-03	5.032603e+00
2.606000e-05	-4.112260e-03	4.906208e+00
2.607000e-05	-1.570025e-03	4.813104e+00
2.608000e-05	-2.332165e-04	4.729845e+00
2.609000e-05	-2.945568e-03	4.664213e+00
2.610000e-05	-4.057685e-03	4.613028e+00
2.611000e-05	-1.535787e-03	4.520337e+00
2.612000e-05	2.381885e-04	4.444607e+00
2.613000e-05	-3.009259e-03	4.392525e+00
2.614000e-05	-3.675740e-03	4.328369e+00
2.615000e-05	-2.651156e-03	4.234625e+00
2.616000e-05	-3.058468e-04	4.076212e+00
2.617000e-05	-3.301621e-03	3.993072e+00
2.618000e-05	-3.828920e-03	3.928864e+00
2.619000e-05	-1.597893e-03	3.795604e+00
2.620000e-05	-1.457882e-03	3.730841e+00
2.621000e-05	-2.224740e-03	3.667153e+00
2.622000e-05	-4.666168e-03	3.543419e+00
2.623000e-05	-1.598343e-03	3.437163e+00
2.624000e-05	-1.748960e-03	3.304367e+00
2.625000e-05	-2.506263e-03	3.196076e+00
2.626000e-05	-4.573844e-03	3.131866e+00
2.627000e-05	-2.550386e-03	3.027132e+00
2.628000e-05	-1.432456e-03	2.901943e+00
2.629000e-05	-3.406042e-03	2.887107e+00
2.630000e-05	-4.553672e-03	2.753399e+00
2.631000e-05	-1.457043e-03	2.645663e+00
2.632000e-05	-3.479651e-03	2.518715e+00
2.633000e-05	-2.566098e-03	2.405400e+00
2.634000e-05	-4.904520e-03	2.261214e+00
2.635000e-05	-2.346884e-03	2.184449e+00
2.636000e-05	-2.017226e-03	2.070112e+00
2.637000e-05	-2.779414e-03	1.995901e+00
2.638000e-05	-4.341425e-03	1.901233e+00
2.639000e-05	-3.929945e-03	1.774844e+00
2.640000e-05	-2.825821e-03	1.608582e+00
2.641000e-05	-4.946210e-03	1.542846e+00
2.642000e-05	-3.607424e-03	1.387979e+00
2.643000e-05	-2.710042e-03	1.312688e+00
2.644000e-05	-2.114115e-03	1.126872e+00
2.645000e-05	-3.501028e-03	1.049051e+00
2.646000e-05	-4.441616e-03	8.732554e-01
2.647000e-05	-5.433370e-03	7.763711e-01
2.648000e-05	-3.475327e-03	6.621355e-01
2.649000e-05	-4.490106e-03	5.459210e-01
2.650000e-05	-4.249478e-03	4.201303e-01
2.651000e-05	-3.206051e-03	3.663699e-01
2.652000e-05	-3.164527e-03	2.209501e-01
2.653000e-05	-2.815927e-03	4.163294e-02
2.654000e-05	-3.875199e-03	-5.318283e-02
2.655000e-05	-7.570476e-04	-1.583448e-01
2.656000e-05	-5.378925e-04	-2.546840e-01
2.657000e-05	-2.797151e-03	-3.278950e-01
2.658000e-05	-3.905367e-03	-4.420602e-01
2.659000e-05	-2.251802e-03	-5.484475e-01
2.660000e-05	-2.260214e-03	-7.237398e-01
2.661000e-05	-1.259467e-03	-7.895226e-01
2.662000e-05	1.736457e-02	-9.037354e-01
2.663000e-05	5.674155e-02	-9.800487e-01
2.664000e-05	-3.037983e-02	-1.205952e+00
2.665000e-05	-6.360215e-02	-1.440637e+00
2.666000e-05	-9.764558e-02	-1.576373e+00
2.667000e-05	1.237572e-01	-1.555899e+00
2.668000e-05	4.298061e-02	-1.619128e+00
2.669000e-05	-1.518248e-01	-1.797531e+00
2.670000e-05	8.032277e-02	-1.851312e+00
2.671000e-05	6.802097e-02	-1.882313e+00
2.672000e-05	-6.545767e-02	-2.103286e+00
2.673000e-05	-1.118531e-02	-2.282192e+00
2.674000e-05	3.176392e-02	-2.292839e+00
2.675000e-05	-1.071484e-01	-2.398058e+00
2.676000e-05	4.090124e-02	-2.584949e+00
2.677000e-05	1.236007e-01	-2.607605e+00
2.678000e-05	-1.278245e-01	-2.762368e+00
2.679000e-05	-4.630971e-02	-2.827700e+00
2.680000e-05	1.244568e-01	-2.931920e+00
2.681000e-05	-5.318109e-02	-3.131842e+00
2.682000e-05	-4.418809e-02	-3.194525e+00
2.683000e-05	-1.461191e-02	-3.247207e+00
2.684000e-05	2.726146e-02	-3.405978e+00
2.685000e-05	9.054107e-02	-3.541317e+00
2.686000e-05	-1.086706e-01	-3.572994e+00
2.687000e-05	-5.394971e-02	-3.646761e+00
2.688000e-05	1.176876e-01	-3.764448e+00
2.689000e-05	-3.546592e-02	-3.907813e+00
2.690000e-05	-6.380255e-02	-3.983074e+00
2.691000e-05	3.370809e-02	-4.036655e+00
2.692000e-05	7.839010e-03	-4.172448e+00
2.693000e-05	2.045820e-02	-4.245659e+00
2.694000e-05	-4.464897e-02	-4.326792e+00
2.695000e-05	-3.466708e-02	-4.373023e+00
2.696000e-05	5.745163e-02	-4.456730e+00
2.697000e-05	-2.013757e-02	-4.581971e+00
2.698000e-05	-1.894596e-02	-4.634712e+00
2.699000e-05	-9.039767e-03	-4.700415e+00
2.700000e-05	1.015023e-02	-4.771446e+00
2.701000e-05	1.894721e-02	-4.878284e+00
2.702000e-05	-4.694763e-02	-4.992995e+00
2.703000e-05	-2.683098e-03	-5.022678e+00
2.704000e-05	1.966886e-02	-5.088363e+00
2.705000e-05	-4.022061e-03	-5.151399e+00
2.706000e-05	-9.017998e-03	-5.226604e+00
2.707000e-05	-2.814272e-02	-5.280443e+00
2.708000e-05	1.306767e-02	-5.444683e+00
2.709000e-05	1.486985e-02	-5.549293e+00
2.710000e-05	-3.315867e-02	-5.589003e+00
2.711000e-05	-5.208444e-03	-5.612104e+00
2.712000e-05	6.162101e-03	-5.643213e+00
2.713000e-05	9.812189e-03	-5.718968e+00
2.714000e-05	-1.564797e-02	-5.780500e+00
2.715000e-05	-2.672640e-02	-5.792603e+00
2.716000e-05	1.796300e-02	-5.834137e+00
2.717000e-05	-7.428342e-04	-5.927867e+00
2.718000e-05	-1.369890e-02	-5.967897e+00
2.719000e-05	-1.514984e-02	-5.999524e+00
2.720000e-05	3.103250e-03	-6.019127e+00
2.721000e-05	1.096925e-02	-6.013632e+00
2.722000e-05	-2.160714e-02	-6.094735e+00
2.723000e-05	-1.271540e-02	-6.116263e+00
2.724000e-05	4.509045e-03	-6.129020e+00
2.725000e-05	3.850351e-03	-6.182578e+00
2.726000e-05	-1.328098e-02	-6.223152e+00
2.727000e-05	-1.697543e-02	-6.266216e+00
2.728000e-05	3.774753e-03	-6.335845e+00
2.729000e-05	3.853916e-03	-6.288415e+00
2.730000e-05	-1.414739e-02	-6.378446e+00
2.731000e-05	-1.428004e-02	-6.338971e+00
2.732000e-05	1.023045e-03	-6.368471e+00
2.733000e-05	5.181027e-03	-6.368548e+00
2.734000e-05	-1.210424e-02	-6.400024e+00
2.735000e-05	-1.520081e-02	-6.388501e+00
2.736000e-05	7.597416e-04	-6.400999e+00
2.737000e-05	3.568939e-04	-6.399476e+00
2.738000e-05	-8.628981e-03	-6.371000e+00
2.739000e-05	-1.407761e-02	-6.379499e+00
2.740000e-05	-1.283930e-03	-6.388501e+00
2.741000e-05	1.706640e-03	-6.390449e+00
2.742000e-05	-9.948062e-03	-6.358500e+00
2.743000e-05	-1.078826e-02	-6.347499e+00
2.744000e-05	-3.541438e-03	-6.357871e+00
2.745000e-05	1.710288e-03	-6.325871e+00
2.746000e-05	-8.610796e-03	-6.326816e+00
2.747000e-05	-1.150109e-02	-6.255817e+00
2.748000e-05	-2.927085e-03	-6.225125e+00
2.749000e-05	-1.108804e-04	-6.191082e+00
2.750000e-05	-7.384970e-03	-6.199924e+00
2.751000e-05	-1.152542e-02	-6.106961e+00
2.752000e-05	-3.215783e-03	-6.093837e+00
2.753000e-05	2.687228e-04	-6.032106e+00
2.754000e-05	-6.741475e-03	-5.990556e+00
2.755000e-05	-1.078740e-02	-5.979975e+00
2.756000e-05	-3.374482e-03	-5.929970e+00
2.757000e-05	-6.136460e-04	-5.936892e+00
2.758000e-05	-6.605622e-03	-5.875187e+00
2.759000e-05	-1.018934e-02	-5.832079e+00
2.760000e-05	-3.724882e-03	-5.760451e+00
2.761000e-05	-8.382351e-04	-5.727821e+00
2.762000e-05	-6.066426e-03	-5.653679e+00
2.763000e-05	-8.895512e-03	-5.612604e+00
2.764000e-05	-4.415142e-03	-5.578975e+00
2.765000e-05	-1.999375e-04	-5.508441e+00
2.766000e-05	-5.610298e-03	-5.475636e+00
2.767000e-05	-8.121817e-03	-5.401396e+00
2.768000e-05	-3.928842e-03	-5.235132e+00
2.769000e-05	-1.771448e-03	-5.191499e+00
2.770000e-05	-5.234643e-03	-5.117917e+00
2.771000e-05	-8.819275e-03	-5.074632e+00
2.772000e-05	-3.602796e-03	-4.961031e+00
2.773000e-05	-9.392865e-04	-4.889684e+00
2.774000e-05	-5.290061e-03	-4.780394e+00
2.775000e-05	-6.783442e-03	-4.666261e+00
2.776000e-05	-4.560149e-03	-4.612529e+00
2.777000e-05	-3.788118e-04	-4.530019e+00
2.778000e-05	-4.302857e-03	-4.468129e+00
2.779000e-05	-8.164195e-03	-4.402002e+00
2.780000e-05	-4.730249e-03	-4.319920e+00
2.781000e-05	-1.856558e-03	-4.286086e+00
2.782000e-05	-3.455484e-03	-4.173472e+00
2.783000e-05	-7.808289e-03	-4.079216e+00
2.784000e-05	-4.680955e-03	-3.994575e+00
2.785000e-05	-1.479929e-03	-3.949944e+00
2.786000e-05	-4.660603e-03	-3.814579e+00
2.787000e-05	-7.961732e-03	-3.636757e+00
2.788000e-05	-4.719209e-03	-3.605025e+00
2.789000e-05	-1.953545e-03	-3.520792e+00
2.790000e-05	-3.098921e-03	-3.425027e+00
2.791000e-05	-7.316707e-03	-3.291370e+00
2.792000e-05	-5.625658e-03	-3.238128e+00
2.793000e-05	-3.012397e-03	-3.152849e+00
2.794000e-05	-2.401917e-03	-3.046527e+00
2.795000e-05	-6.674862e-03	-2.859609e+00
2.796000e-05	-5.505661e-03	-2.794926e+00
2.797000e-05	-1.994326e-03	-2.700287e+00
2.798000e-05	-2.162462e-03	-2.565471e+00
2.799000e-05	-6.444427e-03	-2.430112e+00
2.800000e-05	-5.780711e-03	-2.376493e+00
2.801000e-05	-3.233402e-03	-2.321287e+00
2.802000e-05	-3.093216e-03	-2.113816e+00
2.803000e-05	-5.722921e-03	-2.015978e+00
2.804000e-05	-3.902269e-03	-1.953288e+00
2.805000e-05	-2.477485e-03	-1.788032e+00
2.806000e-05	-1.522860e-03	-1.713238e+00
2.807000e-05	-5.558380e-03	-1.607004e+00
2.808000e-05	-5.235179e-03	-1.472691e+00
2.809000e-05	-4.532038e-03	-1.305240e+00
2.810000e-05	-3.235325e-03	-1.188000e+00
2.811000e-05	-4.789169e-03	-1.052656e+00
2.812000e-05	-4.655727e-03	-1.006895e+00
2.813000e-05	-2.023514e-03	-7.810566e-01
2.814000e-05	-1.450840e-03	-7.653463e-01
2.815000e-05	-3.489108e-03	-6.199540e-01
2.816000e-05	-4.937340e-03	-4.411330e-01
2.817000e-05	-3.242849e-03	-3.973950e-01
2.818000e-05	-3.171711e-03	-2.526580e-01
2.819000e-05	-3.734481e-03	-1.368672e-01
2.820000e-05	-3.032971e-03	-3.163038e-02
2.821000e-05	1.205273e-03	2.310627e-02
2.822000e-05	3.345567e-04	2.067707e-01
2.823000e-05	-5.340113e-04	3.249471e-01
2.824000e-05	-2.764036e-03	4.105536e-01
2.825000e-05	-7.497850e-04	4.942869e-01
2.826000e-05	-6.896101e-04	6.115737e-01
2.827000e-05	-1.939916e-03	7.253406e-01
2.828000e-05	9.190752e-03	7.899987e-01
2.829000e-05	4.387293e-02	9.858910e-01
2.830000e-05	1.289527e-02	1.177445e+00
2.831000e-05	-3.918320e-02	1.303894e+00
2.832000e-05	-1.016205e-01	1.398527e+00
2.833000e-05	1.035769e-02	1.431207e+00
2.834000e-05	1.065197e-01	1.660205e+00
2.835000e-05	-2.778666e-02	1.774974e+00
2.836000e-05	-1.243861e-01	1.808652e+00
2.837000e-05	1.279721e-01	1.913866e+00
2.838000e-05	2.748734e-02	2.060635e+00
2.839000e-05	-6.424890e-02	2.093918e+00
2.840000e-05	3.560033e-02	2.217060e+00
2.841000e-05	-5.638096e-02	2.373422e+00
2.842000e-05	-2.461817e-02	2.417604e+00
2.843000e-05	1.045117e-01	2.513413e+00
2.844000e-05	-4.378251e-03	2.742311e+00
2.845000e-05	-9.990305e-02	2.815078e+00
2.846000e-05	4.468195e-02	2.910735e+00
2.847000e-05	4.024103e-02	2.985525e+00
2.848000e-05	-1.709527e-02	3.109763e+00
2.849000e-05	-5.456802e-02	3.204501e+00
2.850000e-05	-2.731737e-03	3.309309e+00
2.851000e-05	7.164477e-02	3.315022e+00
2.852000e-05	1.603343e-02	3.530390e+00
2.853000e-05	-9.883214e-02	3.625104e+00
2.854000e-05	1.671205e-02	3.658813e+00
2.855000e-05	6.768495e-02	3.783047e+00
2.856000e-05	-4.508318e-02	3.907312e+00
2.857000e-05	-1.467645e-02	3.953525e+00
2.858000e-05	1.015110e-02	4.026155e+00
2.859000e-05	2.317360e-02	4.129815e+00
2.860000e-05	-8.836569e-03	4.306258e+00
2.861000e-05	-1.563090e-02	4.392449e+00
2.862000e-05	-1.451559e-02	4.444154e+00
2.863000e-05	2.444276e-02	4.507392e+00
2.864000e-05	9.602997e-03	4.535098e+00
2.865000e-05	-2.511152e-02	4.677739e+00
2.866000e-05	-4.698764e-04	4.752424e+00
2.867000e-05	1.689663e-02	4.811627e+00
2.868000e-05	1.073512e-03	4.916786e+00
2.869000e-05	-2.404897e-02	5.004254e+00
2.870000e-05	5.366001e-03	5.178890e+00
2.871000e-05	9.069103e-03	5.192052e+00
2.872000e-05	5.324393e-03	5.275708e+00
2.873000e-05	-1.280917e-02	5.327395e+00
2.874000e-05	-6.390788e-03	5.401004e+00
2.875000e-05	1.440036e-02	5.434652e+00
2.876000e-05	2.240606e-04	5.497863e+00
2.877000e-05	-9.915337e-03	5.568446e+00
2.878000e-05	-5.173053e-03	5.620550e+00
2.879000e-05	1.513386e-02	5.624704e+00
2.880000e-05	-3.706686e-04	5.715362e+00
2.881000e-05	-1.143757e-02	5.759645e+00
2.882000e-05	-4.993238e-03	5.891753e+00
2.883000e-05	1.173381e-02	5.936417e+00
2.884000e-05	3.026051e-03	5.966996e+00
2.885000e-05	-1.137985e-02	6.001024e+00
2.886000e-05	-1.784884e-03	6.000126e+00
2.887000e-05	8.044715e-03	6.072176e+00
2.888000e-05	4.039453e-03	6.082833e+00
2.889000e-05	-1.379969e-02	6.095766e+00
2.890000e-05	-1.506742e-03	6.137924e+00
2.891000e-05	7.455766e-03	6.176900e+00
2.892000e-05	2.788649e-03	6.179053e+00
2.893000e-05	-8.404643e-03	6.200602e+00
2.894000e-05	-4.469772e-03	6.242608e+00
2.895000e-05	8.668201e-03	6.242754e+00
2.896000e-05	2.389405e-03	6.243684e+00
2.897000e-05	-5.022308e-03	6.254861e+00
2.898000e-05	-5.568762e-03	6.294815e+00
2.899000e-05	8.230129e-03	6.284362e+00
2.900000e-05	1.345133e-03	6.306840e+00
2.901000e-05	-5.270918e-03	6.334366e+00
2.902000e-05	-4.761528e-03	6.345892e+00
2.903000e-05	4.698200e-03	6.356290e+00
2.904000e-05	4.237354e-03	6.306393e+00
2.905000e-05	-5.253755e-03	6.305392e+00
2.906000e-05	-2.158980e-03	6.356315e+00
2.907000e-05	2.787551e-03	6.325312e+00
2.908000e-05	2.757725e-03	6.304711e+00
2.909000e-05	-5.189926e-03	6.294207e+00
2.910000e-05	-2.343955e-03	6.302211e+00
2.911000e-05	2.040865e-03	6.241083e+00
2.912000e-05	2.483668e-03	6.252077e+00
2.913000e-05	-3.417628e-03	6.211602e+00
2.914000e-05	-3.214192e-03	6.209523e+00
2.915000e-05	3.175413e-03	6.179969e+00
2.916000e-05	3.168171e-04	6.147319e+00
2.917000e-05	-2.732100e-03	6.104336e+00
2.918000e-05	-3.536062e-03	6.053731e+00
2.919000e-05	1.043130e-03	6.071607e+00
2.920000e-05	2.528143e-04	6.009525e+00
2.921000e-05	-2.112616e-03	5.971500e+00
2.922000e-05	-3.710940e-03	5.989445e+00
2.923000e-05	8.651210e-04	5.936365e+00
2.924000e-05	4.799780e-04	5.864181e+00
2.925000e-05	-1.591188e-03	5.767544e+00
2.926000e-05	-1.976027e-03	5.733756e+00
2.927000e-05	-4.401075e-05	5.662605e+00
2.928000e-05	-1.157365e-04	5.601500e+00
2.929000e-05	-4.433223e-03	5.548397e+00
2.930000e-05	-2.972699e-03	5.485285e+00
2.931000e-05	-1.665079e-03	5.422629e+00
2.932000e-05	-7.611086e-04	5.391446e+00
2.933000e-05	-2.726893e-03	5.337362e+00
2.934000e-05	-8.971411e-04	5.232636e+00
2.935000e-05	9.395013e-04	5.189524e+00
2.936000e-05	-1.893999e-04	5.088215e+00
2.937000e-05	-3.664165e-03	4.993122e+00
2.938000e-05	-4.410024e-03	4.865238e+00
2.939000e-05	-2.223986e-03	4.792626e+00
2.940000e-05	-1.093484e-03	4.730369e+00
2.941000e-05	-3.101183e-03	4.635632e+00
2.942000e-05	-1.641556e-03	4.611503e+00
2.943000e-05	-1.713317e-04	4.497394e+00
2.944000e-05	5.113116e-04	4.403677e+00
2.945000e-05	-3.859283e-03	4.342003e+00
2.946000e-05	-4.746935e-03	4.288338e+00
2.947000e-05	-3.325540e-03	4.193495e+00
2.948000e-05	-2.729905e-03	4.037784e+00
2.949000e-05	-3.325035e-03	3.982474e+00
2.950000e-05	-2.564769e-03	3.898887e+00
2.951000e-05	-2.058260e-04	3.804578e+00
2.952000e-05	-6.020341e-04	3.700366e+00
2.953000e-05	-2.793180e-03	3.636127e+00
2.954000e-05	-5.368591e-03	3.561475e+00
2.955000e-05	-2.949589e-03	3.466136e+00
2.956000e-05	-2.672458e-03	3.381863e+00
2.957000e-05	-2.509421e-03	3.194553e+00
2.958000e-05	-4.488746e-03	3.129867e+00
2.959000e-05	-2.182235e-03	3.055555e+00
2.960000e-05	-4.041256e-04	2.922366e+00
2.961000e-05	-2.666926e-03	2.857652e+00
2.962000e-05	-5.028682e-03	2.794944e+00
2.963000e-05	-3.604109e-03	2.647605e+00
2.964000e-05	-2.887593e-03	2.469292e+00
2.965000e-05	-3.469715e-03	2.394923e+00
2.966000e-05	-3.968808e-03	2.270235e+00
2.967000e-05	-2.382016e-03	2.206871e+00
2.968000e-05	-8.330815e-04	2.070707e+00
2.969000e-05	-3.390816e-03	1.995424e+00
2.970000e-05	-4.559495e-03	1.862211e+00
2.971000e-05	-4.743944e-03	1.754844e+00
2.972000e-05	-2.709980e-03	1.679103e+00
2.973000e-05	-3.876720e-03	1.545709e+00
2.974000e-05	-4.437413e-03	1.408474e+00
2.975000e-05	-3.537170e-03	1.281683e+00
2.976000e-05	-1.167841e-03	1.165425e+00
2.977000e-05	-3.228463e-03	1.028051e+00
2.978000e-05	-4.513199e-03	8.801042e-01
2.979000e-05	-4.192196e-03	7.564174e-01
2.980000e-05	-4.252692e-03	6.516304e-01
2.981000e-05	-4.603287e-03	5.243170e-01
2.982000e-05	-4.975685e-03	4.310778e-01
2.983000e-05	-3.935975e-03	3.263184e-01
2.984000e-05	-3.535403e-03	1.585248e-01
2.985000e-05	-2.089169e-03	7.103156e-02
2.986000e-05	-3.371400e-03	-8.218165e-02
2.987000e-05	-8.387118e-04	-1.678999e-01
2.988000e-05	-1.658592e-03	-2.436292e-01
2.989000e-05	-2.820490e-03	-3.583974e-01
2.990000e-05	-3.717376e-03	-4.330567e-01
2.991000e-05	-3.874902e-03	-5.594661e-01
2.992000e-05	-3.234218e-03	-6.853159e-01
2.993000e-05	-1.517253e-03	-8.300013e-01
2.994000e-05	2.617962e-02	-8.837582e-01
2.995000e-05	4.965492e-02	-9.895026e-01
2.996000e-05	-3.691190e-02	-1.251203e+00
2.997000e-05	-7.736833e-02	-1.493187e+00
2.998000e-05	-6.689965e-02	-1.546972e+00
2.999000e-05	1.204100e-01	-1.547399e+00
3.000000e-05	2.577170e-02	-1.629160e+00
3.001000e-05	-1.594039e-01	-1.859083e+00
3.002000e-05	1.123574e-01	-1.881787e+00
3.003000e-05	5.279505e-02	-1.915762e+00
3.004000e-05	-8.687889e-02	-2.132895e+00
3.005000e-05	2.408178e-02	-2.343292e+00
3.006000e-05	7.399199e-03	-2.322795e+00
3.007000e-05	-1.108271e-01	-2.498706e+00
3.008000e-05	8.109840e-02	-2.524949e+00
3.009000e-05	8.921430e-02	-2.628153e+00
3.010000e-05	-1.419446e-01	-2.742897e+00
3.011000e-05	-6.972633e-03	-2.807630e+00
3.012000e-05	1.080859e-01	-2.963867e+00
3.013000e-05	-6.011370e-02	-3.132846e+00
3.014000e-05	-3.963897e-02	-3.205525e+00
3.015000e-05	-1.158614e-02	-3.260210e+00
3.016000e-05	3.632442e-02	-3.426584e+00
3.017000e-05	7.911290e-02	-3.523340e+00
3.018000e-05	-1.305433e-01	-3.572947e+00
3.019000e-05	-1.931613e-02	-3.677708e+00
3.020000e-05	1.137730e-01	-3.776620e+00
3.021000e-05	-5.710565e-02	-3.929321e+00
3.022000e-05	-4.481374e-02	-3.994500e+00
3.023000e-05	3.121741e-02	-4.046237e+00
3.024000e-05	7.892174e-03	-4.203525e+00
3.025000e-05	1.547131e-02	-4.266209e+00
3.026000e-05	-5.354967e-02	-4.310392e+00
3.027000e-05	-1.906419e-02	-4.382026e+00
3.028000e-05	5.619518e-02	-4.446708e+00
3.029000e-05	-2.522792e-02	-4.573047e+00
3.030000e-05	-1.506237e-02	-4.617659e+00
3.031000e-05	-9.482583e-03	-4.699816e+00
3.032000e-05	1.345394e-02	-4.833526e+00
3.033000e-05	1.319316e-02	-4.887814e+00
3.034000e-05	-5.109565e-02	-4.972945e+00
3.035000e-05	7.427578e-03	-5.034179e+00
3.036000e-05	1.542487e-02	-5.118298e+00
3.037000e-05	-2.251330e-03	-5.171025e+00
3.038000e-05	-1.126468e-02	-5.214709e+00
3.039000e-05	-2.650209e-02	-5.339917e+00
3.040000e-05	2.055479e-02	-5.465090e+00
3.041000e-05	6.637035e-03	-5.538867e+00
3.042000e-05	-3.403245e-02	-5.581477e+00
3.043000e-05	-3.562071e-03	-5.622081e+00
3.044000e-05	8.431538e-03	-5.694811e+00
3.045000e-05	7.277829e-03	-5.688866e+00
3.046000e-05	-2.032997e-02	-5.781048e+00
3.047000e-05	-2.143316e-02	-5.823103e+00
3.048000e-05	2.037779e-02	-5.894236e+00
3.049000e-05	-3.778652e-03	-5.898870e+00
3.050000e-05	-1.616330e-02	-5.948946e+00
3.051000e-05	-1.429834e-02	-5.981025e+00
3.052000e-05	7.494263e-03	-6.022003e+00
3.053000e-05	8.507691e-03	-6.053705e+00
3.054000e-05	-2.478131e-02	-6.044732e+00
3.055000e-05	-9.307900e-03	-6.147861e+00
3.056000e-05	5.041765e-03	-6.180449e+00
3.057000e-05	2.165888e-03	-6.169051e+00
3.058000e-05	-1.583182e-02	-6.234031e+00
3.059000e-05	-1.556472e-02	-6.237262e+00
3.060000e-05	5.882631e-03	-6.286467e+00
3.061000e-05	1.058467e-03	-6.346974e+00
3.062000e-05	-1.530365e-02	-6.326948e+00
3.063000e-05	-1.253803e-02	-6.348471e+00
3.064000e-05	2.366519e-03	-6.338471e+00
3.065000e-05	2.763278e-03	-6.369926e+00
3.066000e-05	-1.371717e-02	-6.338525e+00
3.067000e-05	-1.404991e-02	-6.379524e+00
3.068000e-05	2.303904e-03	-6.380025e+00
3.069000e-05	8.014958e-04	-6.389026e+00
3.070000e-05	-9.508650e-03	-6.369503e+00
3.071000e-05	-1.331292e-02	-6.379021e+00
3.072000e-05	-2.236521e-04	-6.379500e+00
3.073000e-05	1.870782e-03	-6.358975e+00
3.074000e-05	-1.085810e-02	-6.349499e+00
3.075000e-05	-1.174462e-02	-6.348448e+00
3.076000e-05	-2.517687e-03	-6.346946e+00
3.077000e-05	1.447620e-03	-6.276893e+00
3.078000e-05	-9.103882e-03	-6.297438e+00
3.079000e-05	-1.223243e-02	-6.264808e+00
3.080000e-05	-1.795442e-03	-6.203680e+00
3.081000e-05	9.865315e-04	-6.201154e+00
3.082000e-05	-7.859980e-03	-6.149448e+00
3.083000e-05	-1.166661e-02	-6.086368e+00
3.084000e-05	-3.254274e-03	-6.076109e+00
3.085000e-05	1.146809e-04	-6.012130e+00
3.086000e-05	-6.384008e-03	-5.990551e+00
3.087000e-05	-9.488115e-03	-5.968949e+00
3.088000e-05	-2.864634e-03	-5.948949e+00
3.089000e-05	-1.602329e-04	-5.945790e+00
3.090000e-05	-6.874197e-03	-5.854209e+00
3.091000e-05	-1.035093e-02	-5.791028e+00
3.092000e-05	-3.604210e-03	-5.780021e+00
3.093000e-05	2.900768e-04	-5.633816e+00
3.094000e-05	-6.220322e-03	-5.683161e+00
3.095000e-05	-9.208981e-03	-5.602600e+00
3.096000e-05	-4.283947e-03	-5.570999e+00
3.097000e-05	-3.844424e-04	-5.567895e+00
3.098000e-05	-5.708755e-03	-5.393283e+00
3.099000e-05	-8.358981e-03	-5.377844e+00
3.100000e-05	-4.513343e-03	-5.233603e+00
3.101000e-05	-1.433155e-03	-5.161023e+00
3.102000e-05	-4.294821e-03	-5.136844e+00
3.103000e-05	-8.138433e-03	-5.033605e+00
3.104000e-05	-5.479850e-03	-4.980419e+00
3.105000e-05	-9.221189e-04	-4.857328e+00
3.106000e-05	-4.280384e-03	-4.761002e+00
3.107000e-05	-6.447707e-03	-4.646211e+00
3.108000e-05	-5.256900e-03	-4.585503e+00
3.109000e-05	-2.182494e-03	-4.538289e+00
3.110000e-05	-5.019951e-03	-4.445162e+00
3.111000e-05	-6.357282e-03	-4.391999e+00
3.112000e-05	-5.704179e-03	-4.338792e+00
3.113000e-05	-2.157656e-03	-4.236185e+00
3.114000e-05	-4.658928e-03	-4.151471e+00
3.115000e-05	-5.709108e-03	-4.067161e+00
3.116000e-05	-5.572673e-03	-4.003075e+00
3.117000e-05	-2.456278e-03	-3.931395e+00
3.118000e-05	-3.705644e-03	-3.766478e+00
3.119000e-05	-5.851495e-03	-3.637158e+00
3.120000e-05	-5.422997e-03	-3.575025e+00
3.121000e-05	-3.854225e-03	-3.517863e+00
3.122000e-05	-4.062872e-03	-3.384577e+00
3.123000e-05	-4.712641e-03	-3.269686e+00
3.124000e-05	-5.659691e-03	-3.226080e+00
3.125000e-05	-3.279801e-03	-3.151793e+00
3.126000e-05	-2.755326e-03	-3.007000e+00
3.127000e-05	-5.207344e-03	-2.846730e+00
3.128000e-05	-5.763426e-03	-2.754450e+00
3.129000e-05	-3.418108e-03	-2.668712e+00
3.130000e-05	-2.913249e-03	-2.594451e+00
3.131000e-05	-5.667490e-03	-2.440154e+00
3.132000e-05	-4.939374e-03	-2.394900e+00
3.133000e-05	-4.744233e-03	-2.220738e+00
3.134000e-05	-3.904169e-03	-2.092740e+00
3.135000e-05	-5.604238e-03	-2.005575e+00
3.136000e-05	-4.395940e-03	-1.891761e+00
3.137000e-05	-3.180212e-03	-1.807426e+00
3.138000e-05	-2.129270e-03	-1.652711e+00
3.139000e-05	-4.074783e-03	-1.606851e+00
3.140000e-05	-3.294391e-03	-1.452185e+00
3.141000e-05	-4.432786e-03	-1.301762e+00
3.142000e-05	-4.365294e-03	-1.147396e+00
3.143000e-05	-5.666029e-03	-1.031658e+00
3.144000e-05	-5.177506e-03	-9.648720e-01
3.145000e-05	-2.071530e-03	-8.086803e-01
3.146000e-05	-2.036531e-03	-7.568670e-01
3.147000e-05	-3.215886e-03	-5.979189e-01
3.148000e-05	-3.360553e-03	-4.516554e-01
3.149000e-05	-2.896048e-03	-3.668448e-01
3.150000e-05	-4.566714e-03	-2.615543e-01
3.151000e-05	-2.413711e-03	-1.468234e-01
3.152000e-05	-2.681188e-03	-4.100394e-02
3.153000e-05	1.849651e-03	4.210772e-02
3.154000e-05	-1.125248e-03	1.910973e-01
3.155000e-05	-4.131633e-04	3.449145e-01
3.156000e-05	-9.785126e-04	4.210525e-01
3.157000e-05	-5.251069e-04	4.837932e-01
3.158000e-05	-1.946440e-03	5.985275e-01
3.159000e-05	-7.252592e-04	7.348721e-01
3.160000e-05	1.217104e-02	8.100012e-01
3.161000e-05	4.654345e-02	9.673949e-01
3.162000e-05	3.419648e-03	1.178472e+00
3.163000e-05	-4.311554e-02	1.344915e+00
3.164000e-05	-1.052171e-01	1.428052e+00
3.165000e-05	3.905910e-02	1.504334e+00
3.166000e-05	9.331396e-02	1.659628e+00
3.167000e-05	-5.243732e-02	1.776476e+00
3.168000e-05	-9.246062e-02	1.808630e+00
3.169000e-05	1.241063e-01	1.944842e+00
3.170000e-05	2.091081e-02	2.092261e+00
3.171000e-05	-6.831576e-02	2.122320e+00
3.172000e-05	4.301467e-02	2.228154e+00
3.173000e-05	-6.958386e-02	2.383972e+00
3.174000e-05	-9.930000e-03	2.418680e+00
3.175000e-05	1.110825e-01	2.592363e+00
3.176000e-05	-3.134028e-02	2.741791e+00
3.177000e-05	-9.109202e-02	2.845629e+00
3.178000e-05	6.014133e-02	2.902238e+00
3.179000e-05	2.914000e-02	3.005028e+00
3.180000e-05	-2.408605e-02	3.120289e+00
3.181000e-05	-5.222575e-02	3.175524e+00
3.182000e-05	6.033127e-03	3.302289e+00
3.183000e-05	8.034928e-02	3.352994e+00
3.184000e-05	-1.020084e-02	3.539367e+00
3.185000e-05	-8.898149e-02	3.636530e+00
3.186000e-05	3.096303e-02	3.737337e+00
3.187000e-05	5.707253e-02	3.772526e+00
3.188000e-05	-5.275304e-02	3.910291e+00
3.189000e-05	-5.726759e-03	3.972000e+00
3.190000e-05	1.362194e-02	4.005155e+00
3.191000e-05	1.854419e-02	4.149466e+00
3.192000e-05	-7.871805e-03	4.266262e+00
3.193000e-05	-2.133347e-02	4.422501e+00
3.194000e-05	-5.945830e-03	4.463234e+00
3.195000e-05	2.076081e-02	4.510315e+00
3.196000e-05	6.764643e-03	4.623081e+00
3.197000e-05	-2.759690e-02	4.707410e+00
3.198000e-05	7.344298e-03	4.750949e+00
3.199000e-05	1.600106e-02	4.813080e+00
3.200000e-05	-4.742874e-03	4.856839e+00
3.201000e-05	-1.967215e-02	5.013283e+00
3.202000e-05	6.465899e-03	5.138445e+00
3.203000e-05	1.091400e-02	5.192675e+00
3.204000e-05	1.997558e-05	5.277287e+00
3.205000e-05	-1.153718e-02	5.348921e+00
3.206000e-05	-4.980942e-03	5.403050e+00
3.207000e-05	1.614719e-02	5.413181e+00
3.208000e-05	-4.774938e-03	5.536816e+00
3.209000e-05	-8.836932e-03	5.582472e+00
3.210000e-05	-2.101182e-03	5.601504e+00
3.211000e-05	1.599537e-02	5.656158e+00
3.212000e-05	-3.505208e-03	5.736790e+00
3.213000e-05	-1.433663e-02	5.782023e+00
3.214000e-05	-9.215174e-04	5.883211e+00
3.215000e-05	1.061644e-02	5.966396e+00
3.216000e-05	2.760128e-03	5.969446e+00
3.217000e-05	-1.234747e-02	6.010028e+00
3.218000e-05	3.566448e-03	6.001053e+00
3.219000e-05	9.528773e-03	6.043706e+00
3.220000e-05	4.482590e-04	6.085262e+00
3.221000e-05	-1.362290e-02	6.107942e+00
3.222000e-05	-5.425887e-04	6.168898e+00
3.223000e-05	8.717492e-03	6.188971e+00
3.224000e-05	-3.507514e-05	6.218501e+00
3.225000e-05	-8.017269e-03	6.221105e+00
3.226000e-05	-1.870191e-03	6.233578e+00
3.227000e-05	9.934269e-03	6.271606e+00
3.228000e-05	-4.395864e-04	6.255282e+00
3.229000e-05	-7.786047e-03	6.266767e+00
3.230000e-05	-3.547613e-03	6.294308e+00
3.231000e-05	8.068831e-03	6.354865e+00
3.232000e-05	7.259754e-04	6.315812e+00
3.233000e-05	-6.841132e-03	6.335867e+00
3.234000e-05	-2.570695e-03	6.316966e+00
3.235000e-05	5.240648e-03	6.345368e+00
3.236000e-05	1.951113e-03	6.296390e+00
3.237000e-05	-6.695772e-03	6.325240e+00
3.238000e-05	-1.424852e-03	6.293840e+00
3.239000e-05	3.035306e-03	6.325239e+00
3.240000e-05	2.920869e-03	6.325837e+00
3.241000e-05	-6.851837e-03	6.234337e+00
3.242000e-05	-1.394852e-03	6.282231e+00
3.243000e-05	2.367234e-03	6.243657e+00
3.244000e-05	4.038121e-03	6.202074e+00
3.245000e-05	-5.232889e-03	6.201550e+00
3.246000e-05	-3.183113e-03	6.179499e+00
3.247000e-05	2.414340e-03	6.187446e+00
3.248000e-05	1.987177e-03	6.126368e+00
3.249000e-05	-4.861542e-03	6.074762e+00
3.250000e-05	-3.337699e-03	6.082158e+00
3.251000e-05	2.200174e-03	6.042604e+00
3.252000e-05	2.776081e-03	5.990604e+00
3.253000e-05	-3.564988e-03	5.980525e+00
3.254000e-05	-4.186325e-03	5.988995e+00
3.255000e-05	1.415297e-03	5.907387e+00
3.256000e-05	1.019288e-03	5.824603e+00
3.257000e-05	-3.941292e-03	5.746971e+00
3.258000e-05	-4.671964e-03	5.695756e+00
3.259000e-05	8.622846e-04	5.650652e+00
3.260000e-05	1.254740e-03	5.561998e+00
3.261000e-05	-3.361470e-03	5.558946e+00
3.262000e-05	-2.808971e-03	5.485210e+00
3.263000e-05	3.108659e-04	5.433153e+00
3.264000e-05	5.441816e-04	5.410024e+00
3.265000e-05	-5.765983e-03	5.316866e+00
3.266000e-05	-2.309889e-03	5.273229e+00
3.267000e-05	-5.484257e-04	5.161529e+00
3.268000e-05	1.759295e-03	5.128258e+00
3.269000e-05	-3.893105e-03	4.953496e+00
3.270000e-05	-2.536266e-03	4.886134e+00
3.271000e-05	-1.241172e-03	4.782525e+00
3.272000e-05	3.021544e-04	4.759394e+00
3.273000e-05	-4.580792e-03	4.654733e+00
3.274000e-05	-3.255466e-03	4.591504e+00
3.275000e-05	-1.214270e-03	4.507832e+00
3.276000e-05	6.522480e-04	4.403679e+00
3.277000e-05	-3.543430e-03	4.361948e+00
3.278000e-05	-3.719255e-03	4.288242e+00
3.279000e-05	9.806919e-05	4.172269e+00
3.280000e-05	-1.792321e-03	4.025658e+00
3.281000e-05	-3.579965e-03	3.981975e+00
3.282000e-05	-5.105264e-03	3.896811e+00
3.283000e-05	-1.389277e-04	3.773123e+00
3.284000e-05	-1.932825e-03	3.709793e+00
3.285000e-05	-1.561506e-03	3.614578e+00
3.286000e-05	-3.872853e-03	3.532969e+00
3.287000e-05	-8.515533e-04	3.445703e+00
3.288000e-05	-1.978005e-03	3.319260e+00
3.289000e-05	-3.428986e-03	3.215000e+00
3.290000e-05	-4.277123e-03	3.101845e+00
3.291000e-05	-2.335884e-03	3.004601e+00
3.292000e-05	-1.813308e-03	2.931390e+00
3.293000e-05	-2.625511e-03	2.817108e+00
3.294000e-05	-3.514195e-03	2.741867e+00
3.295000e-05	-2.542678e-03	2.607203e+00
3.296000e-05	-1.546749e-03	2.459710e+00
3.297000e-05	-4.141754e-03	2.393446e+00
3.298000e-05	-4.551875e-03	2.238732e+00
3.299000e-05	-3.124547e-03	2.123446e+00
3.300000e-05	-2.040002e-03	2.048732e+00
3.301000e-05	-4.119427e-03	1.985000e+00
3.302000e-05	-4.245099e-03	1.869111e+00
3.303000e-05	-2.682819e-03	1.763897e+00
3.304000e-05	-1.697710e-03	1.608576e+00
3.305000e-05	-4.918650e-03	1.470861e+00
3.306000e-05	-4.670624e-03	1.385949e+00
3.307000e-05	-4.102280e-03	1.281657e+00
3.308000e-05	-4.167108e-03	1.153820e+00
3.309000e-05	-3.802932e-03	1.007501e+00
3.310000e-05	-3.871850e-03	8.596803e-01
3.311000e-05	-2.362238e-03	7.362409e-01
3.312000e-05	-3.389405e-03	6.206027e-01
3.313000e-05	-4.581076e-03	5.032884e-01
3.314000e-05	-4.584245e-03	3.990239e-01
3.315000e-05	-5.159913e-03	3.238181e-01
3.316000e-05	-5.466257e-03	1.268959e-01
3.317000e-05	-3.822017e-03	4.195270e-02
3.318000e-05	-1.734915e-03	-6.310915e-02
3.319000e-05	4.815952e-04	-1.595013e-01
3.320000e-05	-1.079426e-03	-2.826830e-01
3.321000e-05	-3.131484e-03	-3.989487e-01
3.322000e-05	-3.999998e-03	-3.921340e-01
3.323000e-05	-4.362120e-03	-6.189235e-01
3.324000e-05	-4.595432e-03	-7.647984e-01
3.325000e-05	-5.722202e-04	-8.400776e-01
3.326000e-05	3.410916e-02	-8.927682e-01
3.327000e-05	4.158380e-02	-1.060608e+00
3.328000e-05	-3.986885e-02	-1.280685e+00
3.329000e-05	-9.169904e-02	-1.511812e+00
3.330000e-05	-3.059234e-02	-1.586499e+00
3.331000e-05	1.123398e-01	-1.585996e+00
3.332000e-05	5.749522e-03	-1.660707e+00
3.333000e-05	-1.506301e-01	-1.869108e+00
3.334000e-05	1.334880e-01	-1.871738e+00
3.335000e-05	3.685956e-02	-1.914237e+00
3.336000e-05	-1.010502e-01	-2.194896e+00
3.337000e-05	4.978259e-02	-2.292342e+00
3.338000e-05	-1.589144e-02	-2.314944e+00
3.339000e-05	-1.120448e-01	-2.470688e+00
3.340000e-05	1.168540e-01	-2.585024e+00
3.341000e-05	5.147980e-02	-2.648658e+00
3.342000e-05	-1.481624e-01	-2.764421e+00
3.343000e-05	3.094873e-02	-2.827256e+00
3.344000e-05	8.482948e-02	-2.975499e+00
3.345000e-05	-6.716723e-02	-3.161399e+00
3.346000e-05	-3.503631e-02	-3.185525e+00
3.347000e-05	-7.932059e-03	-3.299787e+00
3.348000e-05	4.906205e-02	-3.437661e+00
3.349000e-05	6.051367e-02	-3.511391e+00
3.350000e-05	-1.428356e-01	-3.573921e+00
3.351000e-05	1.369430e-02	-3.699289e+00
3.352000e-05	1.038900e-01	-3.764005e+00
3.353000e-05	-7.775549e-02	-3.951820e+00
3.354000e-05	-2.652225e-02	-3.993552e+00
3.355000e-05	2.738670e-02	-4.049212e+00
3.356000e-05	1.286907e-02	-4.173527e+00
3.357000e-05	8.178228e-03	-4.249262e+00
3.358000e-05	-5.895162e-02	-4.329844e+00
3.359000e-05	-2.993363e-03	-4.404029e+00
3.360000e-05	4.906365e-02	-4.428183e+00
3.361000e-05	-3.098524e-02	-4.571029e+00
3.362000e-05	-1.194161e-02	-4.694683e+00
3.363000e-05	-8.620922e-03	-4.719796e+00
3.364000e-05	1.786780e-02	-4.814698e+00
3.365000e-05	4.552589e-03	-4.886371e+00
3.366000e-05	-5.058467e-02	-5.003048e+00
3.367000e-05	1.633686e-02	-5.055157e+00
3.368000e-05	1.057817e-02	-5.117842e+00
3.369000e-05	-4.179234e-03	-5.191573e+00
3.370000e-05	-1.498112e-02	-5.254278e+00
3.371000e-05	-2.478799e-02	-5.298997e+00
3.372000e-05	2.561579e-02	-5.445213e+00
3.373000e-05	-2.944710e-03	-5.539948e+00
3.374000e-05	-2.960819e-02	-5.611528e+00
3.375000e-05	-1.502021e-03	-5.623129e+00
3.376000e-05	8.353980e-03	-5.655239e+00
3.377000e-05	5.304731e-03	-5.738945e+00
3.378000e-05	-2.550239e-02	-5.780553e+00
3.379000e-05	-1.509039e-02	-5.842127e+00
3.380000e-05	1.987568e-02	-5.895209e+00
3.381000e-05	-6.963846e-03	-5.908845e+00
3.382000e-05	-1.644655e-02	-5.959447e+00
3.383000e-05	-1.117551e-02	-5.981525e+00
3.384000e-05	8.139684e-03	-6.030525e+00
3.385000e-05	3.256901e-03	-6.041579e+00
3.386000e-05	-2.674301e-02	-6.047286e+00
3.387000e-05	-5.082666e-03	-6.117815e+00
3.388000e-05	5.949417e-03	-6.180098e+00
3.389000e-05	-3.960326e-04	-6.212504e+00
3.390000e-05	-1.706078e-02	-6.194631e+00
3.391000e-05	-1.339596e-02	-6.295762e+00
3.392000e-05	9.193465e-03	-6.295819e+00
3.393000e-05	-2.831161e-03	-6.347473e+00
3.394000e-05	-1.561278e-02	-6.367421e+00
3.395000e-05	-9.639693e-03	-6.318470e+00
3.396000e-05	4.024713e-03	-6.388949e+00
3.397000e-05	1.473456e-03	-6.379003e+00
3.398000e-05	-1.596589e-02	-6.368999e+00
3.399000e-05	-1.036311e-02	-6.369577e+00
3.400000e-05	3.281776e-03	-6.379025e+00
3.401000e-05	-2.181578e-03	-6.388500e+00
3.402000e-05	-1.229396e-02	-6.350050e+00
3.403000e-05	-1.136838e-02	-6.370525e+00
3.404000e-05	1.419877e-03	-6.369450e+00
3.405000e-05	-5.588134e-04	-6.360050e+00
3.406000e-05	-1.301485e-02	-6.389499e+00
3.407000e-05	-9.632168e-03	-6.368521e+00
3.408000e-05	-9.442860e-04	-6.297421e+00
3.409000e-05	5.048692e-04	-6.367946e+00
3.410000e-05	-1.036818e-02	-6.306321e+00
3.411000e-05	-1.030392e-02	-6.264662e+00
3.412000e-05	-5.025854e-04	-6.213209e+00
3.413000e-05	-2.077697e-03	-6.202079e+00
3.414000e-05	-8.188626e-03	-6.108298e+00
3.415000e-05	-1.070849e-02	-6.076942e+00
3.416000e-05	-6.682884e-04	-6.043157e+00
3.417000e-05	-2.902313e-04	-6.022102e+00
3.418000e-05	-8.173442e-03	-5.981025e+00
3.419000e-05	-8.890553e-03	-5.960025e+00
3.420000e-05	-2.730598e-03	-5.959450e+00
3.421000e-05	-1.332641e-04	-5.906343e+00
3.422000e-05	-8.102350e-03	-5.872157e+00
3.423000e-05	-9.176897e-03	-5.792629e+00
3.424000e-05	-1.808299e-03	-5.749969e+00
3.425000e-05	-2.080404e-03	-5.695242e+00
3.426000e-05	-6.741426e-03	-5.645159e+00
3.427000e-05	-9.000252e-03	-5.602100e+00
3.428000e-05	-1.945516e-03	-5.549998e+00
3.429000e-05	-1.013303e-03	-5.515836e+00
3.430000e-05	-5.668382e-03	-5.481608e+00
3.431000e-05	-8.715921e-03	-5.308938e+00
3.432000e-05	-2.537564e-03	-5.222554e+00
3.433000e-05	-2.153559e-03	-5.171048e+00
3.434000e-05	-6.409689e-03	-5.076290e+00
3.435000e-05	-9.808203e-03	-5.004080e+00
3.436000e-05	-3.969128e-03	-4.940865e+00
3.437000e-05	-7.241076e-04	-4.867632e+00
3.438000e-05	-5.341406e-03	-4.728821e+00
3.439000e-05	-7.385957e-03	-4.605682e+00
3.440000e-05	-4.953051e-03	-4.602001e+00
3.441000e-05	-9.665680e-04	-4.490870e+00
3.442000e-05	-6.738440e-03	-4.415554e+00
3.443000e-05	-7.659946e-03	-4.392999e+00
3.444000e-05	-5.541104e-03	-4.309819e+00
3.445000e-05	-1.023028e-03	-4.224603e+00
3.446000e-05	-4.682456e-03	-4.162450e+00
3.447000e-05	-6.438108e-03	-4.067777e+00
3.448000e-05	-4.888878e-03	-4.002976e+00
3.449000e-05	-2.099205e-03	-3.911418e+00
3.450000e-05	-5.755201e-03	-3.714995e+00
3.451000e-05	-6.957728e-03	-3.627109e+00
3.452000e-05	-4.669268e-03	-3.561449e+00
3.453000e-05	-1.589484e-03	-3.468233e+00
3.454000e-05	-4.337047e-03	-3.376599e+00
3.455000e-05	-5.883884e-03	-3.287763e+00
3.456000e-05	-4.865120e-03	-3.205105e+00
3.457000e-05	-2.289492e-03	-3.170790e+00
3.458000e-05	-3.991563e-03	-2.984399e+00
3.459000e-05	-6.349079e-03	-2.817627e+00
3.460000e-05	-5.188106e-03	-2.783399e+00
3.461000e-05	-2.155475e-03	-2.638162e+00
3.462000e-05	-3.170730e-03	-2.583841e+00
3.463000e-05	-5.340121e-03	-2.438078e+00
3.464000e-05	-4.440518e-03	-2.334870e+00
3.465000e-05	-3.535128e-03	-2.310227e+00
3.466000e-05	-3.983696e-03	-2.101716e+00
3.467000e-05	-5.847587e-03	-1.954445e+00
3.468000e-05	-4.583368e-03	-1.882186e+00
3.469000e-05	-2.486128e-03	-1.804971e+00
3.470000e-05	-2.792428e-03	-1.651631e+00
3.471000e-05	-4.235092e-03	-1.585475e+00
3.472000e-05	-3.707778e-03	-1.451731e+00
3.473000e-05	-3.221284e-03	-1.291737e+00
3.474000e-05	-3.372009e-03	-1.145295e+00
3.475000e-05	-5.272584e-03	-1.010133e+00
3.476000e-05	-4.459626e-03	-9.552621e-01
3.477000e-05	-2.755560e-03	-7.900288e-01
3.478000e-05	-2.844974e-03	-7.242673e-01
3.479000e-05	-3.137518e-03	-5.578690e-01
3.480000e-05	-3.996921e-03	-4.110779e-01
3.481000e-05	-3.253425e-03	-3.257923e-01
3.482000e-05	-3.371283e-03	-2.320529e-01
3.483000e-05	-2.899694e-03	-1.357645e-01
3.484000e-05	-1.978234e-03	-1.105388e-02
3.485000e-05	1.262091e-03	5.228265e-02
3.486000e-05	-8.179787e-04	1.494762e-01
3.487000e-05	-3.155059e-04	3.579411e-01
3.488000e-05	-1.696072e-03	4.205788e-01
3.489000e-05	-7.410946e-04	5.448646e-01
3.490000e-05	-2.371980e-03	6.227064e-01
3.491000e-05	-1.506858e-04	7.374199e-01
3.492000e-05	1.603499e-02	7.901277e-01
3.493000e-05	4.644368e-02	9.789513e-01
3.494000e-05	-4.962903e-03	1.240656e+00
3.495000e-05	-4.926812e-02	1.363819e+00
3.496000e-05	-1.023598e-01	1.439105e+00
3.497000e-05	6.492746e-02	1.512262e+00
3.498000e-05	7.819528e-02	1.721556e+00
3.499000e-05	-8.066805e-02	1.786600e+00
3.500000e-05	-5.274468e-02	1.860708e+00
3.501000e-05	1.134204e-01	1.984994e+00
3.502000e-05	1.044884e-02	2.102185e+00
3.503000e-05	-6.550706e-02	2.164445e+00
3.504000e-05	4.118428e-02	2.259153e+00
3.505000e-05	-7.344745e-02	2.375424e+00
3.506000e-05	6.196685e-03	2.459107e+00
3.507000e-05	1.091486e-01	2.594421e+00
3.508000e-05	-5.311897e-02	2.722888e+00
3.509000e-05	-7.736753e-02	2.797153e+00
3.510000e-05	7.029704e-02	2.900444e+00
3.511000e-05	1.830147e-02	3.026078e+00
3.512000e-05	-2.927400e-02	3.100787e+00
3.513000e-05	-4.769855e-02	3.216577e+00
3.514000e-05	1.409642e-02	3.338916e+00
3.515000e-05	8.539551e-02	3.416150e+00
3.516000e-05	-3.441156e-02	3.561415e+00
3.517000e-05	-7.780530e-02	3.627559e+00
3.518000e-05	4.426096e-02	3.689865e+00
3.519000e-05	4.464570e-02	3.816077e+00
3.520000e-05	-5.524927e-02	3.939391e+00
3.521000e-05	-1.200620e-03	4.005075e+00
3.522000e-05	1.805062e-02	4.035133e+00
3.523000e-05	1.362226e-02	4.173046e+00
3.524000e-05	-7.495469e-03	4.297815e+00
3.525000e-05	-2.546622e-02	4.374499e+00
3.526000e-05	3.354529e-03	4.465730e+00
3.527000e-05	1.916401e-02	4.540417e+00
3.528000e-05	2.700385e-03	4.623104e+00
3.529000e-05	-2.867313e-02	4.716339e+00
3.530000e-05	1.334348e-02	4.762499e+00
3.531000e-05	1.460092e-02	4.814655e+00
3.532000e-05	-1.016845e-02	4.909841e+00
3.533000e-05	-1.572696e-02	5.035809e+00
3.534000e-05	7.122312e-03	5.160424e+00
3.535000e-05	1.323417e-02	5.202128e+00
3.536000e-05	-4.626826e-03	5.248259e+00
3.537000e-05	-1.205663e-02	5.330921e+00
3.538000e-05	-2.990969e-03	5.393228e+00
3.539000e-05	1.780755e-02	5.485704e+00
3.540000e-05	-7.800105e-03	5.578921e+00
3.541000e-05	-1.045606e-02	5.600976e+00
3.542000e-05	1.284655e-03	5.632526e+00
3.543000e-05	1.590878e-02	5.654757e+00
3.544000e-05	-4.987702e-03	5.657839e+00
3.545000e-05	-1.523497e-02	5.801545e+00
3.546000e-05	3.985740e-03	5.874759e+00
3.547000e-05	1.066669e-02	5.957396e+00
3.548000e-05	-4.605056e-04	5.948967e+00
3.549000e-05	-1.429935e-02	5.990051e+00
3.550000e-05	4.052473e-03	6.022529e+00
3.551000e-05	1.113941e-02	6.041632e+00
3.552000e-05	-2.208679e-03	6.065763e+00
3.553000e-05	-1.339185e-02	6.125890e+00
3.554000e-05	1.097000e-03	6.168496e+00
3.555000e-05	1.105210e-02	6.188448e+00
3.556000e-05	-2.208782e-03	6.209999e+00
3.557000e-05	-9.017215e-03	6.191577e+00
3.558000e-05	-1.657620e-04	6.232182e+00
3.559000e-05	9.959042e-03	6.263107e+00
3.560000e-05	-1.742178e-03	6.273235e+00
3.561000e-05	-8.444671e-03	6.264859e+00
3.562000e-05	6.311349e-04	6.315816e+00
3.563000e-05	9.420338e-03	6.304891e+00
3.564000e-05	-1.456883e-03	6.294887e+00
3.565000e-05	-9.776722e-03	6.335817e+00
3.566000e-05	-6.710983e-04	6.337892e+00
3.567000e-05	5.412699e-03	6.325889e+00
3.568000e-05	-6.049881e-05	6.295823e+00
3.569000e-05	-8.696836e-03	6.316391e+00
3.570000e-05	1.183593e-03	6.325295e+00
3.571000e-05	6.611780e-03	6.324311e+00
3.572000e-05	4.967934e-04	6.295338e+00
3.573000e-05	-8.306155e-03	6.242785e+00
3.574000e-05	-1.901102e-03	6.223606e+00
3.575000e-05	5.473983e-03	6.232679e+00
3.576000e-05	-5.509258e-04	6.202108e+00
3.577000e-05	-6.778365e-03	6.209074e+00
3.578000e-05	-1.863031e-03	6.200023e+00
3.579000e-05	6.870811e-03	6.177020e+00
3.580000e-05	-1.302217e-04	6.096866e+00
3.581000e-05	-6.497461e-03	6.083156e+00
3.582000e-05	-2.626294e-03	6.051606e+00
3.583000e-05	3.769305e-03	6.061651e+00
3.584000e-05	2.125307e-04	6.010050e+00
3.585000e-05	-7.023028e-03	5.999446e+00
3.586000e-05	-2.585974e-03	5.977967e+00
3.587000e-05	4.149208e-03	5.916341e+00
3.588000e-05	1.254380e-03	5.843700e+00
3.589000e-05	-4.962269e-03	5.717967e+00
3.590000e-05	-2.582889e-03	5.684657e+00
3.591000e-05	1.861132e-03	5.613078e+00
3.592000e-05	2.222534e-04	5.591024e+00
3.593000e-05	-5.014916e-03	5.557396e+00
3.594000e-05	-3.200330e-03	5.464738e+00
3.595000e-05	2.253476e-03	5.462127e+00
3.596000e-05	5.926869e-04	5.359995e+00
3.597000e-05	-4.935767e-03	5.306289e+00
3.598000e-05	-3.415958e-03	5.263155e+00
3.599000e-05	9.253398e-04	5.199473e+00
3.600000e-05	8.952621e-04	5.127261e+00
3.601000e-05	-4.683641e-03	4.982047e+00
3.602000e-05	-3.568302e-03	4.864705e+00
3.603000e-05	-4.775416e-04	4.821975e+00
3.604000e-05	1.601756e-03	4.730468e+00
3.605000e-05	-4.784294e-03	4.664084e+00
3.606000e-05	-2.650298e-03	4.559469e+00
3.607000e-05	-1.158333e-03	4.465338e+00
3.608000e-05	5.869006e-04	4.413103e+00
3.609000e-05	-3.907666e-03	4.351548e+00
3.610000e-05	-4.493804e-03	4.257812e+00
3.611000e-05	-3.131418e-04	4.160443e+00
3.612000e-05	4.890244e-05	4.035178e+00
3.613000e-05	-3.418425e-03	3.963396e+00
3.614000e-05	-5.187362e-03	3.897712e+00
3.615000e-05	-1.097396e-03	3.782998e+00
3.616000e-05	-4.671525e-04	3.710313e+00
3.617000e-05	-3.337539e-03	3.614053e+00
3.618000e-05	-4.366580e-03	3.552394e+00
3.619000e-05	-8.033218e-04	3.456178e+00
3.620000e-05	-9.040001e-04	3.266238e+00
3.621000e-05	-3.112644e-03	3.206000e+00
3.622000e-05	-4.901258e-03	3.089163e+00
3.623000e-05	-2.108471e-03	2.995529e+00
3.624000e-05	-1.191129e-03	2.899789e+00
3.625000e-05	-3.085810e-03	2.815600e+00
3.626000e-05	-4.253581e-03	2.731390e+00
3.627000e-05	-1.607824e-03	2.585599e+00
3.628000e-05	-2.201631e-03	2.459581e+00
3.629000e-05	-4.132644e-03	2.373945e+00
3.630000e-05	-3.980455e-03	2.218707e+00
3.631000e-05	-2.951990e-03	2.142344e+00
3.632000e-05	-1.942009e-03	2.028658e+00
3.633000e-05	-4.850453e-03	1.993871e+00
3.634000e-05	-4.342987e-03	1.872784e+00
3.635000e-05	-3.216212e-03	1.670762e+00
3.636000e-05	-3.172004e-03	1.578000e+00
3.637000e-05	-4.354833e-03	1.502261e+00
3.638000e-05	-4.402821e-03	1.366449e+00
3.639000e-05	-3.199216e-03	1.250529e+00
3.640000e-05	-3.742211e-03	1.114792e+00
3.641000e-05	-3.982133e-03	9.353671e-01
3.642000e-05	-4.964172e-03	7.891013e-01
3.643000e-05	-4.806710e-03	7.137684e-01
3.644000e-05	-2.673753e-03	5.875002e-01
3.645000e-05	-3.693163e-03	5.021594e-01
3.646000e-05	-5.187301e-03	4.195513e-01
3.647000e-05	-4.764559e-03	3.126632e-01
3.648000e-05	-3.540150e-03	1.437473e-01
3.649000e-05	-3.199699e-03	1.000125e-02
3.650000e-05	-3.192168e-03	-1.036366e-01
3.651000e-05	-1.225098e-03	-2.099236e-01
3.652000e-05	-1.149843e-03	-3.366894e-01
3.653000e-05	-2.247271e-03	-3.995224e-01
3.654000e-05	-3.985815e-03	-4.531815e-01
3.655000e-05	-3.349502e-03	-6.095586e-01
3.656000e-05	-3.676133e-03	-7.168936e-01
3.657000e-05	1.324255e-03	-8.200776e-01
3.658000e-05	4.075804e-02	-9.463147e-01
3.659000e-05	2.924721e-02	-1.062186e+00
3.660000e-05	-4.277783e-02	-1.312714e+00
3.661000e-05	-1.054260e-01	-1.514866e+00
3.662000e-05	6.704422e-03	-1.555499e+00
3.663000e-05	1.018188e-01	-1.546420e+00
3.664000e-05	-2.200514e-02	-1.673158e+00
3.665000e-05	-1.226580e-01	-1.851757e+00
3.666000e-05	1.417153e-01	-1.844288e+00
3.667000e-05	2.193152e-02	-1.934837e+00
3.668000e-05	-1.067061e-01	-2.203876e+00
3.669000e-05	6.740902e-02	-2.291815e+00
3.670000e-05	-3.780972e-02	-2.335423e+00
3.671000e-05	-1.011582e-01	-2.510735e+00
3.672000e-05	1.431445e-01	-2.606550e+00
3.673000e-05	1.582853e-02	-2.688760e+00
3.674000e-05	-1.494535e-01	-2.795025e+00
3.675000e-05	6.557802e-02	-2.819653e+00
3.676000e-05	5.701847e-02	-2.954097e+00
3.677000e-05	-6.836342e-02	-3.183996e+00
3.678000e-05	-3.195770e-02	-3.195528e+00
3.679000e-05	-2.024701e-03	-3.330291e+00
3.680000e-05	6.347984e-02	-3.486781e+00
3.681000e-05	3.474943e-02	-3.503844e+00
3.682000e-05	-1.472844e-01	-3.561921e+00
3.683000e-05	4.439895e-02	-3.689791e+00
3.684000e-05	8.599870e-02	-3.787530e+00
3.685000e-05	-9.044379e-02	-3.931440e+00
3.686000e-05	-8.597287e-03	-3.995074e+00
3.687000e-05	2.285337e-02	-4.049212e+00
3.688000e-05	1.683984e-02	-4.194498e+00
3.689000e-05	-7.202894e-04	-4.259736e+00
3.690000e-05	-6.283870e-02	-4.310887e+00
3.691000e-05	1.405908e-02	-4.395053e+00
3.692000e-05	3.901665e-02	-4.478732e+00
3.693000e-05	-3.248296e-02	-4.614026e+00
3.694000e-05	-1.104251e-02	-4.606259e+00
3.695000e-05	-6.590124e-03	-4.741997e+00
3.696000e-05	2.035721e-02	-4.824182e+00
3.697000e-05	-4.980060e-03	-4.878863e+00
3.698000e-05	-4.750731e-02	-4.992474e+00
3.699000e-05	2.201352e-02	-5.097186e+00
3.700000e-05	5.773645e-03	-5.159342e+00
3.701000e-05	-4.530847e-03	-5.182027e+00
3.702000e-05	-1.794829e-02	-5.286712e+00
3.703000e-05	-2.019145e-02	-5.392043e+00
3.704000e-05	2.865269e-02	-5.455259e+00
3.705000e-05	-1.236603e-02	-5.570447e+00
3.706000e-05	-2.560495e-02	-5.591574e+00
3.707000e-05	3.196455e-04	-5.612709e+00
3.708000e-05	8.025428e-03	-5.704314e+00
3.709000e-05	2.377972e-03	-5.699417e+00
3.710000e-05	-2.921110e-02	-5.782476e+00
3.711000e-05	-7.601452e-03	-5.863132e+00
3.712000e-05	1.701627e-02	-5.897287e+00
3.713000e-05	-9.152925e-03	-5.926391e+00
3.714000e-05	-1.620135e-02	-5.979995e+00
3.715000e-05	-9.142866e-03	-5.970501e+00
3.716000e-05	9.433199e-03	-6.021103e+00
3.717000e-05	-1.275667e-03	-6.043258e+00
3.718000e-05	-2.585072e-02	-6.094764e+00
3.719000e-05	-1.760507e-03	-6.088889e+00
3.720000e-05	5.260277e-03	-6.181999e+00
3.721000e-05	-1.961217e-03	-6.191604e+00
3.722000e-05	-1.701668e-02	-6.233713e+00
3.723000e-05	-1.029115e-02	-6.284767e+00
3.724000e-05	9.847534e-03	-6.295321e+00
3.725000e-05	-5.833403e-03	-6.327919e+00
3.726000e-05	-1.493177e-02	-6.367921e+00
3.727000e-05	-9.530395e-03	-6.347974e+00
3.728000e-05	5.284383e-03	-6.369000e+00
3.729000e-05	-2.327403e-03	-6.390023e+00
3.730000e-05	-1.628012e-02	-6.389999e+00
3.731000e-05	-7.574760e-03	-6.379050e+00
3.732000e-05	2.213502e-03	-6.379024e+00
3.733000e-05	-2.519731e-03	-6.380001e+00
3.734000e-05	-1.270344e-02	-6.388528e+00
3.735000e-05	-8.120355e-03	-6.368501e+00
3.736000e-05	2.324363e-03	-6.388974e+00
3.737000e-05	-2.498663e-03	-6.389525e+00
3.738000e-05	-1.273710e-02	-6.358973e+00
3.739000e-05	-8.185308e-03	-6.347423e+00
3.740000e-05	1.186643e-04	-6.338018e+00
3.741000e-05	-1.407386e-03	-6.307869e+00
3.742000e-05	-1.155367e-02	-6.306344e+00
3.743000e-05	-8.221361e-03	-6.274707e+00
3.744000e-05	1.379442e-04	-6.214655e+00
3.745000e-05	-3.424099e-03	-6.169578e+00
3.746000e-05	-9.627141e-03	-6.097522e+00
3.747000e-05	-9.182744e-03	-6.095289e+00
3.748000e-05	-3.906199e-04	-6.023163e+00
3.749000e-05	-1.927731e-03	-5.990553e+00
3.750000e-05	-9.099431e-03	-6.001049e+00
3.751000e-05	-7.698388e-03	-5.960000e+00
3.752000e-05	-2.384019e-03	-5.928395e+00
3.753000e-05	-2.554576e-03	-5.876816e+00
3.754000e-05	-8.685171e-03	-5.843209e+00
3.755000e-05	-6.350781e-03	-5.800554e+00
3.756000e-05	-1.910145e-03	-5.718399e+00
3.757000e-05	-3.084505e-03	-5.706866e+00
3.758000e-05	-7.706157e-03	-5.593633e+00
3.759000e-05	-7.525524e-03	-5.611526e+00
3.760000e-05	-2.466504e-03	-5.559925e+00
3.761000e-05	-3.937721e-03	-5.447844e+00
3.762000e-05	-6.868483e-03	-5.362999e+00
3.763000e-05	-6.312108e-03	-5.297844e+00
3.764000e-05	-1.932883e-03	-5.183054e+00
3.765000e-05	-3.401999e-03	-5.150999e+00
3.766000e-05	-7.375293e-03	-5.066711e+00
3.767000e-05	-7.437081e-03	-5.003157e+00
3.768000e-05	-3.176711e-03	-4.958946e+00
3.769000e-05	-3.495574e-03	-4.795604e+00
3.770000e-05	-6.059247e-03	-4.718791e+00
3.771000e-05	-6.603260e-03	-4.633657e+00
3.772000e-05	-2.374769e-03	-4.584501e+00
3.773000e-05	-3.147241e-03	-4.496838e+00
3.774000e-05	-7.041011e-03	-4.405103e+00
3.775000e-05	-6.310000e-03	-4.371998e+00
3.776000e-05	-4.034130e-03	-4.299391e+00
3.777000e-05	-3.265984e-03	-4.214654e+00
3.778000e-05	-6.276297e-03	-4.159373e+00
3.779000e-05	-6.222617e-03	-4.037188e+00
3.780000e-05	-3.604003e-03	-3.983525e+00
3.781000e-05	-3.219937e-03	-3.899363e+00
3.782000e-05	-5.758229e-03	-3.752995e+00
3.783000e-05	-5.914463e-03	-3.626131e+00
3.784000e-05	-4.252259e-03	-3.573944e+00
3.785000e-05	-3.436051e-03	-3.467737e+00
3.786000e-05	-5.308881e-03	-3.351975e+00
3.787000e-05	-3.755077e-03	-3.307690e+00
3.788000e-05	-5.231891e-03	-3.186028e+00
3.789000e-05	-2.675337e-03	-3.089765e+00
3.790000e-05	-4.827674e-03	-2.961970e+00
3.791000e-05	-3.829931e-03	-2.847032e+00
3.792000e-05	-5.117559e-03	-2.742871e+00
3.793000e-05	-4.124515e-03	-2.657658e+00
3.794000e-05	-3.595053e-03	-2.544395e+00
3.795000e-05	-4.323206e-03	-2.437058e+00
3.796000e-05	-4.357396e-03	-2.332820e+00
3.797000e-05	-5.403983e-03	-2.177079e+00
3.798000e-05	-4.684424e-03	-2.079183e+00
3.799000e-05	-3.477427e-03	-1.985924e+00
3.800000e-05	-2.824486e-03	-1.880233e+00
3.801000e-05	-2.880890e-03	-1.806000e+00
3.802000e-05	-3.404006e-03	-1.650658e+00
3.803000e-05	-3.017433e-03	-1.565546e+00
3.804000e-05	-4.182309e-03	-1.410073e+00
3.805000e-05	-4.262464e-03	-1.270156e+00
3.806000e-05	-4.116992e-03	-1.144343e+00
3.807000e-05	-3.843687e-03	-1.009600e+00
3.808000e-05	-3.500286e-03	-9.253447e-01
3.809000e-05	-2.663639e-03	-8.179789e-01
3.810000e-05	-2.770386e-03	-7.047634e-01
3.811000e-05	-3.181218e-03	-5.073474e-01
3.812000e-05	-3.400205e-03	-3.999514e-01
3.813000e-05	-4.370264e-03	-3.248158e-01
3.814000e-05	-4.133851e-03	-2.010015e-01
3.815000e-05	-2.192218e-03	-9.426579e-02
3.816000e-05	-3.572242e-04	4.973783e-04
3.817000e-05	4.371818e-04	8.468314e-02
3.818000e-05	-6.965159e-04	2.407201e-01
3.819000e-05	8.022222e-04	3.789224e-01
3.820000e-05	-8.650012e-04	4.211277e-01
3.821000e-05	-1.804350e-03	5.668171e-01
3.822000e-05	-2.843369e-03	6.330804e-01
3.823000e-05	1.800066e-03	7.864423e-01
3.824000e-05	2.174171e-02	8.416052e-01
3.825000e-05	4.419070e-02	1.050029e+00
3.826000e-05	-1.448206e-02	1.211126e+00
3.827000e-05	-5.778659e-02	1.394872e+00
3.828000e-05	-9.365093e-02	1.430026e+00
3.829000e-05	8.552267e-02	1.493362e+00
3.830000e-05	6.240138e-02	1.713862e+00
3.831000e-05	-1.054331e-01	1.805524e+00
3.832000e-05	-7.753129e-03	1.861704e+00
3.833000e-05	9.625733e-02	1.987022e+00
3.834000e-05	-8.725851e-04	2.122190e+00
3.835000e-05	-5.422579e-02	2.144866e+00
3.836000e-05	3.077146e-02	2.299708e+00
3.837000e-05	-7.266734e-02	2.416999e+00
3.838000e-05	2.613902e-02	2.429155e+00
3.839000e-05	9.968759e-02	2.585396e+00
3.840000e-05	-7.368861e-02	2.762395e+00
3.841000e-05	-5.800536e-02	2.858080e+00
3.842000e-05	7.424456e-02	2.973419e+00
3.843000e-05	9.136824e-03	3.028153e+00
3.844000e-05	-3.642383e-02	3.121390e+00
3.845000e-05	-4.060105e-02	3.206129e+00
3.846000e-05	2.434765e-02	3.311314e+00
3.847000e-05	8.494979e-02	3.396604e+00
3.848000e-05	-5.764720e-02	3.583344e+00
3.849000e-05	-6.162418e-02	3.656289e+00
3.850000e-05	5.545755e-02	3.741318e+00
3.851000e-05	2.776025e-02	3.826601e+00
3.852000e-05	-5.337691e-02	3.959768e+00
3.853000e-05	3.943392e-03	3.994026e+00
3.854000e-05	2.174111e-02	4.108154e+00
3.855000e-05	7.800673e-03	4.174045e+00
3.856000e-05	-6.392474e-03	4.286783e+00
3.857000e-05	-2.913336e-02	4.373555e+00
3.858000e-05	1.064846e-02	4.467235e+00
3.859000e-05	1.678160e-02	4.550917e+00
3.860000e-05	-2.446165e-03	4.625154e+00
3.861000e-05	-2.772375e-02	4.710266e+00
3.862000e-05	1.606265e-02	4.782523e+00
3.863000e-05	1.431102e-02	4.805204e+00
3.864000e-05	-1.407088e-02	4.980020e+00
3.865000e-05	-1.162023e-02	5.086628e+00
3.866000e-05	7.538540e-03	5.160524e+00
3.867000e-05	1.366540e-02	5.223102e+00
3.868000e-05	-7.688979e-03	5.306793e+00
3.869000e-05	-1.063865e-02	5.351550e+00
3.870000e-05	-3.418960e-04	5.443076e+00
3.871000e-05	1.690147e-02	5.474764e+00
3.872000e-05	-9.055494e-03	5.509370e+00
3.873000e-05	-8.680687e-03	5.600023e+00
3.874000e-05	4.701480e-03	5.601128e+00
3.875000e-05	1.326083e-02	5.666257e+00
3.876000e-05	-7.160789e-03	5.727342e+00
3.877000e-05	-1.535946e-02	5.771579e+00
3.878000e-05	6.360640e-03	5.895313e+00
3.879000e-05	9.122583e-03	5.928944e+00
3.880000e-05	-1.508608e-03	5.969949e+00
3.881000e-05	-1.156538e-02	6.020526e+00
3.882000e-05	6.068484e-03	6.032079e+00
3.883000e-05	1.018099e-02	6.061656e+00
3.884000e-05	-5.748335e-03	6.042812e+00
3.885000e-05	-1.189234e-02	6.127415e+00
3.886000e-05	1.990443e-03	6.147969e+00
3.887000e-05	1.125967e-02	6.189549e+00
3.888000e-05	-3.815701e-03	6.192069e+00
3.889000e-05	-7.519328e-03	6.230075e+00
3.890000e-05	1.086949e-03	6.282706e+00
3.891000e-05	8.601827e-03	6.262707e+00
3.892000e-05	-4.125421e-03	6.233310e+00
3.893000e-05	-9.790423e-03	6.276262e+00
3.894000e-05	4.614751e-04	6.274387e+00
3.895000e-05	7.763975e-03	6.305789e+00
3.896000e-05	-1.137297e-04	6.306337e+00
3.897000e-05	-8.726088e-03	6.287896e+00
3.898000e-05	1.240151e-03	6.316367e+00
3.899000e-05	5.389468e-03	6.335869e+00
3.900000e-05	-9.350793e-04	6.337820e+00
3.901000e-05	-8.465206e-03	6.307292e+00
3.902000e-05	-1.131539e-03	6.284762e+00
3.903000e-05	5.230534e-03	6.335338e+00
3.904000e-05	-9.172505e-04	6.303686e+00
3.905000e-05	-5.628980e-03	6.243863e+00
3.906000e-05	-1.373945e-03	6.233184e+00
3.907000e-05	5.611629e-03	6.234584e+00
3.908000e-05	-1.500270e-03	6.240580e+00
3.909000e-05	-5.765958e-03	6.180549e+00
3.910000e-05	-1.679491e-03	6.170473e+00
3.911000e-05	4.593992e-03	6.148471e+00
3.912000e-05	-8.405801e-04	6.125267e+00
3.913000e-05	-6.040680e-03	6.035158e+00
3.914000e-05	-1.427655e-03	6.043179e+00
3.915000e-05	3.178993e-03	6.040578e+00
3.916000e-05	1.809176e-05	5.990976e+00
3.917000e-05	-5.665708e-03	5.979524e+00
3.918000e-05	-1.385812e-03	5.957445e+00
3.919000e-05	2.005879e-03	5.876908e+00
3.920000e-05	1.909877e-04	5.803632e+00
3.921000e-05	-4.683599e-03	5.707392e+00
3.922000e-05	-5.571091e-04	5.684782e+00
3.923000e-05	1.681717e-03	5.622600e+00
3.924000e-05	-9.299026e-04	5.608999e+00
3.925000e-05	-4.866511e-03	5.518420e+00
3.926000e-05	-2.996899e-03	5.434236e+00
3.927000e-05	5.251090e-04	5.412578e+00
3.928000e-05	-9.594786e-04	5.358900e+00
3.929000e-05	-3.369005e-03	5.306738e+00
3.930000e-05	-1.638485e-03	5.222678e+00
3.931000e-05	-4.368200e-04	5.170971e+00
3.932000e-05	-2.247314e-05	5.036257e+00
3.933000e-05	-4.313009e-03	4.909368e+00
3.934000e-05	-1.757340e-03	4.834633e+00
3.935000e-05	-1.239268e-03	4.782048e+00
3.936000e-05	1.022246e-03	4.698816e+00
3.937000e-05	-4.220584e-03	4.645132e+00
3.938000e-05	-2.445860e-03	4.570896e+00
3.939000e-05	-9.839478e-04	4.457263e+00
3.940000e-05	-9.911113e-04	4.423050e+00
3.941000e-05	-3.555565e-03	4.359896e+00
3.942000e-05	-3.624082e-03	4.264739e+00
3.943000e-05	-1.156100e-04	4.139464e+00
3.944000e-05	-1.294699e-03	4.045131e+00
3.945000e-05	-3.380016e-03	3.960442e+00
3.946000e-05	-3.980149e-03	3.885188e+00
3.947000e-05	-8.276000e-04	3.762496e+00
3.948000e-05	-1.601767e-03	3.697236e+00
3.949000e-05	-3.153776e-03	3.582603e+00
3.950000e-05	-3.563838e-03	3.541970e+00
3.951000e-05	-1.257799e-03	3.434055e+00
3.952000e-05	-1.927217e-03	3.269666e+00
3.953000e-05	-3.901443e-03	3.182496e+00
3.954000e-05	-3.401478e-03	3.078735e+00
3.955000e-05	-2.025694e-03	2.985024e+00
3.956000e-05	-2.526609e-03	2.899287e+00
3.957000e-05	-4.223012e-03	2.824501e+00
3.958000e-05	-3.208196e-03	2.701364e+00
3.959000e-05	-2.669024e-03	2.573977e+00
3.960000e-05	-2.304077e-03	2.436154e+00
3.961000e-05	-4.530967e-03	2.330871e+00
3.962000e-05	-4.051616e-03	2.208184e+00
3.963000e-05	-3.290080e-03	2.112841e+00
3.964000e-05	-2.617123e-03	2.037078e+00
3.965000e-05	-4.403117e-03	1.954395e+00
3.966000e-05	-4.351278e-03	1.848057e+00
3.967000e-05	-2.898575e-03	1.693234e+00
3.968000e-05	-3.512631e-03	1.608399e+00
3.969000e-05	-4.499504e-03	1.440733e+00
3.970000e-05	-4.394060e-03	1.364370e+00
3.971000e-05	-4.205817e-03	1.229655e+00
3.972000e-05	-3.441634e-03	1.101815e+00
3.973000e-05	-4.136935e-03	9.243899e-01
3.974000e-05	-4.289261e-03	8.300264e-01
3.975000e-05	-4.893343e-03	6.638395e-01
3.976000e-05	-3.287927e-03	5.795224e-01
3.977000e-05	-5.076133e-03	4.722107e-01
3.978000e-05	-5.125072e-03	3.880013e-01
3.979000e-05	-4.390275e-03	2.737592e-01
3.980000e-05	-3.518237e-03	1.042920e-01
3.981000e-05	-3.752357e-03	-9.973694e-03
3.982000e-05	-2.487020e-03	-8.519079e-02
3.983000e-05	-3.407662e-04	-2.014761e-01
3.984000e-05	-1.642595e-03	-3.058122e-01
3.985000e-05	-3.255476e-03	-3.779986e-01
3.986000e-05	-4.561427e-03	-5.042115e-01
3.987000e-05	-2.943318e-03	-6.826841e-01
3.988000e-05	-3.207284e-03	-7.779460e-01
3.989000e-05	2.673770e-03	-8.401067e-01
3.990000e-05	4.764407e-02	-9.368671e-01
3.991000e-05	1.556936e-02	-1.105211e+00
3.992000e-05	-4.499582e-02	-1.344996e+00
3.993000e-05	-1.146844e-01	-1.565345e+00
3.994000e-05	4.343622e-02	-1.555999e+00
3.995000e-05	9.076596e-02	-1.556470e+00
3.996000e-05	-5.329891e-02	-1.704766e+00
3.997000e-05	-8.242865e-02	-1.891290e+00
3.998000e-05	1.337341e-01	-1.813760e+00
3.999000e-05	3.617899e-03	-1.977895e+00
4.000000e-05	-1.006763e-01	-2.238529e+00
4.001000e-05	7.518007e-02	-2.264265e+00
4.002000e-05	-5.783321e-02	-2.385454e+00
4.003000e-05	-8.300568e-02	-2.551792e+00
4.004000e-05	1.584036e-01	-2.596451e+00
4.005000e-05	-1.953442e-02	-2.689712e+00
4.006000e-05	-1.406070e-01	-2.806551e+00
4.007000e-05	9.381917e-02	-2.839683e+00
4.008000e-05	2.834326e-02	-3.035152e+00
4.009000e-05	-6.567785e-02	-3.174998e+00
4.010000e-05	-2.629322e-02	-3.207551e+00
4.011000e-05	1.891185e-03	-3.352291e+00
4.012000e-05	7.448459e-02	-3.517733e+00
4.013000e-05	5.111601e-03	-3.531416e+00
4.014000e-05	-1.385989e-01	-3.586545e+00
4.015000e-05	7.036046e-02	-3.671188e+00
4.016000e-05	6.246656e-02	-3.834681e+00
4.017000e-05	-9.509640e-02	-3.981420e+00
4.018000e-05	7.870281e-03	-4.015051e+00
4.019000e-05	1.777515e-02	-4.090235e+00
4.020000e-05	1.946337e-02	-4.205078e+00
4.021000e-05	-9.548019e-03	-4.247207e+00
4.022000e-05	-6.319412e-02	-4.350894e+00
4.023000e-05	2.920554e-02	-4.414125e+00
4.024000e-05	2.522618e-02	-4.478336e+00
4.025000e-05	-3.286078e-02	-4.584134e+00
4.026000e-05	-9.409417e-03	-4.665682e+00
4.027000e-05	-3.544694e-03	-4.749841e+00
4.028000e-05	2.190045e-02	-4.836203e+00
4.029000e-05	-1.471971e-02	-4.910387e+00
4.030000e-05	-4.164904e-02	-4.973049e+00
4.031000e-05	2.533240e-02	-5.036182e+00
4.032000e-05	1.334101e-03	-5.118370e+00
4.033000e-05	-4.473837e-03	-5.214074e+00
4.034000e-05	-2.109087e-02	-5.236807e+00
4.035000e-05	-1.428804e-02	-5.382643e+00
4.036000e-05	2.958118e-02	-5.497317e+00
4.037000e-05	-2.042426e-02	-5.548970e+00
4.038000e-05	-2.093073e-02	-5.621551e+00
4.039000e-05	2.542303e-03	-5.602652e+00
4.040000e-05	8.218961e-03	-5.687738e+00
4.041000e-05	-1.378945e-03	-5.769496e+00
4.042000e-05	-3.151866e-02	-5.771100e+00
4.043000e-05	-6.119372e-04	-5.873106e+00
4.044000e-05	1.356179e-02	-5.865214e+00
4.045000e-05	-1.155669e-02	-5.948445e+00
4.046000e-05	-1.638281e-02	-5.949998e+00
4.047000e-05	-5.596901e-03	-5.981601e+00
4.048000e-05	1.179573e-02	-6.001600e+00
4.049000e-05	-5.931526e-03	-6.023154e+00
4.050000e-05	-2.505520e-02	-6.106914e+00
4.051000e-05	1.160846e-03	-6.098242e+00
4.052000e-05	4.623208e-03	-6.160546e+00
4.053000e-05	-4.866319e-03	-6.204057e+00
4.054000e-05	-1.793570e-02	-6.232708e+00
4.055000e-05	-6.874194e-03	-6.285289e+00
4.056000e-05	9.871067e-03	-6.326918e+00
4.057000e-05	-8.861981e-03	-6.327468e+00
4.058000e-05	-1.451485e-02	-6.367948e+00
4.059000e-05	-7.137176e-03	-6.349471e+00
4.060000e-05	6.038934e-03	-6.388949e+00
4.061000e-05	-3.610181e-03	-6.379474e+00
4.062000e-05	-1.728408e-02	-6.410024e+00
4.063000e-05	-5.217865e-03	-6.379525e+00
4.064000e-05	2.152172e-03	-6.400101e+00
4.065000e-05	-3.987501e-03	-6.380000e+00
4.066000e-05	-1.421484e-02	-6.389550e+00
4.067000e-05	-6.612577e-03	-6.398975e+00
4.068000e-05	2.963216e-03	-6.368999e+00
4.069000e-05	-4.837844e-03	-6.360023e+00
4.070000e-05	-1.223257e-02	-6.398971e+00
4.071000e-05	-7.138379e-03	-6.348500e+00
4.072000e-05	6.397154e-04	-6.338498e+00
4.073000e-05	-2.638840e-03	-6.365939e+00
4.074000e-05	-1.210624e-02	-6.284361e+00
4.075000e-05	-6.988686e-03	-6.285781e+00
4.076000e-05	3.698230e-04	-6.243233e+00
4.077000e-05	-3.615117e-03	-6.220569e+00
4.078000e-05	-1.013859e-02	-6.127919e+00
4.079000e-05	-8.029338e-03	-6.025810e+00
4.080000e-05	1.145185e-03	-6.044153e+00
4.081000e-05	-2.799099e-03	-5.980577e+00
4.082000e-05	-9.949340e-03	-5.980053e+00
4.083000e-05	-6.857360e-03	-5.959424e+00
4.084000e-05	-1.678924e-03	-5.917346e+00
4.085000e-05	-2.481520e-03	-5.885787e+00
4.086000e-05	-9.655309e-03	-5.873652e+00
4.087000e-05	-7.520299e-03	-5.811051e+00
4.088000e-05	-1.947368e-03	-5.748874e+00
4.089000e-05	-3.141279e-03	-5.717841e+00
4.090000e-05	-8.920914e-03	-5.633658e+00
4.091000e-05	-7.407642e-03	-5.591501e+00
4.092000e-05	-2.125507e-03	-5.549496e+00
4.093000e-05	-3.179029e-03	-5.436814e+00
4.094000e-05	-7.730035e-03	-5.381529e+00
4.095000e-05	-6.969176e-03	-5.266418e+00
4.096000e-05	-1.964320e-03	-5.201529e+00
4.097000e-05	-3.620369e-03	-5.151873e+00
4.098000e-05	-7.578465e-03	-5.066333e+00
4.099000e-05	-7.824104e-03	-4.982102e+00
4.100000e-05	-2.132232e-03	-4.919394e+00
4.101000e-05	-3.577977e-03	-4.824681e+00
4.102000e-05	-6.500602e-03	-4.689267e+00
4.103000e-05	-7.225506e-03	-4.594659e+00
4.104000e-05	-2.405760e-03	-4.571996e+00
4.105000e-05	-2.944687e-03	-4.486815e+00
4.106000e-05	-6.577606e-03	-4.443002e+00
4.107000e-05	-6.626246e-03	-4.332449e+00
4.108000e-05	-2.879358e-03	-4.307891e+00
4.109000e-05	-2.720406e-03	-4.213078e+00
4.110000e-05	-6.619715e-03	-4.130369e+00
4.111000e-05	-6.979184e-03	-4.024603e+00
4.112000e-05	-3.627913e-03	-3.972999e+00
4.113000e-05	-2.610516e-03	-3.877812e+00
4.114000e-05	-5.545246e-03	-3.750817e+00
4.115000e-05	-6.164906e-03	-3.604654e+00
4.116000e-05	-3.821799e-03	-3.543450e+00
4.117000e-05	-2.405917e-03	-3.498257e+00
4.118000e-05	-6.190777e-03	-3.363423e+00
4.119000e-05	-6.033824e-03	-3.258262e+00
4.120000e-05	-4.821233e-03	-3.203026e+00
4.121000e-05	-4.086364e-04	-3.129315e+00
4.122000e-05	-5.687393e-03	-2.911936e+00
4.123000e-05	-5.309322e-03	-2.816004e+00
4.124000e-05	-4.390883e-03	-2.761872e+00
4.125000e-05	-4.220204e-04	-2.626155e+00
4.126000e-05	-4.407894e-03	-2.531911e+00
4.127000e-05	-6.860814e-03	-2.396081e+00
4.128000e-05	-4.436785e-03	-2.362426e+00
4.129000e-05	-2.101251e-03	-2.206070e+00
4.130000e-05	-3.872804e-03	-2.049630e+00
4.131000e-05	-6.406859e-03	-1.955475e+00
4.132000e-05	-3.520779e-03	-1.829656e+00
4.133000e-05	-9.869441e-05	-1.774374e+00
4.134000e-05	-2.606813e-03	-1.651682e+00
4.135000e-05	-5.170762e-03	-1.584919e+00
4.136000e-05	-5.784885e-03	-1.438075e+00
4.137000e-05	-2.718331e-03	-1.241634e+00
4.138000e-05	-2.356292e-03	-1.115366e+00
4.139000e-05	-6.085208e-03	-1.030005e+00
4.140000e-05	-3.969679e-03	-9.332846e-01
4.141000e-05	-7.863196e-04	-7.990776e-01
4.142000e-05	-1.628500e-03	-6.642909e-01
4.143000e-05	-4.267404e-03	-5.447674e-01
4.144000e-05	-3.816080e-03	-4.000526e-01
4.145000e-05	-2.627627e-03	-3.258133e-01
4.146000e-05	-2.193019e-03	-1.985251e-01
4.147000e-05	-4.229391e-03	-7.628684e-02
4.148000e-05	-8.290949e-04	1.052370e-02
4.149000e-05	1.044287e-03	9.568541e-02
4.150000e-05	4.507408e-04	2.826592e-01
4.151000e-05	-2.264368e-03	3.894973e-01
4.152000e-05	-2.938868e-03	4.531528e-01
4.153000e-05	-2.161516e-04	6.063446e-01
4.154000e-05	-1.374698e-03	6.827066e-01
4.155000e-05	1.741152e-03	7.778473e-01
4.156000e-05	2.512122e-02	8.510814e-01
4.157000e-05	4.075831e-02	1.091231e+00
4.158000e-05	-2.030867e-02	1.221606e+00
4.159000e-05	-6.710798e-02	1.366972e+00
4.160000e-05	-8.006417e-02	1.400579e+00
4.161000e-05	1.011105e-01	1.516461e+00
4.162000e-05	4.586152e-02	1.722338e+00
4.163000e-05	-1.261856e-01	1.797974e+00
4.164000e-05	3.262108e-02	1.892158e+00
4.165000e-05	8.084933e-02	2.015472e+00
4.166000e-05	-1.556795e-02	2.102241e+00
4.167000e-05	-3.692411e-02	2.145966e+00
4.168000e-05	1.445116e-02	2.319813e+00
4.169000e-05	-6.947773e-02	2.396548e+00
4.170000e-05	4.583804e-02	2.420732e+00
4.171000e-05	8.487977e-02	2.655954e+00
4.172000e-05	-8.836153e-02	2.773520e+00
4.173000e-05	-3.765222e-02	2.858105e+00
4.174000e-05	7.297943e-02	2.952294e+00
4.175000e-05	3.829249e-03	3.046179e+00
4.176000e-05	-4.235915e-02	3.132368e+00
4.177000e-05	-3.484111e-02	3.236078e+00
4.178000e-05	3.421894e-02	3.343440e+00
4.179000e-05	7.990017e-02	3.427129e+00
4.180000e-05	-7.427093e-02	3.594495e+00
4.181000e-05	-4.682747e-02	3.638105e+00
4.182000e-05	6.350607e-02	3.732367e+00
4.183000e-05	1.185881e-02	3.806126e+00
4.184000e-05	-4.649592e-02	3.962321e+00
4.185000e-05	5.440270e-03	4.024024e+00
4.186000e-05	2.173077e-02	4.087265e+00
4.187000e-05	2.845340e-03	4.181500e+00
4.188000e-05	-4.694668e-03	4.361840e+00
4.189000e-05	-3.063812e-02	4.393978e+00
4.190000e-05	1.564922e-02	4.478283e+00
4.191000e-05	1.590771e-02	4.561468e+00
4.192000e-05	-4.665653e-03	4.625083e+00
4.193000e-05	-2.396521e-02	4.728915e+00
4.194000e-05	1.692463e-02	4.763497e+00
4.195000e-05	1.238304e-02	4.866133e+00
4.196000e-05	-1.669302e-02	4.913539e+00
4.197000e-05	-7.326875e-03	5.110284e+00
4.198000e-05	5.523321e-03	5.182521e+00
4.199000e-05	1.322864e-02	5.255731e+00
4.200000e-05	-8.455374e-03	5.337836e+00
4.201000e-05	-9.182464e-03	5.390950e+00
4.202000e-05	1.352831e-03	5.442551e+00
4.203000e-05	1.421886e-02	5.516812e+00
4.204000e-05	-9.566767e-03	5.539421e+00
4.205000e-05	-9.891675e-03	5.590499e+00
4.206000e-05	7.332573e-03	5.623530e+00
4.207000e-05	1.035362e-02	5.685807e+00
4.208000e-05	-7.061696e-03	5.717961e+00
4.209000e-05	-1.291822e-02	5.781553e+00
4.210000e-05	8.534219e-03	5.916336e+00
4.211000e-05	7.067030e-03	5.960446e+00
4.212000e-05	-5.010129e-03	5.989450e+00
4.213000e-05	-9.717711e-03	6.000554e+00
4.214000e-05	5.448739e-03	6.032633e+00
4.215000e-05	9.143427e-03	6.062156e+00
4.216000e-05	-7.335725e-03	6.066761e+00
4.217000e-05	-7.870794e-03	6.135918e+00
4.218000e-05	4.758901e-03	6.158517e+00
4.219000e-05	8.638824e-03	6.187951e+00
4.220000e-05	-6.374085e-03	6.219027e+00
4.221000e-05	-7.372990e-03	6.211104e+00
4.222000e-05	8.146763e-04	6.263629e+00
4.223000e-05	6.863620e-03	6.272658e+00
4.224000e-05	-3.326787e-03	6.254681e+00
4.225000e-05	-6.872133e-03	6.284283e+00
4.226000e-05	3.898565e-03	6.325287e+00
4.227000e-05	6.704005e-03	6.295240e+00
4.228000e-05	-1.984506e-03	6.306885e+00
4.229000e-05	-9.598454e-03	6.327316e+00
4.230000e-05	1.942335e-04	6.327419e+00
4.231000e-05	3.982289e-03	6.368389e+00
4.232000e-05	-9.202628e-04	6.316866e+00
4.233000e-05	-5.715140e-03	6.314844e+00
4.234000e-05	8.803520e-04	6.343913e+00
4.235000e-05	6.079365e-03	6.295713e+00
4.236000e-05	-2.157813e-03	6.253338e+00
4.237000e-05	-5.211793e-03	6.304635e+00
4.238000e-05	-2.733167e-03	6.263208e+00
4.239000e-05	4.254952e-03	6.240679e+00
4.240000e-05	-1.870076e-03	6.201504e+00
4.241000e-05	-3.469879e-03	6.200098e+00
4.242000e-05	-1.245799e-03	6.191021e+00
4.243000e-05	5.666904e-03	6.167419e+00
4.244000e-05	-1.768592e-03	6.104764e+00
4.245000e-05	-4.060414e-03	6.084809e+00
4.246000e-05	-2.839876e-03	6.041708e+00
4.247000e-05	1.933103e-03	6.022075e+00
4.248000e-05	-7.369923e-04	5.979551e+00
4.249000e-05	-4.689465e-03	5.989974e+00
4.250000e-05	-3.640228e-04	5.977944e+00
4.251000e-05	1.851806e-03	5.895265e+00
4.252000e-05	3.501863e-04	5.800997e+00
4.253000e-05	-5.197200e-03	5.738470e+00
4.254000e-05	-3.406913e-03	5.667206e+00
4.255000e-05	2.027553e-03	5.661550e+00
4.256000e-05	-1.050557e-03	5.588974e+00
4.257000e-05	-9.775469e-04	5.527843e+00
4.258000e-05	-2.337641e-03	5.483659e+00
4.259000e-05	1.702132e-03	5.422054e+00
4.260000e-05	-1.447380e-03	5.399346e+00
4.261000e-05	-3.247353e-03	5.296385e+00
4.262000e-05	-4.396495e-03	5.212100e+00
4.263000e-05	2.295195e-04	5.170420e+00
4.264000e-05	-5.177655e-04	5.076230e+00
4.265000e-05	-1.781326e-03	4.918466e+00
4.266000e-05	-1.401543e-03	4.833607e+00
4.267000e-05	8.353268e-04	4.782523e+00
4.268000e-05	-1.205549e-03	4.706318e+00
4.269000e-05	-4.576101e-03	4.653154e+00
4.270000e-05	-3.881335e-03	4.550946e+00
4.271000e-05	-9.159443e-04	4.455666e+00
4.272000e-05	-6.036933e-04	4.391527e+00
4.273000e-05	-2.965849e-03	4.320419e+00
4.274000e-05	-2.747249e-03	4.255212e+00
4.275000e-05	7.246846e-04	4.058866e+00
4.276000e-05	-8.617040e-04	4.023552e+00
4.277000e-05	-4.490814e-03	3.951845e+00
4.278000e-05	-4.147120e-03	3.847135e+00
4.279000e-05	-1.331845e-03	3.783420e+00
4.280000e-05	-1.672517e-03	3.706688e+00
4.281000e-05	-3.049318e-03	3.603477e+00
4.282000e-05	-3.919646e-03	3.510392e+00
4.283000e-05	-9.912110e-04	3.384028e+00
4.284000e-05	-1.465913e-03	3.276157e+00
4.285000e-05	-2.392186e-03	3.172447e+00
4.286000e-05	-5.627525e-03	3.079185e+00
4.287000e-05	-3.288150e-03	2.954923e+00
4.288000e-05	-2.391137e-03	2.879237e+00
4.289000e-05	-3.516411e-03	2.804050e+00
4.290000e-05	-4.332436e-03	2.679363e+00
4.291000e-05	-2.799652e-03	2.513046e+00
4.292000e-05	-1.369066e-03	2.467105e+00
4.293000e-05	-3.094739e-03	2.331345e+00
4.294000e-05	-5.345946e-03	2.217132e+00
4.295000e-05	-3.745034e-03	2.121765e+00
4.296000e-05	-2.656786e-03	1.998553e+00
4.297000e-05	-3.480671e-03	1.922416e+00
4.298000e-05	-4.529524e-03	1.809452e+00
4.299000e-05	-4.099060e-03	1.691264e+00
4.300000e-05	-2.236290e-03	1.546924e+00
4.301000e-05	-3.837963e-03	1.479134e+00
4.302000e-05	-5.223003e-03	1.295440e+00
4.303000e-05	-4.902236e-03	1.187577e+00
4.304000e-05	-2.435742e-03	1.050712e+00
4.305000e-05	-2.703859e-03	9.248398e-01
4.306000e-05	-5.448596e-03	8.079488e-01
4.307000e-05	-5.008771e-03	7.138332e-01
4.308000e-05	-2.131538e-03	5.964763e-01
4.309000e-05	-3.249936e-03	4.627068e-01
4.310000e-05	-5.659797e-03	3.969488e-01
4.311000e-05	-5.354114e-03	2.511520e-01
4.312000e-05	-2.272580e-03	7.278940e-02
4.313000e-05	-2.671020e-03	-2.152501e-02
4.314000e-05	-1.841373e-03	-1.167619e-01
4.315000e-05	-1.333303e-03	-2.105800e-01
4.316000e-05	-1.047726e-03	-3.257668e-01
4.317000e-05	-1.743032e-03	-4.000263e-01
4.318000e-05	-4.620372e-03	-4.742907e-01
4.319000e-05	-3.914511e-03	-6.001356e-01
4.320000e-05	-2.372362e-03	-8.093487e-01
4.321000e-05	7.123958e-03	-8.206317e-01
4.322000e-05	5.307659e-02	-9.464409e-01
4.323000e-05	1.002046e-03	-1.106839e+00
4.324000e-05	-4.727655e-02	-1.395447e+00
4.325000e-05	-1.173293e-01	-1.556445e+00
4.326000e-05	7.404966e-02	-1.556924e+00
4.327000e-05	7.790523e-02	-1.587972e+00
4.328000e-05	-8.471216e-02	-1.764917e+00
4.329000e-05	-4.173738e-02	-1.892312e+00
4.330000e-05	1.187090e-01	-1.871334e+00
4.331000e-05	-1.602991e-02	-2.059447e+00
4.332000e-05	-8.262452e-02	-2.298060e+00
4.333000e-05	7.297614e-02	-2.313264e+00
4.334000e-05	-7.477486e-02	-2.375996e+00
4.335000e-05	-5.572152e-02	-2.552343e+00
4.336000e-05	1.642566e-01	-2.576000e+00
4.337000e-05	-5.469230e-02	-2.710837e+00
4.338000e-05	-1.237086e-01	-2.806153e+00
4.339000e-05	1.131187e-01	-2.870705e+00
4.340000e-05	3.483286e-03	-3.058132e+00
4.341000e-05	-6.066234e-02	-3.204525e+00
4.342000e-05	-2.249587e-02	-3.206528e+00
4.343000e-05	7.171262e-03	-3.331917e+00
4.344000e-05	8.506968e-02	-3.489740e+00
4.345000e-05	-2.755839e-02	-3.522868e+00
4.346000e-05	-1.250159e-01	-3.636050e+00
4.347000e-05	9.019219e-02	-3.707738e+00
4.348000e-05	3.836047e-02	-3.828182e+00
4.349000e-05	-9.372915e-02	-3.972898e+00
4.350000e-05	1.725355e-02	-4.047504e+00
4.351000e-05	1.284158e-02	-4.108794e+00
4.352000e-05	2.211784e-02	-4.255679e+00
4.353000e-05	-1.805575e-02	-4.289190e+00
4.354000e-05	-5.996838e-02	-4.370894e+00
4.355000e-05	4.090844e-02	-4.415053e+00
4.356000e-05	1.421145e-02	-4.527312e+00
4.357000e-05	-3.019749e-02	-4.625655e+00
4.358000e-05	-1.016542e-02	-4.678212e+00
4.359000e-05	-2.224114e-03	-4.780921e+00
4.360000e-05	2.496472e-02	-4.844311e+00
4.361000e-05	-2.423455e-02	-4.931392e+00
4.362000e-05	-3.377419e-02	-4.992030e+00
4.363000e-05	2.545958e-02	-5.068211e+00
4.364000e-05	4.490774e-04	-5.161971e+00
4.365000e-05	-5.387821e-03	-5.204100e+00
4.366000e-05	-2.435649e-02	-5.266734e+00
4.367000e-05	-8.825016e-03	-5.413575e+00
4.368000e-05	3.053981e-02	-5.486218e+00
4.369000e-05	-2.708814e-02	-5.580449e+00
4.370000e-05	-1.744904e-02	-5.612024e+00
4.371000e-05	2.920554e-03	-5.654182e+00
4.372000e-05	9.830261e-03	-5.736390e+00
4.373000e-05	-4.777242e-03	-5.759946e+00
4.374000e-05	-3.196043e-02	-5.782024e+00
4.375000e-05	5.773169e-03	-5.843132e+00
4.376000e-05	1.153414e-02	-5.887294e+00
4.377000e-05	-1.299384e-02	-5.978420e+00
4.378000e-05	-1.769079e-02	-5.960473e+00
4.379000e-05	-4.000878e-03	-5.990500e+00
4.380000e-05	1.234582e-02	-6.021054e+00
4.381000e-05	-1.083473e-02	-6.054184e+00
4.382000e-05	-2.294486e-02	-6.028411e+00
4.383000e-05	2.371519e-03	-6.147899e+00
4.384000e-05	4.814615e-03	-6.171099e+00
4.385000e-05	-6.216418e-03	-6.203702e+00
4.386000e-05	-1.875625e-02	-6.245662e+00
4.387000e-05	-4.139039e-03	-6.285915e+00
4.388000e-05	9.649587e-03	-6.298294e+00
4.389000e-05	-9.598101e-03	-6.326420e+00
4.390000e-05	-1.511133e-02	-6.328494e+00
4.391000e-05	-6.021142e-03	-6.368499e+00
4.392000e-05	6.375079e-03	-6.379424e+00
4.393000e-05	-5.072140e-03	-6.378951e+00
4.394000e-05	-1.757440e-02	-6.400025e+00
4.395000e-05	-3.140509e-03	-6.389525e+00
4.396000e-05	2.587315e-03	-6.409025e+00
4.397000e-05	-4.813441e-03	-6.400549e+00
4.398000e-05	-1.476996e-02	-6.378501e+00
4.399000e-05	-6.100702e-03	-6.379003e+00
4.400000e-05	3.931066e-03	-6.379024e+00
4.401000e-05	-5.913245e-03	-6.358999e+00
4.402000e-05	-1.227500e-02	-6.389524e+00
4.403000e-05	-5.796305e-03	-6.348469e+00
4.404000e-05	2.565694e-03	-6.327450e+00
4.405000e-05	-4.137605e-03	-6.306391e+00
4.406000e-05	-1.268575e-02	-6.274315e+00
4.407000e-05	-5.888094e-03	-6.253238e+00
4.408000e-05	1.855872e-03	-6.213632e+00
4.409000e-05	-4.595572e-03	-6.128952e+00
4.410000e-05	-1.152008e-02	-6.116368e+00
4.411000e-05	-7.349523e-03	-6.084763e+00
4.412000e-05	5.512251e-04	-6.042680e+00
4.413000e-05	-4.317277e-03	-6.021126e+00
4.414000e-05	-1.065415e-02	-5.970476e+00
4.415000e-05	-6.263329e-03	-5.969474e+00
4.416000e-05	-2.856084e-04	-5.927894e+00
4.417000e-05	-3.973411e-03	-5.885237e+00
4.418000e-05	-1.001365e-02	-5.852182e+00
4.419000e-05	-7.133746e-03	-5.781102e+00
4.420000e-05	-1.752323e-03	-5.728398e+00
4.421000e-05	-4.074834e-03	-5.676238e+00
4.422000e-05	-8.630786e-03	-5.652682e+00
4.423000e-05	-6.214900e-03	-5.590528e+00
4.424000e-05	-1.799706e-03	-5.518449e+00
4.425000e-05	-4.316923e-03	-5.474361e+00
4.426000e-05	-7.986075e-03	-5.390945e+00
4.427000e-05	-6.753042e-03	-5.280307e+00
4.428000e-05	-2.117599e-03	-5.193108e+00
4.429000e-05	-3.302108e-03	-5.139923e+00
4.430000e-05	-7.426334e-03	-5.066266e+00
4.431000e-05	-7.207761e-03	-4.982503e+00
4.432000e-05	-2.764859e-03	-4.930445e+00
4.433000e-05	-3.134108e-03	-4.762446e+00
4.434000e-05	-7.405935e-03	-4.726888e+00
4.435000e-05	-6.625904e-03	-4.623558e+00
4.436000e-05	-2.554707e-03	-4.550022e+00
4.437000e-05	-3.125257e-03	-4.467264e+00
4.438000e-05	-6.797570e-03	-4.383630e+00
4.439000e-05	-6.587193e-03	-4.370449e+00
4.440000e-05	-3.917999e-03	-4.288237e+00
4.441000e-05	-2.257023e-03	-4.232528e+00
4.442000e-05	-6.492556e-03	-4.118846e+00
4.443000e-05	-5.248414e-03	-4.005653e+00
4.444000e-05	-2.689443e-03	-3.951950e+00
4.445000e-05	-2.130501e-03	-3.878232e+00
4.446000e-05	-5.209475e-03	-3.701947e+00
4.447000e-05	-5.947150e-03	-3.604629e+00
4.448000e-05	-3.799816e-03	-3.542875e+00
4.449000e-05	-4.425257e-03	-3.427181e+00
4.450000e-05	-5.249871e-03	-3.370946e+00
4.451000e-05	-6.275117e-03	-3.247633e+00
4.452000e-05	-2.420951e-03	-3.172474e+00
4.453000e-05	-2.441969e-03	-3.048737e+00
4.454000e-05	-3.400574e-03	-2.901291e+00
4.455000e-05	-5.446488e-03	-2.807552e+00
4.456000e-05	-3.563243e-03	-2.732397e+00
4.457000e-05	-3.102345e-03	-2.636454e+00
4.458000e-05	-4.729621e-03	-2.491387e+00
4.459000e-05	-5.381405e-03	-2.416028e+00
4.460000e-05	-4.014719e-03	-2.344818e+00
4.461000e-05	-2.676615e-03	-2.197374e+00
4.462000e-05	-3.471662e-03	-2.009132e+00
4.463000e-05	-3.992331e-03	-1.984369e+00
4.464000e-05	-2.804223e-03	-1.849583e+00
4.465000e-05	-2.136225e-03	-1.723869e+00
4.466000e-05	-3.347124e-03	-1.648180e+00
4.467000e-05	-4.975227e-03	-1.565350e+00
4.468000e-05	-4.852561e-03	-1.369543e+00
4.469000e-05	-2.654142e-03	-1.208157e+00
4.470000e-05	-4.268750e-03	-1.092768e+00
4.471000e-05	-5.357312e-03	-1.008051e+00
4.472000e-05	-2.669777e-03	-8.732147e-01
4.473000e-05	6.027089e-05	-7.865013e-01
4.474000e-05	-2.094993e-03	-6.811857e-01
4.475000e-05	-5.780838e-03	-5.252846e-01
4.476000e-05	-3.447618e-03	-4.089764e-01
4.477000e-05	-2.201863e-03	-2.943109e-01
4.478000e-05	-3.154350e-03	-2.185488e-01
4.479000e-05	-5.429367e-03	-6.321202e-02
4.480000e-05	1.287223e-04	1.526319e-03
4.481000e-05	2.386210e-03	1.562868e-01
4.482000e-05	-3.813669e-05	2.821802e-01
4.483000e-05	-3.543914e-03	3.889212e-01
4.484000e-05	-2.046022e-03	4.826092e-01
4.485000e-05	-3.208963e-04	5.979460e-01
4.486000e-05	-1.550640e-03	6.432117e-01
4.487000e-05	1.506096e-03	7.979973e-01
4.488000e-05	3.178443e-02	8.546864e-01
4.489000e-05	3.629652e-02	1.150260e+00
4.490000e-05	-2.624772e-02	1.261134e+00
4.491000e-05	-7.997470e-02	1.376999e+00
4.492000e-05	-5.908889e-02	1.410605e+00
4.493000e-05	1.098925e-01	1.579490e+00
4.494000e-05	2.776364e-02	1.763467e+00
4.495000e-05	-1.376464e-01	1.777950e+00
4.496000e-05	6.767166e-02	1.870709e+00
4.497000e-05	6.831408e-02	2.017553e+00
4.498000e-05	-3.164394e-02	2.143891e+00
4.499000e-05	-1.757980e-02	2.155447e+00
4.500000e-05	-4.748719e-03	2.341738e+00
4.501000e-05	-5.976304e-02	2.408104e+00
4.502000e-05	6.469288e-02	2.460734e+00
4.503000e-05	6.322539e-02	2.668027e+00
4.504000e-05	-9.895193e-02	2.805474e+00
4.505000e-05	-1.258694e-02	2.837659e+00
4.506000e-05	6.848037e-02	2.983448e+00
4.507000e-05	-4.227034e-03	3.027705e+00
4.508000e-05	-4.723494e-02	3.152917e+00
4.509000e-05	-2.453307e-02	3.239155e+00
4.510000e-05	4.620831e-02	3.362965e+00
4.511000e-05	6.539611e-02	3.476682e+00
4.512000e-05	-8.831061e-02	3.604025e+00
4.513000e-05	-2.924106e-02	3.660186e+00
4.514000e-05	6.988247e-02	3.792445e+00
4.515000e-05	-6.655688e-03	3.867209e+00
4.516000e-05	-3.944282e-02	3.962421e+00
4.517000e-05	9.601823e-03	3.995001e+00
4.518000e-05	2.502736e-02	4.046859e+00
4.519000e-05	-2.589644e-03	4.235052e+00
4.520000e-05	-7.635207e-03	4.371417e+00
4.521000e-05	-2.738634e-02	4.384505e+00
4.522000e-05	2.050598e-02	4.497785e+00
4.523000e-05	1.303989e-02	4.600968e+00
4.524000e-05	-1.062547e-02	4.647184e+00
4.525000e-05	-1.654812e-02	4.769294e+00
4.526000e-05	1.921355e-02	4.802474e+00
4.527000e-05	8.687634e-03	4.845184e+00
4.528000e-05	-2.149708e-02	5.012476e+00
4.529000e-05	-1.547150e-03	5.119387e+00
4.530000e-05	7.783479e-03	5.172550e+00
4.531000e-05	1.048758e-02	5.212610e+00
4.532000e-05	-1.161259e-02	5.306865e+00
4.533000e-05	-7.297693e-03	5.391022e+00
4.534000e-05	6.732041e-03	5.443628e+00
4.535000e-05	9.570175e-03	5.505258e+00
4.536000e-05	-1.103110e-02	5.548996e+00
4.537000e-05	-8.008703e-03	5.591576e+00
4.538000e-05	1.097095e-02	5.643129e+00
4.539000e-05	6.784036e-03	5.677286e+00
4.540000e-05	-8.796832e-03	5.697440e+00
4.541000e-05	-1.079364e-02	5.892080e+00
4.542000e-05	1.012805e-02	5.877363e+00
4.543000e-05	4.776909e-03	5.958447e+00
4.544000e-05	-7.256768e-03	6.000975e+00
4.545000e-05	-8.220396e-03	6.011078e+00
4.546000e-05	7.993764e-03	6.010653e+00
4.547000e-05	7.298659e-03	6.032707e+00
4.548000e-05	-1.033338e-02	6.084839e+00
4.549000e-05	-6.568980e-03	6.106936e+00
4.550000e-05	5.553053e-03	6.159949e+00
4.551000e-05	7.101554e-03	6.179497e+00
4.552000e-05	-7.634661e-03	6.201054e+00
4.553000e-05	-6.164095e-03	6.200154e+00
4.554000e-05	4.885687e-03	6.221555e+00
4.555000e-05	5.380993e-03	6.223281e+00
4.556000e-05	-4.141686e-03	6.293363e+00
4.557000e-05	-7.704076e-03	6.273810e+00
4.558000e-05	4.968536e-03	6.285260e+00
4.559000e-05	2.936626e-03	6.335364e+00
4.560000e-05	-3.967091e-03	6.304837e+00
4.561000e-05	-7.775096e-03	6.338311e+00
4.562000e-05	3.996292e-03	6.316440e+00
4.563000e-05	3.843433e-03	6.325365e+00
4.564000e-05	-3.665985e-03	6.294341e+00
4.565000e-05	-5.864182e-03	6.336320e+00
4.566000e-05	1.857253e-03	6.326287e+00
4.567000e-05	4.334952e-03	6.274338e+00
4.568000e-05	-3.383180e-03	6.284761e+00
4.569000e-05	-4.703501e-03	6.253357e+00
4.570000e-05	5.137909e-04	6.253179e+00
4.571000e-05	4.679973e-03	6.210604e+00
4.572000e-05	-2.919423e-03	6.202574e+00
4.573000e-05	-5.394408e-03	6.170104e+00
4.574000e-05	5.583514e-04	6.209020e+00
4.575000e-05	3.577314e-03	6.136895e+00
4.576000e-05	-1.327748e-03	6.064368e+00
4.577000e-05	-5.176847e-03	6.082783e+00
4.578000e-05	7.131219e-04	6.062180e+00
4.579000e-05	1.913056e-03	6.020552e+00
4.580000e-05	-1.275457e-03	6.000050e+00
4.581000e-05	-5.557541e-03	5.989974e+00
4.582000e-05	4.355573e-04	5.927839e+00
4.583000e-05	2.387541e-03	5.894727e+00
4.584000e-05	-1.151747e-03	5.771447e+00
4.585000e-05	-4.351427e-03	5.708337e+00
4.586000e-05	-1.860646e-03	5.671654e+00
4.587000e-05	3.340785e-03	5.582575e+00
4.588000e-05	-2.081514e-03	5.569495e+00
4.589000e-05	-4.157060e-03	5.518320e+00
4.590000e-05	-2.507456e-03	5.493257e+00
4.591000e-05	2.286477e-03	5.410999e+00
4.592000e-05	-1.145033e-03	5.328445e+00
4.593000e-05	-4.167805e-03	5.264237e+00
4.594000e-05	-2.299545e-03	5.252603e+00
4.595000e-05	1.874114e-03	5.129915e+00
4.596000e-05	-5.488337e-05	5.001606e+00
4.597000e-05	-4.342865e-03	4.918860e+00
4.598000e-05	-2.875795e-03	4.833653e+00
4.599000e-05	1.074561e-03	4.748970e+00
4.600000e-05	-6.450953e-04	4.687415e+00
4.601000e-05	-3.617626e-03	4.564204e+00
4.602000e-05	-2.866155e-03	4.519945e+00
4.603000e-05	-1.909569e-04	4.474633e+00
4.604000e-05	-6.478520e-04	4.392077e+00
4.605000e-05	-4.543133e-03	4.349919e+00
4.606000e-05	-3.875711e-03	4.234808e+00
4.607000e-05	-6.631477e-05	4.087711e+00
4.608000e-05	-1.932069e-03	3.992573e+00
4.609000e-05	-3.477720e-03	3.930315e+00
4.610000e-05	-4.231624e-03	3.824104e+00
4.611000e-05	3.771689e-04	3.762445e+00
4.612000e-05	-1.639181e-03	3.696234e+00
4.613000e-05	-4.234755e-03	3.582974e+00
4.614000e-05	-4.170959e-03	3.456890e+00
4.615000e-05	-2.004410e-03	3.354576e+00
4.616000e-05	-1.876194e-03	3.255654e+00
4.617000e-05	-4.322878e-03	3.171867e+00
4.618000e-05	-3.306445e-03	3.058657e+00
4.619000e-05	-2.202561e-03	2.963451e+00
4.620000e-05	-2.498953e-03	2.870134e+00
4.621000e-05	-4.608668e-03	2.773051e+00
4.622000e-05	-3.880191e-03	2.659768e+00
4.623000e-05	-2.583713e-03	2.500437e+00
4.624000e-05	-2.450547e-03	2.405099e+00
4.625000e-05	-4.101901e-03	2.301364e+00
4.626000e-05	-3.398878e-03	2.247653e+00
4.627000e-05	-2.817368e-03	2.071260e+00
4.628000e-05	-2.815241e-03	1.996580e+00
4.629000e-05	-4.407556e-03	1.923893e+00
4.630000e-05	-4.257155e-03	1.787996e+00
4.631000e-05	-3.033285e-03	1.681284e+00
4.632000e-05	-2.806727e-03	1.604867e+00
4.633000e-05	-4.175619e-03	1.438654e+00
4.634000e-05	-4.144095e-03	1.273887e+00
4.635000e-05	-3.272836e-03	1.207128e+00
4.636000e-05	-2.647539e-03	1.081609e+00
4.637000e-05	-4.146150e-03	8.827869e-01
4.638000e-05	-5.187524e-03	8.079738e-01
4.639000e-05	-3.767009e-03	6.642859e-01
4.640000e-05	-2.704180e-03	5.449938e-01
4.641000e-05	-4.334709e-03	4.420568e-01
4.642000e-05	-4.641742e-03	3.774461e-01
4.643000e-05	-4.698499e-03	2.106288e-01
4.644000e-05	-2.696577e-03	8.268427e-02
4.645000e-05	-3.729520e-03	-3.255264e-02
4.646000e-05	-2.207215e-03	-1.262682e-01
4.647000e-05	2.292751e-05	-2.426051e-01
4.648000e-05	-1.297828e-03	-3.458706e-01
4.649000e-05	-2.337605e-03	-4.320526e-01
4.650000e-05	-2.970783e-03	-5.448371e-01
4.651000e-05	-3.238512e-03	-6.427128e-01
4.652000e-05	-2.537932e-03	-7.889986e-01
4.653000e-05	9.766601e-03	-8.821342e-01
4.654000e-05	5.586785e-02	-9.784447e-01
4.655000e-05	-1.079584e-02	-1.145793e+00
4.656000e-05	-5.228798e-02	-1.398401e+00
4.657000e-05	-1.124860e-01	-1.565897e+00
4.658000e-05	9.586249e-02	-1.566500e+00
4.659000e-05	6.902053e-02	-1.568921e+00
4.660000e-05	-1.167231e-01	-1.775401e+00
4.661000e-05	5.031206e-03	-1.872258e+00
4.662000e-05	1.043860e-01	-1.861209e+00
4.663000e-05	-3.609937e-02	-2.068578e+00
4.664000e-05	-5.803551e-02	-2.280159e+00
4.665000e-05	6.103985e-02	-2.303290e+00
4.666000e-05	-8.904931e-02	-2.426550e+00
4.667000e-05	-1.899106e-02	-2.554345e+00
4.668000e-05	1.542482e-01	-2.617075e+00
4.669000e-05	-8.643605e-02	-2.721242e+00
4.670000e-05	-9.686644e-02	-2.817551e+00
4.671000e-05	1.233819e-01	-2.920257e+00
4.672000e-05	-2.061558e-02	-3.130712e+00
4.673000e-05	-5.659593e-02	-3.185000e+00
4.674000e-05	-1.866342e-02	-3.259576e+00
4.675000e-05	1.289642e-02	-3.393396e+00
4.676000e-05	9.052467e-02	-3.520792e+00
4.677000e-05	-6.007193e-02	-3.542895e+00
4.678000e-05	-1.012573e-01	-3.585154e+00
4.679000e-05	1.063246e-01	-3.742350e+00
4.680000e-05	9.534422e-03	-3.869186e+00
4.681000e-05	-8.739630e-02	-3.984475e+00
4.682000e-05	2.742270e-02	-4.028100e+00
4.683000e-05	9.932245e-03	-4.131342e+00
4.684000e-05	2.152226e-02	-4.217182e+00
4.685000e-05	-2.927439e-02	-4.290261e+00
4.686000e-05	-5.166306e-02	-4.371443e+00
4.687000e-05	5.097103e-02	-4.434630e+00
4.688000e-05	1.233883e-03	-4.551366e+00
4.689000e-05	-2.804157e-02	-4.594531e+00
4.690000e-05	-8.656242e-03	-4.677708e+00
4.691000e-05	2.947348e-03	-4.761395e+00
4.692000e-05	2.230697e-02	-4.848342e+00
4.693000e-05	-3.475564e-02	-4.930916e+00
4.694000e-05	-2.193947e-02	-5.014976e+00
4.695000e-05	2.607025e-02	-5.066738e+00
4.696000e-05	-2.357746e-03	-5.148971e+00
4.697000e-05	-7.238304e-03	-5.223628e+00
4.698000e-05	-2.644123e-02	-5.269809e+00
4.699000e-05	1.018706e-03	-5.393055e+00
4.700000e-05	2.641166e-02	-5.549319e+00
4.701000e-05	-3.047743e-02	-5.580475e+00
4.702000e-05	-1.275992e-02	-5.602051e+00
4.703000e-05	5.028495e-03	-5.644707e+00
4.704000e-05	9.382552e-03	-5.717816e+00
4.705000e-05	-9.772176e-03	-5.739520e+00
4.706000e-05	-3.140425e-02	-5.831580e+00
4.707000e-05	1.142848e-02	-5.824661e+00
4.708000e-05	7.799860e-03	-5.905867e+00
4.709000e-05	-1.326753e-02	-5.968946e+00
4.710000e-05	-1.596433e-02	-5.978999e+00
4.711000e-05	-1.720885e-03	-6.002025e+00
4.712000e-05	1.313396e-02	-6.041650e+00
4.713000e-05	-1.676314e-02	-6.066710e+00
4.714000e-05	-1.904099e-02	-6.136815e+00
4.715000e-05	4.499702e-03	-6.138870e+00
4.716000e-05	5.296256e-03	-6.151023e+00
4.717000e-05	-8.781225e-03	-6.230204e+00
4.718000e-05	-1.935937e-02	-6.236762e+00
4.719000e-05	3.727936e-04	-6.304332e+00
4.720000e-05	8.061313e-03	-6.317767e+00
4.721000e-05	-1.203030e-02	-6.358495e+00
4.722000e-05	-1.460356e-02	-6.337473e+00
4.723000e-05	-2.953964e-03	-6.379423e+00
4.724000e-05	6.479144e-03	-6.338925e+00
4.725000e-05	-8.969163e-03	-6.390500e+00
4.726000e-05	-1.750593e-02	-6.409000e+00
4.727000e-05	-3.439989e-04	-6.380026e+00
4.728000e-05	1.628134e-03	-6.398999e+00
4.729000e-05	-5.939233e-03	-6.379023e+00
4.730000e-05	-1.432809e-02	-6.400025e+00
4.731000e-05	-3.075552e-03	-6.369025e+00
4.732000e-05	2.360883e-03	-6.360025e+00
4.733000e-05	-7.786237e-03	-6.369024e+00
4.734000e-05	-1.258247e-02	-6.367471e+00
4.735000e-05	-4.136110e-03	-6.327471e+00
4.736000e-05	1.425426e-03	-6.317974e+00
4.737000e-05	-5.721238e-03	-6.336414e+00
4.738000e-05	-1.214636e-02	-6.253317e+00
4.739000e-05	-4.753008e-03	-6.244687e+00
4.740000e-05	6.050334e-04	-6.192702e+00
4.741000e-05	-6.237293e-03	-6.140047e+00
4.742000e-05	-1.145253e-02	-6.136424e+00
4.743000e-05	-5.859445e-03	-6.045157e+00
4.744000e-05	5.954210e-04	-6.022157e+00
4.745000e-05	-5.607086e-03	-6.032104e+00
4.746000e-05	-1.106060e-02	-5.989526e+00
4.747000e-05	-5.662708e-03	-5.969450e+00
4.748000e-05	-5.529041e-04	-5.906469e+00
4.749000e-05	-4.413305e-03	-5.886285e+00
4.750000e-05	-1.012629e-02	-5.822178e+00
4.751000e-05	-6.402837e-03	-5.749523e+00
4.752000e-05	-1.090886e-03	-5.726945e+00
4.753000e-05	-6.179674e-03	-5.654762e+00
4.754000e-05	-9.970020e-03	-5.613581e+00
4.755000e-05	-6.583041e-03	-5.599450e+00
4.756000e-05	-1.876137e-04	-5.497945e+00
4.757000e-05	-5.614325e-03	-5.466838e+00
4.758000e-05	-8.895971e-03	-5.381099e+00
4.759000e-05	-5.960320e-03	-5.285865e+00
4.760000e-05	-7.174148e-04	-5.201574e+00
4.761000e-05	-4.587369e-03	-5.139423e+00
4.762000e-05	-8.922462e-03	-5.074663e+00
4.763000e-05	-5.801284e-03	-5.011000e+00
4.764000e-05	-8.774678e-04	-4.908367e+00
4.765000e-05	-3.333383e-03	-4.762570e+00
4.766000e-05	-8.419281e-03	-4.673865e+00
4.767000e-05	-5.844860e-03	-4.603604e+00
4.768000e-05	-1.847207e-04	-4.561450e+00
4.769000e-05	-5.021543e-03	-4.468237e+00
4.770000e-05	-9.230603e-03	-4.413078e+00
4.771000e-05	-6.349843e-03	-4.341974e+00
4.772000e-05	2.616244e-04	-4.298711e+00
4.773000e-05	-3.190131e-03	-4.182473e+00
4.774000e-05	-8.800826e-03	-4.109340e+00
4.775000e-05	-5.623388e-03	-4.014578e+00
4.776000e-05	-5.209778e-04	-3.931474e+00
4.777000e-05	-3.334290e-03	-3.845211e+00
4.778000e-05	-8.063420e-03	-3.689314e+00
4.779000e-05	-4.838053e-03	-3.573628e+00
4.780000e-05	-1.077946e-03	-3.560970e+00
4.781000e-05	-3.302768e-03	-3.446636e+00
4.782000e-05	-7.331627e-03	-3.362348e+00
4.783000e-05	-5.656323e-03	-3.227707e+00
4.784000e-05	-3.056504e-03	-3.161921e+00
4.785000e-05	-2.171202e-03	-3.019658e+00
4.786000e-05	-6.563459e-03	-2.908218e+00
4.787000e-05	-4.519368e-03	-2.794026e+00
4.788000e-05	-2.947063e-03	-2.720816e+00
4.789000e-05	-1.643932e-03	-2.607054e+00
4.790000e-05	-5.527855e-03	-2.489315e+00
4.791000e-05	-4.909070e-03	-2.395152e+00
4.792000e-05	-2.720581e-03	-2.362841e+00
4.793000e-05	-2.977762e-03	-2.136449e+00
4.794000e-05	-6.375675e-03	-2.018580e+00
4.795000e-05	-4.461011e-03	-1.933920e+00
4.796000e-05	-1.863947e-03	-1.818108e+00
4.797000e-05	-1.358249e-03	-1.753441e+00
4.798000e-05	-3.717747e-03	-1.628635e+00
4.799000e-05	-4.117002e-03	-1.525342e+00
4.800000e-05	-3.112881e-03	-1.365969e+00
4.801000e-05	-4.037170e-03	-1.178533e+00
4.802000e-05	-5.359507e-03	-1.083288e+00
4.803000e-05	-5.368178e-03	-9.565214e-01
4.804000e-05	-1.812599e-03	-8.421843e-01
4.805000e-05	-1.625804e-03	-7.874763e-01
4.806000e-05	-4.408215e-03	-6.312580e-01
4.807000e-05	-4.352036e-03	-4.732395e-01
4.808000e-05	-2.369605e-03	-3.889738e-01
4.809000e-05	-3.475450e-03	-2.922630e-01
4.810000e-05	-4.066062e-03	-1.769737e-01
4.811000e-05	-1.933933e-03	-6.116034e-02
4.812000e-05	-1.605303e-04	1.100126e-02
4.813000e-05	9.923305e-04	1.563394e-01
4.814000e-05	-1.071372e-03	3.157842e-01
4.815000e-05	-1.711152e-03	3.684999e-01
4.816000e-05	-7.727614e-04	4.742090e-01
4.817000e-05	-1.173310e-03	5.894474e-01
4.818000e-05	-1.853195e-03	6.837391e-01
4.819000e-05	4.907203e-03	7.884186e-01
4.820000e-05	3.604438e-02	9.257332e-01
4.821000e-05	2.514159e-02	1.154811e+00
4.822000e-05	-3.163061e-02	1.283255e+00
4.823000e-05	-8.726375e-02	1.387470e+00
4.824000e-05	-3.336288e-02	1.431103e+00
4.825000e-05	1.103526e-01	1.589394e+00
4.826000e-05	6.845591e-03	1.776892e+00
4.827000e-05	-1.363968e-01	1.808976e+00
4.828000e-05	9.271193e-02	1.922785e+00
4.829000e-05	5.221389e-02	2.059129e+00
4.830000e-05	-4.492355e-02	2.122765e+00
4.831000e-05	3.923024e-03	2.186472e+00
4.832000e-05	-2.161039e-02	2.332291e+00
4.833000e-05	-5.107330e-02	2.417079e+00
4.834000e-05	8.078282e-02	2.521854e+00
4.835000e-05	4.077562e-02	2.638629e+00
4.836000e-05	-1.041794e-01	2.804522e+00
4.837000e-05	8.310079e-03	2.849678e+00
4.838000e-05	5.909023e-02	3.004922e+00
4.839000e-05	-8.200831e-03	3.060132e+00
4.840000e-05	-4.992661e-02	3.173391e+00
4.841000e-05	-1.789830e-02	3.278179e+00
4.842000e-05	5.757455e-02	3.345394e+00
4.843000e-05	4.962917e-02	3.510711e+00
4.844000e-05	-9.588041e-02	3.595026e+00
4.845000e-05	-1.148912e-02	3.670283e+00
4.846000e-05	7.167664e-02	3.743896e+00
4.847000e-05	-2.171554e-02	3.858179e+00
4.848000e-05	-3.215637e-02	3.961891e+00
4.849000e-05	1.073980e-02	4.035050e+00
4.850000e-05	2.612045e-02	4.088813e+00
4.851000e-05	-4.137245e-03	4.228204e+00
4.852000e-05	-1.058070e-02	4.361892e+00
4.853000e-05	-2.346566e-02	4.414153e+00
4.854000e-05	2.203492e-02	4.500813e+00
4.855000e-05	1.171909e-02	4.541397e+00
4.856000e-05	-1.686337e-02	4.657732e+00
4.857000e-05	-1.091735e-02	4.750419e+00
4.858000e-05	1.994508e-02	4.772499e+00
4.859000e-05	7.120528e-03	4.895833e+00
4.860000e-05	-2.145346e-02	4.972670e+00
4.861000e-05	7.298151e-04	5.138785e+00
4.862000e-05	9.168274e-03	5.191999e+00
4.863000e-05	9.079879e-03	5.285205e+00
4.864000e-05	-1.197419e-02	5.297840e+00
4.865000e-05	-8.312248e-03	5.380946e+00
4.866000e-05	9.114442e-03	5.463657e+00
4.867000e-05	6.498347e-03	5.518788e+00
4.868000e-05	-1.014924e-02	5.557916e+00
4.869000e-05	-8.300623e-03	5.611026e+00
4.870000e-05	1.381676e-02	5.633680e+00
4.871000e-05	5.831502e-03	5.684688e+00
4.872000e-05	-1.005621e-02	5.750441e+00
4.873000e-05	-9.940166e-03	5.814230e+00
4.874000e-05	9.481933e-03	5.896237e+00
4.875000e-05	4.986822e-03	5.938916e+00
4.876000e-05	-9.337524e-03	5.979475e+00
4.877000e-05	-5.799605e-03	6.012582e+00
4.878000e-05	8.718345e-03	6.023053e+00
4.879000e-05	8.013155e-03	6.064282e+00
4.880000e-05	-1.102443e-02	6.075837e+00
4.881000e-05	-5.230282e-03	6.157441e+00
4.882000e-05	4.988439e-03	6.169423e+00
4.883000e-05	6.122997e-03	6.189497e+00
4.884000e-05	-9.129653e-03	6.210552e+00
4.885000e-05	-6.021274e-03	6.232028e+00
4.886000e-05	6.060279e-03	6.243131e+00
4.887000e-05	4.637544e-03	6.222679e+00
4.888000e-05	-4.884632e-03	6.244206e+00
4.889000e-05	-7.713226e-03	6.284214e+00
4.890000e-05	6.192216e-03	6.316762e+00
4.891000e-05	3.222441e-03	6.286786e+00
4.892000e-05	-4.482893e-03	6.316346e+00
4.893000e-05	-7.111049e-03	6.347869e+00
4.894000e-05	4.053446e-03	6.338391e+00
4.895000e-05	3.789359e-03	6.334790e+00
4.896000e-05	-3.895474e-03	6.323415e+00
4.897000e-05	-4.947491e-03	6.344815e+00
4.898000e-05	2.709760e-03	6.325388e+00
4.899000e-05	4.679926e-03	6.336186e+00
4.900000e-05	-5.038638e-03	6.275313e+00
4.901000e-05	-3.831387e-03	6.264782e+00
4.902000e-05	5.580106e-04	6.261732e+00
4.903000e-05	4.333376e-03	6.231604e+00
4.904000e-05	-3.796743e-03	6.210602e+00
4.905000e-05	-3.356014e-03	6.207977e+00
4.906000e-05	1.587453e-03	6.198994e+00
4.907000e-05	2.843716e-03	6.135391e+00
4.908000e-05	-2.636521e-03	6.144788e+00
4.909000e-05	-4.219775e-03	6.064231e+00
4.910000e-05	1.050365e-03	6.052159e+00
4.911000e-05	2.198881e-03	6.010076e+00
4.912000e-05	-2.007784e-03	6.010000e+00
4.913000e-05	-4.398632e-03	5.968920e+00
4.914000e-05	9.506585e-04	5.947392e+00
4.915000e-05	2.349723e-03	5.894258e+00
4.916000e-05	-2.096506e-03	5.830152e+00
4.917000e-05	-3.917084e-03	5.714841e+00
4.918000e-05	1.092357e-04	5.621106e+00
4.919000e-05	2.063697e-03	5.600024e+00
4.920000e-05	-1.273112e-03	5.587447e+00
4.921000e-05	-3.263424e-03	5.537297e+00
4.922000e-05	-1.238159e-03	5.483208e+00
4.923000e-05	1.037305e-03	5.402603e+00
4.924000e-05	-3.072582e-03	5.337345e+00
4.925000e-05	-3.616357e-03	5.275759e+00
4.926000e-05	-3.509901e-04	5.202027e+00
4.927000e-05	1.074651e-03	5.137997e+00
4.928000e-05	-2.132875e-03	5.014026e+00
4.929000e-05	-3.777054e-03	4.897335e+00
4.930000e-05	-1.770758e-03	4.812600e+00
4.931000e-05	1.086028e-03	4.769971e+00
4.932000e-05	-2.829989e-03	4.677313e+00
4.933000e-05	-2.723424e-03	4.642605e+00
4.934000e-05	-2.151796e-03	4.529340e+00
4.935000e-05	3.670705e-04	4.483659e+00
4.936000e-05	-3.279212e-03	4.381499e+00
4.937000e-05	-3.923673e-03	4.309314e+00
4.938000e-05	-3.522078e-03	4.214709e+00
4.939000e-05	-2.319408e-04	4.056759e+00
4.940000e-05	-2.385345e-03	3.992052e+00
4.941000e-05	-3.647063e-03	3.928887e+00
4.942000e-05	-2.084440e-03	3.814632e+00
4.943000e-05	-2.416466e-04	3.750420e+00
4.944000e-05	-3.106479e-03	3.646182e+00
4.945000e-05	-5.048678e-03	3.591999e+00
4.946000e-05	-2.954902e-03	3.489339e+00
4.947000e-05	-1.445473e-03	3.361019e+00
4.948000e-05	-2.443552e-03	3.235655e+00
4.949000e-05	-4.414760e-03	3.161941e+00
4.950000e-05	-2.548559e-03	3.046158e+00
4.951000e-05	-2.144429e-03	2.920920e+00
4.952000e-05	-3.024077e-03	2.876184e+00
4.953000e-05	-4.891572e-03	2.772496e+00
4.954000e-05	-3.117423e-03	2.698761e+00
4.955000e-05	-2.379282e-03	2.489395e+00
4.956000e-05	-3.543888e-03	2.404675e+00
4.957000e-05	-5.004652e-03	2.280365e+00
4.958000e-05	-3.173171e-03	2.216050e+00
4.959000e-05	-2.118860e-03	2.080310e+00
4.960000e-05	-2.854493e-03	2.026525e+00
4.961000e-05	-4.635043e-03	1.909312e+00
4.962000e-05	-3.886105e-03	1.746594e+00
4.963000e-05	-2.679453e-03	1.638686e+00
4.964000e-05	-2.962840e-03	1.502920e+00
4.965000e-05	-5.359860e-03	1.397104e+00
4.966000e-05	-4.801158e-03	1.273289e+00
4.967000e-05	-3.064997e-03	1.185999e+00
4.968000e-05	-2.375379e-03	1.040659e+00
4.969000e-05	-4.773558e-03	8.811882e-01
4.970000e-05	-4.009689e-03	7.774488e-01
4.971000e-05	-3.119753e-03	6.722357e-01
4.972000e-05	-3.114199e-03	5.238475e-01
4.973000e-05	-4.933710e-03	4.501303e-01
4.974000e-05	-4.733826e-03	3.268936e-01
4.975000e-05	-3.992822e-03	2.184490e-01
4.976000e-05	-3.267676e-03	5.173551e-02
4.977000e-05	-3.411868e-03	-3.305763e-02
4.978000e-05	-6.579839e-04	-1.463184e-01
4.979000e-05	-4.910776e-05	-2.420577e-01
4.980000e-05	-1.555813e-03	-3.268160e-01
4.981000e-05	-3.205464e-03	-4.305538e-01
4.982000e-05	-3.370264e-03	-5.178683e-01
4.983000e-05	-2.782916e-03	-6.551844e-01
4.984000e-05	-2.598819e-03	-7.984987e-01
4.985000e-05	1.555515e-02	-8.946578e-01
4.986000e-05	5.492876e-02	-1.018451e+00
4.987000e-05	-2.059992e-02	-1.178391e+00
4.988000e-05	-6.141550e-02	-1.478501e+00
4.989000e-05	-9.843149e-02	-1.576996e+00
4.990000e-05	1.085230e-01	-1.537444e+00
4.991000e-05	5.571175e-02	-1.578447e+00
4.992000e-05	-1.348372e-01	-1.835549e+00
4.993000e-05	4.641310e-02	-1.892837e+00
4.994000e-05	8.998275e-02	-1.873204e+00
4.995000e-05	-5.753933e-02	-2.101160e+00
4.996000e-05	-2.958355e-02	-2.271361e+00
4.997000e-05	4.428617e-02	-2.313843e+00
4.998000e-05	-1.022982e-01	-2.436975e+00
4.999000e-05	1.614938e-02	-2.593845e+00
