# 260928_11:24:34.180735
t	CH1	CH2
0.000000e+00	-5.499993e-04	-1.384487e-01
1.000000e-08	-1.012853e-03	-2.637594e-01
2.000000e-08	-2.313846e-03	-3.889238e-01
3.000000e-08	-5.072798e-03	-4.626830e-01
4.000000e-08	-2.868463e-03	-6.111551e-01
5.000000e-08	-4.526827e-03	-7.088225e-01
6.000000e-08	-3.801375e-03	-8.311080e-01
7.000000e-08	2.318296e-02	-9.062871e-01
8.000000e-08	4.266002e-02	-1.011107e+00
9.000000e-08	-1.838720e-02	-1.212762e+00
1.000000e-07	-7.698912e-02	-1.484818e+00
1.100000e-07	-6.050753e-02	-1.578949e+00
1.200000e-07	8.228086e-02	-1.557975e+00
1.300000e-07	3.964583e-02	-1.632209e+00
1.400000e-07	-1.162869e-01	-1.821661e+00
1.500000e-07	5.414612e-02	-1.895766e+00
1.600000e-07	6.127759e-02	-1.937945e+00
1.700000e-07	-5.496099e-02	-2.157524e+00
1.800000e-07	2.300787e-03	-2.315795e+00
1.900000e-07	-7.550786e-03	-2.379473e+00
2.000000e-07	-8.948671e-02	-2.463786e+00
2.100000e-07	6.158669e-02	-2.559528e+00
2.200000e-07	6.871684e-02	-2.663756e+00
2.300000e-07	-1.123889e-01	-2.758050e+00
2.400000e-07	-1.538710e-02	-2.862259e+00
2.500000e-07	7.741910e-02	-3.007575e+00
2.600000e-07	-3.570596e-02	-3.167950e+00
2.700000e-07	-4.865155e-02	-3.221581e+00
2.800000e-07	-1.670791e-02	-3.304367e+00
2.900000e-07	3.666733e-02	-3.482161e+00
3.000000e-07	5.939663e-02	-3.568397e+00
3.100000e-07	-1.036745e-01	-3.560048e+00
3.200000e-07	-3.326328e-02	-3.722892e+00
3.300000e-07	8.690410e-02	-3.821506e+00
3.400000e-07	-3.640313e-02	-3.956496e+00
3.500000e-07	-5.402748e-02	-3.991126e+00
3.600000e-07	1.577061e-02	-4.074212e+00
3.700000e-07	1.820250e-02	-4.198052e+00
3.800000e-07	1.147526e-03	-4.324291e+00
3.900000e-07	-4.912750e-02	-4.347319e+00
4.000000e-07	-1.919011e-02	-4.420575e+00
4.100000e-07	3.476466e-02	-4.466213e+00
4.200000e-07	-1.773690e-02	-4.599102e+00
4.300000e-07	-2.509598e-02	-4.685636e+00
4.400000e-07	-1.303603e-02	-4.714971e+00
4.500000e-07	8.957819e-03	-4.804207e+00
4.600000e-07	9.007146e-04	-4.958395e+00
4.700000e-07	-4.446231e-02	-5.001103e+00
4.800000e-07	-5.397715e-03	-5.071738e+00
4.900000e-07	8.442022e-03	-5.118475e+00
5.000000e-07	-5.136454e-03	-5.211609e+00
5.100000e-07	-2.072143e-02	-5.282865e+00
5.200000e-07	-2.894974e-02	-5.401031e+00
5.300000e-07	9.753645e-03	-5.505792e+00
5.400000e-07	-9.921688e-04	-5.580025e+00
5.500000e-07	-3.404069e-02	-5.632152e+00
5.600000e-07	-1.561618e-02	-5.641159e+00
5.700000e-07	1.690009e-03	-5.714845e+00
5.800000e-07	-1.617615e-03	-5.799525e+00
5.900000e-07	-2.764811e-02	-5.850100e+00
6.000000e-07	-2.711678e-02	-5.883714e+00
6.100000e-07	7.070707e-03	-5.895344e+00
6.200000e-07	-7.756618e-03	-5.937949e+00
6.300000e-07	-2.476066e-02	-5.978550e+00
6.400000e-07	-2.166217e-02	-6.000551e+00
6.500000e-07	-2.265990e-03	-6.051680e+00
6.600000e-07	-3.059506e-03	-6.054214e+00
6.700000e-07	-3.158611e-02	-6.087970e+00
6.800000e-07	-1.973597e-02	-6.176073e+00
6.900000e-07	-4.788502e-03	-6.230156e+00
7.000000e-07	-7.084300e-03	-6.294792e+00
7.100000e-07	-2.509827e-02	-6.284844e+00
7.200000e-07	-2.399904e-02	-6.305441e+00
7.300000e-07	-6.020527e-03	-6.378424e+00
7.400000e-07	-1.075744e-02	-6.399474e+00
7.500000e-07	-2.637445e-02	-6.389029e+00
7.600000e-07	-2.335764e-02	-6.389999e+00
7.700000e-07	-1.114010e-02	-6.431101e+00
7.800000e-07	-9.651889e-03	-6.400501e+00
7.900000e-07	-2.649738e-02	-6.421078e+00
8.000000e-07	-2.553380e-02	-6.410578e+00
8.100000e-07	-1.246075e-02	-6.431603e+00
8.200000e-07	-1.511450e-02	-6.410530e+00
8.300000e-07	-2.475348e-02	-6.430530e+00
8.400000e-07	-2.613149e-02	-6.410604e+00
8.500000e-07	-1.503862e-02	-6.400524e+00
8.600000e-07	-1.423236e-02	-6.410503e+00
8.700000e-07	-2.648950e-02	-6.410526e+00
8.800000e-07	-2.574474e-02	-6.410496e+00
8.900000e-07	-1.814672e-02	-6.400474e+00
9.000000e-07	-1.540025e-02	-6.359049e+00
9.100000e-07	-2.441032e-02	-6.357395e+00
9.200000e-07	-2.645066e-02	-6.345420e+00
9.300000e-07	-1.665290e-02	-6.285338e+00
9.400000e-07	-1.641275e-02	-6.324287e+00
9.500000e-07	-2.359024e-02	-6.261579e+00
9.600000e-07	-2.619819e-02	-6.179572e+00
9.700000e-07	-1.702965e-02	-6.095821e+00
9.800000e-07	-1.470733e-02	-6.052687e+00
9.900000e-07	-2.144682e-02	-6.032582e+00
1.000000e-06	-2.303452e-02	-6.022029e+00
1.010000e-06	-1.606244e-02	-5.999500e+00
1.020000e-06	-1.382129e-02	-5.968372e+00
1.030000e-06	-1.885037e-02	-5.926818e+00
1.040000e-06	-2.168951e-02	-5.854159e+00
1.050000e-06	-1.463496e-02	-5.831100e+00
1.060000e-06	-1.169972e-02	-5.766924e+00
1.070000e-06	-1.715728e-02	-5.687243e+00
1.080000e-06	-1.852049e-02	-5.672129e+00
1.090000e-06	-1.484725e-02	-5.610078e+00
1.100000e-06	-1.237858e-02	-5.598473e+00
1.110000e-06	-1.639480e-02	-5.505766e+00
1.120000e-06	-1.799572e-02	-5.422149e+00
1.130000e-06	-1.205353e-02	-5.285784e+00
1.140000e-06	-8.365592e-03	-5.242552e+00
1.150000e-06	-1.179633e-02	-5.148923e+00
1.160000e-06	-1.526763e-02	-5.104608e+00
1.170000e-06	-1.409404e-02	-5.010599e+00
1.180000e-06	-1.094739e-02	-4.957942e+00
1.190000e-06	-1.341477e-02	-4.798424e+00
1.200000e-06	-1.550811e-02	-4.675313e+00
1.210000e-06	-9.609917e-03	-4.643078e+00
1.220000e-06	-6.713281e-03	-4.569425e+00
1.230000e-06	-7.501870e-03	-4.505212e+00
1.240000e-06	-1.183188e-02	-4.440529e+00
1.250000e-06	-1.007030e-02	-4.398971e+00
1.260000e-06	-9.545493e-03	-4.275212e+00
1.270000e-06	-1.171701e-02	-4.229997e+00
1.280000e-06	-1.376336e-02	-4.087840e+00
1.290000e-06	-1.011673e-02	-4.031528e+00
1.300000e-06	-4.760065e-03	-3.980395e+00
1.310000e-06	-6.091157e-03	-3.853084e+00
1.320000e-06	-9.481125e-03	-3.745662e+00
1.330000e-06	-8.753398e-03	-3.641049e+00
1.340000e-06	-6.235006e-03	-3.527318e+00
1.350000e-06	-8.980603e-03	-3.441706e+00
1.360000e-06	-1.194403e-02	-3.326917e+00
1.370000e-06	-9.125547e-03	-3.234078e+00
1.380000e-06	-4.990086e-03	-3.188847e+00
1.390000e-06	-4.786203e-03	-3.003053e+00
1.400000e-06	-6.500546e-03	-2.895259e+00
1.410000e-06	-5.493202e-03	-2.810026e+00
1.420000e-06	-4.614897e-03	-2.726312e+00
1.430000e-06	-5.763111e-03	-2.619525e+00
1.440000e-06	-9.705935e-03	-2.496228e+00
1.450000e-06	-7.791700e-03	-2.390498e+00
1.460000e-06	-6.811769e-03	-2.295761e+00
1.470000e-06	-4.461004e-03	-2.115919e+00
1.480000e-06	-6.934490e-03	-2.021579e+00
1.490000e-06	-3.964061e-03	-1.918290e+00
1.500000e-06	-4.124287e-03	-1.830553e+00
1.510000e-06	-2.802875e-03	-1.726764e+00
1.520000e-06	-6.750798e-03	-1.640528e+00
1.530000e-06	-6.138934e-03	-1.537311e+00
1.540000e-06	-5.980316e-03	-1.346918e+00
1.550000e-06	-3.477705e-03	-1.191999e+00
1.560000e-06	-5.673792e-03	-1.094155e+00
1.570000e-06	-5.681762e-03	-9.789485e-01
1.580000e-06	-3.771870e-03	-8.426581e-01
1.590000e-06	-2.627023e-03	-7.588946e-01
1.600000e-06	-2.586796e-03	-6.410302e-01
1.610000e-06	-5.202162e-03	-4.866842e-01
1.620000e-06	-3.500291e-03	-3.788998e-01
1.630000e-06	-4.225656e-03	-2.522055e-01
1.640000e-06	-2.517368e-03	-1.572697e-01
1.650000e-06	-2.924522e-03	-8.257658e-02
1.660000e-06	3.132446e-04	5.168275e-02
1.670000e-06	-4.461871e-04	1.664422e-01
1.680000e-06	-3.883490e-06	3.252946e-01
1.690000e-06	-2.042638e-03	4.095775e-01
1.700000e-06	-3.544697e-04	4.937157e-01
1.710000e-06	-1.512384e-03	6.020039e-01
1.720000e-06	3.372830e-04	7.268171e-01
1.730000e-06	1.066532e-02	7.989776e-01
1.740000e-06	4.012650e-02	9.379222e-01
1.750000e-06	9.327192e-03	1.187897e+00
1.760000e-06	-3.298923e-02	1.304266e+00
1.770000e-06	-9.444549e-02	1.420552e+00
1.780000e-06	1.454443e-02	1.431713e+00
1.790000e-06	7.889464e-02	1.621580e+00
1.800000e-06	-2.651615e-02	1.739398e+00
1.810000e-06	-7.283909e-02	1.821629e+00
1.820000e-06	7.514862e-02	1.946865e+00
1.830000e-06	4.275901e-02	2.073632e+00
1.840000e-06	-4.149673e-02	2.116338e+00
1.850000e-06	1.592141e-02	2.231108e+00
1.860000e-06	-5.411074e-02	2.358997e+00
1.870000e-06	-8.729929e-03	2.391003e+00
1.880000e-06	8.929226e-02	2.535268e+00
1.890000e-06	-9.524352e-03	2.703867e+00
1.900000e-06	-7.459518e-02	2.830503e+00
1.910000e-06	3.722523e-02	2.904862e+00
1.920000e-06	3.619238e-02	2.979051e+00
1.930000e-06	-1.067200e-02	3.095288e+00
1.940000e-06	-4.570179e-02	3.189478e+00
1.950000e-06	-4.602447e-04	3.312714e+00
1.960000e-06	7.351991e-02	3.416498e+00
1.970000e-06	6.009201e-03	3.505341e+00
1.980000e-06	-7.204796e-02	3.632605e+00
1.990000e-06	1.546256e-02	3.706836e+00
2.000000e-06	5.695549e-02	3.808449e+00
2.010000e-06	-2.885367e-02	3.884815e+00
2.020000e-06	-1.285382e-02	3.969928e+00
2.030000e-06	1.839648e-02	4.051232e+00
2.040000e-06	2.039430e-02	4.146401e+00
2.050000e-06	-2.096667e-03	4.293185e+00
2.060000e-06	-1.454476e-02	4.369001e+00
2.070000e-06	-1.814490e-03	4.422108e+00
2.080000e-06	1.927368e-02	4.516864e+00
2.090000e-06	1.404087e-02	4.649979e+00
2.100000e-06	-1.637575e-02	4.693739e+00
2.110000e-06	7.522610e-03	4.777969e+00
2.120000e-06	1.866794e-02	4.870554e+00
2.130000e-06	3.262684e-03	4.924843e+00
2.140000e-06	-1.046142e-02	4.992601e+00
2.150000e-06	7.757537e-03	5.123920e+00
2.160000e-06	1.608308e-02	5.191124e+00
2.170000e-06	7.916114e-03	5.253762e+00
2.180000e-06	-3.865814e-03	5.385917e+00
2.190000e-06	5.599381e-04	5.419099e+00
2.200000e-06	1.938237e-02	5.471609e+00
2.210000e-06	4.388444e-03	5.536313e+00
2.220000e-06	-1.979595e-03	5.558974e+00
2.230000e-06	4.263877e-03	5.600076e+00
2.240000e-06	1.997246e-02	5.642155e+00
2.250000e-06	5.930021e-03	5.713842e+00
2.260000e-06	-4.580933e-03	5.789001e+00
2.270000e-06	6.217090e-03	5.854234e+00
2.280000e-06	1.686822e-02	5.954869e+00
2.290000e-06	1.000943e-02	5.968970e+00
2.300000e-06	-2.362795e-03	5.999075e+00
2.310000e-06	8.384648e-03	6.011579e+00
2.320000e-06	1.732231e-02	6.061104e+00
2.330000e-06	1.040969e-02	6.064659e+00
2.340000e-06	-1.302224e-03	6.117342e+00
2.350000e-06	7.809141e-03	6.138967e+00
2.360000e-06	1.811719e-02	6.188971e+00
2.370000e-06	1.030300e-02	6.219501e+00
2.380000e-06	3.678753e-03	6.221603e+00
2.390000e-06	6.324123e-03	6.242205e+00
2.400000e-06	1.926317e-02	6.262157e+00
2.410000e-06	1.174380e-02	6.254707e+00
2.420000e-06	5.461701e-03	6.284759e+00
2.430000e-06	9.724772e-03	6.308267e+00
2.440000e-06	1.805330e-02	6.313833e+00
2.450000e-06	1.533893e-02	6.325811e+00
2.460000e-06	5.851609e-03	6.336318e+00
2.470000e-06	1.026667e-02	6.347340e+00
2.480000e-06	1.895251e-02	6.346368e+00
2.490000e-06	1.665702e-02	6.318294e+00
2.500000e-06	9.102970e-03	6.356341e+00
2.510000e-06	1.159894e-02	6.305863e+00
2.520000e-06	1.860632e-02	6.305840e+00
2.530000e-06	1.795471e-02	6.277209e+00
2.540000e-06	1.012708e-02	6.334310e+00
2.550000e-06	1.192839e-02	6.263231e+00
2.560000e-06	1.826168e-02	6.251008e+00
2.570000e-06	1.670617e-02	6.241074e+00
2.580000e-06	1.154460e-02	6.200073e+00
2.590000e-06	1.091648e-02	6.199523e+00
2.600000e-06	1.805629e-02	6.178470e+00
2.610000e-06	1.556219e-02	6.127917e+00
2.620000e-06	1.170436e-02	6.064263e+00
2.630000e-06	1.158019e-02	6.092633e+00
2.640000e-06	1.592602e-02	6.043582e+00
2.650000e-06	1.499637e-02	6.018500e+00
2.660000e-06	9.229918e-03	5.990474e+00
2.670000e-06	9.369858e-03	5.977944e+00
2.680000e-06	1.357423e-02	5.928266e+00
2.690000e-06	1.382152e-02	5.844629e+00
2.700000e-06	8.789590e-03	5.758317e+00
2.710000e-06	9.017260e-03	5.704807e+00
2.720000e-06	1.204281e-02	5.622551e+00
2.730000e-06	1.156831e-02	5.611500e+00
2.740000e-06	6.316842e-03	5.567867e+00
2.750000e-06	5.161045e-03	5.515265e+00
2.760000e-06	9.400058e-03	5.461576e+00
2.770000e-06	1.067858e-02	5.400472e+00
2.780000e-06	5.650939e-03	5.357317e+00
2.790000e-06	3.365061e-03	5.263633e+00
2.800000e-06	8.240112e-03	5.219916e+00
2.810000e-06	9.141207e-03	5.085195e+00
2.820000e-06	5.902828e-03	4.968994e+00
2.830000e-06	1.327532e-03	4.853634e+00
2.840000e-06	5.716074e-03	4.841501e+00
2.850000e-06	9.120526e-03	4.748343e+00
2.860000e-06	3.568216e-03	4.693707e+00
2.870000e-06	8.396131e-04	4.619974e+00
2.880000e-06	4.661019e-03	4.495734e+00
2.890000e-06	6.469846e-03	4.420103e+00
2.900000e-06	2.441143e-03	4.387444e+00
2.910000e-06	-1.003862e-03	4.325757e+00
2.920000e-06	4.234431e-03	4.158448e+00
2.930000e-06	6.102474e-03	4.072205e+00
2.940000e-06	3.287537e-03	4.008971e+00
2.950000e-06	-4.665025e-04	3.874284e+00
2.960000e-06	2.165560e-03	3.821024e+00
2.970000e-06	4.208306e-03	3.736313e+00
2.980000e-06	1.473198e-04	3.632100e+00
2.990000e-06	-2.396335e-03	3.567949e+00
3.000000e-06	-1.168552e-03	3.482760e+00
3.010000e-06	3.833924e-03	3.326791e+00
3.020000e-06	2.073801e-03	3.210000e+00
3.030000e-06	-1.163502e-03	3.105763e+00
3.040000e-06	5.211306e-04	3.031024e+00
3.050000e-06	1.923892e-03	2.956337e+00
3.060000e-06	-7.291316e-04	2.841503e+00
3.070000e-06	-6.114422e-03	2.759342e+00
3.080000e-06	-2.583027e-03	2.620570e+00
3.090000e-06	5.519083e-04	2.513655e+00
3.100000e-06	7.318740e-04	2.397867e+00
3.110000e-06	-3.396440e-03	2.253137e+00
3.120000e-06	2.759684e-04	2.178864e+00
3.130000e-06	1.628332e-03	2.053080e+00
3.140000e-06	-5.973510e-04	1.979894e+00
3.150000e-06	-7.119665e-03	1.806155e+00
3.160000e-06	-4.316998e-03	1.747291e+00
3.170000e-06	-6.535004e-04	1.641579e+00
3.180000e-06	-2.157806e-03	1.527159e+00
3.190000e-06	-5.237503e-03	1.369340e+00
3.200000e-06	-2.770989e-03	1.253606e+00
3.210000e-06	1.734884e-03	1.097783e+00
3.220000e-06	-1.620182e-03	9.583948e-01
3.230000e-06	-6.969817e-03	8.615988e-01
3.240000e-06	-5.918067e-03	7.477920e-01
3.250000e-06	-2.193390e-03	6.115725e-01
3.260000e-06	-2.704119e-03	5.152595e-01
3.270000e-06	-5.167995e-03	4.110213e-01
3.280000e-06	-4.258958e-03	2.956629e-01
3.290000e-06	-1.804590e-03	1.564171e-01
3.300000e-06	-2.175289e-03	2.147244e-02
3.310000e-06	-3.628831e-03	-6.526185e-02
3.320000e-06	-2.322791e-03	-2.000236e-01
3.330000e-06	-4.303741e-04	-3.142907e-01
3.340000e-06	-9.091524e-04	-3.784763e-01
3.350000e-06	-4.800521e-03	-4.737319e-01
3.360000e-06	-3.972932e-03	-6.060765e-01
3.370000e-06	-3.628969e-03	-7.568486e-01
3.380000e-06	-1.507687e-04	-8.710802e-01
3.390000e-06	3.037426e-02	-9.463472e-01
3.400000e-06	3.294084e-02	-1.043165e+00
3.410000e-06	-2.438646e-02	-1.261836e+00
3.420000e-06	-8.986526e-02	-1.483791e+00
3.430000e-06	-3.248814e-02	-1.589501e+00
3.440000e-06	8.244678e-02	-1.599500e+00
3.450000e-06	1.984617e-02	-1.684333e+00
3.460000e-06	-1.139577e-01	-1.862112e+00
3.470000e-06	7.150009e-02	-1.944816e+00
3.480000e-06	5.072861e-02	-1.977447e+00
3.490000e-06	-6.619020e-02	-2.187025e+00
3.500000e-06	1.987408e-02	-2.345320e+00
3.510000e-06	-2.129209e-02	-2.397999e+00
3.520000e-06	-8.691828e-02	-2.494313e+00
3.530000e-06	8.479602e-02	-2.579429e+00
3.540000e-06	4.224948e-02	-2.674262e+00
3.550000e-06	-1.205970e-01	-2.819528e+00
3.560000e-06	1.265665e-02	-2.853810e+00
3.570000e-06	6.525236e-02	-3.022204e+00
3.580000e-06	-4.289174e-02	-3.126422e+00
3.590000e-06	-4.676886e-02	-3.211079e+00
3.600000e-06	-1.334953e-02	-3.304314e+00
3.610000e-06	4.665284e-02	-3.483214e+00
3.620000e-06	4.600179e-02	-3.537949e+00
3.630000e-06	-1.157669e-01	-3.580024e+00
3.640000e-06	-7.383399e-03	-3.726786e+00
3.650000e-06	8.286364e-02	-3.852633e+00
3.660000e-06	-5.258151e-02	-3.955897e+00
3.670000e-06	-4.134293e-02	-4.000579e+00
3.680000e-06	1.496407e-02	-4.135313e+00
3.690000e-06	1.895777e-02	-4.250033e+00
3.700000e-06	-4.827361e-03	-4.315288e+00
3.710000e-06	-5.281976e-02	-4.378419e+00
3.720000e-06	-7.590304e-03	-4.431557e+00
3.730000e-06	3.206081e-02	-4.493445e+00
3.740000e-06	-2.244702e-02	-4.631077e+00
3.750000e-06	-2.410993e-02	-4.692268e+00
3.760000e-06	-1.167212e-02	-4.789397e+00
3.770000e-06	1.219873e-02	-4.782233e+00
3.780000e-06	-5.254374e-03	-4.956395e+00
3.790000e-06	-4.441892e-02	-5.030604e+00
3.800000e-06	1.485230e-03	-5.103242e+00
3.810000e-06	6.473161e-03	-5.137941e+00
3.820000e-06	-8.009866e-03	-5.253109e+00
3.830000e-06	-2.336391e-02	-5.315822e+00
3.840000e-06	-2.437332e-02	-5.370076e+00
3.850000e-06	1.390374e-02	-5.513892e+00
3.860000e-06	-9.138165e-03	-5.548497e+00
3.870000e-06	-3.251355e-02	-5.630105e+00
3.880000e-06	-1.201785e-02	-5.632734e+00
3.890000e-06	3.401457e-03	-5.765391e+00
3.900000e-06	-5.270801e-03	-5.768498e+00
3.910000e-06	-3.115264e-02	-5.822078e+00
3.920000e-06	-2.014763e-02	-5.874242e+00
3.930000e-06	8.217407e-03	-5.895792e+00
3.940000e-06	-1.056321e-02	-5.957420e+00
3.950000e-06	-2.657159e-02	-6.010000e+00
3.960000e-06	-1.821376e-02	-6.021104e+00
3.970000e-06	1.168674e-04	-6.032583e+00
3.980000e-06	-8.381092e-03	-6.073267e+00
3.990000e-06	-3.370306e-02	-6.156895e+00
4.000000e-06	-1.570511e-02	-6.168976e+00
4.010000e-06	-3.284149e-03	-6.240131e+00
4.020000e-06	-9.684637e-03	-6.283791e+00
4.030000e-06	-2.741783e-02	-6.295762e+00
4.040000e-06	-2.222270e-02	-6.316317e+00
4.050000e-06	-2.987266e-03	-6.347420e+00
4.060000e-06	-1.312674e-02	-6.389474e+00
4.070000e-06	-2.682514e-02	-6.389025e+00
4.080000e-06	-2.314723e-02	-6.429552e+00
4.090000e-06	-8.081405e-03	-6.400503e+00
4.100000e-06	-1.275060e-02	-6.411052e+00
4.110000e-06	-2.869930e-02	-6.400578e+00
4.120000e-06	-2.410234e-02	-6.421051e+00
4.130000e-06	-1.128953e-02	-6.421629e+00
4.140000e-06	-1.515130e-02	-6.421079e+00
4.150000e-06	-2.630164e-02	-6.442528e+00
4.160000e-06	-2.572196e-02	-6.421029e+00
4.170000e-06	-1.396197e-02	-6.401051e+00
4.180000e-06	-1.597942e-02	-6.420555e+00
4.190000e-06	-2.770786e-02	-6.420000e+00
4.200000e-06	-2.490948e-02	-6.429976e+00
4.210000e-06	-1.668136e-02	-6.388550e+00
4.220000e-06	-1.529254e-02	-6.388996e+00
4.230000e-06	-2.574356e-02	-6.346951e+00
4.240000e-06	-2.649561e-02	-6.286416e+00
4.250000e-06	-1.603098e-02	-6.306337e+00
4.260000e-06	-1.614160e-02	-6.293736e+00
4.270000e-06	-2.460361e-02	-6.250103e+00
4.280000e-06	-2.619193e-02	-6.181424e+00
4.290000e-06	-1.605450e-02	-6.125744e+00
4.300000e-06	-1.573628e-02	-6.033185e+00
4.310000e-06	-2.246231e-02	-6.033130e+00
4.320000e-06	-2.349508e-02	-6.011051e+00
4.330000e-06	-1.550839e-02	-5.979524e+00
4.340000e-06	-1.378409e-02	-5.968471e+00
4.350000e-06	-1.959369e-02	-5.875766e+00
4.360000e-06	-2.169333e-02	-5.873133e+00
4.370000e-06	-1.516989e-02	-5.838549e+00
4.380000e-06	-1.273067e-02	-5.758422e+00
4.390000e-06	-1.798383e-02	-5.725734e+00
4.400000e-06	-1.982835e-02	-5.643605e+00
4.410000e-06	-1.408083e-02	-5.600051e+00
4.420000e-06	-1.077203e-02	-5.557345e+00
4.430000e-06	-1.557025e-02	-5.476310e+00
4.440000e-06	-1.740086e-02	-5.400001e+00
4.450000e-06	-1.244127e-02	-5.283787e+00
4.460000e-06	-9.984048e-03	-5.221027e+00
4.470000e-06	-1.361658e-02	-5.157896e+00
4.480000e-06	-1.655499e-02	-5.063759e+00
4.490000e-06	-1.373445e-02	-5.010019e+00
4.500000e-06	-9.679682e-03	-4.955711e+00
4.510000e-06	-1.128312e-02	-4.769544e+00
4.520000e-06	-1.328244e-02	-4.745707e+00
4.530000e-06	-1.185770e-02	-4.592529e+00
4.540000e-06	-7.999524e-03	-4.568917e+00
4.550000e-06	-8.988916e-03	-4.473263e+00
4.560000e-06	-1.217855e-02	-4.440501e+00
4.570000e-06	-1.181986e-02	-4.368371e+00
4.580000e-06	-9.389658e-03	-4.272232e+00
4.590000e-06	-8.353332e-03	-4.168953e+00
4.600000e-06	-1.086521e-02	-4.155766e+00
4.610000e-06	-1.084889e-02	-4.022104e+00
4.620000e-06	-7.542416e-03	-3.957945e+00
4.630000e-06	-7.100094e-03	-3.865056e+00
4.640000e-06	-8.509003e-03	-3.696733e+00
4.650000e-06	-9.204596e-03	-3.600924e+00
4.660000e-06	-7.256315e-03	-3.506341e+00
4.670000e-06	-6.197679e-03	-3.462181e+00
4.680000e-06	-8.645825e-03	-3.296717e+00
4.690000e-06	-8.252180e-03	-3.272054e+00
4.700000e-06	-6.382216e-03	-3.167917e+00
4.710000e-06	-6.058639e-03	-3.002125e+00
4.720000e-06	-7.854250e-03	-2.885204e+00
4.730000e-06	-7.031108e-03	-2.800022e+00
4.740000e-06	-5.332118e-03	-2.704733e+00
4.750000e-06	-5.060026e-03	-2.571074e+00
4.760000e-06	-6.773114e-03	-2.484254e+00
4.770000e-06	-7.276893e-03	-2.409974e+00
4.780000e-06	-6.645181e-03	-2.245213e+00
4.790000e-06	-6.011297e-03	-2.116813e+00
4.800000e-06	-6.415061e-03	-2.031500e+00
4.810000e-06	-5.154241e-03	-1.925766e+00
4.820000e-06	-4.968960e-03	-1.852500e+00
4.830000e-06	-3.090844e-03	-1.707261e+00
4.840000e-06	-5.115027e-03	-1.643002e+00
4.850000e-06	-4.657541e-03	-1.515837e+00
4.860000e-06	-5.167790e-03	-1.317987e+00
4.870000e-06	-5.300235e-03	-1.189445e+00
4.880000e-06	-5.262764e-03	-1.044733e+00
4.890000e-06	-4.770475e-03	-9.788235e-01
4.900000e-06	-3.814157e-03	-8.422026e-01
4.910000e-06	-4.069914e-03	-7.668898e-01
4.920000e-06	-3.199362e-03	-6.289263e-01
4.930000e-06	-3.338444e-03	-4.447091e-01
4.940000e-06	-2.973299e-03	-3.778697e-01
4.950000e-06	-3.856111e-03	-2.531291e-01
4.960000e-06	-2.873603e-03	-1.672909e-01
4.970000e-06	-1.741322e-03	-3.065650e-02
4.980000e-06	6.416707e-04	5.170902e-02
4.990000e-06	-1.805954e-03	1.680798e-01
5.000000e-06	-8.855590e-04	3.457423e-01
5.010000e-06	-7.045035e-04	3.910553e-01
5.020000e-06	-9.862763e-04	5.057923e-01
5.030000e-06	-2.423817e-03	5.985277e-01
5.040000e-06	1.720470e-03	7.259198e-01
5.050000e-06	1.550455e-02	8.110490e-01
5.060000e-06	4.127776e-02	9.885447e-01
5.070000e-06	6.807619e-04	1.198881e+00
5.080000e-06	-4.147051e-02	1.337391e+00
5.090000e-06	-9.384041e-02	1.380003e+00
5.100000e-06	3.802818e-02	1.523233e+00
5.110000e-06	7.380526e-02	1.622159e+00
5.120000e-06	-5.239199e-02	1.758450e+00
5.130000e-06	-4.794306e-02	1.822583e+00
5.140000e-06	7.454060e-02	1.917871e+00
5.150000e-06	3.474324e-02	2.053711e+00
5.160000e-06	-4.048603e-02	2.108296e+00
5.170000e-06	1.490519e-02	2.241154e+00
5.180000e-06	-5.666614e-02	2.387446e+00
5.190000e-06	6.733515e-03	2.402079e+00
5.200000e-06	8.834229e-02	2.507425e+00
5.210000e-06	-3.093726e-02	2.696342e+00
5.220000e-06	-6.618917e-02	2.809481e+00
5.230000e-06	4.799631e-02	2.887263e+00
5.240000e-06	2.954205e-02	3.000553e+00
5.250000e-06	-1.708027e-02	3.085367e+00
5.260000e-06	-4.147301e-02	3.180128e+00
5.270000e-06	9.994936e-03	3.305245e+00
5.280000e-06	7.717190e-02	3.368104e+00
5.290000e-06	-1.738700e-02	3.537367e+00
5.300000e-06	-6.490364e-02	3.622657e+00
5.310000e-06	2.888840e-02	3.707817e+00
5.320000e-06	4.741414e-02	3.780080e+00
5.330000e-06	-3.580985e-02	3.915846e+00
5.340000e-06	-4.756453e-03	4.010425e+00
5.350000e-06	2.354313e-02	4.033233e+00
5.360000e-06	1.605725e-02	4.169096e+00
5.370000e-06	-4.391231e-03	4.293639e+00
5.380000e-06	-1.599653e-02	4.378979e+00
5.390000e-06	5.694192e-03	4.433133e+00
5.400000e-06	1.825316e-02	4.545892e+00
5.410000e-06	9.469763e-03	4.611128e+00
5.420000e-06	-1.729287e-02	4.704839e+00
5.430000e-06	1.418796e-02	4.769371e+00
5.440000e-06	1.746259e-02	4.822178e+00
5.450000e-06	-1.511170e-03	4.904803e+00
5.460000e-06	-9.233114e-03	5.072783e+00
5.470000e-06	9.693532e-03	5.166845e+00
5.480000e-06	1.771410e-02	5.231529e+00
5.490000e-06	2.467496e-03	5.295213e+00
5.500000e-06	-2.875864e-03	5.347450e+00
5.510000e-06	3.508487e-03	5.421554e+00
5.520000e-06	2.144439e-02	5.493184e+00
5.530000e-06	1.394608e-03	5.515392e+00
5.540000e-06	-2.799650e-03	5.588450e+00
5.550000e-06	8.411271e-03	5.650603e+00
5.560000e-06	1.928520e-02	5.693712e+00
5.570000e-06	4.252036e-03	5.734864e+00
5.580000e-06	-5.317776e-03	5.822058e+00
5.590000e-06	1.007543e-02	5.895258e+00
5.600000e-06	1.569253e-02	5.926840e+00
5.610000e-06	8.935498e-03	5.969524e+00
5.620000e-06	-3.355480e-03	5.980551e+00
5.630000e-06	1.042965e-02	6.021154e+00
5.640000e-06	1.759408e-02	6.062234e+00
5.650000e-06	7.856704e-03	6.043737e+00
5.660000e-06	-1.228838e-03	6.116990e+00
5.670000e-06	1.033174e-02	6.137420e+00
5.680000e-06	1.749458e-02	6.168947e+00
5.690000e-06	1.043740e-02	6.200053e+00
5.700000e-06	2.738146e-03	6.210553e+00
5.710000e-06	9.417387e-03	6.252179e+00
5.720000e-06	1.842585e-02	6.254159e+00
5.730000e-06	1.171492e-02	6.273686e+00
5.740000e-06	4.428546e-03	6.313210e+00
5.750000e-06	1.042180e-02	6.326867e+00
5.760000e-06	1.848258e-02	6.306242e+00
5.770000e-06	1.542118e-02	6.295841e+00
5.780000e-06	5.622631e-03	6.306864e+00
5.790000e-06	1.146491e-02	6.308370e+00
5.800000e-06	1.719142e-02	6.325840e+00
5.810000e-06	1.695360e-02	6.327314e+00
5.820000e-06	7.868600e-03	6.325791e+00
5.830000e-06	1.244477e-02	6.345839e+00
5.840000e-06	1.886231e-02	6.304314e+00
5.850000e-06	1.808195e-02	6.285767e+00
5.860000e-06	1.125361e-02	6.253783e+00
5.870000e-06	1.206846e-02	6.273606e+00
5.880000e-06	1.877154e-02	6.242252e+00
5.890000e-06	1.718952e-02	6.231555e+00
5.900000e-06	1.101724e-02	6.221497e+00
5.910000e-06	9.328195e-03	6.190949e+00
5.920000e-06	1.743940e-02	6.137970e+00
5.930000e-06	1.718436e-02	6.155288e+00
5.940000e-06	1.262242e-02	6.105212e+00
5.950000e-06	1.063034e-02	6.071659e+00
5.960000e-06	1.488893e-02	6.021579e+00
5.970000e-06	1.653828e-02	6.031001e+00
5.980000e-06	1.052833e-02	6.018974e+00
5.990000e-06	8.594342e-03	5.968472e+00
6.000000e-06	1.116362e-02	5.905786e+00
6.010000e-06	1.437893e-02	5.862080e+00
6.020000e-06	9.391811e-03	5.738320e+00
6.030000e-06	8.201564e-03	5.706284e+00
6.040000e-06	1.112394e-02	5.642551e+00
6.050000e-06	1.336957e-02	5.599975e+00
6.060000e-06	8.785661e-03	5.548346e+00
6.070000e-06	5.538862e-03	5.475262e+00
6.080000e-06	7.876945e-03	5.431550e+00
6.090000e-06	1.017088e-02	5.377996e+00
6.100000e-06	6.636796e-03	5.335816e+00
6.110000e-06	3.940083e-03	5.272102e+00
6.120000e-06	6.885655e-03	5.178966e+00
6.130000e-06	7.960335e-03	5.124207e+00
6.140000e-06	5.535165e-03	4.976348e+00
6.150000e-06	4.172144e-03	4.852737e+00
6.160000e-06	4.389007e-03	4.809946e+00
6.170000e-06	6.951814e-03	4.748766e+00
6.180000e-06	5.184847e-03	4.653158e+00
6.190000e-06	2.430792e-03	4.609943e+00
6.200000e-06	3.118478e-03	4.485239e+00
6.210000e-06	4.489292e-03	4.431549e+00
6.220000e-06	3.563637e-03	4.399472e+00
6.230000e-06	2.048745e-03	4.305213e+00
6.240000e-06	1.819495e-03	4.127918e+00
6.250000e-06	2.842776e-03	4.023105e+00
6.260000e-06	4.456472e-03	3.978896e+00
6.270000e-06	-5.189436e-04	3.872680e+00
6.280000e-06	1.933466e-03	3.789999e+00
6.290000e-06	5.636536e-04	3.734736e+00
6.300000e-06	3.172032e-03	3.621576e+00
6.310000e-06	-2.654003e-04	3.557866e+00
6.320000e-06	4.496639e-04	3.452075e+00
6.330000e-06	7.970405e-04	3.285259e+00
6.340000e-06	1.805386e-03	3.200446e+00
6.350000e-06	-1.044050e-03	3.115234e+00
6.360000e-06	-1.770930e-03	2.989528e+00
6.370000e-06	-1.219514e-03	2.895286e+00
6.380000e-06	7.306776e-04	2.831000e+00
6.390000e-06	-7.399603e-04	2.745810e+00
6.400000e-06	-7.413671e-04	2.582990e+00
6.410000e-06	-7.712812e-04	2.442603e+00
6.420000e-06	-1.060340e-03	2.378894e+00
6.430000e-06	-2.019122e-03	2.213030e+00
6.440000e-06	-3.050905e-03	2.147940e+00
6.450000e-06	-1.540475e-03	2.042103e+00
6.460000e-06	-1.706134e-03	1.948413e+00
6.470000e-06	-7.297921e-04	1.813076e+00
6.480000e-06	-1.518165e-03	1.706785e+00
6.490000e-06	-2.369384e-03	1.629975e+00
6.500000e-06	-2.834633e-03	1.484155e+00
6.510000e-06	-2.999260e-03	1.386843e+00
6.520000e-06	-4.142180e-03	1.212174e+00
6.530000e-06	-3.619308e-03	1.146310e+00
6.540000e-06	-3.835825e-03	8.963433e-01
6.550000e-06	-3.198963e-03	8.105476e-01
6.560000e-06	-2.309131e-03	7.177819e-01
6.570000e-06	-3.740320e-03	6.304736e-01
6.580000e-06	-3.837387e-03	4.642106e-01
6.590000e-06	-3.475982e-03	3.999936e-01
6.600000e-06	-3.565512e-03	2.741840e-01
6.610000e-06	-4.269576e-03	9.529428e-02
6.620000e-06	-4.551677e-03	2.107112e-02
6.630000e-06	-2.327355e-03	-8.576322e-02
6.640000e-06	3.953822e-04	-1.785489e-01
6.650000e-06	-1.287703e-03	-3.162958e-01
6.660000e-06	-3.248785e-03	-4.000277e-01
6.670000e-06	-3.029458e-03	-4.443142e-01
6.680000e-06	-2.211726e-03	-6.411854e-01
6.690000e-06	-4.179941e-03	-7.473973e-01
6.700000e-06	-8.387329e-04	-8.515816e-01
6.710000e-06	3.702415e-02	-9.373947e-01
6.720000e-06	2.518368e-02	-1.073265e+00
6.730000e-06	-2.890806e-02	-1.284768e+00
6.740000e-06	-1.056016e-01	-1.504820e+00
6.750000e-06	-4.095415e-03	-1.548497e+00
6.760000e-06	8.487969e-02	-1.587924e+00
6.770000e-06	-5.469130e-03	-1.704839e+00
6.780000e-06	-9.783719e-02	-1.891712e+00
6.790000e-06	8.149875e-02	-1.924742e+00
6.800000e-06	4.148968e-02	-1.978023e+00
6.810000e-06	-7.002440e-02	-2.190085e+00
6.820000e-06	2.926081e-02	-2.307846e+00
6.830000e-06	-3.740924e-02	-2.398024e+00
6.840000e-06	-7.535937e-02	-2.515342e+00
6.850000e-06	1.021897e-01	-2.610577e+00
6.860000e-06	1.570020e-02	-2.694288e+00
6.870000e-06	-1.222868e-01	-2.809080e+00
6.880000e-06	4.071937e-02	-2.865186e+00
6.890000e-06	4.891439e-02	-3.022055e+00
6.900000e-06	-4.820225e-02	-3.218978e+00
6.910000e-06	-4.395441e-02	-3.211130e+00
6.920000e-06	-8.631739e-03	-3.326371e+00
6.930000e-06	5.846478e-02	-3.463212e+00
6.940000e-06	2.455747e-02	-3.548870e+00
6.950000e-06	-1.196923e-01	-3.600630e+00
6.960000e-06	1.898745e-02	-3.737796e+00
6.970000e-06	7.312492e-02	-3.861712e+00
6.980000e-06	-6.467592e-02	-3.959895e+00
6.990000e-06	-2.849998e-02	-4.040133e+00
7.000000e-06	1.530358e-02	-4.105816e+00
7.010000e-06	1.989568e-02	-4.191684e+00
7.020000e-06	-1.244441e-02	-4.305291e+00
7.030000e-06	-5.620660e-02	-4.370023e+00
7.040000e-06	3.001460e-03	-4.462105e+00
7.050000e-06	2.567841e-02	-4.538400e+00
7.060000e-06	-2.420069e-02	-4.621633e+00
7.070000e-06	-2.198060e-02	-4.665235e+00
7.080000e-06	-9.216416e-03	-4.777521e+00
7.090000e-06	1.342920e-02	-4.883831e+00
7.100000e-06	-1.147072e-02	-4.918924e+00
7.110000e-06	-4.381218e-02	-5.012180e+00
7.120000e-06	4.580056e-03	-5.083288e+00
7.130000e-06	3.271561e-03	-5.177948e+00
7.140000e-06	-6.856907e-03	-5.242184e+00
7.150000e-06	-2.571095e-02	-5.297317e+00
7.160000e-06	-2.246932e-02	-5.420684e+00
7.170000e-06	1.750736e-02	-5.545796e+00
7.180000e-06	-1.433493e-02	-5.599001e+00
7.190000e-06	-2.925707e-02	-5.661083e+00
7.200000e-06	-1.156505e-02	-5.683733e+00
7.210000e-06	4.219055e-03	-5.716945e+00
7.220000e-06	-6.153595e-03	-5.800022e+00
7.230000e-06	-3.339507e-02	-5.812154e+00
7.240000e-06	-1.795139e-02	-5.897238e+00
7.250000e-06	6.837339e-03	-5.926346e+00
7.260000e-06	-1.124251e-02	-5.957920e+00
7.270000e-06	-2.558332e-02	-5.998975e+00
7.280000e-06	-1.743812e-02	-6.000654e+00
7.290000e-06	9.237216e-04	-6.061708e+00
7.300000e-06	-9.489391e-03	-6.104366e+00
7.310000e-06	-3.276819e-02	-6.157471e+00
7.320000e-06	-1.543005e-02	-6.238602e+00
7.330000e-06	-3.479810e-03	-6.252057e+00
7.340000e-06	-1.098198e-02	-6.253309e+00
7.350000e-06	-2.606201e-02	-6.346266e+00
7.360000e-06	-2.055598e-02	-6.346819e+00
7.370000e-06	-2.855245e-03	-6.339422e+00
7.380000e-06	-1.441044e-02	-6.377444e+00
7.390000e-06	-2.601602e-02	-6.379549e+00
7.400000e-06	-2.194545e-02	-6.410053e+00
7.410000e-06	-8.872182e-03	-6.401075e+00
7.420000e-06	-1.438868e-02	-6.410106e+00
7.430000e-06	-2.803434e-02	-6.401078e+00
7.440000e-06	-2.258201e-02	-6.401105e+00
7.450000e-06	-1.263415e-02	-6.430552e+00
7.460000e-06	-1.648629e-02	-6.451105e+00
7.470000e-06	-2.609089e-02	-6.431053e+00
7.480000e-06	-2.358284e-02	-6.382055e+00
7.490000e-06	-1.399623e-02	-6.412103e+00
7.500000e-06	-1.686891e-02	-6.410075e+00
7.510000e-06	-2.684342e-02	-6.410028e+00
7.520000e-06	-2.469052e-02	-6.379973e+00
7.530000e-06	-1.720851e-02	-6.388973e+00
7.540000e-06	-1.718649e-02	-6.378971e+00
7.550000e-06	-2.655847e-02	-6.376919e+00
7.560000e-06	-2.365792e-02	-6.337919e+00
7.570000e-06	-1.529385e-02	-6.326366e+00
7.580000e-06	-1.793540e-02	-6.254262e+00
7.590000e-06	-2.388654e-02	-6.272033e+00
7.600000e-06	-2.439242e-02	-6.108471e+00
7.610000e-06	-1.624456e-02	-6.096315e+00
7.620000e-06	-1.732922e-02	-6.054162e+00
7.630000e-06	-2.382171e-02	-6.021049e+00
7.640000e-06	-2.213044e-02	-6.020023e+00
7.650000e-06	-1.511560e-02	-5.998999e+00
7.660000e-06	-1.470381e-02	-5.926343e+00
7.670000e-06	-2.013376e-02	-5.936339e+00
7.680000e-06	-1.950884e-02	-5.863131e+00
7.690000e-06	-1.361938e-02	-5.789651e+00
7.700000e-06	-1.431579e-02	-5.738949e+00
7.710000e-06	-1.942661e-02	-5.684763e+00
7.720000e-06	-1.831545e-02	-5.630654e+00
7.730000e-06	-1.293533e-02	-5.581524e+00
7.740000e-06	-1.208394e-02	-5.566846e+00
7.750000e-06	-1.707608e-02	-5.484263e+00
7.760000e-06	-1.558014e-02	-5.377445e+00
7.770000e-06	-1.116739e-02	-5.292758e+00
7.780000e-06	-1.116569e-02	-5.239879e+00
7.790000e-06	-1.582593e-02	-5.136395e+00
7.800000e-06	-1.539819e-02	-5.072630e+00
7.810000e-06	-9.447556e-03	-4.978999e+00
7.820000e-06	-9.538421e-03	-4.892263e+00
7.830000e-06	-1.382458e-02	-4.766422e+00
7.840000e-06	-1.408320e-02	-4.643659e+00
7.850000e-06	-8.509517e-03	-4.620552e+00
7.860000e-06	-8.910030e-03	-4.568418e+00
7.870000e-06	-1.276533e-02	-4.473133e+00
7.880000e-06	-1.163189e-02	-4.429998e+00
7.890000e-06	-7.041381e-03	-4.356921e+00
7.900000e-06	-8.006266e-03	-4.284082e+00
7.910000e-06	-1.120355e-02	-4.209450e+00
7.920000e-06	-1.118960e-02	-4.093736e+00
7.930000e-06	-7.122905e-03	-4.020547e+00
7.940000e-06	-9.162723e-03	-3.987319e+00
7.950000e-06	-9.348419e-03	-3.850031e+00
7.960000e-06	-9.505629e-03	-3.682659e+00
7.970000e-06	-5.369200e-03	-3.579499e+00
7.980000e-06	-6.140651e-03	-3.516341e+00
7.990000e-06	-8.796501e-03	-3.419996e+00
8.000000e-06	-8.108611e-03	-3.335669e+00
8.010000e-06	-6.664020e-03	-3.251054e+00
8.020000e-06	-6.402604e-03	-3.137865e+00
8.030000e-06	-8.354920e-03	-3.001500e+00
8.040000e-06	-8.445523e-03	-2.844180e+00
8.050000e-06	-5.245496e-03	-2.789921e+00
8.060000e-06	-5.467605e-03	-2.684703e+00
8.070000e-06	-5.693427e-03	-2.588421e+00
8.080000e-06	-8.527067e-03	-2.485653e+00
8.090000e-06	-4.977678e-03	-2.378921e+00
8.100000e-06	-5.738387e-03	-2.282683e+00
8.110000e-06	-7.300974e-03	-2.115186e+00
8.120000e-06	-7.263319e-03	-1.979948e+00
8.130000e-06	-4.843580e-03	-1.946237e+00
8.140000e-06	-4.173421e-03	-1.790399e+00
8.150000e-06	-4.409055e-03	-1.684710e+00
8.160000e-06	-6.468379e-03	-1.619547e+00
8.170000e-06	-4.291290e-03	-1.503609e+00
8.180000e-06	-4.892107e-03	-1.345209e+00
8.190000e-06	-5.048116e-03	-1.158845e+00
8.200000e-06	-6.003831e-03	-1.033604e+00
8.210000e-06	-4.851088e-03	-9.358183e-01
8.220000e-06	-3.248977e-03	-8.630525e-01
8.230000e-06	-4.473074e-03	-7.473183e-01
8.240000e-06	-4.535113e-03	-6.003949e-01
8.250000e-06	-4.577439e-03	-4.436276e-01
8.260000e-06	-3.058596e-03	-3.778147e-01
8.270000e-06	-4.078027e-03	-2.320553e-01
8.280000e-06	-3.921576e-03	-8.531198e-02
8.290000e-06	-1.351027e-03	-4.252763e-02
8.300000e-06	9.447557e-04	1.127841e-01
8.310000e-06	-8.588620e-04	2.110551e-01
8.320000e-06	-1.672938e-03	3.254972e-01
8.330000e-06	-3.291178e-03	4.205790e-01
8.340000e-06	1.014576e-04	5.473469e-01
8.350000e-06	-2.475624e-03	5.911077e-01
8.360000e-06	1.061996e-03	7.264184e-01
8.370000e-06	1.872839e-02	8.401066e-01
8.380000e-06	4.036099e-02	1.031103e+00
8.390000e-06	-3.695710e-03	1.209633e+00
8.400000e-06	-5.031854e-02	1.325844e+00
8.410000e-06	-9.024945e-02	1.431050e+00
8.420000e-06	6.035062e-02	1.474291e+00
8.430000e-06	6.539500e-02	1.671729e+00
8.440000e-06	-7.639563e-02	1.789003e+00
8.450000e-06	-2.000599e-02	1.812637e+00
8.460000e-06	6.901449e-02	1.937351e+00
8.470000e-06	2.491603e-02	2.082762e+00
8.480000e-06	-3.453809e-02	2.107395e+00
8.490000e-06	8.063037e-03	2.271208e+00
8.500000e-06	-5.577482e-02	2.367925e+00
8.510000e-06	2.371456e-02	2.421680e+00
8.520000e-06	8.465087e-02	2.576900e+00
8.530000e-06	-4.832517e-02	2.736372e+00
8.540000e-06	-5.351925e-02	2.801583e+00
8.550000e-06	5.269951e-02	2.954790e+00
8.560000e-06	2.432217e-02	3.011102e+00
8.570000e-06	-2.472090e-02	3.145841e+00
8.580000e-06	-4.012590e-02	3.240579e+00
8.590000e-06	1.745874e-02	3.294317e+00
8.600000e-06	8.098996e-02	3.411600e+00
8.610000e-06	-3.464149e-02	3.608922e+00
8.620000e-06	-5.735672e-02	3.632604e+00
8.630000e-06	4.001833e-02	3.705341e+00
8.640000e-06	3.706871e-02	3.800580e+00
8.650000e-06	-3.573750e-02	3.917292e+00
8.660000e-06	-2.953533e-03	3.990001e+00
8.670000e-06	2.526071e-02	4.044155e+00
8.680000e-06	1.330616e-02	4.158949e+00
8.690000e-06	-5.627023e-05	4.284341e+00
8.700000e-06	-1.989432e-02	4.409052e+00
8.710000e-06	9.249569e-03	4.463135e+00
8.720000e-06	1.908971e-02	4.565442e+00
8.730000e-06	8.950343e-03	4.600578e+00
8.740000e-06	-1.944277e-02	4.725842e+00
8.750000e-06	1.476935e-02	4.768446e+00
8.760000e-06	1.838821e-02	4.832082e+00
8.770000e-06	-3.519387e-03	4.905396e+00
8.780000e-06	-5.766212e-03	5.083283e+00
8.790000e-06	7.889887e-03	5.177500e+00
8.800000e-06	1.907952e-02	5.242152e+00
8.810000e-06	2.312078e-03	5.244835e+00
8.820000e-06	-4.334503e-03	5.367899e+00
8.830000e-06	3.401250e-03	5.449958e+00
8.840000e-06	2.020647e-02	5.483735e+00
8.850000e-06	1.131349e-03	5.525898e+00
8.860000e-06	-4.819392e-03	5.568475e+00
8.870000e-06	9.625265e-03	5.620603e+00
8.880000e-06	1.851552e-02	5.693757e+00
8.890000e-06	5.556823e-03	5.714766e+00
8.900000e-06	-5.863771e-03	5.810606e+00
8.910000e-06	1.074618e-02	5.904291e+00
8.920000e-06	1.561240e-02	5.985897e+00
8.930000e-06	6.908067e-03	5.988500e+00
8.940000e-06	-3.955189e-03	6.011028e+00
8.950000e-06	1.123578e-02	6.032053e+00
8.960000e-06	1.931425e-02	6.062679e+00
8.970000e-06	6.195989e-03	6.094763e+00
8.980000e-06	5.318051e-06	6.137966e+00
8.990000e-06	1.011782e-02	6.148945e+00
9.000000e-06	1.896460e-02	6.188974e+00
9.010000e-06	7.737857e-03	6.240551e+00
9.020000e-06	3.369879e-03	6.188079e+00
9.030000e-06	1.036289e-02	6.263108e+00
9.040000e-06	1.904897e-02	6.245203e+00
9.050000e-06	9.320024e-03	6.294714e+00
9.060000e-06	4.582153e-03	6.273833e+00
9.070000e-06	1.225153e-02	6.316266e+00
9.080000e-06	1.974205e-02	6.366836e+00
9.090000e-06	1.331526e-02	6.305815e+00
9.100000e-06	6.660699e-03	6.327868e+00
9.110000e-06	1.333237e-02	6.337839e+00
9.120000e-06	1.799868e-02	6.316342e+00
9.130000e-06	1.351639e-02	6.297391e+00
9.140000e-06	8.946897e-03	6.336261e+00
9.150000e-06	1.449860e-02	6.294336e+00
9.160000e-06	2.022637e-02	6.315291e+00
9.170000e-06	1.528661e-02	6.314237e+00
9.180000e-06	1.100525e-02	6.335132e+00
9.190000e-06	1.416869e-02	6.283136e+00
9.200000e-06	1.993417e-02	6.211108e+00
9.210000e-06	1.519667e-02	6.270600e+00
9.220000e-06	1.106425e-02	6.212523e+00
9.230000e-06	1.394115e-02	6.199470e+00
9.240000e-06	1.799913e-02	6.186395e+00
9.250000e-06	1.445655e-02	6.104892e+00
9.260000e-06	9.874683e-03	6.084709e+00
9.270000e-06	1.350393e-02	6.044628e+00
9.280000e-06	1.764219e-02	6.011528e+00
9.290000e-06	1.422953e-02	6.000551e+00
9.300000e-06	8.781304e-03	5.998971e+00
9.310000e-06	1.180628e-02	5.947370e+00
9.320000e-06	1.431786e-02	5.915711e+00
9.330000e-06	1.133316e-02	5.812499e+00
9.340000e-06	6.684686e-03	5.736846e+00
9.350000e-06	9.797594e-03	5.694182e+00
9.360000e-06	1.311875e-02	5.650553e+00
9.370000e-06	1.013985e-02	5.578974e+00
9.380000e-06	5.323749e-03	5.587416e+00
9.390000e-06	7.486090e-03	5.474807e+00
9.400000e-06	1.170516e-02	5.441078e+00
9.410000e-06	8.053625e-03	5.348420e+00
9.420000e-06	4.400088e-03	5.304789e+00
9.430000e-06	6.922606e-03	5.251077e+00
9.440000e-06	8.903369e-03	5.199920e+00
9.450000e-06	5.682290e-03	5.103755e+00
9.460000e-06	2.202923e-03	4.959470e+00
9.470000e-06	4.965350e-03	4.852178e+00
9.480000e-06	8.094037e-03	4.808973e+00
9.490000e-06	5.448166e-03	4.706338e+00
9.500000e-06	1.821095e-03	4.660605e+00
9.510000e-06	4.133045e-03	4.589899e+00
9.520000e-06	6.230727e-03	4.484632e+00
9.530000e-06	3.674614e-03	4.440551e+00
9.540000e-06	9.146560e-04	4.389442e+00
9.550000e-06	1.379707e-03	4.244052e+00
9.560000e-06	4.707804e-03	4.157313e+00
9.570000e-06	3.155667e-03	4.071946e+00
9.580000e-06	5.101977e-04	3.958320e+00
9.590000e-06	2.144579e-03	3.862204e+00
9.600000e-06	3.323993e-03	3.808424e+00
9.610000e-06	1.982797e-03	3.673684e+00
9.620000e-06	-1.488537e-04	3.621050e+00
9.630000e-06	-3.645056e-04	3.516311e+00
9.640000e-06	2.593191e-03	3.360948e+00
9.650000e-06	-9.677905e-05	3.264257e+00
9.660000e-06	-6.594526e-04	3.188969e+00
9.670000e-06	-8.348427e-04	3.064655e+00
9.680000e-06	1.804939e-03	3.000395e+00
9.690000e-06	4.673224e-05	2.894761e+00
9.700000e-06	-1.484135e-03	2.830471e+00
9.710000e-06	-1.361130e-03	2.735812e+00
9.720000e-06	6.880121e-04	2.600021e+00
9.730000e-06	-2.600481e-05	2.452101e+00
9.740000e-06	-2.235121e-03	2.367391e+00
9.750000e-06	-2.756546e-03	2.242029e+00
9.760000e-06	-1.200190e-03	2.136792e+00
9.770000e-06	-6.480561e-04	2.042077e+00
9.780000e-06	-1.840247e-03	1.937287e+00
9.790000e-06	-7.727488e-04	1.831952e+00
9.800000e-06	-1.803645e-03	1.735734e+00
9.810000e-06	6.597751e-05	1.550922e+00
9.820000e-06	-3.685879e-03	1.454156e+00
9.830000e-06	-4.144202e-03	1.367839e+00
9.840000e-06	-2.982552e-03	1.263550e+00
9.850000e-06	-2.146331e-03	1.094337e+00
9.860000e-06	-3.008452e-03	9.589407e-01
9.870000e-06	-4.218244e-03	7.924737e-01
9.880000e-06	-3.087299e-03	7.057358e-01
9.890000e-06	-1.681977e-03	5.784236e-01
9.900000e-06	-3.433765e-03	4.846805e-01
9.910000e-06	-4.356884e-03	3.899460e-01
9.920000e-06	-4.639245e-03	2.630800e-01
9.930000e-06	-2.482116e-03	9.633802e-02
9.940000e-06	-4.160126e-03	1.493684e-03
9.950000e-06	-2.506282e-03	-1.248157e-01
9.960000e-06	-1.226372e-03	-2.316565e-01
9.970000e-06	-1.003775e-03	-3.258407e-01
9.980000e-06	-1.484009e-03	-3.801537e-01
9.990000e-06	-4.138171e-03	-5.143671e-01
1.000000e-05	-3.518980e-03	-6.521855e-01
1.001000e-05	-3.334119e-03	-7.494788e-01
1.002000e-05	2.519704e-03	-8.636330e-01
1.003000e-05	4.309516e-02	-9.274748e-01
1.004000e-05	1.441670e-02	-1.086291e+00
1.005000e-05	-3.373361e-02	-1.337429e+00
1.006000e-05	-1.144962e-01	-1.538292e+00
1.007000e-05	2.322756e-02	-1.548975e+00
1.008000e-05	8.085018e-02	-1.600554e+00
1.009000e-05	-3.169066e-02	-1.684921e+00
1.010000e-05	-6.920912e-02	-1.853292e+00
1.011000e-05	8.447842e-02	-1.895765e+00
1.012000e-05	2.557041e-02	-1.990626e+00
1.013000e-05	-6.828651e-02	-2.211634e+00
1.014000e-05	3.504029e-02	-2.348321e+00
1.015000e-05	-5.016595e-02	-2.390650e+00
1.016000e-05	-5.888942e-02	-2.506320e+00
1.017000e-05	1.165384e-01	-2.610104e+00
1.018000e-05	-1.231500e-02	-2.664841e+00
1.019000e-05	-1.165510e-01	-2.800562e+00
1.020000e-05	6.298612e-02	-2.874741e+00
1.021000e-05	2.876696e-02	-3.053141e+00
1.022000e-05	-4.900306e-02	-3.199429e+00
1.023000e-05	-3.950234e-02	-3.222104e+00
1.024000e-05	-3.371507e-03	-3.337450e+00
1.025000e-05	6.627512e-02	-3.516292e+00
1.026000e-05	-7.800718e-04	-3.558873e+00
1.027000e-05	-1.150338e-01	-3.619554e+00
1.028000e-05	4.232938e-02	-3.714902e+00
1.029000e-05	5.773718e-02	-3.863263e+00
1.030000e-05	-7.312736e-02	-3.989400e+00
1.031000e-05	-1.467673e-02	-4.013158e+00
1.032000e-05	1.471827e-02	-4.138322e+00
1.033000e-05	1.784284e-02	-4.229682e+00
1.034000e-05	-2.105007e-02	-4.315291e+00
1.035000e-05	-5.441111e-02	-4.389425e+00
1.036000e-05	1.531118e-02	-4.412158e+00
1.037000e-05	1.627264e-02	-4.525899e+00
1.038000e-05	-2.671665e-02	-4.651609e+00
1.039000e-05	-1.987983e-02	-4.695338e+00
1.040000e-05	-3.779013e-03	-4.808008e+00
1.041000e-05	1.359256e-02	-4.915836e+00
1.042000e-05	-2.088783e-02	-4.979446e+00
1.043000e-05	-3.704857e-02	-5.030633e+00
1.044000e-05	9.173130e-03	-5.095791e+00
1.045000e-05	1.018619e-03	-5.167929e+00
1.046000e-05	-1.010025e-02	-5.224736e+00
1.047000e-05	-2.780390e-02	-5.287500e+00
1.048000e-05	-1.666322e-02	-5.463202e+00
1.049000e-05	1.736876e-02	-5.535392e+00
1.050000e-05	-2.219711e-02	-5.589499e+00
1.051000e-05	-2.591994e-02	-5.621708e+00
1.052000e-05	-6.278540e-03	-5.653212e+00
1.053000e-05	5.029896e-03	-5.757425e+00
1.054000e-05	-1.011451e-02	-5.780050e+00
1.055000e-05	-3.616037e-02	-5.812155e+00
1.056000e-05	-1.054159e-02	-5.915690e+00
1.057000e-05	4.981023e-03	-5.935345e+00
1.058000e-05	-1.467666e-02	-5.968922e+00
1.059000e-05	-2.592050e-02	-5.999501e+00
1.060000e-05	-1.235054e-02	-6.010131e+00
1.061000e-05	2.989892e-03	-6.053182e+00
1.062000e-05	-1.488414e-02	-6.124913e+00
1.063000e-05	-3.286444e-02	-6.167371e+00
1.064000e-05	-1.159733e-02	-6.259950e+00
1.065000e-05	-3.812948e-03	-6.192235e+00
1.066000e-05	-1.385446e-02	-6.304742e+00
1.067000e-05	-2.897514e-02	-6.325316e+00
1.068000e-05	-1.623180e-02	-6.358323e+00
1.069000e-05	-2.578979e-03	-6.387899e+00
1.070000e-05	-1.773841e-02	-6.368473e+00
1.071000e-05	-2.725745e-02	-6.389525e+00
1.072000e-05	-1.863355e-02	-6.399549e+00
1.073000e-05	-6.583046e-03	-6.389501e+00
1.074000e-05	-1.720607e-02	-6.401003e+00
1.075000e-05	-3.042089e-02	-6.421629e+00
1.076000e-05	-1.953589e-02	-6.400528e+00
1.077000e-05	-1.208264e-02	-6.411601e+00
1.078000e-05	-1.753216e-02	-6.421078e+00
1.079000e-05	-2.826064e-02	-6.401055e+00
1.080000e-05	-2.088638e-02	-6.410578e+00
1.081000e-05	-1.269165e-02	-6.411051e+00
1.082000e-05	-1.993122e-02	-6.399601e+00
1.083000e-05	-2.863862e-02	-6.420023e+00
1.084000e-05	-2.349739e-02	-6.399974e+00
1.085000e-05	-1.559252e-02	-6.378450e+00
1.086000e-05	-1.851445e-02	-6.399495e+00
1.087000e-05	-2.793592e-02	-6.377922e+00
1.088000e-05	-2.313776e-02	-6.316342e+00
1.089000e-05	-1.499195e-02	-6.346209e+00
1.090000e-05	-1.891796e-02	-6.252628e+00
1.091000e-05	-2.561006e-02	-6.159975e+00
1.092000e-05	-2.294888e-02	-6.180390e+00
1.093000e-05	-1.464472e-02	-6.095263e+00
1.094000e-05	-1.801245e-02	-6.052211e+00
1.095000e-05	-2.376821e-02	-6.021578e+00
1.096000e-05	-2.104227e-02	-6.020075e+00
1.097000e-05	-1.540523e-02	-5.970499e+00
1.098000e-05	-1.584423e-02	-5.968415e+00
1.099000e-05	-2.188772e-02	-5.875262e+00
1.100000e-05	-1.911887e-02	-5.831632e+00
1.101000e-05	-1.288230e-02	-5.799020e+00
1.102000e-05	-1.410755e-02	-5.746893e+00
1.103000e-05	-1.861149e-02	-5.695763e+00
1.104000e-05	-1.792245e-02	-5.642103e+00
1.105000e-05	-1.250809e-02	-5.579474e+00
1.106000e-05	-1.283818e-02	-5.557871e+00
1.107000e-05	-1.731312e-02	-5.493259e+00
1.108000e-05	-1.582569e-02	-5.338329e+00
1.109000e-05	-1.152859e-02	-5.274761e+00
1.110000e-05	-1.085403e-02	-5.210001e+00
1.111000e-05	-1.412949e-02	-5.126269e+00
1.112000e-05	-1.494801e-02	-5.064138e+00
1.113000e-05	-1.010568e-02	-4.970470e+00
1.114000e-05	-9.740632e-03	-4.901118e+00
1.115000e-05	-1.324895e-02	-4.787941e+00
1.116000e-05	-1.309271e-02	-4.692232e+00
1.117000e-05	-9.934434e-03	-4.640499e+00
1.118000e-05	-8.841005e-03	-4.567865e+00
1.119000e-05	-1.173030e-02	-4.463232e+00
1.120000e-05	-1.159573e-02	-4.410551e+00
1.121000e-05	-8.245614e-03	-4.338367e+00
1.122000e-05	-7.635197e-03	-4.273607e+00
1.123000e-05	-9.820427e-03	-4.169419e+00
1.124000e-05	-9.910082e-03	-4.074161e+00
1.125000e-05	-8.403438e-03	-4.010553e+00
1.126000e-05	-7.650512e-03	-3.914816e+00
1.127000e-05	-9.555740e-03	-3.829903e+00
1.128000e-05	-9.280545e-03	-3.654133e+00
1.129000e-05	-7.452079e-03	-3.589446e+00
1.130000e-05	-6.385631e-03	-3.515339e+00
1.131000e-05	-7.854537e-03	-3.421025e+00
1.132000e-05	-7.929857e-03	-3.334663e+00
1.133000e-05	-7.266764e-03	-3.201027e+00
1.134000e-05	-5.786469e-03	-3.116340e+00
1.135000e-05	-8.716274e-03	-2.998425e+00
1.136000e-05	-6.500731e-03	-2.862131e+00
1.137000e-05	-6.722474e-03	-2.767845e+00
1.138000e-05	-4.629507e-03	-2.643128e+00
1.139000e-05	-7.446915e-03	-2.529342e+00
1.140000e-05	-7.094000e-03	-2.443628e+00
1.141000e-05	-5.008629e-03	-2.367874e+00
1.142000e-05	-5.740514e-03	-2.195581e+00
1.143000e-05	-7.337564e-03	-2.086185e+00
1.144000e-05	-6.760008e-03	-1.998945e+00
1.145000e-05	-3.838553e-03	-1.894662e+00
1.146000e-05	-4.141728e-03	-1.770421e+00
1.147000e-05	-6.250518e-03	-1.673681e+00
1.148000e-05	-5.591974e-03	-1.618895e+00
1.149000e-05	-4.572444e-03	-1.402155e+00
1.150000e-05	-4.788803e-03	-1.334183e+00
1.151000e-05	-6.080522e-03	-1.158342e+00
1.152000e-05	-5.205981e-03	-1.052054e+00
1.153000e-05	-3.541816e-03	-9.057645e-01
1.154000e-05	-3.231780e-03	-8.115038e-01
1.155000e-05	-4.501904e-03	-7.352171e-01
1.156000e-05	-4.424004e-03	-5.562972e-01
1.157000e-05	-4.187676e-03	-4.315489e-01
1.158000e-05	-4.072224e-03	-3.567895e-01
1.159000e-05	-2.589677e-03	-2.310501e-01
1.160000e-05	-4.612601e-03	-6.571697e-02
1.161000e-05	-1.069366e-03	-3.097507e-02
1.162000e-05	5.767513e-04	6.371428e-02
1.163000e-05	1.977422e-03	2.006828e-01
1.164000e-05	-1.886161e-03	3.579498e-01
1.165000e-05	-2.155835e-03	4.311542e-01
1.166000e-05	-1.021906e-03	5.367934e-01
1.167000e-05	-7.891353e-04	6.447341e-01
1.168000e-05	-7.262360e-04	7.669448e-01
1.169000e-05	2.416421e-02	8.331579e-01
1.170000e-05	3.943761e-02	9.915804e-01
1.171000e-05	-8.806744e-03	1.210553e+00
1.172000e-05	-6.025328e-02	1.347895e+00
1.173000e-05	-8.001475e-02	1.429024e+00
1.174000e-05	7.606440e-02	1.554392e+00
1.175000e-05	5.708501e-02	1.695267e+00
1.176000e-05	-9.530310e-02	1.819474e+00
1.177000e-05	1.042654e-02	1.874710e+00
1.178000e-05	6.153655e-02	1.958000e+00
1.179000e-05	1.047823e-02	2.094186e+00
1.180000e-05	-2.378708e-02	2.156971e+00
1.181000e-05	-3.834679e-03	2.283662e+00
1.182000e-05	-4.905862e-02	2.400501e+00
1.183000e-05	4.134773e-02	2.461188e+00
1.184000e-05	7.414377e-02	2.598576e+00
1.185000e-05	-6.292210e-02	2.735846e+00
1.186000e-05	-3.927275e-02	2.852657e+00
1.187000e-05	5.434562e-02	2.937319e+00
1.188000e-05	1.623689e-02	3.092634e+00
1.189000e-05	-3.026550e-02	3.125866e+00
1.190000e-05	-3.172251e-02	3.230629e+00
1.191000e-05	2.836898e-02	3.278217e+00
1.192000e-05	7.412493e-02	3.442583e+00
1.193000e-05	-5.263703e-02	3.569047e+00
1.194000e-05	-4.504603e-02	3.620609e+00
1.195000e-05	5.086674e-02	3.726392e+00
1.196000e-05	2.103003e-02	3.823660e+00
1.197000e-05	-3.535720e-02	3.947342e+00
1.198000e-05	1.508435e-03	4.010025e+00
1.199000e-05	2.990041e-02	4.052712e+00
1.200000e-05	6.217717e-03	4.160029e+00
1.201000e-05	-1.557350e-03	4.316842e+00
1.202000e-05	-2.083341e-02	4.419075e+00
1.203000e-05	1.819348e-02	4.492686e+00
1.204000e-05	1.741329e-02	4.537967e+00
1.205000e-05	1.680129e-03	4.601106e+00
1.206000e-05	-1.660552e-02	4.755888e+00
1.207000e-05	1.914658e-02	4.788974e+00
1.208000e-05	1.588035e-02	4.882184e+00
1.209000e-05	-1.091564e-02	4.956546e+00
1.210000e-05	-2.429606e-03	5.075313e+00
1.211000e-05	1.127965e-02	5.208475e+00
1.212000e-05	1.853834e-02	5.252081e+00
1.213000e-05	-2.255642e-03	5.285766e+00
1.214000e-05	-2.125410e-03	5.367374e+00
1.215000e-05	8.369783e-03	5.410577e+00
1.216000e-05	1.821075e-02	5.494737e+00
1.217000e-05	-2.225100e-03	5.537970e+00
1.218000e-05	-5.670466e-03	5.599499e+00
1.219000e-05	1.375457e-02	5.620105e+00
1.220000e-05	1.616599e-02	5.674185e+00
1.221000e-05	3.153990e-03	5.736368e+00
1.222000e-05	-6.061752e-03	5.830702e+00
1.223000e-05	1.551901e-02	5.894814e+00
1.224000e-05	1.691356e-02	5.938418e+00
1.225000e-05	4.603377e-03	5.979447e+00
1.226000e-05	-3.910621e-03	6.001027e+00
1.227000e-05	1.309459e-02	6.031529e+00
1.228000e-05	1.875788e-02	6.042606e+00
1.229000e-05	1.621051e-03	6.083739e+00
1.230000e-05	1.369803e-03	6.146890e+00
1.231000e-05	1.328099e-02	6.189494e+00
1.232000e-05	2.171454e-02	6.208576e+00
1.233000e-05	4.774820e-03	6.209499e+00
1.234000e-05	3.456264e-03	6.220658e+00
1.235000e-05	1.115925e-02	6.241579e+00
1.236000e-05	1.884003e-02	6.262663e+00
1.237000e-05	7.340703e-03	6.292284e+00
1.238000e-05	3.495569e-03	6.304863e+00
1.239000e-05	1.475456e-02	6.276288e+00
1.240000e-05	2.055666e-02	6.325338e+00
1.241000e-05	1.294700e-02	6.306218e+00
1.242000e-05	3.793449e-03	6.346342e+00
1.243000e-05	1.396625e-02	6.366373e+00
1.244000e-05	2.091590e-02	6.305316e+00
1.245000e-05	1.441306e-02	6.355891e+00
1.246000e-05	6.040802e-03	6.318312e+00
1.247000e-05	1.419013e-02	6.325291e+00
1.248000e-05	2.202064e-02	6.315341e+00
1.249000e-05	1.504822e-02	6.274812e+00
1.250000e-05	8.181197e-03	6.273657e+00
1.251000e-05	1.418580e-02	6.272209e+00
1.252000e-05	2.220680e-02	6.251055e+00
1.253000e-05	1.599940e-02	6.220525e+00
1.254000e-05	9.474301e-03	6.240574e+00
1.255000e-05	1.369020e-02	6.179945e+00
1.256000e-05	1.961572e-02	6.127840e+00
1.257000e-05	1.566515e-02	6.096239e+00
1.258000e-05	8.099314e-03	6.114309e+00
1.259000e-05	1.271368e-02	6.033085e+00
1.260000e-05	1.689012e-02	6.031076e+00
1.261000e-05	1.509415e-02	5.990524e+00
1.262000e-05	7.562145e-03	5.988976e+00
1.263000e-05	1.093001e-02	5.976918e+00
1.264000e-05	1.532099e-02	5.874234e+00
1.265000e-05	1.266842e-02	5.831549e+00
1.266000e-05	7.044673e-03	5.746343e+00
1.267000e-05	8.100542e-03	5.671678e+00
1.268000e-05	1.279608e-02	5.631151e+00
1.269000e-05	1.037796e-02	5.569471e+00
1.270000e-05	5.522888e-03	5.516318e+00
1.271000e-05	6.905376e-03	5.463736e+00
1.272000e-05	1.050942e-02	5.429549e+00
1.273000e-05	9.496859e-03	5.367944e+00
1.274000e-05	5.125425e-03	5.356784e+00
1.275000e-05	5.409010e-03	5.220054e+00
1.276000e-05	7.493876e-03	5.187345e+00
1.277000e-05	6.947471e-03	5.032655e+00
1.278000e-05	3.508297e-03	4.927859e+00
1.279000e-05	3.602146e-03	4.843083e+00
1.280000e-05	6.207026e-03	4.788974e+00
1.281000e-05	7.291758e-03	4.705263e+00
1.282000e-05	3.251176e-03	4.622101e+00
1.283000e-05	3.063220e-03	4.577420e+00
1.284000e-05	3.473383e-03	4.465080e+00
1.285000e-05	5.234092e-03	4.430028e+00
1.286000e-05	2.209769e-03	4.377819e+00
1.287000e-05	4.156269e-04	4.263681e+00
1.288000e-05	3.388195e-03	4.105861e+00
1.289000e-05	2.941195e-03	4.041026e+00
1.290000e-05	1.936064e-03	3.947366e+00
1.291000e-05	7.797739e-04	3.833079e+00
1.292000e-05	2.531552e-03	3.779470e+00
1.293000e-05	2.620687e-03	3.684184e+00
1.294000e-05	9.228536e-04	3.599474e+00
1.295000e-05	6.236661e-04	3.546290e+00
1.296000e-05	5.635696e-04	3.398448e+00
1.297000e-05	-3.321046e-04	3.254529e+00
1.298000e-05	6.152770e-04	3.167420e+00
1.299000e-05	-1.678999e-03	3.073132e+00
1.300000e-05	3.893418e-04	3.001471e+00
1.301000e-05	8.066140e-04	2.883685e+00
1.302000e-05	-2.487078e-04	2.799499e+00
1.303000e-05	-1.392233e-03	2.706865e+00
1.304000e-05	-1.548777e-03	2.595317e+00
1.305000e-05	-2.768721e-04	2.420602e+00
1.306000e-05	-1.304933e-03	2.326317e+00
1.307000e-05	-2.465325e-03	2.252576e+00
1.308000e-05	-1.126038e-03	2.115735e+00
1.309000e-05	-1.456415e-03	2.021099e+00
1.310000e-05	-1.355682e-03	1.956367e+00
1.311000e-05	-1.184233e-03	1.811949e+00
1.312000e-05	-1.795877e-03	1.754281e+00
1.313000e-05	-2.287109e-03	1.609395e+00
1.314000e-05	-2.376409e-03	1.424605e+00
1.315000e-05	-3.135949e-03	1.365291e+00
1.316000e-05	-2.999128e-03	1.211499e+00
1.317000e-05	-4.025083e-03	1.085156e+00
1.318000e-05	-2.883611e-03	9.357354e-01
1.319000e-05	-1.996752e-03	7.799700e-01
1.320000e-05	-2.264437e-03	6.746867e-01
1.321000e-05	-3.183512e-03	5.589459e-01
1.322000e-05	-2.408002e-03	4.536553e-01
1.323000e-05	-3.190353e-03	3.909185e-01
1.324000e-05	-4.044881e-03	2.926063e-01
1.325000e-05	-4.952518e-03	1.042106e-01
1.326000e-05	-3.591572e-03	-3.158157e-02
1.327000e-05	-9.566264e-04	-1.458446e-01
1.328000e-05	-3.129744e-04	-2.410552e-01
1.329000e-05	-1.142899e-03	-3.279222e-01
1.330000e-05	-2.406358e-03	-4.310765e-01
1.331000e-05	-3.605968e-03	-5.354959e-01
1.332000e-05	-3.359218e-03	-6.947395e-01
1.333000e-05	-5.147063e-03	-8.105001e-01
1.334000e-05	4.897789e-03	-8.731843e-01
1.335000e-05	4.886968e-02	-9.675024e-01
1.336000e-05	6.328636e-03	-1.106395e+00
1.337000e-05	-3.751311e-02	-1.366951e+00
1.338000e-05	-1.196736e-01	-1.517396e+00
1.339000e-05	4.764907e-02	-1.589473e+00
1.340000e-05	7.578705e-02	-1.609529e+00
1.341000e-05	-5.754166e-02	-1.736975e+00
1.342000e-05	-3.695860e-02	-1.905241e+00
1.343000e-05	8.202222e-02	-1.915316e+00
1.344000e-05	9.485796e-03	-2.002154e+00
1.345000e-05	-5.899893e-02	-2.250688e+00
1.346000e-05	3.282407e-02	-2.327398e+00
1.347000e-05	-6.261545e-02	-2.422081e+00
1.348000e-05	-3.556037e-02	-2.526395e+00
1.349000e-05	1.243669e-01	-2.641606e+00
1.350000e-05	-4.077428e-02	-2.715316e+00
1.351000e-05	-1.057914e-01	-2.812132e+00
1.352000e-05	7.941432e-02	-2.906270e+00
1.353000e-05	1.127093e-02	-3.082682e+00
1.354000e-05	-4.929716e-02	-3.180053e+00
1.355000e-05	-3.459960e-02	-3.211633e+00
1.356000e-05	3.137267e-03	-3.369575e+00
1.357000e-05	7.313692e-02	-3.495293e+00
1.358000e-05	-2.795894e-02	-3.588946e+00
1.359000e-05	-1.060306e-01	-3.631685e+00
1.360000e-05	6.064781e-02	-3.747971e+00
1.361000e-05	3.991031e-02	-3.905739e+00
1.362000e-05	-7.455669e-02	-3.988951e+00
1.363000e-05	-5.515575e-03	-4.053258e+00
1.364000e-05	1.367661e-02	-4.167324e+00
1.365000e-05	1.933773e-02	-4.261162e+00
1.366000e-05	-2.663856e-02	-4.307315e+00
1.367000e-05	-5.277467e-02	-4.370476e+00
1.368000e-05	2.408825e-02	-4.402183e+00
1.369000e-05	8.965756e-03	-4.557479e+00
1.370000e-05	-2.522328e-02	-4.622086e+00
1.371000e-05	-2.063012e-02	-4.714312e+00
1.372000e-05	-1.402843e-03	-4.800482e+00
1.373000e-05	1.554338e-02	-4.883365e+00
1.374000e-05	-2.613137e-02	-4.978522e+00
1.375000e-05	-3.226876e-02	-5.033683e+00
1.376000e-05	8.434267e-03	-5.127269e+00
1.377000e-05	1.032472e-03	-5.188526e+00
1.378000e-05	-1.169680e-02	-5.261111e+00
1.379000e-05	-3.008142e-02	-5.327919e+00
1.380000e-05	-1.114781e-02	-5.444182e+00
1.381000e-05	1.838189e-02	-5.537920e+00
1.382000e-05	-2.710691e-02	-5.569577e+00
1.383000e-05	-2.459010e-02	-5.612106e+00
1.384000e-05	-5.116677e-03	-5.693712e+00
1.385000e-05	5.805724e-03	-5.787998e+00
1.386000e-05	-1.263572e-02	-5.769976e+00
1.387000e-05	-3.664117e-02	-5.822158e+00
1.388000e-05	-4.198863e-03	-5.874119e+00
1.389000e-05	2.481199e-03	-5.948444e+00
1.390000e-05	-1.760342e-02	-5.999975e+00
1.391000e-05	-2.673743e-02	-6.009575e+00
1.392000e-05	-1.058027e-02	-6.040604e+00
1.393000e-05	3.086107e-03	-6.033709e+00
1.394000e-05	-1.861391e-02	-6.095438e+00
1.395000e-05	-3.108384e-02	-6.158466e+00
1.396000e-05	-9.752030e-03	-6.147523e+00
1.397000e-05	-3.282807e-03	-6.250634e+00
1.398000e-05	-1.701939e-02	-6.283336e+00
1.399000e-05	-2.808157e-02	-6.305813e+00
1.400000e-05	-1.492802e-02	-6.346921e+00
1.401000e-05	-2.738609e-03	-6.377972e+00
1.402000e-05	-1.993299e-02	-6.389974e+00
1.403000e-05	-2.762407e-02	-6.389000e+00
1.404000e-05	-1.782484e-02	-6.410003e+00
1.405000e-05	-5.713269e-03	-6.380028e+00
1.406000e-05	-1.766581e-02	-6.410074e+00
1.407000e-05	-3.082246e-02	-6.420528e+00
1.408000e-05	-1.835270e-02	-6.420654e+00
1.409000e-05	-1.254321e-02	-6.430576e+00
1.410000e-05	-1.966248e-02	-6.421604e+00
1.411000e-05	-2.964947e-02	-6.451079e+00
1.412000e-05	-2.150163e-02	-6.421601e+00
1.413000e-05	-1.210463e-02	-6.391052e+00
1.414000e-05	-2.004075e-02	-6.430026e+00
1.415000e-05	-2.862722e-02	-6.400025e+00
1.416000e-05	-2.295765e-02	-6.378979e+00
1.417000e-05	-1.486799e-02	-6.378474e+00
1.418000e-05	-1.986064e-02	-6.367946e+00
1.419000e-05	-2.798442e-02	-6.367893e+00
1.420000e-05	-2.250927e-02	-6.336838e+00
1.421000e-05	-1.470003e-02	-6.293791e+00
1.422000e-05	-2.013394e-02	-6.283209e+00
1.423000e-05	-2.631375e-02	-6.220523e+00
1.424000e-05	-2.163602e-02	-6.156942e+00
1.425000e-05	-1.384440e-02	-6.065718e+00
1.426000e-05	-1.856520e-02	-6.043083e+00
1.427000e-05	-2.491416e-02	-6.021605e+00
1.428000e-05	-2.042643e-02	-5.999529e+00
1.429000e-05	-1.423431e-02	-5.988972e+00
1.430000e-05	-1.764068e-02	-5.937869e+00
1.431000e-05	-2.209982e-02	-5.855285e+00
1.432000e-05	-1.829507e-02	-5.822607e+00
1.433000e-05	-1.195917e-02	-5.789974e+00
1.434000e-05	-1.518665e-02	-5.746895e+00
1.435000e-05	-1.972316e-02	-5.694212e+00
1.436000e-05	-1.741075e-02	-5.632701e+00
1.437000e-05	-1.142987e-02	-5.609524e+00
1.438000e-05	-1.362636e-02	-5.537792e+00
1.439000e-05	-1.782464e-02	-5.421214e+00
1.440000e-05	-1.475216e-02	-5.428391e+00
1.441000e-05	-1.035199e-02	-5.272212e+00
1.442000e-05	-1.144389e-02	-5.180871e+00
1.443000e-05	-1.535312e-02	-5.145815e+00
1.444000e-05	-1.416483e-02	-5.031606e+00
1.445000e-05	-8.781223e-03	-4.999446e+00
1.446000e-05	-1.004128e-02	-4.803212e+00
1.447000e-05	-1.325367e-02	-4.757470e+00
1.448000e-05	-1.317515e-02	-4.673129e+00
1.449000e-05	-8.837263e-03	-4.591479e+00
1.450000e-05	-9.476312e-03	-4.517341e+00
1.451000e-05	-1.251212e-02	-4.461655e+00
1.452000e-05	-1.155491e-02	-4.389974e+00
1.453000e-05	-7.366040e-03	-4.336888e+00
1.454000e-05	-7.891175e-03	-4.252030e+00
1.455000e-05	-1.041545e-02	-4.159867e+00
1.456000e-05	-1.025289e-02	-4.033163e+00
1.457000e-05	-7.366613e-03	-3.989446e+00
1.458000e-05	-7.403212e-03	-3.906792e+00
1.459000e-05	-9.772982e-03	-3.798380e+00
1.460000e-05	-9.597507e-03	-3.642179e+00
1.461000e-05	-7.061770e-03	-3.588019e+00
1.462000e-05	-6.256696e-03	-3.485711e+00
1.463000e-05	-8.975568e-03	-3.410424e+00
1.464000e-05	-7.521062e-03	-3.275210e+00
1.465000e-05	-8.072724e-03	-3.180051e+00
1.466000e-05	-5.574761e-03	-3.156761e+00
1.467000e-05	-7.890533e-03	-2.968866e+00
1.468000e-05	-7.596099e-03	-2.852155e+00
1.469000e-05	-6.977778e-03	-2.757921e+00
1.470000e-05	-6.862718e-03	-2.662630e+00
1.471000e-05	-6.182107e-03	-2.536892e+00
1.472000e-05	-6.697605e-03	-2.452083e+00
1.473000e-05	-5.716525e-03	-2.357391e+00
1.474000e-05	-6.942229e-03	-2.213604e+00
1.475000e-05	-5.966712e-03	-2.074158e+00
1.476000e-05	-6.884822e-03	-2.018846e+00
1.477000e-05	-5.830660e-03	-1.873633e+00
1.478000e-05	-4.038035e-03	-1.779893e+00
1.479000e-05	-4.276553e-03	-1.652660e+00
1.480000e-05	-5.420583e-03	-1.620318e+00
1.481000e-05	-5.746366e-03	-1.431955e+00
1.482000e-05	-6.426141e-03	-1.254156e+00
1.483000e-05	-4.713019e-03	-1.157318e+00
1.484000e-05	-4.997373e-03	-1.001478e+00
1.485000e-05	-4.876057e-03	-9.167632e-01
1.486000e-05	-3.532808e-03	-8.199237e-01
1.487000e-05	-3.590406e-03	-6.871668e-01
1.488000e-05	-3.934756e-03	-5.567933e-01
1.489000e-05	-4.743894e-03	-4.306024e-01
1.490000e-05	-5.594189e-03	-3.058146e-01
1.491000e-05	-3.613404e-03	-2.305011e-01
1.492000e-05	-2.921522e-03	-8.573571e-02
1.493000e-05	-4.208104e-04	-1.099857e-02
1.494000e-05	9.323681e-04	6.323210e-02
1.495000e-05	-8.113752e-04	2.421552e-01
1.496000e-05	-8.728988e-04	3.694473e-01
1.497000e-05	-1.419304e-03	4.616539e-01
1.498000e-05	-1.911856e-03	5.568710e-01
1.499000e-05	-2.397098e-03	6.321819e-01
1.500000e-05	3.277465e-03	7.169224e-01
1.501000e-05	2.988966e-02	8.823130e-01
1.502000e-05	3.431383e-02	1.063162e+00
1.503000e-05	-1.335547e-02	1.230633e+00
1.504000e-05	-6.952197e-02	1.367921e+00
1.505000e-05	-6.479678e-02	1.410058e+00
1.506000e-05	8.344686e-02	1.555397e+00
1.507000e-05	4.565173e-02	1.744871e+00
1.508000e-05	-1.082722e-01	1.791075e+00
1.509000e-05	3.939210e-02	1.883261e+00
1.510000e-05	5.257313e-02	2.009076e+00
1.511000e-05	-2.777448e-03	2.125265e+00
1.512000e-05	-1.013315e-02	2.149445e+00
1.513000e-05	-1.718291e-02	2.304763e+00
1.514000e-05	-4.473104e-02	2.409449e+00
1.515000e-05	5.670116e-02	2.432134e+00
1.516000e-05	6.040485e-02	2.620632e+00
1.517000e-05	-7.391165e-02	2.768420e+00
1.518000e-05	-2.139113e-02	2.851258e+00
1.519000e-05	5.304295e-02	2.964921e+00
1.520000e-05	1.175606e-02	3.063684e+00
1.521000e-05	-3.735753e-02	3.136869e+00
1.522000e-05	-2.598788e-02	3.242206e+00
1.523000e-05	3.768242e-02	3.336891e+00
1.524000e-05	6.832809e-02	3.462784e+00
1.525000e-05	-6.580164e-02	3.569000e+00
1.526000e-05	-3.379179e-02	3.664235e+00
1.527000e-05	5.782610e-02	3.758470e+00
1.528000e-05	8.149092e-03	3.842133e+00
1.529000e-05	-3.146734e-02	3.925878e+00
1.530000e-05	3.536061e-03	4.021101e+00
1.531000e-05	3.009474e-02	4.073687e+00
1.532000e-05	4.195350e-03	4.221603e+00
1.533000e-05	-1.658157e-03	4.317270e+00
1.534000e-05	-2.043380e-02	4.411525e+00
1.535000e-05	1.830357e-02	4.474260e+00
1.536000e-05	1.746554e-02	4.538474e+00
1.537000e-05	-2.471987e-03	4.652705e+00
1.538000e-05	-1.262801e-02	4.706845e+00
1.539000e-05	1.834631e-02	4.800048e+00
1.540000e-05	1.575607e-02	4.853713e+00
1.541000e-05	-1.165012e-02	4.979475e+00
1.542000e-05	1.546202e-03	5.116289e+00
1.543000e-05	9.466503e-03	5.198976e+00
1.544000e-05	1.754301e-02	5.252133e+00
1.545000e-05	-3.653635e-03	5.326367e+00
1.546000e-05	-3.591289e-03	5.378501e+00
1.547000e-05	1.003428e-02	5.441083e+00
1.548000e-05	1.700468e-02	5.494683e+00
1.549000e-05	-1.214298e-03	5.566521e+00
1.550000e-05	-2.341895e-03	5.610026e+00
1.551000e-05	1.550225e-02	5.622103e+00
1.552000e-05	1.362841e-02	5.662862e+00
1.553000e-05	-1.058276e-03	5.686890e+00
1.554000e-05	-3.947177e-03	5.821105e+00
1.555000e-05	1.520564e-02	5.885342e+00
1.556000e-05	1.581724e-02	5.966895e+00
1.557000e-05	2.790335e-03	5.989475e+00
1.558000e-05	-3.668403e-05	6.051576e+00
1.559000e-05	1.483735e-02	6.052158e+00
1.560000e-05	1.659475e-02	6.083761e+00
1.561000e-05	-4.041704e-04	6.085216e+00
1.562000e-05	1.546061e-03	6.154391e+00
1.563000e-05	1.461812e-02	6.197443e+00
1.564000e-05	1.877695e-02	6.189525e+00
1.565000e-05	4.006027e-03	6.210025e+00
1.566000e-05	3.908478e-03	6.241608e+00
1.567000e-05	1.504598e-02	6.243078e+00
1.568000e-05	1.637118e-02	6.262685e+00
1.569000e-05	7.672225e-03	6.313709e+00
1.570000e-05	4.773360e-03	6.324713e+00
1.571000e-05	1.685577e-02	6.286265e+00
1.572000e-05	1.733595e-02	6.323366e+00
1.573000e-05	1.042426e-02	6.355814e+00
1.574000e-05	6.070601e-03	6.346871e+00
1.575000e-05	1.729473e-02	6.295840e+00
1.576000e-05	1.777842e-02	6.386842e+00
1.577000e-05	1.185618e-02	6.318742e+00
1.578000e-05	9.492114e-03	6.336391e+00
1.579000e-05	1.743145e-02	6.296313e+00
1.580000e-05	1.989926e-02	6.324815e+00
1.581000e-05	1.094187e-02	6.295236e+00
1.582000e-05	1.156093e-02	6.283283e+00
1.583000e-05	1.660289e-02	6.232058e+00
1.584000e-05	2.021129e-02	6.250578e+00
1.585000e-05	1.256822e-02	6.251555e+00
1.586000e-05	1.185636e-02	6.218000e+00
1.587000e-05	1.675691e-02	6.139017e+00
1.588000e-05	1.677710e-02	6.158868e+00
1.589000e-05	1.243635e-02	6.145838e+00
1.590000e-05	1.002770e-02	6.084185e+00
1.591000e-05	1.569381e-02	6.051731e+00
1.592000e-05	1.477063e-02	6.041001e+00
1.593000e-05	1.141724e-02	5.990526e+00
1.594000e-05	9.979110e-03	6.007471e+00
1.595000e-05	1.353736e-02	5.987393e+00
1.596000e-05	1.354506e-02	5.833808e+00
1.597000e-05	9.619622e-03	5.830499e+00
1.598000e-05	8.307102e-03	5.725836e+00
1.599000e-05	1.052741e-02	5.682657e+00
1.600000e-05	1.122054e-02	5.610576e+00
1.601000e-05	7.752090e-03	5.588998e+00
1.602000e-05	6.430439e-03	5.536295e+00
1.603000e-05	8.652353e-03	5.472732e+00
1.604000e-05	9.838723e-03	5.411471e+00
1.605000e-05	6.740696e-03	5.349390e+00
1.606000e-05	6.318159e-03	5.295713e+00
1.607000e-05	6.014210e-03	5.210502e+00
1.608000e-05	7.569121e-03	5.157416e+00
1.609000e-05	4.626411e-03	5.031653e+00
1.610000e-05	3.470781e-03	4.935790e+00
1.611000e-05	4.667568e-03	4.861127e+00
1.612000e-05	6.523686e-03	4.788396e+00
1.613000e-05	5.144486e-03	4.694786e+00
1.614000e-05	2.871324e-03	4.651102e+00
1.615000e-05	3.182563e-03	4.548366e+00
1.616000e-05	5.001372e-03	4.443180e+00
1.617000e-05	3.679603e-03	4.420501e+00
1.618000e-05	1.001559e-03	4.339395e+00
1.619000e-05	2.412794e-03	4.280050e+00
1.620000e-05	3.849917e-03	4.086362e+00
1.621000e-05	2.344099e-03	4.011974e+00
1.622000e-05	-4.259816e-05	3.945318e+00
1.623000e-05	1.571768e-03	3.821703e+00
1.624000e-05	2.896640e-03	3.788318e+00
1.625000e-05	1.875298e-03	3.664280e+00
1.626000e-05	-2.842069e-04	3.619925e+00
1.627000e-05	1.456789e-03	3.535163e+00
1.628000e-05	1.505907e-03	3.369349e+00
1.629000e-05	6.124516e-04	3.273626e+00
1.630000e-05	-1.501866e-03	3.166920e+00
1.631000e-05	1.795502e-04	3.063655e+00
1.632000e-05	1.036036e-03	2.979442e+00
1.633000e-05	6.635389e-05	2.853154e+00
1.634000e-05	-2.152580e-03	2.778423e+00
1.635000e-05	-1.058303e-03	2.705735e+00
1.636000e-05	6.132735e-04	2.529320e+00
1.637000e-05	-1.588017e-04	2.401499e+00
1.638000e-05	-2.582024e-03	2.296691e+00
1.639000e-05	-1.708097e-03	2.229550e+00
1.640000e-05	-4.047841e-04	2.116237e+00
1.641000e-05	-8.591981e-04	2.051100e+00
1.642000e-05	-3.070541e-03	1.926391e+00
1.643000e-05	-2.831472e-03	1.780449e+00
1.644000e-05	2.277774e-04	1.702252e+00
1.645000e-05	-1.583435e-03	1.577372e+00
1.646000e-05	-2.672316e-03	1.433121e+00
1.647000e-05	-2.704143e-03	1.314813e+00
1.648000e-05	-1.402466e-03	1.198946e+00
1.649000e-05	-2.365785e-03	1.072007e+00
1.650000e-05	-4.090754e-03	9.372080e-01
1.651000e-05	-4.501179e-03	8.098723e-01
1.652000e-05	-2.146204e-03	6.736067e-01
1.653000e-05	-2.455545e-03	5.593673e-01
1.654000e-05	-4.039126e-03	4.526778e-01
1.655000e-05	-3.611772e-03	3.483686e-01
1.656000e-05	-2.938610e-03	1.809753e-01
1.657000e-05	-2.939400e-03	6.265277e-02
1.658000e-05	-3.252369e-03	-1.113277e-02
1.659000e-05	-2.405204e-03	-1.478957e-01
1.660000e-05	-1.190959e-04	-2.721566e-01
1.661000e-05	-2.047358e-03	-3.378249e-01
1.662000e-05	-3.818920e-03	-3.901791e-01
1.663000e-05	-3.585262e-03	-5.759709e-01
1.664000e-05	-3.089183e-03	-6.848396e-01
1.665000e-05	-2.690036e-03	-7.593788e-01
1.666000e-05	7.559983e-03	-8.637380e-01
1.667000e-05	5.122947e-02	-9.694226e-01
1.668000e-05	-4.539441e-03	-1.138899e+00
1.669000e-05	-4.330988e-02	-1.400084e+00
1.670000e-05	-1.166109e-01	-1.537472e+00
1.671000e-05	6.421774e-02	-1.569423e+00
1.672000e-05	6.971035e-02	-1.611102e+00
1.673000e-05	-8.497815e-02	-1.766950e+00
1.674000e-05	1.315614e-03	-1.924692e+00
1.675000e-05	7.460041e-02	-1.926390e+00
1.676000e-05	-9.989028e-03	-2.072285e+00
1.677000e-05	-4.291334e-02	-2.244638e+00
1.678000e-05	2.310888e-02	-2.348847e+00
1.679000e-05	-7.518309e-02	-2.431208e+00
1.680000e-05	-7.227475e-03	-2.526900e+00
1.681000e-05	1.179392e-01	-2.642133e+00
1.682000e-05	-6.541967e-02	-2.745347e+00
1.683000e-05	-8.647091e-02	-2.810605e+00
1.684000e-05	8.933406e-02	-2.894341e+00
1.685000e-05	-8.536691e-03	-3.065818e+00
1.686000e-05	-5.070354e-02	-3.180053e+00
1.687000e-05	-3.091166e-02	-3.232662e+00
1.688000e-05	1.103077e-02	-3.381104e+00
1.689000e-05	7.800309e-02	-3.526347e+00
1.690000e-05	-5.490752e-02	-3.537372e+00
1.691000e-05	-8.786515e-02	-3.632216e+00
1.692000e-05	7.584720e-02	-3.776502e+00
1.693000e-05	1.592739e-02	-3.895317e+00
1.694000e-05	-7.360883e-02	-4.009526e+00
1.695000e-05	4.729907e-03	-4.033237e+00
1.696000e-05	1.470294e-02	-4.179472e+00
1.697000e-05	1.455166e-02	-4.283163e+00
1.698000e-05	-3.510350e-02	-4.347920e+00
1.699000e-05	-4.489253e-02	-4.390074e+00
1.700000e-05	3.346353e-02	-4.422259e+00
1.701000e-05	-3.414861e-04	-4.596470e+00
1.702000e-05	-2.581503e-02	-4.652189e+00
1.703000e-05	-1.798736e-02	-4.705766e+00
1.704000e-05	1.695383e-03	-4.799131e+00
1.705000e-05	1.171012e-02	-4.932762e+00
1.706000e-05	-3.554527e-02	-4.999049e+00
1.707000e-05	-2.260864e-02	-5.032708e+00
1.708000e-05	1.027575e-02	-5.136820e+00
1.709000e-05	-1.591713e-03	-5.189053e+00
1.710000e-05	-1.370517e-02	-5.242232e+00
1.711000e-05	-3.018835e-02	-5.367904e+00
1.712000e-05	-5.986712e-03	-5.452688e+00
1.713000e-05	1.441554e-02	-5.578899e+00
1.714000e-05	-3.079381e-02	-5.600052e+00
1.715000e-05	-2.000962e-02	-5.661702e+00
1.716000e-05	-2.479409e-03	-5.724712e+00
1.717000e-05	3.840952e-03	-5.738446e+00
1.718000e-05	-1.724502e-02	-5.820078e+00
1.719000e-05	-3.512370e-02	-5.841682e+00
1.720000e-05	1.161765e-03	-5.893793e+00
1.721000e-05	-1.758235e-03	-5.968895e+00
1.722000e-05	-1.989834e-02	-5.970527e+00
1.723000e-05	-2.488233e-02	-6.000100e+00
1.724000e-05	-7.689650e-03	-6.020605e+00
1.725000e-05	2.688521e-03	-6.052232e+00
1.726000e-05	-2.416279e-02	-6.106394e+00
1.727000e-05	-2.713647e-02	-6.178274e+00
1.728000e-05	-7.433680e-03	-6.210621e+00
1.729000e-05	-4.631263e-03	-6.280733e+00
1.730000e-05	-1.989527e-02	-6.284763e+00
1.731000e-05	-2.712601e-02	-6.327814e+00
1.732000e-05	-1.136560e-02	-6.338369e+00
1.733000e-05	-5.763896e-03	-6.385950e+00
1.734000e-05	-2.416379e-02	-6.369973e+00
1.735000e-05	-2.636563e-02	-6.400500e+00
1.736000e-05	-1.482649e-02	-6.400003e+00
1.737000e-05	-7.795659e-03	-6.390473e+00
1.738000e-05	-2.155250e-02	-6.420530e+00
1.739000e-05	-2.913013e-02	-6.401076e+00
1.740000e-05	-1.553988e-02	-6.431028e+00
1.741000e-05	-1.372451e-02	-6.430533e+00
1.742000e-05	-2.173158e-02	-6.411055e+00
1.743000e-05	-2.914154e-02	-6.421028e+00
1.744000e-05	-1.857934e-02	-6.410554e+00
1.745000e-05	-1.283427e-02	-6.421501e+00
1.746000e-05	-2.222725e-02	-6.420551e+00
1.747000e-05	-2.754896e-02	-6.389978e+00
1.748000e-05	-2.229475e-02	-6.399449e+00
1.749000e-05	-1.474977e-02	-6.388425e+00
1.750000e-05	-2.177745e-02	-6.357472e+00
1.751000e-05	-2.723534e-02	-6.357945e+00
1.752000e-05	-2.123249e-02	-6.345792e+00
1.753000e-05	-1.507389e-02	-6.295386e+00
1.754000e-05	-2.084179e-02	-6.272733e+00
1.755000e-05	-2.565795e-02	-6.212974e+00
1.756000e-05	-2.015810e-02	-6.165967e+00
1.757000e-05	-1.462261e-02	-6.084187e+00
1.758000e-05	-1.955335e-02	-6.064133e+00
1.759000e-05	-2.378459e-02	-6.010053e+00
1.760000e-05	-1.895632e-02	-5.999976e+00
1.761000e-05	-1.474440e-02	-5.977472e+00
1.762000e-05	-1.766554e-02	-5.966843e+00
1.763000e-05	-2.210103e-02	-5.893786e+00
1.764000e-05	-1.644624e-02	-5.830528e+00
1.765000e-05	-1.214388e-02	-5.818948e+00
1.766000e-05	-1.600091e-02	-5.736816e+00
1.767000e-05	-1.896336e-02	-5.673158e+00
1.768000e-05	-1.626835e-02	-5.631076e+00
1.769000e-05	-1.058487e-02	-5.568950e+00
1.770000e-05	-1.422431e-02	-5.566888e+00
1.771000e-05	-1.778789e-02	-5.422163e+00
1.772000e-05	-1.489222e-02	-5.297392e+00
1.773000e-05	-1.027324e-02	-5.242153e+00
1.774000e-05	-1.127098e-02	-5.169524e+00
1.775000e-05	-1.485275e-02	-5.135317e+00
1.776000e-05	-1.451607e-02	-5.011100e+00
1.777000e-05	-8.423884e-03	-4.939520e+00
1.778000e-05	-9.995295e-03	-4.815503e+00
1.779000e-05	-1.313635e-02	-4.758317e+00
1.780000e-05	-1.260080e-02	-4.663607e+00
1.781000e-05	-7.805234e-03	-4.599025e+00
1.782000e-05	-9.461158e-03	-4.526312e+00
1.783000e-05	-1.259892e-02	-4.432607e+00
1.784000e-05	-1.227249e-02	-4.380497e+00
1.785000e-05	-7.563636e-03	-4.296291e+00
1.786000e-05	-7.838295e-03	-4.211525e+00
1.787000e-05	-9.895323e-03	-4.135897e+00
1.788000e-05	-9.568027e-03	-4.064153e+00
1.789000e-05	-7.102515e-03	-4.010450e+00
1.790000e-05	-7.586338e-03	-3.915264e+00
1.791000e-05	-1.074956e-02	-3.747371e+00
1.792000e-05	-9.829671e-03	-3.633104e+00
1.793000e-05	-7.766547e-03	-3.567974e+00
1.794000e-05	-5.810218e-03	-3.474184e+00
1.795000e-05	-9.252825e-03	-3.370895e+00
1.796000e-05	-7.470150e-03	-3.283633e+00
1.797000e-05	-7.205227e-03	-3.190446e+00
1.798000e-05	-4.406596e-03	-3.106734e+00
1.799000e-05	-9.245776e-03	-2.967315e+00
1.800000e-05	-7.014447e-03	-2.851104e+00
1.801000e-05	-6.729329e-03	-2.747317e+00
1.802000e-05	-4.926308e-03	-2.634579e+00
1.803000e-05	-8.658285e-03	-2.505766e+00
1.804000e-05	-7.640684e-03	-2.441500e+00
1.805000e-05	-4.733515e-03	-2.347417e+00
1.806000e-05	-5.245478e-03	-2.251004e+00
1.807000e-05	-8.307812e-03	-2.074605e+00
1.808000e-05	-6.931758e-03	-1.958945e+00
1.809000e-05	-3.645991e-03	-1.862630e+00
1.810000e-05	-3.230065e-03	-1.756370e+00
1.811000e-05	-6.833652e-03	-1.663078e+00
1.812000e-05	-6.007004e-03	-1.577872e+00
1.813000e-05	-4.730020e-03	-1.400499e+00
1.814000e-05	-4.655235e-03	-1.274055e+00
1.815000e-05	-6.110161e-03	-1.145841e+00
1.816000e-05	-6.497505e-03	-1.020524e+00
1.817000e-05	-2.756683e-03	-8.957355e-01
1.818000e-05	-2.685375e-03	-8.179460e-01
1.819000e-05	-5.225034e-03	-6.651368e-01
1.820000e-05	-4.211845e-03	-5.053105e-01
1.821000e-05	-3.685327e-03	-4.204988e-01
1.822000e-05	-4.067145e-03	-3.257606e-01
1.823000e-05	-4.405801e-03	-1.999726e-01
1.824000e-05	-3.897835e-03	-8.318546e-02
1.825000e-05	1.641550e-03	2.997513e-02
1.826000e-05	-1.748341e-03	8.581711e-02
1.827000e-05	-1.824313e-05	2.227607e-01
1.828000e-05	-1.338636e-03	3.790475e-01
1.829000e-05	3.432330e-04	4.726829e-01
1.830000e-05	-1.518123e-03	5.564486e-01
1.831000e-05	-1.954578e-03	6.728133e-01
1.832000e-05	5.787873e-03	7.475225e-01
1.833000e-05	3.503934e-02	8.747395e-01
1.834000e-05	2.827278e-02	1.083343e+00
1.835000e-05	-1.742984e-02	1.263288e+00
1.836000e-05	-7.796119e-02	1.368999e+00
1.837000e-05	-4.576319e-02	1.452608e+00
1.838000e-05	8.575276e-02	1.600950e+00
1.839000e-05	3.002603e-02	1.713841e+00
1.840000e-05	-1.117661e-01	1.820500e+00
1.841000e-05	6.079216e-02	1.883767e+00
1.842000e-05	4.828456e-02	2.060578e+00
1.843000e-05	-2.034086e-02	2.075761e+00
1.844000e-05	4.370611e-03	2.189499e+00
1.845000e-05	-3.289376e-02	2.316346e+00
1.846000e-05	-3.547249e-02	2.409575e+00
1.847000e-05	7.027667e-02	2.475237e+00
1.848000e-05	4.145744e-02	2.631108e+00
1.849000e-05	-8.040000e-02	2.788450e+00
1.850000e-05	-2.549703e-03	2.872237e+00
1.851000e-05	4.898127e-02	2.949500e+00
1.852000e-05	8.112930e-03	3.044688e+00
1.853000e-05	-4.310511e-02	3.148946e+00
1.854000e-05	-1.689326e-02	3.272133e+00
1.855000e-05	4.971651e-02	3.317949e+00
1.856000e-05	5.256942e-02	3.464209e+00
1.857000e-05	-7.412218e-02	3.608004e+00
1.858000e-05	-1.867681e-02	3.695238e+00
1.859000e-05	6.405439e-02	3.766872e+00
1.860000e-05	-6.408373e-03	3.893238e+00
1.861000e-05	-2.619377e-02	3.948344e+00
1.862000e-05	8.343577e-03	4.022080e+00
1.863000e-05	2.907559e-02	4.083363e+00
1.864000e-05	-1.493854e-03	4.269206e+00
1.865000e-05	-5.538297e-03	4.387446e+00
1.866000e-05	-1.609590e-02	4.431554e+00
1.867000e-05	2.139138e-02	4.465336e+00
1.868000e-05	1.679122e-02	4.569500e+00
1.869000e-05	-9.846690e-03	4.650234e+00
1.870000e-05	-6.964161e-03	4.705924e+00
1.871000e-05	1.900016e-02	4.810025e+00
1.872000e-05	1.195050e-02	4.861264e+00
1.873000e-05	-1.444201e-02	4.959105e+00
1.874000e-05	4.172799e-03	5.114938e+00
1.875000e-05	1.378042e-02	5.208999e+00
1.876000e-05	1.523565e-02	5.243658e+00
1.877000e-05	-5.939838e-03	5.316417e+00
1.878000e-05	-2.862310e-03	5.378976e+00
1.879000e-05	1.408632e-02	5.463181e+00
1.880000e-05	1.261296e-02	5.484891e+00
1.881000e-05	-3.334207e-03	5.557921e+00
1.882000e-05	-2.894237e-03	5.580475e+00
1.883000e-05	2.044710e-02	5.662157e+00
1.884000e-05	1.120236e-02	5.664336e+00
1.885000e-05	-2.520151e-03	5.776967e+00
1.886000e-05	-1.871516e-03	5.845205e+00
1.887000e-05	1.817589e-02	5.935893e+00
1.888000e-05	1.333699e-02	5.958447e+00
1.889000e-05	-8.145618e-04	5.999974e+00
1.890000e-05	2.424257e-03	5.991080e+00
1.891000e-05	1.702453e-02	6.061580e+00
1.892000e-05	1.678497e-02	6.054261e+00
1.893000e-05	-2.306099e-03	6.105317e+00
1.894000e-05	4.350888e-03	6.155394e+00
1.895000e-05	1.579353e-02	6.179953e+00
1.896000e-05	1.713445e-02	6.180525e+00
1.897000e-05	3.218832e-03	6.220553e+00
1.898000e-05	5.098551e-03	6.262582e+00
1.899000e-05	1.745328e-02	6.262634e+00
1.900000e-05	1.582509e-02	6.262133e+00
1.901000e-05	6.008515e-03	6.283713e+00
1.902000e-05	5.401743e-03	6.294815e+00
1.903000e-05	1.844879e-02	6.296236e+00
1.904000e-05	1.686809e-02	6.274867e+00
1.905000e-05	9.824734e-03	6.344819e+00
1.906000e-05	8.277309e-03	6.357887e+00
1.907000e-05	1.832482e-02	6.296817e+00
1.908000e-05	1.807223e-02	6.336367e+00
1.909000e-05	1.086100e-02	6.296840e+00
1.910000e-05	1.138246e-02	6.336791e+00
1.911000e-05	1.720722e-02	6.285340e+00
1.912000e-05	1.920730e-02	6.314229e+00
1.913000e-05	1.146384e-02	6.264266e+00
1.914000e-05	1.202427e-02	6.304262e+00
1.915000e-05	1.725681e-02	6.254254e+00
1.916000e-05	1.908633e-02	6.270581e+00
1.917000e-05	1.354628e-02	6.211105e+00
1.918000e-05	1.146450e-02	6.230576e+00
1.919000e-05	1.617395e-02	6.148974e+00
1.920000e-05	1.735334e-02	6.177342e+00
1.921000e-05	1.241389e-02	6.116288e+00
1.922000e-05	1.039676e-02	6.063159e+00
1.923000e-05	1.587675e-02	6.042629e+00
1.924000e-05	1.445466e-02	6.021075e+00
1.925000e-05	1.122253e-02	6.000050e+00
1.926000e-05	1.014420e-02	5.978499e+00
1.927000e-05	1.293063e-02	5.958367e+00
1.928000e-05	1.337287e-02	5.884755e+00
1.929000e-05	9.734015e-03	5.801072e+00
1.930000e-05	8.305704e-03	5.735313e+00
1.931000e-05	9.966506e-03	5.651629e+00
1.932000e-05	1.056043e-02	5.599500e+00
1.933000e-05	8.007316e-03	5.578946e+00
1.934000e-05	6.062053e-03	5.515843e+00
1.935000e-05	7.896192e-03	5.462659e+00
1.936000e-05	9.200289e-03	5.409524e+00
1.937000e-05	7.294648e-03	5.379367e+00
1.938000e-05	5.586082e-03	5.263212e+00
1.939000e-05	7.761020e-03	5.202100e+00
1.940000e-05	7.184506e-03	5.124820e+00
1.941000e-05	4.618898e-03	5.041024e+00
1.942000e-05	2.649520e-03	4.895738e+00
1.943000e-05	4.723507e-03	4.842130e+00
1.944000e-05	5.952243e-03	4.787399e+00
1.945000e-05	4.247340e-03	4.706208e+00
1.946000e-05	2.951731e-03	4.621077e+00
1.947000e-05	4.048976e-03	4.537866e+00
1.948000e-05	5.288836e-03	4.462628e+00
1.949000e-05	2.934995e-03	4.409024e+00
1.950000e-05	5.772811e-04	4.377845e+00
1.951000e-05	2.515540e-03	4.262128e+00
1.952000e-05	3.828939e-03	4.075235e+00
1.953000e-05	2.538390e-03	4.030451e+00
1.954000e-05	3.614804e-04	3.926815e+00
1.955000e-05	5.482735e-04	3.841704e+00
1.956000e-05	3.447174e-03	3.728368e+00
1.957000e-05	1.500798e-03	3.653128e+00
1.958000e-05	1.994609e-04	3.589399e+00
1.959000e-05	7.145730e-04	3.484213e+00
1.960000e-05	2.630238e-03	3.359542e+00
1.961000e-05	4.784277e-04	3.223000e+00
1.962000e-05	-9.422088e-04	3.159413e+00
1.963000e-05	-7.368740e-04	3.063131e+00
1.964000e-05	1.259285e-03	2.937894e+00
1.965000e-05	1.013664e-04	2.852728e+00
1.966000e-05	-8.204018e-04	2.775895e+00
1.967000e-05	6.148405e-04	2.732104e+00
1.968000e-05	5.918972e-04	2.526739e+00
1.969000e-05	-7.837648e-04	2.430499e+00
1.970000e-05	-2.377375e-03	2.315208e+00
1.971000e-05	-1.285915e-03	2.188471e+00
1.972000e-05	-6.462068e-05	2.103735e+00
1.973000e-05	-1.849848e-03	2.019496e+00
1.974000e-05	-2.294902e-03	1.924733e+00
1.975000e-05	-1.019540e-03	1.788915e+00
1.976000e-05	-1.015873e-03	1.653106e+00
1.977000e-05	-1.506350e-03	1.546791e+00
1.978000e-05	-3.856383e-03	1.390972e+00
1.979000e-05	-2.062800e-03	1.296155e+00
1.980000e-05	-2.042515e-03	1.160469e+00
1.981000e-05	-3.137922e-03	1.051997e+00
1.982000e-05	-4.632143e-03	8.836790e-01
1.983000e-05	-2.563225e-03	7.574448e-01
1.984000e-05	-2.869599e-03	6.626290e-01
1.985000e-05	-2.673750e-03	5.582631e-01
1.986000e-05	-4.902650e-03	4.416015e-01
1.987000e-05	-2.843582e-03	3.468156e-01
1.988000e-05	-3.938016e-03	2.019224e-01
1.989000e-05	-2.656900e-03	1.146039e-01
1.990000e-05	-3.211668e-03	-4.210920e-02
1.991000e-05	-1.184107e-04	-1.583974e-01
1.992000e-05	-4.366963e-04	-2.827079e-01
1.993000e-05	-3.299783e-03	-3.483960e-01
1.994000e-05	-5.201940e-03	-4.100564e-01
1.995000e-05	-4.868096e-03	-5.274537e-01
1.996000e-05	-3.013765e-03	-7.242683e-01
1.997000e-05	-3.676891e-03	-7.995538e-01
1.998000e-05	1.428021e-02	-8.952920e-01
1.999000e-05	5.208280e-02	-1.001055e+00
2.000000e-05	-1.060201e-02	-1.187680e+00
2.001000e-05	-5.426368e-02	-1.450137e+00
2.002000e-05	-1.032921e-01	-1.568425e+00
2.003000e-05	7.526332e-02	-1.598978e+00
2.004000e-05	6.217171e-02	-1.610054e+00
2.005000e-05	-1.075724e-01	-1.811002e+00
2.006000e-05	3.398424e-02	-1.913270e+00
2.007000e-05	6.307984e-02	-1.917267e+00
2.008000e-05	-2.950904e-02	-2.073321e+00
2.009000e-05	-2.323472e-02	-2.304744e+00
2.010000e-05	9.640819e-03	-2.328947e+00
2.011000e-05	-8.478481e-02	-2.422657e+00
2.012000e-05	1.960790e-02	-2.569000e+00
2.013000e-05	1.040157e-01	-2.620686e+00
2.014000e-05	-8.715667e-02	-2.746372e+00
2.015000e-05	-6.023812e-02	-2.802109e+00
2.016000e-05	9.158350e-02	-2.946973e+00
2.017000e-05	-2.219256e-02	-3.137392e+00
2.018000e-05	-4.956155e-02	-3.180581e+00
2.019000e-05	-2.731021e-02	-3.295136e+00
2.020000e-05	1.858834e-02	-3.440609e+00
2.021000e-05	7.503698e-02	-3.536369e+00
2.022000e-05	-8.006748e-02	-3.608468e+00
2.023000e-05	-6.694491e-02	-3.683236e+00
2.024000e-05	8.568405e-02	-3.749553e+00
2.025000e-05	-7.026884e-03	-3.934420e+00
2.026000e-05	-6.695713e-02	-3.999075e+00
2.027000e-05	9.535092e-03	-4.063237e+00
2.028000e-05	1.573670e-02	-4.178000e+00
2.029000e-05	1.057802e-02	-4.272236e+00
2.030000e-05	-4.152139e-02	-4.357369e+00
2.031000e-05	-3.662442e-02	-4.410000e+00
2.032000e-05	3.744209e-02	-4.452238e+00
2.033000e-05	-8.718829e-03	-4.567427e+00
2.034000e-05	-2.320352e-02	-4.644732e+00
2.035000e-05	-1.811131e-02	-4.724266e+00
2.036000e-05	5.587897e-03	-4.811163e+00
2.037000e-05	9.053344e-03	-4.916266e+00
2.038000e-05	-4.127979e-02	-4.979004e+00
2.039000e-05	-1.435395e-02	-5.065759e+00
2.040000e-05	8.966457e-03	-5.135918e+00
2.041000e-05	-1.716931e-03	-5.199980e+00
2.042000e-05	-1.659879e-02	-5.263361e+00
2.043000e-05	-3.124155e-02	-5.408451e+00
2.044000e-05	1.844902e-03	-5.474214e+00
2.045000e-05	8.319304e-03	-5.546922e+00
2.046000e-05	-3.219213e-02	-5.589576e+00
2.047000e-05	-1.846664e-02	-5.672662e+00
2.048000e-05	-7.431240e-04	-5.704287e+00
2.049000e-05	1.901484e-03	-5.757922e+00
2.050000e-05	-2.157031e-02	-5.801004e+00
2.051000e-05	-3.187797e-02	-5.852159e+00
2.052000e-05	3.847281e-03	-5.885791e+00
2.053000e-05	-4.397642e-03	-5.936974e+00
2.054000e-05	-2.064608e-02	-5.990024e+00
2.055000e-05	-2.499941e-02	-5.999553e+00
2.056000e-05	-6.233503e-03	-6.020134e+00
2.057000e-05	2.297833e-04	-6.063261e+00
2.058000e-05	-2.670314e-02	-6.115369e+00
2.059000e-05	-2.415971e-02	-6.218373e+00
2.060000e-05	-6.852293e-03	-6.230105e+00
2.061000e-05	-5.111727e-03	-6.251257e+00
2.062000e-05	-2.271504e-02	-6.294689e+00
2.063000e-05	-2.686226e-02	-6.315393e+00
2.064000e-05	-1.017049e-02	-6.367874e+00
2.065000e-05	-7.725678e-03	-6.358970e+00
2.066000e-05	-2.461468e-02	-6.399472e+00
2.067000e-05	-2.533049e-02	-6.409475e+00
2.068000e-05	-1.274349e-02	-6.379526e+00
2.069000e-05	-7.382764e-03	-6.412026e+00
2.070000e-05	-2.439352e-02	-6.390576e+00
2.071000e-05	-2.762541e-02	-6.409604e+00
2.072000e-05	-1.534283e-02	-6.422109e+00
2.073000e-05	-1.371145e-02	-6.410578e+00
2.074000e-05	-2.366147e-02	-6.410504e+00
2.075000e-05	-2.841106e-02	-6.431028e+00
2.076000e-05	-1.761041e-02	-6.429553e+00
2.077000e-05	-1.307028e-02	-6.401552e+00
2.078000e-05	-2.427857e-02	-6.390051e+00
2.079000e-05	-2.735842e-02	-6.399050e+00
2.080000e-05	-2.038740e-02	-6.380498e+00
2.081000e-05	-1.345334e-02	-6.388449e+00
2.082000e-05	-2.430353e-02	-6.386945e+00
2.083000e-05	-2.746188e-02	-6.348867e+00
2.084000e-05	-2.027750e-02	-6.316392e+00
2.085000e-05	-1.498513e-02	-6.324812e+00
2.086000e-05	-2.244315e-02	-6.221257e+00
2.087000e-05	-2.596619e-02	-6.190451e+00
2.088000e-05	-1.841016e-02	-6.137340e+00
2.089000e-05	-1.427881e-02	-6.043684e+00
2.090000e-05	-1.983606e-02	-6.031708e+00
2.091000e-05	-2.453395e-02	-6.001076e+00
2.092000e-05	-1.754059e-02	-5.998997e+00
2.093000e-05	-1.412475e-02	-5.958946e+00
2.094000e-05	-1.834939e-02	-5.936770e+00
2.095000e-05	-2.216501e-02	-5.863163e+00
2.096000e-05	-1.674773e-02	-5.831576e+00
2.097000e-05	-1.186428e-02	-5.789071e+00
2.098000e-05	-1.533029e-02	-5.726818e+00
2.099000e-05	-2.015791e-02	-5.684057e+00
2.100000e-05	-1.531373e-02	-5.630026e+00
2.101000e-05	-1.092432e-02	-5.570496e+00
2.102000e-05	-1.538253e-02	-5.555641e+00
2.103000e-05	-1.750490e-02	-5.400599e+00
2.104000e-05	-1.360398e-02	-5.326418e+00
2.105000e-05	-9.922558e-03	-5.213030e+00
2.106000e-05	-1.212584e-02	-5.199474e+00
2.107000e-05	-1.598573e-02	-5.105714e+00
2.108000e-05	-1.239698e-02	-5.020526e+00
2.109000e-05	-8.262327e-03	-4.977868e+00
2.110000e-05	-1.062717e-02	-4.883011e+00
2.111000e-05	-1.507743e-02	-4.695789e+00
2.112000e-05	-1.186916e-02	-4.632155e+00
2.113000e-05	-7.233806e-03	-4.599946e+00
2.114000e-05	-9.743089e-03	-4.484267e+00
2.115000e-05	-1.375168e-02	-4.421580e+00
2.116000e-05	-1.133399e-02	-4.399995e+00
2.117000e-05	-6.783652e-03	-4.315813e+00
2.118000e-05	-8.836348e-03	-4.212575e+00
2.119000e-05	-1.177662e-02	-4.156766e+00
2.120000e-05	-9.694823e-03	-4.052129e+00
2.121000e-05	-6.027015e-03	-3.978523e+00
2.122000e-05	-7.413487e-03	-3.884632e+00
2.123000e-05	-1.136634e-02	-3.716397e+00
2.124000e-05	-1.033253e-02	-3.634555e+00
2.125000e-05	-5.925081e-03	-3.568368e+00
2.126000e-05	-6.352628e-03	-3.454183e+00
2.127000e-05	-1.008842e-02	-3.388969e+00
2.128000e-05	-8.321614e-03	-3.254104e+00
2.129000e-05	-6.339223e-03	-3.169451e+00
2.130000e-05	-5.417815e-03	-3.071710e+00
2.131000e-05	-8.787547e-03	-2.917788e+00
2.132000e-05	-7.948876e-03	-2.801025e+00
2.133000e-05	-5.584132e-03	-2.746342e+00
2.134000e-05	-5.060718e-03	-2.652425e+00
2.135000e-05	-8.062024e-03	-2.506263e+00
2.136000e-05	-7.549321e-03	-2.400451e+00
2.137000e-05	-7.346930e-03	-2.354816e+00
2.138000e-05	-5.296787e-03	-2.179374e+00
2.139000e-05	-6.458644e-03	-2.042553e+00
2.140000e-05	-5.834185e-03	-1.957394e+00
2.141000e-05	-5.416120e-03	-1.852604e+00
2.142000e-05	-3.359520e-03	-1.737867e+00
2.143000e-05	-5.933153e-03	-1.652102e+00
2.144000e-05	-6.095762e-03	-1.549345e+00
2.145000e-05	-6.979855e-03	-1.350413e+00
2.146000e-05	-3.444653e-03	-1.241504e+00
2.147000e-05	-5.472274e-03	-1.106237e+00
2.148000e-05	-5.382012e-03	-1.000871e+00
2.149000e-05	-4.811246e-03	-8.732067e-01
2.150000e-05	-2.039107e-03	-8.089486e-01
2.151000e-05	-2.863326e-03	-6.616330e-01
2.152000e-05	-5.327099e-03	-4.776869e-01
2.153000e-05	-4.681152e-03	-3.898962e-01
2.154000e-05	-2.974200e-03	-2.841581e-01
2.155000e-05	-2.666253e-03	-1.589462e-01
2.156000e-05	-3.295402e-03	-7.468401e-02
2.157000e-05	-2.810618e-04	1.005764e-02
2.158000e-05	9.401411e-04	1.154421e-01
2.159000e-05	6.694726e-04	2.953132e-01
2.160000e-05	-1.784901e-03	3.894488e-01
2.161000e-05	5.946411e-05	4.526569e-01
2.162000e-05	-1.255070e-03	5.585263e-01
2.163000e-05	-5.483192e-05	7.053120e-01
2.164000e-05	6.622126e-03	7.599513e-01
2.165000e-05	3.733746e-02	8.952182e-01
2.166000e-05	2.234293e-02	1.095292e+00
2.167000e-05	-2.061378e-02	1.304766e+00
2.168000e-05	-8.853766e-02	1.369551e+00
2.169000e-05	-2.302621e-02	1.442658e+00
2.170000e-05	8.461787e-02	1.638004e+00
2.171000e-05	1.294670e-02	1.726821e+00
2.172000e-05	-1.067300e-01	1.840599e+00
2.173000e-05	7.586536e-02	1.924314e+00
2.174000e-05	4.539917e-02	2.042609e+00
2.175000e-05	-3.300649e-02	2.113767e+00
2.176000e-05	1.648848e-02	2.149572e+00
2.177000e-05	-4.827997e-02	2.335818e+00
2.178000e-05	-2.433902e-02	2.431103e+00
2.179000e-05	8.193217e-02	2.453791e+00
2.180000e-05	2.147489e-02	2.683739e+00
2.181000e-05	-8.118407e-02	2.788978e+00
2.182000e-05	1.732925e-02	2.864237e+00
2.183000e-05	4.352088e-02	2.979950e+00
2.184000e-05	2.471694e-03	3.064738e+00
2.185000e-05	-4.623580e-02	3.139946e+00
2.186000e-05	-1.180837e-02	3.244159e+00
2.187000e-05	5.992081e-02	3.367526e+00
2.188000e-05	3.781870e-02	3.474267e+00
2.189000e-05	-7.528686e-02	3.610053e+00
2.190000e-05	-7.196244e-03	3.664266e+00
2.191000e-05	6.352256e-02	3.797521e+00
2.192000e-05	-1.652868e-02	3.912238e+00
2.193000e-05	-1.998148e-02	3.968900e+00
2.194000e-05	8.869083e-03	4.023605e+00
2.195000e-05	2.674795e-02	4.124797e+00
2.196000e-05	-2.241199e-03	4.281057e+00
2.197000e-05	-8.573517e-03	4.366946e+00
2.198000e-05	-1.282837e-02	4.431584e+00
2.199000e-05	2.024163e-02	4.526312e+00
2.200000e-05	1.772146e-02	4.618550e+00
2.201000e-05	-1.295614e-02	4.642737e+00
2.202000e-05	-1.389399e-03	4.817868e+00
2.203000e-05	1.814629e-02	4.791050e+00
2.204000e-05	1.000081e-02	4.865765e+00
2.205000e-05	-1.400623e-02	4.988525e+00
2.206000e-05	6.161867e-03	5.126366e+00
2.207000e-05	1.368643e-02	5.220599e+00
2.208000e-05	1.323223e-02	5.282709e+00
2.209000e-05	-4.825684e-03	5.328818e+00
2.210000e-05	-2.152002e-03	5.419029e+00
2.211000e-05	1.633987e-02	5.442134e+00
2.212000e-05	8.434859e-03	5.494794e+00
2.213000e-05	-2.189606e-03	5.550871e+00
2.214000e-05	-9.023435e-04	5.638950e+00
2.215000e-05	2.029659e-02	5.654181e+00
2.216000e-05	9.323006e-03	5.714267e+00
2.217000e-05	-3.034419e-03	5.786421e+00
2.218000e-05	7.113253e-04	5.903613e+00
2.219000e-05	1.673120e-02	5.926343e+00
2.220000e-05	1.393946e-02	5.957496e+00
2.221000e-05	-2.927694e-03	5.999525e+00
2.222000e-05	5.504440e-03	6.042578e+00
2.223000e-05	1.642192e-02	6.062679e+00
2.224000e-05	1.526102e-02	6.054134e+00
2.225000e-05	-2.403769e-03	6.095786e+00
2.226000e-05	6.165073e-03	6.148519e+00
2.227000e-05	1.677031e-02	6.178445e+00
2.228000e-05	1.563380e-02	6.200046e+00
2.229000e-05	2.805956e-03	6.230078e+00
2.230000e-05	6.711694e-03	6.243058e+00
2.231000e-05	1.790775e-02	6.263654e+00
2.232000e-05	1.548762e-02	6.282684e+00
2.233000e-05	6.150329e-03	6.275237e+00
2.234000e-05	6.772330e-03	6.286789e+00
2.235000e-05	1.853234e-02	6.325813e+00
2.236000e-05	1.613603e-02	6.336841e+00
2.237000e-05	8.510026e-03	6.338316e+00
2.238000e-05	8.336283e-03	6.335420e+00
2.239000e-05	1.795447e-02	6.315792e+00
2.240000e-05	1.882006e-02	6.356337e+00
2.241000e-05	9.572232e-03	6.305895e+00
2.242000e-05	1.155972e-02	6.315362e+00
2.243000e-05	1.800063e-02	6.345288e+00
2.244000e-05	1.994085e-02	6.274742e+00
2.245000e-05	1.051495e-02	6.274237e+00
2.246000e-05	1.054234e-02	6.304162e+00
2.247000e-05	1.799783e-02	6.244054e+00
2.248000e-05	1.903421e-02	6.281604e+00
2.249000e-05	1.256567e-02	6.220549e+00
2.250000e-05	1.102851e-02	6.199020e+00
2.251000e-05	1.703170e-02	6.168894e+00
2.252000e-05	1.672348e-02	6.157842e+00
2.253000e-05	1.102905e-02	6.076237e+00
2.254000e-05	9.393996e-03	6.064728e+00
2.255000e-05	1.523411e-02	6.062582e+00
2.256000e-05	1.530589e-02	6.021078e+00
2.257000e-05	1.062151e-02	6.000974e+00
2.258000e-05	8.248139e-03	5.979394e+00
2.259000e-05	1.303383e-02	5.905415e+00
2.260000e-05	1.373517e-02	5.851134e+00
2.261000e-05	8.767070e-03	5.811072e+00
2.262000e-05	7.070673e-03	5.714384e+00
2.263000e-05	1.023287e-02	5.663680e+00
2.264000e-05	1.262010e-02	5.620547e+00
2.265000e-05	6.786788e-03	5.578470e+00
2.266000e-05	5.444513e-03	5.516185e+00
2.267000e-05	7.652939e-03	5.443149e+00
2.268000e-05	1.045073e-02	5.400025e+00
2.269000e-05	6.709161e-03	5.317817e+00
2.270000e-05	4.733221e-03	5.253633e+00
2.271000e-05	6.822639e-03	5.200996e+00
2.272000e-05	9.625451e-03	5.135267e+00
2.273000e-05	4.552744e-03	5.000500e+00
2.274000e-05	3.252076e-03	4.933757e+00
2.275000e-05	3.268073e-03	4.831550e+00
2.276000e-05	7.197272e-03	4.747871e+00
2.277000e-05	3.767713e-03	4.684208e+00
2.278000e-05	2.496271e-03	4.600529e+00
2.279000e-05	4.244472e-03	4.538345e+00
2.280000e-05	5.938519e-03	4.462654e+00
2.281000e-05	3.212780e-03	4.399526e+00
2.282000e-05	6.829702e-04	4.377264e+00
2.283000e-05	1.774923e-03	4.213149e+00
2.284000e-05	4.825985e-03	4.104181e+00
2.285000e-05	2.462049e-03	4.000397e+00
2.286000e-05	1.008959e-03	3.886763e+00
2.287000e-05	1.849106e-03	3.821025e+00
2.288000e-05	3.018121e-03	3.748868e+00
2.289000e-05	2.050181e-03	3.642630e+00
2.290000e-05	-9.345866e-04	3.589474e+00
2.291000e-05	2.409534e-03	3.485229e+00
2.292000e-05	1.550483e-03	3.336768e+00
2.293000e-05	2.601373e-03	3.230572e+00
2.294000e-05	-1.516554e-03	3.126863e+00
2.295000e-05	-1.246881e-03	3.061603e+00
2.296000e-05	2.009002e-03	2.936343e+00
2.297000e-05	1.487999e-03	2.853153e+00
2.298000e-05	-2.105133e-03	2.746871e+00
2.299000e-05	-1.538331e-03	2.643530e+00
2.300000e-05	6.329714e-04	2.485707e+00
2.301000e-05	1.339329e-03	2.398897e+00
2.302000e-05	-2.835349e-03	2.295659e+00
2.303000e-05	-2.252016e-03	2.219450e+00
2.304000e-05	3.169399e-05	2.104130e+00
2.305000e-05	3.994115e-05	2.009422e+00
2.306000e-05	-3.533237e-03	1.884207e+00
2.307000e-05	-3.716890e-03	1.768941e+00
2.308000e-05	-5.566038e-04	1.704128e+00
2.309000e-05	-6.259018e-04	1.515791e+00
2.310000e-05	-3.390850e-03	1.409924e+00
2.311000e-05	-2.676860e-03	1.285103e+00
2.312000e-05	-1.771759e-03	1.160368e+00
2.313000e-05	-1.584394e-03	1.020971e+00
2.314000e-05	-5.762133e-03	8.532041e-01
2.315000e-05	-3.441211e-03	7.494671e-01
2.316000e-05	-2.139675e-03	6.515064e-01
2.317000e-05	-2.696480e-03	5.258343e-01
2.318000e-05	-4.295892e-03	4.605763e-01
2.319000e-05	-4.901872e-03	3.287544e-01
2.320000e-05	-3.144785e-03	1.618950e-01
2.321000e-05	-2.491980e-03	5.357638e-02
2.322000e-05	-3.557066e-03	-4.265903e-02
2.323000e-05	-1.546650e-03	-1.564000e-01
2.324000e-05	-9.235549e-04	-2.742357e-01
2.325000e-05	-3.086618e-03	-3.484212e-01
2.326000e-05	-4.283655e-03	-4.426604e-01
2.327000e-05	-5.964024e-03	-5.890551e-01
2.328000e-05	-2.466087e-03	-7.558198e-01
2.329000e-05	-3.236373e-03	-8.106052e-01
2.330000e-05	2.051562e-02	-8.852869e-01
2.331000e-05	4.655397e-02	-1.001106e+00
2.332000e-05	-1.733992e-02	-1.221610e+00
2.333000e-05	-6.514330e-02	-1.444187e+00
2.334000e-05	-7.977828e-02	-1.569949e+00
2.335000e-05	8.145667e-02	-1.558999e+00
2.336000e-05	5.168492e-02	-1.660583e+00
2.337000e-05	-1.207586e-01	-1.820133e+00
2.338000e-05	5.707604e-02	-1.904816e+00
2.339000e-05	5.770982e-02	-1.897846e+00
2.340000e-05	-4.760349e-02	-2.134918e+00
2.341000e-05	-7.718039e-04	-2.322795e+00
2.342000e-05	-4.022702e-03	-2.368426e+00
2.343000e-05	-9.035825e-02	-2.482259e+00
2.344000e-05	4.802724e-02	-2.597475e+00
2.345000e-05	8.009666e-02	-2.642734e+00
2.346000e-05	-1.038976e-01	-2.747925e+00
2.347000e-05	-3.095647e-02	-2.841110e+00
2.348000e-05	8.417901e-02	-2.967927e+00
2.349000e-05	-3.296098e-02	-3.125847e+00
2.350000e-05	-4.711581e-02	-3.180025e+00
2.351000e-05	-2.237799e-02	-3.283814e+00
2.352000e-05	2.928212e-02	-3.462637e+00
2.353000e-05	7.065947e-02	-3.548371e+00
2.354000e-05	-1.006987e-01	-3.599499e+00
2.355000e-05	-4.291369e-02	-3.682819e+00
2.356000e-05	8.788467e-02	-3.798086e+00
2.357000e-05	-2.777889e-02	-3.925368e+00
2.358000e-05	-5.845005e-02	-4.020605e+00
2.359000e-05	1.226577e-02	-4.093264e+00
2.360000e-05	1.809028e-02	-4.198578e+00
2.361000e-05	7.159291e-03	-4.265716e+00
2.362000e-05	-4.838268e-02	-4.328396e+00
2.363000e-05	-2.593566e-02	-4.419955e+00
2.364000e-05	3.993783e-02	-4.545234e+00
2.365000e-05	-1.554064e-02	-4.580581e+00
2.366000e-05	-2.448764e-02	-4.643764e+00
2.367000e-05	-1.690894e-02	-4.756295e+00
2.368000e-05	8.655560e-03	-4.830157e+00
2.369000e-05	5.545597e-03	-4.944896e+00
2.370000e-05	-4.700920e-02	-4.989475e+00
2.371000e-05	-5.977252e-03	-5.063638e+00
2.372000e-05	9.315470e-03	-5.166849e+00
2.373000e-05	-3.076024e-03	-5.221657e+00
2.374000e-05	-2.033936e-02	-5.245263e+00
2.375000e-05	-3.070800e-02	-5.341105e+00
2.376000e-05	9.016297e-03	-5.483291e+00
2.377000e-05	2.397463e-03	-5.557926e+00
2.378000e-05	-3.413541e-02	-5.601479e+00
2.379000e-05	-1.557787e-02	-5.671659e+00
2.380000e-05	1.497518e-03	-5.666846e+00
2.381000e-05	1.137242e-03	-5.777399e+00
2.382000e-05	-2.659643e-02	-5.819554e+00
2.383000e-05	-2.891093e-02	-5.822717e+00
2.384000e-05	8.302166e-03	-5.885842e+00
2.385000e-05	-7.311270e-03	-5.968422e+00
2.386000e-05	-2.332807e-02	-5.989025e+00
2.387000e-05	-2.420614e-02	-6.009951e+00
2.388000e-05	-2.930958e-03	-6.061633e+00
2.389000e-05	-2.502772e-03	-6.042763e+00
2.390000e-05	-3.121944e-02	-6.145418e+00
2.391000e-05	-2.087432e-02	-6.159899e+00
2.392000e-05	-3.934009e-03	-6.220110e+00
2.393000e-05	-5.851703e-03	-6.263157e+00
2.394000e-05	-2.477046e-02	-6.295744e+00
2.395000e-05	-2.776983e-02	-6.326395e+00
2.396000e-05	-7.206370e-03	-6.327900e+00
2.397000e-05	-1.068376e-02	-6.359396e+00
2.398000e-05	-2.525623e-02	-6.389475e+00
2.399000e-05	-2.551352e-02	-6.400000e+00
2.400000e-05	-1.009734e-02	-6.429028e+00
2.401000e-05	-8.691868e-03	-6.410076e+00
2.402000e-05	-2.566468e-02	-6.420628e+00
2.403000e-05	-2.816558e-02	-6.410054e+00
2.404000e-05	-1.369079e-02	-6.441602e+00
2.405000e-05	-1.390983e-02	-6.410604e+00
2.406000e-05	-2.431940e-02	-6.411579e+00
2.407000e-05	-2.783917e-02	-6.430577e+00
2.408000e-05	-1.554940e-02	-6.400551e+00
2.409000e-05	-1.287198e-02	-6.420029e+00
2.410000e-05	-2.650510e-02	-6.400521e+00
2.411000e-05	-2.666854e-02	-6.379525e+00
2.412000e-05	-2.006167e-02	-6.389975e+00
2.413000e-05	-1.355925e-02	-6.349974e+00
2.414000e-05	-2.417288e-02	-6.378467e+00
2.415000e-05	-2.697349e-02	-6.286894e+00
2.416000e-05	-1.875523e-02	-6.355844e+00
2.417000e-05	-1.546752e-02	-6.276284e+00
2.418000e-05	-2.230778e-02	-6.252132e+00
2.419000e-05	-2.639181e-02	-6.168375e+00
2.420000e-05	-1.794409e-02	-6.125918e+00
2.421000e-05	-1.445016e-02	-6.073711e+00
2.422000e-05	-2.113692e-02	-6.011084e+00
2.423000e-05	-2.429196e-02	-6.020053e+00
2.424000e-05	-1.747278e-02	-5.979951e+00
2.425000e-05	-1.367856e-02	-5.977396e+00
2.426000e-05	-1.839209e-02	-5.936869e+00
2.427000e-05	-2.069016e-02	-5.843114e+00
2.428000e-05	-1.580688e-02	-5.831526e+00
2.429000e-05	-1.163487e-02	-5.768998e+00
2.430000e-05	-1.641811e-02	-5.706342e+00
2.431000e-05	-1.946209e-02	-5.679733e+00
2.432000e-05	-1.542119e-02	-5.621049e+00
2.433000e-05	-1.087043e-02	-5.579898e+00
2.434000e-05	-1.372759e-02	-5.505192e+00
2.435000e-05	-1.675584e-02	-5.439903e+00
2.436000e-05	-1.398950e-02	-5.325791e+00
2.437000e-05	-9.924544e-03	-5.222107e+00
2.438000e-05	-1.263401e-02	-5.179817e+00
2.439000e-05	-1.597790e-02	-5.085187e+00
2.440000e-05	-1.322918e-02	-5.030495e+00
2.441000e-05	-9.427159e-03	-4.927369e+00
2.442000e-05	-1.106831e-02	-4.842074e+00
2.443000e-05	-1.257240e-02	-4.696189e+00
2.444000e-05	-1.140745e-02	-4.622154e+00
2.445000e-05	-8.082766e-03	-4.589421e+00
2.446000e-05	-9.286732e-03	-4.484838e+00
2.447000e-05	-1.209075e-02	-4.432080e+00
2.448000e-05	-1.144339e-02	-4.389470e+00
2.449000e-05	-7.771957e-03	-4.313759e+00
2.450000e-05	-9.447817e-03	-4.190952e+00
2.451000e-05	-1.062133e-02	-4.116366e+00
2.452000e-05	-1.012698e-02	-3.992129e+00
2.453000e-05	-7.068343e-03	-4.000395e+00
2.454000e-05	-8.041329e-03	-3.884210e+00
2.455000e-05	-1.051491e-02	-3.697311e+00
2.456000e-05	-8.604191e-03	-3.631028e+00
2.457000e-05	-7.188613e-03	-3.568841e+00
2.458000e-05	-6.923529e-03	-3.434177e+00
2.459000e-05	-9.359659e-03	-3.356839e+00
2.460000e-05	-7.682008e-03	-3.282058e+00
2.461000e-05	-6.794559e-03	-3.188946e+00
2.462000e-05	-5.894887e-03	-3.082611e+00
2.463000e-05	-7.893531e-03	-2.935714e+00
2.464000e-05	-7.042520e-03	-2.811472e+00
2.465000e-05	-6.534170e-03	-2.756763e+00
2.466000e-05	-5.151755e-03	-2.610026e+00
2.467000e-05	-7.592397e-03	-2.485313e+00
2.468000e-05	-6.844592e-03	-2.398496e+00
2.469000e-05	-7.198466e-03	-2.306263e+00
2.470000e-05	-6.007655e-03	-2.129386e+00
2.471000e-05	-8.072199e-03	-2.032079e+00
2.472000e-05	-5.052918e-03	-1.958319e+00
2.473000e-05	-4.671219e-03	-1.841554e+00
2.474000e-05	-3.658413e-03	-1.705741e+00
2.475000e-05	-5.266587e-03	-1.650553e+00
2.476000e-05	-5.181361e-03	-1.555741e+00
2.477000e-05	-5.912649e-03	-1.347916e+00
2.478000e-05	-5.285018e-03	-1.211899e+00
2.479000e-05	-5.694129e-03	-1.083735e+00
2.480000e-05	-5.353933e-03	-1.000471e+00
2.481000e-05	-3.777858e-03	-8.735815e-01
2.482000e-05	-2.601944e-03	-7.399161e-01
2.483000e-05	-2.895770e-03	-6.535288e-01
2.484000e-05	-4.086939e-03	-4.741106e-01
2.485000e-05	-3.645007e-03	-3.899487e-01
2.486000e-05	-3.933287e-03	-2.841580e-01
2.487000e-05	-3.683346e-03	-2.120013e-01
2.488000e-05	-2.539466e-03	8.671878e-12
2.489000e-05	1.122506e-03	3.305508e-02
2.490000e-05	1.970111e-04	1.278621e-01
2.491000e-05	5.478100e-04	3.146932e-01
2.492000e-05	-9.143184e-04	3.794976e-01
2.493000e-05	-5.241360e-04	4.737332e-01
2.494000e-05	-6.298926e-04	5.905265e-01
2.495000e-05	-5.553925e-04	7.152883e-01
2.496000e-05	8.978127e-03	7.890526e-01
2.497000e-05	4.179819e-02	9.249960e-01
2.498000e-05	1.291294e-02	1.156844e+00
2.499000e-05	-2.713913e-02	1.294341e+00
2.500000e-05	-9.474896e-02	1.400030e+00
2.501000e-05	3.854410e-03	1.481632e+00
2.502000e-05	7.948211e-02	1.639654e+00
2.503000e-05	-9.045137e-03	1.746896e+00
2.504000e-05	-8.905915e-02	1.801605e+00
2.505000e-05	8.130851e-02	1.916820e+00
2.506000e-05	4.210181e-02	2.040160e+00
2.507000e-05	-4.434237e-02	2.138417e+00
2.508000e-05	2.470984e-02	2.201076e+00
2.509000e-05	-5.796936e-02	2.317372e+00
2.510000e-05	-1.420412e-02	2.442105e+00
2.511000e-05	8.993402e-02	2.515793e+00
2.512000e-05	-3.992664e-04	2.723367e+00
2.513000e-05	-7.709940e-02	2.790003e+00
2.514000e-05	3.217399e-02	2.914839e+00
2.515000e-05	3.645692e-02	2.999952e+00
2.516000e-05	-3.784022e-03	3.074762e+00
2.517000e-05	-4.736725e-02	3.179951e+00
2.518000e-05	-2.898951e-03	3.272710e+00
2.519000e-05	6.924838e-02	3.327598e+00
2.520000e-05	1.599672e-02	3.494793e+00
2.521000e-05	-7.268554e-02	3.590104e+00
2.522000e-05	7.285749e-03	3.703314e+00
2.523000e-05	6.071852e-02	3.780521e+00
2.524000e-05	-2.701199e-02	3.883738e+00
2.525000e-05	-1.357669e-02	3.968922e+00
2.526000e-05	1.345203e-02	4.052081e+00
2.527000e-05	2.410424e-02	4.125820e+00
2.528000e-05	-2.959581e-03	4.230588e+00
2.529000e-05	-1.299548e-02	4.357950e+00
2.530000e-05	-5.688701e-03	4.442202e+00
2.531000e-05	1.974854e-02	4.535867e+00
2.532000e-05	1.584157e-02	4.601050e+00
2.533000e-05	-1.717674e-02	4.685692e+00
2.534000e-05	4.603808e-03	4.766496e+00
2.535000e-05	1.815502e-02	4.830553e+00
2.536000e-05	7.053384e-03	4.895764e+00
2.537000e-05	-1.312140e-02	5.057128e+00
2.538000e-05	6.763346e-03	5.147867e+00
2.539000e-05	1.642664e-02	5.221073e+00
2.540000e-05	9.224183e-03	5.292211e+00
2.541000e-05	-4.297180e-03	5.347919e+00
2.542000e-05	-1.075309e-03	5.419525e+00
2.543000e-05	2.018018e-02	5.454706e+00
2.544000e-05	5.606424e-03	5.556787e+00
2.545000e-05	-1.898944e-03	5.548473e+00
2.546000e-05	8.186054e-04	5.600075e+00
2.547000e-05	2.098651e-02	5.631084e+00
2.548000e-05	8.098168e-03	5.724338e+00
2.549000e-05	-4.923722e-03	5.758818e+00
2.550000e-05	3.611596e-03	5.874286e+00
2.551000e-05	1.785990e-02	5.935867e+00
2.552000e-05	1.275171e-02	5.958971e+00
2.553000e-05	-3.400321e-03	5.999974e+00
2.554000e-05	7.787002e-03	6.001078e+00
2.555000e-05	1.761163e-02	6.032159e+00
2.556000e-05	1.406297e-02	6.063738e+00
2.557000e-05	-2.987017e-03	6.135887e+00
2.558000e-05	7.299608e-03	6.158322e+00
2.559000e-05	1.754957e-02	6.178423e+00
2.560000e-05	1.298199e-02	6.201052e+00
2.561000e-05	2.849742e-03	6.241030e+00
2.562000e-05	7.353421e-03	6.221107e+00
2.563000e-05	1.988763e-02	6.252104e+00
2.564000e-05	1.385575e-02	6.262811e+00
2.565000e-05	6.257321e-03	6.334760e+00
2.566000e-05	7.277696e-03	6.295813e+00
2.567000e-05	1.893575e-02	6.306286e+00
2.568000e-05	1.538138e-02	6.297388e+00
2.569000e-05	6.618093e-03	6.346890e+00
2.570000e-05	9.826228e-03	6.335295e+00
2.571000e-05	1.853125e-02	6.367764e+00
2.572000e-05	1.844358e-02	6.326440e+00
2.573000e-05	8.974886e-03	6.346842e+00
2.574000e-05	1.133429e-02	6.314342e+00
2.575000e-05	1.830981e-02	6.326792e+00
2.576000e-05	1.864978e-02	6.323311e+00
2.577000e-05	1.121792e-02	6.267235e+00
2.578000e-05	1.055575e-02	6.242734e+00
2.579000e-05	1.898716e-02	6.232734e+00
2.580000e-05	1.913280e-02	6.252103e+00
2.581000e-05	1.219176e-02	6.231529e+00
2.582000e-05	9.823437e-03	6.188996e+00
2.583000e-05	1.739967e-02	6.188871e+00
2.584000e-05	1.699821e-02	6.146866e+00
2.585000e-05	1.166671e-02	6.105308e+00
2.586000e-05	8.776047e-03	6.082180e+00
2.587000e-05	1.568517e-02	6.051579e+00
2.588000e-05	1.602281e-02	6.010550e+00
2.589000e-05	9.149861e-03	5.999001e+00
2.590000e-05	8.213415e-03	5.988973e+00
2.591000e-05	1.313893e-02	5.887287e+00
2.592000e-05	1.468041e-02	5.793629e+00
2.593000e-05	8.439945e-03	5.769819e+00
2.594000e-05	7.390447e-03	5.685205e+00
2.595000e-05	1.082931e-02	5.632601e+00
2.596000e-05	1.210088e-02	5.599448e+00
2.597000e-05	7.374958e-03	5.568496e+00
2.598000e-05	5.089886e-03	5.485761e+00
2.599000e-05	7.930678e-03	5.432630e+00
2.600000e-05	9.469381e-03	5.401424e+00
2.601000e-05	5.943270e-03	5.327291e+00
2.602000e-05	4.638495e-03	5.273082e+00
2.603000e-05	6.779417e-03	5.188049e+00
2.604000e-05	8.603640e-03	5.116162e+00
2.605000e-05	5.363032e-03	4.961043e+00
2.606000e-05	3.409633e-03	4.896260e+00
2.607000e-05	4.468847e-03	4.830501e+00
2.608000e-05	5.927144e-03	4.756819e+00
2.609000e-05	3.708423e-03	4.723733e+00
2.610000e-05	3.698467e-03	4.608495e+00
2.611000e-05	4.057351e-03	4.494764e+00
2.612000e-05	5.266733e-03	4.451178e+00
2.613000e-05	3.430978e-03	4.398420e+00
2.614000e-05	2.389720e-03	4.327738e+00
2.615000e-05	2.058605e-03	4.179049e+00
2.616000e-05	3.231100e-03	4.073635e+00
2.617000e-05	2.078644e-03	3.968497e+00
2.618000e-05	1.138304e-03	3.895235e+00
2.619000e-05	1.990938e-03	3.811525e+00
2.620000e-05	2.153281e-03	3.717812e+00
2.621000e-05	2.645906e-03	3.622102e+00
2.622000e-05	6.197237e-04	3.588920e+00
2.623000e-05	1.047921e-03	3.485304e+00
2.624000e-05	1.642473e-03	3.337440e+00
2.625000e-05	1.320205e-03	3.213524e+00
2.626000e-05	-1.271429e-03	3.115791e+00
2.627000e-05	4.514408e-04	3.041024e+00
2.628000e-05	9.207358e-04	2.935314e+00
2.629000e-05	-1.725588e-04	2.831053e+00
2.630000e-05	-1.152938e-03	2.767342e+00
2.631000e-05	-3.152672e-04	2.662530e+00
2.632000e-05	-8.248606e-05	2.493235e+00
2.633000e-05	-3.536694e-04	2.417946e+00
2.634000e-05	-1.975072e-03	2.273130e+00
2.635000e-05	-2.120764e-04	2.179917e+00
2.636000e-05	-7.425422e-04	2.052655e+00
2.637000e-05	-7.254696e-04	2.008896e+00
2.638000e-05	-3.072788e-03	1.864662e+00
2.639000e-05	-9.782138e-04	1.725861e+00
2.640000e-05	-2.207118e-03	1.653128e+00
2.641000e-05	-3.200599e-03	1.504683e+00
2.642000e-05	-3.512898e-03	1.396949e+00
2.643000e-05	-2.960482e-03	1.253660e+00
2.644000e-05	-2.035479e-03	1.137817e+00
2.645000e-05	-3.556420e-03	1.042349e+00
2.646000e-05	-3.501430e-03	8.720240e-01
2.647000e-05	-3.531785e-03	7.573132e-01
2.648000e-05	-3.230711e-03	6.721012e-01
2.649000e-05	-4.728783e-03	5.462080e-01
2.650000e-05	-4.160483e-03	4.215500e-01
2.651000e-05	-4.833250e-03	3.273105e-01
2.652000e-05	-2.885683e-03	1.304209e-01
2.653000e-05	-3.860259e-03	2.057620e-02
2.654000e-05	-3.483702e-03	-1.232091e-01
2.655000e-05	-3.099305e-04	-1.885000e-01
2.656000e-05	-6.178079e-04	-2.837618e-01
2.657000e-05	-3.095495e-03	-3.590236e-01
2.658000e-05	-4.658735e-03	-4.731393e-01
2.659000e-05	-3.826862e-03	-6.004813e-01
2.660000e-05	-2.993989e-03	-7.243474e-01
2.661000e-05	-2.860718e-03	-8.015828e-01
2.662000e-05	2.522337e-02	-9.268422e-01
2.663000e-05	4.100923e-02	-1.043108e+00
2.664000e-05	-2.211741e-02	-1.251233e+00
2.665000e-05	-7.970434e-02	-1.464765e+00
2.666000e-05	-5.228089e-02	-1.578449e+00
2.667000e-05	8.300889e-02	-1.558374e+00
2.668000e-05	3.573719e-02	-1.652760e+00
2.669000e-05	-1.261893e-01	-1.851663e+00
2.670000e-05	7.596976e-02	-1.905290e+00
2.671000e-05	4.853110e-02	-1.926445e+00
2.672000e-05	-5.965682e-02	-2.147949e+00
2.673000e-05	1.835950e-02	-2.316321e+00
2.674000e-05	-2.083224e-02	-2.359500e+00
2.675000e-05	-9.032057e-02	-2.504263e+00
2.676000e-05	7.688501e-02	-2.598924e+00
2.677000e-05	5.288440e-02	-2.674660e+00
2.678000e-05	-1.175103e-01	-2.788549e+00
2.679000e-05	-3.178738e-04	-2.844636e+00
2.680000e-05	7.248393e-02	-3.008525e+00
2.681000e-05	-3.947845e-02	-3.156395e+00
2.682000e-05	-4.618270e-02	-3.210629e+00
2.683000e-05	-1.650935e-02	-3.306290e+00
2.684000e-05	4.106860e-02	-3.482186e+00
2.685000e-05	5.800576e-02	-3.547396e+00
2.686000e-05	-1.147912e-01	-3.569528e+00
2.687000e-05	-1.850523e-02	-3.673342e+00
2.688000e-05	8.571920e-02	-3.842138e+00
2.689000e-05	-4.680022e-02	-3.956875e+00
2.690000e-05	-4.448639e-02	-4.011005e+00
2.691000e-05	1.328932e-02	-4.113765e+00
2.692000e-05	1.958382e-02	-4.198658e+00
2.693000e-05	1.094462e-03	-4.294245e+00
2.694000e-05	-5.277895e-02	-4.326424e+00
2.695000e-05	-1.477885e-02	-4.391050e+00
2.696000e-05	3.546586e-02	-4.493290e+00
2.697000e-05	-2.082098e-02	-4.582058e+00
2.698000e-05	-2.084381e-02	-4.662192e+00
2.699000e-05	-1.533015e-02	-4.777395e+00
2.700000e-05	1.108514e-02	-4.844138e+00
2.701000e-05	-7.911961e-04	-4.936415e+00
2.702000e-05	-4.663298e-02	-5.009079e+00
2.703000e-05	3.289510e-04	-5.053808e+00
2.704000e-05	4.847029e-03	-5.137421e+00
2.705000e-05	-4.024478e-03	-5.231158e+00
2.706000e-05	-2.199922e-02	-5.305791e+00
2.707000e-05	-2.859306e-02	-5.421606e+00
2.708000e-05	1.278569e-02	-5.483266e+00
2.709000e-05	-6.067803e-03	-5.568372e+00
2.710000e-05	-3.130222e-02	-5.611682e+00
2.711000e-05	-1.446181e-02	-5.662158e+00
2.712000e-05	1.937694e-03	-5.695297e+00
2.713000e-05	-2.380664e-03	-5.748450e+00
2.714000e-05	-2.947756e-02	-5.800130e+00
2.715000e-05	-2.434721e-02	-5.894662e+00
2.716000e-05	7.251801e-03	-5.905868e+00
2.717000e-05	-1.006633e-02	-5.968446e+00
2.718000e-05	-2.395163e-02	-5.989476e+00
2.719000e-05	-2.181644e-02	-5.991026e+00
2.720000e-05	-2.482466e-03	-6.051582e+00
2.721000e-05	-4.634515e-03	-6.084238e+00
2.722000e-05	-3.068822e-02	-6.146371e+00
2.723000e-05	-1.809867e-02	-6.207101e+00
2.724000e-05	-6.318421e-03	-6.179680e+00
2.725000e-05	-7.428757e-03	-6.233134e+00
2.726000e-05	-2.552023e-02	-6.294317e+00
2.727000e-05	-2.421341e-02	-6.324919e+00
2.728000e-05	-7.547647e-03	-6.377897e+00
2.729000e-05	-1.172074e-02	-6.368974e+00
2.730000e-05	-2.453575e-02	-6.399497e+00
2.731000e-05	-2.526711e-02	-6.399476e+00
2.732000e-05	-1.125290e-02	-6.399951e+00
2.733000e-05	-1.188265e-02	-6.420029e+00
2.734000e-05	-2.559940e-02	-6.410578e+00
2.735000e-05	-2.585036e-02	-6.401053e+00
2.736000e-05	-1.369682e-02	-6.431054e+00
2.737000e-05	-1.429266e-02	-6.431050e+00
2.738000e-05	-2.452733e-02	-6.419576e+00
2.739000e-05	-2.718855e-02	-6.421580e+00
2.740000e-05	-1.631007e-02	-6.390603e+00
2.741000e-05	-1.490023e-02	-6.419953e+00
2.742000e-05	-2.555549e-02	-6.421000e+00
2.743000e-05	-2.656376e-02	-6.409499e+00
2.744000e-05	-1.734019e-02	-6.389000e+00
2.745000e-05	-1.504651e-02	-6.368947e+00
2.746000e-05	-2.600680e-02	-6.357470e+00
2.747000e-05	-2.597844e-02	-6.346342e+00
2.748000e-05	-1.713677e-02	-6.337240e+00
2.749000e-05	-1.519626e-02	-6.273314e+00
2.750000e-05	-2.392911e-02	-6.231158e+00
2.751000e-05	-2.383392e-02	-6.128931e+00
2.752000e-05	-1.658692e-02	-6.116315e+00
2.753000e-05	-1.510210e-02	-6.094265e+00
2.754000e-05	-2.393004e-02	-6.091130e+00
2.755000e-05	-2.165127e-02	-6.031003e+00
2.756000e-05	-1.459434e-02	-6.009951e+00
2.757000e-05	-1.354751e-02	-5.948892e+00
2.758000e-05	-1.912896e-02	-5.926267e+00
2.759000e-05	-1.996354e-02	-5.873610e+00
2.760000e-05	-1.538630e-02	-5.821655e+00
2.761000e-05	-1.313697e-02	-5.766999e+00
2.762000e-05	-1.955561e-02	-5.666313e+00
2.763000e-05	-1.934896e-02	-5.661633e+00
2.764000e-05	-1.192795e-02	-5.620053e+00
2.765000e-05	-1.137222e-02	-5.578973e+00
2.766000e-05	-1.523210e-02	-5.485192e+00
2.767000e-05	-1.765098e-02	-5.390096e+00
2.768000e-05	-1.084492e-02	-5.324687e+00
2.769000e-05	-1.091106e-02	-5.263099e+00
2.770000e-05	-1.548524e-02	-5.147795e+00
2.771000e-05	-1.591132e-02	-5.075760e+00
2.772000e-05	-1.019172e-02	-5.010952e+00
2.773000e-05	-9.022757e-03	-4.915318e+00
2.774000e-05	-1.283607e-02	-4.790476e+00
2.775000e-05	-1.310324e-02	-4.695764e+00
2.776000e-05	-9.049913e-03	-4.632127e+00
2.777000e-05	-7.529882e-03	-4.569446e+00
2.778000e-05	-1.192796e-02	-4.474213e+00
2.779000e-05	-1.377627e-02	-4.431526e+00
2.780000e-05	-1.001433e-02	-4.369449e+00
2.781000e-05	-6.644619e-03	-4.285682e+00
2.782000e-05	-1.058413e-02	-4.180524e+00
2.783000e-05	-1.246890e-02	-4.137211e+00
2.784000e-05	-8.665718e-03	-4.032000e+00
2.785000e-05	-4.945389e-03	-3.929395e+00
2.786000e-05	-8.480143e-03	-3.844931e+00
2.787000e-05	-1.301370e-02	-3.725842e+00
2.788000e-05	-7.751221e-03	-3.610526e+00
2.789000e-05	-6.533163e-03	-3.517816e+00
2.790000e-05	-7.893427e-03	-3.452103e+00
2.791000e-05	-1.113089e-02	-3.326315e+00
2.792000e-05	-7.168742e-03	-3.234078e+00
2.793000e-05	-5.895216e-03	-3.166920e+00
2.794000e-05	-6.664754e-03	-3.064055e+00
2.795000e-05	-9.728662e-03	-2.892713e+00
2.796000e-05	-6.992810e-03	-2.820997e+00
2.797000e-05	-5.650044e-03	-2.705263e+00
2.798000e-05	-5.015086e-03	-2.628923e+00
2.799000e-05	-8.378791e-03	-2.505213e+00
2.800000e-05	-6.427347e-03	-2.411423e+00
2.801000e-05	-7.069400e-03	-2.294313e+00
2.802000e-05	-3.989414e-03	-2.159817e+00
2.803000e-05	-7.734660e-03	-2.011475e+00
2.804000e-05	-5.074971e-03	-1.945816e+00
2.805000e-05	-5.842667e-03	-1.821503e+00
2.806000e-05	-2.041176e-03	-1.695288e+00
2.807000e-05	-5.586678e-03	-1.630999e+00
2.808000e-05	-5.540633e-03	-1.514288e+00
2.809000e-05	-6.235641e-03	-1.357439e+00
2.810000e-05	-3.882372e-03	-1.190549e+00
2.811000e-05	-5.437025e-03	-1.064213e+00
2.812000e-05	-6.487221e-03	-9.689449e-01
2.813000e-05	-4.190429e-03	-8.830528e-01
2.814000e-05	-1.689431e-03	-7.474960e-01
2.815000e-05	-3.294868e-03	-6.310812e-01
2.816000e-05	-4.130307e-03	-4.747089e-01
2.817000e-05	-3.402254e-03	-3.684709e-01
2.818000e-05	-3.271455e-03	-3.035564e-01
2.819000e-05	-2.863289e-03	-1.373447e-01
2.820000e-05	-3.203064e-03	-8.207788e-02
2.821000e-05	4.344224e-04	4.065296e-02
2.822000e-05	5.999698e-04	1.484000e-01
2.823000e-05	4.748143e-04	3.163434e-01
2.824000e-05	-1.531650e-03	4.104527e-01
2.825000e-05	-6.794232e-04	5.032393e-01
2.826000e-05	-1.424982e-03	6.006113e-01
2.827000e-05	1.116247e-04	7.158197e-01
2.828000e-05	1.295249e-02	8.000301e-01
2.829000e-05	4.221477e-02	9.588696e-01
2.830000e-05	4.757220e-03	1.148426e+00
2.831000e-05	-3.323273e-02	1.315816e+00
2.832000e-05	-9.635749e-02	1.430000e+00
2.833000e-05	2.919804e-02	1.462734e+00
2.834000e-05	7.176418e-02	1.620208e+00
2.835000e-05	-3.313030e-02	1.787899e+00
2.836000e-05	-6.471013e-02	1.820128e+00
2.837000e-05	7.806265e-02	1.957920e+00
2.838000e-05	3.873285e-02	2.062610e+00
2.839000e-05	-4.555202e-02	2.084870e+00
2.840000e-05	2.480637e-02	2.261582e+00
2.841000e-05	-6.330216e-02	2.348420e+00
2.842000e-05	9.604145e-05	2.432057e+00
2.843000e-05	9.334534e-02	2.527496e+00
2.844000e-05	-2.123364e-02	2.714367e+00
2.845000e-05	-7.142155e-02	2.778980e+00
2.846000e-05	4.483956e-02	2.925816e+00
2.847000e-05	2.915757e-02	3.020004e+00
2.848000e-05	-1.161214e-02	3.085367e+00
2.849000e-05	-4.728440e-02	3.220053e+00
2.850000e-05	3.930978e-03	3.303288e+00
2.851000e-05	7.708561e-02	3.390029e+00
2.852000e-05	-4.408737e-03	3.526391e+00
2.853000e-05	-6.712400e-02	3.620555e+00
2.854000e-05	1.886223e-02	3.705821e+00
2.855000e-05	5.371890e-02	3.800050e+00
2.856000e-05	-3.348737e-02	3.926793e+00
2.857000e-05	-9.239286e-03	3.980522e+00
2.858000e-05	1.764850e-02	4.071683e+00
2.859000e-05	2.153386e-02	4.129475e+00
2.860000e-05	-1.528054e-03	4.284787e+00
2.861000e-05	-1.686935e-02	4.418928e+00
2.862000e-05	1.067739e-03	4.431082e+00
2.863000e-05	1.799160e-02	4.536892e+00
2.864000e-05	1.458378e-02	4.590054e+00
2.865000e-05	-1.865609e-02	4.695291e+00
2.866000e-05	1.009331e-02	4.778920e+00
2.867000e-05	1.753935e-02	4.841053e+00
2.868000e-05	3.487916e-03	4.913396e+00
2.869000e-05	-1.104286e-02	5.021131e+00
2.870000e-05	7.267820e-03	5.107847e+00
2.871000e-05	1.644056e-02	5.231552e+00
2.872000e-05	7.051061e-03	5.272691e+00
2.873000e-05	-3.737148e-03	5.358422e+00
2.874000e-05	-5.214635e-05	5.430100e+00
2.875000e-05	2.033283e-02	5.475112e+00
2.876000e-05	4.099056e-03	5.524917e+00
2.877000e-05	-9.843971e-04	5.568422e+00
2.878000e-05	3.632466e-03	5.630025e+00
2.879000e-05	2.059413e-02	5.662660e+00
2.880000e-05	6.666119e-03	5.724747e+00
2.881000e-05	-4.445651e-03	5.801074e+00
2.882000e-05	5.835012e-03	5.834235e+00
2.883000e-05	1.612527e-02	5.916346e+00
2.884000e-05	1.159323e-02	5.977474e+00
2.885000e-05	-3.240791e-03	5.990051e+00
2.886000e-05	9.584173e-03	6.021528e+00
2.887000e-05	1.766406e-02	6.073133e+00
2.888000e-05	1.168110e-02	6.113237e+00
2.889000e-05	-2.998301e-04	6.125270e+00
2.890000e-05	6.113132e-03	6.147870e+00
2.891000e-05	1.823456e-02	6.168499e+00
2.892000e-05	1.202119e-02	6.199576e+00
2.893000e-05	4.214796e-03	6.260504e+00
2.894000e-05	6.857467e-03	6.250611e+00
2.895000e-05	1.948476e-02	6.251136e+00
2.896000e-05	1.308106e-02	6.251659e+00
2.897000e-05	5.811459e-03	6.323737e+00
2.898000e-05	8.469925e-03	6.314915e+00
2.899000e-05	1.775698e-02	6.325811e+00
2.900000e-05	1.602111e-02	6.315318e+00
2.901000e-05	6.982901e-03	6.346842e+00
2.902000e-05	1.081713e-02	6.367942e+00
2.903000e-05	1.763922e-02	6.366292e+00
2.904000e-05	1.779626e-02	6.336391e+00
2.905000e-05	8.753471e-03	6.336765e+00
2.906000e-05	1.230425e-02	6.334742e+00
2.907000e-05	1.841738e-02	6.294787e+00
2.908000e-05	1.751023e-02	6.326336e+00
2.909000e-05	1.079170e-02	6.314237e+00
2.910000e-05	1.198009e-02	6.293135e+00
2.911000e-05	1.857655e-02	6.262154e+00
2.912000e-05	1.722800e-02	6.202679e+00
2.913000e-05	1.205909e-02	6.251025e+00
2.914000e-05	1.140915e-02	6.190023e+00
2.915000e-05	1.815107e-02	6.169942e+00
2.916000e-05	1.637008e-02	6.137394e+00
2.917000e-05	1.094043e-02	6.094258e+00
2.918000e-05	9.825169e-03	6.075259e+00
2.919000e-05	1.580582e-02	6.051677e+00
2.920000e-05	1.536795e-02	6.020075e+00
2.921000e-05	1.023839e-02	6.000021e+00
2.922000e-05	9.567455e-03	5.968970e+00
2.923000e-05	1.199129e-02	5.926188e+00
2.924000e-05	1.331209e-02	5.853100e+00
2.925000e-05	9.465513e-03	5.786947e+00
2.926000e-05	8.696763e-03	5.664734e+00
2.927000e-05	1.079700e-02	5.642604e+00
2.928000e-05	1.157582e-02	5.609974e+00
2.929000e-05	7.276125e-03	5.537897e+00
2.930000e-05	6.099857e-03	5.495738e+00
2.931000e-05	8.360743e-03	5.461129e+00
2.932000e-05	1.003311e-02	5.409398e+00
2.933000e-05	6.014883e-03	5.326789e+00
2.934000e-05	4.122986e-03	5.253131e+00
2.935000e-05	7.175459e-03	5.169996e+00
2.936000e-05	8.628423e-03	5.105158e+00
2.937000e-05	4.763963e-03	4.960490e+00
2.938000e-05	3.586758e-03	4.913180e+00
2.939000e-05	5.226481e-03	4.789977e+00
2.940000e-05	6.301503e-03	4.757395e+00
2.941000e-05	3.250974e-03	4.642205e+00
2.942000e-05	3.020533e-03	4.638475e+00
2.943000e-05	4.611529e-03	4.516288e+00
2.944000e-05	5.771366e-03	4.451125e+00
2.945000e-05	2.473556e-03	4.387944e+00
2.946000e-05	9.531690e-04	4.305261e+00
2.947000e-05	4.063422e-03	4.177866e+00
2.948000e-05	4.125319e-03	4.052610e+00
2.949000e-05	2.411825e-03	3.988396e+00
2.950000e-05	6.426583e-04	3.905733e+00
2.951000e-05	3.127369e-03	3.819021e+00
2.952000e-05	1.916589e-03	3.736262e+00
2.953000e-05	8.412612e-04	3.621579e+00
2.954000e-05	-7.153110e-04	3.549316e+00
2.955000e-05	1.370836e-03	3.463600e+00
2.956000e-05	2.774052e-03	3.316333e+00
2.957000e-05	1.237225e-03	3.229547e+00
2.958000e-05	-7.238179e-04	3.087260e+00
2.959000e-05	-7.650962e-04	3.000576e+00
2.960000e-05	1.027349e-03	2.936738e+00
2.961000e-05	3.799482e-04	2.841550e+00
2.962000e-05	-1.350424e-03	2.757814e+00
2.963000e-05	-1.737986e-03	2.661471e+00
2.964000e-05	8.882355e-04	2.474684e+00
2.965000e-05	-6.666833e-04	2.377921e+00
2.966000e-05	-1.917186e-03	2.263108e+00
2.967000e-05	-1.538112e-03	2.188343e+00
2.968000e-05	-7.990919e-05	2.032101e+00
2.969000e-05	-2.113155e-04	1.998895e+00
2.970000e-05	-3.322138e-03	1.884129e+00
2.971000e-05	-8.770979e-04	1.726761e+00
2.972000e-05	-2.405347e-03	1.630550e+00
2.973000e-05	-6.345213e-04	1.454682e+00
2.974000e-05	-6.205706e-03	1.357318e+00
2.975000e-05	-1.906590e-03	1.242579e+00
2.976000e-05	-3.799291e-03	1.156312e+00
2.977000e-05	-1.348995e-03	9.593396e-01
2.978000e-05	-5.109185e-03	8.320014e-01
2.979000e-05	-2.231355e-03	7.262684e-01
2.980000e-05	-2.873623e-03	6.100473e-01
2.981000e-05	-2.938425e-03	4.842856e-01
2.982000e-05	-6.448711e-03	4.410699e-01
2.983000e-05	-5.988844e-03	3.056867e-01
2.984000e-05	-3.939023e-03	1.473595e-01
2.985000e-05	-2.776395e-03	1.255125e-02
2.986000e-05	-1.556279e-03	-1.042644e-01
2.987000e-05	-5.827802e-04	-1.690488e-01
2.988000e-05	-3.067194e-04	-2.942618e-01
2.989000e-05	-2.271935e-03	-3.900287e-01
2.990000e-05	-5.045384e-03	-4.832358e-01
2.991000e-05	-5.649662e-03	-6.310379e-01
2.992000e-05	-4.154923e-03	-7.474448e-01
2.993000e-05	3.573490e-04	-8.321293e-01
2.994000e-05	3.365643e-02	-9.183197e-01
2.995000e-05	3.077444e-02	-1.045762e+00
2.996000e-05	-2.655871e-02	-1.313767e+00
2.997000e-05	-9.552632e-02	-1.514770e+00
2.998000e-05	-2.018569e-02	-1.589472e+00
2.999000e-05	7.810118e-02	-1.598975e+00
3.000000e-05	1.449881e-02	-1.644666e+00
3.001000e-05	-1.159606e-01	-1.862664e+00
3.002000e-05	9.165937e-02	-1.925815e+00
3.003000e-05	3.922400e-02	-1.967527e+00
3.004000e-05	-7.109770e-02	-2.189005e+00
3.005000e-05	3.417788e-02	-2.306817e+00
3.006000e-05	-3.456087e-02	-2.369001e+00
3.007000e-05	-8.430320e-02	-2.505318e+00
3.008000e-05	9.905690e-02	-2.579949e+00
3.009000e-05	2.532127e-02	-2.674237e+00
3.010000e-05	-1.188308e-01	-2.749976e+00
3.011000e-05	2.918212e-02	-2.903412e+00
3.012000e-05	5.511394e-02	-3.000604e+00
3.013000e-05	-4.393202e-02	-3.178527e+00
3.014000e-05	-4.187900e-02	-3.201054e+00
3.015000e-05	-1.158848e-02	-3.315366e+00
3.016000e-05	5.131899e-02	-3.472736e+00
3.017000e-05	3.865130e-02	-3.567424e+00
3.018000e-05	-1.220539e-01	-3.590554e+00
3.019000e-05	8.993320e-03	-3.686418e+00
3.020000e-05	7.643883e-02	-3.885183e+00
3.021000e-05	-5.994310e-02	-3.937401e+00
3.022000e-05	-2.980497e-02	-3.981604e+00
3.023000e-05	1.450447e-02	-4.105895e+00
3.024000e-05	1.901345e-02	-4.221104e+00
3.025000e-05	-7.418860e-03	-4.327340e+00
3.026000e-05	-5.792238e-02	-4.359425e+00
3.027000e-05	-1.251400e-03	-4.422155e+00
3.028000e-05	2.878243e-02	-4.514391e+00
3.029000e-05	-2.378869e-02	-4.631082e+00
3.030000e-05	-1.974588e-02	-4.644563e+00
3.031000e-05	-1.041396e-02	-4.716970e+00
3.032000e-05	1.333657e-02	-4.874214e+00
3.033000e-05	-8.591599e-03	-4.947419e+00
3.034000e-05	-4.628715e-02	-5.021480e+00
3.035000e-05	5.569929e-03	-5.064315e+00
3.036000e-05	3.595673e-03	-5.156900e+00
3.037000e-05	-6.331087e-03	-5.191058e+00
3.038000e-05	-2.415625e-02	-5.276220e+00
3.039000e-05	-2.399512e-02	-5.421559e+00
3.040000e-05	1.664976e-02	-5.517346e+00
3.041000e-05	-1.357894e-02	-5.589475e+00
3.042000e-05	-3.016535e-02	-5.621109e+00
3.043000e-05	-1.332644e-02	-5.673209e+00
3.044000e-05	3.651375e-03	-5.716892e+00
3.045000e-05	-4.815460e-03	-5.770046e+00
3.046000e-05	-3.367445e-02	-5.800609e+00
3.047000e-05	-1.609381e-02	-5.884187e+00
3.048000e-05	7.343524e-03	-5.946367e+00
3.049000e-05	-1.337743e-02	-5.969471e+00
3.050000e-05	-2.603365e-02	-5.959478e+00
3.051000e-05	-1.726287e-02	-6.030031e+00
3.052000e-05	-2.623581e-04	-6.042133e+00
3.053000e-05	-1.088697e-02	-6.124789e+00
3.054000e-05	-3.286631e-02	-6.097440e+00
3.055000e-05	-1.333261e-02	-6.180077e+00
3.056000e-05	-4.225784e-03	-6.201154e+00
3.057000e-05	-1.218730e-02	-6.263285e+00
3.058000e-05	-2.693144e-02	-6.325741e+00
3.059000e-05	-2.159034e-02	-6.305896e+00
3.060000e-05	-3.199041e-03	-6.329373e+00
3.061000e-05	-1.687448e-02	-6.349000e+00
3.062000e-05	-2.595116e-02	-6.409503e+00
3.063000e-05	-2.227694e-02	-6.390499e+00
3.064000e-05	-7.353031e-03	-6.411053e+00
3.065000e-05	-1.392696e-02	-6.401053e+00
3.066000e-05	-2.899861e-02	-6.401604e+00
3.067000e-05	-2.212943e-02	-6.400053e+00
3.068000e-05	-1.218308e-02	-6.411028e+00
3.069000e-05	-1.653124e-02	-6.421551e+00
3.070000e-05	-2.735839e-02	-6.421050e+00
3.071000e-05	-2.416331e-02	-6.441554e+00
3.072000e-05	-1.381682e-02	-6.400578e+00
3.073000e-05	-1.675050e-02	-6.421004e+00
3.074000e-05	-2.830795e-02	-6.409577e+00
3.075000e-05	-2.455651e-02	-6.409500e+00
3.076000e-05	-1.695663e-02	-6.399949e+00
3.077000e-05	-1.692913e-02	-6.377950e+00
3.078000e-05	-2.707558e-02	-6.387897e+00
3.079000e-05	-2.498942e-02	-6.298819e+00
3.080000e-05	-1.454117e-02	-6.326319e+00
3.081000e-05	-1.661077e-02	-6.254138e+00
3.082000e-05	-2.439148e-02	-6.220658e+00
3.083000e-05	-2.455608e-02	-6.149905e+00
3.084000e-05	-1.629461e-02	-6.074812e+00
3.085000e-05	-1.550165e-02	-6.075234e+00
3.086000e-05	-2.368116e-02	-6.062101e+00
3.087000e-05	-2.135646e-02	-5.990501e+00
3.088000e-05	-1.416244e-02	-6.000949e+00
3.089000e-05	-1.427284e-02	-5.898372e+00
3.090000e-05	-2.023595e-02	-5.943289e+00
3.091000e-05	-2.114568e-02	-5.862582e+00
3.092000e-05	-1.320916e-02	-5.830078e+00
3.093000e-05	-1.356943e-02	-5.787444e+00
3.094000e-05	-1.857598e-02	-5.695218e+00
3.095000e-05	-1.790820e-02	-5.631153e+00
3.096000e-05	-1.333222e-02	-5.601025e+00
3.097000e-05	-1.134016e-02	-5.579897e+00
3.098000e-05	-1.629891e-02	-5.491231e+00
3.099000e-05	-1.580990e-02	-5.330045e+00
3.100000e-05	-1.289814e-02	-5.321166e+00
3.101000e-05	-1.063236e-02	-5.241049e+00
3.102000e-05	-1.423000e-02	-5.148317e+00
3.103000e-05	-1.472336e-02	-5.074235e+00
3.104000e-05	-1.187766e-02	-5.011476e+00
3.105000e-05	-9.958669e-03	-4.903765e+00
3.106000e-05	-1.211091e-02	-4.807426e+00
3.107000e-05	-1.415517e-02	-4.664609e+00
3.108000e-05	-1.077333e-02	-4.611551e+00
3.109000e-05	-9.031705e-03	-4.577869e+00
3.110000e-05	-1.095828e-02	-4.474638e+00
3.111000e-05	-1.213475e-02	-4.412026e+00
3.112000e-05	-9.541891e-03	-4.347370e+00
3.113000e-05	-9.529805e-03	-4.283158e+00
3.114000e-05	-9.195498e-03	-4.218450e+00
3.115000e-05	-1.150488e-02	-4.095789e+00
3.116000e-05	-8.537548e-03	-4.052103e+00
3.117000e-05	-7.728155e-03	-3.967396e+00
3.118000e-05	-8.791277e-03	-3.850676e+00
3.119000e-05	-9.788262e-03	-3.685708e+00
3.120000e-05	-7.899626e-03	-3.601024e+00
3.121000e-05	-6.832753e-03	-3.506343e+00
3.122000e-05	-8.295968e-03	-3.442103e+00
3.123000e-05	-9.058837e-03	-3.336267e+00
3.124000e-05	-7.985864e-03	-3.222605e+00
3.125000e-05	-6.326505e-03	-3.167870e+00
3.126000e-05	-7.158472e-03	-3.022080e+00
3.127000e-05	-7.694043e-03	-2.844160e+00
3.128000e-05	-6.737985e-03	-2.799995e+00
3.129000e-05	-6.310769e-03	-2.685711e+00
3.130000e-05	-4.784882e-03	-2.580421e+00
3.131000e-05	-7.600495e-03	-2.463582e+00
3.132000e-05	-5.245616e-03	-2.409474e+00
3.133000e-05	-7.440726e-03	-2.284785e+00
3.134000e-05	-5.831310e-03	-2.126312e+00
3.135000e-05	-7.220510e-03	-2.020449e+00
3.136000e-05	-3.947152e-03	-1.928238e+00
3.137000e-05	-5.279889e-03	-1.792480e+00
3.138000e-05	-3.515993e-03	-1.694734e+00
3.139000e-05	-5.106418e-03	-1.610975e+00
3.140000e-05	-3.357757e-03	-1.505781e+00
3.141000e-05	-6.748346e-03	-1.336389e+00
3.142000e-05	-6.864217e-03	-1.259920e+00
3.143000e-05	-4.299625e-03	-1.064205e+00
3.144000e-05	-2.420877e-03	-9.262409e-01
3.145000e-05	-4.047767e-03	-8.436277e-01
3.146000e-05	-5.547780e-03	-7.567671e-01
3.147000e-05	-1.955978e-03	-5.905474e-01
3.148000e-05	-2.220285e-03	-4.537065e-01
3.149000e-05	-4.273555e-03	-3.579184e-01
3.150000e-05	-7.681153e-03	-2.340764e-01
3.151000e-05	-2.136272e-03	-1.572160e-01
3.152000e-05	5.861035e-04	-4.107513e-02
3.153000e-05	9.141875e-04	6.411033e-02
3.154000e-05	-2.666782e-03	1.605037e-01
3.155000e-05	1.289300e-03	3.264210e-01
3.156000e-05	5.947552e-04	4.200566e-01
3.157000e-05	-2.229763e-03	4.858909e-01
3.158000e-05	-3.816572e-03	5.911016e-01
3.159000e-05	2.708327e-03	7.473684e-01
3.160000e-05	1.772652e-02	8.216278e-01
3.161000e-05	4.083461e-02	9.684526e-01
3.162000e-05	-3.975720e-03	1.208551e+00
3.163000e-05	-4.011609e-02	1.306367e+00
3.164000e-05	-9.356885e-02	1.412077e+00
3.165000e-05	5.148154e-02	1.524239e+00
3.166000e-05	6.365032e-02	1.682134e+00
3.167000e-05	-5.799942e-02	1.756998e+00
3.168000e-05	-3.332569e-02	1.882207e+00
3.169000e-05	6.919579e-02	1.917921e+00
3.170000e-05	3.086892e-02	2.074735e+00
3.171000e-05	-4.246823e-02	2.117416e+00
3.172000e-05	2.077392e-02	2.221630e+00
3.173000e-05	-6.334186e-02	2.388978e+00
3.174000e-05	1.261642e-02	2.431077e+00
3.175000e-05	9.212745e-02	2.559949e+00
3.176000e-05	-3.899649e-02	2.735816e+00
3.177000e-05	-6.020399e-02	2.822503e+00
3.178000e-05	5.024366e-02	2.905817e+00
3.179000e-05	2.358153e-02	2.971576e+00
3.180000e-05	-1.792949e-02	3.125821e+00
3.181000e-05	-4.440564e-02	3.210579e+00
3.182000e-05	1.076923e-02	3.295217e+00
3.183000e-05	8.114605e-02	3.370676e+00
3.184000e-05	-2.607726e-02	3.556370e+00
3.185000e-05	-5.897346e-02	3.661633e+00
3.186000e-05	3.132629e-02	3.715864e+00
3.187000e-05	4.332145e-02	3.811628e+00
3.188000e-05	-3.539665e-02	3.926344e+00
3.189000e-05	-4.188245e-03	3.979480e+00
3.190000e-05	1.974000e-02	4.101183e+00
3.191000e-05	1.659937e-02	4.138996e+00
3.192000e-05	7.955569e-04	4.296365e+00
3.193000e-05	-2.093429e-02	4.389525e+00
3.194000e-05	9.443472e-03	4.453157e+00
3.195000e-05	1.737846e-02	4.537468e+00
3.196000e-05	1.214854e-02	4.630550e+00
3.197000e-05	-1.997466e-02	4.704313e+00
3.198000e-05	1.289921e-02	4.789000e+00
3.199000e-05	1.656548e-02	4.832156e+00
3.200000e-05	-1.858546e-03	4.906965e+00
3.201000e-05	-7.079225e-03	5.051833e+00
3.202000e-05	8.386829e-03	5.138895e+00
3.203000e-05	1.877682e-02	5.231555e+00
3.204000e-05	3.283957e-03	5.284711e+00
3.205000e-05	-3.720682e-03	5.398417e+00
3.206000e-05	1.719142e-03	5.411075e+00
3.207000e-05	2.102250e-02	5.454184e+00
3.208000e-05	5.498605e-04	5.560870e+00
3.209000e-05	-1.578699e-03	5.610499e+00
3.210000e-05	8.048573e-03	5.621075e+00
3.211000e-05	2.102901e-02	5.673184e+00
3.212000e-05	4.898334e-03	5.718290e+00
3.213000e-05	-7.529451e-03	5.811076e+00
3.214000e-05	1.070628e-02	5.904762e+00
3.215000e-05	1.657084e-02	5.936473e+00
3.216000e-05	9.284546e-03	5.979398e+00
3.217000e-05	-5.528474e-03	6.010525e+00
3.218000e-05	1.236259e-02	6.041100e+00
3.219000e-05	2.031936e-02	6.063655e+00
3.220000e-05	7.785563e-03	6.095738e+00
3.221000e-05	-1.403605e-03	6.113872e+00
3.222000e-05	9.787332e-03	6.178420e+00
3.223000e-05	2.007581e-02	6.178894e+00
3.224000e-05	7.799790e-03	6.200553e+00
3.225000e-05	1.785585e-03	6.232104e+00
3.226000e-05	9.819943e-03	6.252054e+00
3.227000e-05	2.109068e-02	6.294155e+00
3.228000e-05	1.167152e-02	6.263763e+00
3.229000e-05	5.067104e-03	6.316241e+00
3.230000e-05	1.173757e-02	6.295291e+00
3.231000e-05	1.941626e-02	6.335808e+00
3.232000e-05	1.271478e-02	6.295346e+00
3.233000e-05	3.745146e-03	6.334897e+00
3.234000e-05	1.280829e-02	6.336840e+00
3.235000e-05	1.901130e-02	6.356312e+00
3.236000e-05	1.757957e-02	6.296969e+00
3.237000e-05	7.597792e-03	6.336312e+00
3.238000e-05	1.422887e-02	6.296315e+00
3.239000e-05	1.994844e-02	6.335365e+00
3.240000e-05	1.448664e-02	6.253837e+00
3.241000e-05	9.154746e-03	6.285763e+00
3.242000e-05	1.192139e-02	6.282708e+00
3.243000e-05	2.075219e-02	6.281632e+00
3.244000e-05	1.634700e-02	6.221575e+00
3.245000e-05	1.092500e-02	6.211526e+00
3.246000e-05	1.177139e-02	6.189924e+00
3.247000e-05	1.842761e-02	6.158922e+00
3.248000e-05	1.481597e-02	6.137315e+00
3.249000e-05	9.482513e-03	6.073731e+00
3.250000e-05	1.180421e-02	6.072679e+00
3.251000e-05	1.611107e-02	6.042604e+00
3.252000e-05	1.475403e-02	6.020003e+00
3.253000e-05	8.822502e-03	5.969999e+00
3.254000e-05	1.056713e-02	5.988471e+00
3.255000e-05	1.328208e-02	5.875212e+00
3.256000e-05	1.215914e-02	5.852574e+00
3.257000e-05	7.371429e-03	5.766891e+00
3.258000e-05	8.390818e-03	5.683208e+00
3.259000e-05	1.182428e-02	5.631628e+00
3.260000e-05	1.130167e-02	5.610396e+00
3.261000e-05	6.736968e-03	5.568416e+00
3.262000e-05	6.667146e-03	5.494212e+00
3.263000e-05	9.782886e-03	5.432705e+00
3.264000e-05	8.953747e-03	5.380447e+00
3.265000e-05	6.406368e-03	5.356311e+00
3.266000e-05	5.440902e-03	5.252152e+00
3.267000e-05	7.715177e-03	5.190444e+00
3.268000e-05	7.854442e-03	5.046181e+00
3.269000e-05	4.412599e-03	4.986492e+00
3.270000e-05	4.649904e-03	4.882683e+00
3.271000e-05	4.341128e-03	4.809997e+00
3.272000e-05	6.426376e-03	4.736267e+00
3.273000e-05	3.235205e-03	4.664627e+00
3.274000e-05	4.452880e-03	4.598946e+00
3.275000e-05	3.783572e-03	4.475763e+00
3.276000e-05	4.878944e-03	4.430504e+00
3.277000e-05	3.488816e-03	4.388445e+00
3.278000e-05	2.496859e-03	4.285303e+00
3.279000e-05	2.918314e-03	4.177865e+00
3.280000e-05	2.003346e-03	4.071554e+00
3.281000e-05	2.511377e-03	3.958420e+00
3.282000e-05	1.878623e-04	3.894209e+00
3.283000e-05	2.740697e-03	3.818899e+00
3.284000e-05	2.425448e-03	3.705763e+00
3.285000e-05	2.379403e-03	3.623525e+00
3.286000e-05	7.476568e-04	3.586318e+00
3.287000e-05	2.199776e-03	3.432554e+00
3.288000e-05	5.008862e-04	3.315658e+00
3.289000e-05	-8.695766e-04	3.240422e+00
3.290000e-05	2.768780e-04	3.105659e+00
3.291000e-05	-1.831702e-04	3.011023e+00
3.292000e-05	-3.600552e-04	2.916761e+00
3.293000e-05	-6.482771e-04	2.812527e+00
3.294000e-05	1.646965e-03	2.718364e+00
3.295000e-05	-1.116788e-03	2.560990e+00
3.296000e-05	-4.846600e-04	2.463104e+00
3.297000e-05	-3.331808e-03	2.356840e+00
3.298000e-05	-1.280328e-05	2.253579e+00
3.299000e-05	-2.056715e-03	2.146842e+00
3.300000e-05	-2.165295e-03	2.043101e+00
3.301000e-05	-2.567770e-03	1.965320e+00
3.302000e-05	-2.182183e-04	1.823601e+00
3.303000e-05	-1.413295e-03	1.706813e+00
3.304000e-05	-3.001329e-03	1.630519e+00
3.305000e-05	-3.634273e-03	1.442702e+00
3.306000e-05	-2.465391e-03	1.356845e+00
3.307000e-05	-2.549926e-03	1.232527e+00
3.308000e-05	-3.517934e-03	1.135807e+00
3.309000e-05	-3.809410e-03	9.583171e-01
3.310000e-05	-3.353802e-03	8.315013e-01
3.311000e-05	-2.670264e-03	7.266882e-01
3.312000e-05	-4.059840e-03	5.904436e-01
3.313000e-05	-5.006890e-03	4.632093e-01
3.314000e-05	-3.521213e-03	4.009474e-01
3.315000e-05	-3.420840e-03	2.851554e-01
3.316000e-05	-4.757796e-03	1.057421e-01
3.317000e-05	-3.940098e-03	1.099750e-02
3.318000e-05	-2.499782e-03	-9.581698e-02
3.319000e-05	-2.389731e-04	-2.005040e-01
3.320000e-05	-2.670928e-03	-2.948184e-01
3.321000e-05	-3.320828e-03	-3.905039e-01
3.322000e-05	-3.825530e-03	-5.157417e-01
3.323000e-05	-3.695988e-03	-6.516083e-01
3.324000e-05	-3.890949e-03	-7.593975e-01
3.325000e-05	6.537257e-05	-8.331828e-01
3.326000e-05	4.127552e-02	-9.164236e-01
3.327000e-05	2.066992e-02	-1.085740e+00
3.328000e-05	-2.907186e-02	-1.334948e+00
3.329000e-05	-1.116892e-01	-1.526870e+00
3.330000e-05	1.218797e-02	-1.589448e+00
3.331000e-05	7.538770e-02	-1.579476e+00
3.332000e-05	-1.235170e-02	-1.725345e+00
3.333000e-05	-9.292895e-02	-1.893717e+00
3.334000e-05	8.692480e-02	-1.906267e+00
3.335000e-05	3.107161e-02	-1.968075e+00
3.336000e-05	-7.308846e-02	-2.151610e+00
3.337000e-05	4.220221e-02	-2.276896e+00
3.338000e-05	-4.886903e-02	-2.381076e+00
3.339000e-05	-6.950961e-02	-2.515390e+00
3.340000e-05	1.173194e-01	-2.591053e+00
3.341000e-05	-2.497505e-03	-2.694288e+00
3.342000e-05	-1.187505e-01	-2.790081e+00
3.343000e-05	5.613224e-02	-2.885264e+00
3.344000e-05	3.381200e-02	-3.043733e+00
3.345000e-05	-4.508830e-02	-3.169479e+00
3.346000e-05	-4.192346e-02	-3.212109e+00
3.347000e-05	-5.282732e-03	-3.356897e+00
3.348000e-05	6.149378e-02	-3.504268e+00
3.349000e-05	1.665200e-02	-3.578848e+00
3.350000e-05	-1.195617e-01	-3.601128e+00
3.351000e-05	3.321199e-02	-3.735921e+00
3.352000e-05	6.345261e-02	-3.864213e+00
3.353000e-05	-7.074393e-02	-3.968975e+00
3.354000e-05	-1.715653e-02	-3.992103e+00
3.355000e-05	1.068697e-02	-4.095323e+00
3.356000e-05	2.281662e-02	-4.221159e+00
3.357000e-05	-1.509002e-02	-4.345795e+00
3.358000e-05	-5.558276e-02	-4.368949e+00
3.359000e-05	9.587993e-03	-4.411608e+00
3.360000e-05	2.101096e-02	-4.497397e+00
3.361000e-05	-2.583491e-02	-4.662135e+00
3.362000e-05	-2.051063e-02	-4.704288e+00
3.363000e-05	-9.539469e-03	-4.768554e+00
3.364000e-05	1.527625e-02	-4.873738e+00
3.365000e-05	-1.408854e-02	-4.917520e+00
3.366000e-05	-4.199462e-02	-5.021030e+00
3.367000e-05	8.264342e-03	-5.084288e+00
3.368000e-05	1.006296e-03	-5.138450e+00
3.369000e-05	-5.743789e-03	-5.242132e+00
3.370000e-05	-2.841787e-02	-5.307296e+00
3.371000e-05	-2.092737e-02	-5.423133e+00
3.372000e-05	1.868434e-02	-5.526922e+00
3.373000e-05	-1.883857e-02	-5.589477e+00
3.374000e-05	-2.797224e-02	-5.632631e+00
3.375000e-05	-1.112650e-02	-5.674709e+00
3.376000e-05	4.653103e-03	-5.708892e+00
3.377000e-05	-7.284845e-03	-5.769449e+00
3.378000e-05	-3.462048e-02	-5.801161e+00
3.379000e-05	-1.336721e-02	-5.892189e+00
3.380000e-05	5.463747e-03	-5.927393e+00
3.381000e-05	-1.423932e-02	-5.978471e+00
3.382000e-05	-2.585800e-02	-5.999001e+00
3.383000e-05	-1.721696e-02	-6.021605e+00
3.384000e-05	1.182429e-03	-6.041109e+00
3.385000e-05	-1.283430e-02	-6.083766e+00
3.386000e-05	-3.222587e-02	-6.145897e+00
3.387000e-05	-1.290789e-02	-6.180053e+00
3.388000e-05	-4.877395e-03	-6.241083e+00
3.389000e-05	-1.272349e-02	-6.285288e+00
3.390000e-05	-2.771892e-02	-6.323292e+00
3.391000e-05	-1.935266e-02	-6.356917e+00
3.392000e-05	-3.960315e-03	-6.357999e+00
3.393000e-05	-1.613568e-02	-6.389448e+00
3.394000e-05	-2.630786e-02	-6.409004e+00
3.395000e-05	-2.029027e-02	-6.410525e+00
3.396000e-05	-7.881097e-03	-6.418976e+00
3.397000e-05	-1.494371e-02	-6.391029e+00
3.398000e-05	-2.844300e-02	-6.442026e+00
3.399000e-05	-2.129613e-02	-6.420628e+00
3.400000e-05	-1.243768e-02	-6.421100e+00
3.401000e-05	-1.720946e-02	-6.431101e+00
3.402000e-05	-2.753856e-02	-6.381559e+00
3.403000e-05	-2.301696e-02	-6.420528e+00
3.404000e-05	-1.387105e-02	-6.430628e+00
3.405000e-05	-1.720378e-02	-6.401051e+00
3.406000e-05	-2.758687e-02	-6.400526e+00
3.407000e-05	-2.458036e-02	-6.400054e+00
3.408000e-05	-1.572879e-02	-6.390475e+00
3.409000e-05	-1.794589e-02	-6.359373e+00
3.410000e-05	-2.632230e-02	-6.387922e+00
3.411000e-05	-2.455967e-02	-6.337341e+00
3.412000e-05	-1.553536e-02	-6.326317e+00
3.413000e-05	-1.786782e-02	-6.262634e+00
3.414000e-05	-2.400550e-02	-6.253530e+00
3.415000e-05	-2.431590e-02	-6.158447e+00
3.416000e-05	-1.625353e-02	-6.114317e+00
3.417000e-05	-1.611097e-02	-6.065736e+00
3.418000e-05	-2.206871e-02	-6.024030e+00
3.419000e-05	-2.203468e-02	-5.991049e+00
3.420000e-05	-1.560401e-02	-5.968975e+00
3.421000e-05	-1.464166e-02	-5.966893e+00
3.422000e-05	-2.007444e-02	-5.885266e+00
3.423000e-05	-2.078680e-02	-5.841579e+00
3.424000e-05	-1.539157e-02	-5.820550e+00
3.425000e-05	-1.267161e-02	-5.757815e+00
3.426000e-05	-1.858408e-02	-5.695763e+00
3.427000e-05	-1.784377e-02	-5.662129e+00
3.428000e-05	-1.314727e-02	-5.630549e+00
3.429000e-05	-1.135975e-02	-5.537867e+00
3.430000e-05	-1.633114e-02	-5.473181e+00
3.431000e-05	-1.644434e-02	-5.379392e+00
3.432000e-05	-1.271958e-02	-5.257610e+00
3.433000e-05	-1.127648e-02	-5.219475e+00
3.434000e-05	-1.486334e-02	-5.137291e+00
3.435000e-05	-1.403339e-02	-5.063704e+00
3.436000e-05	-1.079850e-02	-5.019500e+00
3.437000e-05	-1.025376e-02	-4.892609e+00
3.438000e-05	-1.318244e-02	-4.769498e+00
3.439000e-05	-1.283865e-02	-4.665611e+00
3.440000e-05	-9.426675e-03	-4.630050e+00
3.441000e-05	-8.934519e-03	-4.546344e+00
3.442000e-05	-1.251252e-02	-4.472087e+00
3.443000e-05	-1.201019e-02	-4.421052e+00
3.444000e-05	-9.049096e-03	-4.347371e+00
3.445000e-05	-8.637908e-03	-4.262632e+00
3.446000e-05	-1.162149e-02	-4.187948e+00
3.447000e-05	-1.052907e-02	-4.114759e+00
3.448000e-05	-7.786177e-03	-4.030478e+00
3.449000e-05	-8.200360e-03	-3.946743e+00
3.450000e-05	-9.464647e-03	-3.800520e+00
3.451000e-05	-9.160094e-03	-3.684708e+00
3.452000e-05	-8.152874e-03	-3.611472e+00
3.453000e-05	-7.352800e-03	-3.514813e+00
3.454000e-05	-8.030018e-03	-3.451095e+00
3.455000e-05	-8.795094e-03	-3.324859e+00
3.456000e-05	-7.575313e-03	-3.221101e+00
3.457000e-05	-7.133758e-03	-3.166871e+00
3.458000e-05	-6.009367e-03	-2.958946e+00
3.459000e-05	-7.140246e-03	-2.835129e+00
3.460000e-05	-6.305098e-03	-2.768397e+00
3.461000e-05	-4.772941e-03	-2.664208e+00
3.462000e-05	-5.682442e-03	-2.588896e+00
3.463000e-05	-8.459887e-03	-2.433657e+00
3.464000e-05	-7.765690e-03	-2.378422e+00
3.465000e-05	-7.079553e-03	-2.263233e+00
3.466000e-05	-4.034576e-03	-2.138237e+00
3.467000e-05	-6.438031e-03	-1.989999e+00
3.468000e-05	-2.671274e-03	-1.873661e+00
3.469000e-05	-3.863968e-03	-1.779950e+00
3.470000e-05	-5.438152e-03	-1.683212e+00
3.471000e-05	-5.298659e-03	-1.599921e+00
3.472000e-05	-5.250565e-03	-1.493729e+00
3.473000e-05	-5.228900e-03	-1.316287e+00
3.474000e-05	-5.745313e-03	-1.137875e+00
3.475000e-05	-5.705317e-03	-1.032104e+00
3.476000e-05	-3.229626e-03	-9.473158e-01
3.477000e-05	-2.149935e-03	-8.320290e-01
3.478000e-05	-4.580188e-03	-7.363893e-01
3.479000e-05	-4.404194e-03	-5.984198e-01
3.480000e-05	-3.666299e-03	-4.441313e-01
3.481000e-05	-3.434847e-03	-3.688433e-01
3.482000e-05	-4.236585e-03	-2.520515e-01
3.483000e-05	-4.020530e-03	-1.157634e-01
3.484000e-05	-7.584091e-04	-5.152725e-02
3.485000e-05	1.061047e-03	3.166079e-02
3.486000e-05	-8.819827e-05	2.400789e-01
3.487000e-05	-1.352240e-03	3.468934e-01
3.488000e-05	-9.800200e-04	4.115541e-01
3.489000e-05	-1.611646e-05	5.258173e-01
3.490000e-05	-2.500550e-03	6.705804e-01
3.491000e-05	5.684981e-04	7.369671e-01
3.492000e-05	2.095040e-02	8.126303e-01
3.493000e-05	4.019266e-02	1.020102e+00
3.494000e-05	-7.907924e-03	1.211049e+00
3.495000e-05	-5.115195e-02	1.335872e+00
3.496000e-05	-8.754522e-02	1.400101e+00
3.497000e-05	6.992319e-02	1.475936e+00
3.498000e-05	5.590046e-02	1.684766e+00
3.499000e-05	-8.138345e-02	1.798975e+00
3.500000e-05	-1.183985e-03	1.872157e+00
3.501000e-05	5.994751e-02	1.978000e+00
3.502000e-05	2.353267e-02	2.075334e+00
3.503000e-05	-3.481821e-02	2.127969e+00
3.504000e-05	8.696377e-03	2.262709e+00
3.505000e-05	-5.889905e-02	2.367524e+00
3.506000e-05	3.019194e-02	2.433059e+00
3.507000e-05	8.210844e-02	2.580001e+00
3.508000e-05	-5.635947e-02	2.726844e+00
3.509000e-05	-4.486138e-02	2.821108e+00
3.510000e-05	5.430724e-02	2.945868e+00
3.511000e-05	1.766588e-02	3.022555e+00
3.512000e-05	-2.629369e-02	3.105342e+00
3.513000e-05	-3.862706e-02	3.220978e+00
3.514000e-05	2.083527e-02	3.344816e+00
3.515000e-05	7.864098e-02	3.440559e+00
3.516000e-05	-4.543860e-02	3.596422e+00
3.517000e-05	-4.807198e-02	3.641282e+00
3.518000e-05	4.336000e-02	3.715967e+00
3.519000e-05	2.974956e-02	3.851608e+00
3.520000e-05	-3.516632e-02	3.935893e+00
3.521000e-05	-4.446432e-04	3.999501e+00
3.522000e-05	2.440362e-02	4.065261e+00
3.523000e-05	1.002027e-02	4.169402e+00
3.524000e-05	2.331075e-04	4.315387e+00
3.525000e-05	-2.248763e-02	4.411050e+00
3.526000e-05	1.483065e-02	4.440709e+00
3.527000e-05	1.743868e-02	4.568017e+00
3.528000e-05	7.292514e-03	4.622154e+00
3.529000e-05	-1.783346e-02	4.686841e+00
3.530000e-05	1.640967e-02	4.808926e+00
3.531000e-05	1.564317e-02	4.801685e+00
3.532000e-05	-5.847421e-03	4.936944e+00
3.533000e-05	-3.407106e-03	5.134263e+00
3.534000e-05	8.240692e-03	5.158071e+00
3.535000e-05	1.922476e-02	5.222082e+00
3.536000e-05	7.534299e-04	5.324812e+00
3.537000e-05	-2.792001e-03	5.347449e+00
3.538000e-05	4.820914e-03	5.391007e+00
3.539000e-05	1.978508e-02	5.463262e+00
3.540000e-05	-8.075018e-04	5.508422e+00
3.541000e-05	-1.450620e-03	5.577475e+00
3.542000e-05	1.129563e-02	5.612083e+00
3.543000e-05	1.711823e-02	5.682664e+00
3.544000e-05	3.414816e-03	5.757440e+00
3.545000e-05	-5.469107e-03	5.762002e+00
3.546000e-05	1.335123e-02	5.881787e+00
3.547000e-05	1.461560e-02	5.947496e+00
3.548000e-05	7.484419e-03	5.969470e+00
3.549000e-05	-2.124347e-03	6.010603e+00
3.550000e-05	1.325489e-02	6.022103e+00
3.551000e-05	1.833215e-02	6.023182e+00
3.552000e-05	4.362204e-03	6.093815e+00
3.553000e-05	1.175924e-03	6.146317e+00
3.554000e-05	1.014176e-02	6.166898e+00
3.555000e-05	1.847284e-02	6.159476e+00
3.556000e-05	6.544553e-03	6.211449e+00
3.557000e-05	5.013858e-03	6.201605e+00
3.558000e-05	1.229308e-02	6.284082e+00
3.559000e-05	1.825678e-02	6.282682e+00
3.560000e-05	8.749790e-03	6.274735e+00
3.561000e-05	4.690253e-03	6.315792e+00
3.562000e-05	1.370689e-02	6.326293e+00
3.563000e-05	1.791624e-02	6.284864e+00
3.564000e-05	1.221930e-02	6.304965e+00
3.565000e-05	6.500365e-03	6.316820e+00
3.566000e-05	1.467882e-02	6.326891e+00
3.567000e-05	1.833302e-02	6.336791e+00
3.568000e-05	1.402166e-02	6.336786e+00
3.569000e-05	8.532041e-03	6.325913e+00
3.570000e-05	1.522708e-02	6.336816e+00
3.571000e-05	2.023029e-02	6.297390e+00
3.572000e-05	1.432018e-02	6.283234e+00
3.573000e-05	1.106441e-02	6.294234e+00
3.574000e-05	1.300693e-02	6.262706e+00
3.575000e-05	1.921452e-02	6.253131e+00
3.576000e-05	1.355993e-02	6.249079e+00
3.577000e-05	1.175788e-02	6.191649e+00
3.578000e-05	1.363610e-02	6.199423e+00
3.579000e-05	1.905364e-02	6.147897e+00
3.580000e-05	1.435441e-02	6.096317e+00
3.581000e-05	1.000764e-02	6.105334e+00
3.582000e-05	1.305882e-02	6.041232e+00
3.583000e-05	1.493283e-02	6.021603e+00
3.584000e-05	1.328337e-02	6.030500e+00
3.585000e-05	8.219021e-03	5.979946e+00
3.586000e-05	1.182903e-02	5.966893e+00
3.587000e-05	1.376758e-02	5.935739e+00
3.588000e-05	1.178432e-02	5.761680e+00
3.589000e-05	7.742249e-03	5.706837e+00
3.590000e-05	9.003339e-03	5.683179e+00
3.591000e-05	1.334605e-02	5.631575e+00
3.592000e-05	9.830759e-03	5.578950e+00
3.593000e-05	6.724142e-03	5.537321e+00
3.594000e-05	5.918189e-03	5.474757e+00
3.595000e-05	1.054635e-02	5.441554e+00
3.596000e-05	7.980517e-03	5.368896e+00
3.597000e-05	5.921068e-03	5.314790e+00
3.598000e-05	5.539268e-03	5.240582e+00
3.599000e-05	8.845223e-03	5.188444e+00
3.600000e-05	6.961101e-03	5.051239e+00
3.601000e-05	4.032808e-03	4.948440e+00
3.602000e-05	3.569249e-03	4.883184e+00
3.603000e-05	7.112586e-03	4.780423e+00
3.604000e-05	5.889886e-03	4.716290e+00
3.605000e-05	3.357171e-03	4.643178e+00
3.606000e-05	3.457661e-03	4.558367e+00
3.607000e-05	5.855187e-03	4.464182e+00
3.608000e-05	5.457781e-03	4.420051e+00
3.609000e-05	1.907716e-03	4.377295e+00
3.610000e-05	1.694441e-03	4.274661e+00
3.611000e-05	2.876507e-03	4.136937e+00
3.612000e-05	4.794326e-03	4.001604e+00
3.613000e-05	4.624434e-04	3.938893e+00
3.614000e-05	6.342698e-04	3.873084e+00
3.615000e-05	1.476006e-03	3.759472e+00
3.616000e-05	3.819948e-03	3.654183e+00
3.617000e-05	4.182587e-04	3.630076e+00
3.618000e-05	7.149256e-04	3.527818e+00
3.619000e-05	1.163917e-03	3.431049e+00
3.620000e-05	2.282464e-03	3.273205e+00
3.621000e-05	-6.978708e-04	3.199370e+00
3.622000e-05	-1.608691e-03	3.105209e+00
3.623000e-05	-2.787939e-04	3.000470e+00
3.624000e-05	1.302257e-03	2.874159e+00
3.625000e-05	-7.014758e-04	2.820450e+00
3.626000e-05	-1.723566e-03	2.684788e+00
3.627000e-05	-5.600870e-04	2.519394e+00
3.628000e-05	3.453866e-04	2.431525e+00
3.629000e-05	-1.072285e-03	2.326818e+00
3.630000e-05	-4.403690e-03	2.252055e+00
3.631000e-05	-1.472738e-03	2.146314e+00
3.632000e-05	-3.315068e-05	2.021576e+00
3.633000e-05	-9.978901e-04	1.967386e+00
3.634000e-05	-2.801961e-03	1.839626e+00
3.635000e-05	-2.539303e-03	1.695283e+00
3.636000e-05	-1.101295e-03	1.628416e+00
3.637000e-05	-3.721482e-03	1.435153e+00
3.638000e-05	-4.558098e-03	1.317339e+00
3.639000e-05	-4.093208e-03	1.230100e+00
3.640000e-05	-2.137891e-03	1.084234e+00
3.641000e-05	-2.648300e-03	9.148369e-01
3.642000e-05	-3.285400e-03	8.104724e-01
3.643000e-05	-4.259823e-03	6.763119e-01
3.644000e-05	-2.327740e-03	5.699448e-01
3.645000e-05	-3.640293e-03	4.832028e-01
3.646000e-05	-4.535583e-03	4.088234e-01
3.647000e-05	-5.331178e-03	2.510975e-01
3.648000e-05	-3.603225e-03	1.146804e-01
3.649000e-05	-2.368237e-03	2.002243e-02
3.650000e-05	-2.970223e-03	-1.267422e-01
3.651000e-05	-6.889710e-04	-2.220791e-01
3.652000e-05	-1.717513e-03	-3.158433e-01
3.653000e-05	-1.564287e-03	-3.910026e-01
3.654000e-05	-5.111116e-03	-4.847898e-01
3.655000e-05	-4.373131e-03	-7.022405e-01
3.656000e-05	-4.812209e-03	-7.503997e-01
3.657000e-05	3.920255e-03	-8.831568e-01
3.658000e-05	4.637028e-02	-9.480473e-01
3.659000e-05	9.229814e-03	-1.085350e+00
3.660000e-05	-3.167957e-02	-1.399950e+00
3.661000e-05	-1.201752e-01	-1.558374e+00
3.662000e-05	4.101742e-02	-1.559474e+00
3.663000e-05	6.933835e-02	-1.600103e+00
3.664000e-05	-4.076920e-02	-1.736297e+00
3.665000e-05	-5.633992e-02	-1.894241e+00
3.666000e-05	8.215822e-02	-1.886770e+00
3.667000e-05	1.986458e-02	-2.032028e+00
3.668000e-05	-6.924816e-02	-2.243108e+00
3.669000e-05	4.269260e-02	-2.349371e+00
3.670000e-05	-6.027864e-02	-2.401025e+00
3.671000e-05	-5.010989e-02	-2.515874e+00
3.672000e-05	1.272392e-01	-2.622053e+00
3.673000e-05	-3.226319e-02	-2.695818e+00
3.674000e-05	-1.090710e-01	-2.810477e+00
3.675000e-05	7.614518e-02	-2.905941e+00
3.676000e-05	1.287651e-02	-3.073188e+00
3.677000e-05	-4.615978e-02	-3.189004e+00
3.678000e-05	-3.745917e-02	-3.241683e+00
3.679000e-05	-1.072430e-04	-3.357998e+00
3.680000e-05	7.118309e-02	-3.506245e+00
3.681000e-05	-1.204329e-02	-3.528396e+00
3.682000e-05	-1.107540e-01	-3.620630e+00
3.683000e-05	5.446956e-02	-3.745923e+00
3.684000e-05	4.449009e-02	-3.906761e+00
3.685000e-05	-7.607330e-02	-3.990004e+00
3.686000e-05	-5.132977e-03	-4.042132e+00
3.687000e-05	9.885969e-03	-4.116922e+00
3.688000e-05	2.075082e-02	-4.253187e+00
3.689000e-05	-2.396632e-02	-4.296390e+00
3.690000e-05	-5.272836e-02	-4.367525e+00
3.691000e-05	2.245313e-02	-4.422257e+00
3.692000e-05	9.961134e-03	-4.516446e+00
3.693000e-05	-2.642875e-02	-4.632108e+00
3.694000e-05	-1.957090e-02	-4.724198e+00
3.695000e-05	-4.215635e-03	-4.781076e+00
3.696000e-05	1.379256e-02	-4.894217e+00
3.697000e-05	-2.391350e-02	-4.948874e+00
3.698000e-05	-3.514302e-02	-5.011108e+00
3.699000e-05	1.141533e-02	-5.115387e+00
3.700000e-05	-1.487015e-03	-5.160501e+00
3.701000e-05	-9.801874e-03	-5.251163e+00
3.702000e-05	-2.834534e-02	-5.346877e+00
3.703000e-05	-1.466435e-02	-5.413738e+00
3.704000e-05	1.858457e-02	-5.548368e+00
3.705000e-05	-2.586363e-02	-5.610000e+00
3.706000e-05	-2.405325e-02	-5.631578e+00
3.707000e-05	-7.978349e-03	-5.683764e+00
3.708000e-05	3.941251e-03	-5.747897e+00
3.709000e-05	-1.120600e-02	-5.749476e+00
3.710000e-05	-3.557966e-02	-5.812107e+00
3.711000e-05	-6.233267e-03	-5.915363e+00
3.712000e-05	3.582860e-03	-5.947323e+00
3.713000e-05	-1.698385e-02	-5.979446e+00
3.714000e-05	-2.719203e-02	-6.008976e+00
3.715000e-05	-1.421145e-02	-6.030501e+00
3.716000e-05	3.607864e-03	-6.072732e+00
3.717000e-05	-1.756914e-02	-6.074894e+00
3.718000e-05	-3.160801e-02	-6.189850e+00
3.719000e-05	-1.052546e-02	-6.180080e+00
3.720000e-05	-2.669854e-03	-6.222613e+00
3.721000e-05	-1.386640e-02	-6.243793e+00
3.722000e-05	-2.891813e-02	-6.316867e+00
3.723000e-05	-1.679759e-02	-6.377417e+00
3.724000e-05	-2.094537e-03	-6.368975e+00
3.725000e-05	-1.971996e-02	-6.409477e+00
3.726000e-05	-2.757604e-02	-6.420025e+00
3.727000e-05	-1.923698e-02	-6.390051e+00
3.728000e-05	-5.678652e-03	-6.410004e+00
3.729000e-05	-1.628474e-02	-6.401026e+00
3.730000e-05	-2.951798e-02	-6.409982e+00
3.731000e-05	-2.038748e-02	-6.432057e+00
3.732000e-05	-1.117992e-02	-6.410579e+00
3.733000e-05	-1.690058e-02	-6.431604e+00
3.734000e-05	-2.929396e-02	-6.420555e+00
3.735000e-05	-2.320365e-02	-6.401575e+00
3.736000e-05	-1.223268e-02	-6.400553e+00
3.737000e-05	-1.882739e-02	-6.420526e+00
3.738000e-05	-2.840432e-02	-6.411026e+00
3.739000e-05	-2.472483e-02	-6.409426e+00
3.740000e-05	-1.406417e-02	-6.369522e+00
3.741000e-05	-1.811511e-02	-6.388945e+00
3.742000e-05	-2.688264e-02	-6.367341e+00
3.743000e-05	-2.457933e-02	-6.336340e+00
3.744000e-05	-1.430501e-02	-6.295242e+00
3.745000e-05	-1.799802e-02	-6.222232e+00
3.746000e-05	-2.615530e-02	-6.180532e+00
3.747000e-05	-2.330564e-02	-6.149373e+00
3.748000e-05	-1.428825e-02	-6.106242e+00
3.749000e-05	-1.662718e-02	-6.063632e+00
3.750000e-05	-2.331772e-02	-6.053055e+00
3.751000e-05	-2.042859e-02	-5.989026e+00
3.752000e-05	-1.457032e-02	-6.008899e+00
3.753000e-05	-1.405035e-02	-5.957393e+00
3.754000e-05	-2.254569e-02	-5.874191e+00
3.755000e-05	-2.010867e-02	-5.822153e+00
3.756000e-05	-1.324956e-02	-5.810480e+00
3.757000e-05	-1.443927e-02	-5.767845e+00
3.758000e-05	-1.937249e-02	-5.685258e+00
3.759000e-05	-1.769949e-02	-5.631555e+00
3.760000e-05	-1.164748e-02	-5.579999e+00
3.761000e-05	-1.282837e-02	-5.536864e+00
3.762000e-05	-1.723281e-02	-5.492689e+00
3.763000e-05	-1.516115e-02	-5.329868e+00
3.764000e-05	-1.021323e-02	-5.281753e+00
3.765000e-05	-1.243474e-02	-5.189449e+00
3.766000e-05	-1.555587e-02	-5.126816e+00
3.767000e-05	-1.543554e-02	-5.033103e+00
3.768000e-05	-9.810703e-03	-4.958846e+00
3.769000e-05	-1.044558e-02	-4.834158e+00
3.770000e-05	-1.297464e-02	-4.748445e+00
3.771000e-05	-1.272131e-02	-4.653087e+00
3.772000e-05	-9.649116e-03	-4.622004e+00
3.773000e-05	-9.450356e-03	-4.525817e+00
3.774000e-05	-1.189574e-02	-4.465678e+00
3.775000e-05	-1.229224e-02	-4.390001e+00
3.776000e-05	-8.978038e-03	-4.316341e+00
3.777000e-05	-8.857463e-03	-4.243131e+00
3.778000e-05	-1.062358e-02	-4.178344e+00
3.779000e-05	-1.063886e-02	-4.113659e+00
3.780000e-05	-6.987258e-03	-4.010900e+00
3.781000e-05	-6.901970e-03	-3.937218e+00
3.782000e-05	-9.315676e-03	-3.800455e+00
3.783000e-05	-8.679761e-03	-3.643658e+00
3.784000e-05	-7.870406e-03	-3.579449e+00
3.785000e-05	-7.128837e-03	-3.505737e+00
3.786000e-05	-9.951434e-03	-3.409550e+00
3.787000e-05	-7.920433e-03	-3.325267e+00
3.788000e-05	-6.665529e-03	-3.230554e+00
3.789000e-05	-5.484749e-03	-3.106712e+00
3.790000e-05	-8.602343e-03	-2.979997e+00
3.791000e-05	-7.465290e-03	-2.874184e+00
3.792000e-05	-5.019541e-03	-2.768869e+00
3.793000e-05	-5.018453e-03	-2.642178e+00
3.794000e-05	-7.229504e-03	-2.516889e+00
3.795000e-05	-7.679710e-03	-2.442655e+00
3.796000e-05	-5.288487e-03	-2.387921e+00
3.797000e-05	-6.444918e-03	-2.223084e+00
3.798000e-05	-7.002682e-03	-2.065712e+00
3.799000e-05	-6.366629e-03	-1.989449e+00
3.800000e-05	-3.638271e-03	-1.875261e+00
3.801000e-05	-3.863064e-03	-1.788873e+00
3.802000e-05	-4.685275e-03	-1.673208e+00
3.803000e-05	-5.427748e-03	-1.598424e+00
3.804000e-05	-4.624541e-03	-1.473053e+00
3.805000e-05	-5.170368e-03	-1.295230e+00
3.806000e-05	-5.280360e-03	-1.206820e+00
3.807000e-05	-5.748978e-03	-1.043054e+00
3.808000e-05	-4.288915e-03	-9.068409e-01
3.809000e-05	-3.513949e-03	-8.314988e-01
3.810000e-05	-3.906451e-03	-7.271869e-01
3.811000e-05	-3.294726e-03	-5.589174e-01
3.812000e-05	-3.337500e-03	-4.210754e-01
3.813000e-05	-3.530951e-03	-2.948156e-01
3.814000e-05	-3.639539e-03	-2.114249e-01
3.815000e-05	-4.615855e-03	-6.573808e-02
3.816000e-05	-5.040933e-04	-5.024342e-04
3.817000e-05	4.114398e-04	6.533566e-02
3.818000e-05	-1.016760e-03	2.326106e-01
3.819000e-05	-1.858831e-03	3.584225e-01
3.820000e-05	-3.980696e-04	4.511567e-01
3.821000e-05	-1.796584e-04	5.578437e-01
3.822000e-05	-2.264655e-03	6.427541e-01
3.823000e-05	1.587829e-03	7.779224e-01
3.824000e-05	2.702220e-02	8.617382e-01
3.825000e-05	3.776323e-02	1.042130e+00
3.826000e-05	-1.189130e-02	1.241083e+00
3.827000e-05	-6.242070e-02	1.358899e+00
3.828000e-05	-7.683264e-02	1.431126e+00
3.829000e-05	8.302914e-02	1.546970e+00
3.830000e-05	4.642287e-02	1.725241e+00
3.831000e-05	-1.011615e-01	1.739479e+00
3.832000e-05	3.025843e-02	1.845188e+00
3.833000e-05	5.005793e-02	1.990979e+00
3.834000e-05	1.091050e-02	2.095762e+00
3.835000e-05	-2.118729e-02	2.147489e+00
3.836000e-05	-9.585487e-03	2.294263e+00
3.837000e-05	-5.024224e-02	2.410553e+00
3.838000e-05	4.659996e-02	2.442653e+00
3.839000e-05	6.692326e-02	2.600578e+00
3.840000e-05	-6.894656e-02	2.728999e+00
3.841000e-05	-2.628664e-02	2.842659e+00
3.842000e-05	5.471295e-02	2.937394e+00
3.843000e-05	1.281371e-02	3.062135e+00
3.844000e-05	-3.423088e-02	3.156868e+00
3.845000e-05	-2.978666e-02	3.193079e+00
3.846000e-05	2.942618e-02	3.315847e+00
3.847000e-05	7.114898e-02	3.453205e+00
3.848000e-05	-6.187703e-02	3.628423e+00
3.849000e-05	-3.377856e-02	3.642686e+00
3.850000e-05	5.212338e-02	3.746900e+00
3.851000e-05	1.449224e-02	3.831654e+00
3.852000e-05	-3.267155e-02	3.957895e+00
3.853000e-05	4.077875e-03	4.020575e+00
3.854000e-05	2.675360e-02	4.086265e+00
3.855000e-05	4.580359e-03	4.159053e+00
3.856000e-05	-6.411019e-05	4.326894e+00
3.857000e-05	-2.169239e-02	4.412028e+00
3.858000e-05	2.004006e-02	4.522288e+00
3.859000e-05	1.549283e-02	4.557847e+00
3.860000e-05	1.144503e-03	4.661208e+00
3.861000e-05	-1.415817e-02	4.747367e+00
3.862000e-05	2.004784e-02	4.799526e+00
3.863000e-05	1.447273e-02	4.833231e+00
3.864000e-05	-1.035932e-02	4.957951e+00
3.865000e-05	1.250116e-03	5.104818e+00
3.866000e-05	1.041704e-02	5.197974e+00
3.867000e-05	1.819910e-02	5.212128e+00
3.868000e-05	-4.545648e-03	5.306363e+00
3.869000e-05	-1.809662e-03	5.398450e+00
3.870000e-05	9.346174e-03	5.441628e+00
3.871000e-05	1.843403e-02	5.484814e+00
3.872000e-05	-1.614190e-03	5.546347e+00
3.873000e-05	-2.245682e-03	5.599051e+00
3.874000e-05	1.603281e-02	5.621054e+00
3.875000e-05	1.399384e-02	5.662805e+00
3.876000e-05	1.378694e-03	5.705421e+00
3.877000e-05	-5.819536e-03	5.851598e+00
3.878000e-05	1.609082e-02	5.924815e+00
3.879000e-05	1.436303e-02	5.988919e+00
3.880000e-05	4.959437e-03	5.979447e+00
3.881000e-05	-1.047356e-03	6.010478e+00
3.882000e-05	1.434198e-02	6.051603e+00
3.883000e-05	1.800885e-02	6.052283e+00
3.884000e-05	2.829457e-03	6.105792e+00
3.885000e-05	1.875862e-03	6.145868e+00
3.886000e-05	1.108659e-02	6.159946e+00
3.887000e-05	1.669278e-02	6.189024e+00
3.888000e-05	4.745350e-03	6.191026e+00
3.889000e-05	4.733440e-03	6.241553e+00
3.890000e-05	1.350120e-02	6.222153e+00
3.891000e-05	1.895811e-02	6.266134e+00
3.892000e-05	1.168641e-02	6.285787e+00
3.893000e-05	3.855367e-03	6.305813e+00
3.894000e-05	1.404895e-02	6.326815e+00
3.895000e-05	1.507671e-02	6.326763e+00
3.896000e-05	1.175674e-02	6.366365e+00
3.897000e-05	4.310294e-03	6.335866e+00
3.898000e-05	1.546836e-02	6.326792e+00
3.899000e-05	1.921274e-02	6.376391e+00
3.900000e-05	1.581833e-02	6.316394e+00
3.901000e-05	9.468256e-03	6.325291e+00
3.902000e-05	1.354064e-02	6.335786e+00
3.903000e-05	1.840400e-02	6.324739e+00
3.904000e-05	1.241114e-02	6.283215e+00
3.905000e-05	1.201418e-02	6.294654e+00
3.906000e-05	1.327256e-02	6.235258e+00
3.907000e-05	2.127033e-02	6.252053e+00
3.908000e-05	1.610850e-02	6.211054e+00
3.909000e-05	1.135536e-02	6.212004e+00
3.910000e-05	1.254963e-02	6.198520e+00
3.911000e-05	1.629454e-02	6.159390e+00
3.912000e-05	1.403851e-02	6.146763e+00
3.913000e-05	1.037484e-02	6.053158e+00
3.914000e-05	1.361576e-02	6.033680e+00
3.915000e-05	1.746573e-02	6.033054e+00
3.916000e-05	1.561300e-02	6.000600e+00
3.917000e-05	9.776233e-03	5.968400e+00
3.918000e-05	9.883799e-03	5.958362e+00
3.919000e-05	1.148468e-02	5.932684e+00
3.920000e-05	1.039886e-02	5.791121e+00
3.921000e-05	8.194293e-03	5.715884e+00
3.922000e-05	9.337650e-03	5.684605e+00
3.923000e-05	1.344761e-02	5.630550e+00
3.924000e-05	1.277287e-02	5.579421e+00
3.925000e-05	9.620216e-03	5.517361e+00
3.926000e-05	4.915436e-03	5.462680e+00
3.927000e-05	8.852500e-03	5.422499e+00
3.928000e-05	6.040223e-03	5.388401e+00
3.929000e-05	6.017071e-03	5.307209e+00
3.930000e-05	4.538761e-03	5.240076e+00
3.931000e-05	8.864173e-03	5.175891e+00
3.932000e-05	7.676787e-03	5.074279e+00
3.933000e-05	5.718785e-03	4.935840e+00
3.934000e-05	4.335443e-03	4.843179e+00
3.935000e-05	5.889769e-03	4.778398e+00
3.936000e-05	4.182460e-03	4.706286e+00
3.937000e-05	3.084797e-03	4.621076e+00
3.938000e-05	2.758916e-03	4.578242e+00
3.939000e-05	5.126350e-03	4.473755e+00
3.940000e-05	4.201526e-03	4.431024e+00
3.941000e-05	1.972413e-03	4.337866e+00
3.942000e-05	1.824558e-03	4.242107e+00
3.943000e-05	3.838427e-03	4.145283e+00
3.944000e-05	4.321602e-03	4.041028e+00
3.945000e-05	4.812071e-04	3.927863e+00
3.946000e-05	1.754131e-03	3.863678e+00
3.947000e-05	2.398458e-03	3.770020e+00
3.948000e-05	1.929191e-03	3.644158e+00
3.949000e-05	-1.953879e-03	3.610449e+00
3.950000e-05	4.385329e-04	3.525835e+00
3.951000e-05	3.038255e-03	3.380471e+00
3.952000e-05	2.427315e-03	3.283254e+00
3.953000e-05	-1.436054e-03	3.189943e+00
3.954000e-05	1.182778e-04	3.084756e+00
3.955000e-05	6.211386e-04	3.019396e+00
3.956000e-05	-8.866656e-05	2.864709e+00
3.957000e-05	-2.611335e-03	2.788997e+00
3.958000e-05	-1.498064e-03	2.725083e+00
3.959000e-05	1.337454e-03	2.495391e+00
3.960000e-05	1.542780e-05	2.431599e+00
3.961000e-05	-3.166529e-03	2.345815e+00
3.962000e-05	-2.281685e-03	2.231574e+00
3.963000e-05	-4.709614e-04	2.106314e+00
3.964000e-05	-2.091538e-03	2.031072e+00
3.965000e-05	-2.358528e-03	1.937313e+00
3.966000e-05	-8.981734e-04	1.810476e+00
3.967000e-05	-8.997554e-04	1.655280e+00
3.968000e-05	-1.938607e-03	1.588346e+00
3.969000e-05	-5.418443e-03	1.461103e+00
3.970000e-05	-4.068544e-03	1.314763e+00
3.971000e-05	-3.110715e-03	1.229001e+00
3.972000e-05	-1.961525e-03	1.053130e+00
3.973000e-05	-3.845934e-03	9.257855e-01
3.974000e-05	-2.352743e-03	8.089448e-01
3.975000e-05	-2.084648e-03	6.937578e-01
3.976000e-05	-3.367749e-03	5.998433e-01
3.977000e-05	-5.959102e-03	4.320815e-01
3.978000e-05	-5.666270e-03	3.683936e-01
3.979000e-05	-3.814198e-03	2.421013e-01
3.980000e-05	-1.764045e-03	9.480902e-02
3.981000e-05	-3.877782e-03	-4.055645e-02
3.982000e-05	-1.635485e-03	-1.353960e-01
3.983000e-05	9.369601e-04	-2.206565e-01
3.984000e-05	-1.117002e-03	-3.153972e-01
3.985000e-05	-3.353481e-03	-4.305290e-01
3.986000e-05	-4.760273e-03	-5.164023e-01
3.987000e-05	-3.368239e-03	-7.158396e-01
3.988000e-05	-3.071997e-03	-7.900750e-01
3.989000e-05	5.461563e-03	-8.642142e-01
3.990000e-05	5.051490e-02	-9.780253e-01
3.991000e-05	-4.046663e-04	-1.146899e+00
3.992000e-05	-3.454222e-02	-1.329506e+00
3.993000e-05	-1.231478e-01	-1.558875e+00
3.994000e-05	6.246222e-02	-1.568972e+00
3.995000e-05	6.483672e-02	-1.599553e+00
3.996000e-05	-6.576938e-02	-1.747925e+00
3.997000e-05	-1.346867e-02	-1.894193e+00
3.998000e-05	7.236347e-02	-1.884792e+00
3.999000e-05	4.283644e-03	-2.042155e+00
4.000000e-05	-5.585596e-02	-2.263684e+00
4.001000e-05	3.411356e-02	-2.318397e+00
4.002000e-05	-7.230652e-02	-2.422127e+00
4.003000e-05	-2.468809e-02	-2.535873e+00
4.004000e-05	1.257693e-01	-2.631582e+00
4.005000e-05	-5.825626e-02	-2.715317e+00
4.006000e-05	-9.429790e-02	-2.811481e+00
4.007000e-05	8.727685e-02	-2.924418e+00
4.008000e-05	-5.967423e-03	-3.084792e+00
4.009000e-05	-4.596351e-02	-3.180925e+00
4.010000e-05	-3.481463e-02	-3.212758e+00
4.011000e-05	6.127378e-03	-3.379531e+00
4.012000e-05	7.878831e-02	-3.505794e+00
4.013000e-05	-3.992262e-02	-3.558424e+00
4.014000e-05	-9.631630e-02	-3.641158e+00
4.015000e-05	6.962712e-02	-3.758077e+00
4.016000e-05	2.551193e-02	-3.915265e+00
4.017000e-05	-7.422014e-02	-3.970554e+00
4.018000e-05	2.177999e-03	-4.023108e+00
4.019000e-05	8.510414e-03	-4.147924e+00
4.020000e-05	2.013768e-02	-4.243132e+00
4.021000e-05	-3.194524e-02	-4.305269e+00
4.022000e-05	-4.913266e-02	-4.377524e+00
4.023000e-05	3.151632e-02	-4.422684e+00
4.024000e-05	2.092214e-03	-4.525919e+00
4.025000e-05	-2.400433e-02	-4.702642e+00
4.026000e-05	-1.992919e-02	-4.697887e+00
4.027000e-05	-8.909098e-04	-4.790556e+00
4.028000e-05	1.331688e-02	-4.896217e+00
4.029000e-05	-3.229787e-02	-4.989001e+00
4.030000e-05	-2.784233e-02	-5.031188e+00
4.031000e-05	1.132168e-02	-5.154318e+00
4.032000e-05	-2.659773e-03	-5.159451e+00
4.033000e-05	-1.227316e-02	-5.295708e+00
4.034000e-05	-3.078067e-02	-5.336895e+00
4.035000e-05	-7.593694e-03	-5.465185e+00
4.036000e-05	1.604601e-02	-5.557971e+00
4.037000e-05	-3.113576e-02	-5.590427e+00
4.038000e-05	-1.999690e-02	-5.620658e+00
4.039000e-05	-5.940743e-03	-5.675613e+00
4.040000e-05	3.439496e-03	-5.746971e+00
4.041000e-05	-1.624190e-02	-5.798579e+00
4.042000e-05	-3.520871e-02	-5.822707e+00
4.043000e-05	-3.637820e-04	-5.897788e+00
4.044000e-05	4.676735e-05	-5.977446e+00
4.045000e-05	-1.801179e-02	-5.978999e+00
4.046000e-05	-2.580312e-02	-5.990076e+00
4.047000e-05	-9.088620e-03	-6.032126e+00
4.048000e-05	1.861121e-03	-6.092182e+00
4.049000e-05	-2.305921e-02	-6.094340e+00
4.050000e-05	-2.850942e-02	-6.147993e+00
4.051000e-05	-8.292405e-03	-6.219576e+00
4.052000e-05	-4.612330e-03	-6.274210e+00
4.053000e-05	-1.746237e-02	-6.276163e+00
4.054000e-05	-2.779090e-02	-6.335343e+00
4.055000e-05	-1.189399e-02	-6.357870e+00
4.056000e-05	-4.713526e-03	-6.358424e+00
4.057000e-05	-2.184377e-02	-6.410448e+00
4.058000e-05	-2.605971e-02	-6.399998e+00
4.059000e-05	-1.680054e-02	-6.389956e+00
4.060000e-05	-6.896496e-03	-6.410049e+00
4.061000e-05	-2.089711e-02	-6.421101e+00
4.062000e-05	-2.877915e-02	-6.411530e+00
4.063000e-05	-1.606443e-02	-6.431029e+00
4.064000e-05	-1.309735e-02	-6.420556e+00
4.065000e-05	-1.943063e-02	-6.431528e+00
4.066000e-05	-2.939653e-02	-6.420101e+00
4.067000e-05	-1.775351e-02	-6.421555e+00
4.068000e-05	-1.292997e-02	-6.390029e+00
4.069000e-05	-2.124491e-02	-6.410528e+00
4.070000e-05	-2.892841e-02	-6.381474e+00
4.071000e-05	-2.258360e-02	-6.409000e+00
4.072000e-05	-1.424637e-02	-6.390475e+00
4.073000e-05	-2.103936e-02	-6.367369e+00
4.074000e-05	-2.800553e-02	-6.357921e+00
4.075000e-05	-2.102797e-02	-6.335715e+00
4.076000e-05	-1.352910e-02	-6.313243e+00
4.077000e-05	-2.047967e-02	-6.212255e+00
4.078000e-05	-2.679722e-02	-6.229601e+00
4.079000e-05	-2.234592e-02	-6.116400e+00
4.080000e-05	-1.422429e-02	-6.094788e+00
4.081000e-05	-2.064347e-02	-6.032084e+00
4.082000e-05	-2.483858e-02	-6.032105e+00
4.083000e-05	-1.959379e-02	-6.011474e+00
4.084000e-05	-1.217225e-02	-5.988872e+00
4.085000e-05	-1.622567e-02	-5.936837e+00
4.086000e-05	-2.198621e-02	-5.935239e+00
4.087000e-05	-1.780633e-02	-5.832055e+00
4.088000e-05	-1.198354e-02	-5.810071e+00
4.089000e-05	-1.626350e-02	-5.748342e+00
4.090000e-05	-2.168154e-02	-5.654760e+00
4.091000e-05	-1.655069e-02	-5.643053e+00
4.092000e-05	-1.018686e-02	-5.600946e+00
4.093000e-05	-1.338648e-02	-5.557791e+00
4.094000e-05	-1.866490e-02	-5.424653e+00
4.095000e-05	-1.421975e-02	-5.325817e+00
4.096000e-05	-9.528239e-03	-5.264109e+00
4.097000e-05	-1.237930e-02	-5.218979e+00
4.098000e-05	-1.787941e-02	-5.144812e+00
4.099000e-05	-1.410691e-02	-5.021057e+00
4.100000e-05	-8.799717e-03	-4.998468e+00
4.101000e-05	-1.141735e-02	-4.852082e+00
4.102000e-05	-1.411707e-02	-4.728416e+00
4.103000e-05	-1.283519e-02	-4.674110e+00
4.104000e-05	-5.488965e-03	-4.622050e+00
4.105000e-05	-1.045131e-02	-4.516311e+00
4.106000e-05	-1.341294e-02	-4.451655e+00
4.107000e-05	-1.223809e-02	-4.430474e+00
4.108000e-05	-6.052568e-03	-4.306813e+00
4.109000e-05	-9.352111e-03	-4.232582e+00
4.110000e-05	-1.309046e-02	-4.198393e+00
4.111000e-05	-1.030201e-02	-4.073185e+00
4.112000e-05	-4.763680e-03	-4.000525e+00
4.113000e-05	-7.368511e-03	-3.905736e+00
4.114000e-05	-1.183270e-02	-3.777420e+00
4.115000e-05	-9.312732e-03	-3.662625e+00
4.116000e-05	-5.584626e-03	-3.587470e+00
4.117000e-05	-5.334101e-03	-3.494206e+00
4.118000e-05	-1.117234e-02	-3.399972e+00
4.119000e-05	-7.605834e-03	-3.295259e+00
4.120000e-05	-6.442948e-03	-3.221526e+00
4.121000e-05	-5.077869e-03	-3.113742e+00
4.122000e-05	-1.060153e-02	-2.957368e+00
4.123000e-05	-7.993295e-03	-2.862076e+00
4.124000e-05	-4.501163e-03	-2.717420e+00
4.125000e-05	-3.983877e-03	-2.622134e+00
4.126000e-05	-7.830831e-03	-2.536395e+00
4.127000e-05	-6.648106e-03	-2.423057e+00
4.128000e-05	-4.795498e-03	-2.327369e+00
4.129000e-05	-5.598144e-03	-2.220149e+00
4.130000e-05	-8.551688e-03	-2.063704e+00
4.131000e-05	-6.961122e-03	-1.959367e+00
4.132000e-05	-3.427864e-03	-1.872705e+00
4.133000e-05	-2.693025e-03	-1.768946e+00
4.134000e-05	-5.256818e-03	-1.663105e+00
4.135000e-05	-5.744707e-03	-1.588270e+00
4.136000e-05	-4.348453e-03	-1.419450e+00
4.137000e-05	-4.260984e-03	-1.282054e+00
4.138000e-05	-6.595106e-03	-1.146767e+00
4.139000e-05	-6.003183e-03	-9.900251e-01
4.140000e-05	-3.430350e-03	-8.658118e-01
4.141000e-05	-3.223439e-03	-7.995239e-01
4.142000e-05	-4.661590e-03	-6.952365e-01
4.143000e-05	-5.286474e-03	-5.667947e-01
4.144000e-05	-1.885137e-03	-4.409763e-01
4.145000e-05	-3.874951e-03	-3.362658e-01
4.146000e-05	-3.924719e-03	-2.109962e-01
4.147000e-05	-3.704395e-03	-1.047356e-01
4.148000e-05	-4.619816e-04	-1.992731e-02
4.149000e-05	-3.164299e-04	1.253457e-01
4.150000e-05	-1.668390e-03	2.922066e-01
4.151000e-05	-1.507326e-03	3.789750e-01
4.152000e-05	3.352208e-04	4.636367e-01
4.153000e-05	-6.277759e-04	5.774200e-01
4.154000e-05	-1.842670e-03	6.632605e-01
4.155000e-05	3.737001e-03	7.684214e-01
4.156000e-05	3.181696e-02	8.446830e-01
4.157000e-05	3.309534e-02	1.083758e+00
4.158000e-05	-1.597712e-02	1.263135e+00
4.159000e-05	-7.203956e-02	1.387870e+00
4.160000e-05	-5.973563e-02	1.410084e+00
4.161000e-05	8.627051e-02	1.507945e+00
4.162000e-05	3.351571e-02	1.724243e+00
4.163000e-05	-1.108230e-01	1.789127e+00
4.164000e-05	5.898809e-02	1.843234e+00
4.165000e-05	4.079250e-02	2.010556e+00
4.166000e-05	-4.987094e-03	2.125763e+00
4.167000e-05	-4.243959e-03	2.147446e+00
4.168000e-05	-2.656317e-02	2.294292e+00
4.169000e-05	-4.097064e-02	2.390451e+00
4.170000e-05	6.063864e-02	2.461231e+00
4.171000e-05	5.122299e-02	2.583130e+00
4.172000e-05	-7.695044e-02	2.761026e+00
4.173000e-05	-7.843732e-03	2.862209e+00
4.174000e-05	4.989419e-02	2.968946e+00
4.175000e-05	8.066575e-03	3.093182e+00
4.176000e-05	-3.779528e-02	3.136917e+00
4.177000e-05	-2.116448e-02	3.231603e+00
4.178000e-05	4.013043e-02	3.315350e+00
4.179000e-05	6.287920e-02	3.452286e+00
4.180000e-05	-7.078907e-02	3.599450e+00
4.181000e-05	-2.397428e-02	3.671808e+00
4.182000e-05	5.873363e-02	3.767971e+00
4.183000e-05	8.126725e-04	3.873182e+00
4.184000e-05	-2.548772e-02	3.927397e+00
4.185000e-05	4.320269e-03	4.012104e+00
4.186000e-05	3.018348e-02	4.084738e+00
4.187000e-05	-3.142674e-04	4.189557e+00
4.188000e-05	-4.750668e-04	4.315923e+00
4.189000e-05	-2.020300e-02	4.429506e+00
4.190000e-05	2.103080e-02	4.513359e+00
4.191000e-05	1.682651e-02	4.567920e+00
4.192000e-05	-4.466292e-03	4.682208e+00
4.193000e-05	-9.664945e-03	4.718821e+00
4.194000e-05	1.899450e-02	4.798626e+00
4.195000e-05	1.242900e-02	4.894189e+00
4.196000e-05	-1.226133e-02	4.980076e+00
4.197000e-05	4.875924e-03	5.076311e+00
4.198000e-05	1.094513e-02	5.219497e+00
4.199000e-05	1.820566e-02	5.273184e+00
4.200000e-05	-4.473225e-03	5.295916e+00
4.201000e-05	-2.015603e-03	5.389025e+00
4.202000e-05	9.308392e-03	5.432127e+00
4.203000e-05	1.500392e-02	5.484812e+00
4.204000e-05	-3.627199e-03	5.538445e+00
4.205000e-05	-1.558437e-03	5.589476e+00
4.206000e-05	1.866561e-02	5.642628e+00
4.207000e-05	1.342506e-02	5.654163e+00
4.208000e-05	9.190725e-04	5.747968e+00
4.209000e-05	-2.185952e-03	5.841030e+00
4.210000e-05	1.585361e-02	5.865741e+00
4.211000e-05	1.290032e-02	5.937972e+00
4.212000e-05	-1.378244e-03	6.019500e+00
4.213000e-05	2.170666e-03	6.020579e+00
4.214000e-05	1.475043e-02	6.051154e+00
4.215000e-05	1.866966e-02	6.053104e+00
4.216000e-05	-2.001913e-04	6.116863e+00
4.217000e-05	5.432113e-03	6.166394e+00
4.218000e-05	1.392170e-02	6.157899e+00
4.219000e-05	1.762334e-02	6.210020e+00
4.220000e-05	1.267185e-03	6.201003e+00
4.221000e-05	4.457702e-03	6.250728e+00
4.222000e-05	1.473403e-02	6.262107e+00
4.223000e-05	1.715791e-02	6.263182e+00
4.224000e-05	7.418485e-03	6.325334e+00
4.225000e-05	6.554623e-03	6.314340e+00
4.226000e-05	1.747256e-02	6.295788e+00
4.227000e-05	1.809671e-02	6.305888e+00
4.228000e-05	8.835509e-03	6.356370e+00
4.229000e-05	5.632307e-03	6.327318e+00
4.230000e-05	1.558546e-02	6.326446e+00
4.231000e-05	1.747499e-02	6.316346e+00
4.232000e-05	1.125603e-02	6.344817e+00
4.233000e-05	1.020151e-02	6.335793e+00
4.234000e-05	1.867582e-02	6.325260e+00
4.235000e-05	2.116652e-02	6.285762e+00
4.236000e-05	1.318584e-02	6.304287e+00
4.237000e-05	1.141843e-02	6.296259e+00
4.238000e-05	1.529834e-02	6.251631e+00
4.239000e-05	1.897318e-02	6.222130e+00
4.240000e-05	1.133718e-02	6.239552e+00
4.241000e-05	1.014100e-02	6.200023e+00
4.242000e-05	1.673416e-02	6.180045e+00
4.243000e-05	2.024390e-02	6.158867e+00
4.244000e-05	1.455881e-02	6.143760e+00
4.245000e-05	9.914352e-03	6.093731e+00
4.246000e-05	1.447566e-02	6.022605e+00
4.247000e-05	1.475778e-02	6.041553e+00
4.248000e-05	1.105802e-02	6.010023e+00
4.249000e-05	7.060688e-03	5.998970e+00
4.250000e-05	1.366373e-02	5.976890e+00
4.251000e-05	1.729513e-02	5.885161e+00
4.252000e-05	1.216277e-02	5.799494e+00
4.253000e-05	7.584980e-03	5.724811e+00
4.254000e-05	9.535368e-03	5.662606e+00
4.255000e-05	1.187151e-02	5.620525e+00
4.256000e-05	6.640293e-03	5.569397e+00
4.257000e-05	5.253791e-03	5.516818e+00
4.258000e-05	7.867894e-03	5.493708e+00
4.259000e-05	1.342174e-02	5.430000e+00
4.260000e-05	7.840796e-03	5.339416e+00
4.261000e-05	6.061278e-03	5.263209e+00
4.262000e-05	4.294312e-03	5.209996e+00
4.263000e-05	8.977144e-03	5.155812e+00
4.264000e-05	3.967485e-03	5.071128e+00
4.265000e-05	3.155866e-03	4.965759e+00
4.266000e-05	5.326467e-03	4.831555e+00
4.267000e-05	9.052681e-03	4.779395e+00
4.268000e-05	5.344827e-03	4.705262e+00
4.269000e-05	3.023204e-03	4.661578e+00
4.270000e-05	3.269136e-03	4.578267e+00
4.271000e-05	5.656633e-03	4.442706e+00
4.272000e-05	2.165923e-03	4.408949e+00
4.273000e-05	-1.757287e-05	4.377792e+00
4.274000e-05	1.936768e-03	4.240558e+00
4.275000e-05	4.282015e-03	4.126283e+00
4.276000e-05	3.802333e-03	4.029522e+00
4.277000e-05	1.228976e-03	3.954344e+00
4.278000e-05	2.641945e-03	3.841602e+00
4.279000e-05	2.357622e-03	3.778443e+00
4.280000e-05	1.152154e-03	3.653157e+00
4.281000e-05	-1.843199e-03	3.588924e+00
4.282000e-05	-3.599626e-04	3.526238e+00
4.283000e-05	1.564826e-03	3.369396e+00
4.284000e-05	2.124643e-03	3.252026e+00
4.285000e-05	-8.100938e-04	3.197293e+00
4.286000e-05	6.040200e-04	3.054154e+00
4.287000e-05	-1.184649e-04	2.988392e+00
4.288000e-05	8.726731e-04	2.862080e+00
4.289000e-05	-2.299020e-03	2.778543e+00
4.290000e-05	-2.248245e-03	2.743159e+00
4.291000e-05	-1.166078e-03	2.528338e+00
4.292000e-05	-2.478266e-04	2.470500e+00
4.293000e-05	-1.403461e-03	2.315288e+00
4.294000e-05	-2.756196e-03	2.231024e+00
4.295000e-05	-1.732667e-03	2.105208e+00
4.296000e-05	-7.717029e-04	2.010525e+00
4.297000e-05	-1.465174e-03	1.926287e+00
4.298000e-05	-2.934806e-03	1.769994e+00
4.299000e-05	-2.186150e-03	1.662033e+00
4.300000e-05	-2.550427e-03	1.556837e+00
4.301000e-05	-2.329892e-03	1.434122e+00
4.302000e-05	-4.464287e-03	1.325211e+00
4.303000e-05	-2.923377e-03	1.229972e+00
4.304000e-05	-4.041749e-03	1.043501e+00
4.305000e-05	-1.373008e-03	8.847104e-01
4.306000e-05	-4.137442e-03	7.993948e-01
4.307000e-05	-2.469445e-03	6.541590e-01
4.308000e-05	-3.817493e-03	5.488408e-01
4.309000e-05	-1.392095e-03	4.515751e-01
4.310000e-05	-5.249837e-03	3.973433e-01
4.311000e-05	-4.020865e-03	2.005225e-01
4.312000e-05	-5.057332e-03	9.465670e-02
4.313000e-05	-2.345587e-03	9.943406e-03
4.314000e-05	-2.509635e-03	-1.468985e-01
4.315000e-05	-8.278685e-04	-2.627080e-01
4.316000e-05	-2.062177e-03	-3.379223e-01
4.317000e-05	-1.439561e-03	-4.305815e-01
4.318000e-05	-2.402686e-03	-4.984711e-01
4.319000e-05	-4.276411e-03	-6.957144e-01
4.320000e-05	-3.756211e-03	-7.700277e-01
4.321000e-05	1.049382e-02	-8.647156e-01
4.322000e-05	5.208919e-02	-9.590764e-01
4.323000e-05	-1.233722e-02	-1.128523e+00
4.324000e-05	-4.226508e-02	-1.422032e+00
4.325000e-05	-1.131548e-01	-1.557424e+00
4.326000e-05	7.870104e-02	-1.559973e+00
4.327000e-05	5.745602e-02	-1.620628e+00
4.328000e-05	-8.639035e-02	-1.799049e+00
4.329000e-05	2.216049e-02	-1.896791e+00
4.330000e-05	6.101746e-02	-1.915290e+00
4.331000e-05	-1.575275e-02	-2.093743e+00
4.332000e-05	-3.648835e-02	-2.303716e+00
4.333000e-05	2.164968e-02	-2.367950e+00
4.334000e-05	-8.365725e-02	-2.411082e+00
4.335000e-05	5.379580e-03	-2.577851e+00
4.336000e-05	1.142305e-01	-2.611155e+00
4.337000e-05	-7.696457e-02	-2.717395e+00
4.338000e-05	-7.377022e-02	-2.822556e+00
4.339000e-05	9.239821e-02	-2.926416e+00
4.340000e-05	-2.243972e-02	-3.135793e+00
4.341000e-05	-4.233195e-02	-3.210530e+00
4.342000e-05	-3.140754e-02	-3.254208e+00
4.343000e-05	1.268638e-02	-3.419078e+00
4.344000e-05	7.972134e-02	-3.536767e+00
4.345000e-05	-6.716934e-02	-3.568952e+00
4.346000e-05	-7.717537e-02	-3.643234e+00
4.347000e-05	7.934417e-02	-3.819554e+00
4.348000e-05	3.646468e-03	-3.905847e+00
4.349000e-05	-6.746030e-02	-4.009451e+00
4.350000e-05	8.437650e-03	-4.081686e+00
4.351000e-05	9.246206e-03	-4.159498e+00
4.352000e-05	1.612636e-02	-4.255741e+00
4.353000e-05	-3.852849e-02	-4.324920e+00
4.354000e-05	-4.235684e-02	-4.410024e+00
4.355000e-05	3.714199e-02	-4.421738e+00
4.356000e-05	-6.498382e-03	-4.548971e+00
4.357000e-05	-2.130836e-02	-4.664187e+00
4.358000e-05	-1.959841e-02	-4.675314e+00
4.359000e-05	2.623095e-03	-4.802631e+00
4.360000e-05	1.114210e-02	-4.916296e+00
4.361000e-05	-3.843128e-02	-5.007501e+00
4.362000e-05	-1.998904e-02	-5.051109e+00
4.363000e-05	8.511954e-03	-5.157371e+00
4.364000e-05	-2.479903e-03	-5.180030e+00
4.365000e-05	-1.319658e-02	-5.252817e+00
4.366000e-05	-3.166355e-02	-5.338904e+00
4.367000e-05	-2.190443e-03	-5.465739e+00
4.368000e-05	1.166754e-02	-5.528420e+00
4.369000e-05	-3.129579e-02	-5.590053e+00
4.370000e-05	-1.786577e-02	-5.642130e+00
4.371000e-05	-3.941786e-03	-5.694319e+00
4.372000e-05	3.511933e-03	-5.756972e+00
4.373000e-05	-1.838316e-02	-5.809980e+00
4.374000e-05	-3.475660e-02	-5.862683e+00
4.375000e-05	2.022028e-03	-5.866341e+00
4.376000e-05	-3.743459e-03	-5.937868e+00
4.377000e-05	-1.733436e-02	-5.989497e+00
4.378000e-05	-2.557600e-02	-5.999499e+00
4.379000e-05	-6.929166e-03	-5.990608e+00
4.380000e-05	1.569656e-03	-6.071686e+00
4.381000e-05	-2.440676e-02	-6.125845e+00
4.382000e-05	-2.695588e-02	-6.150027e+00
4.383000e-05	-8.824069e-03	-6.191029e+00
4.384000e-05	-4.293531e-03	-6.233733e+00
4.385000e-05	-1.964277e-02	-6.304315e+00
4.386000e-05	-2.754075e-02	-6.267292e+00
4.387000e-05	-1.072161e-02	-6.357394e+00
4.388000e-05	-4.617745e-03	-6.349496e+00
4.389000e-05	-2.235563e-02	-6.379500e+00
4.390000e-05	-2.659846e-02	-6.388928e+00
4.391000e-05	-1.588474e-02	-6.398503e+00
4.392000e-05	-7.240425e-03	-6.390525e+00
4.393000e-05	-2.237695e-02	-6.400578e+00
4.394000e-05	-2.899532e-02	-6.431529e+00
4.395000e-05	-1.563017e-02	-6.421128e+00
4.396000e-05	-1.250689e-02	-6.420579e+00
4.397000e-05	-2.094744e-02	-6.451554e+00
4.398000e-05	-2.806415e-02	-6.422126e+00
4.399000e-05	-1.813093e-02	-6.429580e+00
4.400000e-05	-1.162970e-02	-6.411001e+00
4.401000e-05	-2.394715e-02	-6.400053e+00
4.402000e-05	-2.895994e-02	-6.399529e+00
4.403000e-05	-2.135771e-02	-6.409501e+00
4.404000e-05	-1.260882e-02	-6.388999e+00
4.405000e-05	-2.276634e-02	-6.338997e+00
4.406000e-05	-2.974672e-02	-6.328291e+00
4.407000e-05	-2.063022e-02	-6.327743e+00
4.408000e-05	-1.202411e-02	-6.274215e+00
4.409000e-05	-2.097965e-02	-6.252658e+00
4.410000e-05	-2.847544e-02	-6.210023e+00
4.411000e-05	-2.144065e-02	-6.147342e+00
4.412000e-05	-1.316829e-02	-6.095788e+00
4.413000e-05	-2.065349e-02	-6.062155e+00
4.414000e-05	-2.594172e-02	-6.010578e+00
4.415000e-05	-1.913154e-02	-5.978975e+00
4.416000e-05	-1.259525e-02	-5.979447e+00
4.417000e-05	-1.732646e-02	-5.935795e+00
4.418000e-05	-2.338422e-02	-5.903665e+00
4.419000e-05	-1.702609e-02	-5.841554e+00
4.420000e-05	-1.152169e-02	-5.819024e+00
4.421000e-05	-1.656848e-02	-5.707816e+00
4.422000e-05	-2.019624e-02	-5.694737e+00
4.423000e-05	-1.713816e-02	-5.620100e+00
4.424000e-05	-1.036402e-02	-5.579451e+00
4.425000e-05	-1.524852e-02	-5.576165e+00
4.426000e-05	-1.719578e-02	-5.402628e+00
4.427000e-05	-1.461737e-02	-5.328243e+00
4.428000e-05	-8.965719e-03	-5.272054e+00
4.429000e-05	-1.184636e-02	-5.218950e+00
4.430000e-05	-1.588430e-02	-5.083714e+00
4.431000e-05	-1.367132e-02	-5.061603e+00
4.432000e-05	-8.674063e-03	-4.978872e+00
4.433000e-05	-1.110216e-02	-4.874029e+00
4.434000e-05	-1.490033e-02	-4.714766e+00
4.435000e-05	-1.167247e-02	-4.664128e+00
4.436000e-05	-8.505938e-03	-4.617424e+00
4.437000e-05	-9.368304e-03	-4.517219e+00
4.438000e-05	-1.312837e-02	-4.451580e+00
4.439000e-05	-9.897833e-03	-4.378921e+00
4.440000e-05	-6.608841e-03	-4.334241e+00
4.441000e-05	-8.822643e-03	-4.231632e+00
4.442000e-05	-1.170702e-02	-4.177369e+00
4.443000e-05	-1.074033e-02	-4.053628e+00
4.444000e-05	-7.294299e-03	-4.009975e+00
4.445000e-05	-8.094573e-03	-3.893788e+00
4.446000e-05	-1.008713e-02	-3.730420e+00
4.447000e-05	-8.205582e-03	-3.642557e+00
4.448000e-05	-5.016411e-03	-3.588420e+00
4.449000e-05	-6.471582e-03	-3.473685e+00
4.450000e-05	-1.024878e-02	-3.368422e+00
4.451000e-05	-6.634878e-03	-3.274683e+00
4.452000e-05	-7.970244e-03	-3.220449e+00
4.453000e-05	-6.217566e-03	-3.086633e+00
4.454000e-05	-9.436336e-03	-2.915869e+00
4.455000e-05	-7.062926e-03	-2.851025e+00
4.456000e-05	-6.844256e-03	-2.727267e+00
4.457000e-05	-4.100773e-03	-2.712579e+00
4.458000e-05	-6.407188e-03	-2.495313e+00
4.459000e-05	-5.761945e-03	-2.431525e+00
4.460000e-05	-7.218396e-03	-2.348321e+00
4.461000e-05	-6.609993e-03	-2.211899e+00
4.462000e-05	-7.017704e-03	-2.072658e+00
4.463000e-05	-6.001277e-03	-1.957369e+00
4.464000e-05	-4.950407e-03	-1.843160e+00
4.465000e-05	-3.514301e-03	-1.787820e+00
4.466000e-05	-4.711207e-03	-1.632580e+00
4.467000e-05	-3.693211e-03	-1.537767e+00
4.468000e-05	-6.328557e-03	-1.392422e+00
4.469000e-05	-6.399847e-03	-1.252083e+00
4.470000e-05	-6.011784e-03	-1.135810e+00
4.471000e-05	-4.059617e-03	-1.040474e+00
4.472000e-05	-3.258370e-03	-8.951856e-01
4.473000e-05	-4.524642e-03	-7.989998e-01
4.474000e-05	-4.447264e-03	-6.951616e-01
4.475000e-05	-5.844261e-03	-5.048118e-01
4.476000e-05	-3.019866e-03	-4.394474e-01
4.477000e-05	-5.109786e-03	-3.156870e-01
4.478000e-05	-3.122620e-03	-1.898963e-01
4.479000e-05	-3.412975e-03	-7.370664e-02
4.480000e-05	9.703642e-04	2.150514e-02
4.481000e-05	1.916494e-04	1.178146e-01
4.482000e-05	-1.137543e-03	2.732655e-01
4.483000e-05	-2.467497e-03	3.789737e-01
4.484000e-05	-1.080052e-03	4.642080e-01
4.485000e-05	-1.419629e-03	5.579499e-01
4.486000e-05	-2.457961e-03	6.762381e-01
4.487000e-05	4.496456e-03	7.890239e-01
4.488000e-05	3.624901e-02	9.052957e-01
4.489000e-05	2.726444e-02	1.062816e+00
4.490000e-05	-1.880201e-02	1.264265e+00
4.491000e-05	-8.313983e-02	1.399974e+00
4.492000e-05	-3.747539e-02	1.443083e+00
4.493000e-05	8.661596e-02	1.579022e+00
4.494000e-05	1.896872e-02	1.725871e+00
4.495000e-05	-1.132783e-01	1.819603e+00
4.496000e-05	7.796299e-02	1.915314e+00
4.497000e-05	3.746467e-02	2.050006e+00
4.498000e-05	-2.034777e-02	2.085268e+00
4.499000e-05	1.097704e-02	2.178100e+00
4.500000e-05	-4.337844e-02	2.305290e+00
4.501000e-05	-2.818713e-02	2.390104e+00
4.502000e-05	7.358912e-02	2.474438e+00
4.503000e-05	3.008254e-02	2.660757e+00
4.504000e-05	-7.900491e-02	2.780501e+00
4.505000e-05	9.461728e-03	2.863682e+00
4.506000e-05	4.476156e-02	2.967021e+00
4.507000e-05	4.512953e-03	3.062733e+00
4.508000e-05	-4.458008e-02	3.167951e+00
4.509000e-05	-1.249491e-02	3.251660e+00
4.510000e-05	5.301230e-02	3.337494e+00
4.511000e-05	4.782257e-02	3.483289e+00
4.512000e-05	-7.684137e-02	3.591054e+00
4.513000e-05	-8.902187e-03	3.664237e+00
4.514000e-05	6.161358e-02	3.737946e+00
4.515000e-05	-1.282331e-02	3.902187e+00
4.516000e-05	-2.133248e-02	3.967870e+00
4.517000e-05	7.136234e-03	4.060579e+00
4.518000e-05	3.052080e-02	4.065892e+00
4.519000e-05	-1.756336e-03	4.241633e+00
4.520000e-05	-5.110337e-03	4.358997e+00
4.521000e-05	-1.453055e-02	4.409605e+00
4.522000e-05	2.253994e-02	4.504364e+00
4.523000e-05	1.600212e-02	4.578502e+00
4.524000e-05	-1.185750e-02	4.653262e+00
4.525000e-05	-3.230902e-03	4.725847e+00
4.526000e-05	1.888647e-02	4.789578e+00
4.527000e-05	1.128633e-02	4.883866e+00
4.528000e-05	-1.469877e-02	5.018630e+00
4.529000e-05	7.027332e-03	5.105290e+00
4.530000e-05	1.356459e-02	5.208995e+00
4.531000e-05	1.623626e-02	5.271741e+00
4.532000e-05	-6.175055e-03	5.365990e+00
4.533000e-05	-2.230397e-03	5.390549e+00
4.534000e-05	1.452990e-02	5.411180e+00
4.535000e-05	1.093896e-02	5.493887e+00
4.536000e-05	-2.646826e-03	5.538424e+00
4.537000e-05	-2.417009e-03	5.579554e+00
4.538000e-05	2.146409e-02	5.661679e+00
4.539000e-05	9.849188e-03	5.685242e+00
4.540000e-05	-1.545952e-03	5.766547e+00
4.541000e-05	-1.113049e-03	5.832683e+00
4.542000e-05	1.794257e-02	5.934291e+00
4.543000e-05	1.319950e-02	5.998447e+00
4.544000e-05	-9.345292e-04	5.999975e+00
4.545000e-05	3.168303e-03	6.010080e+00
4.546000e-05	1.496751e-02	6.041153e+00
4.547000e-05	1.610916e-02	6.074737e+00
4.548000e-05	-2.142013e-03	6.135788e+00
4.549000e-05	5.573909e-03	6.146395e+00
4.550000e-05	1.545940e-02	6.159395e+00
4.551000e-05	1.668794e-02	6.190050e+00
4.552000e-05	2.948065e-03	6.202102e+00
4.553000e-05	4.735864e-03	6.261554e+00
4.554000e-05	1.632705e-02	6.242704e+00
4.555000e-05	1.526981e-02	6.243634e+00
4.556000e-05	6.737518e-03	6.285261e+00
4.557000e-05	5.489636e-03	6.295290e+00
4.558000e-05	1.804968e-02	6.344844e+00
4.559000e-05	1.735359e-02	6.316742e+00
4.560000e-05	9.865916e-03	6.355894e+00
4.561000e-05	8.301457e-03	6.315342e+00
4.562000e-05	1.669146e-02	6.325340e+00
4.563000e-05	1.844662e-02	6.317866e+00
4.564000e-05	1.051321e-02	6.357840e+00
4.565000e-05	1.014997e-02	6.347291e+00
4.566000e-05	1.618975e-02	6.314388e+00
4.567000e-05	1.985505e-02	6.305791e+00
4.568000e-05	1.096532e-02	6.303759e+00
4.569000e-05	1.255541e-02	6.265183e+00
4.570000e-05	1.703563e-02	6.263162e+00
4.571000e-05	1.944694e-02	6.233104e+00
4.572000e-05	1.380449e-02	6.249600e+00
4.573000e-05	1.089779e-02	6.199499e+00
4.574000e-05	1.627019e-02	6.159424e+00
4.575000e-05	1.659070e-02	6.177394e+00
4.576000e-05	1.298285e-02	6.115238e+00
4.577000e-05	1.052978e-02	6.093629e+00
4.578000e-05	1.462314e-02	6.071104e+00
4.579000e-05	1.581141e-02	6.020601e+00
4.580000e-05	1.238835e-02	6.020476e+00
4.581000e-05	9.058442e-03	5.999471e+00
4.582000e-05	1.241066e-02	5.956914e+00
4.583000e-05	1.386466e-02	5.892230e+00
4.584000e-05	9.023645e-03	5.798944e+00
4.585000e-05	8.405859e-03	5.715312e+00
4.586000e-05	9.517092e-03	5.663103e+00
4.587000e-05	1.258686e-02	5.620051e+00
4.588000e-05	7.257202e-03	5.578472e+00
4.589000e-05	6.309280e-03	5.485863e+00
4.590000e-05	7.391545e-03	5.462630e+00
4.591000e-05	1.168188e-02	5.421497e+00
4.592000e-05	6.258618e-03	5.348866e+00
4.593000e-05	5.976385e-03	5.274232e+00
4.594000e-05	5.654896e-03	5.229550e+00
4.595000e-05	8.005397e-03	5.105166e+00
4.596000e-05	4.440581e-03	5.031025e+00
4.597000e-05	3.528344e-03	4.874254e+00
4.598000e-05	3.923442e-03	4.851629e+00
4.599000e-05	7.216442e-03	4.768391e+00
4.600000e-05	4.627390e-03	4.665708e+00
4.601000e-05	4.342128e-03	4.620999e+00
4.602000e-05	3.001401e-03	4.546839e+00
4.603000e-05	5.022163e-03	4.453155e+00
4.604000e-05	2.687313e-03	4.430496e+00
4.605000e-05	2.366804e-04	4.347337e+00
4.606000e-05	2.523020e-03	4.200504e+00
4.607000e-05	3.142747e-03	4.085261e+00
4.608000e-05	3.145678e-03	3.980524e+00
4.609000e-05	8.060221e-04	3.936314e+00
4.610000e-05	2.493649e-03	3.822078e+00
4.611000e-05	2.612345e-03	3.726865e+00
4.612000e-05	2.105341e-03	3.644103e+00
4.613000e-05	-1.437412e-03	3.576967e+00
4.614000e-05	1.328051e-03	3.515713e+00
4.615000e-05	5.122287e-04	3.319366e+00
4.616000e-05	-1.179341e-04	3.241053e+00
4.617000e-05	-1.485053e-03	3.126866e+00
4.618000e-05	1.240585e-05	3.093578e+00
4.619000e-05	8.329043e-04	2.965920e+00
4.620000e-05	-1.269586e-04	2.854629e+00
4.621000e-05	-4.444255e-04	2.816943e+00
4.622000e-05	-1.676487e-04	2.672705e+00
4.623000e-05	5.583086e-05	2.485786e+00
4.624000e-05	-1.978821e-03	2.430090e+00
4.625000e-05	-1.773186e-03	2.293287e+00
4.626000e-05	-2.855304e-03	2.188449e+00
4.627000e-05	-1.403327e-03	2.104234e+00
4.628000e-05	-1.959961e-03	1.991397e+00
4.629000e-05	-1.932907e-03	1.894234e+00
4.630000e-05	-1.104807e-03	1.787415e+00
4.631000e-05	-1.906999e-03	1.653586e+00
4.632000e-05	-2.438924e-03	1.555861e+00
4.633000e-05	-2.282726e-03	1.439972e+00
4.634000e-05	-3.323440e-03	1.302711e+00
4.635000e-05	-3.321081e-03	1.198942e+00
4.636000e-05	-3.554307e-03	9.919960e-01
4.637000e-05	-2.874324e-03	8.626841e-01
4.638000e-05	-3.159592e-03	7.993684e-01
4.639000e-05	-4.209905e-03	6.821003e-01
4.640000e-05	-2.577453e-03	5.762647e-01
4.641000e-05	-2.901321e-03	4.625750e-01
4.642000e-05	-3.595406e-03	3.362132e-01
4.643000e-05	-3.798017e-03	2.299711e-01
4.644000e-05	-3.374936e-03	4.317913e-02
4.645000e-05	-3.673189e-03	-6.120902e-02
4.646000e-05	-2.084314e-03	-1.483998e-01
4.647000e-05	-1.031801e-03	-2.326605e-01
4.648000e-05	-1.461939e-03	-3.379687e-01
4.649000e-05	-3.177095e-03	-4.326805e-01
4.650000e-05	-2.493890e-03	-5.695024e-01
4.651000e-05	-3.197931e-03	-7.042448e-01
4.652000e-05	-2.759926e-03	-7.890514e-01
4.653000e-05	1.496554e-02	-8.653669e-01
4.654000e-05	4.956816e-02	-9.910091e-01
4.655000e-05	-1.728874e-02	-1.228104e+00
4.656000e-05	-5.269679e-02	-1.433611e+00
4.657000e-05	-9.818499e-02	-1.568426e+00
4.658000e-05	8.651232e-02	-1.578470e+00
4.659000e-05	5.106042e-02	-1.650181e+00
4.660000e-05	-1.126362e-01	-1.810105e+00
4.661000e-05	4.901341e-02	-1.915366e+00
4.662000e-05	5.338180e-02	-1.937420e+00
4.663000e-05	-3.333916e-02	-2.113868e+00
4.664000e-05	-1.364731e-02	-2.324292e+00
4.665000e-05	2.432839e-03	-2.367399e+00
4.666000e-05	-8.781263e-02	-2.442612e+00
4.667000e-05	3.437399e-02	-2.568975e+00
4.668000e-05	9.293078e-02	-2.662229e+00
4.669000e-05	-9.539582e-02	-2.756921e+00
4.670000e-05	-4.437086e-02	-2.831708e+00
4.671000e-05	9.064357e-02	-2.907554e+00
4.672000e-05	-3.384926e-02	-3.146371e+00
4.673000e-05	-4.322619e-02	-3.201025e+00
4.674000e-05	-2.467541e-02	-3.262738e+00
4.675000e-05	2.079977e-02	-3.431057e+00
4.676000e-05	7.417543e-02	-3.507795e+00
4.677000e-05	-9.313170e-02	-3.559021e+00
4.678000e-05	-5.191474e-02	-3.693792e+00
4.679000e-05	8.514155e-02	-3.791481e+00
4.680000e-05	-2.150682e-02	-3.955894e+00
4.681000e-05	-5.704294e-02	-3.959504e+00
4.682000e-05	1.182152e-02	-4.093763e+00
4.683000e-05	1.248306e-02	-4.189975e+00
4.684000e-05	1.019310e-02	-4.294193e+00
4.685000e-05	-4.630923e-02	-4.315394e+00
4.686000e-05	-3.132206e-02	-4.420528e+00
4.687000e-05	3.897487e-02	-4.492714e+00
4.688000e-05	-1.568115e-02	-4.602129e+00
4.689000e-05	-1.898295e-02	-4.682113e+00
4.690000e-05	-1.797202e-02	-4.727921e+00
4.691000e-05	6.135379e-03	-4.832251e+00
4.692000e-05	6.786022e-03	-4.927797e+00
4.693000e-05	-4.353813e-02	-5.008504e+00
4.694000e-05	-8.929990e-03	-5.085161e+00
4.695000e-05	6.920740e-03	-5.125821e+00
4.696000e-05	-4.393487e-03	-5.191005e+00
4.697000e-05	-1.763622e-02	-5.273813e+00
4.698000e-05	-3.040024e-02	-5.379476e+00
4.699000e-05	5.134893e-03	-5.485313e+00
4.700000e-05	4.881105e-03	-5.555947e+00
4.701000e-05	-3.349824e-02	-5.610576e+00
4.702000e-05	-1.430175e-02	-5.662134e+00
4.703000e-05	-1.044653e-04	-5.715318e+00
4.704000e-05	7.625359e-04	-5.779420e+00
4.705000e-05	-2.384043e-02	-5.820078e+00
4.706000e-05	-3.052583e-02	-5.882163e+00
4.707000e-05	7.126649e-03	-5.897363e+00
4.708000e-05	-7.859109e-03	-5.917920e+00
4.709000e-05	-2.194187e-02	-5.969499e+00
4.710000e-05	-2.287115e-02	-6.009529e+00
4.711000e-05	-3.930700e-03	-6.031109e+00
4.712000e-05	2.803125e-04	-6.075237e+00
4.713000e-05	-2.879183e-02	-6.166343e+00
4.714000e-05	-2.142244e-02	-6.118976e+00
4.715000e-05	-6.393119e-03	-6.219526e+00
4.716000e-05	-6.561774e-03	-6.253189e+00
4.717000e-05	-2.373880e-02	-6.265793e+00
4.718000e-05	-2.656842e-02	-6.326889e+00
4.719000e-05	-8.094735e-03	-6.336372e+00
4.720000e-05	-7.735284e-03	-6.357874e+00
4.721000e-05	-2.381412e-02	-6.409424e+00
4.722000e-05	-2.442463e-02	-6.389450e+00
4.723000e-05	-1.211585e-02	-6.430551e+00
4.724000e-05	-8.418092e-03	-6.420551e+00
4.725000e-05	-2.468082e-02	-6.421050e+00
4.726000e-05	-2.866450e-02	-6.430525e+00
4.727000e-05	-1.376689e-02	-6.411075e+00
4.728000e-05	-1.462697e-02	-6.441553e+00
4.729000e-05	-2.335163e-02	-6.420580e+00
4.730000e-05	-2.770146e-02	-6.412055e+00
4.731000e-05	-1.638433e-02	-6.420003e+00
4.732000e-05	-1.322089e-02	-6.411051e+00
4.733000e-05	-2.562627e-02	-6.389553e+00
4.734000e-05	-2.685587e-02	-6.398999e+00
4.735000e-05	-1.976103e-02	-6.389528e+00
4.736000e-05	-1.456530e-02	-6.359896e+00
4.737000e-05	-2.539531e-02	-6.367919e+00
4.738000e-05	-2.730345e-02	-6.356375e+00
4.739000e-05	-1.923751e-02	-6.305763e+00
4.740000e-05	-1.519583e-02	-6.266632e+00
4.741000e-05	-2.319456e-02	-6.213056e+00
4.742000e-05	-2.617598e-02	-6.188921e+00
4.743000e-05	-1.771672e-02	-6.138341e+00
4.744000e-05	-1.454440e-02	-6.084719e+00
4.745000e-05	-2.195475e-02	-6.081658e+00
4.746000e-05	-2.497197e-02	-6.031551e+00
4.747000e-05	-1.797226e-02	-6.010450e+00
4.748000e-05	-1.399688e-02	-5.987792e+00
4.749000e-05	-1.947740e-02	-5.965317e+00
4.750000e-05	-2.165522e-02	-5.895255e+00
4.751000e-05	-1.520568e-02	-5.841628e+00
4.752000e-05	-1.208802e-02	-5.747899e+00
4.753000e-05	-1.724170e-02	-5.696792e+00
4.754000e-05	-1.923081e-02	-5.673709e+00
4.755000e-05	-1.411282e-02	-5.622526e+00
4.756000e-05	-1.171212e-02	-5.568470e+00
4.757000e-05	-1.613345e-02	-5.517341e+00
4.758000e-05	-1.833538e-02	-5.372580e+00
4.759000e-05	-1.311963e-02	-5.316317e+00
4.760000e-05	-9.668222e-03	-5.262609e+00
4.761000e-05	-1.313372e-02	-5.216846e+00
4.762000e-05	-1.542623e-02	-5.105711e+00
4.763000e-05	-1.156630e-02	-5.040550e+00
4.764000e-05	-8.966620e-03	-4.937892e+00
4.765000e-05	-1.133544e-02	-4.873059e+00
4.766000e-05	-1.494432e-02	-4.696835e+00
4.767000e-05	-1.168427e-02	-4.632054e+00
4.768000e-05	-7.917519e-03	-4.579425e+00
4.769000e-05	-1.018155e-02	-4.532737e+00
4.770000e-05	-1.247212e-02	-4.432078e+00
4.771000e-05	-1.024876e-02	-4.379345e+00
4.772000e-05	-6.685929e-03	-4.284814e+00
4.773000e-05	-7.745152e-03	-4.241624e+00
4.774000e-05	-1.087945e-02	-4.097292e+00
4.775000e-05	-9.522142e-03	-4.043678e+00
4.776000e-05	-7.353130e-03	-3.988447e+00
4.777000e-05	-7.381065e-03	-3.863657e+00
4.778000e-05	-1.031827e-02	-3.763791e+00
4.779000e-05	-9.385377e-03	-3.642500e+00
4.780000e-05	-6.670538e-03	-3.558869e+00
4.781000e-05	-6.694450e-03	-3.472607e+00
4.782000e-05	-8.451472e-03	-3.377821e+00
4.783000e-05	-7.069434e-03	-3.254137e+00
4.784000e-05	-6.563598e-03	-3.189446e+00
4.785000e-05	-5.718063e-03	-3.054709e+00
4.786000e-05	-8.977768e-03	-2.916789e+00
4.787000e-05	-7.467854e-03	-2.811000e+00
4.788000e-05	-7.479487e-03	-2.717314e+00
4.789000e-05	-4.853709e-03	-2.621527e+00
4.790000e-05	-7.068655e-03	-2.495312e+00
4.791000e-05	-6.712418e-03	-2.440524e+00
4.792000e-05	-6.527009e-03	-2.335264e+00
4.793000e-05	-5.141434e-03	-2.189350e+00
4.794000e-05	-6.968818e-03	-2.032101e+00
4.795000e-05	-5.648198e-03	-1.907917e+00
4.796000e-05	-6.741052e-03	-1.851629e+00
4.797000e-05	-3.015212e-03	-1.746843e+00
4.798000e-05	-5.654373e-03	-1.642100e+00
4.799000e-05	-5.098097e-03	-1.526865e+00
4.800000e-05	-6.353241e-03	-1.389873e+00
4.801000e-05	-5.198161e-03	-1.252150e+00
4.802000e-05	-5.872682e-03	-1.064762e+00
4.803000e-05	-5.107085e-03	-9.700473e-01
4.804000e-05	-4.218409e-03	-8.931855e-01
4.805000e-05	-3.621933e-03	-8.178724e-01
4.806000e-05	-3.787765e-03	-6.140304e-01
4.807000e-05	-4.274034e-03	-5.157605e-01
4.808000e-05	-4.568648e-03	-4.109987e-01
4.809000e-05	-6.064313e-03	-2.836593e-01
4.810000e-05	-3.063455e-03	-1.978450e-01
4.811000e-05	-1.871000e-03	-5.365659e-02
4.812000e-05	9.045561e-04	3.207907e-02
4.813000e-05	-1.464456e-03	1.659207e-01
4.814000e-05	1.855101e-03	2.862655e-01
4.815000e-05	-1.521568e-03	3.690251e-01
4.816000e-05	-1.018595e-03	5.037644e-01
4.817000e-05	-3.950233e-03	5.690476e-01
4.818000e-05	-1.659192e-04	6.837906e-01
4.819000e-05	8.298763e-03	8.099751e-01
4.820000e-05	3.792424e-02	9.354171e-01
4.821000e-05	1.732724e-02	1.144842e+00
4.822000e-05	-2.222602e-02	1.275214e+00
4.823000e-05	-8.970476e-02	1.398475e+00
4.824000e-05	-1.162158e-02	1.424158e+00
4.825000e-05	8.057785e-02	1.639176e+00
4.826000e-05	3.322652e-03	1.747771e+00
4.827000e-05	-1.022799e-01	1.811029e+00
4.828000e-05	8.623196e-02	1.905891e+00
4.829000e-05	3.225518e-02	2.042128e+00
4.830000e-05	-3.437392e-02	2.116391e+00
4.831000e-05	2.452432e-02	2.200578e+00
4.832000e-05	-5.702170e-02	2.347395e+00
4.833000e-05	-1.581742e-02	2.390554e+00
4.834000e-05	8.527123e-02	2.503838e+00
4.835000e-05	1.081529e-02	2.673143e+00
4.836000e-05	-7.805294e-02	2.809501e+00
4.837000e-05	2.419641e-02	2.894263e+00
4.838000e-05	3.769400e-02	3.009000e+00
4.839000e-05	2.027190e-04	3.072261e+00
4.840000e-05	-4.702490e-02	3.168973e+00
4.841000e-05	-6.539900e-03	3.262135e+00
4.842000e-05	6.441663e-02	3.369049e+00
4.843000e-05	2.792103e-02	3.485739e+00
4.844000e-05	-7.289195e-02	3.611605e+00
4.845000e-05	2.884297e-03	3.704212e+00
4.846000e-05	5.904648e-02	3.768519e+00
4.847000e-05	-2.382349e-02	3.884758e+00
4.848000e-05	-1.316975e-02	3.976897e+00
4.849000e-05	8.240481e-03	4.053154e+00
4.850000e-05	2.797589e-02	4.115445e+00
4.851000e-05	-2.730043e-03	4.283204e+00
4.852000e-05	-6.862544e-03	4.377920e+00
4.853000e-05	-9.229912e-03	4.472607e+00
4.854000e-05	2.026894e-02	4.486319e+00
4.855000e-05	1.490867e-02	4.589579e+00
4.856000e-05	-1.540948e-02	4.694789e+00
4.857000e-05	2.524328e-03	4.776924e+00
4.858000e-05	1.512728e-02	4.790049e+00
4.859000e-05	9.972347e-03	4.935787e+00
4.860000e-05	-1.380079e-02	5.001103e+00
4.861000e-05	9.791362e-03	5.135895e+00
4.862000e-05	1.230982e-02	5.212055e+00
4.863000e-05	1.132808e-02	5.303709e+00
4.864000e-05	-3.672593e-03	5.335417e+00
4.865000e-05	-7.229815e-04	5.369478e+00
4.866000e-05	1.727724e-02	5.453682e+00
4.867000e-05	6.655789e-03	5.514839e+00
4.868000e-05	-8.665923e-04	5.578946e+00
4.869000e-05	4.199809e-04	5.601551e+00
4.870000e-05	2.045159e-02	5.652580e+00
4.871000e-05	7.163633e-03	5.726313e+00
4.872000e-05	-2.213640e-03	5.788547e+00
4.873000e-05	2.895790e-03	5.813232e+00
4.874000e-05	1.680928e-02	5.937341e+00
4.875000e-05	1.129638e-02	5.958899e+00
4.876000e-05	-2.066806e-03	6.010001e+00
4.877000e-05	6.323470e-03	6.020079e+00
4.878000e-05	1.569832e-02	6.043708e+00
4.879000e-05	1.352559e-02	6.063284e+00
4.880000e-05	-3.332913e-03	6.146915e+00
4.881000e-05	7.348621e-03	6.147893e+00
4.882000e-05	1.687273e-02	6.179470e+00
4.883000e-05	1.557447e-02	6.179548e+00
4.884000e-05	2.458231e-03	6.201024e+00
4.885000e-05	7.269901e-03	6.242632e+00
4.886000e-05	1.844165e-02	6.233631e+00
4.887000e-05	1.325040e-02	6.282733e+00
4.888000e-05	6.029298e-03	6.303711e+00
4.889000e-05	6.986096e-03	6.265715e+00
4.890000e-05	1.980831e-02	6.315337e+00
4.891000e-05	1.556649e-02	6.314916e+00
4.892000e-05	7.529482e-03	6.356341e+00
4.893000e-05	9.318271e-03	6.307365e+00
4.894000e-05	1.920185e-02	6.327339e+00
4.895000e-05	1.770252e-02	6.317863e+00
4.896000e-05	9.327647e-03	6.356792e+00
4.897000e-05	1.206296e-02	6.305366e+00
4.898000e-05	1.800280e-02	6.346264e+00
4.899000e-05	1.866077e-02	6.265264e+00
4.900000e-05	1.050062e-02	6.274709e+00
4.901000e-05	1.186829e-02	6.272806e+00
4.902000e-05	1.895255e-02	6.302554e+00
4.903000e-05	1.951062e-02	6.231576e+00
4.904000e-05	1.216599e-02	6.240100e+00
4.905000e-05	1.140339e-02	6.199499e+00
4.906000e-05	1.800807e-02	6.218920e+00
4.907000e-05	1.715667e-02	6.136413e+00
4.908000e-05	1.139880e-02	6.135788e+00
4.909000e-05	9.770381e-03	6.062734e+00
4.910000e-05	1.612403e-02	6.043129e+00
4.911000e-05	1.569745e-02	6.021575e+00
4.912000e-05	1.107678e-02	5.999950e+00
4.913000e-05	9.077256e-03	5.968420e+00
4.914000e-05	1.351129e-02	5.917291e+00
4.915000e-05	1.516457e-02	5.844203e+00
4.916000e-05	8.623312e-03	5.768470e+00
4.917000e-05	7.526811e-03	5.694785e+00
4.918000e-05	1.142371e-02	5.703078e+00
4.919000e-05	1.261675e-02	5.620525e+00
4.920000e-05	7.298062e-03	5.588471e+00
4.921000e-05	4.933481e-03	5.496763e+00
4.922000e-05	8.253316e-03	5.433081e+00
4.923000e-05	1.114903e-02	5.409975e+00
4.924000e-05	6.223035e-03	5.347895e+00
4.925000e-05	5.386039e-03	5.292759e+00
4.926000e-05	7.524682e-03	5.208971e+00
4.927000e-05	8.771552e-03	5.125312e+00
4.928000e-05	4.308567e-03	5.000623e+00
4.929000e-05	2.062869e-03	4.894236e+00
4.930000e-05	3.209000e-03	4.841076e+00
4.931000e-05	6.901812e-03	4.757395e+00
4.932000e-05	3.303053e-03	4.664681e+00
4.933000e-05	2.784734e-03	4.619445e+00
4.934000e-05	4.855319e-03	4.515939e+00
4.935000e-05	5.824187e-03	4.452603e+00
4.936000e-05	1.921880e-03	4.410023e+00
4.937000e-05	1.212798e-03	4.316311e+00
4.938000e-05	2.291523e-03	4.240027e+00
4.939000e-05	3.233144e-03	4.073755e+00
4.940000e-05	1.293000e-03	3.998995e+00
4.941000e-05	6.980946e-04	3.926234e+00
4.942000e-05	2.668916e-03	3.842100e+00
4.943000e-05	2.777116e-03	3.716816e+00
4.944000e-05	1.381164e-03	3.662504e+00
4.945000e-05	-2.795188e-04	3.587839e+00
4.946000e-05	1.550796e-03	3.513583e+00
4.947000e-05	2.011106e-03	3.358386e+00
4.948000e-05	-1.932014e-04	3.260551e+00
4.949000e-05	-1.680829e-03	3.115313e+00
4.950000e-05	-2.505112e-04	3.053024e+00
4.951000e-05	1.158484e-04	2.937339e+00
4.952000e-05	-3.607140e-04	2.833604e+00
4.953000e-05	-9.985173e-04	2.778391e+00
4.954000e-05	-8.115775e-04	2.615076e+00
4.955000e-05	2.480139e-04	2.495733e+00
4.956000e-05	-1.023601e-03	2.420971e+00
4.957000e-05	-1.685086e-03	2.264630e+00
4.958000e-05	-1.737997e-03	2.189396e+00
4.959000e-05	-1.191994e-03	2.063658e+00
4.960000e-05	-1.408015e-03	2.000972e+00
4.961000e-05	-2.617805e-03	1.905779e+00
4.962000e-05	-2.797002e-03	1.766443e+00
4.963000e-05	-5.444930e-04	1.672153e+00
4.964000e-05	-1.586069e-03	1.544262e+00
4.965000e-05	-2.652493e-03	1.419899e+00
4.966000e-05	-2.617627e-03	1.273303e+00
4.967000e-05	-2.566578e-03	1.188266e+00
4.968000e-05	-3.237330e-03	9.789687e-01
4.969000e-05	-3.048887e-03	8.731775e-01
4.970000e-05	-2.814482e-03	7.483120e-01
4.971000e-05	-3.467706e-03	6.520975e-01
4.972000e-05	-3.862904e-03	5.347857e-01
4.973000e-05	-4.064413e-03	4.220474e-01
4.974000e-05	-2.996512e-03	3.467805e-01
4.975000e-05	-3.743419e-03	1.988919e-01
4.976000e-05	-3.894685e-03	5.255157e-02
4.977000e-05	-1.926131e-03	-7.318546e-02
4.978000e-05	-6.564149e-05	-1.270025e-01
4.979000e-05	-1.853988e-03	-2.632106e-01
4.980000e-05	-3.678598e-03	-3.584501e-01
4.981000e-05	-4.448499e-03	-4.732042e-01
4.982000e-05	-2.694451e-03	-5.894774e-01
4.983000e-05	-3.928341e-03	-7.168473e-01
4.984000e-05	-2.991927e-03	-8.211315e-01
4.985000e-05	2.216790e-02	-8.938158e-01
4.986000e-05	4.634229e-02	-1.041083e+00
4.987000e-05	-2.197723e-02	-1.239663e+00
4.988000e-05	-6.890025e-02	-1.463766e+00
4.989000e-05	-7.209997e-02	-1.570452e+00
4.990000e-05	8.828093e-02	-1.569976e+00
4.991000e-05	4.085337e-02	-1.642133e+00
4.992000e-05	-1.323445e-01	-1.831133e+00
4.993000e-05	7.416186e-02	-1.884688e+00
4.994000e-05	4.281708e-02	-1.915921e+00
4.995000e-05	-4.838217e-02	-2.125848e+00
4.996000e-05	9.095288e-03	-2.296721e+00
4.997000e-05	-1.532531e-02	-2.357449e+00
4.998000e-05	-8.823842e-02	-2.472187e+00
4.999000e-05	6.219935e-02	-2.557950e+00
