# 260928_11:24:36.468932
t	CH1	CH2
0.000000e+00	3.252375e-06	-1.905437e-01
1.000000e-08	1.180661e-03	-2.763831e-01
2.000000e-08	-2.180103e-03	-3.990225e-01
3.000000e-08	-4.704707e-03	-4.641828e-01
4.000000e-08	-4.276328e-03	-5.911451e-01
5.000000e-08	-3.519642e-03	-7.374421e-01
6.000000e-08	-7.901362e-05	-8.026265e-01
7.000000e-08	2.074712e-02	-9.148870e-01
8.000000e-08	4.614321e-02	-1.044104e+00
9.000000e-08	-2.572047e-02	-1.226254e+00
1.000000e-07	-6.653809e-02	-1.498338e+00
1.100000e-07	-8.266883e-02	-1.569449e+00
1.200000e-07	1.024813e-01	-1.599846e+00
1.300000e-07	3.440219e-02	-1.664104e+00
1.400000e-07	-1.004456e-01	-1.855180e+00
1.500000e-07	4.098522e-02	-1.886340e+00
1.600000e-07	6.530552e-02	-1.928415e+00
1.700000e-07	-4.122024e-02	-2.151420e+00
1.800000e-07	-2.764392e-02	-2.337891e+00
1.900000e-07	1.286692e-02	-2.380022e+00
2.000000e-07	-8.179386e-02	-2.474784e+00
2.100000e-07	3.491441e-02	-2.609976e+00
2.200000e-07	9.714242e-02	-2.622731e+00
2.300000e-07	-1.099236e-01	-2.771044e+00
2.400000e-07	-4.573048e-02	-2.841258e+00
2.500000e-07	1.051211e-01	-2.962091e+00
2.600000e-07	-3.985832e-02	-3.169444e+00
2.700000e-07	-6.069469e-02	-3.220578e+00
2.800000e-07	-1.178078e-02	-3.315337e+00
2.900000e-07	3.770436e-02	-3.463709e+00
3.000000e-07	5.340743e-02	-3.528892e+00
3.100000e-07	-9.094786e-02	-3.589499e+00
3.200000e-07	-4.512445e-02	-3.675782e+00
3.300000e-07	9.103721e-02	-3.833205e+00
3.400000e-07	-2.855823e-02	-3.989397e+00
3.500000e-07	-6.324985e-02	-4.022028e+00
3.600000e-07	2.329867e-02	-4.105737e+00
3.700000e-07	6.991282e-03	-4.232003e+00
3.800000e-07	7.860227e-03	-4.287340e+00
3.900000e-07	-4.622046e-02	-4.347896e+00
4.000000e-07	-2.997810e-02	-4.431032e+00
4.100000e-07	4.427028e-02	-4.505807e+00
4.200000e-07	-1.780913e-02	-4.591051e+00
4.300000e-07	-2.706046e-02	-4.695263e+00
4.400000e-07	-1.159986e-02	-4.756886e+00
4.500000e-07	5.096799e-03	-4.845205e+00
4.600000e-07	5.592845e-03	-4.917941e+00
4.700000e-07	-4.523737e-02	-5.021550e+00
4.800000e-07	-1.098527e-02	-5.073759e+00
4.900000e-07	1.571316e-02	-5.189371e+00
5.000000e-07	-1.148785e-02	-5.232550e+00
5.100000e-07	-1.961279e-02	-5.305213e+00
5.200000e-07	-2.855606e-02	-5.421527e+00
5.300000e-07	5.989445e-03	-5.496365e+00
5.400000e-07	4.466575e-03	-5.570022e+00
5.500000e-07	-3.679361e-02	-5.611101e+00
5.600000e-07	-1.241855e-02	-5.672678e+00
5.700000e-07	1.867717e-04	-5.736365e+00
5.800000e-07	-2.600049e-03	-5.789520e+00
5.900000e-07	-2.589646e-02	-5.831077e+00
6.000000e-07	-2.927030e-02	-5.873709e+00
6.100000e-07	8.315071e-03	-5.936837e+00
6.200000e-07	-8.413186e-03	-5.977922e+00
6.300000e-07	-2.447296e-02	-6.009499e+00
6.400000e-07	-2.083649e-02	-6.031025e+00
6.500000e-07	-3.813516e-03	-6.042129e+00
6.600000e-07	-2.933063e-03	-6.116309e+00
6.700000e-07	-3.023451e-02	-6.138411e+00
6.800000e-07	-2.163981e-02	-6.180494e+00
6.900000e-07	-4.382335e-03	-6.240148e+00
7.000000e-07	-7.823120e-03	-6.281711e+00
7.100000e-07	-2.467058e-02	-6.306812e+00
7.200000e-07	-2.585839e-02	-6.346363e+00
7.300000e-07	-6.902499e-03	-6.358990e+00
7.400000e-07	-8.502191e-03	-6.398422e+00
7.500000e-07	-2.586911e-02	-6.411048e+00
7.600000e-07	-2.453571e-02	-6.390049e+00
7.700000e-07	-1.105187e-02	-6.390000e+00
7.800000e-07	-8.741312e-03	-6.400550e+00
7.900000e-07	-2.581109e-02	-6.431549e+00
8.000000e-07	-2.882457e-02	-6.430504e+00
8.100000e-07	-1.329345e-02	-6.431051e+00
8.200000e-07	-1.455405e-02	-6.440653e+00
8.300000e-07	-2.409233e-02	-6.430027e+00
8.400000e-07	-2.772567e-02	-6.431601e+00
8.500000e-07	-1.502575e-02	-6.430529e+00
8.600000e-07	-1.343290e-02	-6.401501e+00
8.700000e-07	-2.646158e-02	-6.410028e+00
8.800000e-07	-2.799911e-02	-6.398974e+00
8.900000e-07	-1.871386e-02	-6.368976e+00
9.000000e-07	-1.525476e-02	-6.398946e+00
9.100000e-07	-2.600139e-02	-6.358396e+00
9.200000e-07	-2.752259e-02	-6.345889e+00
9.300000e-07	-1.688149e-02	-6.344739e+00
9.400000e-07	-1.414475e-02	-6.304559e+00
9.500000e-07	-2.375729e-02	-6.209578e+00
9.600000e-07	-2.617082e-02	-6.166395e+00
9.700000e-07	-1.884390e-02	-6.095842e+00
9.800000e-07	-1.377700e-02	-6.063181e+00
9.900000e-07	-2.230557e-02	-6.032079e+00
1.000000e-06	-2.397097e-02	-6.020024e+00
1.010000e-06	-1.681501e-02	-5.969500e+00
1.020000e-06	-1.311675e-02	-5.967896e+00
1.030000e-06	-1.808315e-02	-5.946743e+00
1.040000e-06	-2.353781e-02	-5.852582e+00
1.050000e-06	-1.504966e-02	-5.820527e+00
1.060000e-06	-1.095357e-02	-5.757420e+00
1.070000e-06	-1.786327e-02	-5.683791e+00
1.080000e-06	-2.168463e-02	-5.692508e+00
1.090000e-06	-1.433113e-02	-5.591053e+00
1.100000e-06	-9.687388e-03	-5.587468e+00
1.110000e-06	-1.585755e-02	-5.492663e+00
1.120000e-06	-1.935194e-02	-5.406994e+00
1.130000e-06	-1.224353e-02	-5.292187e+00
1.140000e-06	-9.719890e-03	-5.211051e+00
1.150000e-06	-1.326380e-02	-5.167419e+00
1.160000e-06	-1.789848e-02	-5.133282e+00
1.170000e-06	-1.191187e-02	-5.009524e+00
1.180000e-06	-7.444637e-03	-4.933316e+00
1.190000e-06	-1.229816e-02	-4.849856e+00
1.200000e-06	-1.580644e-02	-4.692834e+00
1.210000e-06	-1.183846e-02	-4.672079e+00
1.220000e-06	-6.608724e-03	-4.578920e+00
1.230000e-06	-1.026219e-02	-4.504788e+00
1.240000e-06	-1.465965e-02	-4.430076e+00
1.250000e-06	-1.080122e-02	-4.369446e+00
1.260000e-06	-6.569975e-03	-4.304661e+00
1.270000e-06	-9.621536e-03	-4.208529e+00
1.280000e-06	-1.297283e-02	-4.085788e+00
1.290000e-06	-1.008254e-02	-4.030051e+00
1.300000e-06	-5.795760e-03	-3.975944e+00
1.310000e-06	-7.509853e-03	-3.839579e+00
1.320000e-06	-1.091621e-02	-3.712759e+00
1.330000e-06	-9.114515e-03	-3.589977e+00
1.340000e-06	-5.741846e-03	-3.555317e+00
1.350000e-06	-7.726347e-03	-3.462079e+00
1.360000e-06	-1.082952e-02	-3.296716e+00
1.370000e-06	-8.921590e-03	-3.209653e+00
1.380000e-06	-5.256910e-03	-3.186400e+00
1.390000e-06	-4.452257e-03	-3.040580e+00
1.400000e-06	-7.966529e-03	-2.934187e+00
1.410000e-06	-7.586013e-03	-2.798474e+00
1.420000e-06	-5.664704e-03	-2.692837e+00
1.430000e-06	-5.420645e-03	-2.619973e+00
1.440000e-06	-7.848222e-03	-2.491661e+00
1.450000e-06	-7.774279e-03	-2.397476e+00
1.460000e-06	-5.366146e-03	-2.274166e+00
1.470000e-06	-5.488261e-03	-2.174392e+00
1.480000e-06	-5.532658e-03	-1.990533e+00
1.490000e-06	-6.029964e-03	-1.934867e+00
1.500000e-06	-4.076353e-03	-1.830531e+00
1.510000e-06	-3.135960e-03	-1.713338e+00
1.520000e-06	-5.335064e-03	-1.599524e+00
1.530000e-06	-6.336537e-03	-1.493184e+00
1.540000e-06	-5.743732e-03	-1.344838e+00
1.550000e-06	-5.117036e-03	-1.179529e+00
1.560000e-06	-4.207618e-03	-1.101134e+00
1.570000e-06	-5.043889e-03	-9.674961e-01
1.580000e-06	-3.977373e-03	-8.809815e-01
1.590000e-06	-3.254412e-03	-6.968747e-01
1.600000e-06	-2.419525e-03	-6.600014e-01
1.610000e-06	-4.182036e-03	-4.416103e-01
1.620000e-06	-4.980735e-03	-3.679459e-01
1.630000e-06	-4.481618e-03	-2.620878e-01
1.640000e-06	-3.392260e-03	-1.663196e-01
1.650000e-06	-1.717420e-03	-3.260521e-02
1.660000e-06	8.627449e-05	2.405270e-02
1.670000e-06	-2.226420e-04	1.599011e-01
1.680000e-06	8.770838e-04	3.257609e-01
1.690000e-06	-8.139313e-04	4.210488e-01
1.700000e-06	-1.428777e-03	4.861369e-01
1.710000e-06	-3.190444e-03	6.295013e-01
1.720000e-06	2.591496e-04	7.762909e-01
1.730000e-06	1.381692e-02	8.310988e-01
1.740000e-06	3.861022e-02	9.393684e-01
1.750000e-06	1.392401e-02	1.149945e+00
1.760000e-06	-4.147890e-02	1.346841e+00
1.770000e-06	-8.315250e-02	1.420999e+00
1.780000e-06	-4.163503e-03	1.463158e+00
1.790000e-06	9.667034e-02	1.632777e+00
1.800000e-06	-1.807547e-02	1.789446e+00
1.810000e-06	-1.006590e-01	1.811601e+00
1.820000e-06	9.943462e-02	1.919313e+00
1.830000e-06	3.047570e-02	2.064658e+00
1.840000e-06	-3.783432e-02	2.126942e+00
1.850000e-06	7.704988e-03	2.202628e+00
1.860000e-06	-4.018554e-02	2.389470e+00
1.870000e-06	-1.853813e-02	2.431601e+00
1.880000e-06	9.050067e-02	2.549812e+00
1.890000e-06	4.390423e-03	2.728810e+00
1.900000e-06	-8.783607e-02	2.820534e+00
1.910000e-06	2.893276e-02	2.904736e+00
1.920000e-06	5.271432e-02	3.030501e+00
1.930000e-06	-1.886423e-02	3.126186e+00
1.940000e-06	-4.907260e-02	3.181524e+00
1.950000e-06	7.726399e-03	3.293257e+00
1.960000e-06	6.760524e-02	3.389998e+00
1.970000e-06	1.497599e-02	3.516315e+00
1.980000e-06	-8.107434e-02	3.642103e+00
1.990000e-06	1.806594e-02	3.705792e+00
2.000000e-06	5.738556e-02	3.790998e+00
2.010000e-06	-2.788837e-02	3.905813e+00
2.020000e-06	-1.395423e-02	3.979549e+00
2.030000e-06	1.495715e-02	4.061078e+00
2.040000e-06	2.441280e-02	4.110815e+00
2.050000e-06	-3.238819e-03	4.256753e+00
2.060000e-06	-1.186586e-02	4.380495e+00
2.070000e-06	-8.862201e-03	4.472603e+00
2.080000e-06	2.795684e-02	4.526916e+00
2.090000e-06	9.590650e-03	4.651029e+00
2.100000e-06	-1.563746e-02	4.716365e+00
2.110000e-06	3.666057e-03	4.778924e+00
2.120000e-06	2.114044e-02	4.841577e+00
2.130000e-06	4.463838e-03	4.926742e+00
2.140000e-06	-1.541791e-02	5.071149e+00
2.150000e-06	1.168666e-02	5.157895e+00
2.160000e-06	1.514186e-02	5.239554e+00
2.170000e-06	1.045130e-02	5.295691e+00
2.180000e-06	-7.268979e-03	5.397896e+00
2.190000e-06	2.142699e-03	5.422549e+00
2.200000e-06	1.790935e-02	5.533159e+00
2.210000e-06	6.147329e-03	5.506766e+00
2.220000e-06	-5.063616e-03	5.580423e+00
2.230000e-06	4.098235e-03	5.620053e+00
2.240000e-06	2.026675e-02	5.643130e+00
2.250000e-06	6.904319e-03	5.734237e+00
2.260000e-06	-4.587572e-03	5.821420e+00
2.270000e-06	4.773998e-03	5.861636e+00
2.280000e-06	2.083292e-02	5.946891e+00
2.290000e-06	8.908934e-03	5.949423e+00
2.300000e-06	-3.251448e-03	6.020525e+00
2.310000e-06	7.910267e-03	6.032578e+00
2.320000e-06	1.843640e-02	6.043059e+00
2.330000e-06	1.119153e-02	6.103709e+00
2.340000e-06	-3.979395e-03	6.115794e+00
2.350000e-06	9.394477e-03	6.148315e+00
2.360000e-06	1.883697e-02	6.178496e+00
2.370000e-06	1.292566e-02	6.189976e+00
2.380000e-06	1.169318e-04	6.232053e+00
2.390000e-06	9.044517e-03	6.251578e+00
2.400000e-06	1.919356e-02	6.231528e+00
2.410000e-06	1.270463e-02	6.274707e+00
2.420000e-06	3.459677e-03	6.315712e+00
2.430000e-06	8.594507e-03	6.344664e+00
2.440000e-06	2.099972e-02	6.315233e+00
2.450000e-06	1.488620e-02	6.365342e+00
2.460000e-06	5.396240e-03	6.316766e+00
2.470000e-06	1.026119e-02	6.307218e+00
2.480000e-06	2.125202e-02	6.326291e+00
2.490000e-06	1.778598e-02	6.347420e+00
2.500000e-06	7.232567e-03	6.335788e+00
2.510000e-06	1.228441e-02	6.335766e+00
2.520000e-06	2.015025e-02	6.334737e+00
2.530000e-06	1.751810e-02	6.305240e+00
2.540000e-06	7.422860e-03	6.294661e+00
2.550000e-06	1.196612e-02	6.321684e+00
2.560000e-06	2.003833e-02	6.251581e+00
2.570000e-06	1.940267e-02	6.222053e+00
2.580000e-06	1.120118e-02	6.219549e+00
2.590000e-06	1.130178e-02	6.228978e+00
2.600000e-06	1.869958e-02	6.178367e+00
2.610000e-06	1.655013e-02	6.135816e+00
2.620000e-06	8.997007e-03	6.103184e+00
2.630000e-06	8.572170e-03	6.052157e+00
2.640000e-06	1.741364e-02	6.022030e+00
2.650000e-06	1.576086e-02	6.009973e+00
2.660000e-06	8.504633e-03	5.978974e+00
2.670000e-06	1.053402e-02	5.967324e+00
2.680000e-06	1.611798e-02	5.954243e+00
2.690000e-06	1.350932e-02	5.858504e+00
2.700000e-06	5.035729e-03	5.806795e+00
2.710000e-06	6.421997e-03	5.713186e+00
2.720000e-06	1.158226e-02	5.629501e+00
2.730000e-06	1.280508e-02	5.598425e+00
2.740000e-06	6.161625e-03	5.557819e+00
2.750000e-06	6.318396e-03	5.525186e+00
2.760000e-06	1.077692e-02	5.450028e+00
2.770000e-06	1.079244e-02	5.358396e+00
2.780000e-06	3.926463e-03	5.316789e+00
2.790000e-06	3.967748e-03	5.291607e+00
2.800000e-06	7.055534e-03	5.209454e+00
2.810000e-06	8.912114e-03	5.082761e+00
2.820000e-06	4.623545e-03	4.996450e+00
2.830000e-06	4.094342e-03	4.911612e+00
2.840000e-06	6.475695e-03	4.829500e+00
2.850000e-06	6.869372e-03	4.724342e+00
2.860000e-06	3.435435e-03	4.692584e+00
2.870000e-06	1.353788e-03	4.617400e+00
2.880000e-06	4.291725e-03	4.494264e+00
2.890000e-06	4.966368e-03	4.440554e+00
2.900000e-06	3.292131e-03	4.388474e+00
2.910000e-06	1.564553e-03	4.312269e+00
2.920000e-06	3.273399e-03	4.175346e+00
2.930000e-06	5.120785e-03	4.050085e+00
2.940000e-06	1.223436e-03	3.987970e+00
2.950000e-06	-2.873570e-04	3.912688e+00
2.960000e-06	8.965801e-04	3.808479e+00
2.970000e-06	2.316638e-03	3.723691e+00
2.980000e-06	1.545023e-03	3.629556e+00
2.990000e-06	4.266364e-05	3.566421e+00
3.000000e-06	1.609032e-03	3.461057e+00
3.010000e-06	1.416658e-03	3.324164e+00
3.020000e-06	-2.621900e-04	3.209425e+00
3.030000e-06	-8.895210e-04	3.103713e+00
3.040000e-06	-1.147292e-03	2.999530e+00
3.050000e-06	-1.217325e-04	2.933787e+00
3.060000e-06	-1.212233e-03	2.860979e+00
3.070000e-06	4.854294e-04	2.786369e+00
3.080000e-06	-4.488746e-04	2.608425e+00
3.090000e-06	-6.468168e-04	2.473130e+00
3.100000e-06	-9.396391e-04	2.356921e+00
3.110000e-06	-1.528967e-03	2.251686e+00
3.120000e-06	-2.608078e-03	2.156276e+00
3.130000e-06	-2.386431e-03	2.021529e+00
3.140000e-06	-1.932656e-03	1.967396e+00
3.150000e-06	-1.482973e-03	1.841133e+00
3.160000e-06	-2.565527e-03	1.725737e+00
3.170000e-06	-1.545408e-03	1.629958e+00
3.180000e-06	-2.391075e-03	1.472168e+00
3.190000e-06	-3.259642e-03	1.366844e+00
3.200000e-06	-3.289659e-03	1.251032e+00
3.210000e-06	-4.160915e-03	1.125293e+00
3.220000e-06	-2.463631e-03	1.007846e+00
3.230000e-06	-3.494926e-03	8.389525e-01
3.240000e-06	-3.671889e-03	7.057944e-01
3.250000e-06	-3.159387e-03	6.310551e-01
3.260000e-06	-4.468160e-03	4.737394e-01
3.270000e-06	-2.899907e-03	4.190013e-01
3.280000e-06	-4.082453e-03	3.027195e-01
3.290000e-06	-3.648183e-03	1.347686e-01
3.300000e-06	-4.153123e-03	3.052769e-02
3.310000e-06	-2.539181e-03	-1.151868e-01
3.320000e-06	-6.370239e-04	-1.909988e-01
3.330000e-06	-1.072051e-03	-3.347645e-01
3.340000e-06	-3.034863e-03	-3.999986e-01
3.350000e-06	-3.718048e-03	-4.751595e-01
3.360000e-06	-3.742840e-03	-6.135540e-01
3.370000e-06	-2.887087e-03	-7.583686e-01
3.380000e-06	5.419730e-04	-8.216253e-01
3.390000e-06	2.612829e-02	-9.383396e-01
3.400000e-06	4.172444e-02	-1.044157e+00
3.410000e-06	-3.482321e-02	-1.286856e+00
3.420000e-06	-7.251420e-02	-1.518864e+00
3.430000e-06	-6.395942e-02	-1.580026e+00
3.440000e-06	1.075578e-01	-1.588999e+00
3.450000e-06	2.126683e-02	-1.675209e+00
3.460000e-06	-1.163977e-01	-1.836282e+00
3.470000e-06	7.067999e-02	-1.925713e+00
3.480000e-06	5.343555e-02	-1.970963e+00
3.490000e-06	-5.493281e-02	-2.152098e+00
3.500000e-06	-6.721771e-03	-2.337417e+00
3.510000e-06	-4.160157e-03	-2.398467e+00
3.520000e-06	-8.331637e-02	-2.505837e+00
3.530000e-06	6.446351e-02	-2.611524e+00
3.540000e-06	6.850955e-02	-2.684682e+00
3.550000e-06	-1.234423e-01	-2.791997e+00
3.560000e-06	-1.660179e-02	-2.873633e+00
3.570000e-06	9.924962e-02	-2.983122e+00
3.580000e-06	-5.740507e-02	-3.189972e+00
3.590000e-06	-5.567618e-02	-3.231554e+00
3.600000e-06	-2.470892e-03	-3.309287e+00
3.610000e-06	4.521609e-02	-3.464237e+00
3.620000e-06	4.216970e-02	-3.557866e+00
3.630000e-06	-1.109030e-01	-3.601001e+00
3.640000e-06	-1.755101e-02	-3.728512e+00
3.650000e-06	9.010024e-02	-3.865132e+00
3.660000e-06	-5.043258e-02	-3.908945e+00
3.670000e-06	-5.219676e-02	-4.022579e+00
3.680000e-06	2.792977e-02	-4.064862e+00
3.690000e-06	8.024154e-03	-4.193603e+00
3.700000e-06	2.967979e-03	-4.308363e+00
3.710000e-06	-5.358586e-02	-4.339966e+00
3.720000e-06	-1.612944e-02	-4.432603e+00
3.730000e-06	4.386385e-02	-4.487762e+00
3.740000e-06	-2.818733e-02	-4.602102e+00
3.750000e-06	-2.606660e-02	-4.695311e+00
3.760000e-06	-9.829676e-03	-4.759444e+00
3.770000e-06	9.039611e-03	-4.816154e+00
3.780000e-06	-4.138600e-04	-4.957472e+00
3.790000e-06	-4.876999e-02	-5.042077e+00
3.800000e-06	-3.387935e-04	-5.095782e+00
3.810000e-06	1.452223e-02	-5.169995e+00
3.820000e-06	-1.199322e-02	-5.261176e+00
3.830000e-06	-2.329934e-02	-5.364363e+00
3.840000e-06	-2.644477e-02	-5.422674e+00
3.850000e-06	1.170095e-02	-5.577412e+00
3.860000e-06	-2.341386e-03	-5.569472e+00
3.870000e-06	-3.891710e-02	-5.651054e+00
3.880000e-06	-1.021873e-02	-5.652630e+00
3.890000e-06	3.819506e-03	-5.747393e+00
3.900000e-06	-3.805549e-03	-5.789420e+00
3.910000e-06	-3.149612e-02	-5.822552e+00
3.920000e-06	-2.440146e-02	-5.874254e+00
3.930000e-06	1.032069e-02	-5.937913e+00
3.940000e-06	-1.164261e-02	-5.999945e+00
3.950000e-06	-2.705860e-02	-5.999499e+00
3.960000e-06	-1.812393e-02	-6.000550e+00
3.970000e-06	-8.636806e-04	-6.034130e+00
3.980000e-06	-4.432992e-03	-6.075259e+00
3.990000e-06	-3.395987e-02	-6.169919e+00
4.000000e-06	-1.665523e-02	-6.200494e+00
4.010000e-06	-2.408627e-03	-6.182583e+00
4.020000e-06	-1.009749e-02	-6.282757e+00
4.030000e-06	-2.768300e-02	-6.348291e+00
4.040000e-06	-2.344743e-02	-6.336893e+00
4.050000e-06	-4.489544e-03	-6.379422e+00
4.060000e-06	-1.131294e-02	-6.369445e+00
4.070000e-06	-2.738276e-02	-6.400022e+00
4.080000e-06	-2.276534e-02	-6.391076e+00
4.090000e-06	-9.370332e-03	-6.429549e+00
4.100000e-06	-1.141861e-02	-6.409951e+00
4.110000e-06	-2.806966e-02	-6.420025e+00
4.120000e-06	-2.574148e-02	-6.422101e+00
4.130000e-06	-1.096544e-02	-6.431125e+00
4.140000e-06	-1.476108e-02	-6.441578e+00
4.150000e-06	-2.578806e-02	-6.411503e+00
4.160000e-06	-2.687461e-02	-6.430575e+00
4.170000e-06	-1.509376e-02	-6.430525e+00
4.180000e-06	-1.606034e-02	-6.410025e+00
4.190000e-06	-2.719831e-02	-6.400476e+00
4.200000e-06	-2.627226e-02	-6.369496e+00
4.210000e-06	-1.735024e-02	-6.399450e+00
4.220000e-06	-1.459759e-02	-6.409974e+00
4.230000e-06	-2.604673e-02	-6.359417e+00
4.240000e-06	-2.691384e-02	-6.326311e+00
4.250000e-06	-1.787576e-02	-6.315262e+00
4.260000e-06	-1.628874e-02	-6.272184e+00
4.270000e-06	-2.380991e-02	-6.209552e+00
4.280000e-06	-2.562291e-02	-6.169267e+00
4.290000e-06	-1.743127e-02	-6.106863e+00
4.300000e-06	-1.418031e-02	-6.092107e+00
4.310000e-06	-2.099979e-02	-6.021076e+00
4.320000e-06	-2.313443e-02	-6.000576e+00
4.330000e-06	-1.691818e-02	-5.998472e+00
4.340000e-06	-1.432321e-02	-5.938394e+00
4.350000e-06	-1.968515e-02	-5.894762e+00
4.360000e-06	-2.130976e-02	-5.864128e+00
4.370000e-06	-1.567727e-02	-5.789950e+00
4.380000e-06	-1.266448e-02	-5.757841e+00
4.390000e-06	-1.740141e-02	-5.715811e+00
4.400000e-06	-1.861443e-02	-5.641957e+00
4.410000e-06	-1.448655e-02	-5.609476e+00
4.420000e-06	-1.266250e-02	-5.568342e+00
4.430000e-06	-1.593627e-02	-5.535686e+00
4.440000e-06	-1.659445e-02	-5.396025e+00
4.450000e-06	-1.317152e-02	-5.272729e+00
4.460000e-06	-1.124295e-02	-5.221055e+00
4.470000e-06	-1.336435e-02	-5.176895e+00
4.480000e-06	-1.527617e-02	-5.071184e+00
4.490000e-06	-1.145746e-02	-5.039500e+00
4.500000e-06	-1.063498e-02	-4.886865e+00
4.510000e-06	-1.173380e-02	-4.805526e+00
4.520000e-06	-1.386268e-02	-4.681632e+00
4.530000e-06	-1.053960e-02	-4.602059e+00
4.540000e-06	-9.727810e-03	-4.536343e+00
4.550000e-06	-1.069309e-02	-4.494708e+00
4.560000e-06	-1.040656e-02	-4.419479e+00
4.570000e-06	-1.021564e-02	-4.357469e+00
4.580000e-06	-7.951222e-03	-4.262161e+00
4.590000e-06	-1.022199e-02	-4.218973e+00
4.600000e-06	-1.012433e-02	-4.093763e+00
4.610000e-06	-1.013517e-02	-4.030051e+00
4.620000e-06	-7.537409e-03	-3.946467e+00
4.630000e-06	-9.365376e-03	-3.839684e+00
4.640000e-06	-9.305544e-03	-3.722710e+00
4.650000e-06	-7.789798e-03	-3.620000e+00
4.660000e-06	-6.800650e-03	-3.514241e+00
4.670000e-06	-7.801718e-03	-3.449553e+00
4.680000e-06	-8.877917e-03	-3.327338e+00
4.690000e-06	-7.800616e-03	-3.239079e+00
4.700000e-06	-6.991061e-03	-3.137895e+00
4.710000e-06	-7.046361e-03	-3.059926e+00
4.720000e-06	-7.740135e-03	-2.933059e+00
4.730000e-06	-6.034562e-03	-2.770024e+00
4.740000e-06	-5.684554e-03	-2.702613e+00
4.750000e-06	-5.989025e-03	-2.598477e+00
4.760000e-06	-7.726252e-03	-2.483187e+00
4.770000e-06	-5.650987e-03	-2.387942e+00
4.780000e-06	-6.387396e-03	-2.255732e+00
4.790000e-06	-6.215720e-03	-2.115762e+00
4.800000e-06	-6.368215e-03	-2.009551e+00
4.810000e-06	-4.348134e-03	-1.934736e+00
4.820000e-06	-4.530847e-03	-1.818053e+00
4.830000e-06	-4.995745e-03	-1.663711e+00
4.840000e-06	-4.283371e-03	-1.619551e+00
4.850000e-06	-5.305298e-03	-1.512134e+00
4.860000e-06	-5.655367e-03	-1.345666e+00
4.870000e-06	-5.932345e-03	-1.156898e+00
4.880000e-06	-5.229499e-03	-1.031507e+00
4.890000e-06	-3.342074e-03	-9.589234e-01
4.900000e-06	-4.025594e-03	-8.295790e-01
4.910000e-06	-3.813339e-03	-7.363162e-01
4.920000e-06	-3.537567e-03	-6.509476e-01
4.930000e-06	-3.893237e-03	-4.326277e-01
4.940000e-06	-4.332058e-03	-3.763484e-01
4.950000e-06	-4.690691e-03	-2.515789e-01
4.960000e-06	-3.067946e-03	-1.458420e-01
4.970000e-06	-9.087530e-04	-3.055514e-02
4.980000e-06	8.336390e-04	3.215277e-02
4.990000e-06	-1.559985e-03	1.609477e-01
5.000000e-06	-1.520313e-03	3.259435e-01
5.010000e-06	-6.685571e-04	4.020239e-01
5.020000e-06	-9.151141e-04	5.158169e-01
5.030000e-06	-1.922705e-03	6.515301e-01
5.040000e-06	1.067424e-03	7.373397e-01
5.050000e-06	1.680275e-02	8.205777e-01
5.060000e-06	4.039200e-02	9.789715e-01
5.070000e-06	5.315346e-03	1.210520e+00
5.080000e-06	-4.860497e-02	1.327342e+00
5.090000e-06	-8.584902e-02	1.400527e+00
5.100000e-06	2.036563e-02	1.545583e+00
5.110000e-06	8.917044e-02	1.634187e+00
5.120000e-06	-3.454112e-02	1.788396e+00
5.130000e-06	-8.659077e-02	1.842182e+00
5.140000e-06	1.074673e-01	1.939419e+00
5.150000e-06	2.407117e-02	2.094237e+00
5.160000e-06	-4.801637e-02	2.116273e+00
5.170000e-06	1.644961e-02	2.234655e+00
5.180000e-06	-5.124618e-02	2.380996e+00
5.190000e-06	-2.806210e-03	2.430629e+00
5.200000e-06	9.483673e-02	2.566873e+00
5.210000e-06	-1.803299e-02	2.738365e+00
5.220000e-06	-8.099595e-02	2.841050e+00
5.230000e-06	4.855238e-02	2.906791e+00
5.240000e-06	4.137986e-02	3.030550e+00
5.250000e-06	-2.630590e-02	3.066837e+00
5.260000e-06	-4.806979e-02	3.231050e+00
5.270000e-06	1.914091e-02	3.317290e+00
5.280000e-06	7.171498e-02	3.419499e+00
5.290000e-06	-4.195202e-03	3.548896e+00
5.300000e-06	-7.374162e-02	3.633606e+00
5.310000e-06	3.195085e-02	3.726343e+00
5.320000e-06	5.148448e-02	3.870949e+00
5.330000e-06	-3.695902e-02	3.917839e+00
5.340000e-06	-6.167916e-03	4.000450e+00
5.350000e-06	1.735320e-02	4.072108e+00
5.360000e-06	2.265399e-02	4.175895e+00
5.370000e-06	-5.743939e-03	4.295340e+00
5.380000e-06	-1.230958e-02	4.391026e+00
5.390000e-06	-1.573613e-03	4.514132e+00
5.400000e-06	2.687508e-02	4.528365e+00
5.410000e-06	6.213866e-03	4.601026e+00
5.420000e-06	-1.827867e-02	4.736267e+00
5.430000e-06	9.294134e-03	4.788444e+00
5.440000e-06	2.077429e-02	4.825152e+00
5.450000e-06	8.971815e-04	4.977868e+00
5.460000e-06	-1.258417e-02	5.082607e+00
5.470000e-06	1.455758e-02	5.158469e+00
5.480000e-06	1.498598e-02	5.241029e+00
5.490000e-06	5.464867e-03	5.315690e+00
5.500000e-06	-8.326957e-03	5.387897e+00
5.510000e-06	4.741058e-03	5.401004e+00
5.520000e-06	1.920532e-02	5.462639e+00
5.530000e-06	4.436046e-03	5.536919e+00
5.540000e-06	-4.157654e-03	5.601922e+00
5.550000e-06	6.361790e-03	5.630551e+00
5.560000e-06	2.124156e-02	5.663233e+00
5.570000e-06	2.485787e-03	5.738339e+00
5.580000e-06	-5.889322e-03	5.851024e+00
5.590000e-06	7.760461e-03	5.873189e+00
5.600000e-06	2.054955e-02	5.926896e+00
5.610000e-06	8.572724e-03	5.988947e+00
5.620000e-06	-3.170486e-03	6.000001e+00
5.630000e-06	1.023387e-02	6.041555e+00
5.640000e-06	1.821416e-02	6.093082e+00
5.650000e-06	9.341277e-03	6.144737e+00
5.660000e-06	-3.581765e-03	6.157416e+00
5.670000e-06	1.024937e-02	6.189296e+00
5.680000e-06	1.884900e-02	6.187921e+00
5.690000e-06	1.111035e-02	6.199973e+00
5.700000e-06	1.378078e-03	6.241529e+00
5.710000e-06	9.504364e-03	6.252533e+00
5.720000e-06	1.989607e-02	6.262583e+00
5.730000e-06	1.123955e-02	6.303636e+00
5.740000e-06	3.484575e-03	6.325213e+00
5.750000e-06	1.045291e-02	6.315762e+00
5.760000e-06	2.097907e-02	6.313764e+00
5.770000e-06	1.349767e-02	6.315264e+00
5.780000e-06	5.914213e-03	6.345839e+00
5.790000e-06	1.130895e-02	6.356791e+00
5.800000e-06	2.035572e-02	6.346292e+00
5.810000e-06	1.575298e-02	6.316864e+00
5.820000e-06	7.204457e-03	6.325317e+00
5.830000e-06	1.413344e-02	6.325717e+00
5.840000e-06	2.037413e-02	6.335816e+00
5.850000e-06	1.769026e-02	6.325234e+00
5.860000e-06	8.729494e-03	6.283632e+00
5.870000e-06	1.359201e-02	6.282106e+00
5.880000e-06	1.854997e-02	6.260607e+00
5.890000e-06	1.760151e-02	6.240577e+00
5.900000e-06	1.081040e-02	6.219000e+00
5.910000e-06	1.227964e-02	6.230048e+00
5.920000e-06	1.720484e-02	6.177343e+00
5.930000e-06	1.626690e-02	6.146338e+00
5.940000e-06	1.134174e-02	6.122763e+00
5.950000e-06	1.139360e-02	6.081707e+00
5.960000e-06	1.506245e-02	6.051129e+00
5.970000e-06	1.477329e-02	6.000001e+00
5.980000e-06	9.891192e-03	6.008499e+00
5.990000e-06	1.044297e-02	5.967397e+00
6.000000e-06	1.254775e-02	5.914370e+00
6.010000e-06	1.357762e-02	5.851499e+00
6.020000e-06	7.876150e-03	5.733770e+00
6.030000e-06	7.808155e-03	5.681135e+00
6.040000e-06	9.508806e-03	5.671004e+00
6.050000e-06	1.117916e-02	5.589476e+00
6.060000e-06	7.884915e-03	5.545842e+00
6.070000e-06	7.581709e-03	5.512163e+00
6.080000e-06	8.074670e-03	5.422030e+00
6.090000e-06	8.995019e-03	5.376372e+00
6.100000e-06	5.585959e-03	5.333216e+00
6.110000e-06	6.521278e-03	5.251153e+00
6.120000e-06	6.539112e-03	5.188474e+00
6.130000e-06	6.862148e-03	5.073163e+00
6.140000e-06	4.400016e-03	4.984751e+00
6.150000e-06	3.965765e-03	4.881659e+00
6.160000e-06	5.460519e-03	4.808978e+00
6.170000e-06	4.795735e-03	4.746793e+00
6.180000e-06	5.137210e-03	4.642636e+00
6.190000e-06	2.834865e-03	4.598451e+00
6.200000e-06	4.584934e-03	4.503285e+00
6.210000e-06	3.372845e-03	4.409528e+00
6.220000e-06	3.719798e-03	4.368898e+00
6.230000e-06	2.364558e-03	4.303088e+00
6.240000e-06	2.932117e-03	4.164291e+00
6.250000e-06	3.108972e-03	4.050603e+00
6.260000e-06	2.098188e-03	3.988345e+00
6.270000e-06	9.871161e-04	3.892684e+00
6.280000e-06	1.644865e-03	3.788922e+00
6.290000e-06	1.338002e-03	3.703735e+00
6.300000e-06	8.546816e-04	3.599529e+00
6.310000e-06	6.478143e-04	3.567369e+00
6.320000e-06	1.643491e-03	3.449403e+00
6.330000e-06	1.447769e-03	3.282184e+00
6.340000e-06	-6.153388e-04	3.198976e+00
6.350000e-06	2.380300e-06	3.083163e+00
6.360000e-06	-6.424993e-04	3.019474e+00
6.370000e-06	7.785547e-04	2.883242e+00
6.380000e-06	-2.237605e-03	2.828978e+00
6.390000e-06	1.964673e-04	2.745193e+00
6.400000e-06	3.946260e-04	2.586307e+00
6.410000e-06	-7.487465e-04	2.480508e+00
6.420000e-06	-2.286320e-03	2.366445e+00
6.430000e-06	-1.892530e-03	2.272105e+00
6.440000e-06	-4.256772e-04	2.124893e+00
6.450000e-06	-1.694034e-03	2.030554e+00
6.460000e-06	-2.772917e-03	1.958899e+00
6.470000e-06	-3.131306e-03	1.860958e+00
6.480000e-06	-4.288836e-04	1.682669e+00
6.490000e-06	-1.779598e-03	1.578973e+00
6.500000e-06	-3.963151e-03	1.505112e+00
6.510000e-06	-2.901654e-03	1.405796e+00
6.520000e-06	-1.819438e-03	1.259504e+00
6.530000e-06	-1.916484e-03	1.173240e+00
6.540000e-06	-4.500634e-03	9.336973e-01
6.550000e-06	-4.093382e-03	8.185276e-01
6.560000e-06	-2.473845e-03	7.322182e-01
6.570000e-06	-3.336270e-03	6.099539e-01
6.580000e-06	-4.009444e-03	4.721856e-01
6.590000e-06	-4.326475e-03	4.094511e-01
6.600000e-06	-2.336076e-03	2.821666e-01
6.610000e-06	-4.511685e-03	1.748167e-01
6.620000e-06	-3.205927e-03	1.095244e-02
6.630000e-06	-3.206290e-03	-6.728703e-02
6.640000e-06	7.888483e-04	-2.225737e-01
6.650000e-06	-5.618185e-04	-3.263394e-01
6.660000e-06	-2.630602e-03	-4.105725e-01
6.670000e-06	-5.849018e-03	-5.152631e-01
6.680000e-06	-2.895253e-03	-6.251993e-01
6.690000e-06	-3.689001e-03	-7.804711e-01
6.700000e-06	1.954441e-03	-8.441065e-01
6.710000e-06	2.972200e-02	-9.674158e-01
6.720000e-06	3.787352e-02	-1.116812e+00
6.730000e-06	-4.009599e-02	-1.290339e+00
6.740000e-06	-7.902623e-02	-1.519817e+00
6.750000e-06	-4.073142e-02	-1.589950e+00
6.760000e-06	1.036779e-01	-1.579946e+00
6.770000e-06	4.190499e-03	-1.707312e+00
6.780000e-06	-1.209220e-01	-1.896253e+00
6.790000e-06	9.585576e-02	-1.944787e+00
6.800000e-06	3.915350e-02	-1.990466e+00
6.810000e-06	-6.643026e-02	-2.233998e+00
6.820000e-06	1.401862e-02	-2.347419e+00
6.830000e-06	-2.097460e-02	-2.378972e+00
6.840000e-06	-8.369451e-02	-2.528389e+00
6.850000e-06	8.795059e-02	-2.643574e+00
6.860000e-06	4.084616e-02	-2.686257e+00
6.870000e-06	-1.293756e-01	-2.811580e+00
6.880000e-06	1.384315e-02	-2.855739e+00
6.890000e-06	8.425633e-02	-3.001698e+00
6.900000e-06	-6.415424e-02	-3.179974e+00
6.910000e-06	-4.899836e-02	-3.222103e+00
6.920000e-06	1.547913e-03	-3.318911e+00
6.930000e-06	4.988097e-02	-3.496785e+00
6.940000e-06	2.969186e-02	-3.547871e+00
6.950000e-06	-1.205115e-01	-3.590573e+00
6.960000e-06	7.266508e-03	-3.689490e+00
6.970000e-06	8.186153e-02	-3.855158e+00
6.980000e-06	-6.519545e-02	-3.980450e+00
6.990000e-06	-3.592511e-02	-4.032607e+00
7.000000e-06	2.300017e-02	-4.118366e+00
7.010000e-06	1.007578e-02	-4.263679e+00
7.020000e-06	-1.274868e-03	-4.316387e+00
7.030000e-06	-5.734774e-02	-4.389420e+00
7.040000e-06	-7.399855e-03	-4.424154e+00
7.050000e-06	4.035387e-02	-4.526840e+00
7.060000e-06	-3.125604e-02	-4.656154e+00
7.070000e-06	-2.182941e-02	-4.715282e+00
7.080000e-06	-1.144063e-02	-4.790921e+00
7.090000e-06	1.058179e-02	-4.925304e+00
7.100000e-06	-4.305029e-03	-4.898445e+00
7.110000e-06	-4.977787e-02	-5.043103e+00
7.120000e-06	5.944150e-03	-5.095256e+00
7.130000e-06	8.472863e-03	-5.170971e+00
7.140000e-06	-1.097738e-02	-5.242677e+00
7.150000e-06	-2.289720e-02	-5.335760e+00
7.160000e-06	-2.414970e-02	-5.412224e+00
7.170000e-06	1.460255e-02	-5.527843e+00
7.180000e-06	-8.459066e-03	-5.599522e+00
7.190000e-06	-3.613464e-02	-5.623051e+00
7.200000e-06	-7.419350e-03	-5.674708e+00
7.210000e-06	2.633751e-03	-5.747291e+00
7.220000e-06	-4.426971e-03	-5.780021e+00
7.230000e-06	-3.252945e-02	-5.822050e+00
7.240000e-06	-1.978146e-02	-5.886784e+00
7.250000e-06	1.111080e-02	-5.926290e+00
7.260000e-06	-1.518776e-02	-5.979971e+00
7.270000e-06	-2.457364e-02	-5.999521e+00
7.280000e-06	-1.723161e-02	-6.022050e+00
7.290000e-06	-2.029316e-04	-6.082705e+00
7.300000e-06	-7.701472e-03	-6.065337e+00
7.310000e-06	-3.480921e-02	-6.168890e+00
7.320000e-06	-1.382158e-02	-6.149496e+00
7.330000e-06	-3.519459e-03	-6.232654e+00
7.340000e-06	-1.174661e-02	-6.313756e+00
7.350000e-06	-2.631610e-02	-6.296887e+00
7.360000e-06	-2.088452e-02	-6.297940e+00
7.370000e-06	-4.576529e-03	-6.388417e+00
7.380000e-06	-1.518347e-02	-6.358469e+00
7.390000e-06	-2.680067e-02	-6.410475e+00
7.400000e-06	-1.935276e-02	-6.410025e+00
7.410000e-06	-1.001362e-02	-6.381026e+00
7.420000e-06	-1.380137e-02	-6.411076e+00
7.430000e-06	-2.723671e-02	-6.421053e+00
7.440000e-06	-2.322018e-02	-6.420578e+00
7.450000e-06	-1.237969e-02	-6.421075e+00
7.460000e-06	-1.867836e-02	-6.431028e+00
7.470000e-06	-2.591367e-02	-6.440552e+00
7.480000e-06	-2.545511e-02	-6.401529e+00
7.490000e-06	-1.377687e-02	-6.429552e+00
7.500000e-06	-1.761275e-02	-6.400527e+00
7.510000e-06	-2.799798e-02	-6.399501e+00
7.520000e-06	-2.445166e-02	-6.400525e+00
7.530000e-06	-1.737754e-02	-6.388049e+00
7.540000e-06	-1.681812e-02	-6.378424e+00
7.550000e-06	-2.722998e-02	-6.376420e+00
7.560000e-06	-2.565546e-02	-6.327337e+00
7.570000e-06	-1.577795e-02	-6.334813e+00
7.580000e-06	-1.763640e-02	-6.304179e+00
7.590000e-06	-2.456279e-02	-6.261052e+00
7.600000e-06	-2.528584e-02	-6.148365e+00
7.610000e-06	-1.567259e-02	-6.124736e+00
7.620000e-06	-1.547148e-02	-6.073630e+00
7.630000e-06	-2.374814e-02	-6.072054e+00
7.640000e-06	-2.207923e-02	-6.018975e+00
7.650000e-06	-1.527192e-02	-5.979946e+00
7.660000e-06	-1.415104e-02	-5.968370e+00
7.670000e-06	-2.174263e-02	-5.896239e+00
7.680000e-06	-2.175886e-02	-5.881106e+00
7.690000e-06	-1.353570e-02	-5.779551e+00
7.700000e-06	-1.290504e-02	-5.786842e+00
7.710000e-06	-1.963576e-02	-5.704735e+00
7.720000e-06	-1.835387e-02	-5.631629e+00
7.730000e-06	-1.215332e-02	-5.609974e+00
7.740000e-06	-1.170317e-02	-5.536918e+00
7.750000e-06	-1.766293e-02	-5.495733e+00
7.760000e-06	-1.794475e-02	-5.407440e+00
7.770000e-06	-1.124151e-02	-5.263182e+00
7.780000e-06	-1.075124e-02	-5.230552e+00
7.790000e-06	-1.417435e-02	-5.125993e+00
7.800000e-06	-1.611947e-02	-5.070535e+00
7.810000e-06	-9.810668e-03	-4.989975e+00
7.820000e-06	-9.100326e-03	-4.926410e+00
7.830000e-06	-1.285738e-02	-4.754994e+00
7.840000e-06	-1.399664e-02	-4.712682e+00
7.850000e-06	-9.643709e-03	-4.610479e+00
7.860000e-06	-8.191834e-03	-4.546868e+00
7.870000e-06	-1.263399e-02	-4.464689e+00
7.880000e-06	-1.328212e-02	-4.419025e+00
7.890000e-06	-9.277811e-03	-4.356320e+00
7.900000e-06	-7.178354e-03	-4.240684e+00
7.910000e-06	-1.004181e-02	-4.197395e+00
7.920000e-06	-1.144096e-02	-4.074266e+00
7.930000e-06	-7.650959e-03	-4.009075e+00
7.940000e-06	-6.338562e-03	-3.937393e+00
7.950000e-06	-9.335912e-03	-3.799102e+00
7.960000e-06	-1.082206e-02	-3.642634e+00
7.970000e-06	-7.743742e-03	-3.589999e+00
7.980000e-06	-5.922010e-03	-3.486813e+00
7.990000e-06	-8.766877e-03	-3.420450e+00
8.000000e-06	-9.534894e-03	-3.366387e+00
8.010000e-06	-6.583826e-03	-3.211004e+00
8.020000e-06	-4.713561e-03	-3.147472e+00
8.030000e-06	-6.370081e-03	-3.039500e+00
8.040000e-06	-8.308254e-03	-2.832159e+00
8.050000e-06	-6.706949e-03	-2.778947e+00
8.060000e-06	-5.754117e-03	-2.674658e+00
8.070000e-06	-7.711214e-03	-2.568887e+00
8.080000e-06	-8.107396e-03	-2.441606e+00
8.090000e-06	-6.237321e-03	-2.398472e+00
8.100000e-06	-6.040360e-03	-2.262157e+00
8.110000e-06	-6.846332e-03	-2.103712e+00
8.120000e-06	-7.353270e-03	-1.989951e+00
8.130000e-06	-3.821953e-03	-1.905712e+00
8.140000e-06	-3.585920e-03	-1.829424e+00
8.150000e-06	-5.121179e-03	-1.692184e+00
8.160000e-06	-6.564610e-03	-1.600500e+00
8.170000e-06	-5.168211e-03	-1.462660e+00
8.180000e-06	-5.404207e-03	-1.263262e+00
8.190000e-06	-6.522741e-03	-1.177843e+00
8.200000e-06	-6.417178e-03	-1.051155e+00
8.210000e-06	-3.443190e-03	-9.662666e-01
8.220000e-06	-3.252585e-03	-8.500028e-01
8.230000e-06	-3.807844e-03	-7.448921e-01
8.240000e-06	-4.388464e-03	-5.970211e-01
8.250000e-06	-4.176761e-03	-4.516278e-01
8.260000e-06	-2.976220e-03	-3.248448e-01
8.270000e-06	-4.930413e-03	-2.410826e-01
8.280000e-06	-4.136244e-03	-9.628834e-02
8.290000e-06	-1.565633e-03	-4.052645e-02
8.300000e-06	1.574410e-03	5.455541e-02
8.310000e-06	-4.767509e-04	2.220503e-01
8.320000e-06	-5.445880e-04	3.698884e-01
8.330000e-06	-8.307692e-04	4.120553e-01
8.340000e-06	-5.295069e-04	5.272909e-01
8.350000e-06	-1.188466e-03	6.435528e-01
8.360000e-06	7.470554e-04	7.480147e-01
8.370000e-06	1.867626e-02	8.605275e-01
8.380000e-06	3.898261e-02	1.032554e+00
8.390000e-06	-2.363060e-03	1.212021e+00
8.400000e-06	-5.199331e-02	1.339969e+00
8.410000e-06	-8.387628e-02	1.440579e+00
8.420000e-06	4.315962e-02	1.475231e+00
8.430000e-06	7.657140e-02	1.697632e+00
8.440000e-06	-5.332718e-02	1.749000e+00
8.450000e-06	-6.267400e-02	1.842630e+00
8.460000e-06	1.064586e-01	1.960420e+00
8.470000e-06	1.575481e-02	2.075741e+00
8.480000e-06	-5.086111e-02	2.136842e+00
8.490000e-06	2.184895e-02	2.285681e+00
8.500000e-06	-5.800350e-02	2.380476e+00
8.510000e-06	1.113372e-02	2.451579e+00
8.520000e-06	9.736734e-02	2.550423e+00
8.530000e-06	-3.824640e-02	2.738469e+00
8.540000e-06	-7.296785e-02	2.822625e+00
8.550000e-06	6.117880e-02	2.947843e+00
8.560000e-06	3.010936e-02	3.032028e+00
8.570000e-06	-3.164133e-02	3.088390e+00
8.580000e-06	-4.448273e-02	3.230504e+00
8.590000e-06	2.726036e-02	3.364812e+00
8.600000e-06	7.273527e-02	3.432499e+00
8.610000e-06	-2.335002e-02	3.558895e+00
8.620000e-06	-6.653753e-02	3.644129e+00
8.630000e-06	4.185080e-02	3.736293e+00
8.640000e-06	4.334883e-02	3.810053e+00
8.650000e-06	-4.028006e-02	3.948897e+00
8.660000e-06	-1.648489e-03	4.040474e+00
8.670000e-06	1.867473e-02	4.053208e+00
8.680000e-06	2.076905e-02	4.188448e+00
8.690000e-06	-6.611496e-03	4.297342e+00
8.700000e-06	-1.597559e-02	4.421053e+00
8.710000e-06	5.484195e-03	4.461708e+00
8.720000e-06	2.587635e-02	4.577845e+00
8.730000e-06	5.281964e-03	4.652080e+00
8.740000e-06	-1.951813e-02	4.716317e+00
8.750000e-06	1.344663e-02	4.808524e+00
8.760000e-06	1.948237e-02	4.843081e+00
8.770000e-06	-3.153645e-03	4.968917e+00
8.780000e-06	-1.068897e-02	5.104686e+00
8.790000e-06	1.391433e-02	5.199423e+00
8.800000e-06	1.544201e-02	5.251054e+00
8.810000e-06	2.430250e-03	5.327259e+00
8.820000e-06	-6.255157e-03	5.368970e+00
8.830000e-06	5.773280e-03	5.432550e+00
8.840000e-06	2.063782e-02	5.474183e+00
8.850000e-06	1.515572e-03	5.567868e+00
8.860000e-06	-2.754167e-03	5.599547e+00
8.870000e-06	7.062839e-03	5.621554e+00
8.880000e-06	1.964966e-02	5.694158e+00
8.890000e-06	9.513837e-04	5.766312e+00
8.900000e-06	-5.421323e-03	5.832054e+00
8.910000e-06	1.111277e-02	5.874293e+00
8.920000e-06	1.921024e-02	5.976370e+00
8.930000e-06	7.880570e-03	5.979999e+00
8.940000e-06	-2.667239e-03	6.001026e+00
8.950000e-06	1.232348e-02	6.022503e+00
8.960000e-06	1.669896e-02	6.054657e+00
8.970000e-06	5.663435e-03	6.094688e+00
8.980000e-06	-2.824001e-03	6.147792e+00
8.990000e-06	1.150382e-02	6.188320e+00
9.000000e-06	1.908224e-02	6.178398e+00
9.010000e-06	8.394972e-03	6.239025e+00
9.020000e-06	4.340898e-03	6.231553e+00
9.030000e-06	1.142278e-02	6.262102e+00
9.040000e-06	1.981652e-02	6.302157e+00
9.050000e-06	9.081329e-03	6.304133e+00
9.060000e-06	5.374290e-03	6.303708e+00
9.070000e-06	1.182986e-02	6.327292e+00
9.080000e-06	1.915390e-02	6.313761e+00
9.090000e-06	1.273348e-02	6.306843e+00
9.100000e-06	6.425229e-03	6.335865e+00
9.110000e-06	1.432222e-02	6.357839e+00
9.120000e-06	1.845582e-02	6.333843e+00
9.130000e-06	1.503570e-02	6.324817e+00
9.140000e-06	7.934087e-03	6.304791e+00
9.150000e-06	1.476134e-02	6.325266e+00
9.160000e-06	1.918134e-02	6.314761e+00
9.170000e-06	1.633145e-02	6.335832e+00
9.180000e-06	9.584201e-03	6.303160e+00
9.190000e-06	1.437388e-02	6.251684e+00
9.200000e-06	1.831167e-02	6.250636e+00
9.210000e-06	1.556928e-02	6.220027e+00
9.220000e-06	1.175073e-02	6.199974e+00
9.230000e-06	1.499054e-02	6.188425e+00
9.240000e-06	1.763110e-02	6.158870e+00
9.250000e-06	1.472420e-02	6.115213e+00
9.260000e-06	1.233983e-02	6.094184e+00
9.270000e-06	1.255190e-02	6.042578e+00
9.280000e-06	1.489452e-02	6.021028e+00
9.290000e-06	1.203782e-02	5.999976e+00
9.300000e-06	1.001243e-02	6.008421e+00
9.310000e-06	1.127171e-02	5.956420e+00
9.320000e-06	1.369099e-02	5.904217e+00
9.330000e-06	1.263078e-02	5.817509e+00
9.340000e-06	8.824160e-03	5.753295e+00
9.350000e-06	1.088767e-02	5.683154e+00
9.360000e-06	9.500011e-03	5.620501e+00
9.370000e-06	9.735003e-03	5.588950e+00
9.380000e-06	6.244687e-03	5.526845e+00
9.390000e-06	7.733439e-03	5.502612e+00
9.400000e-06	8.378910e-03	5.440999e+00
9.410000e-06	6.999376e-03	5.359322e+00
9.420000e-06	6.626984e-03	5.293117e+00
9.430000e-06	7.031200e-03	5.229006e+00
9.440000e-06	6.982782e-03	5.186847e+00
9.450000e-06	6.631478e-03	5.090014e+00
9.460000e-06	4.809611e-03	5.004892e+00
9.470000e-06	4.439017e-03	4.862080e+00
9.480000e-06	3.570600e-03	4.798949e+00
9.490000e-06	4.850522e-03	4.734765e+00
9.500000e-06	3.240708e-03	4.641533e+00
9.510000e-06	4.036470e-03	4.597846e+00
9.520000e-06	3.803345e-03	4.491688e+00
9.530000e-06	4.066186e-03	4.430527e+00
9.540000e-06	3.009444e-03	4.377992e+00
9.550000e-06	3.509102e-03	4.259058e+00
9.560000e-06	2.098281e-03	4.134817e+00
9.570000e-06	1.555179e-03	4.041074e+00
9.580000e-06	1.762897e-03	3.967346e+00
9.590000e-06	1.541646e-03	3.862633e+00
9.600000e-06	1.926649e-03	3.778951e+00
9.610000e-06	6.829269e-04	3.682661e+00
9.620000e-06	1.310858e-03	3.619428e+00
9.630000e-06	1.219626e-03	3.544746e+00
9.640000e-06	2.294040e-03	3.407902e+00
9.650000e-06	4.664281e-04	3.311160e+00
9.660000e-06	1.689360e-04	3.198422e+00
9.670000e-06	-3.352884e-04	3.083210e+00
9.680000e-06	-4.482629e-05	2.989901e+00
9.690000e-06	-8.790063e-04	2.893689e+00
9.700000e-06	-1.288935e-03	2.818974e+00
9.710000e-06	-7.323324e-04	2.696221e+00
9.720000e-06	1.029390e-04	2.608771e+00
9.730000e-06	-5.022644e-04	2.470026e+00
9.740000e-06	-1.415847e-03	2.345291e+00
9.750000e-06	-9.640215e-04	2.229954e+00
9.760000e-06	-1.317437e-03	2.173767e+00
9.770000e-06	-1.720270e-03	2.060554e+00
9.780000e-06	-2.515116e-03	1.955295e+00
9.790000e-06	-2.939892e-03	1.802529e+00
9.800000e-06	-1.932606e-03	1.704134e+00
9.810000e-06	-2.625681e-03	1.637879e+00
9.820000e-06	-1.990164e-03	1.430508e+00
9.830000e-06	-2.567814e-03	1.325815e+00
9.840000e-06	-2.107279e-03	1.230458e+00
9.850000e-06	-2.096098e-03	1.100663e+00
9.860000e-06	-3.571516e-03	9.152418e-01
9.870000e-06	-3.527022e-03	8.299514e-01
9.880000e-06	-3.785168e-03	6.941642e-01
9.890000e-06	-4.254415e-03	6.078998e-01
9.900000e-06	-3.618551e-03	4.926554e-01
9.910000e-06	-3.643955e-03	3.584460e-01
9.920000e-06	-3.262495e-03	2.690365e-01
9.930000e-06	-3.758340e-03	8.361791e-02
9.940000e-06	-2.466083e-03	-1.255000e-02
9.950000e-06	-1.500006e-03	-9.691348e-02
9.960000e-06	-4.625148e-04	-2.120226e-01
9.970000e-06	-1.390892e-03	-3.383885e-01
9.980000e-06	-3.750839e-03	-4.110501e-01
9.990000e-06	-3.766259e-03	-4.758158e-01
1.000000e-05	-3.640851e-03	-6.242580e-01
1.001000e-05	-4.552464e-03	-7.995250e-01
1.002000e-05	5.269146e-03	-8.636782e-01
1.003000e-05	3.534698e-02	-9.584872e-01
1.004000e-05	2.820929e-02	-1.136342e+00
1.005000e-05	-4.849704e-02	-1.360340e+00
1.006000e-05	-8.711775e-02	-1.559446e+00
1.007000e-05	-1.096004e-02	-1.589449e+00
1.008000e-05	9.635866e-02	-1.590447e+00
1.009000e-05	-1.471209e-02	-1.727365e+00
1.010000e-05	-1.115863e-01	-1.915337e+00
1.011000e-05	1.127377e-01	-1.876841e+00
1.012000e-05	2.460471e-02	-1.991523e+00
1.013000e-05	-7.693865e-02	-2.245734e+00
1.014000e-05	3.126980e-02	-2.347417e+00
1.015000e-05	-3.621320e-02	-2.352048e+00
1.016000e-05	-7.483140e-02	-2.508967e+00
1.017000e-05	1.095980e-01	-2.620100e+00
1.018000e-05	1.322036e-02	-2.686339e+00
1.019000e-05	-1.296756e-01	-2.832027e+00
1.020000e-05	4.280071e-02	-2.884732e+00
1.021000e-05	6.452745e-02	-3.036280e+00
1.022000e-05	-7.114861e-02	-3.201049e+00
1.023000e-05	-4.184632e-02	-3.233104e+00
1.024000e-05	8.783549e-03	-3.380919e+00
1.025000e-05	5.657392e-02	-3.477890e+00
1.026000e-05	1.212603e-02	-3.547944e+00
1.027000e-05	-1.225309e-01	-3.623598e+00
1.028000e-05	3.448626e-02	-3.730421e+00
1.029000e-05	6.828802e-02	-3.907104e+00
1.030000e-05	-7.850639e-02	-3.980522e+00
1.031000e-05	-2.023062e-02	-4.032603e+00
1.032000e-05	2.458411e-02	-4.098841e+00
1.033000e-05	1.167155e-02	-4.252709e+00
1.034000e-05	-1.160635e-02	-4.293890e+00
1.035000e-05	-5.743161e-02	-4.380998e+00
1.036000e-05	8.868149e-03	-4.441053e+00
1.037000e-05	3.141055e-02	-4.539917e+00
1.038000e-05	-3.741695e-02	-4.633103e+00
1.039000e-05	-1.882263e-02	-4.725965e+00
1.040000e-05	-6.084208e-03	-4.797995e+00
1.041000e-05	1.303714e-02	-4.886337e+00
1.042000e-05	-1.340129e-02	-4.970465e+00
1.043000e-05	-4.620140e-02	-5.042105e+00
1.044000e-05	1.472760e-02	-5.135335e+00
1.045000e-05	4.411123e-03	-5.200524e+00
1.046000e-05	-1.511535e-02	-5.243180e+00
1.047000e-05	-2.548433e-02	-5.328395e+00
1.048000e-05	-1.859989e-02	-5.443229e+00
1.049000e-05	1.754803e-02	-5.547891e+00
1.050000e-05	-1.751858e-02	-5.610926e+00
1.051000e-05	-3.415747e-02	-5.651178e+00
1.052000e-05	-2.715955e-03	-5.694659e+00
1.053000e-05	2.561316e-03	-5.769320e+00
1.054000e-05	-8.868370e-03	-5.750071e+00
1.055000e-05	-3.455747e-02	-5.831554e+00
1.056000e-05	-1.300880e-02	-5.895308e+00
1.057000e-05	1.046625e-02	-5.927368e+00
1.058000e-05	-1.911196e-02	-5.969946e+00
1.059000e-05	-2.611703e-02	-6.010526e+00
1.060000e-05	-1.520475e-02	-6.013578e+00
1.061000e-05	1.909357e-03	-6.041129e+00
1.062000e-05	-1.260041e-02	-6.087258e+00
1.063000e-05	-3.464587e-02	-6.147286e+00
1.064000e-05	-8.803949e-03	-6.210923e+00
1.065000e-05	-2.560888e-03	-6.272579e+00
1.066000e-05	-1.354250e-02	-6.315735e+00
1.067000e-05	-2.974796e-02	-6.326413e+00
1.068000e-05	-1.923002e-02	-6.348296e+00
1.069000e-05	-2.668450e-03	-6.387445e+00
1.070000e-05	-1.862793e-02	-6.389000e+00
1.071000e-05	-2.874942e-02	-6.399998e+00
1.072000e-05	-1.933000e-02	-6.399952e+00
1.073000e-05	-7.008268e-03	-6.411026e+00
1.074000e-05	-1.533271e-02	-6.401576e+00
1.075000e-05	-2.979372e-02	-6.411100e+00
1.076000e-05	-2.116342e-02	-6.421601e+00
1.077000e-05	-1.062071e-02	-6.432026e+00
1.078000e-05	-1.885303e-02	-6.432051e+00
1.079000e-05	-2.910905e-02	-6.421552e+00
1.080000e-05	-2.392876e-02	-6.401551e+00
1.081000e-05	-1.317511e-02	-6.401549e+00
1.082000e-05	-2.025976e-02	-6.419074e+00
1.083000e-05	-2.841507e-02	-6.399499e+00
1.084000e-05	-2.251722e-02	-6.408975e+00
1.085000e-05	-1.494664e-02	-6.368950e+00
1.086000e-05	-1.809673e-02	-6.396925e+00
1.087000e-05	-2.846345e-02	-6.349393e+00
1.088000e-05	-2.488701e-02	-6.335864e+00
1.089000e-05	-1.477060e-02	-6.324791e+00
1.090000e-05	-1.951550e-02	-6.274184e+00
1.091000e-05	-2.635950e-02	-6.171628e+00
1.092000e-05	-2.527950e-02	-6.153944e+00
1.093000e-05	-1.454137e-02	-6.104713e+00
1.094000e-05	-1.546840e-02	-6.044734e+00
1.095000e-05	-2.324296e-02	-6.001027e+00
1.096000e-05	-2.157885e-02	-5.979950e+00
1.097000e-05	-1.434276e-02	-5.978496e+00
1.098000e-05	-1.421981e-02	-5.956345e+00
1.099000e-05	-2.213494e-02	-5.894261e+00
1.100000e-05	-2.233449e-02	-5.843157e+00
1.101000e-05	-1.427102e-02	-5.809973e+00
1.102000e-05	-1.256439e-02	-5.748797e+00
1.103000e-05	-1.864013e-02	-5.684239e+00
1.104000e-05	-1.815874e-02	-5.630031e+00
1.105000e-05	-1.091523e-02	-5.618525e+00
1.106000e-05	-1.061095e-02	-5.546818e+00
1.107000e-05	-1.732941e-02	-5.493657e+00
1.108000e-05	-1.798702e-02	-5.396967e+00
1.109000e-05	-1.136396e-02	-5.273631e+00
1.110000e-05	-1.159091e-02	-5.238975e+00
1.111000e-05	-1.496166e-02	-5.134344e+00
1.112000e-05	-1.588340e-02	-5.050650e+00
1.113000e-05	-9.091559e-03	-4.968476e+00
1.114000e-05	-9.078713e-03	-4.913584e+00
1.115000e-05	-1.218360e-02	-4.835416e+00
1.116000e-05	-1.448599e-02	-4.633653e+00
1.117000e-05	-9.817357e-03	-4.639527e+00
1.118000e-05	-8.612092e-03	-4.537366e+00
1.119000e-05	-1.114064e-02	-4.481630e+00
1.120000e-05	-1.333634e-02	-4.419025e+00
1.121000e-05	-8.437039e-03	-4.345347e+00
1.122000e-05	-8.042893e-03	-4.280655e+00
1.123000e-05	-9.663801e-03	-4.177449e+00
1.124000e-05	-1.120643e-02	-4.073259e+00
1.125000e-05	-8.020675e-03	-4.020549e+00
1.126000e-05	-6.036353e-03	-3.925366e+00
1.127000e-05	-8.894008e-03	-3.768021e+00
1.128000e-05	-9.572993e-03	-3.692655e+00
1.129000e-05	-7.858652e-03	-3.609449e+00
1.130000e-05	-6.620832e-03	-3.503815e+00
1.131000e-05	-9.003325e-03	-3.447000e+00
1.132000e-05	-9.157841e-03	-3.263912e+00
1.133000e-05	-9.096781e-03	-3.241004e+00
1.134000e-05	-6.038692e-03	-3.126266e+00
1.135000e-05	-6.011393e-03	-3.025420e+00
1.136000e-05	-6.519588e-03	-2.900158e+00
1.137000e-05	-7.076277e-03	-2.767470e+00
1.138000e-05	-4.337452e-03	-2.662608e+00
1.139000e-05	-6.698778e-03	-2.536872e+00
1.140000e-05	-7.875226e-03	-2.441028e+00
1.141000e-05	-9.812803e-03	-2.368367e+00
1.142000e-05	-5.579256e-03	-2.299634e+00
1.143000e-05	-6.754354e-03	-2.102709e+00
1.144000e-05	-6.310892e-03	-1.997974e+00
1.145000e-05	-5.107000e-03	-1.932730e+00
1.146000e-05	-2.365248e-03	-1.798375e+00
1.147000e-05	-3.240185e-03	-1.661208e+00
1.148000e-05	-7.080223e-03	-1.588401e+00
1.149000e-05	-6.744681e-03	-1.490048e+00
1.150000e-05	-6.213940e-03	-1.302585e+00
1.151000e-05	-4.987676e-03	-1.126849e+00
1.152000e-05	-6.636442e-03	-1.030604e+00
1.153000e-05	-4.647848e-03	-9.258370e-01
1.154000e-05	-2.546604e-03	-8.300025e-01
1.155000e-05	-8.721252e-04	-7.337683e-01
1.156000e-05	-4.988509e-03	-5.543936e-01
1.157000e-05	-4.441712e-03	-4.416040e-01
1.158000e-05	-4.736315e-03	-3.377647e-01
1.159000e-05	-3.799122e-03	-2.501326e-01
1.160000e-05	-4.490892e-03	-9.234302e-02
1.161000e-05	-1.321724e-03	-9.000197e-03
1.162000e-05	9.539996e-04	7.486158e-02
1.163000e-05	5.427936e-05	2.441267e-01
1.164000e-05	-3.570325e-04	3.489197e-01
1.165000e-05	-2.145878e-03	4.130778e-01
1.166000e-05	-4.396366e-04	5.493421e-01
1.167000e-05	-1.341096e-03	6.237554e-01
1.168000e-05	2.607284e-03	7.393210e-01
1.169000e-05	2.091661e-02	8.421328e-01
1.170000e-05	3.811514e-02	1.025634e+00
1.171000e-05	-1.160977e-02	1.183025e+00
1.172000e-05	-5.565274e-02	1.380374e+00
1.173000e-05	-8.016266e-02	1.411553e+00
1.174000e-05	6.305763e-02	1.525813e+00
1.175000e-05	6.233931e-02	1.727735e+00
1.176000e-05	-6.972884e-02	1.810024e+00
1.177000e-05	-3.500673e-02	1.863605e+00
1.178000e-05	9.806459e-02	1.981549e+00
1.179000e-05	9.325570e-03	2.093788e+00
1.180000e-05	-4.786234e-02	2.159416e+00
1.181000e-05	1.980218e-02	2.275157e+00
1.182000e-05	-6.231338e-02	2.400075e+00
1.183000e-05	2.683404e-02	2.464182e+00
1.184000e-05	9.338359e-02	2.642099e+00
1.185000e-05	-5.758479e-02	2.759494e+00
1.186000e-05	-6.065686e-02	2.854629e+00
1.187000e-05	7.086938e-02	2.936888e+00
1.188000e-05	2.157728e-02	3.054605e+00
1.189000e-05	-3.866068e-02	3.107938e+00
1.190000e-05	-3.982689e-02	3.231678e+00
1.191000e-05	3.550043e-02	3.338265e+00
1.192000e-05	7.068254e-02	3.443505e+00
1.193000e-05	-4.214030e-02	3.549420e+00
1.194000e-05	-5.578116e-02	3.632625e+00
1.195000e-05	5.061696e-02	3.778370e+00
1.196000e-05	3.415283e-02	3.811652e+00
1.197000e-05	-4.147763e-02	3.938418e+00
1.198000e-05	3.213787e-03	4.010051e+00
1.199000e-05	1.992302e-02	4.075734e+00
1.200000e-05	1.667933e-02	4.190422e+00
1.201000e-05	-7.804403e-03	4.317767e+00
1.202000e-05	-1.927500e-02	4.410553e+00
1.203000e-05	1.154590e-02	4.454183e+00
1.204000e-05	2.428524e-02	4.558417e+00
1.205000e-05	3.989350e-03	4.624198e+00
1.206000e-05	-1.821153e-02	4.726841e+00
1.207000e-05	1.713614e-02	4.800373e+00
1.208000e-05	1.720027e-02	4.862153e+00
1.209000e-05	-7.065670e-03	4.950319e+00
1.210000e-05	-8.512242e-03	5.043909e+00
1.211000e-05	1.444224e-02	5.220473e+00
1.212000e-05	1.709488e-02	5.221501e+00
1.213000e-05	-1.589940e-04	5.328288e+00
1.214000e-05	-4.600538e-03	5.390025e+00
1.215000e-05	7.201205e-03	5.431583e+00
1.216000e-05	2.063756e-02	5.495233e+00
1.217000e-05	-1.791924e-03	5.507395e+00
1.218000e-05	-2.615698e-03	5.601471e+00
1.219000e-05	1.088436e-02	5.631001e+00
1.220000e-05	1.972241e-02	5.642135e+00
1.221000e-05	9.894476e-05	5.777840e+00
1.222000e-05	-5.390659e-03	5.834003e+00
1.223000e-05	1.290298e-02	5.897240e+00
1.224000e-05	1.730136e-02	5.989419e+00
1.225000e-05	5.039738e-03	5.959975e+00
1.226000e-05	-2.518169e-03	6.020030e+00
1.227000e-05	1.549856e-02	6.021582e+00
1.228000e-05	1.759751e-02	6.083684e+00
1.229000e-05	4.073536e-03	6.116213e+00
1.230000e-05	-2.364942e-03	6.178770e+00
1.231000e-05	1.352100e-02	6.147420e+00
1.232000e-05	1.786817e-02	6.199474e+00
1.233000e-05	6.172499e-03	6.230527e+00
1.234000e-05	2.750646e-03	6.260105e+00
1.235000e-05	1.300326e-02	6.232552e+00
1.236000e-05	1.964130e-02	6.234079e+00
1.237000e-05	8.995058e-03	6.293662e+00
1.238000e-05	4.753494e-03	6.313738e+00
1.239000e-05	1.325337e-02	6.325758e+00
1.240000e-05	1.977492e-02	6.336267e+00
1.241000e-05	1.077671e-02	6.295265e+00
1.242000e-05	5.379631e-03	6.346870e+00
1.243000e-05	1.471570e-02	6.367818e+00
1.244000e-05	1.966293e-02	6.306791e+00
1.245000e-05	1.491751e-02	6.334792e+00
1.246000e-05	7.588957e-03	6.336796e+00
1.247000e-05	1.732694e-02	6.336763e+00
1.248000e-05	1.981726e-02	6.283116e+00
1.249000e-05	1.534825e-02	6.303762e+00
1.250000e-05	9.781076e-03	6.263188e+00
1.251000e-05	1.429705e-02	6.312654e+00
1.252000e-05	1.958144e-02	6.251108e+00
1.253000e-05	1.484649e-02	6.201602e+00
1.254000e-05	1.166771e-02	6.240925e+00
1.255000e-05	1.515165e-02	6.178420e+00
1.256000e-05	1.879780e-02	6.178847e+00
1.257000e-05	1.477472e-02	6.145312e+00
1.258000e-05	1.014526e-02	6.092133e+00
1.259000e-05	1.342920e-02	6.062028e+00
1.260000e-05	1.671447e-02	6.031028e+00
1.261000e-05	1.256241e-02	6.010027e+00
1.262000e-05	8.376079e-03	5.978922e+00
1.263000e-05	1.072471e-02	5.946315e+00
1.264000e-05	1.386160e-02	5.914838e+00
1.265000e-05	1.207821e-02	5.817998e+00
1.266000e-05	7.979031e-03	5.726216e+00
1.267000e-05	1.050458e-02	5.651082e+00
1.268000e-05	1.090766e-02	5.610504e+00
1.269000e-05	9.906350e-03	5.589971e+00
1.270000e-05	6.706567e-03	5.536368e+00
1.271000e-05	7.843258e-03	5.493088e+00
1.272000e-05	8.144953e-03	5.419978e+00
1.273000e-05	6.082933e-03	5.387349e+00
1.274000e-05	6.032469e-03	5.314735e+00
1.275000e-05	6.705853e-03	5.252007e+00
1.276000e-05	8.806753e-03	5.177345e+00
1.277000e-05	6.876292e-03	5.025457e+00
1.278000e-05	4.119857e-03	4.905316e+00
1.279000e-05	4.051442e-03	4.811104e+00
1.280000e-05	5.404673e-03	4.808951e+00
1.281000e-05	4.419735e-03	4.723716e+00
1.282000e-05	2.995544e-03	4.701006e+00
1.283000e-05	3.455066e-03	4.557416e+00
1.284000e-05	5.676709e-03	4.473559e+00
1.285000e-05	3.718048e-03	4.420028e+00
1.286000e-05	2.644879e-03	4.338345e+00
1.287000e-05	9.941383e-04	4.269584e+00
1.288000e-05	3.284319e-03	4.123188e+00
1.289000e-05	2.845502e-03	4.009478e+00
1.290000e-05	8.312169e-04	3.946242e+00
1.291000e-05	1.042050e-03	3.830585e+00
1.292000e-05	2.466627e-03	3.787375e+00
1.293000e-05	1.802336e-03	3.702608e+00
1.294000e-05	5.980378e-04	3.589476e+00
1.295000e-05	-6.463005e-04	3.566317e+00
1.296000e-05	1.900835e-03	3.366949e+00
1.297000e-05	1.409771e-03	3.242158e+00
1.298000e-05	-3.480923e-04	3.188846e+00
1.299000e-05	-8.656212e-04	3.042162e+00
1.300000e-05	1.042376e-04	3.006851e+00
1.301000e-05	7.711709e-04	2.892657e+00
1.302000e-05	-1.178654e-03	2.789425e+00
1.303000e-05	-1.586556e-03	2.702242e+00
1.304000e-05	-9.848798e-05	2.543673e+00
1.305000e-05	1.085539e-06	2.419503e+00
1.306000e-05	-1.420422e-03	2.325667e+00
1.307000e-05	-1.662894e-03	2.200581e+00
1.308000e-05	-2.729253e-04	2.124688e+00
1.309000e-05	-7.907736e-04	2.039954e+00
1.310000e-05	-2.409375e-03	1.945268e+00
1.311000e-05	-2.954849e-03	1.797899e+00
1.312000e-05	-1.962013e-03	1.683685e+00
1.313000e-05	-1.662370e-03	1.617376e+00
1.314000e-05	-2.805661e-03	1.420557e+00
1.315000e-05	-3.439734e-03	1.275721e+00
1.316000e-05	-1.803039e-03	1.189949e+00
1.317000e-05	-2.150709e-03	1.069065e+00
1.318000e-05	-2.754867e-03	9.152116e-01
1.319000e-05	-3.858046e-03	8.089484e-01
1.320000e-05	-3.004443e-03	6.926631e-01
1.321000e-05	-3.592522e-03	5.573997e-01
1.322000e-05	-4.145745e-03	4.204778e-01
1.323000e-05	-4.692381e-03	3.378971e-01
1.324000e-05	-3.619968e-03	2.724838e-01
1.325000e-05	-3.421644e-03	5.158547e-02
1.326000e-05	-1.970575e-03	-2.307895e-02
1.327000e-05	-1.852321e-03	-1.474134e-01
1.328000e-05	-1.860688e-04	-2.126018e-01
1.329000e-05	-2.030804e-03	-3.473646e-01
1.330000e-05	-2.856792e-03	-4.316026e-01
1.331000e-05	-3.808304e-03	-5.294161e-01
1.332000e-05	-4.364047e-03	-6.759069e-01
1.333000e-05	-3.226007e-03	-8.195250e-01
1.334000e-05	7.236386e-03	-9.042542e-01
1.335000e-05	4.037767e-02	-9.699935e-01
1.336000e-05	1.693988e-02	-1.158467e+00
1.337000e-05	-5.330036e-02	-1.352628e+00
1.338000e-05	-9.422157e-02	-1.568947e+00
1.339000e-05	1.946212e-02	-1.578971e+00
1.340000e-05	8.524950e-02	-1.620997e+00
1.341000e-05	-3.799340e-02	-1.758992e+00
1.342000e-05	-9.048492e-02	-1.896289e+00
1.343000e-05	1.189784e-01	-1.916385e+00
1.344000e-05	1.060200e-02	-2.004603e+00
1.345000e-05	-7.853805e-02	-2.255159e+00
1.346000e-05	4.204605e-02	-2.357894e+00
1.347000e-05	-5.177022e-02	-2.412550e+00
1.348000e-05	-6.297313e-02	-2.549470e+00
1.349000e-05	1.246178e-01	-2.621651e+00
1.350000e-05	-1.587325e-02	-2.726366e+00
1.351000e-05	-1.238760e-01	-2.822147e+00
1.352000e-05	7.036041e-02	-2.925834e+00
1.353000e-05	4.119072e-02	-3.036781e+00
1.354000e-05	-7.312942e-02	-3.201576e+00
1.355000e-05	-3.456829e-02	-3.242126e+00
1.356000e-05	1.317658e-02	-3.411547e+00
1.357000e-05	6.102446e-02	-3.556835e+00
1.358000e-05	-6.621588e-03	-3.578471e+00
1.359000e-05	-1.181973e-01	-3.644577e+00
1.360000e-05	5.673164e-02	-3.768799e+00
1.361000e-05	5.257669e-02	-3.944807e+00
1.362000e-05	-8.699894e-02	-4.001519e+00
1.363000e-05	-6.590036e-03	-4.063652e+00
1.364000e-05	1.717940e-02	-4.168516e+00
1.365000e-05	1.341716e-02	-4.253182e+00
1.366000e-05	-1.808895e-02	-4.326917e+00
1.367000e-05	-5.423559e-02	-4.369975e+00
1.368000e-05	1.979007e-02	-4.454130e+00
1.369000e-05	2.332819e-02	-4.559345e+00
1.370000e-05	-3.921605e-02	-4.664055e+00
1.371000e-05	-1.757643e-02	-4.736886e+00
1.372000e-05	-5.797183e-03	-4.802056e+00
1.373000e-05	1.453515e-02	-4.945289e+00
1.374000e-05	-2.048635e-02	-4.981498e+00
1.375000e-05	-4.143365e-02	-5.042654e+00
1.376000e-05	2.043373e-02	-5.115861e+00
1.377000e-05	-9.034009e-04	-5.200023e+00
1.378000e-05	-1.498516e-02	-5.265158e+00
1.379000e-05	-2.870866e-02	-5.349336e+00
1.380000e-05	-1.411529e-02	-5.455159e+00
1.381000e-05	1.855839e-02	-5.577946e+00
1.382000e-05	-2.474428e-02	-5.620500e+00
1.383000e-05	-2.885141e-02	-5.652127e+00
1.384000e-05	-1.210087e-03	-5.693658e+00
1.385000e-05	3.737961e-03	-5.807942e+00
1.386000e-05	-1.366864e-02	-5.791050e+00
1.387000e-05	-3.558740e-02	-5.861127e+00
1.388000e-05	-6.643500e-03	-5.845811e+00
1.389000e-05	8.504885e-03	-5.948343e+00
1.390000e-05	-2.223746e-02	-5.999995e+00
1.391000e-05	-2.507369e-02	-5.989524e+00
1.392000e-05	-1.203493e-02	-6.040526e+00
1.393000e-05	2.846415e-03	-6.054729e+00
1.394000e-05	-1.816647e-02	-6.106289e+00
1.395000e-05	-3.322716e-02	-6.166864e+00
1.396000e-05	-6.945340e-03	-6.251075e+00
1.397000e-05	-3.749414e-03	-6.301127e+00
1.398000e-05	-1.702445e-02	-6.265264e+00
1.399000e-05	-3.010001e-02	-6.344816e+00
1.400000e-05	-1.508875e-02	-6.326417e+00
1.401000e-05	-1.969207e-03	-6.357467e+00
1.402000e-05	-2.102931e-02	-6.398971e+00
1.403000e-05	-2.890483e-02	-6.399546e+00
1.404000e-05	-1.747352e-02	-6.409550e+00
1.405000e-05	-6.309922e-03	-6.390023e+00
1.406000e-05	-1.852711e-02	-6.410979e+00
1.407000e-05	-3.119308e-02	-6.391053e+00
1.408000e-05	-1.802980e-02	-6.421053e+00
1.409000e-05	-1.029724e-02	-6.420528e+00
1.410000e-05	-2.078631e-02	-6.440600e+00
1.411000e-05	-2.991251e-02	-6.422078e+00
1.412000e-05	-2.240182e-02	-6.430053e+00
1.413000e-05	-1.185274e-02	-6.440501e+00
1.414000e-05	-2.133104e-02	-6.401026e+00
1.415000e-05	-2.956846e-02	-6.408975e+00
1.416000e-05	-2.257387e-02	-6.379547e+00
1.417000e-05	-1.422177e-02	-6.407997e+00
1.418000e-05	-1.911027e-02	-6.367422e+00
1.419000e-05	-2.925930e-02	-6.347918e+00
1.420000e-05	-2.283439e-02	-6.357364e+00
1.421000e-05	-1.424623e-02	-6.293662e+00
1.422000e-05	-1.966368e-02	-6.272128e+00
1.423000e-05	-2.622952e-02	-6.238526e+00
1.424000e-05	-2.361615e-02	-6.205416e+00
1.425000e-05	-1.340774e-02	-6.134335e+00
1.426000e-05	-1.740167e-02	-6.051654e+00
1.427000e-05	-2.469072e-02	-6.028525e+00
1.428000e-05	-2.100006e-02	-6.010525e+00
1.429000e-05	-1.391772e-02	-5.988949e+00
1.430000e-05	-1.531656e-02	-5.976343e+00
1.431000e-05	-2.203332e-02	-5.914757e+00
1.432000e-05	-1.891429e-02	-5.821029e+00
1.433000e-05	-1.261659e-02	-5.779038e+00
1.434000e-05	-1.456824e-02	-5.757888e+00
1.435000e-05	-2.010574e-02	-5.673687e+00
1.436000e-05	-1.852794e-02	-5.640603e+00
1.437000e-05	-1.125600e-02	-5.588498e+00
1.438000e-05	-1.245244e-02	-5.524865e+00
1.439000e-05	-1.760894e-02	-5.470731e+00
1.440000e-05	-1.596848e-02	-5.384393e+00
1.441000e-05	-1.100959e-02	-5.271627e+00
1.442000e-05	-1.177030e-02	-5.178494e+00
1.443000e-05	-1.575025e-02	-5.154840e+00
1.444000e-05	-1.498173e-02	-5.041076e+00
1.445000e-05	-1.023871e-02	-4.967414e+00
1.446000e-05	-1.094485e-02	-4.890734e+00
1.447000e-05	-1.245695e-02	-4.756718e+00
1.448000e-05	-1.185737e-02	-4.682608e+00
1.449000e-05	-8.713331e-03	-4.578900e+00
1.450000e-05	-9.708621e-03	-4.536843e+00
1.451000e-05	-1.216257e-02	-4.461604e+00
1.452000e-05	-1.096952e-02	-4.409449e+00
1.453000e-05	-8.406089e-03	-4.326737e+00
1.454000e-05	-8.425631e-03	-4.240629e+00
1.455000e-05	-1.106811e-02	-4.174919e+00
1.456000e-05	-1.009455e-02	-4.072682e+00
1.457000e-05	-7.213051e-03	-4.009476e+00
1.458000e-05	-7.692429e-03	-3.934313e+00
1.459000e-05	-1.012061e-02	-3.777465e+00
1.460000e-05	-8.546424e-03	-3.692104e+00
1.461000e-05	-7.242069e-03	-3.599496e+00
1.462000e-05	-7.736039e-03	-3.494313e+00
1.463000e-05	-1.000556e-02	-3.429969e+00
1.464000e-05	-7.576344e-03	-3.300758e+00
1.465000e-05	-7.642213e-03	-3.211551e+00
1.466000e-05	-7.064950e-03	-3.115766e+00
1.467000e-05	-7.152595e-03	-2.994371e+00
1.468000e-05	-7.943053e-03	-2.830628e+00
1.469000e-05	-5.700289e-03	-2.745923e+00
1.470000e-05	-7.637091e-03	-2.622558e+00
1.471000e-05	-6.865349e-03	-2.567862e+00
1.472000e-05	-6.694543e-03	-2.451052e+00
1.473000e-05	-6.392581e-03	-2.356397e+00
1.474000e-05	-6.513265e-03	-2.238882e+00
1.475000e-05	-7.277970e-03	-2.101630e+00
1.476000e-05	-6.347040e-03	-1.966974e+00
1.477000e-05	-4.335193e-03	-1.873058e+00
1.478000e-05	-4.989817e-03	-1.788450e+00
1.479000e-05	-4.937494e-03	-1.672155e+00
1.480000e-05	-4.976335e-03	-1.597872e+00
1.481000e-05	-4.728218e-03	-1.487055e+00
1.482000e-05	-6.027098e-03	-1.280682e+00
1.483000e-05	-6.543619e-03	-1.176290e+00
1.484000e-05	-5.638305e-03	-1.020547e+00
1.485000e-05	-3.493154e-03	-9.157117e-01
1.486000e-05	-4.053242e-03	-8.090536e-01
1.487000e-05	-4.374045e-03	-7.347869e-01
1.488000e-05	-3.394376e-03	-5.638946e-01
1.489000e-05	-2.905535e-03	-4.210014e-01
1.490000e-05	-4.264802e-03	-3.648131e-01
1.491000e-05	-4.943099e-03	-2.399763e-01
1.492000e-05	-2.827690e-03	-8.275922e-02
1.493000e-05	-1.965950e-05	9.513091e-04
1.494000e-05	7.139922e-04	8.578946e-02
1.495000e-05	-1.597190e-03	2.256328e-01
1.496000e-05	-4.614453e-04	3.994501e-01
1.497000e-05	1.849768e-05	4.436318e-01
1.498000e-05	-6.540006e-04	5.983449e-01
1.499000e-05	-3.107829e-03	6.621079e-01
1.500000e-05	5.849583e-03	7.793699e-01
1.501000e-05	2.599584e-02	8.835865e-01
1.502000e-05	3.685485e-02	1.046227e+00
1.503000e-05	-2.041004e-02	1.264179e+00
1.504000e-05	-6.194093e-02	1.360450e+00
1.505000e-05	-6.894841e-02	1.412130e+00
1.506000e-05	8.046155e-02	1.558467e+00
1.507000e-05	4.433354e-02	1.728842e+00
1.508000e-05	-8.730433e-02	1.801025e+00
1.509000e-05	6.841230e-04	1.844707e+00
1.510000e-05	8.722350e-02	2.000603e+00
1.511000e-05	-3.744198e-04	2.106295e+00
1.512000e-05	-4.170858e-02	2.167948e+00
1.513000e-05	1.393874e-02	2.337286e+00
1.514000e-05	-5.939151e-02	2.381552e+00
1.515000e-05	3.881296e-02	2.474684e+00
1.516000e-05	8.288255e-02	2.643632e+00
1.517000e-05	-7.023547e-02	2.780497e+00
1.518000e-05	-4.418141e-02	2.853658e+00
1.519000e-05	7.299185e-02	2.958897e+00
1.520000e-05	1.048601e-02	3.051553e+00
1.521000e-05	-4.094323e-02	3.169345e+00
1.522000e-05	-3.141329e-02	3.250604e+00
1.523000e-05	4.167312e-02	3.356845e+00
1.524000e-05	6.521217e-02	3.482655e+00
1.525000e-05	-5.755833e-02	3.570949e+00
1.526000e-05	-4.101566e-02	3.634132e+00
1.527000e-05	5.332327e-02	3.778875e+00
1.528000e-05	2.119695e-02	3.862633e+00
1.529000e-05	-3.906543e-02	3.969896e+00
1.530000e-05	7.892282e-03	4.050529e+00
1.531000e-05	2.074336e-02	4.055288e+00
1.532000e-05	1.296841e-02	4.212526e+00
1.533000e-05	-7.374253e-03	4.325917e+00
1.534000e-05	-1.921262e-02	4.421102e+00
1.535000e-05	1.665855e-02	4.454686e+00
1.536000e-05	1.972995e-02	4.587376e+00
1.537000e-05	-1.705952e-04	4.675100e+00
1.538000e-05	-1.649684e-02	4.716845e+00
1.539000e-05	1.960351e-02	4.769998e+00
1.540000e-05	1.447923e-02	4.892579e+00
1.541000e-05	-8.198059e-03	4.958450e+00
1.542000e-05	-4.088504e-03	5.106860e+00
1.543000e-05	1.339508e-02	5.198449e+00
1.544000e-05	1.630832e-02	5.252259e+00
1.545000e-05	-1.976029e-03	5.305787e+00
1.546000e-05	-3.187216e-03	5.420499e+00
1.547000e-05	7.878609e-03	5.431578e+00
1.548000e-05	1.855953e-02	5.516291e+00
1.549000e-05	-2.339005e-03	5.558842e+00
1.550000e-05	-8.072076e-05	5.590525e+00
1.551000e-05	1.242022e-02	5.643608e+00
1.552000e-05	1.720150e-02	5.702187e+00
1.553000e-05	-7.352133e-04	5.728768e+00
1.554000e-05	-4.483278e-03	5.845433e+00
1.555000e-05	1.382158e-02	5.885761e+00
1.556000e-05	1.525199e-02	5.968896e+00
1.557000e-05	3.714321e-03	5.999525e+00
1.558000e-05	-5.457937e-04	6.021503e+00
1.559000e-05	1.690738e-02	6.021075e+00
1.560000e-05	1.658879e-02	6.032634e+00
1.561000e-05	2.522547e-03	6.095265e+00
1.562000e-05	-1.392173e-03	6.186870e+00
1.563000e-05	1.403024e-02	6.187871e+00
1.564000e-05	1.835782e-02	6.190028e+00
1.565000e-05	4.925027e-03	6.210124e+00
1.566000e-05	4.278779e-03	6.263080e+00
1.567000e-05	1.500891e-02	6.212605e+00
1.568000e-05	2.041387e-02	6.282686e+00
1.569000e-05	6.750515e-03	6.263734e+00
1.570000e-05	4.426159e-03	6.305337e+00
1.571000e-05	1.424327e-02	6.324240e+00
1.572000e-05	1.999839e-02	6.355790e+00
1.573000e-05	1.099000e-02	6.315865e+00
1.574000e-05	6.195454e-03	6.366416e+00
1.575000e-05	1.665197e-02	6.356267e+00
1.576000e-05	2.115354e-02	6.336335e+00
1.577000e-05	1.277348e-02	6.316741e+00
1.578000e-05	7.495385e-03	6.326742e+00
1.579000e-05	1.543118e-02	6.334241e+00
1.580000e-05	2.071722e-02	6.313786e+00
1.581000e-05	1.376815e-02	6.263685e+00
1.582000e-05	9.604202e-03	6.282656e+00
1.583000e-05	1.525372e-02	6.254583e+00
1.584000e-05	2.094132e-02	6.241030e+00
1.585000e-05	1.536303e-02	6.221002e+00
1.586000e-05	1.020128e-02	6.209977e+00
1.587000e-05	1.387116e-02	6.179374e+00
1.588000e-05	1.872296e-02	6.178445e+00
1.589000e-05	1.475833e-02	6.115191e+00
1.590000e-05	8.243440e-03	6.064261e+00
1.591000e-05	1.379654e-02	6.051555e+00
1.592000e-05	1.689605e-02	6.020025e+00
1.593000e-05	1.347587e-02	5.999999e+00
1.594000e-05	7.483284e-03	5.968899e+00
1.595000e-05	1.030903e-02	5.929318e+00
1.596000e-05	1.382427e-02	5.910186e+00
1.597000e-05	1.244010e-02	5.769400e+00
1.598000e-05	7.098763e-03	5.734238e+00
1.599000e-05	8.639529e-03	5.663061e+00
1.600000e-05	1.342056e-02	5.600028e+00
1.601000e-05	9.899580e-03	5.588424e+00
1.602000e-05	6.275901e-03	5.516342e+00
1.603000e-05	5.320637e-03	5.443557e+00
1.604000e-05	1.012543e-02	5.409975e+00
1.605000e-05	7.851109e-03	5.375896e+00
1.606000e-05	5.714183e-03	5.293659e+00
1.607000e-05	3.863701e-03	5.259532e+00
1.608000e-05	9.153030e-03	5.155790e+00
1.609000e-05	7.959909e-03	5.060575e+00
1.610000e-05	4.810138e-03	4.955692e+00
1.611000e-05	2.200750e-03	4.860504e+00
1.612000e-05	5.172542e-03	4.789444e+00
1.613000e-05	6.420755e-03	4.703164e+00
1.614000e-05	2.777928e-03	4.660554e+00
1.615000e-05	1.996984e-03	4.558342e+00
1.616000e-05	4.081964e-03	4.452662e+00
1.617000e-05	5.975230e-03	4.419976e+00
1.618000e-05	1.418345e-03	4.345294e+00
1.619000e-05	8.475264e-04	4.221957e+00
1.620000e-05	2.948229e-03	4.133608e+00
1.621000e-05	4.158435e-03	3.990529e+00
1.622000e-05	1.607770e-03	3.925789e+00
1.623000e-05	-1.219201e-04	3.862154e+00
1.624000e-05	1.818285e-03	3.736896e+00
1.625000e-05	2.278345e-03	3.681655e+00
1.626000e-05	8.367318e-04	3.578526e+00
1.627000e-05	-7.128477e-04	3.566740e+00
1.628000e-05	-4.583589e-04	3.396323e+00
1.629000e-05	1.807710e-03	3.240579e+00
1.630000e-05	3.688458e-04	3.156295e+00
1.631000e-05	-9.232169e-04	3.052084e+00
1.632000e-05	-4.393718e-05	3.008348e+00
1.633000e-05	1.185204e-03	2.871634e+00
1.634000e-05	1.088034e-03	2.788397e+00
1.635000e-05	-1.880872e-03	2.733688e+00
1.636000e-05	-2.514051e-03	2.543666e+00
1.637000e-05	-1.828463e-04	2.410999e+00
1.638000e-05	-8.380196e-04	2.305264e+00
1.639000e-05	-1.514779e-03	2.209948e+00
1.640000e-05	-1.760619e-03	2.094242e+00
1.641000e-05	-1.496493e-03	2.009975e+00
1.642000e-05	2.996859e-04	1.864720e+00
1.643000e-05	-2.541382e-03	1.787926e+00
1.644000e-05	-3.377018e-03	1.692634e+00
1.645000e-05	-1.916173e-03	1.546246e+00
1.646000e-05	-1.951601e-03	1.429054e+00
1.647000e-05	-2.618373e-03	1.324238e+00
1.648000e-05	-4.647648e-03	1.239476e+00
1.649000e-05	-2.314940e-03	1.101038e+00
1.650000e-05	-2.072024e-03	8.541091e-01
1.651000e-05	-2.295089e-03	7.983511e-01
1.652000e-05	-3.983417e-03	6.851579e-01
1.653000e-05	-3.653461e-03	5.463457e-01
1.654000e-05	-2.903706e-03	4.221054e-01
1.655000e-05	-3.440186e-03	3.873472e-01
1.656000e-05	-5.245229e-03	2.290812e-01
1.657000e-05	-3.688413e-03	1.126078e-01
1.658000e-05	-3.377399e-03	-3.262788e-02
1.659000e-05	-3.788064e-04	-1.079436e-01
1.660000e-05	-8.472232e-04	-2.317567e-01
1.661000e-05	-2.085399e-03	-3.279685e-01
1.662000e-05	-3.076584e-03	-4.025764e-01
1.663000e-05	-2.905089e-03	-5.323960e-01
1.664000e-05	-4.813953e-03	-7.078856e-01
1.665000e-05	-2.979102e-03	-8.000250e-01
1.666000e-05	9.248661e-03	-8.762355e-01
1.667000e-05	4.520230e-02	-9.615213e-01
1.668000e-05	3.963085e-03	-1.182517e+00
1.669000e-05	-5.790293e-02	-1.424680e+00
1.670000e-05	-9.843698e-02	-1.561021e+00
1.671000e-05	4.842019e-02	-1.588946e+00
1.672000e-05	7.301642e-02	-1.620549e+00
1.673000e-05	-5.899769e-02	-1.763073e+00
1.674000e-05	-5.745547e-02	-1.876868e+00
1.675000e-05	1.153985e-01	-1.935387e+00
1.676000e-05	-4.878681e-03	-2.066202e+00
1.677000e-05	-7.499663e-02	-2.296815e+00
1.678000e-05	4.429125e-02	-2.368391e+00
1.679000e-05	-6.500269e-02	-2.423105e+00
1.680000e-05	-4.366486e-02	-2.589947e+00
1.681000e-05	1.346041e-01	-2.652101e+00
1.682000e-05	-4.713654e-02	-2.757842e+00
1.683000e-05	-1.133907e-01	-2.812678e+00
1.684000e-05	9.332386e-02	-2.958740e+00
1.685000e-05	1.718667e-02	-3.127388e+00
1.686000e-05	-7.351310e-02	-3.212101e+00
1.687000e-05	-2.933296e-02	-3.244630e+00
1.688000e-05	2.019495e-02	-3.403075e+00
1.689000e-05	6.492503e-02	-3.557889e+00
1.690000e-05	-3.196656e-02	-3.599392e+00
1.691000e-05	-1.087471e-01	-3.643156e+00
1.692000e-05	7.512248e-02	-3.798053e+00
1.693000e-05	3.528244e-02	-3.877864e+00
1.694000e-05	-8.615603e-02	-4.021026e+00
1.695000e-05	4.973519e-03	-4.022657e+00
1.696000e-05	1.510524e-02	-4.171024e+00
1.697000e-05	1.424322e-02	-4.284282e+00
1.698000e-05	-2.817129e-02	-4.356342e+00
1.699000e-05	-5.472234e-02	-4.409527e+00
1.700000e-05	3.111420e-02	-4.472729e+00
1.701000e-05	1.357355e-02	-4.550417e+00
1.702000e-05	-3.592132e-02	-4.642734e+00
1.703000e-05	-1.570094e-02	-4.727312e+00
1.704000e-05	-1.257398e-03	-4.874099e+00
1.705000e-05	1.570496e-02	-4.925894e+00
1.706000e-05	-2.792744e-02	-4.970045e+00
1.707000e-05	-3.854667e-02	-5.042234e+00
1.708000e-05	2.098226e-02	-5.146787e+00
1.709000e-05	-3.369603e-03	-5.201073e+00
1.710000e-05	-1.526718e-02	-5.304731e+00
1.711000e-05	-2.976223e-02	-5.408794e+00
1.712000e-05	-9.058095e-03	-5.534709e+00
1.713000e-05	1.981532e-02	-5.557418e+00
1.714000e-05	-2.975781e-02	-5.620524e+00
1.715000e-05	-2.513368e-02	-5.643103e+00
1.716000e-05	-1.472167e-03	-5.674837e+00
1.717000e-05	2.853881e-03	-5.768993e+00
1.718000e-05	-1.567495e-02	-5.800524e+00
1.719000e-05	-3.741308e-02	-5.821629e+00
1.720000e-05	-2.503253e-03	-5.864284e+00
1.721000e-05	5.328729e-03	-5.948342e+00
1.722000e-05	-2.267968e-02	-5.969471e+00
1.723000e-05	-2.396860e-02	-6.009976e+00
1.724000e-05	-1.118632e-02	-6.020550e+00
1.725000e-05	3.331610e-03	-6.085731e+00
1.726000e-05	-2.091519e-02	-6.125935e+00
1.727000e-05	-3.172236e-02	-6.197363e+00
1.728000e-05	-7.353371e-03	-6.221427e+00
1.729000e-05	-4.137746e-03	-6.273808e+00
1.730000e-05	-1.835401e-02	-6.324683e+00
1.731000e-05	-2.885356e-02	-6.305766e+00
1.732000e-05	-1.400701e-02	-6.326967e+00
1.733000e-05	-2.535633e-03	-6.379521e+00
1.734000e-05	-2.253559e-02	-6.399520e+00
1.735000e-05	-2.694602e-02	-6.410023e+00
1.736000e-05	-1.660254e-02	-6.400000e+00
1.737000e-05	-6.643673e-03	-6.431025e+00
1.738000e-05	-2.090851e-02	-6.401576e+00
1.739000e-05	-3.051670e-02	-6.420575e+00
1.740000e-05	-1.817580e-02	-6.430053e+00
1.741000e-05	-1.180435e-02	-6.421552e+00
1.742000e-05	-2.051487e-02	-6.400553e+00
1.743000e-05	-2.788640e-02	-6.421001e+00
1.744000e-05	-2.088008e-02	-6.410579e+00
1.745000e-05	-1.122390e-02	-6.430575e+00
1.746000e-05	-2.262679e-02	-6.409028e+00
1.747000e-05	-2.851537e-02	-6.379476e+00
1.748000e-05	-2.255821e-02	-6.419023e+00
1.749000e-05	-1.698961e-02	-6.378949e+00
1.750000e-05	-1.989470e-02	-6.398422e+00
1.751000e-05	-2.897898e-02	-6.367842e+00
1.752000e-05	-2.081117e-02	-6.274841e+00
1.753000e-05	-1.580394e-02	-6.355739e+00
1.754000e-05	-1.843604e-02	-6.252103e+00
1.755000e-05	-2.472348e-02	-6.210019e+00
1.756000e-05	-2.248252e-02	-6.125817e+00
1.757000e-05	-1.685109e-02	-6.124836e+00
1.758000e-05	-1.998078e-02	-6.061176e+00
1.759000e-05	-2.372329e-02	-6.029550e+00
1.760000e-05	-1.904079e-02	-5.988974e+00
1.761000e-05	-1.333608e-02	-5.988971e+00
1.762000e-05	-1.489459e-02	-5.925391e+00
1.763000e-05	-2.012882e-02	-5.924209e+00
1.764000e-05	-1.796332e-02	-5.840580e+00
1.765000e-05	-1.410045e-02	-5.778473e+00
1.766000e-05	-1.697733e-02	-5.704342e+00
1.767000e-05	-1.960923e-02	-5.694660e+00
1.768000e-05	-1.630329e-02	-5.630551e+00
1.769000e-05	-1.111485e-02	-5.569499e+00
1.770000e-05	-1.335668e-02	-5.556318e+00
1.771000e-05	-1.573561e-02	-5.411128e+00
1.772000e-05	-1.474104e-02	-5.383763e+00
1.773000e-05	-1.171174e-02	-5.273153e+00
1.774000e-05	-1.305335e-02	-5.187449e+00
1.775000e-05	-1.499473e-02	-5.134267e+00
1.776000e-05	-1.314409e-02	-5.071553e+00
1.777000e-05	-9.997830e-03	-4.997394e+00
1.778000e-05	-1.010097e-02	-4.882075e+00
1.779000e-05	-1.199734e-02	-4.717293e+00
1.780000e-05	-1.274180e-02	-4.691203e+00
1.781000e-05	-9.636747e-03	-4.558000e+00
1.782000e-05	-1.029613e-02	-4.506315e+00
1.783000e-05	-1.236168e-02	-4.440554e+00
1.784000e-05	-1.031010e-02	-4.379476e+00
1.785000e-05	-6.912687e-03	-4.304236e+00
1.786000e-05	-8.275454e-03	-4.241004e+00
1.787000e-05	-1.141958e-02	-4.167390e+00
1.788000e-05	-1.100801e-02	-4.053633e+00
1.789000e-05	-7.469092e-03	-3.988974e+00
1.790000e-05	-8.697393e-03	-3.954233e+00
1.791000e-05	-9.992851e-03	-3.737920e+00
1.792000e-05	-9.547347e-03	-3.631155e+00
1.793000e-05	-5.517293e-03	-3.576896e+00
1.794000e-05	-6.489083e-03	-3.483684e+00
1.795000e-05	-9.286461e-03	-3.378898e+00
1.796000e-05	-8.295603e-03	-3.282208e+00
1.797000e-05	-7.500130e-03	-3.199025e+00
1.798000e-05	-5.222265e-03	-3.125213e+00
1.799000e-05	-8.911376e-03	-2.966868e+00
1.800000e-05	-7.009014e-03	-2.810576e+00
1.801000e-05	-6.507564e-03	-2.745867e+00
1.802000e-05	-4.663195e-03	-2.651079e+00
1.803000e-05	-8.455799e-03	-2.535767e+00
1.804000e-05	-7.735711e-03	-2.440554e+00
1.805000e-05	-6.652882e-03	-2.346797e+00
1.806000e-05	-4.840618e-03	-2.179551e+00
1.807000e-05	-6.161971e-03	-2.032134e+00
1.808000e-05	-6.386251e-03	-1.977395e+00
1.809000e-05	-4.728436e-03	-1.861158e+00
1.810000e-05	-5.686576e-03	-1.726495e+00
1.811000e-05	-5.025879e-03	-1.631128e+00
1.812000e-05	-6.801736e-03	-1.526373e+00
1.813000e-05	-4.430291e-03	-1.389395e+00
1.814000e-05	-4.828052e-03	-1.281579e+00
1.815000e-05	-3.668351e-03	-1.135738e+00
1.816000e-05	-5.398387e-03	-9.989950e-01
1.817000e-05	-4.504183e-03	-8.936856e-01
1.818000e-05	-3.521102e-03	-7.884763e-01
1.819000e-05	-4.493898e-03	-7.031568e-01
1.820000e-05	-6.082320e-03	-4.832655e-01
1.821000e-05	-5.181704e-03	-3.895012e-01
1.822000e-05	-3.169870e-03	-3.142869e-01
1.823000e-05	-2.457373e-03	-1.984963e-01
1.824000e-05	-2.343944e-03	-8.228421e-02
1.825000e-05	-3.800320e-04	4.988219e-04
1.826000e-05	1.448705e-03	1.062135e-01
1.827000e-05	-2.450656e-04	2.666816e-01
1.828000e-05	-2.332257e-03	3.799975e-01
1.829000e-05	-3.258113e-03	4.836590e-01
1.830000e-05	-1.559294e-03	5.500463e-01
1.831000e-05	1.136804e-03	6.862355e-01
1.832000e-05	5.801637e-03	7.900486e-01
1.833000e-05	2.966553e-02	8.677333e-01
1.834000e-05	3.614688e-02	1.138289e+00
1.835000e-05	-2.438780e-02	1.275686e+00
1.836000e-05	-7.039220e-02	1.409447e+00
1.837000e-05	-5.948306e-02	1.443112e+00
1.838000e-05	9.569845e-02	1.531447e+00
1.839000e-05	2.954792e-02	1.758370e+00
1.840000e-05	-1.021014e-01	1.791526e+00
1.841000e-05	3.133762e-02	1.895786e+00
1.842000e-05	7.427317e-02	2.021124e+00
1.843000e-05	-7.628540e-03	2.096764e+00
1.844000e-05	-3.217793e-02	2.200396e+00
1.845000e-05	8.295924e-04	2.316840e+00
1.846000e-05	-5.033739e-02	2.433158e+00
1.847000e-05	5.744090e-02	2.473254e+00
1.848000e-05	6.586028e-02	2.653659e+00
1.849000e-05	-8.608384e-02	2.790550e+00
1.850000e-05	-2.537484e-02	2.835157e+00
1.851000e-05	7.506484e-02	2.978895e+00
1.852000e-05	1.794933e-03	3.085130e+00
1.853000e-05	-4.743619e-02	3.179424e+00
1.854000e-05	-2.078457e-02	3.221658e+00
1.855000e-05	5.247867e-02	3.339894e+00
1.856000e-05	5.635183e-02	3.503635e+00
1.857000e-05	-7.284972e-02	3.620550e+00
1.858000e-05	-2.570965e-02	3.674161e+00
1.859000e-05	6.083454e-02	3.769524e+00
1.860000e-05	6.257324e-03	3.823657e+00
1.861000e-05	-3.619525e-02	3.998894e+00
1.862000e-05	1.090322e-02	4.012604e+00
1.863000e-05	2.475812e-02	4.118208e+00
1.864000e-05	8.635345e-03	4.212076e+00
1.865000e-05	-9.418532e-03	4.377890e+00
1.866000e-05	-1.891498e-02	4.441528e+00
1.867000e-05	2.406984e-02	4.514241e+00
1.868000e-05	1.694364e-02	4.589948e+00
1.869000e-05	-5.278431e-03	4.663710e+00
1.870000e-05	-1.421061e-02	4.738371e+00
1.871000e-05	2.248415e-02	4.782051e+00
1.872000e-05	1.184474e-02	4.855159e+00
1.873000e-05	-1.218527e-02	4.980977e+00
1.874000e-05	7.953258e-04	5.136814e+00
1.875000e-05	1.576985e-02	5.190949e+00
1.876000e-05	1.686822e-02	5.243657e+00
1.877000e-05	-5.359715e-03	5.336741e+00
1.878000e-05	-2.498113e-03	5.389928e+00
1.879000e-05	1.128586e-02	5.443553e+00
1.880000e-05	1.570368e-02	5.497762e+00
1.881000e-05	-5.615614e-03	5.569420e+00
1.882000e-05	-3.189547e-04	5.619526e+00
1.883000e-05	1.675930e-02	5.622101e+00
1.884000e-05	1.686764e-02	5.682639e+00
1.885000e-05	-1.650186e-03	5.767792e+00
1.886000e-05	-3.491728e-03	5.861682e+00
1.887000e-05	1.688288e-02	5.915413e+00
1.888000e-05	1.318076e-02	5.977946e+00
1.889000e-05	2.347117e-03	6.009475e+00
1.890000e-05	-8.158149e-04	6.022028e+00
1.891000e-05	1.667977e-02	6.042581e+00
1.892000e-05	1.722564e-02	6.053656e+00
1.893000e-05	1.783191e-03	6.105340e+00
1.894000e-05	3.264650e-03	6.178294e+00
1.895000e-05	1.534008e-02	6.158968e+00
1.896000e-05	1.784934e-02	6.209900e+00
1.897000e-05	4.059661e-03	6.221050e+00
1.898000e-05	3.345919e-03	6.251603e+00
1.899000e-05	1.470660e-02	6.262031e+00
1.900000e-05	1.830124e-02	6.293659e+00
1.901000e-05	7.481072e-03	6.293712e+00
1.902000e-05	6.646866e-03	6.325661e+00
1.903000e-05	1.637368e-02	6.325241e+00
1.904000e-05	1.858757e-02	6.376817e+00
1.905000e-05	1.064202e-02	6.316267e+00
1.906000e-05	6.172531e-03	6.337765e+00
1.907000e-05	1.625250e-02	6.337942e+00
1.908000e-05	1.974505e-02	6.346343e+00
1.909000e-05	1.291547e-02	6.327767e+00
1.910000e-05	8.501134e-03	6.325271e+00
1.911000e-05	1.617636e-02	6.355263e+00
1.912000e-05	1.980356e-02	6.333711e+00
1.913000e-05	1.427684e-02	6.285712e+00
1.914000e-05	9.865612e-03	6.313137e+00
1.915000e-05	1.504565e-02	6.262133e+00
1.916000e-05	2.198491e-02	6.251529e+00
1.917000e-05	1.450234e-02	6.219975e+00
1.918000e-05	1.098080e-02	6.197400e+00
1.919000e-05	1.348742e-02	6.159396e+00
1.920000e-05	1.856706e-02	6.167764e+00
1.921000e-05	1.190028e-02	6.124217e+00
1.922000e-05	1.016506e-02	6.093584e+00
1.923000e-05	1.225597e-02	6.032133e+00
1.924000e-05	1.751454e-02	6.020028e+00
1.925000e-05	1.276015e-02	6.000000e+00
1.926000e-05	8.364104e-03	5.978421e+00
1.927000e-05	1.064914e-02	5.956141e+00
1.928000e-05	1.350774e-02	5.891112e+00
1.929000e-05	1.065824e-02	5.788899e+00
1.930000e-05	7.679432e-03	5.723688e+00
1.931000e-05	9.089418e-03	5.620584e+00
1.932000e-05	1.221210e-02	5.610001e+00
1.933000e-05	8.046155e-03	5.597923e+00
1.934000e-05	6.235337e-03	5.544142e+00
1.935000e-05	7.165167e-03	5.471659e+00
1.936000e-05	1.090569e-02	5.419477e+00
1.937000e-05	7.368465e-03	5.317846e+00
1.938000e-05	5.211396e-03	5.314136e+00
1.939000e-05	5.254721e-03	5.230503e+00
1.940000e-05	7.738706e-03	5.105319e+00
1.941000e-05	4.935995e-03	5.008425e+00
1.942000e-05	3.179605e-03	4.902213e+00
1.943000e-05	4.879007e-03	4.841004e+00
1.944000e-05	6.785343e-03	4.767822e+00
1.945000e-05	5.898745e-03	4.734163e+00
1.946000e-05	3.142325e-03	4.629950e+00
1.947000e-05	2.826449e-03	4.527295e+00
1.948000e-05	4.244856e-03	4.451632e+00
1.949000e-05	3.072890e-03	4.419974e+00
1.950000e-05	4.073277e-04	4.334818e+00
1.951000e-05	2.334591e-03	4.229404e+00
1.952000e-05	2.459374e-03	4.112637e+00
1.953000e-05	3.364830e-03	4.007473e+00
1.954000e-05	1.457589e-03	3.945286e+00
1.955000e-05	2.295933e-03	3.849605e+00
1.956000e-05	2.969679e-03	3.734819e+00
1.957000e-05	1.840843e-03	3.682132e+00
1.958000e-05	1.407949e-05	3.588949e+00
1.959000e-05	-4.134662e-05	3.513089e+00
1.960000e-05	1.215745e-03	3.404341e+00
1.961000e-05	7.760746e-04	3.240578e+00
1.962000e-05	-5.738872e-04	3.135341e+00
1.963000e-05	-4.904596e-04	3.083103e+00
1.964000e-05	2.093217e-03	2.947320e+00
1.965000e-05	1.358255e-03	2.891055e+00
1.966000e-05	-3.039065e-04	2.797921e+00
1.967000e-05	-1.041083e-03	2.651660e+00
1.968000e-05	4.432965e-04	2.544787e+00
1.969000e-05	-1.241329e-03	2.399903e+00
1.970000e-05	-3.092765e-03	2.323666e+00
1.971000e-05	-2.359257e-03	2.198350e+00
1.972000e-05	2.446933e-05	2.112585e+00
1.973000e-05	-9.893687e-04	2.020050e+00
1.974000e-05	-1.697078e-03	1.913163e+00
1.975000e-05	-2.679813e-03	1.816297e+00
1.976000e-05	-1.341709e-04	1.654034e+00
1.977000e-05	-1.538976e-03	1.505869e+00
1.978000e-05	-3.979946e-03	1.420975e+00
1.979000e-05	-4.159430e-03	1.283718e+00
1.980000e-05	-1.680009e-03	1.187876e+00
1.981000e-05	-2.660593e-03	1.029556e+00
1.982000e-05	-4.059667e-03	8.505142e-01
1.983000e-05	-3.832505e-03	7.763472e-01
1.984000e-05	-2.152753e-03	6.612554e-01
1.985000e-05	-2.437585e-03	5.659182e-01
1.986000e-05	-3.051078e-03	4.104803e-01
1.987000e-05	-4.818290e-03	3.748195e-01
1.988000e-05	-3.709190e-03	1.863786e-01
1.989000e-05	-3.342197e-03	4.108016e-02
1.990000e-05	-4.296417e-03	-5.420408e-02
1.991000e-05	-3.495252e-03	-1.588949e-01
1.992000e-05	-7.358883e-04	-2.341604e-01
1.993000e-05	-1.723840e-03	-3.788711e-01
1.994000e-05	-3.578674e-03	-4.432026e-01
1.995000e-05	-4.194757e-03	-6.010171e-01
1.996000e-05	-3.605960e-03	-7.158859e-01
1.997000e-05	-1.063384e-03	-7.910753e-01
1.998000e-05	1.394200e-02	-8.857141e-01
1.999000e-05	4.601602e-02	-1.022549e+00
2.000000e-05	-7.340633e-03	-1.183550e+00
2.001000e-05	-6.071940e-02	-1.424652e+00
2.002000e-05	-1.002817e-01	-1.579473e+00
2.003000e-05	7.307911e-02	-1.568975e+00
2.004000e-05	6.007050e-02	-1.611625e+00
2.005000e-05	-7.529516e-02	-1.803550e+00
2.006000e-05	-2.149596e-02	-1.937360e+00
2.007000e-05	1.008494e-01	-1.947363e+00
2.008000e-05	-1.811798e-02	-2.067234e+00
2.009000e-05	-6.316996e-02	-2.287316e+00
2.010000e-05	4.128303e-02	-2.399871e+00
2.011000e-05	-7.728260e-02	-2.414083e+00
2.012000e-05	-2.069157e-02	-2.579495e+00
2.013000e-05	1.329909e-01	-2.662678e+00
2.014000e-05	-7.533411e-02	-2.739441e+00
2.015000e-05	-9.479650e-02	-2.832179e+00
2.016000e-05	1.049794e-01	-2.970939e+00
2.017000e-05	-6.074603e-03	-3.108314e+00
2.018000e-05	-6.823807e-02	-3.230500e+00
2.019000e-05	-2.201636e-02	-3.254281e+00
2.020000e-05	2.350446e-02	-3.443127e+00
2.021000e-05	6.399417e-02	-3.537845e+00
2.022000e-05	-5.332451e-02	-3.579444e+00
2.023000e-05	-9.264297e-02	-3.624658e+00
2.024000e-05	8.656146e-02	-3.752022e+00
2.025000e-05	1.282119e-02	-3.928442e+00
2.026000e-05	-8.175900e-02	-4.030628e+00
2.027000e-05	1.604554e-02	-4.064211e+00
2.028000e-05	1.005551e-02	-4.182496e+00
2.029000e-05	1.259811e-02	-4.273738e+00
2.030000e-05	-3.534457e-02	-4.338395e+00
2.031000e-05	-4.813417e-02	-4.411546e+00
2.032000e-05	3.812897e-02	-4.486286e+00
2.033000e-05	1.164648e-03	-4.580123e+00
2.034000e-05	-3.212167e-02	-4.683662e+00
2.035000e-05	-1.276240e-02	-4.757838e+00
2.036000e-05	2.736036e-04	-4.851624e+00
2.037000e-05	1.382337e-02	-4.855888e+00
2.038000e-05	-3.474571e-02	-5.030525e+00
2.039000e-05	-2.845585e-02	-5.084736e+00
2.040000e-05	2.024461e-02	-5.125913e+00
2.041000e-05	-7.970625e-03	-5.201550e+00
2.042000e-05	-1.710596e-02	-5.283706e+00
2.043000e-05	-3.002168e-02	-5.318391e+00
2.044000e-05	-3.668177e-03	-5.455352e+00
2.045000e-05	1.551644e-02	-5.578497e+00
2.046000e-05	-3.310709e-02	-5.601050e+00
2.047000e-05	-1.884334e-02	-5.661628e+00
2.048000e-05	9.937226e-05	-5.685262e+00
2.049000e-05	4.141929e-05	-5.760446e+00
2.050000e-05	-2.063290e-02	-5.800600e+00
2.051000e-05	-3.478353e-02	-5.833655e+00
2.052000e-05	2.524998e-03	-5.906265e+00
2.053000e-05	-9.389790e-04	-5.978892e+00
2.054000e-05	-2.422331e-02	-5.988472e+00
2.055000e-05	-2.333075e-02	-5.990499e+00
2.056000e-05	-6.275010e-03	-6.023128e+00
2.057000e-05	8.143939e-04	-6.064657e+00
2.058000e-05	-2.486270e-02	-6.155862e+00
2.059000e-05	-2.911806e-02	-6.189471e+00
2.060000e-05	-4.483401e-03	-6.201124e+00
2.061000e-05	-6.442896e-03	-6.282683e+00
2.062000e-05	-2.223388e-02	-6.254341e+00
2.063000e-05	-2.933685e-02	-6.346892e+00
2.064000e-05	-1.026863e-02	-6.378966e+00
2.065000e-05	-3.273901e-03	-6.369470e+00
2.066000e-05	-2.488261e-02	-6.378996e+00
2.067000e-05	-2.671962e-02	-6.369496e+00
2.068000e-05	-1.381742e-02	-6.409976e+00
2.069000e-05	-5.908301e-03	-6.391076e+00
2.070000e-05	-2.551415e-02	-6.399500e+00
2.071000e-05	-3.099900e-02	-6.440553e+00
2.072000e-05	-1.453730e-02	-6.399526e+00
2.073000e-05	-1.088884e-02	-6.431601e+00
2.074000e-05	-2.330321e-02	-6.440051e+00
2.075000e-05	-3.082926e-02	-6.411550e+00
2.076000e-05	-1.658089e-02	-6.390526e+00
2.077000e-05	-1.116229e-02	-6.420050e+00
2.078000e-05	-2.477680e-02	-6.409525e+00
2.079000e-05	-3.029160e-02	-6.409524e+00
2.080000e-05	-2.028841e-02	-6.398000e+00
2.081000e-05	-1.335507e-02	-6.399496e+00
2.082000e-05	-2.295111e-02	-6.388997e+00
2.083000e-05	-3.060728e-02	-6.384891e+00
2.084000e-05	-2.003993e-02	-6.275340e+00
2.085000e-05	-1.308624e-02	-6.304206e+00
2.086000e-05	-2.134773e-02	-6.251674e+00
2.087000e-05	-2.664565e-02	-6.228976e+00
2.088000e-05	-2.015313e-02	-6.125815e+00
2.089000e-05	-1.194446e-02	-6.113189e+00
2.090000e-05	-2.104497e-02	-6.031059e+00
2.091000e-05	-2.568141e-02	-6.030575e+00
2.092000e-05	-1.857101e-02	-5.989500e+00
2.093000e-05	-1.268012e-02	-5.948947e+00
2.094000e-05	-1.699742e-02	-5.905892e+00
2.095000e-05	-2.285437e-02	-5.913132e+00
2.096000e-05	-1.614717e-02	-5.812577e+00
2.097000e-05	-1.015670e-02	-5.788421e+00
2.098000e-05	-1.578451e-02	-5.735841e+00
2.099000e-05	-2.094857e-02	-5.653609e+00
2.100000e-05	-1.655505e-02	-5.600049e+00
2.101000e-05	-1.031628e-02	-5.597895e+00
2.102000e-05	-1.380827e-02	-5.525940e+00
2.103000e-05	-1.895296e-02	-5.420025e+00
2.104000e-05	-1.461808e-02	-5.294888e+00
2.105000e-05	-9.358429e-03	-5.250103e+00
2.106000e-05	-1.075857e-02	-5.196896e+00
2.107000e-05	-1.665203e-02	-5.084733e+00
2.108000e-05	-1.351405e-02	-5.049527e+00
2.109000e-05	-8.260089e-03	-4.957840e+00
2.110000e-05	-1.128356e-02	-4.810106e+00
2.111000e-05	-1.553763e-02	-4.691312e+00
2.112000e-05	-1.353786e-02	-4.632126e+00
2.113000e-05	-7.958598e-03	-4.607900e+00
2.114000e-05	-9.520843e-03	-4.512215e+00
2.115000e-05	-1.245359e-02	-4.441030e+00
2.116000e-05	-1.127968e-02	-4.378975e+00
2.117000e-05	-6.427419e-03	-4.323713e+00
2.118000e-05	-8.205235e-03	-4.230028e+00
2.119000e-05	-1.206997e-02	-4.126866e+00
2.120000e-05	-1.121383e-02	-4.061579e+00
2.121000e-05	-7.356457e-03	-3.988972e+00
2.122000e-05	-7.642223e-03	-3.864704e+00
2.123000e-05	-1.132170e-02	-3.754891e+00
2.124000e-05	-9.312465e-03	-3.639551e+00
2.125000e-05	-6.559088e-03	-3.548472e+00
2.126000e-05	-5.988245e-03	-3.462607e+00
2.127000e-05	-8.799757e-03	-3.386947e+00
2.128000e-05	-8.472783e-03	-3.281654e+00
2.129000e-05	-7.661718e-03	-3.209471e+00
2.130000e-05	-6.669435e-03	-3.123690e+00
2.131000e-05	-7.877508e-03	-2.963787e+00
2.132000e-05	-8.448302e-03	-2.849029e+00
2.133000e-05	-7.585619e-03	-2.735842e+00
2.134000e-05	-5.294031e-03	-2.631028e+00
2.135000e-05	-5.912666e-03	-2.523763e+00
2.136000e-05	-7.703476e-03	-2.400025e+00
2.137000e-05	-6.309481e-03	-2.343292e+00
2.138000e-05	-6.021433e-03	-2.176901e+00
2.139000e-05	-5.236212e-03	-2.051007e+00
2.140000e-05	-7.290902e-03	-1.955421e+00
2.141000e-05	-5.061576e-03	-1.851579e+00
2.142000e-05	-4.740739e-03	-1.733840e+00
2.143000e-05	-4.293888e-03	-1.588578e+00
2.144000e-05	-5.831722e-03	-1.564397e+00
2.145000e-05	-5.487647e-03	-1.396973e+00
2.146000e-05	-5.105362e-03	-1.209976e+00
2.147000e-05	-3.910114e-03	-1.123764e+00
2.148000e-05	-5.290959e-03	-9.885226e-01
2.149000e-05	-3.784477e-03	-8.711079e-01
2.150000e-05	-3.775291e-03	-7.889449e-01
2.151000e-05	-3.334948e-03	-6.710850e-01
2.152000e-05	-5.133772e-03	-4.927592e-01
2.153000e-05	-4.903435e-03	-4.084473e-01
2.154000e-05	-4.686465e-03	-2.847129e-01
2.155000e-05	-2.266653e-03	-1.780001e-01
2.156000e-05	-2.203609e-03	-9.270396e-02
2.157000e-05	2.984293e-04	1.052875e-02
2.158000e-05	1.905644e-03	1.092674e-01
2.159000e-05	4.377902e-04	2.773348e-01
2.160000e-05	-8.154156e-04	4.005261e-01
2.161000e-05	-3.027263e-03	5.031567e-01
2.162000e-05	-2.278213e-03	5.995501e-01
2.163000e-05	-2.836879e-05	6.857606e-01
2.164000e-05	7.739057e-03	8.116288e-01
2.165000e-05	3.386705e-02	8.872133e-01
2.166000e-05	3.007827e-02	1.096342e+00
2.167000e-05	-3.016626e-02	1.307189e+00
2.168000e-05	-7.543889e-02	1.400499e+00
2.169000e-05	-4.273568e-02	1.424654e+00
2.170000e-05	1.022536e-01	1.568479e+00
2.171000e-05	1.199330e-02	1.759446e+00
2.172000e-05	-1.096678e-01	1.791525e+00
2.173000e-05	6.145739e-02	1.885239e+00
2.174000e-05	5.728852e-02	2.001635e+00
2.175000e-05	-1.940989e-02	2.137836e+00
2.176000e-05	-1.723132e-02	2.199973e+00
2.177000e-05	-1.262965e-02	2.310337e+00
2.178000e-05	-4.255058e-02	2.441076e+00
2.179000e-05	7.194646e-02	2.465212e+00
2.180000e-05	4.794844e-02	2.665233e+00
2.181000e-05	-9.089577e-02	2.800529e+00
2.182000e-05	-6.646338e-03	2.875182e+00
2.183000e-05	6.875583e-02	2.960550e+00
2.184000e-05	-7.533841e-03	3.094132e+00
2.185000e-05	-4.767880e-02	3.139947e+00
2.186000e-05	-1.337475e-02	3.262657e+00
2.187000e-05	5.997030e-02	3.390921e+00
2.188000e-05	4.548244e-02	3.507308e+00
2.189000e-05	-7.904711e-02	3.591528e+00
2.190000e-05	-1.055976e-02	3.684734e+00
2.191000e-05	6.109295e-02	3.800472e+00
2.192000e-05	-6.791490e-03	3.886687e+00
2.193000e-05	-2.879806e-02	3.959472e+00
2.194000e-05	1.268177e-02	4.032103e+00
2.195000e-05	2.448932e-02	4.124311e+00
2.196000e-05	3.541283e-03	4.255132e+00
2.197000e-05	-7.687071e-03	4.349944e+00
2.198000e-05	-1.677727e-02	4.432577e+00
2.199000e-05	2.640364e-02	4.554741e+00
2.200000e-05	1.433861e-02	4.599954e+00
2.201000e-05	-8.488118e-03	4.674737e+00
2.202000e-05	-9.238200e-03	4.778395e+00
2.203000e-05	2.225750e-02	4.810534e+00
2.204000e-05	9.026237e-03	4.894190e+00
2.205000e-05	-1.424168e-02	5.013034e+00
2.206000e-05	5.153305e-03	5.178838e+00
2.207000e-05	1.494632e-02	5.229028e+00
2.208000e-05	1.642921e-02	5.263683e+00
2.209000e-05	-7.098243e-03	5.357965e+00
2.210000e-05	1.601984e-03	5.400500e+00
2.211000e-05	1.248918e-02	5.462059e+00
2.212000e-05	1.294213e-02	5.535262e+00
2.213000e-05	-8.161268e-03	5.579973e+00
2.214000e-05	1.300786e-03	5.631056e+00
2.215000e-05	1.742755e-02	5.662084e+00
2.216000e-05	1.373193e-02	5.705238e+00
2.217000e-05	-1.722308e-03	5.751423e+00
2.218000e-05	2.596103e-03	5.882205e+00
2.219000e-05	1.923395e-02	5.926216e+00
2.220000e-05	1.172775e-02	5.958395e+00
2.221000e-05	-2.929545e-03	6.010024e+00
2.222000e-05	8.460125e-04	6.010027e+00
2.223000e-05	1.741436e-02	6.024104e+00
2.224000e-05	1.516874e-02	6.023134e+00
2.225000e-05	3.205793e-04	6.116311e+00
2.226000e-05	7.343637e-03	6.167394e+00
2.227000e-05	1.928692e-02	6.178499e+00
2.228000e-05	1.620851e-02	6.229498e+00
2.229000e-05	5.529628e-04	6.210000e+00
2.230000e-05	5.252081e-03	6.241553e+00
2.231000e-05	1.597667e-02	6.252184e+00
2.232000e-05	1.619369e-02	6.252158e+00
2.233000e-05	5.700346e-03	6.287737e+00
2.234000e-05	8.166386e-03	6.325213e+00
2.235000e-05	2.006858e-02	6.304814e+00
2.236000e-05	1.729374e-02	6.335216e+00
2.237000e-05	7.644207e-03	6.327892e+00
2.238000e-05	7.500171e-03	6.345842e+00
2.239000e-05	1.831927e-02	6.326315e+00
2.240000e-05	1.821725e-02	6.368365e+00
2.241000e-05	8.783688e-03	6.357370e+00
2.242000e-05	1.061658e-02	6.313741e+00
2.243000e-05	1.857749e-02	6.336289e+00
2.244000e-05	1.923779e-02	6.293165e+00
2.245000e-05	1.020720e-02	6.282186e+00
2.246000e-05	1.220061e-02	6.302161e+00
2.247000e-05	1.773912e-02	6.252006e+00
2.248000e-05	2.000429e-02	6.230577e+00
2.249000e-05	1.212336e-02	6.210052e+00
2.250000e-05	1.109324e-02	6.188978e+00
2.251000e-05	1.729314e-02	6.197399e+00
2.252000e-05	1.806414e-02	6.144867e+00
2.253000e-05	1.152405e-02	6.134736e+00
2.254000e-05	7.983976e-03	6.084258e+00
2.255000e-05	1.484465e-02	6.031128e+00
2.256000e-05	1.600253e-02	6.020004e+00
2.257000e-05	1.270695e-02	6.000000e+00
2.258000e-05	8.887627e-03	5.977450e+00
2.259000e-05	1.338402e-02	5.956842e+00
2.260000e-05	1.418752e-02	5.881057e+00
2.261000e-05	9.583697e-03	5.770919e+00
2.262000e-05	6.155236e-03	5.691711e+00
2.263000e-05	9.667145e-03	5.620580e+00
2.264000e-05	1.185140e-02	5.599475e+00
2.265000e-05	6.721888e-03	5.598472e+00
2.266000e-05	5.412353e-03	5.535214e+00
2.267000e-05	8.801055e-03	5.452582e+00
2.268000e-05	1.187515e-02	5.409424e+00
2.269000e-05	7.556057e-03	5.367793e+00
2.270000e-05	4.409699e-03	5.262106e+00
2.271000e-05	5.625859e-03	5.208950e+00
2.272000e-05	8.116168e-03	5.124266e+00
2.273000e-05	4.927674e-03	5.068958e+00
2.274000e-05	1.585620e-03	4.913112e+00
2.275000e-05	3.956822e-03	4.821005e+00
2.276000e-05	6.938978e-03	4.746270e+00
2.277000e-05	6.101797e-03	4.664160e+00
2.278000e-05	2.538662e-03	4.608956e+00
2.279000e-05	3.994569e-03	4.545817e+00
2.280000e-05	6.152396e-03	4.441030e+00
2.281000e-05	3.590112e-03	4.388450e+00
2.282000e-05	4.910940e-04	4.345717e+00
2.283000e-05	1.176702e-03	4.196896e+00
2.284000e-05	3.212752e-03	4.082034e+00
2.285000e-05	2.944526e-03	3.988500e+00
2.286000e-05	8.540716e-04	3.915185e+00
2.287000e-05	2.366748e-03	3.809956e+00
2.288000e-05	3.754647e-03	3.753317e+00
2.289000e-05	2.817680e-03	3.640555e+00
2.290000e-05	-3.064347e-04	3.587950e+00
2.291000e-05	-1.065255e-04	3.492164e+00
2.292000e-05	9.595930e-04	3.355243e+00
2.293000e-05	1.302276e-03	3.239029e+00
2.294000e-05	-9.681930e-04	3.125292e+00
2.295000e-05	-1.013580e-03	3.031028e+00
2.296000e-05	1.403156e-03	2.936776e+00
2.297000e-05	1.240937e-03	2.801556e+00
2.298000e-05	-9.690570e-04	2.787447e+00
2.299000e-05	-1.019034e-03	2.668459e+00
2.300000e-05	-3.869354e-04	2.492731e+00
2.301000e-05	-2.277221e-04	2.368399e+00
2.302000e-05	-2.848298e-03	2.301658e+00
2.303000e-05	-2.006015e-03	2.167425e+00
2.304000e-05	-1.707406e-03	2.071708e+00
2.305000e-05	-1.095610e-03	1.988425e+00
2.306000e-05	-2.421775e-03	1.883063e+00
2.307000e-05	-2.241990e-03	1.757396e+00
2.308000e-05	-2.120352e-03	1.669682e+00
2.309000e-05	-1.324355e-03	1.523070e+00
2.310000e-05	-3.155369e-03	1.398950e+00
2.311000e-05	-2.838689e-03	1.252163e+00
2.312000e-05	-2.847132e-03	1.166746e+00
2.313000e-05	-3.308461e-03	9.503514e-01
2.314000e-05	-4.150513e-03	8.615552e-01
2.315000e-05	-3.593665e-03	7.478172e-01
2.316000e-05	-4.100480e-03	6.315013e-01
2.317000e-05	-2.592024e-03	5.347657e-01
2.318000e-05	-3.526865e-03	4.210026e-01
2.319000e-05	-3.639035e-03	3.453183e-01
2.320000e-05	-5.171907e-03	2.078972e-01
2.321000e-05	-2.135306e-03	2.057795e-02
2.322000e-05	-3.358299e-03	-6.365676e-02
2.323000e-05	-2.800641e-03	-1.714737e-01
2.324000e-05	-3.019971e-03	-2.567569e-01
2.325000e-05	-3.380093e-03	-3.888949e-01
2.326000e-05	-2.202753e-03	-4.446767e-01
2.327000e-05	-3.957256e-03	-5.720739e-01
2.328000e-05	-4.838852e-03	-7.399185e-01
2.329000e-05	-1.045542e-03	-8.121227e-01
2.330000e-05	1.815732e-02	-8.978345e-01
2.331000e-05	4.763330e-02	-1.043551e+00
2.332000e-05	-1.828857e-02	-1.224101e+00
2.333000e-05	-6.538275e-02	-1.477858e+00
2.334000e-05	-9.391519e-02	-1.589999e+00
2.335000e-05	9.257761e-02	-1.598950e+00
2.336000e-05	4.690874e-02	-1.643628e+00
2.337000e-05	-9.340868e-02	-1.803133e+00
2.338000e-05	1.527042e-02	-1.964763e+00
2.339000e-05	8.620760e-02	-1.927837e+00
2.340000e-05	-3.229162e-02	-2.090841e+00
2.341000e-05	-4.651138e-02	-2.318943e+00
2.342000e-05	3.114870e-02	-2.348946e+00
2.343000e-05	-8.501391e-02	-2.456681e+00
2.344000e-05	8.028481e-03	-2.570573e+00
2.345000e-05	1.200267e-01	-2.654179e+00
2.346000e-05	-9.931336e-02	-2.779998e+00
2.347000e-05	-7.153281e-02	-2.833579e+00
2.348000e-05	1.117282e-01	-2.970823e+00
2.349000e-05	-2.762206e-02	-3.138971e+00
2.350000e-05	-6.426318e-02	-3.210126e+00
2.351000e-05	-1.587243e-02	-3.246709e+00
2.352000e-05	3.125266e-02	-3.455132e+00
2.353000e-05	6.227707e-02	-3.568964e+00
2.354000e-05	-7.684632e-02	-3.559523e+00
2.355000e-05	-7.236063e-02	-3.695238e+00
2.356000e-05	9.545585e-02	-3.762023e+00
2.357000e-05	-1.161034e-02	-3.919318e+00
2.358000e-05	-7.410339e-02	-4.020603e+00
2.359000e-05	2.338086e-02	-4.074185e+00
2.360000e-05	9.672164e-03	-4.209523e+00
2.361000e-05	1.189629e-02	-4.305186e+00
2.362000e-05	-4.307004e-02	-4.365942e+00
2.363000e-05	-4.091910e-02	-4.431523e+00
2.364000e-05	4.413652e-02	-4.463266e+00
2.365000e-05	-9.683318e-03	-4.592597e+00
2.366000e-05	-3.009312e-02	-4.703735e+00
2.367000e-05	-1.292501e-02	-4.739337e+00
2.368000e-05	3.303440e-03	-4.844153e+00
2.369000e-05	1.185934e-02	-4.966392e+00
2.370000e-05	-4.211168e-02	-5.021574e+00
2.371000e-05	-1.998988e-02	-5.053180e+00
2.372000e-05	1.918606e-02	-5.177841e+00
2.373000e-05	-9.315096e-03	-5.211577e+00
2.374000e-05	-1.867247e-02	-5.294560e+00
2.375000e-05	-2.985109e-02	-5.393447e+00
2.376000e-05	1.641531e-03	-5.476336e+00
2.377000e-05	1.166916e-02	-5.598919e+00
2.378000e-05	-3.837834e-02	-5.601001e+00
2.379000e-05	-1.549138e-02	-5.632209e+00
2.380000e-05	4.539739e-05	-5.696786e+00
2.381000e-05	1.146715e-03	-5.778495e+00
2.382000e-05	-2.432739e-02	-5.820975e+00
2.383000e-05	-3.403429e-02	-5.833633e+00
2.384000e-05	7.118229e-03	-5.886314e+00
2.385000e-05	-3.629787e-03	-5.959416e+00
2.386000e-05	-2.555685e-02	-5.989999e+00
2.387000e-05	-2.404506e-02	-6.010550e+00
2.388000e-05	-4.867923e-03	-6.053127e+00
2.389000e-05	2.006407e-03	-6.083608e+00
2.390000e-05	-2.840793e-02	-6.139864e+00
2.391000e-05	-2.591125e-02	-6.216966e+00
2.392000e-05	-4.249913e-03	-6.254074e+00
2.393000e-05	-7.075382e-03	-6.223257e+00
2.394000e-05	-2.400439e-02	-6.305766e+00
2.395000e-05	-2.823647e-02	-6.305942e+00
2.396000e-05	-9.668998e-03	-6.388496e+00
2.397000e-05	-5.135304e-03	-6.378923e+00
2.398000e-05	-2.551632e-02	-6.399998e+00
2.399000e-05	-2.434172e-02	-6.400023e+00
2.400000e-05	-1.371554e-02	-6.400503e+00
2.401000e-05	-7.191996e-03	-6.430052e+00
2.402000e-05	-2.578948e-02	-6.411050e+00
2.403000e-05	-2.970070e-02	-6.401550e+00
2.404000e-05	-1.522031e-02	-6.431601e+00
2.405000e-05	-1.383777e-02	-6.410575e+00
2.406000e-05	-2.320123e-02	-6.401551e+00
2.407000e-05	-2.813796e-02	-6.430550e+00
2.408000e-05	-1.660141e-02	-6.401001e+00
2.409000e-05	-1.281954e-02	-6.420525e+00
2.410000e-05	-2.454752e-02	-6.420550e+00
2.411000e-05	-2.783257e-02	-6.400003e+00
2.412000e-05	-2.067243e-02	-6.388975e+00
2.413000e-05	-1.533065e-02	-6.368474e+00
2.414000e-05	-2.426253e-02	-6.378847e+00
2.415000e-05	-2.763922e-02	-6.347342e+00
2.416000e-05	-2.026533e-02	-6.336315e+00
2.417000e-05	-1.426499e-02	-6.294186e+00
2.418000e-05	-2.203436e-02	-6.270551e+00
2.419000e-05	-2.548434e-02	-6.198422e+00
2.420000e-05	-1.845327e-02	-6.175891e+00
2.421000e-05	-1.396078e-02	-6.053187e+00
2.422000e-05	-2.030445e-02	-6.052054e+00
2.423000e-05	-2.414069e-02	-6.020025e+00
2.424000e-05	-1.823753e-02	-5.998447e+00
2.425000e-05	-1.398002e-02	-5.977917e+00
2.426000e-05	-1.810704e-02	-5.924890e+00
2.427000e-05	-2.117138e-02	-5.892111e+00
2.428000e-05	-1.592048e-02	-5.802075e+00
2.429000e-05	-1.156697e-02	-5.766446e+00
2.430000e-05	-1.441433e-02	-5.746734e+00
2.431000e-05	-1.858250e-02	-5.632081e+00
2.432000e-05	-1.531174e-02	-5.609975e+00
2.433000e-05	-1.213065e-02	-5.579445e+00
2.434000e-05	-1.544852e-02	-5.484314e+00
2.435000e-05	-1.731975e-02	-5.390048e+00
2.436000e-05	-1.386095e-02	-5.324814e+00
2.437000e-05	-1.043645e-02	-5.241005e+00
2.438000e-05	-1.161483e-02	-5.177397e+00
2.439000e-05	-1.515901e-02	-5.093184e+00
2.440000e-05	-1.247516e-02	-5.020529e+00
2.441000e-05	-9.019529e-03	-4.944888e+00
2.442000e-05	-1.139489e-02	-4.849049e+00
2.443000e-05	-1.399158e-02	-4.654304e+00
2.444000e-05	-1.161677e-02	-4.640555e+00
2.445000e-05	-9.737697e-03	-4.579971e+00
2.446000e-05	-1.166725e-02	-4.482767e+00
2.447000e-05	-1.336667e-02	-4.440029e+00
2.448000e-05	-1.017051e-02	-4.378472e+00
2.449000e-05	-7.217080e-03	-4.314264e+00
2.450000e-05	-8.208301e-03	-4.240004e+00
2.451000e-05	-1.082509e-02	-4.114767e+00
2.452000e-05	-1.077235e-02	-4.021105e+00
2.453000e-05	-8.397699e-03	-3.967446e+00
2.454000e-05	-9.610344e-03	-3.832104e+00
2.455000e-05	-1.022374e-02	-3.704884e+00
2.456000e-05	-9.355655e-03	-3.660503e+00
2.457000e-05	-6.486063e-03	-3.546873e+00
2.458000e-05	-7.398179e-03	-3.471680e+00
2.459000e-05	-8.729578e-03	-3.346396e+00
2.460000e-05	-7.997123e-03	-3.271630e+00
2.461000e-05	-6.417737e-03	-3.189974e+00
2.462000e-05	-5.781611e-03	-3.090607e+00
2.463000e-05	-8.728808e-03	-2.932735e+00
2.464000e-05	-7.614799e-03	-2.819527e+00
2.465000e-05	-6.890102e-03	-2.734314e+00
2.466000e-05	-6.524471e-03	-2.578028e+00
2.467000e-05	-7.474181e-03	-2.482757e+00
2.468000e-05	-7.145542e-03	-2.408978e+00
2.469000e-05	-5.094019e-03	-2.325321e+00
2.470000e-05	-6.129505e-03	-2.175320e+00
2.471000e-05	-6.608402e-03	-2.031079e+00
2.472000e-05	-5.740374e-03	-1.956792e+00
2.473000e-05	-4.114900e-03	-1.851555e+00
2.474000e-05	-4.214164e-03	-1.734840e+00
2.475000e-05	-6.099241e-03	-1.650001e+00
2.476000e-05	-5.136054e-03	-1.545767e+00
2.477000e-05	-4.996474e-03	-1.365817e+00
2.478000e-05	-4.465500e-03	-1.210580e+00
2.479000e-05	-6.149673e-03	-1.082665e+00
2.480000e-05	-5.620801e-03	-9.779761e-01
2.481000e-05	-2.166432e-03	-8.416615e-01
2.482000e-05	-1.721351e-03	-7.873999e-01
2.483000e-05	-4.612525e-03	-6.010550e-01
2.484000e-05	-5.353730e-03	-5.031354e-01
2.485000e-05	-3.887489e-03	-3.684499e-01
2.486000e-05	-3.434664e-03	-3.027592e-01
2.487000e-05	-6.003901e-03	-2.300025e-01
2.488000e-05	-2.309248e-03	1.250000e-06
2.489000e-05	1.285415e-03	5.157889e-02
2.490000e-05	2.345647e-03	1.688158e-01
2.491000e-05	-1.476830e-03	3.063134e-01
2.492000e-05	-4.911260e-04	4.009988e-01
2.493000e-05	-7.723164e-04	4.562343e-01
2.494000e-05	-1.085593e-03	6.406277e-01
2.495000e-05	-2.623451e-03	7.073172e-01
2.496000e-05	9.392091e-03	7.900238e-01
2.497000e-05	3.844078e-02	9.073849e-01
2.498000e-05	2.419354e-02	1.149341e+00
2.499000e-05	-3.770669e-02	1.318258e+00
2.500000e-05	-8.330697e-02	1.401000e+00
2.501000e-05	-2.241805e-02	1.442683e+00
2.502000e-05	1.064575e-01	1.613098e+00
2.503000e-05	-7.365719e-03	1.748897e+00
2.504000e-05	-1.108371e-01	1.831525e+00
2.505000e-05	8.641638e-02	1.928266e+00
2.506000e-05	4.389969e-02	2.064683e+00
2.507000e-05	-3.150389e-02	2.146822e+00
2.508000e-05	-3.441290e-03	2.221499e+00
2.509000e-05	-2.744705e-02	2.328844e+00
2.510000e-05	-3.053584e-02	2.461103e+00
2.511000e-05	8.369283e-02	2.535713e+00
2.512000e-05	2.552573e-02	2.727862e+00
2.513000e-05	-9.346151e-02	2.811451e+00
2.514000e-05	1.423511e-02	2.905785e+00
2.515000e-05	6.164305e-02	3.001524e+00
2.516000e-05	-1.366519e-02	3.107216e+00
2.517000e-05	-5.057051e-02	3.189997e+00
2.518000e-05	-3.038778e-03	3.246161e+00
2.519000e-05	6.486125e-02	3.377913e+00
2.520000e-05	3.074171e-02	3.505812e+00
2.521000e-05	-8.330737e-02	3.622027e+00
2.522000e-05	6.148895e-03	3.697211e+00
2.523000e-05	6.224586e-02	3.800972e+00
2.524000e-05	-1.958453e-02	3.946262e+00
2.525000e-05	-2.282391e-02	3.980024e+00
2.526000e-05	1.373104e-02	4.072057e+00
2.527000e-05	2.556613e-02	4.086790e+00
2.528000e-05	-7.324658e-04	4.314182e+00
2.529000e-05	-1.030497e-02	4.379996e+00
2.530000e-05	-1.270272e-02	4.431654e+00
2.531000e-05	2.971394e-02	4.537370e+00
2.532000e-05	1.225169e-02	4.601075e+00
2.533000e-05	-1.437910e-02	4.743688e+00
2.534000e-05	-3.738178e-03	4.760394e+00
2.535000e-05	2.289916e-02	4.840052e+00
2.536000e-05	5.937300e-03	4.885317e+00
2.537000e-05	-1.585800e-02	5.033178e+00
2.538000e-05	8.680215e-03	5.157818e+00
2.539000e-05	1.628574e-02	5.252024e+00
2.540000e-05	1.337002e-02	5.274258e+00
2.541000e-05	-8.964428e-03	5.348844e+00
2.542000e-05	1.217140e-03	5.400499e+00
2.543000e-05	1.739741e-02	5.453707e+00
2.544000e-05	1.183133e-02	5.543766e+00
2.545000e-05	-8.383087e-03	5.588921e+00
2.546000e-05	1.364296e-03	5.611099e+00
2.547000e-05	2.018144e-02	5.642180e+00
2.548000e-05	1.005128e-02	5.706788e+00
2.549000e-05	-4.380550e-03	5.758950e+00
2.550000e-05	1.136429e-03	5.935653e+00
2.551000e-05	2.208674e-02	5.957895e+00
2.552000e-05	1.232797e-02	5.979947e+00
2.553000e-05	-3.505351e-03	6.011025e+00
2.554000e-05	3.583645e-03	6.040053e+00
2.555000e-05	1.946521e-02	6.082156e+00
2.556000e-05	1.389450e-02	6.085183e+00
2.557000e-05	-3.762985e-03	6.155769e+00
2.558000e-05	6.158379e-03	6.145795e+00
2.559000e-05	1.938863e-02	6.177841e+00
2.560000e-05	1.624875e-02	6.229000e+00
2.561000e-05	1.228678e-03	6.242079e+00
2.562000e-05	6.452728e-03	6.261103e+00
2.563000e-05	1.931165e-02	6.283107e+00
2.564000e-05	1.590865e-02	6.254659e+00
2.565000e-05	4.464909e-03	6.294184e+00
2.566000e-05	5.584008e-03	6.334293e+00
2.567000e-05	1.886813e-02	6.335313e+00
2.568000e-05	1.643991e-02	6.335840e+00
2.569000e-05	7.511551e-03	6.306870e+00
2.570000e-05	7.381435e-03	6.357342e+00
2.571000e-05	2.015909e-02	6.367791e+00
2.572000e-05	2.008666e-02	6.316365e+00
2.573000e-05	9.875645e-03	6.357220e+00
2.574000e-05	9.597989e-03	6.346287e+00
2.575000e-05	1.842347e-02	6.324216e+00
2.576000e-05	1.944664e-02	6.301766e+00
2.577000e-05	9.211474e-03	6.314688e+00
2.578000e-05	1.117268e-02	6.252684e+00
2.579000e-05	1.817365e-02	6.242128e+00
2.580000e-05	2.097089e-02	6.280530e+00
2.581000e-05	1.123342e-02	6.229026e+00
2.582000e-05	1.098163e-02	6.220974e+00
2.583000e-05	1.717299e-02	6.166872e+00
2.584000e-05	1.673808e-02	6.146340e+00
2.585000e-05	9.964167e-03	6.133314e+00
2.586000e-05	8.951925e-03	6.102612e+00
2.587000e-05	1.656792e-02	6.042080e+00
2.588000e-05	1.638166e-02	6.029526e+00
2.589000e-05	1.041987e-02	6.009397e+00
2.590000e-05	8.243380e-03	5.966397e+00
2.591000e-05	1.337158e-02	5.913245e+00
2.592000e-05	1.407630e-02	5.869682e+00
2.593000e-05	7.518210e-03	5.777745e+00
2.594000e-05	8.150225e-03	5.684760e+00
2.595000e-05	1.134636e-02	5.661029e+00
2.596000e-05	1.277310e-02	5.587477e+00
2.597000e-05	6.215053e-03	5.587897e+00
2.598000e-05	4.520773e-03	5.515266e+00
2.599000e-05	7.919850e-03	5.471129e+00
2.600000e-05	1.075804e-02	5.388920e+00
2.601000e-05	6.948085e-03	5.305313e+00
2.602000e-05	4.961553e-03	5.291087e+00
2.603000e-05	7.604437e-03	5.208450e+00
2.604000e-05	8.048661e-03	5.113738e+00
2.605000e-05	4.861758e-03	5.007354e+00
2.606000e-05	2.800404e-03	4.862587e+00
2.607000e-05	5.074788e-03	4.818526e+00
2.608000e-05	5.376520e-03	4.757370e+00
2.609000e-05	3.826526e-03	4.682215e+00
2.610000e-05	3.129896e-03	4.588978e+00
2.611000e-05	5.383543e-03	4.524242e+00
2.612000e-05	4.582768e-03	4.450530e+00
2.613000e-05	2.858440e-03	4.408449e+00
2.614000e-05	2.137089e-03	4.363742e+00
2.615000e-05	3.173222e-03	4.198479e+00
2.616000e-05	2.099900e-03	4.131582e+00
2.617000e-05	2.503964e-03	4.019372e+00
2.618000e-05	8.045060e-04	3.902661e+00
2.619000e-05	2.879758e-03	3.837954e+00
2.620000e-05	1.871155e-03	3.735818e+00
2.621000e-05	1.323690e-03	3.630579e+00
2.622000e-05	7.899839e-04	3.547425e+00
2.623000e-05	1.945332e-03	3.503210e+00
2.624000e-05	1.564127e-03	3.362667e+00
2.625000e-05	2.460148e-04	3.198928e+00
2.626000e-05	-1.035960e-03	3.103238e+00
2.627000e-05	-9.650052e-05	3.040601e+00
2.628000e-05	-8.406185e-04	2.924765e+00
2.629000e-05	3.178606e-04	2.838553e+00
2.630000e-05	-5.797228e-04	2.755320e+00
2.631000e-05	3.605786e-04	2.627959e+00
2.632000e-05	4.909800e-04	2.463163e+00
2.633000e-05	-1.322638e-03	2.398446e+00
2.634000e-05	-2.022091e-03	2.292134e+00
2.635000e-05	-2.103235e-03	2.178867e+00
2.636000e-05	-2.659599e-03	2.061085e+00
2.637000e-05	-2.585973e-03	2.007897e+00
2.638000e-05	-1.630957e-03	1.890161e+00
2.639000e-05	-2.167605e-03	1.736166e+00
2.640000e-05	-2.162545e-03	1.650583e+00
2.641000e-05	-3.320529e-03	1.494109e+00
2.642000e-05	-2.742177e-03	1.387446e+00
2.643000e-05	-2.401205e-03	1.293157e+00
2.644000e-05	-2.449101e-03	1.155340e+00
2.645000e-05	-3.686399e-03	9.780012e-01
2.646000e-05	-3.329399e-03	8.706014e-01
2.647000e-05	-4.276657e-03	7.368407e-01
2.648000e-05	-4.094936e-03	6.200301e-01
2.649000e-05	-3.731959e-03	5.431905e-01
2.650000e-05	-4.612992e-03	4.099750e-01
2.651000e-05	-2.449963e-03	3.442634e-01
2.652000e-05	-4.066412e-03	1.358684e-01
2.653000e-05	-2.265393e-03	1.002782e-02
2.654000e-05	-2.540084e-03	-4.528554e-02
2.655000e-05	-1.090128e-03	-1.805762e-01
2.656000e-05	-2.356428e-03	-2.782381e-01
2.657000e-05	-4.533656e-03	-3.604963e-01
2.658000e-05	-3.305053e-03	-4.541817e-01
2.659000e-05	-2.569354e-03	-5.606040e-01
2.660000e-05	-4.192654e-03	-7.589148e-01
2.661000e-05	-1.612491e-03	-8.211551e-01
2.662000e-05	2.236649e-02	-9.378145e-01
2.663000e-05	4.783386e-02	-9.947590e-01
2.664000e-05	-2.739670e-02	-1.264184e+00
2.665000e-05	-7.282369e-02	-1.525817e+00
2.666000e-05	-8.183907e-02	-1.569471e+00
2.667000e-05	1.075516e-01	-1.568922e+00
2.668000e-05	3.347677e-02	-1.664654e+00
2.669000e-05	-1.110638e-01	-1.844232e+00
2.670000e-05	4.477335e-02	-1.946738e+00
2.671000e-05	7.316428e-02	-1.929860e+00
2.672000e-05	-4.624111e-02	-2.170494e+00
2.673000e-05	-2.657486e-02	-2.337341e+00
2.674000e-05	1.660587e-02	-2.378471e+00
2.675000e-05	-8.590719e-02	-2.454289e+00
2.676000e-05	3.840843e-02	-2.611074e+00
2.677000e-05	9.786683e-02	-2.632688e+00
2.678000e-05	-1.180965e-01	-2.759924e+00
2.679000e-05	-4.169291e-02	-2.864684e+00
2.680000e-05	1.089022e-01	-2.951523e+00
2.681000e-05	-4.745792e-02	-3.159948e+00
2.682000e-05	-5.708806e-02	-3.240025e+00
2.683000e-05	-8.518976e-03	-3.315335e+00
2.684000e-05	3.706396e-02	-3.444712e+00
2.685000e-05	5.554599e-02	-3.567845e+00
2.686000e-05	-9.572221e-02	-3.598974e+00
2.687000e-05	-4.494219e-02	-3.747263e+00
2.688000e-05	9.694210e-02	-3.803132e+00
2.689000e-05	-3.519930e-02	-3.959422e+00
2.690000e-05	-6.350952e-02	-4.043103e+00
2.691000e-05	2.835483e-02	-4.074236e+00
2.692000e-05	8.994336e-03	-4.193524e+00
2.693000e-05	9.070941e-03	-4.284735e+00
2.694000e-05	-4.964479e-02	-4.318441e+00
2.695000e-05	-2.787389e-02	-4.421053e+00
2.696000e-05	4.667209e-02	-4.495735e+00
2.697000e-05	-1.965524e-02	-4.571600e+00
2.698000e-05	-2.862535e-02	-4.705207e+00
2.699000e-05	-1.286720e-02	-4.738900e+00
2.700000e-05	7.551288e-03	-4.834182e+00
2.701000e-05	7.097735e-03	-4.936890e+00
2.702000e-05	-4.827812e-02	-5.021600e+00
2.703000e-05	-9.278457e-03	-5.085207e+00
2.704000e-05	1.868483e-02	-5.178462e+00
2.705000e-05	-1.124809e-02	-5.231157e+00
2.706000e-05	-2.100830e-02	-5.285783e+00
2.707000e-05	-2.987152e-02	-5.422048e+00
2.708000e-05	7.382487e-03	-5.487319e+00
2.709000e-05	4.814767e-03	-5.579950e+00
2.710000e-05	-3.963113e-02	-5.620078e+00
2.711000e-05	-1.085713e-02	-5.692132e+00
2.712000e-05	1.708214e-03	-5.745341e+00
2.713000e-05	6.457737e-05	-5.789972e+00
2.714000e-05	-2.951933e-02	-5.832052e+00
2.715000e-05	-2.935213e-02	-5.864761e+00
2.716000e-05	9.946376e-03	-5.905791e+00
2.717000e-05	-8.205254e-03	-5.949471e+00
2.718000e-05	-2.761105e-02	-5.979972e+00
2.719000e-05	-2.176538e-02	-5.960051e+00
2.720000e-05	-2.001329e-03	-6.033657e+00
2.721000e-05	-1.284357e-03	-6.074233e+00
2.722000e-05	-3.300998e-02	-6.128272e+00
2.723000e-05	-2.014021e-02	-6.179497e+00
2.724000e-05	-2.895268e-03	-6.233669e+00
2.725000e-05	-6.987156e-03	-6.311683e+00
2.726000e-05	-2.648990e-02	-6.324770e+00
2.727000e-05	-2.676671e-02	-6.317789e+00
2.728000e-05	-6.117558e-03	-6.367949e+00
2.729000e-05	-9.322000e-03	-6.388450e+00
2.730000e-05	-2.760901e-02	-6.399975e+00
2.731000e-05	-2.429119e-02	-6.390500e+00
2.732000e-05	-9.508585e-03	-6.408974e+00
2.733000e-05	-8.637064e-03	-6.420524e+00
2.734000e-05	-2.731891e-02	-6.431050e+00
2.735000e-05	-2.661178e-02	-6.410501e+00
2.736000e-05	-1.291388e-02	-6.410050e+00
2.737000e-05	-1.486151e-02	-6.451078e+00
2.738000e-05	-2.521832e-02	-6.441050e+00
2.739000e-05	-2.868328e-02	-6.430525e+00
2.740000e-05	-1.498560e-02	-6.440025e+00
2.741000e-05	-1.439587e-02	-6.400075e+00
2.742000e-05	-2.519076e-02	-6.419999e+00
2.743000e-05	-2.655223e-02	-6.409021e+00
2.744000e-05	-1.748614e-02	-6.389000e+00
2.745000e-05	-1.486681e-02	-6.359497e+00
2.746000e-05	-2.527473e-02	-6.379920e+00
2.747000e-05	-2.793285e-02	-6.365770e+00
2.748000e-05	-1.878972e-02	-6.355783e+00
2.749000e-05	-1.629354e-02	-6.274737e+00
2.750000e-05	-2.266240e-02	-6.252028e+00
2.751000e-05	-2.564389e-02	-6.179495e+00
2.752000e-05	-1.730826e-02	-6.143917e+00
2.753000e-05	-1.382384e-02	-6.104107e+00
2.754000e-05	-2.135919e-02	-6.051028e+00
2.755000e-05	-2.318061e-02	-6.000553e+00
2.756000e-05	-1.707916e-02	-5.968871e+00
2.757000e-05	-1.370312e-02	-5.937793e+00
2.758000e-05	-1.896311e-02	-5.954788e+00
2.759000e-05	-2.317659e-02	-5.883132e+00
2.760000e-05	-1.602364e-02	-5.821028e+00
2.761000e-05	-1.221538e-02	-5.746896e+00
2.762000e-05	-1.596594e-02	-5.714262e+00
2.763000e-05	-1.847562e-02	-5.661154e+00
2.764000e-05	-1.475438e-02	-5.599474e+00
2.765000e-05	-1.048708e-02	-5.546449e+00
2.766000e-05	-1.630081e-02	-5.505284e+00
2.767000e-05	-1.852607e-02	-5.440002e+00
2.768000e-05	-1.436028e-02	-5.302742e+00
2.769000e-05	-1.073015e-02	-5.200105e+00
2.770000e-05	-1.300899e-02	-5.166871e+00
2.771000e-05	-1.531728e-02	-5.081160e+00
2.772000e-05	-1.161362e-02	-5.019523e+00
2.773000e-05	-9.752579e-03	-4.903689e+00
2.774000e-05	-1.189161e-02	-4.758926e+00
2.775000e-05	-1.352999e-02	-4.752637e+00
2.776000e-05	-1.151663e-02	-4.631578e+00
2.777000e-05	-1.005764e-02	-4.588393e+00
2.778000e-05	-1.240221e-02	-4.472711e+00
2.779000e-05	-1.322742e-02	-4.410502e+00
2.780000e-05	-9.910148e-03	-4.376946e+00
2.781000e-05	-8.055616e-03	-4.253711e+00
2.782000e-05	-8.332170e-03	-4.228500e+00
2.783000e-05	-1.082027e-02	-4.123741e+00
2.784000e-05	-8.732247e-03	-4.041079e+00
2.785000e-05	-7.955363e-03	-3.977869e+00
2.786000e-05	-1.010324e-02	-3.871158e+00
2.787000e-05	-1.162937e-02	-3.703767e+00
2.788000e-05	-8.573065e-03	-3.610050e+00
2.789000e-05	-6.314966e-03	-3.516820e+00
2.790000e-05	-7.567491e-03	-3.420080e+00
2.791000e-05	-9.030147e-03	-3.305818e+00
2.792000e-05	-7.219346e-03	-3.240030e+00
2.793000e-05	-6.695648e-03	-3.167296e+00
2.794000e-05	-7.581513e-03	-3.041080e+00
2.795000e-05	-7.918698e-03	-2.873654e+00
2.796000e-05	-8.559502e-03	-2.809500e+00
2.797000e-05	-4.788957e-03	-2.733634e+00
2.798000e-05	-7.003500e-03	-2.598900e+00
2.799000e-05	-7.241402e-03	-2.442162e+00
2.800000e-05	-6.666916e-03	-2.409495e+00
2.801000e-05	-5.188832e-03	-2.283741e+00
2.802000e-05	-7.509995e-03	-2.105342e+00
2.803000e-05	-6.333731e-03	-2.049501e+00
2.804000e-05	-5.697478e-03	-1.965291e+00
2.805000e-05	-3.090828e-03	-1.797979e+00
2.806000e-05	-5.222650e-03	-1.694816e+00
2.807000e-05	-5.773232e-03	-1.630078e+00
2.808000e-05	-6.395316e-03	-1.492762e+00
2.809000e-05	-5.577960e-03	-1.334246e+00
2.810000e-05	-6.320679e-03	-1.199950e+00
2.811000e-05	-4.944142e-03	-1.032111e+00
2.812000e-05	-5.128552e-03	-9.867682e-01
2.813000e-05	-3.037060e-03	-8.325577e-01
2.814000e-05	-3.616083e-03	-7.678997e-01
2.815000e-05	-4.096022e-03	-6.105798e-01
2.816000e-05	-3.961693e-03	-4.821329e-01
2.817000e-05	-3.530161e-03	-3.968947e-01
2.818000e-05	-5.235633e-03	-2.816553e-01
2.819000e-05	-4.483383e-03	-1.752945e-01
2.820000e-05	-2.341531e-03	-5.055284e-02
2.821000e-05	1.265325e-03	4.265545e-02
2.822000e-05	1.385892e-03	1.989738e-01
2.823000e-05	-4.304993e-04	3.398896e-01
2.824000e-05	-1.248592e-04	4.110789e-01
2.825000e-05	-1.287052e-03	4.863122e-01
2.826000e-05	-1.787154e-03	6.210026e-01
2.827000e-05	-1.319774e-03	7.278649e-01
2.828000e-05	1.166385e-02	8.115300e-01
2.829000e-05	3.987520e-02	9.204684e-01
2.830000e-05	1.573156e-02	1.169494e+00
2.831000e-05	-4.247543e-02	1.328841e+00
2.832000e-05	-8.668587e-02	1.391625e+00
2.833000e-05	-7.575183e-05	1.444330e+00
2.834000e-05	1.022830e-01	1.632532e+00
2.835000e-05	-2.445636e-02	1.768974e+00
2.836000e-05	-1.025141e-01	1.842580e+00
2.837000e-05	1.032132e-01	1.937970e+00
2.838000e-05	3.200995e-02	2.083654e+00
2.839000e-05	-4.122241e-02	2.155840e+00
2.840000e-05	9.982127e-03	2.162574e+00
2.841000e-05	-4.180732e-02	2.360050e+00
2.842000e-05	-1.786709e-02	2.431077e+00
2.843000e-05	9.184557e-02	2.520312e+00
2.844000e-05	2.843501e-03	2.697365e+00
2.845000e-05	-9.013188e-02	2.831578e+00
2.846000e-05	3.461308e-02	2.897312e+00
2.847000e-05	5.173285e-02	3.020976e+00
2.848000e-05	-1.817524e-02	3.123861e+00
2.849000e-05	-5.088582e-02	3.200550e+00
2.850000e-05	5.843144e-03	3.304816e+00
2.851000e-05	6.938201e-02	3.361049e+00
2.852000e-05	1.309690e-02	3.538237e+00
2.853000e-05	-8.223633e-02	3.611582e+00
2.854000e-05	2.133140e-02	3.707267e+00
2.855000e-05	5.999755e-02	3.811001e+00
2.856000e-05	-3.049289e-02	3.946792e+00
2.857000e-05	-1.418624e-02	3.980474e+00
2.858000e-05	1.549003e-02	4.033128e+00
2.859000e-05	2.352524e-02	4.158438e+00
2.860000e-05	-3.777690e-03	4.295208e+00
2.861000e-05	-1.297661e-02	4.410021e+00
2.862000e-05	-8.133028e-03	4.434083e+00
2.863000e-05	2.964335e-02	4.526366e+00
2.864000e-05	1.075083e-02	4.630525e+00
2.865000e-05	-1.620815e-02	4.706261e+00
2.866000e-05	2.277857e-03	4.770420e+00
2.867000e-05	2.252109e-02	4.851080e+00
2.868000e-05	2.410304e-03	4.936265e+00
2.869000e-05	-1.519136e-02	5.035657e+00
2.870000e-05	1.173706e-02	5.147896e+00
2.871000e-05	1.641971e-02	5.260603e+00
2.872000e-05	1.070254e-02	5.294710e+00
2.873000e-05	-8.768308e-03	5.368869e+00
2.874000e-05	2.299901e-03	5.421000e+00
2.875000e-05	1.942772e-02	5.474129e+00
2.876000e-05	7.677040e-03	5.529387e+00
2.877000e-05	-5.332626e-03	5.599925e+00
2.878000e-05	3.432828e-03	5.621075e+00
2.879000e-05	2.203600e-02	5.683108e+00
2.880000e-05	6.069541e-03	5.745192e+00
2.881000e-05	-6.170992e-03	5.789499e+00
2.882000e-05	4.257484e-03	5.903788e+00
2.883000e-05	2.191366e-02	5.935862e+00
2.884000e-05	1.001748e-02	5.968422e+00
2.885000e-05	-2.951084e-03	5.990526e+00
2.886000e-05	7.653124e-03	6.011551e+00
2.887000e-05	1.988665e-02	6.051627e+00
2.888000e-05	1.119862e-02	6.106291e+00
2.889000e-05	-4.286321e-03	6.115841e+00
2.890000e-05	6.850175e-03	6.158897e+00
2.891000e-05	1.903715e-02	6.178400e+00
2.892000e-05	1.413432e-02	6.209523e+00
2.893000e-05	5.317202e-04	6.201579e+00
2.894000e-05	8.985849e-03	6.240029e+00
2.895000e-05	2.026452e-02	6.262181e+00
2.896000e-05	1.353103e-02	6.283688e+00
2.897000e-05	4.645480e-03	6.314191e+00
2.898000e-05	7.447493e-03	6.315336e+00
2.899000e-05	1.946457e-02	6.315817e+00
2.900000e-05	1.372695e-02	6.355312e+00
2.901000e-05	7.485596e-03	6.344863e+00
2.902000e-05	8.256921e-03	6.357315e+00
2.903000e-05	2.061778e-02	6.327293e+00
2.904000e-05	1.717915e-02	6.365692e+00
2.905000e-05	8.942229e-03	6.304337e+00
2.906000e-05	1.218121e-02	6.305792e+00
2.907000e-05	1.918304e-02	6.354288e+00
2.908000e-05	1.812289e-02	6.315186e+00
2.909000e-05	9.706606e-03	6.254183e+00
2.910000e-05	1.155571e-02	6.292559e+00
2.911000e-05	1.921942e-02	6.251581e+00
2.912000e-05	1.754564e-02	6.251003e+00
2.913000e-05	1.287708e-02	6.219975e+00
2.914000e-05	1.188032e-02	6.198925e+00
2.915000e-05	1.725814e-02	6.166893e+00
2.916000e-05	1.648909e-02	6.105292e+00
2.917000e-05	1.069367e-02	6.103813e+00
2.918000e-05	9.768604e-03	6.062133e+00
2.919000e-05	1.602010e-02	6.032501e+00
2.920000e-05	1.466057e-02	6.040476e+00
2.921000e-05	1.034240e-02	5.999951e+00
2.922000e-05	8.170075e-03	5.948422e+00
2.923000e-05	1.401079e-02	5.894591e+00
2.924000e-05	1.323790e-02	5.841075e+00
2.925000e-05	7.911009e-03	5.746373e+00
2.926000e-05	8.028579e-03	5.701834e+00
2.927000e-05	1.124372e-02	5.660057e+00
2.928000e-05	1.138263e-02	5.610450e+00
2.929000e-05	5.946009e-03	5.538397e+00
2.930000e-05	4.376456e-03	5.493786e+00
2.931000e-05	8.137179e-03	5.441628e+00
2.932000e-05	9.496052e-03	5.387949e+00
2.933000e-05	6.849491e-03	5.365817e+00
2.934000e-05	6.506418e-03	5.273632e+00
2.935000e-05	8.177030e-03	5.198399e+00
2.936000e-05	8.129679e-03	5.103786e+00
2.937000e-05	4.029200e-03	5.007322e+00
2.938000e-05	2.143335e-03	4.890633e+00
2.939000e-05	4.785168e-03	4.809999e+00
2.940000e-05	5.965423e-03	4.774746e+00
2.941000e-05	4.474221e-03	4.671630e+00
2.942000e-05	3.405877e-03	4.616472e+00
2.943000e-05	4.407461e-03	4.514311e+00
2.944000e-05	4.986891e-03	4.430501e+00
2.945000e-05	3.115281e-03	4.398450e+00
2.946000e-05	2.035953e-03	4.302239e+00
2.947000e-05	3.639881e-03	4.198270e+00
2.948000e-05	3.206856e-03	4.041107e+00
2.949000e-05	1.470909e-03	3.976848e+00
2.950000e-05	9.065234e-04	3.892138e+00
2.951000e-05	2.537229e-03	3.788499e+00
2.952000e-05	2.186252e-03	3.745264e+00
2.953000e-05	1.247427e-03	3.629478e+00
2.954000e-05	7.852461e-04	3.567848e+00
2.955000e-05	2.171978e-03	3.479608e+00
2.956000e-05	1.332366e-03	3.332662e+00
2.957000e-05	-8.367277e-04	3.189450e+00
2.958000e-05	-1.592970e-03	3.114342e+00
2.959000e-05	7.794748e-06	3.049928e+00
2.960000e-05	-4.477209e-04	2.923765e+00
2.961000e-05	-1.591812e-03	2.849978e+00
2.962000e-05	-8.483517e-04	2.754816e+00
2.963000e-05	2.299932e-04	2.619380e+00
2.964000e-05	3.305466e-04	2.451114e+00
2.965000e-05	-2.030513e-03	2.356295e+00
2.966000e-05	-4.588862e-04	2.240584e+00
2.967000e-05	-9.179611e-04	2.175866e+00
2.968000e-05	-1.603803e-03	2.050629e+00
2.969000e-05	-4.057271e-03	1.986446e+00
2.970000e-05	-3.214049e-03	1.848582e+00
2.971000e-05	-3.040527e-03	1.725388e+00
2.972000e-05	-2.786216e-03	1.628404e+00
2.973000e-05	-2.762075e-03	1.492109e+00
2.974000e-05	-2.016588e-03	1.347346e+00
2.975000e-05	-7.210794e-04	1.241133e+00
2.976000e-05	-2.080478e-03	1.146243e+00
2.977000e-05	-2.653837e-03	9.574697e-01
2.978000e-05	-3.881332e-03	8.205026e-01
2.979000e-05	-4.626702e-03	7.132870e-01
2.980000e-05	-6.067944e-03	6.279775e-01
2.981000e-05	-5.474668e-03	4.826870e-01
2.982000e-05	-4.287178e-03	3.989276e-01
2.983000e-05	-2.024794e-03	3.412144e-01
2.984000e-05	-3.605609e-03	1.738445e-01
2.985000e-05	-2.505155e-03	-2.374608e-05
2.986000e-05	-1.721784e-03	-9.673566e-02
2.987000e-05	-1.469209e-03	-2.110000e-01
2.988000e-05	-3.514666e-03	-3.058095e-01
2.989000e-05	-5.399939e-03	-3.699988e-01
2.990000e-05	-3.481995e-03	-4.652354e-01
2.991000e-05	-3.115515e-03	-6.241243e-01
2.992000e-05	-3.181223e-03	-7.584949e-01
2.993000e-05	2.757828e-04	-8.420827e-01
2.994000e-05	2.838888e-02	-9.184434e-01
2.995000e-05	4.337340e-02	-1.074684e+00
2.996000e-05	-3.571231e-02	-1.290290e+00
2.997000e-05	-7.936497e-02	-1.528890e+00
2.998000e-05	-6.348608e-02	-1.589997e+00
2.999000e-05	1.124183e-01	-1.558921e+00
3.000000e-05	1.846857e-02	-1.675261e+00
3.001000e-05	-1.219875e-01	-1.844637e+00
3.002000e-05	7.665038e-02	-1.946191e+00
3.003000e-05	5.516322e-02	-1.957495e+00
3.004000e-05	-6.021952e-02	-2.172075e+00
3.005000e-05	-5.208712e-03	-2.326895e+00
3.006000e-05	-1.677217e-03	-2.369025e+00
3.007000e-05	-8.894713e-02	-2.487339e+00
3.008000e-05	7.009913e-02	-2.601073e+00
3.009000e-05	7.322116e-02	-2.664737e+00
3.010000e-05	-1.286154e-01	-2.790999e+00
3.011000e-05	-1.213508e-02	-2.856235e+00
3.012000e-05	1.000083e-01	-3.013055e+00
3.013000e-05	-5.994675e-02	-3.168996e+00
3.014000e-05	-5.406764e-02	-3.240075e+00
3.015000e-05	-4.968374e-03	-3.348366e+00
3.016000e-05	4.652307e-02	-3.464838e+00
3.017000e-05	4.748563e-02	-3.558444e+00
3.018000e-05	-1.144646e-01	-3.610471e+00
3.019000e-05	-1.708739e-02	-3.726313e+00
3.020000e-05	9.332305e-02	-3.835607e+00
3.021000e-05	-5.303406e-02	-3.988472e+00
3.022000e-05	-5.213605e-02	-4.011603e+00
3.023000e-05	2.701858e-02	-4.116787e+00
3.024000e-05	1.002767e-02	-4.243105e+00
3.025000e-05	5.266895e-03	-4.327913e+00
3.026000e-05	-5.590305e-02	-4.359995e+00
3.027000e-05	-1.714350e-02	-4.453580e+00
3.028000e-05	4.574626e-02	-4.505288e+00
3.029000e-05	-2.863289e-02	-4.671578e+00
3.030000e-05	-2.520696e-02	-4.675357e+00
3.031000e-05	-1.164377e-02	-4.738471e+00
3.032000e-05	9.875344e-03	-4.845232e+00
3.033000e-05	1.064944e-03	-4.988466e+00
3.034000e-05	-5.108486e-02	-5.021050e+00
3.035000e-05	-9.890228e-04	-5.096313e+00
3.036000e-05	1.379833e-02	-5.129519e+00
3.037000e-05	-1.104690e-02	-5.254552e+00
3.038000e-05	-2.148162e-02	-5.346310e+00
3.039000e-05	-2.711051e-02	-5.443659e+00
3.040000e-05	1.339435e-02	-5.546942e+00
3.041000e-05	-2.607473e-03	-5.610022e+00
3.042000e-05	-3.972626e-02	-5.622050e+00
3.043000e-05	-1.053788e-02	-5.685082e+00
3.044000e-05	1.461176e-03	-5.727942e+00
3.045000e-05	-3.084680e-03	-5.781526e+00
3.046000e-05	-2.948623e-02	-5.860074e+00
3.047000e-05	-2.509001e-02	-5.874759e+00
3.048000e-05	1.118461e-02	-5.907938e+00
3.049000e-05	-1.233286e-02	-5.978521e+00
3.050000e-05	-2.459660e-02	-6.009500e+00
3.051000e-05	-2.003065e-02	-6.010003e+00
3.052000e-05	-3.284976e-03	-6.043080e+00
3.053000e-05	-5.105274e-03	-6.065711e+00
3.054000e-05	-3.464124e-02	-6.084268e+00
3.055000e-05	-1.677396e-02	-6.178096e+00
3.056000e-05	-4.250282e-03	-6.219634e+00
3.057000e-05	-8.768492e-03	-6.305785e+00
3.058000e-05	-2.552357e-02	-6.305835e+00
3.059000e-05	-2.358386e-02	-6.346342e+00
3.060000e-05	-5.956015e-03	-6.369369e+00
3.061000e-05	-1.243375e-02	-6.409497e+00
3.062000e-05	-2.755323e-02	-6.379501e+00
3.063000e-05	-2.281301e-02	-6.400499e+00
3.064000e-05	-1.054882e-02	-6.409975e+00
3.065000e-05	-1.079228e-02	-6.410025e+00
3.066000e-05	-2.627974e-02	-6.421501e+00
3.067000e-05	-2.476155e-02	-6.420551e+00
3.068000e-05	-1.180682e-02	-6.411550e+00
3.069000e-05	-1.711855e-02	-6.400626e+00
3.070000e-05	-2.641509e-02	-6.430526e+00
3.071000e-05	-2.766416e-02	-6.412025e+00
3.072000e-05	-1.505776e-02	-6.411051e+00
3.073000e-05	-1.565417e-02	-6.412050e+00
3.074000e-05	-2.611643e-02	-6.430000e+00
3.075000e-05	-2.486109e-02	-6.401501e+00
3.076000e-05	-1.675591e-02	-6.388951e+00
3.077000e-05	-1.545008e-02	-6.367999e+00
3.078000e-05	-2.578807e-02	-6.348416e+00
3.079000e-05	-2.660323e-02	-6.347318e+00
3.080000e-05	-1.715501e-02	-6.283842e+00
3.081000e-05	-1.591036e-02	-6.303583e+00
3.082000e-05	-2.475229e-02	-6.249634e+00
3.083000e-05	-2.520117e-02	-6.227922e+00
3.084000e-05	-1.609183e-02	-6.115239e+00
3.085000e-05	-1.293230e-02	-6.062633e+00
3.086000e-05	-2.236683e-02	-6.020551e+00
3.087000e-05	-2.432469e-02	-5.990026e+00
3.088000e-05	-1.621227e-02	-5.987974e+00
3.089000e-05	-1.344229e-02	-5.956392e+00
3.090000e-05	-2.060891e-02	-5.914213e+00
3.091000e-05	-2.223841e-02	-5.871679e+00
3.092000e-05	-1.442377e-02	-5.810399e+00
3.093000e-05	-1.117093e-02	-5.756896e+00
3.094000e-05	-1.811061e-02	-5.674662e+00
3.095000e-05	-2.001647e-02	-5.652630e+00
3.096000e-05	-1.474868e-02	-5.599901e+00
3.097000e-05	-1.067826e-02	-5.577394e+00
3.098000e-05	-1.435280e-02	-5.453685e+00
3.099000e-05	-1.836000e-02	-5.467875e+00
3.100000e-05	-1.256534e-02	-5.303711e+00
3.101000e-05	-9.961393e-03	-5.220477e+00
3.102000e-05	-1.340068e-02	-5.147345e+00
3.103000e-05	-1.685952e-02	-5.062605e+00
3.104000e-05	-1.349629e-02	-5.009450e+00
3.105000e-05	-8.022157e-03	-4.905268e+00
3.106000e-05	-1.135050e-02	-4.777921e+00
3.107000e-05	-1.439747e-02	-4.664285e+00
3.108000e-05	-1.048270e-02	-4.631028e+00
3.109000e-05	-8.260125e-03	-4.585893e+00
3.110000e-05	-1.126951e-02	-4.492710e+00
3.111000e-05	-1.462415e-02	-4.419503e+00
3.112000e-05	-1.072920e-02	-4.357445e+00
3.113000e-05	-7.269843e-03	-4.263208e+00
3.114000e-05	-9.389293e-03	-4.198975e+00
3.115000e-05	-1.142799e-02	-4.112766e+00
3.116000e-05	-8.649807e-03	-4.009551e+00
3.117000e-05	-5.043809e-03	-3.946869e+00
3.118000e-05	-8.836942e-03	-3.848551e+00
3.119000e-05	-1.242653e-02	-3.723183e+00
3.120000e-05	-7.865735e-03	-3.619551e+00
3.121000e-05	-5.798309e-03	-3.544816e+00
3.122000e-05	-7.731198e-03	-3.428529e+00
3.123000e-05	-1.210579e-02	-3.314840e+00
3.124000e-05	-7.472660e-03	-3.231004e+00
3.125000e-05	-4.212148e-03	-3.147371e+00
3.126000e-05	-4.955432e-03	-3.051523e+00
3.127000e-05	-9.617497e-03	-2.851282e+00
3.128000e-05	-7.000787e-03	-2.777899e+00
3.129000e-05	-4.443696e-03	-2.704637e+00
3.130000e-05	-6.040235e-03	-2.576397e+00
3.131000e-05	-9.917996e-03	-2.422133e+00
3.132000e-05	-6.883086e-03	-2.378476e+00
3.133000e-05	-4.337733e-03	-2.272185e+00
3.134000e-05	-5.481323e-03	-2.133212e+00
3.135000e-05	-7.787029e-03	-1.999475e+00
3.136000e-05	-4.895640e-03	-1.903743e+00
3.137000e-05	-2.514338e-03	-1.820526e+00
3.138000e-05	-4.250786e-03	-1.701764e+00
3.139000e-05	-6.645122e-03	-1.598924e+00
3.140000e-05	-5.911963e-03	-1.470213e+00
3.141000e-05	-4.680147e-03	-1.364864e+00
3.142000e-05	-4.644289e-03	-1.188375e+00
3.143000e-05	-7.008299e-03	-1.040655e+00
3.144000e-05	-5.294289e-03	-9.682972e-01
3.145000e-05	-2.016224e-03	-8.616303e-01
3.146000e-05	-2.888986e-03	-7.659109e-01
3.147000e-05	-3.829740e-03	-6.279261e-01
3.148000e-05	-4.559122e-03	-4.212052e-01
3.149000e-05	-2.304058e-03	-3.683458e-01
3.150000e-05	-4.078211e-03	-2.206575e-01
3.151000e-05	-5.008261e-03	-1.554182e-01
3.152000e-05	-3.719381e-03	-2.942739e-02
3.153000e-05	7.150966e-04	1.141291e-01
3.154000e-05	9.037004e-04	2.084728e-01
3.155000e-05	-1.008328e-03	3.578437e-01
3.156000e-05	-1.657482e-03	4.110766e-01
3.157000e-05	-6.016795e-04	4.963871e-01
3.158000e-05	-1.159031e-03	6.025726e-01
3.159000e-05	-6.676235e-04	7.283923e-01
3.160000e-05	1.421260e-02	8.110780e-01
3.161000e-05	4.217142e-02	9.799241e-01
3.162000e-05	6.770169e-03	1.181073e+00
3.163000e-05	-4.705171e-02	1.328418e+00
3.164000e-05	-9.032574e-02	1.432128e+00
3.165000e-05	2.144550e-02	1.504654e+00
3.166000e-05	9.431169e-02	1.673279e+00
3.167000e-05	-4.179934e-02	1.779498e+00
3.168000e-05	-8.582836e-02	1.833103e+00
3.169000e-05	1.095597e-01	1.950395e+00
3.170000e-05	2.301316e-02	2.064258e+00
3.171000e-05	-4.775862e-02	2.137864e+00
3.172000e-05	1.838903e-02	2.264677e+00
3.173000e-05	-5.502874e-02	2.361470e+00
3.174000e-05	-3.052356e-03	2.472604e+00
3.175000e-05	9.873365e-02	2.580968e+00
3.176000e-05	-2.039917e-02	2.737917e+00
3.177000e-05	-8.542553e-02	2.821576e+00
3.178000e-05	5.092375e-02	2.936791e+00
3.179000e-05	4.190843e-02	3.010479e+00
3.180000e-05	-2.583491e-02	3.127263e+00
3.181000e-05	-4.870742e-02	3.240500e+00
3.182000e-05	1.609909e-02	3.276789e+00
3.183000e-05	7.237557e-02	3.390098e+00
3.184000e-05	-5.735550e-03	3.538396e+00
3.185000e-05	-7.888564e-02	3.632057e+00
3.186000e-05	3.301401e-02	3.706266e+00
3.187000e-05	5.288474e-02	3.791524e+00
3.188000e-05	-3.744449e-02	3.918768e+00
3.189000e-05	-7.561269e-03	4.010999e+00
3.190000e-05	1.701679e-02	4.062682e+00
3.191000e-05	2.305461e-02	4.168922e+00
3.192000e-05	-6.248894e-03	4.307233e+00
3.193000e-05	-1.445410e-02	4.411052e+00
3.194000e-05	-2.302475e-03	4.442659e+00
3.195000e-05	2.845448e-02	4.537366e+00
3.196000e-05	7.147635e-03	4.631127e+00
3.197000e-05	-1.808579e-02	4.705865e+00
3.198000e-05	9.334388e-03	4.749922e+00
3.199000e-05	2.075809e-02	4.861600e+00
3.200000e-05	-4.343437e-04	4.968293e+00
3.201000e-05	-1.196224e-02	5.095058e+00
3.202000e-05	1.371250e-02	5.159495e+00
3.203000e-05	1.516174e-02	5.222103e+00
3.204000e-05	6.043963e-03	5.304261e+00
3.205000e-05	-7.548893e-03	5.357969e+00
3.206000e-05	4.492664e-03	5.441003e+00
3.207000e-05	1.897432e-02	5.473231e+00
3.208000e-05	4.220799e-03	5.576864e+00
3.209000e-05	-3.388762e-03	5.599927e+00
3.210000e-05	6.301425e-03	5.640101e+00
3.211000e-05	2.188413e-02	5.643635e+00
3.212000e-05	2.672625e-03	5.704715e+00
3.213000e-05	-4.966826e-03	5.840474e+00
3.214000e-05	7.911466e-03	5.935263e+00
3.215000e-05	1.982661e-02	5.947912e+00
3.216000e-05	7.407704e-03	5.957999e+00
3.217000e-05	-3.421818e-03	6.000525e+00
3.218000e-05	1.135225e-02	6.031055e+00
3.219000e-05	1.828332e-02	6.053606e+00
3.220000e-05	8.687265e-03	6.096209e+00
3.221000e-05	-3.525226e-03	6.126437e+00
3.222000e-05	1.105636e-02	6.148349e+00
3.223000e-05	1.723935e-02	6.190500e+00
3.224000e-05	1.015997e-02	6.200500e+00
3.225000e-05	1.310781e-03	6.231577e+00
3.226000e-05	1.084359e-02	6.273156e+00
3.227000e-05	1.919150e-02	6.282557e+00
3.228000e-05	1.153780e-02	6.302761e+00
3.229000e-05	4.775691e-03	6.316765e+00
3.230000e-05	1.002732e-02	6.315212e+00
3.231000e-05	1.926168e-02	6.295261e+00
3.232000e-05	1.371080e-02	6.327742e+00
3.233000e-05	5.811605e-03	6.335237e+00
3.234000e-05	1.141714e-02	6.325867e+00
3.235000e-05	1.914514e-02	6.295816e+00
3.236000e-05	1.617572e-02	6.355793e+00
3.237000e-05	8.114089e-03	6.335364e+00
3.238000e-05	1.327648e-02	6.365766e+00
3.239000e-05	1.937098e-02	6.334236e+00
3.240000e-05	1.755512e-02	6.304711e+00
3.241000e-05	9.080368e-03	6.293714e+00
3.242000e-05	1.337290e-02	6.273557e+00
3.243000e-05	1.823602e-02	6.240554e+00
3.244000e-05	1.665555e-02	6.223579e+00
3.245000e-05	1.112076e-02	6.231000e+00
3.246000e-05	1.285740e-02	6.178903e+00
3.247000e-05	1.832867e-02	6.177421e+00
3.248000e-05	1.547852e-02	6.156842e+00
3.249000e-05	1.128270e-02	6.122287e+00
3.250000e-05	1.090711e-02	6.073284e+00
3.251000e-05	1.673667e-02	6.020529e+00
3.252000e-05	1.488895e-02	6.009499e+00
3.253000e-05	8.349057e-03	5.999925e+00
3.254000e-05	9.715905e-03	5.955371e+00
3.255000e-05	1.386201e-02	5.925768e+00
3.256000e-05	1.366307e-02	5.862055e+00
3.257000e-05	6.522328e-03	5.755891e+00
3.258000e-05	7.897104e-03	5.673082e+00
3.259000e-05	1.278554e-02	5.620506e+00
3.260000e-05	1.133608e-02	5.600447e+00
3.261000e-05	6.705467e-03	5.576396e+00
3.262000e-05	6.433314e-03	5.491762e+00
3.263000e-05	8.363552e-03	5.449529e+00
3.264000e-05	9.051807e-03	5.389425e+00
3.265000e-05	6.772759e-03	5.334766e+00
3.266000e-05	5.367649e-03	5.250027e+00
3.267000e-05	9.389975e-03	5.208875e+00
3.268000e-05	6.370046e-03	5.114238e+00
3.269000e-05	5.634131e-03	4.927270e+00
3.270000e-05	3.652765e-03	4.861187e+00
3.271000e-05	5.214933e-03	4.799476e+00
3.272000e-05	5.690744e-03	4.765792e+00
3.273000e-05	3.935221e-03	4.652605e+00
3.274000e-05	3.744667e-03	4.598425e+00
3.275000e-05	4.418608e-03	4.522685e+00
3.276000e-05	4.393434e-03	4.430000e+00
3.277000e-05	3.951729e-03	4.398394e+00
3.278000e-05	1.328200e-03	4.302157e+00
3.279000e-05	3.664944e-03	4.145346e+00
3.280000e-05	3.394098e-03	4.040578e+00
3.281000e-05	2.002348e-03	4.005372e+00
3.282000e-05	1.299456e-03	3.893584e+00
3.283000e-05	1.653595e-03	3.809427e+00
3.284000e-05	2.047473e-03	3.713687e+00
3.285000e-05	1.881568e-03	3.620003e+00
3.286000e-05	5.629728e-04	3.546842e+00
3.287000e-05	7.648751e-04	3.451551e+00
3.288000e-05	6.027208e-04	3.292687e+00
3.289000e-05	1.267412e-03	3.177899e+00
3.290000e-05	1.181045e-04	3.083612e+00
3.291000e-05	-1.293531e-03	3.039501e+00
3.292000e-05	-5.583782e-04	2.914241e+00
3.293000e-05	-7.886583e-05	2.840475e+00
3.294000e-05	-9.709589e-04	2.774321e+00
3.295000e-05	-2.035827e-03	2.618801e+00
3.296000e-05	-4.568389e-04	2.482033e+00
3.297000e-05	-6.499617e-04	2.366343e+00
3.298000e-05	-1.734008e-03	2.231028e+00
3.299000e-05	-1.978393e-03	2.194267e+00
3.300000e-05	-1.480371e-03	2.090531e+00
3.301000e-05	-1.864105e-03	1.966846e+00
3.302000e-05	-2.052858e-03	1.859482e+00
3.303000e-05	-2.440579e-03	1.763291e+00
3.304000e-05	-2.651072e-03	1.639800e+00
3.305000e-05	-2.697494e-03	1.461605e+00
3.306000e-05	-4.694284e-03	1.355346e+00
3.307000e-05	-3.596053e-03	1.260607e+00
3.308000e-05	-2.914280e-03	1.115663e+00
3.309000e-05	-1.314326e-03	9.652157e-01
3.310000e-05	-3.440275e-03	7.994500e-01
3.311000e-05	-4.373331e-03	7.532630e-01
3.312000e-05	-3.426796e-03	6.189538e-01
3.313000e-05	-3.370188e-03	5.235844e-01
3.314000e-05	-4.831199e-03	3.974000e-01
3.315000e-05	-5.399449e-03	2.801126e-01
3.316000e-05	-3.702622e-03	1.432379e-01
3.317000e-05	-2.857089e-03	8.948816e-03
3.318000e-05	-1.777516e-03	-1.158919e-01
3.319000e-05	-2.207150e-03	-2.010488e-01
3.320000e-05	-3.428190e-03	-3.263383e-01
3.321000e-05	-2.262546e-03	-3.906276e-01
3.322000e-05	-2.727063e-03	-4.573342e-01
3.323000e-05	-4.054929e-03	-6.435832e-01
3.324000e-05	-5.210409e-03	-7.704486e-01
3.325000e-05	1.303855e-03	-8.427028e-01
3.326000e-05	3.319728e-02	-9.384410e-01
3.327000e-05	3.680242e-02	-1.097237e+00
3.328000e-05	-4.316487e-02	-1.309815e+00
3.329000e-05	-8.536420e-02	-1.518469e+00
3.330000e-05	-3.811089e-02	-1.589500e+00
3.331000e-05	1.103930e-01	-1.569471e+00
3.332000e-05	-1.097914e-04	-1.697361e+00
3.333000e-05	-1.231650e-01	-1.896338e+00
3.334000e-05	1.006249e-01	-1.925814e+00
3.335000e-05	3.921510e-02	-1.959945e+00
3.336000e-05	-7.179520e-02	-2.184151e+00
3.337000e-05	1.530668e-02	-2.358471e+00
3.338000e-05	-1.972964e-02	-2.390000e+00
3.339000e-05	-8.429778e-02	-2.508365e+00
3.340000e-05	9.448203e-02	-2.621051e+00
3.341000e-05	4.276553e-02	-2.655234e+00
3.342000e-05	-1.342420e-01	-2.802026e+00
3.343000e-05	2.090886e-02	-2.916282e+00
3.344000e-05	8.304480e-02	-3.005205e+00
3.345000e-05	-6.923053e-02	-3.131497e+00
3.346000e-05	-4.569103e-02	-3.252603e+00
3.347000e-05	2.429541e-03	-3.349392e+00
3.348000e-05	5.107303e-02	-3.505313e+00
3.349000e-05	2.995128e-02	-3.568896e+00
3.350000e-05	-1.246423e-01	-3.611573e+00
3.351000e-05	1.196052e-02	-3.728465e+00
3.352000e-05	8.452521e-02	-3.824760e+00
3.353000e-05	-7.003069e-02	-4.009399e+00
3.354000e-05	-3.560416e-02	-4.031079e+00
3.355000e-05	2.652375e-02	-4.117836e+00
3.356000e-05	1.066732e-02	-4.194181e+00
3.357000e-05	-4.927006e-03	-4.316318e+00
3.358000e-05	-5.967000e-02	-4.357999e+00
3.359000e-05	-2.427008e-03	-4.422552e+00
3.360000e-05	3.938968e-02	-4.508440e+00
3.361000e-05	-3.325974e-02	-4.692079e+00
3.362000e-05	-2.248961e-02	-4.646811e+00
3.363000e-05	-8.019388e-03	-4.769425e+00
3.364000e-05	1.173747e-02	-4.854756e+00
3.365000e-05	-7.679198e-03	-4.939396e+00
3.366000e-05	-5.159180e-02	-5.011600e+00
3.367000e-05	9.183787e-03	-5.125258e+00
3.368000e-05	8.477687e-03	-5.177423e+00
3.369000e-05	-1.118977e-02	-5.244253e+00
3.370000e-05	-2.500884e-02	-5.325761e+00
3.371000e-05	-2.244768e-02	-5.423180e+00
3.372000e-05	1.606110e-02	-5.556893e+00
3.373000e-05	-1.153337e-02	-5.600525e+00
3.374000e-05	-3.877843e-02	-5.631551e+00
3.375000e-05	-5.341988e-03	-5.664157e+00
3.376000e-05	3.112736e-03	-5.727416e+00
3.377000e-05	-5.507673e-03	-5.818976e+00
3.378000e-05	-3.404876e-02	-5.842100e+00
3.379000e-05	-1.798574e-02	-5.906209e+00
3.380000e-05	1.251098e-02	-5.976818e+00
3.381000e-05	-1.735555e-02	-5.980497e+00
3.382000e-05	-2.739983e-02	-5.980572e+00
3.383000e-05	-1.754202e-02	-6.011527e+00
3.384000e-05	2.117187e-03	-6.052207e+00
3.385000e-05	-9.453656e-03	-6.084888e+00
3.386000e-05	-3.579321e-02	-6.177366e+00
3.387000e-05	-1.356956e-02	-6.200550e+00
3.388000e-05	-9.646122e-04	-6.231673e+00
3.389000e-05	-1.178189e-02	-6.283208e+00
3.390000e-05	-2.940329e-02	-6.336369e+00
3.391000e-05	-2.162111e-02	-6.357863e+00
3.392000e-05	-1.844279e-03	-6.378469e+00
3.393000e-05	-1.536582e-02	-6.379525e+00
3.394000e-05	-2.864934e-02	-6.390475e+00
3.395000e-05	-2.119282e-02	-6.419999e+00
3.396000e-05	-6.200643e-03	-6.410475e+00
3.397000e-05	-1.299457e-02	-6.410050e+00
3.398000e-05	-3.058621e-02	-6.411051e+00
3.399000e-05	-2.373597e-02	-6.410575e+00
3.400000e-05	-1.017862e-02	-6.431553e+00
3.401000e-05	-1.665693e-02	-6.430578e+00
3.402000e-05	-2.822599e-02	-6.419951e+00
3.403000e-05	-2.515929e-02	-6.401075e+00
3.404000e-05	-1.100354e-02	-6.422526e+00
3.405000e-05	-1.564320e-02	-6.401054e+00
3.406000e-05	-2.955695e-02	-6.399525e+00
3.407000e-05	-2.610304e-02	-6.389524e+00
3.408000e-05	-1.631196e-02	-6.388949e+00
3.409000e-05	-1.572268e-02	-6.386972e+00
3.410000e-05	-2.796058e-02	-6.368916e+00
3.411000e-05	-2.594420e-02	-6.325792e+00
3.412000e-05	-1.521492e-02	-6.276311e+00
3.413000e-05	-1.676656e-02	-6.282658e+00
3.414000e-05	-2.466642e-02	-6.249627e+00
3.415000e-05	-2.623779e-02	-6.195370e+00
3.416000e-05	-1.488480e-02	-6.094362e+00
3.417000e-05	-1.586497e-02	-6.082654e+00
3.418000e-05	-2.310441e-02	-6.010526e+00
3.419000e-05	-2.382754e-02	-6.000550e+00
3.420000e-05	-1.514537e-02	-5.988474e+00
3.421000e-05	-1.413054e-02	-5.917374e+00
3.422000e-05	-2.006747e-02	-5.894788e+00
3.423000e-05	-2.139012e-02	-5.870603e+00
3.424000e-05	-1.297405e-02	-5.830003e+00
3.425000e-05	-1.206979e-02	-5.756371e+00
3.426000e-05	-1.881429e-02	-5.725209e+00
3.427000e-05	-2.118747e-02	-5.642104e+00
3.428000e-05	-1.350998e-02	-5.590473e+00
3.429000e-05	-1.156704e-02	-5.586942e+00
3.430000e-05	-1.570092e-02	-5.476161e+00
3.431000e-05	-1.670478e-02	-5.395895e+00
3.432000e-05	-1.113707e-02	-5.306209e+00
3.433000e-05	-1.017268e-02	-5.240074e+00
3.434000e-05	-1.488519e-02	-5.165370e+00
3.435000e-05	-1.722964e-02	-5.031609e+00
3.436000e-05	-1.203709e-02	-5.020452e+00
3.437000e-05	-1.055151e-02	-4.902209e+00
3.438000e-05	-1.236788e-02	-4.788349e+00
3.439000e-05	-1.375613e-02	-4.674708e+00
3.440000e-05	-7.965481e-03	-4.629574e+00
3.441000e-05	-7.482267e-03	-4.526888e+00
3.442000e-05	-1.120663e-02	-4.501163e+00
3.443000e-05	-1.392276e-02	-4.409975e+00
3.444000e-05	-1.065925e-02	-4.347824e+00
3.445000e-05	-8.433047e-03	-4.282658e+00
3.446000e-05	-1.057199e-02	-4.188924e+00
3.447000e-05	-1.176701e-02	-4.103561e+00
3.448000e-05	-7.617759e-03	-4.019053e+00
3.449000e-05	-6.674370e-03	-3.944323e+00
3.450000e-05	-8.460848e-03	-3.840053e+00
3.451000e-05	-9.753844e-03	-3.692207e+00
3.452000e-05	-7.819294e-03	-3.598950e+00
3.453000e-05	-7.829974e-03	-3.525838e+00
3.454000e-05	-8.278046e-03	-3.407979e+00
3.455000e-05	-8.679960e-03	-3.325315e+00
3.456000e-05	-7.305284e-03	-3.190075e+00
3.457000e-05	-6.562739e-03	-3.165818e+00
3.458000e-05	-5.869539e-03	-3.019481e+00
3.459000e-05	-7.490399e-03	-2.881631e+00
3.460000e-05	-6.008735e-03	-2.778921e+00
3.461000e-05	-6.837426e-03	-2.692633e+00
3.462000e-05	-6.906133e-03	-2.587923e+00
3.463000e-05	-8.260837e-03	-2.451129e+00
3.464000e-05	-4.962395e-03	-2.398901e+00
3.465000e-05	-5.757229e-03	-2.281013e+00
3.466000e-05	-6.559723e-03	-2.113263e+00
3.467000e-05	-6.970841e-03	-2.009474e+00
3.468000e-05	-5.351849e-03	-1.904738e+00
3.469000e-05	-4.069697e-03	-1.798950e+00
3.470000e-05	-5.620132e-03	-1.703710e+00
3.471000e-05	-6.358175e-03	-1.579025e+00
3.472000e-05	-3.720500e-03	-1.472735e+00
3.473000e-05	-4.584369e-03	-1.285212e+00
3.474000e-05	-5.597918e-03	-1.157872e+00
3.475000e-05	-6.092701e-03	-1.061081e+00
3.476000e-05	-2.866142e-03	-9.367934e-01
3.477000e-05	-3.530663e-03	-8.400550e-01
3.478000e-05	-5.986822e-03	-7.563469e-01
3.479000e-05	-4.310450e-03	-5.984283e-01
3.480000e-05	-2.541154e-03	-4.105290e-01
3.481000e-05	-3.491965e-03	-3.578461e-01
3.482000e-05	-4.904774e-03	-2.305778e-01
3.483000e-05	-3.798427e-03	-1.353645e-01
3.484000e-05	-5.933210e-05	-2.950633e-02
3.485000e-05	8.442585e-04	5.365907e-02
3.486000e-05	-2.247053e-03	2.119991e-01
3.487000e-05	-6.558580e-04	3.599211e-01
3.488000e-05	-2.743672e-04	4.226001e-01
3.489000e-05	-1.030884e-03	5.478146e-01
3.490000e-05	-2.787896e-03	6.425766e-01
3.491000e-05	1.541860e-03	7.179698e-01
3.492000e-05	1.946138e-02	8.620815e-01
3.493000e-05	4.151258e-02	1.063553e+00
3.494000e-05	-2.070885e-03	1.211549e+00
3.495000e-05	-5.084142e-02	1.368893e+00
3.496000e-05	-8.836728e-02	1.411575e+00
3.497000e-05	4.462365e-02	1.515790e+00
3.498000e-05	8.079134e-02	1.678186e+00
3.499000e-05	-5.917781e-02	1.798499e+00
3.500000e-05	-6.368887e-02	1.852057e+00
3.501000e-05	1.094068e-01	1.980447e+00
3.502000e-05	1.407003e-02	2.096711e+00
3.503000e-05	-4.991128e-02	2.128344e+00
3.504000e-05	2.311698e-02	2.243661e+00
3.505000e-05	-6.216247e-02	2.400973e+00
3.506000e-05	1.264431e-02	2.432107e+00
3.507000e-05	1.000877e-01	2.601966e+00
3.508000e-05	-4.271653e-02	2.749347e+00
3.509000e-05	-7.542876e-02	2.852578e+00
3.510000e-05	6.303157e-02	2.907915e+00
3.511000e-05	3.106347e-02	3.042054e+00
3.512000e-05	-3.148842e-02	3.107816e+00
3.513000e-05	-4.466999e-02	3.233051e+00
3.514000e-05	2.522860e-02	3.346812e+00
3.515000e-05	7.425616e-02	3.441575e+00
3.516000e-05	-2.560988e-02	3.549420e+00
3.517000e-05	-7.002639e-02	3.633130e+00
3.518000e-05	4.373197e-02	3.717867e+00
3.519000e-05	4.484426e-02	3.822049e+00
3.520000e-05	-4.260777e-02	3.957813e+00
3.521000e-05	-2.900607e-03	4.022023e+00
3.522000e-05	1.928821e-02	4.094205e+00
3.523000e-05	2.062405e-02	4.167425e+00
3.524000e-05	-6.670330e-03	4.346837e+00
3.525000e-05	-1.617651e-02	4.422023e+00
3.526000e-05	6.478247e-03	4.454209e+00
3.527000e-05	2.667038e-02	4.567795e+00
3.528000e-05	4.624408e-03	4.651651e+00
3.529000e-05	-2.051586e-02	4.707346e+00
3.530000e-05	1.460788e-02	4.760448e+00
3.531000e-05	2.121454e-02	4.842628e+00
3.532000e-05	-2.531265e-03	4.879419e+00
3.533000e-05	-1.249969e-02	5.064183e+00
3.534000e-05	1.408753e-02	5.169471e+00
3.535000e-05	1.724447e-02	5.231553e+00
3.536000e-05	3.735687e-03	5.305811e+00
3.537000e-05	-6.620185e-03	5.390446e+00
3.538000e-05	4.494082e-03	5.471003e+00
3.539000e-05	2.197740e-02	5.447182e+00
3.540000e-05	1.293945e-03	5.587368e+00
3.541000e-05	-4.836987e-03	5.579525e+00
3.542000e-05	7.881850e-03	5.601501e+00
3.543000e-05	2.259813e-02	5.683132e+00
3.544000e-05	1.505200e-03	5.725771e+00
3.545000e-05	-6.069123e-03	5.811074e+00
3.546000e-05	1.047312e-02	5.895760e+00
3.547000e-05	2.016348e-02	5.937896e+00
3.548000e-05	6.712995e-03	5.979522e+00
3.549000e-05	-5.155181e-03	6.000476e+00
3.550000e-05	1.191537e-02	6.021053e+00
3.551000e-05	1.875017e-02	6.050107e+00
3.552000e-05	7.771933e-03	6.104734e+00
3.553000e-05	-3.376519e-03	6.128391e+00
3.554000e-05	1.238209e-02	6.168348e+00
3.555000e-05	2.013100e-02	6.189425e+00
3.556000e-05	8.341943e-03	6.190999e+00
3.557000e-05	8.610960e-04	6.232077e+00
3.558000e-05	1.033321e-02	6.262580e+00
3.559000e-05	2.133467e-02	6.243256e+00
3.560000e-05	9.926818e-03	6.272637e+00
3.561000e-05	3.305191e-03	6.317238e+00
3.562000e-05	1.218805e-02	6.295837e+00
3.563000e-05	2.061866e-02	6.306238e+00
3.564000e-05	1.293245e-02	6.335785e+00
3.565000e-05	4.793519e-03	6.336818e+00
3.566000e-05	1.393218e-02	6.335867e+00
3.567000e-05	2.070550e-02	6.327317e+00
3.568000e-05	1.409942e-02	6.375268e+00
3.569000e-05	6.595254e-03	6.337291e+00
3.570000e-05	1.496341e-02	6.325840e+00
3.571000e-05	2.049032e-02	6.345208e+00
3.572000e-05	1.590583e-02	6.322687e+00
3.573000e-05	8.550956e-03	6.242207e+00
3.574000e-05	1.469193e-02	6.273139e+00
3.575000e-05	2.072274e-02	6.262503e+00
3.576000e-05	1.564572e-02	6.221555e+00
3.577000e-05	9.685738e-03	6.190000e+00
3.578000e-05	1.308700e-02	6.188951e+00
3.579000e-05	1.829916e-02	6.127346e+00
3.580000e-05	1.614243e-02	6.145241e+00
3.581000e-05	9.815577e-03	6.102232e+00
3.582000e-05	1.123410e-02	6.052605e+00
3.583000e-05	1.751763e-02	6.081600e+00
3.584000e-05	1.453406e-02	5.999999e+00
3.585000e-05	8.001349e-03	5.989999e+00
3.586000e-05	9.904515e-03	5.935842e+00
3.587000e-05	1.472644e-02	5.894182e+00
3.588000e-05	1.255073e-02	5.841049e+00
3.589000e-05	6.945568e-03	5.738294e+00
3.590000e-05	7.566646e-03	5.682130e+00
3.591000e-05	1.305105e-02	5.610003e+00
3.592000e-05	1.035169e-02	5.599473e+00
3.593000e-05	6.382005e-03	5.546346e+00
3.594000e-05	6.342160e-03	5.513712e+00
3.595000e-05	1.110770e-02	5.390026e+00
3.596000e-05	9.177036e-03	5.358895e+00
3.597000e-05	4.532350e-03	5.324765e+00
3.598000e-05	4.697924e-03	5.260030e+00
3.599000e-05	9.020315e-03	5.215920e+00
3.600000e-05	8.306626e-03	5.090759e+00
3.601000e-05	2.669838e-03	4.975296e+00
3.602000e-05	4.008486e-03	4.903203e+00
3.603000e-05	6.961653e-03	4.779498e+00
3.604000e-05	6.850019e-03	4.753768e+00
3.605000e-05	2.652909e-03	4.651030e+00
3.606000e-05	3.067862e-03	4.567901e+00
3.607000e-05	5.146274e-03	4.475660e+00
3.608000e-05	4.390212e-03	4.429476e+00
3.609000e-05	1.258224e-03	4.356899e+00
3.610000e-05	1.686669e-03	4.302106e+00
3.611000e-05	3.091428e-03	4.155767e+00
3.612000e-05	3.124702e-03	4.041079e+00
3.613000e-05	2.110777e-03	3.947371e+00
3.614000e-05	1.121758e-03	3.902634e+00
3.615000e-05	3.553017e-03	3.778851e+00
3.616000e-05	2.079018e-03	3.712687e+00
3.617000e-05	9.589527e-04	3.619926e+00
3.618000e-05	-2.056010e-04	3.564770e+00
3.619000e-05	2.414435e-03	3.429399e+00
3.620000e-05	5.497289e-04	3.252180e+00
3.621000e-05	-1.044957e-03	3.206900e+00
3.622000e-05	-5.107761e-04	3.093259e+00
3.623000e-05	7.854862e-04	2.997971e+00
3.624000e-05	5.015592e-04	2.922709e+00
3.625000e-05	-1.104906e-03	2.829949e+00
3.626000e-05	-1.176682e-03	2.754217e+00
3.627000e-05	1.946717e-04	2.566918e+00
3.628000e-05	-2.590189e-03	2.480579e+00
3.629000e-05	-2.314406e-03	2.325318e+00
3.630000e-05	-1.382509e-03	2.269603e+00
3.631000e-05	-7.773018e-04	2.115767e+00
3.632000e-05	-1.864821e-03	2.032555e+00
3.633000e-05	-3.221095e-03	1.945792e+00
3.634000e-05	-1.937882e-03	1.819454e+00
3.635000e-05	-9.450039e-04	1.704137e+00
3.636000e-05	-2.096684e-03	1.609471e+00
3.637000e-05	-3.167398e-03	1.441104e+00
3.638000e-05	-3.303551e-03	1.355819e+00
3.639000e-05	-2.684132e-03	1.208529e+00
3.640000e-05	-3.288063e-03	1.121668e+00
3.641000e-05	-4.179335e-03	9.242393e-01
3.642000e-05	-3.074209e-03	8.009738e-01
3.643000e-05	-3.800602e-03	7.242830e-01
3.644000e-05	-2.537667e-03	5.868734e-01
3.645000e-05	-4.186277e-03	4.710878e-01
3.646000e-05	-4.265025e-03	3.999749e-01
3.647000e-05	-4.837331e-03	2.716041e-01
3.648000e-05	-3.362219e-03	7.219047e-02
3.649000e-05	-3.148676e-03	-3.154874e-02
3.650000e-05	-2.581307e-03	-8.791673e-02
3.651000e-05	-1.983252e-03	-1.825989e-01
3.652000e-05	-1.951722e-03	-3.379171e-01
3.653000e-05	-1.831097e-03	-3.916251e-01
3.654000e-05	-4.774559e-03	-4.963384e-01
3.655000e-05	-3.552509e-03	-6.456069e-01
3.656000e-05	-2.267378e-03	-7.694949e-01
3.657000e-05	3.298120e-03	-8.431803e-01
3.658000e-05	3.730960e-02	-9.699949e-01
3.659000e-05	2.738537e-02	-1.088839e+00
3.660000e-05	-4.829038e-02	-1.342469e+00
3.661000e-05	-9.210507e-02	-1.558897e+00
3.662000e-05	-1.207590e-02	-1.588976e+00
3.663000e-05	1.030792e-01	-1.600020e+00
3.664000e-05	-1.728946e-02	-1.718362e+00
3.665000e-05	-1.087984e-01	-1.898264e+00
3.666000e-05	1.158350e-01	-1.874762e+00
3.667000e-05	2.189296e-02	-1.982076e+00
3.668000e-05	-7.713362e-02	-2.246179e+00
3.669000e-05	3.343219e-02	-2.268872e+00
3.670000e-05	-3.951144e-02	-2.398498e+00
3.671000e-05	-7.733059e-02	-2.548920e+00
3.672000e-05	1.183950e-01	-2.621049e+00
3.673000e-05	1.234118e-02	-2.685339e+00
3.674000e-05	-1.354097e-01	-2.841126e+00
3.675000e-05	4.960186e-02	-2.913684e+00
3.676000e-05	6.530299e-02	-3.086308e+00
3.677000e-05	-7.392695e-02	-3.231079e+00
3.678000e-05	-4.014378e-02	-3.262077e+00
3.679000e-05	4.950723e-03	-3.320420e+00
3.680000e-05	5.953130e-02	-3.527867e+00
3.681000e-05	1.250072e-02	-3.578422e+00
3.682000e-05	-1.276189e-01	-3.582128e+00
3.683000e-05	3.676196e-02	-3.741020e+00
3.684000e-05	7.178118e-02	-3.883729e+00
3.685000e-05	-7.947731e-02	-4.000049e+00
3.686000e-05	-2.002314e-02	-4.042074e+00
3.687000e-05	2.250506e-02	-4.168392e+00
3.688000e-05	1.292881e-02	-4.263158e+00
3.689000e-05	-1.122483e-02	-4.296263e+00
3.690000e-05	-6.084069e-02	-4.369975e+00
3.691000e-05	8.240458e-03	-4.463104e+00
3.692000e-05	3.207717e-02	-4.516863e+00
3.693000e-05	-3.585651e-02	-4.684562e+00
3.694000e-05	-1.863912e-02	-4.702810e+00
3.695000e-05	-7.825001e-03	-4.773049e+00
3.696000e-05	1.452819e-02	-4.924257e+00
3.697000e-05	-1.327934e-02	-4.978967e+00
3.698000e-05	-4.799239e-02	-5.022230e+00
3.699000e-05	1.428786e-02	-5.115815e+00
3.700000e-05	3.539228e-03	-5.180019e+00
3.701000e-05	-1.362119e-02	-5.254608e+00
3.702000e-05	-2.619638e-02	-5.316341e+00
3.703000e-05	-2.058765e-02	-5.435181e+00
3.704000e-05	2.021607e-02	-5.578442e+00
3.705000e-05	-1.728961e-02	-5.610525e+00
3.706000e-05	-3.425148e-02	-5.622054e+00
3.707000e-05	-3.471159e-03	-5.656712e+00
3.708000e-05	3.764766e-03	-5.757916e+00
3.709000e-05	-9.138149e-03	-5.818022e+00
3.710000e-05	-3.769357e-02	-5.842104e+00
3.711000e-05	-1.334278e-02	-5.883260e+00
3.712000e-05	1.138521e-02	-5.947892e+00
3.713000e-05	-1.901034e-02	-5.988472e+00
3.714000e-05	-2.801642e-02	-5.999525e+00
3.715000e-05	-1.447081e-02	-6.041601e+00
3.716000e-05	3.969227e-03	-6.083178e+00
3.717000e-05	-1.192919e-02	-6.127817e+00
3.718000e-05	-3.747716e-02	-6.167845e+00
3.719000e-05	-1.033128e-02	-6.217100e+00
3.720000e-05	-1.383882e-03	-6.274705e+00
3.721000e-05	-1.451649e-02	-6.275237e+00
3.722000e-05	-3.059551e-02	-6.346334e+00
3.723000e-05	-1.907889e-02	-6.345872e+00
3.724000e-05	-6.192694e-04	-6.348450e+00
3.725000e-05	-1.742635e-02	-6.398972e+00
3.726000e-05	-2.893585e-02	-6.389473e+00
3.727000e-05	-1.985566e-02	-6.420024e+00
3.728000e-05	-5.620030e-03	-6.400000e+00
3.729000e-05	-1.574624e-02	-6.400000e+00
3.730000e-05	-3.093248e-02	-6.401051e+00
3.731000e-05	-2.089028e-02	-6.421053e+00
3.732000e-05	-1.051964e-02	-6.431525e+00
3.733000e-05	-1.793343e-02	-6.411550e+00
3.734000e-05	-2.917418e-02	-6.441500e+00
3.735000e-05	-2.241437e-02	-6.420100e+00
3.736000e-05	-1.046613e-02	-6.419528e+00
3.737000e-05	-1.962790e-02	-6.409124e+00
3.738000e-05	-3.019226e-02	-6.369475e+00
3.739000e-05	-2.399153e-02	-6.389474e+00
3.740000e-05	-1.477970e-02	-6.388921e+00
3.741000e-05	-1.805232e-02	-6.368947e+00
3.742000e-05	-3.019708e-02	-6.368971e+00
3.743000e-05	-2.331682e-02	-6.335817e+00
3.744000e-05	-1.429259e-02	-6.275213e+00
3.745000e-05	-1.813708e-02	-6.292628e+00
3.746000e-05	-2.598710e-02	-6.238554e+00
3.747000e-05	-2.311235e-02	-6.195919e+00
3.748000e-05	-1.352019e-02	-6.065134e+00
3.749000e-05	-1.688471e-02	-6.061659e+00
3.750000e-05	-2.412623e-02	-6.020530e+00
3.751000e-05	-2.180070e-02	-6.010026e+00
3.752000e-05	-1.594816e-02	-5.978972e+00
3.753000e-05	-1.473451e-02	-5.948294e+00
3.754000e-05	-2.276607e-02	-5.894284e+00
3.755000e-05	-1.839812e-02	-5.851579e+00
3.756000e-05	-1.416690e-02	-5.757900e+00
3.757000e-05	-1.254266e-02	-5.766390e+00
3.758000e-05	-1.913026e-02	-5.713637e+00
3.759000e-05	-1.773727e-02	-5.631556e+00
3.760000e-05	-1.322107e-02	-5.609974e+00
3.761000e-05	-1.327841e-02	-5.556423e+00
3.762000e-05	-1.771342e-02	-5.481208e+00
3.763000e-05	-1.844115e-02	-5.364322e+00
3.764000e-05	-1.109132e-02	-5.283080e+00
3.765000e-05	-1.155968e-02	-5.198874e+00
3.766000e-05	-1.207729e-02	-5.157390e+00
3.767000e-05	-1.379841e-02	-5.061605e+00
3.768000e-05	-7.779502e-03	-5.028973e+00
3.769000e-05	-1.230515e-02	-4.924233e+00
3.770000e-05	-1.375451e-02	-4.765900e+00
3.771000e-05	-1.626276e-02	-4.662681e+00
3.772000e-05	-1.015805e-02	-4.631050e+00
3.773000e-05	-1.069522e-02	-4.555688e+00
3.774000e-05	-9.572171e-03	-4.481655e+00
3.775000e-05	-1.052090e-02	-4.399501e+00
3.776000e-05	-7.261373e-03	-4.375343e+00
3.777000e-05	-7.680409e-03	-4.292054e+00
3.778000e-05	-1.102909e-02	-4.158422e+00
3.779000e-05	-1.126004e-02	-4.071634e+00
3.780000e-05	-1.005985e-02	-3.999525e+00
3.781000e-05	-7.379510e-03	-3.945321e+00
3.782000e-05	-9.222240e-03	-3.849370e+00
3.783000e-05	-8.795519e-03	-3.651630e+00
3.784000e-05	-7.181967e-03	-3.598946e+00
3.785000e-05	-5.117237e-03	-3.522688e+00
3.786000e-05	-7.991997e-03	-3.379500e+00
3.787000e-05	-9.013682e-03	-3.303213e+00
3.788000e-05	-7.639907e-03	-3.230501e+00
3.789000e-05	-6.739840e-03	-3.175267e+00
3.790000e-05	-7.819566e-03	-3.024397e+00
3.791000e-05	-8.702900e-03	-2.850584e+00
3.792000e-05	-6.202604e-03	-2.737947e+00
3.793000e-05	-5.056312e-03	-2.672632e+00
3.794000e-05	-6.485485e-03	-2.556368e+00
3.795000e-05	-8.028803e-03	-2.471057e+00
3.796000e-05	-5.019616e-03	-2.396946e+00
3.797000e-05	-5.643319e-03	-2.282055e+00
3.798000e-05	-6.234970e-03	-2.073158e+00
3.799000e-05	-7.512618e-03	-1.996426e+00
3.800000e-05	-4.269315e-03	-1.903259e+00
3.801000e-05	-4.491093e-03	-1.799972e+00
3.802000e-05	-5.415134e-03	-1.651210e+00
3.803000e-05	-5.927954e-03	-1.579424e+00
3.804000e-05	-4.997422e-03	-1.408605e+00
3.805000e-05	-5.196631e-03	-1.263685e+00
3.806000e-05	-4.674449e-03	-1.196792e+00
3.807000e-05	-5.282827e-03	-1.011480e+00
3.808000e-05	-3.871371e-03	-9.152170e-01
3.809000e-05	-3.254161e-03	-7.990261e-01
3.810000e-05	-3.458319e-03	-7.462659e-01
3.811000e-05	-4.692012e-03	-5.468698e-01
3.812000e-05	-5.284337e-03	-4.105538e-01
3.813000e-05	-3.776644e-03	-3.348395e-01
3.814000e-05	-4.561083e-03	-2.395026e-01
3.815000e-05	-2.914444e-03	-1.442880e-01
3.816000e-05	-6.793027e-04	-1.050131e-02
3.817000e-05	2.130200e-03	5.471158e-02
3.818000e-05	-7.268035e-04	2.210302e-01
3.819000e-05	-1.525875e-04	3.694209e-01
3.820000e-05	-1.746205e-03	4.136302e-01
3.821000e-05	-1.205047e-03	5.394198e-01
3.822000e-05	-2.546616e-03	6.646580e-01
3.823000e-05	2.348759e-03	7.804211e-01
3.824000e-05	2.100044e-02	8.635791e-01
3.825000e-05	4.167833e-02	1.084007e+00
3.826000e-05	-1.044840e-02	1.213606e+00
3.827000e-05	-5.668769e-02	1.358921e+00
3.828000e-05	-8.238958e-02	1.400606e+00
3.829000e-05	6.561183e-02	1.525812e+00
3.830000e-05	6.588847e-02	1.687868e+00
3.831000e-05	-7.771382e-02	1.779924e+00
3.832000e-05	-3.388941e-02	1.844108e+00
3.833000e-05	1.022298e-01	1.999500e+00
3.834000e-05	5.182556e-03	2.095358e+00
3.835000e-05	-4.749527e-02	2.138369e+00
3.836000e-05	2.179049e-02	2.245187e+00
3.837000e-05	-6.455830e-02	2.390051e+00
3.838000e-05	2.771645e-02	2.431100e+00
3.839000e-05	9.412634e-02	2.624056e+00
3.840000e-05	-6.139207e-02	2.758972e+00
3.841000e-05	-5.994208e-02	2.833634e+00
3.842000e-05	7.045533e-02	2.927420e+00
3.843000e-05	1.894350e-02	3.012058e+00
3.844000e-05	-3.749983e-02	3.148863e+00
3.845000e-05	-3.851380e-02	3.211604e+00
3.846000e-05	3.529103e-02	3.346344e+00
3.847000e-05	7.120947e-02	3.442529e+00
3.848000e-05	-4.331669e-02	3.579499e+00
3.849000e-05	-5.703691e-02	3.674158e+00
3.850000e-05	5.070990e-02	3.728419e+00
3.851000e-05	3.361997e-02	3.864082e+00
3.852000e-05	-4.396546e-02	3.968497e+00
3.853000e-05	3.421069e-03	4.021526e+00
3.854000e-05	1.978821e-02	4.115656e+00
3.855000e-05	1.666456e-02	4.219998e+00
3.856000e-05	-5.642784e-03	4.370396e+00
3.857000e-05	-1.784631e-02	4.431025e+00
3.858000e-05	1.351896e-02	4.475709e+00
3.859000e-05	2.304803e-02	4.567447e+00
3.860000e-05	2.243626e-03	4.634034e+00
3.861000e-05	-2.085150e-02	4.748921e+00
3.862000e-05	1.677431e-02	4.819471e+00
3.863000e-05	1.620909e-02	4.832083e+00
3.864000e-05	-5.254310e-03	4.939421e+00
3.865000e-05	-5.437661e-03	5.115837e+00
3.866000e-05	1.667066e-02	5.168449e+00
3.867000e-05	1.669250e-02	5.264176e+00
3.868000e-05	-1.358834e-04	5.295240e+00
3.869000e-05	-5.994608e-03	5.349473e+00
3.870000e-05	6.189555e-03	5.431525e+00
3.871000e-05	1.940173e-02	5.515738e+00
3.872000e-05	-2.491431e-03	5.549395e+00
3.873000e-05	-1.399607e-03	5.600524e+00
3.874000e-05	1.005826e-02	5.622078e+00
3.875000e-05	2.169669e-02	5.713737e+00
3.876000e-05	-1.245376e-04	5.705363e+00
3.877000e-05	-4.780010e-03	5.799579e+00
3.878000e-05	1.376234e-02	5.906187e+00
3.879000e-05	1.653488e-02	5.978422e+00
3.880000e-05	4.688855e-03	5.999474e+00
3.881000e-05	-3.933189e-03	6.021051e+00
3.882000e-05	1.408472e-02	6.032105e+00
3.883000e-05	1.753271e-02	6.063108e+00
3.884000e-05	4.393504e-03	6.125266e+00
3.885000e-05	-8.453300e-04	6.128341e+00
3.886000e-05	1.363145e-02	6.169944e+00
3.887000e-05	1.889656e-02	6.198521e+00
3.888000e-05	6.123672e-03	6.221029e+00
3.889000e-05	2.314875e-03	6.231102e+00
3.890000e-05	1.242377e-02	6.243056e+00
3.891000e-05	1.916820e-02	6.262559e+00
3.892000e-05	8.665658e-03	6.294683e+00
3.893000e-05	5.142547e-03	6.326338e+00
3.894000e-05	1.336504e-02	6.304190e+00
3.895000e-05	1.888347e-02	6.355838e+00
3.896000e-05	1.092892e-02	6.306316e+00
3.897000e-05	6.368722e-03	6.318817e+00
3.898000e-05	1.482185e-02	6.354791e+00
3.899000e-05	2.087298e-02	6.337316e+00
3.900000e-05	1.500743e-02	6.325770e+00
3.901000e-05	7.650863e-03	6.305842e+00
3.902000e-05	1.547637e-02	6.326318e+00
3.903000e-05	1.918668e-02	6.323265e+00
3.904000e-05	1.433530e-02	6.324236e+00
3.905000e-05	9.805354e-03	6.294309e+00
3.906000e-05	1.396033e-02	6.253158e+00
3.907000e-05	2.174029e-02	6.251530e+00
3.908000e-05	1.530150e-02	6.240030e+00
3.909000e-05	1.131575e-02	6.178528e+00
3.910000e-05	1.126833e-02	6.188899e+00
3.911000e-05	1.905747e-02	6.178396e+00
3.912000e-05	1.399618e-02	6.133742e+00
3.913000e-05	1.211861e-02	6.123636e+00
3.914000e-05	1.198589e-02	6.041631e+00
3.915000e-05	1.696562e-02	6.011530e+00
3.916000e-05	1.210811e-02	6.009978e+00
3.917000e-05	8.898437e-03	5.998422e+00
3.918000e-05	9.782280e-03	5.966421e+00
3.919000e-05	1.527411e-02	5.913134e+00
3.920000e-05	1.282792e-02	5.840477e+00
3.921000e-05	8.197300e-03	5.745238e+00
3.922000e-05	9.926325e-03	5.671129e+00
3.923000e-05	1.083946e-02	5.641002e+00
3.924000e-05	1.030464e-02	5.588447e+00
3.925000e-05	4.958550e-03	5.547291e+00
3.926000e-05	7.699244e-03	5.503137e+00
3.927000e-05	1.062124e-02	5.440503e+00
3.928000e-05	9.294122e-03	5.377919e+00
3.929000e-05	5.821983e-03	5.324762e+00
3.930000e-05	6.705909e-03	5.249075e+00
3.931000e-05	7.867015e-03	5.156946e+00
3.932000e-05	6.635881e-03	5.050583e+00
3.933000e-05	2.668296e-03	4.976273e+00
3.934000e-05	3.587521e-03	4.880055e+00
3.935000e-05	6.116581e-03	4.777450e+00
3.936000e-05	5.041777e-03	4.683761e+00
3.937000e-05	3.302477e-03	4.641578e+00
3.938000e-05	4.448271e-03	4.556873e+00
3.939000e-05	6.969961e-03	4.491630e+00
3.940000e-05	3.850498e-03	4.409551e+00
3.941000e-05	8.233663e-04	4.396371e+00
3.942000e-05	2.514340e-03	4.292576e+00
3.943000e-05	2.514081e-03	4.134687e+00
3.944000e-05	1.544685e-03	4.028978e+00
3.945000e-05	-6.875036e-04	3.966746e+00
3.946000e-05	2.368469e-03	3.912084e+00
3.947000e-05	3.846913e-03	3.800426e+00
3.948000e-05	1.974539e-03	3.652184e+00
3.949000e-05	7.232600e-04	3.598949e+00
3.950000e-05	6.248239e-04	3.544691e+00
3.951000e-05	1.295695e-03	3.426871e+00
3.952000e-05	-7.503105e-04	3.281555e+00
3.953000e-05	-1.491899e-03	3.196342e+00
3.954000e-05	-7.094712e-04	3.093709e+00
3.955000e-05	6.378908e-04	2.988872e+00
3.956000e-05	9.214575e-04	2.892183e+00
3.957000e-05	-1.179250e-03	2.809976e+00
3.958000e-05	-2.492405e-04	2.723219e+00
3.959000e-05	8.198923e-04	2.574246e+00
3.960000e-05	-9.515256e-04	2.440481e+00
3.961000e-05	-3.436320e-03	2.315819e+00
3.962000e-05	-1.594668e-03	2.200026e+00
3.963000e-05	-6.966864e-04	2.154763e+00
3.964000e-05	-1.557783e-03	2.029504e+00
3.965000e-05	-3.302309e-03	1.966371e+00
3.966000e-05	-2.586148e-03	1.807952e+00
3.967000e-05	-9.448629e-04	1.682110e+00
3.968000e-05	-1.292659e-03	1.614823e+00
3.969000e-05	-2.803243e-03	1.460604e+00
3.970000e-05	-2.963916e-03	1.325291e+00
3.971000e-05	-2.482299e-03	1.198953e+00
3.972000e-05	-3.190518e-03	1.101089e+00
3.973000e-05	-4.649506e-03	8.832342e-01
3.974000e-05	-3.377371e-03	7.873974e-01
3.975000e-05	-3.729023e-03	6.921379e-01
3.976000e-05	-2.349712e-03	5.663698e-01
3.977000e-05	-2.909806e-03	4.716078e-01
3.978000e-05	-2.982841e-03	3.773486e-01
3.979000e-05	-4.385309e-03	2.305303e-01
3.980000e-05	-3.741321e-03	7.273284e-02
3.981000e-05	-4.098013e-03	-1.353145e-02
3.982000e-05	-1.881909e-03	-9.986454e-02
3.983000e-05	-1.730420e-03	-2.331804e-01
3.984000e-05	-2.327082e-03	-3.394432e-01
3.985000e-05	-2.287734e-03	-4.111539e-01
3.986000e-05	-4.274854e-03	-5.262910e-01
3.987000e-05	-3.058469e-03	-6.757620e-01
3.988000e-05	-3.838984e-03	-8.095001e-01
3.989000e-05	6.862612e-03	-8.457855e-01
3.990000e-05	4.240151e-02	-9.489737e-01
3.991000e-05	1.726781e-02	-1.099518e+00
3.992000e-05	-5.293861e-02	-1.373045e+00
3.993000e-05	-9.868338e-02	-1.579996e+00
3.994000e-05	1.762004e-02	-1.578975e+00
3.995000e-05	9.248828e-02	-1.582025e+00
3.996000e-05	-4.087003e-02	-1.742020e+00
3.997000e-05	-8.774026e-02	-1.916365e+00
3.998000e-05	1.229689e-01	-1.896634e+00
3.999000e-05	7.164213e-03	-2.023100e+00
4.000000e-05	-7.919028e-02	-2.277290e+00
4.001000e-05	4.377010e-02	-2.336918e+00
4.002000e-05	-5.679109e-02	-2.401053e+00
4.003000e-05	-6.209662e-02	-2.548469e+00
4.004000e-05	1.323207e-01	-2.630577e+00
4.005000e-05	-2.077045e-02	-2.727815e+00
4.006000e-05	-1.283143e-01	-2.831224e+00
4.007000e-05	7.610613e-02	-2.918339e+00
4.008000e-05	4.042703e-02	-3.116786e+00
4.009000e-05	-7.478902e-02	-3.192050e+00
4.010000e-05	-3.363351e-02	-3.233053e+00
4.011000e-05	1.215094e-02	-3.361599e+00
4.012000e-05	6.392661e-02	-3.527867e+00
4.013000e-05	-9.630334e-03	-3.569925e+00
4.014000e-05	-1.237379e-01	-3.653178e+00
4.015000e-05	6.078690e-02	-3.760003e+00
4.016000e-05	5.289251e-02	-3.886889e+00
4.017000e-05	-8.711786e-02	-4.020550e+00
4.018000e-05	-6.322070e-03	-4.053701e+00
4.019000e-05	1.991252e-02	-4.139915e+00
4.020000e-05	1.444008e-02	-4.273231e+00
4.021000e-05	-2.027260e-02	-4.316266e+00
4.022000e-05	-6.051718e-02	-4.400574e+00
4.023000e-05	2.163527e-02	-4.475682e+00
4.024000e-05	2.197928e-02	-4.569394e+00
4.025000e-05	-3.770672e-02	-4.663757e+00
4.026000e-05	-1.766568e-02	-4.647339e+00
4.027000e-05	-3.852800e-03	-4.843574e+00
4.028000e-05	1.714691e-02	-4.907339e+00
4.029000e-05	-2.104224e-02	-4.979000e+00
4.030000e-05	-4.442468e-02	-5.062204e+00
4.031000e-05	1.890705e-02	-5.096790e+00
4.032000e-05	-9.893627e-04	-5.201024e+00
4.033000e-05	-1.532979e-02	-5.266253e+00
4.034000e-05	-2.989428e-02	-5.348896e+00
4.035000e-05	-1.606316e-02	-5.435604e+00
4.036000e-05	2.114524e-02	-5.547420e+00
4.037000e-05	-2.334445e-02	-5.610974e+00
4.038000e-05	-2.941651e-02	-5.642627e+00
4.039000e-05	-2.062582e-03	-5.675337e+00
4.040000e-05	3.632707e-03	-5.757919e+00
4.041000e-05	-1.223432e-02	-5.822024e+00
4.042000e-05	-3.978649e-02	-5.851656e+00
4.043000e-05	-8.455265e-03	-5.885812e+00
4.044000e-05	7.936931e-03	-5.937417e+00
4.045000e-05	-1.993323e-02	-6.000474e+00
4.046000e-05	-2.543513e-02	-5.989974e+00
4.047000e-05	-1.167090e-02	-6.011604e+00
4.048000e-05	4.470907e-03	-6.044232e+00
4.049000e-05	-1.683809e-02	-6.127337e+00
4.050000e-05	-3.481705e-02	-6.198496e+00
4.051000e-05	-8.909364e-03	-6.210975e+00
4.052000e-05	-3.681477e-03	-6.252228e+00
4.053000e-05	-1.534187e-02	-6.277363e+00
4.054000e-05	-2.980393e-02	-6.326282e+00
4.055000e-05	-1.588086e-02	-6.327845e+00
4.056000e-05	-1.299285e-03	-6.378972e+00
4.057000e-05	-2.078245e-02	-6.400000e+00
4.058000e-05	-2.722172e-02	-6.410520e+00
4.059000e-05	-1.858605e-02	-6.400525e+00
4.060000e-05	-4.954712e-03	-6.399974e+00
4.061000e-05	-1.884248e-02	-6.410500e+00
4.062000e-05	-3.080119e-02	-6.410553e+00
4.063000e-05	-1.887290e-02	-6.441101e+00
4.064000e-05	-1.128223e-02	-6.410503e+00
4.065000e-05	-2.052330e-02	-6.441575e+00
4.066000e-05	-2.917967e-02	-6.451529e+00
4.067000e-05	-2.037424e-02	-6.421576e+00
4.068000e-05	-1.251227e-02	-6.409551e+00
4.069000e-05	-2.045248e-02	-6.420000e+00
4.070000e-05	-2.854138e-02	-6.380000e+00
4.071000e-05	-2.134240e-02	-6.400024e+00
4.072000e-05	-1.517034e-02	-6.398447e+00
4.073000e-05	-2.044477e-02	-6.359997e+00
4.074000e-05	-2.830202e-02	-6.336891e+00
4.075000e-05	-2.382413e-02	-6.304740e+00
4.076000e-05	-1.452168e-02	-6.325187e+00
4.077000e-05	-2.028354e-02	-6.283637e+00
4.078000e-05	-2.453005e-02	-6.217473e+00
4.079000e-05	-2.242365e-02	-6.177841e+00
4.080000e-05	-1.336305e-02	-6.096308e+00
4.081000e-05	-1.913975e-02	-6.101203e+00
4.082000e-05	-2.360031e-02	-6.040626e+00
4.083000e-05	-2.074565e-02	-6.009999e+00
4.084000e-05	-1.605767e-02	-5.959445e+00
4.085000e-05	-1.755612e-02	-5.965815e+00
4.086000e-05	-2.048364e-02	-5.874233e+00
4.087000e-05	-1.758780e-02	-5.811105e+00
4.088000e-05	-1.350092e-02	-5.797949e+00
4.089000e-05	-1.589107e-02	-5.735917e+00
4.090000e-05	-1.680237e-02	-5.694216e+00
4.091000e-05	-1.640171e-02	-5.671080e+00
4.092000e-05	-1.304019e-02	-5.579947e+00
4.093000e-05	-1.509287e-02	-5.544871e+00
4.094000e-05	-1.603002e-02	-5.470659e+00
4.095000e-05	-1.555742e-02	-5.365918e+00
4.096000e-05	-1.250556e-02	-5.280630e+00
4.097000e-05	-1.241211e-02	-5.198975e+00
4.098000e-05	-1.366587e-02	-5.135263e+00
4.099000e-05	-1.291941e-02	-5.052129e+00
4.100000e-05	-9.927136e-03	-5.008468e+00
4.101000e-05	-1.043605e-02	-4.911774e+00
4.102000e-05	-1.346181e-02	-4.816865e+00
4.103000e-05	-1.236537e-02	-4.663134e+00
4.104000e-05	-1.067191e-02	-4.628472e+00
4.105000e-05	-1.042580e-02	-4.555289e+00
4.106000e-05	-1.145058e-02	-4.440632e+00
4.107000e-05	-1.012473e-02	-4.389975e+00
4.108000e-05	-8.622112e-03	-4.346315e+00
4.109000e-05	-8.744273e-03	-4.231003e+00
4.110000e-05	-1.006326e-02	-4.147321e+00
4.111000e-05	-9.233674e-03	-4.121679e+00
4.112000e-05	-8.948917e-03	-4.009500e+00
4.113000e-05	-7.790035e-03	-3.924216e+00
4.114000e-05	-9.729668e-03	-3.765395e+00
4.115000e-05	-9.000258e-03	-3.651155e+00
4.116000e-05	-7.853795e-03	-3.568946e+00
4.117000e-05	-6.621572e-03	-3.505134e+00
4.118000e-05	-8.416996e-03	-3.427995e+00
4.119000e-05	-7.517136e-03	-3.303237e+00
4.120000e-05	-5.747168e-03	-3.207954e+00
4.121000e-05	-5.884435e-03	-3.126332e+00
4.122000e-05	-8.063537e-03	-2.952268e+00
4.123000e-05	-8.891003e-03	-2.840605e+00
4.124000e-05	-6.104994e-03	-2.746397e+00
4.125000e-05	-5.296613e-03	-2.651556e+00
4.126000e-05	-6.440007e-03	-2.555816e+00
4.127000e-05	-7.973774e-03	-2.461579e+00
4.128000e-05	-6.192750e-03	-2.366867e+00
4.129000e-05	-5.514559e-03	-2.200002e+00
4.130000e-05	-5.874582e-03	-2.082607e+00
4.131000e-05	-7.250176e-03	-1.998376e+00
4.132000e-05	-4.299599e-03	-1.872634e+00
4.133000e-05	-4.310630e-03	-1.784892e+00
4.134000e-05	-4.663798e-03	-1.682154e+00
4.135000e-05	-6.714671e-03	-1.618450e+00
4.136000e-05	-4.405404e-03	-1.388008e+00
4.137000e-05	-5.515336e-03	-1.270633e+00
4.138000e-05	-4.910698e-03	-1.155241e+00
4.139000e-05	-5.676269e-03	-1.040051e+00
4.140000e-05	-4.210362e-03	-9.557857e-01
4.141000e-05	-2.880209e-03	-8.204526e-01
4.142000e-05	-4.124179e-03	-7.052867e-01
4.143000e-05	-4.102484e-03	-5.563169e-01
4.144000e-05	-4.761413e-03	-4.200250e-01
4.145000e-05	-3.959694e-03	-3.448157e-01
4.146000e-05	-4.536510e-03	-2.204988e-01
4.147000e-05	-3.704692e-03	-1.137643e-01
4.148000e-05	-1.910995e-04	-1.947238e-02
4.149000e-05	1.226749e-03	9.474198e-02
4.150000e-05	7.586698e-05	2.445853e-01
4.151000e-05	-1.978051e-03	3.904999e-01
4.152000e-05	-7.573787e-04	4.341567e-01
4.153000e-05	-1.060401e-03	5.498461e-01
4.154000e-05	-1.159159e-03	6.936868e-01
4.155000e-05	1.793533e-03	7.694962e-01
4.156000e-05	2.563327e-02	8.342290e-01
4.157000e-05	3.795832e-02	1.047261e+00
4.158000e-05	-1.726730e-02	1.284158e+00
4.159000e-05	-6.365256e-02	1.389470e+00
4.160000e-05	-7.225008e-02	1.510578e+00
4.161000e-05	8.419352e-02	1.540396e+00
4.162000e-05	4.929658e-02	1.687917e+00
4.163000e-05	-9.322023e-02	1.779000e+00
4.164000e-05	-2.706623e-03	1.874636e+00
4.165000e-05	8.924356e-02	1.991525e+00
4.166000e-05	-3.131153e-03	2.125237e+00
4.167000e-05	-4.139292e-02	2.158420e+00
4.168000e-05	1.421329e-02	2.266788e+00
4.169000e-05	-6.079686e-02	2.422074e+00
4.170000e-05	4.502018e-02	2.462579e+00
4.171000e-05	8.364122e-02	2.633627e+00
4.172000e-05	-7.752722e-02	2.800024e+00
4.173000e-05	-4.241041e-02	2.863128e+00
4.174000e-05	7.498292e-02	2.939446e+00
4.175000e-05	9.017437e-03	3.055579e+00
4.176000e-05	-4.376472e-02	3.188816e+00
4.177000e-05	-3.088886e-02	3.263578e+00
4.178000e-05	4.462747e-02	3.315895e+00
4.179000e-05	6.725350e-02	3.494107e+00
4.180000e-05	-6.038950e-02	3.621098e+00
4.181000e-05	-4.192491e-02	3.694184e+00
4.182000e-05	5.863527e-02	3.739340e+00
4.183000e-05	2.007777e-02	3.851604e+00
4.184000e-05	-4.123712e-02	3.988972e+00
4.185000e-05	6.755364e-03	4.010526e+00
4.186000e-05	2.350559e-02	4.085262e+00
4.187000e-05	1.204843e-02	4.221427e+00
4.188000e-05	-8.409522e-03	4.348414e+00
4.189000e-05	-1.857873e-02	4.450001e+00
4.190000e-05	1.854973e-02	4.495710e+00
4.191000e-05	2.052580e-02	4.570900e+00
4.192000e-05	-1.025476e-03	4.633657e+00
4.193000e-05	-1.638019e-02	4.727267e+00
4.194000e-05	2.039830e-02	4.800496e+00
4.195000e-05	1.399849e-02	4.882782e+00
4.196000e-05	-8.880664e-03	5.030363e+00
4.197000e-05	-3.203156e-03	5.095267e+00
4.198000e-05	1.518045e-02	5.220025e+00
4.199000e-05	1.654224e-02	5.242155e+00
4.200000e-05	-2.744882e-03	5.337812e+00
4.201000e-05	-4.081579e-03	5.399973e+00
4.202000e-05	8.683975e-03	5.441653e+00
4.203000e-05	1.872407e-02	5.525713e+00
4.204000e-05	-4.306751e-03	5.577947e+00
4.205000e-05	-1.918557e-03	5.619973e+00
4.206000e-05	1.301952e-02	5.621604e+00
4.207000e-05	1.713814e-02	5.665206e+00
4.208000e-05	-1.891864e-03	5.786837e+00
4.209000e-05	-4.133428e-03	5.810504e+00
4.210000e-05	1.665919e-02	5.937262e+00
4.211000e-05	1.583786e-02	5.948397e+00
4.212000e-05	2.757757e-03	6.000449e+00
4.213000e-05	-1.953771e-03	6.041025e+00
4.214000e-05	1.473268e-02	6.021553e+00
4.215000e-05	1.662137e-02	6.054680e+00
4.216000e-05	1.801106e-03	6.125836e+00
4.217000e-05	5.662242e-04	6.156870e+00
4.218000e-05	1.384860e-02	6.198872e+00
4.219000e-05	1.955588e-02	6.198974e+00
4.220000e-05	4.812824e-03	6.231053e+00
4.221000e-05	4.381195e-03	6.240527e+00
4.222000e-05	1.314086e-02	6.232631e+00
4.223000e-05	1.916052e-02	6.274132e+00
4.224000e-05	7.865640e-03	6.295233e+00
4.225000e-05	4.527949e-03	6.306240e+00
4.226000e-05	1.473973e-02	6.304740e+00
4.227000e-05	1.813508e-02	6.347242e+00
4.228000e-05	1.054080e-02	6.327318e+00
4.229000e-05	5.802096e-03	6.365318e+00
4.230000e-05	1.717516e-02	6.336345e+00
4.231000e-05	1.985913e-02	6.325792e+00
4.232000e-05	1.358972e-02	6.325213e+00
4.233000e-05	8.186739e-03	6.336247e+00
4.234000e-05	1.587185e-02	6.335187e+00
4.235000e-05	1.956386e-02	6.295818e+00
4.236000e-05	1.279207e-02	6.364765e+00
4.237000e-05	9.832370e-03	6.296156e+00
4.238000e-05	1.581199e-02	6.271132e+00
4.239000e-05	2.118490e-02	6.242502e+00
4.240000e-05	1.576469e-02	6.240527e+00
4.241000e-05	1.069711e-02	6.230499e+00
4.242000e-05	1.398409e-02	6.168471e+00
4.243000e-05	1.797680e-02	6.157818e+00
4.244000e-05	1.476569e-02	6.173792e+00
4.245000e-05	1.020346e-02	6.123156e+00
4.246000e-05	1.261774e-02	6.092580e+00
4.247000e-05	1.660155e-02	6.020526e+00
4.248000e-05	1.289814e-02	6.010000e+00
4.249000e-05	8.682025e-03	5.977974e+00
4.250000e-05	1.209706e-02	5.946343e+00
4.251000e-05	1.512395e-02	5.910708e+00
4.252000e-05	1.258706e-02	5.828930e+00
4.253000e-05	7.306226e-03	5.745212e+00
4.254000e-05	9.235748e-03	5.692629e+00
4.255000e-05	1.278476e-02	5.619526e+00
4.256000e-05	9.211909e-03	5.588900e+00
4.257000e-05	4.790986e-03	5.535319e+00
4.258000e-05	7.239857e-03	5.501613e+00
4.259000e-05	1.118209e-02	5.431048e+00
4.260000e-05	8.645934e-03	5.386342e+00
4.261000e-05	5.169083e-03	5.292712e+00
4.262000e-05	5.452565e-03	5.210580e+00
4.263000e-05	8.883806e-03	5.124345e+00
4.264000e-05	6.475336e-03	5.020453e+00
4.265000e-05	2.090472e-03	4.902768e+00
4.266000e-05	2.554882e-03	4.850006e+00
4.267000e-05	6.086460e-03	4.768871e+00
4.268000e-05	6.902086e-03	4.713687e+00
4.269000e-05	3.712981e-03	4.669505e+00
4.270000e-05	3.453704e-03	4.548218e+00
4.271000e-05	5.529178e-03	4.491605e+00
4.272000e-05	3.105954e-03	4.401001e+00
4.273000e-05	7.026163e-04	4.378392e+00
4.274000e-05	-7.769995e-04	4.251487e+00
4.275000e-05	3.167833e-03	4.144737e+00
4.276000e-05	3.764616e-03	4.028954e+00
4.277000e-05	3.289024e-03	3.934245e+00
4.278000e-05	1.643159e-03	3.881005e+00
4.279000e-05	3.681560e-03	3.787822e+00
4.280000e-05	1.195359e-03	3.671079e+00
4.281000e-05	-1.874212e-04	3.578474e+00
4.282000e-05	-1.596341e-03	3.514239e+00
4.283000e-05	-1.210333e-04	3.405823e+00
4.284000e-05	1.557751e-03	3.251078e+00
4.285000e-05	6.839055e-04	3.166341e+00
4.286000e-05	2.149180e-03	3.050634e+00
4.287000e-05	1.011380e-03	2.978347e+00
4.288000e-05	4.043966e-05	2.891531e+00
4.289000e-05	-2.350159e-03	2.797449e+00
4.290000e-05	-1.335471e-03	2.681068e+00
4.291000e-05	-2.674331e-03	2.554694e+00
4.292000e-05	-9.249263e-04	2.419500e+00
4.293000e-05	-5.497880e-04	2.325239e+00
4.294000e-05	1.186823e-04	2.258900e+00
4.295000e-05	-8.842943e-04	2.093736e+00
4.296000e-05	-1.781267e-03	1.989954e+00
4.297000e-05	-2.978377e-03	1.914739e+00
4.298000e-05	-3.136533e-03	1.796904e+00
4.299000e-05	-2.944695e-03	1.682634e+00
4.300000e-05	-3.276704e-03	1.588417e+00
4.301000e-05	-7.794620e-04	1.419955e+00
4.302000e-05	-1.183493e-03	1.302741e+00
4.303000e-05	-8.827297e-04	1.235946e+00
4.304000e-05	-1.889069e-03	1.068508e+00
4.305000e-05	-3.147441e-03	8.706617e-01
4.306000e-05	-5.627436e-03	7.579235e-01
4.307000e-05	-4.381843e-03	6.820867e-01
4.308000e-05	-3.374697e-03	5.753684e-01
4.309000e-05	-3.393279e-03	4.610787e-01
4.310000e-05	-2.299054e-03	3.867723e-01
4.311000e-05	-2.687230e-03	2.384489e-01
4.312000e-05	-1.873734e-03	7.105659e-02
4.313000e-05	-3.457779e-03	-1.262781e-02
4.314000e-05	-3.062473e-03	-1.588684e-01
4.315000e-05	-1.852462e-03	-2.456080e-01
4.316000e-05	-2.446054e-03	-3.288935e-01
4.317000e-05	-2.871774e-03	-4.321015e-01
4.318000e-05	-3.162292e-03	-5.609674e-01
4.319000e-05	-2.671420e-03	-7.053922e-01
4.320000e-05	-1.901624e-03	-7.824988e-01
4.321000e-05	9.400655e-03	-8.637091e-01
4.322000e-05	4.571857e-02	-9.906225e-01
4.323000e-05	4.882940e-03	-1.161441e+00
4.324000e-05	-5.575018e-02	-1.434677e+00
4.325000e-05	-1.011152e-01	-1.559947e+00
4.326000e-05	4.600598e-02	-1.588971e+00
4.327000e-05	7.836448e-02	-1.612551e+00
4.328000e-05	-6.313902e-02	-1.783099e+00
4.329000e-05	-5.458849e-02	-1.906342e+00
4.330000e-05	1.188052e-01	-1.945261e+00
4.331000e-05	-8.767927e-03	-2.025634e+00
4.332000e-05	-7.390074e-02	-2.337838e+00
4.333000e-05	4.771426e-02	-2.359845e+00
4.334000e-05	-7.163605e-02	-2.393105e+00
4.335000e-05	-4.257519e-02	-2.579470e+00
4.336000e-05	1.374887e-01	-2.622099e+00
4.337000e-05	-5.032971e-02	-2.758442e+00
4.338000e-05	-1.145430e-01	-2.844153e+00
4.339000e-05	9.492619e-02	-2.946837e+00
4.340000e-05	1.502014e-02	-3.127841e+00
4.341000e-05	-7.355537e-02	-3.221580e+00
4.342000e-05	-2.796609e-02	-3.233655e+00
4.343000e-05	1.805252e-02	-3.383051e+00
4.344000e-05	6.763203e-02	-3.558867e+00
4.345000e-05	-3.217946e-02	-3.587416e+00
4.346000e-05	-1.114048e-01	-3.635154e+00
4.347000e-05	7.690571e-02	-3.803071e+00
4.348000e-05	3.272499e-02	-3.905387e+00
4.349000e-05	-8.840136e-02	-4.012001e+00
4.350000e-05	6.318192e-03	-4.043679e+00
4.351000e-05	1.471811e-02	-4.159915e+00
4.352000e-05	1.529170e-02	-4.264732e+00
4.353000e-05	-2.793333e-02	-4.338342e+00
4.354000e-05	-5.511897e-02	-4.371525e+00
4.355000e-05	3.336776e-02	-4.462757e+00
4.356000e-05	1.203575e-02	-4.519024e+00
4.357000e-05	-3.691707e-02	-4.664179e+00
4.358000e-05	-1.625204e-02	-4.726361e+00
4.359000e-05	-3.284997e-03	-4.851527e+00
4.360000e-05	1.590131e-02	-4.906312e+00
4.361000e-05	-2.922070e-02	-4.989499e+00
4.362000e-05	-3.615074e-02	-5.053154e+00
4.363000e-05	2.230048e-02	-5.126811e+00
4.364000e-05	-4.364563e-03	-5.181099e+00
4.365000e-05	-1.598164e-02	-5.264228e+00
4.366000e-05	-3.075793e-02	-5.368395e+00
4.367000e-05	-9.712951e-03	-5.483231e+00
4.368000e-05	1.939910e-02	-5.548968e+00
4.369000e-05	-3.134834e-02	-5.611050e+00
4.370000e-05	-2.457045e-02	-5.632079e+00
4.371000e-05	-1.200057e-04	-5.686237e+00
4.372000e-05	3.430541e-03	-5.768469e+00
4.373000e-05	-1.683194e-02	-5.839525e+00
4.374000e-05	-3.753724e-02	-5.852103e+00
4.375000e-05	-5.594087e-04	-5.915361e+00
4.376000e-05	5.041364e-03	-5.927471e+00
4.377000e-05	-2.372134e-02	-5.999996e+00
4.378000e-05	-2.496648e-02	-6.009525e+00
4.379000e-05	-9.768056e-03	-6.011625e+00
4.380000e-05	3.165631e-03	-6.103658e+00
4.381000e-05	-2.185242e-02	-6.116342e+00
4.382000e-05	-3.056225e-02	-6.178921e+00
4.383000e-05	-4.269406e-03	-6.230549e+00
4.384000e-05	-5.073781e-03	-6.262702e+00
4.385000e-05	-2.005318e-02	-6.276793e+00
4.386000e-05	-3.026921e-02	-6.296315e+00
4.387000e-05	-1.260684e-02	-6.367291e+00
4.388000e-05	-2.343090e-03	-6.388444e+00
4.389000e-05	-2.333648e-02	-6.399446e+00
4.390000e-05	-2.724597e-02	-6.368525e+00
4.391000e-05	-1.548711e-02	-6.400050e+00
4.392000e-05	-5.673293e-03	-6.420025e+00
4.393000e-05	-2.272442e-02	-6.419524e+00
4.394000e-05	-3.183539e-02	-6.441050e+00
4.395000e-05	-1.562452e-02	-6.431102e+00
4.396000e-05	-1.083872e-02	-6.441579e+00
4.397000e-05	-2.141895e-02	-6.401100e+00
4.398000e-05	-3.066417e-02	-6.411075e+00
4.399000e-05	-1.969927e-02	-6.431050e+00
4.400000e-05	-1.251893e-02	-6.391578e+00
4.401000e-05	-2.280297e-02	-6.410501e+00
4.402000e-05	-2.997246e-02	-6.400500e+00
4.403000e-05	-2.077952e-02	-6.390050e+00
4.404000e-05	-1.388390e-02	-6.378497e+00
4.405000e-05	-2.073337e-02	-6.367945e+00
4.406000e-05	-2.934224e-02	-6.377346e+00
4.407000e-05	-2.189930e-02	-6.326812e+00
4.408000e-05	-1.425491e-02	-6.295258e+00
4.409000e-05	-2.147233e-02	-6.263105e+00
4.410000e-05	-2.686822e-02	-6.178449e+00
4.411000e-05	-2.125946e-02	-6.215362e+00
4.412000e-05	-1.325701e-02	-6.103805e+00
4.413000e-05	-1.936274e-02	-6.082632e+00
4.414000e-05	-2.535621e-02	-6.041000e+00
4.415000e-05	-1.922492e-02	-5.999500e+00
4.416000e-05	-1.361764e-02	-5.968967e+00
4.417000e-05	-1.687609e-02	-5.946818e+00
4.418000e-05	-2.294851e-02	-5.912738e+00
4.419000e-05	-1.768925e-02	-5.821053e+00
4.420000e-05	-1.184194e-02	-5.797968e+00
4.421000e-05	-1.508197e-02	-5.714820e+00
4.422000e-05	-2.011320e-02	-5.683706e+00
4.423000e-05	-1.579676e-02	-5.610101e+00
4.424000e-05	-1.162531e-02	-5.577499e+00
4.425000e-05	-1.269469e-02	-5.523864e+00
4.426000e-05	-1.832909e-02	-5.450598e+00
4.427000e-05	-1.497449e-02	-5.333640e+00
4.428000e-05	-1.172706e-02	-5.271132e+00
4.429000e-05	-1.197299e-02	-5.176920e+00
4.430000e-05	-1.591998e-02	-5.123242e+00
4.431000e-05	-1.299222e-02	-5.081579e+00
4.432000e-05	-9.035289e-03	-4.966796e+00
4.433000e-05	-1.102481e-02	-4.858573e+00
4.434000e-05	-1.441891e-02	-4.724943e+00
4.435000e-05	-1.093088e-02	-4.653559e+00
4.436000e-05	-9.282886e-03	-4.626999e+00
4.437000e-05	-9.725696e-03	-4.534764e+00
4.438000e-05	-1.327394e-02	-4.461082e+00
4.439000e-05	-9.841970e-03	-4.406948e+00
4.440000e-05	-7.739770e-03	-4.315788e+00
4.441000e-05	-9.565553e-03	-4.250578e+00
4.442000e-05	-9.795943e-03	-4.175872e+00
4.443000e-05	-1.072973e-02	-4.052178e+00
4.444000e-05	-7.442028e-03	-3.999926e+00
4.445000e-05	-8.189829e-03	-3.913286e+00
4.446000e-05	-9.648227e-03	-3.765389e+00
4.447000e-05	-8.968413e-03	-3.660078e+00
4.448000e-05	-7.287079e-03	-3.598921e+00
4.449000e-05	-6.631507e-03	-3.463658e+00
4.450000e-05	-8.649310e-03	-3.369847e+00
4.451000e-05	-7.968649e-03	-3.302212e+00
4.452000e-05	-6.873330e-03	-3.180474e+00
4.453000e-05	-6.986702e-03	-3.124710e+00
4.454000e-05	-7.294289e-03	-2.955313e+00
4.455000e-05	-8.060285e-03	-2.850504e+00
4.456000e-05	-6.317250e-03	-2.756320e+00
4.457000e-05	-4.948153e-03	-2.650529e+00
4.458000e-05	-6.145485e-03	-2.504267e+00
4.459000e-05	-7.977963e-03	-2.420053e+00
4.460000e-05	-7.894226e-03	-2.355895e+00
4.461000e-05	-6.063485e-03	-2.195871e+00
4.462000e-05	-5.327979e-03	-2.081083e+00
4.463000e-05	-6.610492e-03	-1.965847e+00
4.464000e-05	-5.026267e-03	-1.863130e+00
4.465000e-05	-4.150672e-03	-1.766890e+00
4.466000e-05	-4.196097e-03	-1.651655e+00
4.467000e-05	-6.159673e-03	-1.558346e+00
4.468000e-05	-6.439011e-03	-1.404500e+00
4.469000e-05	-6.350574e-03	-1.270556e+00
4.470000e-05	-4.829745e-03	-1.125739e+00
4.471000e-05	-5.512828e-03	-1.009003e+00
4.472000e-05	-3.779742e-03	-8.927081e-01
4.473000e-05	-3.777194e-03	-8.085012e-01
4.474000e-05	-4.132030e-03	-6.821632e-01
4.475000e-05	-3.618240e-03	-5.337869e-01
4.476000e-05	-3.959690e-03	-4.009750e-01
4.477000e-05	-4.505269e-03	-2.921344e-01
4.478000e-05	-4.254427e-03	-1.794974e-01
4.479000e-05	-2.431209e-03	-9.113284e-02
4.480000e-05	-5.040947e-04	3.102626e-02
4.481000e-05	9.843883e-05	1.348372e-01
4.482000e-05	-6.237973e-04	2.551833e-01
4.483000e-05	-8.042189e-04	3.494961e-01
4.484000e-05	-1.451260e-03	4.945793e-01
4.485000e-05	-5.532330e-04	5.679449e-01
4.486000e-05	-1.850677e-03	6.762067e-01
4.487000e-05	6.385290e-03	7.789474e-01
4.488000e-05	2.908924e-02	8.657094e-01
4.489000e-05	3.506353e-02	1.077366e+00
4.490000e-05	-2.418807e-02	1.285259e+00
4.491000e-05	-7.176697e-02	1.370521e+00
4.492000e-05	-5.952767e-02	1.435108e+00
4.493000e-05	9.533270e-02	1.519919e+00
4.494000e-05	3.068910e-02	1.757394e+00
4.495000e-05	-1.038090e-01	1.801528e+00
4.496000e-05	3.198343e-02	1.885238e+00
4.497000e-05	7.681166e-02	2.041554e+00
4.498000e-05	-1.263309e-02	2.148237e+00
4.499000e-05	-3.061202e-02	2.129997e+00
4.500000e-05	2.413208e-03	2.327293e+00
4.501000e-05	-5.494432e-02	2.439600e+00
4.502000e-05	5.862045e-02	2.474185e+00
4.503000e-05	6.785018e-02	2.635160e+00
4.504000e-05	-8.598098e-02	2.780051e+00
4.505000e-05	-2.240801e-02	2.833658e+00
4.506000e-05	7.506349e-02	2.969974e+00
4.507000e-05	-3.736866e-04	3.043707e+00
4.508000e-05	-4.610030e-02	3.178497e+00
4.509000e-05	-2.223560e-02	3.254179e+00
4.510000e-05	5.113054e-02	3.388249e+00
4.511000e-05	5.844425e-02	3.455663e+00
4.512000e-05	-7.249809e-02	3.612028e+00
4.513000e-05	-2.465617e-02	3.684607e+00
4.514000e-05	6.213073e-02	3.758921e+00
4.515000e-05	5.874550e-03	3.844107e+00
4.516000e-05	-3.466253e-02	3.979947e+00
4.517000e-05	1.126298e-02	4.051052e+00
4.518000e-05	2.472849e-02	4.094666e+00
4.519000e-05	7.197877e-03	4.194528e+00
4.520000e-05	-9.828678e-03	4.358862e+00
4.521000e-05	-1.857507e-02	4.442129e+00
4.522000e-05	2.281778e-02	4.514237e+00
4.523000e-05	1.799311e-02	4.609450e+00
4.524000e-05	-5.590735e-03	4.674708e+00
4.525000e-05	-1.301425e-02	4.727871e+00
4.526000e-05	2.287818e-02	4.830525e+00
4.527000e-05	1.108231e-02	4.853685e+00
4.528000e-05	-1.211233e-02	5.022552e+00
4.529000e-05	4.694649e-04	5.107364e+00
4.530000e-05	1.523245e-02	5.208974e+00
4.531000e-05	1.550583e-02	5.244107e+00
4.532000e-05	-6.369358e-03	5.328342e+00
4.533000e-05	-1.770226e-03	5.399900e+00
4.534000e-05	1.277904e-02	5.433109e+00
4.535000e-05	1.634398e-02	5.494717e+00
4.536000e-05	-5.400311e-03	5.588494e+00
4.537000e-05	-1.855452e-04	5.620525e+00
4.538000e-05	1.697603e-02	5.682627e+00
4.539000e-05	1.510016e-02	5.664288e+00
4.540000e-05	-3.581270e-03	5.759344e+00
4.541000e-05	-3.437540e-03	5.883082e+00
4.542000e-05	1.837165e-02	5.937865e+00
4.543000e-05	1.412644e-02	5.979471e+00
4.544000e-05	3.538282e-05	5.991521e+00
4.545000e-05	1.804561e-04	6.001078e+00
4.546000e-05	1.840772e-02	6.062079e+00
4.547000e-05	1.626056e-02	6.061554e+00
4.548000e-05	-5.595094e-04	6.135315e+00
4.549000e-05	2.516718e-03	6.136871e+00
4.550000e-05	1.639847e-02	6.188893e+00
4.551000e-05	1.783732e-02	6.180398e+00
4.552000e-05	2.047995e-03	6.220475e+00
4.553000e-05	4.509705e-03	6.271629e+00
4.554000e-05	1.625451e-02	6.242209e+00
4.555000e-05	1.778599e-02	6.274611e+00
4.556000e-05	5.535837e-03	6.286689e+00
4.557000e-05	4.890244e-03	6.285241e+00
4.558000e-05	1.688686e-02	6.326266e+00
4.559000e-05	1.917963e-02	6.346736e+00
4.560000e-05	8.580293e-03	6.336741e+00
4.561000e-05	5.080663e-03	6.365367e+00
4.562000e-05	1.802053e-02	6.336316e+00
4.563000e-05	1.914764e-02	6.336287e+00
4.564000e-05	1.128460e-02	6.326270e+00
4.565000e-05	8.391487e-03	6.336265e+00
4.566000e-05	1.819160e-02	6.334767e+00
4.567000e-05	2.090496e-02	6.314340e+00
4.568000e-05	1.207905e-02	6.314611e+00
4.569000e-05	1.053384e-02	6.303708e+00
4.570000e-05	1.605603e-02	6.233131e+00
4.571000e-05	2.141110e-02	6.270030e+00
4.572000e-05	1.236053e-02	6.221028e+00
4.573000e-05	9.382401e-03	6.210048e+00
4.574000e-05	1.580113e-02	6.178373e+00
4.575000e-05	1.924573e-02	6.174771e+00
4.576000e-05	1.291720e-02	6.114766e+00
4.577000e-05	9.133544e-03	6.052608e+00
4.578000e-05	1.470515e-02	6.072605e+00
4.579000e-05	1.723541e-02	6.001551e+00
4.580000e-05	1.248004e-02	6.009499e+00
4.581000e-05	7.469776e-03	5.979425e+00
4.582000e-05	1.299851e-02	5.916870e+00
4.583000e-05	1.524350e-02	5.891632e+00
4.584000e-05	1.063576e-02	5.788473e+00
4.585000e-05	6.607730e-03	5.732165e+00
4.586000e-05	1.047940e-02	5.670530e+00
4.587000e-05	1.300034e-02	5.610027e+00
4.588000e-05	8.336319e-03	5.578422e+00
4.589000e-05	4.781607e-03	5.524241e+00
4.590000e-05	7.557316e-03	5.460555e+00
4.591000e-05	1.140501e-02	5.428949e+00
4.592000e-05	6.839722e-03	5.335867e+00
4.593000e-05	4.132587e-03	5.252661e+00
4.594000e-05	5.337610e-03	5.229904e+00
4.595000e-05	9.313162e-03	5.126939e+00
4.596000e-05	6.092547e-03	5.078524e+00
4.597000e-05	3.566353e-03	4.961762e+00
4.598000e-05	3.869097e-03	4.820529e+00
4.599000e-05	8.128941e-03	4.757367e+00
4.600000e-05	5.225694e-03	4.695163e+00
4.601000e-05	1.305796e-03	4.620452e+00
4.602000e-05	3.020462e-03	4.526243e+00
4.603000e-05	5.587654e-03	4.471528e+00
4.604000e-05	3.964645e-03	4.419475e+00
4.605000e-05	1.020543e-03	4.375270e+00
4.606000e-05	2.075516e-03	4.249504e+00
4.607000e-05	4.732887e-03	4.102667e+00
4.608000e-05	1.988299e-03	3.967950e+00
4.609000e-05	1.890079e-03	3.923741e+00
4.610000e-05	-2.994168e-04	3.840581e+00
4.611000e-05	3.096942e-03	3.775346e+00
4.612000e-05	2.845491e-03	3.662104e+00
4.613000e-05	2.305520e-04	3.588449e+00
4.614000e-05	-1.183775e-03	3.533663e+00
4.615000e-05	1.228964e-03	3.354770e+00
4.616000e-05	2.622521e-03	3.231054e+00
4.617000e-05	4.195420e-04	3.156321e+00
4.618000e-05	-2.502097e-03	3.072053e+00
4.619000e-05	1.111712e-03	2.966821e+00
4.620000e-05	4.115462e-04	2.861107e+00
4.621000e-05	5.905874e-04	2.786901e+00
4.622000e-05	-3.002763e-03	2.632237e+00
4.623000e-05	-7.731469e-04	2.532717e+00
4.624000e-05	1.403191e-03	2.387448e+00
4.625000e-05	-2.152164e-03	2.273709e+00
4.626000e-05	-2.357123e-03	2.216898e+00
4.627000e-05	-2.365830e-03	2.091640e+00
4.628000e-05	6.315095e-04	2.028951e+00
4.629000e-05	-1.248417e-03	1.931238e+00
4.630000e-05	-2.078904e-03	1.756445e+00
4.631000e-05	-2.811263e-03	1.732009e+00
4.632000e-05	-9.441026e-04	1.543190e+00
4.633000e-05	-4.589614e-03	1.399952e+00
4.634000e-05	-3.769816e-03	1.283234e+00
4.635000e-05	-2.958494e-03	1.187472e+00
4.636000e-05	1.229899e-05	1.031127e+00
4.637000e-05	-2.137630e-03	8.810627e-01
4.638000e-05	-2.842290e-03	7.773961e-01
4.639000e-05	-2.575114e-03	6.815567e-01
4.640000e-05	-3.993910e-03	5.652931e-01
4.641000e-05	-4.443195e-03	4.300552e-01
4.642000e-05	-5.522124e-03	3.363710e-01
4.643000e-05	-2.853187e-03	2.079274e-01
4.644000e-05	-3.295606e-03	4.100401e-02
4.645000e-05	-2.637469e-03	-4.170652e-02
4.646000e-05	-8.593038e-04	-1.679460e-01
4.647000e-05	5.973847e-04	-2.547304e-01
4.648000e-05	-3.063131e-03	-3.183662e-01
4.649000e-05	-4.044085e-03	-4.516040e-01
4.650000e-05	-4.197529e-03	-5.820935e-01
4.651000e-05	-3.916248e-03	-7.373659e-01
4.652000e-05	-2.865065e-03	-7.810764e-01
4.653000e-05	1.239718e-02	-8.763320e-01
4.654000e-05	4.944224e-02	-1.031598e+00
4.655000e-05	-5.148169e-03	-1.171649e+00
4.656000e-05	-6.023037e-02	-1.444233e+00
4.657000e-05	-1.005109e-01	-1.589999e+00
4.658000e-05	7.299376e-02	-1.569399e+00
4.659000e-05	6.336526e-02	-1.621600e+00
4.660000e-05	-8.193467e-02	-1.754104e+00
4.661000e-05	-2.091084e-02	-1.927338e+00
4.662000e-05	1.065977e-01	-1.926313e+00
4.663000e-05	-2.209648e-02	-2.088809e+00
4.664000e-05	-6.291543e-02	-2.287767e+00
4.665000e-05	4.163212e-02	-2.347398e+00
4.666000e-05	-8.287450e-02	-2.434178e+00
4.667000e-05	-1.821247e-02	-2.590523e+00
4.668000e-05	1.352163e-01	-2.653653e+00
4.669000e-05	-7.915516e-02	-2.747945e+00
4.670000e-05	-9.497362e-02	-2.863604e+00
4.671000e-05	1.079149e-01	-2.950490e+00
4.672000e-05	-8.626744e-03	-3.148865e+00
4.673000e-05	-7.080730e-02	-3.213103e+00
4.674000e-05	-2.366130e-02	-3.234232e+00
4.675000e-05	2.362186e-02	-3.394203e+00
4.676000e-05	6.873207e-02	-3.555942e+00
4.677000e-05	-5.617956e-02	-3.567946e+00
4.678000e-05	-9.528536e-02	-3.655256e+00
4.679000e-05	8.919431e-02	-3.783628e+00
4.680000e-05	1.301915e-02	-3.917338e+00
4.681000e-05	-8.456506e-02	-4.012079e+00
4.682000e-05	1.299077e-02	-4.051652e+00
4.683000e-05	9.954594e-03	-4.221522e+00
4.684000e-05	1.628582e-02	-4.325787e+00
4.685000e-05	-3.687109e-02	-4.357895e+00
4.686000e-05	-4.907075e-02	-4.411073e+00
4.687000e-05	4.050861e-02	-4.472708e+00
4.688000e-05	3.237095e-03	-4.620544e+00
4.689000e-05	-3.337835e-02	-4.675288e+00
4.690000e-05	-1.672838e-02	-4.786363e+00
4.691000e-05	-4.436383e-05	-4.832054e+00
4.692000e-05	1.480578e-02	-4.937440e+00
4.693000e-05	-3.711784e-02	-5.000002e+00
4.694000e-05	-3.017747e-02	-5.064208e+00
4.695000e-05	2.154778e-02	-5.138388e+00
4.696000e-05	-5.117967e-03	-5.191028e+00
4.697000e-05	-1.539162e-02	-5.293732e+00
4.698000e-05	-3.244955e-02	-5.370563e+00
4.699000e-05	-4.215890e-03	-5.515759e+00
4.700000e-05	1.776929e-02	-5.578947e+00
4.701000e-05	-3.595819e-02	-5.620051e+00
4.702000e-05	-2.130474e-02	-5.680627e+00
4.703000e-05	3.290988e-05	-5.685336e+00
4.704000e-05	2.325312e-03	-5.757992e+00
4.705000e-05	-2.010832e-02	-5.830626e+00
4.706000e-05	-3.749206e-02	-5.853628e+00
4.707000e-05	3.808726e-03	-5.904263e+00
4.708000e-05	1.243392e-03	-5.949496e+00
4.709000e-05	-2.338383e-02	-6.009972e+00
4.710000e-05	-2.414889e-02	-6.010000e+00
4.711000e-05	-7.517888e-03	-6.020129e+00
4.712000e-05	1.789900e-03	-6.074209e+00
4.713000e-05	-2.555661e-02	-6.126316e+00
4.714000e-05	-3.008843e-02	-6.178520e+00
4.715000e-05	-4.436335e-03	-6.221731e+00
4.716000e-05	-5.192120e-03	-6.294208e+00
4.717000e-05	-2.001023e-02	-6.304283e+00
4.718000e-05	-2.979667e-02	-6.366416e+00
4.719000e-05	-1.045253e-02	-6.378942e+00
4.720000e-05	-4.444815e-03	-6.387971e+00
4.721000e-05	-2.519594e-02	-6.398473e+00
4.722000e-05	-2.576875e-02	-6.410022e+00
4.723000e-05	-1.535346e-02	-6.380524e+00
4.724000e-05	-6.586264e-03	-6.420101e+00
4.725000e-05	-2.390959e-02	-6.410053e+00
4.726000e-05	-3.044404e-02	-6.400104e+00
4.727000e-05	-1.548279e-02	-6.400005e+00
4.728000e-05	-1.282235e-02	-6.420000e+00
4.729000e-05	-2.189591e-02	-6.430504e+00
4.730000e-05	-2.894562e-02	-6.421001e+00
4.731000e-05	-1.863167e-02	-6.421080e+00
4.732000e-05	-1.279838e-02	-6.420025e+00
4.733000e-05	-2.491045e-02	-6.389501e+00
4.734000e-05	-2.956909e-02	-6.388974e+00
4.735000e-05	-2.126172e-02	-6.389499e+00
4.736000e-05	-1.496904e-02	-6.388922e+00
4.737000e-05	-2.264600e-02	-6.368945e+00
4.738000e-05	-2.806548e-02	-6.336370e+00
4.739000e-05	-2.069704e-02	-6.366261e+00
4.740000e-05	-1.494740e-02	-6.323341e+00
4.741000e-05	-2.176463e-02	-6.270579e+00
4.742000e-05	-2.682012e-02	-6.189024e+00
4.743000e-05	-2.055478e-02	-6.156391e+00
4.744000e-05	-1.375329e-02	-6.112237e+00
4.745000e-05	-1.948505e-02	-6.041027e+00
4.746000e-05	-2.325641e-02	-6.050051e+00
4.747000e-05	-1.869910e-02	-5.989025e+00
4.748000e-05	-1.380906e-02	-5.987921e+00
4.749000e-05	-1.787214e-02	-5.944789e+00
4.750000e-05	-2.220300e-02	-5.914135e+00
4.751000e-05	-1.683309e-02	-5.830027e+00
4.752000e-05	-1.256621e-02	-5.778399e+00
4.753000e-05	-1.581259e-02	-5.757338e+00
4.754000e-05	-1.986913e-02	-5.703155e+00
4.755000e-05	-1.607192e-02	-5.610051e+00
4.756000e-05	-1.137896e-02	-5.567948e+00
4.757000e-05	-1.433693e-02	-5.504241e+00
4.758000e-05	-1.731721e-02	-5.421102e+00
4.759000e-05	-1.348273e-02	-5.344416e+00
4.760000e-05	-9.502715e-03	-5.242079e+00
4.761000e-05	-1.167105e-02	-5.167970e+00
4.762000e-05	-1.597687e-02	-5.133237e+00
4.763000e-05	-1.366229e-02	-5.040577e+00
4.764000e-05	-1.051070e-02	-4.998396e+00
4.765000e-05	-1.050403e-02	-4.880544e+00
4.766000e-05	-1.388829e-02	-4.765286e+00
4.767000e-05	-1.343248e-02	-4.640582e+00
4.768000e-05	-8.456990e-03	-4.589024e+00
4.769000e-05	-8.302011e-03	-4.493762e+00
4.770000e-05	-1.178541e-02	-4.431578e+00
4.771000e-05	-1.215509e-02	-4.398471e+00
4.772000e-05	-8.660104e-03	-4.313314e+00
4.773000e-05	-7.982415e-03	-4.210053e+00
4.774000e-05	-1.091525e-02	-4.145843e+00
4.775000e-05	-1.058720e-02	-4.061629e+00
4.776000e-05	-7.439748e-03	-4.019000e+00
4.777000e-05	-6.238784e-03	-3.893210e+00
4.778000e-05	-1.055960e-02	-3.766814e+00
4.779000e-05	-9.949793e-03	-3.651104e+00
4.780000e-05	-7.243042e-03	-3.576270e+00
4.781000e-05	-6.639490e-03	-3.492583e+00
4.782000e-05	-9.362857e-03	-3.386445e+00
4.783000e-05	-8.291096e-03	-3.291610e+00
4.784000e-05	-6.682180e-03	-3.207474e+00
4.785000e-05	-6.207044e-03	-3.092609e+00
4.786000e-05	-8.930767e-03	-2.923789e+00
4.787000e-05	-7.814703e-03	-2.830550e+00
4.788000e-05	-6.055119e-03	-2.756313e+00
4.789000e-05	-4.303791e-03	-2.649527e+00
4.790000e-05	-7.596279e-03	-2.515187e+00
4.791000e-05	-7.901024e-03	-2.419529e+00
4.792000e-05	-5.889872e-03	-2.334866e+00
4.793000e-05	-6.803959e-03	-2.216843e+00
4.794000e-05	-6.671431e-03	-2.042083e+00
4.795000e-05	-7.396440e-03	-1.965371e+00
4.796000e-05	-3.946339e-03	-1.862078e+00
4.797000e-05	-2.969095e-03	-1.734864e+00
4.798000e-05	-5.852564e-03	-1.630653e+00
4.799000e-05	-4.838842e-03	-1.554370e+00
4.800000e-05	-5.386964e-03	-1.405815e+00
4.801000e-05	-4.906184e-03	-1.239500e+00
4.802000e-05	-6.387710e-03	-1.113185e+00
4.803000e-05	-5.645181e-03	-1.017972e+00
4.804000e-05	-3.168685e-03	-8.622607e-01
4.805000e-05	-4.505116e-03	-7.685000e-01
4.806000e-05	-4.390236e-03	-6.717025e-01
4.807000e-05	-3.665817e-03	-5.447631e-01
4.808000e-05	-2.787800e-03	-4.190224e-01
4.809000e-05	-3.920356e-03	-3.032328e-01
4.810000e-05	-4.681909e-03	-1.594484e-01
4.811000e-05	-1.796744e-03	-9.320927e-02
4.812000e-05	1.981866e-04	1.630323e-03
4.813000e-05	1.150495e-04	1.097899e-01
4.814000e-05	-1.953418e-03	2.581607e-01
4.815000e-05	-8.982811e-04	4.094487e-01
4.816000e-05	-4.168360e-04	4.652117e-01
4.817000e-05	-2.138101e-03	5.795236e-01
4.818000e-05	-2.117425e-03	6.662895e-01
4.819000e-05	8.445151e-03	7.899475e-01
4.820000e-05	3.542959e-02	9.162096e-01
4.821000e-05	2.936300e-02	1.108415e+00
4.822000e-05	-3.131902e-02	1.285812e+00
4.823000e-05	-7.741281e-02	1.392477e+00
4.824000e-05	-4.193011e-02	1.450134e+00
4.825000e-05	1.024350e-01	1.551000e+00
4.826000e-05	1.083854e-02	1.729969e+00
4.827000e-05	-1.089982e-01	1.811001e+00
4.828000e-05	6.388918e-02	1.876743e+00
4.829000e-05	6.080413e-02	2.044682e+00
4.830000e-05	-2.193943e-02	2.116390e+00
4.831000e-05	-1.668115e-02	2.169971e+00
4.832000e-05	-1.256353e-02	2.348869e+00
4.833000e-05	-4.503446e-02	2.410553e+00
4.834000e-05	7.314394e-02	2.516763e+00
4.835000e-05	4.842622e-02	2.685737e+00
4.836000e-05	-9.263255e-02	2.791551e+00
4.837000e-05	-2.432617e-03	2.884607e+00
4.838000e-05	7.136506e-02	2.970995e+00
4.839000e-05	-7.081142e-03	3.065217e+00
4.840000e-05	-4.951750e-02	3.169448e+00
4.841000e-05	-1.241334e-02	3.304189e+00
4.842000e-05	6.082827e-02	3.379960e+00
4.843000e-05	4.530219e-02	3.506736e+00
4.844000e-05	-8.144470e-02	3.582029e+00
4.845000e-05	-8.961456e-03	3.684238e+00
4.846000e-05	6.450873e-02	3.781025e+00
4.847000e-05	-7.915942e-03	3.895757e+00
4.848000e-05	-2.860446e-02	3.980549e+00
4.849000e-05	1.310331e-02	4.010054e+00
4.850000e-05	2.669410e-02	4.076741e+00
4.851000e-05	3.695583e-03	4.263607e+00
4.852000e-05	-1.150988e-02	4.379971e+00
4.853000e-05	-1.715096e-02	4.442127e+00
4.854000e-05	2.661552e-02	4.516741e+00
4.855000e-05	1.535716e-02	4.610969e+00
4.856000e-05	-1.060169e-02	4.684216e+00
4.857000e-05	-9.180166e-03	4.737421e+00
4.858000e-05	2.393180e-02	4.800525e+00
4.859000e-05	1.007972e-02	4.895262e+00
4.860000e-05	-1.494199e-02	5.012559e+00
4.861000e-05	4.189434e-03	5.158415e+00
4.862000e-05	1.478596e-02	5.180449e+00
4.863000e-05	1.459182e-02	5.264256e+00
4.864000e-05	-8.003404e-03	5.349393e+00
4.865000e-05	-2.828836e-03	5.390049e+00
4.866000e-05	1.507449e-02	5.485631e+00
4.867000e-05	1.294882e-02	5.506237e+00
4.868000e-05	-6.247382e-03	5.559447e+00
4.869000e-05	4.461453e-05	5.610555e+00
4.870000e-05	1.852029e-02	5.642054e+00
4.871000e-05	1.285121e-02	5.725762e+00
4.872000e-05	-4.875744e-03	5.737420e+00
4.873000e-05	-1.638877e-04	5.865227e+00
4.874000e-05	1.993635e-02	5.946766e+00
4.875000e-05	1.329429e-02	5.957924e+00
4.876000e-05	-2.067833e-03	6.000475e+00
4.877000e-05	1.794332e-03	6.051501e+00
4.878000e-05	1.740014e-02	6.042103e+00
4.879000e-05	1.482265e-02	6.064183e+00
4.880000e-05	-2.327650e-03	6.104841e+00
4.881000e-05	5.144916e-03	6.147947e+00
4.882000e-05	1.926184e-02	6.188373e+00
4.883000e-05	1.678307e-02	6.180524e+00
4.884000e-05	8.327122e-04	6.210027e+00
4.885000e-05	3.905930e-03	6.211553e+00
4.886000e-05	1.700709e-02	6.242061e+00
4.887000e-05	1.677870e-02	6.284682e+00
4.888000e-05	5.821878e-03	6.264713e+00
4.889000e-05	7.270937e-03	6.295765e+00
4.890000e-05	2.071406e-02	6.345169e+00
4.891000e-05	1.820702e-02	6.305762e+00
4.892000e-05	7.552207e-03	6.355295e+00
4.893000e-05	5.877392e-03	6.356343e+00
4.894000e-05	1.858432e-02	6.337767e+00
4.895000e-05	1.819069e-02	6.335793e+00
4.896000e-05	1.049020e-02	6.345369e+00
4.897000e-05	1.035224e-02	6.325340e+00
4.898000e-05	1.880772e-02	6.276790e+00
4.899000e-05	2.000169e-02	6.317265e+00
4.900000e-05	1.040887e-02	6.282716e+00
4.901000e-05	1.092142e-02	6.292659e+00
4.902000e-05	1.739159e-02	6.274054e+00
4.903000e-05	2.032430e-02	6.230579e+00
4.904000e-05	1.179832e-02	6.220054e+00
4.905000e-05	1.139022e-02	6.198498e+00
4.906000e-05	1.665093e-02	6.167924e+00
4.907000e-05	1.895881e-02	6.135292e+00
4.908000e-05	1.205721e-02	6.144716e+00
4.909000e-05	9.606825e-03	6.093158e+00
4.910000e-05	1.478447e-02	6.051580e+00
4.911000e-05	1.532485e-02	6.021025e+00
4.912000e-05	1.261993e-02	6.010476e+00
4.913000e-05	8.299207e-03	5.999396e+00
4.914000e-05	1.253809e-02	5.916343e+00
4.915000e-05	1.373634e-02	5.822087e+00
4.916000e-05	1.037303e-02	5.785326e+00
4.917000e-05	7.310509e-03	5.735814e+00
4.918000e-05	9.500601e-03	5.642106e+00
4.919000e-05	1.165451e-02	5.620000e+00
4.920000e-05	8.177991e-03	5.578423e+00
4.921000e-05	5.789249e-03	5.525269e+00
4.922000e-05	8.103396e-03	5.482633e+00
4.923000e-05	1.016186e-02	5.398450e+00
4.924000e-05	6.679407e-03	5.336870e+00
4.925000e-05	5.747693e-03	5.312668e+00
4.926000e-05	5.903884e-03	5.228451e+00
4.927000e-05	7.070467e-03	5.134616e+00
4.928000e-05	5.622761e-03	5.058955e+00
4.929000e-05	4.156705e-03	4.883639e+00
4.930000e-05	3.954447e-03	4.819951e+00
4.931000e-05	5.906230e-03	4.766821e+00
4.932000e-05	5.853185e-03	4.673160e+00
4.933000e-05	2.661802e-03	4.607923e+00
4.934000e-05	3.514390e-03	4.548768e+00
4.935000e-05	4.382856e-03	4.440629e+00
4.936000e-05	3.871960e-03	4.408999e+00
4.937000e-05	1.858282e-03	4.385791e+00
4.938000e-05	1.312798e-03	4.198955e+00
4.939000e-05	3.398770e-03	4.081112e+00
4.940000e-05	2.057197e-03	3.969372e+00
4.941000e-05	2.059400e-03	3.914689e+00
4.942000e-05	1.210893e-03	3.830531e+00
4.943000e-05	1.930263e-03	3.745863e+00
4.944000e-05	1.797002e-03	3.640505e+00
4.945000e-05	-9.589820e-04	3.558923e+00
4.946000e-05	2.460717e-04	3.481638e+00
4.947000e-05	1.599289e-03	3.354746e+00
4.948000e-05	1.700250e-03	3.221453e+00
4.949000e-05	6.404395e-04	3.144817e+00
4.950000e-05	-1.697051e-04	3.050529e+00
4.951000e-05	7.495632e-04	2.945797e+00
4.952000e-05	-5.469220e-04	2.851531e+00
4.953000e-05	-1.062234e-03	2.767368e+00
4.954000e-05	-8.728459e-04	2.711530e+00
4.955000e-05	-4.434724e-04	2.492735e+00
4.956000e-05	-3.196616e-04	2.427949e+00
4.957000e-05	-1.582184e-03	2.291662e+00
4.958000e-05	-2.134241e-03	2.217450e+00
4.959000e-05	-1.013499e-03	2.062163e+00
4.960000e-05	-1.566362e-03	1.997396e+00
4.961000e-05	-1.510991e-03	1.871659e+00
4.962000e-05	-2.284388e-03	1.715242e+00
4.963000e-05	-1.077578e-03	1.650023e+00
4.964000e-05	-1.967216e-03	1.533763e+00
4.965000e-05	-3.466550e-03	1.378977e+00
4.966000e-05	-3.171332e-03	1.303135e+00
4.967000e-05	-2.649697e-03	1.167270e+00
4.968000e-05	-1.934734e-03	1.028977e+00
4.969000e-05	-3.789565e-03	8.605566e-01
4.970000e-05	-3.727357e-03	7.568721e-01
4.971000e-05	-1.649672e-03	6.706063e-01
4.972000e-05	-2.340311e-03	5.352933e-01
4.973000e-05	-3.541416e-03	4.000038e-01
4.974000e-05	-4.318188e-03	3.038682e-01
4.975000e-05	-4.207521e-03	1.678233e-01
4.976000e-05	-3.755538e-03	2.155377e-02
4.977000e-05	-3.947614e-03	-4.313571e-02
4.978000e-05	-1.285778e-03	-1.599711e-01
4.979000e-05	5.045232e-04	-2.842356e-01
4.980000e-05	-7.190655e-04	-3.800261e-01
4.981000e-05	-2.331263e-03	-4.731528e-01
4.982000e-05	-4.881543e-03	-6.111752e-01
4.983000e-05	-4.214272e-03	-6.993959e-01
4.984000e-05	-3.218138e-03	-8.115237e-01
4.985000e-05	1.596171e-02	-8.983609e-01
4.986000e-05	4.773484e-02	-1.023080e+00
4.987000e-05	-1.597828e-02	-1.194228e+00
4.988000e-05	-6.441376e-02	-1.477860e+00
4.989000e-05	-9.169597e-02	-1.589498e+00
4.990000e-05	9.249428e-02	-1.577941e+00
4.991000e-05	4.779089e-02	-1.613605e+00
4.992000e-05	-9.760246e-02	-1.832627e+00
4.993000e-05	1.192038e-02	-1.906841e+00
4.994000e-05	8.954673e-02	-1.946787e+00
4.995000e-05	-3.574293e-02	-2.110390e+00
4.996000e-05	-4.399330e-02	-2.317885e+00
4.997000e-05	3.332696e-02	-2.387896e+00
4.998000e-05	-8.970880e-02	-2.433708e+00
4.999000e-05	1.043368e-02	-2.600549e+00
