# 260928_12:30:21.140536
t	CH1	CH2
0.000000e+00	3.240085e-02	1.017893e+01
1.000000e-08	3.051378e-02	1.015879e+01
2.000000e-08	2.848877e-02	1.006469e+01
3.000000e-08	2.651842e-02	1.000098e+01
4.000000e-08	2.625952e-02	9.946919e+00
5.000000e-08	2.462542e-02	9.854589e+00
6.000000e-08	2.346208e-02	9.779925e+00
7.000000e-08	2.273024e-02	9.683661e+00
8.000000e-08	2.115654e-02	9.599501e+00
9.000000e-08	2.084379e-02	9.547745e+00
1.000000e-07	1.881429e-02	9.451582e+00
1.100000e-07	1.820460e-02	9.318823e+00
1.200000e-07	1.614009e-02	9.265212e+00
1.300000e-07	1.579799e-02	9.180078e+00
1.400000e-07	1.541697e-02	9.135668e+00
1.500000e-07	1.355607e-02	9.021000e+00
1.600000e-07	1.406777e-02	8.886086e+00
1.700000e-07	1.316043e-02	8.789421e+00
1.800000e-07	1.376969e-02	8.693263e+00
1.900000e-07	1.005280e-02	8.599024e+00
2.000000e-07	1.086918e-02	8.474739e+00
2.100000e-07	8.325604e-03	8.430575e+00
2.200000e-07	1.059846e-02	8.325796e+00
2.300000e-07	7.704634e-03	8.210005e+00
2.400000e-07	8.991440e-03	8.053186e+00
2.500000e-07	6.266248e-03	7.998325e+00
2.600000e-07	8.930769e-03	7.862503e+00
2.700000e-07	5.861192e-03	7.716318e+00
2.800000e-07	8.183470e-03	7.611045e+00
2.900000e-07	4.984265e-03	7.423588e+00
3.000000e-07	6.462934e-03	7.305264e+00
3.100000e-07	4.604867e-03	7.169474e+00
3.200000e-07	4.909921e-03	7.042638e+00
3.300000e-07	3.838154e-03	6.915766e+00
3.400000e-07	3.780318e-03	6.811051e+00
3.500000e-07	3.490813e-03	6.641633e+00
3.600000e-07	4.623595e-03	6.473759e+00
3.700000e-07	3.204961e-03	6.317344e+00
3.800000e-07	2.599548e-03	6.190475e+00
3.900000e-07	2.493834e-03	6.073706e+00
4.000000e-07	3.131031e-03	5.919421e+00
4.100000e-07	2.889602e-03	5.778024e+00
4.200000e-07	1.426494e-03	5.600024e+00
4.300000e-07	1.501711e-03	5.430654e+00
4.400000e-07	8.894719e-04	5.283761e+00
4.500000e-07	1.207576e-03	5.117218e+00
4.600000e-07	2.877991e-04	4.883212e+00
4.700000e-07	6.587468e-04	4.705372e+00
4.800000e-07	1.117234e-03	4.568921e+00
4.900000e-07	1.214555e-03	4.431553e+00
5.000000e-07	1.474792e-06	4.303216e+00
5.100000e-07	-6.796512e-04	4.032057e+00
5.200000e-07	-4.230354e-04	3.915790e+00
5.300000e-07	-1.049780e-04	3.767395e+00
5.400000e-07	-1.899932e-04	3.621552e+00
5.500000e-07	-2.755175e-03	3.432682e+00
5.600000e-07	-8.263616e-04	3.251132e+00
5.700000e-07	-1.151621e-03	3.104266e+00
5.800000e-07	-5.532346e-04	2.936868e+00
5.900000e-07	-2.994073e-03	2.809526e+00
6.000000e-07	-1.747821e-03	2.580053e+00
6.100000e-07	-1.728565e-03	2.400531e+00
6.200000e-07	-1.823090e-03	2.232658e+00
6.300000e-07	-2.940144e-03	2.083788e+00
6.400000e-07	-3.322562e-03	1.967422e+00
6.500000e-07	-1.702200e-03	1.748500e+00
6.600000e-07	-2.592134e-03	1.578921e+00
6.700000e-07	-3.270477e-03	1.390104e+00
6.800000e-07	-4.357274e-03	1.239630e+00
6.900000e-07	-2.816662e-03	9.875803e-01
7.000000e-07	-2.788269e-03	8.005763e-01
7.100000e-07	-3.852691e-03	6.516316e-01
7.200000e-07	-5.070824e-03	4.527357e-01
7.300000e-07	-3.934152e-03	3.433197e-01
7.400000e-07	-4.140758e-03	7.483828e-02
7.500000e-07	-2.575351e-03	-6.368289e-02
7.600000e-07	8.353657e-05	-2.330316e-01
7.700000e-07	-1.379459e-03	-3.904247e-01
7.800000e-07	-1.335342e-03	-5.662683e-01
7.900000e-07	-3.411111e-03	-7.894483e-01
8.000000e-07	-3.928833e-03	-9.157180e-01
8.100000e-07	-5.086353e-03	-1.084207e+00
8.200000e-07	3.987041e-04	-1.202956e+00
8.300000e-07	3.804007e-02	-1.472059e+00
8.400000e-07	5.789568e-02	-1.643508e+00
8.500000e-07	-5.440143e-02	-1.896715e+00
8.600000e-07	-3.456074e-02	-2.186296e+00
8.700000e-07	-1.007688e-01	-2.369372e+00
8.800000e-07	1.356809e-02	-2.421053e+00
8.900000e-07	1.206172e-01	-2.464055e+00
9.000000e-07	-1.545570e-01	-2.694610e+00
9.100000e-07	5.051107e-02	-2.842027e+00
9.200000e-07	1.180995e-01	-2.874139e+00
9.300000e-07	-1.313209e-01	-3.228845e+00
9.400000e-07	6.318364e-02	-3.399447e+00
9.500000e-07	5.380035e-03	-3.473610e+00
9.600000e-07	-1.706478e-01	-3.702010e+00
9.700000e-07	1.187773e-01	-3.808430e+00
9.800000e-07	1.897326e-02	-3.990380e+00
9.900000e-07	-4.426616e-02	-4.201426e+00
1.000000e-06	4.254526e-02	-4.283090e+00
1.010000e-06	-1.016484e-01	-4.464085e+00
1.020000e-06	9.188257e-02	-4.643503e+00
1.030000e-06	-2.796798e-02	-4.818324e+00
1.040000e-06	-1.186921e-01	-5.000828e+00
1.050000e-06	9.673684e-02	-5.107762e+00
1.060000e-06	-1.885313e-02	-5.348143e+00
1.070000e-06	2.305261e-02	-5.557750e+00
1.080000e-06	-6.120916e-02	-5.684536e+00
1.090000e-06	-4.233323e-02	-5.872057e+00
1.100000e-06	8.560236e-02	-5.949923e+00
1.110000e-06	-8.518607e-02	-6.160242e+00
1.120000e-06	2.305038e-02	-6.317719e+00
1.130000e-06	-2.810279e-02	-6.445032e+00
1.140000e-06	-3.554926e-03	-6.621458e+00
1.150000e-06	4.629525e-02	-6.737294e+00
1.160000e-06	-9.696030e-02	-6.914010e+00
1.170000e-06	2.567557e-02	-7.010378e+00
1.180000e-06	-3.071731e-02	-7.181353e+00
1.190000e-06	1.813080e-02	-7.348171e+00
1.200000e-06	-9.251197e-03	-7.430401e+00
1.210000e-06	-5.469651e-02	-7.599772e+00
1.220000e-06	3.375180e-02	-7.737172e+00
1.230000e-06	-3.571949e-02	-7.875066e+00
1.240000e-06	8.613408e-03	-8.009377e+00
1.250000e-06	-4.973845e-02	-8.105714e+00
1.260000e-06	-6.966816e-03	-8.222980e+00
1.270000e-06	1.707045e-02	-8.275613e+00
1.280000e-06	-3.476087e-02	-8.451429e+00
1.290000e-06	-9.510980e-03	-8.496646e+00
1.300000e-06	-3.481187e-02	-8.611910e+00
1.310000e-06	1.459832e-02	-8.727722e+00
1.320000e-06	-2.361934e-02	-8.863055e+00
1.330000e-06	-2.921439e-02	-8.938170e+00
1.340000e-06	-1.572074e-02	-9.021981e+00
1.350000e-06	-1.157462e-02	-9.106140e+00
1.360000e-06	-3.239659e-03	-9.219451e+00
1.370000e-06	-3.992136e-02	-9.276111e+00
1.380000e-06	-1.596974e-02	-9.321828e+00
1.390000e-06	-1.392684e-02	-9.474062e+00
1.400000e-06	-1.028134e-02	-9.580478e+00
1.410000e-06	-2.832249e-02	-9.642083e+00
1.420000e-06	-2.797777e-02	-9.727371e+00
1.430000e-06	-1.257728e-02	-9.810353e+00
1.440000e-06	-1.715940e-02	-9.894566e+00
1.450000e-06	-2.402906e-02	-9.947294e+00
1.460000e-06	-3.279782e-02	-1.003100e+01
1.470000e-06	-1.844923e-02	-1.006209e+01
1.480000e-06	-1.869439e-02	-1.011619e+01
1.490000e-06	-2.565001e-02	-1.021135e+01
1.500000e-06	-3.199734e-02	-1.027504e+01
1.510000e-06	-2.545660e-02	-1.032780e+01
1.520000e-06	-1.913139e-02	-1.039045e+01
1.530000e-06	-2.881899e-02	-1.042301e+01
1.540000e-06	-3.364126e-02	-1.048561e+01
1.550000e-06	-3.201663e-02	-1.053514e+01
1.560000e-06	-2.386729e-02	-1.054825e+01
1.570000e-06	-3.050285e-02	-1.055937e+01
1.580000e-06	-3.791323e-02	-1.059081e+01
1.590000e-06	-3.632931e-02	-1.060088e+01
1.600000e-06	-2.941619e-02	-1.054048e+01
1.610000e-06	-3.312305e-02	-1.060448e+01
1.620000e-06	-4.072352e-02	-1.065309e+01
1.630000e-06	-4.136948e-02	-1.066352e+01
1.640000e-06	-3.725930e-02	-1.064361e+01
1.650000e-06	-3.948196e-02	-1.067561e+01
1.660000e-06	-4.584191e-02	-1.069472e+01
1.670000e-06	-4.817223e-02	-1.067412e+01
1.680000e-06	-4.518696e-02	-1.069566e+01
1.690000e-06	-4.481396e-02	-1.072464e+01
1.700000e-06	-4.993443e-02	-1.065359e+01
1.710000e-06	-5.289450e-02	-1.067404e+01
1.720000e-06	-4.998721e-02	-1.065256e+01
1.730000e-06	-4.843470e-02	-1.063304e+01
1.740000e-06	-5.142988e-02	-1.062208e+01
1.750000e-06	-5.484277e-02	-1.063146e+01
1.760000e-06	-5.139209e-02	-1.059098e+01
1.770000e-06	-4.743851e-02	-1.056885e+01
1.780000e-06	-4.759289e-02	-1.056827e+01
1.790000e-06	-5.011971e-02	-1.049730e+01
1.800000e-06	-4.746619e-02	-1.047361e+01
1.810000e-06	-4.233605e-02	-1.044411e+01
1.820000e-06	-4.270102e-02	-1.041041e+01
1.830000e-06	-4.306602e-02	-1.035787e+01
1.840000e-06	-4.186453e-02	-1.033527e+01
1.850000e-06	-3.789042e-02	-1.022451e+01
1.860000e-06	-3.604029e-02	-1.019045e+01
1.870000e-06	-3.771040e-02	-1.011572e+01
1.880000e-06	-3.562248e-02	-1.005316e+01
1.890000e-06	-3.324888e-02	-1.000058e+01
1.900000e-06	-3.044871e-02	-9.926742e+00
1.910000e-06	-3.099767e-02	-9.862059e+00
1.920000e-06	-3.024240e-02	-9.798478e+00
1.930000e-06	-2.688225e-02	-9.726292e+00
1.940000e-06	-2.589595e-02	-9.692611e+00
1.950000e-06	-2.638011e-02	-9.589899e+00
1.960000e-06	-2.670677e-02	-9.485669e+00
1.970000e-06	-2.439587e-02	-9.442482e+00
1.980000e-06	-2.219729e-02	-9.305216e+00
1.990000e-06	-2.206789e-02	-9.189551e+00
2.000000e-06	-2.250421e-02	-9.086238e+00
2.010000e-06	-2.063796e-02	-9.019980e+00
2.020000e-06	-1.989499e-02	-8.885690e+00
2.030000e-06	-1.772674e-02	-8.800528e+00
2.040000e-06	-2.019190e-02	-8.785791e+00
2.050000e-06	-1.799063e-02	-8.580356e+00
2.060000e-06	-1.712886e-02	-8.476290e+00
2.070000e-06	-1.523518e-02	-8.359902e+00
2.080000e-06	-1.702464e-02	-8.314765e+00
2.090000e-06	-1.672638e-02	-8.199429e+00
2.100000e-06	-1.589055e-02	-8.063687e+00
2.110000e-06	-1.402994e-02	-7.979453e+00
2.120000e-06	-1.504454e-02	-7.860559e+00
2.130000e-06	-1.497207e-02	-7.735791e+00
2.140000e-06	-1.375427e-02	-7.556849e+00
2.150000e-06	-1.207378e-02	-7.421654e+00
2.160000e-06	-1.245843e-02	-7.306820e+00
2.170000e-06	-1.379471e-02	-7.209500e+00
2.180000e-06	-1.262766e-02	-7.032186e+00
2.190000e-06	-1.262095e-02	-6.873737e+00
2.200000e-06	-1.165268e-02	-6.748375e+00
2.210000e-06	-1.135643e-02	-6.582631e+00
2.220000e-06	-1.096680e-02	-6.465292e+00
2.230000e-06	-1.003855e-02	-6.338346e+00
2.240000e-06	-9.383523e-03	-6.189981e+00
2.250000e-06	-9.830097e-03	-6.021007e+00
2.260000e-06	-1.207619e-02	-5.904212e+00
2.270000e-06	-1.106829e-02	-5.767344e+00
2.280000e-06	-1.145258e-02	-5.600476e+00
2.290000e-06	-9.477623e-03	-5.431634e+00
2.300000e-06	-1.060912e-02	-5.260584e+00
2.310000e-06	-8.174790e-03	-5.072662e+00
2.320000e-06	-7.765189e-03	-4.884239e+00
2.330000e-06	-6.570616e-03	-4.682163e+00
2.340000e-06	-7.917065e-03	-4.517822e+00
2.350000e-06	-8.373527e-03	-4.399052e+00
2.360000e-06	-9.111055e-03	-4.221113e+00
2.370000e-06	-8.394435e-03	-4.095237e+00
2.380000e-06	-7.710091e-03	-3.929021e+00
2.390000e-06	-7.367592e-03	-3.727874e+00
2.400000e-06	-6.172482e-03	-3.610924e+00
2.410000e-06	-5.592881e-03	-3.421659e+00
2.420000e-06	-5.238502e-03	-3.274784e+00
2.430000e-06	-6.768187e-03	-3.116893e+00
2.440000e-06	-6.189706e-03	-2.913242e+00
2.450000e-06	-6.214935e-03	-2.758872e+00
2.460000e-06	-5.653663e-03	-2.571553e+00
2.470000e-06	-6.380924e-03	-2.440560e+00
2.480000e-06	-5.417009e-03	-2.313761e+00
2.490000e-06	-4.982718e-03	-2.053685e+00
2.500000e-06	-4.374516e-03	-1.884815e+00
2.510000e-06	-3.547953e-03	-1.746872e+00
2.520000e-06	-4.899828e-03	-1.590100e+00
2.530000e-06	-3.663500e-03	-1.294971e+00
2.540000e-06	-4.040714e-03	-1.178824e+00
2.550000e-06	-3.618426e-03	-9.900274e-01
2.560000e-06	-4.923536e-03	-8.090991e-01
2.570000e-06	-3.571967e-03	-6.317854e-01
2.580000e-06	-2.532532e-03	-4.306042e-01
2.590000e-06	-1.691558e-03	-2.633119e-01
2.600000e-06	-2.545147e-03	-1.063134e-01
2.610000e-06	1.508630e-03	7.258007e-02
2.620000e-06	4.417006e-03	2.445265e-01
2.630000e-06	1.038166e-03	4.420275e-01
2.640000e-06	7.698376e-04	5.808960e-01
2.650000e-06	-4.502565e-04	7.472672e-01
2.660000e-06	9.984446e-04	8.846855e-01
2.670000e-06	1.158785e-03	1.086181e+00
2.680000e-06	5.467391e-03	1.293657e+00
2.690000e-06	2.996369e-02	1.463080e+00
2.700000e-06	6.172673e-02	1.759743e+00
2.710000e-06	-2.249345e-02	1.957817e+00
2.720000e-06	-3.898758e-02	2.064686e+00
2.730000e-06	-4.716144e-02	2.272563e+00
2.740000e-06	-6.211299e-02	2.389924e+00
2.750000e-06	9.375856e-02	2.496184e+00
2.760000e-06	1.296209e-02	2.755714e+00
2.770000e-06	-1.124592e-01	2.801604e+00
2.780000e-06	1.444493e-01	2.980847e+00
2.790000e-06	6.669739e-03	3.199402e+00
2.800000e-06	-4.487547e-02	3.295734e+00
2.810000e-06	5.999892e-02	3.495078e+00
2.820000e-06	-8.999110e-02	3.652980e+00
2.830000e-06	-1.389898e-03	3.791429e+00
2.840000e-06	8.694354e-02	3.959350e+00
2.850000e-06	-2.280413e-02	4.176141e+00
2.860000e-06	2.004660e-03	4.338696e+00
2.870000e-06	-9.095097e-03	4.496163e+00
2.880000e-06	1.600177e-03	4.643053e+00
2.890000e-06	4.545503e-02	4.802928e+00
2.900000e-06	-5.504801e-02	5.022531e+00
2.910000e-06	-7.366778e-04	5.231480e+00
2.920000e-06	4.297785e-02	5.411926e+00
2.930000e-06	3.441823e-02	5.546316e+00
2.940000e-06	-2.075318e-02	5.727080e+00
2.950000e-06	-3.732338e-02	5.924988e+00
2.960000e-06	4.395330e-02	6.052006e+00
2.970000e-06	2.234337e-03	6.189870e+00
2.980000e-06	1.070681e-02	6.326191e+00
2.990000e-06	-2.261914e-03	6.484583e+00
3.000000e-06	2.788964e-03	6.631906e+00
3.010000e-06	3.562822e-02	6.830347e+00
3.020000e-06	-2.730347e-03	6.905765e+00
3.030000e-06	-1.686306e-02	7.031505e+00
3.040000e-06	5.665666e-03	7.168824e+00
3.050000e-06	2.583088e-02	7.306187e+00
3.060000e-06	2.137090e-02	7.433629e+00
3.070000e-06	-7.289110e-03	7.620953e+00
3.080000e-06	8.067849e-03	7.715667e+00
3.090000e-06	1.653753e-02	7.834037e+00
3.100000e-06	1.409872e-02	8.037879e+00
3.110000e-06	-1.707504e-03	8.199291e+00
3.120000e-06	-3.882044e-03	8.242934e+00
3.130000e-06	2.516817e-02	8.335718e+00
3.140000e-06	2.200651e-02	8.411002e+00
3.150000e-06	7.700458e-03	8.516217e+00
3.160000e-06	-7.830051e-05	8.599902e+00
3.170000e-06	1.509852e-02	8.685263e+00
3.180000e-06	2.117149e-02	8.770874e+00
3.190000e-06	6.091503e-03	8.883686e+00
3.200000e-06	5.274491e-03	9.009355e+00
3.210000e-06	1.327899e-02	9.075589e+00
3.220000e-06	2.474488e-02	9.201350e+00
3.230000e-06	1.287620e-02	9.284134e+00
3.240000e-06	6.841267e-03	9.368349e+00
3.250000e-06	1.468630e-02	9.464007e+00
3.260000e-06	2.224021e-02	9.537292e+00
3.270000e-06	1.794820e-02	9.620932e+00
3.280000e-06	8.808924e-03	9.705692e+00
3.290000e-06	1.551984e-02	9.778848e+00
3.300000e-06	2.117967e-02	9.874540e+00
3.310000e-06	2.012269e-02	9.957247e+00
3.320000e-06	1.417948e-02	1.003156e+01
3.330000e-06	1.582880e-02	1.012456e+01
3.340000e-06	2.392143e-02	1.015672e+01
3.350000e-06	2.339684e-02	1.018133e+01
3.360000e-06	1.893762e-02	1.024303e+01
3.370000e-06	1.787303e-02	1.030817e+01
3.380000e-06	2.456419e-02	1.035680e+01
3.390000e-06	2.530301e-02	1.035890e+01
3.400000e-06	2.232502e-02	1.038103e+01
3.410000e-06	2.064497e-02	1.043313e+01
3.420000e-06	2.741104e-02	1.048416e+01
3.430000e-06	2.951940e-02	1.052419e+01
3.440000e-06	2.732790e-02	1.053725e+01
3.450000e-06	2.557482e-02	1.055030e+01
3.460000e-06	2.997792e-02	1.061978e+01
3.470000e-06	3.417506e-02	1.057938e+01
3.480000e-06	3.188529e-02	1.064136e+01
3.490000e-06	3.079099e-02	1.062248e+01
3.500000e-06	3.510828e-02	1.065043e+01
3.510000e-06	3.858794e-02	1.064294e+01
3.520000e-06	3.987360e-02	1.059354e+01
3.530000e-06	3.760658e-02	1.065341e+01
3.540000e-06	4.107675e-02	1.063541e+01
3.550000e-06	4.305845e-02	1.060188e+01
3.560000e-06	4.534433e-02	1.062188e+01
3.570000e-06	4.350224e-02	1.064044e+01
3.580000e-06	4.409620e-02	1.060994e+01
3.590000e-06	4.509175e-02	1.059035e+01
3.600000e-06	4.678888e-02	1.057932e+01
3.610000e-06	4.374707e-02	1.053682e+01
3.620000e-06	4.320556e-02	1.051579e+01
3.630000e-06	4.406341e-02	1.049524e+01
3.640000e-06	4.389972e-02	1.047261e+01
3.650000e-06	4.175841e-02	1.043253e+01
3.660000e-06	3.730864e-02	1.042003e+01
3.670000e-06	3.799247e-02	1.038835e+01
3.680000e-06	3.703791e-02	1.033679e+01
3.690000e-06	3.567773e-02	1.028618e+01
3.700000e-06	3.125367e-02	1.024264e+01
3.710000e-06	3.034152e-02	1.017835e+01
3.720000e-06	3.213476e-02	1.012774e+01
3.730000e-06	2.867601e-02	1.006466e+01
3.740000e-06	2.822771e-02	1.005246e+01
3.750000e-06	2.486815e-02	9.958872e+00
3.760000e-06	2.569430e-02	9.904191e+00
3.770000e-06	2.352164e-02	9.781380e+00
3.780000e-06	2.294630e-02	9.686261e+00
3.790000e-06	1.959752e-02	9.630529e+00
3.800000e-06	1.954662e-02	9.518296e+00
3.810000e-06	1.899085e-02	9.444135e+00
3.820000e-06	1.817795e-02	9.389425e+00
3.830000e-06	1.581878e-02	9.315215e+00
3.840000e-06	1.710221e-02	9.211954e+00
3.850000e-06	1.557215e-02	9.155368e+00
3.860000e-06	1.543411e-02	9.042030e+00
3.870000e-06	1.356597e-02	8.876190e+00
3.880000e-06	1.271325e-02	8.790580e+00
3.890000e-06	1.209578e-02	8.725271e+00
3.900000e-06	1.106121e-02	8.600459e+00
3.910000e-06	9.843617e-03	8.496266e+00
3.920000e-06	1.056796e-02	8.399051e+00
3.930000e-06	1.004371e-02	8.347398e+00
3.940000e-06	9.637114e-03	8.192933e+00
3.950000e-06	9.655946e-03	8.085837e+00
3.960000e-06	8.884588e-03	7.978951e+00
3.970000e-06	7.946595e-03	7.872110e+00
3.980000e-06	6.452628e-03	7.747874e+00
3.990000e-06	6.611470e-03	7.651057e+00
4.000000e-06	5.864107e-03	7.516771e+00
4.010000e-06	5.917166e-03	7.356815e+00
4.020000e-06	5.623846e-03	7.239980e+00
4.030000e-06	4.838916e-03	7.084259e+00
4.040000e-06	5.054518e-03	6.955794e+00
4.050000e-06	4.932630e-03	6.811054e+00
4.060000e-06	5.061953e-03	6.694217e+00
4.070000e-06	3.685778e-03	6.536893e+00
4.080000e-06	2.241248e-03	6.368499e+00
4.090000e-06	2.782890e-03	6.232131e+00
4.100000e-06	2.888087e-03	6.093715e+00
4.110000e-06	2.732965e-03	5.998948e+00
4.120000e-06	2.251598e-03	5.832005e+00
4.130000e-06	2.005653e-03	5.661608e+00
4.140000e-06	2.846399e-03	5.493788e+00
4.150000e-06	1.543435e-03	5.345792e+00
4.160000e-06	7.576841e-04	5.097770e+00
4.170000e-06	5.262816e-04	4.895866e+00
4.180000e-06	6.585392e-04	4.728420e+00
4.190000e-06	-8.323405e-05	4.590574e+00
4.200000e-06	-4.921132e-04	4.462658e+00
4.210000e-06	-6.253918e-04	4.305370e+00
4.220000e-06	8.465440e-04	4.083813e+00
4.230000e-06	-8.412361e-05	3.927795e+00
4.240000e-06	1.604853e-04	3.760051e+00
4.250000e-06	-9.306816e-04	3.642582e+00
4.260000e-06	-1.654438e-04	3.454860e+00
4.270000e-06	-1.032890e-03	3.283237e+00
4.280000e-06	-7.006727e-04	3.136840e+00
4.290000e-06	-3.460702e-03	2.967997e+00
4.300000e-06	-2.788240e-03	2.811604e+00
4.310000e-06	-1.657497e-03	2.652737e+00
4.320000e-06	-4.314186e-03	2.412129e+00
4.330000e-06	-1.851079e-03	2.264812e+00
4.340000e-06	-4.314944e-03	2.116370e+00
4.350000e-06	3.621374e-04	1.980096e+00
4.360000e-06	-2.499400e-03	1.788502e+00
4.370000e-06	-4.891694e-04	1.641555e+00
4.380000e-06	-3.232635e-03	1.461154e+00
4.390000e-06	-8.471242e-03	1.262761e+00
4.400000e-06	-3.874113e-03	1.062734e+00
4.410000e-06	-7.209605e-03	8.016604e-01
4.420000e-06	-2.109483e-03	6.827357e-01
4.430000e-06	-4.068242e-03	4.943421e-01
4.440000e-06	1.386216e-03	3.679423e-01
4.450000e-06	-2.357921e-03	1.569612e-01
4.460000e-06	-1.482175e-03	-4.205270e-02
4.470000e-06	-3.244834e-03	-1.909260e-01
4.480000e-06	-3.055115e-03	-3.582697e-01
4.490000e-06	-5.649657e-03	-5.261883e-01
4.500000e-06	-3.392329e-03	-7.152669e-01
4.510000e-06	-3.628910e-03	-8.846605e-01
4.520000e-06	-8.977630e-04	-1.051554e+00
4.530000e-06	2.748621e-04	-1.219425e+00
4.540000e-06	2.144698e-02	-1.399078e+00
4.550000e-06	7.500346e-02	-1.620852e+00
4.560000e-06	-4.303123e-02	-1.842555e+00
4.570000e-06	-3.492508e-02	-2.136117e+00
4.580000e-06	-8.545867e-02	-2.347716e+00
4.590000e-06	-4.867596e-02	-2.409524e+00
4.600000e-06	1.480854e-01	-2.422029e+00
4.610000e-06	-1.001363e-01	-2.621451e+00
4.620000e-06	-5.056926e-02	-2.790550e+00
4.630000e-06	1.691979e-01	-2.863109e+00
4.640000e-06	-1.081143e-01	-3.149659e+00
4.650000e-06	1.308201e-03	-3.369345e+00
4.660000e-06	7.266656e-02	-3.412583e+00
4.670000e-06	-1.861123e-01	-3.612478e+00
4.680000e-06	5.848823e-02	-3.800427e+00
4.690000e-06	8.193860e-02	-3.948194e+00
4.700000e-06	-7.625149e-02	-4.178374e+00
4.710000e-06	5.668433e-02	-4.263663e+00
4.720000e-06	-8.845533e-02	-4.381900e+00
4.730000e-06	3.969973e-02	-4.661640e+00
4.740000e-06	4.282201e-02	-4.718263e+00
4.750000e-06	-1.574061e-01	-4.967746e+00
4.760000e-06	7.832117e-02	-5.074614e+00
4.770000e-06	9.002138e-03	-5.305566e+00
4.780000e-06	4.827340e-03	-5.526592e+00
4.790000e-06	-2.204008e-02	-5.662556e+00
4.800000e-06	-8.679401e-02	-5.850953e+00
4.810000e-06	9.572102e-02	-5.958219e+00
4.820000e-06	-6.063473e-02	-6.103609e+00
4.830000e-06	-1.233992e-02	-6.275614e+00
4.840000e-06	4.089536e-03	-6.432881e+00
4.850000e-06	-3.727335e-02	-6.590451e+00
4.860000e-06	7.032413e-02	-6.745718e+00
4.870000e-06	-8.965464e-02	-6.852081e+00
4.880000e-06	-1.106979e-04	-7.029354e+00
4.890000e-06	-6.233950e-03	-7.168720e+00
4.900000e-06	-8.950451e-03	-7.304689e+00
4.910000e-06	1.830358e-02	-7.400455e+00
4.920000e-06	-7.169501e-02	-7.538243e+00
4.930000e-06	3.021099e-02	-7.694640e+00
4.940000e-06	-2.302438e-02	-7.862410e+00
4.950000e-06	-4.770999e-03	-7.971377e+00
4.960000e-06	-2.862064e-02	-8.114160e+00
4.970000e-06	-3.235037e-02	-8.180401e+00
4.980000e-06	3.156733e-02	-8.304161e+00
4.990000e-06	-3.759772e-02	-8.430374e+00
5.000000e-06	-1.000817e-02	-8.493588e+00
5.010000e-06	-3.327624e-02	-8.578347e+00
5.020000e-06	3.725611e-03	-8.728870e+00
5.030000e-06	-9.641795e-03	-8.822455e+00
5.040000e-06	-3.887209e-02	-8.896192e+00
5.050000e-06	-1.103497e-02	-9.010927e+00
5.060000e-06	-1.830931e-02	-9.086117e+00
5.070000e-06	1.850515e-03	-9.179399e+00
5.080000e-06	-3.695157e-02	-9.245610e+00
5.090000e-06	-2.157172e-02	-9.397722e+00
5.100000e-06	-1.208226e-02	-9.444959e+00
5.110000e-06	-1.341406e-02	-9.570871e+00
5.120000e-06	-2.285472e-02	-9.642558e+00
5.130000e-06	-3.276361e-02	-9.706698e+00
5.140000e-06	-1.192090e-02	-9.789375e+00
5.150000e-06	-1.737526e-02	-9.883535e+00
5.160000e-06	-2.087773e-02	-9.936797e+00
5.170000e-06	-3.313739e-02	-1.000051e+01
5.180000e-06	-1.888916e-02	-1.005459e+01
5.190000e-06	-1.708202e-02	-1.012772e+01
5.200000e-06	-2.648662e-02	-1.016080e+01
5.210000e-06	-3.030242e-02	-1.030341e+01
5.220000e-06	-2.847737e-02	-1.033667e+01
5.230000e-06	-1.845136e-02	-1.036890e+01
5.240000e-06	-2.750798e-02	-1.040201e+01
5.250000e-06	-3.230357e-02	-1.049409e+01
5.260000e-06	-3.112396e-02	-1.053519e+01
5.270000e-06	-2.396219e-02	-1.054925e+01
5.280000e-06	-2.897745e-02	-1.049785e+01
5.290000e-06	-3.760908e-02	-1.060028e+01
5.300000e-06	-3.615821e-02	-1.057093e+01
5.310000e-06	-3.097231e-02	-1.060198e+01
5.320000e-06	-3.183759e-02	-1.065206e+01
5.330000e-06	-4.092049e-02	-1.068298e+01
5.340000e-06	-4.021233e-02	-1.066309e+01
5.350000e-06	-3.679966e-02	-1.068506e+01
5.360000e-06	-3.772449e-02	-1.070309e+01
5.370000e-06	-4.503522e-02	-1.067354e+01
5.380000e-06	-4.678450e-02	-1.069564e+01
5.390000e-06	-4.469138e-02	-1.067664e+01
5.400000e-06	-4.514826e-02	-1.067461e+01
5.410000e-06	-5.089777e-02	-1.065462e+01
5.420000e-06	-5.269712e-02	-1.064461e+01
5.430000e-06	-4.977269e-02	-1.066456e+01
5.440000e-06	-4.880236e-02	-1.064356e+01
5.450000e-06	-5.182023e-02	-1.064256e+01
5.460000e-06	-5.345828e-02	-1.064048e+01
5.470000e-06	-5.053000e-02	-1.060188e+01
5.480000e-06	-4.697097e-02	-1.058993e+01
5.490000e-06	-4.919587e-02	-1.056835e+01
5.500000e-06	-5.085759e-02	-1.051732e+01
5.510000e-06	-4.748845e-02	-1.045519e+01
5.520000e-06	-4.379769e-02	-1.049419e+01
5.530000e-06	-4.341534e-02	-1.041150e+01
5.540000e-06	-4.451667e-02	-1.037938e+01
5.550000e-06	-4.198618e-02	-1.033680e+01
5.560000e-06	-3.709488e-02	-1.027614e+01
5.570000e-06	-3.757292e-02	-1.019138e+01
5.580000e-06	-3.789174e-02	-1.009834e+01
5.590000e-06	-3.612184e-02	-1.007418e+01
5.600000e-06	-3.349580e-02	-9.990578e+00
5.610000e-06	-3.080366e-02	-9.956397e+00
5.620000e-06	-3.269103e-02	-9.874663e+00
5.630000e-06	-3.128408e-02	-9.811555e+00
5.640000e-06	-2.825003e-02	-9.707323e+00
5.650000e-06	-2.603176e-02	-9.683116e+00
5.660000e-06	-2.688917e-02	-9.631499e+00
5.670000e-06	-2.616623e-02	-9.506841e+00
5.680000e-06	-2.358684e-02	-9.440910e+00
5.690000e-06	-2.262550e-02	-9.306195e+00
5.700000e-06	-2.356416e-02	-9.220503e+00
5.710000e-06	-2.346458e-02	-9.155346e+00
5.720000e-06	-2.193545e-02	-9.021534e+00
5.730000e-06	-1.965730e-02	-8.957821e+00
5.740000e-06	-1.875471e-02	-8.820114e+00
5.750000e-06	-1.951294e-02	-8.737875e+00
5.760000e-06	-1.898740e-02	-8.643108e+00
5.770000e-06	-1.680718e-02	-8.496815e+00
5.780000e-06	-1.700748e-02	-8.401058e+00
5.790000e-06	-1.762528e-02	-8.296316e+00
5.800000e-06	-1.808528e-02	-8.210483e+00
5.810000e-06	-1.405335e-02	-8.095792e+00
5.820000e-06	-1.429796e-02	-8.030483e+00
5.830000e-06	-1.474104e-02	-7.903694e+00
5.840000e-06	-1.548421e-02	-7.736276e+00
5.850000e-06	-1.227966e-02	-7.588953e+00
5.860000e-06	-1.250088e-02	-7.433688e+00
5.870000e-06	-1.325396e-02	-7.355772e+00
5.880000e-06	-1.405094e-02	-7.211048e+00
5.890000e-06	-1.182404e-02	-7.104269e+00
5.900000e-06	-1.080298e-02	-6.947322e+00
5.910000e-06	-1.258486e-02	-6.788975e+00
5.920000e-06	-1.200948e-02	-6.663139e+00
5.930000e-06	-1.128580e-02	-6.534825e+00
5.940000e-06	-9.634903e-03	-6.390555e+00
5.950000e-06	-9.678375e-03	-6.221167e+00
5.960000e-06	-9.535650e-03	-6.062214e+00
5.970000e-06	-9.847848e-03	-5.897316e+00
5.980000e-06	-8.936566e-03	-5.790923e+00
5.990000e-06	-1.212557e-02	-5.642605e+00
6.000000e-06	-1.046806e-02	-5.484241e+00
6.010000e-06	-1.063662e-02	-5.272611e+00
6.020000e-06	-7.152889e-03	-5.095763e+00
6.030000e-06	-8.310671e-03	-4.904269e+00
6.040000e-06	-7.250030e-03	-4.697313e+00
6.050000e-06	-7.883898e-03	-4.548400e+00
6.060000e-06	-7.564710e-03	-4.422082e+00
6.070000e-06	-8.678239e-03	-4.293813e+00
6.080000e-06	-8.633247e-03	-4.116865e+00
6.090000e-06	-8.536518e-03	-4.009502e+00
6.100000e-06	-7.071960e-03	-3.829508e+00
6.110000e-06	-6.185472e-03	-3.621155e+00
6.120000e-06	-6.740361e-03	-3.474713e+00
6.130000e-06	-5.591104e-03	-3.316295e+00
6.140000e-06	-7.067142e-03	-3.188926e+00
6.150000e-06	-6.192426e-03	-2.986470e+00
6.160000e-06	-7.132624e-03	-2.760526e+00
6.170000e-06	-5.508287e-03	-2.650132e+00
6.180000e-06	-5.895650e-03	-2.432188e+00
6.190000e-06	-4.869463e-03	-2.295365e+00
6.200000e-06	-5.520454e-03	-2.104390e+00
6.210000e-06	-4.819595e-03	-1.957997e+00
6.220000e-06	-4.537500e-03	-1.789076e+00
6.230000e-06	-4.864364e-03	-1.642112e+00
6.240000e-06	-4.603959e-03	-1.420607e+00
6.250000e-06	-4.333363e-03	-1.210556e+00
6.260000e-06	-4.317305e-03	-1.062684e+00
6.270000e-06	-3.511834e-03	-8.722318e-01
6.280000e-06	-3.477367e-03	-7.052433e-01
6.290000e-06	-3.337811e-03	-4.427842e-01
6.300000e-06	-3.054724e-03	-3.163146e-01
6.310000e-06	-2.596641e-03	-1.364949e-01
6.320000e-06	8.927739e-05	1.947637e-02
6.330000e-06	2.836823e-03	2.414499e-01
6.340000e-06	5.232723e-04	3.788497e-01
6.350000e-06	1.834865e-03	5.878159e-01
6.360000e-06	1.094700e-04	6.752555e-01
6.370000e-06	3.312972e-04	8.220066e-01
6.380000e-06	-2.320408e-04	1.085012e+00
6.390000e-06	3.872871e-03	1.252501e+00
6.400000e-06	2.026500e-02	1.432401e+00
6.410000e-06	6.355890e-02	1.762680e+00
6.420000e-06	-4.271923e-03	1.915160e+00
6.430000e-06	-3.985007e-02	2.063607e+00
6.440000e-06	-4.159135e-02	2.233926e+00
6.450000e-06	-7.077607e-02	2.349798e+00
6.460000e-06	5.042987e-02	2.433557e+00
6.470000e-06	7.426704e-02	2.694033e+00
6.480000e-06	-1.309871e-01	2.821003e+00
6.490000e-06	1.030638e-01	2.895688e+00
6.500000e-06	5.586941e-02	3.169295e+00
6.510000e-06	-5.943116e-02	3.251082e+00
6.520000e-06	5.417220e-02	3.412454e+00
6.530000e-06	-5.442389e-02	3.610925e+00
6.540000e-06	-4.980421e-02	3.717866e+00
6.550000e-06	9.395501e-02	3.919662e+00
6.560000e-06	-9.343720e-04	4.114660e+00
6.570000e-06	-1.220080e-02	4.303061e+00
6.580000e-06	5.963333e-03	4.473531e+00
6.590000e-06	-1.816577e-02	4.630928e+00
6.600000e-06	5.892550e-02	4.789316e+00
6.610000e-06	-4.089892e-02	5.009351e+00
6.620000e-06	-2.391130e-02	5.210275e+00
6.630000e-06	3.833703e-02	5.399366e+00
6.640000e-06	4.336102e-02	5.507211e+00
6.650000e-06	-3.920397e-03	5.675005e+00
6.660000e-06	-4.556924e-02	5.823030e+00
6.670000e-06	3.250377e-02	6.009901e+00
6.680000e-06	1.460414e-02	6.145746e+00
6.690000e-06	3.572455e-03	6.267036e+00
6.700000e-06	1.668322e-03	6.463529e+00
6.710000e-06	-5.036943e-03	6.601821e+00
6.720000e-06	3.361102e-02	6.767371e+00
6.730000e-06	1.321000e-02	6.903633e+00
6.740000e-06	-2.066918e-02	7.032428e+00
6.750000e-06	2.079528e-03	7.126714e+00
6.760000e-06	1.714420e-02	7.285085e+00
6.770000e-06	2.692802e-02	7.410429e+00
6.780000e-06	-5.414316e-03	7.578723e+00
6.790000e-06	1.154140e-03	7.735111e+00
6.800000e-06	1.848802e-02	7.821479e+00
6.810000e-06	1.532620e-02	7.969197e+00
6.820000e-06	6.892294e-03	8.104666e+00
6.830000e-06	-1.090044e-02	8.210026e+00
6.840000e-06	2.082801e-02	8.325591e+00
6.850000e-06	2.315805e-02	8.389403e+00
6.860000e-06	1.069954e-02	8.495590e+00
6.870000e-06	-1.006308e-03	8.598872e+00
6.880000e-06	9.981312e-03	8.664082e+00
6.890000e-06	2.382868e-02	8.778477e+00
6.900000e-06	9.599150e-03	8.833634e+00
6.910000e-06	2.606494e-03	8.948821e+00
6.920000e-06	9.457604e-03	9.074614e+00
6.930000e-06	2.198956e-02	9.169795e+00
6.940000e-06	1.908583e-02	9.283582e+00
6.950000e-06	4.806557e-03	9.347323e+00
6.960000e-06	1.405695e-02	9.431979e+00
6.970000e-06	2.091115e-02	9.477189e+00
6.980000e-06	2.029542e-02	9.580524e+00
6.990000e-06	8.601438e-03	9.664140e+00
7.000000e-06	1.140092e-02	9.727746e+00
7.010000e-06	1.995475e-02	9.863457e+00
7.020000e-06	2.278170e-02	9.926795e+00
7.030000e-06	1.423469e-02	1.003150e+01
7.040000e-06	1.519895e-02	1.004411e+01
7.050000e-06	2.283135e-02	1.014424e+01
7.060000e-06	2.546177e-02	1.020135e+01
7.070000e-06	1.891851e-02	1.021248e+01
7.080000e-06	1.457802e-02	1.029454e+01
7.090000e-06	2.379889e-02	1.031527e+01
7.100000e-06	2.567446e-02	1.034892e+01
7.110000e-06	2.300121e-02	1.042951e+01
7.120000e-06	2.096478e-02	1.042358e+01
7.130000e-06	2.728098e-02	1.046416e+01
7.140000e-06	3.161638e-02	1.049516e+01
7.150000e-06	2.645250e-02	1.050622e+01
7.160000e-06	2.598172e-02	1.053827e+01
7.170000e-06	2.813547e-02	1.058930e+01
7.180000e-06	3.435232e-02	1.057025e+01
7.190000e-06	3.184545e-02	1.061038e+01
7.200000e-06	3.140533e-02	1.060148e+01
7.210000e-06	3.429414e-02	1.063098e+01
7.220000e-06	3.983179e-02	1.064248e+01
7.230000e-06	4.056341e-02	1.067046e+01
7.240000e-06	3.714970e-02	1.061247e+01
7.250000e-06	4.021783e-02	1.064503e+01
7.260000e-06	4.362823e-02	1.060393e+01
7.270000e-06	4.597207e-02	1.065343e+01
7.280000e-06	4.227990e-02	1.066250e+01
7.290000e-06	4.304725e-02	1.061038e+01
7.300000e-06	4.537274e-02	1.061241e+01
7.310000e-06	4.736895e-02	1.052888e+01
7.320000e-06	4.485912e-02	1.056687e+01
7.330000e-06	4.408304e-02	1.054877e+01
7.340000e-06	4.425309e-02	1.050572e+01
7.350000e-06	4.473117e-02	1.044516e+01
7.360000e-06	4.072051e-02	1.044358e+01
7.370000e-06	3.816253e-02	1.038003e+01
7.380000e-06	3.853257e-02	1.038990e+01
7.390000e-06	3.792632e-02	1.028777e+01
7.400000e-06	3.527950e-02	1.031525e+01
7.410000e-06	3.129082e-02	1.024361e+01
7.420000e-06	3.231885e-02	1.021998e+01
7.430000e-06	3.235340e-02	1.013782e+01
7.440000e-06	3.016534e-02	1.005519e+01
7.450000e-06	2.610991e-02	1.007408e+01
7.460000e-06	2.471818e-02	9.989001e+00
7.470000e-06	2.589596e-02	9.915297e+00
7.480000e-06	2.424593e-02	9.810880e+00
7.490000e-06	2.113228e-02	9.687744e+00
7.500000e-06	1.998852e-02	9.631108e+00
7.510000e-06	2.203939e-02	9.557974e+00
7.520000e-06	2.051611e-02	9.473140e+00
7.530000e-06	1.723581e-02	9.380428e+00
7.540000e-06	1.560643e-02	9.276291e+00
7.550000e-06	1.609742e-02	9.252582e+00
7.560000e-06	1.752524e-02	9.158420e+00
7.570000e-06	1.373888e-02	9.061639e+00
7.580000e-06	1.338487e-02	8.956795e+00
7.590000e-06	1.341667e-02	8.830056e+00
7.600000e-06	1.362412e-02	8.735822e+00
7.610000e-06	1.059329e-02	8.581058e+00
7.620000e-06	1.008653e-02	8.537868e+00
7.630000e-06	1.032537e-02	8.442686e+00
7.640000e-06	1.124151e-02	8.357921e+00
7.650000e-06	8.931518e-03	8.235038e+00
7.660000e-06	7.474230e-03	8.154840e+00
7.670000e-06	8.277595e-03	7.973105e+00
7.680000e-06	1.032324e-02	7.904211e+00
7.690000e-06	7.232898e-03	7.759900e+00
7.700000e-06	5.753592e-03	7.683262e+00
7.710000e-06	6.152343e-03	7.545368e+00
7.720000e-06	7.492359e-03	7.397900e+00
7.730000e-06	5.285725e-03	7.220502e+00
7.740000e-06	3.703090e-03	7.103815e+00
7.750000e-06	5.010887e-03	6.999372e+00
7.760000e-06	6.737893e-03	6.842207e+00
7.770000e-06	4.883762e-03	6.737416e+00
7.780000e-06	3.543308e-03	6.555350e+00
7.790000e-06	3.436373e-03	6.410025e+00
7.800000e-06	4.429842e-03	6.243637e+00
7.810000e-06	3.554408e-03	6.124894e+00
7.820000e-06	1.233460e-03	6.000553e+00
7.830000e-06	2.679757e-03	5.863653e+00
7.840000e-06	3.321029e-03	5.692687e+00
7.850000e-06	3.536654e-03	5.506319e+00
7.860000e-06	2.604004e-04	5.357446e+00
7.870000e-06	1.360275e-03	5.200501e+00
7.880000e-06	2.072017e-03	4.967424e+00
7.890000e-06	2.249968e-03	4.759546e+00
7.900000e-06	6.786443e-04	4.631604e+00
7.910000e-06	-1.955148e-04	4.493212e+00
7.920000e-06	5.834731e-04	4.356447e+00
7.930000e-06	1.463462e-03	4.106028e+00
7.940000e-06	-1.002362e-03	3.989449e+00
7.950000e-06	-1.681537e-03	3.843154e+00
7.960000e-06	-5.388224e-04	3.682713e+00
7.970000e-06	6.414198e-04	3.506794e+00
7.980000e-06	-1.771122e-03	3.295820e+00
7.990000e-06	-1.883175e-03	3.177471e+00
8.000000e-06	-2.192330e-03	3.020054e+00
8.010000e-06	5.116633e-04	2.852758e+00
8.020000e-06	-1.933224e-03	2.714317e+00
8.030000e-06	-3.390031e-03	2.463793e+00
8.040000e-06	-1.554104e-03	2.325791e+00
8.050000e-06	-1.593143e-03	2.168951e+00
8.060000e-06	-2.982159e-03	2.021054e+00
8.070000e-06	-4.549587e-03	1.882633e+00
8.080000e-06	-4.526491e-03	1.652738e+00
8.090000e-06	-2.119589e-03	1.483766e+00
8.100000e-06	-3.084456e-03	1.285815e+00
8.110000e-06	-3.465335e-03	1.133867e+00
8.120000e-06	-5.501433e-03	8.637870e-01
8.130000e-06	-2.299405e-03	7.453631e-01
8.140000e-06	-4.810956e-03	5.263696e-01
8.150000e-06	-5.361447e-03	3.495512e-01
8.160000e-06	-6.557770e-03	1.805766e-01
8.170000e-06	-3.373931e-03	-1.945100e-02
8.180000e-06	1.711075e-04	-1.587958e-01
8.190000e-06	-2.961040e-04	-3.478180e-01
8.200000e-06	-4.615157e-03	-4.636093e-01
8.210000e-06	-4.155718e-04	-6.940367e-01
8.220000e-06	-4.291264e-03	-8.625041e-01
8.230000e-06	-4.214333e-03	-1.019424e+00
8.240000e-06	-6.197639e-03	-1.146845e+00
8.250000e-06	9.971862e-03	-1.377245e+00
8.260000e-06	7.704906e-02	-1.578295e+00
8.270000e-06	-1.692086e-02	-1.810274e+00
8.280000e-06	-4.231732e-02	-2.041956e+00
8.290000e-06	-6.282419e-02	-2.304512e+00
8.300000e-06	-9.051342e-02	-2.399999e+00
8.310000e-06	1.405424e-01	-2.432530e+00
8.320000e-06	-3.008021e-02	-2.569272e+00
8.330000e-06	-1.303954e-01	-2.799901e+00
8.340000e-06	1.813059e-01	-2.862158e+00
8.350000e-06	-5.285154e-02	-3.032430e+00
8.360000e-06	-6.673062e-02	-3.298267e+00
8.370000e-06	1.139710e-01	-3.399499e+00
8.380000e-06	-1.551259e-01	-3.558899e+00
8.390000e-06	-2.109589e-02	-3.727747e+00
8.400000e-06	1.295346e-01	-3.866141e+00
8.410000e-06	-8.347334e-02	-4.107293e+00
8.420000e-06	4.495392e-02	-4.264135e+00
8.430000e-06	-5.071043e-02	-4.369822e+00
8.440000e-06	-2.325216e-02	-4.609731e+00
8.450000e-06	9.760247e-02	-4.776062e+00
8.460000e-06	-1.568965e-01	-4.907139e+00
8.470000e-06	3.220141e-02	-5.075536e+00
8.480000e-06	4.625894e-02	-5.201457e+00
8.490000e-06	-1.723382e-02	-5.453036e+00
8.500000e-06	1.216152e-02	-5.630981e+00
8.510000e-06	-1.082670e-01	-5.787343e+00
8.520000e-06	7.581275e-02	-5.927820e+00
8.530000e-06	-1.553712e-02	-6.073482e+00
8.540000e-06	-5.152850e-02	-6.251959e+00
8.550000e-06	3.253926e-02	-6.380375e+00
8.560000e-06	-5.750043e-02	-6.538796e+00
8.570000e-06	6.878898e-02	-6.704692e+00
8.580000e-06	-5.566351e-02	-6.781504e+00
8.590000e-06	-3.810529e-02	-6.949650e+00
8.600000e-06	2.041595e-02	-7.088696e+00
8.610000e-06	-3.366480e-02	-7.254461e+00
8.620000e-06	3.719692e-02	-7.379876e+00
8.630000e-06	-7.019766e-02	-7.515215e+00
8.640000e-06	1.193824e-02	-7.644060e+00
8.650000e-06	-2.947170e-03	-7.799300e+00
8.660000e-06	-2.166381e-02	-7.968221e+00
8.670000e-06	-7.105709e-03	-8.082562e+00
8.680000e-06	-5.340862e-02	-8.189299e+00
8.690000e-06	3.507399e-02	-8.275037e+00
8.700000e-06	-3.038661e-02	-8.317796e+00
8.710000e-06	-1.604417e-02	-8.483132e+00
8.720000e-06	-2.706478e-02	-8.548702e+00
8.730000e-06	-1.014604e-02	-8.665617e+00
8.740000e-06	5.594056e-03	-8.802004e+00
8.750000e-06	-4.442153e-02	-8.895164e+00
8.760000e-06	-1.076429e-02	-9.000297e+00
8.770000e-06	-2.085933e-02	-9.094142e+00
8.780000e-06	1.285999e-03	-9.168352e+00
8.790000e-06	-2.984314e-02	-9.234528e+00
8.800000e-06	-2.972008e-02	-9.357747e+00
8.810000e-06	-1.001009e-02	-9.442408e+00
8.820000e-06	-1.524055e-02	-9.566849e+00
8.830000e-06	-1.828811e-02	-9.621482e+00
8.840000e-06	-3.557985e-02	-9.715665e+00
8.850000e-06	-1.349433e-02	-9.769874e+00
8.860000e-06	-1.613524e-02	-9.844060e+00
8.870000e-06	-2.061634e-02	-9.955166e+00
8.880000e-06	-3.252508e-02	-9.960877e+00
8.890000e-06	-2.349579e-02	-1.004356e+01
8.900000e-06	-1.530239e-02	-1.010622e+01
8.910000e-06	-2.571271e-02	-1.015875e+01
8.920000e-06	-3.023000e-02	-1.028151e+01
8.930000e-06	-2.957543e-02	-1.033619e+01
8.940000e-06	-1.866324e-02	-1.035935e+01
8.950000e-06	-2.627054e-02	-1.040153e+01
8.960000e-06	-3.222029e-02	-1.046354e+01
8.970000e-06	-3.332831e-02	-1.049559e+01
8.980000e-06	-2.474778e-02	-1.050517e+01
8.990000e-06	-2.688442e-02	-1.058932e+01
9.000000e-06	-3.570316e-02	-1.058037e+01
9.010000e-06	-3.697960e-02	-1.060043e+01
9.020000e-06	-3.093300e-02	-1.058093e+01
9.030000e-06	-3.187339e-02	-1.061249e+01
9.040000e-06	-3.932768e-02	-1.064306e+01
9.050000e-06	-4.367190e-02	-1.065404e+01
9.060000e-06	-3.610552e-02	-1.067359e+01
9.070000e-06	-3.744740e-02	-1.068309e+01
9.080000e-06	-4.235502e-02	-1.067308e+01
9.090000e-06	-4.716497e-02	-1.066466e+01
9.100000e-06	-4.286921e-02	-1.068411e+01
9.110000e-06	-4.450835e-02	-1.063512e+01
9.120000e-06	-5.028593e-02	-1.065461e+01
9.130000e-06	-5.445401e-02	-1.070451e+01
9.140000e-06	-5.125374e-02	-1.067304e+01
9.150000e-06	-4.805889e-02	-1.064456e+01
9.160000e-06	-4.931263e-02	-1.062198e+01
9.170000e-06	-5.291998e-02	-1.066195e+01
9.180000e-06	-5.044327e-02	-1.060053e+01
9.190000e-06	-4.753511e-02	-1.057885e+01
9.200000e-06	-5.020795e-02	-1.054843e+01
9.210000e-06	-5.088687e-02	-1.051880e+01
9.220000e-06	-5.073113e-02	-1.047367e+01
9.230000e-06	-4.290873e-02	-1.047366e+01
9.240000e-06	-4.263908e-02	-1.042201e+01
9.250000e-06	-4.257591e-02	-1.037940e+01
9.260000e-06	-4.183736e-02	-1.032778e+01
9.270000e-06	-3.719586e-02	-1.026417e+01
9.280000e-06	-3.786225e-02	-1.019146e+01
9.290000e-06	-3.846656e-02	-1.015830e+01
9.300000e-06	-3.797204e-02	-1.007419e+01
9.310000e-06	-3.276848e-02	-1.001106e+01
9.320000e-06	-3.061071e-02	-9.967846e+00
9.330000e-06	-3.191151e-02	-9.895667e+00
9.340000e-06	-3.102685e-02	-9.811508e+00
9.350000e-06	-2.860094e-02	-9.768897e+00
9.360000e-06	-2.638496e-02	-9.666262e+00
9.370000e-06	-2.713781e-02	-9.652053e+00
9.380000e-06	-2.820381e-02	-9.528372e+00
9.390000e-06	-2.438122e-02	-9.444038e+00
9.400000e-06	-2.238259e-02	-9.368292e+00
9.410000e-06	-2.252841e-02	-9.233010e+00
9.420000e-06	-2.423405e-02	-9.136874e+00
9.430000e-06	-2.186897e-02	-9.062588e+00
9.440000e-06	-2.007641e-02	-8.957852e+00
9.450000e-06	-1.948330e-02	-8.883664e+00
9.460000e-06	-2.060969e-02	-8.788848e+00
9.470000e-06	-1.844467e-02	-8.675164e+00
9.480000e-06	-1.686677e-02	-8.528925e+00
9.490000e-06	-1.639859e-02	-8.441130e+00
9.500000e-06	-1.876799e-02	-8.295797e+00
9.510000e-06	-1.726613e-02	-8.231435e+00
9.520000e-06	-1.487805e-02	-8.128320e+00
9.530000e-06	-1.524274e-02	-8.061609e+00
9.540000e-06	-1.636438e-02	-7.886295e+00
9.550000e-06	-1.497212e-02	-7.769360e+00
9.560000e-06	-1.253686e-02	-7.589476e+00
9.570000e-06	-1.307327e-02	-7.483797e+00
9.580000e-06	-1.349343e-02	-7.338400e+00
9.590000e-06	-1.268638e-02	-7.241137e+00
9.600000e-06	-1.238275e-02	-7.147796e+00
9.610000e-06	-1.101304e-02	-6.987299e+00
9.620000e-06	-1.401965e-02	-6.811058e+00
9.630000e-06	-1.094102e-02	-6.693687e+00
9.640000e-06	-1.185129e-02	-6.588402e+00
9.650000e-06	-9.425965e-03	-6.411604e+00
9.660000e-06	-1.037834e-02	-6.304713e+00
9.670000e-06	-9.132471e-03	-6.063718e+00
9.680000e-06	-9.563706e-03	-5.936796e+00
9.690000e-06	-8.651539e-03	-5.789082e+00
9.700000e-06	-1.215597e-02	-5.644763e+00
9.710000e-06	-9.973578e-03	-5.487370e+00
9.720000e-06	-9.613182e-03	-5.314720e+00
9.730000e-06	-7.163246e-03	-5.115766e+00
9.740000e-06	-7.784170e-03	-4.957396e+00
9.750000e-06	-8.041645e-03	-4.776944e+00
9.760000e-06	-7.319614e-03	-4.579050e+00
9.770000e-06	-6.379784e-03	-4.442584e+00
9.780000e-06	-7.793170e-03	-4.324270e+00
9.790000e-06	-9.299921e-03	-4.178498e+00
9.800000e-06	-7.386664e-03	-3.980554e+00
9.810000e-06	-7.585540e-03	-3.873186e+00
9.820000e-06	-6.150373e-03	-3.643134e+00
9.830000e-06	-6.864646e-03	-3.515765e+00
9.840000e-06	-5.530560e-03	-3.358422e+00
9.850000e-06	-6.224159e-03	-3.179551e+00
9.860000e-06	-4.892713e-03	-3.002084e+00
9.870000e-06	-7.156393e-03	-2.781605e+00
9.880000e-06	-5.397206e-03	-2.663736e+00
9.890000e-06	-6.519742e-03	-2.525714e+00
9.900000e-06	-4.506632e-03	-2.356426e+00
9.910000e-06	-5.338569e-03	-2.108399e+00
9.920000e-06	-4.968447e-03	-1.987950e+00
9.930000e-06	-4.347410e-03	-1.820608e+00
9.940000e-06	-3.804578e-03	-1.683184e+00
9.950000e-06	-5.352115e-03	-1.484421e+00
9.960000e-06	-5.447165e-03	-1.231204e+00
9.970000e-06	-4.696930e-03	-1.062812e+00
9.980000e-06	-3.458470e-03	-9.147394e-01
9.990000e-06	-3.258826e-03	-7.663935e-01
1.000000e-05	-3.853291e-03	-5.243461e-01
1.001000e-05	-2.553117e-03	-3.589460e-01
1.002000e-05	-2.133907e-03	-2.100026e-01
1.003000e-05	-9.176658e-04	-1.630391e-03
1.004000e-05	1.697575e-03	1.368595e-01
1.005000e-05	-3.159611e-04	3.793384e-01
1.006000e-05	7.898671e-04	5.046844e-01
1.007000e-05	2.320432e-04	6.745040e-01
1.008000e-05	-7.688344e-04	7.918978e-01
1.009000e-05	1.800510e-04	9.983248e-01
1.010000e-05	3.050215e-03	1.209949e+00
1.011000e-05	1.359367e-02	1.399368e+00
1.012000e-05	5.686793e-02	1.631901e+00
1.013000e-05	1.806878e-02	1.884129e+00
1.014000e-05	-4.076153e-02	2.052551e+00
1.015000e-05	-3.942699e-02	2.200921e+00
1.016000e-05	-6.804167e-02	2.306842e+00
1.017000e-05	4.865642e-03	2.411025e+00
1.018000e-05	1.140698e-01	2.600397e+00
1.019000e-05	-1.141915e-01	2.811000e+00
1.020000e-05	3.208645e-02	2.895157e+00
1.021000e-05	1.074930e-01	3.075609e+00
1.022000e-05	-5.861504e-02	3.232154e+00
1.023000e-05	3.019960e-02	3.355845e+00
1.024000e-05	-9.777948e-03	3.559825e+00
1.025000e-05	-8.705958e-02	3.736193e+00
1.026000e-05	8.298707e-02	3.904113e+00
1.027000e-05	2.999423e-02	4.082601e+00
1.028000e-05	-2.784080e-02	4.232480e+00
1.029000e-05	1.696252e-02	4.461001e+00
1.030000e-05	-3.084322e-02	4.579895e+00
1.031000e-05	5.676125e-02	4.697138e+00
1.032000e-05	-1.815614e-02	4.956685e+00
1.033000e-05	-4.061998e-02	5.139221e+00
1.034000e-05	3.108510e-02	5.347715e+00
1.035000e-05	4.770282e-02	5.464162e+00
1.036000e-05	1.070425e-02	5.632977e+00
1.037000e-05	-4.764599e-02	5.801901e+00
1.038000e-05	1.305270e-02	5.958823e+00
1.039000e-05	2.979782e-02	6.105612e+00
1.040000e-05	-4.616648e-04	6.262530e+00
1.041000e-05	7.337639e-03	6.368975e+00
1.042000e-05	-7.533967e-03	6.567665e+00
1.043000e-05	2.449972e-02	6.716742e+00
1.044000e-05	2.769557e-02	6.863055e+00
1.045000e-05	-2.355323e-02	6.990025e+00
1.046000e-05	-1.128225e-03	7.135262e+00
1.047000e-05	9.692613e-03	7.243028e+00
1.048000e-05	3.341180e-02	7.367295e+00
1.049000e-05	1.091537e-04	7.577768e+00
1.050000e-05	-3.030221e-03	7.664088e+00
1.051000e-05	1.506527e-02	7.761296e+00
1.052000e-05	1.655683e-02	7.898293e+00
1.053000e-05	1.245810e-02	8.064414e+00
1.054000e-05	-1.331663e-02	8.189854e+00
1.055000e-05	1.551478e-02	8.315217e+00
1.056000e-05	2.475471e-02	8.379900e+00
1.057000e-05	1.504396e-02	8.464083e+00
1.058000e-05	-1.435426e-03	8.557825e+00
1.059000e-05	5.828893e-03	8.672984e+00
1.060000e-05	2.539424e-02	8.729245e+00
1.061000e-05	1.346544e-02	8.883454e+00
1.062000e-05	4.746617e-03	8.907166e+00
1.063000e-05	6.123263e-03	9.021984e+00
1.064000e-05	2.280054e-02	9.147247e+00
1.065000e-05	1.905370e-02	9.252034e+00
1.066000e-05	7.264613e-03	9.356191e+00
1.067000e-05	7.910369e-03	9.390933e+00
1.068000e-05	1.959393e-02	9.504613e+00
1.069000e-05	2.204397e-02	9.548801e+00
1.070000e-05	1.108733e-02	9.643008e+00
1.071000e-05	1.074020e-02	9.728692e+00
1.072000e-05	1.859181e-02	9.842355e+00
1.073000e-05	2.423476e-02	9.896693e+00
1.074000e-05	1.455571e-02	1.000043e+01
1.075000e-05	1.136089e-02	1.003301e+01
1.076000e-05	1.924770e-02	1.011769e+01
1.077000e-05	2.618526e-02	1.016937e+01
1.078000e-05	1.974132e-02	1.021241e+01
1.079000e-05	1.548141e-02	1.025361e+01
1.080000e-05	2.195302e-02	1.033524e+01
1.081000e-05	2.851869e-02	1.034927e+01
1.082000e-05	2.451905e-02	1.041095e+01
1.083000e-05	1.848671e-02	1.042041e+01
1.084000e-05	2.362098e-02	1.045511e+01
1.085000e-05	2.894379e-02	1.054671e+01
1.086000e-05	2.874031e-02	1.052719e+01
1.087000e-05	2.432056e-02	1.052935e+01
1.088000e-05	2.706530e-02	1.056030e+01
1.089000e-05	3.453626e-02	1.061030e+01
1.090000e-05	3.406071e-02	1.059143e+01
1.091000e-05	3.050299e-02	1.062190e+01
1.092000e-05	3.186849e-02	1.062141e+01
1.093000e-05	3.931789e-02	1.063299e+01
1.094000e-05	3.960522e-02	1.065405e+01
1.095000e-05	3.728103e-02	1.064504e+01
1.096000e-05	3.676747e-02	1.068353e+01
1.097000e-05	4.422338e-02	1.064146e+01
1.098000e-05	4.662035e-02	1.068446e+01
1.099000e-05	4.381481e-02	1.062193e+01
1.100000e-05	4.286367e-02	1.059288e+01
1.101000e-05	4.636957e-02	1.063131e+01
1.102000e-05	4.791024e-02	1.057983e+01
1.103000e-05	4.523094e-02	1.054030e+01
1.104000e-05	4.189445e-02	1.053629e+01
1.105000e-05	4.386334e-02	1.052816e+01
1.106000e-05	4.543650e-02	1.046314e+01
1.107000e-05	4.307738e-02	1.048358e+01
1.108000e-05	3.854839e-02	1.044155e+01
1.109000e-05	3.882302e-02	1.038903e+01
1.110000e-05	3.860937e-02	1.035882e+01
1.111000e-05	3.665587e-02	1.030569e+01
1.112000e-05	3.074874e-02	1.025516e+01
1.113000e-05	3.251928e-02	1.022151e+01
1.114000e-05	3.232194e-02	1.017880e+01
1.115000e-05	3.171116e-02	1.008632e+01
1.116000e-05	2.697146e-02	1.001264e+01
1.117000e-05	2.556807e-02	9.989523e+00
1.118000e-05	2.655294e-02	9.927797e+00
1.119000e-05	2.544479e-02	9.861534e+00
1.120000e-05	2.351326e-02	9.757370e+00
1.121000e-05	1.989927e-02	9.684142e+00
1.122000e-05	2.024486e-02	9.569377e+00
1.123000e-05	2.206876e-02	9.475742e+00
1.124000e-05	1.487643e-02	9.412007e+00
1.125000e-05	1.690399e-02	9.356320e+00
1.126000e-05	1.356114e-02	9.255108e+00
1.127000e-05	2.064595e-02	9.167921e+00
1.128000e-05	1.567012e-02	9.125642e+00
1.129000e-05	1.641690e-02	8.967851e+00
1.130000e-05	1.279094e-02	8.852632e+00
1.131000e-05	1.354775e-02	8.747473e+00
1.132000e-05	9.982340e-03	8.653734e+00
1.133000e-05	7.002334e-03	8.558971e+00
1.134000e-05	8.205362e-03	8.484585e+00
1.135000e-05	1.157788e-02	8.377451e+00
1.136000e-05	1.267203e-02	8.273187e+00
1.137000e-05	1.033980e-02	8.168850e+00
1.138000e-05	8.962378e-03	8.072208e+00
1.139000e-05	8.007654e-03	7.906815e+00
1.140000e-05	6.208595e-03	7.840449e+00
1.141000e-05	3.792009e-03	7.674217e+00
1.142000e-05	3.907071e-03	7.568876e+00
1.143000e-05	7.093276e-03	7.421179e+00
1.144000e-05	7.541193e-03	7.223656e+00
1.145000e-05	7.958965e-03	7.137392e+00
1.146000e-05	4.245101e-03	7.019979e+00
1.147000e-05	5.430940e-03	6.864137e+00
1.148000e-05	2.788075e-03	6.758426e+00
1.149000e-05	2.532325e-03	6.619581e+00
1.150000e-05	9.241454e-04	6.461207e+00
1.151000e-05	4.662263e-03	6.284237e+00
1.152000e-05	4.842439e-03	6.167446e+00
1.153000e-05	5.066674e-03	6.032104e+00
1.154000e-05	2.127872e-03	5.923815e+00
1.155000e-05	1.393526e-03	5.713342e+00
1.156000e-05	2.176564e-03	5.557896e+00
1.157000e-05	5.265644e-04	5.399029e+00
1.158000e-05	-3.140858e-04	5.221609e+00
1.159000e-05	2.934459e-04	5.050187e+00
1.160000e-05	3.662708e-03	4.862103e+00
1.161000e-05	2.757196e-03	4.673211e+00
1.162000e-05	5.263952e-04	4.513815e+00
1.163000e-05	-6.423214e-04	4.379524e+00
1.164000e-05	5.925560e-04	4.210550e+00
1.165000e-05	-4.242100e-04	3.992052e+00
1.166000e-05	-2.405118e-03	3.853257e+00
1.167000e-05	-2.382293e-03	3.706265e+00
1.168000e-05	9.818230e-04	3.558373e+00
1.169000e-05	1.328337e-03	3.407046e+00
1.170000e-05	-4.706540e-04	3.220951e+00
1.171000e-05	-1.587776e-03	3.052654e+00
1.172000e-05	-1.589507e-03	2.884793e+00
1.173000e-05	-5.242052e-04	2.777996e+00
1.174000e-05	-3.679920e-03	2.544894e+00
1.175000e-05	-4.213552e-03	2.347476e+00
1.176000e-05	-2.286630e-03	2.220503e+00
1.177000e-05	-9.811544e-04	2.041657e+00
1.178000e-05	-2.056938e-03	1.904834e+00
1.179000e-05	-3.418003e-03	1.695344e+00
1.180000e-05	-3.486743e-03	1.504763e+00
1.181000e-05	-2.620168e-03	1.325946e+00
1.182000e-05	-3.094334e-03	1.196499e+00
1.183000e-05	-5.684320e-03	8.759436e-01
1.184000e-05	-4.517529e-03	7.463936e-01
1.185000e-05	-3.521062e-03	5.879711e-01
1.186000e-05	-3.284872e-03	4.100829e-01
1.187000e-05	-4.889916e-03	2.427117e-01
1.188000e-05	-5.907154e-03	4.067557e-02
1.189000e-05	-4.322954e-04	-1.172407e-01
1.190000e-05	2.209739e-03	-3.057117e-01
1.191000e-05	-3.629980e-03	-4.324788e-01
1.192000e-05	-3.336093e-03	-5.840786e-01
1.193000e-05	-4.485306e-03	-8.205036e-01
1.194000e-05	-2.135649e-03	-9.672184e-01
1.195000e-05	-4.710956e-03	-1.115221e+00
1.196000e-05	1.323647e-03	-1.314763e+00
1.197000e-05	6.196456e-02	-1.525165e+00
1.198000e-05	1.801958e-02	-1.716191e+00
1.199000e-05	-4.964547e-02	-2.000821e+00
1.200000e-05	-4.818007e-02	-2.252032e+00
1.201000e-05	-1.094273e-01	-2.389951e+00
1.202000e-05	9.837419e-02	-2.410025e+00
1.203000e-05	4.806648e-02	-2.495764e+00
1.204000e-05	-1.739962e-01	-2.767842e+00
1.205000e-05	1.566250e-01	-2.821006e+00
1.206000e-05	1.893614e-02	-2.936795e+00
1.207000e-05	-1.130786e-01	-3.313535e+00
1.208000e-05	1.144275e-01	-3.430001e+00
1.209000e-05	-9.484027e-02	-3.486716e+00
1.210000e-05	-1.060059e-01	-3.717666e+00
1.211000e-05	1.530018e-01	-3.823513e+00
1.212000e-05	-5.585799e-02	-4.035080e+00
1.213000e-05	9.549049e-03	-4.252983e+00
1.214000e-05	-2.835635e-03	-4.297740e+00
1.215000e-05	-7.502673e-02	-4.538715e+00
1.216000e-05	1.195066e-01	-4.677167e+00
1.217000e-05	-1.213444e-01	-4.871057e+00
1.218000e-05	-3.651067e-02	-5.052979e+00
1.219000e-05	8.302808e-02	-5.179749e+00
1.220000e-05	-2.932600e-02	-5.371878e+00
1.221000e-05	3.022974e-02	-5.600902e+00
1.222000e-05	-1.028038e-01	-5.705667e+00
1.223000e-05	3.203420e-02	-5.894141e+00
1.224000e-05	3.714177e-02	-5.951528e+00
1.225000e-05	-8.478478e-02	-6.209903e+00
1.226000e-05	4.209735e-02	-6.348849e+00
1.227000e-05	-5.711277e-02	-6.507166e+00
1.228000e-05	4.641211e-02	-6.654534e+00
1.229000e-05	-8.378177e-03	-6.799901e+00
1.230000e-05	-7.640692e-02	-6.956118e+00
1.231000e-05	3.790976e-02	-7.105067e+00
1.232000e-05	-4.367975e-02	-7.191904e+00
1.233000e-05	4.041303e-02	-7.359349e+00
1.234000e-05	-5.275884e-02	-7.483537e+00
1.235000e-05	-1.756796e-02	-7.622903e+00
1.236000e-05	2.008449e-02	-7.767244e+00
1.237000e-05	-3.630686e-02	-7.938144e+00
1.238000e-05	7.528886e-03	-8.041456e+00
1.239000e-05	-6.194640e-02	-8.137797e+00
1.240000e-05	2.664252e-02	-8.232459e+00
1.241000e-05	-1.105480e-02	-8.307770e+00
1.242000e-05	-2.695149e-02	-8.442560e+00
1.243000e-05	-1.786338e-02	-8.518646e+00
1.244000e-05	-2.355877e-02	-8.644588e+00
1.245000e-05	1.541832e-02	-8.798925e+00
1.246000e-05	-4.238526e-02	-8.895087e+00
1.247000e-05	-1.598700e-02	-8.958296e+00
1.248000e-05	-1.951354e-02	-9.054033e+00
1.249000e-05	-1.565439e-03	-9.167222e+00
1.250000e-05	-1.985294e-02	-9.201929e+00
1.251000e-05	-3.632630e-02	-9.328167e+00
1.252000e-05	-9.477072e-03	-9.408808e+00
1.253000e-05	-1.566121e-02	-9.537197e+00
1.254000e-05	-1.403114e-02	-9.621504e+00
1.255000e-05	-3.568892e-02	-9.644585e+00
1.256000e-05	-1.913545e-02	-9.739376e+00
1.257000e-05	-1.408061e-02	-9.840553e+00
1.258000e-05	-2.002016e-02	-9.865168e+00
1.259000e-05	-3.017486e-02	-9.958351e+00
1.260000e-05	-2.814070e-02	-1.001253e+01
1.261000e-05	-1.394743e-02	-1.013471e+01
1.262000e-05	-2.280590e-02	-1.016827e+01
1.263000e-05	-2.819945e-02	-1.024196e+01
1.264000e-05	-3.219180e-02	-1.029619e+01
1.265000e-05	-2.024368e-02	-1.035933e+01
1.266000e-05	-2.371786e-02	-1.042190e+01
1.267000e-05	-3.280646e-02	-1.045356e+01
1.268000e-05	-3.433966e-02	-1.045364e+01
1.269000e-05	-2.737330e-02	-1.050672e+01
1.270000e-05	-2.400173e-02	-1.058932e+01
1.271000e-05	-3.492094e-02	-1.053035e+01
1.272000e-05	-3.794736e-02	-1.059145e+01
1.273000e-05	-3.280597e-02	-1.062245e+01
1.274000e-05	-2.933350e-02	-1.062146e+01
1.275000e-05	-3.828289e-02	-1.065206e+01
1.276000e-05	-4.247899e-02	-1.065309e+01
1.277000e-05	-3.880011e-02	-1.066306e+01
1.278000e-05	-3.513634e-02	-1.066361e+01
1.279000e-05	-4.231219e-02	-1.066566e+01
1.280000e-05	-4.699619e-02	-1.066606e+01
1.281000e-05	-4.619753e-02	-1.068469e+01
1.282000e-05	-4.282694e-02	-1.066509e+01
1.283000e-05	-4.632529e-02	-1.069512e+01
1.284000e-05	-5.307307e-02	-1.069609e+01
1.285000e-05	-5.127770e-02	-1.063408e+01
1.286000e-05	-4.902924e-02	-1.062261e+01
1.287000e-05	-4.924808e-02	-1.063304e+01
1.288000e-05	-5.464593e-02	-1.063298e+01
1.289000e-05	-5.351174e-02	-1.059996e+01
1.290000e-05	-4.715459e-02	-1.059138e+01
1.291000e-05	-4.681863e-02	-1.055782e+01
1.292000e-05	-4.924283e-02	-1.049777e+01
1.293000e-05	-4.937437e-02	-1.050625e+01
1.294000e-05	-4.365768e-02	-1.048419e+01
1.295000e-05	-4.225664e-02	-1.046448e+01
1.296000e-05	-4.540152e-02	-1.036948e+01
1.297000e-05	-4.483568e-02	-1.034735e+01
1.298000e-05	-3.888957e-02	-1.028556e+01
1.299000e-05	-3.526223e-02	-1.023253e+01
1.300000e-05	-3.699032e-02	-1.018081e+01
1.301000e-05	-3.729972e-02	-1.005624e+01
1.302000e-05	-3.319773e-02	-1.003155e+01
1.303000e-05	-3.017940e-02	-9.979952e+00
1.304000e-05	-3.151395e-02	-9.895695e+00
1.305000e-05	-3.297110e-02	-9.833614e+00
1.306000e-05	-2.915030e-02	-9.758400e+00
1.307000e-05	-2.571194e-02	-9.655192e+00
1.308000e-05	-2.542551e-02	-9.652559e+00
1.309000e-05	-2.742596e-02	-9.569404e+00
1.310000e-05	-2.508337e-02	-9.503116e+00
1.311000e-05	-2.251483e-02	-9.330349e+00
1.312000e-05	-2.230616e-02	-9.244159e+00
1.313000e-05	-2.213644e-02	-9.178800e+00
1.314000e-05	-2.137327e-02	-9.043687e+00
1.315000e-05	-1.966078e-02	-8.969846e+00
1.316000e-05	-1.929379e-02	-8.874090e+00
1.317000e-05	-2.053265e-02	-8.799525e+00
1.318000e-05	-1.992982e-02	-8.685341e+00
1.319000e-05	-1.778656e-02	-8.539427e+00
1.320000e-05	-1.549026e-02	-8.444192e+00
1.321000e-05	-1.721694e-02	-8.367347e+00
1.322000e-05	-1.670857e-02	-8.252686e+00
1.323000e-05	-1.512187e-02	-8.158924e+00
1.324000e-05	-1.433248e-02	-8.063111e+00
1.325000e-05	-1.602906e-02	-7.968424e+00
1.326000e-05	-1.662811e-02	-7.827583e+00
1.327000e-05	-1.547473e-02	-7.654133e+00
1.328000e-05	-1.191215e-02	-7.536791e+00
1.329000e-05	-1.389054e-02	-7.390479e+00
1.330000e-05	-1.448675e-02	-7.283738e+00
1.331000e-05	-1.281105e-02	-7.137323e+00
1.332000e-05	-9.670943e-03	-7.001481e+00
1.333000e-05	-1.246872e-02	-6.830659e+00
1.334000e-05	-1.207636e-02	-6.725795e+00
1.335000e-05	-1.308365e-02	-6.559498e+00
1.336000e-05	-7.828631e-03	-6.470685e+00
1.337000e-05	-1.083328e-02	-6.317250e+00
1.338000e-05	-1.066825e-02	-6.096399e+00
1.339000e-05	-1.225033e-02	-5.950375e+00
1.340000e-05	-8.821158e-03	-5.844134e+00
1.341000e-05	-9.754694e-03	-5.713766e+00
1.342000e-05	-1.067140e-02	-5.528371e+00
1.343000e-05	-9.728795e-03	-5.376545e+00
1.344000e-05	-7.885183e-03	-5.146923e+00
1.345000e-05	-7.011203e-03	-4.992454e+00
1.346000e-05	-8.883357e-03	-4.818031e+00
1.347000e-05	-8.514008e-03	-4.622081e+00
1.348000e-05	-7.670642e-03	-4.495713e+00
1.349000e-05	-7.336481e-03	-4.337922e+00
1.350000e-05	-9.349659e-03	-4.191054e+00
1.351000e-05	-8.770366e-03	-4.092683e+00
1.352000e-05	-6.956420e-03	-3.926318e+00
1.353000e-05	-5.226273e-03	-3.724838e+00
1.354000e-05	-6.194155e-03	-3.547345e+00
1.355000e-05	-6.002064e-03	-3.389576e+00
1.356000e-05	-6.399193e-03	-3.261633e+00
1.357000e-05	-5.431368e-03	-3.071733e+00
1.358000e-05	-7.143564e-03	-2.851634e+00
1.359000e-05	-6.870557e-03	-2.706865e+00
1.360000e-05	-5.907576e-03	-2.536946e+00
1.361000e-05	-4.224283e-03	-2.409500e+00
1.362000e-05	-4.141958e-03	-2.239604e+00
1.363000e-05	-4.766418e-03	-1.999554e+00
1.364000e-05	-4.196286e-03	-1.861709e+00
1.365000e-05	-3.042319e-03	-1.675292e+00
1.366000e-05	-4.055340e-03	-1.527450e+00
1.367000e-05	-5.215987e-03	-1.312787e+00
1.368000e-05	-5.220133e-03	-1.123816e+00
1.369000e-05	-4.092425e-03	-9.459210e-01
1.370000e-05	-2.933451e-03	-7.884514e-01
1.371000e-05	-3.124747e-03	-5.389676e-01
1.372000e-05	-1.982331e-03	-3.994526e-01
1.373000e-05	-1.819028e-03	-2.211565e-01
1.374000e-05	-5.711903e-04	-5.470666e-02
1.375000e-05	1.718516e-03	1.061630e-01
1.376000e-05	1.640809e-03	3.071879e-01
1.377000e-05	-3.046734e-04	4.536314e-01
1.378000e-05	1.180776e-03	6.710027e-01
1.379000e-05	-1.263291e-03	7.888735e-01
1.380000e-05	-7.472493e-04	9.577634e-01
1.381000e-05	1.915592e-03	1.179399e+00
1.382000e-05	9.961647e-03	1.357293e+00
1.383000e-05	4.696361e-02	1.599271e+00
1.384000e-05	4.203114e-02	1.818442e+00
1.385000e-05	-3.806116e-02	2.010850e+00
1.386000e-05	-3.866685e-02	2.198272e+00
1.387000e-05	-5.988579e-02	2.355788e+00
1.388000e-05	-3.536229e-02	2.410426e+00
1.389000e-05	1.224361e-01	2.548220e+00
1.390000e-05	-6.789120e-02	2.779772e+00
1.391000e-05	-4.251630e-02	2.863108e+00
1.392000e-05	1.447433e-01	3.061927e+00
1.393000e-05	-4.003315e-02	3.212104e+00
1.394000e-05	-5.746661e-03	3.336738e+00
1.395000e-05	3.412616e-02	3.527170e+00
1.396000e-05	-1.073980e-01	3.684605e+00
1.397000e-05	4.980999e-02	3.852504e+00
1.398000e-05	5.900783e-02	4.039979e+00
1.399000e-05	-3.454877e-02	4.180874e+00
1.400000e-05	2.040475e-02	4.378900e+00
1.401000e-05	-2.870992e-02	4.558767e+00
1.402000e-05	3.933286e-02	4.703562e+00
1.403000e-05	1.224593e-02	4.823583e+00
1.404000e-05	-5.491817e-02	5.155187e+00
1.405000e-05	1.636902e-02	5.343533e+00
1.406000e-05	4.548371e-02	5.442006e+00
1.407000e-05	2.335830e-02	5.620420e+00
1.408000e-05	-3.728292e-02	5.775750e+00
1.409000e-05	-1.172724e-02	5.957213e+00
1.410000e-05	4.215204e-02	6.055109e+00
1.411000e-05	-2.585878e-03	6.231455e+00
1.412000e-05	1.072787e-02	6.348770e+00
1.413000e-05	-9.698635e-03	6.535635e+00
1.414000e-05	1.306576e-02	6.724587e+00
1.415000e-05	3.743877e-02	6.833003e+00
1.416000e-05	-1.703084e-02	6.969845e+00
1.417000e-05	-6.933004e-03	7.064582e+00
1.418000e-05	4.866441e-03	7.251950e+00
1.419000e-05	3.210299e-02	7.356771e+00
1.420000e-05	9.740474e-03	7.527516e+00
1.421000e-05	-9.803838e-03	7.623004e+00
1.422000e-05	1.205066e-02	7.777849e+00
1.423000e-05	1.622267e-02	7.896662e+00
1.424000e-05	1.822849e-02	8.031506e+00
1.425000e-05	-9.928514e-03	8.189928e+00
1.426000e-05	6.371670e-03	8.294112e+00
1.427000e-05	2.576208e-02	8.358745e+00
1.428000e-05	1.959871e-02	8.392058e+00
1.429000e-05	1.130438e-03	8.527742e+00
1.430000e-05	1.042819e-03	8.630029e+00
1.431000e-05	2.047908e-02	8.716720e+00
1.432000e-05	1.986524e-02	8.820905e+00
1.433000e-05	5.878871e-03	8.926640e+00
1.434000e-05	5.802731e-03	9.060858e+00
1.435000e-05	1.784455e-02	9.147170e+00
1.436000e-05	2.317990e-02	9.210501e+00
1.437000e-05	1.033346e-02	9.313688e+00
1.438000e-05	4.868159e-03	9.369948e+00
1.439000e-05	1.692029e-02	9.482037e+00
1.440000e-05	2.257660e-02	9.517799e+00
1.441000e-05	1.610112e-02	9.622532e+00
1.442000e-05	1.009283e-02	9.725640e+00
1.443000e-05	1.722007e-02	9.821352e+00
1.444000e-05	2.431586e-02	9.894962e+00
1.445000e-05	1.891760e-02	9.968324e+00
1.446000e-05	1.205293e-02	1.004203e+01
1.447000e-05	1.578267e-02	1.009367e+01
1.448000e-05	2.472257e-02	1.014824e+01
1.449000e-05	2.276683e-02	1.018190e+01
1.450000e-05	1.600125e-02	1.026404e+01
1.451000e-05	1.875633e-02	1.032666e+01
1.452000e-05	2.677873e-02	1.029790e+01
1.453000e-05	2.728688e-02	1.037953e+01
1.454000e-05	2.135981e-02	1.042308e+01
1.455000e-05	2.151993e-02	1.048361e+01
1.456000e-05	2.730067e-02	1.050514e+01
1.457000e-05	3.037418e-02	1.048717e+01
1.458000e-05	2.542379e-02	1.054772e+01
1.459000e-05	2.465412e-02	1.055833e+01
1.460000e-05	3.057094e-02	1.055032e+01
1.461000e-05	3.470294e-02	1.058138e+01
1.462000e-05	3.208120e-02	1.064190e+01
1.463000e-05	3.131165e-02	1.065393e+01
1.464000e-05	3.605903e-02	1.063293e+01
1.465000e-05	4.059642e-02	1.067456e+01
1.466000e-05	3.915801e-02	1.063291e+01
1.467000e-05	3.696438e-02	1.064201e+01
1.468000e-05	4.036055e-02	1.068396e+01
1.469000e-05	4.488580e-02	1.062340e+01
1.470000e-05	4.419160e-02	1.063141e+01
1.471000e-05	4.289320e-02	1.061251e+01
1.472000e-05	4.430671e-02	1.061193e+01
1.473000e-05	4.807215e-02	1.059083e+01
1.474000e-05	4.790775e-02	1.058780e+01
1.475000e-05	4.386392e-02	1.053875e+01
1.476000e-05	4.241208e-02	1.052674e+01
1.477000e-05	4.412913e-02	1.047667e+01
1.478000e-05	4.321189e-02	1.044366e+01
1.479000e-05	3.983969e-02	1.042103e+01
1.480000e-05	3.651306e-02	1.039090e+01
1.481000e-05	3.910253e-02	1.033687e+01
1.482000e-05	3.783479e-02	1.032377e+01
1.483000e-05	3.535169e-02	1.029361e+01
1.484000e-05	3.141014e-02	1.024101e+01
1.485000e-05	3.328599e-02	1.018795e+01
1.486000e-05	3.115876e-02	1.009779e+01
1.487000e-05	2.929131e-02	1.003219e+01
1.488000e-05	2.461114e-02	1.002048e+01
1.489000e-05	2.477969e-02	9.966870e+00
1.490000e-05	2.558718e-02	9.904066e+00
1.491000e-05	2.428752e-02	9.768855e+00
1.492000e-05	2.138189e-02	9.685161e+00
1.493000e-05	2.096450e-02	9.568429e+00
1.494000e-05	2.174131e-02	9.515670e+00
1.495000e-05	2.068987e-02	9.431532e+00
1.496000e-05	1.672488e-02	9.357925e+00
1.497000e-05	1.578470e-02	9.284711e+00
1.498000e-05	1.543955e-02	9.190473e+00
1.499000e-05	1.563894e-02	9.105790e+00
1.500000e-05	1.412671e-02	8.979903e+00
1.501000e-05	1.326144e-02	8.882716e+00
1.502000e-05	1.364564e-02	8.777923e+00
1.503000e-05	1.407874e-02	8.664688e+00
1.504000e-05	1.208667e-02	8.599475e+00
1.505000e-05	9.622601e-03	8.473185e+00
1.506000e-05	9.593776e-03	8.391003e+00
1.507000e-05	1.066304e-02	8.303292e+00
1.508000e-05	8.506672e-03	8.171406e+00
1.509000e-05	7.582467e-03	8.102207e+00
1.510000e-05	7.361916e-03	7.945846e+00
1.511000e-05	9.846066e-03	7.861084e+00
1.512000e-05	7.541075e-03	7.715797e+00
1.513000e-05	6.014421e-03	7.598556e+00
1.514000e-05	5.055211e-03	7.423612e+00
1.515000e-05	6.308004e-03	7.264762e+00
1.516000e-05	5.632607e-03	7.128375e+00
1.517000e-05	4.607778e-03	7.043134e+00
1.518000e-05	3.810289e-03	6.903792e+00
1.519000e-05	5.401137e-03	6.779975e+00
1.520000e-05	4.474611e-03	6.609609e+00
1.521000e-05	1.895018e-03	6.463214e+00
1.522000e-05	2.033661e-03	6.337346e+00
1.523000e-05	2.687836e-03	6.179477e+00
1.524000e-05	4.543040e-03	6.102213e+00
1.525000e-05	2.468744e-03	5.927395e+00
1.526000e-05	2.123907e-03	5.808924e+00
1.527000e-05	2.494686e-03	5.589928e+00
1.528000e-05	1.640111e-03	5.441656e+00
1.529000e-05	1.006197e-03	5.292736e+00
1.530000e-05	-1.036770e-03	5.072342e+00
1.531000e-05	1.935933e-04	4.831305e+00
1.532000e-05	1.410100e-03	4.704793e+00
1.533000e-05	1.979775e-03	4.586922e+00
1.534000e-05	-1.036046e-05	4.411105e+00
1.535000e-05	-1.570167e-03	4.242604e+00
1.536000e-05	1.394982e-03	4.062157e+00
1.537000e-05	-3.466927e-04	3.895837e+00
1.538000e-05	-1.114082e-03	3.746424e+00
1.539000e-05	-2.705972e-03	3.601075e+00
1.540000e-05	-8.063225e-04	3.413083e+00
1.541000e-05	-3.816461e-04	3.261628e+00
1.542000e-05	-1.619881e-03	3.073738e+00
1.543000e-05	-3.103026e-03	2.915821e+00
1.544000e-05	-1.706332e-04	2.780524e+00
1.545000e-05	-1.182819e-03	2.598573e+00
1.546000e-05	-1.354416e-03	2.368050e+00
1.547000e-05	-3.053078e-03	2.242157e+00
1.548000e-05	-2.270564e-03	2.053208e+00
1.549000e-05	-3.163222e-03	1.966965e+00
1.550000e-05	-3.079900e-03	1.765445e+00
1.551000e-05	-3.945705e-03	1.567000e+00
1.552000e-05	-4.196549e-03	1.399573e+00
1.553000e-05	-2.918231e-03	1.230704e+00
1.554000e-05	-2.081479e-03	9.876264e-01
1.555000e-05	-3.625504e-03	7.790261e-01
1.556000e-05	-4.015987e-03	6.501554e-01
1.557000e-05	-3.843642e-03	4.322368e-01
1.558000e-05	-4.260943e-03	2.942359e-01
1.559000e-05	-5.735075e-03	9.323453e-02
1.560000e-05	-4.525991e-03	-6.621184e-02
1.561000e-05	3.845078e-04	-2.531026e-01
1.562000e-05	-5.073983e-04	-4.009249e-01
1.563000e-05	-8.379962e-04	-5.993197e-01
1.564000e-05	-4.362611e-03	-7.688236e-01
1.565000e-05	-3.274007e-03	-9.482169e-01
1.566000e-05	-4.742455e-03	-1.084130e+00
1.567000e-05	6.580140e-05	-1.233109e+00
1.568000e-05	4.043247e-02	-1.454035e+00
1.569000e-05	5.191778e-02	-1.664608e+00
1.570000e-05	-5.464281e-02	-1.937738e+00
1.571000e-05	-3.449813e-02	-2.221371e+00
1.572000e-05	-1.056507e-01	-2.399397e+00
1.573000e-05	3.195039e-02	-2.410027e+00
1.574000e-05	1.113217e-01	-2.454659e+00
1.575000e-05	-1.705435e-01	-2.686640e+00
1.576000e-05	7.723017e-02	-2.863100e+00
1.577000e-05	9.718638e-02	-2.896690e+00
1.578000e-05	-1.341189e-01	-3.212301e+00
1.579000e-05	8.134367e-02	-3.400473e+00
1.580000e-05	-1.791850e-02	-3.483608e+00
1.581000e-05	-1.665479e-01	-3.696108e+00
1.582000e-05	1.346316e-01	-3.801900e+00
1.583000e-05	1.982923e-03	-4.020403e+00
1.584000e-05	-3.374283e-02	-4.212004e+00
1.585000e-05	3.561237e-02	-4.284639e+00
1.586000e-05	-1.036216e-01	-4.464137e+00
1.587000e-05	1.073065e-01	-4.683138e+00
1.588000e-05	-5.150042e-02	-4.809799e+00
1.589000e-05	-1.072158e-01	-5.021457e+00
1.590000e-05	1.000581e-01	-5.136293e+00
1.591000e-05	-2.494680e-02	-5.316316e+00
1.592000e-05	2.898920e-02	-5.567372e+00
1.593000e-05	-7.636862e-02	-5.694635e+00
1.594000e-05	-2.729581e-02	-5.875038e+00
1.595000e-05	8.242854e-02	-5.979424e+00
1.596000e-05	-9.147278e-02	-6.136722e+00
1.597000e-05	3.103642e-02	-6.347793e+00
1.598000e-05	-3.870652e-02	-6.464039e+00
1.599000e-05	8.871243e-03	-6.631479e+00
1.600000e-05	3.760907e-02	-6.757648e+00
1.601000e-05	-1.007367e-01	-6.855610e+00
1.602000e-05	3.311722e-02	-7.051959e+00
1.603000e-05	-3.707602e-02	-7.209898e+00
1.604000e-05	2.680153e-02	-7.337769e+00
1.605000e-05	-2.025033e-02	-7.433078e+00
1.606000e-05	-4.874208e-02	-7.559376e+00
1.607000e-05	3.445283e-02	-7.718669e+00
1.608000e-05	-3.915823e-02	-7.845109e+00
1.609000e-05	1.025182e-02	-8.020952e+00
1.610000e-05	-5.721585e-02	-8.137193e+00
1.611000e-05	1.973931e-03	-8.181932e+00
1.612000e-05	1.247276e-02	-8.285139e+00
1.613000e-05	-3.521158e-02	-8.410579e+00
1.614000e-05	-9.848935e-03	-8.505661e+00
1.615000e-05	-3.342606e-02	-8.632007e+00
1.616000e-05	1.791075e-02	-8.779822e+00
1.617000e-05	-2.977851e-02	-8.852563e+00
1.618000e-05	-2.718133e-02	-8.927768e+00
1.619000e-05	-1.621059e-02	-9.031980e+00
1.620000e-05	-9.613365e-03	-9.157745e+00
1.621000e-05	-7.742564e-03	-9.190479e+00
1.622000e-05	-4.165784e-02	-9.283114e+00
1.623000e-05	-1.317215e-02	-9.359299e+00
1.624000e-05	-1.370274e-02	-9.484592e+00
1.625000e-05	-9.897861e-03	-9.578855e+00
1.626000e-05	-3.038083e-02	-9.645137e+00
1.627000e-05	-2.576817e-02	-9.767697e+00
1.628000e-05	-1.183648e-02	-9.781405e+00
1.629000e-05	-1.788803e-02	-9.865563e+00
1.630000e-05	-2.754056e-02	-9.957772e+00
1.631000e-05	-3.308178e-02	-1.002053e+01
1.632000e-05	-1.522046e-02	-1.008513e+01
1.633000e-05	-1.997503e-02	-1.016827e+01
1.634000e-05	-2.601672e-02	-1.020381e+01
1.635000e-05	-3.242607e-02	-1.031612e+01
1.636000e-05	-2.209358e-02	-1.030977e+01
1.637000e-05	-2.036341e-02	-1.039048e+01
1.638000e-05	-2.953122e-02	-1.044146e+01
1.639000e-05	-3.507709e-02	-1.046411e+01
1.640000e-05	-3.011120e-02	-1.050614e+01
1.641000e-05	-2.497672e-02	-1.053625e+01
1.642000e-05	-3.135931e-02	-1.054931e+01
1.643000e-05	-3.799831e-02	-1.060188e+01
1.644000e-05	-3.400086e-02	-1.061046e+01
1.645000e-05	-2.903452e-02	-1.061243e+01
1.646000e-05	-3.402817e-02	-1.061306e+01
1.647000e-05	-4.354107e-02	-1.065506e+01
1.648000e-05	-3.957583e-02	-1.065403e+01
1.649000e-05	-3.746974e-02	-1.066514e+01
1.650000e-05	-3.920785e-02	-1.067506e+01
1.651000e-05	-4.902993e-02	-1.065459e+01
1.652000e-05	-4.818551e-02	-1.069617e+01
1.653000e-05	-4.195724e-02	-1.066519e+01
1.654000e-05	-4.368432e-02	-1.063556e+01
1.655000e-05	-5.014369e-02	-1.066464e+01
1.656000e-05	-5.325309e-02	-1.061356e+01
1.657000e-05	-5.025539e-02	-1.065406e+01
1.658000e-05	-5.017260e-02	-1.064356e+01
1.659000e-05	-5.396506e-02	-1.065258e+01
1.660000e-05	-5.513981e-02	-1.059948e+01
1.661000e-05	-4.984791e-02	-1.062093e+01
1.662000e-05	-4.562522e-02	-1.057890e+01
1.663000e-05	-4.693846e-02	-1.054782e+01
1.664000e-05	-5.003430e-02	-1.054672e+01
1.665000e-05	-4.671545e-02	-1.045622e+01
1.666000e-05	-4.277543e-02	-1.043261e+01
1.667000e-05	-4.425783e-02	-1.041043e+01
1.668000e-05	-4.478809e-02	-1.037937e+01
1.669000e-05	-4.222747e-02	-1.031570e+01
1.670000e-05	-3.571035e-02	-1.021539e+01
1.671000e-05	-3.524595e-02	-1.015885e+01
1.672000e-05	-3.759951e-02	-1.013670e+01
1.673000e-05	-3.594772e-02	-1.002112e+01
1.674000e-05	-3.098718e-02	-9.980379e+00
1.675000e-05	-3.039291e-02	-9.927294e+00
1.676000e-05	-3.388511e-02	-9.874112e+00
1.677000e-05	-3.099822e-02	-9.769977e+00
1.678000e-05	-2.617895e-02	-9.757347e+00
1.679000e-05	-2.534142e-02	-9.632638e+00
1.680000e-05	-2.689121e-02	-9.589950e+00
1.681000e-05	-2.641981e-02	-9.534662e+00
1.682000e-05	-2.282947e-02	-9.401378e+00
1.683000e-05	-2.122011e-02	-9.295189e+00
1.684000e-05	-2.325675e-02	-9.211424e+00
1.685000e-05	-2.265771e-02	-9.086344e+00
1.686000e-05	-2.036192e-02	-9.019407e+00
1.687000e-05	-1.785680e-02	-8.907288e+00
1.688000e-05	-1.971274e-02	-8.830529e+00
1.689000e-05	-2.064956e-02	-8.745767e+00
1.690000e-05	-1.827658e-02	-8.642005e+00
1.691000e-05	-1.622589e-02	-8.505161e+00
1.692000e-05	-1.688756e-02	-8.389928e+00
1.693000e-05	-1.849784e-02	-8.285239e+00
1.694000e-05	-1.595750e-02	-8.140876e+00
1.695000e-05	-1.340265e-02	-8.054212e+00
1.696000e-05	-1.369945e-02	-7.970930e+00
1.697000e-05	-1.575042e-02	-7.802689e+00
1.698000e-05	-1.548649e-02	-7.724745e+00
1.699000e-05	-1.252442e-02	-7.547370e+00
1.700000e-05	-1.256729e-02	-7.431603e+00
1.701000e-05	-1.402124e-02	-7.304745e+00
1.702000e-05	-1.422468e-02	-7.149499e+00
1.703000e-05	-1.016674e-02	-7.052058e+00
1.704000e-05	-1.144116e-02	-6.864164e+00
1.705000e-05	-1.154572e-02	-6.748396e+00
1.706000e-05	-1.256015e-02	-6.600526e+00
1.707000e-05	-9.823715e-03	-6.464813e+00
1.708000e-05	-9.553890e-03	-6.347399e+00
1.709000e-05	-9.726174e-03	-6.179453e+00
1.710000e-05	-1.052428e-02	-6.002129e+00
1.711000e-05	-1.043446e-02	-5.872761e+00
1.712000e-05	-8.957225e-03	-5.725849e+00
1.713000e-05	-1.203573e-02	-5.609076e+00
1.714000e-05	-1.008937e-02	-5.401009e+00
1.715000e-05	-1.038011e-02	-5.171584e+00
1.716000e-05	-5.289457e-03	-5.032210e+00
1.717000e-05	-8.070038e-03	-4.841186e+00
1.718000e-05	-6.853484e-03	-4.623705e+00
1.719000e-05	-9.120608e-03	-4.505768e+00
1.720000e-05	-6.739558e-03	-4.390000e+00
1.721000e-05	-1.027056e-02	-4.231107e+00
1.722000e-05	-9.648735e-03	-4.075237e+00
1.723000e-05	-9.154476e-03	-3.968474e+00
1.724000e-05	-6.280946e-03	-3.757975e+00
1.725000e-05	-5.364583e-03	-3.556975e+00
1.726000e-05	-5.839837e-03	-3.411555e+00
1.727000e-05	-6.049323e-03	-3.272686e+00
1.728000e-05	-5.952146e-03	-3.115893e+00
1.729000e-05	-6.021696e-03	-2.895742e+00
1.730000e-05	-7.994039e-03	-2.759896e+00
1.731000e-05	-7.644694e-03	-2.591026e+00
1.732000e-05	-6.873279e-03	-2.412604e+00
1.733000e-05	-4.590028e-03	-2.252665e+00
1.734000e-05	-5.109897e-03	-2.031738e+00
1.735000e-05	-4.975104e-03	-1.895364e+00
1.736000e-05	-3.867538e-03	-1.757398e+00
1.737000e-05	-3.982428e-03	-1.599073e+00
1.738000e-05	-4.277657e-03	-1.317845e+00
1.739000e-05	-5.845343e-03	-1.158871e+00
1.740000e-05	-4.300425e-03	-9.579688e-01
1.741000e-05	-4.148172e-03	-8.211304e-01
1.742000e-05	-3.687311e-03	-6.016329e-01
1.743000e-05	-3.783674e-03	-4.306039e-01
1.744000e-05	-2.760840e-03	-2.632371e-01
1.745000e-05	-1.310441e-03	-9.623942e-02
1.746000e-05	2.172161e-03	7.267889e-02
1.747000e-05	3.904474e-03	3.036578e-01
1.748000e-05	-9.677719e-04	4.320563e-01
1.749000e-05	2.290568e-03	6.210249e-01
1.750000e-05	-4.045213e-04	7.468170e-01
1.751000e-05	-6.182243e-05	8.961369e-01
1.752000e-05	-2.014531e-03	1.135689e+00
1.753000e-05	6.870963e-03	1.284690e+00
1.754000e-05	3.310725e-02	1.546111e+00
1.755000e-05	5.948684e-02	1.777645e+00
1.756000e-05	-2.875514e-02	1.989790e+00
1.757000e-05	-3.772977e-02	2.136766e+00
1.758000e-05	-4.805088e-02	2.284578e+00
1.759000e-05	-5.920079e-02	2.399975e+00
1.760000e-05	1.012575e-01	2.494114e+00
1.761000e-05	-4.954326e-03	2.747766e+00
1.762000e-05	-1.042122e-01	2.832551e+00
1.763000e-05	1.527509e-01	3.010400e+00
1.764000e-05	-6.200678e-03	3.210400e+00
1.765000e-05	-3.994790e-02	3.264661e+00
1.766000e-05	6.223239e-02	3.485084e+00
1.767000e-05	-9.925219e-02	3.643083e+00
1.768000e-05	1.034567e-02	3.811001e+00
1.769000e-05	8.474913e-02	4.010342e+00
1.770000e-05	-2.713312e-02	4.168796e+00
1.771000e-05	9.451305e-03	4.336295e+00
1.772000e-05	-1.695447e-02	4.575088e+00
1.773000e-05	1.021295e-02	4.671582e+00
1.774000e-05	3.772064e-02	4.851452e+00
1.775000e-05	-5.574211e-02	5.012457e+00
1.776000e-05	3.012505e-03	5.273034e+00
1.777000e-05	4.578112e-02	5.440925e+00
1.778000e-05	3.490841e-02	5.538897e+00
1.779000e-05	-2.331196e-02	5.706661e+00
1.780000e-05	-3.194532e-02	5.883592e+00
1.781000e-05	4.354245e-02	6.071605e+00
1.782000e-05	-3.792816e-03	6.179423e+00
1.783000e-05	8.071188e-03	6.327716e+00
1.784000e-05	-4.553743e-03	6.493160e+00
1.785000e-05	5.372539e-03	6.643906e+00
1.786000e-05	4.170558e-02	6.799951e+00
1.787000e-05	-5.050615e-03	6.927742e+00
1.788000e-05	-1.136478e-02	7.043483e+00
1.789000e-05	2.632260e-03	7.180372e+00
1.790000e-05	2.569823e-02	7.324712e+00
1.791000e-05	1.472536e-02	7.483008e+00
1.792000e-05	-1.049707e-02	7.642428e+00
1.793000e-05	8.883730e-03	7.757373e+00
1.794000e-05	1.845106e-02	7.893034e+00
1.795000e-05	1.687240e-02	7.992854e+00
1.796000e-05	-2.022440e-03	8.178220e+00
1.797000e-05	-1.053665e-03	8.263080e+00
1.798000e-05	2.405257e-02	8.327269e+00
1.799000e-05	1.928891e-02	8.451504e+00
1.800000e-05	4.426299e-03	8.516717e+00
1.801000e-05	-3.611221e-04	8.631379e+00
1.802000e-05	1.470224e-02	8.724738e+00
1.803000e-05	2.284520e-02	8.801479e+00
1.804000e-05	6.535096e-03	8.885092e+00
1.805000e-05	7.097641e-03	9.001276e+00
1.806000e-05	1.368219e-02	9.126666e+00
1.807000e-05	2.386843e-02	9.199800e+00
1.808000e-05	1.200576e-02	9.307635e+00
1.809000e-05	5.187523e-03	9.388801e+00
1.810000e-05	1.521510e-02	9.442031e+00
1.811000e-05	2.174581e-02	9.525719e+00
1.812000e-05	1.808203e-02	9.602003e+00
1.813000e-05	8.622523e-03	9.694613e+00
1.814000e-05	1.672227e-02	9.819799e+00
1.815000e-05	2.137814e-02	9.883589e+00
1.816000e-05	1.965547e-02	9.937900e+00
1.817000e-05	1.300481e-02	1.002200e+01
1.818000e-05	1.566533e-02	1.006314e+01
1.819000e-05	2.406650e-02	1.015677e+01
1.820000e-05	2.397207e-02	1.018882e+01
1.821000e-05	1.823048e-02	1.021298e+01
1.822000e-05	1.794810e-02	1.031563e+01
1.823000e-05	2.485257e-02	1.034822e+01
1.824000e-05	2.651059e-02	1.036837e+01
1.825000e-05	2.157699e-02	1.044053e+01
1.826000e-05	2.068923e-02	1.044106e+01
1.827000e-05	2.711349e-02	1.049464e+01
1.828000e-05	3.087134e-02	1.050669e+01
1.829000e-05	2.787789e-02	1.049922e+01
1.830000e-05	2.662716e-02	1.058027e+01
1.831000e-05	3.052336e-02	1.058230e+01
1.832000e-05	3.349033e-02	1.060883e+01
1.833000e-05	3.167849e-02	1.064046e+01
1.834000e-05	3.001523e-02	1.064148e+01
1.835000e-05	3.495926e-02	1.064351e+01
1.836000e-05	3.940916e-02	1.064193e+01
1.837000e-05	4.117814e-02	1.064299e+01
1.838000e-05	3.875701e-02	1.066203e+01
1.839000e-05	4.126163e-02	1.066143e+01
1.840000e-05	4.443755e-02	1.065298e+01
1.841000e-05	4.426616e-02	1.063349e+01
1.842000e-05	4.091323e-02	1.062398e+01
1.843000e-05	4.242343e-02	1.062088e+01
1.844000e-05	4.587400e-02	1.057788e+01
1.845000e-05	4.880627e-02	1.058878e+01
1.846000e-05	4.514278e-02	1.052880e+01
1.847000e-05	4.476759e-02	1.052682e+01
1.848000e-05	4.451407e-02	1.052514e+01
1.849000e-05	4.338988e-02	1.045411e+01
1.850000e-05	3.894722e-02	1.046063e+01
1.851000e-05	3.645301e-02	1.038048e+01
1.852000e-05	3.728500e-02	1.036887e+01
1.853000e-05	3.835653e-02	1.037575e+01
1.854000e-05	3.612943e-02	1.027422e+01
1.855000e-05	3.304824e-02	1.023111e+01
1.856000e-05	3.224954e-02	1.019848e+01
1.857000e-05	3.195165e-02	1.014832e+01
1.858000e-05	2.811102e-02	1.006414e+01
1.859000e-05	2.532543e-02	1.002105e+01
1.860000e-05	2.411204e-02	9.949826e+00
1.861000e-05	2.631953e-02	9.873669e+00
1.862000e-05	2.321866e-02	9.790354e+00
1.863000e-05	2.165134e-02	9.715766e+00
1.864000e-05	2.033881e-02	9.659932e+00
1.865000e-05	2.174705e-02	9.536370e+00
1.866000e-05	1.952475e-02	9.471586e+00
1.867000e-05	1.713051e-02	9.369954e+00
1.868000e-05	1.519374e-02	9.295217e+00
1.869000e-05	1.696523e-02	9.201628e+00
1.870000e-05	1.531519e-02	9.156817e+00
1.871000e-05	1.405202e-02	9.009434e+00
1.872000e-05	1.242114e-02	8.933765e+00
1.873000e-05	1.334149e-02	8.808902e+00
1.874000e-05	1.251513e-02	8.686316e+00
1.875000e-05	1.120018e-02	8.620979e+00
1.876000e-05	1.021307e-02	8.526768e+00
1.877000e-05	1.019443e-02	8.401028e+00
1.878000e-05	1.119015e-02	8.337770e+00
1.879000e-05	9.665299e-03	8.203158e+00
1.880000e-05	9.431810e-03	8.073240e+00
1.881000e-05	6.863492e-03	8.008453e+00
1.882000e-05	8.146925e-03	7.853136e+00
1.883000e-05	7.129508e-03	7.737368e+00
1.884000e-05	7.168352e-03	7.630531e+00
1.885000e-05	4.600441e-03	7.466209e+00
1.886000e-05	6.702835e-03	7.286770e+00
1.887000e-05	6.856383e-03	7.190423e+00
1.888000e-05	7.311030e-03	7.063134e+00
1.889000e-05	4.897246e-03	6.937819e+00
1.890000e-05	5.323456e-03	6.861558e+00
1.891000e-05	4.104674e-03	6.676237e+00
1.892000e-05	3.424797e-03	6.514767e+00
1.893000e-05	2.081111e-03	6.357849e+00
1.894000e-05	2.317946e-03	6.241628e+00
1.895000e-05	3.035644e-03	6.124215e+00
1.896000e-05	3.216812e-03	5.987948e+00
1.897000e-05	2.726494e-03	5.801008e+00
1.898000e-05	2.327670e-03	5.631607e+00
1.899000e-05	3.612126e-03	5.463712e+00
1.900000e-05	2.346267e-03	5.305345e+00
1.901000e-05	1.600295e-03	5.107396e+00
1.902000e-05	6.640698e-04	4.905339e+00
1.903000e-05	-2.550269e-04	4.717947e+00
1.904000e-05	7.232967e-04	4.598426e+00
1.905000e-05	-8.730998e-04	4.452128e+00
1.906000e-05	-4.856649e-04	4.263840e+00
1.907000e-05	-2.703056e-04	4.062715e+00
1.908000e-05	8.018442e-04	3.976346e+00
1.909000e-05	7.361878e-04	3.727524e+00
1.910000e-05	-7.997408e-04	3.661656e+00
1.911000e-05	-2.237629e-03	3.513215e+00
1.912000e-05	-2.181487e-03	3.281207e+00
1.913000e-05	-2.176659e-03	3.116842e+00
1.914000e-05	-2.672585e-03	2.938971e+00
1.915000e-05	-1.928268e-03	2.809105e+00
1.916000e-05	-1.689817e-03	2.641157e+00
1.917000e-05	-1.573468e-03	2.411679e+00
1.918000e-05	-2.063495e-03	2.263713e+00
1.919000e-05	-2.724905e-03	2.135813e+00
1.920000e-05	-2.112085e-03	1.989973e+00
1.921000e-05	-3.022631e-03	1.769077e+00
1.922000e-05	-3.394043e-03	1.661099e+00
1.923000e-05	-4.504256e-03	1.411558e+00
1.924000e-05	-4.908488e-03	1.243181e+00
1.925000e-05	-4.413131e-03	1.012256e+00
1.926000e-05	-4.084809e-03	8.396266e-01
1.927000e-05	-4.212775e-03	6.422319e-01
1.928000e-05	-2.993162e-03	4.842882e-01
1.929000e-05	-3.685560e-03	3.189187e-01
1.930000e-05	-3.568348e-03	1.369136e-01
1.931000e-05	-4.654997e-03	-6.205507e-02
1.932000e-05	-4.623124e-04	-2.014988e-01
1.933000e-05	-1.567922e-03	-3.693209e-01
1.934000e-05	-3.466964e-03	-5.262882e-01
1.935000e-05	-3.630266e-03	-7.583195e-01
1.936000e-05	-3.416242e-03	-8.846604e-01
1.937000e-05	-3.720756e-03	-1.052054e+00
1.938000e-05	-2.391853e-03	-1.210878e+00
1.939000e-05	2.459378e-02	-1.429877e+00
1.940000e-05	7.542347e-02	-1.610902e+00
1.941000e-05	-4.834367e-02	-1.863579e+00
1.942000e-05	-3.321489e-02	-2.136215e+00
1.943000e-05	-9.046171e-02	-2.367392e+00
1.944000e-05	-3.477563e-02	-2.420500e+00
1.945000e-05	1.457112e-01	-2.461078e+00
1.946000e-05	-1.192133e-01	-2.613479e+00
1.947000e-05	-2.308899e-02	-2.852030e+00
1.948000e-05	1.655541e-01	-2.875109e+00
1.949000e-05	-1.200945e-01	-3.178746e+00
1.950000e-05	1.990877e-02	-3.368322e+00
1.951000e-05	5.844013e-02	-3.442130e+00
1.952000e-05	-1.896038e-01	-3.630954e+00
1.953000e-05	8.014133e-02	-3.791401e+00
1.954000e-05	6.583765e-02	-3.978772e+00
1.955000e-05	-7.424426e-02	-4.208846e+00
1.956000e-05	5.897827e-02	-4.293612e+00
1.957000e-05	-9.753715e-02	-4.432455e+00
1.958000e-05	5.968857e-02	-4.673909e+00
1.959000e-05	2.573441e-02	-4.748373e+00
1.960000e-05	-1.532476e-01	-4.948373e+00
1.961000e-05	9.222131e-02	-5.077639e+00
1.962000e-05	-3.665798e-03	-5.303612e+00
1.963000e-05	1.090830e-02	-5.507696e+00
1.964000e-05	-3.308625e-02	-5.664559e+00
1.965000e-05	-7.788152e-02	-5.831504e+00
1.966000e-05	1.014585e-01	-5.979845e+00
1.967000e-05	-7.307802e-02	-6.096664e+00
1.968000e-05	1.119990e-03	-6.276215e+00
1.969000e-05	-5.027903e-03	-6.431005e+00
1.970000e-05	-2.989437e-02	-6.580872e+00
1.971000e-05	6.805056e-02	-6.736193e+00
1.972000e-05	-9.765023e-02	-6.882533e+00
1.973000e-05	1.054875e-02	-7.029834e+00
1.974000e-05	-1.439637e-02	-7.158772e+00
1.975000e-05	-3.833635e-04	-7.306691e+00
1.976000e-05	1.243830e-02	-7.421024e+00
1.977000e-05	-7.056477e-02	-7.548793e+00
1.978000e-05	3.543739e-02	-7.716087e+00
1.979000e-05	-3.089519e-02	-7.872910e+00
1.980000e-05	1.492120e-03	-8.010500e+00
1.981000e-05	-3.578593e-02	-8.073067e+00
1.982000e-05	-2.567227e-02	-8.210853e+00
1.983000e-05	2.853302e-02	-8.285640e+00
1.984000e-05	-4.099338e-02	-8.409330e+00
1.985000e-05	-7.888324e-03	-8.464083e+00
1.986000e-05	-3.547648e-02	-8.601875e+00
1.987000e-05	8.216138e-03	-8.738724e+00
1.988000e-05	-1.418837e-02	-8.843005e+00
1.989000e-05	-3.575652e-02	-8.956766e+00
1.990000e-05	-1.024732e-02	-9.030455e+00
1.991000e-05	-1.839579e-02	-9.095143e+00
1.992000e-05	-3.785459e-04	-9.189876e+00
1.993000e-05	-3.854162e-02	-9.265610e+00
1.994000e-05	-2.035374e-02	-9.378747e+00
1.995000e-05	-1.347986e-02	-9.481086e+00
1.996000e-05	-1.320794e-02	-9.579399e+00
1.997000e-05	-2.360157e-02	-9.643531e+00
1.998000e-05	-3.133146e-02	-9.737144e+00
1.999000e-05	-1.083798e-02	-9.789430e+00
2.000000e-05	-1.842653e-02	-9.873509e+00
2.001000e-05	-2.195106e-02	-9.947222e+00
2.002000e-05	-3.516926e-02	-9.981504e+00
2.003000e-05	-2.012420e-02	-1.007456e+01
2.004000e-05	-1.837211e-02	-1.012669e+01
2.005000e-05	-2.534562e-02	-1.021184e+01
2.006000e-05	-3.108395e-02	-1.026442e+01
2.007000e-05	-2.706662e-02	-1.036522e+01
2.008000e-05	-1.776576e-02	-1.039040e+01
2.009000e-05	-2.807108e-02	-1.048203e+01
2.010000e-05	-3.312896e-02	-1.045304e+01
2.011000e-05	-3.305734e-02	-1.050469e+01
2.012000e-05	-2.368717e-02	-1.053822e+01
2.013000e-05	-2.983624e-02	-1.053737e+01
2.014000e-05	-3.694620e-02	-1.058935e+01
2.015000e-05	-3.679972e-02	-1.062248e+01
2.016000e-05	-3.006717e-02	-1.063250e+01
2.017000e-05	-3.240293e-02	-1.062203e+01
2.018000e-05	-4.110494e-02	-1.063304e+01
2.019000e-05	-4.105800e-02	-1.067409e+01
2.020000e-05	-3.631288e-02	-1.067466e+01
2.021000e-05	-3.773831e-02	-1.065456e+01
2.022000e-05	-4.445169e-02	-1.068504e+01
2.023000e-05	-4.840060e-02	-1.068506e+01
2.024000e-05	-4.457526e-02	-1.069407e+01
2.025000e-05	-4.468144e-02	-1.068509e+01
2.026000e-05	-4.939896e-02	-1.066459e+01
2.027000e-05	-5.324915e-02	-1.067401e+01
2.028000e-05	-4.881826e-02	-1.065406e+01
2.029000e-05	-4.824882e-02	-1.066101e+01
2.030000e-05	-5.081599e-02	-1.062196e+01
2.031000e-05	-5.436809e-02	-1.063101e+01
2.032000e-05	-5.103460e-02	-1.062948e+01
2.033000e-05	-4.734486e-02	-1.056990e+01
2.034000e-05	-4.965362e-02	-1.056785e+01
2.035000e-05	-5.029585e-02	-1.054669e+01
2.036000e-05	-4.806787e-02	-1.047477e+01
2.037000e-05	-4.323786e-02	-1.045454e+01
2.038000e-05	-4.209871e-02	-1.042050e+01
2.039000e-05	-4.403049e-02	-1.039080e+01
2.040000e-05	-4.162208e-02	-1.032629e+01
2.041000e-05	-3.827207e-02	-1.027554e+01
2.042000e-05	-3.631283e-02	-1.018835e+01
2.043000e-05	-3.797898e-02	-1.009922e+01
2.044000e-05	-3.677882e-02	-1.004364e+01
2.045000e-05	-3.345441e-02	-1.001096e+01
2.046000e-05	-3.044680e-02	-9.947321e+00
2.047000e-05	-3.156005e-02	-9.893088e+00
2.048000e-05	-3.005260e-02	-9.800533e+00
2.049000e-05	-2.807644e-02	-9.695269e+00
2.050000e-05	-2.611428e-02	-9.682610e+00
2.051000e-05	-2.651196e-02	-9.610004e+00
2.052000e-05	-2.693083e-02	-9.497272e+00
2.053000e-05	-2.443498e-02	-9.421009e+00
2.054000e-05	-2.309067e-02	-9.305644e+00
2.055000e-05	-2.245627e-02	-9.200451e+00
2.056000e-05	-2.257487e-02	-9.115316e+00
2.057000e-05	-2.160356e-02	-9.021957e+00
2.058000e-05	-1.966445e-02	-8.923746e+00
2.059000e-05	-1.901927e-02	-8.870634e+00
2.060000e-05	-1.912025e-02	-8.748345e+00
2.061000e-05	-1.899012e-02	-8.621957e+00
2.062000e-05	-1.776699e-02	-8.496796e+00
2.063000e-05	-1.687658e-02	-8.420027e+00
2.064000e-05	-1.711934e-02	-8.285797e+00
2.065000e-05	-1.649993e-02	-8.209501e+00
2.066000e-05	-1.517825e-02	-8.095217e+00
2.067000e-05	-1.477721e-02	-8.022028e+00
2.068000e-05	-1.428512e-02	-7.844138e+00
2.069000e-05	-1.436475e-02	-7.717267e+00
2.070000e-05	-1.336316e-02	-7.569474e+00
2.071000e-05	-1.285911e-02	-7.453579e+00
2.072000e-05	-1.291505e-02	-7.346322e+00
2.073000e-05	-1.341010e-02	-7.199980e+00
2.074000e-05	-1.280074e-02	-7.064264e+00
2.075000e-05	-1.199389e-02	-6.844288e+00
2.076000e-05	-1.244004e-02	-6.747973e+00
2.077000e-05	-1.063564e-02	-6.632661e+00
2.078000e-05	-1.175260e-02	-6.515795e+00
2.079000e-05	-9.791217e-03	-6.399002e+00
2.080000e-05	-9.544351e-03	-6.242084e+00
2.081000e-05	-8.092140e-03	-6.051137e+00
2.082000e-05	-9.869574e-03	-5.915391e+00
2.083000e-05	-1.102343e-02	-5.780026e+00
2.084000e-05	-1.294225e-02	-5.611081e+00
2.085000e-05	-8.601697e-03	-5.462687e+00
2.086000e-05	-1.001663e-02	-5.243162e+00
2.087000e-05	-7.655963e-03	-5.064240e+00
2.088000e-05	-7.960502e-03	-4.898268e+00
2.089000e-05	-5.145405e-03	-4.663739e+00
2.090000e-05	-7.039240e-03	-4.546872e+00
2.091000e-05	-7.877054e-03	-4.440554e+00
2.092000e-05	-9.038536e-03	-4.312187e+00
2.093000e-05	-7.920575e-03	-4.125791e+00
2.094000e-05	-7.505952e-03	-3.999972e+00
2.095000e-05	-7.524824e-03	-3.789606e+00
2.096000e-05	-6.929330e-03	-3.591603e+00
2.097000e-05	-5.367100e-03	-3.443709e+00
2.098000e-05	-5.320930e-03	-3.295812e+00
2.099000e-05	-6.318596e-03	-3.178449e+00
2.100000e-05	-6.126646e-03	-2.905450e+00
2.101000e-05	-6.061716e-03	-2.789452e+00
2.102000e-05	-6.164686e-03	-2.611629e+00
2.103000e-05	-6.273439e-03	-2.472658e+00
2.104000e-05	-5.979584e-03	-2.286888e+00
2.105000e-05	-5.851946e-03	-2.104814e+00
2.106000e-05	-3.356747e-03	-1.945372e+00
2.107000e-05	-4.765568e-03	-1.758949e+00
2.108000e-05	-4.862225e-03	-1.630605e+00
2.109000e-05	-5.550958e-03	-1.398585e+00
2.110000e-05	-3.794131e-03	-1.200553e+00
2.111000e-05	-2.947334e-03	-1.030598e+00
2.112000e-05	-5.313425e-03	-8.721342e-01
2.113000e-05	-4.274569e-03	-7.123632e-01
2.114000e-05	-2.626988e-03	-4.326870e-01
2.115000e-05	-1.579180e-03	-3.144123e-01
2.116000e-05	-4.245841e-03	-1.268949e-01
2.117000e-05	-7.093317e-04	4.102613e-02
2.118000e-05	4.154073e-03	2.009761e-01
2.119000e-05	2.243349e-04	4.109739e-01
2.120000e-05	1.749178e-03	5.372922e-01
2.121000e-05	-1.221970e-03	7.667080e-01
2.122000e-05	5.480033e-04	8.436540e-01
2.123000e-05	-9.205206e-05	1.085484e+00
2.124000e-05	3.628082e-03	1.202578e+00
2.125000e-05	2.105685e-02	1.411578e+00
2.126000e-05	6.492807e-02	1.735716e+00
2.127000e-05	-9.917976e-03	1.915763e+00
2.128000e-05	-3.986399e-02	2.063634e+00
2.129000e-05	-4.234749e-02	2.263106e+00
2.130000e-05	-7.086506e-02	2.378346e+00
2.131000e-05	6.458611e-02	2.482505e+00
2.132000e-05	5.909158e-02	2.703984e+00
2.133000e-05	-1.336035e-01	2.802504e+00
2.134000e-05	1.206682e-01	2.948220e+00
2.135000e-05	4.119923e-02	3.158768e+00
2.136000e-05	-5.905372e-02	3.243084e+00
2.137000e-05	6.173442e-02	3.439575e+00
2.138000e-05	-6.851982e-02	3.640452e+00
2.139000e-05	-3.641423e-02	3.781421e+00
2.140000e-05	9.591317e-02	3.930743e+00
2.141000e-05	-8.834143e-03	4.093656e+00
2.142000e-05	-9.559999e-03	4.316713e+00
2.143000e-05	4.122309e-03	4.463557e+00
2.144000e-05	-1.376076e-02	4.652453e+00
2.145000e-05	5.723515e-02	4.779945e+00
2.146000e-05	-4.720095e-02	5.008353e+00
2.147000e-05	-1.640314e-02	5.191400e+00
2.148000e-05	3.919245e-02	5.379421e+00
2.149000e-05	4.383332e-02	5.516222e+00
2.150000e-05	-8.162217e-03	5.693634e+00
2.151000e-05	-4.401940e-02	5.902505e+00
2.152000e-05	3.838780e-02	6.029428e+00
2.153000e-05	1.112839e-02	6.158294e+00
2.154000e-05	4.083348e-03	6.295059e+00
2.155000e-05	6.636690e-04	6.462078e+00
2.156000e-05	-3.120772e-03	6.672402e+00
2.157000e-05	3.652319e-02	6.748870e+00
2.158000e-05	8.390454e-03	6.886111e+00
2.159000e-05	-1.840542e-02	7.032479e+00
2.160000e-05	3.572897e-03	7.130763e+00
2.161000e-05	2.037078e-02	7.254611e+00
2.162000e-05	2.527296e-02	7.444401e+00
2.163000e-05	-8.222496e-03	7.569822e+00
2.164000e-05	2.988601e-03	7.736289e+00
2.165000e-05	1.818081e-02	7.853479e+00
2.166000e-05	1.567637e-02	7.959852e+00
2.167000e-05	4.693463e-03	8.115667e+00
2.168000e-05	-8.996607e-03	8.230479e+00
2.169000e-05	2.296402e-02	8.296192e+00
2.170000e-05	2.180716e-02	8.399478e+00
2.171000e-05	9.129870e-03	8.465137e+00
2.172000e-05	-1.755612e-03	8.599852e+00
2.173000e-05	1.229190e-02	8.715608e+00
2.174000e-05	2.388560e-02	8.737469e+00
2.175000e-05	7.726702e-03	8.872629e+00
2.176000e-05	4.875120e-03	8.988827e+00
2.177000e-05	1.059319e-02	9.074616e+00
2.178000e-05	2.457433e-02	9.150426e+00
2.179000e-05	1.487730e-02	9.232608e+00
2.180000e-05	5.234590e-03	9.328696e+00
2.181000e-05	1.388121e-02	9.402507e+00
2.182000e-05	2.159552e-02	9.486770e+00
2.183000e-05	1.847956e-02	9.598399e+00
2.184000e-05	8.136837e-03	9.673138e+00
2.185000e-05	1.564591e-02	9.749724e+00
2.186000e-05	2.168272e-02	9.843535e+00
2.187000e-05	2.055728e-02	9.918767e+00
2.188000e-05	1.268081e-02	9.999452e+00
2.189000e-05	1.611702e-02	1.005518e+01
2.190000e-05	2.327762e-02	1.012567e+01
2.191000e-05	2.420132e-02	1.016090e+01
2.192000e-05	1.681470e-02	1.022203e+01
2.193000e-05	1.783358e-02	1.029414e+01
2.194000e-05	2.520426e-02	1.034577e+01
2.195000e-05	2.580461e-02	1.037885e+01
2.196000e-05	2.183443e-02	1.041147e+01
2.197000e-05	2.002687e-02	1.045406e+01
2.198000e-05	2.759154e-02	1.046509e+01
2.199000e-05	2.935285e-02	1.050469e+01
2.200000e-05	2.513046e-02	1.053667e+01
2.201000e-05	2.647117e-02	1.052785e+01
2.202000e-05	3.014561e-02	1.061877e+01
2.203000e-05	3.558608e-02	1.059088e+01
2.204000e-05	3.117894e-02	1.062345e+01
2.205000e-05	3.108785e-02	1.060190e+01
2.206000e-05	3.482562e-02	1.060296e+01
2.207000e-05	3.894229e-02	1.065396e+01
2.208000e-05	3.824952e-02	1.066308e+01
2.209000e-05	3.634066e-02	1.062304e+01
2.210000e-05	4.149799e-02	1.067303e+01
2.211000e-05	4.518162e-02	1.062296e+01
2.212000e-05	4.478294e-02	1.067204e+01
2.213000e-05	4.291097e-02	1.056091e+01
2.214000e-05	4.440508e-02	1.061191e+01
2.215000e-05	4.776775e-02	1.060996e+01
2.216000e-05	4.596482e-02	1.059933e+01
2.217000e-05	4.319970e-02	1.057737e+01
2.218000e-05	4.380342e-02	1.051472e+01
2.219000e-05	4.601894e-02	1.050419e+01
2.220000e-05	4.507002e-02	1.044321e+01
2.221000e-05	4.094104e-02	1.046363e+01
2.222000e-05	3.857431e-02	1.041053e+01
2.223000e-05	3.977908e-02	1.039935e+01
2.224000e-05	3.731477e-02	1.035826e+01
2.225000e-05	3.404569e-02	1.028614e+01
2.226000e-05	3.102913e-02	1.022251e+01
2.227000e-05	3.379051e-02	1.020948e+01
2.228000e-05	3.199650e-02	1.014780e+01
2.229000e-05	2.852111e-02	1.007529e+01
2.230000e-05	2.771163e-02	1.000316e+01
2.231000e-05	2.579789e-02	9.989926e+00
2.232000e-05	2.689534e-02	9.926742e+00
2.233000e-05	2.212228e-02	9.792034e+00
2.234000e-05	2.265524e-02	9.715668e+00
2.235000e-05	2.081034e-02	9.602132e+00
2.236000e-05	2.175379e-02	9.557272e+00
2.237000e-05	1.817405e-02	9.474086e+00
2.238000e-05	1.777146e-02	9.409452e+00
2.239000e-05	1.628175e-02	9.294814e+00
2.240000e-05	1.754202e-02	9.222608e+00
2.241000e-05	1.529857e-02	9.135350e+00
2.242000e-05	1.384424e-02	9.012535e+00
2.243000e-05	1.441316e-02	8.896741e+00
2.244000e-05	1.420555e-02	8.822077e+00
2.245000e-05	1.227260e-02	8.736746e+00
2.246000e-05	9.921561e-03	8.603078e+00
2.247000e-05	9.752987e-03	8.526848e+00
2.248000e-05	1.029248e-02	8.461631e+00
2.249000e-05	1.074692e-02	8.368920e+00
2.250000e-05	8.457066e-03	8.252636e+00
2.251000e-05	8.445126e-03	8.094818e+00
2.252000e-05	9.740172e-03	8.009377e+00
2.253000e-05	8.523862e-03	7.864238e+00
2.254000e-05	5.628322e-03	7.797403e+00
2.255000e-05	6.152004e-03	7.661608e+00
2.256000e-05	6.777859e-03	7.517221e+00
2.257000e-05	5.876707e-03	7.388405e+00
2.258000e-05	5.124120e-03	7.241006e+00
2.259000e-05	4.623548e-03	7.115265e+00
2.260000e-05	5.376753e-03	6.977875e+00
2.261000e-05	5.033823e-03	6.842109e+00
2.262000e-05	4.283819e-03	6.716768e+00
2.263000e-05	3.404994e-03	6.553993e+00
2.264000e-05	4.228637e-03	6.400028e+00
2.265000e-05	3.869799e-03	6.244082e+00
2.266000e-05	2.608202e-03	6.126797e+00
2.267000e-05	1.989269e-03	6.000000e+00
2.268000e-05	2.406735e-03	5.880687e+00
2.269000e-05	3.916366e-03	5.642713e+00
2.270000e-05	2.259854e-03	5.494871e+00
2.271000e-05	1.450000e-03	5.335896e+00
2.272000e-05	1.996855e-03	5.139019e+00
2.273000e-05	2.912863e-03	4.948902e+00
2.274000e-05	1.147151e-03	4.779978e+00
2.275000e-05	-1.257238e-03	4.621082e+00
2.276000e-05	-4.669411e-04	4.453233e+00
2.277000e-05	7.721323e-04	4.347471e+00
2.278000e-05	1.697316e-04	4.125975e+00
2.279000e-05	-1.080469e-03	3.929424e+00
2.280000e-05	-9.661071e-05	3.801105e+00
2.281000e-05	1.226432e-03	3.652708e+00
2.282000e-05	-1.276286e-04	3.535289e+00
2.283000e-05	-1.619877e-03	3.344895e+00
2.284000e-05	-2.232514e-03	3.177346e+00
2.285000e-05	-1.436508e-03	3.022501e+00
2.286000e-05	-1.287949e-03	2.851730e+00
2.287000e-05	-3.411725e-03	2.704218e+00
2.288000e-05	-2.044521e-03	2.482761e+00
2.289000e-05	-2.110317e-03	2.303839e+00
2.290000e-05	-1.581272e-03	2.148921e+00
2.291000e-05	-3.703434e-03	2.000080e+00
2.292000e-05	-3.178529e-03	1.833704e+00
2.293000e-05	-1.714796e-03	1.651735e+00
2.294000e-05	-1.633409e-03	1.493283e+00
2.295000e-05	-4.475266e-03	1.264763e+00
2.296000e-05	-4.607912e-03	1.104341e+00
2.297000e-05	-3.766040e-03	8.602894e-01
2.298000e-05	-3.525177e-03	7.228157e-01
2.299000e-05	-5.232639e-03	5.163959e-01
2.300000e-05	-4.572021e-03	3.680524e-01
2.301000e-05	-3.326112e-03	1.480962e-01
2.302000e-05	-2.961700e-03	-5.047882e-02
2.303000e-05	-5.553439e-06	-1.778247e-01
2.304000e-05	-8.696742e-04	-3.468170e-01
2.305000e-05	-3.917820e-03	-4.941591e-01
2.306000e-05	-2.818596e-03	-7.160893e-01
2.307000e-05	-4.342222e-03	-8.532054e-01
2.308000e-05	-4.143652e-03	-9.810248e-01
2.309000e-05	-4.460083e-03	-1.197850e+00
2.310000e-05	1.175094e-02	-1.369272e+00
2.311000e-05	8.159036e-02	-1.539394e+00
2.312000e-05	-2.633678e-02	-1.790374e+00
2.313000e-05	-3.808907e-02	-2.062560e+00
2.314000e-05	-6.843901e-02	-2.305639e+00
2.315000e-05	-8.370504e-02	-2.410976e+00
2.316000e-05	1.478647e-01	-2.420528e+00
2.317000e-05	-4.995369e-02	-2.600796e+00
2.318000e-05	-1.155702e-01	-2.799951e+00
2.319000e-05	1.832234e-01	-2.833583e+00
2.320000e-05	-7.302621e-02	-3.073931e+00
2.321000e-05	-4.897559e-02	-3.328242e+00
2.322000e-05	1.104553e-01	-3.441501e+00
2.323000e-05	-1.696931e-01	-3.589821e+00
2.324000e-05	2.108987e-03	-3.738843e+00
2.325000e-05	1.211911e-01	-3.927716e+00
2.326000e-05	-8.991815e-02	-4.138791e+00
2.327000e-05	5.435885e-02	-4.253609e+00
2.328000e-05	-6.586613e-02	-4.388872e+00
2.329000e-05	-6.732088e-03	-4.612426e+00
2.330000e-05	8.986124e-02	-4.735715e+00
2.331000e-05	-1.646551e-01	-4.906613e+00
2.332000e-05	5.147758e-02	-5.094687e+00
2.333000e-05	3.536485e-02	-5.214008e+00
2.334000e-05	-1.119765e-02	-5.456585e+00
2.335000e-05	6.246072e-03	-5.641479e+00
2.336000e-05	-1.096130e-01	-5.770896e+00
2.337000e-05	8.755161e-02	-5.907218e+00
2.338000e-05	-3.157845e-02	-6.053058e+00
2.339000e-05	-3.983159e-02	-6.211959e+00
2.340000e-05	2.843992e-02	-6.380400e+00
2.341000e-05	-5.680705e-02	-6.577797e+00
2.342000e-05	7.510218e-02	-6.696710e+00
2.343000e-05	-6.856800e-02	-6.801899e+00
2.344000e-05	-2.618367e-02	-6.980221e+00
2.345000e-05	1.221444e-02	-7.118215e+00
2.346000e-05	-2.885638e-02	-7.282613e+00
2.347000e-05	3.787793e-02	-7.389849e+00
2.348000e-05	-7.513359e-02	-7.536166e+00
2.349000e-05	2.207854e-02	-7.672563e+00
2.350000e-05	-9.979049e-03	-7.792403e+00
2.351000e-05	-1.553855e-02	-7.957296e+00
2.352000e-05	-1.184303e-02	-8.072558e+00
2.353000e-05	-5.115108e-02	-8.159872e+00
2.354000e-05	3.696710e-02	-8.263613e+00
2.355000e-05	-3.336089e-02	-8.368394e+00
2.356000e-05	-1.225666e-02	-8.473083e+00
2.357000e-05	-2.970047e-02	-8.588268e+00
2.358000e-05	-5.721692e-03	-8.714718e+00
2.359000e-05	2.403046e-03	-8.810955e+00
2.360000e-05	-4.399226e-02	-8.905114e+00
2.361000e-05	-9.991137e-03	-9.020329e+00
2.362000e-05	-2.230710e-02	-9.084613e+00
2.363000e-05	3.685660e-03	-9.198799e+00
2.364000e-05	-3.119907e-02	-9.260035e+00
2.365000e-05	-2.700983e-02	-9.317745e+00
2.366000e-05	-1.139705e-02	-9.472034e+00
2.367000e-05	-1.504264e-02	-9.547744e+00
2.368000e-05	-1.774319e-02	-9.622059e+00
2.369000e-05	-3.646301e-02	-9.717695e+00
2.370000e-05	-1.401410e-02	-9.771900e+00
2.371000e-05	-1.753847e-02	-9.802058e+00
2.372000e-05	-1.829489e-02	-9.886643e+00
2.373000e-05	-3.350355e-02	-1.001988e+01
2.374000e-05	-2.249586e-02	-1.007454e+01
2.375000e-05	-1.600623e-02	-1.010619e+01
2.376000e-05	-2.490459e-02	-1.015828e+01
2.377000e-05	-3.021759e-02	-1.026298e+01
2.378000e-05	-3.116721e-02	-1.029767e+01
2.379000e-05	-1.888317e-02	-1.033933e+01
2.380000e-05	-2.618462e-02	-1.042203e+01
2.381000e-05	-3.204197e-02	-1.047211e+01
2.382000e-05	-3.274561e-02	-1.047514e+01
2.383000e-05	-2.519985e-02	-1.050724e+01
2.384000e-05	-2.683691e-02	-1.056824e+01
2.385000e-05	-3.583752e-02	-1.059993e+01
2.386000e-05	-3.681550e-02	-1.058845e+01
2.387000e-05	-3.297950e-02	-1.062296e+01
2.388000e-05	-3.097811e-02	-1.061306e+01
2.389000e-05	-4.004634e-02	-1.064311e+01
2.390000e-05	-4.186581e-02	-1.061501e+01
2.391000e-05	-3.894356e-02	-1.065353e+01
2.392000e-05	-3.591955e-02	-1.066561e+01
2.393000e-05	-4.293727e-02	-1.063559e+01
2.394000e-05	-4.651405e-02	-1.068354e+01
2.395000e-05	-4.565054e-02	-1.067412e+01
2.396000e-05	-4.446121e-02	-1.068459e+01
2.397000e-05	-4.752479e-02	-1.065314e+01
2.398000e-05	-5.332551e-02	-1.068416e+01
2.399000e-05	-5.161578e-02	-1.062364e+01
2.400000e-05	-4.932071e-02	-1.064248e+01
2.401000e-05	-4.924938e-02	-1.064104e+01
2.402000e-05	-5.278967e-02	-1.063255e+01
2.403000e-05	-5.268643e-02	-1.057938e+01
2.404000e-05	-4.809204e-02	-1.058888e+01
2.405000e-05	-4.766659e-02	-1.056885e+01
2.406000e-05	-4.906086e-02	-1.051727e+01
2.407000e-05	-4.966607e-02	-1.048424e+01
2.408000e-05	-4.480458e-02	-1.044266e+01
2.409000e-05	-4.296014e-02	-1.045208e+01
2.410000e-05	-4.288021e-02	-1.035050e+01
2.411000e-05	-4.258182e-02	-1.031633e+01
2.412000e-05	-3.894440e-02	-1.028304e+01
2.413000e-05	-3.594755e-02	-1.025136e+01
2.414000e-05	-3.524540e-02	-1.014880e+01
2.415000e-05	-3.722210e-02	-1.007469e+01
2.416000e-05	-3.403364e-02	-1.002153e+01
2.417000e-05	-3.133450e-02	-9.977353e+00
2.418000e-05	-2.990402e-02	-9.904668e+00
2.419000e-05	-3.111751e-02	-9.811532e+00
2.420000e-05	-2.903819e-02	-9.757849e+00
2.421000e-05	-2.675945e-02	-9.672689e+00
2.422000e-05	-2.453640e-02	-9.610507e+00
2.423000e-05	-2.616085e-02	-9.518298e+00
2.424000e-05	-2.543326e-02	-9.453064e+00
2.425000e-05	-2.389246e-02	-9.338245e+00
2.426000e-05	-2.166072e-02	-9.221534e+00
2.427000e-05	-2.287453e-02	-9.126321e+00
2.428000e-05	-2.253744e-02	-9.031662e+00
2.429000e-05	-2.061711e-02	-8.917398e+00
2.430000e-05	-1.887488e-02	-8.852117e+00
2.431000e-05	-1.950804e-02	-8.760925e+00
2.432000e-05	-1.946070e-02	-8.683615e+00
2.433000e-05	-1.851822e-02	-8.516775e+00
2.434000e-05	-1.608188e-02	-8.412105e+00
2.435000e-05	-1.635371e-02	-8.344848e+00
2.436000e-05	-1.610450e-02	-8.242082e+00
2.437000e-05	-1.666160e-02	-8.157343e+00
2.438000e-05	-1.516291e-02	-8.021103e+00
2.439000e-05	-1.579656e-02	-7.915793e+00
2.440000e-05	-1.514657e-02	-7.766878e+00
2.441000e-05	-1.484272e-02	-7.611984e+00
2.442000e-05	-1.390293e-02	-7.494217e+00
2.443000e-05	-1.148298e-02	-7.355776e+00
2.444000e-05	-1.144359e-02	-7.221133e+00
2.445000e-05	-1.303411e-02	-7.116667e+00
2.446000e-05	-1.255987e-02	-6.937374e+00
2.447000e-05	-1.217645e-02	-6.820528e+00
2.448000e-05	-1.205610e-02	-6.716215e+00
2.449000e-05	-1.293805e-02	-6.565871e+00
2.450000e-05	-1.201365e-02	-6.431083e+00
2.451000e-05	-1.036302e-02	-6.263220e+00
2.452000e-05	-8.578220e-03	-6.053740e+00
2.453000e-05	-8.990210e-03	-5.966420e+00
2.454000e-05	-1.006806e-02	-5.789956e+00
2.455000e-05	-1.045268e-02	-5.642608e+00
2.456000e-05	-8.155407e-03	-5.514342e+00
2.457000e-05	-1.063671e-02	-5.304737e+00
2.458000e-05	-1.054978e-02	-5.104817e+00
2.459000e-05	-9.762577e-03	-4.946924e+00
2.460000e-05	-7.102527e-03	-4.715876e+00
2.461000e-05	-7.676712e-03	-4.558450e+00
2.462000e-05	-8.173280e-03	-4.431607e+00
2.463000e-05	-7.079600e-03	-4.314266e+00
2.464000e-05	-6.033194e-03	-4.138921e+00
2.465000e-05	-6.930853e-03	-4.001628e+00
2.466000e-05	-8.738434e-03	-3.861112e+00
2.467000e-05	-7.763531e-03	-3.621210e+00
2.468000e-05	-7.060287e-03	-3.505789e+00
2.469000e-05	-6.248616e-03	-3.356951e+00
2.470000e-05	-6.804459e-03	-3.209525e+00
2.471000e-05	-6.001492e-03	-2.962002e+00
2.472000e-05	-4.086495e-03	-2.801679e+00
2.473000e-05	-4.642391e-03	-2.663759e+00
2.474000e-05	-5.733030e-03	-2.503791e+00
2.475000e-05	-6.554300e-03	-2.356397e+00
2.476000e-05	-4.588029e-03	-2.136396e+00
2.477000e-05	-4.807532e-03	-1.988475e+00
2.478000e-05	-5.586121e-03	-1.800055e+00
2.479000e-05	-4.985477e-03	-1.642157e+00
2.480000e-05	-2.528675e-03	-1.462759e+00
2.481000e-05	-2.581181e-03	-1.220732e+00
2.482000e-05	-4.112477e-03	-1.052207e+00
2.483000e-05	-5.173531e-03	-8.647619e-01
2.484000e-05	-3.514454e-03	-7.048684e-01
2.485000e-05	-2.607815e-03	-5.428409e-01
2.486000e-05	-1.848118e-03	-3.373686e-01
2.487000e-05	-4.477987e-03	-2.210501e-01
2.488000e-05	1.007604e-04	5.107776e-02
2.489000e-05	5.530460e-03	1.388682e-01
2.490000e-05	5.529069e-04	3.593684e-01
2.491000e-05	3.860900e-04	5.257342e-01
2.492000e-05	-8.230688e-04	6.732089e-01
2.493000e-05	9.495491e-04	8.020723e-01
2.494000e-05	-4.767427e-05	1.002050e+00
2.495000e-05	2.508378e-03	1.230525e+00
2.496000e-05	1.397608e-02	1.371373e+00
2.497000e-05	6.211549e-02	1.642999e+00
2.498000e-05	1.456333e-02	1.873530e+00
2.499000e-05	-4.269032e-02	2.042055e+00
2.500000e-05	-4.118441e-02	2.201999e+00
2.501000e-05	-7.144372e-02	2.328367e+00
2.502000e-05	1.698077e-02	2.401028e+00
2.503000e-05	1.070160e-01	2.644426e+00
2.504000e-05	-1.245762e-01	2.819475e+00
2.505000e-05	5.703726e-02	2.915662e+00
2.506000e-05	9.582151e-02	3.106663e+00
2.507000e-05	-6.325034e-02	3.253533e+00
2.508000e-05	3.693186e-02	3.407872e+00
2.509000e-05	-2.320335e-02	3.599472e+00
2.510000e-05	-7.902523e-02	3.716770e+00
2.511000e-05	8.815805e-02	3.904664e+00
2.512000e-05	1.916979e-02	4.054079e+00
2.513000e-05	-2.452896e-02	4.272056e+00
2.514000e-05	1.944480e-02	4.443453e+00
2.515000e-05	-2.926179e-02	4.578850e+00
2.516000e-05	5.853628e-02	4.736640e+00
2.517000e-05	-2.684651e-02	4.928616e+00
2.518000e-05	-3.647481e-02	5.188324e+00
2.519000e-05	3.269394e-02	5.328267e+00
2.520000e-05	4.511870e-02	5.496162e+00
2.521000e-05	6.910065e-03	5.661025e+00
2.522000e-05	-4.632697e-02	5.830880e+00
2.523000e-05	2.073484e-02	6.020867e+00
2.524000e-05	2.607170e-02	6.134214e+00
2.525000e-05	-1.156999e-03	6.253556e+00
2.526000e-05	7.312718e-03	6.451398e+00
2.527000e-05	-7.684465e-03	6.568218e+00
2.528000e-05	2.652722e-02	6.728768e+00
2.529000e-05	2.415866e-02	6.882638e+00
2.530000e-05	-2.231967e-02	6.979420e+00
2.531000e-05	1.514447e-03	7.113186e+00
2.532000e-05	1.234130e-02	7.234054e+00
2.533000e-05	3.101633e-02	7.360301e+00
2.534000e-05	-2.506938e-03	7.559272e+00
2.535000e-05	-1.332525e-03	7.702660e+00
2.536000e-05	1.806509e-02	7.811931e+00
2.537000e-05	1.487523e-02	7.965720e+00
2.538000e-05	1.317124e-02	8.055965e+00
2.539000e-05	-1.269175e-02	8.241955e+00
2.540000e-05	1.813387e-02	8.325160e+00
2.541000e-05	2.211458e-02	8.368925e+00
2.542000e-05	1.397785e-02	8.484057e+00
2.543000e-05	-6.359231e-04	8.559345e+00
2.544000e-05	7.988599e-03	8.693083e+00
2.545000e-05	2.473858e-02	8.748242e+00
2.546000e-05	1.167471e-02	8.861079e+00
2.547000e-05	6.009051e-03	8.976741e+00
2.548000e-05	7.523277e-03	9.044458e+00
2.549000e-05	2.257228e-02	9.157800e+00
2.550000e-05	1.762929e-02	9.271054e+00
2.551000e-05	6.972209e-03	9.316271e+00
2.552000e-05	1.010064e-02	9.420430e+00
2.553000e-05	2.062416e-02	9.517163e+00
2.554000e-05	2.112324e-02	9.558348e+00
2.555000e-05	1.182975e-02	9.654007e+00
2.556000e-05	1.358606e-02	9.827746e+00
2.557000e-05	1.908253e-02	9.822830e+00
2.558000e-05	2.244180e-02	9.926694e+00
2.559000e-05	1.388552e-02	9.959955e+00
2.560000e-05	1.321226e-02	1.008313e+01
2.561000e-05	1.963454e-02	1.009719e+01
2.562000e-05	2.507648e-02	1.013877e+01
2.563000e-05	2.015087e-02	1.018998e+01
2.564000e-05	1.714936e-02	1.029459e+01
2.565000e-05	2.350554e-02	1.032674e+01
2.566000e-05	2.640416e-02	1.034785e+01
2.567000e-05	2.427446e-02	1.041190e+01
2.568000e-05	1.858004e-02	1.045208e+01
2.569000e-05	2.375104e-02	1.044261e+01
2.570000e-05	2.762702e-02	1.047711e+01
2.571000e-05	2.760001e-02	1.053669e+01
2.572000e-05	2.474885e-02	1.054825e+01
2.573000e-05	2.889103e-02	1.056032e+01
2.574000e-05	3.373251e-02	1.057138e+01
2.575000e-05	3.298899e-02	1.061083e+01
2.576000e-05	3.072596e-02	1.062291e+01
2.577000e-05	3.289288e-02	1.060291e+01
2.578000e-05	3.794601e-02	1.061236e+01
2.579000e-05	3.864764e-02	1.063396e+01
2.580000e-05	3.666753e-02	1.066291e+01
2.581000e-05	3.840447e-02	1.062151e+01
2.582000e-05	4.328391e-02	1.066253e+01
2.583000e-05	4.545957e-02	1.063198e+01
2.584000e-05	4.262449e-02	1.064046e+01
2.585000e-05	4.476109e-02	1.061086e+01
2.586000e-05	4.719590e-02	1.059038e+01
2.587000e-05	4.773508e-02	1.058830e+01
2.588000e-05	4.359819e-02	1.054887e+01
2.589000e-05	4.238485e-02	1.056879e+01
2.590000e-05	4.395653e-02	1.052619e+01
2.591000e-05	4.429365e-02	1.048424e+01
2.592000e-05	4.189422e-02	1.043209e+01
2.593000e-05	3.867305e-02	1.041353e+01
2.594000e-05	3.961754e-02	1.039890e+01
2.595000e-05	3.935845e-02	1.034782e+01
2.596000e-05	3.592324e-02	1.031627e+01
2.597000e-05	3.238184e-02	1.026456e+01
2.598000e-05	3.169894e-02	1.024095e+01
2.599000e-05	3.244457e-02	1.016688e+01
2.600000e-05	2.981926e-02	1.013574e+01
2.601000e-05	2.653821e-02	1.004266e+01
2.602000e-05	2.623545e-02	9.989524e+00
2.603000e-05	2.575208e-02	9.945795e+00
2.604000e-05	2.544070e-02	9.864011e+00
2.605000e-05	2.314300e-02	9.738320e+00
2.606000e-05	2.196421e-02	9.652158e+00
2.607000e-05	2.104824e-02	9.568973e+00
2.608000e-05	1.987220e-02	9.475237e+00
2.609000e-05	1.675164e-02	9.409978e+00
2.610000e-05	1.667478e-02	9.325744e+00
2.611000e-05	1.657290e-02	9.254161e+00
2.612000e-05	1.628100e-02	9.157949e+00
2.613000e-05	1.560211e-02	9.055235e+00
2.614000e-05	1.472475e-02	8.935852e+00
2.615000e-05	1.463789e-02	8.832661e+00
2.616000e-05	1.388639e-02	8.735851e+00
2.617000e-05	1.193340e-02	8.651611e+00
2.618000e-05	9.425305e-03	8.569421e+00
2.619000e-05	9.652808e-03	8.443211e+00
2.620000e-05	1.031368e-02	8.368423e+00
2.621000e-05	9.074411e-03	8.284607e+00
2.622000e-05	8.833789e-03	8.146850e+00
2.623000e-05	9.089896e-03	8.023160e+00
2.624000e-05	9.113795e-03	7.925292e+00
2.625000e-05	7.778945e-03	7.789876e+00
2.626000e-05	6.083128e-03	7.663713e+00
2.627000e-05	6.725984e-03	7.558899e+00
2.628000e-05	5.668526e-03	7.420526e+00
2.629000e-05	5.253744e-03	7.234138e+00
2.630000e-05	4.263989e-03	7.123796e+00
2.631000e-05	4.227034e-03	7.031027e+00
2.632000e-05	4.981062e-03	6.842708e+00
2.633000e-05	3.907868e-03	6.766897e+00
2.634000e-05	3.474760e-03	6.549425e+00
2.635000e-05	4.100518e-03	6.401650e+00
2.636000e-05	4.151894e-03	6.285212e+00
2.637000e-05	3.203069e-03	6.157919e+00
2.638000e-05	2.711842e-03	6.031530e+00
2.639000e-05	1.924247e-03	5.907188e+00
2.640000e-05	2.517248e-03	5.702163e+00
2.641000e-05	8.280954e-04	5.567820e+00
2.642000e-05	1.044213e-03	5.380029e+00
2.643000e-05	2.216758e-03	5.232202e+00
2.644000e-05	7.665385e-04	4.998535e+00
2.645000e-05	2.399211e-03	4.810153e+00
2.646000e-05	-1.861051e-05	4.653183e+00
2.647000e-05	2.465898e-03	4.524814e+00
2.648000e-05	-3.458409e-05	4.379474e+00
2.649000e-05	1.096980e-03	4.217055e+00
2.650000e-05	-2.861860e-03	3.979579e+00
2.651000e-05	-5.800600e-04	3.903233e+00
2.652000e-05	-1.427530e-03	3.704781e+00
2.653000e-05	-1.074651e-03	3.548973e+00
2.654000e-05	-1.576193e-03	3.356474e+00
2.655000e-05	7.667868e-04	3.180529e+00
2.656000e-05	7.767734e-04	3.071178e+00
2.657000e-05	-1.858415e-04	2.903237e+00
2.658000e-05	-2.536935e-03	2.746897e+00
2.659000e-05	-3.901319e-03	2.545765e+00
2.660000e-05	-2.860793e-03	2.315969e+00
2.661000e-05	-3.855512e-03	2.179976e+00
2.662000e-05	-3.759174e-03	2.031707e+00
2.663000e-05	-2.832255e-03	1.883811e+00
2.664000e-05	-6.205349e-04	1.703838e+00
2.665000e-05	-1.354553e-03	1.477290e+00
2.666000e-05	-3.187532e-03	1.316342e+00
2.667000e-05	-4.982731e-03	1.156496e+00
2.668000e-05	-3.278657e-03	9.444451e-01
2.669000e-05	-4.355911e-03	7.670196e-01
2.670000e-05	-5.309797e-03	5.380236e-01
2.671000e-05	-4.666955e-03	4.196251e-01
2.672000e-05	-2.907276e-03	2.507242e-01
2.673000e-05	-3.476357e-03	9.602823e-03
2.674000e-05	-1.651488e-03	-1.388182e-01
2.675000e-05	1.876557e-03	-3.256880e-01
2.676000e-05	-2.615903e-03	-4.435065e-01
2.677000e-05	1.398401e-03	-6.425276e-01
2.678000e-05	-7.490847e-03	-8.025515e-01
2.679000e-05	-3.264480e-03	-9.698934e-01
2.680000e-05	-6.956607e-03	-1.126318e+00
2.681000e-05	7.598511e-03	-1.316209e+00
2.682000e-05	6.771735e-02	-1.507141e+00
2.683000e-05	8.727888e-03	-1.748217e+00
2.684000e-05	-4.778846e-02	-2.021347e+00
2.685000e-05	-4.907767e-02	-2.282003e+00
2.686000e-05	-1.078165e-01	-2.400999e+00
2.687000e-05	1.116424e-01	-2.410478e+00
2.688000e-05	2.795751e-02	-2.526217e+00
2.689000e-05	-1.685591e-01	-2.779370e+00
2.690000e-05	1.748869e-01	-2.862034e+00
2.691000e-05	-2.873176e-03	-3.001871e+00
2.692000e-05	-1.053100e-01	-3.316110e+00
2.693000e-05	1.217532e-01	-3.391006e+00
2.694000e-05	-1.159741e-01	-3.567765e+00
2.695000e-05	-8.655598e-02	-3.757713e+00
2.696000e-05	1.520635e-01	-3.844537e+00
2.697000e-05	-6.799907e-02	-4.093714e+00
2.698000e-05	2.640348e-02	-4.242083e+00
2.699000e-05	-1.627680e-02	-4.328242e+00
2.700000e-05	-6.675050e-02	-4.588792e+00
2.701000e-05	1.210028e-01	-4.716266e+00
2.702000e-05	-1.385077e-01	-4.864480e+00
2.703000e-05	-1.657620e-02	-5.053058e+00
2.704000e-05	7.235218e-02	-5.190323e+00
2.705000e-05	-2.690059e-02	-5.452436e+00
2.706000e-05	3.243604e-02	-5.610426e+00
2.707000e-05	-1.083002e-01	-5.748317e+00
2.708000e-05	4.577984e-02	-5.915698e+00
2.709000e-05	2.277755e-02	-6.002054e+00
2.710000e-05	-7.977798e-02	-6.212378e+00
2.711000e-05	4.395872e-02	-6.388822e+00
2.712000e-05	-6.574143e-02	-6.486719e+00
2.713000e-05	5.553550e-02	-6.684610e+00
2.714000e-05	-2.160148e-02	-6.768874e+00
2.715000e-05	-6.579314e-02	-6.967142e+00
2.716000e-05	3.626117e-02	-7.095089e+00
2.717000e-05	-4.577463e-02	-7.261982e+00
2.718000e-05	4.521991e-02	-7.356897e+00
2.719000e-05	-6.147993e-02	-7.474637e+00
2.720000e-05	-8.762870e-03	-7.643408e+00
2.721000e-05	1.203402e-02	-7.745245e+00
2.722000e-05	-3.422105e-02	-7.936718e+00
2.723000e-05	6.812968e-03	-8.052080e+00
2.724000e-05	-6.258066e-02	-8.159295e+00
2.725000e-05	3.271783e-02	-8.232008e+00
2.726000e-05	-1.599125e-02	-8.357671e+00
2.727000e-05	-2.149642e-02	-8.450583e+00
2.728000e-05	-2.166674e-02	-8.558169e+00
2.729000e-05	-2.322373e-02	-8.675142e+00
2.730000e-05	1.352017e-02	-8.787899e+00
2.731000e-05	-4.343496e-02	-8.904110e+00
2.732000e-05	-1.268601e-02	-8.948827e+00
2.733000e-05	-2.207566e-02	-9.093038e+00
2.734000e-05	1.435250e-03	-9.157796e+00
2.735000e-05	-1.976205e-02	-9.241055e+00
2.736000e-05	-3.486166e-02	-9.296172e+00
2.737000e-05	-1.155224e-02	-9.430858e+00
2.738000e-05	-1.540687e-02	-9.556698e+00
2.739000e-05	-1.168015e-02	-9.601483e+00
2.740000e-05	-3.550327e-02	-9.686637e+00
2.741000e-05	-1.928964e-02	-9.740275e+00
2.742000e-05	-1.629310e-02	-9.821982e+00
2.743000e-05	-1.725919e-02	-9.904716e+00
2.744000e-05	-3.020246e-02	-9.947924e+00
2.745000e-05	-2.706048e-02	-1.001301e+01
2.746000e-05	-1.472199e-02	-1.009564e+01
2.747000e-05	-2.183753e-02	-1.013676e+01
2.748000e-05	-2.700792e-02	-1.024291e+01
2.749000e-05	-3.270430e-02	-1.028617e+01
2.750000e-05	-2.150314e-02	-1.037732e+01
2.751000e-05	-2.472180e-02	-1.036941e+01
2.752000e-05	-3.150328e-02	-1.043453e+01
2.753000e-05	-3.448544e-02	-1.050559e+01
2.754000e-05	-2.742521e-02	-1.051772e+01
2.755000e-05	-2.487439e-02	-1.055935e+01
2.756000e-05	-3.241318e-02	-1.056890e+01
2.757000e-05	-3.712074e-02	-1.056145e+01
2.758000e-05	-3.413317e-02	-1.063095e+01
2.759000e-05	-2.976051e-02	-1.060198e+01
2.760000e-05	-3.911514e-02	-1.061404e+01
2.761000e-05	-4.243744e-02	-1.066354e+01
2.762000e-05	-4.096017e-02	-1.066516e+01
2.763000e-05	-3.591834e-02	-1.064514e+01
2.764000e-05	-4.151163e-02	-1.069319e+01
2.765000e-05	-4.617329e-02	-1.066462e+01
2.766000e-05	-4.640091e-02	-1.067517e+01
2.767000e-05	-4.409444e-02	-1.066512e+01
2.768000e-05	-4.602412e-02	-1.068564e+01
2.769000e-05	-5.259831e-02	-1.062461e+01
2.770000e-05	-5.196191e-02	-1.069354e+01
2.771000e-05	-5.029837e-02	-1.065261e+01
2.772000e-05	-5.028116e-02	-1.065258e+01
2.773000e-05	-5.343604e-02	-1.060093e+01
2.774000e-05	-5.317194e-02	-1.060043e+01
2.775000e-05	-4.900555e-02	-1.058090e+01
2.776000e-05	-4.779388e-02	-1.057738e+01
2.777000e-05	-4.718380e-02	-1.054822e+01
2.778000e-05	-4.924331e-02	-1.051527e+01
2.779000e-05	-4.578341e-02	-1.047416e+01
2.780000e-05	-4.440167e-02	-1.041456e+01
2.781000e-05	-4.287922e-02	-1.033998e+01
2.782000e-05	-4.419571e-02	-1.037835e+01
2.783000e-05	-3.985115e-02	-1.032477e+01
2.784000e-05	-3.685433e-02	-1.024244e+01
2.785000e-05	-3.529675e-02	-1.017785e+01
2.786000e-05	-3.715317e-02	-1.009374e+01
2.787000e-05	-3.289922e-02	-1.003109e+01
2.788000e-05	-3.098203e-02	-9.988400e+00
2.789000e-05	-3.076406e-02	-9.915742e+00
2.790000e-05	-3.174359e-02	-9.822555e+00
2.791000e-05	-2.978499e-02	-9.789375e+00
2.792000e-05	-2.831026e-02	-9.665745e+00
2.793000e-05	-2.581047e-02	-9.621607e+00
2.794000e-05	-2.589673e-02	-9.559302e+00
2.795000e-05	-2.432050e-02	-9.474084e+00
2.796000e-05	-2.271841e-02	-9.347377e+00
2.797000e-05	-2.105140e-02	-9.223663e+00
2.798000e-05	-2.217720e-02	-9.157376e+00
2.799000e-05	-2.343363e-02	-9.093686e+00
2.800000e-05	-2.132500e-02	-9.007898e+00
2.801000e-05	-1.978015e-02	-8.861639e+00
2.802000e-05	-1.906880e-02	-8.818950e+00
2.803000e-05	-1.920998e-02	-8.735642e+00
2.804000e-05	-1.844475e-02	-8.568905e+00
2.805000e-05	-1.593424e-02	-8.444661e+00
2.806000e-05	-1.586366e-02	-8.347427e+00
2.807000e-05	-1.555542e-02	-8.232084e+00
2.808000e-05	-1.560356e-02	-8.147898e+00
2.809000e-05	-1.502994e-02	-8.052635e+00
2.810000e-05	-1.410832e-02	-7.968847e+00
2.811000e-05	-1.385312e-02	-7.819955e+00
2.812000e-05	-1.476814e-02	-7.623159e+00
2.813000e-05	-1.554779e-02	-7.535268e+00
2.814000e-05	-1.401834e-02	-7.368551e+00
2.815000e-05	-1.241004e-02	-7.264159e+00
2.816000e-05	-1.191354e-02	-7.147898e+00
2.817000e-05	-1.141718e-02	-6.980029e+00
2.818000e-05	-1.162683e-02	-6.851587e+00
2.819000e-05	-9.993915e-03	-6.694267e+00
2.820000e-05	-1.293211e-02	-6.569478e+00
2.821000e-05	-1.251764e-02	-6.453084e+00
2.822000e-05	-1.184400e-02	-6.335342e+00
2.823000e-05	-8.733311e-03	-6.145770e+00
2.824000e-05	-9.645883e-03	-5.958926e+00
2.825000e-05	-9.541091e-03	-5.841104e+00
2.826000e-05	-9.483338e-03	-5.705690e+00
2.827000e-05	-9.247630e-03	-5.556369e+00
2.828000e-05	-1.034591e-02	-5.356398e+00
2.829000e-05	-9.484022e-03	-5.127951e+00
2.830000e-05	-7.687495e-03	-4.969532e+00
2.831000e-05	-6.715760e-03	-4.777075e+00
2.832000e-05	-7.671198e-03	-4.622580e+00
2.833000e-05	-8.897379e-03	-4.483739e+00
2.834000e-05	-8.965638e-03	-4.356921e+00
2.835000e-05	-7.973430e-03	-4.201070e+00
2.836000e-05	-8.091685e-03	-4.042111e+00
2.837000e-05	-7.874112e-03	-3.906316e+00
2.838000e-05	-6.082740e-03	-3.704860e+00
2.839000e-05	-5.196352e-03	-3.575373e+00
2.840000e-05	-5.807911e-03	-3.380501e+00
2.841000e-05	-7.097218e-03	-3.202007e+00
2.842000e-05	-7.220008e-03	-3.034158e+00
2.843000e-05	-7.090448e-03	-2.872634e+00
2.844000e-05	-6.309127e-03	-2.685262e+00
2.845000e-05	-5.621458e-03	-2.557845e+00
2.846000e-05	-5.576401e-03	-2.430546e+00
2.847000e-05	-2.993835e-03	-2.158627e+00
2.848000e-05	-4.084627e-03	-2.000482e+00
2.849000e-05	-4.498435e-03	-1.861684e+00
2.850000e-05	-5.412153e-03	-1.684693e+00
2.851000e-05	-4.674671e-03	-1.537946e+00
2.852000e-05	-5.017576e-03	-1.282338e+00
2.853000e-05	-4.339002e-03	-1.085368e+00
2.854000e-05	-4.907308e-03	-9.258422e-01
2.855000e-05	-2.992324e-03	-7.893975e-01
2.856000e-05	-1.968175e-03	-5.379749e-01
2.857000e-05	-1.413685e-03	-3.614973e-01
2.858000e-05	-3.514896e-03	-2.120778e-01
2.859000e-05	-9.708797e-04	-5.273064e-02
2.860000e-05	3.006812e-03	9.728677e-02
2.861000e-05	5.209149e-04	3.466944e-01
2.862000e-05	-2.451945e-03	4.531580e-01
2.863000e-05	1.236899e-04	6.010528e-01
2.864000e-05	6.918388e-04	7.389235e-01
2.865000e-05	3.633587e-03	9.773470e-01
2.866000e-05	2.445997e-03	1.169374e+00
2.867000e-05	1.262478e-02	1.347837e+00
2.868000e-05	5.024967e-02	1.547892e+00
2.869000e-05	3.734354e-02	1.832478e+00
2.870000e-05	-4.395154e-02	2.010028e+00
2.871000e-05	-4.243571e-02	2.189318e+00
2.872000e-05	-6.263616e-02	2.315216e+00
2.873000e-05	-2.226387e-02	2.401529e+00
2.874000e-05	1.285357e-01	2.540341e+00
2.875000e-05	-8.310971e-02	2.769400e+00
2.876000e-05	-2.100199e-02	2.864660e+00
2.877000e-05	1.388756e-01	3.052556e+00
2.878000e-05	-4.996435e-02	3.211050e+00
2.879000e-05	-9.505057e-04	3.359268e+00
2.880000e-05	2.557279e-02	3.557218e+00
2.881000e-05	-1.038711e-01	3.673738e+00
2.882000e-05	6.436975e-02	3.853133e+00
2.883000e-05	5.318590e-02	4.052480e+00
2.884000e-05	-3.266868e-02	4.212398e+00
2.885000e-05	2.219800e-02	4.388871e+00
2.886000e-05	-3.348089e-02	4.578270e+00
2.887000e-05	4.392610e-02	4.727187e+00
2.888000e-05	3.510530e-03	4.904537e+00
2.889000e-05	-5.209556e-02	5.116717e+00
2.890000e-05	2.253546e-02	5.285141e+00
2.891000e-05	4.625924e-02	5.444982e+00
2.892000e-05	2.031353e-02	5.601322e+00
2.893000e-05	-4.013777e-02	5.787316e+00
2.894000e-05	-4.590458e-03	5.948745e+00
2.895000e-05	3.802598e-02	6.064109e+00
2.896000e-05	-4.489055e-03	6.210952e+00
2.897000e-05	1.071260e-02	6.350871e+00
2.898000e-05	-7.761282e-03	6.518188e+00
2.899000e-05	1.661550e-02	6.694616e+00
2.900000e-05	3.584493e-02	6.843054e+00
2.901000e-05	-2.013245e-02	6.959371e+00
2.902000e-05	-3.889970e-03	7.064611e+00
2.903000e-05	4.607302e-03	7.211024e+00
2.904000e-05	3.129708e-02	7.376692e+00
2.905000e-05	5.592601e-03	7.467218e+00
2.906000e-05	-7.189878e-03	7.662583e+00
2.907000e-05	1.407843e-02	7.799425e+00
2.908000e-05	1.710840e-02	7.906067e+00
2.909000e-05	1.689546e-02	8.081560e+00
2.910000e-05	-1.084153e-02	8.219300e+00
2.911000e-05	9.019329e-03	8.265063e+00
2.912000e-05	2.361935e-02	8.368873e+00
2.913000e-05	1.817737e-02	8.411506e+00
2.914000e-05	9.448391e-04	8.597296e+00
2.915000e-05	2.807475e-03	8.622607e+00
2.916000e-05	2.173210e-02	8.734222e+00
2.917000e-05	1.732445e-02	8.791503e+00
2.918000e-05	6.623442e-03	8.937267e+00
2.919000e-05	5.805280e-03	9.042363e+00
2.920000e-05	1.910131e-02	9.096289e+00
2.921000e-05	2.184612e-02	9.240853e+00
2.922000e-05	9.230638e-03	9.317210e+00
2.923000e-05	6.441049e-03	9.399373e+00
2.924000e-05	1.654917e-02	9.464112e+00
2.925000e-05	2.210719e-02	9.557272e+00
2.926000e-05	1.411447e-02	9.633532e+00
2.927000e-05	1.100622e-02	9.706687e+00
2.928000e-05	1.766951e-02	9.830934e+00
2.929000e-05	2.475830e-02	9.894637e+00
2.930000e-05	1.880061e-02	9.991371e+00
2.931000e-05	1.400091e-02	1.007253e+01
2.932000e-05	1.541381e-02	1.008519e+01
2.933000e-05	2.418584e-02	1.015877e+01
2.934000e-05	2.060961e-02	1.022185e+01
2.935000e-05	1.685177e-02	1.026455e+01
2.936000e-05	1.984261e-02	1.030572e+01
2.937000e-05	2.723297e-02	1.032830e+01
2.938000e-05	2.724559e-02	1.037138e+01
2.939000e-05	2.175021e-02	1.041166e+01
2.940000e-05	2.272285e-02	1.046261e+01
2.941000e-05	2.742078e-02	1.048614e+01
2.942000e-05	2.964045e-02	1.054919e+01
2.943000e-05	2.595477e-02	1.055675e+01
2.944000e-05	2.619319e-02	1.058875e+01
2.945000e-05	3.226165e-02	1.056930e+01
2.946000e-05	3.468887e-02	1.057090e+01
2.947000e-05	3.207269e-02	1.064243e+01
2.948000e-05	3.087382e-02	1.063186e+01
2.949000e-05	3.761060e-02	1.061296e+01
2.950000e-05	4.014012e-02	1.063246e+01
2.951000e-05	3.960736e-02	1.066249e+01
2.952000e-05	3.754726e-02	1.066406e+01
2.953000e-05	4.112703e-02	1.066214e+01
2.954000e-05	4.431681e-02	1.066296e+01
2.955000e-05	4.258469e-02	1.062251e+01
2.956000e-05	4.165121e-02	1.060193e+01
2.957000e-05	4.521130e-02	1.056098e+01
2.958000e-05	4.964171e-02	1.058835e+01
2.959000e-05	4.761753e-02	1.060825e+01
2.960000e-05	4.455794e-02	1.059827e+01
2.961000e-05	4.304401e-02	1.050525e+01
2.962000e-05	4.327636e-02	1.048371e+01
2.963000e-05	4.090162e-02	1.044169e+01
2.964000e-05	3.730429e-02	1.041106e+01
2.965000e-05	3.717778e-02	1.041888e+01
2.966000e-05	3.963644e-02	1.032787e+01
2.967000e-05	3.897039e-02	1.029625e+01
2.968000e-05	3.501268e-02	1.028356e+01
2.969000e-05	3.239681e-02	1.024051e+01
2.970000e-05	3.178409e-02	1.018842e+01
2.971000e-05	3.019654e-02	1.010669e+01
2.972000e-05	2.682233e-02	1.006264e+01
2.973000e-05	2.482747e-02	1.002050e+01
2.974000e-05	2.604023e-02	9.978846e+00
2.975000e-05	2.621608e-02	9.884039e+00
2.976000e-05	2.353447e-02	9.728898e+00
2.977000e-05	2.163911e-02	9.673166e+00
2.978000e-05	2.084501e-02	9.559453e+00
2.979000e-05	2.041991e-02	9.485241e+00
2.980000e-05	1.795078e-02	9.400059e+00
2.981000e-05	1.625326e-02	9.358344e+00
2.982000e-05	1.570862e-02	9.252660e+00
2.983000e-05	1.677070e-02	9.171021e+00
2.984000e-05	1.597251e-02	9.114718e+00
2.985000e-05	1.338492e-02	9.000381e+00
2.986000e-05	1.263327e-02	8.842760e+00
2.987000e-05	1.382793e-02	8.750998e+00
2.988000e-05	1.350537e-02	8.683191e+00
2.989000e-05	1.104105e-02	8.589449e+00
2.990000e-05	1.121652e-02	8.454215e+00
2.991000e-05	1.077658e-02	8.400452e+00
2.992000e-05	1.043974e-02	8.313712e+00
2.993000e-05	8.328704e-03	8.168554e+00
2.994000e-05	7.300156e-03	8.085637e+00
2.995000e-05	8.085401e-03	7.927849e+00
2.996000e-05	8.470137e-03	7.800556e+00
2.997000e-05	7.597721e-03	7.684769e+00
2.998000e-05	6.494142e-03	7.608908e+00
2.999000e-05	6.733489e-03	7.442662e+00
3.000000e-05	7.464791e-03	7.274281e+00
3.001000e-05	6.201628e-03	7.187948e+00
3.002000e-05	4.165119e-03	7.011000e+00
3.003000e-05	4.170594e-03	6.895292e+00
3.004000e-05	4.325141e-03	6.779972e+00
3.005000e-05	3.756824e-03	6.650588e+00
3.006000e-05	2.945790e-03	6.442312e+00
3.007000e-05	4.705207e-03	6.327298e+00
3.008000e-05	4.562453e-03	6.189999e+00
3.009000e-05	4.326425e-03	6.062081e+00
3.010000e-05	2.266942e-03	5.956419e+00
3.011000e-05	1.745586e-03	5.738996e+00
3.012000e-05	2.037222e-03	5.569946e+00
3.013000e-05	1.283473e-03	5.401177e+00
3.014000e-05	1.747632e-04	5.252662e+00
3.015000e-05	2.039763e-03	5.044292e+00
3.016000e-05	1.231328e-03	4.871756e+00
3.017000e-05	1.392727e-03	4.714213e+00
3.018000e-05	4.036448e-04	4.548395e+00
3.019000e-05	1.129433e-03	4.418478e+00
3.020000e-05	1.665602e-04	4.230659e+00
3.021000e-05	-4.946978e-04	4.050731e+00
3.022000e-05	-7.593023e-04	3.905263e+00
3.023000e-05	-1.353484e-03	3.705394e+00
3.024000e-05	-2.563936e-03	3.620077e+00
3.025000e-05	-2.620864e-03	3.420107e+00
3.026000e-05	-1.504739e-03	3.201107e+00
3.027000e-05	-3.089177e-04	3.103786e+00
3.028000e-05	-1.212371e-03	2.913317e+00
3.029000e-05	-1.309394e-03	2.788427e+00
3.030000e-05	-1.261380e-03	2.569078e+00
3.031000e-05	-2.790760e-03	2.398499e+00
3.032000e-05	-2.544801e-03	2.231185e+00
3.033000e-05	-4.652969e-03	2.044233e+00
3.034000e-05	-4.277793e-03	1.896392e+00
3.035000e-05	-3.878994e-03	1.716466e+00
3.036000e-05	-3.321691e-03	1.577451e+00
3.037000e-05	-3.236885e-03	1.349000e+00
3.038000e-05	-2.828646e-03	1.220130e+00
3.039000e-05	-2.645890e-03	9.490459e-01
3.040000e-05	-3.485347e-03	7.680713e-01
3.041000e-05	-4.364651e-03	5.911766e-01
3.042000e-05	-4.381786e-03	4.731817e-01
3.043000e-05	-5.195914e-03	2.743357e-01
3.044000e-05	-5.321373e-03	4.163214e-02
3.045000e-05	-3.328868e-03	-1.142130e-01
3.046000e-05	1.383452e-03	-2.425802e-01
3.047000e-05	-1.275700e-03	-4.004263e-01
3.048000e-05	-9.164201e-04	-5.887972e-01
3.049000e-05	-4.219792e-03	-8.293958e-01
3.050000e-05	-3.746240e-03	-9.477207e-01
3.051000e-05	-4.393257e-03	-1.093136e+00
3.052000e-05	1.391387e-03	-1.242083e+00
3.053000e-05	4.775331e-02	-1.494014e+00
3.054000e-05	4.262854e-02	-1.666055e+00
3.055000e-05	-5.557238e-02	-1.967216e+00
3.056000e-05	-3.649100e-02	-2.180404e+00
3.057000e-05	-1.086531e-01	-2.379850e+00
3.058000e-05	5.172210e-02	-2.400526e+00
3.059000e-05	9.739612e-02	-2.482533e+00
3.060000e-05	-1.808468e-01	-2.727165e+00
3.061000e-05	1.051517e-01	-2.812600e+00
3.062000e-05	7.563058e-02	-2.905692e+00
3.063000e-05	-1.351075e-01	-3.273504e+00
3.064000e-05	9.597458e-02	-3.370976e+00
3.065000e-05	-3.929084e-02	-3.495663e+00
3.066000e-05	-1.572855e-01	-3.684633e+00
3.067000e-05	1.453908e-01	-3.831429e+00
3.068000e-05	-1.743677e-02	-4.023029e+00
3.069000e-05	-1.906738e-02	-4.241481e+00
3.070000e-05	2.987049e-02	-4.264712e+00
3.071000e-05	-1.019111e-01	-4.527189e+00
3.072000e-05	1.175168e-01	-4.684163e+00
3.073000e-05	-7.391605e-02	-4.799847e+00
3.074000e-05	-8.965727e-02	-5.031960e+00
3.075000e-05	9.803003e-02	-5.087247e+00
3.076000e-05	-3.071877e-02	-5.359596e+00
3.077000e-05	3.584507e-02	-5.608895e+00
3.078000e-05	-8.584048e-02	-5.664137e+00
3.079000e-05	-1.006576e-02	-5.895063e+00
3.080000e-05	7.399076e-02	-5.999426e+00
3.081000e-05	-9.498924e-02	-6.188800e+00
3.082000e-05	3.808824e-02	-6.358816e+00
3.083000e-05	-4.816153e-02	-6.494561e+00
3.084000e-05	1.863609e-02	-6.684027e+00
3.085000e-05	2.811027e-02	-6.727822e+00
3.086000e-05	-9.826731e-02	-6.864638e+00
3.087000e-05	3.920969e-02	-7.023384e+00
3.088000e-05	-4.415941e-02	-7.230402e+00
3.089000e-05	3.454397e-02	-7.346793e+00
3.090000e-05	-3.117156e-02	-7.433030e+00
3.091000e-05	-4.165229e-02	-7.590425e+00
3.092000e-05	3.286617e-02	-7.729118e+00
3.093000e-05	-4.171154e-02	-7.886141e+00
3.094000e-05	1.364824e-02	-8.020453e+00
3.095000e-05	-6.198340e-02	-8.126191e+00
3.096000e-05	9.988845e-03	-8.222005e+00
3.097000e-05	5.123517e-03	-8.326646e+00
3.098000e-05	-3.344593e-02	-8.420603e+00
3.099000e-05	-1.176210e-02	-8.508686e+00
3.100000e-05	-3.314469e-02	-8.633537e+00
3.101000e-05	1.990877e-02	-8.748273e+00
3.102000e-05	-3.490851e-02	-8.883059e+00
3.103000e-05	-2.445055e-02	-8.966223e+00
3.104000e-05	-1.878981e-02	-9.032508e+00
3.105000e-05	-7.127517e-03	-9.128220e+00
3.106000e-05	-9.759039e-03	-9.202028e+00
3.107000e-05	-4.077945e-02	-9.324637e+00
3.108000e-05	-1.229678e-02	-9.421826e+00
3.109000e-05	-1.455658e-02	-9.506690e+00
3.110000e-05	-9.409150e-03	-9.610874e+00
3.111000e-05	-3.254894e-02	-9.694589e+00
3.112000e-05	-2.463023e-02	-9.756723e+00
3.113000e-05	-1.307277e-02	-9.831381e+00
3.114000e-05	-1.785588e-02	-9.885537e+00
3.115000e-05	-2.738365e-02	-9.938847e+00
3.116000e-05	-3.324442e-02	-1.003203e+01
3.117000e-05	-1.581330e-02	-1.008619e+01
3.118000e-05	-2.015191e-02	-1.015817e+01
3.119000e-05	-2.479025e-02	-1.021235e+01
3.120000e-05	-3.210316e-02	-1.032556e+01
3.121000e-05	-2.234569e-02	-1.030615e+01
3.122000e-05	-2.083833e-02	-1.040095e+01
3.123000e-05	-2.954932e-02	-1.041051e+01
3.124000e-05	-3.527206e-02	-1.046516e+01
3.125000e-05	-3.047981e-02	-1.052624e+01
3.126000e-05	-2.428628e-02	-1.056832e+01
3.127000e-05	-3.099105e-02	-1.055880e+01
3.128000e-05	-3.689615e-02	-1.061043e+01
3.129000e-05	-3.428828e-02	-1.061245e+01
3.130000e-05	-2.763104e-02	-1.063003e+01
3.131000e-05	-3.476549e-02	-1.063403e+01
3.132000e-05	-4.193550e-02	-1.064256e+01
3.133000e-05	-4.042611e-02	-1.065406e+01
3.134000e-05	-3.542415e-02	-1.065362e+01
3.135000e-05	-3.919356e-02	-1.067561e+01
3.136000e-05	-4.734943e-02	-1.068359e+01
3.137000e-05	-4.714680e-02	-1.069361e+01
3.138000e-05	-4.375735e-02	-1.064311e+01
3.139000e-05	-4.320650e-02	-1.065606e+01
3.140000e-05	-5.227164e-02	-1.069316e+01
3.141000e-05	-5.187236e-02	-1.064409e+01
3.142000e-05	-4.904127e-02	-1.065256e+01
3.143000e-05	-4.847498e-02	-1.061309e+01
3.144000e-05	-5.454278e-02	-1.063406e+01
3.145000e-05	-5.529701e-02	-1.062156e+01
3.146000e-05	-4.954630e-02	-1.061043e+01
3.147000e-05	-4.612744e-02	-1.057880e+01
3.148000e-05	-4.989761e-02	-1.051682e+01
3.149000e-05	-4.903384e-02	-1.052767e+01
3.150000e-05	-4.540032e-02	-1.050564e+01
3.151000e-05	-4.138797e-02	-1.042104e+01
3.152000e-05	-4.473584e-02	-1.038096e+01
3.153000e-05	-4.604210e-02	-1.032898e+01
3.154000e-05	-4.235785e-02	-1.029659e+01
3.155000e-05	-3.604757e-02	-1.025459e+01
3.156000e-05	-3.629311e-02	-1.019036e+01
3.157000e-05	-3.698742e-02	-1.009519e+01
3.158000e-05	-3.475558e-02	-1.001211e+01
3.159000e-05	-2.915773e-02	-1.000040e+01
3.160000e-05	-3.094454e-02	-9.927246e+00
3.161000e-05	-3.272545e-02	-9.854562e+00
3.162000e-05	-3.182938e-02	-9.798374e+00
3.163000e-05	-2.736761e-02	-9.726291e+00
3.164000e-05	-2.557596e-02	-9.622136e+00
3.165000e-05	-2.574806e-02	-9.589479e+00
3.166000e-05	-2.589599e-02	-9.444191e+00
3.167000e-05	-2.300575e-02	-9.420384e+00
3.168000e-05	-2.223926e-02	-9.233165e+00
3.169000e-05	-2.268820e-02	-9.189000e+00
3.170000e-05	-2.426248e-02	-9.116192e+00
3.171000e-05	-2.051818e-02	-9.029929e+00
3.172000e-05	-1.889947e-02	-8.866216e+00
3.173000e-05	-1.801837e-02	-8.819502e+00
3.174000e-05	-1.922942e-02	-8.755269e+00
3.175000e-05	-1.813186e-02	-8.590429e+00
3.176000e-05	-1.678704e-02	-8.454741e+00
3.177000e-05	-1.703667e-02	-8.397978e+00
3.178000e-05	-1.856030e-02	-8.305142e+00
3.179000e-05	-1.643382e-02	-8.188927e+00
3.180000e-05	-1.427859e-02	-8.073686e+00
3.181000e-05	-1.232594e-02	-7.959451e+00
3.182000e-05	-1.389224e-02	-7.802538e+00
3.183000e-05	-1.307127e-02	-7.644142e+00
3.184000e-05	-1.307629e-02	-7.546899e+00
3.185000e-05	-1.293944e-02	-7.402634e+00
3.186000e-05	-1.436921e-02	-7.264719e+00
3.187000e-05	-1.467418e-02	-7.160425e+00
3.188000e-05	-1.129630e-02	-7.022084e+00
3.189000e-05	-1.153790e-02	-6.863138e+00
3.190000e-05	-8.583869e-03	-6.747399e+00
3.191000e-05	-1.092233e-02	-6.630576e+00
3.192000e-05	-9.769835e-03	-6.473740e+00
3.193000e-05	-1.078157e-02	-6.346821e+00
3.194000e-05	-9.447946e-03	-6.178925e+00
3.195000e-05	-1.228857e-02	-5.979952e+00
3.196000e-05	-1.180362e-02	-5.864208e+00
3.197000e-05	-9.968056e-03	-5.705263e+00
3.198000e-05	-8.933438e-03	-5.560001e+00
3.199000e-05	-9.000602e-03	-5.439558e+00
3.200000e-05	-8.159715e-03	-5.190053e+00
3.201000e-05	-6.281454e-03	-5.022612e+00
3.202000e-05	-6.420866e-03	-4.829664e+00
3.203000e-05	-8.157590e-03	-4.622662e+00
3.204000e-05	-9.457818e-03	-4.466317e+00
3.205000e-05	-9.874625e-03	-4.390000e+00
3.206000e-05	-8.316801e-03	-4.251079e+00
3.207000e-05	-8.594829e-03	-4.034238e+00
3.208000e-05	-7.307310e-03	-3.924897e+00
3.209000e-05	-6.736203e-03	-3.726448e+00
3.210000e-05	-4.800125e-03	-3.586426e+00
3.211000e-05	-6.559207e-03	-3.421128e+00
3.212000e-05	-5.565510e-03	-3.242189e+00
3.213000e-05	-7.327697e-03	-3.114792e+00
3.214000e-05	-6.406635e-03	-2.864841e+00
3.215000e-05	-7.957552e-03	-2.738350e+00
3.216000e-05	-6.765515e-03	-2.588527e+00
3.217000e-05	-6.087993e-03	-2.400127e+00
3.218000e-05	-4.559820e-03	-2.222135e+00
3.219000e-05	-4.437418e-03	-2.023131e+00
3.220000e-05	-4.311968e-03	-1.923715e+00
3.221000e-05	-4.874650e-03	-1.766321e+00
3.222000e-05	-4.252117e-03	-1.580450e+00
3.223000e-05	-4.997592e-03	-1.325894e+00
3.224000e-05	-5.402501e-03	-1.146346e+00
3.225000e-05	-4.954974e-03	-9.495001e-01
3.226000e-05	-4.523798e-03	-8.216266e-01
3.227000e-05	-3.410553e-03	-6.297104e-01
3.228000e-05	-2.815041e-03	-4.206026e-01
3.229000e-05	-2.250813e-03	-2.512369e-01
3.230000e-05	-6.250958e-04	-8.376316e-02
3.231000e-05	1.064187e-03	5.515789e-02
3.232000e-05	2.861169e-03	2.726591e-01
3.233000e-05	-1.148574e-03	4.431053e-01
3.234000e-05	1.555721e-03	5.993749e-01
3.235000e-05	-1.350481e-03	7.372970e-01
3.236000e-05	-1.489253e-04	8.973356e-01
3.237000e-05	-3.653486e-04	1.157241e+00
3.238000e-05	7.735259e-03	1.326182e+00
3.239000e-05	3.651255e-02	1.533638e+00
3.240000e-05	5.580218e-02	1.729321e+00
3.241000e-05	-3.292345e-02	1.969821e+00
3.242000e-05	-3.728222e-02	2.137262e+00
3.243000e-05	-4.984093e-02	2.293615e+00
3.244000e-05	-5.458215e-02	2.379476e+00
3.245000e-05	1.102816e-01	2.527163e+00
3.246000e-05	-2.402838e-02	2.737739e+00
3.247000e-05	-9.282034e-02	2.852082e+00
3.248000e-05	1.561089e-01	3.000400e+00
3.249000e-05	-1.672440e-02	3.220395e+00
3.250000e-05	-3.204421e-02	3.295187e+00
3.251000e-05	5.822108e-02	3.505138e+00
3.252000e-05	-1.037838e-01	3.674108e+00
3.253000e-05	2.227010e-02	3.840975e+00
3.254000e-05	7.891226e-02	3.971424e+00
3.255000e-05	-3.171297e-02	4.158819e+00
3.256000e-05	1.314845e-02	4.379291e+00
3.257000e-05	-2.042407e-02	4.536113e+00
3.258000e-05	1.909769e-02	4.694135e+00
3.259000e-05	3.348845e-02	4.804052e+00
3.260000e-05	-5.851484e-02	5.074433e+00
3.261000e-05	8.940317e-03	5.274455e+00
3.262000e-05	4.543179e-02	5.430980e+00
3.263000e-05	3.179296e-02	5.568771e+00
3.264000e-05	-2.851426e-02	5.727140e+00
3.265000e-05	-2.758634e-02	5.865640e+00
3.266000e-05	4.560866e-02	6.053004e+00
3.267000e-05	-2.656499e-03	6.211420e+00
3.268000e-05	9.853772e-03	6.338793e+00
3.269000e-05	-5.468449e-03	6.463057e+00
3.270000e-05	7.826523e-03	6.633962e+00
3.271000e-05	4.111758e-02	6.799425e+00
3.272000e-05	-9.733921e-03	6.936721e+00
3.273000e-05	-9.923997e-03	7.092106e+00
3.274000e-05	3.311786e-03	7.191379e+00
3.275000e-05	2.829864e-02	7.346237e+00
3.276000e-05	1.362422e-02	7.484586e+00
3.277000e-05	-1.034241e-02	7.621454e+00
3.278000e-05	9.915174e-03	7.748767e+00
3.279000e-05	1.883912e-02	7.854082e+00
3.280000e-05	1.705167e-02	8.022906e+00
3.281000e-05	-5.124938e-03	8.188747e+00
3.282000e-05	8.265698e-04	8.283082e+00
3.283000e-05	2.466807e-02	8.367344e+00
3.284000e-05	1.949583e-02	8.401024e+00
3.285000e-05	3.066923e-03	8.525694e+00
3.286000e-05	-8.120102e-04	8.629529e+00
3.287000e-05	1.791147e-02	8.695238e+00
3.288000e-05	2.058295e-02	8.809475e+00
3.289000e-05	5.713446e-03	8.876657e+00
3.290000e-05	4.973221e-03	9.030374e+00
3.291000e-05	1.560837e-02	9.126743e+00
3.292000e-05	2.358203e-02	9.199429e+00
3.293000e-05	1.198127e-02	9.284615e+00
3.294000e-05	4.492253e-03	9.369328e+00
3.295000e-05	1.516537e-02	9.402531e+00
3.296000e-05	2.016396e-02	9.557217e+00
3.297000e-05	1.677792e-02	9.591559e+00
3.298000e-05	8.917286e-03	9.695112e+00
3.299000e-05	1.597128e-02	9.798826e+00
3.300000e-05	2.136197e-02	9.915512e+00
3.301000e-05	2.065880e-02	9.970350e+00
3.302000e-05	1.393438e-02	1.001100e+01
3.303000e-05	1.561713e-02	1.011569e+01
3.304000e-05	2.344849e-02	1.016724e+01
3.305000e-05	2.309587e-02	1.021083e+01
3.306000e-05	1.703191e-02	1.026304e+01
3.307000e-05	1.780859e-02	1.031567e+01
3.308000e-05	2.442419e-02	1.037724e+01
3.309000e-05	2.627993e-02	1.037945e+01
3.310000e-05	2.250280e-02	1.042098e+01
3.311000e-05	2.359970e-02	1.044203e+01
3.312000e-05	2.728717e-02	1.046424e+01
3.313000e-05	2.900203e-02	1.050574e+01
3.314000e-05	2.562244e-02	1.054672e+01
3.315000e-05	2.531263e-02	1.056980e+01
3.316000e-05	3.055871e-02	1.058038e+01
3.317000e-05	3.483463e-02	1.059035e+01
3.318000e-05	3.189295e-02	1.061986e+01
3.319000e-05	3.207121e-02	1.065343e+01
3.320000e-05	3.564122e-02	1.063239e+01
3.321000e-05	3.975830e-02	1.066253e+01
3.322000e-05	4.020831e-02	1.063296e+01
3.323000e-05	3.736289e-02	1.065206e+01
3.324000e-05	4.152231e-02	1.063246e+01
3.325000e-05	4.463946e-02	1.063346e+01
3.326000e-05	4.492988e-02	1.062233e+01
3.327000e-05	4.179633e-02	1.062346e+01
3.328000e-05	4.337126e-02	1.063043e+01
3.329000e-05	4.712841e-02	1.053883e+01
3.330000e-05	4.821432e-02	1.056935e+01
3.331000e-05	4.475384e-02	1.054823e+01
3.332000e-05	4.275644e-02	1.049819e+01
3.333000e-05	4.508319e-02	1.048617e+01
3.334000e-05	4.479251e-02	1.046214e+01
3.335000e-05	3.991926e-02	1.043361e+01
3.336000e-05	3.691672e-02	1.041043e+01
3.337000e-05	3.708714e-02	1.036890e+01
3.338000e-05	3.875385e-02	1.031579e+01
3.339000e-05	3.516472e-02	1.027411e+01
3.340000e-05	3.125206e-02	1.023356e+01
3.341000e-05	3.215687e-02	1.018047e+01
3.342000e-05	3.280680e-02	1.014772e+01
3.343000e-05	3.019734e-02	1.008516e+01
3.344000e-05	2.553002e-02	1.001253e+01
3.345000e-05	2.430164e-02	9.967321e+00
3.346000e-05	2.573867e-02	9.865084e+00
3.347000e-05	2.319271e-02	9.780455e+00
3.348000e-05	2.158311e-02	9.715191e+00
3.349000e-05	1.976774e-02	9.610528e+00
3.350000e-05	2.115951e-02	9.528248e+00
3.351000e-05	2.022725e-02	9.431054e+00
3.352000e-05	1.773390e-02	9.367801e+00
3.353000e-05	1.598383e-02	9.285190e+00
3.354000e-05	1.603608e-02	9.200553e+00
3.355000e-05	1.604281e-02	9.127292e+00
3.356000e-05	1.337272e-02	8.989554e+00
3.357000e-05	1.196177e-02	8.893216e+00
3.358000e-05	1.201343e-02	8.788477e+00
3.359000e-05	1.368291e-02	8.706243e+00
3.360000e-05	1.170303e-02	8.580501e+00
3.361000e-05	1.025000e-02	8.494194e+00
3.362000e-05	1.050742e-02	8.401628e+00
3.363000e-05	1.190405e-02	8.315345e+00
3.364000e-05	8.675412e-03	8.211480e+00
3.365000e-05	8.656054e-03	8.103216e+00
3.366000e-05	6.202372e-03	7.968323e+00
3.367000e-05	8.578696e-03	7.863134e+00
3.368000e-05	5.552748e-03	7.717896e+00
3.369000e-05	6.632293e-03	7.611604e+00
3.370000e-05	5.884145e-03	7.505217e+00
3.371000e-05	7.660671e-03	7.315344e+00
3.372000e-05	5.712077e-03	7.160475e+00
3.373000e-05	6.374854e-03	7.043208e+00
3.374000e-05	2.991408e-03	6.936345e+00
3.375000e-05	5.249675e-03	6.820479e+00
3.376000e-05	3.911887e-03	6.655764e+00
3.377000e-05	4.844123e-03	6.495361e+00
3.378000e-05	1.834958e-03	6.368471e+00
3.379000e-05	2.909907e-03	6.221579e+00
3.380000e-05	3.644503e-03	6.063212e+00
3.381000e-05	4.144455e-03	5.968496e+00
3.382000e-05	1.711788e-03	5.828126e+00
3.383000e-05	2.589751e-03	5.593002e+00
3.384000e-05	2.438423e-03	5.482709e+00
3.385000e-05	2.498138e-03	5.315316e+00
3.386000e-05	3.264478e-04	5.095951e+00
3.387000e-05	-8.429553e-04	4.873737e+00
3.388000e-05	6.286674e-04	4.716822e+00
3.389000e-05	9.374070e-04	4.589025e+00
3.390000e-05	9.637619e-04	4.451105e+00
3.391000e-05	1.584525e-04	4.305241e+00
3.392000e-05	1.208534e-03	4.062736e+00
3.393000e-05	8.718494e-04	3.936341e+00
3.394000e-05	-7.499733e-04	3.737449e+00
3.395000e-05	-9.969908e-04	3.601553e+00
3.396000e-05	-1.715845e-03	3.452738e+00
3.397000e-05	-8.732754e-04	3.232735e+00
3.398000e-05	-2.877162e-03	3.114863e+00
3.399000e-05	-2.199305e-03	2.967399e+00
3.400000e-05	-2.103506e-03	2.791578e+00
3.401000e-05	-4.507826e-04	2.601634e+00
3.402000e-05	-1.939047e-03	2.412150e+00
3.403000e-05	-2.222708e-03	2.273286e+00
3.404000e-05	-2.960581e-03	2.094811e+00
3.405000e-05	-2.348480e-03	1.988446e+00
3.406000e-05	-3.697713e-03	1.758629e+00
3.407000e-05	-4.081143e-03	1.590601e+00
3.408000e-05	-4.095781e-03	1.431105e+00
3.409000e-05	-3.609767e-03	1.250652e+00
3.410000e-05	-4.312861e-03	1.029704e+00
3.411000e-05	-3.524566e-03	8.200755e-01
3.412000e-05	-4.462655e-03	6.437805e-01
3.413000e-05	-3.676138e-03	4.632843e-01
3.414000e-05	-4.285101e-03	3.658447e-01
3.415000e-05	-4.392947e-03	1.043371e-01
3.416000e-05	-4.962495e-03	-7.358389e-02
3.417000e-05	1.543323e-05	-2.725297e-01
3.418000e-05	-2.346597e-03	-3.688961e-01
3.419000e-05	-2.379831e-03	-5.492619e-01
3.420000e-05	-4.278761e-03	-7.597471e-01
3.421000e-05	-3.639791e-03	-9.056868e-01
3.422000e-05	-4.324887e-03	-1.053556e+00
3.423000e-05	-1.235849e-03	-1.241479e+00
3.424000e-05	2.698047e-02	-1.451931e+00
3.425000e-05	7.174634e-02	-1.592479e+00
3.426000e-05	-5.295899e-02	-1.884585e+00
3.427000e-05	-3.201633e-02	-2.148792e+00
3.428000e-05	-9.596310e-02	-2.358847e+00
3.429000e-05	-1.947921e-02	-2.411053e+00
3.430000e-05	1.419160e-01	-2.433030e+00
3.431000e-05	-1.370714e-01	-2.674033e+00
3.432000e-05	9.127691e-03	-2.821630e+00
3.433000e-05	1.533439e-01	-2.883163e+00
3.434000e-05	-1.297488e-01	-3.198193e+00
3.435000e-05	3.929035e-02	-3.348724e+00
3.436000e-05	4.113570e-02	-3.483087e+00
3.437000e-05	-1.912986e-01	-3.631529e+00
3.438000e-05	1.014917e-01	-3.779979e+00
3.439000e-05	4.889807e-02	-3.979770e+00
3.440000e-05	-6.494922e-02	-4.207872e+00
3.441000e-05	5.640899e-02	-4.265087e+00
3.442000e-05	-1.052262e-01	-4.412505e+00
3.443000e-05	7.714003e-02	-4.673060e+00
3.444000e-05	5.123784e-03	-4.730364e+00
3.445000e-05	-1.458357e-01	-4.989375e+00
3.446000e-05	9.805936e-02	-5.118642e+00
3.447000e-05	-1.198825e-02	-5.345693e+00
3.448000e-05	1.885048e-02	-5.577192e+00
3.449000e-05	-4.577479e-02	-5.652082e+00
3.450000e-05	-6.845589e-02	-5.832925e+00
3.451000e-05	1.016283e-01	-5.988924e+00
3.452000e-05	-8.339347e-02	-6.097115e+00
3.453000e-05	1.306666e-02	-6.306662e+00
3.454000e-05	-1.492797e-02	-6.465054e+00
3.455000e-05	-2.092515e-02	-6.629876e+00
3.456000e-05	6.523414e-02	-6.707140e+00
3.457000e-05	-1.041084e-01	-6.873534e+00
3.458000e-05	2.151569e-02	-6.988883e+00
3.459000e-05	-2.434308e-02	-7.179300e+00
3.460000e-05	8.129165e-03	-7.305717e+00
3.461000e-05	4.081827e-03	-7.410430e+00
3.462000e-05	-6.670405e-02	-7.537847e+00
3.463000e-05	3.887014e-02	-7.675116e+00
3.464000e-05	-3.531267e-02	-7.831559e+00
3.465000e-05	7.088576e-03	-7.990451e+00
3.466000e-05	-4.387851e-02	-8.095660e+00
3.467000e-05	-1.875522e-02	-8.180425e+00
3.468000e-05	2.530339e-02	-8.294589e+00
3.469000e-05	-4.099504e-02	-8.390501e+00
3.470000e-05	-6.798916e-03	-8.474214e+00
3.471000e-05	-3.714805e-02	-8.629927e+00
3.472000e-05	1.463208e-02	-8.777822e+00
3.473000e-05	-1.950386e-02	-8.802527e+00
3.474000e-05	-3.447986e-02	-8.927219e+00
3.475000e-05	-1.322981e-02	-9.002510e+00
3.476000e-05	-1.505444e-02	-9.116192e+00
3.477000e-05	5.164772e-04	-9.189927e+00
3.478000e-05	-4.207406e-02	-9.283638e+00
3.479000e-05	-1.901397e-02	-9.341224e+00
3.480000e-05	-1.385404e-02	-9.486588e+00
3.481000e-05	-1.034978e-02	-9.559378e+00
3.482000e-05	-2.629088e-02	-9.653081e+00
3.483000e-05	-3.192477e-02	-9.737272e+00
3.484000e-05	-1.073332e-02	-9.789977e+00
3.485000e-05	-1.828655e-02	-9.864061e+00
3.486000e-05	-2.251397e-02	-9.947845e+00
3.487000e-05	-3.615393e-02	-1.000948e+01
3.488000e-05	-1.842825e-02	-1.004512e+01
3.489000e-05	-1.848234e-02	-1.016779e+01
3.490000e-05	-2.558454e-02	-1.020037e+01
3.491000e-05	-3.128507e-02	-1.026449e+01
3.492000e-05	-2.581023e-02	-1.031714e+01
3.493000e-05	-1.898478e-02	-1.037993e+01
3.494000e-05	-2.768883e-02	-1.042203e+01
3.495000e-05	-3.367772e-02	-1.047461e+01
3.496000e-05	-3.100081e-02	-1.053616e+01
3.497000e-05	-2.422023e-02	-1.053925e+01
3.498000e-05	-3.027177e-02	-1.055835e+01
3.499000e-05	-3.880706e-02	-1.059903e+01
3.500000e-05	-3.650055e-02	-1.059948e+01
3.501000e-05	-3.015065e-02	-1.063198e+01
3.502000e-05	-3.197644e-02	-1.065253e+01
3.503000e-05	-4.045901e-02	-1.066261e+01
3.504000e-05	-4.015062e-02	-1.066351e+01
3.505000e-05	-3.540106e-02	-1.068309e+01
3.506000e-05	-3.800535e-02	-1.069414e+01
3.507000e-05	-4.669526e-02	-1.066366e+01
3.508000e-05	-4.833016e-02	-1.066461e+01
3.509000e-05	-4.446781e-02	-1.070561e+01
3.510000e-05	-4.432778e-02	-1.069557e+01
3.511000e-05	-5.023257e-02	-1.068307e+01
3.512000e-05	-5.111454e-02	-1.063359e+01
3.513000e-05	-4.842037e-02	-1.064413e+01
3.514000e-05	-4.767936e-02	-1.063311e+01
3.515000e-05	-5.238134e-02	-1.061254e+01
3.516000e-05	-5.452523e-02	-1.060003e+01
3.517000e-05	-5.073256e-02	-1.060093e+01
3.518000e-05	-4.787873e-02	-1.058032e+01
3.519000e-05	-4.880785e-02	-1.055782e+01
3.520000e-05	-4.971803e-02	-1.051617e+01
3.521000e-05	-4.629107e-02	-1.046227e+01
3.522000e-05	-4.173189e-02	-1.045464e+01
3.523000e-05	-4.214814e-02	-1.044105e+01
3.524000e-05	-4.339720e-02	-1.038988e+01
3.525000e-05	-4.121880e-02	-1.033784e+01
3.526000e-05	-3.664402e-02	-1.025151e+01
3.527000e-05	-3.575455e-02	-1.016043e+01
3.528000e-05	-3.828039e-02	-1.010630e+01
3.529000e-05	-3.623352e-02	-1.004461e+01
3.530000e-05	-3.153942e-02	-1.002903e+01
3.531000e-05	-3.054230e-02	-9.946797e+00
3.532000e-05	-3.084094e-02	-9.824638e+00
3.533000e-05	-3.077736e-02	-9.788504e+00
3.534000e-05	-2.684878e-02	-9.736349e+00
3.535000e-05	-2.520060e-02	-9.664137e+00
3.536000e-05	-2.634927e-02	-9.590029e+00
3.537000e-05	-2.732799e-02	-9.514768e+00
3.538000e-05	-2.408982e-02	-9.421060e+00
3.539000e-05	-2.265292e-02	-9.295789e+00
3.540000e-05	-2.214089e-02	-9.189559e+00
3.541000e-05	-2.336588e-02	-9.116819e+00
3.542000e-05	-2.068168e-02	-9.030430e+00
3.543000e-05	-1.758275e-02	-8.927796e+00
3.544000e-05	-1.906484e-02	-8.841609e+00
3.545000e-05	-1.960657e-02	-8.744944e+00
3.546000e-05	-1.916319e-02	-8.631534e+00
3.547000e-05	-1.709725e-02	-8.514819e+00
3.548000e-05	-1.834710e-02	-8.389977e+00
3.549000e-05	-1.853394e-02	-8.317192e+00
3.550000e-05	-1.759658e-02	-8.199500e+00
3.551000e-05	-1.420111e-02	-8.085142e+00
3.552000e-05	-1.525609e-02	-8.000550e+00
3.553000e-05	-1.458334e-02	-7.823636e+00
3.554000e-05	-1.568273e-02	-7.734896e+00
3.555000e-05	-1.208748e-02	-7.540350e+00
3.556000e-05	-1.418847e-02	-7.441156e+00
3.557000e-05	-1.273297e-02	-7.315746e+00
3.558000e-05	-1.460506e-02	-7.201077e+00
3.559000e-05	-1.122027e-02	-7.073215e+00
3.560000e-05	-1.175863e-02	-6.956771e+00
3.561000e-05	-1.137447e-02	-6.749450e+00
3.562000e-05	-1.237771e-02	-6.631710e+00
3.563000e-05	-9.182026e-03	-6.485792e+00
3.564000e-05	-9.623867e-03	-6.399948e+00
3.565000e-05	-8.954938e-03	-6.211007e+00
3.566000e-05	-9.956011e-03	-6.031133e+00
3.567000e-05	-1.033182e-02	-5.905792e+00
3.568000e-05	-9.097816e-03	-5.746451e+00
3.569000e-05	-1.282750e-02	-5.610131e+00
3.570000e-05	-1.003716e-02	-5.423132e+00
3.571000e-05	-1.028644e-02	-5.243184e+00
3.572000e-05	-4.982975e-03	-5.012739e+00
3.573000e-05	-7.071938e-03	-4.893768e+00
3.574000e-05	-6.801007e-03	-4.655309e+00
3.575000e-05	-8.456535e-03	-4.548298e+00
3.576000e-05	-6.963022e-03	-4.399551e+00
3.577000e-05	-9.585903e-03	-4.262706e+00
3.578000e-05	-9.003085e-03	-4.125817e+00
3.579000e-05	-8.692207e-03	-3.989424e+00
3.580000e-05	-6.922166e-03	-3.768476e+00
3.581000e-05	-5.191552e-03	-3.591155e+00
3.582000e-05	-6.140078e-03	-3.423078e+00
3.583000e-05	-5.005495e-03	-3.233892e+00
3.584000e-05	-5.511981e-03	-3.158867e+00
3.585000e-05	-5.664781e-03	-2.955492e+00
3.586000e-05	-6.667986e-03	-2.809975e+00
3.587000e-05	-5.645649e-03	-2.590557e+00
3.588000e-05	-6.354887e-03	-2.450133e+00
3.589000e-05	-5.881742e-03	-2.325339e+00
3.590000e-05	-4.286255e-03	-2.063213e+00
3.591000e-05	-3.913114e-03	-1.915369e+00
3.592000e-05	-4.733608e-03	-1.768975e+00
3.593000e-05	-3.785847e-03	-1.581053e+00
3.594000e-05	-3.824952e-03	-1.377051e+00
3.595000e-05	-4.466576e-03	-1.169578e+00
3.596000e-05	-4.372442e-03	-1.028153e+00
3.597000e-05	-4.863794e-03	-8.027054e-01
3.598000e-05	-4.653136e-03	-6.638169e-01
3.599000e-05	-3.510072e-03	-4.416868e-01
3.600000e-05	-3.213660e-03	-2.827655e-01
3.601000e-05	-3.400222e-03	-1.559184e-01
3.602000e-05	1.143491e-03	7.298144e-02
3.603000e-05	4.563515e-03	2.345237e-01
3.604000e-05	-2.892687e-04	4.190211e-01
3.605000e-05	2.107588e-03	5.388196e-01
3.606000e-05	-1.331023e-03	7.272132e-01
3.607000e-05	-5.860580e-04	8.515315e-01
3.608000e-05	-6.341309e-04	1.067082e+00
3.609000e-05	3.878315e-03	1.283055e+00
3.610000e-05	2.383058e-02	1.443504e+00
3.611000e-05	6.484337e-02	1.738748e+00
3.612000e-05	-1.716717e-02	1.937242e+00
3.613000e-05	-3.780893e-02	2.085160e+00
3.614000e-05	-4.331184e-02	2.223056e+00
3.615000e-05	-6.967082e-02	2.378445e+00
3.616000e-05	7.575857e-02	2.434106e+00
3.617000e-05	4.302779e-02	2.705112e+00
3.618000e-05	-1.309967e-01	2.821025e+00
3.619000e-05	1.343855e-01	2.947292e+00
3.620000e-05	2.635483e-02	3.208317e+00
3.621000e-05	-5.665966e-02	3.274058e+00
3.622000e-05	6.472199e-02	3.432930e+00
3.623000e-05	-7.843948e-02	3.641956e+00
3.624000e-05	-2.467933e-02	3.798420e+00
3.625000e-05	9.499742e-02	4.009267e+00
3.626000e-05	-1.638168e-02	4.136734e+00
3.627000e-05	-3.470650e-03	4.296643e+00
3.628000e-05	-3.360333e-03	4.474564e+00
3.629000e-05	-8.353500e-03	4.652496e+00
3.630000e-05	5.398418e-02	4.800845e+00
3.631000e-05	-5.234485e-02	5.019324e+00
3.632000e-05	-1.090481e-02	5.231924e+00
3.633000e-05	4.154069e-02	5.399349e+00
3.634000e-05	4.032596e-02	5.556766e+00
3.635000e-05	-1.134458e-02	5.665060e+00
3.636000e-05	-4.266393e-02	5.873109e+00
3.637000e-05	4.169774e-02	6.021979e+00
3.638000e-05	6.596555e-03	6.188315e+00
3.639000e-05	6.615829e-03	6.316707e+00
3.640000e-05	-2.452306e-03	6.434008e+00
3.641000e-05	-1.810562e-03	6.588328e+00
3.642000e-05	3.799568e-02	6.767320e+00
3.643000e-05	5.057276e-03	6.906138e+00
3.644000e-05	-1.720884e-02	7.041929e+00
3.645000e-05	4.492933e-03	7.136268e+00
3.646000e-05	2.273379e-02	7.276206e+00
3.647000e-05	2.422959e-02	7.421903e+00
3.648000e-05	-9.549608e-03	7.600354e+00
3.649000e-05	3.437213e-03	7.716238e+00
3.650000e-05	1.798914e-02	7.822031e+00
3.651000e-05	1.721546e-02	8.000846e+00
3.652000e-05	2.746947e-03	8.155688e+00
3.653000e-05	-7.043567e-03	8.241556e+00
3.654000e-05	2.382211e-02	8.325239e+00
3.655000e-05	2.247073e-02	8.400451e+00
3.656000e-05	7.948702e-03	8.485191e+00
3.657000e-05	-2.244843e-03	8.579927e+00
3.658000e-05	1.286408e-02	8.704142e+00
3.659000e-05	2.452942e-02	8.778346e+00
3.660000e-05	7.596713e-03	8.914132e+00
3.661000e-05	4.546160e-03	9.030226e+00
3.662000e-05	1.002774e-02	9.096567e+00
3.663000e-05	2.471954e-02	9.169873e+00
3.664000e-05	1.647209e-02	9.253560e+00
3.665000e-05	5.699894e-03	9.349776e+00
3.666000e-05	1.203104e-02	9.432463e+00
3.667000e-05	2.090829e-02	9.547218e+00
3.668000e-05	2.042694e-02	9.640399e+00
3.669000e-05	8.469832e-03	9.703612e+00
3.670000e-05	1.364832e-02	9.788273e+00
3.671000e-05	1.985960e-02	9.844485e+00
3.672000e-05	2.274468e-02	9.957769e+00
3.673000e-05	1.393165e-02	1.004150e+01
3.674000e-05	1.469494e-02	1.007508e+01
3.675000e-05	2.224343e-02	1.013722e+01
3.676000e-05	2.437133e-02	1.016980e+01
3.677000e-05	1.805341e-02	1.025203e+01
3.678000e-05	1.749509e-02	1.026556e+01
3.679000e-05	2.337498e-02	1.033729e+01
3.680000e-05	2.669786e-02	1.035990e+01
3.681000e-05	2.202839e-02	1.039153e+01
3.682000e-05	2.050060e-02	1.045256e+01
3.683000e-05	2.634885e-02	1.048368e+01
3.684000e-05	3.108781e-02	1.049617e+01
3.685000e-05	2.678727e-02	1.051877e+01
3.686000e-05	2.439644e-02	1.056070e+01
3.687000e-05	2.904412e-02	1.058930e+01
3.688000e-05	3.426073e-02	1.057983e+01
3.689000e-05	3.126901e-02	1.061295e+01
3.690000e-05	3.060102e-02	1.063233e+01
3.691000e-05	3.485029e-02	1.062346e+01
3.692000e-05	4.083876e-02	1.066391e+01
3.693000e-05	4.058237e-02	1.062503e+01
3.694000e-05	3.677201e-02	1.067243e+01
3.695000e-05	4.052622e-02	1.063344e+01
3.696000e-05	4.425873e-02	1.062193e+01
3.697000e-05	4.509296e-02	1.062188e+01
3.698000e-05	4.202836e-02	1.064198e+01
3.699000e-05	4.414117e-02	1.063138e+01
3.700000e-05	4.737982e-02	1.061940e+01
3.701000e-05	4.779070e-02	1.057045e+01
3.702000e-05	4.352316e-02	1.054877e+01
3.703000e-05	4.349193e-02	1.050624e+01
3.704000e-05	4.454491e-02	1.049772e+01
3.705000e-05	4.457033e-02	1.046419e+01
3.706000e-05	4.010712e-02	1.044111e+01
3.707000e-05	3.936897e-02	1.042108e+01
3.708000e-05	3.912762e-02	1.038840e+01
3.709000e-05	3.818232e-02	1.034725e+01
3.710000e-05	3.521232e-02	1.032524e+01
3.711000e-05	3.217096e-02	1.021258e+01
3.712000e-05	3.260136e-02	1.019047e+01
3.713000e-05	3.302352e-02	1.015677e+01
3.714000e-05	3.011752e-02	1.009416e+01
3.715000e-05	2.754344e-02	1.004210e+01
3.716000e-05	2.549355e-02	1.000837e+01
3.717000e-05	2.709884e-02	9.864268e+00
3.718000e-05	2.374770e-02	9.819433e+00
3.719000e-05	2.158675e-02	9.704745e+00
3.720000e-05	1.912609e-02	9.603081e+00
3.721000e-05	2.268177e-02	9.557848e+00
3.722000e-05	2.024726e-02	9.483662e+00
3.723000e-05	1.852593e-02	9.400375e+00
3.724000e-05	1.579049e-02	9.315240e+00
3.725000e-05	1.725448e-02	9.222617e+00
3.726000e-05	1.638381e-02	9.156846e+00
3.727000e-05	1.446879e-02	9.001610e+00
3.728000e-05	1.250191e-02	8.925773e+00
3.729000e-05	1.361657e-02	8.811533e+00
3.730000e-05	1.343459e-02	8.727268e+00
3.731000e-05	1.094434e-02	8.631506e+00
3.732000e-05	9.253221e-03	8.496344e+00
3.733000e-05	9.418023e-03	8.432578e+00
3.734000e-05	1.151475e-02	8.347346e+00
3.735000e-05	9.934396e-03	8.201532e+00
3.736000e-05	8.367271e-03	8.127317e+00
3.737000e-05	7.969848e-03	7.949478e+00
3.738000e-05	8.944766e-03	7.875212e+00
3.739000e-05	7.577076e-03	7.746904e+00
3.740000e-05	5.408179e-03	7.632135e+00
3.741000e-05	4.690349e-03	7.504840e+00
3.742000e-05	7.071985e-03	7.357349e+00
3.743000e-05	6.225196e-03	7.210554e+00
3.744000e-05	4.910430e-03	7.054735e+00
3.745000e-05	4.077223e-03	6.967474e+00
3.746000e-05	5.504596e-03	6.832129e+00
3.747000e-05	5.475268e-03	6.707345e+00
3.748000e-05	2.951097e-03	6.514918e+00
3.749000e-05	1.983803e-03	6.388396e+00
3.750000e-05	3.089405e-03	6.242210e+00
3.751000e-05	3.487745e-03	6.104241e+00
3.752000e-05	1.748524e-03	6.000474e+00
3.753000e-05	1.358327e-03	5.831635e+00
3.754000e-05	2.384074e-03	5.643706e+00
3.755000e-05	3.864257e-03	5.475717e+00
3.756000e-05	2.597468e-03	5.347369e+00
3.757000e-05	5.100256e-04	5.167853e+00
3.758000e-05	1.231890e-03	4.976394e+00
3.759000e-05	1.580879e-03	4.787448e+00
3.760000e-05	3.615490e-04	4.600605e+00
3.761000e-05	-1.970375e-03	4.454210e+00
3.762000e-05	-9.306158e-04	4.317341e+00
3.763000e-05	2.332341e-04	4.104317e+00
3.764000e-05	1.865491e-03	3.960949e+00
3.765000e-05	-5.650192e-04	3.810630e+00
3.766000e-05	2.430647e-04	3.651608e+00
3.767000e-05	-2.016990e-04	3.486813e+00
3.768000e-05	6.991531e-04	3.325820e+00
3.769000e-05	-4.619326e-03	3.155871e+00
3.770000e-05	-2.219162e-03	3.018999e+00
3.771000e-05	-3.968027e-03	2.841152e+00
3.772000e-05	-5.291225e-05	2.684862e+00
3.773000e-05	-4.208736e-03	2.472259e+00
3.774000e-05	-1.347428e-03	2.306291e+00
3.775000e-05	-2.594498e-04	2.126921e+00
3.776000e-05	4.846430e-04	2.001075e+00
3.777000e-05	-1.792802e-03	1.841257e+00
3.778000e-05	-5.439844e-03	1.691632e+00
3.779000e-05	-4.052350e-03	1.442255e+00
3.780000e-05	-5.391865e-03	1.265291e+00
3.781000e-05	-4.433731e-03	1.073337e+00
3.782000e-05	-5.738128e-03	8.427305e-01
3.783000e-05	-2.619623e-03	6.838371e-01
3.784000e-05	2.512050e-04	5.354360e-01
3.785000e-05	-1.583333e-03	3.979461e-01
3.786000e-05	-3.578559e-03	1.570476e-01
3.787000e-05	-5.095161e-03	-4.097900e-02
3.788000e-05	-8.498213e-04	-1.694248e-01
3.789000e-05	-9.573904e-04	-3.467720e-01
3.790000e-05	-5.912917e-03	-4.756619e-01
3.791000e-05	-3.675300e-03	-6.955904e-01
3.792000e-05	-1.796546e-03	-8.436328e-01
3.793000e-05	-1.834686e-03	-9.810051e-01
3.794000e-05	-1.451737e-03	-1.180322e+00
3.795000e-05	1.202929e-02	-1.419270e+00
3.796000e-05	8.368064e-02	-1.609372e+00
3.797000e-05	-3.594737e-02	-1.800403e+00
3.798000e-05	-3.610561e-02	-2.093982e+00
3.799000e-05	-7.692471e-02	-2.328239e+00
3.800000e-05	-7.507659e-02	-2.410051e+00
3.801000e-05	1.543447e-01	-2.451500e+00
3.802000e-05	-6.849973e-02	-2.608874e+00
3.803000e-05	-9.570151e-02	-2.780475e+00
3.804000e-05	1.838578e-01	-2.833634e+00
3.805000e-05	-8.970727e-02	-3.075034e+00
3.806000e-05	-3.185969e-02	-3.359272e+00
3.807000e-05	1.005494e-01	-3.451477e+00
3.808000e-05	-1.852306e-01	-3.599871e+00
3.809000e-05	2.642473e-02	-3.777298e+00
3.810000e-05	1.096708e-01	-3.878218e+00
3.811000e-05	-9.090503e-02	-4.169297e+00
3.812000e-05	5.869192e-02	-4.225038e+00
3.813000e-05	-7.663693e-02	-4.390874e+00
3.814000e-05	1.294400e-02	-4.604477e+00
3.815000e-05	7.623451e-02	-4.746771e+00
3.816000e-05	-1.723976e-01	-4.946238e+00
3.817000e-05	6.781116e-02	-5.064063e+00
3.818000e-05	2.257911e-02	-5.282933e+00
3.819000e-05	-4.887503e-03	-5.516663e+00
3.820000e-05	-4.058453e-03	-5.632531e+00
3.821000e-05	-1.057370e-01	-5.801850e+00
3.822000e-05	9.853086e-02	-5.957296e+00
3.823000e-05	-4.685843e-02	-6.074987e+00
3.824000e-05	-2.992025e-02	-6.264511e+00
3.825000e-05	2.040685e-02	-6.400003e+00
3.826000e-05	-5.215380e-02	-6.600301e+00
3.827000e-05	7.879223e-02	-6.704188e+00
3.828000e-05	-8.319482e-02	-6.831553e+00
3.829000e-05	-1.259626e-02	-6.992795e+00
3.830000e-05	6.708679e-03	-7.127316e+00
3.831000e-05	-2.096647e-02	-7.286164e+00
3.832000e-05	3.243948e-02	-7.389929e+00
3.833000e-05	-7.883147e-02	-7.567212e+00
3.834000e-05	2.856234e-02	-7.651986e+00
3.835000e-05	-1.722271e-02	-7.832884e+00
3.836000e-05	-1.062674e-02	-7.988974e+00
3.837000e-05	-1.845697e-02	-8.095087e+00
3.838000e-05	-4.442349e-02	-8.190376e+00
3.839000e-05	3.965383e-02	-8.304057e+00
3.840000e-05	-3.841528e-02	-8.358924e+00
3.841000e-05	-1.081497e-02	-8.471586e+00
3.842000e-05	-3.380547e-02	-8.579776e+00
3.843000e-05	-5.408967e-04	-8.737645e+00
3.844000e-05	-1.201935e-03	-8.811027e+00
3.845000e-05	-4.314190e-02	-8.905665e+00
3.846000e-05	-8.183425e-03	-8.980351e+00
3.847000e-05	-1.994553e-02	-9.105116e+00
3.848000e-05	4.503543e-03	-9.189349e+00
3.849000e-05	-3.694610e-02	-9.252060e+00
3.850000e-05	-2.569322e-02	-9.337171e+00
3.851000e-05	-1.083699e-02	-9.484062e+00
3.852000e-05	-1.264033e-02	-9.568850e+00
3.853000e-05	-1.977653e-02	-9.640529e+00
3.854000e-05	-3.504509e-02	-9.706671e+00
3.855000e-05	-1.140074e-02	-9.780374e+00
3.856000e-05	-1.655981e-02	-9.853513e+00
3.857000e-05	-2.077192e-02	-9.966648e+00
3.858000e-05	-3.463284e-02	-9.979403e+00
3.859000e-05	-2.030874e-02	-1.005403e+01
3.860000e-05	-1.639300e-02	-1.012519e+01
3.861000e-05	-2.531647e-02	-1.017830e+01
3.862000e-05	-3.152880e-02	-1.027296e+01
3.863000e-05	-2.907256e-02	-1.030669e+01
3.864000e-05	-1.842491e-02	-1.038845e+01
3.865000e-05	-2.679575e-02	-1.041208e+01
3.866000e-05	-3.159831e-02	-1.045308e+01
3.867000e-05	-3.211115e-02	-1.049369e+01
3.868000e-05	-2.428556e-02	-1.054830e+01
3.869000e-05	-2.777035e-02	-1.056835e+01
3.870000e-05	-3.737883e-02	-1.060045e+01
3.871000e-05	-3.779561e-02	-1.061945e+01
3.872000e-05	-3.134473e-02	-1.059298e+01
3.873000e-05	-3.028976e-02	-1.065298e+01
3.874000e-05	-4.043199e-02	-1.064403e+01
3.875000e-05	-4.128025e-02	-1.067304e+01
3.876000e-05	-3.681552e-02	-1.067313e+01
3.877000e-05	-3.661503e-02	-1.066516e+01
3.878000e-05	-4.444755e-02	-1.067456e+01
3.879000e-05	-4.808019e-02	-1.069266e+01
3.880000e-05	-4.548120e-02	-1.068462e+01
3.881000e-05	-4.442530e-02	-1.065411e+01
3.882000e-05	-4.933635e-02	-1.064418e+01
3.883000e-05	-5.302776e-02	-1.066357e+01
3.884000e-05	-5.069670e-02	-1.064363e+01
3.885000e-05	-4.728210e-02	-1.066459e+01
3.886000e-05	-5.077366e-02	-1.067156e+01
3.887000e-05	-5.360723e-02	-1.061101e+01
3.888000e-05	-5.109039e-02	-1.055993e+01
3.889000e-05	-4.824509e-02	-1.059038e+01
3.890000e-05	-4.830434e-02	-1.055735e+01
3.891000e-05	-5.058476e-02	-1.053580e+01
3.892000e-05	-4.834988e-02	-1.050517e+01
3.893000e-05	-4.353664e-02	-1.043356e+01
3.894000e-05	-4.362126e-02	-1.043110e+01
3.895000e-05	-4.380459e-02	-1.038048e+01
3.896000e-05	-4.208257e-02	-1.035632e+01
3.897000e-05	-3.755285e-02	-1.027516e+01
3.898000e-05	-3.637451e-02	-1.020143e+01
3.899000e-05	-3.703773e-02	-1.011637e+01
3.900000e-05	-3.617089e-02	-1.008374e+01
3.901000e-05	-3.343203e-02	-1.000950e+01
3.902000e-05	-3.069614e-02	-9.949421e+00
3.903000e-05	-3.197883e-02	-9.904161e+00
3.904000e-05	-3.114014e-02	-9.801484e+00
3.905000e-05	-2.799620e-02	-9.777821e+00
3.906000e-05	-2.558298e-02	-9.684664e+00
3.907000e-05	-2.612522e-02	-9.611529e+00
3.908000e-05	-2.594122e-02	-9.555295e+00
3.909000e-05	-2.389688e-02	-9.472912e+00
3.910000e-05	-2.192285e-02	-9.347773e+00
3.911000e-05	-2.326719e-02	-9.200484e+00
3.912000e-05	-2.298377e-02	-9.146894e+00
3.913000e-05	-2.174878e-02	-9.049602e+00
3.914000e-05	-1.864451e-02	-8.967373e+00
3.915000e-05	-2.001568e-02	-8.823708e+00
3.916000e-05	-1.933929e-02	-8.788428e+00
3.917000e-05	-1.836727e-02	-8.680561e+00
3.918000e-05	-1.698891e-02	-8.575223e+00
3.919000e-05	-1.732386e-02	-8.443582e+00
3.920000e-05	-1.792477e-02	-8.287799e+00
3.921000e-05	-1.665594e-02	-8.220531e+00
3.922000e-05	-1.636391e-02	-8.125798e+00
3.923000e-05	-1.608792e-02	-8.021033e+00
3.924000e-05	-1.536748e-02	-7.865215e+00
3.925000e-05	-1.407564e-02	-7.728421e+00
3.926000e-05	-1.293274e-02	-7.600906e+00
3.927000e-05	-1.237595e-02	-7.473714e+00
3.928000e-05	-1.323784e-02	-7.376345e+00
3.929000e-05	-1.259129e-02	-7.221631e+00
3.930000e-05	-1.259987e-02	-7.104772e+00
3.931000e-05	-1.257993e-02	-6.934945e+00
3.932000e-05	-1.402943e-02	-6.791053e+00
3.933000e-05	-1.131787e-02	-6.674239e+00
3.934000e-05	-1.240300e-02	-6.546872e+00
3.935000e-05	-9.900750e-03	-6.401025e+00
3.936000e-05	-1.123540e-02	-6.272161e+00
3.937000e-05	-8.101415e-03	-6.072689e+00
3.938000e-05	-9.721371e-03	-5.957847e+00
3.939000e-05	-1.038224e-02	-5.738579e+00
3.940000e-05	-1.210767e-02	-5.641609e+00
3.941000e-05	-1.005619e-02	-5.493218e+00
3.942000e-05	-1.010975e-02	-5.313768e+00
3.943000e-05	-9.168782e-03	-5.123795e+00
3.944000e-05	-9.021501e-03	-4.915870e+00
3.945000e-05	-6.440627e-03	-4.732941e+00
3.946000e-05	-7.173711e-03	-4.569973e+00
3.947000e-05	-7.553779e-03	-4.430063e+00
3.948000e-05	-9.473848e-03	-4.313766e+00
3.949000e-05	-8.201342e-03	-4.155901e+00
3.950000e-05	-7.463937e-03	-4.000026e+00
3.951000e-05	-7.957164e-03	-3.841210e+00
3.952000e-05	-6.909500e-03	-3.611633e+00
3.953000e-05	-7.344829e-03	-3.473716e+00
3.954000e-05	-5.076631e-03	-3.316449e+00
3.955000e-05	-6.744266e-03	-3.180525e+00
3.956000e-05	-5.789787e-03	-2.979005e+00
3.957000e-05	-7.954887e-03	-2.790528e+00
3.958000e-05	-3.180390e-03	-2.642213e+00
3.959000e-05	-8.816218e-03	-2.464290e+00
3.960000e-05	-3.229407e-03	-2.316896e+00
3.961000e-05	-8.151532e-03	-2.105371e+00
3.962000e-05	-8.295763e-04	-1.968521e+00
3.963000e-05	-5.710969e-03	-1.780053e+00
3.964000e-05	-2.977886e-03	-1.652131e+00
3.965000e-05	-6.510820e-03	-1.483784e+00
3.966000e-05	-3.440843e-03	-1.220604e+00
3.967000e-05	-5.050767e-03	-1.042733e+00
3.968000e-05	-5.199050e-03	-8.722870e-01
3.969000e-05	-4.153144e-03	-6.953959e-01
3.970000e-05	-2.194220e-03	-4.947909e-01
3.971000e-05	1.120570e-04	-3.259685e-01
3.972000e-05	-2.347515e-03	-1.689923e-01
3.973000e-05	9.257312e-04	-2.063013e-02
3.974000e-05	4.355902e-04	1.599685e-01
3.975000e-05	9.411926e-04	3.694223e-01
3.976000e-05	-1.634461e-03	5.351609e-01
3.977000e-05	2.079416e-04	6.851615e-01
3.978000e-05	1.961572e-04	8.215015e-01
3.979000e-05	2.217438e-03	1.022373e+00
3.980000e-05	5.296843e-03	1.242501e+00
3.981000e-05	1.637514e-02	1.379400e+00
3.982000e-05	6.347893e-02	1.673451e+00
3.983000e-05	4.699188e-03	1.915059e+00
3.984000e-05	-4.241485e-02	2.063630e+00
3.985000e-05	-4.190113e-02	2.171475e+00
3.986000e-05	-7.270074e-02	2.368870e+00
3.987000e-05	2.927345e-02	2.461503e+00
3.988000e-05	1.002888e-01	2.662405e+00
3.989000e-05	-1.289798e-01	2.790974e+00
3.990000e-05	7.607970e-02	2.946184e+00
3.991000e-05	8.264437e-02	3.115664e+00
3.992000e-05	-6.604775e-02	3.263056e+00
3.993000e-05	4.465721e-02	3.381299e+00
3.994000e-05	-3.994122e-02	3.599924e+00
3.995000e-05	-6.959426e-02	3.736241e+00
3.996000e-05	9.306761e-02	3.916082e+00
3.997000e-05	1.448393e-02	4.082659e+00
3.998000e-05	-2.087888e-02	4.244057e+00
3.999000e-05	1.706585e-02	4.442457e+00
4.000000e-05	-2.769089e-02	4.601400e+00
4.001000e-05	5.927371e-02	4.716866e+00
4.002000e-05	-3.702839e-02	4.978767e+00
4.003000e-05	-3.289241e-02	5.170820e+00
4.004000e-05	3.603079e-02	5.349318e+00
4.005000e-05	4.739164e-02	5.506637e+00
4.006000e-05	4.705779e-03	5.633502e+00
4.007000e-05	-4.913629e-02	5.793378e+00
4.008000e-05	2.690744e-02	5.968445e+00
4.009000e-05	2.065267e-02	6.106742e+00
4.010000e-05	7.789570e-04	6.293033e+00
4.011000e-05	2.408192e-03	6.441504e+00
4.012000e-05	-7.327120e-03	6.588301e+00
4.013000e-05	3.027862e-02	6.737271e+00
4.014000e-05	2.086230e-02	6.894160e+00
4.015000e-05	-2.198782e-02	7.031426e+00
4.016000e-05	1.944898e-03	7.125737e+00
4.017000e-05	1.448339e-02	7.252582e+00
4.018000e-05	3.129228e-02	7.380299e+00
4.019000e-05	-3.813431e-03	7.559349e+00
4.020000e-05	-2.101460e-03	7.707108e+00
4.021000e-05	1.840563e-02	7.789901e+00
4.022000e-05	1.560421e-02	7.977717e+00
4.023000e-05	1.059970e-02	8.086737e+00
4.024000e-05	-1.350268e-02	8.210031e+00
4.025000e-05	1.912318e-02	8.305213e+00
4.026000e-05	2.354814e-02	8.390000e+00
4.027000e-05	1.327622e-02	8.494060e+00
4.028000e-05	-2.025580e-03	8.569299e+00
4.029000e-05	8.261318e-03	8.674583e+00
4.030000e-05	2.647059e-02	8.777722e+00
4.031000e-05	1.043530e-02	8.851583e+00
4.032000e-05	4.586548e-03	8.927167e+00
4.033000e-05	7.117504e-03	9.084039e+00
4.034000e-05	2.478604e-02	9.149347e+00
4.035000e-05	1.635864e-02	9.263009e+00
4.036000e-05	6.238776e-03	9.327789e+00
4.037000e-05	1.049563e-02	9.409930e+00
4.038000e-05	2.309898e-02	9.515087e+00
4.039000e-05	2.137927e-02	9.579724e+00
4.040000e-05	1.096983e-02	9.654558e+00
4.041000e-05	1.307564e-02	9.758739e+00
4.042000e-05	2.056727e-02	9.853929e+00
4.043000e-05	2.240462e-02	9.937721e+00
4.044000e-05	1.316351e-02	9.980424e+00
4.045000e-05	1.314542e-02	1.005411e+01
4.046000e-05	2.197020e-02	1.013519e+01
4.047000e-05	2.618003e-02	1.016879e+01
4.048000e-05	1.986264e-02	1.021206e+01
4.049000e-05	1.637610e-02	1.026398e+01
4.050000e-05	2.396156e-02	1.033727e+01
4.051000e-05	2.669475e-02	1.033877e+01
4.052000e-05	2.350340e-02	1.038200e+01
4.053000e-05	1.854607e-02	1.044111e+01
4.054000e-05	2.595220e-02	1.048514e+01
4.055000e-05	2.896969e-02	1.047566e+01
4.056000e-05	2.795325e-02	1.053774e+01
4.057000e-05	2.442552e-02	1.054824e+01
4.058000e-05	2.864595e-02	1.055773e+01
4.059000e-05	3.466743e-02	1.059080e+01
4.060000e-05	3.303573e-02	1.061193e+01
4.061000e-05	3.027136e-02	1.059293e+01
4.062000e-05	3.240111e-02	1.059201e+01
4.063000e-05	3.979538e-02	1.063199e+01
4.064000e-05	3.898520e-02	1.065350e+01
4.065000e-05	3.563336e-02	1.063338e+01
4.066000e-05	3.890355e-02	1.061346e+01
4.067000e-05	4.507370e-02	1.069153e+01
4.068000e-05	4.583129e-02	1.064248e+01
4.069000e-05	4.141161e-02	1.061250e+01
4.070000e-05	4.311517e-02	1.058943e+01
4.071000e-05	4.649433e-02	1.059083e+01
4.072000e-05	4.721613e-02	1.060032e+01
4.073000e-05	4.302151e-02	1.055875e+01
4.074000e-05	4.201454e-02	1.049822e+01
4.075000e-05	4.425670e-02	1.051422e+01
4.076000e-05	4.464455e-02	1.050519e+01
4.077000e-05	4.141959e-02	1.047161e+01
4.078000e-05	3.737185e-02	1.041150e+01
4.079000e-05	4.006923e-02	1.036950e+01
4.080000e-05	3.924949e-02	1.033732e+01
4.081000e-05	3.433413e-02	1.028676e+01
4.082000e-05	3.158958e-02	1.024406e+01
4.083000e-05	3.155221e-02	1.022998e+01
4.084000e-05	3.320662e-02	1.016930e+01
4.085000e-05	2.934654e-02	1.009424e+01
4.086000e-05	2.648922e-02	1.006311e+01
4.087000e-05	2.592732e-02	9.999424e+00
4.088000e-05	2.620541e-02	9.946716e+00
4.089000e-05	2.450630e-02	9.832007e+00
4.090000e-05	2.215200e-02	9.747744e+00
4.091000e-05	2.124321e-02	9.652661e+00
4.092000e-05	2.303718e-02	9.568348e+00
4.093000e-05	1.985992e-02	9.474612e+00
4.094000e-05	1.741256e-02	9.401508e+00
4.095000e-05	1.554264e-02	9.346347e+00
4.096000e-05	1.733711e-02	9.232109e+00
4.097000e-05	1.689507e-02	9.167422e+00
4.098000e-05	1.403742e-02	9.053562e+00
4.099000e-05	1.432480e-02	8.958817e+00
4.100000e-05	1.421266e-02	8.833582e+00
4.101000e-05	1.413282e-02	8.716821e+00
4.102000e-05	1.119208e-02	8.662636e+00
4.103000e-05	1.014187e-02	8.567323e+00
4.104000e-05	1.091956e-02	8.424185e+00
4.105000e-05	1.069500e-02	8.358948e+00
4.106000e-05	9.199036e-03	8.273685e+00
4.107000e-05	8.485197e-03	8.116371e+00
4.108000e-05	9.104858e-03	8.021478e+00
4.109000e-05	9.635514e-03	7.916340e+00
4.110000e-05	7.347110e-03	7.788878e+00
4.111000e-05	6.726331e-03	7.645658e+00
4.112000e-05	6.622939e-03	7.577846e+00
4.113000e-05	7.035286e-03	7.399879e+00
4.114000e-05	4.357574e-03	7.231056e+00
4.115000e-05	3.980345e-03	7.117292e+00
4.116000e-05	4.885435e-03	7.000949e+00
4.117000e-05	5.147925e-03	6.862652e+00
4.118000e-05	3.999804e-03	6.726270e+00
4.119000e-05	3.927878e-03	6.538375e+00
4.120000e-05	4.170308e-03	6.401153e+00
4.121000e-05	4.807333e-03	6.281739e+00
4.122000e-05	3.366872e-03	6.135946e+00
4.123000e-05	1.573685e-03	6.012028e+00
4.124000e-05	1.932913e-03	5.866736e+00
4.125000e-05	3.210769e-03	5.723807e+00
4.126000e-05	1.899306e-03	5.558843e+00
4.127000e-05	9.774409e-04	5.388900e+00
4.128000e-05	1.277824e-03	5.210051e+00
4.129000e-05	2.675492e-03	5.030579e+00
4.130000e-05	1.771821e-03	4.790579e+00
4.131000e-05	-4.322267e-04	4.662082e+00
4.132000e-05	-4.590187e-04	4.525816e+00
4.133000e-05	9.371100e-04	4.387973e+00
4.134000e-05	-2.933859e-04	4.117872e+00
4.135000e-05	-1.681072e-03	4.020028e+00
4.136000e-05	-1.884487e-03	3.833212e+00
4.137000e-05	4.478531e-04	3.654786e+00
4.138000e-05	2.645227e-04	3.539897e+00
4.139000e-05	-1.596532e-03	3.356395e+00
4.140000e-05	-2.057299e-03	3.189474e+00
4.141000e-05	-1.398597e-03	3.032153e+00
4.142000e-05	-1.253580e-03	2.873283e+00
4.143000e-05	-2.849777e-03	2.738346e+00
4.144000e-05	-3.200068e-03	2.525388e+00
4.145000e-05	-2.165069e-03	2.338396e+00
4.146000e-05	-1.027651e-03	2.179050e+00
4.147000e-05	-3.200850e-03	2.011603e+00
4.148000e-05	-4.281424e-03	1.902236e+00
4.149000e-05	-2.912712e-03	1.652285e+00
4.150000e-05	-1.442844e-03	1.564362e+00
4.151000e-05	-3.323807e-03	1.333843e+00
4.152000e-05	-4.618286e-03	1.126366e+00
4.153000e-05	-4.214264e-03	9.058908e-01
4.154000e-05	-3.218603e-03	7.253922e-01
4.155000e-05	-3.805521e-03	5.169462e-01
4.156000e-05	-6.520581e-03	4.305776e-01
4.157000e-05	-3.960056e-03	2.291253e-01
4.158000e-05	-3.930843e-03	-9.823550e-03
4.159000e-05	6.466972e-04	-1.482458e-01
4.160000e-05	-7.753451e-05	-3.062156e-01
4.161000e-05	-2.810927e-03	-4.731065e-01
4.162000e-05	-6.833672e-04	-6.741067e-01
4.163000e-05	-4.038387e-03	-8.410525e-01
4.164000e-05	-4.315576e-03	-9.798946e-01
4.165000e-05	-5.657255e-03	-1.147219e+00
4.166000e-05	6.269983e-03	-1.314691e+00
4.167000e-05	7.504807e-02	-1.547720e+00
4.168000e-05	-3.983243e-03	-1.758771e+00
4.169000e-05	-4.468556e-02	-2.000423e+00
4.170000e-05	-5.366052e-02	-2.293505e+00
4.171000e-05	-1.040493e-01	-2.379425e+00
4.172000e-05	1.283718e-01	-2.421053e+00
4.173000e-05	8.695988e-03	-2.568218e+00
4.174000e-05	-1.615253e-01	-2.809923e+00
4.175000e-05	1.823658e-01	-2.860581e+00
4.176000e-05	-2.260248e-02	-3.010898e+00
4.177000e-05	-9.456886e-02	-3.315690e+00
4.178000e-05	1.276214e-01	-3.410004e+00
4.179000e-05	-1.334219e-01	-3.578266e+00
4.180000e-05	-6.306435e-02	-3.757816e+00
4.181000e-05	1.493732e-01	-3.904589e+00
4.182000e-05	-8.032701e-02	-4.085165e+00
4.183000e-05	3.727425e-02	-4.273559e+00
4.184000e-05	-3.015159e-02	-4.327316e+00
4.185000e-05	-5.413877e-02	-4.600325e+00
4.186000e-05	1.199312e-01	-4.675663e+00
4.187000e-05	-1.517643e-01	-4.884530e+00
4.188000e-05	5.993606e-03	-5.043684e+00
4.189000e-05	6.264805e-02	-5.182875e+00
4.190000e-05	-2.617326e-02	-5.442010e+00
4.191000e-05	2.981918e-02	-5.580000e+00
4.192000e-05	-1.158417e-01	-5.719771e+00
4.193000e-05	6.260302e-02	-5.936769e+00
4.194000e-05	6.580133e-03	-6.050954e+00
4.195000e-05	-7.057588e-02	-6.242933e+00
4.196000e-05	4.278717e-02	-6.408350e+00
4.197000e-05	-6.626990e-02	-6.536267e+00
4.198000e-05	6.453317e-02	-6.694167e+00
4.199000e-05	-3.652175e-02	-6.769899e+00
4.200000e-05	-5.610972e-02	-6.957746e+00
4.201000e-05	3.183868e-02	-7.114117e+00
4.202000e-05	-4.528699e-02	-7.273083e+00
4.203000e-05	4.678755e-02	-7.368872e+00
4.204000e-05	-6.893254e-02	-7.473616e+00
4.205000e-05	1.647204e-03	-7.662508e+00
4.206000e-05	6.305558e-03	-7.780753e+00
4.207000e-05	-2.946756e-02	-7.967268e+00
4.208000e-05	4.212723e-03	-8.032058e+00
4.209000e-05	-6.423577e-02	-8.178247e+00
4.210000e-05	3.683028e-02	-8.262563e+00
4.211000e-05	-2.426686e-02	-8.357671e+00
4.212000e-05	-1.736956e-02	-8.444032e+00
4.213000e-05	-2.439436e-02	-8.527269e+00
4.214000e-05	-1.730231e-02	-8.687116e+00
4.215000e-05	1.272564e-02	-8.798453e+00
4.216000e-05	-4.540991e-02	-8.896187e+00
4.217000e-05	-1.122993e-02	-8.949322e+00
4.218000e-05	-2.380895e-02	-9.083587e+00
4.219000e-05	2.315661e-03	-9.159323e+00
4.220000e-05	-2.401065e-02	-9.222031e+00
4.221000e-05	-3.252235e-02	-9.306271e+00
4.222000e-05	-9.243229e-03	-9.411410e+00
4.223000e-05	-1.588392e-02	-9.556772e+00
4.224000e-05	-1.285888e-02	-9.611503e+00
4.225000e-05	-3.686127e-02	-9.705066e+00
4.226000e-05	-1.659532e-02	-9.750249e+00
4.227000e-05	-1.620759e-02	-9.821555e+00
4.228000e-05	-1.768074e-02	-9.895637e+00
4.229000e-05	-3.239172e-02	-9.978749e+00
4.230000e-05	-2.546847e-02	-1.005406e+01
4.231000e-05	-1.389986e-02	-1.009561e+01
4.232000e-05	-2.317290e-02	-1.015920e+01
4.233000e-05	-2.944671e-02	-1.025243e+01
4.234000e-05	-3.165663e-02	-1.030752e+01
4.235000e-05	-1.909966e-02	-1.035630e+01
4.236000e-05	-2.495559e-02	-1.038143e+01
4.237000e-05	-3.133338e-02	-1.046251e+01
4.238000e-05	-3.422074e-02	-1.050464e+01
4.239000e-05	-2.600880e-02	-1.052720e+01
4.240000e-05	-2.637729e-02	-1.054978e+01
4.241000e-05	-3.431152e-02	-1.055943e+01
4.242000e-05	-3.644283e-02	-1.059190e+01
4.243000e-05	-3.226168e-02	-1.060991e+01
4.244000e-05	-2.876092e-02	-1.063253e+01
4.245000e-05	-3.941334e-02	-1.065254e+01
4.246000e-05	-4.113418e-02	-1.066306e+01
4.247000e-05	-4.035191e-02	-1.066261e+01
4.248000e-05	-3.625656e-02	-1.069659e+01
4.249000e-05	-4.292906e-02	-1.065404e+01
4.250000e-05	-4.698908e-02	-1.067407e+01
4.251000e-05	-4.498831e-02	-1.068459e+01
4.252000e-05	-4.421487e-02	-1.069609e+01
4.253000e-05	-4.646702e-02	-1.065416e+01
4.254000e-05	-5.367452e-02	-1.062464e+01
4.255000e-05	-5.146807e-02	-1.068361e+01
4.256000e-05	-4.850159e-02	-1.063301e+01
4.257000e-05	-5.055406e-02	-1.065248e+01
4.258000e-05	-5.403600e-02	-1.061343e+01
4.259000e-05	-5.265339e-02	-1.059143e+01
4.260000e-05	-4.854186e-02	-1.057895e+01
4.261000e-05	-4.748179e-02	-1.056042e+01
4.262000e-05	-5.018206e-02	-1.057730e+01
4.263000e-05	-4.876547e-02	-1.051522e+01
4.264000e-05	-4.417038e-02	-1.049471e+01
4.265000e-05	-4.327786e-02	-1.043168e+01
4.266000e-05	-4.370282e-02	-1.039953e+01
4.267000e-05	-4.453464e-02	-1.037725e+01
4.268000e-05	-3.941348e-02	-1.031512e+01
4.269000e-05	-3.682841e-02	-1.026193e+01
4.270000e-05	-3.700003e-02	-1.017880e+01
4.271000e-05	-3.684572e-02	-1.008424e+01
4.272000e-05	-3.381784e-02	-1.004153e+01
4.273000e-05	-3.011678e-02	-9.977975e+00
4.274000e-05	-3.087682e-02	-9.904271e+00
4.275000e-05	-3.107876e-02	-9.832983e+00
4.276000e-05	-2.918910e-02	-9.757826e+00
4.277000e-05	-2.730770e-02	-9.695742e+00
4.278000e-05	-2.598567e-02	-9.611029e+00
4.279000e-05	-2.680949e-02	-9.556925e+00
4.280000e-05	-2.484527e-02	-9.452688e+00
4.281000e-05	-2.282442e-02	-9.368299e+00
4.282000e-05	-2.167723e-02	-9.242113e+00
4.283000e-05	-2.269161e-02	-9.156850e+00
4.284000e-05	-2.189241e-02	-9.064084e+00
4.285000e-05	-2.002022e-02	-8.948926e+00
4.286000e-05	-1.993027e-02	-8.844215e+00
4.287000e-05	-2.029564e-02	-8.777401e+00
4.288000e-05	-1.963824e-02	-8.676169e+00
4.289000e-05	-1.760584e-02	-8.569329e+00
4.290000e-05	-1.620301e-02	-8.421610e+00
4.291000e-05	-1.661053e-02	-8.356245e+00
4.292000e-05	-1.590729e-02	-8.251612e+00
4.293000e-05	-1.499638e-02	-8.167850e+00
4.294000e-05	-1.502741e-02	-8.053160e+00
4.295000e-05	-1.504794e-02	-7.927344e+00
4.296000e-05	-1.441544e-02	-7.800929e+00
4.297000e-05	-1.402590e-02	-7.600656e+00
4.298000e-05	-1.288196e-02	-7.515294e+00
4.299000e-05	-1.313297e-02	-7.358979e+00
4.300000e-05	-1.291662e-02	-7.243613e+00
4.301000e-05	-1.298779e-02	-7.146796e+00
4.302000e-05	-9.950152e-03	-6.987875e+00
4.303000e-05	-1.325456e-02	-6.792107e+00
4.304000e-05	-1.005753e-02	-6.724292e+00
4.305000e-05	-1.125518e-02	-6.588401e+00
4.306000e-05	-9.786147e-03	-6.393155e+00
4.307000e-05	-1.196393e-02	-6.305690e+00
4.308000e-05	-8.882012e-03	-6.116295e+00
4.309000e-05	-1.071172e-02	-5.948528e+00
4.310000e-05	-9.765428e-03	-5.851682e+00
4.311000e-05	-1.156240e-02	-5.705218e+00
4.312000e-05	-9.426154e-03	-5.497949e+00
4.313000e-05	-8.677551e-03	-5.317945e+00
4.314000e-05	-8.043553e-03	-5.146850e+00
4.315000e-05	-7.970634e-03	-4.949001e+00
4.316000e-05	-7.817014e-03	-4.759508e+00
4.317000e-05	-7.478304e-03	-4.579579e+00
4.318000e-05	-7.743413e-03	-4.492808e+00
4.319000e-05	-9.773232e-03	-4.324899e+00
4.320000e-05	-9.118384e-03	-4.178477e+00
4.321000e-05	-8.305821e-03	-4.032655e+00
4.322000e-05	-6.609758e-03	-3.894863e+00
4.323000e-05	-6.707306e-03	-3.674638e+00
4.324000e-05	-6.106515e-03	-3.538394e+00
4.325000e-05	-5.969454e-03	-3.367453e+00
4.326000e-05	-6.063860e-03	-3.231655e+00
4.327000e-05	-6.983063e-03	-3.030704e+00
4.328000e-05	-7.396301e-03	-2.792104e+00
4.329000e-05	-6.531109e-03	-2.713820e+00
4.330000e-05	-6.272769e-03	-2.525320e+00
4.331000e-05	-5.564778e-03	-2.359975e+00
4.332000e-05	-5.173952e-03	-2.188080e+00
4.333000e-05	-4.645273e-03	-1.990954e+00
4.334000e-05	-4.179721e-03	-1.842182e+00
4.335000e-05	-4.985879e-03	-1.662758e+00
4.336000e-05	-5.638763e-03	-1.506921e+00
4.337000e-05	-4.976512e-03	-1.202237e+00
4.338000e-05	-5.017465e-03	-1.103837e+00
4.339000e-05	-4.224519e-03	-9.258447e-01
4.340000e-05	-4.597316e-03	-7.690236e-01
4.341000e-05	-3.788067e-03	-5.264210e-01
4.342000e-05	-2.025422e-03	-3.490237e-01
4.343000e-05	-2.406942e-03	-2.200777e-01
4.344000e-05	-6.811851e-04	-4.165901e-02
4.345000e-05	2.526313e-03	1.567118e-01
4.346000e-05	1.752342e-03	3.162658e-01
4.347000e-05	1.041513e-03	5.040580e-01
4.348000e-05	-9.790611e-04	6.215300e-01
4.349000e-05	-1.165194e-03	7.879273e-01
4.350000e-05	-2.454904e-04	9.989198e-01
4.351000e-05	2.423925e-03	1.180446e+00
4.352000e-05	1.073802e-02	1.358240e+00
4.353000e-05	5.368022e-02	1.572295e+00
4.354000e-05	3.199780e-02	1.863477e+00
4.355000e-05	-3.952921e-02	2.020451e+00
4.356000e-05	-3.932248e-02	2.187868e+00
4.357000e-05	-6.621254e-02	2.335738e+00
4.358000e-05	-1.539247e-02	2.421474e+00
4.359000e-05	1.255251e-01	2.599899e+00
4.360000e-05	-9.861625e-02	2.799372e+00
4.361000e-05	-3.374142e-03	2.862609e+00
4.362000e-05	1.296891e-01	3.054055e+00
4.363000e-05	-5.086085e-02	3.252504e+00
4.364000e-05	1.444944e-02	3.376640e+00
4.365000e-05	1.154615e-02	3.558349e+00
4.366000e-05	-1.003719e-01	3.724687e+00
4.367000e-05	7.098514e-02	3.853081e+00
4.368000e-05	4.598371e-02	4.020980e+00
4.369000e-05	-3.580708e-02	4.222978e+00
4.370000e-05	2.411262e-02	4.399427e+00
4.371000e-05	-3.304336e-02	4.559397e+00
4.372000e-05	5.210911e-02	4.677235e+00
4.373000e-05	-7.917676e-03	4.885109e+00
4.374000e-05	-4.843759e-02	5.136687e+00
4.375000e-05	2.576148e-02	5.335637e+00
4.376000e-05	4.931740e-02	5.484508e+00
4.377000e-05	1.916983e-02	5.590422e+00
4.378000e-05	-4.377274e-02	5.739322e+00
4.379000e-05	2.500889e-03	5.948820e+00
4.380000e-05	3.481211e-02	6.074636e+00
4.381000e-05	-5.360121e-03	6.251554e+00
4.382000e-05	7.285439e-03	6.349422e+00
4.383000e-05	-8.321148e-03	6.566213e+00
4.384000e-05	2.025179e-02	6.716212e+00
4.385000e-05	3.588286e-02	6.862604e+00
4.386000e-05	-2.142901e-02	6.980847e+00
4.387000e-05	-1.117100e-03	7.084114e+00
4.388000e-05	4.903864e-03	7.201528e+00
4.389000e-05	3.229442e-02	7.337695e+00
4.390000e-05	1.611585e-03	7.548617e+00
4.391000e-05	-7.289384e-03	7.664558e+00
4.392000e-05	1.588234e-02	7.778749e+00
4.393000e-05	1.736833e-02	7.925617e+00
4.394000e-05	1.794599e-02	8.065534e+00
4.395000e-05	-1.256728e-02	8.240925e+00
4.396000e-05	1.268462e-02	8.264161e+00
4.397000e-05	2.270235e-02	8.368823e+00
4.398000e-05	1.660650e-02	8.452532e+00
4.399000e-05	-2.893878e-03	8.558248e+00
4.400000e-05	3.301804e-03	8.622507e+00
4.401000e-05	2.334376e-02	8.726717e+00
4.402000e-05	1.579387e-02	8.820952e+00
4.403000e-05	5.803400e-03	8.906265e+00
4.404000e-05	6.901336e-03	9.053431e+00
4.405000e-05	2.110481e-02	9.128321e+00
4.406000e-05	2.112936e-02	9.231055e+00
4.407000e-05	7.659551e-03	9.307241e+00
4.408000e-05	6.257220e-03	9.390477e+00
4.409000e-05	1.818079e-02	9.484133e+00
4.410000e-05	2.156726e-02	9.537798e+00
4.411000e-05	1.236054e-02	9.694583e+00
4.412000e-05	1.065145e-02	9.727192e+00
4.413000e-05	1.925770e-02	9.833429e+00
4.414000e-05	2.493828e-02	9.906168e+00
4.415000e-05	1.635914e-02	9.967848e+00
4.416000e-05	1.295751e-02	1.005151e+01
4.417000e-05	1.777329e-02	1.011514e+01
4.418000e-05	2.539245e-02	1.015825e+01
4.419000e-05	2.019829e-02	1.020993e+01
4.420000e-05	1.503373e-02	1.027451e+01
4.421000e-05	2.164092e-02	1.032624e+01
4.422000e-05	2.712644e-02	1.036937e+01
4.423000e-05	2.703997e-02	1.038843e+01
4.424000e-05	1.987311e-02	1.041301e+01
4.425000e-05	2.400369e-02	1.048358e+01
4.426000e-05	2.896086e-02	1.052514e+01
4.427000e-05	2.944627e-02	1.053829e+01
4.428000e-05	2.401506e-02	1.053775e+01
4.429000e-05	2.698044e-02	1.057930e+01
4.430000e-05	3.344171e-02	1.057087e+01
4.431000e-05	3.594230e-02	1.061041e+01
4.432000e-05	3.040728e-02	1.062183e+01
4.433000e-05	3.199493e-02	1.066201e+01
4.434000e-05	3.767752e-02	1.063296e+01
4.435000e-05	4.116731e-02	1.062350e+01
4.436000e-05	3.869216e-02	1.067196e+01
4.437000e-05	3.677324e-02	1.063146e+01
4.438000e-05	4.341874e-02	1.064249e+01
4.439000e-05	4.604549e-02	1.065193e+01
4.440000e-05	4.370479e-02	1.063246e+01
4.441000e-05	4.110053e-02	1.064086e+01
4.442000e-05	4.579076e-02	1.057935e+01
4.443000e-05	4.868703e-02	1.061930e+01
4.444000e-05	4.562914e-02	1.057785e+01
4.445000e-05	4.309676e-02	1.053827e+01
4.446000e-05	4.370357e-02	1.048526e+01
4.447000e-05	4.508377e-02	1.045374e+01
4.448000e-05	4.273123e-02	1.042318e+01
4.449000e-05	3.779024e-02	1.041308e+01
4.450000e-05	3.781754e-02	1.037893e+01
4.451000e-05	3.808082e-02	1.034785e+01
4.452000e-05	3.767146e-02	1.034474e+01
4.453000e-05	3.264462e-02	1.027256e+01
4.454000e-05	3.124281e-02	1.022098e+01
4.455000e-05	3.264317e-02	1.014840e+01
4.456000e-05	3.141768e-02	1.011622e+01
4.457000e-05	2.876585e-02	1.004416e+01
4.458000e-05	2.434713e-02	9.970003e+00
4.459000e-05	2.507079e-02	9.956323e+00
4.460000e-05	2.478730e-02	9.842533e+00
4.461000e-05	2.194431e-02	9.737901e+00
4.462000e-05	2.011322e-02	9.665160e+00
4.463000e-05	1.939704e-02	9.599476e+00
4.464000e-05	2.201890e-02	9.466268e+00
4.465000e-05	1.933027e-02	9.451557e+00
4.466000e-05	1.669674e-02	9.366244e+00
4.467000e-05	1.561096e-02	9.262162e+00
4.468000e-05	1.560750e-02	9.199924e+00
4.469000e-05	1.605712e-02	9.073592e+00
4.470000e-05	1.331959e-02	8.958475e+00
4.471000e-05	1.189356e-02	8.882182e+00
4.472000e-05	1.344254e-02	8.758871e+00
4.473000e-05	1.202627e-02	8.644610e+00
4.474000e-05	1.116304e-02	8.557950e+00
4.475000e-05	9.237097e-03	8.494717e+00
4.476000e-05	1.083318e-02	8.421452e+00
4.477000e-05	1.197132e-02	8.284260e+00
4.478000e-05	8.784441e-03	8.137822e+00
4.479000e-05	6.667760e-03	8.084258e+00
4.480000e-05	7.053387e-03	7.925316e+00
4.481000e-05	9.365192e-03	7.799700e+00
4.482000e-05	7.190413e-03	7.714239e+00
4.483000e-05	5.999385e-03	7.559473e+00
4.484000e-05	6.249918e-03	7.432033e+00
4.485000e-05	7.465818e-03	7.254639e+00
4.486000e-05	5.968447e-03	7.166421e+00
4.487000e-05	4.261065e-03	7.029953e+00
4.488000e-05	3.824988e-03	6.893238e+00
4.489000e-05	4.670447e-03	6.758397e+00
4.490000e-05	3.886199e-03	6.650106e+00
4.491000e-05	3.185582e-03	6.462707e+00
4.492000e-05	2.866612e-03	6.315816e+00
4.493000e-05	3.291447e-03	6.159474e+00
4.494000e-05	4.183815e-03	6.022179e+00
4.495000e-05	2.681154e-03	5.936892e+00
4.496000e-05	2.044845e-03	5.735817e+00
4.497000e-05	2.970293e-03	5.548448e+00
4.498000e-05	2.926278e-03	5.410579e+00
4.499000e-05	3.661337e-04	5.234108e+00
4.500000e-05	4.734749e-04	5.071113e+00
4.501000e-05	1.489105e-03	4.822132e+00
4.502000e-05	1.231064e-03	4.702741e+00
4.503000e-05	6.530162e-04	4.514795e+00
4.504000e-05	-2.585958e-04	4.361527e+00
4.505000e-05	1.397210e-03	4.209627e+00
4.506000e-05	6.344561e-04	4.022027e+00
4.507000e-05	-2.378150e-04	3.903782e+00
4.508000e-05	-1.260985e-03	3.724936e+00
4.509000e-05	-5.721012e-04	3.578449e+00
4.510000e-05	-7.408873e-04	3.381573e+00
4.511000e-05	-2.205049e-03	3.210525e+00
4.512000e-05	-2.264493e-03	3.041736e+00
4.513000e-05	-1.351071e-03	2.923366e+00
4.514000e-05	-1.256010e-03	2.787949e+00
4.515000e-05	-1.411113e-03	2.536445e+00
4.516000e-05	-2.373710e-03	2.368575e+00
4.517000e-05	-2.592726e-03	2.250652e+00
4.518000e-05	-2.702661e-03	2.042184e+00
4.519000e-05	-3.210042e-03	1.925795e+00
4.520000e-05	-4.787151e-03	1.713912e+00
4.521000e-05	-4.526013e-03	1.527396e+00
4.522000e-05	-3.439731e-03	1.328500e+00
4.523000e-05	-3.434932e-03	1.209950e+00
4.524000e-05	-4.455471e-03	9.570436e-01
4.525000e-05	-3.604431e-03	7.964725e-01
4.526000e-05	-2.995342e-03	6.096252e-01
4.527000e-05	-3.155549e-03	4.411065e-01
4.528000e-05	-5.372553e-03	2.632630e-01
4.529000e-05	-5.569782e-03	2.318183e-02
4.530000e-05	-2.725195e-03	-8.768803e-02
4.531000e-05	1.482654e-03	-2.836104e-01
4.532000e-05	-4.130729e-03	-4.405512e-01
4.533000e-05	-1.922501e-03	-6.119225e-01
4.534000e-05	-3.974153e-03	-7.699538e-01
4.535000e-05	-2.111981e-03	-9.487168e-01
4.536000e-05	-5.506884e-03	-1.085761e+00
4.537000e-05	2.033769e-03	-1.274062e+00
4.538000e-05	5.297975e-02	-1.486112e+00
4.539000e-05	3.541400e-02	-1.695538e+00
4.540000e-05	-5.462429e-02	-1.967270e+00
4.541000e-05	-4.054183e-02	-2.211806e+00
4.542000e-05	-1.116293e-01	-2.379925e+00
4.543000e-05	7.129833e-02	-2.400525e+00
4.544000e-05	8.158958e-02	-2.465111e+00
4.545000e-05	-1.871433e-01	-2.747242e+00
4.546000e-05	1.303624e-01	-2.841604e+00
4.547000e-05	5.663129e-02	-2.937739e+00
4.548000e-05	-1.324076e-01	-3.255483e+00
4.549000e-05	1.098262e-01	-3.400450e+00
4.550000e-05	-6.217431e-02	-3.475689e+00
4.551000e-05	-1.441065e-01	-3.715638e+00
4.552000e-05	1.537659e-01	-3.851061e+00
4.553000e-05	-3.498662e-02	-4.053455e+00
4.554000e-05	-7.298376e-03	-4.222503e+00
4.555000e-05	1.966012e-02	-4.285167e+00
4.556000e-05	-9.649333e-02	-4.535191e+00
4.557000e-05	1.272980e-01	-4.715564e+00
4.558000e-05	-9.537846e-02	-4.792979e+00
4.559000e-05	-6.866815e-02	-5.031977e+00
4.560000e-05	9.483875e-02	-5.138795e+00
4.561000e-05	-3.425451e-02	-5.391821e+00
4.562000e-05	3.694231e-02	-5.590422e+00
4.563000e-05	-9.662245e-02	-5.665687e+00
4.564000e-05	6.824552e-03	-5.905134e+00
4.565000e-05	6.373755e-02	-5.980403e+00
4.566000e-05	-9.434260e-02	-6.149223e+00
4.567000e-05	4.560433e-02	-6.347772e+00
4.568000e-05	-5.458050e-02	-6.474639e+00
4.569000e-05	3.306803e-02	-6.654983e+00
4.570000e-05	1.294842e-02	-6.749319e+00
4.571000e-05	-9.293108e-02	-6.937087e+00
4.572000e-05	4.286527e-02	-7.036013e+00
4.573000e-05	-4.746647e-02	-7.230383e+00
4.574000e-05	4.046520e-02	-7.346800e+00
4.575000e-05	-4.176048e-02	-7.463612e+00
4.576000e-05	-3.040206e-02	-7.620374e+00
4.577000e-05	3.138097e-02	-7.747694e+00
4.578000e-05	-4.292186e-02	-7.896116e+00
4.579000e-05	1.384936e-02	-8.011505e+00
4.580000e-05	-6.518169e-02	-8.117196e+00
4.581000e-05	1.917726e-02	-8.251480e+00
4.582000e-05	-2.222767e-03	-8.286667e+00
4.583000e-05	-3.202190e-02	-8.413007e+00
4.584000e-05	-1.244398e-02	-8.536740e+00
4.585000e-05	-3.048253e-02	-8.646513e+00
4.586000e-05	2.025709e-02	-8.750374e+00
4.587000e-05	-3.999951e-02	-8.863609e+00
4.588000e-05	-1.987552e-02	-8.958247e+00
4.589000e-05	-1.904902e-02	-9.032979e+00
4.590000e-05	-4.456372e-03	-9.157795e+00
4.591000e-05	-1.360973e-02	-9.222005e+00
4.592000e-05	-4.039577e-02	-9.294642e+00
4.593000e-05	-1.095282e-02	-9.419856e+00
4.594000e-05	-1.685959e-02	-9.537586e+00
4.595000e-05	-1.175792e-02	-9.610531e+00
4.596000e-05	-3.340915e-02	-9.695036e+00
4.597000e-05	-2.077350e-02	-9.739248e+00
4.598000e-05	-1.225624e-02	-9.871453e+00
4.599000e-05	-1.785510e-02	-9.885117e+00
4.600000e-05	-3.043598e-02	-9.949821e+00
4.601000e-05	-3.189878e-02	-1.002153e+01
4.602000e-05	-1.594946e-02	-1.009614e+01
4.603000e-05	-2.275349e-02	-1.017077e+01
4.604000e-05	-2.731141e-02	-1.020335e+01
4.605000e-05	-3.155612e-02	-1.028564e+01
4.606000e-05	-1.897642e-02	-1.036975e+01
4.607000e-05	-2.131875e-02	-1.040093e+01
4.608000e-05	-3.107461e-02	-1.044306e+01
4.609000e-05	-3.458757e-02	-1.048311e+01
4.610000e-05	-2.793345e-02	-1.048524e+01
4.611000e-05	-2.513637e-02	-1.056772e+01
4.612000e-05	-3.456965e-02	-1.058935e+01
4.613000e-05	-3.791297e-02	-1.059988e+01
4.614000e-05	-3.285897e-02	-1.061996e+01
4.615000e-05	-2.792578e-02	-1.058146e+01
4.616000e-05	-3.666664e-02	-1.063353e+01
4.617000e-05	-4.228222e-02	-1.062256e+01
4.618000e-05	-3.935697e-02	-1.066359e+01
4.619000e-05	-3.520128e-02	-1.067357e+01
4.620000e-05	-4.235857e-02	-1.065456e+01
4.621000e-05	-4.817696e-02	-1.067569e+01
4.622000e-05	-4.637935e-02	-1.065561e+01
4.623000e-05	-4.364908e-02	-1.067509e+01
4.624000e-05	-4.601796e-02	-1.064524e+01
4.625000e-05	-5.175704e-02	-1.068357e+01
4.626000e-05	-5.042982e-02	-1.065316e+01
4.627000e-05	-4.703103e-02	-1.066356e+01
4.628000e-05	-4.875025e-02	-1.064359e+01
4.629000e-05	-5.408905e-02	-1.062248e+01
4.630000e-05	-5.292801e-02	-1.059150e+01
4.631000e-05	-4.916735e-02	-1.053843e+01
4.632000e-05	-4.802804e-02	-1.059737e+01
4.633000e-05	-5.034111e-02	-1.053730e+01
4.634000e-05	-4.979616e-02	-1.051723e+01
4.635000e-05	-4.381122e-02	-1.048567e+01
4.636000e-05	-4.162490e-02	-1.045259e+01
4.637000e-05	-4.394178e-02	-1.041996e+01
4.638000e-05	-4.354721e-02	-1.033835e+01
4.639000e-05	-3.980451e-02	-1.030569e+01
4.640000e-05	-3.693006e-02	-1.024251e+01
4.641000e-05	-3.803721e-02	-1.016035e+01
4.642000e-05	-3.878377e-02	-1.011572e+01
4.643000e-05	-3.456371e-02	-1.004203e+01
4.644000e-05	-3.119674e-02	-9.988850e+00
4.645000e-05	-3.185173e-02	-9.906746e+00
4.646000e-05	-3.152197e-02	-9.825559e+00
4.647000e-05	-2.898350e-02	-9.788424e+00
4.648000e-05	-2.553790e-02	-9.695695e+00
4.649000e-05	-2.656886e-02	-9.632637e+00
4.650000e-05	-2.741044e-02	-9.558448e+00
4.651000e-05	-2.591517e-02	-9.505112e+00
4.652000e-05	-2.310304e-02	-9.349328e+00
4.653000e-05	-2.362326e-02	-9.272689e+00
4.654000e-05	-2.367909e-02	-9.187877e+00
4.655000e-05	-2.299825e-02	-9.095641e+00
4.656000e-05	-1.886496e-02	-8.989403e+00
4.657000e-05	-1.894430e-02	-8.906689e+00
4.658000e-05	-1.987401e-02	-8.810554e+00
4.659000e-05	-1.909534e-02	-8.735716e+00
4.660000e-05	-1.779846e-02	-8.571059e+00
4.661000e-05	-1.657612e-02	-8.494115e+00
4.662000e-05	-1.914263e-02	-8.369395e+00
4.663000e-05	-1.867174e-02	-8.244167e+00
4.664000e-05	-1.580809e-02	-8.148397e+00
4.665000e-05	-1.465842e-02	-8.074186e+00
4.666000e-05	-1.495784e-02	-7.957924e+00
4.667000e-05	-1.452851e-02	-7.801508e+00
4.668000e-05	-1.328845e-02	-7.662713e+00
4.669000e-05	-1.162885e-02	-7.496370e+00
4.670000e-05	-1.449314e-02	-7.418479e+00
4.671000e-05	-1.423977e-02	-7.263240e+00
4.672000e-05	-1.489132e-02	-7.159796e+00
4.673000e-05	-1.074860e-02	-7.030961e+00
4.674000e-05	-1.444734e-02	-6.862662e+00
4.675000e-05	-1.144798e-02	-6.707799e+00
4.676000e-05	-1.055726e-02	-6.589505e+00
4.677000e-05	-7.175806e-03	-6.473709e+00
4.678000e-05	-1.011734e-02	-6.315871e+00
4.679000e-05	-9.298252e-03	-6.147926e+00
4.680000e-05	-1.109769e-02	-5.990027e+00
4.681000e-05	-9.581014e-03	-5.844166e+00
4.682000e-05	-1.153418e-02	-5.705847e+00
4.683000e-05	-1.222778e-02	-5.588951e+00
4.684000e-05	-8.962468e-03	-5.350528e+00
4.685000e-05	-7.673703e-03	-5.160023e+00
4.686000e-05	-6.466061e-03	-5.001606e+00
4.687000e-05	-6.727949e-03	-4.830630e+00
4.688000e-05	-6.858114e-03	-4.591578e+00
4.689000e-05	-6.787490e-03	-4.505266e+00
4.690000e-05	-8.642196e-03	-4.388425e+00
4.691000e-05	-9.267199e-03	-4.221603e+00
4.692000e-05	-9.125491e-03	-4.092738e+00
4.693000e-05	-7.964266e-03	-3.907297e+00
4.694000e-05	-6.184312e-03	-3.725320e+00
4.695000e-05	-6.565230e-03	-3.566498e+00
4.696000e-05	-5.161764e-03	-3.410629e+00
4.697000e-05	-4.282360e-03	-3.231680e+00
4.698000e-05	-4.487932e-03	-3.115790e+00
4.699000e-05	-6.660695e-03	-2.873257e+00
4.700000e-05	-7.181733e-03	-2.754491e+00
4.701000e-05	-6.624870e-03	-2.568921e+00
4.702000e-05	-6.417540e-03	-2.410555e+00
4.703000e-05	-5.590045e-03	-2.231179e+00
4.704000e-05	-4.265846e-03	-2.021105e+00
4.705000e-05	-3.478923e-03	-1.894756e+00
4.706000e-05	-3.938396e-03	-1.714870e+00
4.707000e-05	-4.248194e-03	-1.538444e+00
4.708000e-05	-4.226849e-03	-1.264921e+00
4.709000e-05	-4.459319e-03	-1.135371e+00
4.710000e-05	-4.829304e-03	-9.378974e-01
4.711000e-05	-3.430432e-03	-7.890764e-01
4.712000e-05	-4.613428e-03	-5.592014e-01
4.713000e-05	-2.874979e-03	-3.611264e-01
4.714000e-05	-3.448817e-03	-2.202091e-01
4.715000e-05	-1.828377e-03	-8.381060e-02
4.716000e-05	1.734135e-03	8.360802e-02
4.717000e-05	3.077558e-03	3.161340e-01
4.718000e-05	-6.115421e-05	4.331040e-01
4.719000e-05	1.763537e-03	6.310262e-01
4.720000e-05	-2.011897e-04	7.873171e-01
4.721000e-05	-4.044094e-04	8.962157e-01
4.722000e-05	3.645220e-04	1.177293e+00
4.723000e-05	7.638342e-03	1.335734e+00
4.724000e-05	3.928235e-02	1.506163e+00
4.725000e-05	5.101883e-02	1.760899e+00
4.726000e-05	-3.658337e-02	2.029846e+00
4.727000e-05	-3.836157e-02	2.157216e+00
4.728000e-05	-5.309034e-02	2.295657e+00
4.729000e-05	-4.743643e-02	2.369496e+00
4.730000e-05	1.186790e-01	2.517159e+00
4.731000e-05	-4.034532e-02	2.768866e+00
4.732000e-05	-7.852099e-02	2.861629e+00
4.733000e-05	1.555004e-01	3.010925e+00
4.734000e-05	-2.808236e-02	3.219975e+00
4.735000e-05	-2.472229e-02	3.346142e+00
4.736000e-05	5.257892e-02	3.536638e+00
4.737000e-05	-1.087421e-01	3.682679e+00
4.738000e-05	3.626498e-02	3.853029e+00
4.739000e-05	7.379018e-02	4.009425e+00
4.740000e-05	-3.339827e-02	4.209325e+00
4.741000e-05	1.635605e-02	4.320245e+00
4.742000e-05	-2.583358e-02	4.557241e+00
4.743000e-05	2.676127e-02	4.685111e+00
4.744000e-05	2.550891e-02	4.852405e+00
4.745000e-05	-5.817573e-02	5.104528e+00
4.746000e-05	1.297665e-02	5.293079e+00
4.747000e-05	4.658318e-02	5.442505e+00
4.748000e-05	3.041797e-02	5.559848e+00
4.749000e-05	-3.167052e-02	5.746214e+00
4.750000e-05	-2.222008e-02	5.966141e+00
4.751000e-05	4.631753e-02	6.054053e+00
4.752000e-05	-3.473638e-03	6.202423e+00
4.753000e-05	1.099834e-02	6.338716e+00
4.754000e-05	-7.907177e-03	6.495613e+00
4.755000e-05	9.002284e-03	6.694434e+00
4.756000e-05	4.010854e-02	6.820476e+00
4.757000e-05	-1.271687e-02	6.957744e+00
4.758000e-05	-7.219980e-03	7.073579e+00
4.759000e-05	4.107809e-03	7.200473e+00
4.760000e-05	3.244361e-02	7.355638e+00
4.761000e-05	1.193525e-02	7.475059e+00
4.762000e-05	-1.016860e-02	7.623501e+00
4.763000e-05	1.038451e-02	7.768274e+00
4.764000e-05	1.666420e-02	7.897058e+00
4.765000e-05	1.809417e-02	8.049828e+00
4.766000e-05	-6.862638e-03	8.158398e+00
4.767000e-05	3.743542e-03	8.253532e+00
4.768000e-05	2.609941e-02	8.367721e+00
4.769000e-05	2.032897e-02	8.441503e+00
4.770000e-05	3.226753e-03	8.516166e+00
4.771000e-05	5.047772e-04	8.611503e+00
4.772000e-05	1.841353e-02	8.725140e+00
4.773000e-05	1.971372e-02	8.789450e+00
4.774000e-05	4.350789e-03	8.925166e+00
4.775000e-05	5.824998e-03	9.031455e+00
4.776000e-05	1.485555e-02	9.167692e+00
4.777000e-05	2.454752e-02	9.200431e+00
4.778000e-05	9.390164e-03	9.305182e+00
4.779000e-05	7.971210e-03	9.377377e+00
4.780000e-05	1.659083e-02	9.452509e+00
4.781000e-05	2.418096e-02	9.536716e+00
4.782000e-05	1.518800e-02	9.641027e+00
4.783000e-05	7.568488e-03	9.696165e+00
4.784000e-05	1.456358e-02	9.820804e+00
4.785000e-05	2.077338e-02	9.854617e+00
4.786000e-05	1.922976e-02	9.960347e+00
4.787000e-05	1.330414e-02	1.001153e+01
4.788000e-05	1.783525e-02	1.012516e+01
4.789000e-05	2.717221e-02	1.012727e+01
4.790000e-05	2.296767e-02	1.017935e+01
4.791000e-05	1.429359e-02	1.025306e+01
4.792000e-05	1.652371e-02	1.025569e+01
4.793000e-05	2.298493e-02	1.033737e+01
4.794000e-05	2.660098e-02	1.034892e+01
4.795000e-05	2.057498e-02	1.042050e+01
4.796000e-05	2.357064e-02	1.048403e+01
4.797000e-05	2.957339e-02	1.049519e+01
4.798000e-05	3.130296e-02	1.049624e+01
4.799000e-05	2.507832e-02	1.055725e+01
4.800000e-05	2.448089e-02	1.059882e+01
4.801000e-05	3.041198e-02	1.056935e+01
4.802000e-05	3.416309e-02	1.063945e+01
4.803000e-05	3.214980e-02	1.059135e+01
4.804000e-05	3.068489e-02	1.061388e+01
4.805000e-05	3.809803e-02	1.063298e+01
4.806000e-05	4.034765e-02	1.063346e+01
4.807000e-05	3.980958e-02	1.062394e+01
4.808000e-05	3.686084e-02	1.063253e+01
4.809000e-05	4.219188e-02	1.069291e+01
4.810000e-05	4.623745e-02	1.062296e+01
4.811000e-05	4.433632e-02	1.061243e+01
4.812000e-05	4.241525e-02	1.064246e+01
4.813000e-05	4.433168e-02	1.061185e+01
4.814000e-05	4.758568e-02	1.058938e+01
4.815000e-05	4.496645e-02	1.058885e+01
4.816000e-05	4.352893e-02	1.056629e+01
4.817000e-05	4.314212e-02	1.049725e+01
4.818000e-05	4.664635e-02	1.049621e+01
4.819000e-05	4.419388e-02	1.046319e+01
4.820000e-05	4.103401e-02	1.042408e+01
4.821000e-05	3.850825e-02	1.039098e+01
4.822000e-05	3.864921e-02	1.038895e+01
4.823000e-05	3.678973e-02	1.031569e+01
4.824000e-05	3.341021e-02	1.024511e+01
4.825000e-05	3.133476e-02	1.025153e+01
4.826000e-05	3.289815e-02	1.016787e+01
4.827000e-05	3.185280e-02	1.012832e+01
4.828000e-05	2.950345e-02	1.008314e+01
4.829000e-05	2.495936e-02	1.001995e+01
4.830000e-05	2.746952e-02	9.957422e+00
4.831000e-05	2.546184e-02	9.854082e+00
4.832000e-05	2.435426e-02	9.788453e+00
4.833000e-05	2.125131e-02	9.695792e+00
4.834000e-05	1.984472e-02	9.619026e+00
4.835000e-05	2.090743e-02	9.507217e+00
4.836000e-05	1.758916e-02	9.403686e+00
4.837000e-05	1.691571e-02	9.347924e+00
4.838000e-05	1.430492e-02	9.274713e+00
4.839000e-05	1.811287e-02	9.200983e+00
4.840000e-05	1.694491e-02	9.144812e+00
4.841000e-05	1.566723e-02	9.019931e+00
4.842000e-05	1.387866e-02	8.863210e+00
4.843000e-05	1.345805e-02	8.789471e+00
4.844000e-05	1.100012e-02	8.714739e+00
4.845000e-05	8.447322e-03	8.590427e+00
4.846000e-05	7.502251e-03	8.486236e+00
4.847000e-05	9.893269e-03	8.422002e+00
4.848000e-05	1.151742e-02	8.296271e+00
4.849000e-05	1.022276e-02	8.179023e+00
4.850000e-05	1.226371e-02	8.084666e+00
4.851000e-05	5.800371e-03	7.987947e+00
4.852000e-05	9.706969e-03	7.840607e+00
4.853000e-05	2.452535e-03	7.735321e+00
4.854000e-05	7.036769e-03	7.610983e+00
4.855000e-05	2.453394e-03	7.473213e+00
4.856000e-05	9.195719e-03	7.325788e+00
4.857000e-05	5.997325e-03	7.169498e+00
4.858000e-05	6.479360e-03	7.061084e+00
4.859000e-05	3.897256e-03	6.925795e+00
4.860000e-05	3.441835e-03	6.819602e+00
4.861000e-05	3.234920e-03	6.641691e+00
4.862000e-05	2.489252e-03	6.493342e+00
4.863000e-05	4.037079e-03	6.327400e+00
4.864000e-05	4.037945e-03	6.210529e+00
4.865000e-05	5.627520e-03	6.053784e+00
4.866000e-05	6.439514e-04	5.958870e+00
4.867000e-05	1.900617e-03	5.808400e+00
4.868000e-05	1.605376e-04	5.620030e+00
4.869000e-05	2.923852e-03	5.433712e+00
4.870000e-05	1.226121e-03	5.295737e+00
4.871000e-05	1.927973e-03	5.096241e+00
4.872000e-05	2.551973e-03	4.884264e+00
4.873000e-05	2.167831e-03	4.715842e+00
4.874000e-05	3.990521e-04	4.558473e+00
4.875000e-05	-1.410258e-03	4.401607e+00
4.876000e-05	-2.378751e-04	4.235191e+00
4.877000e-05	1.016079e-04	4.042156e+00
4.878000e-05	4.614143e-04	3.925346e+00
4.879000e-05	-1.307039e-03	3.777949e+00
4.880000e-05	8.290336e-04	3.611025e+00
4.881000e-05	-6.264608e-04	3.462235e+00
4.882000e-05	-1.108053e-03	3.251706e+00
4.883000e-05	-2.439912e-03	3.134338e+00
4.884000e-05	-7.310584e-04	2.956371e+00
4.885000e-05	-7.770366e-04	2.821124e+00
4.886000e-05	-1.139657e-03	2.660150e+00
4.887000e-05	-1.832285e-03	2.429553e+00
4.888000e-05	-2.565331e-03	2.243707e+00
4.889000e-05	-1.146056e-03	2.113262e+00
4.890000e-05	-3.264861e-03	1.957374e+00
4.891000e-05	-4.125011e-03	1.807076e+00
4.892000e-05	-3.894270e-03	1.617471e+00
4.893000e-05	-2.869890e-03	1.411103e+00
4.894000e-05	-1.685316e-03	1.219705e+00
4.895000e-05	-3.479209e-03	1.049127e+00
4.896000e-05	-3.644440e-03	8.321051e-01
4.897000e-05	-4.566514e-03	6.531830e-01
4.898000e-05	-4.175211e-03	4.737594e-01
4.899000e-05	-5.986650e-03	3.273909e-01
4.900000e-05	-5.543000e-03	7.429072e-02
4.901000e-05	-2.145874e-03	-7.511045e-02
4.902000e-05	2.825149e-03	-2.520338e-01
4.903000e-05	1.840817e-05	-4.094473e-01
4.904000e-05	-1.948281e-03	-5.577896e-01
4.905000e-05	-4.632782e-03	-7.588458e-01
4.906000e-05	-4.002056e-03	-9.161605e-01
4.907000e-05	-7.210914e-03	-1.074055e+00
4.908000e-05	-3.027408e-03	-1.241453e+00
4.909000e-05	3.161299e-02	-1.433555e+00
4.910000e-05	6.977144e-02	-1.631510e+00
4.911000e-05	-5.379609e-02	-1.876609e+00
4.912000e-05	-3.148181e-02	-2.147273e+00
4.913000e-05	-9.963153e-02	-2.379321e+00
4.914000e-05	-1.442128e-03	-2.411501e+00
4.915000e-05	1.324405e-01	-2.432507e+00
4.916000e-05	-1.564853e-01	-2.685083e+00
4.917000e-05	3.535869e-02	-2.861055e+00
4.918000e-05	1.379058e-01	-2.866083e+00
4.919000e-05	-1.348657e-01	-3.190252e+00
4.920000e-05	5.853230e-02	-3.379872e+00
4.921000e-05	2.188092e-02	-3.503085e+00
4.922000e-05	-1.864462e-01	-3.642455e+00
4.923000e-05	1.189922e-01	-3.762883e+00
4.924000e-05	2.854204e-02	-3.990852e+00
4.925000e-05	-5.781387e-02	-4.200450e+00
4.926000e-05	5.191170e-02	-4.263186e+00
4.927000e-05	-1.104904e-01	-4.453458e+00
4.928000e-05	9.243601e-02	-4.676637e+00
4.929000e-05	-1.589441e-02	-4.747792e+00
4.930000e-05	-1.332367e-01	-4.968326e+00
4.931000e-05	1.057902e-01	-5.128743e+00
4.932000e-05	-2.059499e-02	-5.336591e+00
4.933000e-05	2.594839e-02	-5.546327e+00
4.934000e-05	-5.951101e-02	-5.683985e+00
4.935000e-05	-5.488627e-02	-5.844508e+00
4.936000e-05	9.827207e-02	-5.938799e+00
4.937000e-05	-9.271041e-02	-6.126121e+00
4.938000e-05	2.302452e-02	-6.304169e+00
4.939000e-05	-2.370079e-02	-6.463032e+00
4.940000e-05	-8.846042e-03	-6.620455e+00
4.941000e-05	5.930965e-02	-6.735669e+00
4.942000e-05	-1.070908e-01	-6.873558e+00
4.943000e-05	3.039853e-02	-7.022458e+00
4.944000e-05	-3.226241e-02	-7.148299e+00
4.945000e-05	1.581674e-02	-7.346693e+00
4.946000e-05	-5.726855e-03	-7.401959e+00
4.947000e-05	-6.303819e-02	-7.589872e+00
4.948000e-05	4.133342e-02	-7.694619e+00
4.949000e-05	-4.025965e-02	-7.882586e+00
4.950000e-05	1.239217e-02	-7.958924e+00
4.951000e-05	-5.006380e-02	-8.094134e+00
4.952000e-05	-7.411229e-03	-8.209955e+00
4.953000e-05	2.061346e-02	-8.315165e+00
4.954000e-05	-4.077294e-02	-8.409952e+00
4.955000e-05	-7.808489e-03	-8.496239e+00
4.956000e-05	-3.728086e-02	-8.602282e+00
4.957000e-05	1.647623e-02	-8.747249e+00
4.958000e-05	-2.450932e-02	-8.823552e+00
4.959000e-05	-2.980188e-02	-8.907670e+00
4.960000e-05	-1.243424e-02	-8.990425e+00
4.961000e-05	-1.243947e-02	-9.125188e+00
4.962000e-05	-2.417818e-03	-9.208854e+00
4.963000e-05	-4.207574e-02	-9.323686e+00
4.964000e-05	-1.624790e-02	-9.341824e+00
4.965000e-05	-1.474684e-02	-9.474113e+00
4.966000e-05	-1.143900e-02	-9.599953e+00
4.967000e-05	-2.919813e-02	-9.642986e+00
4.968000e-05	-2.827575e-02	-9.765767e+00
4.969000e-05	-1.015426e-02	-9.789431e+00
4.970000e-05	-1.732956e-02	-9.854162e+00
4.971000e-05	-2.429978e-02	-9.978695e+00
4.972000e-05	-3.381372e-02	-9.979453e+00
4.973000e-05	-1.690195e-02	-1.007564e+01
4.974000e-05	-2.118204e-02	-1.012622e+01
4.975000e-05	-2.741409e-02	-1.022233e+01
4.976000e-05	-3.367112e-02	-1.028354e+01
4.977000e-05	-2.391749e-02	-1.034667e+01
4.978000e-05	-1.978306e-02	-1.038145e+01
4.979000e-05	-2.908864e-02	-1.045303e+01
4.980000e-05	-3.404146e-02	-1.050409e+01
4.981000e-05	-2.906174e-02	-1.048524e+01
4.982000e-05	-2.392173e-02	-1.053727e+01
4.983000e-05	-3.190860e-02	-1.056983e+01
4.984000e-05	-3.816860e-02	-1.061042e+01
4.985000e-05	-3.629117e-02	-1.063045e+01
4.986000e-05	-2.947019e-02	-1.061146e+01
4.987000e-05	-3.517596e-02	-1.065299e+01
4.988000e-05	-4.168114e-02	-1.064314e+01
4.989000e-05	-3.930737e-02	-1.065562e+01
4.990000e-05	-3.556382e-02	-1.070318e+01
4.991000e-05	-3.854828e-02	-1.065609e+01
4.992000e-05	-4.634967e-02	-1.069364e+01
4.993000e-05	-4.749991e-02	-1.068464e+01
4.994000e-05	-4.387036e-02	-1.067356e+01
4.995000e-05	-4.516383e-02	-1.065416e+01
4.996000e-05	-5.167495e-02	-1.065411e+01
4.997000e-05	-5.323524e-02	-1.066567e+01
4.998000e-05	-4.861323e-02	-1.064167e+01
4.999000e-05	-4.764359e-02	-1.064161e+01
