# 260928_12:39:44.190744
t	CH1	CH2
0.000000e+00	-8.288159e-04	-5.883941e+00
1.000000e-08	-8.532507e-03	-5.917522e+00
2.000000e-08	-1.959627e-02	-5.990654e+00
3.000000e-08	-7.940378e-03	-6.031733e+00
4.000000e-08	-4.371041e-03	-6.116442e+00
5.000000e-08	-8.098297e-03	-6.139249e+00
6.000000e-08	-2.053070e-02	-6.141334e+00
7.000000e-08	-1.030635e-02	-6.295013e+00
8.000000e-08	-6.561093e-03	-6.309102e+00
9.000000e-08	-8.943886e-03	-6.430708e+00
1.000000e-07	-1.734431e-02	-6.434310e+00
1.100000e-07	-1.253924e-02	-6.464516e+00
1.200000e-07	-4.380541e-03	-6.527022e+00
1.300000e-07	-1.060866e-02	-6.589229e+00
1.400000e-07	-1.607667e-02	-6.622208e+00
1.500000e-07	-1.549992e-02	-6.682916e+00
1.600000e-07	-5.790299e-03	-6.717471e+00
1.700000e-07	-1.132739e-02	-6.728097e+00
1.800000e-07	-1.554948e-02	-6.749677e+00
1.900000e-07	-1.630147e-02	-6.822283e+00
2.000000e-07	-8.468936e-03	-6.886038e+00
2.100000e-07	-1.046398e-02	-6.927045e+00
2.200000e-07	-1.632121e-02	-6.947728e+00
2.300000e-07	-1.491925e-02	-7.001787e+00
2.400000e-07	-1.080399e-02	-7.053993e+00
2.500000e-07	-1.075653e-02	-7.105549e+00
2.600000e-07	-1.844801e-02	-7.139075e+00
2.700000e-07	-1.611042e-02	-7.191228e+00
2.800000e-07	-1.307527e-02	-7.242284e+00
2.900000e-07	-1.202276e-02	-7.244391e+00
3.000000e-07	-1.730090e-02	-7.286020e+00
3.100000e-07	-1.692744e-02	-7.335523e+00
3.200000e-07	-1.320893e-02	-7.326651e+00
3.300000e-07	-1.430743e-02	-7.351703e+00
3.400000e-07	-1.740689e-02	-7.380733e+00
3.500000e-07	-1.890026e-02	-7.432261e+00
3.600000e-07	-1.520258e-02	-7.475467e+00
3.700000e-07	-1.606655e-02	-7.485971e+00
3.800000e-07	-1.851889e-02	-7.475647e+00
3.900000e-07	-2.009448e-02	-7.538728e+00
4.000000e-07	-1.708997e-02	-7.549332e+00
4.100000e-07	-1.679707e-02	-7.561310e+00
4.200000e-07	-1.996815e-02	-7.633987e+00
4.300000e-07	-2.027387e-02	-7.663917e+00
4.400000e-07	-1.803826e-02	-7.674596e+00
4.500000e-07	-1.923573e-02	-7.726527e+00
4.600000e-07	-2.245747e-02	-7.725597e+00
4.700000e-07	-2.297710e-02	-7.707129e+00
4.800000e-07	-2.063584e-02	-7.750205e+00
4.900000e-07	-2.070119e-02	-7.811330e+00
5.000000e-07	-2.309035e-02	-7.781339e+00
5.100000e-07	-2.313327e-02	-7.864464e+00
5.200000e-07	-2.228848e-02	-7.863992e+00
5.300000e-07	-2.306667e-02	-7.872593e+00
5.400000e-07	-2.548962e-02	-7.894970e+00
5.500000e-07	-2.542056e-02	-7.906045e+00
5.600000e-07	-2.550994e-02	-7.938476e+00
5.700000e-07	-2.539509e-02	-7.937604e+00
5.800000e-07	-2.853951e-02	-7.948576e+00
5.900000e-07	-2.888149e-02	-7.978125e+00
6.000000e-07	-2.787858e-02	-7.959603e+00
6.100000e-07	-2.975938e-02	-8.010155e+00
6.200000e-07	-3.020355e-02	-7.979151e+00
6.300000e-07	-3.177490e-02	-7.990150e+00
6.400000e-07	-3.109745e-02	-7.999655e+00
6.500000e-07	-3.263602e-02	-8.020230e+00
6.600000e-07	-3.431591e-02	-8.039211e+00
6.700000e-07	-3.625099e-02	-7.990682e+00
6.800000e-07	-3.600717e-02	-8.030708e+00
6.900000e-07	-3.687387e-02	-7.979656e+00
7.000000e-07	-3.765080e-02	-7.991758e+00
7.100000e-07	-3.865926e-02	-7.969686e+00
7.200000e-07	-3.746746e-02	-8.010154e+00
7.300000e-07	-3.727046e-02	-7.910153e+00
7.400000e-07	-4.044523e-02	-7.970075e+00
7.500000e-07	-4.028795e-02	-7.970678e+00
7.600000e-07	-3.951615e-02	-7.956569e+00
7.700000e-07	-3.875520e-02	-7.958100e+00
7.800000e-07	-3.973327e-02	-7.957097e+00
7.900000e-07	-3.800308e-02	-7.985971e+00
8.000000e-07	-3.741942e-02	-7.884467e+00
8.100000e-07	-3.694785e-02	-7.864915e+00
8.200000e-07	-3.777589e-02	-7.820916e+00
8.300000e-07	-3.617020e-02	-7.855412e+00
8.400000e-07	-3.478834e-02	-7.812309e+00
8.500000e-07	-3.345059e-02	-7.798306e+00
8.600000e-07	-3.369191e-02	-7.769749e+00
8.700000e-07	-3.209724e-02	-7.777202e+00
8.800000e-07	-3.133642e-02	-7.738048e+00
8.900000e-07	-3.056782e-02	-7.675474e+00
9.000000e-07	-3.111940e-02	-7.673892e+00
9.100000e-07	-3.036715e-02	-7.644438e+00
9.200000e-07	-2.763682e-02	-7.622214e+00
9.300000e-07	-2.726246e-02	-7.559780e+00
9.400000e-07	-2.499960e-02	-7.528629e+00
9.500000e-07	-2.633310e-02	-7.527076e+00
9.600000e-07	-2.435035e-02	-7.472811e+00
9.700000e-07	-2.424120e-02	-7.482967e+00
9.800000e-07	-2.419588e-02	-7.442413e+00
9.900000e-07	-2.454842e-02	-7.410707e+00
1.000000e-06	-2.279595e-02	-7.410182e+00
1.010000e-06	-2.121652e-02	-7.358095e+00
1.020000e-06	-2.033922e-02	-7.318069e+00
1.030000e-06	-2.072374e-02	-7.313919e+00
1.040000e-06	-1.993504e-02	-7.264791e+00
1.050000e-06	-1.944438e-02	-7.252811e+00
1.060000e-06	-1.868327e-02	-7.222232e+00
1.070000e-06	-1.979899e-02	-7.190623e+00
1.080000e-06	-1.918119e-02	-7.148077e+00
1.090000e-06	-1.749417e-02	-7.117394e+00
1.100000e-06	-1.692922e-02	-7.052865e+00
1.110000e-06	-1.666381e-02	-6.979735e+00
1.120000e-06	-1.701581e-02	-6.969101e+00
1.130000e-06	-1.539281e-02	-6.937019e+00
1.140000e-06	-1.458574e-02	-6.863861e+00
1.150000e-06	-1.517787e-02	-6.832233e+00
1.160000e-06	-1.588196e-02	-6.789578e+00
1.170000e-06	-1.553808e-02	-6.727475e+00
1.180000e-06	-1.435338e-02	-6.705918e+00
1.190000e-06	-1.414927e-02	-6.643811e+00
1.200000e-06	-1.474533e-02	-6.621679e+00
1.210000e-06	-1.374637e-02	-6.568023e+00
1.220000e-06	-1.157966e-02	-6.526392e+00
1.230000e-06	-1.241774e-02	-6.504788e+00
1.240000e-06	-1.284640e-02	-6.440708e+00
1.250000e-06	-1.253580e-02	-6.398075e+00
1.260000e-06	-1.202124e-02	-6.347995e+00
1.270000e-06	-1.249037e-02	-6.254339e+00
1.280000e-06	-1.406492e-02	-6.191183e+00
1.290000e-06	-1.266747e-02	-6.098574e+00
1.300000e-06	-1.062006e-02	-6.094941e+00
1.310000e-06	-9.927089e-03	-6.041204e+00
1.320000e-06	-1.152029e-02	-5.969048e+00
1.330000e-06	-1.116613e-02	-5.937441e+00
1.340000e-06	-1.025897e-02	-5.863883e+00
1.350000e-06	-9.963160e-03	-5.822760e+00
1.360000e-06	-1.093860e-02	-5.779574e+00
1.370000e-06	-1.193025e-02	-5.706316e+00
1.380000e-06	-9.787979e-03	-5.662185e+00
1.390000e-06	-9.213688e-03	-5.581553e+00
1.400000e-06	-9.803687e-03	-5.537495e+00
1.410000e-06	-9.903391e-03	-5.463266e+00
1.420000e-06	-8.766227e-03	-5.371027e+00
1.430000e-06	-8.000119e-03	-5.314439e+00
1.440000e-06	-9.654576e-03	-5.232129e+00
1.450000e-06	-1.009092e-02	-5.147469e+00
1.460000e-06	-9.323872e-03	-5.095311e+00
1.470000e-06	-8.057070e-03	-4.998183e+00
1.480000e-06	-8.332796e-03	-4.957421e+00
1.490000e-06	-8.731868e-03	-4.801706e+00
1.500000e-06	-8.919839e-03	-4.708449e+00
1.510000e-06	-7.174685e-03	-4.684261e+00
1.520000e-06	-8.290279e-03	-4.609626e+00
1.530000e-06	-8.030736e-03	-4.548920e+00
1.540000e-06	-8.569329e-03	-4.525288e+00
1.550000e-06	-6.780728e-03	-4.403108e+00
1.560000e-06	-7.130235e-03	-4.368550e+00
1.570000e-06	-7.396069e-03	-4.325292e+00
1.580000e-06	-7.964379e-03	-4.264808e+00
1.590000e-06	-7.843655e-03	-4.200103e+00
1.600000e-06	-6.632395e-03	-4.126844e+00
1.610000e-06	-7.971807e-03	-4.072758e+00
1.620000e-06	-7.455671e-03	-3.979949e+00
1.630000e-06	-5.422408e-03	-3.926318e+00
1.640000e-06	-6.054471e-03	-3.833153e+00
1.650000e-06	-7.030296e-03	-3.707315e+00
1.660000e-06	-7.748989e-03	-3.631605e+00
1.670000e-06	-6.618168e-03	-3.579473e+00
1.680000e-06	-6.451742e-03	-3.505865e+00
1.690000e-06	-6.956040e-03	-3.443658e+00
1.700000e-06	-7.611369e-03	-3.388425e+00
1.710000e-06	-5.970042e-03	-3.254262e+00
1.720000e-06	-5.875468e-03	-3.210053e+00
1.730000e-06	-5.960026e-03	-3.148396e+00
1.740000e-06	-6.734275e-03	-3.054213e+00
1.750000e-06	-5.500731e-03	-2.976371e+00
1.760000e-06	-6.806757e-03	-2.844182e+00
1.770000e-06	-5.845727e-03	-2.768449e+00
1.780000e-06	-7.335268e-03	-2.735842e+00
1.790000e-06	-6.008495e-03	-2.632604e+00
1.800000e-06	-6.439477e-03	-2.568995e+00
1.810000e-06	-4.502489e-03	-2.504762e+00
1.820000e-06	-6.562235e-03	-2.391053e+00
1.830000e-06	-4.536613e-03	-2.378891e+00
1.840000e-06	-5.523483e-03	-2.282680e+00
1.850000e-06	-5.308713e-03	-2.117345e+00
1.860000e-06	-6.409221e-03	-2.061608e+00
1.870000e-06	-5.610198e-03	-1.999947e+00
1.880000e-06	-6.113153e-03	-1.915812e+00
1.890000e-06	-5.448204e-03	-1.840553e+00
1.900000e-06	-5.365340e-03	-1.777921e+00
1.910000e-06	-5.676950e-03	-1.664682e+00
1.920000e-06	-4.685802e-03	-1.610024e+00
1.930000e-06	-4.887939e-03	-1.536346e+00
1.940000e-06	-4.626117e-03	-1.422500e+00
1.950000e-06	-5.573385e-03	-1.325184e+00
1.960000e-06	-4.647565e-03	-1.188446e+00
1.970000e-06	-5.299662e-03	-1.096161e+00
1.980000e-06	-5.451619e-03	-1.031525e+00
1.990000e-06	-5.868364e-03	-9.278410e-01
2.000000e-06	-4.830510e-03	-8.726567e-01
2.010000e-06	-4.799271e-03	-8.209975e-01
2.020000e-06	-3.525543e-03	-7.257173e-01
2.030000e-06	-4.698474e-03	-5.999917e-01
2.040000e-06	-4.325656e-03	-5.025882e-01
2.050000e-06	-3.476868e-03	-4.105250e-01
2.060000e-06	-3.918315e-03	-3.677885e-01
2.070000e-06	-4.479475e-03	-2.526054e-01
2.080000e-06	-4.329622e-03	-1.797436e-01
2.090000e-06	-2.980273e-03	-1.337084e-01
2.100000e-06	-1.993776e-03	-1.202520e-02
2.110000e-06	8.876219e-04	3.112769e-02
2.120000e-06	1.345261e-04	1.188683e-01
2.130000e-06	-3.131821e-05	2.111238e-01
2.140000e-06	-4.095555e-05	2.974172e-01
2.150000e-06	-1.375633e-03	3.885001e-01
2.160000e-06	-9.293845e-04	4.737081e-01
2.170000e-06	4.363319e-03	5.469697e-01
2.180000e-06	1.556989e-02	6.217015e-01
2.190000e-06	3.177972e-02	7.059170e-01
2.200000e-06	9.496547e-03	8.105825e-01
2.210000e-06	-4.151217e-02	9.359919e-01
2.220000e-06	-5.066379e-02	1.021710e+00
2.230000e-06	-3.424326e-02	1.106768e+00
2.240000e-06	4.153669e-02	1.208129e+00
2.250000e-06	3.397721e-02	1.294788e+00
2.260000e-06	-6.226092e-02	1.398551e+00
2.270000e-06	2.497695e-02	1.413389e+00
2.280000e-06	5.659308e-02	1.632733e+00
2.290000e-06	-3.135626e-02	1.724868e+00
2.300000e-06	-1.039246e-03	1.728472e+00
2.310000e-06	-2.290742e-02	1.831780e+00
2.320000e-06	-3.226100e-02	1.906421e+00
2.330000e-06	6.276563e-02	1.989026e+00
2.340000e-06	1.488571e-02	2.041709e+00
2.350000e-06	-4.553804e-02	2.094917e+00
2.360000e-06	1.960651e-03	2.171130e+00
2.370000e-06	1.558009e-02	2.263767e+00
2.380000e-06	1.079787e-02	2.387996e+00
2.390000e-06	-2.980256e-02	2.439654e+00
2.400000e-06	-1.607910e-02	2.527048e+00
2.410000e-06	4.511570e-02	2.593726e+00
2.420000e-06	1.559940e-02	2.705496e+00
2.430000e-06	-3.056225e-02	2.801126e+00
2.440000e-06	-1.837157e-02	2.863792e+00
2.450000e-06	2.312996e-02	2.907872e+00
2.460000e-06	1.535308e-02	3.042783e+00
2.470000e-06	-1.919453e-02	3.106296e+00
2.480000e-06	-3.780945e-03	3.179025e+00
2.490000e-06	1.533080e-02	3.221155e+00
2.500000e-06	7.572181e-03	3.346368e+00
2.510000e-06	-1.007271e-02	3.390285e+00
2.520000e-06	-1.437965e-02	3.527498e+00
2.530000e-06	1.332482e-02	3.600700e+00
2.540000e-06	1.278220e-02	3.643712e+00
2.550000e-06	-4.453499e-03	3.727072e+00
2.560000e-06	-6.047131e-03	3.800682e+00
2.570000e-06	5.844676e-03	3.853964e+00
2.580000e-06	7.505800e-03	3.957020e+00
2.590000e-06	-6.369375e-03	4.020605e+00
2.600000e-06	-4.334889e-03	4.073863e+00
2.610000e-06	7.127851e-03	4.129626e+00
2.620000e-06	8.037670e-03	4.221816e+00
2.630000e-06	2.672664e-04	4.357574e+00
2.640000e-06	-5.325710e-03	4.420656e+00
2.650000e-06	6.166957e-03	4.473739e+00
2.660000e-06	7.317952e-03	4.497472e+00
2.670000e-06	-1.615615e-03	4.610158e+00
2.680000e-06	-2.707036e-03	4.683859e+00
2.690000e-06	5.636449e-03	4.746126e+00
2.700000e-06	9.058012e-03	4.771180e+00
2.710000e-06	-3.575494e-03	4.892943e+00
2.720000e-06	-3.148650e-04	4.969305e+00
2.730000e-06	6.036852e-03	5.031488e+00
2.740000e-06	8.976960e-03	5.157625e+00
2.750000e-06	4.447551e-04	5.221760e+00
2.760000e-06	-9.252202e-04	5.306471e+00
2.770000e-06	8.206731e-03	5.326629e+00
2.780000e-06	7.732138e-03	5.412261e+00
2.790000e-06	-3.634817e-04	5.475914e+00
2.800000e-06	-9.788401e-04	5.557520e+00
2.810000e-06	6.929775e-03	5.581604e+00
2.820000e-06	7.998507e-03	5.642407e+00
2.830000e-06	2.338494e-03	5.667593e+00
2.840000e-06	6.073706e-04	5.789207e+00
2.850000e-06	8.386108e-03	5.833888e+00
2.860000e-06	8.539060e-03	5.894000e+00
2.870000e-06	3.159946e-03	5.990105e+00
2.880000e-06	9.498953e-04	6.044311e+00
2.890000e-06	7.752487e-03	6.064966e+00
2.900000e-06	9.045039e-03	6.116073e+00
2.910000e-06	3.666029e-03	6.201605e+00
2.920000e-06	1.481730e-03	6.241311e+00
2.930000e-06	8.489364e-03	6.267445e+00
2.940000e-06	9.474384e-03	6.337525e+00
2.950000e-06	5.301177e-03	6.330654e+00
2.960000e-06	3.010992e-03	6.462914e+00
2.970000e-06	7.400523e-03	6.446941e+00
2.980000e-06	9.653887e-03	6.505000e+00
2.990000e-06	5.553317e-03	6.511252e+00
3.000000e-06	4.538167e-03	6.663935e+00
3.010000e-06	6.261638e-03	6.655421e+00
3.020000e-06	1.181868e-02	6.727473e+00
3.030000e-06	7.110161e-03	6.778629e+00
3.040000e-06	4.272592e-03	6.802685e+00
3.050000e-06	8.673624e-03	6.862787e+00
3.060000e-06	9.334162e-03	6.875940e+00
3.070000e-06	1.075065e-02	6.907051e+00
3.080000e-06	5.138561e-03	6.948127e+00
3.090000e-06	9.255962e-03	6.989736e+00
3.100000e-06	1.116724e-02	7.043288e+00
3.110000e-06	7.802360e-03	7.085317e+00
3.120000e-06	5.078170e-03	7.146020e+00
3.130000e-06	7.819334e-03	7.119130e+00
3.140000e-06	1.341097e-02	7.158232e+00
3.150000e-06	1.127857e-02	7.232311e+00
3.160000e-06	1.122144e-02	7.243862e+00
3.170000e-06	9.899668e-03	7.304945e+00
3.180000e-06	1.368245e-02	7.326121e+00
3.190000e-06	9.327914e-03	7.366655e+00
3.200000e-06	7.394990e-03	7.419759e+00
3.210000e-06	8.826295e-03	7.392320e+00
3.220000e-06	1.366341e-02	7.482942e+00
3.230000e-06	1.548014e-02	7.516022e+00
3.240000e-06	1.355090e-02	7.566626e+00
3.250000e-06	1.400963e-02	7.569754e+00
3.260000e-06	1.599904e-02	7.607733e+00
3.270000e-06	1.265992e-02	7.591286e+00
3.280000e-06	1.138822e-02	7.624312e+00
3.290000e-06	1.151737e-02	7.681891e+00
3.300000e-06	1.450366e-02	7.685619e+00
3.310000e-06	1.659523e-02	7.705978e+00
3.320000e-06	1.576576e-02	7.727574e+00
3.330000e-06	1.707819e-02	7.757582e+00
3.340000e-06	1.844280e-02	7.768554e+00
3.350000e-06	1.816864e-02	7.812359e+00
3.360000e-06	1.645375e-02	7.771279e+00
3.370000e-06	1.766746e-02	7.831887e+00
3.380000e-06	1.807637e-02	7.833287e+00
3.390000e-06	1.905363e-02	7.862896e+00
3.400000e-06	1.947084e-02	7.874961e+00
3.410000e-06	2.096796e-02	7.873624e+00
3.420000e-06	2.255087e-02	7.886445e+00
3.430000e-06	2.356219e-02	7.935446e+00
3.440000e-06	2.291396e-02	7.895519e+00
3.450000e-06	2.301229e-02	7.937070e+00
3.460000e-06	2.305325e-02	7.938579e+00
3.470000e-06	2.463338e-02	7.964498e+00
3.480000e-06	2.568505e-02	7.907624e+00
3.490000e-06	2.655449e-02	7.936575e+00
3.500000e-06	2.902382e-02	7.945578e+00
3.510000e-06	2.909696e-02	7.947501e+00
3.520000e-06	3.102837e-02	7.920124e+00
3.530000e-06	3.035448e-02	7.957655e+00
3.540000e-06	3.192149e-02	7.897974e+00
3.550000e-06	3.261317e-02	7.968679e+00
3.560000e-06	3.286966e-02	7.925096e+00
3.570000e-06	3.192979e-02	7.939029e+00
3.580000e-06	3.247099e-02	7.927423e+00
3.590000e-06	3.361430e-02	7.848505e+00
3.600000e-06	3.463053e-02	7.925970e+00
3.610000e-06	3.380094e-02	7.905542e+00
3.620000e-06	3.297935e-02	7.964872e+00
3.630000e-06	3.290479e-02	7.884841e+00
3.640000e-06	3.417186e-02	7.843943e+00
3.650000e-06	3.105624e-02	7.842860e+00
3.660000e-06	3.050537e-02	7.831211e+00
3.670000e-06	3.048316e-02	7.812285e+00
3.680000e-06	2.964527e-02	7.812233e+00
3.690000e-06	2.874699e-02	7.800077e+00
3.700000e-06	2.736413e-02	7.790099e+00
3.710000e-06	2.785209e-02	7.738576e+00
3.720000e-06	2.761576e-02	7.727544e+00
3.730000e-06	2.601108e-02	7.694413e+00
3.740000e-06	2.397519e-02	7.674917e+00
3.750000e-06	2.453816e-02	7.661311e+00
3.760000e-06	2.221229e-02	7.652708e+00
3.770000e-06	2.197362e-02	7.591635e+00
3.780000e-06	1.990630e-02	7.599654e+00
3.790000e-06	2.121045e-02	7.568571e+00
3.800000e-06	1.929916e-02	7.526968e+00
3.810000e-06	1.989595e-02	7.463940e+00
3.820000e-06	1.755776e-02	7.411787e+00
3.830000e-06	1.783140e-02	7.382731e+00
3.840000e-06	1.730554e-02	7.359123e+00
3.850000e-06	1.660016e-02	7.327046e+00
3.860000e-06	1.599853e-02	7.285495e+00
3.870000e-06	1.474111e-02	7.263367e+00
3.880000e-06	1.488072e-02	7.222283e+00
3.890000e-06	1.338163e-02	7.180607e+00
3.900000e-06	1.220282e-02	7.149978e+00
3.910000e-06	1.201832e-02	7.117792e+00
3.920000e-06	1.218602e-02	7.083816e+00
3.930000e-06	1.154210e-02	7.064261e+00
3.940000e-06	1.107852e-02	7.021232e+00
3.950000e-06	1.134218e-02	6.980625e+00
3.960000e-06	1.170038e-02	6.958475e+00
3.970000e-06	1.053522e-02	6.917444e+00
3.980000e-06	9.046062e-03	6.842888e+00
3.990000e-06	9.466358e-03	6.862636e+00
4.000000e-06	8.566173e-03	6.809605e+00
4.010000e-06	8.449692e-03	6.749999e+00
4.020000e-06	7.381461e-03	6.686417e+00
4.030000e-06	9.726617e-03	6.623715e+00
4.040000e-06	8.520408e-03	6.620632e+00
4.050000e-06	8.104432e-03	6.536098e+00
4.060000e-06	6.791834e-03	6.483289e+00
4.070000e-06	7.384054e-03	6.442708e+00
4.080000e-06	5.654077e-03	6.380050e+00
4.090000e-06	5.403239e-03	6.327899e+00
4.100000e-06	5.850126e-03	6.295790e+00
4.110000e-06	5.961397e-03	6.252261e+00
4.120000e-06	5.863816e-03	6.192151e+00
4.130000e-06	6.001434e-03	6.147445e+00
4.140000e-06	5.963769e-03	6.116742e+00
4.150000e-06	5.248076e-03	6.042284e+00
4.160000e-06	5.067043e-03	6.051528e+00
4.170000e-06	4.033884e-03	5.919347e+00
4.180000e-06	3.959847e-03	5.905817e+00
4.190000e-06	5.073550e-03	5.803157e+00
4.200000e-06	3.835251e-03	5.747546e+00
4.210000e-06	4.103485e-03	5.664314e+00
4.220000e-06	3.239559e-03	5.640680e+00
4.230000e-06	4.992400e-03	5.579451e+00
4.240000e-06	2.805229e-03	5.515817e+00
4.250000e-06	2.809517e-03	5.432761e+00
4.260000e-06	2.523831e-03	5.410479e+00
4.270000e-06	4.201300e-03	5.357845e+00
4.280000e-06	3.051121e-03	5.273687e+00
4.290000e-06	2.865330e-03	5.161077e+00
4.300000e-06	7.224841e-04	5.138394e+00
4.310000e-06	3.853747e-03	5.022560e+00
4.320000e-06	1.314751e-03	4.954394e+00
4.330000e-06	2.951445e-03	4.864212e+00
4.340000e-06	2.109656e-03	4.790528e+00
4.350000e-06	2.310408e-03	4.727368e+00
4.360000e-06	1.914360e-03	4.664786e+00
4.370000e-06	1.322596e-03	4.601151e+00
4.380000e-06	1.871113e-03	4.496215e+00
4.390000e-06	8.393097e-04	4.472232e+00
4.400000e-06	8.549229e-04	4.431080e+00
4.410000e-06	1.641791e-03	4.347844e+00
4.420000e-06	1.484999e-03	4.252787e+00
4.430000e-06	-7.556418e-07	4.137472e+00
4.440000e-06	1.267443e-03	4.063239e+00
4.450000e-06	1.190714e-03	3.970998e+00
4.460000e-06	1.673511e-03	3.927844e+00
4.470000e-06	-1.365821e-04	3.844212e+00
4.480000e-06	-1.002685e-03	3.790978e+00
4.490000e-06	7.690104e-04	3.737319e+00
4.500000e-06	-6.987924e-04	3.651708e+00
4.510000e-06	-1.581435e-04	3.570475e+00
4.520000e-06	-7.064750e-04	3.535892e+00
4.530000e-06	7.774178e-04	3.463082e+00
4.540000e-06	-6.318187e-04	3.315366e+00
4.550000e-06	-3.665653e-04	3.232106e+00
4.560000e-06	-8.260023e-04	3.208423e+00
4.570000e-06	-7.848171e-04	3.115766e+00
4.580000e-06	-1.076606e-03	3.033084e+00
4.590000e-06	-1.255487e-03	2.987819e+00
4.600000e-06	-1.178711e-03	2.903661e+00
4.610000e-06	-1.372827e-03	2.811052e+00
4.620000e-06	-8.619267e-04	2.759323e+00
4.630000e-06	-2.647004e-04	2.695589e+00
4.640000e-06	-7.079906e-04	2.580424e+00
4.650000e-06	-1.409362e-03	2.462030e+00
4.660000e-06	-1.497120e-03	2.388948e+00
4.670000e-06	-1.262819e-03	2.305661e+00
4.680000e-06	-1.311275e-03	2.231979e+00
4.690000e-06	-1.926018e-03	2.116369e+00
4.700000e-06	-1.682654e-03	2.064583e+00
4.710000e-06	-1.708557e-03	2.010003e+00
4.720000e-06	-2.014523e-03	1.947446e+00
4.730000e-06	-2.076543e-03	1.875605e+00
4.740000e-06	-1.613854e-03	1.789373e+00
4.750000e-06	-1.167584e-03	1.705187e+00
4.760000e-06	-1.504764e-03	1.600481e+00
4.770000e-06	-2.148358e-03	1.485188e+00
4.780000e-06	-2.792812e-03	1.400503e+00
4.790000e-06	-2.046132e-03	1.317765e+00
4.800000e-06	-2.143123e-03	1.232553e+00
4.810000e-06	-2.838894e-03	1.168397e+00
4.820000e-06	-3.244817e-03	1.031902e+00
4.830000e-06	-1.601036e-03	9.561622e-01
4.840000e-06	-1.775367e-03	7.910015e-01
4.850000e-06	-3.136386e-03	7.562414e-01
4.860000e-06	-2.591695e-03	6.866318e-01
4.870000e-06	-2.676924e-03	5.998713e-01
4.880000e-06	-3.341775e-03	5.352621e-01
4.890000e-06	-3.614399e-03	4.425028e-01
4.900000e-06	-3.695970e-03	3.793212e-01
4.910000e-06	-3.045064e-03	2.546317e-01
4.920000e-06	-2.417052e-03	1.768435e-01
4.930000e-06	-3.892109e-03	5.302915e-02
4.940000e-06	-3.344735e-03	-2.110375e-02
4.950000e-06	-1.860272e-03	-5.478777e-02
4.960000e-06	5.881234e-04	-1.669698e-01
4.970000e-06	-1.315219e-04	-2.116814e-01
4.980000e-06	-1.829462e-03	-3.154182e-01
4.990000e-06	-2.005307e-03	-3.795486e-01
5.000000e-06	-2.622773e-03	-4.406301e-01
5.010000e-06	-1.085631e-04	-5.369157e-01
5.020000e-06	7.968810e-03	-6.222075e-01
5.030000e-06	3.690598e-02	-7.464747e-01
5.040000e-06	2.613382e-02	-8.406850e-01
5.050000e-06	-3.806481e-02	-9.170483e-01
5.060000e-06	-6.748537e-02	-1.043310e+00
5.070000e-06	-4.924060e-02	-1.146342e+00
5.080000e-06	4.101322e-02	-1.166970e+00
5.090000e-06	5.678591e-02	-1.241733e+00
5.100000e-06	-6.552570e-02	-1.378700e+00
5.110000e-06	1.961166e-02	-1.504740e+00
5.120000e-06	5.274674e-02	-1.555547e+00
5.130000e-06	-5.236254e-02	-1.653313e+00
5.140000e-06	3.898369e-03	-1.725467e+00
5.150000e-06	-2.647325e-02	-1.809078e+00
5.160000e-06	-7.330209e-02	-1.863791e+00
5.170000e-06	5.935634e-02	-1.946947e+00
5.180000e-06	1.487795e-02	-2.040179e+00
5.190000e-06	-6.239151e-02	-2.042839e+00
5.200000e-06	1.402968e-02	-2.158670e+00
5.210000e-06	7.122275e-03	-2.225446e+00
5.220000e-06	2.040376e-03	-2.390578e+00
5.230000e-06	-2.369501e-02	-2.451309e+00
5.240000e-06	-4.259540e-02	-2.526046e+00
5.250000e-06	7.354298e-02	-2.612284e+00
5.260000e-06	4.262478e-03	-2.705422e+00
5.270000e-06	-6.279088e-02	-2.769574e+00
5.280000e-06	-3.174601e-03	-2.853335e+00
5.290000e-06	1.434939e-02	-2.968582e+00
5.300000e-06	1.952707e-02	-3.002862e+00
5.310000e-06	-4.176879e-02	-3.104497e+00
5.320000e-06	-1.402293e-02	-3.251183e+00
5.330000e-06	4.218182e-02	-3.325391e+00
5.340000e-06	-1.809811e-02	-3.349602e+00
5.350000e-06	-2.108155e-02	-3.422659e+00
5.360000e-06	-2.017004e-02	-3.485019e+00
5.370000e-06	1.305865e-02	-3.529053e+00
5.380000e-06	1.870870e-02	-3.621331e+00
5.390000e-06	-3.951861e-02	-3.736545e+00
5.400000e-06	5.438057e-04	-3.750384e+00
5.410000e-06	2.858757e-03	-3.896974e+00
5.420000e-06	-3.813084e-04	-4.039630e+00
5.430000e-06	-1.566767e-02	-4.052835e+00
5.440000e-06	-2.536360e-02	-4.085470e+00
5.450000e-06	2.222906e-02	-4.200630e+00
5.460000e-06	-5.593721e-03	-4.254912e+00
5.470000e-06	-1.046570e-02	-4.315492e+00
5.480000e-06	-2.140696e-02	-4.380129e+00
5.490000e-06	1.157373e-03	-4.411755e+00
5.500000e-06	1.036942e-02	-4.495517e+00
5.510000e-06	-2.690967e-02	-4.591604e+00
5.520000e-06	-7.490928e-03	-4.662415e+00
5.530000e-06	-3.420583e-03	-4.686867e+00
5.540000e-06	9.025971e-03	-4.769808e+00
5.550000e-06	-2.047649e-02	-4.843891e+00
5.560000e-06	-1.945297e-02	-4.888576e+00
5.570000e-06	4.303974e-03	-4.988258e+00
5.580000e-06	-3.614479e-03	-5.086519e+00
5.590000e-06	-9.878476e-03	-5.117706e+00
5.600000e-06	-2.198052e-02	-5.180779e+00
5.610000e-06	3.975828e-03	-5.325095e+00
5.620000e-06	-2.508191e-03	-5.380410e+00
5.630000e-06	-1.519769e-02	-5.435443e+00
5.640000e-06	-1.679771e-02	-5.517099e+00
5.650000e-06	-4.184629e-03	-5.561206e+00
5.660000e-06	1.528083e-03	-5.674416e+00
5.670000e-06	-1.750508e-02	-5.715570e+00
5.680000e-06	-1.322087e-02	-5.789630e+00
5.690000e-06	-7.326513e-03	-5.810812e+00
5.700000e-06	-6.516679e-04	-5.896893e+00
5.710000e-06	-1.636317e-02	-5.937601e+00
5.720000e-06	-1.628525e-02	-5.980731e+00
5.730000e-06	-7.069041e-03	-6.062359e+00
5.740000e-06	-3.246326e-03	-6.137071e+00
5.750000e-06	-1.281804e-02	-6.138781e+00
5.760000e-06	-1.838098e-02	-6.282891e+00
5.770000e-06	-6.503217e-03	-6.256995e+00
5.780000e-06	-7.274813e-03	-6.349577e+00
5.790000e-06	-1.062720e-02	-6.421709e+00
5.800000e-06	-1.964301e-02	-6.453888e+00
5.810000e-06	-8.120978e-03	-6.495969e+00
5.820000e-06	-8.316313e-03	-6.507601e+00
5.830000e-06	-1.277504e-02	-6.590705e+00
5.840000e-06	-1.822267e-02	-6.651858e+00
5.850000e-06	-1.133171e-02	-6.685941e+00
5.860000e-06	-6.010300e-03	-6.727973e+00
5.870000e-06	-1.390849e-02	-6.799080e+00
5.880000e-06	-1.579609e-02	-6.800234e+00
5.890000e-06	-1.386203e-02	-6.853409e+00
5.900000e-06	-7.913706e-03	-6.885566e+00
5.910000e-06	-1.549500e-02	-6.928551e+00
5.920000e-06	-1.800559e-02	-6.975703e+00
5.930000e-06	-1.416132e-02	-7.011910e+00
5.940000e-06	-9.006318e-03	-7.056521e+00
5.950000e-06	-1.333026e-02	-7.139549e+00
5.960000e-06	-1.812154e-02	-7.158628e+00
5.970000e-06	-1.431543e-02	-7.201261e+00
5.980000e-06	-1.248981e-02	-7.262357e+00
5.990000e-06	-1.369296e-02	-7.264440e+00
6.000000e-06	-2.010287e-02	-7.275993e+00
6.010000e-06	-1.569907e-02	-7.326573e+00
6.020000e-06	-1.309410e-02	-7.339129e+00
6.030000e-06	-1.540922e-02	-7.421156e+00
6.040000e-06	-1.874785e-02	-7.392788e+00
6.050000e-06	-1.755095e-02	-7.473366e+00
6.060000e-06	-1.407251e-02	-7.465521e+00
6.070000e-06	-1.668667e-02	-7.496546e+00
6.080000e-06	-1.881640e-02	-7.507651e+00
6.090000e-06	-1.976922e-02	-7.568776e+00
6.100000e-06	-1.560618e-02	-7.550240e+00
6.110000e-06	-1.835659e-02	-7.609937e+00
6.120000e-06	-2.019444e-02	-7.593864e+00
6.130000e-06	-2.119400e-02	-7.665022e+00
6.140000e-06	-1.686892e-02	-7.665019e+00
6.150000e-06	-1.901132e-02	-7.717625e+00
6.160000e-06	-2.145232e-02	-7.737730e+00
6.170000e-06	-2.347544e-02	-7.749705e+00
6.180000e-06	-2.021174e-02	-7.791308e+00
6.190000e-06	-2.109085e-02	-7.791818e+00
6.200000e-06	-2.333219e-02	-7.802868e+00
6.210000e-06	-2.439351e-02	-7.784016e+00
6.220000e-06	-2.311120e-02	-7.853520e+00
6.230000e-06	-2.228261e-02	-7.884519e+00
6.240000e-06	-2.550238e-02	-7.907524e+00
6.250000e-06	-2.624997e-02	-7.885548e+00
6.260000e-06	-2.545508e-02	-7.936976e+00
6.270000e-06	-2.534122e-02	-7.917572e+00
6.280000e-06	-2.731669e-02	-7.927023e+00
6.290000e-06	-2.935910e-02	-7.939104e+00
6.300000e-06	-2.831744e-02	-7.997683e+00
6.310000e-06	-2.953084e-02	-7.989705e+00
6.320000e-06	-3.038597e-02	-7.990233e+00
6.330000e-06	-3.242085e-02	-7.978678e+00
6.340000e-06	-3.294262e-02	-7.970602e+00
6.350000e-06	-3.219326e-02	-7.949728e+00
6.360000e-06	-3.444181e-02	-8.011657e+00
6.370000e-06	-3.621874e-02	-8.021257e+00
6.380000e-06	-3.570160e-02	-8.001231e+00
6.390000e-06	-3.616972e-02	-8.009129e+00
6.400000e-06	-3.794794e-02	-8.011255e+00
6.410000e-06	-3.942433e-02	-7.978181e+00
6.420000e-06	-3.926514e-02	-7.990158e+00
6.430000e-06	-3.838629e-02	-7.989179e+00
6.440000e-06	-3.934336e-02	-7.968151e+00
6.450000e-06	-3.953609e-02	-7.968650e+00
6.460000e-06	-3.985607e-02	-7.989049e+00
6.470000e-06	-3.791999e-02	-7.945026e+00
6.480000e-06	-3.913903e-02	-7.906571e+00
6.490000e-06	-3.923295e-02	-7.926546e+00
6.500000e-06	-3.826283e-02	-7.876494e+00
6.510000e-06	-3.724221e-02	-7.874945e+00
6.520000e-06	-3.722236e-02	-7.842892e+00
6.530000e-06	-3.683943e-02	-7.852787e+00
6.540000e-06	-3.471261e-02	-7.803815e+00
6.550000e-06	-3.304506e-02	-7.790209e+00
6.560000e-06	-3.196303e-02	-7.750158e+00
6.570000e-06	-3.228881e-02	-7.738151e+00
6.580000e-06	-3.180050e-02	-7.687551e+00
6.590000e-06	-3.085243e-02	-7.695019e+00
6.600000e-06	-3.057838e-02	-7.644996e+00
6.610000e-06	-3.083833e-02	-7.643386e+00
6.620000e-06	-2.846932e-02	-7.590662e+00
6.630000e-06	-2.742193e-02	-7.590681e+00
6.640000e-06	-2.544086e-02	-7.568029e+00
6.650000e-06	-2.605634e-02	-7.537647e+00
6.660000e-06	-2.366921e-02	-7.474342e+00
6.670000e-06	-2.489923e-02	-7.474412e+00
6.680000e-06	-2.339673e-02	-7.430812e+00
6.690000e-06	-2.481368e-02	-7.391258e+00
6.700000e-06	-2.249015e-02	-7.379158e+00
6.710000e-06	-2.229149e-02	-7.337545e+00
6.720000e-06	-2.067750e-02	-7.347450e+00
6.730000e-06	-2.083944e-02	-7.275945e+00
6.740000e-06	-1.870191e-02	-7.263261e+00
6.750000e-06	-1.967301e-02	-7.261263e+00
6.760000e-06	-1.822947e-02	-7.220183e+00
6.770000e-06	-1.974645e-02	-7.160076e+00
6.780000e-06	-1.762218e-02	-7.097475e+00
6.790000e-06	-1.772340e-02	-7.098416e+00
6.800000e-06	-1.731065e-02	-7.052810e+00
6.810000e-06	-1.742267e-02	-6.982229e+00
6.820000e-06	-1.551341e-02	-6.945578e+00
6.830000e-06	-1.504820e-02	-6.885442e+00
6.840000e-06	-1.577569e-02	-6.833264e+00
6.850000e-06	-1.569917e-02	-6.791631e+00
6.860000e-06	-1.441881e-02	-6.741649e+00
6.870000e-06	-1.442872e-02	-6.725471e+00
6.880000e-06	-1.382753e-02	-6.654864e+00
6.890000e-06	-1.429787e-02	-6.622234e+00
6.900000e-06	-1.210120e-02	-6.590657e+00
6.910000e-06	-1.289452e-02	-6.548995e+00
6.920000e-06	-1.218269e-02	-6.536866e+00
6.930000e-06	-1.332083e-02	-6.462312e+00
6.940000e-06	-1.270124e-02	-6.452209e+00
6.950000e-06	-1.251499e-02	-6.370024e+00
6.960000e-06	-1.185992e-02	-6.354968e+00
6.970000e-06	-1.210732e-02	-6.294341e+00
6.980000e-06	-1.028680e-02	-6.210606e+00
6.990000e-06	-1.063308e-02	-6.095419e+00
7.000000e-06	-1.115465e-02	-6.074338e+00
7.010000e-06	-1.182195e-02	-6.032779e+00
7.020000e-06	-1.136089e-02	-5.989525e+00
7.030000e-06	-1.159688e-02	-5.907341e+00
7.040000e-06	-1.098873e-02	-5.883687e+00
7.050000e-06	-1.078813e-02	-5.801177e+00
7.060000e-06	-9.100156e-03	-5.727375e+00
7.070000e-06	-9.411588e-03	-5.674863e+00
7.080000e-06	-9.259722e-03	-5.642679e+00
7.090000e-06	-1.047986e-02	-5.598027e+00
7.100000e-06	-9.514837e-03	-5.506891e+00
7.110000e-06	-1.032399e-02	-5.421609e+00
7.120000e-06	-1.005548e-02	-5.358069e+00
7.130000e-06	-1.046307e-02	-5.274787e+00
7.140000e-06	-9.353439e-03	-5.180055e+00
7.150000e-06	-8.451477e-03	-5.116892e+00
7.160000e-06	-9.101725e-03	-5.114262e+00
7.170000e-06	-8.836905e-03	-5.020076e+00
7.180000e-06	-8.201206e-03	-4.896165e+00
7.190000e-06	-8.985181e-03	-4.829229e+00
7.200000e-06	-9.511716e-03	-4.665994e+00
7.210000e-06	-9.076900e-03	-4.672588e+00
7.220000e-06	-7.819914e-03	-4.589526e+00
7.230000e-06	-7.852809e-03	-4.576471e+00
7.240000e-06	-8.069310e-03	-4.502786e+00
7.250000e-06	-7.999165e-03	-4.401529e+00
7.260000e-06	-6.823792e-03	-4.368929e+00
7.270000e-06	-7.700862e-03	-4.324791e+00
7.280000e-06	-7.962386e-03	-4.232631e+00
7.290000e-06	-8.396886e-03	-4.188053e+00
7.300000e-06	-7.503658e-03	-4.075239e+00
7.310000e-06	-6.709260e-03	-4.052630e+00
7.320000e-06	-7.697919e-03	-4.000448e+00
7.330000e-06	-6.837977e-03	-3.885262e+00
7.340000e-06	-6.659920e-03	-3.839577e+00
7.350000e-06	-6.218490e-03	-3.734291e+00
7.360000e-06	-7.105737e-03	-3.621032e+00
7.370000e-06	-7.529824e-03	-3.567450e+00
7.380000e-06	-6.481385e-03	-3.495215e+00
7.390000e-06	-6.455933e-03	-3.430104e+00
7.400000e-06	-5.932037e-03	-3.347444e+00
7.410000e-06	-5.535118e-03	-3.254686e+00
7.420000e-06	-6.576166e-03	-3.211076e+00
7.430000e-06	-5.711157e-03	-3.107917e+00
7.440000e-06	-6.787417e-03	-3.021106e+00
7.450000e-06	-6.195452e-03	-2.907391e+00
7.460000e-06	-5.733657e-03	-2.850032e+00
7.470000e-06	-5.272973e-03	-2.766972e+00
7.480000e-06	-5.494272e-03	-2.725763e+00
7.490000e-06	-5.990412e-03	-2.611579e+00
7.500000e-06	-5.969033e-03	-2.565790e+00
7.510000e-06	-5.733682e-03	-2.453607e+00
7.520000e-06	-5.854804e-03	-2.391099e+00
7.530000e-06	-5.009878e-03	-2.336791e+00
7.540000e-06	-5.492992e-03	-2.250603e+00
7.550000e-06	-4.208856e-03	-2.106291e+00
7.560000e-06	-5.145711e-03	-2.050030e+00
7.570000e-06	-4.819551e-03	-1.958846e+00
7.580000e-06	-5.041217e-03	-1.904211e+00
7.590000e-06	-5.346120e-03	-1.790528e+00
7.600000e-06	-5.570452e-03	-1.737240e+00
7.610000e-06	-5.612429e-03	-1.652603e+00
7.620000e-06	-5.187342e-03	-1.578400e+00
7.630000e-06	-4.953568e-03	-1.504763e+00
7.640000e-06	-5.528166e-03	-1.348764e+00
7.650000e-06	-4.210348e-03	-1.242532e+00
7.660000e-06	-4.829510e-03	-1.148397e+00
7.670000e-06	-4.323870e-03	-1.083135e+00
7.680000e-06	-4.460732e-03	-9.679711e-01
7.690000e-06	-4.664980e-03	-9.241920e-01
7.700000e-06	-5.366142e-03	-7.515026e-01
7.710000e-06	-5.148005e-03	-7.494199e-01
7.720000e-06	-4.051828e-03	-6.745832e-01
7.730000e-06	-4.179908e-03	-5.797935e-01
7.740000e-06	-4.719464e-03	-4.336053e-01
7.750000e-06	-3.786690e-03	-3.999213e-01
7.760000e-06	-3.780498e-03	-2.947158e-01
7.770000e-06	-3.418846e-03	-2.315276e-01
7.780000e-06	-4.632998e-03	-1.683211e-01
7.790000e-06	-3.030073e-03	-7.258559e-02
7.800000e-06	-1.693700e-03	-9.552625e-03
7.810000e-06	1.592384e-03	3.115651e-02
7.820000e-06	-1.113234e-03	1.580208e-01
7.830000e-06	-9.547199e-04	2.743156e-01
7.840000e-06	-1.515498e-03	3.669461e-01
7.850000e-06	-5.265378e-04	4.201276e-01
7.860000e-06	-6.192022e-04	4.747895e-01
7.870000e-06	8.388147e-03	5.800198e-01
7.880000e-06	2.165026e-02	7.022603e-01
7.890000e-06	2.911626e-02	7.579486e-01
7.900000e-06	-9.147007e-03	8.422053e-01
7.910000e-06	-5.105421e-02	9.443223e-01
7.920000e-06	-5.040161e-02	1.041204e+00
7.930000e-06	-1.138923e-02	1.146972e+00
7.940000e-06	6.265745e-02	1.250683e+00
7.950000e-06	-1.229877e-02	1.296945e+00
7.960000e-06	-4.631161e-02	1.369551e+00
7.970000e-06	6.177796e-02	1.535114e+00
7.980000e-06	1.860782e-02	1.660218e+00
7.990000e-06	-2.249277e-02	1.656367e+00
8.000000e-06	-9.146181e-04	1.779001e+00
8.010000e-06	-4.165775e-02	1.874314e+00
8.020000e-06	3.820125e-03	1.946919e+00
8.030000e-06	6.605448e-02	1.989054e+00
8.040000e-06	-1.994258e-02	2.062714e+00
8.050000e-06	-3.494325e-02	2.106499e+00
8.060000e-06	1.564777e-02	2.222307e+00
8.070000e-06	1.596395e-02	2.264867e+00
8.080000e-06	1.543504e-03	2.359021e+00
8.090000e-06	-3.792020e-02	2.444187e+00
8.100000e-06	7.981804e-03	2.529099e+00
8.110000e-06	4.489281e-02	2.604367e+00
8.120000e-06	-4.512105e-03	2.727024e+00
8.130000e-06	-3.678314e-02	2.812658e+00
8.140000e-06	-3.398263e-03	2.874816e+00
8.150000e-06	3.044741e-02	2.978072e+00
8.160000e-06	6.118377e-04	3.044285e+00
8.170000e-06	-1.743045e-02	3.126997e+00
8.180000e-06	8.645562e-03	3.187601e+00
8.190000e-06	1.374712e-02	3.251358e+00
8.200000e-06	1.213304e-03	3.320145e+00
8.210000e-06	-1.505732e-02	3.463834e+00
8.220000e-06	-6.872630e-03	3.516550e+00
8.230000e-06	1.865737e-02	3.610679e+00
8.240000e-06	6.065507e-03	3.663288e+00
8.250000e-06	-7.392861e-03	3.747579e+00
8.260000e-06	-1.733234e-03	3.841285e+00
8.270000e-06	1.048383e-02	3.884341e+00
8.280000e-06	2.967082e-03	3.977550e+00
8.290000e-06	-8.275290e-03	3.990654e+00
8.300000e-06	6.076669e-04	4.104540e+00
8.310000e-06	9.925834e-03	4.190805e+00
8.320000e-06	6.299517e-03	4.294944e+00
8.330000e-06	-3.367821e-03	4.398629e+00
8.340000e-06	-3.970020e-03	4.441233e+00
8.350000e-06	9.677975e-03	4.486914e+00
8.360000e-06	4.511621e-03	4.579023e+00
8.370000e-06	-2.291684e-03	4.683211e+00
8.380000e-06	-1.005240e-03	4.695417e+00
8.390000e-06	9.521791e-03	4.767525e+00
8.400000e-06	5.882311e-03	4.881734e+00
8.410000e-06	-5.240053e-03	4.897916e+00
8.420000e-06	3.347629e-04	5.011286e+00
8.430000e-06	7.602858e-03	5.104446e+00
8.440000e-06	7.997655e-03	5.172156e+00
8.450000e-06	-3.189338e-03	5.242816e+00
8.460000e-06	1.952021e-03	5.318571e+00
8.470000e-06	8.296241e-03	5.390155e+00
8.480000e-06	7.447128e-03	5.453288e+00
8.490000e-06	-3.484167e-03	5.475869e+00
8.500000e-06	1.035783e-03	5.552106e+00
8.510000e-06	8.698161e-03	5.611709e+00
8.520000e-06	7.260260e-03	5.653863e+00
8.530000e-06	-3.505896e-04	5.709050e+00
8.540000e-06	1.347066e-03	5.811358e+00
8.550000e-06	8.965184e-03	5.884443e+00
8.560000e-06	7.684220e-03	5.898078e+00
8.570000e-06	1.675554e-03	6.039207e+00
8.580000e-06	1.952494e-03	6.053813e+00
8.590000e-06	9.322108e-03	6.115971e+00
8.600000e-06	9.430103e-03	6.138579e+00
8.610000e-06	1.187283e-03	6.181679e+00
8.620000e-06	2.214085e-03	6.282286e+00
8.630000e-06	8.816316e-03	6.305870e+00
8.640000e-06	9.727620e-03	6.338126e+00
8.650000e-06	4.189017e-03	6.402230e+00
8.660000e-06	3.200374e-03	6.462763e+00
8.670000e-06	8.915355e-03	6.495997e+00
8.680000e-06	9.646779e-03	6.549050e+00
8.690000e-06	5.948053e-03	6.590730e+00
8.700000e-06	3.483060e-03	6.651867e+00
8.710000e-06	8.553626e-03	6.718097e+00
8.720000e-06	1.056983e-02	6.747525e+00
8.730000e-06	6.723698e-03	6.809604e+00
8.740000e-06	3.749210e-03	6.840759e+00
8.750000e-06	9.140095e-03	6.884837e+00
8.760000e-06	1.196178e-02	6.885470e+00
8.770000e-06	8.009372e-03	6.936578e+00
8.780000e-06	5.440192e-03	6.980155e+00
8.790000e-06	8.716229e-03	7.030782e+00
8.800000e-06	1.135728e-02	7.064814e+00
8.810000e-06	8.931646e-03	7.075470e+00
8.820000e-06	6.665437e-03	7.098050e+00
8.830000e-06	9.741618e-03	7.179025e+00
8.840000e-06	1.267426e-02	7.178754e+00
8.850000e-06	1.010959e-02	7.202233e+00
8.860000e-06	8.199471e-03	7.284945e+00
8.870000e-06	1.003426e-02	7.316495e+00
8.880000e-06	1.300598e-02	7.347545e+00
8.890000e-06	1.163299e-02	7.339157e+00
8.900000e-06	9.857755e-03	7.419760e+00
8.910000e-06	1.223328e-02	7.453936e+00
8.920000e-06	1.358777e-02	7.487475e+00
8.930000e-06	1.215429e-02	7.499124e+00
8.940000e-06	1.004840e-02	7.547079e+00
8.950000e-06	1.282551e-02	7.591655e+00
8.960000e-06	1.531759e-02	7.581735e+00
8.970000e-06	1.428087e-02	7.662336e+00
8.980000e-06	1.245605e-02	7.643366e+00
8.990000e-06	1.495051e-02	7.695017e+00
9.000000e-06	1.582745e-02	7.685996e+00
9.010000e-06	1.513419e-02	7.697574e+00
9.020000e-06	1.432004e-02	7.698026e+00
9.030000e-06	1.516273e-02	7.730234e+00
9.040000e-06	1.799208e-02	7.819208e+00
9.050000e-06	1.774127e-02	7.748257e+00
9.060000e-06	1.665333e-02	7.821285e+00
9.070000e-06	1.831260e-02	7.823963e+00
9.080000e-06	1.970947e-02	7.831312e+00
9.090000e-06	2.007017e-02	7.863515e+00
9.100000e-06	1.902422e-02	7.874446e+00
9.110000e-06	1.930540e-02	7.874990e+00
9.120000e-06	2.125788e-02	7.885520e+00
9.130000e-06	2.246310e-02	7.886970e+00
9.140000e-06	2.309226e-02	7.917517e+00
9.150000e-06	2.407544e-02	7.954571e+00
9.160000e-06	2.508440e-02	7.957594e+00
9.170000e-06	2.500151e-02	7.887480e+00
9.180000e-06	2.587021e-02	7.938074e+00
9.190000e-06	2.615565e-02	7.926000e+00
9.200000e-06	2.812770e-02	7.936499e+00
9.210000e-06	2.986897e-02	7.968103e+00
9.220000e-06	2.995036e-02	7.877051e+00
9.230000e-06	2.980911e-02	7.939150e+00
9.240000e-06	3.135113e-02	7.908644e+00
9.250000e-06	3.210920e-02	7.918018e+00
9.260000e-06	3.271820e-02	7.938547e+00
9.270000e-06	3.293892e-02	7.957497e+00
9.280000e-06	3.441019e-02	7.926575e+00
9.290000e-06	3.451619e-02	7.903571e+00
9.300000e-06	3.358485e-02	7.885996e+00
9.310000e-06	3.340153e-02	7.916020e+00
9.320000e-06	3.318439e-02	7.875794e+00
9.330000e-06	3.252468e-02	7.884369e+00
9.340000e-06	3.297162e-02	7.843789e+00
9.350000e-06	3.103574e-02	7.823341e+00
9.360000e-06	3.217682e-02	7.842388e+00
9.370000e-06	3.017376e-02	7.800682e+00
9.380000e-06	2.976218e-02	7.790134e+00
9.390000e-06	2.912305e-02	7.769208e+00
9.400000e-06	2.749433e-02	7.748080e+00
9.410000e-06	2.756277e-02	7.695998e+00
9.420000e-06	2.620266e-02	7.695494e+00
9.430000e-06	2.471206e-02	7.684845e+00
9.440000e-06	2.533168e-02	7.673315e+00
9.450000e-06	2.389018e-02	7.623313e+00
9.460000e-06	2.315993e-02	7.641708e+00
9.470000e-06	2.156068e-02	7.581650e+00
9.480000e-06	2.193386e-02	7.579128e+00
9.490000e-06	2.063631e-02	7.567426e+00
9.500000e-06	2.010946e-02	7.465516e+00
9.510000e-06	1.903042e-02	7.446293e+00
9.520000e-06	1.842867e-02	7.433340e+00
9.530000e-06	1.789947e-02	7.361162e+00
9.540000e-06	1.772372e-02	7.379724e+00
9.550000e-06	1.582311e-02	7.297972e+00
9.560000e-06	1.728239e-02	7.254919e+00
9.570000e-06	1.527887e-02	7.254260e+00
9.580000e-06	1.439573e-02	7.221736e+00
9.590000e-06	1.380461e-02	7.178630e+00
9.600000e-06	1.447026e-02	7.128955e+00
9.610000e-06	1.169409e-02	7.126818e+00
9.620000e-06	1.220047e-02	7.084338e+00
9.630000e-06	1.188789e-02	7.053735e+00
9.640000e-06	1.193834e-02	7.032207e+00
9.650000e-06	1.087838e-02	6.948128e+00
9.660000e-06	1.079127e-02	6.908925e+00
9.670000e-06	9.158349e-03	6.875841e+00
9.680000e-06	1.122292e-02	6.872763e+00
9.690000e-06	9.096092e-03	6.821231e+00
9.700000e-06	9.211628e-03	6.769049e+00
9.710000e-06	7.536166e-03	6.748970e+00
9.720000e-06	8.799894e-03	6.675290e+00
9.730000e-06	7.385378e-03	6.623233e+00
9.740000e-06	7.884255e-03	6.568054e+00
9.750000e-06	7.377085e-03	6.535896e+00
9.760000e-06	7.982317e-03	6.442766e+00
9.770000e-06	6.768748e-03	6.401684e+00
9.780000e-06	6.696785e-03	6.380503e+00
9.790000e-06	5.636369e-03	6.296916e+00
9.800000e-06	6.060086e-03	6.273787e+00
9.810000e-06	5.251506e-03	6.223183e+00
9.820000e-06	4.773779e-03	6.208602e+00
9.830000e-06	3.863785e-03	6.108446e+00
9.840000e-06	5.191906e-03	6.093866e+00
9.850000e-06	5.750809e-03	6.044186e+00
9.860000e-06	4.256608e-03	5.981053e+00
9.870000e-06	4.262679e-03	5.949396e+00
9.880000e-06	4.876496e-03	5.873263e+00
9.890000e-06	4.799248e-03	5.809553e+00
9.900000e-06	3.741613e-03	5.716424e+00
9.910000e-06	3.191593e-03	5.664689e+00
9.920000e-06	4.468621e-03	5.580530e+00
9.930000e-06	4.024814e-03	5.517892e+00
9.940000e-06	2.970434e-03	5.503866e+00
9.950000e-06	2.580591e-03	5.421657e+00
9.960000e-06	3.524899e-03	5.379501e+00
9.970000e-06	4.017865e-03	5.306369e+00
9.980000e-06	3.196783e-03	5.242156e+00
9.990000e-06	2.577847e-03	5.179923e+00
1.000000e-05	3.824717e-03	5.075691e+00
1.001000e-05	3.191018e-03	5.000126e+00
1.002000e-05	2.275246e-03	4.874394e+00
1.003000e-05	8.739669e-04	4.833178e+00
1.004000e-05	1.908923e-03	4.748926e+00
1.005000e-05	2.260266e-03	4.697812e+00
1.006000e-05	2.309989e-03	4.651682e+00
1.007000e-05	1.739644e-03	4.569872e+00
1.008000e-05	2.384417e-03	4.505290e+00
1.009000e-05	2.279882e-03	4.442611e+00
1.010000e-05	1.934639e-03	4.380499e+00
1.011000e-05	1.473593e-03	4.357293e+00
1.012000e-05	7.822784e-04	4.243682e+00
1.013000e-05	1.372386e-03	4.158369e+00
1.014000e-05	1.366297e-03	4.043162e+00
1.015000e-05	6.318266e-04	3.978421e+00
1.016000e-05	1.317064e-03	3.917317e+00
1.017000e-05	1.432290e-03	3.882179e+00
1.018000e-05	2.582377e-04	3.779970e+00
1.019000e-05	9.932388e-04	3.714766e+00
1.020000e-05	1.898082e-05	3.632052e+00
1.021000e-05	2.884953e-04	3.559998e+00
1.022000e-05	1.346699e-04	3.516864e+00
1.023000e-05	-5.292010e-04	3.430000e+00
1.024000e-05	-9.755474e-04	3.286789e+00
1.025000e-05	-4.699586e-04	3.201556e+00
1.026000e-05	-6.227685e-04	3.167870e+00
1.027000e-05	-4.952318e-04	3.084687e+00
1.028000e-05	-3.311148e-04	3.000556e+00
1.029000e-05	-7.346878e-04	2.907865e+00
1.030000e-05	-7.643410e-04	2.864634e+00
1.031000e-05	-1.510702e-03	2.790473e+00
1.032000e-05	-1.877008e-03	2.706340e+00
1.033000e-05	-1.611404e-03	2.681033e+00
1.034000e-05	-1.769504e-03	2.476824e+00
1.035000e-05	-1.077667e-03	2.441503e+00
1.036000e-05	-9.061752e-04	2.369342e+00
1.037000e-05	-1.406175e-03	2.275061e+00
1.038000e-05	-1.150790e-03	2.181924e+00
1.039000e-05	-2.319410e-03	2.136792e+00
1.040000e-05	-2.681616e-03	2.062057e+00
1.041000e-05	-2.921967e-03	1.990499e+00
1.042000e-05	-2.914056e-03	1.937291e+00
1.043000e-05	-1.704502e-03	1.829029e+00
1.044000e-05	-2.534866e-03	1.699293e+00
1.045000e-05	-2.788460e-03	1.692632e+00
1.046000e-05	-2.329438e-03	1.578324e+00
1.047000e-05	-1.969165e-03	1.444159e+00
1.048000e-05	-2.907679e-03	1.378425e+00
1.049000e-05	-3.266218e-03	1.296236e+00
1.050000e-05	-2.600267e-03	1.190976e+00
1.051000e-05	-2.420026e-03	1.074160e+00
1.052000e-05	-2.752083e-03	1.039324e+00
1.053000e-05	-3.709057e-03	8.850117e-01
1.054000e-05	-3.179141e-03	7.789000e-01
1.055000e-05	-2.346476e-03	7.066886e-01
1.056000e-05	-2.501656e-03	6.136354e-01
1.057000e-05	-3.664320e-03	5.678413e-01
1.058000e-05	-3.558116e-03	4.355842e-01
1.059000e-05	-2.258038e-03	4.200515e-01
1.060000e-05	-3.669513e-03	3.173197e-01
1.061000e-05	-4.465189e-03	2.604080e-01
1.062000e-05	-3.584885e-03	1.565885e-01
1.063000e-05	-2.244976e-03	2.047770e-02
1.064000e-05	-3.405085e-03	-1.218013e-02
1.065000e-05	-2.179249e-03	-1.144169e-01
1.066000e-05	5.443541e-06	-1.910762e-01
1.067000e-05	7.429104e-04	-2.527352e-01
1.068000e-05	-1.430067e-03	-3.274445e-01
1.069000e-05	-3.301471e-03	-4.010525e-01
1.070000e-05	-2.813043e-03	-4.312603e-01
1.071000e-05	4.598840e-03	-5.556258e-01
1.072000e-05	1.477769e-02	-6.523180e-01
1.073000e-05	4.167468e-02	-7.779974e-01
1.074000e-05	8.687335e-03	-8.712577e-01
1.075000e-05	-5.474217e-02	-9.501024e-01
1.076000e-05	-7.030095e-02	-1.074363e+00
1.077000e-05	-3.021241e-02	-1.118441e+00
1.078000e-05	7.550831e-02	-1.167050e+00
1.079000e-05	-5.150667e-03	-1.283963e+00
1.080000e-05	-4.155521e-02	-1.411284e+00
1.081000e-05	6.646817e-02	-1.482810e+00
1.082000e-05	-2.004783e-03	-1.569676e+00
1.083000e-05	-3.449590e-02	-1.671842e+00
1.084000e-05	1.718931e-02	-1.736497e+00
1.085000e-05	-5.524416e-02	-1.800709e+00
1.086000e-05	-2.264778e-02	-1.915864e+00
1.087000e-05	8.596218e-02	-1.938052e+00
1.088000e-05	-2.602247e-02	-2.071833e+00
1.089000e-05	-4.428425e-02	-2.104864e+00
1.090000e-05	2.707172e-02	-2.220787e+00
1.091000e-05	-8.120017e-04	-2.308099e+00
1.092000e-05	1.002877e-02	-2.430607e+00
1.093000e-05	-5.094213e-02	-2.484389e+00
1.094000e-05	-3.940159e-03	-2.548652e+00
1.095000e-05	7.513361e-02	-2.674336e+00
1.096000e-05	-3.425631e-02	-2.756473e+00
1.097000e-05	-4.752259e-02	-2.808527e+00
1.098000e-05	4.073365e-03	-2.883413e+00
1.099000e-05	2.175507e-02	-2.981810e+00
1.100000e-05	2.623792e-03	-3.083863e+00
1.101000e-05	-4.997401e-02	-3.138026e+00
1.102000e-05	1.908380e-02	-3.253310e+00
1.103000e-05	2.577227e-02	-3.315574e+00
1.104000e-05	-2.904817e-02	-3.419655e+00
1.105000e-05	-1.660898e-02	-3.443914e+00
1.106000e-05	-1.748625e-02	-3.487995e+00
1.107000e-05	2.952633e-02	-3.570026e+00
1.108000e-05	-6.375919e-03	-3.674287e+00
1.109000e-05	-3.228700e-02	-3.717175e+00
1.110000e-05	9.659003e-03	-3.810934e+00
1.111000e-05	-3.148626e-03	-3.936501e+00
1.112000e-05	-3.386296e-04	-4.001682e+00
1.113000e-05	-2.943389e-02	-4.064364e+00
1.114000e-05	-4.392295e-03	-4.147071e+00
1.115000e-05	1.618856e-02	-4.231684e+00
1.116000e-05	-1.297643e-02	-4.285886e+00
1.117000e-05	-1.161480e-02	-4.348021e+00
1.118000e-05	-1.898315e-02	-4.400155e+00
1.119000e-05	1.400413e-02	-4.453262e+00
1.120000e-05	-6.830690e-03	-4.506545e+00
1.121000e-05	-2.233551e-02	-4.589229e+00
1.122000e-05	-4.595156e-03	-4.624392e+00
1.123000e-05	1.974315e-03	-4.727000e+00
1.124000e-05	1.601471e-03	-4.782284e+00
1.125000e-05	-2.796697e-02	-4.825442e+00
1.126000e-05	-5.381856e-03	-4.966126e+00
1.127000e-05	1.878732e-03	-5.052784e+00
1.128000e-05	-5.378903e-03	-5.125520e+00
1.129000e-05	-1.667650e-02	-5.169178e+00
1.130000e-05	-1.306639e-02	-5.233386e+00
1.131000e-05	7.708275e-03	-5.327126e+00
1.132000e-05	-9.837097e-03	-5.393312e+00
1.133000e-05	-1.586347e-02	-5.486021e+00
1.134000e-05	-1.446066e-02	-5.589625e+00
1.135000e-05	1.900168e-03	-5.652311e+00
1.136000e-05	-6.268834e-03	-5.695417e+00
1.137000e-05	-1.884039e-02	-5.737523e+00
1.138000e-05	-1.107666e-02	-5.792733e+00
1.139000e-05	-2.691417e-03	-5.854412e+00
1.140000e-05	-3.432423e-03	-5.906492e+00
1.141000e-05	-1.976248e-02	-5.950050e+00
1.142000e-05	-1.112895e-02	-6.001832e+00
1.143000e-05	-4.551505e-03	-6.063915e+00
1.144000e-05	-3.064658e-03	-6.127197e+00
1.145000e-05	-1.761028e-02	-6.170257e+00
1.146000e-05	-1.363301e-02	-6.244794e+00
1.147000e-05	-5.182905e-03	-6.306496e+00
1.148000e-05	-6.321029e-03	-6.360126e+00
1.149000e-05	-1.484717e-02	-6.413787e+00
1.150000e-05	-1.686704e-02	-6.453387e+00
1.151000e-05	-4.417186e-03	-6.495943e+00
1.152000e-05	-7.615301e-03	-6.549605e+00
1.153000e-05	-1.526759e-02	-6.592208e+00
1.154000e-05	-1.723352e-02	-6.613387e+00
1.155000e-05	-8.159366e-03	-6.664944e+00
1.156000e-05	-7.736336e-03	-6.726571e+00
1.157000e-05	-1.695527e-02	-6.780226e+00
1.158000e-05	-1.621267e-02	-6.810735e+00
1.159000e-05	-9.665013e-03	-6.804887e+00
1.160000e-05	-8.177857e-03	-6.876570e+00
1.161000e-05	-1.734381e-02	-6.969151e+00
1.162000e-05	-1.693090e-02	-6.991254e+00
1.163000e-05	-1.175992e-02	-7.044488e+00
1.164000e-05	-9.410338e-03	-7.095472e+00
1.165000e-05	-1.786229e-02	-7.125600e+00
1.166000e-05	-1.722399e-02	-7.179207e+00
1.167000e-05	-1.377252e-02	-7.230679e+00
1.168000e-05	-1.068117e-02	-7.263286e+00
1.169000e-05	-1.684097e-02	-7.253967e+00
1.170000e-05	-1.961178e-02	-7.295517e+00
1.171000e-05	-1.356400e-02	-7.297553e+00
1.172000e-05	-1.368242e-02	-7.379653e+00
1.173000e-05	-1.709732e-02	-7.390683e+00
1.174000e-05	-2.032827e-02	-7.443258e+00
1.175000e-05	-1.665083e-02	-7.464341e+00
1.176000e-05	-1.404019e-02	-7.473967e+00
1.177000e-05	-1.799056e-02	-7.530023e+00
1.178000e-05	-2.037614e-02	-7.539704e+00
1.179000e-05	-1.869092e-02	-7.541306e+00
1.180000e-05	-1.475052e-02	-7.622810e+00
1.181000e-05	-1.978799e-02	-7.610762e+00
1.182000e-05	-2.123856e-02	-7.643367e+00
1.183000e-05	-2.058482e-02	-7.684516e+00
1.184000e-05	-1.651808e-02	-7.707149e+00
1.185000e-05	-2.068871e-02	-7.687626e+00
1.186000e-05	-2.254865e-02	-7.729201e+00
1.187000e-05	-2.211317e-02	-7.789288e+00
1.188000e-05	-1.927549e-02	-7.811733e+00
1.189000e-05	-2.160620e-02	-7.781334e+00
1.190000e-05	-2.431759e-02	-7.811868e+00
1.191000e-05	-2.344723e-02	-7.852991e+00
1.192000e-05	-2.199414e-02	-7.866421e+00
1.193000e-05	-2.284818e-02	-7.935571e+00
1.194000e-05	-2.640912e-02	-7.917017e+00
1.195000e-05	-2.664452e-02	-7.926047e+00
1.196000e-05	-2.425775e-02	-7.958624e+00
1.197000e-05	-2.615961e-02	-7.958597e+00
1.198000e-05	-2.847510e-02	-7.939099e+00
1.199000e-05	-2.892159e-02	-7.978125e+00
1.200000e-05	-2.918523e-02	-7.919677e+00
1.201000e-05	-2.879246e-02	-7.979704e+00
1.202000e-05	-3.135173e-02	-7.960679e+00
1.203000e-05	-3.222974e-02	-7.989628e+00
1.204000e-05	-3.146644e-02	-8.010145e+00
1.205000e-05	-3.382011e-02	-7.990632e+00
1.206000e-05	-3.518318e-02	-8.030756e+00
1.207000e-05	-3.590948e-02	-7.950203e+00
1.208000e-05	-3.596055e-02	-8.000733e+00
1.209000e-05	-3.647121e-02	-8.009707e+00
1.210000e-05	-3.735323e-02	-7.999729e+00
1.211000e-05	-3.887484e-02	-7.990626e+00
1.212000e-05	-3.816572e-02	-7.969654e+00
1.213000e-05	-3.931929e-02	-7.929103e+00
1.214000e-05	-3.910702e-02	-7.938674e+00
1.215000e-05	-3.925595e-02	-7.988525e+00
1.216000e-05	-3.877899e-02	-7.967572e+00
1.217000e-05	-3.844796e-02	-7.918074e+00
1.218000e-05	-3.802813e-02	-7.858102e+00
1.219000e-05	-3.882072e-02	-7.888522e+00
1.220000e-05	-3.931661e-02	-7.865416e+00
1.221000e-05	-3.730379e-02	-7.851813e+00
1.222000e-05	-3.618034e-02	-7.841911e+00
1.223000e-05	-3.502373e-02	-7.800811e+00
1.224000e-05	-3.468408e-02	-7.790728e+00
1.225000e-05	-3.345523e-02	-7.760701e+00
1.226000e-05	-3.252911e-02	-7.720280e+00
1.227000e-05	-3.107976e-02	-7.736102e+00
1.228000e-05	-3.217272e-02	-7.676519e+00
1.229000e-05	-3.183929e-02	-7.664523e+00
1.230000e-05	-2.953516e-02	-7.643491e+00
1.231000e-05	-2.886110e-02	-7.662811e+00
1.232000e-05	-2.825641e-02	-7.582203e+00
1.233000e-05	-2.764050e-02	-7.540631e+00
1.234000e-05	-2.618718e-02	-7.529051e+00
1.235000e-05	-2.480272e-02	-7.515520e+00
1.236000e-05	-2.541965e-02	-7.455417e+00
1.237000e-05	-2.509077e-02	-7.453812e+00
1.238000e-05	-2.404271e-02	-7.442813e+00
1.239000e-05	-2.186721e-02	-7.390230e+00
1.240000e-05	-2.338915e-02	-7.349181e+00
1.241000e-05	-2.285837e-02	-7.349070e+00
1.242000e-05	-2.114229e-02	-7.304945e+00
1.243000e-05	-1.830262e-02	-7.274340e+00
1.244000e-05	-2.018824e-02	-7.242287e+00
1.245000e-05	-2.093820e-02	-7.253728e+00
1.246000e-05	-1.989385e-02	-7.201177e+00
1.247000e-05	-1.686690e-02	-7.119550e+00
1.248000e-05	-1.892572e-02	-7.097545e+00
1.249000e-05	-1.864843e-02	-7.074339e+00
1.250000e-05	-1.773979e-02	-7.021633e+00
1.251000e-05	-1.474876e-02	-6.959176e+00
1.252000e-05	-1.586347e-02	-6.915046e+00
1.253000e-05	-1.655280e-02	-6.894340e+00
1.254000e-05	-1.471374e-02	-6.821783e+00
1.255000e-05	-1.457062e-02	-6.789629e+00
1.256000e-05	-1.375598e-02	-6.779475e+00
1.257000e-05	-1.594565e-02	-6.695919e+00
1.258000e-05	-1.488740e-02	-6.693787e+00
1.259000e-05	-1.293555e-02	-6.643755e+00
1.260000e-05	-1.211305e-02	-6.568648e+00
1.261000e-05	-1.348942e-02	-6.526573e+00
1.262000e-05	-1.299157e-02	-6.515915e+00
1.263000e-05	-1.127194e-02	-6.452257e+00
1.264000e-05	-1.170614e-02	-6.429557e+00
1.265000e-05	-1.271455e-02	-6.341075e+00
1.266000e-05	-1.270190e-02	-6.273840e+00
1.267000e-05	-1.197897e-02	-6.233257e+00
1.268000e-05	-1.044504e-02	-6.138678e+00
1.269000e-05	-1.132249e-02	-6.114440e+00
1.270000e-05	-1.207222e-02	-6.052636e+00
1.271000e-05	-1.054042e-02	-6.009028e+00
1.272000e-05	-9.416081e-03	-5.965947e+00
1.273000e-05	-1.098773e-02	-5.895838e+00
1.274000e-05	-1.140438e-02	-5.841706e+00
1.275000e-05	-1.069607e-02	-5.799575e+00
1.276000e-05	-8.826182e-03	-5.707521e+00
1.277000e-05	-1.009068e-02	-5.643788e+00
1.278000e-05	-9.896027e-03	-5.600129e+00
1.279000e-05	-9.933260e-03	-5.549974e+00
1.280000e-05	-8.843986e-03	-5.495790e+00
1.281000e-05	-9.627321e-03	-5.369627e+00
1.282000e-05	-1.035293e-02	-5.336347e+00
1.283000e-05	-9.497206e-03	-5.223806e+00
1.284000e-05	-8.253118e-03	-5.150500e+00
1.285000e-05	-8.905505e-03	-5.125344e+00
1.286000e-05	-8.739638e-03	-5.061134e+00
1.287000e-05	-9.596640e-03	-4.929926e+00
1.288000e-05	-8.032549e-03	-4.891312e+00
1.289000e-05	-8.897946e-03	-4.739553e+00
1.290000e-05	-7.871059e-03	-4.693238e+00
1.291000e-05	-1.006557e-02	-4.622256e+00
1.292000e-05	-5.908543e-03	-4.558400e+00
1.293000e-05	-1.048260e-02	-4.524886e+00
1.294000e-05	-6.176299e-03	-4.472134e+00
1.295000e-05	-1.054223e-02	-4.379503e+00
1.296000e-05	-5.550283e-03	-4.378369e+00
1.297000e-05	-7.668962e-03	-4.254241e+00
1.298000e-05	-6.353115e-03	-4.191577e+00
1.299000e-05	-8.684016e-03	-4.148899e+00
1.300000e-05	-8.184743e-03	-4.073212e+00
1.301000e-05	-8.082387e-03	-4.000078e+00
1.302000e-05	-9.186135e-03	-3.937419e+00
1.303000e-05	-6.911843e-03	-3.872234e+00
1.304000e-05	-5.860885e-03	-3.768870e+00
1.305000e-05	-4.326336e-03	-3.653262e+00
1.306000e-05	-5.595508e-03	-3.591598e+00
1.307000e-05	-7.227864e-03	-3.545343e+00
1.308000e-05	-8.958125e-03	-3.463761e+00
1.309000e-05	-8.372745e-03	-3.399924e+00
1.310000e-05	-7.625539e-03	-3.325816e+00
1.311000e-05	-7.096863e-03	-3.232655e+00
1.312000e-05	-4.711467e-03	-3.179500e+00
1.313000e-05	-4.948023e-03	-3.096318e+00
1.314000e-05	-3.693484e-03	-3.009523e+00
1.315000e-05	-7.032217e-03	-2.864291e+00
1.316000e-05	-6.011843e-03	-2.799528e+00
1.317000e-05	-7.815903e-03	-2.776468e+00
1.318000e-05	-5.293125e-03	-2.662687e+00
1.319000e-05	-6.647238e-03	-2.611004e+00
1.320000e-05	-4.876286e-03	-2.515265e+00
1.321000e-05	-5.403871e-03	-2.441579e+00
1.322000e-05	-3.647430e-03	-2.378975e+00
1.323000e-05	-4.840195e-03	-2.314136e+00
1.324000e-05	-5.534967e-03	-2.189971e+00
1.325000e-05	-5.112940e-03	-2.092634e+00
1.326000e-05	-5.687640e-03	-1.990505e+00
1.327000e-05	-4.378190e-03	-1.935841e+00
1.328000e-05	-5.941654e-03	-1.843054e+00
1.329000e-05	-3.888081e-03	-1.788975e+00
1.330000e-05	-4.459150e-03	-1.713136e+00
1.331000e-05	-3.935081e-03	-1.621500e+00
1.332000e-05	-5.780396e-03	-1.537397e+00
1.333000e-05	-5.546767e-03	-1.412608e+00
1.334000e-05	-5.244151e-03	-1.296141e+00
1.335000e-05	-3.565291e-03	-1.210576e+00
1.336000e-05	-4.812116e-03	-1.115266e+00
1.337000e-05	-3.237317e-03	-1.052504e+00
1.338000e-05	-3.646350e-03	-9.493962e-01
1.339000e-05	-3.705726e-03	-8.636867e-01
1.340000e-05	-6.106049e-03	-8.014501e-01
1.341000e-05	-4.963774e-03	-7.578385e-01
1.342000e-05	-3.942838e-03	-6.134528e-01
1.343000e-05	-3.795581e-03	-5.451884e-01
1.344000e-05	-4.280630e-03	-4.199777e-01
1.345000e-05	-3.284836e-03	-3.683972e-01
1.346000e-05	-3.260236e-03	-3.136830e-01
1.347000e-05	-4.087410e-03	-1.909502e-01
1.348000e-05	-3.000732e-03	-1.367110e-01
1.349000e-05	-2.910264e-03	-4.208026e-02
1.350000e-05	-4.425898e-04	1.005256e-02
1.351000e-05	1.482956e-03	9.385909e-02
1.352000e-05	4.769077e-04	1.491736e-01
1.353000e-05	-1.700594e-03	2.854667e-01
1.354000e-05	-2.530299e-03	3.589761e-01
1.355000e-05	-1.661576e-03	4.611563e-01
1.356000e-05	1.880364e-03	5.043407e-01
1.357000e-05	1.129384e-02	6.011289e-01
1.358000e-05	3.058819e-02	6.838643e-01
1.359000e-05	2.221601e-02	7.490013e-01
1.360000e-05	-2.845430e-02	8.622856e-01
1.361000e-05	-5.209403e-02	9.507061e-01
1.362000e-05	-5.043236e-02	1.145840e+00
1.363000e-05	1.792254e-02	1.127996e+00
1.364000e-05	6.135221e-02	1.253339e+00
1.365000e-05	-5.272334e-02	1.368473e+00
1.366000e-05	-7.127695e-03	1.432155e+00
1.367000e-05	7.193741e-02	1.599156e+00
1.368000e-05	-1.833486e-02	1.695716e+00
1.369000e-05	-9.237326e-03	1.746364e+00
1.370000e-05	-1.138179e-02	1.810131e+00
1.371000e-05	-4.793151e-02	1.864839e+00
1.372000e-05	4.197299e-02	1.947972e+00
1.373000e-05	4.690135e-02	2.021630e+00
1.374000e-05	-4.441466e-02	2.114790e+00
1.375000e-05	-1.466208e-02	2.159652e+00
1.376000e-05	1.816192e-02	2.273733e+00
1.377000e-05	1.533214e-02	2.314493e+00
1.378000e-05	-1.769501e-02	2.460600e+00
1.379000e-05	-3.206026e-02	2.453317e+00
1.380000e-05	3.434801e-02	2.589624e+00
1.381000e-05	3.241715e-02	2.662914e+00
1.382000e-05	-2.149204e-02	2.770126e+00
1.383000e-05	-2.974750e-02	2.853785e+00
1.384000e-05	1.109724e-02	2.926020e+00
1.385000e-05	2.718709e-02	3.010181e+00
1.386000e-05	-1.276679e-02	3.053814e+00
1.387000e-05	-1.222295e-02	3.168101e+00
1.388000e-05	1.475150e-02	3.210578e+00
1.389000e-05	1.133857e-02	3.324362e+00
1.390000e-05	-3.590702e-03	3.368130e+00
1.391000e-05	-1.824592e-02	3.454947e+00
1.392000e-05	3.757100e-03	3.579501e+00
1.393000e-05	1.856821e-02	3.661760e+00
1.394000e-05	-2.113930e-04	3.696396e+00
1.395000e-05	-7.148614e-03	3.779130e+00
1.396000e-05	1.374208e-03	3.891807e+00
1.397000e-05	1.271027e-02	3.906925e+00
1.398000e-05	-1.501588e-03	3.999556e+00
1.399000e-05	-8.203729e-03	4.045259e+00
1.400000e-05	4.437348e-03	4.136022e+00
1.401000e-05	9.268825e-03	4.211764e+00
1.402000e-05	4.324794e-03	4.335975e+00
1.403000e-05	-7.178791e-03	4.390154e+00
1.404000e-05	1.365977e-03	4.480789e+00
1.405000e-05	1.096306e-02	4.497022e+00
1.406000e-05	2.112123e-03	4.591180e+00
1.407000e-05	-3.596252e-03	4.681812e+00
1.408000e-05	1.719022e-03	4.716417e+00
1.409000e-05	1.184276e-02	4.800279e+00
1.410000e-05	1.020294e-03	4.833335e+00
1.411000e-05	-3.702725e-03	4.939654e+00
1.412000e-05	2.250043e-03	5.062384e+00
1.413000e-05	1.026694e-02	5.096469e+00
1.414000e-05	3.298691e-03	5.202231e+00
1.415000e-05	-2.607740e-03	5.275392e+00
1.416000e-05	4.757151e-03	5.307601e+00
1.417000e-05	1.010595e-02	5.401212e+00
1.418000e-05	4.042275e-03	5.462917e+00
1.419000e-05	-2.217928e-03	5.526949e+00
1.420000e-05	3.029966e-03	5.570226e+00
1.421000e-05	7.941291e-03	5.642808e+00
1.422000e-05	4.534423e-03	5.705941e+00
1.423000e-05	-8.599656e-04	5.758676e+00
1.424000e-05	4.488826e-03	5.820863e+00
1.425000e-05	9.427434e-03	5.904572e+00
1.426000e-05	5.487750e-03	5.938080e+00
1.427000e-05	4.396365e-04	6.042733e+00
1.428000e-05	3.857388e-03	6.044344e+00
1.429000e-05	9.148219e-03	6.126050e+00
1.430000e-05	5.637694e-03	6.139130e+00
1.431000e-05	1.614010e-03	6.232309e+00
1.432000e-05	3.764304e-03	6.305868e+00
1.433000e-05	8.798636e-03	6.305996e+00
1.434000e-05	6.476719e-03	6.350603e+00
1.435000e-05	3.162689e-03	6.421806e+00
1.436000e-05	5.458070e-03	6.443364e+00
1.437000e-05	9.656729e-03	6.475425e+00
1.438000e-05	8.211041e-03	6.509055e+00
1.439000e-05	2.961083e-03	6.622832e+00
1.440000e-05	6.290414e-03	6.675388e+00
1.441000e-05	6.888502e-03	6.727072e+00
1.442000e-05	8.471173e-03	6.767625e+00
1.443000e-05	4.971962e-03	6.841283e+00
1.444000e-05	7.609999e-03	6.843761e+00
1.445000e-05	1.113793e-02	6.894365e+00
1.446000e-05	1.016899e-02	6.937021e+00
1.447000e-05	7.761755e-03	6.969150e+00
1.448000e-05	5.456040e-03	7.008686e+00
1.449000e-05	1.015464e-02	7.012709e+00
1.450000e-05	7.652336e-03	7.033318e+00
1.451000e-05	7.853686e-03	7.096120e+00
1.452000e-05	9.241198e-03	7.178599e+00
1.453000e-05	1.248536e-02	7.168602e+00
1.454000e-05	1.274336e-02	7.201709e+00
1.455000e-05	8.836203e-03	7.234787e+00
1.456000e-05	8.775510e-03	7.254394e+00
1.457000e-05	1.152338e-02	7.336597e+00
1.458000e-05	1.161329e-02	7.340674e+00
1.459000e-05	8.971050e-03	7.378332e+00
1.460000e-05	1.207955e-02	7.500937e+00
1.461000e-05	1.348555e-02	7.481943e+00
1.462000e-05	1.415996e-02	7.485519e+00
1.463000e-05	1.160006e-02	7.539154e+00
1.464000e-05	1.228358e-02	7.529128e+00
1.465000e-05	1.364534e-02	7.611681e+00
1.466000e-05	1.522486e-02	7.649811e+00
1.467000e-05	1.363372e-02	7.643234e+00
1.468000e-05	1.375874e-02	7.693069e+00
1.469000e-05	1.639230e-02	7.656389e+00
1.470000e-05	1.587666e-02	7.696546e+00
1.471000e-05	1.574411e-02	7.729024e+00
1.472000e-05	1.484433e-02	7.747629e+00
1.473000e-05	1.791115e-02	7.718603e+00
1.474000e-05	1.782784e-02	7.850213e+00
1.475000e-05	1.845934e-02	7.782302e+00
1.476000e-05	1.654468e-02	7.860262e+00
1.477000e-05	2.015847e-02	7.833361e+00
1.478000e-05	1.951774e-02	7.856393e+00
1.479000e-05	2.019870e-02	7.861841e+00
1.480000e-05	1.906872e-02	7.884994e+00
1.481000e-05	2.117396e-02	7.865466e+00
1.482000e-05	2.342369e-02	7.927470e+00
1.483000e-05	2.205931e-02	7.927604e+00
1.484000e-05	2.139286e-02	7.915423e+00
1.485000e-05	2.407178e-02	7.926022e+00
1.486000e-05	2.588679e-02	7.895599e+00
1.487000e-05	2.620348e-02	7.878578e+00
1.488000e-05	2.655599e-02	7.988499e+00
1.489000e-05	2.733319e-02	7.916025e+00
1.490000e-05	2.851844e-02	7.977679e+00
1.491000e-05	2.855170e-02	7.898528e+00
1.492000e-05	2.905103e-02	7.937545e+00
1.493000e-05	3.017488e-02	7.929230e+00
1.494000e-05	3.357438e-02	7.957048e+00
1.495000e-05	3.306883e-02	7.930078e+00
1.496000e-05	3.210373e-02	7.927074e+00
1.497000e-05	3.337282e-02	7.935626e+00
1.498000e-05	3.340923e-02	7.905916e+00
1.499000e-05	3.317030e-02	7.917624e+00
1.500000e-05	3.330170e-02	7.884891e+00
1.501000e-05	3.334310e-02	7.894996e+00
1.502000e-05	3.387269e-02	7.873342e+00
1.503000e-05	3.261906e-02	7.924914e+00
1.504000e-05	3.106152e-02	7.823841e+00
1.505000e-05	3.122784e-02	7.823791e+00
1.506000e-05	3.093742e-02	7.849313e+00
1.507000e-05	3.074287e-02	7.810881e+00
1.508000e-05	2.908489e-02	7.801680e+00
1.509000e-05	2.826512e-02	7.777581e+00
1.510000e-05	2.763346e-02	7.768505e+00
1.511000e-05	2.660608e-02	7.696597e+00
1.512000e-05	2.626656e-02	7.706066e+00
1.513000e-05	2.424908e-02	7.675917e+00
1.514000e-05	2.488577e-02	7.664266e+00
1.515000e-05	2.343956e-02	7.662187e+00
1.516000e-05	2.341316e-02	7.601757e+00
1.517000e-05	2.167782e-02	7.550659e+00
1.518000e-05	2.071091e-02	7.569131e+00
1.519000e-05	2.123872e-02	7.537498e+00
1.520000e-05	2.008253e-02	7.476345e+00
1.521000e-05	1.861710e-02	7.453790e+00
1.522000e-05	1.737492e-02	7.401181e+00
1.523000e-05	1.775126e-02	7.351152e+00
1.524000e-05	1.766277e-02	7.287000e+00
1.525000e-05	1.619761e-02	7.304466e+00
1.526000e-05	1.448019e-02	7.265915e+00
1.527000e-05	1.582626e-02	7.242813e+00
1.528000e-05	1.591073e-02	7.192611e+00
1.529000e-05	1.396625e-02	7.180002e+00
1.530000e-05	1.282569e-02	7.128925e+00
1.531000e-05	1.224119e-02	7.126867e+00
1.532000e-05	1.242979e-02	7.063315e+00
1.533000e-05	1.182375e-02	7.073133e+00
1.534000e-05	1.052792e-02	7.001230e+00
1.535000e-05	1.152730e-02	6.938976e+00
1.536000e-05	1.126636e-02	6.896421e+00
1.537000e-05	1.111838e-02	6.893862e+00
1.538000e-05	9.775630e-03	6.853183e+00
1.539000e-05	9.622461e-03	6.808582e+00
1.540000e-05	9.117470e-03	6.780553e+00
1.541000e-05	7.834227e-03	6.737944e+00
1.542000e-05	7.459358e-03	6.665310e+00
1.543000e-05	7.689232e-03	6.592159e+00
1.544000e-05	7.925197e-03	6.549053e+00
1.545000e-05	7.342857e-03	6.513449e+00
1.546000e-05	6.818305e-03	6.433732e+00
1.547000e-05	7.233191e-03	6.391059e+00
1.548000e-05	7.148828e-03	6.367949e+00
1.549000e-05	5.898870e-03	6.305865e+00
1.550000e-05	5.003856e-03	6.283762e+00
1.551000e-05	4.266934e-03	6.212607e+00
1.552000e-05	5.282172e-03	6.149502e+00
1.553000e-05	4.913155e-03	6.106866e+00
1.554000e-05	4.838937e-03	6.084760e+00
1.555000e-05	4.535703e-03	6.021182e+00
1.556000e-05	4.751431e-03	5.980502e+00
1.557000e-05	5.451995e-03	5.937865e+00
1.558000e-05	4.182660e-03	5.852158e+00
1.559000e-05	3.045428e-03	5.758003e+00
1.560000e-05	4.058547e-03	5.725292e+00
1.561000e-05	3.227303e-03	5.642134e+00
1.562000e-05	4.294147e-03	5.580002e+00
1.563000e-05	2.232212e-03	5.526845e+00
1.564000e-05	3.089459e-03	5.473761e+00
1.565000e-05	3.314753e-03	5.421556e+00
1.566000e-05	3.347210e-03	5.348021e+00
1.567000e-05	2.430839e-03	5.265264e+00
1.568000e-05	2.495040e-03	5.242581e+00
1.569000e-05	3.249869e-03	5.178927e+00
1.570000e-05	2.627122e-03	5.054816e+00
1.571000e-05	7.508127e-04	4.958947e+00
1.572000e-05	1.776294e-03	4.853787e+00
1.573000e-05	2.742048e-03	4.810600e+00
1.574000e-05	2.310582e-03	4.756845e+00
1.575000e-05	1.118621e-03	4.664686e+00
1.576000e-05	1.658213e-03	4.581603e+00
1.577000e-05	2.751364e-03	4.528894e+00
1.578000e-05	1.912088e-03	4.474735e+00
1.579000e-05	1.136819e-03	4.411128e+00
1.580000e-05	1.125774e-03	4.358919e+00
1.581000e-05	1.662747e-03	4.314743e+00
1.582000e-05	8.679525e-04	4.161625e+00
1.583000e-05	-2.520628e-04	4.094747e+00
1.584000e-05	9.430603e-04	3.980076e+00
1.585000e-05	1.230202e-03	3.949446e+00
1.586000e-05	2.112029e-03	3.905288e+00
1.587000e-05	8.908308e-04	3.802057e+00
1.588000e-05	6.860445e-04	3.747842e+00
1.589000e-05	3.439124e-04	3.653760e+00
1.590000e-05	1.348888e-03	3.610553e+00
1.591000e-05	-8.685242e-04	3.567944e+00
1.592000e-05	-2.293822e-04	3.453708e+00
1.593000e-05	-1.121705e-03	3.349395e+00
1.594000e-05	5.943951e-04	3.274713e+00
1.595000e-05	-7.417785e-06	3.159976e+00
1.596000e-05	-2.373372e-04	3.117870e+00
1.597000e-05	1.298515e-05	3.093658e+00
1.598000e-05	1.029196e-03	2.999450e+00
1.599000e-05	-2.462468e-04	2.895791e+00
1.600000e-05	-1.693980e-03	2.832579e+00
1.601000e-05	-1.113764e-03	2.768398e+00
1.602000e-05	-1.722453e-03	2.736219e+00
1.603000e-05	-1.432706e-03	2.639551e+00
1.604000e-05	-1.364382e-03	2.462686e+00
1.605000e-05	-1.564305e-03	2.410575e+00
1.606000e-05	-7.324574e-04	2.325869e+00
1.607000e-05	-7.285253e-04	2.233108e+00
1.608000e-05	-7.057288e-04	2.198475e+00
1.609000e-05	-1.960949e-03	2.137217e+00
1.610000e-05	-2.381444e-03	2.022456e+00
1.611000e-05	-2.383348e-03	1.978945e+00
1.612000e-05	-2.056174e-04	1.935663e+00
1.613000e-05	-4.996226e-03	1.821503e+00
1.614000e-05	-1.776031e-03	1.725263e+00
1.615000e-05	-3.846496e-03	1.612656e+00
1.616000e-05	9.995730e-05	1.559818e+00
1.617000e-05	-2.764917e-03	1.462578e+00
1.618000e-05	-1.731356e-03	1.338817e+00
1.619000e-05	-2.029070e-03	1.304633e+00
1.620000e-05	-3.837690e-03	1.199848e+00
1.621000e-05	-3.729010e-03	1.074657e+00
1.622000e-05	-6.326573e-03	9.402487e-01
1.623000e-05	-2.773539e-03	8.520028e-01
1.624000e-05	-3.213703e-03	7.789213e-01
1.625000e-05	-1.082729e-03	7.046819e-01
1.626000e-05	-3.227900e-03	6.110027e-01
1.627000e-05	-1.986611e-03	5.077384e-01
1.628000e-05	-4.829377e-03	4.620078e-01
1.629000e-05	-4.430015e-03	3.904463e-01
1.630000e-05	-5.014939e-03	3.251860e-01
1.631000e-05	-4.141812e-03	2.113714e-01
1.632000e-05	-2.835452e-03	9.413309e-02
1.633000e-05	-3.815287e-03	9.450191e-03
1.634000e-05	-1.487473e-03	-4.273408e-02
1.635000e-05	-2.010987e-03	-1.369433e-01
1.636000e-05	6.434106e-04	-2.216537e-01
1.637000e-05	-2.216435e-03	-2.848391e-01
1.638000e-05	-1.862180e-03	-3.694696e-01
1.639000e-05	-4.413542e-03	-4.110800e-01
1.640000e-05	4.508007e-05	-4.543368e-01
1.641000e-05	7.226663e-03	-5.876234e-01
1.642000e-05	2.862715e-02	-6.958930e-01
1.643000e-05	3.796498e-02	-7.801300e-01
1.644000e-05	-1.408325e-02	-9.049169e-01
1.645000e-05	-6.110141e-02	-9.922575e-01
1.646000e-05	-6.562630e-02	-1.093840e+00
1.647000e-05	1.371999e-02	-1.176912e+00
1.648000e-05	8.678602e-02	-1.199130e+00
1.649000e-05	-3.476260e-02	-1.317597e+00
1.650000e-05	-8.961956e-03	-1.432659e+00
1.651000e-05	7.312724e-02	-1.505418e+00
1.652000e-05	-4.265114e-02	-1.610206e+00
1.653000e-05	-1.071727e-02	-1.746337e+00
1.654000e-05	6.879571e-03	-1.748051e+00
1.655000e-05	-7.871049e-02	-1.842811e+00
1.656000e-05	2.731803e-02	-1.936391e+00
1.657000e-05	5.551157e-02	-1.979651e+00
1.658000e-05	-5.568801e-02	-2.050810e+00
1.659000e-05	-7.229795e-03	-2.107596e+00
1.660000e-05	1.894211e-02	-2.222835e+00
1.661000e-05	-1.849573e-04	-2.409075e+00
1.662000e-05	-6.301899e-03	-2.421181e+00
1.663000e-05	-6.251494e-02	-2.505912e+00
1.664000e-05	4.560924e-02	-2.610656e+00
1.665000e-05	4.353925e-02	-2.674864e+00
1.666000e-05	-5.893572e-02	-2.766473e+00
1.667000e-05	-2.230683e-02	-2.831606e+00
1.668000e-05	7.976453e-03	-2.927073e+00
1.669000e-05	2.817748e-02	-3.033859e+00
1.670000e-05	-2.050766e-02	-3.124492e+00
1.671000e-05	-3.972950e-02	-3.197655e+00
1.672000e-05	4.142954e-02	-3.264338e+00
1.673000e-05	-1.314115e-04	-3.337548e+00
1.674000e-05	-2.449142e-02	-3.400706e+00
1.675000e-05	-2.175506e-02	-3.474387e+00
1.676000e-05	-3.844770e-03	-3.547571e+00
1.677000e-05	3.233542e-02	-3.620131e+00
1.678000e-05	-2.814338e-02	-3.671967e+00
1.679000e-05	-1.420271e-02	-3.760730e+00
1.680000e-05	7.696861e-03	-3.883416e+00
1.681000e-05	-6.935299e-04	-3.978580e+00
1.682000e-05	-6.748932e-03	-4.031706e+00
1.683000e-05	-3.422007e-02	-4.075917e+00
1.684000e-05	1.273426e-02	-4.168601e+00
1.685000e-05	3.860910e-03	-4.252258e+00
1.686000e-05	-1.140051e-02	-4.314941e+00
1.687000e-05	-1.671487e-02	-4.359050e+00
1.688000e-05	-1.007096e-02	-4.401283e+00
1.689000e-05	1.839321e-02	-4.483943e+00
1.690000e-05	-2.073588e-02	-4.537076e+00
1.691000e-05	-1.408203e-02	-4.591838e+00
1.692000e-05	-7.537358e-03	-4.715942e+00
1.693000e-05	5.737815e-03	-4.800575e+00
1.694000e-05	-9.828971e-03	-4.832410e+00
1.695000e-05	-2.604517e-02	-4.885547e+00
1.696000e-05	1.055847e-03	-5.019708e+00
1.697000e-05	-9.214042e-06	-5.064790e+00
1.698000e-05	-6.314118e-03	-5.088576e+00
1.699000e-05	-2.133606e-02	-5.220709e+00
1.700000e-05	-4.697815e-03	-5.293520e+00
1.701000e-05	2.492687e-03	-5.379179e+00
1.702000e-05	-1.415190e-02	-5.471442e+00
1.703000e-05	-1.583260e-02	-5.517527e+00
1.704000e-05	-1.102113e-02	-5.580605e+00
1.705000e-05	3.270202e-03	-5.684289e+00
1.706000e-05	-1.386645e-02	-5.696046e+00
1.707000e-05	-1.526904e-02	-5.749203e+00
1.708000e-05	-8.394100e-03	-5.810808e+00
1.709000e-05	-1.524320e-05	-5.894816e+00
1.710000e-05	-9.065285e-03	-5.926546e+00
1.711000e-05	-1.905689e-02	-5.999630e+00
1.712000e-05	-7.637239e-03	-6.033833e+00
1.713000e-05	-4.997567e-03	-6.104470e+00
1.714000e-05	-8.460078e-03	-6.189175e+00
1.715000e-05	-1.880162e-02	-6.181387e+00
1.716000e-05	-8.409838e-03	-6.304918e+00
1.717000e-05	-6.210747e-03	-6.305525e+00
1.718000e-05	-8.893688e-03	-6.389182e+00
1.719000e-05	-1.615720e-02	-6.444283e+00
1.720000e-05	-1.116493e-02	-6.464917e+00
1.721000e-05	-5.654234e-03	-6.546595e+00
1.722000e-05	-1.144949e-02	-6.598155e+00
1.723000e-05	-1.632822e-02	-6.621256e+00
1.724000e-05	-1.379849e-02	-6.663437e+00
1.725000e-05	-6.989309e-03	-6.685468e+00
1.726000e-05	-1.230859e-02	-6.719573e+00
1.727000e-05	-1.516493e-02	-6.759183e+00
1.728000e-05	-1.394096e-02	-6.803259e+00
1.729000e-05	-7.395924e-03	-6.846941e+00
1.730000e-05	-1.240575e-02	-6.927099e+00
1.731000e-05	-1.698332e-02	-6.918779e+00
1.732000e-05	-1.485988e-02	-7.001812e+00
1.733000e-05	-1.150654e-02	-7.051938e+00
1.734000e-05	-1.223208e-02	-7.096049e+00
1.735000e-05	-1.847235e-02	-7.149128e+00
1.736000e-05	-1.439260e-02	-7.230654e+00
1.737000e-05	-1.342853e-02	-7.221333e+00
1.738000e-05	-1.146713e-02	-7.263266e+00
1.739000e-05	-1.928108e-02	-7.304987e+00
1.740000e-05	-1.622849e-02	-7.295021e+00
1.741000e-05	-1.419802e-02	-7.337101e+00
1.742000e-05	-1.419559e-02	-7.390278e+00
1.743000e-05	-1.758753e-02	-7.390783e+00
1.744000e-05	-1.859020e-02	-7.443211e+00
1.745000e-05	-1.372916e-02	-7.474966e+00
1.746000e-05	-1.708953e-02	-7.474545e+00
1.747000e-05	-1.957263e-02	-7.507099e+00
1.748000e-05	-2.170694e-02	-7.537227e+00
1.749000e-05	-1.613677e-02	-7.560754e+00
1.750000e-05	-1.530595e-02	-7.580832e+00
1.751000e-05	-2.017944e-02	-7.642892e+00
1.752000e-05	-2.028327e-02	-7.684016e+00
1.753000e-05	-1.909300e-02	-7.655995e+00
1.754000e-05	-1.893649e-02	-7.737124e+00
1.755000e-05	-2.454366e-02	-7.729631e+00
1.756000e-05	-2.347612e-02	-7.768605e+00
1.757000e-05	-2.097392e-02	-7.778809e+00
1.758000e-05	-1.884283e-02	-7.820780e+00
1.759000e-05	-2.330091e-02	-7.852938e+00
1.760000e-05	-2.244581e-02	-7.773838e+00
1.761000e-05	-2.299995e-02	-7.782996e+00
1.762000e-05	-2.167712e-02	-7.934518e+00
1.763000e-05	-2.721038e-02	-7.904998e+00
1.764000e-05	-2.796862e-02	-7.924999e+00
1.765000e-05	-2.653094e-02	-7.938547e+00
1.766000e-05	-2.474323e-02	-7.916578e+00
1.767000e-05	-2.638001e-02	-7.959051e+00
1.768000e-05	-2.876508e-02	-7.959626e+00
1.769000e-05	-2.679089e-02	-7.969680e+00
1.770000e-05	-2.815612e-02	-7.958129e+00
1.771000e-05	-3.013901e-02	-7.958203e+00
1.772000e-05	-3.382000e-02	-7.989526e+00
1.773000e-05	-3.066151e-02	-7.988654e+00
1.774000e-05	-3.310035e-02	-7.999682e+00
1.775000e-05	-3.313730e-02	-8.010254e+00
1.776000e-05	-3.732667e-02	-8.001234e+00
1.777000e-05	-3.435091e-02	-8.001205e+00
1.778000e-05	-3.617110e-02	-7.970254e+00
1.779000e-05	-3.627986e-02	-7.980156e+00
1.780000e-05	-3.830806e-02	-8.000728e+00
1.781000e-05	-3.870677e-02	-7.949176e+00
1.782000e-05	-3.750190e-02	-7.998156e+00
1.783000e-05	-3.987475e-02	-8.000103e+00
1.784000e-05	-3.929449e-02	-7.989149e+00
1.785000e-05	-4.111469e-02	-7.979600e+00
1.786000e-05	-3.807544e-02	-7.918473e+00
1.787000e-05	-3.739612e-02	-7.936550e+00
1.788000e-05	-3.805388e-02	-7.937072e+00
1.789000e-05	-3.810172e-02	-7.896467e+00
1.790000e-05	-3.736984e-02	-7.884895e+00
1.791000e-05	-3.582168e-02	-7.875961e+00
1.792000e-05	-3.651106e-02	-7.832386e+00
1.793000e-05	-3.638264e-02	-7.850733e+00
1.794000e-05	-3.346634e-02	-7.776308e+00
1.795000e-05	-3.170516e-02	-7.770201e+00
1.796000e-05	-3.252877e-02	-7.708600e+00
1.797000e-05	-3.244092e-02	-7.735601e+00
1.798000e-05	-3.075627e-02	-7.697016e+00
1.799000e-05	-2.912787e-02	-7.643393e+00
1.800000e-05	-2.903715e-02	-7.684841e+00
1.801000e-05	-2.893389e-02	-7.601810e+00
1.802000e-05	-2.840002e-02	-7.580254e+00
1.803000e-05	-2.556053e-02	-7.579631e+00
1.804000e-05	-2.593840e-02	-7.549575e+00
1.805000e-05	-2.563378e-02	-7.477371e+00
1.806000e-05	-2.596326e-02	-7.485866e+00
1.807000e-05	-2.316346e-02	-7.433361e+00
1.808000e-05	-2.385525e-02	-7.450708e+00
1.809000e-05	-2.189651e-02	-7.409207e+00
1.810000e-05	-2.254889e-02	-7.350529e+00
1.811000e-05	-2.097582e-02	-7.338546e+00
1.812000e-05	-1.981266e-02	-7.286316e+00
1.813000e-05	-2.013961e-02	-7.252864e+00
1.814000e-05	-2.119754e-02	-7.272261e+00
1.815000e-05	-1.970331e-02	-7.211607e+00
1.816000e-05	-1.880982e-02	-7.201157e+00
1.817000e-05	-1.779634e-02	-7.177523e+00
1.818000e-05	-1.949533e-02	-7.126397e+00
1.819000e-05	-1.666892e-02	-7.024336e+00
1.820000e-05	-1.506849e-02	-7.020081e+00
1.821000e-05	-1.699406e-02	-6.887597e+00
1.822000e-05	-1.771792e-02	-6.915949e+00
1.823000e-05	-1.564055e-02	-6.842312e+00
1.824000e-05	-1.397567e-02	-6.822710e+00
1.825000e-05	-1.592455e-02	-6.781105e+00
1.826000e-05	-1.642611e-02	-6.738921e+00
1.827000e-05	-1.463209e-02	-6.705341e+00
1.828000e-05	-1.358614e-02	-6.651288e+00
1.829000e-05	-1.241149e-02	-6.610709e+00
1.830000e-05	-1.408054e-02	-6.560097e+00
1.831000e-05	-1.208933e-02	-6.506420e+00
1.832000e-05	-1.115265e-02	-6.502838e+00
1.833000e-05	-1.242342e-02	-6.373107e+00
1.834000e-05	-1.418857e-02	-6.400505e+00
1.835000e-05	-1.315527e-02	-6.327524e+00
1.836000e-05	-1.146543e-02	-6.284415e+00
1.837000e-05	-1.108180e-02	-6.201678e+00
1.838000e-05	-1.195039e-02	-6.126525e+00
1.839000e-05	-1.076604e-02	-6.122788e+00
1.840000e-05	-9.646253e-03	-6.022707e+00
1.841000e-05	-1.007207e-02	-5.970501e+00
1.842000e-05	-1.143451e-02	-5.908417e+00
1.843000e-05	-1.126151e-02	-5.874786e+00
1.844000e-05	-1.084539e-02	-5.821609e+00
1.845000e-05	-9.333148e-03	-5.767496e+00
1.846000e-05	-1.040328e-02	-5.698840e+00
1.847000e-05	-1.077607e-02	-5.671662e+00
1.848000e-05	-9.684199e-03	-5.581678e+00
1.849000e-05	-8.874903e-03	-5.487494e+00
1.850000e-05	-8.246990e-03	-5.493839e+00
1.851000e-05	-8.899758e-03	-5.350105e+00
1.852000e-05	-9.555481e-03	-5.265291e+00
1.853000e-05	-8.661004e-03	-5.212059e+00
1.854000e-05	-8.798963e-03	-5.158946e+00
1.855000e-05	-9.856548e-03	-5.053816e+00
1.856000e-05	-9.599716e-03	-5.050558e+00
1.857000e-05	-8.690756e-03	-4.919946e+00
1.858000e-05	-7.417474e-03	-4.895133e+00
1.859000e-05	-8.331135e-03	-4.719094e+00
1.860000e-05	-8.402570e-03	-4.664367e+00
1.861000e-05	-7.520318e-03	-4.602525e+00
1.862000e-05	-8.096226e-03	-4.548424e+00
1.863000e-05	-8.170295e-03	-4.494287e+00
1.864000e-05	-9.518676e-03	-4.441153e+00
1.865000e-05	-7.525112e-03	-4.371054e+00
1.866000e-05	-6.994774e-03	-4.325844e+00
1.867000e-05	-7.257910e-03	-4.204261e+00
1.868000e-05	-8.074245e-03	-4.188452e+00
1.869000e-05	-7.091864e-03	-4.064761e+00
1.870000e-05	-5.804016e-03	-4.071733e+00
1.871000e-05	-8.182383e-03	-3.990476e+00
1.872000e-05	-6.933922e-03	-3.897391e+00
1.873000e-05	-7.763557e-03	-3.842708e+00
1.874000e-05	-6.092850e-03	-3.727371e+00
1.875000e-05	-8.670607e-03	-3.644656e+00
1.876000e-05	-7.582609e-03	-3.579979e+00
1.877000e-05	-6.783884e-03	-3.526787e+00
1.878000e-05	-5.727779e-03	-3.412132e+00
1.879000e-05	-6.477605e-03	-3.378475e+00
1.880000e-05	-5.976533e-03	-3.305811e+00
1.881000e-05	-6.884495e-03	-3.201054e+00
1.882000e-05	-5.407437e-03	-3.158396e+00
1.883000e-05	-6.988272e-03	-3.044209e+00
1.884000e-05	-7.269708e-03	-2.966351e+00
1.885000e-05	-7.073413e-03	-2.852609e+00
1.886000e-05	-6.012462e-03	-2.749974e+00
1.887000e-05	-5.680033e-03	-2.717842e+00
1.888000e-05	-6.811962e-03	-2.611682e+00
1.889000e-05	-6.095660e-03	-2.548428e+00
1.890000e-05	-4.996164e-03	-2.482709e+00
1.891000e-05	-5.244708e-03	-2.362530e+00
1.892000e-05	-5.732903e-03	-2.328897e+00
1.893000e-05	-7.048497e-03	-2.284630e+00
1.894000e-05	-4.541947e-03	-2.117846e+00
1.895000e-05	-5.445674e-03	-2.002084e+00
1.896000e-05	-6.354449e-03	-1.979522e+00
1.897000e-05	-5.909162e-03	-1.906787e+00
1.898000e-05	-4.863464e-03	-1.860005e+00
1.899000e-05	-4.115104e-03	-1.767892e+00
1.900000e-05	-4.987139e-03	-1.682084e+00
1.901000e-05	-5.641613e-03	-1.590003e+00
1.902000e-05	-4.354278e-03	-1.545242e+00
1.903000e-05	-5.191441e-03	-1.399974e+00
1.904000e-05	-3.880613e-03	-1.273213e+00
1.905000e-05	-6.600227e-03	-1.179475e+00
1.906000e-05	-4.521826e-03	-1.085762e+00
1.907000e-05	-4.480073e-03	-1.001023e+00
1.908000e-05	-4.021337e-03	-9.552874e-01
1.909000e-05	-5.265066e-03	-8.530541e-01
1.910000e-05	-3.676576e-03	-7.794436e-01
1.911000e-05	-3.718806e-03	-6.972656e-01
1.912000e-05	-2.910827e-03	-5.898976e-01
1.913000e-05	-4.283055e-03	-5.145844e-01
1.914000e-05	-3.486235e-03	-4.105252e-01
1.915000e-05	-4.622198e-03	-3.462923e-01
1.916000e-05	-3.779775e-03	-2.825567e-01
1.917000e-05	-4.301584e-03	-1.694476e-01
1.918000e-05	-4.341412e-03	-8.571079e-02
1.919000e-05	-2.049427e-03	-2.202744e-02
1.920000e-05	1.624700e-03	5.960520e-02
1.921000e-05	1.612072e-03	9.487047e-02
1.922000e-05	-7.003862e-04	2.427354e-01
1.923000e-05	-7.811202e-04	3.179684e-01
1.924000e-05	-4.619693e-04	4.005511e-01
1.925000e-05	-7.172985e-04	4.632065e-01
1.926000e-05	3.442893e-03	5.073947e-01
1.927000e-05	1.539383e-02	6.201052e-01
1.928000e-05	3.278253e-02	7.273694e-01
1.929000e-05	8.921256e-03	8.201012e-01
1.930000e-05	-4.266292e-02	9.668921e-01
1.931000e-05	-5.064998e-02	1.061836e+00
1.932000e-05	-3.387415e-02	1.146966e+00
1.933000e-05	4.776790e-02	1.210103e+00
1.934000e-05	2.854526e-02	1.284391e+00
1.935000e-05	-6.731624e-02	1.378449e+00
1.936000e-05	3.485612e-02	1.493919e+00
1.937000e-05	5.214264e-02	1.643729e+00
1.938000e-05	-2.934197e-02	1.695866e+00
1.939000e-05	2.729271e-04	1.729424e+00
1.940000e-05	-2.899001e-02	1.862258e+00
1.941000e-05	-2.788512e-02	1.896942e+00
1.942000e-05	6.679253e-02	1.958575e+00
1.943000e-05	7.676142e-03	2.053733e+00
1.944000e-05	-4.810522e-02	2.095393e+00
1.945000e-05	4.570943e-03	2.212226e+00
1.946000e-05	1.498593e-02	2.283242e+00
1.947000e-05	1.168418e-02	2.335971e+00
1.948000e-05	-3.597615e-02	2.442208e+00
1.949000e-05	-1.190308e-02	2.494970e+00
1.950000e-05	4.988732e-02	2.611705e+00
1.951000e-05	1.332472e-02	2.705420e+00
1.952000e-05	-3.567582e-02	2.821129e+00
1.953000e-05	-1.545525e-02	2.853810e+00
1.954000e-05	2.519919e-02	2.958021e+00
1.955000e-05	1.238337e-02	3.021210e+00
1.956000e-05	-2.181639e-02	3.097445e+00
1.957000e-05	-1.254319e-03	3.200075e+00
1.958000e-05	1.619971e-02	3.201154e+00
1.959000e-05	7.527789e-03	3.315916e+00
1.960000e-05	-1.262697e-02	3.432758e+00
1.961000e-05	-1.423529e-02	3.537920e+00
1.962000e-05	1.646744e-02	3.600654e+00
1.963000e-05	1.159371e-02	3.652839e+00
1.964000e-05	-6.299517e-03	3.706443e+00
1.965000e-05	-6.832698e-03	3.842158e+00
1.966000e-05	8.074211e-03	3.874387e+00
1.967000e-05	7.173058e-03	3.926997e+00
1.968000e-05	-7.701830e-03	4.010151e+00
1.969000e-05	-3.997573e-03	4.113837e+00
1.970000e-05	9.839976e-03	4.168225e+00
1.971000e-05	8.640319e-03	4.203921e+00
1.972000e-05	3.211501e-05	4.357501e+00
1.973000e-05	-6.435714e-03	4.440628e+00
1.974000e-05	7.870436e-03	4.453364e+00
1.975000e-05	7.772757e-03	4.538020e+00
1.976000e-05	-1.764397e-03	4.610730e+00
1.977000e-05	-3.610310e-03	4.674864e+00
1.978000e-05	7.041888e-03	4.707600e+00
1.979000e-05	1.017888e-02	4.881578e+00
1.980000e-05	-3.573861e-03	4.886860e+00
1.981000e-05	-1.046780e-03	4.969184e+00
1.982000e-05	6.471029e-03	5.063941e+00
1.983000e-05	1.181126e-02	5.169601e+00
1.984000e-05	-1.145856e-03	5.242188e+00
1.985000e-05	-1.396581e-03	5.294393e+00
1.986000e-05	6.584447e-03	5.371129e+00
1.987000e-05	8.648340e-03	5.422288e+00
1.988000e-05	-7.887141e-05	5.485392e+00
1.989000e-05	-1.372685e-03	5.516046e+00
1.990000e-05	8.291396e-03	5.609182e+00
1.991000e-05	1.066390e-02	5.641862e+00
1.992000e-05	3.311017e-03	5.726965e+00
1.993000e-05	2.682605e-04	5.790234e+00
1.994000e-05	5.902242e-03	5.874443e+00
1.995000e-05	9.522882e-03	5.948076e+00
1.996000e-05	1.928907e-03	6.021699e+00
1.997000e-05	2.653942e-04	6.053762e+00
1.998000e-05	5.495332e-03	6.064893e+00
1.999000e-05	1.249258e-02	6.149024e+00
2.000000e-05	4.790133e-03	6.211131e+00
2.001000e-05	1.207238e-03	6.264332e+00
2.002000e-05	7.149352e-03	6.284369e+00
2.003000e-05	9.388946e-03	6.337996e+00
2.004000e-05	6.108688e-03	6.410607e+00
2.005000e-05	1.645139e-03	6.441262e+00
2.006000e-05	6.838529e-03	6.483341e+00
2.007000e-05	9.277196e-03	6.537596e+00
2.008000e-05	8.033961e-03	6.602104e+00
2.009000e-05	3.001404e-03	6.593809e+00
2.010000e-05	7.232175e-03	6.675995e+00
2.011000e-05	1.022462e-02	6.736551e+00
2.012000e-05	8.569345e-03	6.799130e+00
2.013000e-05	4.803210e-03	6.820183e+00
2.014000e-05	6.483528e-03	6.854836e+00
2.015000e-05	1.000422e-02	6.885447e+00
2.016000e-05	7.749415e-03	6.877522e+00
2.017000e-05	5.870006e-03	6.988676e+00
2.018000e-05	6.545051e-03	7.000183e+00
2.019000e-05	1.125439e-02	7.042811e+00
2.020000e-05	1.006948e-02	7.085866e+00
2.021000e-05	7.512267e-03	7.106966e+00
2.022000e-05	8.202564e-03	7.140123e+00
2.023000e-05	1.155683e-02	7.202732e+00
2.024000e-05	1.056614e-02	7.221784e+00
2.025000e-05	8.699279e-03	7.262841e+00
2.026000e-05	8.571300e-03	7.285438e+00
2.027000e-05	1.209635e-02	7.328053e+00
2.028000e-05	1.133552e-02	7.357728e+00
2.029000e-05	1.113838e-02	7.380908e+00
2.030000e-05	1.041757e-02	7.433017e+00
2.031000e-05	1.331494e-02	7.475915e+00
2.032000e-05	1.405053e-02	7.504996e+00
2.033000e-05	1.247125e-02	7.548103e+00
2.034000e-05	1.288845e-02	7.610207e+00
2.035000e-05	1.446792e-02	7.599234e+00
2.036000e-05	1.409414e-02	7.621785e+00
2.037000e-05	1.405514e-02	7.632866e+00
2.038000e-05	1.341717e-02	7.685992e+00
2.039000e-05	1.516817e-02	7.667446e+00
2.040000e-05	1.631384e-02	7.708972e+00
2.041000e-05	1.632961e-02	7.767552e+00
2.042000e-05	1.677012e-02	7.729029e+00
2.043000e-05	1.794505e-02	7.780228e+00
2.044000e-05	1.786488e-02	7.791753e+00
2.045000e-05	1.792302e-02	7.781240e+00
2.046000e-05	1.771669e-02	7.833261e+00
2.047000e-05	1.768106e-02	7.822387e+00
2.048000e-05	1.913021e-02	7.856416e+00
2.049000e-05	2.056647e-02	7.850941e+00
2.050000e-05	2.151114e-02	7.903020e+00
2.051000e-05	2.102265e-02	7.855967e+00
2.052000e-05	2.265183e-02	7.923945e+00
2.053000e-05	2.379355e-02	7.897441e+00
2.054000e-05	2.405409e-02	7.905626e+00
2.055000e-05	2.373841e-02	7.926000e+00
2.056000e-05	2.531067e-02	7.919027e+00
2.057000e-05	2.630937e-02	7.947079e+00
2.058000e-05	2.712394e-02	7.897550e+00
2.059000e-05	2.700712e-02	7.950630e+00
2.060000e-05	2.939689e-02	7.956155e+00
2.061000e-05	3.003476e-02	7.896620e+00
2.062000e-05	3.148746e-02	8.030546e+00
2.063000e-05	3.059302e-02	7.918554e+00
2.064000e-05	3.168341e-02	7.965601e+00
2.065000e-05	3.201148e-02	7.928653e+00
2.066000e-05	3.303915e-02	7.937601e+00
2.067000e-05	3.189000e-02	7.918046e+00
2.068000e-05	3.434712e-02	7.876121e+00
2.069000e-05	3.410696e-02	7.894876e+00
2.070000e-05	3.505929e-02	7.904897e+00
2.071000e-05	3.376081e-02	7.873995e+00
2.072000e-05	3.226998e-02	7.815868e+00
2.073000e-05	3.200690e-02	7.853813e+00
2.074000e-05	3.149529e-02	7.851314e+00
2.075000e-05	3.025649e-02	7.851712e+00
2.076000e-05	3.034903e-02	7.772709e+00
2.077000e-05	2.999399e-02	7.771234e+00
2.078000e-05	2.901442e-02	7.759156e+00
2.079000e-05	2.922063e-02	7.818080e+00
2.080000e-05	2.670980e-02	7.750624e+00
2.081000e-05	2.530021e-02	7.715972e+00
2.082000e-05	2.451239e-02	7.685392e+00
2.083000e-05	2.477439e-02	7.653837e+00
2.084000e-05	2.385112e-02	7.642259e+00
2.085000e-05	2.283641e-02	7.643259e+00
2.086000e-05	2.306363e-02	7.602208e+00
2.087000e-05	2.284111e-02	7.569629e+00
2.088000e-05	2.076497e-02	7.509048e+00
2.089000e-05	1.918399e-02	7.538450e+00
2.090000e-05	1.822805e-02	7.484861e+00
2.091000e-05	1.806507e-02	7.413342e+00
2.092000e-05	1.742606e-02	7.391231e+00
2.093000e-05	1.678154e-02	7.368077e+00
2.094000e-05	1.683864e-02	7.337469e+00
2.095000e-05	1.746212e-02	7.334415e+00
2.096000e-05	1.696835e-02	7.254391e+00
2.097000e-05	1.452705e-02	7.192308e+00
2.098000e-05	1.362466e-02	7.199179e+00
2.099000e-05	1.256145e-02	7.148553e+00
2.100000e-05	1.250610e-02	7.118419e+00
2.101000e-05	1.235553e-02	7.124817e+00
2.102000e-05	1.200457e-02	7.095187e+00
2.103000e-05	1.339517e-02	7.022659e+00
2.104000e-05	1.244988e-02	6.989077e+00
2.105000e-05	1.120521e-02	6.908901e+00
2.106000e-05	9.844065e-03	6.856844e+00
2.107000e-05	9.929686e-03	6.873314e+00
2.108000e-05	8.576137e-03	6.812657e+00
2.109000e-05	8.624278e-03	6.821629e+00
2.110000e-05	8.840368e-03	6.779548e+00
2.111000e-05	9.229243e-03	6.695866e+00
2.112000e-05	9.344288e-03	6.664233e+00
2.113000e-05	8.794206e-03	6.561082e+00
2.114000e-05	7.592670e-03	6.507499e+00
2.115000e-05	7.150582e-03	6.482339e+00
2.116000e-05	5.909012e-03	6.412261e+00
2.117000e-05	6.257212e-03	6.370450e+00
2.118000e-05	5.942534e-03	6.338396e+00
2.119000e-05	5.786494e-03	6.325891e+00
2.120000e-05	6.977203e-03	6.212213e+00
2.121000e-05	6.060641e-03	6.199578e+00
2.122000e-05	6.435829e-03	6.137971e+00
2.123000e-05	4.730352e-03	6.097342e+00
2.124000e-05	5.331354e-03	6.062739e+00
2.125000e-05	5.192738e-03	6.041682e+00
2.126000e-05	4.516076e-03	5.959471e+00
2.127000e-05	4.415200e-03	5.895342e+00
2.128000e-05	3.469260e-03	5.843682e+00
2.129000e-05	5.176743e-03	5.777899e+00
2.130000e-05	3.176404e-03	5.683840e+00
2.131000e-05	4.149204e-03	5.612079e+00
2.132000e-05	2.652623e-03	5.579472e+00
2.133000e-05	4.768194e-03	5.526765e+00
2.134000e-05	3.080967e-03	5.433710e+00
2.135000e-05	3.277474e-03	5.400578e+00
2.136000e-05	2.625817e-03	5.367324e+00
2.137000e-05	4.022819e-03	5.284766e+00
2.138000e-05	1.617600e-03	5.220627e+00
2.139000e-05	2.147766e-03	5.136895e+00
2.140000e-05	1.899575e-03	5.042152e+00
2.141000e-05	2.446545e-03	4.948846e+00
2.142000e-05	1.852271e-03	4.843186e+00
2.143000e-05	2.857180e-03	4.819004e+00
2.144000e-05	2.268403e-03	4.705890e+00
2.145000e-05	1.950718e-03	4.662212e+00
2.146000e-05	1.247498e-03	4.580075e+00
2.147000e-05	9.621695e-04	4.517795e+00
2.148000e-05	3.413348e-04	4.463256e+00
2.149000e-05	1.234389e-03	4.410501e+00
2.150000e-05	1.613969e-03	4.358397e+00
2.151000e-05	2.010568e-03	4.262707e+00
2.152000e-05	1.155007e-03	4.117527e+00
2.153000e-05	9.010940e-04	4.064841e+00
2.154000e-05	1.111600e-03	4.030002e+00
2.155000e-05	8.377805e-04	3.957395e+00
2.156000e-05	-1.679998e-04	3.874163e+00
2.157000e-05	4.445246e-04	3.839549e+00
2.158000e-05	3.896061e-04	3.717842e+00
2.159000e-05	6.164541e-04	3.632233e+00
2.160000e-05	-2.599814e-04	3.619949e+00
2.161000e-05	-2.832291e-04	3.536870e+00
2.162000e-05	-9.100696e-05	3.452152e+00
2.163000e-05	4.346721e-04	3.318897e+00
2.164000e-05	-2.148316e-04	3.252707e+00
2.165000e-05	-4.292804e-05	3.178898e+00
2.166000e-05	1.372548e-04	3.136741e+00
2.167000e-05	8.582978e-04	3.073081e+00
2.168000e-05	-1.745638e-03	2.967895e+00
2.169000e-05	-1.598434e-03	2.915740e+00
2.170000e-05	-2.219569e-03	2.841553e+00
2.171000e-05	8.896484e-04	2.768466e+00
2.172000e-05	-2.578953e-04	2.714162e+00
2.173000e-05	-1.004176e-03	2.580446e+00
2.174000e-05	-2.463165e-05	2.494112e+00
2.175000e-05	-6.214750e-04	2.408948e+00
2.176000e-05	-6.466402e-05	2.306237e+00
2.177000e-05	-2.931984e-03	2.211456e+00
2.178000e-05	-2.103035e-03	2.167817e+00
2.179000e-05	-1.422734e-03	2.063612e+00
2.180000e-05	-1.370700e-03	2.000502e+00
2.181000e-05	-2.492504e-03	1.958370e+00
2.182000e-05	-2.113678e-03	1.844607e+00
2.183000e-05	-1.083451e-03	1.768323e+00
2.184000e-05	-1.143295e-03	1.714608e+00
2.185000e-05	-2.451067e-03	1.633478e+00
2.186000e-05	-1.517863e-03	1.558161e+00
2.187000e-05	-2.141698e-03	1.412475e+00
2.188000e-05	-2.430274e-03	1.297660e+00
2.189000e-05	-3.104562e-03	1.211974e+00
2.190000e-05	-3.518807e-03	1.127342e+00
2.191000e-05	-2.406426e-03	1.062500e+00
2.192000e-05	-2.646060e-03	9.566632e-01
2.193000e-05	-2.879922e-03	8.220027e-01
2.194000e-05	-2.859348e-03	7.682936e-01
2.195000e-05	-2.804450e-03	6.736094e-01
2.196000e-05	-2.478089e-03	6.193963e-01
2.197000e-05	-4.197539e-03	5.151597e-01
2.198000e-05	-4.298714e-03	4.420265e-01
2.199000e-05	-3.760662e-03	3.793673e-01
2.200000e-05	-3.592322e-03	3.135083e-01
2.201000e-05	-4.630968e-03	1.787951e-01
2.202000e-05	-3.453744e-03	5.453308e-02
2.203000e-05	-3.499467e-03	-1.105375e-02
2.204000e-05	-1.246282e-03	-1.033153e-01
2.205000e-05	-1.401606e-04	-1.574986e-01
2.206000e-05	-1.139662e-03	-2.411563e-01
2.207000e-05	-2.351680e-03	-2.848694e-01
2.208000e-05	-3.292635e-03	-3.805249e-01
2.209000e-05	-3.516175e-03	-4.521327e-01
2.210000e-05	-8.593236e-04	-5.059442e-01
2.211000e-05	8.724342e-03	-6.217605e-01
2.212000e-05	3.882720e-02	-7.459985e-01
2.213000e-05	2.528614e-02	-8.012062e-01
2.214000e-05	-4.194314e-02	-9.164970e-01
2.215000e-05	-6.749219e-02	-1.053789e+00
2.216000e-05	-4.964763e-02	-1.135342e+00
2.217000e-05	4.917831e-02	-1.136971e+00
2.218000e-05	5.100032e-02	-1.231359e+00
2.219000e-05	-6.973320e-02	-1.398029e+00
2.220000e-05	3.160061e-02	-1.484262e+00
2.221000e-05	4.621329e-02	-1.556045e+00
2.222000e-05	-5.313854e-02	-1.662363e+00
2.223000e-05	9.340427e-03	-1.747398e+00
2.224000e-05	-3.189301e-02	-1.789153e+00
2.225000e-05	-7.154006e-02	-1.874366e+00
2.226000e-05	6.899758e-02	-1.926946e+00
2.227000e-05	7.475601e-03	-1.991728e+00
2.228000e-05	-6.168367e-02	-2.072384e+00
2.229000e-05	1.803283e-02	-2.197176e+00
2.230000e-05	2.765652e-03	-2.296072e+00
2.231000e-05	8.667438e-03	-2.409504e+00
2.232000e-05	-3.093069e-02	-2.452809e+00
2.233000e-05	-3.842344e-02	-2.527496e+00
2.234000e-05	8.081038e-02	-2.661758e+00
2.235000e-05	-4.986414e-03	-2.715946e+00
2.236000e-05	-6.011745e-02	-2.799499e+00
2.237000e-05	-2.856141e-03	-2.862809e+00
2.238000e-05	1.519408e-02	-2.958600e+00
2.239000e-05	2.007039e-02	-3.102892e+00
2.240000e-05	-4.661962e-02	-3.113948e+00
2.241000e-05	-6.634882e-03	-3.220178e+00
2.242000e-05	3.994123e-02	-3.285416e+00
2.243000e-05	-1.999360e-02	-3.399151e+00
2.244000e-05	-1.838136e-02	-3.432184e+00
2.245000e-05	-2.221782e-02	-3.484395e+00
2.246000e-05	1.885134e-02	-3.588504e+00
2.247000e-05	1.372396e-02	-3.632229e+00
2.248000e-05	-3.776895e-02	-3.706022e+00
2.249000e-05	2.201265e-03	-3.810834e+00
2.250000e-05	-2.017240e-04	-3.957550e+00
2.251000e-05	2.454890e-03	-4.021055e+00
2.252000e-05	-2.041323e-02	-4.062835e+00
2.253000e-05	-1.944773e-02	-4.115998e+00
2.254000e-05	2.114628e-02	-4.198658e+00
2.255000e-05	-6.657592e-03	-4.274862e+00
2.256000e-05	-9.124251e-03	-4.335942e+00
2.257000e-05	-2.379940e-02	-4.360075e+00
2.258000e-05	4.970097e-03	-4.451808e+00
2.259000e-05	4.146900e-03	-4.505519e+00
2.260000e-05	-2.449091e-02	-4.601231e+00
2.261000e-05	-9.142689e-03	-4.612815e+00
2.262000e-05	-9.736404e-04	-4.696468e+00
2.263000e-05	8.395689e-03	-4.778650e+00
2.264000e-05	-2.260032e-02	-4.834938e+00
2.265000e-05	-1.688881e-02	-4.935626e+00
2.266000e-05	1.998654e-03	-5.020708e+00
2.267000e-05	-2.289757e-03	-5.103891e+00
2.268000e-05	-1.348065e-02	-5.139099e+00
2.269000e-05	-1.991978e-02	-5.239762e+00
2.270000e-05	4.267574e-03	-5.327497e+00
2.271000e-05	-2.434029e-03	-5.381364e+00
2.272000e-05	-1.491982e-02	-5.434995e+00
2.273000e-05	-1.724775e-02	-5.559677e+00
2.274000e-05	-4.154994e-03	-5.630733e+00
2.275000e-05	-1.051680e-03	-5.683937e+00
2.276000e-05	-1.776195e-02	-5.716045e+00
2.277000e-05	-1.407934e-02	-5.770655e+00
2.278000e-05	-7.262226e-03	-5.863334e+00
2.279000e-05	2.926287e-04	-5.886491e+00
2.280000e-05	-1.614694e-02	-5.926975e+00
2.281000e-05	-1.518951e-02	-6.009704e+00
2.282000e-05	-7.921492e-03	-6.034463e+00
2.283000e-05	-3.627218e-03	-6.096446e+00
2.284000e-05	-1.334604e-02	-6.179755e+00
2.285000e-05	-1.869592e-02	-6.243338e+00
2.286000e-05	-6.203860e-03	-6.335547e+00
2.287000e-05	-5.991954e-03	-6.368152e+00
2.288000e-05	-1.132666e-02	-6.431180e+00
2.289000e-05	-1.845205e-02	-6.453292e+00
2.290000e-05	-8.228618e-03	-6.495517e+00
2.291000e-05	-8.052464e-03	-6.538102e+00
2.292000e-05	-1.188858e-02	-6.572204e+00
2.293000e-05	-1.878603e-02	-6.623309e+00
2.294000e-05	-1.084740e-02	-6.674393e+00
2.295000e-05	-5.773960e-03	-6.706050e+00
2.296000e-05	-1.279030e-02	-6.768054e+00
2.297000e-05	-1.678241e-02	-6.801705e+00
2.298000e-05	-1.374807e-02	-6.824414e+00
2.299000e-05	-5.676203e-03	-6.886016e+00
2.300000e-05	-1.487174e-02	-6.897675e+00
2.301000e-05	-1.743434e-02	-6.940278e+00
2.302000e-05	-1.548255e-02	-7.012416e+00
2.303000e-05	-8.414797e-03	-7.064923e+00
2.304000e-05	-1.290649e-02	-7.137079e+00
2.305000e-05	-1.820139e-02	-7.199654e+00
2.306000e-05	-1.443151e-02	-7.231833e+00
2.307000e-05	-1.045031e-02	-7.244337e+00
2.308000e-05	-1.339890e-02	-7.273313e+00
2.309000e-05	-2.010880e-02	-7.313942e+00
2.310000e-05	-1.666384e-02	-7.336551e+00
2.311000e-05	-1.262601e-02	-7.359079e+00
2.312000e-05	-1.486306e-02	-7.351679e+00
2.313000e-05	-1.927358e-02	-7.431734e+00
2.314000e-05	-1.602079e-02	-7.464418e+00
2.315000e-05	-1.344270e-02	-7.462992e+00
2.316000e-05	-1.694891e-02	-7.517972e+00
2.317000e-05	-1.994688e-02	-7.508101e+00
2.318000e-05	-1.784006e-02	-7.547725e+00
2.319000e-05	-1.569461e-02	-7.639807e+00
2.320000e-05	-1.831738e-02	-7.582810e+00
2.321000e-05	-2.118966e-02	-7.651942e+00
2.322000e-05	-2.010328e-02	-7.664966e+00
2.323000e-05	-1.776405e-02	-7.686572e+00
2.324000e-05	-1.936578e-02	-7.726572e+00
2.325000e-05	-2.193781e-02	-7.760180e+00
2.326000e-05	-2.096450e-02	-7.780280e+00
2.327000e-05	-1.987119e-02	-7.780758e+00
2.328000e-05	-2.137278e-02	-7.781837e+00
2.329000e-05	-2.418393e-02	-7.821312e+00
2.330000e-05	-2.421002e-02	-7.851862e+00
2.331000e-05	-2.219346e-02	-7.864917e+00
2.332000e-05	-2.437385e-02	-7.926470e+00
2.333000e-05	-2.542776e-02	-7.885071e+00
2.334000e-05	-2.634073e-02	-7.907025e+00
2.335000e-05	-2.537010e-02	-7.918071e+00
2.336000e-05	-2.598909e-02	-7.937624e+00
2.337000e-05	-2.840946e-02	-7.979105e+00
2.338000e-05	-2.843211e-02	-7.998125e+00
2.339000e-05	-2.901544e-02	-7.969679e+00
2.340000e-05	-2.956257e-02	-7.990178e+00
2.341000e-05	-3.135733e-02	-8.001201e+00
2.342000e-05	-3.196650e-02	-8.010204e+00
2.343000e-05	-3.232942e-02	-8.020179e+00
2.344000e-05	-3.342150e-02	-8.009654e+00
2.345000e-05	-3.422428e-02	-7.992231e+00
2.346000e-05	-3.578644e-02	-7.982229e+00
2.347000e-05	-3.455588e-02	-8.009158e+00
2.348000e-05	-3.707052e-02	-7.970128e+00
2.349000e-05	-3.815322e-02	-7.961180e+00
2.350000e-05	-3.831010e-02	-7.991105e+00
2.351000e-05	-3.901516e-02	-7.999079e+00
2.352000e-05	-3.902746e-02	-7.961703e+00
2.353000e-05	-3.963424e-02	-7.938155e+00
2.354000e-05	-3.885229e-02	-7.990099e+00
2.355000e-05	-3.883781e-02	-7.888523e+00
2.356000e-05	-3.801905e-02	-7.946949e+00
2.357000e-05	-3.849114e-02	-7.897526e+00
2.358000e-05	-3.794679e-02	-7.912991e+00
2.359000e-05	-3.789280e-02	-7.845889e+00
2.360000e-05	-3.669725e-02	-7.925416e+00
2.361000e-05	-3.742751e-02	-7.861937e+00
2.362000e-05	-3.661643e-02	-7.841787e+00
2.363000e-05	-3.529240e-02	-7.840237e+00
2.364000e-05	-3.424500e-02	-7.769706e+00
2.365000e-05	-3.207375e-02	-7.749673e+00
2.366000e-05	-3.271879e-02	-7.739649e+00
2.367000e-05	-3.027046e-02	-7.726066e+00
2.368000e-05	-3.015128e-02	-7.715518e+00
2.369000e-05	-2.973753e-02	-7.633495e+00
2.370000e-05	-3.042259e-02	-7.652282e+00
2.371000e-05	-2.834305e-02	-7.571333e+00
2.372000e-05	-2.742001e-02	-7.519129e+00
2.373000e-05	-2.556807e-02	-7.540603e+00
2.374000e-05	-2.593687e-02	-7.528048e+00
2.375000e-05	-2.472679e-02	-7.483922e+00
2.376000e-05	-2.400873e-02	-7.432814e+00
2.377000e-05	-2.299439e-02	-7.412332e+00
2.378000e-05	-2.290219e-02	-7.410679e+00
2.379000e-05	-2.195154e-02	-7.398679e+00
2.380000e-05	-2.089780e-02	-7.359046e+00
2.381000e-05	-2.081677e-02	-7.296994e+00
2.382000e-05	-2.109977e-02	-7.265890e+00
2.383000e-05	-2.111410e-02	-7.243816e+00
2.384000e-05	-1.976837e-02	-7.241233e+00
2.385000e-05	-1.815203e-02	-7.241653e+00
2.386000e-05	-1.797470e-02	-7.150653e+00
2.387000e-05	-1.783198e-02	-7.116070e+00
2.388000e-05	-1.742916e-02	-7.065736e+00
2.389000e-05	-1.622818e-02	-7.013829e+00
2.390000e-05	-1.765609e-02	-6.992600e+00
2.391000e-05	-1.784842e-02	-6.947651e+00
2.392000e-05	-1.643701e-02	-6.905493e+00
2.393000e-05	-1.582252e-02	-6.862207e+00
2.394000e-05	-1.463601e-02	-6.781579e+00
2.395000e-05	-1.534101e-02	-6.758053e+00
2.396000e-05	-1.313378e-02	-6.715895e+00
2.397000e-05	-1.305128e-02	-6.644837e+00
2.398000e-05	-1.426183e-02	-6.632709e+00
2.399000e-05	-1.400421e-02	-6.570105e+00
2.400000e-05	-1.388243e-02	-6.577470e+00
2.401000e-05	-1.288191e-02	-6.475818e+00
2.402000e-05	-1.207098e-02	-6.483812e+00
2.403000e-05	-1.392558e-02	-6.401154e+00
2.404000e-05	-1.243112e-02	-6.351074e+00
2.405000e-05	-1.205998e-02	-6.277465e+00
2.406000e-05	-1.216444e-02	-6.214761e+00
2.407000e-05	-1.310832e-02	-6.191082e+00
2.408000e-05	-1.150288e-02	-6.124521e+00
2.409000e-05	-9.833670e-03	-6.051684e+00
2.410000e-05	-1.061723e-02	-6.022208e+00
2.411000e-05	-1.179662e-02	-5.938474e+00
2.412000e-05	-1.136540e-02	-5.905840e+00
2.413000e-05	-1.039096e-02	-5.832257e+00
2.414000e-05	-1.131949e-02	-5.808124e+00
2.415000e-05	-1.172605e-02	-5.747471e+00
2.416000e-05	-1.038914e-02	-5.663737e+00
2.417000e-05	-8.735526e-03	-5.640753e+00
2.418000e-05	-9.039797e-03	-5.559599e+00
2.419000e-05	-9.925703e-03	-5.508371e+00
2.420000e-05	-1.047485e-02	-5.421633e+00
2.421000e-05	-8.843274e-03	-5.338599e+00
2.422000e-05	-9.224012e-03	-5.253788e+00
2.423000e-05	-9.893007e-03	-5.170631e+00
2.424000e-05	-9.920504e-03	-5.126417e+00
2.425000e-05	-8.581630e-03	-5.052733e+00
2.426000e-05	-7.954646e-03	-4.970068e+00
2.427000e-05	-7.836401e-03	-4.916346e+00
2.428000e-05	-9.321346e-03	-4.750978e+00
2.429000e-05	-6.985937e-03	-4.676320e+00
2.430000e-05	-9.372561e-03	-4.643687e+00
2.431000e-05	-8.662550e-03	-4.601495e+00
2.432000e-05	-9.397551e-03	-4.515840e+00
2.433000e-05	-7.689319e-03	-4.464263e+00
2.434000e-05	-5.912168e-03	-4.420575e+00
2.435000e-05	-7.576577e-03	-4.399399e+00
2.436000e-05	-6.217204e-03	-4.305790e+00
2.437000e-05	-8.468762e-03	-4.223079e+00
2.438000e-05	-6.247835e-03	-4.198525e+00
2.439000e-05	-9.059859e-03	-4.096761e+00
2.440000e-05	-7.451479e-03	-4.021081e+00
2.441000e-05	-8.174031e-03	-3.978422e+00
2.442000e-05	-5.100645e-03	-3.856212e+00
2.443000e-05	-6.533801e-03	-3.810574e+00
2.444000e-05	-6.463731e-03	-3.694264e+00
2.445000e-05	-6.860557e-03	-3.601578e+00
2.446000e-05	-6.402638e-03	-3.559419e+00
2.447000e-05	-6.074114e-03	-3.494312e+00
2.448000e-05	-7.977588e-03	-3.422102e+00
2.449000e-05	-5.266800e-03	-3.339396e+00
2.450000e-05	-7.428490e-03	-3.223661e+00
2.451000e-05	-4.184358e-03	-3.190999e+00
2.452000e-05	-7.959132e-03	-3.134342e+00
2.453000e-05	-5.041629e-03	-3.011581e+00
2.454000e-05	-7.482181e-03	-2.917316e+00
2.455000e-05	-4.960203e-03	-2.803003e+00
2.456000e-05	-6.827297e-03	-2.787942e+00
2.457000e-05	-5.501229e-03	-2.696289e+00
2.458000e-05	-5.997651e-03	-2.651602e+00
2.459000e-05	-5.273065e-03	-2.526765e+00
2.460000e-05	-5.491907e-03	-2.463083e+00
2.461000e-05	-6.849574e-03	-2.400999e+00
2.462000e-05	-4.953354e-03	-2.336818e+00
2.463000e-05	-6.141011e-03	-2.250602e+00
2.464000e-05	-4.460462e-03	-2.114762e+00
2.465000e-05	-7.802937e-03	-2.011000e+00
2.466000e-05	-5.145438e-03	-1.937369e+00
2.467000e-05	-5.530966e-03	-1.854610e+00
2.468000e-05	-4.618252e-03	-1.791425e+00
2.469000e-05	-5.803383e-03	-1.697292e+00
2.470000e-05	-4.446447e-03	-1.642578e+00
2.471000e-05	-4.317212e-03	-1.578921e+00
2.472000e-05	-5.673418e-03	-1.516185e+00
2.473000e-05	-6.118085e-03	-1.358842e+00
2.474000e-05	-5.577853e-03	-1.232084e+00
2.475000e-05	-4.496112e-03	-1.166872e+00
2.476000e-05	-4.854589e-03	-1.082034e+00
2.477000e-05	-4.209940e-03	-9.904250e-01
2.478000e-05	-4.756220e-03	-9.547157e-01
2.479000e-05	-3.100082e-03	-8.020252e-01
2.480000e-05	-4.678099e-03	-7.579486e-01
2.481000e-05	-4.331668e-03	-6.946105e-01
2.482000e-05	-6.042256e-03	-5.387401e-01
2.483000e-05	-3.710603e-03	-4.526053e-01
2.484000e-05	-4.316718e-03	-3.693737e-01
2.485000e-05	-4.288922e-03	-3.157659e-01
2.486000e-05	-4.417488e-03	-2.620526e-01
2.487000e-05	-3.181418e-03	-2.205001e-01
2.488000e-05	-2.498606e-03	1.100000e-02
2.489000e-05	-1.955917e-03	-4.000138e-02
2.490000e-05	2.330322e-03	4.013389e-02
2.491000e-05	4.102742e-04	1.884235e-01
2.492000e-05	-6.488061e-04	2.443157e-01
2.493000e-05	-2.118219e-03	3.574461e-01
2.494000e-05	-1.028174e-03	4.305775e-01
2.495000e-05	6.615243e-04	4.733342e-01
2.496000e-05	7.595201e-03	6.079459e-01
2.497000e-05	2.338031e-02	6.822818e-01
2.498000e-05	3.065992e-02	7.779476e-01
2.499000e-05	-1.032020e-02	8.042303e-01
2.500000e-05	-4.974236e-02	9.665773e-01
2.501000e-05	-5.265401e-02	1.072262e+00
2.502000e-05	-7.667353e-03	1.178923e+00
2.503000e-05	6.656352e-02	1.232231e+00
2.504000e-05	-2.057819e-02	1.286942e+00
2.505000e-05	-4.442649e-02	1.430599e+00
2.506000e-05	6.895282e-02	1.574550e+00
2.507000e-05	9.757654e-03	1.612308e+00
2.508000e-05	-1.906364e-02	1.745843e+00
2.509000e-05	-1.964778e-03	1.738930e+00
2.510000e-05	-4.448062e-02	1.863288e+00
2.511000e-05	1.062316e-02	1.937395e+00
2.512000e-05	6.730268e-02	2.009102e+00
2.513000e-05	-2.742880e-02	2.084789e+00
2.514000e-05	-3.053641e-02	2.147475e+00
2.515000e-05	1.488003e-02	2.241204e+00
2.516000e-05	1.532725e-02	2.314346e+00
2.517000e-05	-1.132666e-03	2.398501e+00
2.518000e-05	-4.032790e-02	2.452288e+00
2.519000e-05	1.518202e-02	2.587075e+00
2.520000e-05	4.589683e-02	2.634366e+00
2.521000e-05	-6.341920e-03	2.749079e+00
2.522000e-05	-3.774596e-02	2.841685e+00
2.523000e-05	-1.097543e-03	2.894368e+00
2.524000e-05	2.947454e-02	2.950554e+00
2.525000e-05	-3.928754e-03	3.064312e+00
2.526000e-05	-1.848220e-02	3.157019e+00
2.527000e-05	1.154222e-02	3.188576e+00
2.528000e-05	1.384036e-02	3.241732e+00
2.529000e-05	3.238737e-03	3.315951e+00
2.530000e-05	-1.706443e-02	3.422865e+00
2.531000e-05	-4.483159e-03	3.547998e+00
2.532000e-05	1.900621e-02	3.610630e+00
2.533000e-05	3.227792e-03	3.674890e+00
2.534000e-05	-8.225900e-03	3.757552e+00
2.535000e-05	-2.875234e-03	3.792209e+00
2.536000e-05	1.112385e-02	3.905918e+00
2.537000e-05	1.864085e-03	3.938024e+00
2.538000e-05	-6.607612e-03	4.062255e+00
2.539000e-05	2.533531e-03	4.097415e+00
2.540000e-05	9.470596e-03	4.202806e+00
2.541000e-05	4.809925e-03	4.265944e+00
2.542000e-05	-5.042047e-03	4.400053e+00
2.543000e-05	-2.870434e-03	4.442737e+00
2.544000e-05	9.379310e-03	4.514841e+00
2.545000e-05	3.017064e-03	4.528630e+00
2.546000e-05	-2.044738e-03	4.631784e+00
2.547000e-05	-2.505514e-04	4.664895e+00
2.548000e-05	1.137976e-02	4.756648e+00
2.549000e-05	3.102887e-03	4.833334e+00
2.550000e-05	-4.198878e-03	4.897516e+00
2.551000e-05	1.468353e-03	5.013717e+00
2.552000e-05	8.382546e-03	5.075522e+00
2.553000e-05	6.333553e-03	5.170729e+00
2.554000e-05	-3.018387e-03	5.233790e+00
2.555000e-05	3.936745e-03	5.297522e+00
2.556000e-05	8.559111e-03	5.388053e+00
2.557000e-05	6.657487e-03	5.453910e+00
2.558000e-05	-2.663021e-03	5.536395e+00
2.559000e-05	2.753145e-03	5.577621e+00
2.560000e-05	8.540207e-03	5.631232e+00
2.561000e-05	7.960257e-03	5.643872e+00
2.562000e-05	-6.596102e-04	5.767552e+00
2.563000e-05	2.103681e-03	5.842862e+00
2.564000e-05	8.776225e-03	5.906448e+00
2.565000e-05	7.506902e-03	5.948101e+00
2.566000e-05	6.023019e-04	6.012134e+00
2.567000e-05	3.162791e-03	6.054314e+00
2.568000e-05	9.789002e-03	6.114995e+00
2.569000e-05	9.522136e-03	6.157552e+00
2.570000e-05	2.376648e-03	6.221679e+00
2.571000e-05	2.787024e-03	6.223415e+00
2.572000e-05	8.998123e-03	6.316467e+00
2.573000e-05	9.201784e-03	6.357504e+00
2.574000e-05	2.498207e-03	6.410803e+00
2.575000e-05	2.921975e-03	6.453367e+00
2.576000e-05	8.902295e-03	6.467441e+00
2.577000e-05	9.838322e-03	6.579648e+00
2.578000e-05	5.212787e-03	6.582261e+00
2.579000e-05	3.412978e-03	6.623367e+00
2.580000e-05	9.291232e-03	6.694017e+00
2.581000e-05	1.064172e-02	6.758124e+00
2.582000e-05	5.605597e-03	6.810730e+00
2.583000e-05	3.555281e-03	6.824235e+00
2.584000e-05	9.526004e-03	6.862791e+00
2.585000e-05	1.060536e-02	6.897067e+00
2.586000e-05	7.151053e-03	6.907576e+00
2.587000e-05	4.932148e-03	6.958658e+00
2.588000e-05	1.030660e-02	7.041784e+00
2.589000e-05	1.185809e-02	7.075288e+00
2.590000e-05	8.493428e-03	7.104042e+00
2.591000e-05	6.775066e-03	7.139099e+00
2.592000e-05	9.474996e-03	7.198703e+00
2.593000e-05	1.238591e-02	7.190752e+00
2.594000e-05	8.656574e-03	7.243888e+00
2.595000e-05	8.029220e-03	7.242867e+00
2.596000e-05	1.095368e-02	7.305119e+00
2.597000e-05	1.251590e-02	7.348628e+00
2.598000e-05	1.100898e-02	7.398727e+00
2.599000e-05	9.851919e-03	7.380334e+00
2.600000e-05	1.248428e-02	7.443492e+00
2.601000e-05	1.447414e-02	7.475522e+00
2.602000e-05	1.239019e-02	7.537977e+00
2.603000e-05	1.083803e-02	7.559154e+00
2.604000e-05	1.184289e-02	7.599108e+00
2.605000e-05	1.380569e-02	7.581710e+00
2.606000e-05	1.344579e-02	7.611212e+00
2.607000e-05	1.290198e-02	7.613339e+00
2.608000e-05	1.414134e-02	7.674622e+00
2.609000e-05	1.841154e-02	7.677967e+00
2.610000e-05	1.547261e-02	7.685975e+00
2.611000e-05	1.472641e-02	7.767604e+00
2.612000e-05	1.378771e-02	7.760078e+00
2.613000e-05	1.939171e-02	7.809232e+00
2.614000e-05	1.762846e-02	7.839233e+00
2.615000e-05	1.730879e-02	7.792758e+00
2.616000e-05	1.725369e-02	7.852409e+00
2.617000e-05	1.901572e-02	7.873261e+00
2.618000e-05	2.060912e-02	7.826368e+00
2.619000e-05	1.827100e-02	7.863445e+00
2.620000e-05	2.085299e-02	7.885516e+00
2.621000e-05	2.176553e-02	7.863888e+00
2.622000e-05	2.584639e-02	7.907445e+00
2.623000e-05	2.265162e-02	7.915595e+00
2.624000e-05	2.410835e-02	7.876523e+00
2.625000e-05	2.350632e-02	7.926525e+00
2.626000e-05	2.578716e-02	7.887973e+00
2.627000e-05	2.576285e-02	7.947100e+00
2.628000e-05	2.554278e-02	7.911029e+00
2.629000e-05	2.912371e-02	7.967124e+00
2.630000e-05	3.113092e-02	7.929496e+00
2.631000e-05	3.197909e-02	7.947608e+00
2.632000e-05	3.000796e-02	7.949051e+00
2.633000e-05	3.163045e-02	7.908026e+00
2.634000e-05	3.171199e-02	7.927123e+00
2.635000e-05	3.332921e-02	7.957925e+00
2.636000e-05	3.063931e-02	7.937551e+00
2.637000e-05	3.390567e-02	7.947972e+00
2.638000e-05	3.341888e-02	7.917029e+00
2.639000e-05	3.648048e-02	7.916996e+00
2.640000e-05	3.361509e-02	7.894524e+00
2.641000e-05	3.554465e-02	7.864493e+00
2.642000e-05	3.245986e-02	7.873369e+00
2.643000e-05	3.230961e-02	7.845340e+00
2.644000e-05	3.106892e-02	7.850363e+00
2.645000e-05	2.988357e-02	7.812838e+00
2.646000e-05	3.072934e-02	7.823233e+00
2.647000e-05	2.863731e-02	7.800131e+00
2.648000e-05	2.995778e-02	7.771704e+00
2.649000e-05	2.802478e-02	7.747534e+00
2.650000e-05	2.845619e-02	7.787551e+00
2.651000e-05	2.636885e-02	7.698069e+00
2.652000e-05	2.589503e-02	7.733920e+00
2.653000e-05	2.407149e-02	7.654843e+00
2.654000e-05	2.287034e-02	7.662188e+00
2.655000e-05	2.132726e-02	7.631207e+00
2.656000e-05	2.180273e-02	7.580205e+00
2.657000e-05	2.202021e-02	7.580051e+00
2.658000e-05	2.062483e-02	7.527520e+00
2.659000e-05	2.069992e-02	7.505442e+00
2.660000e-05	2.000923e-02	7.474341e+00
2.661000e-05	1.922090e-02	7.422937e+00
2.662000e-05	1.630022e-02	7.411128e+00
2.663000e-05	1.669003e-02	7.347073e+00
2.664000e-05	1.545955e-02	7.316445e+00
2.665000e-05	1.626191e-02	7.314291e+00
2.666000e-05	1.308268e-02	7.242786e+00
2.667000e-05	1.510577e-02	7.222131e+00
2.668000e-05	1.363185e-02	7.170024e+00
2.669000e-05	1.468148e-02	7.117496e+00
2.670000e-05	1.299150e-02	7.106894e+00
2.671000e-05	1.223795e-02	7.095912e+00
2.672000e-05	1.082758e-02	7.042762e+00
2.673000e-05	1.155298e-02	7.040208e+00
2.674000e-05	1.040720e-02	6.949578e+00
2.675000e-05	1.011083e-02	6.917549e+00
2.676000e-05	9.041897e-03	6.874319e+00
2.677000e-05	1.083607e-02	6.862186e+00
2.678000e-05	9.717631e-03	6.820634e+00
2.679000e-05	9.005415e-03	6.810050e+00
2.680000e-05	8.583145e-03	6.719920e+00
2.681000e-05	9.480142e-03	6.664787e+00
2.682000e-05	9.227948e-03	6.611233e+00
2.683000e-05	6.317735e-03	6.559077e+00
2.684000e-05	7.226993e-03	6.535422e+00
2.685000e-05	7.241127e-03	6.485312e+00
2.686000e-05	6.497524e-03	6.390583e+00
2.687000e-05	6.455484e-03	6.339575e+00
2.688000e-05	5.951126e-03	6.325867e+00
2.689000e-05	7.310259e-03	6.284337e+00
2.690000e-05	6.837655e-03	6.202678e+00
2.691000e-05	5.422877e-03	6.179503e+00
2.692000e-05	5.418176e-03	6.106873e+00
2.693000e-05	5.596655e-03	6.085265e+00
2.694000e-05	5.471745e-03	6.052729e+00
2.695000e-05	2.881204e-03	5.990553e+00
2.696000e-05	4.961084e-03	5.958921e+00
2.697000e-05	4.741302e-03	5.904690e+00
2.698000e-05	4.893964e-03	5.769207e+00
2.699000e-05	4.313794e-03	5.726925e+00
2.700000e-05	4.267084e-03	5.631613e+00
2.701000e-05	4.972107e-03	5.580480e+00
2.702000e-05	3.902424e-03	5.548873e+00
2.703000e-05	4.037503e-03	5.505812e+00
2.704000e-05	3.288217e-03	5.413079e+00
2.705000e-05	2.713611e-03	5.388500e+00
2.706000e-05	3.610778e-03	5.316795e+00
2.707000e-05	2.560081e-03	5.253704e+00
2.708000e-05	2.932431e-03	5.169503e+00
2.709000e-05	2.686126e-03	5.104236e+00
2.710000e-05	3.763506e-03	5.019578e+00
2.711000e-05	4.100308e-03	4.916771e+00
2.712000e-05	1.929364e-03	4.801686e+00
2.713000e-05	1.920667e-03	4.748446e+00
2.714000e-05	2.176310e-03	4.684767e+00
2.715000e-05	1.978386e-03	4.640106e+00
2.716000e-05	1.244736e-03	4.590400e+00
2.717000e-05	7.941781e-04	4.496336e+00
2.718000e-05	1.627870e-03	4.461083e+00
2.719000e-05	3.024105e-03	4.370449e+00
2.720000e-05	-8.460222e-04	4.325371e+00
2.721000e-05	2.190947e-03	4.212106e+00
2.722000e-05	-5.184476e-05	4.117891e+00
2.723000e-05	4.028857e-03	4.022653e+00
2.724000e-05	7.781929e-04	3.960000e+00
2.725000e-05	7.626096e-04	3.917366e+00
2.726000e-05	2.440551e-04	3.853180e+00
2.727000e-05	-6.039585e-04	3.768422e+00
2.728000e-05	-5.986975e-04	3.695213e+00
2.729000e-05	-2.780042e-03	3.611605e+00
2.730000e-05	1.574569e-03	3.599950e+00
2.731000e-05	1.269386e-03	3.496761e+00
2.732000e-05	3.579108e-03	3.401128e+00
2.733000e-05	-2.670224e-04	3.325245e+00
2.734000e-05	9.793027e-04	3.221050e+00
2.735000e-05	-3.363620e-03	3.147368e+00
2.736000e-05	-2.565895e-03	3.094186e+00
2.737000e-05	-3.681899e-03	3.002104e+00
2.738000e-05	-4.275192e-04	2.917345e+00
2.739000e-05	1.991630e-04	2.892657e+00
2.740000e-05	3.024028e-04	2.801450e+00
2.741000e-05	1.454905e-03	2.727941e+00
2.742000e-05	-5.959747e-04	2.663031e+00
2.743000e-05	-1.288450e-03	2.498217e+00
2.744000e-05	-3.534231e-03	2.433505e+00
2.745000e-05	-1.907844e-03	2.388891e+00
2.746000e-05	-3.758258e-03	2.274632e+00
2.747000e-05	-1.012593e-03	2.181101e+00
2.748000e-05	-2.103739e-03	2.096766e+00
2.749000e-05	4.051270e-05	2.032559e+00
2.750000e-05	-1.502455e-03	2.009024e+00
2.751000e-05	-2.107371e-04	1.937246e+00
2.752000e-05	-1.816211e-03	1.831582e+00
2.753000e-05	-2.892108e-03	1.755267e+00
2.754000e-05	-3.071357e-03	1.705118e+00
2.755000e-05	-2.921338e-03	1.567995e+00
2.756000e-05	-2.264645e-03	1.485633e+00
2.757000e-05	-3.289915e-03	1.389367e+00
2.758000e-05	-1.441142e-03	1.293187e+00
2.759000e-05	-2.438204e-03	1.210448e+00
2.760000e-05	-4.371624e-04	1.136662e+00
2.761000e-05	-3.489451e-03	1.028821e+00
2.762000e-05	-2.213654e-03	8.515854e-01
2.763000e-05	-3.697458e-03	7.889475e-01
2.764000e-05	-3.132392e-03	7.467896e-01
2.765000e-05	-3.357632e-03	6.619805e-01
2.766000e-05	-3.602942e-03	5.668161e-01
2.767000e-05	-3.272224e-03	4.850594e-01
2.768000e-05	-4.052894e-03	4.309726e-01
2.769000e-05	-2.399111e-03	3.479424e-01
2.770000e-05	-2.753965e-03	2.615780e-01
2.771000e-05	-2.393416e-03	1.481670e-01
2.772000e-05	-3.992170e-03	1.052514e-02
2.773000e-05	-2.180764e-03	-4.072883e-02
2.774000e-05	-1.374313e-03	-1.253968e-01
2.775000e-05	1.881204e-04	-1.800263e-01
2.776000e-05	-2.058807e-03	-2.532628e-01
2.777000e-05	-1.549424e-03	-3.369433e-01
2.778000e-05	-2.931139e-03	-4.015287e-01
2.779000e-05	-2.663360e-03	-4.327603e-01
2.780000e-05	4.365692e-03	-5.171436e-01
2.781000e-05	1.611924e-02	-6.953090e-01
2.782000e-05	4.379877e-02	-7.685247e-01
2.783000e-05	7.101748e-03	-8.828340e-01
2.784000e-05	-5.759992e-02	-9.600762e-01
2.785000e-05	-7.233801e-02	-1.094338e+00
2.786000e-05	-2.755548e-02	-1.118393e+00
2.787000e-05	8.286508e-02	-1.146992e+00
2.788000e-05	-1.528681e-02	-1.253016e+00
2.789000e-05	-3.785288e-02	-1.419280e+00
2.790000e-05	7.333715e-02	-1.523813e+00
2.791000e-05	-8.775293e-03	-1.579702e+00
2.792000e-05	-3.126949e-02	-1.694863e+00
2.793000e-05	1.870739e-02	-1.716920e+00
2.794000e-05	-6.397454e-02	-1.781254e+00
2.795000e-05	-1.520623e-02	-1.886442e+00
2.796000e-05	8.734451e-02	-1.998523e+00
2.797000e-05	-3.718043e-02	-2.040784e+00
2.798000e-05	-3.659369e-02	-2.085317e+00
2.799000e-05	2.578768e-02	-2.202358e+00
2.800000e-05	-9.362647e-04	-2.337999e+00
2.801000e-05	1.231963e-02	-2.429656e+00
2.802000e-05	-5.848990e-02	-2.486414e+00
2.803000e-05	4.128264e-03	-2.579105e+00
2.804000e-05	7.333588e-02	-2.644310e+00
2.805000e-05	-4.236486e-02	-2.735546e+00
2.806000e-05	-4.390431e-02	-2.780030e+00
2.807000e-05	1.662840e-03	-2.894963e+00
2.808000e-05	2.490469e-02	-2.997813e+00
2.809000e-05	1.862449e-03	-3.085416e+00
2.810000e-05	-5.276535e-02	-3.167575e+00
2.811000e-05	2.775048e-02	-3.203259e+00
2.812000e-05	2.012548e-02	-3.306469e+00
2.813000e-05	-2.676276e-02	-3.410583e+00
2.814000e-05	-1.963895e-02	-3.422834e+00
2.815000e-05	-1.608735e-02	-3.517422e+00
2.816000e-05	3.470953e-02	-3.590155e+00
2.817000e-05	-1.302516e-02	-3.673889e+00
2.818000e-05	-2.920799e-02	-3.708227e+00
2.819000e-05	8.685723e-03	-3.853440e+00
2.820000e-05	-7.971610e-04	-3.969523e+00
2.821000e-05	1.497402e-03	-4.041732e+00
2.822000e-05	-3.175571e-02	-4.084314e+00
2.823000e-05	1.186437e-03	-4.146524e+00
2.824000e-05	1.417279e-02	-4.222233e+00
2.825000e-05	-1.269775e-02	-4.284342e+00
2.826000e-05	-1.432483e-02	-4.326995e+00
2.827000e-05	-1.962157e-02	-4.398156e+00
2.828000e-05	1.583432e-02	-4.465288e+00
2.829000e-05	-9.724193e-03	-4.497000e+00
2.830000e-05	-1.977511e-02	-4.622255e+00
2.831000e-05	-5.600281e-03	-4.664314e+00
2.832000e-05	4.008531e-03	-4.759029e+00
2.833000e-05	-1.947758e-04	-4.751308e+00
2.834000e-05	-2.731091e-02	-4.854443e+00
2.835000e-05	-6.173231e-03	-4.977629e+00
2.836000e-05	1.496915e-03	-5.024338e+00
2.837000e-05	-4.159375e-03	-5.115418e+00
2.838000e-05	-1.870585e-02	-5.167201e+00
2.839000e-05	-1.178150e-02	-5.253361e+00
2.840000e-05	6.988557e-03	-5.336655e+00
2.841000e-05	-9.614330e-03	-5.442814e+00
2.842000e-05	-1.599461e-02	-5.484550e+00
2.843000e-05	-1.279255e-02	-5.548706e+00
2.844000e-05	2.156959e-03	-5.643209e+00
2.845000e-05	-7.588630e-03	-5.676043e+00
2.846000e-05	-1.882944e-02	-5.728574e+00
2.847000e-05	-1.248041e-02	-5.769181e+00
2.848000e-05	-2.359407e-03	-5.863316e+00
2.849000e-05	-4.672853e-03	-5.907518e+00
2.850000e-05	-1.993898e-02	-5.960127e+00
2.851000e-05	-1.042598e-02	-6.012184e+00
2.852000e-05	-4.418349e-03	-6.074967e+00
2.853000e-05	-4.759785e-03	-6.099525e+00
2.854000e-05	-1.813040e-02	-6.190213e+00
2.855000e-05	-1.366459e-02	-6.223442e+00
2.856000e-05	-5.858321e-03	-6.318547e+00
2.857000e-05	-8.365966e-03	-6.380229e+00
2.858000e-05	-1.578862e-02	-6.432312e+00
2.859000e-05	-1.523791e-02	-6.473390e+00
2.860000e-05	-4.682774e-03	-6.497095e+00
2.861000e-05	-7.792081e-03	-6.558055e+00
2.862000e-05	-1.483044e-02	-6.601733e+00
2.863000e-05	-1.739625e-02	-6.652864e+00
2.864000e-05	-6.365393e-03	-6.694971e+00
2.865000e-05	-9.534702e-03	-6.758045e+00
2.866000e-05	-1.629144e-02	-6.779128e+00
2.867000e-05	-1.847006e-02	-6.789708e+00
2.868000e-05	-9.647451e-03	-6.852939e+00
2.869000e-05	-9.140535e-03	-6.887574e+00
2.870000e-05	-1.689012e-02	-6.947648e+00
2.871000e-05	-1.603683e-02	-7.001335e+00
2.872000e-05	-1.084784e-02	-7.044843e+00
2.873000e-05	-9.124788e-03	-7.096497e+00
2.874000e-05	-1.727887e-02	-7.168627e+00
2.875000e-05	-1.810090e-02	-7.178205e+00
2.876000e-05	-1.255240e-02	-7.222783e+00
2.877000e-05	-1.177830e-02	-7.243437e+00
2.878000e-05	-1.788517e-02	-7.264944e+00
2.879000e-05	-1.803111e-02	-7.276495e+00
2.880000e-05	-1.327813e-02	-7.348002e+00
2.881000e-05	-1.270525e-02	-7.369730e+00
2.882000e-05	-1.703364e-02	-7.431284e+00
2.883000e-05	-1.932912e-02	-7.464460e+00
2.884000e-05	-1.398732e-02	-7.434866e+00
2.885000e-05	-1.409268e-02	-7.456416e+00
2.886000e-05	-1.893825e-02	-7.517597e+00
2.887000e-05	-2.178608e-02	-7.527675e+00
2.888000e-05	-1.734738e-02	-7.560180e+00
2.889000e-05	-1.553751e-02	-7.561759e+00
2.890000e-05	-1.953197e-02	-7.622388e+00
2.891000e-05	-2.059730e-02	-7.684915e+00
2.892000e-05	-1.807492e-02	-7.675521e+00
2.893000e-05	-1.627452e-02	-7.687527e+00
2.894000e-05	-2.105243e-02	-7.727674e+00
2.895000e-05	-2.372700e-02	-7.758706e+00
2.896000e-05	-2.103859e-02	-7.790260e+00
2.897000e-05	-1.979806e-02	-7.760912e+00
2.898000e-05	-2.265823e-02	-7.831784e+00
2.899000e-05	-2.557535e-02	-7.792789e+00
2.900000e-05	-2.130692e-02	-7.853517e+00
2.901000e-05	-2.386637e-02	-7.885448e+00
2.902000e-05	-2.284293e-02	-7.906996e+00
2.903000e-05	-2.710455e-02	-7.905120e+00
2.904000e-05	-2.456469e-02	-7.896423e+00
2.905000e-05	-2.307278e-02	-7.935576e+00
2.906000e-05	-2.657744e-02	-7.918601e+00
2.907000e-05	-2.780758e-02	-7.989654e+00
2.908000e-05	-3.188686e-02	-7.968555e+00
2.909000e-05	-2.749815e-02	-7.968653e+00
2.910000e-05	-3.171173e-02	-7.970153e+00
2.911000e-05	-3.046121e-02	-7.980229e+00
2.912000e-05	-3.243804e-02	-7.980675e+00
2.913000e-05	-2.858483e-02	-8.002129e+00
2.914000e-05	-3.102675e-02	-8.021205e+00
2.915000e-05	-3.478509e-02	-8.000757e+00
2.916000e-05	-3.834021e-02	-7.972128e+00
2.917000e-05	-3.793514e-02	-8.002206e+00
2.918000e-05	-3.769891e-02	-8.000183e+00
2.919000e-05	-3.982633e-02	-8.001151e+00
2.920000e-05	-3.891128e-02	-7.990105e+00
2.921000e-05	-3.780221e-02	-7.987651e+00
2.922000e-05	-3.658441e-02	-7.978127e+00
2.923000e-05	-3.956184e-02	-7.946625e+00
2.924000e-05	-3.915543e-02	-7.977950e+00
2.925000e-05	-4.001271e-02	-7.969002e+00
2.926000e-05	-3.859014e-02	-7.938049e+00
2.927000e-05	-3.968984e-02	-7.908393e+00
2.928000e-05	-4.006348e-02	-7.905018e+00
2.929000e-05	-3.889379e-02	-7.856344e+00
2.930000e-05	-3.723259e-02	-7.815868e+00
2.931000e-05	-3.494419e-02	-7.822864e+00
2.932000e-05	-3.530936e-02	-7.812263e+00
2.933000e-05	-3.323707e-02	-7.800683e+00
2.934000e-05	-3.275369e-02	-7.778208e+00
2.935000e-05	-3.244286e-02	-7.739150e+00
2.936000e-05	-3.346118e-02	-7.737172e+00
2.937000e-05	-3.329434e-02	-7.695599e+00
2.938000e-05	-3.191694e-02	-7.664415e+00
2.939000e-05	-2.924307e-02	-7.643839e+00
2.940000e-05	-2.936435e-02	-7.653288e+00
2.941000e-05	-2.660043e-02	-7.622360e+00
2.942000e-05	-2.495321e-02	-7.541657e+00
2.943000e-05	-2.558885e-02	-7.519126e+00
2.944000e-05	-2.483604e-02	-7.506494e+00
2.945000e-05	-2.646731e-02	-7.463366e+00
2.946000e-05	-2.394240e-02	-7.443814e+00
2.947000e-05	-2.382866e-02	-7.443258e+00
2.948000e-05	-2.371582e-02	-7.369672e+00
2.949000e-05	-2.211384e-02	-7.358502e+00
2.950000e-05	-2.095755e-02	-7.378018e+00
2.951000e-05	-1.936026e-02	-7.286946e+00
2.952000e-05	-2.056000e-02	-7.274919e+00
2.953000e-05	-1.952280e-02	-7.263763e+00
2.954000e-05	-1.889961e-02	-7.233707e+00
2.955000e-05	-1.870210e-02	-7.200555e+00
2.956000e-05	-1.911649e-02	-7.189523e+00
2.957000e-05	-1.873054e-02	-7.108020e+00
2.958000e-05	-1.848103e-02	-7.075416e+00
2.959000e-05	-1.694266e-02	-7.031713e+00
2.960000e-05	-1.683933e-02	-6.948052e+00
2.961000e-05	-1.499106e-02	-6.916573e+00
2.962000e-05	-1.535693e-02	-6.863342e+00
2.963000e-05	-1.485837e-02	-6.853760e+00
2.964000e-05	-1.508176e-02	-6.779125e+00
2.965000e-05	-1.494897e-02	-6.759471e+00
2.966000e-05	-1.449909e-02	-6.705396e+00
2.967000e-05	-1.495916e-02	-6.644286e+00
2.968000e-05	-1.362158e-02	-6.639757e+00
2.969000e-05	-1.275954e-02	-6.599605e+00
2.970000e-05	-1.262068e-02	-6.558925e+00
2.971000e-05	-1.205962e-02	-6.485815e+00
2.972000e-05	-1.326361e-02	-6.460709e+00
2.973000e-05	-1.087778e-02	-6.402676e+00
2.974000e-05	-1.224246e-02	-6.340021e+00
2.975000e-05	-1.192401e-02	-6.335366e+00
2.976000e-05	-1.201966e-02	-6.190657e+00
2.977000e-05	-1.191557e-02	-6.128647e+00
2.978000e-05	-1.196232e-02	-6.085941e+00
2.979000e-05	-1.253479e-02	-6.064284e+00
2.980000e-05	-1.141922e-02	-6.010078e+00
2.981000e-05	-1.080725e-02	-5.938421e+00
2.982000e-05	-1.047817e-02	-5.933793e+00
2.983000e-05	-8.795866e-03	-5.842208e+00
2.984000e-05	-1.012672e-02	-5.780600e+00
2.985000e-05	-9.947951e-03	-5.737869e+00
2.986000e-05	-1.200685e-02	-5.633741e+00
2.987000e-05	-9.871205e-03	-5.611079e+00
2.988000e-05	-1.072702e-02	-5.557452e+00
2.989000e-05	-9.108341e-03	-5.462315e+00
2.990000e-05	-9.742814e-03	-5.381253e+00
2.991000e-05	-9.198815e-03	-5.275520e+00
2.992000e-05	-9.237585e-03	-5.212282e+00
2.993000e-05	-8.809398e-03	-5.189948e+00
2.994000e-05	-8.668678e-03	-5.085791e+00
2.995000e-05	-8.847454e-03	-5.022659e+00
2.996000e-05	-9.292999e-03	-4.968970e+00
2.997000e-05	-9.010319e-03	-4.885161e+00
2.998000e-05	-8.800774e-03	-4.768608e+00
2.999000e-05	-9.120140e-03	-4.684438e+00
3.000000e-05	-9.479155e-03	-4.633188e+00
3.001000e-05	-7.841536e-03	-4.539949e+00
3.002000e-05	-7.019507e-03	-4.536318e+00
3.003000e-05	-6.979430e-03	-4.442707e+00
3.004000e-05	-7.565257e-03	-4.410098e+00
3.005000e-05	-7.669989e-03	-4.367895e+00
3.006000e-05	-7.018709e-03	-4.324261e+00
3.007000e-05	-7.736655e-03	-4.221077e+00
3.008000e-05	-9.458930e-03	-4.167893e+00
3.009000e-05	-8.448830e-03	-4.074287e+00
3.010000e-05	-6.589382e-03	-4.012556e+00
3.011000e-05	-6.457200e-03	-3.953869e+00
3.012000e-05	-6.357470e-03	-3.883236e+00
3.013000e-05	-6.459380e-03	-3.759451e+00
3.014000e-05	-5.577854e-03	-3.652731e+00
3.015000e-05	-7.053099e-03	-3.569029e+00
3.016000e-05	-7.336109e-03	-3.557866e+00
3.017000e-05	-6.343439e-03	-3.454258e+00
3.018000e-05	-7.274133e-03	-3.399049e+00
3.019000e-05	-7.104920e-03	-3.305312e+00
3.020000e-05	-6.604352e-03	-3.251008e+00
3.021000e-05	-5.531541e-03	-3.178922e+00
3.022000e-05	-5.111270e-03	-3.125812e+00
3.023000e-05	-5.660122e-03	-3.019454e+00
3.024000e-05	-5.891911e-03	-2.845682e+00
3.025000e-05	-5.302016e-03	-2.821005e+00
3.026000e-05	-5.730632e-03	-2.758870e+00
3.027000e-05	-6.295284e-03	-2.674282e+00
3.028000e-05	-6.583625e-03	-2.589820e+00
3.029000e-05	-6.070215e-03	-2.515765e+00
3.030000e-05	-5.669905e-03	-2.430600e+00
3.031000e-05	-5.295930e-03	-2.379421e+00
3.032000e-05	-4.504632e-03	-2.293187e+00
3.033000e-05	-4.798442e-03	-2.209399e+00
3.034000e-05	-4.601954e-03	-2.033136e+00
3.035000e-05	-4.394639e-03	-2.010950e+00
3.036000e-05	-5.021144e-03	-1.918316e+00
3.037000e-05	-6.054138e-03	-1.852107e+00
3.038000e-05	-6.069830e-03	-1.798892e+00
3.039000e-05	-5.226531e-03	-1.684632e+00
3.040000e-05	-5.742616e-03	-1.611380e+00
3.041000e-05	-5.234909e-03	-1.557871e+00
3.042000e-05	-5.578911e-03	-1.471125e+00
3.043000e-05	-3.933378e-03	-1.315741e+00
3.044000e-05	-3.043565e-03	-1.208978e+00
3.045000e-05	-5.053587e-03	-1.125740e+00
3.046000e-05	-4.740555e-03	-1.032578e+00
3.047000e-05	-4.796541e-03	-9.968696e-01
3.048000e-05	-4.835547e-03	-8.932067e-01
3.049000e-05	-5.591023e-03	-8.204762e-01
3.050000e-05	-6.002828e-03	-7.678411e-01
3.051000e-05	-3.960129e-03	-6.620255e-01
3.052000e-05	-2.221335e-03	-5.261597e-01
3.053000e-05	-3.956811e-03	-4.405015e-01
3.054000e-05	-4.335304e-03	-3.584174e-01
3.055000e-05	-3.500425e-03	-2.846568e-01
3.056000e-05	-4.479479e-03	-2.404976e-01
3.057000e-05	-4.503708e-03	-1.258170e-01
3.058000e-05	-4.729123e-03	-9.305434e-02
3.059000e-05	-7.691843e-04	2.955382e-02
3.060000e-05	2.476668e-03	9.425934e-02
3.061000e-05	4.416000e-04	2.000248e-01
3.062000e-05	-1.977200e-03	3.148918e-01
3.063000e-05	-4.579159e-04	3.980013e-01
3.064000e-05	-1.108110e-03	4.217064e-01
3.065000e-05	2.413893e-03	5.258409e-01
3.066000e-05	9.691546e-03	6.300026e-01
3.067000e-05	3.102911e-02	6.957881e-01
3.068000e-05	2.030699e-02	8.296512e-01
3.069000e-05	-3.118183e-02	9.033456e-01
3.070000e-05	-5.253871e-02	9.996500e-01
3.071000e-05	-4.895899e-02	1.135790e+00
3.072000e-05	2.507131e-02	1.200050e+00
3.073000e-05	6.290629e-02	1.264259e+00
3.074000e-05	-6.174190e-02	1.317922e+00
3.075000e-05	5.219750e-04	1.432134e+00
3.076000e-05	7.279762e-02	1.580129e+00
3.077000e-05	-2.341496e-02	1.714186e+00
3.078000e-05	-6.181361e-03	1.747821e+00
3.079000e-05	-1.366327e-02	1.813181e+00
3.080000e-05	-4.745354e-02	1.915288e+00
3.081000e-05	4.983844e-02	1.958422e+00
3.082000e-05	4.214811e-02	2.031679e+00
3.083000e-05	-4.667828e-02	2.085343e+00
3.084000e-05	-7.678104e-03	2.159125e+00
3.085000e-05	1.685140e-02	2.272709e+00
3.086000e-05	1.678897e-02	2.337499e+00
3.087000e-05	-2.168946e-02	2.370652e+00
3.088000e-05	-3.098672e-02	2.504814e+00
3.089000e-05	3.851937e-02	2.591229e+00
3.090000e-05	2.995812e-02	2.685868e+00
3.091000e-05	-2.308422e-02	2.780127e+00
3.092000e-05	-2.715661e-02	2.882158e+00
3.093000e-05	1.535267e-02	2.906921e+00
3.094000e-05	2.483034e-02	2.971105e+00
3.095000e-05	-1.641523e-02	3.084868e+00
3.096000e-05	-1.071089e-02	3.158525e+00
3.097000e-05	1.561984e-02	3.220104e+00
3.098000e-05	1.047541e-02	3.243236e+00
3.099000e-05	-4.008367e-03	3.360079e+00
3.100000e-05	-1.846766e-02	3.504447e+00
3.101000e-05	7.918031e-03	3.569053e+00
3.102000e-05	1.643231e-02	3.642105e+00
3.103000e-05	-1.668437e-03	3.715966e+00
3.104000e-05	-8.046361e-03	3.809606e+00
3.105000e-05	2.584613e-03	3.864342e+00
3.106000e-05	1.247714e-02	3.905396e+00
3.107000e-05	-3.301271e-03	3.979175e+00
3.108000e-05	-7.984605e-03	4.032737e+00
3.109000e-05	5.451008e-03	4.155973e+00
3.110000e-05	1.023408e-02	4.241364e+00
3.111000e-05	2.978370e-03	4.307544e+00
3.112000e-05	-8.279550e-03	4.369629e+00
3.113000e-05	2.310634e-03	4.453762e+00
3.114000e-05	1.006382e-02	4.516472e+00
3.115000e-05	1.126775e-03	4.600606e+00
3.116000e-05	-2.546132e-03	4.663833e+00
3.117000e-05	3.218168e-03	4.737049e+00
3.118000e-05	1.244739e-02	4.780129e+00
3.119000e-05	-4.502577e-04	4.853837e+00
3.120000e-05	-4.463109e-03	4.947732e+00
3.121000e-05	3.175853e-03	5.022790e+00
3.122000e-05	1.071447e-02	5.148599e+00
3.123000e-05	2.401250e-03	5.250257e+00
3.124000e-05	-2.418552e-03	5.254868e+00
3.125000e-05	5.067541e-03	5.338123e+00
3.126000e-05	9.672815e-03	5.411681e+00
3.127000e-05	3.050450e-03	5.433742e+00
3.128000e-05	-3.796527e-03	5.517570e+00
3.129000e-05	4.531497e-03	5.607183e+00
3.130000e-05	8.339966e-03	5.612760e+00
3.131000e-05	4.339532e-03	5.675417e+00
3.132000e-05	-3.444943e-04	5.759101e+00
3.133000e-05	4.305699e-03	5.813884e+00
3.134000e-05	1.006342e-02	5.946445e+00
3.135000e-05	5.904553e-03	5.959675e+00
3.136000e-05	9.739162e-05	6.043683e+00
3.137000e-05	5.022960e-03	6.074838e+00
3.138000e-05	8.796651e-03	6.086572e+00
3.139000e-05	6.242863e-03	6.180051e+00
3.140000e-05	9.643100e-04	6.211233e+00
3.141000e-05	4.504347e-03	6.285389e+00
3.142000e-05	9.100752e-03	6.317520e+00
3.143000e-05	8.214292e-03	6.369101e+00
3.144000e-05	3.197986e-03	6.390760e+00
3.145000e-05	4.773054e-03	6.465337e+00
3.146000e-05	9.565937e-03	6.516547e+00
3.147000e-05	8.546971e-03	6.518225e+00
3.148000e-05	4.310586e-03	6.633314e+00
3.149000e-05	5.320106e-03	6.693943e+00
3.150000e-05	8.753576e-03	6.686973e+00
3.151000e-05	9.291323e-03	6.768100e+00
3.152000e-05	6.197686e-03	6.820133e+00
3.153000e-05	6.791438e-03	6.854288e+00
3.154000e-05	9.537266e-03	6.854442e+00
3.155000e-05	1.116343e-02	6.906620e+00
3.156000e-05	8.114985e-03	6.959151e+00
3.157000e-05	6.992636e-03	6.980708e+00
3.158000e-05	9.377764e-03	7.011259e+00
3.159000e-05	1.030302e-02	7.084363e+00
3.160000e-05	8.015566e-03	7.115469e+00
3.161000e-05	7.412418e-03	7.128653e+00
3.162000e-05	1.098040e-02	7.199134e+00
3.163000e-05	1.156895e-02	7.192781e+00
3.164000e-05	1.026250e-02	7.204360e+00
3.165000e-05	1.060928e-02	7.286390e+00
3.166000e-05	1.205872e-02	7.277548e+00
3.167000e-05	1.218359e-02	7.339779e+00
3.168000e-05	1.110611e-02	7.379283e+00
3.169000e-05	1.085578e-02	7.441341e+00
3.170000e-05	1.182652e-02	7.493937e+00
3.171000e-05	1.283829e-02	7.498950e+00
3.172000e-05	1.243239e-02	7.555672e+00
3.173000e-05	1.259247e-02	7.538130e+00
3.174000e-05	1.368711e-02	7.591708e+00
3.175000e-05	1.471977e-02	7.620709e+00
3.176000e-05	1.430911e-02	7.634793e+00
3.177000e-05	1.470671e-02	7.675895e+00
3.178000e-05	1.468436e-02	7.703488e+00
3.179000e-05	1.514387e-02	7.715922e+00
3.180000e-05	1.519450e-02	7.739549e+00
3.181000e-05	1.536512e-02	7.738550e+00
3.182000e-05	1.606076e-02	7.760778e+00
3.183000e-05	1.752919e-02	7.829210e+00
3.184000e-05	1.835175e-02	7.822159e+00
3.185000e-05	1.979405e-02	7.813310e+00
3.186000e-05	1.949836e-02	7.831388e+00
3.187000e-05	1.991524e-02	7.854862e+00
3.188000e-05	1.912405e-02	7.855844e+00
3.189000e-05	1.998761e-02	7.864893e+00
3.190000e-05	1.949931e-02	7.915495e+00
3.191000e-05	2.134972e-02	7.925497e+00
3.192000e-05	2.165416e-02	7.935022e+00
3.193000e-05	2.407252e-02	7.883999e+00
3.194000e-05	2.486109e-02	7.997547e+00
3.195000e-05	2.542637e-02	7.908472e+00
3.196000e-05	2.610431e-02	7.917049e+00
3.197000e-05	2.671535e-02	7.878649e+00
3.198000e-05	2.700643e-02	8.000023e+00
3.199000e-05	2.707525e-02	7.960104e+00
3.200000e-05	2.818060e-02	7.967124e+00
3.201000e-05	3.019120e-02	7.917574e+00
3.202000e-05	3.163557e-02	7.976551e+00
3.203000e-05	3.200090e-02	7.936626e+00
3.204000e-05	3.290638e-02	7.957946e+00
3.205000e-05	3.359137e-02	7.928102e+00
3.206000e-05	3.414289e-02	7.937103e+00
3.207000e-05	3.396364e-02	7.926900e+00
3.208000e-05	3.351945e-02	7.916516e+00
3.209000e-05	3.264637e-02	7.894500e+00
3.210000e-05	3.355512e-02	7.836390e+00
3.211000e-05	3.312959e-02	7.886488e+00
3.212000e-05	3.279819e-02	7.890942e+00
3.213000e-05	3.202770e-02	7.853841e+00
3.214000e-05	3.282453e-02	7.821209e+00
3.215000e-05	3.176493e-02	7.813732e+00
3.216000e-05	3.081865e-02	7.791310e+00
3.217000e-05	2.950463e-02	7.760186e+00
3.218000e-05	2.835990e-02	7.769631e+00
3.219000e-05	2.741880e-02	7.715974e+00
3.220000e-05	2.681524e-02	7.707474e+00
3.221000e-05	2.505888e-02	7.704866e+00
3.222000e-05	2.521953e-02	7.664842e+00
3.223000e-05	2.420985e-02	7.642842e+00
3.224000e-05	2.390177e-02	7.613234e+00
3.225000e-05	2.288398e-02	7.650661e+00
3.226000e-05	2.255812e-02	7.592127e+00
3.227000e-05	2.222145e-02	7.558575e+00
3.228000e-05	2.066845e-02	7.499499e+00
3.229000e-05	1.875602e-02	7.486375e+00
3.230000e-05	1.839206e-02	7.451815e+00
3.231000e-05	1.833790e-02	7.402210e+00
3.232000e-05	1.700679e-02	7.359679e+00
3.233000e-05	1.684676e-02	7.309072e+00
3.234000e-05	1.692056e-02	7.285370e+00
3.235000e-05	1.700729e-02	7.264865e+00
3.236000e-05	1.622082e-02	7.222663e+00
3.237000e-05	1.444395e-02	7.192656e+00
3.238000e-05	1.327415e-02	7.159620e+00
3.239000e-05	1.330259e-02	7.100522e+00
3.240000e-05	1.195449e-02	7.115840e+00
3.241000e-05	1.149823e-02	7.072366e+00
3.242000e-05	1.087995e-02	6.993679e+00
3.243000e-05	1.150543e-02	6.980031e+00
3.244000e-05	1.213067e-02	6.939000e+00
3.245000e-05	1.097082e-02	6.916921e+00
3.246000e-05	1.011553e-02	6.894315e+00
3.247000e-05	1.057769e-02	6.862730e+00
3.248000e-05	9.376610e-03	6.831182e+00
3.249000e-05	8.904541e-03	6.769053e+00
3.250000e-05	7.135357e-03	6.717896e+00
3.251000e-05	7.733983e-03	6.666236e+00
3.252000e-05	8.810142e-03	6.619079e+00
3.253000e-05	6.402141e-03	6.557099e+00
3.254000e-05	6.908966e-03	6.485841e+00
3.255000e-05	6.859056e-03	6.442181e+00
3.256000e-05	8.901546e-03	6.389107e+00
3.257000e-05	6.458526e-03	6.338923e+00
3.258000e-05	5.285329e-03	6.305419e+00
3.259000e-05	4.104652e-03	6.253237e+00
3.260000e-05	5.577393e-03	6.212081e+00
3.261000e-05	4.472210e-03	6.168948e+00
3.262000e-05	3.793061e-03	6.105894e+00
3.263000e-05	4.784120e-03	6.073262e+00
3.264000e-05	6.441197e-03	6.041651e+00
3.265000e-05	4.687105e-03	5.949955e+00
3.266000e-05	4.512666e-03	5.916393e+00
3.267000e-05	4.111411e-03	5.823762e+00
3.268000e-05	5.598264e-03	5.771002e+00
3.269000e-05	3.655788e-03	5.685897e+00
3.270000e-05	2.276453e-03	5.623162e+00
3.271000e-05	2.201959e-03	5.559601e+00
3.272000e-05	3.278409e-03	5.528294e+00
3.273000e-05	4.943624e-03	5.504159e+00
3.274000e-05	3.383602e-03	5.441628e+00
3.275000e-05	2.462003e-03	5.349399e+00
3.276000e-05	4.556293e-03	5.274814e+00
3.277000e-05	4.660201e-03	5.212058e+00
3.278000e-05	2.229554e-03	5.115970e+00
3.279000e-05	1.414132e-03	5.043186e+00
3.280000e-05	2.244750e-03	4.988398e+00
3.281000e-05	3.164861e-03	4.865290e+00
3.282000e-05	1.347572e-03	4.780552e+00
3.283000e-05	1.462513e-03	4.706842e+00
3.284000e-05	2.891627e-03	4.683213e+00
3.285000e-05	3.533847e-03	4.611104e+00
3.286000e-05	1.895623e-03	4.588371e+00
3.287000e-05	1.766779e-03	4.465288e+00
3.288000e-05	2.881738e-03	4.452130e+00
3.289000e-05	1.766409e-03	4.417919e+00
3.290000e-05	-1.318084e-04	4.284762e+00
3.291000e-05	5.036558e-04	4.200529e+00
3.292000e-05	7.398099e-04	4.105867e+00
3.293000e-05	2.057317e-03	4.042027e+00
3.294000e-05	3.882634e-04	3.958321e+00
3.295000e-05	1.526075e-03	3.905715e+00
3.296000e-05	4.320371e-04	3.830130e+00
3.297000e-05	2.283589e-03	3.767319e+00
3.298000e-05	4.547258e-04	3.664234e+00
3.299000e-05	-8.454876e-04	3.631003e+00
3.300000e-05	-5.579533e-04	3.569423e+00
3.301000e-05	4.572271e-04	3.494157e+00
3.302000e-05	-1.319522e-03	3.339350e+00
3.303000e-05	-6.280801e-04	3.294682e+00
3.304000e-05	4.894714e-04	3.189549e+00
3.305000e-05	2.554106e-04	3.126341e+00
3.306000e-05	4.113896e-04	3.063161e+00
3.307000e-05	-3.785522e-04	2.998973e+00
3.308000e-05	-3.168688e-04	2.884762e+00
3.309000e-05	-7.105663e-04	2.831583e+00
3.310000e-05	-1.392914e-03	2.799475e+00
3.311000e-05	-2.055131e-03	2.738313e+00
3.312000e-05	-2.391247e-03	2.610478e+00
3.313000e-05	-8.655785e-04	2.495110e+00
3.314000e-05	-1.205299e-03	2.410974e+00
3.315000e-05	-1.615032e-03	2.336216e+00
3.316000e-05	-1.123760e-03	2.253057e+00
3.317000e-05	-7.459424e-04	2.190344e+00
3.318000e-05	-1.971071e-03	2.084788e+00
3.319000e-05	-2.605709e-03	2.021107e+00
3.320000e-05	-2.839459e-03	1.968395e+00
3.321000e-05	-2.178072e-03	1.896788e+00
3.322000e-05	-2.669361e-03	1.810551e+00
3.323000e-05	-3.260602e-03	1.725664e+00
3.324000e-05	-7.628713e-04	1.593559e+00
3.325000e-05	-1.473281e-03	1.546815e+00
3.326000e-05	-3.407821e-03	1.411985e+00
3.327000e-05	-2.519988e-03	1.378320e+00
3.328000e-05	-1.837591e-03	1.232531e+00
3.329000e-05	-2.152297e-03	1.189375e+00
3.330000e-05	-3.975120e-03	1.075603e+00
3.331000e-05	-3.582594e-03	9.647661e-01
3.332000e-05	-2.709671e-03	8.324530e-01
3.333000e-05	-2.950422e-03	7.884237e-01
3.334000e-05	-3.879346e-03	7.361081e-01
3.335000e-05	-2.226427e-03	6.508750e-01
3.336000e-05	-2.493883e-03	5.461647e-01
3.337000e-05	-1.714238e-03	4.420803e-01
3.338000e-05	-4.167297e-03	3.993937e-01
3.339000e-05	-3.306966e-03	3.056847e-01
3.340000e-05	-3.532985e-03	1.809512e-01
3.341000e-05	-3.542724e-03	9.616179e-02
3.342000e-05	-5.331501e-03	1.952244e-02
3.343000e-05	-2.435160e-03	-8.380764e-02
3.344000e-05	5.078177e-04	-1.664197e-01
3.345000e-05	1.255411e-03	-2.121051e-01
3.346000e-05	-1.799060e-03	-2.728653e-01
3.347000e-05	-2.755084e-03	-3.785236e-01
3.348000e-05	-1.944179e-03	-4.115525e-01
3.349000e-05	-1.695754e-03	-5.347381e-01
3.350000e-05	5.678214e-03	-6.013075e-01
3.351000e-05	2.925354e-02	-7.159908e-01
3.352000e-05	4.016017e-02	-8.200775e-01
3.353000e-05	-1.877956e-02	-8.953917e-01
3.354000e-05	-6.132529e-02	-1.002331e+00
3.355000e-05	-6.756382e-02	-1.086368e+00
3.356000e-05	2.084329e-02	-1.135947e+00
3.357000e-05	8.740702e-02	-1.189675e+00
3.358000e-05	-4.703743e-02	-1.326073e+00
3.359000e-05	-2.714173e-03	-1.453684e+00
3.360000e-05	7.482673e-02	-1.506494e+00
3.361000e-05	-4.831155e-02	-1.600256e+00
3.362000e-05	-6.555376e-03	-1.734416e+00
3.363000e-05	3.262704e-03	-1.767995e+00
3.364000e-05	-8.123449e-02	-1.852783e+00
3.365000e-05	3.967533e-02	-1.917421e+00
3.366000e-05	5.038208e-02	-2.020053e+00
3.367000e-05	-6.431205e-02	-2.063282e+00
3.368000e-05	1.387629e-03	-2.106616e+00
3.369000e-05	1.305042e-02	-2.253443e+00
3.370000e-05	2.355155e-03	-2.389050e+00
3.371000e-05	-9.732946e-03	-2.432653e+00
3.372000e-05	-6.230252e-02	-2.526043e+00
3.373000e-05	5.599271e-02	-2.621179e+00
3.374000e-05	3.579070e-02	-2.674865e+00
3.375000e-05	-6.393751e-02	-2.758999e+00
3.376000e-05	-1.736586e-02	-2.811131e+00
3.377000e-05	6.980400e-03	-2.917992e+00
3.378000e-05	2.929602e-02	-3.062736e+00
3.379000e-05	-2.685162e-02	-3.125472e+00
3.380000e-05	-3.528468e-02	-3.191128e+00
3.381000e-05	4.535105e-02	-3.274364e+00
3.382000e-05	-7.822725e-03	-3.317621e+00
3.383000e-05	-2.140743e-02	-3.400656e+00
3.384000e-05	-2.502161e-02	-3.474414e+00
3.385000e-05	2.933324e-03	-3.548074e+00
3.386000e-05	3.041186e-02	-3.631101e+00
3.387000e-05	-3.273616e-02	-3.724488e+00
3.388000e-05	-1.023700e-02	-3.759304e+00
3.389000e-05	5.456071e-03	-3.871969e+00
3.390000e-05	7.919916e-04	-3.939675e+00
3.391000e-05	-1.077184e-02	-4.053232e+00
3.392000e-05	-3.350971e-02	-4.075892e+00
3.393000e-05	1.660280e-02	-4.158201e+00
3.394000e-05	1.907468e-03	-4.253784e+00
3.395000e-05	-1.111095e-02	-4.315943e+00
3.396000e-05	-1.848111e-02	-4.338577e+00
3.397000e-05	-7.496996e-03	-4.432604e+00
3.398000e-05	1.621684e-02	-4.506493e+00
3.399000e-05	-2.195695e-02	-4.537597e+00
3.400000e-05	-1.343102e-02	-4.591760e+00
3.401000e-05	-5.132537e-03	-4.675541e+00
3.402000e-05	6.644681e-03	-4.799651e+00
3.403000e-05	-1.143182e-02	-4.792362e+00
3.404000e-05	-2.544605e-02	-4.927517e+00
3.405000e-05	1.130597e-03	-4.972155e+00
3.406000e-05	4.309135e-04	-5.091262e+00
3.407000e-05	-7.316257e-03	-5.116098e+00
3.408000e-05	-2.108622e-02	-5.219755e+00
3.409000e-05	-2.911464e-03	-5.286918e+00
3.410000e-05	2.906544e-03	-5.378780e+00
3.411000e-05	-1.425183e-02	-5.444363e+00
3.412000e-05	-1.715604e-02	-5.506576e+00
3.413000e-05	-9.200448e-03	-5.560105e+00
3.414000e-05	2.847631e-03	-5.632309e+00
3.415000e-05	-1.253271e-02	-5.707040e+00
3.416000e-05	-1.450452e-02	-5.748072e+00
3.417000e-05	-9.754498e-03	-5.801207e+00
3.418000e-05	9.815321e-04	-5.875387e+00
3.419000e-05	-1.085171e-02	-5.956073e+00
3.420000e-05	-1.865892e-02	-5.988677e+00
3.421000e-05	-9.227124e-03	-6.012788e+00
3.422000e-05	-3.741739e-03	-6.094418e+00
3.423000e-05	-8.287486e-03	-6.149029e+00
3.424000e-05	-2.004112e-02	-6.223837e+00
3.425000e-05	-9.406716e-03	-6.284941e+00
3.426000e-05	-5.003365e-03	-6.348073e+00
3.427000e-05	-7.974953e-03	-6.391156e+00
3.428000e-05	-1.739812e-02	-6.442789e+00
3.429000e-05	-1.289931e-02	-6.484417e+00
3.430000e-05	-4.683771e-03	-6.527521e+00
3.431000e-05	-1.054732e-02	-6.598603e+00
3.432000e-05	-1.640285e-02	-6.632257e+00
3.433000e-05	-1.541477e-02	-6.663944e+00
3.434000e-05	-5.905515e-03	-6.674522e+00
3.435000e-05	-1.182406e-02	-6.717578e+00
3.436000e-05	-1.586634e-02	-6.768731e+00
3.437000e-05	-1.501641e-02	-6.851360e+00
3.438000e-05	-7.461608e-03	-6.854865e+00
3.439000e-05	-1.090396e-02	-6.906500e+00
3.440000e-05	-1.763635e-02	-6.929700e+00
3.441000e-05	-1.607355e-02	-7.001383e+00
3.442000e-05	-1.166136e-02	-7.043393e+00
3.443000e-05	-1.189069e-02	-7.117001e+00
3.444000e-05	-1.872955e-02	-7.170126e+00
3.445000e-05	-1.617072e-02	-7.211155e+00
3.446000e-05	-1.258596e-02	-7.222208e+00
3.447000e-05	-1.213818e-02	-7.264840e+00
3.448000e-05	-1.774045e-02	-7.266369e+00
3.449000e-05	-1.798165e-02	-7.296072e+00
3.450000e-05	-1.324647e-02	-7.348576e+00
3.451000e-05	-1.522815e-02	-7.389680e+00
3.452000e-05	-1.937386e-02	-7.381283e+00
3.453000e-05	-2.001747e-02	-7.461738e+00
3.454000e-05	-1.478753e-02	-7.475391e+00
3.455000e-05	-1.600727e-02	-7.504950e+00
3.456000e-05	-1.828142e-02	-7.566550e+00
3.457000e-05	-2.020875e-02	-7.590676e+00
3.458000e-05	-1.600257e-02	-7.580258e+00
3.459000e-05	-1.726278e-02	-7.611887e+00
3.460000e-05	-1.984531e-02	-7.674860e+00
3.461000e-05	-2.160562e-02	-7.644436e+00
3.462000e-05	-1.919218e-02	-7.696045e+00
3.463000e-05	-1.911258e-02	-7.696020e+00
3.464000e-05	-2.186667e-02	-7.747746e+00
3.465000e-05	-2.244592e-02	-7.740224e+00
3.466000e-05	-2.039171e-02	-7.771681e+00
3.467000e-05	-1.976826e-02	-7.839278e+00
3.468000e-05	-2.258167e-02	-7.840788e+00
3.469000e-05	-2.335441e-02	-7.903913e+00
3.470000e-05	-2.212061e-02	-7.863418e+00
3.471000e-05	-2.305403e-02	-7.905443e+00
3.472000e-05	-2.574084e-02	-7.905544e+00
3.473000e-05	-2.687261e-02	-7.885573e+00
3.474000e-05	-2.583563e-02	-7.948470e+00
3.475000e-05	-2.516662e-02	-7.938102e+00
3.476000e-05	-2.699869e-02	-7.959127e+00
3.477000e-05	-2.829095e-02	-7.959678e+00
3.478000e-05	-2.699253e-02	-7.959201e+00
3.479000e-05	-2.794920e-02	-8.001178e+00
3.480000e-05	-3.078690e-02	-8.011205e+00
3.481000e-05	-3.329805e-02	-7.989155e+00
3.482000e-05	-3.166042e-02	-8.011127e+00
3.483000e-05	-3.236854e-02	-7.990733e+00
3.484000e-05	-3.413033e-02	-8.000205e+00
3.485000e-05	-3.654062e-02	-7.971705e+00
3.486000e-05	-3.424425e-02	-8.001179e+00
3.487000e-05	-3.575729e-02	-8.011233e+00
3.488000e-05	-3.682651e-02	-8.030679e+00
3.489000e-05	-3.871590e-02	-7.999707e+00
3.490000e-05	-3.753849e-02	-8.000556e+00
3.491000e-05	-3.827227e-02	-8.009651e+00
3.492000e-05	-3.981352e-02	-7.931254e+00
3.493000e-05	-4.054140e-02	-7.959626e+00
3.494000e-05	-3.991784e-02	-7.909050e+00
3.495000e-05	-3.810151e-02	-7.948024e+00
3.496000e-05	-3.883674e-02	-7.916474e+00
3.497000e-05	-3.733558e-02	-7.937474e+00
3.498000e-05	-3.761573e-02	-7.885919e+00
3.499000e-05	-3.641875e-02	-7.906408e+00
3.500000e-05	-3.716897e-02	-7.873418e+00
3.501000e-05	-3.695101e-02	-7.833290e+00
3.502000e-05	-3.502849e-02	-7.791211e+00
3.503000e-05	-3.383722e-02	-7.782158e+00
3.504000e-05	-3.353546e-02	-7.758178e+00
3.505000e-05	-3.259822e-02	-7.727579e+00
3.506000e-05	-3.164292e-02	-7.665545e+00
3.507000e-05	-2.917196e-02	-7.697373e+00
3.508000e-05	-3.017445e-02	-7.653392e+00
3.509000e-05	-3.044490e-02	-7.653344e+00
3.510000e-05	-2.914113e-02	-7.652787e+00
3.511000e-05	-2.748308e-02	-7.581728e+00
3.512000e-05	-2.615986e-02	-7.560650e+00
3.513000e-05	-2.698012e-02	-7.527472e+00
3.514000e-05	-2.550896e-02	-7.524968e+00
3.515000e-05	-2.507039e-02	-7.473388e+00
3.516000e-05	-2.505914e-02	-7.463262e+00
3.517000e-05	-2.333312e-02	-7.411259e+00
3.518000e-05	-2.384986e-02	-7.429529e+00
3.519000e-05	-2.109579e-02	-7.329530e+00
3.520000e-05	-2.122019e-02	-7.327473e+00
3.521000e-05	-2.044705e-02	-7.294841e+00
3.522000e-05	-2.080445e-02	-7.283290e+00
3.523000e-05	-1.986757e-02	-7.262288e+00
3.524000e-05	-1.956730e-02	-7.230704e+00
3.525000e-05	-1.889103e-02	-7.180577e+00
3.526000e-05	-1.935784e-02	-7.159074e+00
3.527000e-05	-1.608980e-02	-7.086866e+00
3.528000e-05	-1.748391e-02	-7.094286e+00
3.529000e-05	-1.689050e-02	-7.000681e+00
3.530000e-05	-1.692676e-02	-6.907153e+00
3.531000e-05	-1.474551e-02	-6.925892e+00
3.532000e-05	-1.541412e-02	-6.893865e+00
3.533000e-05	-1.510880e-02	-6.832633e+00
3.534000e-05	-1.547521e-02	-6.760480e+00
3.535000e-05	-1.515830e-02	-6.758449e+00
3.536000e-05	-1.329486e-02	-6.686839e+00
3.537000e-05	-1.349016e-02	-6.633284e+00
3.538000e-05	-1.358811e-02	-6.620254e+00
3.539000e-05	-1.262825e-02	-6.548998e+00
3.540000e-05	-1.169606e-02	-6.535394e+00
3.541000e-05	-1.223756e-02	-6.484289e+00
3.542000e-05	-1.404734e-02	-6.432732e+00
3.543000e-05	-1.319579e-02	-6.400055e+00
3.544000e-05	-1.153476e-02	-6.328969e+00
3.545000e-05	-1.239001e-02	-6.274340e+00
3.546000e-05	-1.175659e-02	-6.240106e+00
3.547000e-05	-1.123785e-02	-6.147019e+00
3.548000e-05	-9.308342e-03	-6.083791e+00
3.549000e-05	-9.916535e-03	-6.012188e+00
3.550000e-05	-1.064720e-02	-5.959526e+00
3.551000e-05	-1.182596e-02	-5.937871e+00
3.552000e-05	-9.067085e-03	-5.853736e+00
3.553000e-05	-1.172721e-02	-5.862230e+00
3.554000e-05	-1.100501e-02	-5.748446e+00
3.555000e-05	-1.180712e-02	-5.704867e+00
3.556000e-05	-8.768481e-03	-5.683210e+00
3.557000e-05	-6.519931e-03	-5.581179e+00
3.558000e-05	-9.798818e-03	-5.526925e+00
3.559000e-05	-8.483416e-03	-5.484285e+00
3.560000e-05	-9.483799e-03	-5.370048e+00
3.561000e-05	-8.338423e-03	-5.294798e+00
3.562000e-05	-1.146863e-02	-5.210654e+00
3.563000e-05	-1.107416e-02	-5.147420e+00
3.564000e-05	-8.322390e-03	-5.104262e+00
3.565000e-05	-7.797859e-03	-4.962555e+00
3.566000e-05	-6.992233e-03	-4.944422e+00
3.567000e-05	-8.021047e-03	-4.781659e+00
3.568000e-05	-7.616189e-03	-4.767471e+00
3.569000e-05	-8.570868e-03	-4.664161e+00
3.570000e-05	-9.005938e-03	-4.621580e+00
3.571000e-05	-9.829263e-03	-4.567446e+00
3.572000e-05	-7.599311e-03	-4.484789e+00
3.573000e-05	-7.859547e-03	-4.411655e+00
3.574000e-05	-6.359253e-03	-4.379451e+00
3.575000e-05	-9.177576e-03	-4.326344e+00
3.576000e-05	-6.376009e-03	-4.304183e+00
3.577000e-05	-8.237210e-03	-4.201424e+00
3.578000e-05	-6.952403e-03	-4.127364e+00
3.579000e-05	-8.408406e-03	-4.032136e+00
3.580000e-05	-7.486653e-03	-3.979453e+00
3.581000e-05	-7.047254e-03	-3.946363e+00
3.582000e-05	-6.237940e-03	-3.831105e+00
3.583000e-05	-6.667858e-03	-3.745741e+00
3.584000e-05	-7.616662e-03	-3.623613e+00
3.585000e-05	-6.684141e-03	-3.547974e+00
3.586000e-05	-6.699890e-03	-3.526313e+00
3.587000e-05	-6.040750e-03	-3.431584e+00
3.588000e-05	-7.742329e-03	-3.368996e+00
3.589000e-05	-5.224915e-03	-3.285734e+00
3.590000e-05	-5.810639e-03	-3.212029e+00
3.591000e-05	-5.773245e-03	-3.157394e+00
3.592000e-05	-7.735959e-03	-3.063686e+00
3.593000e-05	-5.645578e-03	-2.927444e+00
3.594000e-05	-5.684315e-03	-2.872109e+00
3.595000e-05	-5.716237e-03	-2.809501e+00
3.596000e-05	-7.419733e-03	-2.685768e+00
3.597000e-05	-4.977055e-03	-2.643130e+00
3.598000e-05	-5.124006e-03	-2.589387e+00
3.599000e-05	-5.589449e-03	-2.463188e+00
3.600000e-05	-5.841070e-03	-2.421004e+00
3.601000e-05	-5.499914e-03	-2.388446e+00
3.602000e-05	-4.839478e-03	-2.253153e+00
3.603000e-05	-5.149709e-03	-2.146844e+00
3.604000e-05	-7.359622e-03	-2.053555e+00
3.605000e-05	-4.991994e-03	-1.969498e+00
3.606000e-05	-5.125750e-03	-1.885343e+00
3.607000e-05	-4.267817e-03	-1.820531e+00
3.608000e-05	-5.078264e-03	-1.758472e+00
3.609000e-05	-4.777861e-03	-1.702588e+00
3.610000e-05	-4.438111e-03	-1.611001e+00
3.611000e-05	-4.313060e-03	-1.537238e+00
3.612000e-05	-5.469772e-03	-1.409048e+00
3.613000e-05	-5.967177e-03	-1.263203e+00
3.614000e-05	-5.435320e-03	-1.178424e+00
3.615000e-05	-3.219474e-03	-1.135713e+00
3.616000e-05	-4.210594e-03	-1.010979e+00
3.617000e-05	-5.011530e-03	-9.392635e-01
3.618000e-05	-4.254339e-03	-8.640578e-01
3.619000e-05	-3.800208e-03	-7.889499e-01
3.620000e-05	-4.317777e-03	-6.948135e-01
3.621000e-05	-4.972517e-03	-5.779663e-01
3.622000e-05	-4.255617e-03	-4.741095e-01
3.623000e-05	-3.164216e-03	-4.009500e-01
3.624000e-05	-4.090037e-03	-3.487647e-01
3.625000e-05	-4.058788e-03	-2.426305e-01
3.626000e-05	-5.152518e-03	-1.979477e-01
3.627000e-05	-3.429322e-03	-1.057107e-01
3.628000e-05	-1.558212e-03	-3.150133e-02
3.629000e-05	1.167453e-03	3.210514e-02
3.630000e-05	2.390703e-04	9.446461e-02
3.631000e-05	-2.942150e-04	2.296340e-01
3.632000e-05	-8.292575e-04	3.283960e-01
3.633000e-05	-2.494963e-03	4.100776e-01
3.634000e-05	-1.971939e-03	4.747094e-01
3.635000e-05	4.497083e-03	5.174411e-01
3.636000e-05	1.673450e-02	6.402590e-01
3.637000e-05	3.355772e-02	7.269207e-01
3.638000e-05	6.624333e-03	7.916288e-01
3.639000e-05	-4.500310e-02	9.254472e-01
3.640000e-05	-5.063234e-02	1.054684e+00
3.641000e-05	-3.415781e-02	1.086471e+00
3.642000e-05	5.287211e-02	1.181598e+00
3.643000e-05	2.321091e-02	1.294391e+00
3.644000e-05	-6.902780e-02	1.407972e+00
3.645000e-05	4.327420e-02	1.525768e+00
3.646000e-05	4.579668e-02	1.620258e+00
3.647000e-05	-3.018384e-02	1.755865e+00
3.648000e-05	3.001327e-03	1.747996e+00
3.649000e-05	-3.300937e-02	1.842285e+00
3.650000e-05	-2.470210e-02	1.916447e+00
3.651000e-05	7.065952e-02	1.970025e+00
3.652000e-05	9.810005e-04	2.042259e+00
3.653000e-05	-4.540475e-02	2.115989e+00
3.654000e-05	6.323159e-03	2.229125e+00
3.655000e-05	1.427828e-02	2.276793e+00
3.656000e-05	1.268403e-02	2.338497e+00
3.657000e-05	-3.904482e-02	2.431159e+00
3.658000e-05	-7.404833e-03	2.536892e+00
3.659000e-05	5.010591e-02	2.611682e+00
3.660000e-05	1.073815e-02	2.716446e+00
3.661000e-05	-3.632994e-02	2.831105e+00
3.662000e-05	-1.207267e-02	2.863362e+00
3.663000e-05	2.637432e-02	2.918968e+00
3.664000e-05	1.052252e-02	3.020234e+00
3.665000e-05	-2.240907e-02	3.116945e+00
3.666000e-05	2.740238e-03	3.199024e+00
3.667000e-05	1.460063e-02	3.231654e+00
3.668000e-05	6.574174e-03	3.314968e+00
3.669000e-05	-1.144583e-02	3.390783e+00
3.670000e-05	-1.198603e-02	3.557447e+00
3.671000e-05	1.781751e-02	3.600105e+00
3.672000e-05	9.559954e-03	3.662811e+00
3.673000e-05	-4.972096e-03	3.718022e+00
3.674000e-05	-5.689145e-03	3.842658e+00
3.675000e-05	9.683885e-03	3.893891e+00
3.676000e-05	5.784946e-03	3.988525e+00
3.677000e-05	-7.452197e-03	4.000654e+00
3.678000e-05	-1.919862e-03	4.094516e+00
3.679000e-05	9.826220e-03	4.150629e+00
3.680000e-05	8.626961e-03	4.223289e+00
3.681000e-05	-8.254590e-04	4.388076e+00
3.682000e-05	-5.234950e-03	4.421682e+00
3.683000e-05	7.295869e-03	4.475362e+00
3.684000e-05	6.261183e-03	4.540049e+00
3.685000e-05	-2.250254e-03	4.602158e+00
3.686000e-05	-1.430340e-03	4.673871e+00
3.687000e-05	7.904329e-03	4.717527e+00
3.688000e-05	9.538115e-03	4.792105e+00
3.689000e-05	-4.088226e-03	4.865465e+00
3.690000e-05	3.578527e-04	4.979708e+00
3.691000e-05	6.341777e-03	5.056517e+00
3.692000e-05	1.012936e-02	5.168077e+00
3.693000e-05	-1.866778e-03	5.271813e+00
3.694000e-05	4.676684e-04	5.267516e+00
3.695000e-05	8.021925e-03	5.338177e+00
3.696000e-05	8.066248e-03	5.403732e+00
3.697000e-05	-5.455117e-04	5.485445e+00
3.698000e-05	-6.795192e-04	5.529024e+00
3.699000e-05	8.192660e-03	5.589731e+00
3.700000e-05	9.112654e-03	5.663891e+00
3.701000e-05	1.136640e-03	5.738049e+00
3.702000e-05	3.475014e-04	5.809682e+00
3.703000e-05	8.135533e-03	5.903368e+00
3.704000e-05	8.245060e-03	5.946527e+00
3.705000e-05	2.015972e-03	5.989583e+00
3.706000e-05	-3.864157e-04	6.083787e+00
3.707000e-05	8.573889e-03	6.084391e+00
3.708000e-05	7.387607e-03	6.117998e+00
3.709000e-05	4.849844e-03	6.200681e+00
3.710000e-05	1.305387e-03	6.273341e+00
3.711000e-05	8.037615e-03	6.285492e+00
3.712000e-05	9.158220e-03	6.346044e+00
3.713000e-05	4.601798e-03	6.390703e+00
3.714000e-05	2.253202e-03	6.443883e+00
3.715000e-05	7.146804e-03	6.487440e+00
3.716000e-05	9.484872e-03	6.496546e+00
3.717000e-05	6.173567e-03	6.568708e+00
3.718000e-05	2.311616e-03	6.642888e+00
3.719000e-05	8.151442e-03	6.707495e+00
3.720000e-05	1.058411e-02	6.717099e+00
3.721000e-05	8.016353e-03	6.778604e+00
3.722000e-05	3.726759e-03	6.813710e+00
3.723000e-05	8.599179e-03	6.863812e+00
3.724000e-05	1.151245e-02	6.895988e+00
3.725000e-05	7.513948e-03	6.956597e+00
3.726000e-05	3.810869e-03	6.949630e+00
3.727000e-05	9.465279e-03	7.010683e+00
3.728000e-05	1.242089e-02	7.053311e+00
3.729000e-05	1.058990e-02	7.075916e+00
3.730000e-05	5.753190e-03	7.096022e+00
3.731000e-05	1.015804e-02	7.189578e+00
3.732000e-05	1.215347e-02	7.180178e+00
3.733000e-05	1.059677e-02	7.191813e+00
3.734000e-05	7.449903e-03	7.264964e+00
3.735000e-05	9.281694e-03	7.316369e+00
3.736000e-05	1.395720e-02	7.358500e+00
3.737000e-05	1.185439e-02	7.347332e+00
3.738000e-05	9.839382e-03	7.372743e+00
3.739000e-05	1.125011e-02	7.421983e+00
3.740000e-05	1.448942e-02	7.455944e+00
3.741000e-05	1.354039e-02	7.523475e+00
3.742000e-05	1.115063e-02	7.558604e+00
3.743000e-05	1.263211e-02	7.600129e+00
3.744000e-05	1.511756e-02	7.610709e+00
3.745000e-05	1.495127e-02	7.632764e+00
3.746000e-05	1.204745e-02	7.633368e+00
3.747000e-05	1.425765e-02	7.694440e+00
3.748000e-05	1.719059e-02	7.705968e+00
3.749000e-05	1.650960e-02	7.697049e+00
3.750000e-05	1.498332e-02	7.699645e+00
3.751000e-05	1.528837e-02	7.738078e+00
3.752000e-05	1.927743e-02	7.778705e+00
3.753000e-05	1.778747e-02	7.809786e+00
3.754000e-05	1.697093e-02	7.750241e+00
3.755000e-05	1.729526e-02	7.830859e+00
3.756000e-05	2.049722e-02	7.844367e+00
3.757000e-05	2.000723e-02	7.865792e+00
3.758000e-05	1.991011e-02	7.892494e+00
3.759000e-05	2.062627e-02	7.894968e+00
3.760000e-05	2.202441e-02	7.858495e+00
3.761000e-05	2.354533e-02	7.916075e+00
3.762000e-05	2.161475e-02	7.895469e+00
3.763000e-05	2.261416e-02	7.916645e+00
3.764000e-05	2.442293e-02	7.914547e+00
3.765000e-05	2.511638e-02	7.936525e+00
3.766000e-05	2.538413e-02	7.919597e+00
3.767000e-05	2.597452e-02	7.918554e+00
3.768000e-05	2.782634e-02	7.977503e+00
3.769000e-05	2.821171e-02	7.929024e+00
3.770000e-05	2.985437e-02	7.956554e+00
3.771000e-05	3.003288e-02	7.956604e+00
3.772000e-05	3.266711e-02	7.969199e+00
3.773000e-05	3.202865e-02	7.939098e+00
3.774000e-05	3.233724e-02	7.928025e+00
3.775000e-05	3.123967e-02	7.887661e+00
3.776000e-05	3.262998e-02	7.917024e+00
3.777000e-05	3.283882e-02	7.888596e+00
3.778000e-05	3.390256e-02	7.926048e+00
3.779000e-05	3.341153e-02	7.875491e+00
3.780000e-05	3.357414e-02	7.945898e+00
3.781000e-05	3.328960e-02	7.904390e+00
3.782000e-05	3.342995e-02	7.834841e+00
3.783000e-05	3.069570e-02	7.833816e+00
3.784000e-05	3.064277e-02	7.903256e+00
3.785000e-05	3.011645e-02	7.801363e+00
3.786000e-05	2.981574e-02	7.810762e+00
3.787000e-05	2.931541e-02	7.770054e+00
3.788000e-05	2.782909e-02	7.741679e+00
3.789000e-05	2.768159e-02	7.719056e+00
3.790000e-05	2.671688e-02	7.736422e+00
3.791000e-05	2.579755e-02	7.676416e+00
3.792000e-05	2.426819e-02	7.643421e+00
3.793000e-05	2.451506e-02	7.663285e+00
3.794000e-05	2.342113e-02	7.611786e+00
3.795000e-05	2.283053e-02	7.610682e+00
3.796000e-05	2.035010e-02	7.600604e+00
3.797000e-05	2.048923e-02	7.548550e+00
3.798000e-05	1.988319e-02	7.515996e+00
3.799000e-05	2.057285e-02	7.494838e+00
3.800000e-05	1.850961e-02	7.393740e+00
3.801000e-05	1.869461e-02	7.402683e+00
3.802000e-05	1.764583e-02	7.388603e+00
3.803000e-05	1.790048e-02	7.287995e+00
3.804000e-05	1.603886e-02	7.293897e+00
3.805000e-05	1.477181e-02	7.234344e+00
3.806000e-05	1.433286e-02	7.233240e+00
3.807000e-05	1.430729e-02	7.190130e+00
3.808000e-05	1.395339e-02	7.168547e+00
3.809000e-05	1.360677e-02	7.125397e+00
3.810000e-05	1.233543e-02	7.115814e+00
3.811000e-05	1.208913e-02	7.082238e+00
3.812000e-05	1.225125e-02	7.021207e+00
3.813000e-05	1.157798e-02	7.010128e+00
3.814000e-05	1.074811e-02	6.926873e+00
3.815000e-05	9.894936e-03	6.885366e+00
3.816000e-05	1.047957e-02	6.852712e+00
3.817000e-05	9.709246e-03	6.871707e+00
3.818000e-05	8.322709e-03	6.790029e+00
3.819000e-05	8.417544e-03	6.749495e+00
3.820000e-05	9.428963e-03	6.686366e+00
3.821000e-05	9.095904e-03	6.661811e+00
3.822000e-05	7.017693e-03	6.622727e+00
3.823000e-05	7.431045e-03	6.516995e+00
3.824000e-05	7.322467e-03	6.485362e+00
3.825000e-05	6.550862e-03	6.413683e+00
3.826000e-05	5.579649e-03	6.369533e+00
3.827000e-05	5.574068e-03	6.316994e+00
3.828000e-05	6.617576e-03	6.265294e+00
3.829000e-05	5.788574e-03	6.234233e+00
3.830000e-05	5.053679e-03	6.211155e+00
3.831000e-05	4.782121e-03	6.138450e+00
3.832000e-05	6.534642e-03	6.104969e+00
3.833000e-05	5.031593e-03	6.072183e+00
3.834000e-05	4.156530e-03	6.001128e+00
3.835000e-05	3.983826e-03	5.958449e+00
3.836000e-05	4.703183e-03	5.897771e+00
3.837000e-05	4.205069e-03	5.819652e+00
3.838000e-05	4.050320e-03	5.727895e+00
3.839000e-05	3.186557e-03	5.682866e+00
3.840000e-05	4.394186e-03	5.611530e+00
3.841000e-05	3.716650e-03	5.519474e+00
3.842000e-05	3.189073e-03	5.496317e+00
3.843000e-05	2.805897e-03	5.493232e+00
3.844000e-05	3.594408e-03	5.379050e+00
3.845000e-05	3.492948e-03	5.336446e+00
3.846000e-05	2.363895e-03	5.244188e+00
3.847000e-05	1.330788e-03	5.211527e+00
3.848000e-05	2.695946e-03	5.078816e+00
3.849000e-05	3.148387e-03	5.031608e+00
3.850000e-05	2.033121e-03	4.915819e+00
3.851000e-05	1.755396e-03	4.832637e+00
3.852000e-05	2.520834e-03	4.771450e+00
3.853000e-05	3.270959e-03	4.727369e+00
3.854000e-05	2.200712e-03	4.632208e+00
3.855000e-05	1.377967e-03	4.561476e+00
3.856000e-05	1.863331e-03	4.486386e+00
3.857000e-05	2.808753e-03	4.483208e+00
3.858000e-05	8.137166e-04	4.391478e+00
3.859000e-05	2.425573e-03	4.357367e+00
3.860000e-05	-7.233066e-05	4.244265e+00
3.861000e-05	2.347393e-03	4.170394e+00
3.862000e-05	1.200791e-03	4.063163e+00
3.863000e-05	1.501805e-03	3.979454e+00
3.864000e-05	4.825307e-06	3.947890e+00
3.865000e-05	7.954361e-04	3.844713e+00
3.866000e-05	2.831779e-03	3.810504e+00
3.867000e-05	3.994236e-04	3.707367e+00
3.868000e-05	2.103657e-03	3.642636e+00
3.869000e-05	-2.921109e-04	3.631499e+00
3.870000e-05	6.814525e-05	3.506366e+00
3.871000e-05	-2.195312e-03	3.432102e+00
3.872000e-05	-4.934868e-04	3.317346e+00
3.873000e-05	-5.573466e-04	3.252533e+00
3.874000e-05	2.069958e-03	3.179447e+00
3.875000e-05	1.222559e-03	3.113711e+00
3.876000e-05	-1.047701e-04	3.041155e+00
3.877000e-05	2.102692e-03	2.960899e+00
3.878000e-05	-3.374573e-03	2.864737e+00
3.879000e-05	1.418287e-03	2.832028e+00
3.880000e-05	-3.939832e-03	2.749895e+00
3.881000e-05	7.856877e-04	2.673608e+00
3.882000e-05	-3.067257e-03	2.566878e+00
3.883000e-05	2.258745e-03	2.452059e+00
3.884000e-05	-1.251664e-03	2.379974e+00
3.885000e-05	-7.587768e-04	2.314742e+00
3.886000e-05	-6.611494e-05	2.241082e+00
3.887000e-05	-2.341153e-03	2.159867e+00
3.888000e-05	-1.854462e-03	2.074107e+00
3.889000e-05	-3.139435e-03	2.000451e+00
3.890000e-05	-9.238655e-04	1.937892e+00
3.891000e-05	-4.321858e-03	1.873703e+00
3.892000e-05	-2.738411e-04	1.777924e+00
3.893000e-05	-4.804116e-03	1.694186e+00
3.894000e-05	1.486618e-03	1.621426e+00
3.895000e-05	-3.746816e-03	1.515212e+00
3.896000e-05	-2.518102e-04	1.390004e+00
3.897000e-05	-5.537423e-03	1.354239e+00
3.898000e-05	-1.619566e-03	1.232507e+00
3.899000e-05	-3.563246e-03	1.146817e+00
3.900000e-05	-3.895355e-03	1.022027e+00
3.901000e-05	-2.516305e-03	9.371169e-01
3.902000e-05	-3.265410e-03	8.219764e-01
3.903000e-05	-6.609084e-04	7.473698e-01
3.904000e-05	-3.391064e-03	6.736344e-01
3.905000e-05	-3.004195e-03	5.778700e-01
3.906000e-05	-5.656246e-03	5.251622e-01
3.907000e-05	-3.162611e-03	4.310016e-01
3.908000e-05	-5.255490e-03	3.678449e-01
3.909000e-05	-3.279821e-03	2.930370e-01
3.910000e-05	-4.787445e-03	1.776936e-01
3.911000e-05	-2.266493e-03	4.150157e-02
3.912000e-05	-3.167453e-03	-3.115262e-02
3.913000e-05	-1.715053e-03	-6.576547e-02
3.914000e-05	-1.112873e-03	-1.695233e-01
3.915000e-05	8.073325e-05	-2.621125e-01
3.916000e-05	-1.196137e-03	-2.764133e-01
3.917000e-05	-4.078554e-03	-3.890224e-01
3.918000e-05	-3.588661e-03	-4.226101e-01
3.919000e-05	-1.901420e-04	-5.364431e-01
3.920000e-05	9.262933e-03	-6.232564e-01
3.921000e-05	4.112941e-02	-7.479221e-01
3.922000e-05	2.511117e-02	-8.032539e-01
3.923000e-05	-4.525637e-02	-9.255221e-01
3.924000e-05	-6.718525e-02	-1.062838e+00
3.925000e-05	-4.980577e-02	-1.157316e+00
3.926000e-05	5.869433e-02	-1.178424e+00
3.927000e-05	4.405908e-02	-1.242784e+00
3.928000e-05	-7.059555e-02	-1.380184e+00
3.929000e-05	4.551213e-02	-1.480286e+00
3.930000e-05	3.885476e-02	-1.525996e+00
3.931000e-05	-5.341776e-02	-1.655785e+00
3.932000e-05	1.646377e-02	-1.747422e+00
3.933000e-05	-4.078101e-02	-1.759576e+00
3.934000e-05	-6.820615e-02	-1.865342e+00
3.935000e-05	7.942576e-02	-1.967450e+00
3.936000e-05	2.012622e-05	-2.012179e+00
3.937000e-05	-5.973103e-02	-2.084367e+00
3.938000e-05	2.270443e-02	-2.160721e+00
3.939000e-05	-1.554002e-03	-2.275120e+00
3.940000e-05	1.307572e-02	-2.401028e+00
3.941000e-05	-3.801154e-02	-2.463862e+00
3.942000e-05	-3.312902e-02	-2.567546e+00
3.943000e-05	8.477831e-02	-2.621733e+00
3.944000e-05	-1.342364e-02	-2.707495e+00
3.945000e-05	-5.807932e-02	-2.819476e+00
3.946000e-05	-1.527939e-03	-2.863331e+00
3.947000e-05	1.541773e-02	-2.969226e+00
3.948000e-05	1.961114e-02	-3.081338e+00
3.949000e-05	-5.083910e-02	-3.126975e+00
3.950000e-05	2.519636e-03	-3.242229e+00
3.951000e-05	3.733907e-02	-3.296964e+00
3.952000e-05	-2.364460e-02	-3.359098e+00
3.953000e-05	-1.595736e-02	-3.441680e+00
3.954000e-05	-2.471476e-02	-3.515420e+00
3.955000e-05	2.416288e-02	-3.569626e+00
3.956000e-05	6.329588e-03	-3.643282e+00
3.957000e-05	-3.508089e-02	-3.717120e+00
3.958000e-05	4.559916e-03	-3.790864e+00
3.959000e-05	-1.438551e-03	-3.905446e+00
3.960000e-05	2.402522e-03	-3.980102e+00
3.961000e-05	-2.449119e-02	-4.054289e+00
3.962000e-05	-1.507608e-02	-4.124969e+00
3.963000e-05	1.806817e-02	-4.199606e+00
3.964000e-05	-8.097402e-03	-4.274288e+00
3.965000e-05	-1.036493e-02	-4.326495e+00
3.966000e-05	-2.285457e-02	-4.378554e+00
3.967000e-05	7.442568e-03	-4.421807e+00
3.968000e-05	2.093448e-03	-4.536521e+00
3.969000e-05	-2.349297e-02	-4.579600e+00
3.970000e-05	-8.196251e-03	-4.642359e+00
3.971000e-05	-1.425144e-03	-4.676925e+00
3.972000e-05	4.715192e-03	-4.780322e+00
3.973000e-05	-2.414973e-02	-4.823892e+00
3.974000e-05	-1.404103e-02	-4.916077e+00
3.975000e-05	3.023095e-03	-4.990233e+00
3.976000e-05	-3.053536e-03	-5.063941e+00
3.977000e-05	-1.405011e-02	-5.137099e+00
3.978000e-05	-1.817803e-02	-5.200261e+00
3.979000e-05	3.574038e-03	-5.277071e+00
3.980000e-05	-4.125658e-03	-5.392335e+00
3.981000e-05	-1.706010e-02	-5.465513e+00
3.982000e-05	-1.615200e-02	-5.548576e+00
3.983000e-05	1.311159e-04	-5.611233e+00
3.984000e-05	-2.518159e-03	-5.654314e+00
3.985000e-05	-1.752478e-02	-5.727051e+00
3.986000e-05	-1.384458e-02	-5.798653e+00
3.987000e-05	-4.468747e-03	-5.823309e+00
3.988000e-05	-9.577739e-04	-5.916916e+00
3.989000e-05	-1.937774e-02	-5.957600e+00
3.990000e-05	-1.425914e-02	-5.949656e+00
3.991000e-05	-4.949246e-03	-6.064384e+00
3.992000e-05	-3.776171e-03	-6.106067e+00
3.993000e-05	-1.596828e-02	-6.180730e+00
3.994000e-05	-1.749047e-02	-6.241813e+00
3.995000e-05	-4.389228e-03	-6.295017e+00
3.996000e-05	-6.666001e-03	-6.357604e+00
3.997000e-05	-1.360950e-02	-6.392209e+00
3.998000e-05	-1.761391e-02	-6.463833e+00
3.999000e-05	-5.873033e-03	-6.505517e+00
4.000000e-05	-6.365624e-03	-6.558076e+00
4.001000e-05	-1.459037e-02	-6.591681e+00
4.002000e-05	-1.755211e-02	-6.632312e+00
4.003000e-05	-8.563367e-03	-6.655366e+00
4.004000e-05	-6.619056e-03	-6.697047e+00
4.005000e-05	-1.517484e-02	-6.758176e+00
4.006000e-05	-1.712649e-02	-6.791654e+00
4.007000e-05	-1.134985e-02	-6.863838e+00
4.008000e-05	-6.281754e-03	-6.886543e+00
4.009000e-05	-1.621198e-02	-6.886624e+00
4.010000e-05	-1.766759e-02	-6.961232e+00
4.011000e-05	-1.272242e-02	-7.041913e+00
4.012000e-05	-7.945339e-03	-7.084970e+00
4.013000e-05	-1.556206e-02	-7.126529e+00
4.014000e-05	-1.906496e-02	-7.179628e+00
4.015000e-05	-1.366357e-02	-7.241704e+00
4.016000e-05	-1.107391e-02	-7.252237e+00
4.017000e-05	-1.525616e-02	-7.284866e+00
4.018000e-05	-1.964814e-02	-7.314943e+00
4.019000e-05	-1.440961e-02	-7.318080e+00
4.020000e-05	-1.260954e-02	-7.358580e+00
4.021000e-05	-1.599105e-02	-7.380777e+00
4.022000e-05	-2.067339e-02	-7.402283e+00
4.023000e-05	-1.692180e-02	-7.423487e+00
4.024000e-05	-1.399456e-02	-7.475445e+00
4.025000e-05	-1.729439e-02	-7.516550e+00
4.026000e-05	-2.123775e-02	-7.528676e+00
4.027000e-05	-1.848739e-02	-7.580775e+00
4.028000e-05	-1.408587e-02	-7.571833e+00
4.029000e-05	-1.895574e-02	-7.574909e+00
4.030000e-05	-2.208651e-02	-7.663970e+00
4.031000e-05	-1.998862e-02	-7.696465e+00
4.032000e-05	-1.787172e-02	-7.705050e+00
4.033000e-05	-1.917795e-02	-7.736128e+00
4.034000e-05	-2.399274e-02	-7.738205e+00
4.035000e-05	-2.209353e-02	-7.770205e+00
4.036000e-05	-1.918346e-02	-7.802885e+00
4.037000e-05	-2.106788e-02	-7.811264e+00
4.038000e-05	-2.625750e-02	-7.841887e+00
4.039000e-05	-2.369175e-02	-7.821945e+00
4.040000e-05	-2.178974e-02	-7.854442e+00
4.041000e-05	-2.264912e-02	-7.886573e+00
4.042000e-05	-2.701498e-02	-7.955947e+00
4.043000e-05	-2.642540e-02	-7.896074e+00
4.044000e-05	-2.432356e-02	-7.958046e+00
4.045000e-05	-2.558713e-02	-7.948601e+00
4.046000e-05	-2.899148e-02	-7.947105e+00
4.047000e-05	-2.955879e-02	-8.009579e+00
4.048000e-05	-2.810970e-02	-7.940004e+00
4.049000e-05	-2.851644e-02	-7.970153e+00
4.050000e-05	-3.191953e-02	-8.030580e+00
4.051000e-05	-3.219939e-02	-7.961105e+00
4.052000e-05	-3.185681e-02	-8.000155e+00
4.053000e-05	-3.282255e-02	-7.999629e+00
4.054000e-05	-3.460452e-02	-8.001684e+00
4.055000e-05	-3.540240e-02	-7.979704e+00
4.056000e-05	-3.510237e-02	-7.999706e+00
4.057000e-05	-3.585407e-02	-8.010255e+00
4.058000e-05	-3.814625e-02	-7.991106e+00
4.059000e-05	-3.932639e-02	-7.988628e+00
4.060000e-05	-3.797295e-02	-7.981129e+00
4.061000e-05	-3.875045e-02	-7.969177e+00
4.062000e-05	-3.890613e-02	-7.959651e+00
4.063000e-05	-3.891298e-02	-7.949130e+00
4.064000e-05	-3.799655e-02	-7.967650e+00
4.065000e-05	-3.827442e-02	-7.920050e+00
4.066000e-05	-3.849900e-02	-7.946543e+00
4.067000e-05	-3.800622e-02	-7.856022e+00
4.068000e-05	-3.702433e-02	-7.895968e+00
4.069000e-05	-3.775422e-02	-7.824918e+00
4.070000e-05	-3.746289e-02	-7.843315e+00
4.071000e-05	-3.606153e-02	-7.831384e+00
4.072000e-05	-3.417116e-02	-7.803209e+00
4.073000e-05	-3.282822e-02	-7.839259e+00
4.074000e-05	-3.103180e-02	-7.729203e+00
4.075000e-05	-3.217175e-02	-7.757129e+00
4.076000e-05	-3.038005e-02	-7.706020e+00
4.077000e-05	-3.094894e-02	-7.684992e+00
4.078000e-05	-3.071841e-02	-7.641743e+00
4.079000e-05	-2.931302e-02	-7.644033e+00
4.080000e-05	-2.891788e-02	-7.603206e+00
4.081000e-05	-2.676151e-02	-7.579206e+00
4.082000e-05	-2.600150e-02	-7.508120e+00
4.083000e-05	-2.458229e-02	-7.506972e+00
4.084000e-05	-2.458636e-02	-7.484492e+00
4.085000e-05	-2.392282e-02	-7.474812e+00
4.086000e-05	-2.502492e-02	-7.422288e+00
4.087000e-05	-2.296459e-02	-7.380234e+00
4.088000e-05	-2.315516e-02	-7.390606e+00
4.089000e-05	-2.219170e-02	-7.348570e+00
4.090000e-05	-2.093288e-02	-7.326424e+00
4.091000e-05	-1.955816e-02	-7.284789e+00
4.092000e-05	-1.826439e-02	-7.274863e+00
4.093000e-05	-1.992460e-02	-7.232284e+00
4.094000e-05	-2.004917e-02	-7.210656e+00
4.095000e-05	-1.868579e-02	-7.189530e+00
4.096000e-05	-1.829851e-02	-7.137422e+00
4.097000e-05	-1.916742e-02	-7.085372e+00
4.098000e-05	-1.788502e-02	-7.051285e+00
4.099000e-05	-1.556538e-02	-6.981607e+00
4.100000e-05	-1.477319e-02	-6.928494e+00
4.101000e-05	-1.690135e-02	-6.924441e+00
4.102000e-05	-1.607649e-02	-6.823809e+00
4.103000e-05	-1.508111e-02	-6.830127e+00
4.104000e-05	-1.451983e-02	-6.758474e+00
4.105000e-05	-1.618044e-02	-6.728446e+00
4.106000e-05	-1.464609e-02	-6.665314e+00
4.107000e-05	-1.339982e-02	-6.672735e+00
4.108000e-05	-1.287774e-02	-6.600652e+00
4.109000e-05	-1.432808e-02	-6.556949e+00
4.110000e-05	-1.295980e-02	-6.495793e+00
4.111000e-05	-1.239609e-02	-6.454808e+00
4.112000e-05	-1.157363e-02	-6.400658e+00
4.113000e-05	-1.272050e-02	-6.329998e+00
4.114000e-05	-1.287503e-02	-6.358347e+00
4.115000e-05	-1.137122e-02	-6.263236e+00
4.116000e-05	-1.125151e-02	-6.149131e+00
4.117000e-05	-1.150106e-02	-6.156545e+00
4.118000e-05	-1.173865e-02	-6.053786e+00
4.119000e-05	-1.090823e-02	-5.980107e+00
4.120000e-05	-1.016191e-02	-5.950475e+00
4.121000e-05	-9.745339e-03	-5.886840e+00
4.122000e-05	-1.130080e-02	-5.871763e+00
4.123000e-05	-1.126184e-02	-5.822157e+00
4.124000e-05	-9.311791e-03	-5.735975e+00
4.125000e-05	-9.545641e-03	-5.685313e+00
4.126000e-05	-1.045119e-02	-5.632658e+00
4.127000e-05	-9.715840e-03	-5.560475e+00
4.128000e-05	-8.410859e-03	-5.508395e+00
4.129000e-05	-8.472620e-03	-5.432331e+00
4.130000e-05	-9.533097e-03	-5.347048e+00
4.131000e-05	-1.067370e-02	-5.235192e+00
4.132000e-05	-8.235949e-03	-5.221602e+00
4.133000e-05	-9.012818e-03	-5.137421e+00
4.134000e-05	-8.851620e-03	-5.063710e+00
4.135000e-05	-9.021795e-03	-4.939546e+00
4.136000e-05	-8.104975e-03	-4.875287e+00
4.137000e-05	-8.198187e-03	-4.744655e+00
4.138000e-05	-8.497248e-03	-4.717395e+00
4.139000e-05	-9.340064e-03	-4.611734e+00
4.140000e-05	-7.287386e-03	-4.591048e+00
4.141000e-05	-7.464701e-03	-4.528421e+00
4.142000e-05	-8.392445e-03	-4.444737e+00
4.143000e-05	-8.372910e-03	-4.421027e+00
4.144000e-05	-8.128057e-03	-4.380374e+00
4.145000e-05	-7.275103e-03	-4.325317e+00
4.146000e-05	-7.582561e-03	-4.232158e+00
4.147000e-05	-8.064956e-03	-4.169445e+00
4.148000e-05	-7.129225e-03	-4.085738e+00
4.149000e-05	-6.813346e-03	-4.022103e+00
4.150000e-05	-6.616348e-03	-3.978946e+00
4.151000e-05	-7.501108e-03	-3.893210e+00
4.152000e-05	-7.005393e-03	-3.780498e+00
4.153000e-05	-6.875355e-03	-3.685316e+00
4.154000e-05	-7.185278e-03	-3.620528e+00
4.155000e-05	-6.919301e-03	-3.576925e+00
4.156000e-05	-7.417571e-03	-3.463761e+00
4.157000e-05	-5.667067e-03	-3.430653e+00
4.158000e-05	-6.504713e-03	-3.326240e+00
4.159000e-05	-5.930719e-03	-3.252057e+00
4.160000e-05	-7.246683e-03	-3.191000e+00
4.161000e-05	-5.823494e-03	-3.137312e+00
4.162000e-05	-6.542878e-03	-3.083079e+00
4.163000e-05	-6.579828e-03	-2.956293e+00
4.164000e-05	-7.064445e-03	-2.821631e+00
4.165000e-05	-6.985516e-03	-2.758949e+00
4.166000e-05	-5.698198e-03	-2.736261e+00
4.167000e-05	-5.762214e-03	-2.621500e+00
4.168000e-05	-6.643991e-03	-2.536867e+00
4.169000e-05	-6.175304e-03	-2.453607e+00
4.170000e-05	-5.781456e-03	-2.390048e+00
4.171000e-05	-5.212274e-03	-2.367288e+00
4.172000e-05	-6.618739e-03	-2.211025e+00
4.173000e-05	-6.097942e-03	-2.094187e+00
4.174000e-05	-5.372882e-03	-2.032578e+00
4.175000e-05	-4.379215e-03	-1.977395e+00
4.176000e-05	-6.850665e-03	-1.874663e+00
4.177000e-05	-5.484716e-03	-1.790529e+00
4.178000e-05	-4.677604e-03	-1.736291e+00
4.179000e-05	-3.983712e-03	-1.663105e+00
4.180000e-05	-5.107256e-03	-1.588422e+00
4.181000e-05	-5.198123e-03	-1.515634e+00
4.182000e-05	-4.685093e-03	-1.358920e+00
4.183000e-05	-3.652174e-03	-1.200456e+00
4.184000e-05	-6.527799e-03	-1.168440e+00
4.185000e-05	-4.417060e-03	-1.093707e+00
4.186000e-05	-6.207552e-03	-9.919712e-01
4.187000e-05	-2.941089e-03	-9.067121e-01
4.188000e-05	-5.248613e-03	-8.415301e-01
4.189000e-05	-3.106940e-03	-7.899186e-01
4.190000e-05	-2.856567e-03	-6.944880e-01
4.191000e-05	-3.014810e-03	-5.492411e-01
4.192000e-05	-4.649309e-03	-4.640840e-01
4.193000e-05	-6.592175e-03	-3.799224e-01
4.194000e-05	-3.704076e-03	-3.172395e-01
4.195000e-05	-4.599247e-03	-2.430539e-01
4.196000e-05	-2.705169e-03	-1.473123e-01
4.197000e-05	-3.318525e-03	-6.358547e-02
4.198000e-05	1.748413e-03	9.988094e-04
4.199000e-05	1.821815e-03	8.210895e-02
4.200000e-05	1.721275e-03	1.479735e-01
4.201000e-05	-3.561569e-03	2.317343e-01
4.202000e-05	-1.308484e-03	3.574973e-01
4.203000e-05	-2.111926e-03	4.111315e-01
4.204000e-05	9.162062e-04	4.848657e-01
4.205000e-05	7.334852e-03	5.785224e-01
4.206000e-05	2.412459e-02	6.738368e-01
4.207000e-05	3.073583e-02	7.580210e-01
4.208000e-05	-1.325312e-02	8.426340e-01
4.209000e-05	-5.136601e-02	9.686250e-01
4.210000e-05	-5.330587e-02	1.063839e+00
4.211000e-05	-4.090511e-03	1.157469e+00
4.212000e-05	7.093724e-02	1.201731e+00
4.213000e-05	-3.043041e-02	1.315945e+00
4.214000e-05	-4.143500e-02	1.411629e+00
4.215000e-05	7.450436e-02	1.509121e+00
4.216000e-05	3.072028e-03	1.673788e+00
4.217000e-05	-1.672472e-02	1.767367e+00
4.218000e-05	-1.676810e-03	1.758626e+00
4.219000e-05	-4.747211e-02	1.853838e+00
4.220000e-05	1.532604e-02	1.927399e+00
4.221000e-05	6.590127e-02	2.001055e+00
4.222000e-05	-3.518822e-02	2.053290e+00
4.223000e-05	-2.634880e-02	2.137445e+00
4.224000e-05	1.422098e-02	2.232162e+00
4.225000e-05	1.602153e-02	2.294391e+00
4.226000e-05	-2.178695e-03	2.398130e+00
4.227000e-05	-4.278187e-02	2.463382e+00
4.228000e-05	1.934994e-02	2.555550e+00
4.229000e-05	4.224627e-02	2.644821e+00
4.230000e-05	-8.843648e-03	2.758572e+00
4.231000e-05	-3.750072e-02	2.862183e+00
4.232000e-05	2.125099e-03	2.884841e+00
4.233000e-05	2.998098e-02	3.000100e+00
4.234000e-05	-5.677428e-03	3.052887e+00
4.235000e-05	-1.848023e-02	3.156972e+00
4.236000e-05	1.167646e-02	3.199153e+00
4.237000e-05	1.173160e-02	3.222258e+00
4.238000e-05	3.641596e-03	3.337545e+00
4.239000e-05	-1.897891e-02	3.453868e+00
4.240000e-05	-2.842496e-03	3.528525e+00
4.241000e-05	1.863796e-02	3.640656e+00
4.242000e-05	3.004245e-03	3.685389e+00
4.243000e-05	-7.243831e-03	3.718053e+00
4.244000e-05	-2.339787e-03	3.821782e+00
4.245000e-05	1.256921e-02	3.875420e+00
4.246000e-05	1.377897e-03	3.937525e+00
4.247000e-05	-8.584913e-03	4.042231e+00
4.248000e-05	2.216981e-03	4.096443e+00
4.249000e-05	1.047308e-02	4.172804e+00
4.250000e-05	5.646807e-03	4.294947e+00
4.251000e-05	-4.330772e-03	4.368554e+00
4.252000e-05	-2.625845e-03	4.453756e+00
4.253000e-05	9.483974e-03	4.485970e+00
4.254000e-05	2.165950e-03	4.538048e+00
4.255000e-05	-1.994295e-03	4.623813e+00
4.256000e-05	-7.790597e-04	4.695944e+00
4.257000e-05	1.280474e-02	4.778050e+00
4.258000e-05	4.282589e-03	4.883313e+00
4.259000e-05	-3.293717e-03	4.945945e+00
4.260000e-05	5.638172e-04	5.043310e+00
4.261000e-05	9.149242e-03	5.058094e+00
4.262000e-05	5.954763e-03	5.208682e+00
4.263000e-05	-2.383567e-03	5.254893e+00
4.264000e-05	2.469642e-03	5.338549e+00
4.265000e-05	8.279532e-03	5.389708e+00
4.266000e-05	6.005387e-03	5.473287e+00
4.267000e-05	-1.783634e-03	5.495021e+00
4.268000e-05	3.239227e-03	5.568152e+00
4.269000e-05	9.129351e-03	5.619180e+00
4.270000e-05	7.111901e-03	5.663864e+00
4.271000e-05	-2.604294e-04	5.777156e+00
4.272000e-05	2.582094e-03	5.852362e+00
4.273000e-05	9.047947e-03	5.886045e+00
4.274000e-05	8.095528e-03	5.939649e+00
4.275000e-05	4.170716e-04	6.012180e+00
4.276000e-05	2.478940e-03	6.074336e+00
4.277000e-05	8.991685e-03	6.087496e+00
4.278000e-05	8.484878e-03	6.188126e+00
4.279000e-05	1.866653e-03	6.202684e+00
4.280000e-05	3.707136e-03	6.253867e+00
4.281000e-05	9.253724e-03	6.306397e+00
4.282000e-05	8.468748e-03	6.358053e+00
4.283000e-05	3.534625e-03	6.370759e+00
4.284000e-05	2.446513e-03	6.482913e+00
4.285000e-05	7.893371e-03	6.466968e+00
4.286000e-05	8.581038e-03	6.537679e+00
4.287000e-05	5.379627e-03	6.580734e+00
4.288000e-05	5.887794e-03	6.673368e+00
4.289000e-05	1.137176e-02	6.716044e+00
4.290000e-05	9.192351e-03	6.768600e+00
4.291000e-05	5.739820e-03	6.791157e+00
4.292000e-05	3.383445e-03	6.822234e+00
4.293000e-05	6.977597e-03	6.853389e+00
4.294000e-05	9.328772e-03	6.905440e+00
4.295000e-05	7.207758e-03	6.916600e+00
4.296000e-05	9.329911e-03	6.968053e+00
4.297000e-05	1.136017e-02	7.030261e+00
4.298000e-05	1.303858e-02	7.053287e+00
4.299000e-05	5.364430e-03	7.085424e+00
4.300000e-05	6.176110e-03	7.116470e+00
4.301000e-05	8.214958e-03	7.147632e+00
4.302000e-05	1.128601e-02	7.189234e+00
4.303000e-05	8.801343e-03	7.193288e+00
4.304000e-05	1.047041e-02	7.254915e+00
4.305000e-05	1.278434e-02	7.305546e+00
4.306000e-05	1.441101e-02	7.338074e+00
4.307000e-05	9.993539e-03	7.389754e+00
4.308000e-05	9.483898e-03	7.420757e+00
4.309000e-05	1.105615e-02	7.424413e+00
4.310000e-05	1.215898e-02	7.465442e+00
4.311000e-05	1.256364e-02	7.517578e+00
4.312000e-05	1.088454e-02	7.559103e+00
4.313000e-05	1.549139e-02	7.569779e+00
4.314000e-05	1.513994e-02	7.600784e+00
4.315000e-05	1.424392e-02	7.652859e+00
4.316000e-05	1.317137e-02	7.673321e+00
4.317000e-05	1.517816e-02	7.694420e+00
4.318000e-05	1.554528e-02	7.667524e+00
4.319000e-05	1.408686e-02	7.684549e+00
4.320000e-05	1.412672e-02	7.748450e+00
4.321000e-05	1.822168e-02	7.767206e+00
4.322000e-05	1.939167e-02	7.809280e+00
4.323000e-05	1.821974e-02	7.781131e+00
4.324000e-05	1.711296e-02	7.841809e+00
4.325000e-05	1.859272e-02	7.821316e+00
4.326000e-05	2.012100e-02	7.823788e+00
4.327000e-05	1.811077e-02	7.863441e+00
4.328000e-05	1.932038e-02	7.863445e+00
4.329000e-05	2.053787e-02	7.907517e+00
4.330000e-05	2.369121e-02	7.912897e+00
4.331000e-05	2.252630e-02	7.916647e+00
4.332000e-05	2.352507e-02	7.926494e+00
4.333000e-05	2.552083e-02	7.877455e+00
4.334000e-05	2.636360e-02	7.935066e+00
4.335000e-05	2.651556e-02	7.957552e+00
4.336000e-05	2.466081e-02	7.936648e+00
4.337000e-05	2.732229e-02	7.948599e+00
4.338000e-05	2.772722e-02	7.917148e+00
4.339000e-05	2.910339e-02	7.959105e+00
4.340000e-05	3.017376e-02	7.949099e+00
4.341000e-05	3.253245e-02	7.896546e+00
4.342000e-05	3.302066e-02	7.960659e+00
4.343000e-05	3.193463e-02	7.926574e+00
4.344000e-05	3.203358e-02	7.938079e+00
4.345000e-05	3.250787e-02	7.888970e+00
4.346000e-05	3.341388e-02	7.956446e+00
4.347000e-05	3.311149e-02	7.928524e+00
4.348000e-05	3.347707e-02	7.908995e+00
4.349000e-05	3.437753e-02	7.914421e+00
4.350000e-05	3.408048e-02	7.896919e+00
4.351000e-05	3.315914e-02	7.905971e+00
4.352000e-05	3.222323e-02	7.842287e+00
4.353000e-05	3.145935e-02	7.903988e+00
4.354000e-05	3.106195e-02	7.793139e+00
4.355000e-05	2.973656e-02	7.791807e+00
4.356000e-05	2.817626e-02	7.760580e+00
4.357000e-05	2.856007e-02	7.770202e+00
4.358000e-05	2.787433e-02	7.737559e+00
4.359000e-05	2.703483e-02	7.698494e+00
4.360000e-05	2.562640e-02	7.685942e+00
4.361000e-05	2.540683e-02	7.706493e+00
4.362000e-05	2.463694e-02	7.663318e+00
4.363000e-05	2.329524e-02	7.653136e+00
4.364000e-05	2.255754e-02	7.631683e+00
4.365000e-05	2.165974e-02	7.599605e+00
4.366000e-05	2.075522e-02	7.579600e+00
4.367000e-05	2.073450e-02	7.507925e+00
4.368000e-05	1.868865e-02	7.496397e+00
4.369000e-05	1.962193e-02	7.465813e+00
4.370000e-05	1.910653e-02	7.421761e+00
4.371000e-05	1.790195e-02	7.360155e+00
4.372000e-05	1.706865e-02	7.298075e+00
4.373000e-05	1.619267e-02	7.357046e+00
4.374000e-05	1.530178e-02	7.264419e+00
4.375000e-05	1.536632e-02	7.232787e+00
4.376000e-05	1.354955e-02	7.211131e+00
4.377000e-05	1.412980e-02	7.190531e+00
4.378000e-05	1.299857e-02	7.177925e+00
4.379000e-05	1.300348e-02	7.094372e+00
4.380000e-05	1.243394e-02	7.085316e+00
4.381000e-05	1.176589e-02	7.023209e+00
4.382000e-05	1.088045e-02	7.030130e+00
4.383000e-05	1.166134e-02	6.949574e+00
4.384000e-05	1.161263e-02	6.947945e+00
4.385000e-05	9.914144e-03	6.893797e+00
4.386000e-05	9.166856e-03	6.833236e+00
4.387000e-05	8.298164e-03	6.820658e+00
4.388000e-05	1.003966e-02	6.781028e+00
4.389000e-05	8.727475e-03	6.757424e+00
4.390000e-05	7.759814e-03	6.684312e+00
4.391000e-05	8.323403e-03	6.621183e+00
4.392000e-05	9.993114e-03	6.567501e+00
4.393000e-05	8.956664e-03	6.505392e+00
4.394000e-05	7.209737e-03	6.473336e+00
4.395000e-05	5.560001e-03	6.361056e+00
4.396000e-05	6.609870e-03	6.378450e+00
4.397000e-05	5.433703e-03	6.297896e+00
4.398000e-05	5.148835e-03	6.295316e+00
4.399000e-05	5.939932e-03	6.231657e+00
4.400000e-05	6.566972e-03	6.189054e+00
4.401000e-05	6.448828e-03	6.105944e+00
4.402000e-05	5.667562e-03	6.073311e+00
4.403000e-05	4.325565e-03	6.033188e+00
4.404000e-05	4.407094e-03	5.999603e+00
4.405000e-05	4.355330e-03	5.927869e+00
4.406000e-05	3.267737e-03	5.844762e+00
4.407000e-05	3.823455e-03	5.760078e+00
4.408000e-05	4.298484e-03	5.706992e+00
4.409000e-05	5.201747e-03	5.603661e+00
4.410000e-05	4.208147e-03	5.600503e+00
4.411000e-05	3.463917e-03	5.557921e+00
4.412000e-05	3.984633e-03	5.473788e+00
4.413000e-05	3.421661e-03	5.440181e+00
4.414000e-05	2.412308e-03	5.379448e+00
4.415000e-05	1.675828e-03	5.275892e+00
4.416000e-05	2.416803e-03	5.253683e+00
4.417000e-05	2.510590e-03	5.179949e+00
4.418000e-05	2.866617e-03	5.074287e+00
4.419000e-05	2.722226e-03	4.969033e+00
4.420000e-05	3.143189e-03	4.886194e+00
4.421000e-05	2.594286e-03	4.832056e+00
4.422000e-05	2.541955e-03	4.788899e+00
4.423000e-05	1.682570e-03	4.695262e+00
4.424000e-05	1.300605e-03	4.651533e+00
4.425000e-05	2.084432e-03	4.589447e+00
4.426000e-05	5.117423e-04	4.515311e+00
4.427000e-05	4.864013e-04	4.431107e+00
4.428000e-05	1.056592e-03	4.359973e+00
4.429000e-05	1.562167e-03	4.345372e+00
4.430000e-05	1.085866e-03	4.201083e+00
4.431000e-05	9.685036e-04	4.096823e+00
4.432000e-05	7.469914e-04	4.052102e+00
4.433000e-05	1.116289e-03	3.988946e+00
4.434000e-05	-2.697527e-05	3.875338e+00
4.435000e-05	-4.346973e-04	3.852610e+00
4.436000e-05	1.219067e-04	3.779447e+00
4.437000e-05	-3.139549e-04	3.675261e+00
4.438000e-05	-6.646884e-05	3.622129e+00
4.439000e-05	6.409737e-04	3.570449e+00
4.440000e-05	-6.268006e-04	3.497285e+00
4.441000e-05	-2.879195e-05	3.400056e+00
4.442000e-05	-3.154947e-05	3.324290e+00
4.443000e-05	8.899107e-04	3.170530e+00
4.444000e-05	-6.085833e-04	3.178370e+00
4.445000e-05	-1.766849e-04	3.073689e+00
4.446000e-05	-9.943425e-04	3.020453e+00
4.447000e-05	-5.887688e-04	2.966418e+00
4.448000e-05	-3.468481e-04	2.842104e+00
4.449000e-05	-1.264297e-03	2.789495e+00
4.450000e-05	-7.330441e-04	2.736316e+00
4.451000e-05	-7.268174e-04	2.612556e+00
4.452000e-05	1.342748e-03	2.545741e+00
4.453000e-05	-3.504741e-03	2.422004e+00
4.454000e-05	-1.147445e-03	2.378319e+00
4.455000e-05	-1.840642e-03	2.275687e+00
4.456000e-05	2.250425e-04	2.189953e+00
4.457000e-05	-1.036399e-03	2.146717e+00
4.458000e-05	-2.255902e-03	2.044582e+00
4.459000e-05	-1.588551e-03	1.969423e+00
4.460000e-05	-2.244705e-03	1.945293e+00
4.461000e-05	-2.224197e-03	1.821503e+00
4.462000e-05	-4.816221e-03	1.736793e+00
4.463000e-05	6.023646e-04	1.694633e+00
4.464000e-05	-1.797569e-03	1.557425e+00
4.465000e-05	2.509367e-05	1.494036e+00
4.466000e-05	-4.133279e-03	1.368843e+00
4.467000e-05	-2.099961e-03	1.275186e+00
4.468000e-05	-4.446457e-03	1.211473e+00
4.469000e-05	-3.720992e-03	1.125195e+00
4.470000e-05	-3.964627e-03	1.018823e+00
4.471000e-05	-2.957697e-03	8.641317e-01
4.472000e-05	-1.624326e-05	8.104451e-01
4.473000e-05	-2.473256e-03	7.157885e-01
4.474000e-05	-1.576422e-03	6.610292e-01
4.475000e-05	-3.959600e-03	5.368425e-01
4.476000e-05	-3.769708e-03	4.640818e-01
4.477000e-05	-5.589275e-03	3.804978e-01
4.478000e-05	-4.761918e-03	3.467349e-01
4.479000e-05	-5.788811e-03	2.434520e-01
4.480000e-05	-1.133680e-03	1.341609e-01
4.481000e-05	-3.995756e-03	3.199783e-02
4.482000e-05	-1.657944e-03	-2.170264e-02
4.483000e-05	-2.477734e-03	-1.354155e-01
4.484000e-05	1.848927e-03	-1.695500e-01
4.485000e-05	-1.832716e-03	-3.142891e-01
4.486000e-05	-3.439120e-03	-3.364684e-01
4.487000e-05	-4.565781e-03	-4.200499e-01
4.488000e-05	-3.131955e-03	-4.527815e-01
4.489000e-05	4.215291e-03	-5.470997e-01
4.490000e-05	1.628703e-02	-6.833117e-01
4.491000e-05	4.602280e-02	-7.984998e-01
4.492000e-05	4.925319e-03	-8.843853e-01
4.493000e-05	-5.770577e-02	-9.781498e-01
4.494000e-05	-7.543932e-02	-1.094838e+00
4.495000e-05	-2.410388e-02	-1.128421e+00
4.496000e-05	8.933868e-02	-1.139502e+00
4.497000e-05	-2.210050e-02	-1.264618e+00
4.498000e-05	-3.479206e-02	-1.392229e+00
4.499000e-05	7.650185e-02	-1.505388e+00
4.500000e-05	-2.019805e-02	-1.578105e+00
4.501000e-05	-2.840607e-02	-1.705363e+00
4.502000e-05	2.317529e-02	-1.767472e+00
4.503000e-05	-7.296267e-02	-1.813181e+00
4.504000e-05	-6.676964e-03	-1.896841e+00
4.505000e-05	8.701726e-02	-1.999051e+00
4.506000e-05	-4.861694e-02	-2.032836e+00
4.507000e-05	-3.049987e-02	-2.085944e+00
4.508000e-05	2.306411e-02	-2.192885e+00
4.509000e-05	-2.108327e-04	-2.368049e+00
4.510000e-05	1.450119e-02	-2.420054e+00
4.511000e-05	-6.694071e-02	-2.475418e+00
4.512000e-05	1.327931e-02	-2.578099e+00
4.513000e-05	7.169628e-02	-2.664813e+00
4.514000e-05	-4.860650e-02	-2.736974e+00
4.515000e-05	-3.881461e-02	-2.819628e+00
4.516000e-05	3.412085e-04	-2.925016e+00
4.517000e-05	2.969866e-02	-2.981710e+00
4.518000e-05	-3.286551e-03	-3.102388e+00
4.519000e-05	-5.477539e-02	-3.128675e+00
4.520000e-05	3.543587e-02	-3.242784e+00
4.521000e-05	1.424925e-02	-3.345467e+00
4.522000e-05	-2.296070e-02	-3.400575e+00
4.523000e-05	-2.291393e-02	-3.472864e+00
4.524000e-05	-1.438429e-02	-3.507500e+00
4.525000e-05	3.684822e-02	-3.611601e+00
4.526000e-05	-1.893020e-02	-3.696292e+00
4.527000e-05	-2.358761e-02	-3.780147e+00
4.528000e-05	6.511288e-03	-3.832442e+00
4.529000e-05	2.510135e-04	-3.937525e+00
4.530000e-05	-9.072170e-04	-3.990180e+00
4.531000e-05	-3.475901e-02	-4.124889e+00
4.532000e-05	5.455919e-03	-4.109075e+00
4.533000e-05	1.065352e-02	-4.243261e+00
4.534000e-05	-1.010245e-02	-4.284890e+00
4.535000e-05	-1.613344e-02	-4.347497e+00
4.536000e-05	-1.735328e-02	-4.390681e+00
4.537000e-05	1.683355e-02	-4.483262e+00
4.538000e-05	-1.266772e-02	-4.536097e+00
4.539000e-05	-1.824369e-02	-4.601580e+00
4.540000e-05	-7.386112e-03	-4.692423e+00
4.541000e-05	5.261876e-03	-4.769068e+00
4.542000e-05	-1.549805e-03	-4.779860e+00
4.543000e-05	-2.890090e-02	-4.884962e+00
4.544000e-05	-4.739657e-03	-4.910076e+00
4.545000e-05	1.164628e-03	-5.020735e+00
4.546000e-05	-3.793185e-03	-5.145513e+00
4.547000e-05	-2.071672e-02	-5.179130e+00
4.548000e-05	-1.041556e-02	-5.272816e+00
4.549000e-05	4.757252e-03	-5.329172e+00
4.550000e-05	-1.046560e-02	-5.423837e+00
4.551000e-05	-1.713628e-02	-5.505495e+00
4.552000e-05	-1.256413e-02	-5.529653e+00
4.553000e-05	2.740831e-03	-5.643288e+00
4.554000e-05	-8.269541e-03	-5.685418e+00
4.555000e-05	-1.812348e-02	-5.767100e+00
4.556000e-05	-1.211118e-02	-5.841184e+00
4.557000e-05	-1.665573e-03	-5.843342e+00
4.558000e-05	-5.806037e-03	-5.916024e+00
4.559000e-05	-2.044446e-02	-5.978129e+00
4.560000e-05	-1.157722e-02	-6.031730e+00
4.561000e-05	-3.488740e-03	-6.083916e+00
4.562000e-05	-5.707513e-03	-6.148550e+00
4.563000e-05	-1.759033e-02	-6.191233e+00
4.564000e-05	-1.284206e-02	-6.282366e+00
4.565000e-05	-5.994418e-03	-6.347022e+00
4.566000e-05	-8.157944e-03	-6.380630e+00
4.567000e-05	-1.707750e-02	-6.430709e+00
4.568000e-05	-1.521890e-02	-6.463861e+00
4.569000e-05	-4.968120e-03	-6.496996e+00
4.570000e-05	-9.364628e-03	-6.567701e+00
4.571000e-05	-1.407678e-02	-6.620255e+00
4.572000e-05	-1.643145e-02	-6.645264e+00
4.573000e-05	-6.712523e-03	-6.714993e+00
4.574000e-05	-1.025947e-02	-6.717546e+00
4.575000e-05	-1.616490e-02	-6.799626e+00
4.576000e-05	-1.625074e-02	-6.772309e+00
4.577000e-05	-9.341526e-03	-6.853490e+00
4.578000e-05	-9.181744e-03	-6.905999e+00
4.579000e-05	-1.724730e-02	-6.928729e+00
4.580000e-05	-1.612241e-02	-7.021358e+00
4.581000e-05	-1.051722e-02	-7.040963e+00
4.582000e-05	-1.112696e-02	-7.097521e+00
4.583000e-05	-1.712340e-02	-7.119150e+00
4.584000e-05	-1.762052e-02	-7.189679e+00
4.585000e-05	-1.155473e-02	-7.222283e+00
4.586000e-05	-1.208202e-02	-7.233757e+00
4.587000e-05	-1.720339e-02	-7.264442e+00
4.588000e-05	-1.673124e-02	-7.287974e+00
4.589000e-05	-1.345581e-02	-7.337574e+00
4.590000e-05	-1.301549e-02	-7.409728e+00
4.591000e-05	-1.960880e-02	-7.410260e+00
4.592000e-05	-1.914478e-02	-7.423282e+00
4.593000e-05	-1.651434e-02	-7.474916e+00
4.594000e-05	-1.493692e-02	-7.492945e+00
4.595000e-05	-1.758692e-02	-7.509097e+00
4.596000e-05	-1.841501e-02	-7.548224e+00
4.597000e-05	-1.401309e-02	-7.591757e+00
4.598000e-05	-1.682469e-02	-7.592282e+00
4.599000e-05	-2.061636e-02	-7.623984e+00
4.600000e-05	-2.324948e-02	-7.654941e+00
4.601000e-05	-2.001694e-02	-7.683593e+00
4.602000e-05	-1.825541e-02	-7.727645e+00
4.603000e-05	-2.010004e-02	-7.728100e+00
4.604000e-05	-2.100178e-02	-7.728679e+00
4.605000e-05	-1.813102e-02	-7.759705e+00
4.606000e-05	-2.043248e-02	-7.829762e+00
4.607000e-05	-2.353584e-02	-7.833811e+00
4.608000e-05	-2.691189e-02	-7.851917e+00
4.609000e-05	-2.300014e-02	-7.864418e+00
4.610000e-05	-2.341323e-02	-7.905945e+00
4.611000e-05	-2.446373e-02	-7.855995e+00
4.612000e-05	-2.479401e-02	-7.936597e+00
4.613000e-05	-2.477467e-02	-7.926524e+00
4.614000e-05	-2.330825e-02	-7.936625e+00
4.615000e-05	-2.878290e-02	-7.949625e+00
4.616000e-05	-2.889691e-02	-7.950679e+00
4.617000e-05	-2.942013e-02	-7.968704e+00
4.618000e-05	-2.813464e-02	-8.020153e+00
4.619000e-05	-3.131100e-02	-7.987629e+00
4.620000e-05	-3.202244e-02	-7.978204e+00
4.621000e-05	-3.125796e-02	-7.980683e+00
4.622000e-05	-3.107691e-02	-8.011728e+00
4.623000e-05	-3.486725e-02	-8.011208e+00
4.624000e-05	-3.478640e-02	-7.991200e+00
4.625000e-05	-3.678965e-02	-8.010208e+00
4.626000e-05	-3.650352e-02	-8.019678e+00
4.627000e-05	-3.795665e-02	-7.992126e+00
4.628000e-05	-3.892720e-02	-8.008629e+00
4.629000e-05	-3.753647e-02	-7.990158e+00
4.630000e-05	-3.789827e-02	-8.010680e+00
4.631000e-05	-3.975260e-02	-7.980704e+00
4.632000e-05	-3.978413e-02	-7.990126e+00
4.633000e-05	-3.914088e-02	-7.978550e+00
4.634000e-05	-3.859308e-02	-7.959575e+00
4.635000e-05	-3.914101e-02	-7.927024e+00
4.636000e-05	-3.813423e-02	-7.888569e+00
4.637000e-05	-3.856423e-02	-7.906020e+00
4.638000e-05	-3.663087e-02	-7.853947e+00
4.639000e-05	-3.808914e-02	-7.806015e+00
4.640000e-05	-3.624094e-02	-7.853340e+00
4.641000e-05	-3.684430e-02	-7.811763e+00
4.642000e-05	-3.377265e-02	-7.840735e+00
4.643000e-05	-3.235587e-02	-7.769727e+00
4.644000e-05	-3.157762e-02	-7.757771e+00
4.645000e-05	-3.165802e-02	-7.678047e+00
4.646000e-05	-3.029131e-02	-7.684025e+00
4.647000e-05	-3.147463e-02	-7.675541e+00
4.648000e-05	-2.958241e-02	-7.673962e+00
4.649000e-05	-3.012066e-02	-7.644883e+00
4.650000e-05	-2.837853e-02	-7.582279e+00
4.651000e-05	-2.604318e-02	-7.568103e+00
4.652000e-05	-2.580921e-02	-7.508126e+00
4.653000e-05	-2.423340e-02	-7.496516e+00
4.654000e-05	-2.548156e-02	-7.484391e+00
4.655000e-05	-2.328916e-02	-7.454314e+00
4.656000e-05	-2.406426e-02	-7.442282e+00
4.657000e-05	-2.298284e-02	-7.400204e+00
4.658000e-05	-2.319076e-02	-7.359649e+00
4.659000e-05	-2.065475e-02	-7.319075e+00
4.660000e-05	-2.096665e-02	-7.307395e+00
4.661000e-05	-2.000721e-02	-7.245295e+00
4.662000e-05	-1.932982e-02	-7.262738e+00
4.663000e-05	-1.862120e-02	-7.231758e+00
4.664000e-05	-1.849344e-02	-7.211132e+00
4.665000e-05	-1.913654e-02	-7.180074e+00
4.666000e-05	-1.816600e-02	-7.106394e+00
4.667000e-05	-1.770438e-02	-7.122893e+00
4.668000e-05	-1.779430e-02	-7.031757e+00
4.669000e-05	-1.736713e-02	-6.960176e+00
4.670000e-05	-1.515699e-02	-6.926997e+00
4.671000e-05	-1.518235e-02	-6.875414e+00
4.672000e-05	-1.473041e-02	-6.812237e+00
4.673000e-05	-1.603926e-02	-6.781150e+00
4.674000e-05	-1.423630e-02	-6.761026e+00
4.675000e-05	-1.380205e-02	-6.707416e+00
4.676000e-05	-1.465338e-02	-6.684361e+00
4.677000e-05	-1.389251e-02	-6.671732e+00
4.678000e-05	-1.350952e-02	-6.578503e+00
4.679000e-05	-1.251990e-02	-6.547549e+00
4.680000e-05	-1.261514e-02	-6.474366e+00
4.681000e-05	-1.341815e-02	-6.442708e+00
4.682000e-05	-1.220816e-02	-6.390128e+00
4.683000e-05	-1.191121e-02	-6.368499e+00
4.684000e-05	-1.156670e-02	-6.285914e+00
4.685000e-05	-1.200833e-02	-6.202780e+00
4.686000e-05	-1.214858e-02	-6.159629e+00
4.687000e-05	-1.235421e-02	-6.073839e+00
4.688000e-05	-1.148437e-02	-6.051736e+00
4.689000e-05	-1.168658e-02	-5.999630e+00
4.690000e-05	-1.067369e-02	-5.925921e+00
4.691000e-05	-1.004158e-02	-5.894341e+00
4.692000e-05	-1.099098e-02	-5.832654e+00
4.693000e-05	-1.071299e-02	-5.760051e+00
4.694000e-05	-1.139962e-02	-5.726869e+00
4.695000e-05	-9.797091e-03	-5.702286e+00
4.696000e-05	-1.006799e-02	-5.611053e+00
4.697000e-05	-9.637161e-03	-5.558477e+00
4.698000e-05	-9.874900e-03	-5.475242e+00
4.699000e-05	-8.897152e-03	-5.407678e+00
4.700000e-05	-9.726925e-03	-5.317942e+00
4.701000e-05	-1.058278e-02	-5.232737e+00
4.702000e-05	-7.941936e-03	-5.178445e+00
4.703000e-05	-7.750459e-03	-5.117917e+00
4.704000e-05	-8.254552e-03	-5.041727e+00
4.705000e-05	-8.979481e-03	-4.947974e+00
4.706000e-05	-9.279374e-03	-4.896301e+00
4.707000e-05	-7.218991e-03	-4.729523e+00
4.708000e-05	-9.221549e-03	-4.674792e+00
4.709000e-05	-8.320508e-03	-4.612651e+00
4.710000e-05	-7.998494e-03	-4.567500e+00
4.711000e-05	-6.830762e-03	-4.537886e+00
4.712000e-05	-7.284883e-03	-4.441709e+00
4.713000e-05	-8.151907e-03	-4.390054e+00
4.714000e-05	-7.755621e-03	-4.338371e+00
4.715000e-05	-6.784450e-03	-4.284287e+00
4.716000e-05	-8.510556e-03	-4.199658e+00
4.717000e-05	-6.912422e-03	-4.167394e+00
4.718000e-05	-8.676947e-03	-4.083708e+00
4.719000e-05	-5.838359e-03	-4.001554e+00
4.720000e-05	-7.977843e-03	-3.917970e+00
4.721000e-05	-6.853654e-03	-3.866756e+00
4.722000e-05	-5.032940e-03	-3.759499e+00
4.723000e-05	-5.759365e-03	-3.691682e+00
4.724000e-05	-4.942633e-03	-3.611029e+00
4.725000e-05	-8.306181e-03	-3.556841e+00
4.726000e-05	-6.540041e-03	-3.453161e+00
4.727000e-05	-8.215752e-03	-3.410951e+00
4.728000e-05	-6.944393e-03	-3.326341e+00
4.729000e-05	-6.209051e-03	-3.223057e+00
4.730000e-05	-4.844927e-03	-3.190000e+00
4.731000e-05	-3.569424e-03	-3.075290e+00
4.732000e-05	-4.998040e-03	-2.968478e+00
4.733000e-05	-7.275839e-03	-2.864714e+00
4.734000e-05	-7.790663e-03	-2.801104e+00
4.735000e-05	-5.909762e-03	-2.768393e+00
4.736000e-05	-7.399079e-03	-2.662658e+00
4.737000e-05	-4.603779e-03	-2.569448e+00
4.738000e-05	-7.580768e-03	-2.515788e+00
4.739000e-05	-1.857347e-03	-2.442029e+00
4.740000e-05	-6.452213e-03	-2.388976e+00
4.741000e-05	-4.674489e-03	-2.274734e+00
4.742000e-05	-8.476389e-03	-2.200866e+00
4.743000e-05	-5.674116e-03	-2.033159e+00
4.744000e-05	-5.238717e-03	-1.980974e+00
4.745000e-05	-5.578533e-03	-1.956840e+00
4.746000e-05	-4.461974e-03	-1.843582e+00
4.747000e-05	-4.054626e-03	-1.767901e+00
4.748000e-05	-2.923612e-03	-1.685137e+00
4.749000e-05	-6.832731e-03	-1.631080e+00
4.750000e-05	-5.577339e-03	-1.538417e+00
4.751000e-05	-6.755535e-03	-1.452179e+00
4.752000e-05	-3.937394e-03	-1.314643e+00
4.753000e-05	-6.615478e-03	-1.179524e+00
4.754000e-05	-4.068632e-03	-1.155741e+00
4.755000e-05	-4.551069e-03	-1.042079e+00
4.756000e-05	-2.700344e-03	-9.574709e-01
4.757000e-05	-5.409395e-03	-9.241605e-01
4.758000e-05	-5.474158e-03	-8.205000e-01
4.759000e-05	-4.938806e-03	-7.458921e-01
4.760000e-05	-4.979994e-03	-6.416230e-01
4.761000e-05	-4.598084e-03	-5.436895e-01
4.762000e-05	-5.197298e-03	-4.121050e-01
4.763000e-05	-2.407018e-03	-3.383449e-01
4.764000e-05	-2.306016e-03	-2.947091e-01
4.765000e-05	-3.562147e-03	-2.019225e-01
4.766000e-05	-3.643838e-03	-1.277659e-01
4.767000e-05	-3.047857e-03	-4.160133e-02
4.768000e-05	-5.627301e-04	-1.939881e-02
4.769000e-05	1.384585e-03	6.416566e-02
4.770000e-05	-2.105433e-04	2.295789e-01
4.771000e-05	-1.180580e-03	3.263707e-01
4.772000e-05	-3.866469e-04	3.790236e-01
4.773000e-05	-2.566307e-04	4.526330e-01
4.774000e-05	2.730842e-03	4.963434e-01
4.775000e-05	1.035146e-02	6.221325e-01
4.776000e-05	3.245290e-02	7.053693e-01
4.777000e-05	2.024404e-02	7.901038e-01
4.778000e-05	-3.303208e-02	8.937642e-01
4.779000e-05	-5.204551e-02	9.701751e-01
4.780000e-05	-4.915425e-02	1.084796e+00
4.781000e-05	3.015372e-02	1.199047e+00
4.782000e-05	6.220121e-02	1.244835e+00
4.783000e-05	-6.977248e-02	1.337522e+00
4.784000e-05	7.266888e-03	1.432231e+00
4.785000e-05	7.211543e-02	1.559604e+00
4.786000e-05	-2.590984e-02	1.674714e+00
4.787000e-05	-2.821705e-03	1.717871e+00
4.788000e-05	-1.611015e-02	1.821180e+00
4.789000e-05	-4.700816e-02	1.894790e+00
4.790000e-05	5.545237e-02	1.967997e+00
4.791000e-05	3.663347e-02	2.010603e+00
4.792000e-05	-4.949982e-02	2.114816e+00
4.793000e-05	-5.157809e-03	2.159577e+00
4.794000e-05	1.569335e-02	2.232263e+00
4.795000e-05	1.850047e-02	2.297443e+00
4.796000e-05	-2.527101e-02	2.430676e+00
4.797000e-05	-2.914936e-02	2.494262e+00
4.798000e-05	4.209825e-02	2.560176e+00
4.799000e-05	2.648962e-02	2.683892e+00
4.800000e-05	-2.640801e-02	2.799127e+00
4.801000e-05	-2.815994e-02	2.873308e+00
4.802000e-05	1.837462e-02	2.895872e+00
4.803000e-05	2.290154e-02	3.010676e+00
4.804000e-05	-1.766441e-02	3.104345e+00
4.805000e-05	-7.841249e-03	3.147525e+00
4.806000e-05	1.599646e-02	3.190628e+00
4.807000e-05	8.768974e-03	3.264337e+00
4.808000e-05	-4.962246e-03	3.380155e+00
4.809000e-05	-2.032218e-02	3.454945e+00
4.810000e-05	1.033798e-02	3.569574e+00
4.811000e-05	1.409838e-02	3.663212e+00
4.812000e-05	-6.900756e-04	3.685446e+00
4.813000e-05	-8.223237e-03	3.790679e+00
4.814000e-05	4.924496e-03	3.833314e+00
4.815000e-05	1.113416e-02	3.926996e+00
4.816000e-05	-4.340918e-03	3.979629e+00
4.817000e-05	-7.208236e-03	4.053738e+00
4.818000e-05	6.285334e-03	4.149475e+00
4.819000e-05	9.882130e-03	4.222338e+00
4.820000e-05	2.321482e-03	4.307496e+00
4.821000e-05	-8.083709e-03	4.379605e+00
4.822000e-05	3.343495e-03	4.444761e+00
4.823000e-05	9.749547e-03	4.527442e+00
4.824000e-05	-3.403246e-04	4.588729e+00
4.825000e-05	-3.517340e-03	4.664248e+00
4.826000e-05	2.489915e-03	4.726476e+00
4.827000e-05	1.223523e-02	4.808648e+00
4.828000e-05	-2.059993e-03	4.882788e+00
4.829000e-05	-2.783135e-03	4.927154e+00
4.830000e-05	2.874193e-03	5.030414e+00
4.831000e-05	1.143861e-02	5.138475e+00
4.832000e-05	4.138561e-04	5.232208e+00
4.833000e-05	-2.201624e-03	5.275869e+00
4.834000e-05	5.330307e-03	5.299572e+00
4.835000e-05	1.046181e-02	5.402155e+00
4.836000e-05	2.029723e-03	5.474811e+00
4.837000e-05	-2.593529e-03	5.537518e+00
4.838000e-05	5.774963e-03	5.560105e+00
4.839000e-05	9.113713e-03	5.611860e+00
4.840000e-05	3.604840e-03	5.676467e+00
4.841000e-05	-1.589268e-03	5.729130e+00
4.842000e-05	5.089012e-03	5.862364e+00
4.843000e-05	1.057491e-02	5.916524e+00
4.844000e-05	5.323836e-03	5.969601e+00
4.845000e-05	2.751565e-04	6.043283e+00
4.846000e-05	5.717639e-03	6.083891e+00
4.847000e-05	9.752803e-03	6.116472e+00
4.848000e-05	5.466758e-03	6.148175e+00
4.849000e-05	1.530688e-05	6.220807e+00
4.850000e-05	5.147996e-03	6.263941e+00
4.851000e-05	1.015882e-02	6.286470e+00
4.852000e-05	6.743868e-03	6.369074e+00
4.853000e-05	3.142154e-03	6.433186e+00
4.854000e-05	5.651886e-03	6.464468e+00
4.855000e-05	1.100606e-02	6.526920e+00
4.856000e-05	7.423256e-03	6.577108e+00
4.857000e-05	3.140966e-03	6.613263e+00
4.858000e-05	5.061070e-03	6.684916e+00
4.859000e-05	1.006126e-02	6.725074e+00
4.860000e-05	8.711700e-03	6.770080e+00
4.861000e-05	5.750292e-03	6.801209e+00
4.862000e-05	6.355945e-03	6.863733e+00
4.863000e-05	1.093250e-02	6.874793e+00
4.864000e-05	8.773674e-03	6.926497e+00
4.865000e-05	6.088114e-03	6.967624e+00
4.866000e-05	6.516957e-03	6.970757e+00
4.867000e-05	1.177261e-02	7.000756e+00
4.868000e-05	1.075057e-02	7.075342e+00
4.869000e-05	7.562573e-03	7.106975e+00
4.870000e-05	7.332657e-03	7.147553e+00
4.871000e-05	1.121452e-02	7.149628e+00
4.872000e-05	1.166920e-02	7.201813e+00
4.873000e-05	8.223978e-03	7.252387e+00
4.874000e-05	8.404795e-03	7.264920e+00
4.875000e-05	1.289766e-02	7.305947e+00
4.876000e-05	1.327122e-02	7.329004e+00
4.877000e-05	1.036495e-02	7.398260e+00
4.878000e-05	9.321646e-03	7.434384e+00
4.879000e-05	1.231704e-02	7.444368e+00
4.880000e-05	1.303608e-02	7.476996e+00
4.881000e-05	1.107613e-02	7.548976e+00
4.882000e-05	1.194951e-02	7.558154e+00
4.883000e-05	1.513870e-02	7.591133e+00
4.884000e-05	1.493478e-02	7.631709e+00
4.885000e-05	1.325386e-02	7.643263e+00
4.886000e-05	1.368548e-02	7.634042e+00
4.887000e-05	1.588836e-02	7.674446e+00
4.888000e-05	1.501768e-02	7.717970e+00
4.889000e-05	1.400431e-02	7.706621e+00
4.890000e-05	1.515665e-02	7.759130e+00
4.891000e-05	1.739902e-02	7.769608e+00
4.892000e-05	1.840658e-02	7.771731e+00
4.893000e-05	1.638538e-02	7.790757e+00
4.894000e-05	1.842411e-02	7.814293e+00
4.895000e-05	1.967676e-02	7.821816e+00
4.896000e-05	2.019574e-02	7.882914e+00
4.897000e-05	1.818341e-02	7.882441e+00
4.898000e-05	2.027422e-02	7.852845e+00
4.899000e-05	2.174798e-02	7.885993e+00
4.900000e-05	2.283059e-02	7.914396e+00
4.901000e-05	2.189388e-02	7.966420e+00
4.902000e-05	2.262534e-02	7.885546e+00
4.903000e-05	2.464763e-02	7.966621e+00
4.904000e-05	2.592368e-02	7.908000e+00
4.905000e-05	2.471198e-02	7.916525e+00
4.906000e-05	2.594411e-02	7.968955e+00
4.907000e-05	2.819674e-02	7.889103e+00
4.908000e-05	2.960411e-02	7.978573e+00
4.909000e-05	2.886083e-02	7.917071e+00
4.910000e-05	3.039629e-02	7.977596e+00
4.911000e-05	3.172201e-02	7.986080e+00
4.912000e-05	3.312524e-02	7.930553e+00
4.913000e-05	3.262035e-02	7.898646e+00
4.914000e-05	3.302764e-02	7.946020e+00
4.915000e-05	3.294605e-02	7.948571e+00
4.916000e-05	3.498690e-02	7.885946e+00
4.917000e-05	3.318902e-02	7.937569e+00
4.918000e-05	3.412150e-02	7.915523e+00
4.919000e-05	3.327323e-02	7.904917e+00
4.920000e-05	3.370822e-02	7.844840e+00
4.921000e-05	3.196928e-02	7.913472e+00
4.922000e-05	3.245217e-02	7.862864e+00
4.923000e-05	3.149947e-02	7.843787e+00
4.924000e-05	3.193902e-02	7.851856e+00
4.925000e-05	3.018608e-02	7.769734e+00
4.926000e-05	2.967119e-02	7.780153e+00
4.927000e-05	2.793678e-02	7.738103e+00
4.928000e-05	2.726073e-02	7.708499e+00
4.929000e-05	2.699622e-02	7.687094e+00
4.930000e-05	2.600134e-02	7.705343e+00
4.931000e-05	2.436789e-02	7.684342e+00
4.932000e-05	2.493029e-02	7.643838e+00
4.933000e-05	2.360907e-02	7.633159e+00
4.934000e-05	2.354009e-02	7.591179e+00
4.935000e-05	2.109327e-02	7.530600e+00
4.936000e-05	2.103761e-02	7.561548e+00
4.937000e-05	1.971449e-02	7.525949e+00
4.938000e-05	1.898750e-02	7.474366e+00
4.939000e-05	1.878218e-02	7.432714e+00
4.940000e-05	1.832094e-02	7.361655e+00
4.941000e-05	1.647588e-02	7.380084e+00
4.942000e-05	1.680016e-02	7.316528e+00
4.943000e-05	1.683212e-02	7.294920e+00
4.944000e-05	1.557293e-02	7.294319e+00
4.945000e-05	1.522534e-02	7.232838e+00
4.946000e-05	1.374432e-02	7.230611e+00
4.947000e-05	1.351843e-02	7.171122e+00
4.948000e-05	1.228605e-02	7.129421e+00
4.949000e-05	1.215181e-02	7.115366e+00
4.950000e-05	1.159611e-02	7.043762e+00
4.951000e-05	1.187051e-02	7.032731e+00
4.952000e-05	1.081258e-02	6.990577e+00
4.953000e-05	1.126165e-02	6.949953e+00
4.954000e-05	1.058365e-02	6.914920e+00
4.955000e-05	1.000034e-02	6.883788e+00
4.956000e-05	9.976400e-03	6.842183e+00
4.957000e-05	8.958070e-03	6.781132e+00
4.958000e-05	8.829331e-03	6.791103e+00
4.959000e-05	7.453840e-03	6.725392e+00
4.960000e-05	8.781198e-03	6.683737e+00
4.961000e-05	7.729490e-03	6.639532e+00
4.962000e-05	6.862860e-03	6.558101e+00
4.963000e-05	7.171936e-03	6.463765e+00
4.964000e-05	7.856038e-03	6.432713e+00
4.965000e-05	7.328378e-03	6.410054e+00
4.966000e-05	6.333252e-03	6.330448e+00
4.967000e-05	5.515571e-03	6.305840e+00
4.968000e-05	6.012663e-03	6.274262e+00
4.969000e-05	5.049208e-03	6.189106e+00
4.970000e-05	5.055297e-03	6.177444e+00
4.971000e-05	5.249518e-03	6.075345e+00
4.972000e-05	6.297052e-03	6.044761e+00
4.973000e-05	5.156320e-03	6.000605e+00
4.974000e-05	5.075094e-03	5.970003e+00
4.975000e-05	4.976203e-03	5.905871e+00
4.976000e-05	4.806962e-03	5.870706e+00
4.977000e-05	4.408224e-03	5.748549e+00
4.978000e-05	3.288762e-03	5.674872e+00
4.979000e-05	3.970908e-03	5.622183e+00
4.980000e-05	3.539396e-03	5.569426e+00
4.981000e-05	3.750269e-03	5.517890e+00
4.982000e-05	3.529698e-03	5.432762e+00
4.983000e-05	3.479074e-03	5.419029e+00
4.984000e-05	3.304929e-03	5.348519e+00
4.985000e-05	3.519386e-03	5.304810e+00
4.986000e-05	3.289603e-03	5.231204e+00
4.987000e-05	2.427479e-03	5.177993e+00
4.988000e-05	2.931665e-03	5.092711e+00
4.989000e-05	1.647000e-03	4.958450e+00
4.990000e-05	2.092280e-03	4.834287e+00
4.991000e-05	2.378257e-03	4.770106e+00
4.992000e-05	2.198516e-03	4.748872e+00
4.993000e-05	2.462632e-03	4.683211e+00
4.994000e-05	2.407771e-03	4.600501e+00
4.995000e-05	2.984626e-03	4.516421e+00
4.996000e-05	1.853418e-03	4.472660e+00
4.997000e-05	1.437340e-03	4.410605e+00
4.998000e-05	8.299006e-04	4.389400e+00
4.999000e-05	8.506796e-04	4.305287e+00
