# 260928_12:39:45.547755
t	CH1	CH2
0.000000e+00	-3.275854e-03	-5.912786e+00
1.000000e-08	-1.334482e-02	-5.977490e+00
2.000000e-08	-2.103295e-02	-6.030049e+00
3.000000e-08	-5.526993e-03	-6.041204e+00
4.000000e-08	1.637954e-03	-6.144340e+00
5.000000e-08	-1.661476e-02	-6.237518e+00
6.000000e-08	-1.581482e-02	-6.281693e+00
7.000000e-08	-1.097854e-02	-6.344937e+00
8.000000e-08	5.417983e-05	-6.416439e+00
9.000000e-08	-1.756812e-02	-6.439054e+00
1.000000e-07	-1.667392e-02	-6.490704e+00
1.100000e-07	-9.344318e-03	-6.514383e+00
1.200000e-07	-1.733298e-03	-6.597441e+00
1.300000e-07	-1.320633e-02	-6.596524e+00
1.400000e-07	-1.953251e-02	-6.671228e+00
1.500000e-07	-1.047544e-02	-6.713760e+00
1.600000e-07	-6.399974e-03	-6.755790e+00
1.700000e-07	-1.296342e-02	-6.808991e+00
1.800000e-07	-2.085469e-02	-6.850119e+00
1.900000e-07	-8.846538e-03	-6.891178e+00
2.000000e-07	-7.287059e-03	-6.932886e+00
2.100000e-07	-1.123381e-02	-6.966066e+00
2.200000e-07	-2.313679e-02	-7.068194e+00
2.300000e-07	-1.237762e-02	-7.051800e+00
2.400000e-07	-9.776351e-03	-7.143332e+00
2.500000e-07	-1.306785e-02	-7.135488e+00
2.600000e-07	-2.092756e-02	-7.197518e+00
2.700000e-07	-1.382701e-02	-7.250224e+00
2.800000e-07	-7.906635e-03	-7.271230e+00
2.900000e-07	-1.429950e-02	-7.301881e+00
3.000000e-07	-1.977366e-02	-7.334886e+00
3.100000e-07	-1.607687e-02	-7.407492e+00
3.200000e-07	-1.252315e-02	-7.407116e+00
3.300000e-07	-1.608979e-02	-7.409569e+00
3.400000e-07	-2.108543e-02	-7.470148e+00
3.500000e-07	-1.676636e-02	-7.502704e+00
3.600000e-07	-1.328865e-02	-7.544309e+00
3.700000e-07	-1.585651e-02	-7.535311e+00
3.800000e-07	-2.180432e-02	-7.605009e+00
3.900000e-07	-1.949651e-02	-7.627517e+00
4.000000e-07	-1.499939e-02	-7.609594e+00
4.100000e-07	-1.793985e-02	-7.669720e+00
4.200000e-07	-2.290200e-02	-7.681854e+00
4.300000e-07	-2.070229e-02	-7.763258e+00
4.400000e-07	-1.736926e-02	-7.765359e+00
4.500000e-07	-1.841216e-02	-7.796566e+00
4.600000e-07	-2.409106e-02	-7.836116e+00
4.700000e-07	-2.227087e-02	-7.838688e+00
4.800000e-07	-1.885883e-02	-7.869644e+00
4.900000e-07	-2.092659e-02	-7.849751e+00
5.000000e-07	-2.450314e-02	-7.902273e+00
5.100000e-07	-2.483989e-02	-7.922783e+00
5.200000e-07	-2.127479e-02	-7.923408e+00
5.300000e-07	-2.362838e-02	-7.934934e+00
5.400000e-07	-2.721144e-02	-7.963412e+00
5.500000e-07	-2.696443e-02	-7.964963e+00
5.600000e-07	-2.341394e-02	-8.005017e+00
5.700000e-07	-2.587018e-02	-7.996992e+00
5.800000e-07	-2.901132e-02	-8.006494e+00
5.900000e-07	-2.899136e-02	-8.008047e+00
6.000000e-07	-2.706499e-02	-8.026570e+00
6.100000e-07	-2.754672e-02	-7.990051e+00
6.200000e-07	-3.263478e-02	-8.049072e+00
6.300000e-07	-3.315622e-02	-8.010124e+00
6.400000e-07	-3.116939e-02	-8.068100e+00
6.500000e-07	-3.179558e-02	-8.050602e+00
6.600000e-07	-3.577829e-02	-8.060680e+00
6.700000e-07	-3.635103e-02	-8.029599e+00
6.800000e-07	-3.407875e-02	-8.050104e+00
6.900000e-07	-3.509536e-02	-8.048122e+00
7.000000e-07	-4.027946e-02	-8.049124e+00
7.100000e-07	-3.913809e-02	-8.018646e+00
7.200000e-07	-3.872194e-02	-8.068526e+00
7.300000e-07	-3.728341e-02	-8.050589e+00
7.400000e-07	-4.163956e-02	-8.039021e+00
7.500000e-07	-4.019704e-02	-7.997996e+00
7.600000e-07	-3.838569e-02	-8.008645e+00
7.700000e-07	-3.759935e-02	-8.004495e+00
7.800000e-07	-4.025922e-02	-8.007020e+00
7.900000e-07	-3.866500e-02	-7.976423e+00
8.000000e-07	-3.789818e-02	-7.965411e+00
8.100000e-07	-3.512962e-02	-7.912383e+00
8.200000e-07	-3.912197e-02	-7.954403e+00
8.300000e-07	-3.666952e-02	-7.892182e+00
8.400000e-07	-3.436185e-02	-7.881252e+00
8.500000e-07	-3.295718e-02	-7.829700e+00
8.600000e-07	-3.381946e-02	-7.839121e+00
8.700000e-07	-3.247601e-02	-7.838622e+00
8.800000e-07	-2.956192e-02	-7.824592e+00
8.900000e-07	-3.023357e-02	-7.734934e+00
9.000000e-07	-3.064139e-02	-7.765334e+00
9.100000e-07	-3.088330e-02	-7.681831e+00
9.200000e-07	-2.845796e-02	-7.680703e+00
9.300000e-07	-2.657316e-02	-7.679120e+00
9.400000e-07	-2.677688e-02	-7.627691e+00
9.500000e-07	-2.668204e-02	-7.577016e+00
9.600000e-07	-2.384379e-02	-7.554384e+00
9.700000e-07	-2.385203e-02	-7.494885e+00
9.800000e-07	-2.357478e-02	-7.492305e+00
9.900000e-07	-2.455707e-02	-7.460726e+00
1.000000e-06	-2.229185e-02	-7.470501e+00
1.010000e-06	-2.163140e-02	-7.419020e+00
1.020000e-06	-2.117629e-02	-7.395965e+00
1.030000e-06	-2.176584e-02	-7.346414e+00
1.040000e-06	-2.067099e-02	-7.353783e+00
1.050000e-06	-1.869493e-02	-7.300707e+00
1.060000e-06	-1.945284e-02	-7.291728e+00
1.070000e-06	-1.956048e-02	-7.239474e+00
1.080000e-06	-1.880665e-02	-7.177569e+00
1.090000e-06	-1.578294e-02	-7.154865e+00
1.100000e-06	-1.755787e-02	-7.133282e+00
1.110000e-06	-1.754508e-02	-7.069548e+00
1.120000e-06	-1.689513e-02	-7.046596e+00
1.130000e-06	-1.526567e-02	-6.957017e+00
1.140000e-06	-1.569607e-02	-6.932733e+00
1.150000e-06	-1.588040e-02	-6.881204e+00
1.160000e-06	-1.485674e-02	-6.788624e+00
1.170000e-06	-1.469944e-02	-6.786441e+00
1.180000e-06	-1.410529e-02	-6.734888e+00
1.190000e-06	-1.384477e-02	-6.713731e+00
1.200000e-06	-1.395734e-02	-6.651578e+00
1.210000e-06	-1.222572e-02	-6.627546e+00
1.220000e-06	-1.286545e-02	-6.564991e+00
1.230000e-06	-1.326080e-02	-6.524238e+00
1.240000e-06	-1.229111e-02	-6.471180e+00
1.250000e-06	-1.251607e-02	-6.440075e+00
1.260000e-06	-1.266300e-02	-6.388419e+00
1.270000e-06	-1.205106e-02	-6.314882e+00
1.280000e-06	-1.219351e-02	-6.269149e+00
1.290000e-06	-1.122808e-02	-6.197012e+00
1.300000e-06	-1.087683e-02	-6.124837e+00
1.310000e-06	-1.026099e-02	-6.070705e+00
1.320000e-06	-1.140394e-02	-6.040521e+00
1.330000e-06	-1.126540e-02	-5.955467e+00
1.340000e-06	-1.093703e-02	-5.934358e+00
1.350000e-06	-1.038175e-02	-5.830178e+00
1.360000e-06	-1.004762e-02	-5.778523e+00
1.370000e-06	-1.005699e-02	-5.775388e+00
1.380000e-06	-9.642974e-03	-5.662758e+00
1.390000e-06	-8.958402e-03	-5.630073e+00
1.400000e-06	-8.880476e-03	-5.587917e+00
1.410000e-06	-9.789488e-03	-5.485333e+00
1.420000e-06	-9.579596e-03	-5.416521e+00
1.430000e-06	-8.672250e-03	-5.336314e+00
1.440000e-06	-9.610707e-03	-5.219679e+00
1.450000e-06	-9.339512e-03	-5.207494e+00
1.460000e-06	-8.371916e-03	-5.134337e+00
1.470000e-06	-7.941507e-03	-5.050125e+00
1.480000e-06	-8.531292e-03	-4.987445e+00
1.490000e-06	-8.198842e-03	-4.913850e+00
1.500000e-06	-7.100115e-03	-4.779414e+00
1.510000e-06	-7.480397e-03	-4.673786e+00
1.520000e-06	-7.807287e-03	-4.629476e+00
1.530000e-06	-7.900254e-03	-4.557919e+00
1.540000e-06	-7.983572e-03	-4.533791e+00
1.550000e-06	-8.385348e-03	-4.451200e+00
1.560000e-06	-8.800392e-03	-4.388471e+00
1.570000e-06	-5.994175e-03	-4.355416e+00
1.580000e-06	-7.993996e-03	-4.291608e+00
1.590000e-06	-7.161731e-03	-4.239550e+00
1.600000e-06	-6.788829e-03	-4.145291e+00
1.610000e-06	-6.171497e-03	-4.082259e+00
1.620000e-06	-6.995682e-03	-4.020548e+00
1.630000e-06	-8.345928e-03	-3.964891e+00
1.640000e-06	-7.783507e-03	-3.829579e+00
1.650000e-06	-7.279129e-03	-3.714938e+00
1.660000e-06	-7.670969e-03	-3.643679e+00
1.670000e-06	-7.411078e-03	-3.578473e+00
1.680000e-06	-5.371807e-03	-3.545363e+00
1.690000e-06	-5.892370e-03	-3.481156e+00
1.700000e-06	-6.229952e-03	-3.387449e+00
1.710000e-06	-7.608497e-03	-3.323807e+00
1.720000e-06	-6.226735e-03	-3.250626e+00
1.730000e-06	-7.115995e-03	-3.148969e+00
1.740000e-06	-6.029092e-03	-3.114232e+00
1.750000e-06	-8.121188e-03	-2.987972e+00
1.760000e-06	-5.236601e-03	-2.871155e+00
1.770000e-06	-5.577231e-03	-2.798996e+00
1.780000e-06	-5.238667e-03	-2.755792e+00
1.790000e-06	-6.273501e-03	-2.672704e+00
1.800000e-06	-5.899555e-03	-2.568446e+00
1.810000e-06	-5.535063e-03	-2.504213e+00
1.820000e-06	-5.668570e-03	-2.420574e+00
1.830000e-06	-8.059567e-03	-2.398422e+00
1.840000e-06	-5.698691e-03	-2.264260e+00
1.850000e-06	-4.640414e-03	-2.157440e+00
1.860000e-06	-4.761801e-03	-2.041583e+00
1.870000e-06	-6.313451e-03	-1.998000e+00
1.880000e-06	-5.295764e-03	-1.923315e+00
1.890000e-06	-4.194181e-03	-1.870555e+00
1.900000e-06	-4.744171e-03	-1.757447e+00
1.910000e-06	-5.617960e-03	-1.693158e+00
1.920000e-06	-5.441586e-03	-1.601551e+00
1.930000e-06	-4.663611e-03	-1.565417e+00
1.940000e-06	-3.442078e-03	-1.399053e+00
1.950000e-06	-5.474697e-03	-1.283216e+00
1.960000e-06	-5.373331e-03	-1.198474e+00
1.970000e-06	-4.373413e-03	-1.104262e+00
1.980000e-06	-3.499181e-03	-1.000554e+00
1.990000e-06	-5.201484e-03	-9.353410e-01
2.000000e-06	-5.130104e-03	-8.530841e-01
2.010000e-06	-4.499600e-03	-8.089526e-01
2.020000e-06	-3.415441e-03	-7.657907e-01
2.030000e-06	-3.973587e-03	-6.100000e-01
2.040000e-06	-5.547041e-03	-5.131878e-01
2.050000e-06	-4.527685e-03	-3.905013e-01
2.060000e-06	-2.539740e-03	-3.558710e-01
2.070000e-06	-3.564310e-03	-2.736316e-01
2.080000e-06	-4.584541e-03	-2.084225e-01
2.090000e-06	-3.729873e-03	-8.519171e-02
2.100000e-06	-1.962492e-04	-2.107650e-02
2.110000e-06	2.140111e-03	1.107889e-02
2.120000e-06	-4.377332e-04	1.373149e-01
2.130000e-06	-7.022539e-04	2.421514e-01
2.140000e-06	-9.577551e-04	3.568622e-01
2.150000e-06	-1.756172e-03	3.985986e-01
2.160000e-06	-2.229866e-03	4.846592e-01
2.170000e-06	3.617955e-04	5.479184e-01
2.180000e-06	2.083595e-02	6.320527e-01
2.190000e-06	4.870547e-02	7.458633e-01
2.200000e-06	-8.223564e-03	8.416263e-01
2.210000e-06	-4.193894e-02	9.654170e-01
2.220000e-06	-6.220009e-02	1.063228e+00
2.230000e-06	-4.442828e-02	1.127863e+00
2.240000e-06	1.153067e-01	1.200976e+00
2.250000e-06	-4.047600e-02	1.284687e+00
2.260000e-06	-7.574504e-02	1.378425e+00
2.270000e-06	1.151259e-01	1.485427e+00
2.280000e-06	-1.829743e-02	1.653479e+00
2.290000e-06	-4.429420e-03	1.713841e+00
2.300000e-06	1.790462e-02	1.767416e+00
2.310000e-06	-8.297812e-02	1.851654e+00
2.320000e-06	1.130097e-02	1.966888e+00
2.330000e-06	9.573310e-02	2.008974e+00
2.340000e-06	-5.774389e-02	2.073680e+00
2.350000e-06	-2.859942e-03	2.134862e+00
2.360000e-06	-1.333526e-02	2.251596e+00
2.370000e-06	2.981145e-02	2.294233e+00
2.380000e-06	1.398210e-02	2.337374e+00
2.390000e-06	-7.185748e-02	2.462605e+00
2.400000e-06	2.701449e-02	2.536391e+00
2.410000e-06	4.415089e-02	2.670149e+00
2.420000e-06	7.826450e-03	2.726888e+00
2.430000e-06	-5.180907e-02	2.839625e+00
2.440000e-06	-1.450462e-04	2.885283e+00
2.450000e-06	3.269864e-02	2.978413e+00
2.460000e-06	-2.385831e-03	3.060680e+00
2.470000e-06	-2.522340e-02	3.125263e+00
2.480000e-06	1.588678e-02	3.199972e+00
2.490000e-06	3.298916e-03	3.232678e+00
2.500000e-06	2.050695e-02	3.354893e+00
2.510000e-06	-3.249126e-02	3.443649e+00
2.520000e-06	2.282021e-04	3.547366e+00
2.530000e-06	1.724367e-02	3.640125e+00
2.540000e-06	4.601598e-03	3.703231e+00
2.550000e-06	-3.382057e-03	3.797016e+00
2.560000e-06	-1.232601e-02	3.850550e+00
2.570000e-06	2.221898e-02	3.914282e+00
2.580000e-06	-4.993812e-03	3.955445e+00
2.590000e-06	-2.535796e-03	4.040153e+00
2.600000e-06	-5.300542e-03	4.124834e+00
2.610000e-06	1.399539e-02	4.217616e+00
2.620000e-06	7.806005e-03	4.274178e+00
2.630000e-06	-7.590967e-03	4.417495e+00
2.640000e-06	-1.907916e-03	4.421178e+00
2.650000e-06	1.068977e-02	4.533334e+00
2.660000e-06	3.422915e-03	4.567962e+00
2.670000e-06	-2.509452e-03	4.660276e+00
2.680000e-06	-3.442589e-03	4.712861e+00
2.690000e-06	1.683021e-02	4.757443e+00
2.700000e-06	1.823882e-03	4.851647e+00
2.710000e-06	-1.176947e-03	4.942937e+00
2.720000e-06	-3.875789e-03	5.039596e+00
2.730000e-06	1.356726e-02	5.135804e+00
2.740000e-06	4.913372e-03	5.218070e+00
2.750000e-06	-2.927195e-03	5.270303e+00
2.760000e-06	7.138844e-04	5.325913e+00
2.770000e-06	1.128428e-02	5.398566e+00
2.780000e-06	7.287217e-03	5.472152e+00
2.790000e-06	-4.405796e-03	5.564809e+00
2.800000e-06	2.484378e-03	5.556995e+00
2.810000e-06	9.027617e-03	5.639573e+00
2.820000e-06	9.415500e-03	5.722805e+00
2.830000e-06	-3.017708e-03	5.738458e+00
2.840000e-06	2.484826e-03	5.870074e+00
2.850000e-06	9.638049e-03	5.903804e+00
2.860000e-06	9.943818e-03	5.986012e+00
2.870000e-06	-1.771605e-03	6.039574e+00
2.880000e-06	3.046869e-03	6.091731e+00
2.890000e-06	9.457969e-03	6.143858e+00
2.900000e-06	1.120738e-02	6.186515e+00
2.910000e-06	1.079583e-04	6.240100e+00
2.920000e-06	2.433185e-03	6.272780e+00
2.930000e-06	8.990561e-03	6.345359e+00
2.940000e-06	1.036043e-02	6.386992e+00
2.950000e-06	1.788913e-03	6.437041e+00
2.960000e-06	2.247626e-03	6.472758e+00
2.970000e-06	8.705675e-03	6.513356e+00
2.980000e-06	1.103921e-02	6.595963e+00
2.990000e-06	4.034194e-03	6.617589e+00
3.000000e-06	2.463067e-03	6.702833e+00
3.010000e-06	8.897533e-03	6.714407e+00
3.020000e-06	1.114248e-02	6.777041e+00
3.030000e-06	5.669889e-03	6.840072e+00
3.040000e-06	2.771034e-03	6.851175e+00
3.050000e-06	9.029835e-03	6.922358e+00
3.060000e-06	1.201167e-02	6.915885e+00
3.070000e-06	7.673594e-03	6.985938e+00
3.080000e-06	4.944142e-03	7.009169e+00
3.090000e-06	9.847907e-03	7.069599e+00
3.100000e-06	1.238015e-02	7.091756e+00
3.110000e-06	9.667476e-03	7.135361e+00
3.120000e-06	5.330635e-03	7.156518e+00
3.130000e-06	9.604228e-03	7.218115e+00
3.140000e-06	1.238118e-02	7.248045e+00
3.150000e-06	1.013291e-02	7.261079e+00
3.160000e-06	7.067653e-03	7.354831e+00
3.170000e-06	1.163574e-02	7.344513e+00
3.180000e-06	1.317546e-02	7.457991e+00
3.190000e-06	1.146567e-02	7.408171e+00
3.200000e-06	8.504925e-03	7.489278e+00
3.210000e-06	1.100360e-02	7.513324e+00
3.220000e-06	1.465871e-02	7.563860e+00
3.230000e-06	1.315719e-02	7.606065e+00
3.240000e-06	1.081019e-02	7.628496e+00
3.250000e-06	1.231750e-02	7.689571e+00
3.260000e-06	1.730375e-02	7.690101e+00
3.270000e-06	1.475558e-02	7.742274e+00
3.280000e-06	1.189542e-02	7.722303e+00
3.290000e-06	1.299269e-02	7.754885e+00
3.300000e-06	1.788331e-02	7.764936e+00
3.310000e-06	1.667033e-02	7.835988e+00
3.320000e-06	1.504797e-02	7.818966e+00
3.330000e-06	1.578614e-02	7.838595e+00
3.340000e-06	1.845881e-02	7.838621e+00
3.350000e-06	1.867477e-02	7.840177e+00
3.360000e-06	1.628281e-02	7.839171e+00
3.370000e-06	1.708471e-02	7.952279e+00
3.380000e-06	1.933876e-02	7.921304e+00
3.390000e-06	2.062763e-02	7.942958e+00
3.400000e-06	1.942294e-02	7.943359e+00
3.410000e-06	1.996887e-02	7.983534e+00
3.420000e-06	2.299132e-02	7.955461e+00
3.430000e-06	2.483795e-02	8.007842e+00
3.440000e-06	2.123412e-02	7.956087e+00
3.450000e-06	2.219713e-02	7.966042e+00
3.460000e-06	2.414438e-02	8.056517e+00
3.470000e-06	2.782008e-02	7.984596e+00
3.480000e-06	2.489846e-02	7.998139e+00
3.490000e-06	2.599107e-02	8.027167e+00
3.500000e-06	2.812488e-02	8.026468e+00
3.510000e-06	3.258314e-02	7.986118e+00
3.520000e-06	2.833138e-02	8.016940e+00
3.530000e-06	3.052805e-02	8.057545e+00
3.540000e-06	3.098999e-02	8.036487e+00
3.550000e-06	3.508083e-02	8.046071e+00
3.560000e-06	3.283811e-02	7.986441e+00
3.570000e-06	3.240499e-02	8.007492e+00
3.580000e-06	3.288581e-02	7.985491e+00
3.590000e-06	3.410820e-02	7.976581e+00
3.600000e-06	3.380233e-02	7.995491e+00
3.610000e-06	3.378898e-02	7.996413e+00
3.620000e-06	3.358412e-02	8.014421e+00
3.630000e-06	3.370936e-02	7.973886e+00
3.640000e-06	3.327402e-02	7.944356e+00
3.650000e-06	3.039338e-02	7.923830e+00
3.660000e-06	3.103006e-02	7.881804e+00
3.670000e-06	3.075081e-02	7.894152e+00
3.680000e-06	3.002346e-02	7.849352e+00
3.690000e-06	2.867709e-02	7.900150e+00
3.700000e-06	2.801167e-02	7.827649e+00
3.710000e-06	2.726148e-02	7.807542e+00
3.720000e-06	2.724270e-02	7.825991e+00
3.730000e-06	2.459400e-02	7.764987e+00
3.740000e-06	2.449400e-02	7.722859e+00
3.750000e-06	2.390007e-02	7.702408e+00
3.760000e-06	2.383878e-02	7.721832e+00
3.770000e-06	2.164050e-02	7.671074e+00
3.780000e-06	2.039374e-02	7.628575e+00
3.790000e-06	2.010415e-02	7.648546e+00
3.800000e-06	2.042016e-02	7.615966e+00
3.810000e-06	1.952199e-02	7.503908e+00
3.820000e-06	1.764795e-02	7.502851e+00
3.830000e-06	1.763648e-02	7.469748e+00
3.840000e-06	1.797141e-02	7.458120e+00
3.850000e-06	1.607933e-02	7.406041e+00
3.860000e-06	1.522425e-02	7.392936e+00
3.870000e-06	1.391634e-02	7.333333e+00
3.880000e-06	1.517911e-02	7.311728e+00
3.890000e-06	1.434167e-02	7.278673e+00
3.900000e-06	1.406778e-02	7.207594e+00
3.910000e-06	1.258600e-02	7.156465e+00
3.920000e-06	1.291952e-02	7.145311e+00
3.930000e-06	1.205394e-02	7.112258e+00
3.940000e-06	1.201864e-02	7.073203e+00
3.950000e-06	1.033267e-02	7.069073e+00
3.960000e-06	1.055846e-02	6.997045e+00
3.970000e-06	1.076757e-02	6.935040e+00
3.980000e-06	1.001413e-02	6.913255e+00
3.990000e-06	9.377434e-03	6.871708e+00
4.000000e-06	9.024071e-03	6.859601e+00
4.010000e-06	9.382557e-03	6.827994e+00
4.020000e-06	8.657673e-03	6.744911e+00
4.030000e-06	8.184216e-03	6.703253e+00
4.040000e-06	7.242565e-03	6.690653e+00
4.050000e-06	7.956763e-03	6.577017e+00
4.060000e-06	7.746599e-03	6.543785e+00
4.070000e-06	5.500423e-03	6.501205e+00
4.080000e-06	6.154207e-03	6.429623e+00
4.090000e-06	6.475926e-03	6.397466e+00
4.100000e-06	6.463482e-03	6.324837e+00
4.110000e-06	6.322995e-03	6.303182e+00
4.120000e-06	5.431983e-03	6.250599e+00
4.130000e-06	5.668750e-03	6.177019e+00
4.140000e-06	5.602996e-03	6.154915e+00
4.150000e-06	4.407906e-03	6.102755e+00
4.160000e-06	3.994384e-03	6.069582e+00
4.170000e-06	3.322504e-03	6.019540e+00
4.180000e-06	5.056995e-03	5.973438e+00
4.190000e-06	4.650884e-03	5.891675e+00
4.200000e-06	4.638480e-03	5.796468e+00
4.210000e-06	3.786763e-03	5.753358e+00
4.220000e-06	4.243655e-03	5.632180e+00
4.230000e-06	3.323874e-03	5.588072e+00
4.240000e-06	3.113351e-03	5.526814e+00
4.250000e-06	2.662601e-03	5.502779e+00
4.260000e-06	2.612816e-03	5.439076e+00
4.270000e-06	3.454025e-03	5.386895e+00
4.280000e-06	1.996381e-03	5.332884e+00
4.290000e-06	2.018358e-03	5.240695e+00
4.300000e-06	3.023590e-03	5.164417e+00
4.310000e-06	3.426482e-03	5.071203e+00
4.320000e-06	1.753414e-03	4.954444e+00
4.330000e-06	1.326119e-03	4.873708e+00
4.340000e-06	2.489764e-03	4.829574e+00
4.350000e-06	2.420539e-03	4.755966e+00
4.360000e-06	9.247393e-04	4.663258e+00
4.370000e-06	1.510915e-03	4.639025e+00
4.380000e-06	1.857734e-03	4.606387e+00
4.390000e-06	2.538855e-03	4.472784e+00
4.400000e-06	9.281069e-04	4.420054e+00
4.410000e-06	4.217052e-04	4.367469e+00
4.420000e-06	1.832686e-03	4.303282e+00
4.430000e-06	1.149750e-03	4.197992e+00
4.440000e-06	8.634085e-04	4.074258e+00
4.450000e-06	-2.021012e-04	3.999996e+00
4.460000e-06	9.519592e-04	3.967466e+00
4.470000e-06	7.917330e-04	3.903231e+00
4.480000e-06	-1.003625e-03	3.840574e+00
4.490000e-06	6.080962e-04	3.725867e+00
4.500000e-06	4.784127e-04	3.652157e+00
4.510000e-06	9.839803e-04	3.620046e+00
4.520000e-06	-3.463383e-04	3.576417e+00
4.530000e-06	3.360972e-04	3.503633e+00
4.540000e-06	-2.288290e-04	3.375890e+00
4.550000e-06	-6.852958e-04	3.272179e+00
4.560000e-06	-7.373533e-04	3.209051e+00
4.570000e-06	-1.138098e-03	3.155415e+00
4.580000e-06	2.086544e-05	3.062604e+00
4.590000e-06	-8.669070e-04	2.978498e+00
4.600000e-06	-1.783897e-03	2.904263e+00
4.610000e-06	5.182841e-05	2.820526e+00
4.620000e-06	-7.673578e-04	2.789495e+00
4.630000e-06	-2.460331e-04	2.685237e+00
4.640000e-06	-8.783385e-04	2.548398e+00
4.650000e-06	-1.213676e-03	2.491708e+00
4.660000e-06	-1.149687e-03	2.419974e+00
4.670000e-06	-1.245908e-03	2.336288e+00
4.680000e-06	-1.416164e-03	2.252104e+00
4.690000e-06	-1.988991e-03	2.188865e+00
4.700000e-06	-1.566710e-03	2.092733e+00
4.710000e-06	-4.794636e-04	2.020501e+00
4.720000e-06	-7.197518e-04	1.967843e+00
4.730000e-06	-1.294760e-03	1.913684e+00
4.740000e-06	-2.825202e-03	1.797449e+00
4.750000e-06	-2.049646e-03	1.704288e+00
4.760000e-06	-2.066188e-03	1.651075e+00
4.770000e-06	-3.015269e-03	1.514836e+00
4.780000e-06	-1.693099e-03	1.440475e+00
4.790000e-06	-2.420006e-03	1.346340e+00
4.800000e-06	-1.843268e-03	1.232079e+00
4.810000e-06	-1.877105e-03	1.168946e+00
4.820000e-06	-2.268656e-03	1.043204e+00
4.830000e-06	-2.706950e-03	9.152695e-01
4.840000e-06	-3.142722e-03	8.314739e-01
4.850000e-06	-1.985142e-03	7.478945e-01
4.860000e-06	-3.221074e-03	6.742858e-01
4.870000e-06	-3.794335e-03	5.899250e-01
4.880000e-06	-3.213418e-03	5.342919e-01
4.890000e-06	-3.416452e-03	4.320553e-01
4.900000e-06	-3.068962e-03	3.899474e-01
4.910000e-06	-4.755631e-03	2.937818e-01
4.920000e-06	-3.264052e-03	1.773971e-01
4.930000e-06	-2.831737e-03	5.258163e-02
4.940000e-06	-2.356168e-03	8.472362e-03
4.950000e-06	-2.958733e-03	-1.251569e-01
4.960000e-06	-6.249265e-04	-1.679209e-01
4.970000e-06	-1.194016e-03	-2.335765e-01
4.980000e-06	-6.297287e-04	-3.238644e-01
4.990000e-06	-4.047251e-03	-3.994975e-01
5.000000e-06	-3.164078e-03	-4.620551e-01
5.010000e-06	-1.705514e-03	-5.358171e-01
5.020000e-06	8.581497e-03	-6.327028e-01
5.030000e-06	6.030112e-02	-7.389683e-01
5.040000e-06	1.250252e-02	-7.916051e-01
5.050000e-06	-4.274851e-02	-9.377896e-01
5.060000e-06	-7.814619e-02	-1.043205e+00
5.070000e-06	-7.761441e-02	-1.136343e+00
5.080000e-06	1.408389e-01	-1.167396e+00
5.090000e-06	-2.876515e-02	-1.272655e+00
5.100000e-06	-8.347919e-02	-1.419972e+00
5.110000e-06	1.232535e-01	-1.482813e+00
5.120000e-06	-3.513516e-02	-1.556344e+00
5.130000e-06	-3.294180e-02	-1.684707e+00
5.140000e-06	7.009499e-02	-1.714841e+00
5.150000e-06	-1.302476e-01	-1.790101e+00
5.160000e-06	-1.728791e-02	-1.855283e+00
5.170000e-06	1.254309e-01	-1.947918e+00
5.180000e-06	-8.482139e-02	-2.031580e+00
5.190000e-06	1.502995e-02	-2.142730e+00
5.200000e-06	-5.625746e-03	-2.148470e+00
5.210000e-06	-2.973859e-03	-2.317828e+00
5.220000e-06	5.827726e-02	-2.379949e+00
5.230000e-06	-1.274807e-01	-2.481132e+00
5.240000e-06	4.337543e-02	-2.588916e+00
5.250000e-06	8.698420e-02	-2.682177e+00
5.260000e-06	-6.696172e-02	-2.747888e+00
5.270000e-06	-1.017410e-02	-2.808021e+00
5.280000e-06	-4.226990e-02	-2.831707e+00
5.290000e-06	5.848155e-02	-3.017396e+00
5.300000e-06	4.519191e-03	-3.103775e+00
5.310000e-06	-9.274648e-02	-3.156913e+00
5.320000e-06	7.624825e-02	-3.241156e+00
5.330000e-06	-2.406123e-02	-3.305291e+00
5.340000e-06	2.082174e-02	-3.408519e+00
5.350000e-06	-4.582339e-02	-3.441128e+00
5.360000e-06	-3.012602e-02	-3.504836e+00
5.370000e-06	7.208964e-02	-3.589516e+00
5.380000e-06	-5.571166e-02	-3.671678e+00
5.390000e-06	1.329181e-02	-3.735417e+00
5.400000e-06	-2.782893e-02	-3.832694e+00
5.410000e-06	2.170061e-02	-3.976887e+00
5.420000e-06	6.590953e-03	-4.020105e+00
5.430000e-06	-5.718546e-02	-4.092232e+00
5.440000e-06	2.694033e-02	-4.136361e+00
5.450000e-06	-1.405622e-02	-4.230450e+00
5.460000e-06	1.915755e-02	-4.275232e+00
5.470000e-06	-3.831881e-02	-4.335865e+00
5.480000e-06	-1.293243e-02	-4.410473e+00
5.490000e-06	2.471565e-02	-4.450727e+00
5.500000e-06	-2.188521e-02	-4.535412e+00
5.510000e-06	-4.713114e-03	-4.600049e+00
5.520000e-06	-2.901369e-02	-4.712758e+00
5.530000e-06	2.568832e-02	-4.746411e+00
5.540000e-06	-1.227587e-02	-4.809696e+00
5.550000e-06	-2.177081e-02	-4.915331e+00
5.560000e-06	-1.102093e-02	-4.964461e+00
5.570000e-06	6.152881e-04	-5.010199e+00
5.580000e-06	5.090799e-03	-5.104361e+00
5.590000e-06	-3.179999e-02	-5.207490e+00
5.600000e-06	-2.563247e-03	-5.282823e+00
5.610000e-06	-2.299753e-03	-5.375366e+00
5.620000e-06	1.988187e-03	-5.431098e+00
5.630000e-06	-2.660715e-02	-5.505379e+00
5.640000e-06	-1.093710e-02	-5.598515e+00
5.650000e-06	2.063977e-03	-5.650170e+00
5.660000e-06	-5.893059e-03	-5.714809e+00
5.670000e-06	-1.739869e-02	-5.776365e+00
5.680000e-06	-1.836440e-02	-5.818624e+00
5.690000e-06	5.676584e-03	-5.881251e+00
5.700000e-06	-8.221832e-03	-5.965937e+00
5.710000e-06	-1.537730e-02	-5.989492e+00
5.720000e-06	-1.927729e-02	-6.029123e+00
5.730000e-06	2.594116e-03	-6.073333e+00
5.740000e-06	-7.581906e-03	-6.186442e+00
5.750000e-06	-1.738960e-02	-6.249692e+00
5.760000e-06	-1.753155e-02	-6.280835e+00
5.770000e-06	-3.287313e-03	-6.383957e+00
5.780000e-06	-6.281160e-03	-6.418569e+00
5.790000e-06	-1.746683e-02	-6.469653e+00
5.800000e-06	-1.586671e-02	-6.492757e+00
5.810000e-06	-7.049015e-03	-6.516412e+00
5.820000e-06	-3.301290e-03	-6.607013e+00
5.830000e-06	-1.860635e-02	-6.628574e+00
5.840000e-06	-1.615828e-02	-6.670782e+00
5.850000e-06	-9.332917e-03	-6.725436e+00
5.860000e-06	-5.425751e-03	-6.786941e+00
5.870000e-06	-1.655649e-02	-6.798125e+00
5.880000e-06	-1.888623e-02	-6.850625e+00
5.890000e-06	-8.964733e-03	-6.872757e+00
5.900000e-06	-8.251490e-03	-6.934336e+00
5.910000e-06	-1.549594e-02	-6.966016e+00
5.920000e-06	-1.994850e-02	-7.028747e+00
5.930000e-06	-9.097771e-03	-7.102752e+00
5.940000e-06	-9.627626e-03	-7.152457e+00
5.950000e-06	-1.517717e-02	-7.216443e+00
5.960000e-06	-2.040877e-02	-7.217595e+00
5.970000e-06	-1.230454e-02	-7.251225e+00
5.980000e-06	-1.083881e-02	-7.292308e+00
5.990000e-06	-1.596996e-02	-7.334883e+00
6.000000e-06	-1.998501e-02	-7.343960e+00
6.010000e-06	-1.381896e-02	-7.376041e+00
6.020000e-06	-1.104714e-02	-7.438617e+00
6.030000e-06	-1.626518e-02	-7.448028e+00
6.040000e-06	-2.017409e-02	-7.470774e+00
6.050000e-06	-1.514819e-02	-7.512384e+00
6.060000e-06	-1.271876e-02	-7.555433e+00
6.070000e-06	-1.839309e-02	-7.575512e+00
6.080000e-06	-2.074560e-02	-7.599013e+00
6.090000e-06	-1.826422e-02	-7.608521e+00
6.100000e-06	-1.455395e-02	-7.680169e+00
6.110000e-06	-1.864480e-02	-7.669176e+00
6.120000e-06	-2.199353e-02	-7.742299e+00
6.130000e-06	-1.949090e-02	-7.713883e+00
6.140000e-06	-1.656336e-02	-7.763558e+00
6.150000e-06	-1.951738e-02	-7.818140e+00
6.160000e-06	-2.429868e-02	-7.808142e+00
6.170000e-06	-2.133844e-02	-7.849219e+00
6.180000e-06	-1.994703e-02	-7.901199e+00
6.190000e-06	-2.233114e-02	-7.870224e+00
6.200000e-06	-2.515492e-02	-7.922250e+00
6.210000e-06	-2.340155e-02	-7.952848e+00
6.220000e-06	-2.160564e-02	-7.902882e+00
6.230000e-06	-2.422529e-02	-7.933986e+00
6.240000e-06	-2.715119e-02	-7.945538e+00
6.250000e-06	-2.665878e-02	-8.016536e+00
6.260000e-06	-2.409418e-02	-7.975942e+00
6.270000e-06	-2.683192e-02	-7.997465e+00
6.280000e-06	-3.008667e-02	-8.047016e+00
6.290000e-06	-2.921167e-02	-8.019542e+00
6.300000e-06	-2.736329e-02	-8.019525e+00
6.310000e-06	-2.911569e-02	-8.070049e+00
6.320000e-06	-3.285405e-02	-8.061099e+00
6.330000e-06	-3.220130e-02	-8.019522e+00
6.340000e-06	-3.071162e-02	-8.039096e+00
6.350000e-06	-3.185853e-02	-8.029619e+00
6.360000e-06	-3.642281e-02	-8.039626e+00
6.370000e-06	-3.664603e-02	-8.060628e+00
6.380000e-06	-3.520446e-02	-8.039625e+00
6.390000e-06	-3.676377e-02	-8.061626e+00
6.400000e-06	-4.008050e-02	-8.008576e+00
6.410000e-06	-3.957393e-02	-8.049047e+00
6.420000e-06	-3.675466e-02	-8.057549e+00
6.430000e-06	-3.820005e-02	-8.049074e+00
6.440000e-06	-4.069692e-02	-8.049096e+00
6.450000e-06	-4.035294e-02	-8.027946e+00
6.460000e-06	-3.821423e-02	-8.018474e+00
6.470000e-06	-3.859474e-02	-7.986968e+00
6.480000e-06	-4.007865e-02	-8.004463e+00
6.490000e-06	-3.831891e-02	-7.923491e+00
6.500000e-06	-3.667904e-02	-7.974935e+00
6.510000e-06	-3.649666e-02	-7.954884e+00
6.520000e-06	-3.798866e-02	-7.931355e+00
6.530000e-06	-3.673411e-02	-7.921707e+00
6.540000e-06	-3.305484e-02	-7.890776e+00
6.550000e-06	-3.296563e-02	-7.839274e+00
6.560000e-06	-3.322425e-02	-7.879144e+00
6.570000e-06	-3.267604e-02	-7.808592e+00
6.580000e-06	-2.991823e-02	-7.796961e+00
6.590000e-06	-3.057111e-02	-7.794912e+00
6.600000e-06	-3.112632e-02	-7.734381e+00
6.610000e-06	-2.902786e-02	-7.721780e+00
6.620000e-06	-2.737381e-02	-7.651224e+00
6.630000e-06	-2.648643e-02	-7.638174e+00
6.640000e-06	-2.650693e-02	-7.610121e+00
6.650000e-06	-2.488951e-02	-7.555467e+00
6.660000e-06	-2.385496e-02	-7.563859e+00
6.670000e-06	-2.415486e-02	-7.523834e+00
6.680000e-06	-2.546218e-02	-7.482204e+00
6.690000e-06	-2.327210e-02	-7.439649e+00
6.700000e-06	-2.129681e-02	-7.407647e+00
6.710000e-06	-2.179204e-02	-7.376517e+00
6.720000e-06	-2.096459e-02	-7.365044e+00
6.730000e-06	-1.993061e-02	-7.324860e+00
6.740000e-06	-1.883584e-02	-7.322808e+00
6.750000e-06	-1.893071e-02	-7.311758e+00
6.760000e-06	-2.009828e-02	-7.280103e+00
6.770000e-06	-1.889397e-02	-7.198045e+00
6.780000e-06	-1.771395e-02	-7.178987e+00
6.790000e-06	-1.744422e-02	-7.123913e+00
6.800000e-06	-1.792016e-02	-7.114282e+00
6.810000e-06	-1.639143e-02	-7.037198e+00
6.820000e-06	-1.468769e-02	-6.996943e+00
6.830000e-06	-1.516538e-02	-6.955436e+00
6.840000e-06	-1.537547e-02	-6.883254e+00
6.850000e-06	-1.568621e-02	-6.821699e+00
6.860000e-06	-1.456730e-02	-6.796518e+00
6.870000e-06	-1.548155e-02	-6.746441e+00
6.880000e-06	-1.594498e-02	-6.744282e+00
6.890000e-06	-1.348254e-02	-6.682678e+00
6.900000e-06	-1.282726e-02	-6.639624e+00
6.910000e-06	-1.358136e-02	-6.586969e+00
6.920000e-06	-1.334752e-02	-6.564867e+00
6.930000e-06	-1.255042e-02	-6.482208e+00
6.940000e-06	-1.235559e-02	-6.470707e+00
6.950000e-06	-1.232556e-02	-6.399021e+00
6.960000e-06	-1.242623e-02	-6.385894e+00
6.970000e-06	-1.179501e-02	-6.312787e+00
6.980000e-06	-1.222954e-02	-6.229651e+00
6.990000e-06	-1.181683e-02	-6.215987e+00
7.000000e-06	-1.135039e-02	-6.102809e+00
7.010000e-06	-1.096698e-02	-6.061179e+00
7.020000e-06	-1.038892e-02	-6.027524e+00
7.030000e-06	-1.104420e-02	-5.976313e+00
7.040000e-06	-9.726874e-03	-5.933311e+00
7.050000e-06	-1.165035e-02	-5.829600e+00
7.060000e-06	-1.013689e-02	-5.816016e+00
7.070000e-06	-1.189918e-02	-5.713184e+00
7.080000e-06	-9.759658e-03	-5.662680e+00
7.090000e-06	-7.869060e-03	-5.610625e+00
7.100000e-06	-9.116690e-03	-5.534863e+00
7.110000e-06	-8.377291e-03	-5.482753e+00
7.120000e-06	-1.054376e-02	-5.436420e+00
7.130000e-06	-9.470308e-03	-5.283810e+00
7.140000e-06	-1.146442e-02	-5.218648e+00
7.150000e-06	-9.580807e-03	-5.147440e+00
7.160000e-06	-8.006888e-03	-5.092764e+00
7.170000e-06	-6.702855e-03	-4.997128e+00
7.180000e-06	-6.931525e-03	-4.954862e+00
7.190000e-06	-7.144123e-03	-4.820979e+00
7.200000e-06	-8.017689e-03	-4.783508e+00
7.210000e-06	-9.087135e-03	-4.661209e+00
7.220000e-06	-9.630728e-03	-4.631074e+00
7.230000e-06	-8.970982e-03	-4.576447e+00
7.240000e-06	-7.207759e-03	-4.483288e+00
7.250000e-06	-7.057000e-03	-4.430100e+00
7.260000e-06	-5.843853e-03	-4.396971e+00
7.270000e-06	-8.195463e-03	-4.335316e+00
7.280000e-06	-6.268996e-03	-4.272254e+00
7.290000e-06	-8.838300e-03	-4.198449e+00
7.300000e-06	-7.555688e-03	-4.113260e+00
7.310000e-06	-8.472089e-03	-4.061607e+00
7.320000e-06	-6.763962e-03	-3.978975e+00
7.330000e-06	-6.838105e-03	-3.955311e+00
7.340000e-06	-7.009333e-03	-3.852030e+00
7.350000e-06	-6.971278e-03	-3.714267e+00
7.360000e-06	-6.211388e-03	-3.621053e+00
7.370000e-06	-4.895691e-03	-3.566921e+00
7.380000e-06	-7.398560e-03	-3.515287e+00
7.390000e-06	-6.494807e-03	-3.411054e+00
7.400000e-06	-7.434742e-03	-3.378919e+00
7.410000e-06	-5.784692e-03	-3.273182e+00
7.420000e-06	-7.910072e-03	-3.220501e+00
7.430000e-06	-5.910714e-03	-3.158864e+00
7.440000e-06	-4.849599e-03	-3.071728e+00
7.450000e-06	-4.169775e-03	-2.935863e+00
7.460000e-06	-6.172217e-03	-2.851056e+00
7.470000e-06	-7.317909e-03	-2.798021e+00
7.480000e-06	-6.305437e-03	-2.692841e+00
7.490000e-06	-6.808999e-03	-2.640127e+00
7.500000e-06	-6.047746e-03	-2.586871e+00
7.510000e-06	-6.012717e-03	-2.431657e+00
7.520000e-06	-4.098232e-03	-2.380499e+00
7.530000e-06	-4.107876e-03	-2.336317e+00
7.540000e-06	-6.200187e-03	-2.239581e+00
7.550000e-06	-6.320776e-03	-2.133263e+00
7.560000e-06	-4.996643e-03	-2.020581e+00
7.570000e-06	-5.588853e-03	-1.978420e+00
7.580000e-06	-6.391630e-03	-1.902688e+00
7.590000e-06	-4.660418e-03	-1.800599e+00
7.600000e-06	-3.762946e-03	-1.746267e+00
7.610000e-06	-4.694202e-03	-1.650107e+00
7.620000e-06	-5.378899e-03	-1.609497e+00
7.630000e-06	-6.037369e-03	-1.486763e+00
7.640000e-06	-4.313441e-03	-1.366969e+00
7.650000e-06	-4.202526e-03	-1.261080e+00
7.660000e-06	-5.953104e-03	-1.147919e+00
7.670000e-06	-4.272541e-03	-1.032185e+00
7.680000e-06	-4.377808e-03	-9.900210e-01
7.690000e-06	-4.204833e-03	-9.332155e-01
7.700000e-06	-6.297921e-03	-8.505439e-01
7.710000e-06	-5.785144e-03	-7.988687e-01
7.720000e-06	-3.602507e-03	-6.331593e-01
7.730000e-06	-3.867773e-03	-5.689725e-01
7.740000e-06	-3.528090e-03	-4.715542e-01
7.750000e-06	-4.523723e-03	-3.905000e-01
7.760000e-06	-3.197473e-03	-3.062368e-01
7.770000e-06	-3.005927e-03	-2.315289e-01
7.780000e-06	-5.212579e-03	-1.488210e-01
7.790000e-06	-3.702629e-03	-6.370907e-02
7.800000e-06	-1.298962e-03	-1.002619e-02
7.810000e-06	3.127949e-03	4.052890e-02
7.820000e-06	-7.551392e-04	1.573948e-01
7.830000e-06	-3.713693e-04	2.962093e-01
7.840000e-06	-5.689394e-04	3.784959e-01
7.850000e-06	-6.093158e-04	4.295275e-01
7.860000e-06	-1.175827e-03	4.936844e-01
7.870000e-06	3.901549e-03	5.780475e-01
7.880000e-06	3.074721e-02	6.527128e-01
7.890000e-06	4.068914e-02	7.769698e-01
7.900000e-06	-2.814964e-02	8.211803e-01
7.910000e-06	-4.584563e-02	9.805681e-01
7.920000e-06	-7.460855e-02	1.103630e+00
7.930000e-06	1.551108e-02	1.175443e+00
7.940000e-06	1.015048e-01	1.241581e+00
7.950000e-06	-1.006740e-01	1.335912e+00
7.960000e-06	9.898961e-03	1.429546e+00
7.970000e-06	8.160848e-02	1.586967e+00
7.980000e-06	-2.877268e-02	1.656233e+00
7.990000e-06	1.812344e-02	1.733957e+00
8.000000e-06	-2.389487e-02	1.779022e+00
8.010000e-06	-7.255071e-02	1.903734e+00
8.020000e-06	6.335598e-02	1.958368e+00
8.030000e-06	5.565126e-02	2.020049e+00
8.040000e-06	-6.782525e-02	2.074258e+00
8.050000e-06	1.714213e-02	2.156938e+00
8.060000e-06	-2.063030e-02	2.271678e+00
8.070000e-06	5.786075e-02	2.334833e+00
8.080000e-06	-3.784906e-02	2.368995e+00
8.090000e-06	-4.751049e-02	2.441181e+00
8.100000e-06	4.598650e-02	2.560466e+00
8.110000e-06	3.910036e-02	2.704801e+00
8.120000e-06	-2.071356e-02	2.798916e+00
8.130000e-06	-4.568285e-02	2.841177e+00
8.140000e-06	2.659858e-02	2.946284e+00
8.150000e-06	2.490531e-02	2.977497e+00
8.160000e-06	-1.818992e-02	3.053206e+00
8.170000e-06	-1.119493e-02	3.157866e+00
8.180000e-06	1.479483e-02	3.220999e+00
8.190000e-06	9.824969e-03	3.272831e+00
8.200000e-06	9.758402e-03	3.407440e+00
8.210000e-06	-3.993338e-02	3.495233e+00
8.220000e-06	2.087364e-02	3.577440e+00
8.230000e-06	8.451082e-03	3.660626e+00
8.240000e-06	7.541259e-03	3.745283e+00
8.250000e-06	-1.596092e-02	3.777043e+00
8.260000e-06	3.936784e-03	3.891180e+00
8.270000e-06	1.568256e-02	3.935911e+00
8.280000e-06	-6.518629e-03	3.968047e+00
8.290000e-06	-3.930284e-03	4.061649e+00
8.300000e-06	-1.818674e-03	4.157463e+00
8.310000e-06	1.668724e-02	4.260074e+00
8.320000e-06	2.063537e-03	4.306362e+00
8.330000e-06	-8.508921e-03	4.417575e+00
8.340000e-06	2.884254e-03	4.451180e+00
8.350000e-06	9.983710e-03	4.537386e+00
8.360000e-06	3.402814e-03	4.639097e+00
8.370000e-06	-7.751037e-03	4.712260e+00
8.380000e-06	3.464124e-03	4.726862e+00
8.390000e-06	1.223119e-02	4.819021e+00
8.400000e-06	-6.292647e-04	4.930285e+00
8.410000e-06	-3.636155e-03	4.984937e+00
8.420000e-06	1.704194e-05	5.059727e+00
8.430000e-06	1.466345e-02	5.157438e+00
8.440000e-06	4.517496e-04	5.229122e+00
8.450000e-06	-1.583899e-03	5.293831e+00
8.460000e-06	2.105744e-03	5.378415e+00
8.470000e-06	1.387329e-02	5.429999e+00
8.480000e-06	2.231681e-03	5.522757e+00
8.490000e-06	-2.544186e-03	5.516385e+00
8.500000e-06	1.951379e-03	5.638994e+00
8.510000e-06	1.112434e-02	5.650076e+00
8.520000e-06	4.288158e-03	5.702782e+00
8.530000e-06	-2.030294e-03	5.848014e+00
8.540000e-06	3.567669e-03	5.860151e+00
8.550000e-06	1.022137e-02	5.964936e+00
8.560000e-06	8.075961e-03	6.027012e+00
8.570000e-06	-1.222791e-03	6.090155e+00
8.580000e-06	4.152494e-03	6.132382e+00
8.590000e-06	8.919916e-03	6.135915e+00
8.600000e-06	7.838429e-03	6.207018e+00
8.610000e-06	-1.190852e-03	6.261198e+00
8.620000e-06	3.457027e-03	6.283910e+00
8.630000e-06	1.025160e-02	6.335413e+00
8.640000e-06	1.018522e-02	6.399542e+00
8.650000e-06	1.236024e-03	6.441125e+00
8.660000e-06	5.149650e-03	6.563833e+00
8.670000e-06	1.044161e-02	6.515312e+00
8.680000e-06	9.496706e-03	6.629544e+00
8.690000e-06	1.602994e-03	6.651249e+00
8.700000e-06	3.851435e-03	6.751782e+00
8.710000e-06	9.832820e-03	6.755990e+00
8.720000e-06	1.017907e-02	6.847519e+00
8.730000e-06	5.462841e-03	6.849051e+00
8.740000e-06	5.283219e-03	6.891805e+00
8.750000e-06	1.108764e-02	6.935886e+00
8.760000e-06	1.093000e-02	6.947411e+00
8.770000e-06	6.295251e-03	7.007517e+00
8.780000e-06	4.886430e-03	7.018598e+00
8.790000e-06	1.057334e-02	7.101154e+00
8.800000e-06	1.013317e-02	7.112333e+00
8.810000e-06	7.623117e-03	7.125985e+00
8.820000e-06	7.060084e-03	7.208537e+00
8.830000e-06	1.173822e-02	7.208623e+00
8.840000e-06	1.220283e-02	7.229173e+00
8.850000e-06	9.048514e-03	7.321675e+00
8.860000e-06	8.395275e-03	7.352361e+00
8.870000e-06	1.203475e-02	7.405965e+00
8.880000e-06	1.132338e-02	7.416569e+00
8.890000e-06	1.175720e-02	7.478592e+00
8.900000e-06	9.100233e-03	7.500702e+00
8.910000e-06	1.339653e-02	7.503982e+00
8.920000e-06	1.285720e-02	7.563911e+00
8.930000e-06	1.207477e-02	7.599012e+00
8.940000e-06	1.082926e-02	7.645043e+00
8.950000e-06	1.493885e-02	7.658599e+00
8.960000e-06	1.498017e-02	7.652248e+00
8.970000e-06	1.438979e-02	7.723283e+00
8.980000e-06	1.309731e-02	7.723830e+00
8.990000e-06	1.388787e-02	7.753887e+00
9.000000e-06	1.615073e-02	7.787561e+00
9.010000e-06	1.400564e-02	7.785462e+00
9.020000e-06	1.501054e-02	7.808012e+00
9.030000e-06	1.675140e-02	7.817541e+00
9.040000e-06	1.865975e-02	7.869602e+00
9.050000e-06	1.801397e-02	7.840769e+00
9.060000e-06	1.753758e-02	7.871653e+00
9.070000e-06	1.817129e-02	7.901328e+00
9.080000e-06	1.940846e-02	7.882329e+00
9.090000e-06	1.953051e-02	7.986258e+00
9.100000e-06	1.885438e-02	7.963884e+00
9.110000e-06	2.051816e-02	7.963409e+00
9.120000e-06	2.267066e-02	8.013486e+00
9.130000e-06	2.208131e-02	7.948936e+00
9.140000e-06	2.236014e-02	7.995890e+00
9.150000e-06	2.452751e-02	7.993594e+00
9.160000e-06	2.630539e-02	7.976095e+00
9.170000e-06	2.616563e-02	8.017461e+00
9.180000e-06	2.491523e-02	7.998092e+00
9.190000e-06	2.803377e-02	8.016066e+00
9.200000e-06	2.894877e-02	7.946142e+00
9.210000e-06	3.073773e-02	8.079046e+00
9.220000e-06	2.650849e-02	8.027535e+00
9.230000e-06	3.412623e-02	8.019067e+00
9.240000e-06	2.939742e-02	7.987064e+00
9.250000e-06	3.493902e-02	7.987040e+00
9.260000e-06	3.038209e-02	8.028042e+00
9.270000e-06	3.437012e-02	8.007170e+00
9.280000e-06	3.616830e-02	8.027966e+00
9.290000e-06	3.503932e-02	7.986988e+00
9.300000e-06	3.467370e-02	8.027586e+00
9.310000e-06	3.119818e-02	7.934840e+00
9.320000e-06	3.430490e-02	7.952934e+00
9.330000e-06	3.026082e-02	7.974911e+00
9.340000e-06	3.183587e-02	7.931206e+00
9.350000e-06	3.184438e-02	7.901353e+00
9.360000e-06	3.402202e-02	7.900355e+00
9.370000e-06	3.271802e-02	7.882675e+00
9.380000e-06	2.947747e-02	7.888149e+00
9.390000e-06	2.832814e-02	7.849021e+00
9.400000e-06	2.708694e-02	7.877544e+00
9.410000e-06	2.612845e-02	7.826512e+00
9.420000e-06	2.499003e-02	7.755437e+00
9.430000e-06	2.436309e-02	7.744386e+00
9.440000e-06	2.550242e-02	7.734784e+00
9.450000e-06	2.624074e-02	7.701253e+00
9.460000e-06	2.351015e-02	7.710255e+00
9.470000e-06	2.393245e-02	7.669123e+00
9.480000e-06	2.056524e-02	7.639222e+00
9.490000e-06	2.155783e-02	7.593996e+00
9.500000e-06	1.558151e-02	7.595033e+00
9.510000e-06	1.796338e-02	7.553406e+00
9.520000e-06	1.698230e-02	7.491254e+00
9.530000e-06	1.912599e-02	7.477145e+00
9.540000e-06	1.822147e-02	7.437573e+00
9.550000e-06	1.737973e-02	7.416987e+00
9.560000e-06	1.809891e-02	7.354907e+00
9.570000e-06	1.517916e-02	7.322232e+00
9.580000e-06	1.274430e-02	7.311253e+00
9.590000e-06	1.056323e-02	7.228648e+00
9.600000e-06	1.379406e-02	7.246991e+00
9.610000e-06	1.188171e-02	7.175441e+00
9.620000e-06	1.470353e-02	7.134361e+00
9.630000e-06	1.140099e-02	7.102282e+00
9.640000e-06	1.368524e-02	7.081679e+00
9.650000e-06	9.555360e-03	7.030044e+00
9.660000e-06	9.803599e-03	6.967064e+00
9.670000e-06	8.547145e-03	6.944860e+00
9.680000e-06	1.009290e-02	6.922809e+00
9.690000e-06	9.557887e-03	6.881628e+00
9.700000e-06	9.732902e-03	6.850121e+00
9.710000e-06	8.297192e-03	6.816994e+00
9.720000e-06	8.821100e-03	6.743910e+00
9.730000e-06	7.323673e-03	6.682203e+00
9.740000e-06	6.240236e-03	6.628096e+00
9.750000e-06	7.422672e-03	6.585942e+00
9.760000e-06	7.485498e-03	6.493830e+00
9.770000e-06	8.372596e-03	6.470650e+00
9.780000e-06	7.369087e-03	6.419623e+00
9.790000e-06	6.514955e-03	6.386387e+00
9.800000e-06	6.101008e-03	6.333334e+00
9.810000e-06	5.336657e-03	6.282153e+00
9.820000e-06	4.535597e-03	6.240151e+00
9.830000e-06	4.905483e-03	6.186539e+00
9.840000e-06	5.814899e-03	6.134362e+00
9.850000e-06	6.108469e-03	6.113156e+00
9.860000e-06	5.840782e-03	6.060098e+00
9.870000e-06	5.470033e-03	5.966494e+00
9.880000e-06	4.816860e-03	5.962859e+00
9.890000e-06	4.474100e-03	5.898676e+00
9.900000e-06	4.660218e-03	5.775940e+00
9.910000e-06	3.536149e-03	5.705233e+00
9.920000e-06	3.917559e-03	5.641573e+00
9.930000e-06	3.889753e-03	5.567465e+00
9.940000e-06	3.953121e-03	5.535388e+00
9.950000e-06	3.897073e-03	5.490703e+00
9.960000e-06	3.518691e-03	5.438173e+00
9.970000e-06	3.242252e-03	5.335863e+00
9.980000e-06	3.637400e-03	5.272255e+00
9.990000e-06	2.874822e-03	5.208498e+00
1.000000e-05	2.718728e-03	5.175860e+00
1.001000e-05	1.615149e-03	5.050625e+00
1.002000e-05	2.639285e-03	4.934959e+00
1.003000e-05	2.144359e-03	4.841229e+00
1.004000e-05	2.516989e-03	4.817469e+00
1.005000e-05	1.575533e-03	4.735362e+00
1.006000e-05	3.817539e-03	4.662131e+00
1.007000e-05	1.571718e-03	4.598046e+00
1.008000e-05	1.754798e-03	4.534838e+00
1.009000e-05	7.315350e-04	4.452105e+00
1.010000e-05	1.110492e-03	4.420548e+00
1.011000e-05	9.021842e-04	4.345445e+00
1.012000e-05	4.375978e-04	4.271731e+00
1.013000e-05	6.334216e-04	4.195545e+00
1.014000e-05	7.189209e-04	4.091656e+00
1.015000e-05	3.945790e-04	4.010022e+00
1.016000e-05	1.277915e-03	3.945315e+00
1.017000e-05	7.291790e-04	3.863685e+00
1.018000e-05	5.917823e-04	3.807447e+00
1.019000e-05	-7.896259e-04	3.724289e+00
1.020000e-05	3.037524e-04	3.662579e+00
1.021000e-05	-1.044214e-03	3.608945e+00
1.022000e-05	-4.573315e-05	3.524415e+00
1.023000e-05	4.069339e-04	3.450529e+00
1.024000e-05	-3.486219e-04	3.323911e+00
1.025000e-05	-6.018087e-04	3.260650e+00
1.026000e-05	-2.320779e-04	3.208946e+00
1.027000e-05	-4.780619e-04	3.105311e+00
1.028000e-05	-8.777914e-04	3.011075e+00
1.029000e-05	-9.468419e-04	2.977463e+00
1.030000e-05	-1.089846e-03	2.872208e+00
1.031000e-05	-5.729389e-04	2.819999e+00
1.032000e-05	-1.208985e-03	2.758388e+00
1.033000e-05	-2.691451e-03	2.673135e+00
1.034000e-05	-1.272971e-03	2.537460e+00
1.035000e-05	-1.792885e-03	2.451105e+00
1.036000e-05	-5.153633e-04	2.388421e+00
1.037000e-05	-1.504426e-03	2.294759e+00
1.038000e-05	-6.853939e-04	2.239973e+00
1.039000e-05	-2.085040e-03	2.174792e+00
1.040000e-05	-2.411335e-03	2.072108e+00
1.041000e-05	-2.004865e-03	2.019474e+00
1.042000e-05	-2.054364e-03	1.915317e+00
1.043000e-05	-3.886713e-03	1.881079e+00
1.044000e-05	-7.560669e-04	1.748387e+00
1.045000e-05	-1.935099e-03	1.691137e+00
1.046000e-05	-1.827791e-03	1.616997e+00
1.047000e-05	-3.489746e-03	1.464156e+00
1.048000e-05	-7.728635e-04	1.397972e+00
1.049000e-05	-2.111158e-03	1.272737e+00
1.050000e-05	-2.752575e-03	1.220049e+00
1.051000e-05	-3.099803e-03	1.155334e+00
1.052000e-05	-1.467594e-03	1.050055e+00
1.053000e-05	-2.775714e-03	8.522606e-01
1.054000e-05	-2.650147e-03	8.209474e-01
1.055000e-05	-4.666543e-03	7.577884e-01
1.056000e-05	-1.319313e-03	6.511017e-01
1.057000e-05	-2.884708e-03	5.774460e-01
1.058000e-05	-2.484445e-03	4.926295e-01
1.059000e-05	-3.754532e-03	4.405025e-01
1.060000e-05	-2.173459e-03	3.687897e-01
1.061000e-05	-3.193808e-03	2.416326e-01
1.062000e-05	-3.553198e-03	1.053196e-01
1.063000e-05	-4.267781e-03	2.162756e-02
1.064000e-05	-3.038676e-03	-2.160152e-02
1.065000e-05	-9.372724e-04	-1.048643e-01
1.066000e-05	1.342751e-03	-1.894989e-01
1.067000e-05	-3.285157e-03	-2.531816e-01
1.068000e-05	8.332126e-05	-3.663409e-01
1.069000e-05	-5.365413e-03	-4.005251e-01
1.070000e-05	-1.975602e-03	-4.726539e-01
1.071000e-05	-2.694925e-03	-5.570695e-01
1.072000e-05	2.122735e-02	-7.151816e-01
1.073000e-05	7.221371e-02	-7.589223e-01
1.074000e-05	-2.619141e-02	-8.826589e-01
1.075000e-05	-4.141085e-02	-1.000519e+00
1.076000e-05	-1.074180e-01	-1.104359e+00
1.077000e-05	9.440722e-03	-1.116315e+00
1.078000e-05	1.231784e-01	-1.197446e+00
1.079000e-05	-1.016621e-01	-1.285836e+00
1.080000e-05	3.388131e-02	-1.452026e+00
1.081000e-05	8.818306e-02	-1.523235e+00
1.082000e-05	-6.877576e-02	-1.630521e+00
1.083000e-05	2.171969e-02	-1.704809e+00
1.084000e-05	7.742900e-03	-1.747392e+00
1.085000e-05	-1.359309e-01	-1.871675e+00
1.086000e-05	8.406067e-02	-1.905840e+00
1.087000e-05	6.684075e-02	-1.968992e+00
1.088000e-05	-1.061328e-01	-2.042134e+00
1.089000e-05	4.813372e-02	-2.123788e+00
1.090000e-05	-4.261112e-02	-2.272628e+00
1.091000e-05	5.539965e-02	-2.379439e+00
1.092000e-05	-1.458900e-02	-2.370504e+00
1.093000e-05	-1.140499e-01	-2.514286e+00
1.094000e-05	1.070453e-01	-2.588419e+00
1.095000e-05	2.107389e-02	-2.702259e+00
1.096000e-05	-6.357603e-02	-2.737870e+00
1.097000e-05	-1.256869e-02	-2.819026e+00
1.098000e-05	-2.552149e-02	-2.923785e+00
1.099000e-05	8.423872e-02	-3.009698e+00
1.100000e-05	-7.350042e-02	-3.083736e+00
1.101000e-05	-2.688625e-02	-3.178492e+00
1.102000e-05	6.464289e-02	-3.271207e+00
1.103000e-05	-3.694978e-02	-3.345815e+00
1.104000e-05	2.661937e-02	-3.409003e+00
1.105000e-05	-8.285408e-02	-3.453156e+00
1.106000e-05	3.912231e-02	-3.546936e+00
1.107000e-05	2.870819e-02	-3.600571e+00
1.108000e-05	-4.927405e-02	-3.733234e+00
1.109000e-05	1.612997e-02	-3.785465e+00
1.110000e-05	-3.471604e-02	-3.873226e+00
1.111000e-05	4.729236e-02	-3.956567e+00
1.112000e-05	-4.165779e-02	-4.050625e+00
1.113000e-05	-2.358043e-02	-4.103833e+00
1.114000e-05	1.807870e-02	-4.165969e+00
1.115000e-05	-8.553226e-03	-4.262104e+00
1.116000e-05	1.488388e-02	-4.325361e+00
1.117000e-05	-5.418220e-02	-4.357469e+00
1.118000e-05	2.050188e-02	-4.449525e+00
1.119000e-05	2.247751e-03	-4.512657e+00
1.120000e-05	-1.303910e-02	-4.556938e+00
1.121000e-05	-1.739229e-02	-4.631074e+00
1.122000e-05	-1.359307e-02	-4.734303e+00
1.123000e-05	2.741900e-02	-4.788891e+00
1.124000e-05	-2.900655e-02	-4.859573e+00
1.125000e-05	-1.188275e-02	-4.934278e+00
1.126000e-05	-1.314142e-02	-4.977496e+00
1.127000e-05	1.443649e-02	-5.112757e+00
1.128000e-05	-1.210867e-02	-5.154466e+00
1.129000e-05	-2.439734e-02	-5.230071e+00
1.130000e-05	3.226168e-04	-5.291254e+00
1.131000e-05	8.184634e-04	-5.396466e+00
1.132000e-05	-5.462480e-03	-5.481199e+00
1.133000e-05	-2.972698e-02	-5.544461e+00
1.134000e-05	-9.593075e-04	-5.618499e+00
1.135000e-05	-1.330013e-03	-5.680232e+00
1.136000e-05	-5.599534e-03	-5.764362e+00
1.137000e-05	-2.496111e-02	-5.756942e+00
1.138000e-05	-6.404135e-03	-5.861124e+00
1.139000e-05	3.979164e-03	-5.912807e+00
1.140000e-05	-9.713179e-03	-5.996913e+00
1.141000e-05	-1.902672e-02	-6.028019e+00
1.142000e-05	-1.477589e-02	-6.019175e+00
1.143000e-05	3.882431e-03	-6.092758e+00
1.144000e-05	-1.281438e-02	-6.185991e+00
1.145000e-05	-1.735845e-02	-6.259771e+00
1.146000e-05	-1.544695e-02	-6.294881e+00
1.147000e-05	1.584352e-03	-6.376438e+00
1.148000e-05	-1.005354e-02	-6.450570e+00
1.149000e-05	-1.789761e-02	-6.492177e+00
1.150000e-05	-1.449436e-02	-6.513382e+00
1.151000e-05	-3.316302e-03	-6.575862e+00
1.152000e-05	-8.639702e-03	-6.607994e+00
1.153000e-05	-2.082341e-02	-6.669649e+00
1.154000e-05	-1.284415e-02	-6.692777e+00
1.155000e-05	-6.302270e-03	-6.716908e+00
1.156000e-05	-8.035467e-03	-6.746941e+00
1.157000e-05	-2.043112e-02	-6.849073e+00
1.158000e-05	-1.367178e-02	-6.849651e+00
1.159000e-05	-6.667958e-03	-6.893276e+00
1.160000e-05	-9.659273e-03	-6.965410e+00
1.161000e-05	-1.958267e-02	-6.988696e+00
1.162000e-05	-1.588662e-02	-7.029549e+00
1.163000e-05	-9.017470e-03	-7.103856e+00
1.164000e-05	-1.201593e-02	-7.136437e+00
1.165000e-05	-1.875248e-02	-7.186916e+00
1.166000e-05	-1.658665e-02	-7.240598e+00
1.167000e-05	-9.551472e-03	-7.230179e+00
1.168000e-05	-1.253759e-02	-7.310233e+00
1.169000e-05	-1.812161e-02	-7.313357e+00
1.170000e-05	-1.831220e-02	-7.355437e+00
1.171000e-05	-1.118870e-02	-7.399037e+00
1.172000e-05	-1.516721e-02	-7.418598e+00
1.173000e-05	-1.828264e-02	-7.450174e+00
1.174000e-05	-1.992904e-02	-7.480805e+00
1.175000e-05	-1.332308e-02	-7.503858e+00
1.176000e-05	-1.459451e-02	-7.563434e+00
1.177000e-05	-1.967450e-02	-7.546541e+00
1.178000e-05	-1.818180e-02	-7.637042e+00
1.179000e-05	-1.655609e-02	-7.649093e+00
1.180000e-05	-1.408009e-02	-7.708653e+00
1.181000e-05	-2.235097e-02	-7.701176e+00
1.182000e-05	-2.119016e-02	-7.723855e+00
1.183000e-05	-2.050607e-02	-7.731961e+00
1.184000e-05	-1.766432e-02	-7.797488e+00
1.185000e-05	-2.227084e-02	-7.784511e+00
1.186000e-05	-2.213382e-02	-7.818591e+00
1.187000e-05	-1.803027e-02	-7.868124e+00
1.188000e-05	-1.890491e-02	-7.859851e+00
1.189000e-05	-2.319495e-02	-7.872273e+00
1.190000e-05	-2.557729e-02	-7.853802e+00
1.191000e-05	-2.237168e-02	-7.923357e+00
1.192000e-05	-2.310050e-02	-7.943883e+00
1.193000e-05	-2.541261e-02	-7.993917e+00
1.194000e-05	-2.738305e-02	-7.953890e+00
1.195000e-05	-2.270258e-02	-7.964941e+00
1.196000e-05	-2.555728e-02	-8.006045e+00
1.197000e-05	-2.738752e-02	-7.986545e+00
1.198000e-05	-3.061731e-02	-7.997517e+00
1.199000e-05	-2.639012e-02	-8.027547e+00
1.200000e-05	-2.716965e-02	-8.039065e+00
1.201000e-05	-3.156660e-02	-7.978522e+00
1.202000e-05	-3.320192e-02	-8.028095e+00
1.203000e-05	-3.188078e-02	-8.007049e+00
1.204000e-05	-3.112843e-02	-8.039051e+00
1.205000e-05	-3.451448e-02	-8.050649e+00
1.206000e-05	-3.652465e-02	-8.040079e+00
1.207000e-05	-3.590224e-02	-8.059594e+00
1.208000e-05	-3.434950e-02	-8.038625e+00
1.209000e-05	-3.949906e-02	-8.060176e+00
1.210000e-05	-3.844767e-02	-8.058575e+00
1.211000e-05	-3.938311e-02	-8.009149e+00
1.212000e-05	-3.774727e-02	-8.015521e+00
1.213000e-05	-4.132942e-02	-8.018516e+00
1.214000e-05	-4.038889e-02	-8.036017e+00
1.215000e-05	-3.971841e-02	-7.999499e+00
1.216000e-05	-3.924435e-02	-8.024496e+00
1.217000e-05	-3.904656e-02	-7.997940e+00
1.218000e-05	-3.978251e-02	-7.984932e+00
1.219000e-05	-3.652960e-02	-7.955411e+00
1.220000e-05	-3.824167e-02	-7.955408e+00
1.221000e-05	-3.713342e-02	-7.963431e+00
1.222000e-05	-3.767802e-02	-7.923255e+00
1.223000e-05	-3.586113e-02	-7.902750e+00
1.224000e-05	-3.398134e-02	-7.810749e+00
1.225000e-05	-3.408093e-02	-7.869645e+00
1.226000e-05	-3.343982e-02	-7.848490e+00
1.227000e-05	-3.115814e-02	-7.837592e+00
1.228000e-05	-3.004452e-02	-7.805885e+00
1.229000e-05	-3.123298e-02	-7.742883e+00
1.230000e-05	-3.036144e-02	-7.721930e+00
1.231000e-05	-2.912236e-02	-7.702283e+00
1.232000e-05	-2.737528e-02	-7.669623e+00
1.233000e-05	-2.715121e-02	-7.638118e+00
1.234000e-05	-2.668402e-02	-7.607016e+00
1.235000e-05	-2.646810e-02	-7.595889e+00
1.236000e-05	-2.483743e-02	-7.564857e+00
1.237000e-05	-2.393239e-02	-7.504282e+00
1.238000e-05	-2.439051e-02	-7.461280e+00
1.239000e-05	-2.362373e-02	-7.451099e+00
1.240000e-05	-2.121142e-02	-7.427094e+00
1.241000e-05	-2.218636e-02	-7.405544e+00
1.242000e-05	-2.045489e-02	-7.365363e+00
1.243000e-05	-2.221604e-02	-7.312784e+00
1.244000e-05	-1.806877e-02	-7.312705e+00
1.245000e-05	-2.195537e-02	-7.301657e+00
1.246000e-05	-1.848199e-02	-7.250150e+00
1.247000e-05	-2.010861e-02	-7.227990e+00
1.248000e-05	-1.717862e-02	-7.156487e+00
1.249000e-05	-1.510083e-02	-7.163309e+00
1.250000e-05	-1.697197e-02	-7.080728e+00
1.251000e-05	-1.618159e-02	-7.019695e+00
1.252000e-05	-1.614523e-02	-6.965965e+00
1.253000e-05	-1.628282e-02	-6.912937e+00
1.254000e-05	-1.698409e-02	-6.881253e+00
1.255000e-05	-1.654057e-02	-6.890599e+00
1.256000e-05	-1.325672e-02	-6.787423e+00
1.257000e-05	-1.322449e-02	-6.745887e+00
1.258000e-05	-1.151111e-02	-6.725362e+00
1.259000e-05	-1.427862e-02	-6.642205e+00
1.260000e-05	-1.294151e-02	-6.630121e+00
1.261000e-05	-1.461744e-02	-6.557466e+00
1.262000e-05	-1.265737e-02	-6.544789e+00
1.263000e-05	-1.503966e-02	-6.492707e+00
1.264000e-05	-1.167571e-02	-6.461079e+00
1.265000e-05	-1.361059e-02	-6.386993e+00
1.266000e-05	-9.206338e-03	-6.344359e+00
1.267000e-05	-1.302125e-02	-6.280779e+00
1.268000e-05	-1.025756e-02	-6.177567e+00
1.269000e-05	-1.236317e-02	-6.126364e+00
1.270000e-05	-9.868509e-03	-6.112707e+00
1.271000e-05	-1.237507e-02	-6.031076e+00
1.272000e-05	-1.194118e-02	-5.976446e+00
1.273000e-05	-1.045087e-02	-5.903262e+00
1.274000e-05	-1.013818e-02	-5.872655e+00
1.275000e-05	-9.894587e-03	-5.818500e+00
1.276000e-05	-1.049410e-02	-5.755864e+00
1.277000e-05	-9.021012e-03	-5.702730e+00
1.278000e-05	-9.889987e-03	-5.631600e+00
1.279000e-05	-9.819492e-03	-5.606919e+00
1.280000e-05	-1.029236e-02	-5.524887e+00
1.281000e-05	-8.857204e-03	-5.451096e+00
1.282000e-05	-1.086504e-02	-5.385417e+00
1.283000e-05	-9.174188e-03	-5.312128e+00
1.284000e-05	-9.773532e-03	-5.250569e+00
1.285000e-05	-9.245113e-03	-5.154341e+00
1.286000e-05	-8.647343e-03	-5.093083e+00
1.287000e-05	-8.238950e-03	-4.976966e+00
1.288000e-05	-8.307504e-03	-4.884311e+00
1.289000e-05	-9.320113e-03	-4.806992e+00
1.290000e-05	-9.313234e-03	-4.675337e+00
1.291000e-05	-7.820258e-03	-4.661578e+00
1.292000e-05	-7.568489e-03	-4.579595e+00
1.293000e-05	-8.474311e-03	-4.535291e+00
1.294000e-05	-8.120772e-03	-4.492684e+00
1.295000e-05	-8.350818e-03	-4.410073e+00
1.296000e-05	-7.267444e-03	-4.356422e+00
1.297000e-05	-8.675209e-03	-4.344282e+00
1.298000e-05	-8.174044e-03	-4.211099e+00
1.299000e-05	-5.465086e-03	-4.155844e+00
1.300000e-05	-6.879023e-03	-4.094209e+00
1.301000e-05	-5.097010e-03	-4.031125e+00
1.302000e-05	-8.959649e-03	-3.977417e+00
1.303000e-05	-5.338614e-03	-3.892234e+00
1.304000e-05	-9.260233e-03	-3.788496e+00
1.305000e-05	-7.731791e-03	-3.653207e+00
1.306000e-05	-8.547700e-03	-3.619074e+00
1.307000e-05	-4.963904e-03	-3.555368e+00
1.308000e-05	-4.656620e-03	-3.504283e+00
1.309000e-05	-6.143047e-03	-3.409450e+00
1.310000e-05	-5.565453e-03	-3.314816e+00
1.311000e-05	-6.335137e-03	-3.231679e+00
1.312000e-05	-6.118089e-03	-3.190022e+00
1.313000e-05	-6.601119e-03	-3.124787e+00
1.314000e-05	-5.617712e-03	-2.979601e+00
1.315000e-05	-6.304129e-03	-2.834708e+00
1.316000e-05	-4.001752e-03	-2.821675e+00
1.317000e-05	-6.739977e-03	-2.786947e+00
1.318000e-05	-4.595912e-03	-2.694708e+00
1.319000e-05	-6.464081e-03	-2.600051e+00
1.320000e-05	-4.420860e-03	-2.474840e+00
1.321000e-05	-5.090426e-03	-2.452080e+00
1.322000e-05	-6.158956e-03	-2.398497e+00
1.323000e-05	-4.721355e-03	-2.322839e+00
1.324000e-05	-6.465192e-03	-2.199374e+00
1.325000e-05	-4.314389e-03	-2.074187e+00
1.326000e-05	-7.492211e-03	-2.009974e+00
1.327000e-05	-4.077547e-03	-1.926867e+00
1.328000e-05	-5.767243e-03	-1.892205e+00
1.329000e-05	-3.338986e-03	-1.789949e+00
1.330000e-05	-6.042058e-03	-1.714239e+00
1.331000e-05	-4.036992e-03	-1.601053e+00
1.332000e-05	-5.258473e-03	-1.559892e+00
1.333000e-05	-3.341444e-03	-1.502577e+00
1.334000e-05	-5.886906e-03	-1.346687e+00
1.335000e-05	-4.056446e-03	-1.211476e+00
1.336000e-05	-5.448102e-03	-1.117364e+00
1.337000e-05	-4.580405e-03	-1.061582e+00
1.338000e-05	-4.336206e-03	-9.878687e-01
1.339000e-05	-4.671213e-03	-8.636830e-01
1.340000e-05	-4.270263e-03	-8.305252e-01
1.341000e-05	-4.037871e-03	-7.682947e-01
1.342000e-05	-3.920493e-03	-6.625267e-01
1.343000e-05	-3.698975e-03	-5.062432e-01
1.344000e-05	-4.559785e-03	-4.205775e-01
1.345000e-05	-4.141911e-03	-3.773961e-01
1.346000e-05	-4.999408e-03	-2.626642e-01
1.347000e-05	-3.513761e-03	-2.100239e-01
1.348000e-05	-4.179375e-03	-9.574209e-02
1.349000e-05	-1.647364e-03	-3.163026e-02
1.350000e-05	1.395945e-03	-5.237434e-04
1.351000e-05	2.789186e-03	7.276173e-02
1.352000e-05	-6.201904e-04	2.305187e-01
1.353000e-05	-8.397126e-04	3.062857e-01
1.354000e-05	-1.559316e-03	3.884949e-01
1.355000e-05	-1.728458e-03	4.325827e-01
1.356000e-05	-4.080150e-04	5.484381e-01
1.357000e-05	1.019566e-02	6.600002e-01
1.358000e-05	4.391008e-02	7.053105e-01
1.359000e-05	1.628903e-02	7.890436e-01
1.360000e-05	-3.780456e-02	8.537828e-01
1.361000e-05	-5.363676e-02	9.995188e-01
1.362000e-05	-7.007681e-02	1.165893e+00
1.363000e-05	8.169074e-02	1.157416e+00
1.364000e-05	3.501742e-02	1.283207e+00
1.365000e-05	-1.146013e-01	1.367921e+00
1.366000e-05	8.961511e-02	1.461154e+00
1.367000e-05	1.819474e-02	1.661050e+00
1.368000e-05	-2.313254e-02	1.633262e+00
1.369000e-05	2.951285e-02	1.756293e+00
1.370000e-05	-6.410467e-02	1.841051e+00
1.371000e-05	-3.496649e-02	1.944833e+00
1.372000e-05	9.838625e-02	1.979019e+00
1.373000e-05	-1.088039e-02	2.051153e+00
1.374000e-05	-3.851455e-02	2.116789e+00
1.375000e-05	7.186667e-03	2.210545e+00
1.376000e-05	-2.908729e-03	2.273284e+00
1.377000e-05	4.830242e-02	2.314914e+00
1.378000e-05	-7.027396e-02	2.450058e+00
1.379000e-05	-4.549758e-03	2.524307e+00
1.380000e-05	4.894730e-02	2.650099e+00
1.381000e-05	2.897080e-02	2.685333e+00
1.382000e-05	-4.262994e-02	2.798496e+00
1.383000e-05	-2.489272e-02	2.893207e+00
1.384000e-05	3.656214e-02	2.976916e+00
1.385000e-05	1.211665e-02	3.049101e+00
1.386000e-05	-2.831335e-02	3.082857e+00
1.387000e-05	6.333223e-03	3.198496e+00
1.388000e-05	8.408844e-03	3.230651e+00
1.389000e-05	1.827742e-02	3.323341e+00
1.390000e-05	-1.410270e-02	3.408521e+00
1.391000e-05	-2.384328e-02	3.516407e+00
1.392000e-05	2.714072e-02	3.587998e+00
1.393000e-05	2.987071e-03	3.671233e+00
1.394000e-05	3.998724e-03	3.746337e+00
1.395000e-05	-1.982089e-02	3.808122e+00
1.396000e-05	1.955267e-02	3.921711e+00
1.397000e-05	4.257339e-03	3.966863e+00
1.398000e-05	-5.497188e-03	4.029600e+00
1.399000e-05	-6.245776e-03	4.053256e+00
1.400000e-05	7.653055e-03	4.205017e+00
1.401000e-05	1.447466e-02	4.252227e+00
1.402000e-05	-4.681460e-03	4.367942e+00
1.403000e-05	-6.894398e-03	4.410124e+00
1.404000e-05	8.406671e-03	4.492235e+00
1.405000e-05	7.994121e-03	4.595962e+00
1.406000e-05	-1.714986e-03	4.629024e+00
1.407000e-05	-8.430200e-03	4.743835e+00
1.408000e-05	1.181097e-02	4.817940e+00
1.409000e-05	7.529481e-03	4.828025e+00
1.410000e-05	-1.475623e-03	4.902354e+00
1.411000e-05	-4.860963e-03	4.987593e+00
1.412000e-05	8.725782e-03	5.053833e+00
1.413000e-05	1.125278e-02	5.176937e+00
1.414000e-05	-2.952088e-03	5.250200e+00
1.415000e-05	-2.161576e-03	5.303310e+00
1.416000e-05	5.309095e-03	5.396989e+00
1.417000e-05	1.219451e-02	5.450700e+00
1.418000e-05	-4.109995e-03	5.533733e+00
1.419000e-05	-6.907773e-04	5.576466e+00
1.420000e-05	6.094379e-03	5.619121e+00
1.421000e-05	1.280499e-02	5.691780e+00
1.422000e-05	-1.285433e-03	5.766338e+00
1.423000e-05	-8.941076e-04	5.819645e+00
1.424000e-05	6.418811e-03	5.893303e+00
1.425000e-05	1.179293e-02	5.946438e+00
1.426000e-05	1.110936e-03	6.018517e+00
1.427000e-05	-7.059450e-04	6.071180e+00
1.428000e-05	6.509732e-03	6.154831e+00
1.429000e-05	1.127739e-02	6.155991e+00
1.430000e-05	3.018205e-03	6.240018e+00
1.431000e-05	-9.535483e-04	6.270279e+00
1.432000e-05	7.506971e-03	6.373238e+00
1.433000e-05	1.089310e-02	6.396463e+00
1.434000e-05	5.920060e-03	6.389569e+00
1.435000e-05	1.226454e-04	6.491328e+00
1.436000e-05	6.698683e-03	6.542906e+00
1.437000e-05	1.016621e-02	6.586959e+00
1.438000e-05	7.222277e-03	6.619064e+00
1.439000e-05	1.565370e-03	6.711753e+00
1.440000e-05	8.236537e-03	6.732360e+00
1.441000e-05	1.125136e-02	6.797541e+00
1.442000e-05	9.392559e-03	6.819571e+00
1.443000e-05	3.241122e-03	6.862205e+00
1.444000e-05	7.112201e-03	6.894356e+00
1.445000e-05	1.130189e-02	6.923337e+00
1.446000e-05	9.845771e-03	7.004967e+00
1.447000e-05	4.203470e-03	6.987496e+00
1.448000e-05	7.185682e-03	7.060701e+00
1.449000e-05	1.149627e-02	7.092277e+00
1.450000e-05	1.096096e-02	7.124279e+00
1.451000e-05	6.180232e-03	7.185362e+00
1.452000e-05	7.967905e-03	7.188973e+00
1.453000e-05	1.298031e-02	7.247571e+00
1.454000e-05	1.224659e-02	7.269200e+00
1.455000e-05	7.670605e-03	7.322829e+00
1.456000e-05	8.128847e-03	7.332432e+00
1.457000e-05	1.266769e-02	7.357492e+00
1.458000e-05	1.211495e-02	7.457568e+00
1.459000e-05	9.577122e-03	7.447122e+00
1.460000e-05	9.411260e-03	7.473363e+00
1.461000e-05	1.497244e-02	7.583385e+00
1.462000e-05	1.507052e-02	7.575861e+00
1.463000e-05	1.188095e-02	7.595517e+00
1.464000e-05	1.062204e-02	7.618591e+00
1.465000e-05	1.559221e-02	7.680077e+00
1.466000e-05	1.534765e-02	7.670181e+00
1.467000e-05	1.361020e-02	7.722355e+00
1.468000e-05	1.229897e-02	7.754362e+00
1.469000e-05	1.575905e-02	7.765432e+00
1.470000e-05	1.691374e-02	7.786462e+00
1.471000e-05	1.513897e-02	7.807466e+00
1.472000e-05	1.434511e-02	7.857068e+00
1.473000e-05	1.821449e-02	7.809515e+00
1.474000e-05	1.879623e-02	7.888356e+00
1.475000e-05	1.682056e-02	7.900273e+00
1.476000e-05	1.627582e-02	7.878733e+00
1.477000e-05	1.845302e-02	7.894529e+00
1.478000e-05	2.059619e-02	7.932857e+00
1.479000e-05	1.825028e-02	7.992858e+00
1.480000e-05	2.104513e-02	7.954936e+00
1.481000e-05	2.227040e-02	7.955033e+00
1.482000e-05	2.278243e-02	7.973941e+00
1.483000e-05	2.164476e-02	8.012441e+00
1.484000e-05	2.332218e-02	7.998589e+00
1.485000e-05	2.469276e-02	8.006516e+00
1.486000e-05	2.563624e-02	7.956087e+00
1.487000e-05	2.430478e-02	7.977510e+00
1.488000e-05	2.700107e-02	8.025999e+00
1.489000e-05	2.589317e-02	8.008564e+00
1.490000e-05	2.910757e-02	7.997172e+00
1.491000e-05	2.932582e-02	8.036512e+00
1.492000e-05	3.086338e-02	7.975117e+00
1.493000e-05	3.280677e-02	8.068491e+00
1.494000e-05	3.251595e-02	8.015520e+00
1.495000e-05	3.232214e-02	7.998491e+00
1.496000e-05	3.211401e-02	8.055516e+00
1.497000e-05	3.401042e-02	7.989642e+00
1.498000e-05	3.292993e-02	7.995538e+00
1.499000e-05	3.410815e-02	7.985515e+00
1.500000e-05	3.321716e-02	7.964511e+00
1.501000e-05	3.484867e-02	7.952387e+00
1.502000e-05	3.358624e-02	7.933959e+00
1.503000e-05	3.246483e-02	7.963441e+00
1.504000e-05	3.318538e-02	7.913253e+00
1.505000e-05	3.202466e-02	7.902278e+00
1.506000e-05	3.127112e-02	7.891756e+00
1.507000e-05	3.000284e-02	7.888826e+00
1.508000e-05	2.974089e-02	7.846650e+00
1.509000e-05	2.807828e-02	7.879122e+00
1.510000e-05	2.848521e-02	7.808096e+00
1.511000e-05	2.684958e-02	7.836962e+00
1.512000e-05	2.679453e-02	7.745063e+00
1.513000e-05	2.634603e-02	7.745235e+00
1.514000e-05	2.543311e-02	7.742783e+00
1.515000e-05	2.294293e-02	7.722833e+00
1.516000e-05	2.247093e-02	7.671725e+00
1.517000e-05	2.162746e-02	7.658694e+00
1.518000e-05	2.152584e-02	7.629071e+00
1.519000e-05	1.909791e-02	7.576492e+00
1.520000e-05	1.915176e-02	7.573910e+00
1.521000e-05	2.006133e-02	7.501332e+00
1.522000e-05	1.865592e-02	7.480800e+00
1.523000e-05	1.747922e-02	7.459069e+00
1.524000e-05	1.693046e-02	7.427061e+00
1.525000e-05	1.681128e-02	7.385963e+00
1.526000e-05	1.604256e-02	7.324333e+00
1.527000e-05	1.416773e-02	7.292256e+00
1.528000e-05	1.380524e-02	7.291224e+00
1.529000e-05	1.395800e-02	7.188023e+00
1.530000e-05	1.341685e-02	7.176991e+00
1.531000e-05	1.228878e-02	7.145466e+00
1.532000e-05	1.149855e-02	7.124308e+00
1.533000e-05	1.207023e-02	7.082784e+00
1.534000e-05	1.240657e-02	7.070625e+00
1.535000e-05	1.094444e-02	7.007567e+00
1.536000e-05	1.013691e-02	6.955462e+00
1.537000e-05	9.244640e-03	6.943787e+00
1.538000e-05	9.831972e-03	6.883732e+00
1.539000e-05	9.083953e-03	6.891601e+00
1.540000e-05	7.259140e-03	6.839523e+00
1.541000e-05	8.159480e-03	6.805467e+00
1.542000e-05	9.222433e-03	6.713308e+00
1.543000e-05	8.728712e-03	6.661624e+00
1.544000e-05	7.117991e-03	6.618094e+00
1.545000e-05	7.494418e-03	6.614964e+00
1.546000e-05	8.272353e-03	6.525279e+00
1.547000e-05	7.001904e-03	6.452624e+00
1.548000e-05	5.135894e-03	6.397971e+00
1.549000e-05	4.911488e-03	6.355813e+00
1.550000e-05	6.266876e-03	6.312211e+00
1.551000e-05	6.102034e-03	6.271602e+00
1.552000e-05	4.209660e-03	6.199044e+00
1.553000e-05	4.488364e-03	6.135389e+00
1.554000e-05	5.894605e-03	6.123761e+00
1.555000e-05	5.386067e-03	6.080628e+00
1.556000e-05	4.783344e-03	6.030573e+00
1.557000e-05	3.753182e-03	5.985417e+00
1.558000e-05	4.529523e-03	5.904782e+00
1.559000e-05	4.391881e-03	5.867520e+00
1.560000e-05	3.886257e-03	5.774341e+00
1.561000e-05	3.683654e-03	5.692655e+00
1.562000e-05	3.653787e-03	5.608572e+00
1.563000e-05	3.748529e-03	5.565916e+00
1.564000e-05	3.080636e-03	5.523734e+00
1.565000e-05	3.349664e-03	5.472128e+00
1.566000e-05	3.477668e-03	5.407519e+00
1.567000e-05	3.746804e-03	5.324783e+00
1.568000e-05	2.608812e-03	5.252281e+00
1.569000e-05	2.245156e-03	5.196548e+00
1.570000e-05	2.486328e-03	5.142782e+00
1.571000e-05	3.307844e-03	4.986545e+00
1.572000e-05	2.158222e-03	4.923857e+00
1.573000e-05	2.658593e-03	4.831051e+00
1.574000e-05	3.044789e-03	4.787895e+00
1.575000e-05	2.900640e-03	4.763233e+00
1.576000e-05	1.836457e-03	4.630623e+00
1.577000e-05	9.518440e-04	4.598466e+00
1.578000e-05	1.352239e-03	4.521809e+00
1.579000e-05	2.167142e-03	4.421001e+00
1.580000e-05	1.678141e-03	4.387995e+00
1.581000e-05	7.959579e-04	4.344789e+00
1.582000e-05	1.945859e-03	4.238370e+00
1.583000e-05	1.737719e-03	4.144837e+00
1.584000e-05	1.059868e-03	4.030573e+00
1.585000e-05	8.529038e-04	3.978419e+00
1.586000e-05	9.267641e-04	3.902838e+00
1.587000e-05	4.516114e-04	3.880600e+00
1.588000e-05	-1.299142e-04	3.775943e+00
1.589000e-05	1.030430e-04	3.714757e+00
1.590000e-05	-4.988314e-04	3.620576e+00
1.591000e-05	2.094892e-03	3.576996e+00
1.592000e-05	-1.107779e-03	3.523857e+00
1.593000e-05	1.756360e-03	3.417569e+00
1.594000e-05	-1.363176e-03	3.312759e+00
1.595000e-05	-6.612510e-04	3.200545e+00
1.596000e-05	-1.648530e-03	3.135890e+00
1.597000e-05	-1.836498e-03	3.083737e+00
1.598000e-05	-7.443714e-04	3.017475e+00
1.599000e-05	-1.533781e-03	2.966262e+00
1.600000e-05	1.369038e-03	2.841129e+00
1.601000e-05	-1.121639e-03	2.789496e+00
1.602000e-05	3.332847e-04	2.766892e+00
1.603000e-05	-3.181679e-03	2.667980e+00
1.604000e-05	-1.345421e-03	2.514758e+00
1.605000e-05	-2.816946e-03	2.430101e+00
1.606000e-05	-9.910916e-04	2.366891e+00
1.607000e-05	-2.155841e-03	2.251154e+00
1.608000e-05	-5.733814e-05	2.188975e+00
1.609000e-05	-1.784495e-03	2.174167e+00
1.610000e-05	-8.592977e-04	2.011128e+00
1.611000e-05	-3.931798e-03	1.967422e+00
1.612000e-05	-2.867526e-03	1.927217e+00
1.613000e-05	-1.645125e-03	1.820003e+00
1.614000e-05	-2.718972e-03	1.757841e+00
1.615000e-05	-1.036731e-03	1.682527e+00
1.616000e-05	-3.356238e-03	1.525470e+00
1.617000e-05	3.190440e-05	1.471558e+00
1.618000e-05	-4.677717e-03	1.349342e+00
1.619000e-05	-2.888254e-03	1.272063e+00
1.620000e-05	-4.812730e-03	1.208900e+00
1.621000e-05	-1.058966e-03	1.104209e+00
1.622000e-05	-3.759041e-03	9.578425e-01
1.623000e-05	-2.882347e-03	8.411315e-01
1.624000e-05	-3.489402e-03	7.989474e-01
1.625000e-05	-2.366635e-03	6.857131e-01
1.626000e-05	-3.351654e-03	5.999514e-01
1.627000e-05	-3.544498e-03	5.558135e-01
1.628000e-05	-4.140604e-03	4.416578e-01
1.629000e-05	-4.042054e-03	4.103988e-01
1.630000e-05	-2.080127e-03	3.162657e-01
1.631000e-05	-4.196268e-03	2.114014e-01
1.632000e-05	-4.086605e-03	8.368677e-02
1.633000e-05	-3.113477e-03	-4.488187e-04
1.634000e-05	-2.046436e-03	-6.465534e-02
1.635000e-05	-1.687514e-04	-1.273921e-01
1.636000e-05	-2.016955e-05	-1.801277e-01
1.637000e-05	-1.947777e-03	-2.862856e-01
1.638000e-05	2.812673e-04	-3.579212e-01
1.639000e-05	-3.982052e-03	-4.020264e-01
1.640000e-05	-2.334994e-03	-4.847818e-01
1.641000e-05	-8.813467e-04	-5.809235e-01
1.642000e-05	4.323083e-02	-6.964120e-01
1.643000e-05	4.909925e-02	-7.895475e-01
1.644000e-05	-4.441501e-02	-9.363131e-01
1.645000e-05	-5.494089e-02	-1.011174e+00
1.646000e-05	-1.113795e-01	-1.115887e+00
1.647000e-05	1.060487e-01	-1.126847e+00
1.648000e-05	5.011110e-02	-1.188875e+00
1.649000e-05	-1.148466e-01	-1.358315e+00
1.650000e-05	1.006061e-01	-1.440704e+00
1.651000e-05	3.851890e-03	-1.524338e+00
1.652000e-05	-6.812434e-02	-1.662126e+00
1.653000e-05	7.199716e-02	-1.726843e+00
1.654000e-05	-7.506564e-02	-1.798444e+00
1.655000e-05	-8.955409e-02	-1.842105e+00
1.656000e-05	1.277924e-01	-1.947392e+00
1.657000e-05	-3.106431e-02	-2.010497e+00
1.658000e-05	-5.478946e-02	-2.051756e+00
1.659000e-05	3.741835e-02	-2.145388e+00
1.660000e-05	-4.444563e-02	-2.274753e+00
1.661000e-05	8.286573e-02	-2.380476e+00
1.662000e-05	-9.628079e-02	-2.440678e+00
1.663000e-05	-4.283057e-02	-2.545813e+00
1.664000e-05	1.260040e-01	-2.610626e+00
1.665000e-05	-3.738306e-02	-2.724784e+00
1.666000e-05	-2.969912e-02	-2.758996e+00
1.667000e-05	-3.295104e-02	-2.820604e+00
1.668000e-05	1.763925e-02	-2.916416e+00
1.669000e-05	6.017602e-02	-3.072204e+00
1.670000e-05	-1.105946e-01	-3.166741e+00
1.671000e-05	4.218304e-02	-3.178600e+00
1.672000e-05	1.835043e-02	-3.293708e+00
1.673000e-05	-1.233902e-02	-3.388467e+00
1.674000e-05	2.693945e-05	-3.449525e+00
1.675000e-05	-7.604747e-02	-3.504734e+00
1.676000e-05	8.183927e-02	-3.568469e+00
1.677000e-05	-3.072321e-02	-3.639628e+00
1.678000e-05	-1.596552e-02	-3.733884e+00
1.679000e-05	-6.440276e-03	-3.838520e+00
1.680000e-05	-9.972788e-03	-3.904810e+00
1.681000e-05	3.872592e-02	-3.998522e+00
1.682000e-05	-6.707710e-02	-4.072129e+00
1.683000e-05	1.422422e-02	-4.133860e+00
1.684000e-05	-1.992908e-03	-4.167521e+00
1.685000e-05	8.584983e-03	-4.293257e+00
1.686000e-05	-1.309643e-02	-4.315940e+00
1.687000e-05	-4.073759e-02	-4.408520e+00
1.688000e-05	3.547124e-02	-4.460100e+00
1.689000e-05	-1.766870e-02	-4.503286e+00
1.690000e-05	-6.397342e-03	-4.615942e+00
1.691000e-05	-2.939826e-02	-4.619749e+00
1.692000e-05	1.119831e-02	-4.724765e+00
1.693000e-05	9.346218e-03	-4.779075e+00
1.694000e-05	-3.187848e-02	-4.861679e+00
1.695000e-05	-7.197756e-03	-4.945411e+00
1.696000e-05	-6.721868e-03	-4.990178e+00
1.697000e-05	1.666200e-02	-5.093808e+00
1.698000e-05	-2.952429e-02	-5.165936e+00
1.699000e-05	-1.257667e-02	-5.269103e+00
1.700000e-05	-6.195870e-04	-5.321862e+00
1.701000e-05	3.736062e-03	-5.408097e+00
1.702000e-05	-1.856902e-02	-5.515284e+00
1.703000e-05	-2.173823e-02	-5.566465e+00
1.704000e-05	5.099123e-03	-5.670598e+00
1.705000e-05	-3.280841e-03	-5.651736e+00
1.706000e-05	-1.188498e-02	-5.765837e+00
1.707000e-05	-2.401066e-02	-5.778494e+00
1.708000e-05	2.654451e-03	-5.851651e+00
1.709000e-05	-3.798502e-03	-5.924862e+00
1.710000e-05	-1.333513e-02	-5.987966e+00
1.711000e-05	-2.015688e-02	-6.019575e+00
1.712000e-05	-3.704705e-03	-6.052229e+00
1.713000e-05	-6.091246e-04	-6.122988e+00
1.714000e-05	-1.651556e-02	-6.197024e+00
1.715000e-05	-1.687310e-02	-6.290748e+00
1.716000e-05	-8.715802e-03	-6.312313e+00
1.717000e-05	1.397362e-05	-6.358013e+00
1.718000e-05	-1.640161e-02	-6.458174e+00
1.719000e-05	-1.669152e-02	-6.471681e+00
1.720000e-05	-1.020765e-02	-6.532783e+00
1.721000e-05	-3.896457e-03	-6.556993e+00
1.722000e-05	-1.506918e-02	-6.619100e+00
1.723000e-05	-1.856379e-02	-6.690228e+00
1.724000e-05	-9.307975e-03	-6.714858e+00
1.725000e-05	-4.047124e-03	-6.766411e+00
1.726000e-05	-1.162454e-02	-6.788415e+00
1.727000e-05	-1.842640e-02	-6.799620e+00
1.728000e-05	-1.276524e-02	-6.870726e+00
1.729000e-05	-8.960675e-03	-6.923381e+00
1.730000e-05	-1.416330e-02	-7.005041e+00
1.731000e-05	-2.096862e-02	-7.009065e+00
1.732000e-05	-1.198536e-02	-7.063200e+00
1.733000e-05	-7.989189e-03	-7.123282e+00
1.734000e-05	-1.077403e-02	-7.176962e+00
1.735000e-05	-1.881906e-02	-7.187544e+00
1.736000e-05	-1.628205e-02	-7.250104e+00
1.737000e-05	-1.130218e-02	-7.273203e+00
1.738000e-05	-1.502268e-02	-7.292283e+00
1.739000e-05	-1.986191e-02	-7.335863e+00
1.740000e-05	-1.675578e-02	-7.366462e+00
1.741000e-05	-1.149403e-02	-7.376517e+00
1.742000e-05	-1.287378e-02	-7.408124e+00
1.743000e-05	-2.053470e-02	-7.471274e+00
1.744000e-05	-1.835207e-02	-7.502730e+00
1.745000e-05	-1.499072e-02	-7.503309e+00
1.746000e-05	-1.612889e-02	-7.555409e+00
1.747000e-05	-2.119095e-02	-7.567538e+00
1.748000e-05	-1.992446e-02	-7.618067e+00
1.749000e-05	-1.471027e-02	-7.627670e+00
1.750000e-05	-1.628541e-02	-7.679673e+00
1.751000e-05	-2.094927e-02	-7.711805e+00
1.752000e-05	-2.245979e-02	-7.754811e+00
1.753000e-05	-1.848564e-02	-7.826457e+00
1.754000e-05	-1.974812e-02	-7.824967e+00
1.755000e-05	-2.247907e-02	-7.797066e+00
1.756000e-05	-2.359494e-02	-7.837621e+00
1.757000e-05	-1.934687e-02	-7.879197e+00
1.758000e-05	-2.021286e-02	-7.881203e+00
1.759000e-05	-2.245266e-02	-7.892307e+00
1.760000e-05	-2.511556e-02	-7.891822e+00
1.761000e-05	-2.299038e-02	-7.942798e+00
1.762000e-05	-2.305321e-02	-7.933917e+00
1.763000e-05	-2.615290e-02	-7.964463e+00
1.764000e-05	-2.704550e-02	-7.955516e+00
1.765000e-05	-2.505857e-02	-7.995992e+00
1.766000e-05	-2.484884e-02	-7.986965e+00
1.767000e-05	-2.672030e-02	-7.998020e+00
1.768000e-05	-2.876685e-02	-8.017070e+00
1.769000e-05	-2.825985e-02	-8.018571e+00
1.770000e-05	-2.850852e-02	-7.988145e+00
1.771000e-05	-3.148427e-02	-8.020620e+00
1.772000e-05	-3.225398e-02	-8.029024e+00
1.773000e-05	-3.354858e-02	-8.029649e+00
1.774000e-05	-3.188564e-02	-8.048625e+00
1.775000e-05	-3.352639e-02	-8.040701e+00
1.776000e-05	-3.579092e-02	-8.020075e+00
1.777000e-05	-3.568305e-02	-8.039625e+00
1.778000e-05	-3.736652e-02	-8.037571e+00
1.779000e-05	-3.768154e-02	-8.049622e+00
1.780000e-05	-3.918404e-02	-8.009500e+00
1.781000e-05	-3.898084e-02	-7.998669e+00
1.782000e-05	-3.817719e-02	-8.019600e+00
1.783000e-05	-3.960524e-02	-8.049025e+00
1.784000e-05	-3.900466e-02	-8.019024e+00
1.785000e-05	-3.986964e-02	-8.007597e+00
1.786000e-05	-3.874701e-02	-7.996990e+00
1.787000e-05	-3.894818e-02	-7.985017e+00
1.788000e-05	-3.841076e-02	-7.974442e+00
1.789000e-05	-3.697952e-02	-7.954962e+00
1.790000e-05	-3.794167e-02	-7.923861e+00
1.791000e-05	-3.768373e-02	-7.952909e+00
1.792000e-05	-3.664682e-02	-7.900254e+00
1.793000e-05	-3.522880e-02	-7.870256e+00
1.794000e-05	-3.340344e-02	-7.889222e+00
1.795000e-05	-3.378171e-02	-7.828671e+00
1.796000e-05	-3.108857e-02	-7.808214e+00
1.797000e-05	-3.150106e-02	-7.844467e+00
1.798000e-05	-3.013685e-02	-7.775412e+00
1.799000e-05	-3.220589e-02	-7.752830e+00
1.800000e-05	-2.962038e-02	-7.691786e+00
1.801000e-05	-2.846612e-02	-7.720200e+00
1.802000e-05	-2.817505e-02	-7.618698e+00
1.803000e-05	-2.693495e-02	-7.660097e+00
1.804000e-05	-2.607849e-02	-7.617019e+00
1.805000e-05	-2.419696e-02	-7.537010e+00
1.806000e-05	-2.406100e-02	-7.503836e+00
1.807000e-05	-2.531290e-02	-7.480304e+00
1.808000e-05	-2.354898e-02	-7.471681e+00
1.809000e-05	-2.325849e-02	-7.450051e+00
1.810000e-05	-2.026757e-02	-7.407044e+00
1.811000e-05	-2.194837e-02	-7.367442e+00
1.812000e-05	-2.103548e-02	-7.335411e+00
1.813000e-05	-1.952952e-02	-7.353882e+00
1.814000e-05	-1.960840e-02	-7.292234e+00
1.815000e-05	-1.994921e-02	-7.259727e+00
1.816000e-05	-1.926810e-02	-7.240100e+00
1.817000e-05	-1.845173e-02	-7.189072e+00
1.818000e-05	-1.575819e-02	-7.155016e+00
1.819000e-05	-1.858708e-02	-7.153778e+00
1.820000e-05	-1.676313e-02	-7.080678e+00
1.821000e-05	-1.640638e-02	-7.027536e+00
1.822000e-05	-1.498847e-02	-6.994390e+00
1.823000e-05	-1.636121e-02	-6.914305e+00
1.824000e-05	-1.658350e-02	-6.851103e+00
1.825000e-05	-1.426224e-02	-6.809098e+00
1.826000e-05	-1.320005e-02	-6.777492e+00
1.827000e-05	-1.472883e-02	-6.704788e+00
1.828000e-05	-1.407445e-02	-6.704256e+00
1.829000e-05	-1.190055e-02	-6.650176e+00
1.830000e-05	-1.299801e-02	-6.640045e+00
1.831000e-05	-1.275226e-02	-6.525338e+00
1.832000e-05	-1.443064e-02	-6.502838e+00
1.833000e-05	-1.175580e-02	-6.482172e+00
1.834000e-05	-1.231152e-02	-6.408600e+00
1.835000e-05	-1.231739e-02	-6.366391e+00
1.836000e-05	-1.239518e-02	-6.332286e+00
1.837000e-05	-1.129289e-02	-6.250100e+00
1.838000e-05	-9.969994e-03	-6.177491e+00
1.839000e-05	-1.155360e-02	-6.163915e+00
1.840000e-05	-1.162371e-02	-6.062253e+00
1.841000e-05	-9.827759e-03	-5.987546e+00
1.842000e-05	-1.042943e-02	-5.975414e+00
1.843000e-05	-1.064641e-02	-5.924284e+00
1.844000e-05	-1.153761e-02	-5.830703e+00
1.845000e-05	-1.061442e-02	-5.776446e+00
1.846000e-05	-9.497801e-03	-5.746462e+00
1.847000e-05	-9.535097e-03	-5.690234e+00
1.848000e-05	-9.675711e-03	-5.639073e+00
1.849000e-05	-9.150360e-03	-5.596386e+00
1.850000e-05	-8.363781e-03	-5.483387e+00
1.851000e-05	-8.805113e-03	-5.480944e+00
1.852000e-05	-1.049669e-02	-5.345333e+00
1.853000e-05	-9.118583e-03	-5.210202e+00
1.854000e-05	-9.341850e-03	-5.178045e+00
1.855000e-05	-8.348982e-03	-5.113382e+00
1.856000e-05	-9.452700e-03	-5.029581e+00
1.857000e-05	-8.139837e-03	-4.977915e+00
1.858000e-05	-7.804677e-03	-4.882587e+00
1.859000e-05	-7.039292e-03	-4.796940e+00
1.860000e-05	-8.812551e-03	-4.660733e+00
1.861000e-05	-9.086940e-03	-4.633550e+00
1.862000e-05	-7.491012e-03	-4.576944e+00
1.863000e-05	-8.434522e-03	-4.544262e+00
1.864000e-05	-8.691440e-03	-4.450630e+00
1.865000e-05	-8.586691e-03	-4.377996e+00
1.866000e-05	-6.657625e-03	-4.354891e+00
1.867000e-05	-5.211907e-03	-4.262701e+00
1.868000e-05	-8.016009e-03	-4.208474e+00
1.869000e-05	-7.764137e-03	-4.175258e+00
1.870000e-05	-6.988476e-03	-4.083759e+00
1.871000e-05	-6.502273e-03	-3.990974e+00
1.872000e-05	-7.271617e-03	-3.946412e+00
1.873000e-05	-7.741721e-03	-3.870730e+00
1.874000e-05	-6.458012e-03	-3.726316e+00
1.875000e-05	-7.111334e-03	-3.651606e+00
1.876000e-05	-7.418198e-03	-3.576973e+00
1.877000e-05	-7.538098e-03	-3.555316e+00
1.878000e-05	-6.044966e-03	-3.420202e+00
1.879000e-05	-5.785060e-03	-3.376847e+00
1.880000e-05	-5.533747e-03	-3.312788e+00
1.881000e-05	-8.011111e-03	-3.251050e+00
1.882000e-05	-6.101176e-03	-3.106495e+00
1.883000e-05	-6.527374e-03	-3.082281e+00
1.884000e-05	-6.205659e-03	-2.955521e+00
1.885000e-05	-7.613634e-03	-2.843232e+00
1.886000e-05	-6.311502e-03	-2.798969e+00
1.887000e-05	-4.531210e-03	-2.746415e+00
1.888000e-05	-4.890602e-03	-2.651127e+00
1.889000e-05	-6.633512e-03	-2.557444e+00
1.890000e-05	-5.964125e-03	-2.483310e+00
1.891000e-05	-5.964406e-03	-2.410020e+00
1.892000e-05	-4.593967e-03	-2.338416e+00
1.893000e-05	-6.276381e-03	-2.262236e+00
1.894000e-05	-6.016318e-03	-2.124840e+00
1.895000e-05	-4.761181e-03	-2.042175e+00
1.896000e-05	-5.631044e-03	-1.969472e+00
1.897000e-05	-5.341489e-03	-1.935288e+00
1.898000e-05	-5.856608e-03	-1.831583e+00
1.899000e-05	-4.175515e-03	-1.756396e+00
1.900000e-05	-4.053874e-03	-1.721785e+00
1.901000e-05	-5.243955e-03	-1.589999e+00
1.902000e-05	-5.341294e-03	-1.566718e+00
1.903000e-05	-4.845649e-03	-1.448100e+00
1.904000e-05	-4.450235e-03	-1.261209e+00
1.905000e-05	-5.600325e-03	-1.179497e+00
1.906000e-05	-5.620815e-03	-1.105686e+00
1.907000e-05	-4.149810e-03	-1.010550e+00
1.908000e-05	-3.722753e-03	-9.274444e-01
1.909000e-05	-3.795408e-03	-8.716066e-01
1.910000e-05	-4.438710e-03	-8.084474e-01
1.911000e-05	-4.127965e-03	-7.167622e-01
1.912000e-05	-3.726114e-03	-6.089988e-01
1.913000e-05	-5.018036e-03	-4.642143e-01
1.914000e-05	-5.613936e-03	-3.905263e-01
1.915000e-05	-4.080078e-03	-3.362683e-01
1.916000e-05	-4.289223e-03	-2.526103e-01
1.917000e-05	-2.869288e-03	-1.684212e-01
1.918000e-05	-4.106793e-03	-9.473572e-02
1.919000e-05	-1.258256e-03	-4.007775e-02
1.920000e-05	1.987703e-03	2.132451e-03
1.921000e-05	4.134515e-04	1.247619e-01
1.922000e-05	-4.395876e-04	3.042553e-01
1.923000e-05	-2.173598e-03	3.573898e-01
1.924000e-05	-1.897308e-03	4.105501e-01
1.925000e-05	-1.299840e-03	4.921579e-01
1.926000e-05	6.496804e-04	5.280634e-01
1.927000e-05	1.988042e-02	6.516275e-01
1.928000e-05	4.830710e-02	7.469159e-01
1.929000e-05	-1.101164e-02	7.905775e-01
1.930000e-05	-4.071658e-02	8.957959e-01
1.931000e-05	-6.591083e-02	1.063258e+00
1.932000e-05	-3.912549e-02	1.146893e+00
1.933000e-05	1.164470e-01	1.200051e+00
1.934000e-05	-4.688768e-02	1.315786e+00
1.935000e-05	-7.171717e-02	1.368422e+00
1.936000e-05	1.137429e-01	1.462812e+00
1.937000e-05	-1.925373e-02	1.681756e+00
1.938000e-05	-2.164417e-03	1.722312e+00
1.939000e-05	1.435578e-02	1.747916e+00
1.940000e-05	-8.428513e-02	1.874608e+00
1.941000e-05	1.705227e-02	1.954362e+00
1.942000e-05	9.660435e-02	2.019570e+00
1.943000e-05	-6.061804e-02	2.082707e+00
1.944000e-05	-1.974264e-03	2.138487e+00
1.945000e-05	-1.499518e-02	2.260502e+00
1.946000e-05	3.568363e-02	2.323835e+00
1.947000e-05	8.112461e-03	2.359417e+00
1.948000e-05	-7.209050e-02	2.440580e+00
1.949000e-05	3.143101e-02	2.576337e+00
1.950000e-05	4.472374e-02	2.681602e+00
1.951000e-05	4.850416e-03	2.767988e+00
1.952000e-05	-5.310821e-02	2.810178e+00
1.953000e-05	1.969568e-03	2.854757e+00
1.954000e-05	3.377940e-02	2.966345e+00
1.955000e-05	-3.984952e-03	3.053153e+00
1.956000e-05	-2.317198e-02	3.155337e+00
1.957000e-05	1.458484e-02	3.209525e+00
1.958000e-05	6.258025e-03	3.292250e+00
1.959000e-05	2.174994e-02	3.343365e+00
1.960000e-05	-3.434308e-02	3.463179e+00
1.961000e-05	1.031221e-03	3.557367e+00
1.962000e-05	1.843181e-02	3.630550e+00
1.963000e-05	6.377199e-03	3.694282e+00
1.964000e-05	-6.421288e-03	3.807488e+00
1.965000e-05	-1.219660e-02	3.850605e+00
1.966000e-05	2.203251e-02	3.913384e+00
1.967000e-05	-2.544853e-03	3.988916e+00
1.968000e-05	-3.098213e-03	4.030701e+00
1.969000e-05	-5.969000e-03	4.093264e+00
1.970000e-05	1.495973e-02	4.167621e+00
1.971000e-05	9.843330e-03	4.326876e+00
1.972000e-05	-8.048496e-03	4.388920e+00
1.973000e-05	-2.367305e-03	4.471605e+00
1.974000e-05	9.925484e-03	4.554257e+00
1.975000e-05	6.334472e-03	4.578967e+00
1.976000e-05	-4.115471e-03	4.649651e+00
1.977000e-05	-4.564451e-03	4.716359e+00
1.978000e-05	1.560663e-02	4.766989e+00
1.979000e-05	3.361022e-03	4.850635e+00
1.980000e-05	-2.041447e-03	4.924961e+00
1.981000e-05	-3.684381e-03	5.008571e+00
1.982000e-05	1.358031e-02	5.134383e+00
1.983000e-05	5.959477e-03	5.189496e+00
1.984000e-05	-7.361431e-04	5.311705e+00
1.985000e-05	-6.936746e-04	5.345437e+00
1.986000e-05	1.150982e-02	5.438596e+00
1.987000e-05	4.853831e-03	5.482128e+00
1.988000e-05	-2.874260e-03	5.497336e+00
1.989000e-05	-1.776672e-03	5.587964e+00
1.990000e-05	1.023954e-02	5.649626e+00
1.991000e-05	9.140833e-03	5.731280e+00
1.992000e-05	1.129914e-03	5.735991e+00
1.993000e-05	1.773034e-03	5.819624e+00
1.994000e-05	8.579738e-03	5.923309e+00
1.995000e-05	8.070441e-03	5.976969e+00
1.996000e-05	-2.719509e-03	6.060178e+00
1.997000e-05	1.263033e-03	6.103207e+00
1.998000e-05	7.883187e-03	6.174333e+00
1.999000e-05	1.224456e-02	6.166994e+00
2.000000e-05	1.276849e-03	6.230552e+00
2.001000e-05	5.491401e-03	6.302283e+00
2.002000e-05	8.378144e-03	6.344436e+00
2.003000e-05	1.057217e-02	6.376442e+00
2.004000e-05	6.730136e-04	6.448651e+00
2.005000e-05	3.241956e-03	6.481230e+00
2.006000e-05	6.829355e-03	6.544360e+00
2.007000e-05	1.019166e-02	6.586017e+00
2.008000e-05	4.377754e-03	6.660100e+00
2.009000e-05	5.536625e-03	6.711299e+00
2.010000e-05	9.310904e-03	6.753885e+00
2.011000e-05	1.112028e-02	6.788042e+00
2.012000e-05	5.973571e-03	6.791025e+00
2.013000e-05	4.247100e-03	6.891203e+00
2.014000e-05	8.975311e-03	6.903832e+00
2.015000e-05	8.530251e-03	6.954461e+00
2.016000e-05	7.817969e-03	7.005960e+00
2.017000e-05	5.718484e-03	7.049074e+00
2.018000e-05	1.177857e-02	7.060650e+00
2.019000e-05	1.163891e-02	7.121756e+00
2.020000e-05	1.051951e-02	7.152911e+00
2.021000e-05	6.200439e-03	7.166964e+00
2.022000e-05	1.140953e-02	7.209493e+00
2.023000e-05	1.037044e-02	7.249601e+00
2.024000e-05	8.884571e-03	7.292678e+00
2.025000e-05	7.165088e-03	7.332358e+00
2.026000e-05	1.269057e-02	7.372911e+00
2.027000e-05	1.453076e-02	7.418466e+00
2.028000e-05	1.185267e-02	7.429170e+00
2.029000e-05	1.175714e-02	7.531198e+00
2.030000e-05	1.142580e-02	7.542854e+00
2.031000e-05	1.382217e-02	7.563935e+00
2.032000e-05	1.099026e-02	7.565913e+00
2.033000e-05	8.626059e-03	7.598069e+00
2.034000e-05	1.470086e-02	7.688101e+00
2.035000e-05	1.578256e-02	7.679675e+00
2.036000e-05	1.716001e-02	7.700778e+00
2.037000e-05	1.274176e-02	7.703704e+00
2.038000e-05	1.676743e-02	7.735361e+00
2.039000e-05	1.477315e-02	7.784459e+00
2.040000e-05	1.412329e-02	7.765964e+00
2.041000e-05	1.302004e-02	7.805521e+00
2.042000e-05	1.748735e-02	7.837041e+00
2.043000e-05	1.880749e-02	7.839148e+00
2.044000e-05	1.949448e-02	7.878224e+00
2.045000e-05	1.823099e-02	7.869173e+00
2.046000e-05	1.875522e-02	7.941279e+00
2.047000e-05	1.871096e-02	7.901303e+00
2.048000e-05	1.675614e-02	7.903407e+00
2.049000e-05	1.863457e-02	7.982256e+00
2.050000e-05	1.975344e-02	7.932888e+00
2.051000e-05	2.492163e-02	8.006432e+00
2.052000e-05	2.218008e-02	7.976990e+00
2.053000e-05	2.399648e-02	7.974037e+00
2.054000e-05	2.342351e-02	8.007963e+00
2.055000e-05	2.453472e-02	8.037091e+00
2.056000e-05	2.411516e-02	7.997565e+00
2.057000e-05	2.373779e-02	8.019018e+00
2.058000e-05	2.610739e-02	7.995512e+00
2.059000e-05	2.727288e-02	8.005569e+00
2.060000e-05	3.093768e-02	8.015495e+00
2.061000e-05	2.947226e-02	8.079587e+00
2.062000e-05	3.256119e-02	8.017079e+00
2.063000e-05	3.179233e-02	8.027615e+00
2.064000e-05	3.274446e-02	8.046996e+00
2.065000e-05	3.096000e-02	7.987091e+00
2.066000e-05	3.166038e-02	8.026517e+00
2.067000e-05	3.204699e-02	7.987915e+00
2.068000e-05	3.478030e-02	8.006035e+00
2.069000e-05	3.392652e-02	8.046012e+00
2.070000e-05	3.526888e-02	7.945013e+00
2.071000e-05	3.419247e-02	7.936434e+00
2.072000e-05	3.377204e-02	7.914877e+00
2.073000e-05	3.232425e-02	7.972882e+00
2.074000e-05	2.976919e-02	7.922306e+00
2.075000e-05	3.108653e-02	7.931732e+00
2.076000e-05	3.007280e-02	7.890797e+00
2.077000e-05	2.943700e-02	7.828696e+00
2.078000e-05	2.796138e-02	7.819670e+00
2.079000e-05	2.861590e-02	7.830202e+00
2.080000e-05	2.876909e-02	7.826544e+00
2.081000e-05	2.784666e-02	7.774465e+00
2.082000e-05	2.509006e-02	7.765436e+00
2.083000e-05	2.431135e-02	7.724807e+00
2.084000e-05	2.470098e-02	7.703255e+00
2.085000e-05	2.217586e-02	7.682205e+00
2.086000e-05	2.135188e-02	7.681125e+00
2.087000e-05	2.056261e-02	7.609571e+00
2.088000e-05	2.242935e-02	7.606564e+00
2.089000e-05	1.991615e-02	7.556517e+00
2.090000e-05	1.980203e-02	7.511386e+00
2.091000e-05	1.765051e-02	7.471727e+00
2.092000e-05	1.988318e-02	7.478799e+00
2.093000e-05	1.676835e-02	7.426571e+00
2.094000e-05	1.591736e-02	7.427467e+00
2.095000e-05	1.501768e-02	7.344892e+00
2.096000e-05	1.645862e-02	7.334357e+00
2.097000e-05	1.445782e-02	7.291174e+00
2.098000e-05	1.342945e-02	7.279150e+00
2.099000e-05	1.309732e-02	7.206519e+00
2.100000e-05	1.375431e-02	7.195915e+00
2.101000e-05	1.356079e-02	7.134841e+00
2.102000e-05	1.140325e-02	7.093737e+00
2.103000e-05	1.096167e-02	7.072678e+00
2.104000e-05	1.207781e-02	7.058599e+00
2.105000e-05	1.104290e-02	7.008039e+00
2.106000e-05	9.945731e-03	6.964932e+00
2.107000e-05	8.528742e-03	6.933809e+00
2.108000e-05	1.032432e-02	6.902177e+00
2.109000e-05	9.783578e-03	6.819603e+00
2.110000e-05	8.061605e-03	6.819473e+00
2.111000e-05	6.934404e-03	6.774912e+00
2.112000e-05	9.567668e-03	6.722808e+00
2.113000e-05	8.264850e-03	6.629595e+00
2.114000e-05	7.468199e-03	6.576989e+00
2.115000e-05	5.366144e-03	6.545910e+00
2.116000e-05	7.391989e-03	6.491702e+00
2.117000e-05	6.547532e-03	6.421021e+00
2.118000e-05	5.466993e-03	6.355917e+00
2.119000e-05	4.064473e-03	6.304341e+00
2.120000e-05	6.455372e-03	6.301727e+00
2.121000e-05	6.648758e-03	6.269575e+00
2.122000e-05	5.975555e-03	6.188492e+00
2.123000e-05	4.651091e-03	6.165337e+00
2.124000e-05	5.127167e-03	6.102708e+00
2.125000e-05	4.543149e-03	6.050130e+00
2.126000e-05	4.462065e-03	6.019020e+00
2.127000e-05	2.180802e-03	5.985462e+00
2.128000e-05	3.875684e-03	5.900680e+00
2.129000e-05	4.902147e-03	5.846522e+00
2.130000e-05	4.028147e-03	5.723810e+00
2.131000e-05	3.492769e-03	5.640701e+00
2.132000e-05	3.169582e-03	5.589572e+00
2.133000e-05	4.888846e-03	5.565841e+00
2.134000e-05	3.104135e-03	5.492229e+00
2.135000e-05	2.178160e-03	5.439050e+00
2.136000e-05	1.956328e-03	5.415496e+00
2.137000e-05	2.749003e-03	5.334761e+00
2.138000e-05	2.457452e-03	5.259103e+00
2.139000e-05	1.893269e-03	5.184842e+00
2.140000e-05	2.639738e-03	5.120655e+00
2.141000e-05	2.925306e-03	4.986969e+00
2.142000e-05	3.731482e-03	4.874181e+00
2.143000e-05	1.800857e-03	4.820028e+00
2.144000e-05	1.522284e-03	4.745438e+00
2.145000e-05	8.129939e-04	4.702808e+00
2.146000e-05	1.754406e-03	4.620548e+00
2.147000e-05	1.224370e-03	4.536340e+00
2.148000e-05	1.167543e-03	4.523208e+00
2.149000e-05	1.296404e-03	4.420551e+00
2.150000e-05	2.796702e-03	4.397920e+00
2.151000e-05	9.697514e-04	4.332833e+00
2.152000e-05	1.765144e-03	4.197490e+00
2.153000e-05	4.791127e-04	4.103183e+00
2.154000e-05	1.911639e-03	4.010204e+00
2.155000e-05	4.108547e-04	3.956845e+00
2.156000e-05	1.089790e-04	3.913259e+00
2.157000e-05	2.278056e-04	3.798480e+00
2.158000e-05	8.275487e-04	3.754840e+00
2.159000e-05	-3.974229e-04	3.682629e+00
2.160000e-05	1.690468e-03	3.620003e+00
2.161000e-05	-1.605354e-04	3.574842e+00
2.162000e-05	2.063739e-03	3.481632e+00
2.163000e-05	-3.306957e-04	3.346815e+00
2.164000e-05	2.632232e-04	3.282057e+00
2.165000e-05	-2.760054e-04	3.209947e+00
2.166000e-05	1.912672e-04	3.115767e+00
2.167000e-05	-1.334393e-03	3.041159e+00
2.168000e-05	-4.059682e-04	2.988921e+00
2.169000e-05	-1.303200e-03	2.893239e+00
2.170000e-05	-1.775275e-04	2.851055e+00
2.171000e-05	-1.708888e-04	2.798971e+00
2.172000e-05	5.219678e-04	2.725814e+00
2.173000e-05	-1.034126e-03	2.566498e+00
2.174000e-05	-7.292531e-04	2.453637e+00
2.175000e-05	-1.273078e-03	2.378951e+00
2.176000e-05	-1.438758e-03	2.354338e+00
2.177000e-05	-1.871117e-03	2.231126e+00
2.178000e-05	-1.348763e-03	2.168496e+00
2.179000e-05	-2.121928e-03	2.073158e+00
2.180000e-05	-1.209171e-03	2.021075e+00
2.181000e-05	-1.343562e-03	1.936970e+00
2.182000e-05	-2.191264e-03	1.903206e+00
2.183000e-05	-1.209635e-03	1.808446e+00
2.184000e-05	-2.204393e-03	1.684739e+00
2.185000e-05	-2.125556e-03	1.640104e+00
2.186000e-05	-2.576190e-03	1.494245e+00
2.187000e-05	-2.921768e-03	1.409577e+00
2.188000e-05	-2.758804e-03	1.295287e+00
2.189000e-05	-2.945388e-03	1.231602e+00
2.190000e-05	-2.653940e-03	1.177891e+00
2.191000e-05	-2.526801e-03	1.033683e+00
2.192000e-05	-2.268581e-03	9.253446e-01
2.193000e-05	-2.495360e-03	8.005528e-01
2.194000e-05	-3.235608e-03	7.673961e-01
2.195000e-05	-3.184351e-03	6.746342e-01
2.196000e-05	-3.991060e-03	5.999774e-01
2.197000e-05	-2.955775e-03	5.242394e-01
2.198000e-05	-4.730787e-03	4.311053e-01
2.199000e-05	-3.749970e-03	4.189724e-01
2.200000e-05	-3.111949e-03	3.126892e-01
2.201000e-05	-2.796079e-03	1.583974e-01
2.202000e-05	-3.264682e-03	3.310682e-02
2.203000e-05	-3.953938e-03	-6.263817e-04
2.204000e-05	-2.237156e-03	-7.423792e-02
2.205000e-05	1.344483e-03	-1.689447e-01
2.206000e-05	-1.015642e-03	-2.321551e-01
2.207000e-05	-1.982544e-03	-3.263106e-01
2.208000e-05	-4.446912e-03	-3.799976e-01
2.209000e-05	-2.466190e-03	-4.030815e-01
2.210000e-05	-1.948357e-03	-4.747883e-01
2.211000e-05	7.949591e-03	-6.392027e-01
2.212000e-05	6.365611e-02	-7.364433e-01
2.213000e-05	8.340662e-03	-8.126002e-01
2.214000e-05	-4.219974e-02	-9.589896e-01
2.215000e-05	-8.159244e-02	-1.074207e+00
2.216000e-05	-7.177396e-02	-1.115817e+00
2.217000e-05	1.429031e-01	-1.147442e+00
2.218000e-05	-3.805587e-02	-1.242654e+00
2.219000e-05	-7.790222e-02	-1.461125e+00
2.220000e-05	1.269567e-01	-1.402186e+00
2.221000e-05	-3.769822e-02	-1.567870e+00
2.222000e-05	-2.856664e-02	-1.685183e+00
2.223000e-05	6.644467e-02	-1.745818e+00
2.224000e-05	-1.320155e-01	-1.809049e+00
2.225000e-05	-4.450942e-03	-1.934709e+00
2.226000e-05	1.257134e-01	-1.957441e+00
2.227000e-05	-9.002682e-02	-2.050099e+00
2.228000e-05	1.845129e-02	-2.103784e+00
2.229000e-05	-1.075400e-02	-2.148425e+00
2.230000e-05	5.186346e-03	-2.356862e+00
2.231000e-05	5.103634e-02	-2.400051e+00
2.232000e-05	-1.285041e-01	-2.432707e+00
2.233000e-05	5.560370e-02	-2.557916e+00
2.234000e-05	8.077610e-02	-2.631208e+00
2.235000e-05	-7.089138e-02	-2.736365e+00
2.236000e-05	-1.156977e-02	-2.809025e+00
2.237000e-05	-4.180761e-02	-2.872733e+00
2.238000e-05	6.312390e-02	-3.010570e+00
2.239000e-05	-5.510241e-03	-3.083213e+00
2.240000e-05	-8.925108e-02	-3.136839e+00
2.241000e-05	7.906843e-02	-3.220653e+00
2.242000e-05	-2.694601e-02	-3.334911e+00
2.243000e-05	2.299700e-02	-3.429450e+00
2.244000e-05	-5.155480e-02	-3.432104e+00
2.245000e-05	-2.317528e-02	-3.546361e+00
2.246000e-05	7.200461e-02	-3.589474e+00
2.247000e-05	-5.939404e-02	-3.660604e+00
2.248000e-05	1.446978e-02	-3.755413e+00
2.249000e-05	-3.236773e-02	-3.840651e+00
2.250000e-05	2.738098e-02	-3.967970e+00
2.251000e-05	7.608071e-04	-4.050128e+00
2.252000e-05	-5.623681e-02	-4.083158e+00
2.253000e-05	2.670332e-02	-4.145865e+00
2.254000e-05	-1.299461e-02	-4.220550e+00
2.255000e-05	2.289492e-02	-4.283310e+00
2.256000e-05	-4.401539e-02	-4.357292e+00
2.257000e-05	-9.195475e-03	-4.390045e+00
2.258000e-05	2.234762e-02	-4.482682e+00
2.259000e-05	-2.024898e-02	-4.534888e+00
2.260000e-05	-7.312562e-03	-4.599075e+00
2.261000e-05	-2.943414e-02	-4.672802e+00
2.262000e-05	2.960138e-02	-4.747337e+00
2.263000e-05	-1.492795e-02	-4.839697e+00
2.264000e-05	-2.139833e-02	-4.893729e+00
2.265000e-05	-1.275886e-02	-4.986967e+00
2.266000e-05	3.728000e-03	-5.040703e+00
2.267000e-05	3.950214e-03	-5.134363e+00
2.268000e-05	-3.335894e-02	-5.188093e+00
2.269000e-05	-2.809740e-03	-5.221655e+00
2.270000e-05	-2.432467e-03	-5.394541e+00
2.271000e-05	2.659196e-03	-5.459623e+00
2.272000e-05	-2.798787e-02	-5.493354e+00
2.273000e-05	-9.268656e-03	-5.597945e+00
2.274000e-05	1.195731e-03	-5.660204e+00
2.275000e-05	-3.964132e-03	-5.724761e+00
2.276000e-05	-1.906622e-02	-5.796390e+00
2.277000e-05	-1.775576e-02	-5.839046e+00
2.278000e-05	4.091342e-03	-5.890258e+00
2.279000e-05	-8.352214e-03	-5.926361e+00
2.280000e-05	-1.600102e-02	-5.986916e+00
2.281000e-05	-1.876615e-02	-6.060676e+00
2.282000e-05	3.068760e-03	-6.093804e+00
2.283000e-05	-6.936204e-03	-6.146462e+00
2.284000e-05	-1.584592e-02	-6.239673e+00
2.285000e-05	-1.800284e-02	-6.290256e+00
2.286000e-05	-4.228026e-03	-6.335917e+00
2.287000e-05	-4.532749e-03	-6.388996e+00
2.288000e-05	-1.932592e-02	-6.461104e+00
2.289000e-05	-1.391606e-02	-6.503332e+00
2.290000e-05	-8.724779e-03	-6.563887e+00
2.291000e-05	-2.153757e-03	-6.597992e+00
2.292000e-05	-1.946224e-02	-6.639147e+00
2.293000e-05	-1.455735e-02	-6.641703e+00
2.294000e-05	-8.943856e-03	-6.725784e+00
2.295000e-05	-4.823222e-03	-6.767938e+00
2.296000e-05	-1.712160e-02	-6.799071e+00
2.297000e-05	-1.765310e-02	-6.849650e+00
2.298000e-05	-9.516719e-03	-6.881853e+00
2.299000e-05	-7.698460e-03	-6.964836e+00
2.300000e-05	-1.628886e-02	-6.967537e+00
2.301000e-05	-1.929793e-02	-7.049118e+00
2.302000e-05	-8.957936e-03	-7.081802e+00
2.303000e-05	-9.713552e-03	-7.135408e+00
2.304000e-05	-1.493211e-02	-7.177492e+00
2.305000e-05	-2.007553e-02	-7.200025e+00
2.306000e-05	-1.165580e-02	-7.270104e+00
2.307000e-05	-1.034231e-02	-7.291281e+00
2.308000e-05	-1.716718e-02	-7.293384e+00
2.309000e-05	-1.954826e-02	-7.354939e+00
2.310000e-05	-1.493808e-02	-7.386492e+00
2.311000e-05	-1.175658e-02	-7.418045e+00
2.312000e-05	-1.667161e-02	-7.429644e+00
2.313000e-05	-1.937441e-02	-7.470204e+00
2.314000e-05	-1.607875e-02	-7.521758e+00
2.315000e-05	-1.305743e-02	-7.501883e+00
2.316000e-05	-1.836212e-02	-7.545990e+00
2.317000e-05	-2.080074e-02	-7.557014e+00
2.318000e-05	-1.914223e-02	-7.609668e+00
2.319000e-05	-1.511146e-02	-7.630130e+00
2.320000e-05	-1.955329e-02	-7.650223e+00
2.321000e-05	-2.164940e-02	-7.731807e+00
2.322000e-05	-1.979526e-02	-7.762758e+00
2.323000e-05	-1.662372e-02	-7.774536e+00
2.324000e-05	-1.992842e-02	-7.806041e+00
2.325000e-05	-2.338974e-02	-7.816145e+00
2.326000e-05	-2.120037e-02	-7.797198e+00
2.327000e-05	-2.023973e-02	-7.859173e+00
2.328000e-05	-2.217067e-02	-7.901823e+00
2.329000e-05	-2.530202e-02	-7.891328e+00
2.330000e-05	-2.396553e-02	-7.873407e+00
2.331000e-05	-2.209053e-02	-7.972883e+00
2.332000e-05	-2.367230e-02	-7.944916e+00
2.333000e-05	-2.656043e-02	-7.934936e+00
2.334000e-05	-2.592554e-02	-7.983963e+00
2.335000e-05	-2.412292e-02	-8.007990e+00
2.336000e-05	-2.622275e-02	-8.006917e+00
2.337000e-05	-2.917005e-02	-8.017997e+00
2.338000e-05	-2.963381e-02	-7.997575e+00
2.339000e-05	-2.807688e-02	-8.028071e+00
2.340000e-05	-3.024795e-02	-8.029124e+00
2.341000e-05	-3.231492e-02	-8.009575e+00
2.342000e-05	-3.110700e-02	-8.029026e+00
2.343000e-05	-3.086804e-02	-8.019153e+00
2.344000e-05	-3.234143e-02	-8.059126e+00
2.345000e-05	-3.428353e-02	-8.040124e+00
2.346000e-05	-3.601198e-02	-8.060048e+00
2.347000e-05	-3.522432e-02	-8.058651e+00
2.348000e-05	-3.771039e-02	-8.058596e+00
2.349000e-05	-3.924077e-02	-8.048595e+00
2.350000e-05	-3.938679e-02	-8.038124e+00
2.351000e-05	-3.695563e-02	-8.048525e+00
2.352000e-05	-3.882138e-02	-8.049995e+00
2.353000e-05	-3.936671e-02	-7.998017e+00
2.354000e-05	-3.963661e-02	-7.995524e+00
2.355000e-05	-3.862236e-02	-7.998036e+00
2.356000e-05	-3.921800e-02	-7.986518e+00
2.357000e-05	-3.881031e-02	-7.905987e+00
2.358000e-05	-3.784775e-02	-7.974464e+00
2.359000e-05	-3.640974e-02	-7.953856e+00
2.360000e-05	-3.828409e-02	-7.913891e+00
2.361000e-05	-3.703993e-02	-7.941708e+00
2.362000e-05	-3.630608e-02	-7.881755e+00
2.363000e-05	-3.319491e-02	-7.879655e+00
2.364000e-05	-3.356678e-02	-7.858746e+00
2.365000e-05	-3.128401e-02	-7.817194e+00
2.366000e-05	-3.169059e-02	-7.835567e+00
2.367000e-05	-2.923679e-02	-7.815016e+00
2.368000e-05	-3.171802e-02	-7.754889e+00
2.369000e-05	-3.120297e-02	-7.732354e+00
2.370000e-05	-2.998330e-02	-7.672332e+00
2.371000e-05	-2.794204e-02	-7.682296e+00
2.372000e-05	-2.811943e-02	-7.617165e+00
2.373000e-05	-2.471695e-02	-7.587543e+00
2.374000e-05	-2.544249e-02	-7.557416e+00
2.375000e-05	-2.145959e-02	-7.582885e+00
2.376000e-05	-2.508700e-02	-7.514254e+00
2.377000e-05	-2.232913e-02	-7.511202e+00
2.378000e-05	-2.359411e-02	-7.441201e+00
2.379000e-05	-2.322725e-02	-7.407625e+00
2.380000e-05	-2.209911e-02	-7.397495e+00
2.381000e-05	-2.381935e-02	-7.394512e+00
2.382000e-05	-1.993164e-02	-7.334383e+00
2.383000e-05	-2.067714e-02	-7.312681e+00
2.384000e-05	-1.761197e-02	-7.262205e+00
2.385000e-05	-1.797802e-02	-7.230130e+00
2.386000e-05	-1.649325e-02	-7.199519e+00
2.387000e-05	-1.789873e-02	-7.167015e+00
2.388000e-05	-1.821493e-02	-7.164883e+00
2.389000e-05	-2.084978e-02	-7.091227e+00
2.390000e-05	-1.824771e-02	-7.008124e+00
2.391000e-05	-1.710098e-02	-7.017019e+00
2.392000e-05	-1.418381e-02	-6.904388e+00
2.393000e-05	-1.472248e-02	-6.891758e+00
2.394000e-05	-1.347383e-02	-6.870223e+00
2.395000e-05	-1.336192e-02	-6.788070e+00
2.396000e-05	-1.534589e-02	-6.746415e+00
2.397000e-05	-1.610163e-02	-6.722806e+00
2.398000e-05	-1.492003e-02	-6.712204e+00
2.399000e-05	-1.383650e-02	-6.649596e+00
2.400000e-05	-1.448674e-02	-6.627372e+00
2.401000e-05	-1.234036e-02	-6.543859e+00
2.402000e-05	-1.114851e-02	-6.493786e+00
2.403000e-05	-1.091024e-02	-6.441075e+00
2.404000e-05	-1.245105e-02	-6.399519e+00
2.405000e-05	-1.223926e-02	-6.367435e+00
2.406000e-05	-1.253027e-02	-6.291727e+00
2.407000e-05	-1.258664e-02	-6.259599e+00
2.408000e-05	-1.237994e-02	-6.194641e+00
2.409000e-05	-1.176373e-02	-6.103857e+00
2.410000e-05	-9.573077e-03	-6.091103e+00
2.411000e-05	-1.120222e-02	-6.016992e+00
2.412000e-05	-1.037567e-02	-5.905413e+00
2.413000e-05	-1.164030e-02	-5.903204e+00
2.414000e-05	-9.452915e-03	-5.860626e+00
2.415000e-05	-1.092697e-02	-5.805994e+00
2.416000e-05	-9.756799e-03	-5.763783e+00
2.417000e-05	-1.101134e-02	-5.680180e+00
2.418000e-05	-8.881630e-03	-5.598495e+00
2.419000e-05	-9.314991e-03	-5.564439e+00
2.420000e-05	-9.108310e-03	-5.501203e+00
2.421000e-05	-9.958856e-03	-5.407967e+00
2.422000e-05	-9.268153e-03	-5.304307e+00
2.423000e-05	-8.748487e-03	-5.238147e+00
2.424000e-05	-7.668490e-03	-5.166966e+00
2.425000e-05	-9.552573e-03	-5.082232e+00
2.426000e-05	-8.463995e-03	-5.020071e+00
2.427000e-05	-7.310730e-03	-4.922365e+00
2.428000e-05	-7.773665e-03	-4.868069e+00
2.429000e-05	-9.695874e-03	-4.755810e+00
2.430000e-05	-8.800172e-03	-4.651705e+00
2.431000e-05	-7.089083e-03	-4.659075e+00
2.432000e-05	-7.970175e-03	-4.556889e+00
2.433000e-05	-8.314462e-03	-4.481683e+00
2.434000e-05	-8.742239e-03	-4.430578e+00
2.435000e-05	-6.879447e-03	-4.368000e+00
2.436000e-05	-7.759277e-03	-4.344863e+00
2.437000e-05	-8.965809e-03	-4.261078e+00
2.438000e-05	-7.377781e-03	-4.187450e+00
2.439000e-05	-5.901883e-03	-4.124287e+00
2.440000e-05	-7.691932e-03	-4.051128e+00
2.441000e-05	-8.423022e-03	-4.007947e+00
2.442000e-05	-7.480138e-03	-3.885807e+00
2.443000e-05	-5.644567e-03	-3.821001e+00
2.444000e-05	-7.421558e-03	-3.683812e+00
2.445000e-05	-7.323858e-03	-3.650575e+00
2.446000e-05	-6.555051e-03	-3.566895e+00
2.447000e-05	-5.415259e-03	-3.534287e+00
2.448000e-05	-7.596997e-03	-3.450103e+00
2.449000e-05	-7.427409e-03	-3.346393e+00
2.450000e-05	-7.004929e-03	-3.272128e+00
2.451000e-05	-6.408523e-03	-3.199974e+00
2.452000e-05	-6.804745e-03	-3.145342e+00
2.453000e-05	-6.714880e-03	-3.091001e+00
2.454000e-05	-5.839185e-03	-2.934290e+00
2.455000e-05	-5.768370e-03	-2.820075e+00
2.456000e-05	-4.895604e-03	-2.789423e+00
2.457000e-05	-5.976188e-03	-2.694737e+00
2.458000e-05	-5.810750e-03	-2.620007e+00
2.459000e-05	-6.218159e-03	-2.576391e+00
2.460000e-05	-7.259437e-03	-2.434108e+00
2.461000e-05	-7.060106e-03	-2.418950e+00
2.462000e-05	-6.072119e-03	-2.396342e+00
2.463000e-05	-4.516518e-03	-2.200556e+00
2.464000e-05	-4.947558e-03	-2.113214e+00
2.465000e-05	-5.851976e-03	-2.030501e+00
2.466000e-05	-5.498643e-03	-1.968342e+00
2.467000e-05	-5.414192e-03	-1.932657e+00
2.468000e-05	-6.168577e-03	-1.820474e+00
2.469000e-05	-5.834476e-03	-1.725262e+00
2.470000e-05	-5.643556e-03	-1.670580e+00
2.471000e-05	-4.164790e-03	-1.560397e+00
2.472000e-05	-5.962209e-03	-1.504690e+00
2.473000e-05	-5.212015e-03	-1.346945e+00
2.474000e-05	-4.642947e-03	-1.251604e+00
2.475000e-05	-4.685562e-03	-1.146371e+00
2.476000e-05	-4.977107e-03	-1.093135e+00
2.477000e-05	-5.113526e-03	-9.994488e-01
2.478000e-05	-4.883095e-03	-9.227693e-01
2.479000e-05	-3.660638e-03	-7.916253e-01
2.480000e-05	-4.798085e-03	-7.774698e-01
2.481000e-05	-4.295292e-03	-6.627868e-01
2.482000e-05	-4.806755e-03	-5.468424e-01
2.483000e-05	-3.709464e-03	-4.620816e-01
2.484000e-05	-5.000290e-03	-3.794712e-01
2.485000e-05	-3.379536e-03	-2.972645e-01
2.486000e-05	-2.992302e-03	-2.315078e-01
2.487000e-05	-3.191398e-03	-2.105026e-01
2.488000e-05	-3.182312e-03	2.100138e-02
2.489000e-05	-6.182445e-04	-3.000017e-05
2.490000e-05	2.326291e-03	5.218002e-02
2.491000e-05	1.045513e-04	2.194486e-01
2.492000e-05	-1.815811e-04	3.046805e-01
2.493000e-05	-1.993765e-03	3.694197e-01
2.494000e-05	-1.337129e-03	4.315788e-01
2.495000e-05	-9.461673e-04	5.357842e-01
2.496000e-05	5.038200e-03	5.790510e-01
2.497000e-05	3.330842e-02	6.727853e-01
2.498000e-05	3.819533e-02	7.789723e-01
2.499000e-05	-2.894629e-02	8.736255e-01
2.500000e-05	-4.711997e-02	9.984708e-01
2.501000e-05	-7.582709e-02	1.093734e+00
2.502000e-05	2.150979e-02	1.148472e+00
2.503000e-05	9.658382e-02	1.240629e+00
2.504000e-05	-1.052191e-01	1.356286e+00
2.505000e-05	1.985220e-02	1.400029e+00
2.506000e-05	7.479087e-02	1.518397e+00
2.507000e-05	-2.985578e-02	1.732752e+00
2.508000e-05	2.040537e-02	1.685768e+00
2.509000e-05	-2.915350e-02	1.799592e+00
2.510000e-05	-7.089831e-02	1.882358e+00
2.511000e-05	6.893058e-02	1.969342e+00
2.512000e-05	4.888416e-02	2.062051e+00
2.513000e-05	-6.905268e-02	2.074336e+00
2.514000e-05	1.888093e-02	2.158493e+00
2.515000e-05	-2.314964e-02	2.283105e+00
2.516000e-05	6.047217e-02	2.345339e+00
2.517000e-05	-4.373989e-02	2.389050e+00
2.518000e-05	-4.333879e-02	2.422757e+00
2.519000e-05	4.969740e-02	2.598073e+00
2.520000e-05	3.904699e-02	2.703204e+00
2.521000e-05	-2.268254e-02	2.788544e+00
2.522000e-05	-4.712172e-02	2.862680e+00
2.523000e-05	2.865686e-02	2.925312e+00
2.524000e-05	2.165694e-02	2.979444e+00
2.525000e-05	-1.989074e-02	3.083233e+00
2.526000e-05	-7.971561e-03	3.188870e+00
2.527000e-05	1.622019e-02	3.199499e+00
2.528000e-05	1.266323e-02	3.291630e+00
2.529000e-05	7.553655e-03	3.358540e+00
2.530000e-05	-4.120388e-02	3.545803e+00
2.531000e-05	2.080694e-02	3.588444e+00
2.532000e-05	5.712626e-03	3.660126e+00
2.533000e-05	6.247904e-03	3.713759e+00
2.534000e-05	-1.646603e-02	3.809070e+00
2.535000e-05	5.727391e-03	3.833174e+00
2.536000e-05	1.884139e-02	3.965388e+00
2.537000e-05	-6.387767e-03	3.978392e+00
2.538000e-05	-3.172576e-03	4.080758e+00
2.539000e-05	-2.637183e-03	4.164387e+00
2.540000e-05	1.579343e-02	4.239701e+00
2.541000e-05	1.303351e-03	4.294333e+00
2.542000e-05	-9.682881e-03	4.419525e+00
2.543000e-05	3.889641e-03	4.481655e+00
2.544000e-05	1.128742e-02	4.555864e+00
2.545000e-05	3.921127e-03	4.607466e+00
2.546000e-05	-7.859256e-03	4.692679e+00
2.547000e-05	4.459969e-03	4.736433e+00
2.548000e-05	1.270292e-02	4.810620e+00
2.549000e-05	4.186378e-04	4.942704e+00
2.550000e-05	-4.824025e-03	4.986462e+00
2.551000e-05	2.126184e-03	5.071177e+00
2.552000e-05	1.556730e-02	5.175860e+00
2.553000e-05	-1.034584e-04	5.229547e+00
2.554000e-05	-3.371378e-03	5.301229e+00
2.555000e-05	2.935992e-03	5.376937e+00
2.556000e-05	1.524882e-02	5.440074e+00
2.557000e-05	1.634582e-03	5.491207e+00
2.558000e-05	-2.609833e-03	5.569992e+00
2.559000e-05	3.509094e-03	5.618497e+00
2.560000e-05	1.316857e-02	5.641579e+00
2.561000e-05	3.765245e-03	5.725330e+00
2.562000e-05	-3.440583e-03	5.818096e+00
2.563000e-05	3.761013e-03	5.891730e+00
2.564000e-05	1.184485e-02	5.943813e+00
2.565000e-05	5.823689e-03	5.997519e+00
2.566000e-05	-2.069175e-03	6.041177e+00
2.567000e-05	5.194896e-03	6.103782e+00
2.568000e-05	1.110172e-02	6.135365e+00
2.569000e-05	7.690441e-03	6.198520e+00
2.570000e-05	-1.838953e-03	6.301228e+00
2.571000e-05	4.429349e-03	6.323803e+00
2.572000e-05	9.465125e-03	6.344940e+00
2.573000e-05	8.476151e-03	6.428520e+00
2.574000e-05	1.075623e-04	6.500751e+00
2.575000e-05	5.476115e-03	6.501707e+00
2.576000e-05	9.727613e-03	6.574883e+00
2.577000e-05	1.055223e-02	6.576547e+00
2.578000e-05	4.474016e-04	6.640573e+00
2.579000e-05	6.055927e-03	6.743803e+00
2.580000e-05	9.545662e-03	6.756937e+00
2.581000e-05	9.173081e-03	6.839520e+00
2.582000e-05	3.162701e-03	6.841626e+00
2.583000e-05	5.506445e-03	6.892253e+00
2.584000e-05	1.023594e-02	6.932383e+00
2.585000e-05	1.014183e-02	6.945887e+00
2.586000e-05	4.780144e-03	6.987489e+00
2.587000e-05	7.062367e-03	7.089145e+00
2.588000e-05	1.054629e-02	7.090755e+00
2.589000e-05	1.111973e-02	7.144310e+00
2.590000e-05	7.118062e-03	7.166463e+00
2.591000e-05	6.289847e-03	7.176493e+00
2.592000e-05	1.179543e-02	7.290575e+00
2.593000e-05	1.017555e-02	7.271824e+00
2.594000e-05	8.547582e-03	7.322356e+00
2.595000e-05	7.036254e-03	7.342806e+00
2.596000e-05	1.348087e-02	7.334013e+00
2.597000e-05	1.208231e-02	7.436569e+00
2.598000e-05	1.010488e-02	7.439725e+00
2.599000e-05	9.497482e-03	7.483248e+00
2.600000e-05	1.324706e-02	7.582880e+00
2.601000e-05	1.306256e-02	7.564934e+00
2.602000e-05	1.257380e-02	7.604442e+00
2.603000e-05	1.030986e-02	7.628545e+00
2.604000e-05	1.445998e-02	7.648625e+00
2.605000e-05	1.495073e-02	7.660723e+00
2.606000e-05	1.291143e-02	7.742326e+00
2.607000e-05	1.347136e-02	7.745302e+00
2.608000e-05	1.505052e-02	7.744409e+00
2.609000e-05	1.753355e-02	7.826485e+00
2.610000e-05	1.462143e-02	7.805436e+00
2.611000e-05	1.518159e-02	7.816646e+00
2.612000e-05	1.664672e-02	7.808595e+00
2.613000e-05	1.693717e-02	7.869626e+00
2.614000e-05	1.741795e-02	7.900680e+00
2.615000e-05	1.734166e-02	7.889699e+00
2.616000e-05	1.883491e-02	7.934857e+00
2.617000e-05	2.093738e-02	7.901934e+00
2.618000e-05	1.984008e-02	7.972403e+00
2.619000e-05	1.933204e-02	7.951358e+00
2.620000e-05	2.077386e-02	7.964361e+00
2.621000e-05	2.375922e-02	7.983983e+00
2.622000e-05	2.210423e-02	7.986938e+00
2.623000e-05	2.208433e-02	8.016014e+00
2.624000e-05	2.362201e-02	8.006085e+00
2.625000e-05	2.625719e-02	7.976516e+00
2.626000e-05	2.597747e-02	8.017486e+00
2.627000e-05	2.448372e-02	7.966068e+00
2.628000e-05	2.851769e-02	8.027589e+00
2.629000e-05	2.952039e-02	8.028096e+00
2.630000e-05	3.030489e-02	8.028066e+00
2.631000e-05	2.876725e-02	8.037068e+00
2.632000e-05	3.202950e-02	8.028119e+00
2.633000e-05	3.172471e-02	8.024538e+00
2.634000e-05	3.340747e-02	8.017491e+00
2.635000e-05	3.119667e-02	8.037095e+00
2.636000e-05	3.423808e-02	7.996517e+00
2.637000e-05	3.426399e-02	7.978618e+00
2.638000e-05	3.463118e-02	8.026565e+00
2.639000e-05	3.298881e-02	7.996015e+00
2.640000e-05	3.439245e-02	8.014437e+00
2.641000e-05	3.407244e-02	7.943358e+00
2.642000e-05	3.226281e-02	7.915859e+00
2.643000e-05	3.069954e-02	7.960756e+00
2.644000e-05	3.031338e-02	7.903281e+00
2.645000e-05	3.194524e-02	7.901827e+00
2.646000e-05	3.024859e-02	7.850178e+00
2.647000e-05	2.968508e-02	7.888700e+00
2.648000e-05	2.838675e-02	7.838122e+00
2.649000e-05	2.970350e-02	7.868093e+00
2.650000e-05	2.731881e-02	7.768574e+00
2.651000e-05	2.499605e-02	7.763937e+00
2.652000e-05	2.419224e-02	7.764392e+00
2.653000e-05	2.429801e-02	7.744307e+00
2.654000e-05	2.391136e-02	7.721758e+00
2.655000e-05	2.181142e-02	7.722654e+00
2.656000e-05	2.211298e-02	7.659573e+00
2.657000e-05	2.245800e-02	7.638098e+00
2.658000e-05	2.202208e-02	7.586566e+00
2.659000e-05	1.906534e-02	7.585913e+00
2.660000e-05	1.824150e-02	7.573359e+00
2.661000e-05	1.759590e-02	7.500303e+00
2.662000e-05	1.698104e-02	7.449126e+00
2.663000e-05	1.521309e-02	7.417143e+00
2.664000e-05	1.612393e-02	7.413590e+00
2.665000e-05	1.674853e-02	7.363914e+00
2.666000e-05	1.648539e-02	7.343780e+00
2.667000e-05	1.482164e-02	7.301103e+00
2.668000e-05	1.290245e-02	7.239521e+00
2.669000e-05	1.396809e-02	7.177040e+00
2.670000e-05	1.182087e-02	7.184439e+00
2.671000e-05	1.180453e-02	7.142887e+00
2.672000e-05	1.068510e-02	7.082730e+00
2.673000e-05	1.174194e-02	7.081155e+00
2.674000e-05	1.216855e-02	7.038519e+00
2.675000e-05	1.154326e-02	7.005990e+00
2.676000e-05	1.015663e-02	6.934334e+00
2.677000e-05	9.777355e-03	6.903208e+00
2.678000e-05	8.894465e-03	6.850103e+00
2.679000e-05	9.477126e-03	6.819501e+00
2.680000e-05	6.857073e-03	6.776415e+00
2.681000e-05	9.071435e-03	6.773958e+00
2.682000e-05	9.504404e-03	6.699802e+00
2.683000e-05	7.649540e-03	6.618045e+00
2.684000e-05	8.039904e-03	6.595967e+00
2.685000e-05	6.325655e-03	6.574211e+00
2.686000e-05	6.313812e-03	6.470599e+00
2.687000e-05	6.550057e-03	6.418543e+00
2.688000e-05	5.062744e-03	6.356891e+00
2.689000e-05	6.668664e-03	6.303861e+00
2.690000e-05	6.771355e-03	6.261626e+00
2.691000e-05	7.112178e-03	6.240048e+00
2.692000e-05	5.823178e-03	6.185414e+00
2.693000e-05	4.629450e-03	6.164336e+00
2.694000e-05	4.137934e-03	6.112632e+00
2.695000e-05	3.582860e-03	6.039624e+00
2.696000e-05	3.367120e-03	5.997495e+00
2.697000e-05	4.800843e-03	5.922338e+00
2.698000e-05	5.596112e-03	5.850171e+00
2.699000e-05	5.608539e-03	5.775441e+00
2.700000e-05	3.596034e-03	5.661779e+00
2.701000e-05	4.679372e-03	5.649573e+00
2.702000e-05	3.488988e-03	5.606969e+00
2.703000e-05	2.123505e-03	5.544288e+00
2.704000e-05	2.363661e-03	5.451702e+00
2.705000e-05	3.029339e-03	5.428049e+00
2.706000e-05	4.328952e-03	5.356865e+00
2.707000e-05	3.013070e-03	5.293282e+00
2.708000e-05	3.278117e-03	5.238996e+00
2.709000e-05	2.312836e-03	5.113363e+00
2.710000e-05	2.413221e-03	5.059653e+00
2.711000e-05	1.214513e-03	4.974440e+00
2.712000e-05	1.849741e-03	4.883125e+00
2.713000e-05	1.586990e-03	4.766019e+00
2.714000e-05	2.685272e-03	4.727286e+00
2.715000e-05	1.669247e-03	4.681680e+00
2.716000e-05	2.214156e-03	4.607524e+00
2.717000e-05	1.795599e-03	4.544362e+00
2.718000e-05	1.538704e-03	4.462683e+00
2.719000e-05	1.238378e-03	4.420046e+00
2.720000e-05	6.626443e-04	4.365391e+00
2.721000e-05	1.854024e-03	4.290677e+00
2.722000e-05	7.182436e-04	4.164990e+00
2.723000e-05	8.070036e-04	4.062753e+00
2.724000e-05	5.655973e-04	4.028970e+00
2.725000e-05	2.528453e-04	3.914915e+00
2.726000e-05	8.265306e-04	3.882757e+00
2.727000e-05	-2.348255e-04	3.798646e+00
2.728000e-05	-3.008248e-04	3.695262e+00
2.729000e-05	-1.934751e-05	3.651127e+00
2.730000e-05	1.702697e-03	3.597950e+00
2.731000e-05	-2.458413e-04	3.555837e+00
2.732000e-05	-1.106303e-03	3.417625e+00
2.733000e-05	9.012167e-04	3.344766e+00
2.734000e-05	-7.523776e-04	3.261578e+00
2.735000e-05	-1.241670e-03	3.185943e+00
2.736000e-05	-1.212071e-03	3.112787e+00
2.737000e-05	-1.230460e-03	3.009125e+00
2.738000e-05	4.794659e-05	2.954865e+00
2.739000e-05	-3.834751e-04	2.891187e+00
2.740000e-05	-2.767122e-04	2.820525e+00
2.741000e-05	-9.108182e-04	2.786466e+00
2.742000e-05	-1.162075e-03	2.650633e+00
2.743000e-05	-1.412161e-03	2.584862e+00
2.744000e-05	-1.493192e-03	2.420654e+00
2.745000e-05	-2.466739e-03	2.365449e+00
2.746000e-05	-1.261220e-03	2.293759e+00
2.747000e-05	-1.287877e-03	2.209073e+00
2.748000e-05	-1.014763e-03	2.155337e+00
2.749000e-05	-1.531495e-03	2.051579e+00
2.750000e-05	-1.650938e-03	2.000476e+00
2.751000e-05	-1.818026e-03	1.967342e+00
2.752000e-05	-1.355977e-03	1.840704e+00
2.753000e-05	-2.098862e-03	1.766344e+00
2.754000e-05	-2.278634e-03	1.684638e+00
2.755000e-05	-2.800115e-03	1.628621e+00
2.756000e-05	-2.225783e-03	1.462686e+00
2.757000e-05	-2.910911e-03	1.380474e+00
2.758000e-05	-1.867930e-03	1.303212e+00
2.759000e-05	-3.628555e-03	1.201001e+00
2.760000e-05	-2.091055e-03	1.136792e+00
2.761000e-05	-2.743936e-03	1.009104e+00
2.762000e-05	-2.220777e-03	8.732065e-01
2.763000e-05	-3.238212e-03	8.200236e-01
2.764000e-05	-3.415892e-03	7.453184e-01
2.765000e-05	-3.967420e-03	6.815828e-01
2.766000e-05	-2.341950e-03	5.473959e-01
2.767000e-05	-4.208409e-03	4.941606e-01
2.768000e-05	-3.617007e-03	4.105789e-01
2.769000e-05	-3.495300e-03	3.783435e-01
2.770000e-05	-2.380594e-03	2.316827e-01
2.771000e-05	-3.956299e-03	1.057685e-01
2.772000e-05	-4.618499e-03	5.057632e-02
2.773000e-05	-4.620273e-03	-3.063009e-02
2.774000e-05	1.815782e-04	-1.352907e-01
2.775000e-05	9.282736e-04	-1.815725e-01
2.776000e-05	-2.762257e-03	-2.546317e-01
2.777000e-05	-1.727694e-03	-3.683921e-01
2.778000e-05	-2.487117e-03	-4.100002e-01
2.779000e-05	-3.771583e-03	-4.246791e-01
2.780000e-05	-2.202454e-03	-5.794647e-01
2.781000e-05	2.236052e-02	-6.637619e-01
2.782000e-05	7.212948e-02	-7.589211e-01
2.783000e-05	-2.819061e-02	-8.743104e-01
2.784000e-05	-4.379420e-02	-1.009545e+00
2.785000e-05	-1.097520e-01	-1.105287e+00
2.786000e-05	2.212730e-02	-1.127415e+00
2.787000e-05	1.171221e-01	-1.198043e+00
2.788000e-05	-1.055182e-01	-1.286782e+00
2.789000e-05	4.956352e-02	-1.411677e+00
2.790000e-05	7.737367e-02	-1.465765e+00
2.791000e-05	-7.337060e-02	-1.601597e+00
2.792000e-05	2.836859e-02	-1.693762e+00
2.793000e-05	9.683870e-05	-1.725815e+00
2.794000e-05	-1.355847e-01	-1.821623e+00
2.795000e-05	9.367610e-02	-1.915311e+00
2.796000e-05	5.552442e-02	-1.968000e+00
2.797000e-05	-1.078377e-01	-1.991655e+00
2.798000e-05	5.003168e-02	-2.075836e+00
2.799000e-05	-4.784678e-02	-2.232550e+00
2.800000e-05	6.304213e-02	-2.398992e+00
2.801000e-05	-2.419271e-02	-2.419579e+00
2.802000e-05	-1.110233e-01	-2.513786e+00
2.803000e-05	1.130880e-01	-2.559448e+00
2.804000e-05	1.344467e-02	-2.714281e+00
2.805000e-05	-6.004930e-02	-2.757917e+00
2.806000e-05	-1.572674e-02	-2.799472e+00
2.807000e-05	-2.310379e-02	-2.886287e+00
2.808000e-05	8.492462e-02	-3.023100e+00
2.809000e-05	-7.947627e-02	-3.105361e+00
2.810000e-05	-1.921010e-02	-3.170446e+00
2.811000e-05	6.314972e-02	-3.291200e+00
2.812000e-05	-3.645524e-02	-3.345913e+00
2.813000e-05	2.878216e-02	-3.431551e+00
2.814000e-05	-8.626271e-02	-3.475303e+00
2.815000e-05	4.667449e-02	-3.549890e+00
2.816000e-05	1.979709e-02	-3.580599e+00
2.817000e-05	-4.652938e-02	-3.703759e+00
2.818000e-05	1.508035e-02	-3.797039e+00
2.819000e-05	-3.251017e-02	-3.871757e+00
2.820000e-05	4.959040e-02	-3.976996e+00
2.821000e-05	-4.446006e-02	-4.031130e+00
2.822000e-05	-1.867672e-02	-4.104761e+00
2.823000e-05	1.728115e-02	-4.158518e+00
2.824000e-05	-9.036729e-03	-4.241628e+00
2.825000e-05	1.302641e-02	-4.316811e+00
2.826000e-05	-5.712604e-02	-4.357466e+00
2.827000e-05	2.447880e-02	-4.432100e+00
2.828000e-05	-8.792710e-04	-4.502808e+00
2.829000e-05	-1.102797e-02	-4.557437e+00
2.830000e-05	-1.886472e-02	-4.620153e+00
2.831000e-05	-1.120370e-02	-4.713258e+00
2.832000e-05	2.692500e-02	-4.779470e+00
2.833000e-05	-3.177403e-02	-4.839144e+00
2.834000e-05	-1.059516e-02	-4.955357e+00
2.835000e-05	-1.393752e-02	-4.989022e+00
2.836000e-05	1.544219e-02	-5.080178e+00
2.837000e-05	-1.611677e-02	-5.165440e+00
2.838000e-05	-2.389484e-02	-5.218996e+00
2.839000e-05	2.640273e-04	-5.322307e+00
2.840000e-05	7.688737e-04	-5.384992e+00
2.841000e-05	-6.604952e-03	-5.481705e+00
2.842000e-05	-2.937975e-02	-5.525386e+00
2.843000e-05	1.093901e-03	-5.599044e+00
2.844000e-05	-2.462231e-03	-5.691605e+00
2.845000e-05	-6.873699e-03	-5.683860e+00
2.846000e-05	-2.549461e-02	-5.787466e+00
2.847000e-05	-5.534060e-03	-5.850096e+00
2.848000e-05	2.073705e-03	-5.883308e+00
2.849000e-05	-1.133233e-02	-5.946439e+00
2.850000e-05	-1.798899e-02	-5.999595e+00
2.851000e-05	-1.204680e-02	-6.041202e+00
2.852000e-05	3.690448e-03	-6.123334e+00
2.853000e-05	-1.392810e-02	-6.158963e+00
2.854000e-05	-1.596552e-02	-6.271249e+00
2.855000e-05	-1.441646e-02	-6.312878e+00
2.856000e-05	6.170178e-04	-6.365890e+00
2.857000e-05	-1.296905e-02	-6.419548e+00
2.858000e-05	-1.730222e-02	-6.472304e+00
2.859000e-05	-1.322016e-02	-6.554284e+00
2.860000e-05	-3.514836e-03	-6.547437e+00
2.861000e-05	-9.586975e-03	-6.598095e+00
2.862000e-05	-1.949710e-02	-6.651250e+00
2.863000e-05	-1.198142e-02	-6.712732e+00
2.864000e-05	-6.769296e-03	-6.735887e+00
2.865000e-05	-8.064192e-03	-6.776920e+00
2.866000e-05	-2.040529e-02	-6.799048e+00
2.867000e-05	-1.330256e-02	-6.890249e+00
2.868000e-05	-8.541956e-03	-6.913257e+00
2.869000e-05	-9.566143e-03	-6.975011e+00
2.870000e-05	-1.845236e-02	-7.008594e+00
2.871000e-05	-1.609301e-02	-7.080700e+00
2.872000e-05	-7.910606e-03	-7.112306e+00
2.873000e-05	-1.077664e-02	-7.162887e+00
2.874000e-05	-1.771991e-02	-7.166996e+00
2.875000e-05	-1.834151e-02	-7.248497e+00
2.876000e-05	-9.757319e-03	-7.271228e+00
2.877000e-05	-1.291022e-02	-7.282756e+00
2.878000e-05	-1.813724e-02	-7.354808e+00
2.879000e-05	-1.895250e-02	-7.365385e+00
2.880000e-05	-1.107266e-02	-7.357469e+00
2.881000e-05	-1.321034e-02	-7.440096e+00
2.882000e-05	-1.864938e-02	-7.460154e+00
2.883000e-05	-1.923667e-02	-7.482808e+00
2.884000e-05	-1.388850e-02	-7.521279e+00
2.885000e-05	-1.497601e-02	-7.584357e+00
2.886000e-05	-1.868737e-02	-7.585515e+00
2.887000e-05	-2.065297e-02	-7.588091e+00
2.888000e-05	-1.533867e-02	-7.668095e+00
2.889000e-05	-1.572619e-02	-7.670145e+00
2.890000e-05	-2.067944e-02	-7.710778e+00
2.891000e-05	-2.111333e-02	-7.743411e+00
2.892000e-05	-1.769051e-02	-7.793409e+00
2.893000e-05	-1.680554e-02	-7.784536e+00
2.894000e-05	-2.174388e-02	-7.837516e+00
2.895000e-05	-2.311547e-02	-7.860545e+00
2.896000e-05	-1.994388e-02	-7.859199e+00
2.897000e-05	-2.060348e-02	-7.890145e+00
2.898000e-05	-2.281533e-02	-7.890779e+00
2.899000e-05	-2.568070e-02	-7.920849e+00
2.900000e-05	-2.167841e-02	-7.923382e+00
2.901000e-05	-2.233773e-02	-7.946936e+00
2.902000e-05	-2.528961e-02	-7.952438e+00
2.903000e-05	-2.695839e-02	-8.004488e+00
2.904000e-05	-2.561332e-02	-7.997012e+00
2.905000e-05	-2.406714e-02	-8.026992e+00
2.906000e-05	-2.813682e-02	-7.998040e+00
2.907000e-05	-2.924673e-02	-8.017474e+00
2.908000e-05	-2.828224e-02	-8.008521e+00
2.909000e-05	-2.876419e-02	-8.038046e+00
2.910000e-05	-3.067172e-02	-8.038596e+00
2.911000e-05	-3.247606e-02	-8.058073e+00
2.912000e-05	-3.189931e-02	-8.079098e+00
2.913000e-05	-3.148782e-02	-8.039100e+00
2.914000e-05	-3.514438e-02	-8.079678e+00
2.915000e-05	-3.564010e-02	-8.091050e+00
2.916000e-05	-3.514279e-02	-7.998021e+00
2.917000e-05	-3.643149e-02	-8.080100e+00
2.918000e-05	-3.916721e-02	-8.049175e+00
2.919000e-05	-3.968923e-02	-8.078575e+00
2.920000e-05	-3.814837e-02	-8.027074e+00
2.921000e-05	-3.791673e-02	-8.028623e+00
2.922000e-05	-3.991808e-02	-8.009622e+00
2.923000e-05	-3.942995e-02	-8.029593e+00
2.924000e-05	-3.945465e-02	-8.026072e+00
2.925000e-05	-3.832200e-02	-8.017521e+00
2.926000e-05	-4.033233e-02	-7.973892e+00
2.927000e-05	-3.857271e-02	-7.944939e+00
2.928000e-05	-3.838576e-02	-7.965413e+00
2.929000e-05	-3.673286e-02	-7.965007e+00
2.930000e-05	-3.764616e-02	-7.934427e+00
2.931000e-05	-3.750612e-02	-7.911828e+00
2.932000e-05	-3.611167e-02	-7.871752e+00
2.933000e-05	-3.397641e-02	-7.877700e+00
2.934000e-05	-3.251135e-02	-7.850197e+00
2.935000e-05	-3.212631e-02	-7.827117e+00
2.936000e-05	-3.167468e-02	-7.837517e+00
2.937000e-05	-3.150316e-02	-7.765012e+00
2.938000e-05	-3.111599e-02	-7.753358e+00
2.939000e-05	-3.103616e-02	-7.741231e+00
2.940000e-05	-2.947567e-02	-7.701307e+00
2.941000e-05	-2.778558e-02	-7.669703e+00
2.942000e-05	-2.541237e-02	-7.647168e+00
2.943000e-05	-2.613870e-02	-7.606015e+00
2.944000e-05	-2.394961e-02	-7.553938e+00
2.945000e-05	-2.523381e-02	-7.534458e+00
2.946000e-05	-2.365124e-02	-7.512355e+00
2.947000e-05	-2.472148e-02	-7.491705e+00
2.948000e-05	-2.254797e-02	-7.440146e+00
2.949000e-05	-2.261552e-02	-7.447120e+00
2.950000e-05	-2.061212e-02	-7.385947e+00
2.951000e-05	-2.124767e-02	-7.375961e+00
2.952000e-05	-1.982432e-02	-7.303360e+00
2.953000e-05	-1.952869e-02	-7.303208e+00
2.954000e-05	-1.903436e-02	-7.303204e+00
2.955000e-05	-1.927784e-02	-7.209625e+00
2.956000e-05	-1.924164e-02	-7.206024e+00
2.957000e-05	-1.782334e-02	-7.195964e+00
2.958000e-05	-1.880056e-02	-7.142910e+00
2.959000e-05	-1.740787e-02	-7.051704e+00
2.960000e-05	-1.593436e-02	-7.017019e+00
2.961000e-05	-1.528762e-02	-7.016940e+00
2.962000e-05	-1.498217e-02	-6.922808e+00
2.963000e-05	-1.511236e-02	-6.861782e+00
2.964000e-05	-1.581389e-02	-6.848123e+00
2.965000e-05	-1.415737e-02	-6.766495e+00
2.966000e-05	-1.437756e-02	-6.736913e+00
2.967000e-05	-1.445637e-02	-6.703831e+00
2.968000e-05	-1.459045e-02	-6.690680e+00
2.969000e-05	-1.255035e-02	-6.639050e+00
2.970000e-05	-1.260883e-02	-6.586045e+00
2.971000e-05	-1.324801e-02	-6.565336e+00
2.972000e-05	-1.336491e-02	-6.462183e+00
2.973000e-05	-1.195486e-02	-6.460550e+00
2.974000e-05	-1.242528e-02	-6.376918e+00
2.975000e-05	-1.154649e-02	-6.345842e+00
2.976000e-05	-1.283025e-02	-6.323224e+00
2.977000e-05	-1.080399e-02	-6.227566e+00
2.978000e-05	-1.183225e-02	-6.194936e+00
2.979000e-05	-1.141482e-02	-6.043183e+00
2.980000e-05	-1.078293e-02	-6.009551e+00
2.981000e-05	-1.061060e-02	-5.997917e+00
2.982000e-05	-1.040406e-02	-5.943792e+00
2.983000e-05	-1.129585e-02	-5.882180e+00
2.984000e-05	-1.067052e-02	-5.777623e+00
2.985000e-05	-1.071999e-02	-5.735517e+00
2.986000e-05	-1.064050e-02	-5.713254e+00
2.987000e-05	-1.000573e-02	-5.642101e+00
2.988000e-05	-9.008841e-03	-5.588545e+00
2.989000e-05	-1.026789e-02	-5.505808e+00
2.990000e-05	-9.858968e-03	-5.469673e+00
2.991000e-05	-8.979400e-03	-5.396985e+00
2.992000e-05	-8.570155e-03	-5.302227e+00
2.993000e-05	-9.637602e-03	-5.208474e+00
2.994000e-05	-9.649584e-03	-5.134886e+00
2.995000e-05	-8.151356e-03	-5.092178e+00
2.996000e-05	-9.068662e-03	-5.006521e+00
2.997000e-05	-9.150627e-03	-4.890736e+00
2.998000e-05	-8.314600e-03	-4.797396e+00
2.999000e-05	-8.160390e-03	-4.753336e+00
3.000000e-05	-7.142935e-03	-4.621079e+00
3.001000e-05	-8.640481e-03	-4.588467e+00
3.002000e-05	-7.813878e-03	-4.574842e+00
3.003000e-05	-7.607123e-03	-4.463780e+00
3.004000e-05	-7.492696e-03	-4.400001e+00
3.005000e-05	-7.626709e-03	-4.376946e+00
3.006000e-05	-7.203128e-03	-4.272266e+00
3.007000e-05	-6.911467e-03	-4.231103e+00
3.008000e-05	-6.509933e-03	-4.155796e+00
3.009000e-05	-7.302056e-03	-4.112734e+00
3.010000e-05	-7.977324e-03	-3.989502e+00
3.011000e-05	-6.996307e-03	-3.937394e+00
3.012000e-05	-6.417295e-03	-3.882760e+00
3.013000e-05	-6.623558e-03	-3.776470e+00
3.014000e-05	-6.997447e-03	-3.683232e+00
3.015000e-05	-6.740632e-03	-3.609521e+00
3.016000e-05	-5.954167e-03	-3.558395e+00
3.017000e-05	-6.689543e-03	-3.462682e+00
3.018000e-05	-7.261910e-03	-3.379025e+00
3.019000e-05	-6.139888e-03	-3.325813e+00
3.020000e-05	-6.781326e-03	-3.272556e+00
3.021000e-05	-5.831942e-03	-3.209497e+00
3.022000e-05	-6.470889e-03	-3.133791e+00
3.023000e-05	-6.136708e-03	-3.017027e+00
3.024000e-05	-5.098487e-03	-2.893656e+00
3.025000e-05	-5.939663e-03	-2.819028e+00
3.026000e-05	-6.371717e-03	-2.746370e+00
3.027000e-05	-5.173287e-03	-2.662634e+00
3.028000e-05	-5.123073e-03	-2.619124e+00
3.029000e-05	-5.195009e-03	-2.505240e+00
3.030000e-05	-5.876459e-03	-2.411604e+00
3.031000e-05	-6.723662e-03	-2.389423e+00
3.032000e-05	-5.120313e-03	-2.333362e+00
3.033000e-05	-4.811100e-03	-2.188076e+00
3.034000e-05	-5.892825e-03	-2.071679e+00
3.035000e-05	-5.694550e-03	-2.000026e+00
3.036000e-05	-4.313628e-03	-1.915390e+00
3.037000e-05	-4.256507e-03	-1.862082e+00
3.038000e-05	-6.150259e-03	-1.820450e+00
3.039000e-05	-5.665903e-03	-1.694286e+00
3.040000e-05	-4.209218e-03	-1.611551e+00
3.041000e-05	-4.856155e-03	-1.566870e+00
3.042000e-05	-5.991698e-03	-1.471184e+00
3.043000e-05	-4.690992e-03	-1.353839e+00
3.044000e-05	-3.839881e-03	-1.201101e+00
3.045000e-05	-4.437132e-03	-1.175716e+00
3.046000e-05	-5.074343e-03	-1.020654e+00
3.047000e-05	-5.119600e-03	-9.783746e-01
3.048000e-05	-4.580855e-03	-9.010867e-01
3.049000e-05	-4.590449e-03	-8.199526e-01
3.050000e-05	-4.619750e-03	-7.474210e-01
3.051000e-05	-3.133995e-03	-6.221078e-01
3.052000e-05	-4.018028e-03	-5.666658e-01
3.053000e-05	-4.016495e-03	-4.415551e-01
3.054000e-05	-4.453542e-03	-3.798698e-01
3.055000e-05	-3.927438e-03	-2.748106e-01
3.056000e-05	-2.890060e-03	-2.308801e-01
3.057000e-05	-3.484063e-03	-9.634073e-02
3.058000e-05	-3.541841e-03	-5.153663e-02
3.059000e-05	1.757904e-03	3.997869e-02
3.060000e-05	8.288096e-04	8.418678e-02
3.061000e-05	-7.231948e-04	1.630000e-01
3.062000e-05	-1.482997e-03	3.353394e-01
3.063000e-05	-2.221807e-03	3.799498e-01
3.064000e-05	1.215112e-03	4.625777e-01
3.065000e-05	-8.476983e-04	5.468657e-01
3.066000e-05	1.397096e-02	6.210288e-01
3.067000e-05	4.383138e-02	7.053120e-01
3.068000e-05	1.352029e-02	8.390787e-01
3.069000e-05	-4.006240e-02	9.146379e-01
3.070000e-05	-5.355407e-02	1.041050e+00
3.071000e-05	-6.942237e-02	1.144742e+00
3.072000e-05	8.951389e-02	1.178975e+00
3.073000e-05	2.848737e-02	1.305158e+00
3.074000e-05	-1.138042e-01	1.387865e+00
3.075000e-05	9.692907e-02	1.432679e+00
3.076000e-05	1.188360e-02	1.599073e+00
3.077000e-05	-2.156218e-02	1.713289e+00
3.078000e-05	2.916248e-02	1.776794e+00
3.079000e-05	-6.819846e-02	1.800602e+00
3.080000e-05	-2.924268e-02	1.897314e+00
3.081000e-05	1.026560e-01	1.958470e+00
3.082000e-05	-2.033123e-02	2.034129e+00
3.083000e-05	-3.414459e-02	2.125311e+00
3.084000e-05	2.681290e-03	2.208570e+00
3.085000e-05	3.673607e-03	2.274184e+00
3.086000e-05	4.422585e-02	2.356342e+00
3.087000e-05	-7.251471e-02	2.452171e+00
3.088000e-05	-5.436234e-04	2.514788e+00
3.089000e-05	4.955607e-02	2.590449e+00
3.090000e-05	2.638575e-02	2.714811e+00
3.091000e-05	-4.586389e-02	2.810073e+00
3.092000e-05	-2.135940e-02	2.863160e+00
3.093000e-05	3.560467e-02	2.985388e+00
3.094000e-05	1.133835e-02	3.030121e+00
3.095000e-05	-2.946530e-02	3.136286e+00
3.096000e-05	8.673912e-03	3.208970e+00
3.097000e-05	5.954703e-03	3.241128e+00
3.098000e-05	2.062706e-02	3.272780e+00
3.099000e-05	-1.817150e-02	3.438670e+00
3.100000e-05	-2.153606e-02	3.526913e+00
3.101000e-05	2.562099e-02	3.578546e+00
3.102000e-05	4.136054e-03	3.661655e+00
3.103000e-05	2.309292e-03	3.754315e+00
3.104000e-05	-2.010551e-02	3.830576e+00
3.105000e-05	1.988532e-02	3.904783e+00
3.106000e-05	3.081560e-03	3.926463e+00
3.107000e-05	-4.785163e-03	4.008997e+00
3.108000e-05	-6.921998e-03	4.110804e+00
3.109000e-05	7.723682e-03	4.185495e+00
3.110000e-05	1.307053e-02	4.264230e+00
3.111000e-05	-5.782128e-03	4.396914e+00
3.112000e-05	-7.665535e-03	4.470096e+00
3.113000e-05	1.013754e-02	4.503182e+00
3.114000e-05	6.228508e-03	4.585440e+00
3.115000e-05	-7.453591e-04	4.609125e+00
3.116000e-05	-8.280319e-03	4.672708e+00
3.117000e-05	1.382390e-02	4.776967e+00
3.118000e-05	5.838806e-03	4.842123e+00
3.119000e-05	-2.214556e-03	4.913757e+00
3.120000e-05	-5.442308e-03	5.044469e+00
3.121000e-05	1.006965e-02	5.112278e+00
3.122000e-05	1.002859e-02	5.167494e+00
3.123000e-05	-4.414950e-03	5.221181e+00
3.124000e-05	-1.381802e-03	5.343407e+00
3.125000e-05	7.109384e-03	5.388442e+00
3.126000e-05	1.192446e-02	5.472201e+00
3.127000e-05	-2.614619e-03	5.514829e+00
3.128000e-05	2.112754e-04	5.576490e+00
3.129000e-05	6.711067e-03	5.650151e+00
3.130000e-05	1.069204e-02	5.682752e+00
3.131000e-05	-2.080708e-03	5.775459e+00
3.132000e-05	3.979570e-04	5.869620e+00
3.133000e-05	6.615289e-03	5.902302e+00
3.134000e-05	1.112451e-02	5.966943e+00
3.135000e-05	1.402988e-03	6.068020e+00
3.136000e-05	9.630123e-04	6.121131e+00
3.137000e-05	7.871378e-03	6.134434e+00
3.138000e-05	1.090885e-02	6.146936e+00
3.139000e-05	2.910781e-03	6.228598e+00
3.140000e-05	1.378705e-04	6.312777e+00
3.141000e-05	7.911313e-03	6.364361e+00
3.142000e-05	1.066139e-02	6.354990e+00
3.143000e-05	4.485027e-03	6.418496e+00
3.144000e-05	1.487900e-03	6.482749e+00
3.145000e-05	8.452347e-03	6.523283e+00
3.146000e-05	1.027870e-02	6.574490e+00
3.147000e-05	6.198569e-03	6.678590e+00
3.148000e-05	1.943539e-03	6.682279e+00
3.149000e-05	8.541415e-03	6.743412e+00
3.150000e-05	1.058509e-02	6.796386e+00
3.151000e-05	7.577162e-03	6.839021e+00
3.152000e-05	2.096025e-03	6.880203e+00
3.153000e-05	8.619349e-03	6.962282e+00
3.154000e-05	1.027219e-02	6.944357e+00
3.155000e-05	9.308146e-03	7.015913e+00
3.156000e-05	4.424765e-03	7.006995e+00
3.157000e-05	9.954124e-03	7.069623e+00
3.158000e-05	1.069917e-02	7.082227e+00
3.159000e-05	1.031079e-02	7.124286e+00
3.160000e-05	5.623002e-03	7.144915e+00
3.161000e-05	9.268177e-03	7.177041e+00
3.162000e-05	1.294612e-02	7.218625e+00
3.163000e-05	1.022095e-02	7.282149e+00
3.164000e-05	6.948533e-03	7.332776e+00
3.165000e-05	1.059858e-02	7.374361e+00
3.166000e-05	1.314476e-02	7.416610e+00
3.167000e-05	1.133952e-02	7.406618e+00
3.168000e-05	8.674389e-03	7.439722e+00
3.169000e-05	1.145961e-02	7.522330e+00
3.170000e-05	1.519048e-02	7.572287e+00
3.171000e-05	1.212986e-02	7.546412e+00
3.172000e-05	1.084030e-02	7.597494e+00
3.173000e-05	1.086807e-02	7.669042e+00
3.174000e-05	1.627071e-02	7.620099e+00
3.175000e-05	1.421584e-02	7.701653e+00
3.176000e-05	1.189429e-02	7.712204e+00
3.177000e-05	1.423709e-02	7.765260e+00
3.178000e-05	1.724909e-02	7.745513e+00
3.179000e-05	1.551439e-02	7.786540e+00
3.180000e-05	1.332565e-02	7.777543e+00
3.181000e-05	1.529017e-02	7.836617e+00
3.182000e-05	1.762151e-02	7.857045e+00
3.183000e-05	1.779744e-02	7.848654e+00
3.184000e-05	1.660504e-02	7.891778e+00
3.185000e-05	1.737373e-02	7.949727e+00
3.186000e-05	1.978294e-02	7.881779e+00
3.187000e-05	2.020249e-02	7.951232e+00
3.188000e-05	1.916989e-02	7.963357e+00
3.189000e-05	1.891375e-02	7.951883e+00
3.190000e-05	2.278119e-02	7.974339e+00
3.191000e-05	2.248842e-02	7.945491e+00
3.192000e-05	2.232196e-02	8.007042e+00
3.193000e-05	2.262876e-02	7.965936e+00
3.194000e-05	2.558811e-02	8.005900e+00
3.195000e-05	2.729143e-02	8.017064e+00
3.196000e-05	2.529826e-02	7.976490e+00
3.197000e-05	2.567984e-02	8.005010e+00
3.198000e-05	2.881538e-02	8.040050e+00
3.199000e-05	2.994114e-02	7.996070e+00
3.200000e-05	2.962727e-02	8.036596e+00
3.201000e-05	2.933203e-02	8.007015e+00
3.202000e-05	3.324971e-02	7.996522e+00
3.203000e-05	3.227950e-02	8.069567e+00
3.204000e-05	3.290186e-02	7.998045e+00
3.205000e-05	3.132145e-02	8.069516e+00
3.206000e-05	3.449627e-02	7.985117e+00
3.207000e-05	3.595775e-02	8.026991e+00
3.208000e-05	3.455444e-02	7.976015e+00
3.209000e-05	3.385308e-02	7.976362e+00
3.210000e-05	3.372470e-02	7.965005e+00
3.211000e-05	3.524589e-02	7.944811e+00
3.212000e-05	3.298660e-02	7.944361e+00
3.213000e-05	3.082075e-02	7.922757e+00
3.214000e-05	3.220110e-02	7.892228e+00
3.215000e-05	3.245222e-02	7.921252e+00
3.216000e-05	3.033435e-02	7.870299e+00
3.217000e-05	2.886094e-02	7.929220e+00
3.218000e-05	2.857580e-02	7.838046e+00
3.219000e-05	2.966418e-02	7.838990e+00
3.220000e-05	2.689110e-02	7.826539e+00
3.221000e-05	2.530338e-02	7.814938e+00
3.222000e-05	2.466940e-02	7.744433e+00
3.223000e-05	2.501303e-02	7.723230e+00
3.224000e-05	2.303124e-02	7.692827e+00
3.225000e-05	2.158161e-02	7.680206e+00
3.226000e-05	2.227882e-02	7.659124e+00
3.227000e-05	2.135828e-02	7.648495e+00
3.228000e-05	2.040933e-02	7.588987e+00
3.229000e-05	1.956835e-02	7.564486e+00
3.230000e-05	1.950255e-02	7.512857e+00
3.231000e-05	1.853279e-02	7.510775e+00
3.232000e-05	1.680063e-02	7.447195e+00
3.233000e-05	1.606236e-02	7.427539e+00
3.234000e-05	1.442612e-02	7.406536e+00
3.235000e-05	1.561213e-02	7.352833e+00
3.236000e-05	1.491928e-02	7.341303e+00
3.237000e-05	1.460556e-02	7.250649e+00
3.238000e-05	1.337366e-02	7.239545e+00
3.239000e-05	1.440791e-02	7.196438e+00
3.240000e-05	1.284949e-02	7.135390e+00
3.241000e-05	1.160469e-02	7.143859e+00
3.242000e-05	1.075911e-02	7.111174e+00
3.243000e-05	1.199644e-02	7.080623e+00
3.244000e-05	9.506517e-03	7.017968e+00
3.245000e-05	1.024037e-02	6.965865e+00
3.246000e-05	9.643265e-03	6.944837e+00
3.247000e-05	1.080557e-02	6.892208e+00
3.248000e-05	8.997172e-03	6.870679e+00
3.249000e-05	8.121363e-03	6.790046e+00
3.250000e-05	8.570392e-03	6.755415e+00
3.251000e-05	8.661717e-03	6.743383e+00
3.252000e-05	7.236352e-03	6.710752e+00
3.253000e-05	7.336301e-03	6.587995e+00
3.254000e-05	5.914864e-03	6.544886e+00
3.255000e-05	7.402108e-03	6.502730e+00
3.256000e-05	6.492363e-03	6.449649e+00
3.257000e-05	6.753308e-03	6.417492e+00
3.258000e-05	5.657911e-03	6.355438e+00
3.259000e-05	6.374513e-03	6.312232e+00
3.260000e-05	5.644697e-03	6.261127e+00
3.261000e-05	5.910559e-03	6.198496e+00
3.262000e-05	4.325474e-03	6.155463e+00
3.263000e-05	4.727098e-03	6.114759e+00
3.264000e-05	4.679305e-03	6.062655e+00
3.265000e-05	5.514836e-03	6.029044e+00
3.266000e-05	4.748814e-03	6.005440e+00
3.267000e-05	5.143764e-03	5.871253e+00
3.268000e-05	3.641950e-03	5.818546e+00
3.269000e-05	4.471457e-03	5.753936e+00
3.270000e-05	4.397285e-03	5.652128e+00
3.271000e-05	3.924775e-03	5.610045e+00
3.272000e-05	3.315160e-03	5.556416e+00
3.273000e-05	4.076868e-03	5.504188e+00
3.274000e-05	3.267923e-03	5.430705e+00
3.275000e-05	2.866808e-03	5.416444e+00
3.276000e-05	1.992820e-03	5.333810e+00
3.277000e-05	2.419583e-03	5.291152e+00
3.278000e-05	3.316529e-03	5.187915e+00
3.279000e-05	3.736927e-03	5.144231e+00
3.280000e-05	2.939531e-03	5.037024e+00
3.281000e-05	2.448896e-03	4.933758e+00
3.282000e-05	1.701169e-03	4.860623e+00
3.283000e-05	1.732433e-03	4.777963e+00
3.284000e-05	1.337362e-03	4.713810e+00
3.285000e-05	1.851942e-03	4.659626e+00
3.286000e-05	1.900737e-03	4.547399e+00
3.287000e-05	1.338471e-03	4.534183e+00
3.288000e-05	1.954110e-03	4.431607e+00
3.289000e-05	1.291221e-03	4.418327e+00
3.290000e-05	2.053734e-03	4.322811e+00
3.291000e-05	-1.329371e-04	4.249650e+00
3.292000e-05	1.163343e-03	4.134363e+00
3.293000e-05	3.160072e-04	4.050530e+00
3.294000e-05	1.412985e-04	3.946995e+00
3.295000e-05	-6.710593e-04	3.935363e+00
3.296000e-05	7.680401e-05	3.840104e+00
3.297000e-05	1.628544e-05	3.787396e+00
3.298000e-05	-1.019316e-05	3.662808e+00
3.299000e-05	-3.886057e-04	3.641054e+00
3.300000e-05	2.301803e-04	3.597396e+00
3.301000e-05	-8.244429e-04	3.523187e+00
3.302000e-05	-3.749149e-04	3.377393e+00
3.303000e-05	-4.025785e-04	3.323237e+00
3.304000e-05	-5.286888e-04	3.249499e+00
3.305000e-05	-1.534968e-03	3.156866e+00
3.306000e-05	-4.616986e-04	3.072658e+00
3.307000e-05	-8.720473e-04	3.020025e+00
3.308000e-05	-9.990397e-04	2.903786e+00
3.309000e-05	-5.925888e-04	2.871104e+00
3.310000e-05	-6.471741e-04	2.830525e+00
3.311000e-05	-7.270069e-04	2.766192e+00
3.312000e-05	-1.715549e-03	2.610051e+00
3.313000e-05	-2.134358e-03	2.483212e+00
3.314000e-05	-2.101151e-03	2.411001e+00
3.315000e-05	-1.594202e-03	2.344367e+00
3.316000e-05	-1.605891e-03	2.231632e+00
3.317000e-05	-1.290093e-03	2.228524e+00
3.318000e-05	-1.516246e-03	2.144761e+00
3.319000e-05	-1.440826e-03	2.041103e+00
3.320000e-05	-1.502355e-03	1.969871e+00
3.321000e-05	-2.428772e-03	1.935237e+00
3.322000e-05	-2.272334e-03	1.808476e+00
3.323000e-05	-2.603658e-03	1.706866e+00
3.324000e-05	-1.744095e-03	1.691049e+00
3.325000e-05	-2.460684e-03	1.545343e+00
3.326000e-05	-1.911426e-03	1.450651e+00
3.327000e-05	-3.625065e-03	1.365872e+00
3.328000e-05	-1.343980e-03	1.322104e+00
3.329000e-05	-3.013019e-03	1.208524e+00
3.330000e-05	-1.732497e-03	1.124159e+00
3.331000e-05	-3.501698e-03	9.158206e-01
3.332000e-05	-2.048839e-03	8.526041e-01
3.333000e-05	-2.844369e-03	7.799986e-01
3.334000e-05	-3.644485e-03	7.457170e-01
3.335000e-05	-3.570278e-03	6.210564e-01
3.336000e-05	-3.169062e-03	5.377933e-01
3.337000e-05	-2.764214e-03	4.416053e-01
3.338000e-05	-3.576271e-03	3.989499e-01
3.339000e-05	-3.078663e-03	3.348382e-01
3.340000e-05	-2.261692e-03	2.715476e-01
3.341000e-05	-3.634693e-03	6.271202e-02
3.342000e-05	-3.240667e-03	1.047744e-02
3.343000e-05	-3.300055e-03	-9.273548e-02
3.344000e-05	2.115635e-04	-1.683458e-01
3.345000e-05	1.304069e-04	-2.110515e-01
3.346000e-05	-2.086225e-03	-2.952591e-01
3.347000e-05	-2.763095e-03	-3.583973e-01
3.348000e-05	-2.052493e-03	-4.201265e-01
3.349000e-05	-2.158962e-03	-4.658169e-01
3.350000e-05	2.082460e-03	-5.796252e-01
3.351000e-05	4.389341e-02	-7.468145e-01
3.352000e-05	4.662327e-02	-7.900275e-01
3.353000e-05	-4.455860e-02	-9.162869e-01
3.354000e-05	-5.809967e-02	-1.010625e+00
3.355000e-05	-1.129352e-01	-1.094236e+00
3.356000e-05	1.115941e-01	-1.158392e+00
3.357000e-05	4.408493e-02	-1.210549e+00
3.358000e-05	-1.158246e-01	-1.379916e+00
3.359000e-05	1.024992e-01	-1.442682e+00
3.360000e-05	-6.646476e-04	-1.485338e+00
3.361000e-05	-6.340304e-02	-1.662625e+00
3.362000e-05	7.583119e-02	-1.735817e+00
3.363000e-05	-8.698234e-02	-1.768471e+00
3.364000e-05	-8.608116e-02	-1.874657e+00
3.365000e-05	1.299732e-01	-1.936840e+00
3.366000e-05	-4.328920e-02	-2.021053e+00
3.367000e-05	-4.523204e-02	-2.114308e+00
3.368000e-05	3.417618e-02	-2.125938e+00
3.369000e-05	-4.022537e-02	-2.284857e+00
3.370000e-05	8.491255e-02	-2.379074e+00
3.371000e-05	-1.049725e-01	-2.451729e+00
3.372000e-05	-3.127804e-02	-2.536866e+00
3.373000e-05	1.252518e-01	-2.630128e+00
3.374000e-05	-4.248578e-02	-2.714359e+00
3.375000e-05	-2.893199e-02	-2.798445e+00
3.376000e-05	-3.533467e-02	-2.841026e+00
3.377000e-05	2.207362e-02	-2.976490e+00
3.378000e-05	5.784541e-02	-3.081233e+00
3.379000e-05	-1.134861e-01	-3.164291e+00
3.380000e-05	5.086359e-02	-3.210049e+00
3.381000e-05	1.247992e-02	-3.293209e+00
3.382000e-05	-6.454228e-03	-3.368465e+00
3.383000e-05	-6.876677e-03	-3.410675e+00
3.384000e-05	-7.449688e-02	-3.504709e+00
3.385000e-05	8.373387e-02	-3.549444e+00
3.386000e-05	-3.628470e-02	-3.650554e+00
3.387000e-05	-1.136384e-02	-3.724366e+00
3.388000e-05	-8.458780e-03	-3.779170e+00
3.389000e-05	-6.355819e-03	-3.945309e+00
3.390000e-05	3.693960e-02	-4.038518e+00
3.391000e-05	-6.858885e-02	-4.052182e+00
3.392000e-05	1.726431e-02	-4.136810e+00
3.393000e-05	-3.724424e-03	-4.187070e+00
3.394000e-05	1.081699e-02	-4.292232e+00
3.395000e-05	-1.591689e-02	-4.325890e+00
3.396000e-05	-3.994581e-02	-4.399492e+00
3.397000e-05	3.516856e-02	-4.491629e+00
3.398000e-05	-1.942922e-02	-4.524838e+00
3.399000e-05	-3.059995e-03	-4.608092e+00
3.400000e-05	-2.996918e-02	-4.670674e+00
3.401000e-05	1.531786e-02	-4.771810e+00
3.402000e-05	6.516331e-03	-4.799475e+00
3.403000e-05	-3.146093e-02	-4.881274e+00
3.404000e-05	-7.747181e-03	-4.954941e+00
3.405000e-05	-7.232359e-03	-5.031047e+00
3.406000e-05	1.531830e-02	-5.124262e+00
3.407000e-05	-2.988442e-02	-5.157465e+00
3.408000e-05	-1.062789e-02	-5.251628e+00
3.409000e-05	-2.738638e-04	-5.294886e+00
3.410000e-05	3.707613e-03	-5.390197e+00
3.411000e-05	-1.907428e-02	-5.532306e+00
3.412000e-05	-2.046365e-02	-5.597463e+00
3.413000e-05	4.200600e-03	-5.630070e+00
3.414000e-05	-4.352894e-03	-5.692804e+00
3.415000e-05	-1.203707e-02	-5.736938e+00
3.416000e-05	-2.523331e-02	-5.776569e+00
3.417000e-05	3.947531e-03	-5.870175e+00
3.418000e-05	-3.499127e-03	-5.894859e+00
3.419000e-05	-1.358061e-02	-5.958995e+00
3.420000e-05	-2.057083e-02	-6.020099e+00
3.421000e-05	-2.510404e-03	-6.070777e+00
3.422000e-05	-9.039676e-04	-6.155912e+00
3.423000e-05	-1.686929e-02	-6.228094e+00
3.424000e-05	-1.846076e-02	-6.280228e+00
3.425000e-05	-8.960426e-03	-6.313386e+00
3.426000e-05	-1.271254e-04	-6.386569e+00
3.427000e-05	-1.779600e-02	-6.429699e+00
3.428000e-05	-1.585393e-02	-6.523230e+00
3.429000e-05	-1.026986e-02	-6.524836e+00
3.430000e-05	-7.918355e-04	-6.577491e+00
3.431000e-05	-1.552807e-02	-6.608550e+00
3.432000e-05	-1.788905e-02	-6.680754e+00
3.433000e-05	-1.060218e-02	-6.742858e+00
3.434000e-05	-4.585488e-03	-6.745459e+00
3.435000e-05	-1.495898e-02	-6.829015e+00
3.436000e-05	-2.014023e-02	-6.829696e+00
3.437000e-05	-1.158263e-02	-6.892257e+00
3.438000e-05	-7.315933e-03	-6.953357e+00
3.439000e-05	-1.264586e-02	-6.994963e+00
3.440000e-05	-2.041271e-02	-7.048766e+00
3.441000e-05	-1.223901e-02	-7.082250e+00
3.442000e-05	-8.520958e-03	-7.142831e+00
3.443000e-05	-1.367499e-02	-7.135940e+00
3.444000e-05	-2.005034e-02	-7.219071e+00
3.445000e-05	-1.560002e-02	-7.259652e+00
3.446000e-05	-9.821574e-03	-7.282228e+00
3.447000e-05	-1.499502e-02	-7.343333e+00
3.448000e-05	-1.951722e-02	-7.355433e+00
3.449000e-05	-1.661000e-02	-7.376462e+00
3.450000e-05	-1.068091e-02	-7.388544e+00
3.451000e-05	-1.553840e-02	-7.440124e+00
3.452000e-05	-2.014342e-02	-7.461148e+00
3.453000e-05	-1.749325e-02	-7.462808e+00
3.454000e-05	-1.317360e-02	-7.521884e+00
3.455000e-05	-1.711250e-02	-7.576938e+00
3.456000e-05	-2.167279e-02	-7.585496e+00
3.457000e-05	-1.900903e-02	-7.618599e+00
3.458000e-05	-1.485125e-02	-7.619073e+00
3.459000e-05	-1.821616e-02	-7.660177e+00
3.460000e-05	-2.224173e-02	-7.682384e+00
3.461000e-05	-1.894245e-02	-7.733931e+00
3.462000e-05	-1.688490e-02	-7.808437e+00
3.463000e-05	-1.901364e-02	-7.806037e+00
3.464000e-05	-2.401748e-02	-7.844543e+00
3.465000e-05	-2.230506e-02	-7.839118e+00
3.466000e-05	-1.866955e-02	-7.870221e+00
3.467000e-05	-2.155297e-02	-7.901355e+00
3.468000e-05	-2.465682e-02	-7.879855e+00
3.469000e-05	-2.381492e-02	-7.902338e+00
3.470000e-05	-2.098052e-02	-7.923883e+00
3.471000e-05	-2.173438e-02	-7.941438e+00
3.472000e-05	-2.649197e-02	-7.913463e+00
3.473000e-05	-2.711561e-02	-7.985436e+00
3.474000e-05	-2.404198e-02	-7.976919e+00
3.475000e-05	-2.516740e-02	-7.997017e+00
3.476000e-05	-2.810638e-02	-7.989070e+00
3.477000e-05	-3.036779e-02	-8.038095e+00
3.478000e-05	-2.767388e-02	-8.007095e+00
3.479000e-05	-2.928749e-02	-8.039600e+00
3.480000e-05	-3.090260e-02	-8.010076e+00
3.481000e-05	-3.322991e-02	-8.039474e+00
3.482000e-05	-3.127446e-02	-8.028126e+00
3.483000e-05	-3.268805e-02	-7.998649e+00
3.484000e-05	-3.431827e-02	-8.070600e+00
3.485000e-05	-3.711457e-02	-8.049671e+00
3.486000e-05	-3.584003e-02	-8.079575e+00
3.487000e-05	-3.589497e-02	-8.029151e+00
3.488000e-05	-3.804061e-02	-8.028604e+00
3.489000e-05	-3.981259e-02	-8.039075e+00
3.490000e-05	-3.930894e-02	-8.029575e+00
3.491000e-05	-3.764154e-02	-8.027026e+00
3.492000e-05	-3.995723e-02	-8.009591e+00
3.493000e-05	-3.931507e-02	-7.978545e+00
3.494000e-05	-3.942224e-02	-8.048064e+00
3.495000e-05	-3.786877e-02	-7.996969e+00
3.496000e-05	-3.858736e-02	-7.966465e+00
3.497000e-05	-3.965192e-02	-7.965417e+00
3.498000e-05	-3.899270e-02	-7.952986e+00
3.499000e-05	-3.763905e-02	-7.932863e+00
3.500000e-05	-3.886490e-02	-7.862834e+00
3.501000e-05	-3.619812e-02	-7.911804e+00
3.502000e-05	-3.452113e-02	-7.881824e+00
3.503000e-05	-3.231248e-02	-7.868723e+00
3.504000e-05	-3.184094e-02	-7.827595e+00
3.505000e-05	-3.233383e-02	-7.836616e+00
3.506000e-05	-3.203846e-02	-7.764958e+00
3.507000e-05	-3.183665e-02	-7.783887e+00
3.508000e-05	-3.255202e-02	-7.762907e+00
3.509000e-05	-3.053356e-02	-7.761257e+00
3.510000e-05	-2.783489e-02	-7.711157e+00
3.511000e-05	-2.506594e-02	-7.648648e+00
3.512000e-05	-2.527877e-02	-7.638170e+00
3.513000e-05	-2.567912e-02	-7.567016e+00
3.514000e-05	-2.494344e-02	-7.535441e+00
3.515000e-05	-2.490738e-02	-7.525259e+00
3.516000e-05	-2.399963e-02	-7.511658e+00
3.517000e-05	-2.485542e-02	-7.490726e+00
3.518000e-05	-2.196198e-02	-7.458604e+00
3.519000e-05	-2.076589e-02	-7.446566e+00
3.520000e-05	-2.123665e-02	-7.375516e+00
3.521000e-05	-2.114156e-02	-7.334437e+00
3.522000e-05	-1.948510e-02	-7.313336e+00
3.523000e-05	-1.785673e-02	-7.311733e+00
3.524000e-05	-2.026170e-02	-7.240154e+00
3.525000e-05	-1.836336e-02	-7.248573e+00
3.526000e-05	-1.942142e-02	-7.218020e+00
3.527000e-05	-1.767426e-02	-7.184411e+00
3.528000e-05	-1.907519e-02	-7.113362e+00
3.529000e-05	-1.624361e-02	-7.080175e+00
3.530000e-05	-1.491012e-02	-7.027089e+00
3.531000e-05	-1.335934e-02	-6.976466e+00
3.532000e-05	-1.624268e-02	-6.912387e+00
3.533000e-05	-1.484689e-02	-6.870254e+00
3.534000e-05	-1.476919e-02	-6.828045e+00
3.535000e-05	-1.518040e-02	-6.766470e+00
3.536000e-05	-1.479091e-02	-6.735286e+00
3.537000e-05	-1.418919e-02	-6.702229e+00
3.538000e-05	-1.267195e-02	-6.662178e+00
3.539000e-05	-1.272883e-02	-6.659094e+00
3.540000e-05	-1.358396e-02	-6.524442e+00
3.541000e-05	-1.185978e-02	-6.502811e+00
3.542000e-05	-1.176251e-02	-6.470654e+00
3.543000e-05	-1.156565e-02	-6.418650e+00
3.544000e-05	-1.290544e-02	-6.376891e+00
3.545000e-05	-1.231080e-02	-6.334284e+00
3.546000e-05	-1.158672e-02	-6.260755e+00
3.547000e-05	-1.214816e-02	-6.206019e+00
3.548000e-05	-1.266566e-02	-6.152811e+00
3.549000e-05	-1.043974e-02	-6.059702e+00
3.550000e-05	-9.362831e-03	-6.030095e+00
3.551000e-05	-9.613729e-03	-5.945917e+00
3.552000e-05	-1.107938e-02	-5.915257e+00
3.553000e-05	-9.423466e-03	-5.859633e+00
3.554000e-05	-9.923876e-03	-5.807044e+00
3.555000e-05	-1.111923e-02	-5.743413e+00
3.556000e-05	-1.090410e-02	-5.673160e+00
3.557000e-05	-1.071882e-02	-5.629123e+00
3.558000e-05	-9.094725e-03	-5.546966e+00
3.559000e-05	-9.808561e-03	-5.552761e+00
3.560000e-05	-8.703686e-03	-5.437521e+00
3.561000e-05	-8.288793e-03	-5.333337e+00
3.562000e-05	-8.190684e-03	-5.238202e+00
3.563000e-05	-9.540635e-03	-5.206469e+00
3.564000e-05	-9.186291e-03	-5.103763e+00
3.565000e-05	-8.552975e-03	-5.030095e+00
3.566000e-05	-8.625624e-03	-4.950518e+00
3.567000e-05	-7.995503e-03	-4.910223e+00
3.568000e-05	-9.307452e-03	-4.773946e+00
3.569000e-05	-8.858572e-03	-4.722233e+00
3.570000e-05	-7.200126e-03	-4.602153e+00
3.571000e-05	-9.509979e-03	-4.576921e+00
3.572000e-05	-7.734450e-03	-4.523286e+00
3.573000e-05	-7.108733e-03	-4.441652e+00
3.574000e-05	-8.192795e-03	-4.408448e+00
3.575000e-05	-5.056397e-03	-4.365841e+00
3.576000e-05	-8.278547e-03	-4.283713e+00
3.577000e-05	-7.191280e-03	-4.218975e+00
3.578000e-05	-9.420619e-03	-4.174916e+00
3.579000e-05	-7.860301e-03	-4.092204e+00
3.580000e-05	-8.075936e-03	-4.039548e+00
3.581000e-05	-6.288881e-03	-3.944393e+00
3.582000e-05	-6.155280e-03	-3.859604e+00
3.583000e-05	-5.035334e-03	-3.743793e+00
3.584000e-05	-5.937202e-03	-3.640128e+00
3.585000e-05	-6.407586e-03	-3.587944e+00
3.586000e-05	-7.623088e-03	-3.516291e+00
3.587000e-05	-8.102505e-03	-3.481679e+00
3.588000e-05	-7.943718e-03	-3.377521e+00
3.589000e-05	-7.352653e-03	-3.305286e+00
3.590000e-05	-4.151226e-03	-3.240102e+00
3.591000e-05	-6.909972e-03	-3.167945e+00
3.592000e-05	-2.980717e-03	-3.081258e+00
3.593000e-05	-7.819956e-03	-2.967966e+00
3.594000e-05	-5.380211e-03	-2.873134e+00
3.595000e-05	-7.069465e-03	-2.798026e+00
3.596000e-05	-5.403928e-03	-2.723886e+00
3.597000e-05	-6.486122e-03	-2.680130e+00
3.598000e-05	-6.428391e-03	-2.566949e+00
3.599000e-05	-5.663949e-03	-2.473783e+00
3.600000e-05	-4.833730e-03	-2.419578e+00
3.601000e-05	-4.986688e-03	-2.368449e+00
3.602000e-05	-5.428105e-03	-2.301082e+00
3.603000e-05	-4.379894e-03	-2.112918e+00
3.604000e-05	-5.553920e-03	-2.062132e+00
3.605000e-05	-4.178124e-03	-1.987896e+00
3.606000e-05	-7.665641e-03	-1.935311e+00
3.607000e-05	-4.948784e-03	-1.851628e+00
3.608000e-05	-5.508385e-03	-1.777895e+00
3.609000e-05	-4.554097e-03	-1.682688e+00
3.610000e-05	-5.020055e-03	-1.611026e+00
3.611000e-05	-3.898789e-03	-1.566417e+00
3.612000e-05	-3.408934e-03	-1.389576e+00
3.613000e-05	-4.473996e-03	-1.302133e+00
3.614000e-05	-6.175680e-03	-1.198947e+00
3.615000e-05	-5.730653e-03	-1.092742e+00
3.616000e-05	-4.026776e-03	-1.020551e+00
3.617000e-05	-4.926627e-03	-9.373674e-01
3.618000e-05	-4.545532e-03	-8.415580e-01
3.619000e-05	-4.803725e-03	-7.890236e-01
3.620000e-05	-3.326040e-03	-7.257369e-01
3.621000e-05	-4.928122e-03	-5.684223e-01
3.622000e-05	-3.559782e-03	-4.426843e-01
3.623000e-05	-3.739646e-03	-4.205001e-01
3.624000e-05	-4.130011e-03	-3.272436e-01
3.625000e-05	-3.924507e-03	-2.432303e-01
3.626000e-05	-3.990144e-03	-1.684247e-01
3.627000e-05	-3.765679e-03	-6.266321e-02
3.628000e-05	-2.658945e-03	-1.007894e-02
3.629000e-05	1.192646e-03	3.157901e-02
3.630000e-05	-4.022012e-05	1.052868e-01
3.631000e-05	6.009632e-04	2.716037e-01
3.632000e-05	-1.185604e-03	3.484411e-01
3.633000e-05	-1.573562e-03	4.205013e-01
3.634000e-05	-5.382465e-04	4.437593e-01
3.635000e-05	1.266812e-03	5.794647e-01
3.636000e-05	2.152709e-02	6.726301e-01
3.637000e-05	4.673745e-02	7.683659e-01
3.638000e-05	-1.391692e-02	8.425240e-01
3.639000e-05	-4.345238e-02	9.779407e-01
3.640000e-05	-6.612983e-02	1.042207e+00
3.641000e-05	-3.393102e-02	1.146836e+00
3.642000e-05	1.196081e-01	1.190648e+00
3.643000e-05	-5.639410e-02	1.316687e+00
3.644000e-05	-6.316663e-02	1.408601e+00
3.645000e-05	1.128462e-01	1.465716e+00
3.646000e-05	-2.103353e-02	1.705128e+00
3.647000e-05	-3.202738e-04	1.673795e+00
3.648000e-05	9.227626e-03	1.777869e+00
3.649000e-05	-8.536338e-02	1.892630e+00
3.650000e-05	2.433916e-02	1.946840e+00
3.651000e-05	9.303334e-02	1.990021e+00
3.652000e-05	-6.350463e-02	2.093230e+00
3.653000e-05	2.601324e-03	2.136865e+00
3.654000e-05	-1.673446e-02	2.271004e+00
3.655000e-05	4.163629e-02	2.293760e+00
3.656000e-05	1.851336e-03	2.358917e+00
3.657000e-05	-7.005213e-02	2.451654e+00
3.658000e-05	3.345483e-02	2.544917e+00
3.659000e-05	4.506752e-02	2.680251e+00
3.660000e-05	5.055927e-04	2.756915e+00
3.661000e-05	-5.307254e-02	2.841104e+00
3.662000e-05	7.515491e-03	2.894258e+00
3.663000e-05	3.406580e-02	2.976990e+00
3.664000e-05	-5.130935e-03	3.091678e+00
3.665000e-05	-2.206255e-02	3.126815e+00
3.666000e-05	1.547609e-02	3.209025e+00
3.667000e-05	4.997576e-03	3.271104e+00
3.668000e-05	1.985607e-02	3.394389e+00
3.669000e-05	-3.719518e-02	3.491149e+00
3.670000e-05	4.659002e-03	3.566920e+00
3.671000e-05	1.618898e-02	3.619050e+00
3.672000e-05	7.932195e-03	3.694258e+00
3.673000e-05	-7.258122e-03	3.779015e+00
3.674000e-05	-8.709212e-03	3.870555e+00
3.675000e-05	2.168146e-02	3.904337e+00
3.676000e-05	-4.744527e-03	4.007449e+00
3.677000e-05	-3.195432e-03	4.040625e+00
3.678000e-05	-5.703740e-03	4.092387e+00
3.679000e-05	1.376873e-02	4.219044e+00
3.680000e-05	8.777079e-03	4.342828e+00
3.681000e-05	-8.718604e-03	4.409499e+00
3.682000e-05	-1.506654e-03	4.470103e+00
3.683000e-05	1.048591e-02	4.484834e+00
3.684000e-05	4.981283e-03	4.598417e+00
3.685000e-05	-3.955281e-03	4.663200e+00
3.686000e-05	-3.814679e-03	4.714334e+00
3.687000e-05	1.511299e-02	4.798940e+00
3.688000e-05	4.509423e-04	4.890724e+00
3.689000e-05	-1.785261e-03	4.974333e+00
3.690000e-05	-3.542455e-03	5.038673e+00
3.691000e-05	1.423254e-02	5.136907e+00
3.692000e-05	4.119766e-03	5.211021e+00
3.693000e-05	-1.913983e-03	5.313709e+00
3.694000e-05	1.280845e-05	5.316909e+00
3.695000e-05	1.194225e-02	5.420492e+00
3.696000e-05	5.598759e-03	5.492075e+00
3.697000e-05	-3.347068e-03	5.515836e+00
3.698000e-05	1.407415e-03	5.588991e+00
3.699000e-05	8.487524e-03	5.621624e+00
3.700000e-05	7.899389e-03	5.693858e+00
3.701000e-05	-2.127358e-03	5.796392e+00
3.702000e-05	2.291044e-03	5.869701e+00
3.703000e-05	8.313767e-03	5.924388e+00
3.704000e-05	9.983031e-03	6.006418e+00
3.705000e-05	1.900020e-04	6.031149e+00
3.706000e-05	2.761952e-03	6.093186e+00
3.707000e-05	7.834072e-03	6.164411e+00
3.708000e-05	9.501924e-03	6.218490e+00
3.709000e-05	-4.313938e-04	6.270550e+00
3.710000e-05	2.018913e-03	6.303234e+00
3.711000e-05	7.493755e-03	6.325861e+00
3.712000e-05	1.090915e-02	6.365518e+00
3.713000e-05	3.838825e-03	6.410024e+00
3.714000e-05	3.335532e-03	6.492256e+00
3.715000e-05	9.137144e-03	6.533411e+00
3.716000e-05	1.016069e-02	6.617012e+00
3.717000e-05	5.466272e-03	6.640096e+00
3.718000e-05	2.427289e-03	6.721380e+00
3.719000e-05	8.172769e-03	6.736389e+00
3.720000e-05	1.061082e-02	6.797465e+00
3.721000e-05	5.913502e-03	6.849597e+00
3.722000e-05	4.267716e-03	6.881652e+00
3.723000e-05	9.939575e-03	6.903758e+00
3.724000e-05	1.056669e-02	6.954862e+00
3.725000e-05	9.322190e-03	6.957545e+00
3.726000e-05	4.485977e-03	7.030119e+00
3.727000e-05	1.091968e-02	7.039676e+00
3.728000e-05	1.069580e-02	7.163382e+00
3.729000e-05	9.042324e-03	7.135360e+00
3.730000e-05	6.003719e-03	7.186437e+00
3.731000e-05	1.141152e-02	7.198024e+00
3.732000e-05	1.254502e-02	7.278198e+00
3.733000e-05	1.102433e-02	7.300149e+00
3.734000e-05	7.191681e-03	7.343383e+00
3.735000e-05	1.203966e-02	7.395465e+00
3.736000e-05	1.210375e-02	7.377420e+00
3.737000e-05	1.174498e-02	7.449643e+00
3.738000e-05	9.243730e-03	7.500822e+00
3.739000e-05	1.276866e-02	7.524803e+00
3.740000e-05	1.455281e-02	7.524357e+00
3.741000e-05	1.211319e-02	7.566415e+00
3.742000e-05	1.067689e-02	7.627995e+00
3.743000e-05	1.296483e-02	7.658250e+00
3.744000e-05	1.589389e-02	7.710676e+00
3.745000e-05	1.475387e-02	7.712854e+00
3.746000e-05	1.317276e-02	7.732304e+00
3.747000e-05	1.535178e-02	7.695837e+00
3.748000e-05	1.701540e-02	7.774913e+00
3.749000e-05	1.476431e-02	7.805037e+00
3.750000e-05	1.358887e-02	7.776513e+00
3.751000e-05	1.481266e-02	7.809642e+00
3.752000e-05	1.793041e-02	7.858097e+00
3.753000e-05	1.814397e-02	7.848701e+00
3.754000e-05	1.707787e-02	7.847644e+00
3.755000e-05	1.999091e-02	7.912679e+00
3.756000e-05	2.043056e-02	7.901806e+00
3.757000e-05	1.940600e-02	7.932308e+00
3.758000e-05	1.781074e-02	7.946862e+00
3.759000e-05	1.880233e-02	7.983937e+00
3.760000e-05	2.176175e-02	7.953907e+00
3.761000e-05	2.169219e-02	7.965865e+00
3.762000e-05	2.326245e-02	7.983487e+00
3.763000e-05	2.422733e-02	8.027490e+00
3.764000e-05	2.619005e-02	7.978564e+00
3.765000e-05	2.768039e-02	8.018467e+00
3.766000e-05	2.422792e-02	7.996015e+00
3.767000e-05	2.622050e-02	8.007140e+00
3.768000e-05	2.758073e-02	7.997522e+00
3.769000e-05	2.917978e-02	8.017516e+00
3.770000e-05	2.773023e-02	7.996570e+00
3.771000e-05	3.133451e-02	8.006995e+00
3.772000e-05	3.288884e-02	8.016121e+00
3.773000e-05	3.373126e-02	7.978067e+00
3.774000e-05	3.164754e-02	8.006491e+00
3.775000e-05	3.234891e-02	8.005911e+00
3.776000e-05	3.428908e-02	7.996465e+00
3.777000e-05	3.417486e-02	7.977036e+00
3.778000e-05	3.273399e-02	8.005016e+00
3.779000e-05	3.431868e-02	7.955359e+00
3.780000e-05	3.422720e-02	7.983793e+00
3.781000e-05	3.335666e-02	7.933963e+00
3.782000e-05	3.286418e-02	7.943279e+00
3.783000e-05	3.144134e-02	7.972854e+00
3.784000e-05	3.236258e-02	7.901713e+00
3.785000e-05	3.056052e-02	7.921850e+00
3.786000e-05	2.950748e-02	7.910176e+00
3.787000e-05	2.830617e-02	7.888096e+00
3.788000e-05	3.004523e-02	7.847068e+00
3.789000e-05	2.775996e-02	7.776040e+00
3.790000e-05	2.612334e-02	7.855417e+00
3.791000e-05	2.465848e-02	7.763485e+00
3.792000e-05	2.486003e-02	7.714255e+00
3.793000e-05	2.463357e-02	7.684683e+00
3.794000e-05	2.223593e-02	7.690251e+00
3.795000e-05	2.237986e-02	7.639151e+00
3.796000e-05	2.289854e-02	7.647675e+00
3.797000e-05	2.172731e-02	7.638019e+00
3.798000e-05	1.934349e-02	7.584965e+00
3.799000e-05	1.801432e-02	7.542862e+00
3.800000e-05	1.784006e-02	7.502374e+00
3.801000e-05	1.773609e-02	7.439650e+00
3.802000e-05	1.695271e-02	7.457674e+00
3.803000e-05	1.698049e-02	7.447961e+00
3.804000e-05	1.608551e-02	7.365362e+00
3.805000e-05	1.577235e-02	7.332879e+00
3.806000e-05	1.476804e-02	7.271629e+00
3.807000e-05	1.333479e-02	7.241124e+00
3.808000e-05	1.303349e-02	7.207096e+00
3.809000e-05	1.235845e-02	7.176016e+00
3.810000e-05	1.231004e-02	7.135290e+00
3.811000e-05	1.150626e-02	7.103385e+00
3.812000e-05	1.032853e-02	7.090103e+00
3.813000e-05	1.194520e-02	7.038601e+00
3.814000e-05	1.054884e-02	6.987591e+00
3.815000e-05	1.059374e-02	6.965436e+00
3.816000e-05	8.605810e-03	6.913307e+00
3.817000e-05	1.038046e-02	6.901234e+00
3.818000e-05	8.259041e-03	6.859599e+00
3.819000e-05	7.892553e-03	6.806494e+00
3.820000e-05	6.443179e-03	6.765386e+00
3.821000e-05	8.037637e-03	6.689733e+00
3.822000e-05	7.791627e-03	6.668178e+00
3.823000e-05	7.193429e-03	6.587465e+00
3.824000e-05	7.363416e-03	6.553861e+00
3.825000e-05	8.251819e-03	6.501702e+00
3.826000e-05	5.900698e-03	6.458071e+00
3.827000e-05	5.994447e-03	6.395440e+00
3.828000e-05	4.515827e-03	6.322333e+00
3.829000e-05	5.855974e-03	6.310829e+00
3.830000e-05	5.375382e-03	6.269577e+00
3.831000e-05	5.017098e-03	6.185418e+00
3.832000e-05	4.213567e-03	6.134813e+00
3.833000e-05	4.832629e-03	6.101809e+00
3.834000e-05	4.731020e-03	6.050125e+00
3.835000e-05	4.689748e-03	5.996445e+00
3.836000e-05	3.625088e-03	5.963387e+00
3.837000e-05	4.582276e-03	5.891253e+00
3.838000e-05	4.093006e-03	5.796541e+00
3.839000e-05	3.898398e-03	5.673310e+00
3.840000e-05	2.792549e-03	5.671051e+00
3.841000e-05	3.299465e-03	5.578015e+00
3.842000e-05	3.879649e-03	5.555287e+00
3.843000e-05	3.239851e-03	5.473187e+00
3.844000e-05	2.965449e-03	5.449622e+00
3.845000e-05	2.376687e-03	5.364442e+00
3.846000e-05	3.714296e-03	5.312806e+00
3.847000e-05	3.044666e-03	5.239452e+00
3.848000e-05	2.465087e-03	5.174885e+00
3.849000e-05	2.236894e-03	5.051054e+00
3.850000e-05	2.516754e-03	5.003915e+00
3.851000e-05	2.015469e-03	4.883704e+00
3.852000e-05	9.203151e-04	4.829972e+00
3.853000e-05	1.985409e-03	4.754791e+00
3.854000e-05	2.824275e-03	4.692779e+00
3.855000e-05	3.053922e-03	4.639095e+00
3.856000e-05	2.341233e-03	4.544336e+00
3.857000e-05	1.578851e-03	4.502760e+00
3.858000e-05	2.673102e-03	4.400549e+00
3.859000e-05	2.377803e-03	4.396370e+00
3.860000e-05	4.272410e-04	4.314356e+00
3.861000e-05	-4.462066e-04	4.187996e+00
3.862000e-05	9.801502e-04	4.093133e+00
3.863000e-05	1.360188e-03	4.037622e+00
3.864000e-05	1.920251e-03	3.976468e+00
3.865000e-05	9.723495e-04	3.872681e+00
3.866000e-05	1.451604e-03	3.841001e+00
3.867000e-05	1.301550e-03	3.754888e+00
3.868000e-05	-5.397371e-04	3.692205e+00
3.869000e-05	-1.476287e-03	3.619054e+00
3.870000e-05	-2.684915e-04	3.555363e+00
3.871000e-05	1.622557e-05	3.492679e+00
3.872000e-05	3.789383e-04	3.374790e+00
3.873000e-05	-5.503197e-04	3.253632e+00
3.874000e-05	7.800088e-04	3.179422e+00
3.875000e-05	1.074403e-03	3.145289e+00
3.876000e-05	-5.347631e-04	3.041130e+00
3.877000e-05	-1.541487e-03	2.988395e+00
3.878000e-05	-6.751718e-04	2.873758e+00
3.879000e-05	-1.255323e-03	2.820029e+00
3.880000e-05	-9.617425e-04	2.798494e+00
3.881000e-05	-1.722152e-03	2.743209e+00
3.882000e-05	-9.928834e-04	2.566446e+00
3.883000e-05	-9.564677e-04	2.494282e+00
3.884000e-05	-4.716565e-04	2.369473e+00
3.885000e-05	-2.278345e-03	2.325364e+00
3.886000e-05	-1.891008e-03	2.241080e+00
3.887000e-05	-5.872927e-04	2.137845e+00
3.888000e-05	-1.669732e-03	2.061659e+00
3.889000e-05	-3.196893e-03	2.010475e+00
3.890000e-05	-1.589116e-03	1.976892e+00
3.891000e-05	-2.202040e-03	1.882159e+00
3.892000e-05	-1.929284e-03	1.767897e+00
3.893000e-05	-3.050851e-03	1.723737e+00
3.894000e-05	-2.108564e-03	1.611528e+00
3.895000e-05	-2.251968e-03	1.514739e+00
3.896000e-05	-1.110782e-03	1.410574e+00
3.897000e-05	-2.368692e-03	1.307744e+00
3.898000e-05	-2.397203e-03	1.241654e+00
3.899000e-05	-3.410695e-03	1.155893e+00
3.900000e-05	-2.579487e-03	1.020003e+00
3.901000e-05	-3.668815e-03	9.052172e-01
3.902000e-05	-3.766908e-03	8.215528e-01
3.903000e-05	-3.962833e-03	7.878934e-01
3.904000e-05	-1.960924e-03	6.621342e-01
3.905000e-05	-1.884126e-03	5.969973e-01
3.906000e-05	-2.895457e-03	4.757407e-01
3.907000e-05	-3.167895e-03	4.015289e-01
3.908000e-05	-3.459407e-03	4.078710e-01
3.909000e-05	-3.071410e-03	2.938116e-01
3.910000e-05	-3.976849e-03	1.853722e-01
3.911000e-05	-4.567283e-03	3.208019e-02
3.912000e-05	-3.906646e-03	-1.155389e-02
3.913000e-05	-9.699644e-04	-1.137582e-01
3.914000e-05	1.381111e-03	-1.699212e-01
3.915000e-05	-2.277399e-04	-2.511078e-01
3.916000e-05	-1.506150e-03	-3.469096e-01
3.917000e-05	-2.661010e-03	-3.894736e-01
3.918000e-05	-2.835699e-03	-4.211028e-01
3.919000e-05	-3.341774e-03	-5.488921e-01
3.920000e-05	8.669408e-03	-6.741279e-01
3.921000e-05	6.619564e-02	-7.579435e-01
3.922000e-05	2.993138e-03	-8.431254e-01
3.923000e-05	-4.218691e-02	-9.689407e-01
3.924000e-05	-8.508990e-02	-1.133283e+00
3.925000e-05	-6.228923e-02	-1.153920e+00
3.926000e-05	1.437246e-01	-1.159022e+00
3.927000e-05	-5.100974e-02	-1.242705e+00
3.928000e-05	-6.481233e-02	-1.452098e+00
3.929000e-05	1.275327e-01	-1.486185e+00
3.930000e-05	-4.019964e-02	-1.608466e+00
3.931000e-05	-2.632618e-02	-1.713207e+00
3.932000e-05	6.044631e-02	-1.747418e+00
3.933000e-05	-1.354796e-01	-1.820145e+00
3.934000e-05	8.686224e-03	-1.874183e+00
3.935000e-05	1.224772e-01	-1.946446e+00
3.936000e-05	-9.402750e-02	-2.041102e+00
3.937000e-05	2.529029e-02	-2.083711e+00
3.938000e-05	-1.598366e-02	-2.231120e+00
3.939000e-05	9.918307e-03	-2.337384e+00
3.940000e-05	4.469289e-02	-2.401575e+00
3.941000e-05	-1.309968e-01	-2.453258e+00
3.942000e-05	6.362061e-02	-2.547946e+00
3.943000e-05	7.428660e-02	-2.652128e+00
3.944000e-05	-7.420493e-02	-2.775863e+00
3.945000e-05	-8.450510e-03	-2.788977e+00
3.946000e-05	-4.208344e-02	-2.873708e+00
3.947000e-05	6.786718e-02	-3.047596e+00
3.948000e-05	-1.635780e-02	-3.075310e+00
3.949000e-05	-8.302661e-02	-3.166966e+00
3.950000e-05	8.119957e-02	-3.211105e+00
3.951000e-05	-3.142683e-02	-3.334787e+00
3.952000e-05	2.390580e-02	-3.419070e+00
3.953000e-05	-5.755775e-02	-3.460730e+00
3.954000e-05	-1.455209e-02	-3.537315e+00
3.955000e-05	6.822627e-02	-3.589021e+00
3.956000e-05	-6.037096e-02	-3.652206e+00
3.957000e-05	1.720087e-02	-3.767365e+00
3.958000e-05	-3.169843e-02	-3.841674e+00
3.959000e-05	3.035857e-02	-3.925413e+00
3.960000e-05	-6.622700e-03	-4.010598e+00
3.961000e-05	-5.369506e-02	-4.112782e+00
3.962000e-05	2.794112e-02	-4.154866e+00
3.963000e-05	-1.474224e-02	-4.219600e+00
3.964000e-05	2.173249e-02	-4.264284e+00
3.965000e-05	-4.584605e-02	-4.346916e+00
3.966000e-05	-3.036357e-03	-4.419597e+00
3.967000e-05	2.164818e-02	-4.462278e+00
3.968000e-05	-2.237024e-02	-4.535967e+00
3.969000e-05	-8.361437e-03	-4.610597e+00
3.970000e-05	-2.810478e-02	-4.672180e+00
3.971000e-05	3.128707e-02	-4.777985e+00
3.972000e-05	-1.925766e-02	-4.838023e+00
3.973000e-05	-2.051027e-02	-4.904378e+00
3.974000e-05	-1.040376e-02	-4.957015e+00
3.975000e-05	6.558628e-03	-5.060674e+00
3.976000e-05	1.336868e-03	-5.114333e+00
3.977000e-05	-3.295526e-02	-5.218042e+00
3.978000e-05	-1.335022e-03	-5.292275e+00
3.979000e-05	-9.355533e-04	-5.374960e+00
3.980000e-05	7.834843e-04	-5.432124e+00
3.981000e-05	-2.892488e-02	-5.542758e+00
3.982000e-05	-6.935520e-03	-5.589019e+00
3.983000e-05	2.660516e-03	-5.691176e+00
3.984000e-05	-5.913815e-03	-5.694307e+00
3.985000e-05	-2.088569e-02	-5.766941e+00
3.986000e-05	-1.560273e-02	-5.798075e+00
3.987000e-05	6.537691e-03	-5.901728e+00
3.988000e-05	-9.362870e-03	-5.956415e+00
3.989000e-05	-1.636092e-02	-5.988495e+00
3.990000e-05	-1.792678e-02	-6.020144e+00
3.991000e-05	3.611882e-03	-6.082808e+00
3.992000e-05	-9.810972e-03	-6.175013e+00
3.993000e-05	-1.669925e-02	-6.249123e+00
3.994000e-05	-1.780969e-02	-6.272780e+00
3.995000e-05	-1.273049e-03	-6.336387e+00
3.996000e-05	-6.594084e-03	-6.418520e+00
3.997000e-05	-1.840695e-02	-6.461149e+00
3.998000e-05	-1.344920e-02	-6.512758e+00
3.999000e-05	-6.887484e-03	-6.566888e+00
4.000000e-05	-4.248546e-03	-6.627970e+00
4.001000e-05	-2.012507e-02	-6.629599e+00
4.002000e-05	-1.380619e-02	-6.711304e+00
4.003000e-05	-9.713821e-03	-6.744907e+00
4.004000e-05	-5.847828e-03	-6.756462e+00
4.005000e-05	-1.736290e-02	-6.800020e+00
4.006000e-05	-1.565264e-02	-6.860174e+00
4.007000e-05	-8.585169e-03	-6.901708e+00
4.008000e-05	-9.328036e-03	-6.925361e+00
4.009000e-05	-1.666428e-02	-6.996011e+00
4.010000e-05	-1.959846e-02	-7.078645e+00
4.011000e-05	-9.511591e-03	-7.103230e+00
4.012000e-05	-1.086499e-02	-7.122461e+00
4.013000e-05	-1.665620e-02	-7.187441e+00
4.014000e-05	-1.909438e-02	-7.238598e+00
4.015000e-05	-1.072346e-02	-7.261205e+00
4.016000e-05	-1.183913e-02	-7.272207e+00
4.017000e-05	-1.746041e-02	-7.324386e+00
4.018000e-05	-1.988071e-02	-7.314940e+00
4.019000e-05	-1.331355e-02	-7.408015e+00
4.020000e-05	-1.301708e-02	-7.408570e+00
4.021000e-05	-1.753375e-02	-7.489598e+00
4.022000e-05	-2.021109e-02	-7.512300e+00
4.023000e-05	-1.627012e-02	-7.512828e+00
4.024000e-05	-1.281950e-02	-7.553934e+00
4.025000e-05	-1.814491e-02	-7.568440e+00
4.026000e-05	-1.849066e-02	-7.577591e+00
4.027000e-05	-1.815181e-02	-7.638148e+00
4.028000e-05	-1.568676e-02	-7.650672e+00
4.029000e-05	-2.085512e-02	-7.701222e+00
4.030000e-05	-2.292926e-02	-7.702383e+00
4.031000e-05	-2.006500e-02	-7.764412e+00
4.032000e-05	-1.838498e-02	-7.764963e+00
4.033000e-05	-1.875040e-02	-7.816017e+00
4.034000e-05	-2.248925e-02	-7.807592e+00
4.035000e-05	-2.033026e-02	-7.879196e+00
4.036000e-05	-1.993490e-02	-7.859275e+00
4.037000e-05	-2.260863e-02	-7.872226e+00
4.038000e-05	-2.446903e-02	-7.941855e+00
4.039000e-05	-2.375396e-02	-7.904328e+00
4.040000e-05	-2.266772e-02	-7.923907e+00
4.041000e-05	-2.329433e-02	-7.903436e+00
4.042000e-05	-2.545838e-02	-7.956445e+00
4.043000e-05	-2.560130e-02	-7.965487e+00
4.044000e-05	-2.547654e-02	-8.025470e+00
4.045000e-05	-2.651970e-02	-8.006994e+00
4.046000e-05	-2.796487e-02	-8.017543e+00
4.047000e-05	-2.894845e-02	-8.037101e+00
4.048000e-05	-2.775101e-02	-8.010117e+00
4.049000e-05	-2.945707e-02	-8.016646e+00
4.050000e-05	-3.080374e-02	-8.029054e+00
4.051000e-05	-3.210553e-02	-8.029620e+00
4.052000e-05	-3.193948e-02	-8.000100e+00
4.053000e-05	-3.270635e-02	-8.070600e+00
4.054000e-05	-3.475458e-02	-8.070175e+00
4.055000e-05	-3.532243e-02	-8.041572e+00
4.056000e-05	-3.572964e-02	-8.060175e+00
4.057000e-05	-3.671098e-02	-8.059126e+00
4.058000e-05	-3.761327e-02	-8.069074e+00
4.059000e-05	-3.896892e-02	-8.050049e+00
4.060000e-05	-3.801675e-02	-8.028598e+00
4.061000e-05	-4.010460e-02	-8.028021e+00
4.062000e-05	-3.727062e-02	-8.007570e+00
4.063000e-05	-4.030937e-02	-8.028044e+00
4.064000e-05	-4.007250e-02	-7.996471e+00
4.065000e-05	-3.956479e-02	-7.986940e+00
4.066000e-05	-3.826231e-02	-7.967968e+00
4.067000e-05	-3.793775e-02	-7.984982e+00
4.068000e-05	-3.741363e-02	-7.954437e+00
4.069000e-05	-3.788847e-02	-7.924778e+00
4.070000e-05	-3.557668e-02	-7.922855e+00
4.071000e-05	-3.686001e-02	-7.900304e+00
4.072000e-05	-3.467927e-02	-7.891700e+00
4.073000e-05	-3.424561e-02	-7.879655e+00
4.074000e-05	-3.045363e-02	-7.797116e+00
4.075000e-05	-3.140077e-02	-7.819095e+00
4.076000e-05	-3.183780e-02	-7.766463e+00
4.077000e-05	-3.193412e-02	-7.804861e+00
4.078000e-05	-3.014484e-02	-7.722855e+00
4.079000e-05	-2.908392e-02	-7.691255e+00
4.080000e-05	-2.909462e-02	-7.689700e+00
4.081000e-05	-2.723060e-02	-7.638197e+00
4.082000e-05	-2.513400e-02	-7.606564e+00
4.083000e-05	-2.488532e-02	-7.546513e+00
4.084000e-05	-2.467632e-02	-7.544436e+00
4.085000e-05	-2.470424e-02	-7.523759e+00
4.086000e-05	-2.391038e-02	-7.481653e+00
4.087000e-05	-2.318012e-02	-7.501698e+00
4.088000e-05	-2.199965e-02	-7.417074e+00
4.089000e-05	-2.226478e-02	-7.379044e+00
4.090000e-05	-2.116787e-02	-7.405941e+00
4.091000e-05	-2.045520e-02	-7.323836e+00
4.092000e-05	-1.916203e-02	-7.343310e+00
4.093000e-05	-2.029399e-02	-7.240779e+00
4.094000e-05	-1.883401e-02	-7.280127e+00
4.095000e-05	-1.843884e-02	-7.210599e+00
4.096000e-05	-1.758629e-02	-7.165967e+00
4.097000e-05	-1.907240e-02	-7.133436e+00
4.098000e-05	-1.743024e-02	-7.102282e+00
4.099000e-05	-1.576720e-02	-7.079673e+00
4.100000e-05	-1.556385e-02	-7.036541e+00
4.101000e-05	-1.576211e-02	-6.934916e+00
4.102000e-05	-1.551901e-02	-6.872278e+00
4.103000e-05	-1.446639e-02	-6.860704e+00
4.104000e-05	-1.504557e-02	-6.829045e+00
4.105000e-05	-1.450202e-02	-6.785491e+00
4.106000e-05	-1.537333e-02	-6.735208e+00
4.107000e-05	-1.334368e-02	-6.682209e+00
4.108000e-05	-1.264736e-02	-6.630175e+00
4.109000e-05	-1.283004e-02	-6.556020e+00
4.110000e-05	-1.282637e-02	-6.523912e+00
4.111000e-05	-1.265155e-02	-6.482232e+00
4.112000e-05	-1.047445e-02	-6.430625e+00
4.113000e-05	-1.252559e-02	-6.409016e+00
4.114000e-05	-1.335636e-02	-6.376420e+00
4.115000e-05	-1.200967e-02	-6.323758e+00
4.116000e-05	-1.113216e-02	-6.219119e+00
4.117000e-05	-1.039644e-02	-6.175445e+00
4.118000e-05	-1.177597e-02	-6.102307e+00
4.119000e-05	-1.044811e-02	-6.019623e+00
4.120000e-05	-9.313771e-03	-5.987994e+00
4.121000e-05	-1.020022e-02	-5.965286e+00
4.122000e-05	-1.206391e-02	-5.900284e+00
4.123000e-05	-1.003991e-02	-5.831128e+00
4.124000e-05	-9.017164e-03	-5.774892e+00
4.125000e-05	-9.527944e-03	-5.733286e+00
4.126000e-05	-1.090006e-02	-5.651204e+00
4.127000e-05	-1.001871e-02	-5.627570e+00
4.128000e-05	-8.407552e-03	-5.546339e+00
4.129000e-05	-8.658059e-03	-5.481204e+00
4.130000e-05	-9.871692e-03	-5.397393e+00
4.131000e-05	-1.033008e-02	-5.264280e+00
4.132000e-05	-8.208530e-03	-5.248128e+00
4.133000e-05	-7.902627e-03	-5.145817e+00
4.134000e-05	-8.839857e-03	-5.103233e+00
4.135000e-05	-9.664378e-03	-5.016543e+00
4.136000e-05	-8.470013e-03	-4.944734e+00
4.137000e-05	-7.607025e-03	-4.828293e+00
4.138000e-05	-8.554812e-03	-4.722440e+00
4.139000e-05	-9.139418e-03	-4.641201e+00
4.140000e-05	-7.783411e-03	-4.609524e+00
4.141000e-05	-7.852933e-03	-4.526866e+00
4.142000e-05	-7.401299e-03	-4.511731e+00
4.143000e-05	-9.014547e-03	-4.421053e+00
4.144000e-05	-7.550516e-03	-4.387523e+00
4.145000e-05	-8.439160e-03	-4.324791e+00
4.146000e-05	-8.199698e-03	-4.262154e+00
4.147000e-05	-7.882508e-03	-4.198521e+00
4.148000e-05	-7.263641e-03	-4.094286e+00
4.149000e-05	-6.912352e-03	-4.040603e+00
4.150000e-05	-7.132577e-03	-3.998022e+00
4.151000e-05	-7.394688e-03	-3.913837e+00
4.152000e-05	-7.209876e-03	-3.830698e+00
4.153000e-05	-7.623860e-03	-3.764786e+00
4.154000e-05	-7.016648e-03	-3.640028e+00
4.155000e-05	-7.430115e-03	-3.567447e+00
4.156000e-05	-7.163177e-03	-3.544233e+00
4.157000e-05	-6.870459e-03	-3.430579e+00
4.158000e-05	-7.316063e-03	-3.336391e+00
4.159000e-05	-5.598492e-03	-3.273157e+00
4.160000e-05	-7.155656e-03	-3.209574e+00
4.161000e-05	-6.123478e-03	-3.146842e+00
4.162000e-05	-6.627318e-03	-3.071085e+00
4.163000e-05	-6.692073e-03	-2.944720e+00
4.164000e-05	-6.616883e-03	-2.829578e+00
4.165000e-05	-6.822873e-03	-2.786945e+00
4.166000e-05	-6.053212e-03	-2.714742e+00
4.167000e-05	-5.794221e-03	-2.631028e+00
4.168000e-05	-5.060581e-03	-2.596867e+00
4.169000e-05	-6.304772e-03	-2.472632e+00
4.170000e-05	-5.093223e-03	-2.398524e+00
4.171000e-05	-5.368902e-03	-2.335871e+00
4.172000e-05	-5.757828e-03	-2.248551e+00
4.173000e-05	-5.703762e-03	-2.105262e+00
4.174000e-05	-5.347422e-03	-2.030629e+00
4.175000e-05	-4.444548e-03	-1.986947e+00
4.176000e-05	-5.219106e-03	-1.893709e+00
4.177000e-05	-4.914936e-03	-1.809474e+00
4.178000e-05	-5.258835e-03	-1.725842e+00
4.179000e-05	-3.708248e-03	-1.651133e+00
4.180000e-05	-4.990139e-03	-1.587874e+00
4.181000e-05	-4.845400e-03	-1.502289e+00
4.182000e-05	-5.211586e-03	-1.327945e+00
4.183000e-05	-4.071957e-03	-1.271075e+00
4.184000e-05	-4.533066e-03	-1.158346e+00
4.185000e-05	-5.640052e-03	-1.062587e+00
4.186000e-05	-4.660276e-03	-1.008974e+00
4.187000e-05	-4.149868e-03	-8.853633e-01
4.188000e-05	-3.953156e-03	-8.306052e-01
4.189000e-05	-4.383888e-03	-7.784738e-01
4.190000e-05	-4.863607e-03	-6.928118e-01
4.191000e-05	-3.861877e-03	-5.373437e-01
4.192000e-05	-4.381331e-03	-4.421580e-01
4.193000e-05	-4.046824e-03	-3.689725e-01
4.194000e-05	-5.066463e-03	-2.857397e-01
4.195000e-05	-3.110325e-03	-2.321054e-01
4.196000e-05	-2.826088e-03	-1.178684e-01
4.197000e-05	-3.403415e-03	-5.363295e-02
4.198000e-05	-1.565531e-03	-9.549875e-03
4.199000e-05	2.530478e-03	3.213526e-02
4.200000e-05	-5.678485e-05	1.879185e-01
4.201000e-05	2.678048e-04	2.851790e-01
4.202000e-05	-3.359664e-03	3.884197e-01
4.203000e-05	-9.862640e-04	4.206014e-01
4.204000e-05	-1.076886e-03	5.057106e-01
4.205000e-05	5.323167e-03	6.199473e-01
4.206000e-05	3.229277e-02	6.436592e-01
4.207000e-05	3.589659e-02	7.794948e-01
4.208000e-05	-2.972966e-02	8.831803e-01
4.209000e-05	-4.763292e-02	9.775211e-01
4.210000e-05	-7.810267e-02	1.083308e+00
4.211000e-05	3.001724e-02	1.155370e+00
4.212000e-05	9.171212e-02	1.261125e+00
4.213000e-05	-1.081681e-01	1.358314e+00
4.214000e-05	2.895032e-02	1.440051e+00
4.215000e-05	6.689057e-02	1.607439e+00
4.216000e-05	-3.012637e-02	1.713284e+00
4.217000e-05	2.421841e-02	1.716846e+00
4.218000e-05	-3.600746e-02	1.782070e+00
4.219000e-05	-6.752344e-02	1.872257e+00
4.220000e-05	7.534567e-02	1.966891e+00
4.221000e-05	4.316549e-02	2.000050e+00
4.222000e-05	-6.660590e-02	2.113757e+00
4.223000e-05	1.520446e-02	2.188017e+00
4.224000e-05	-1.735797e-02	2.262254e+00
4.225000e-05	5.972176e-02	2.305287e+00
4.226000e-05	-4.827727e-02	2.439575e+00
4.227000e-05	-4.053835e-02	2.472708e+00
4.228000e-05	4.994842e-02	2.618395e+00
4.229000e-05	3.995153e-02	2.644256e+00
4.230000e-05	-2.853286e-02	2.768495e+00
4.231000e-05	-4.326819e-02	2.872658e+00
4.232000e-05	3.014477e-02	2.936786e+00
4.233000e-05	2.420425e-02	3.010000e+00
4.234000e-05	-2.238896e-02	3.102732e+00
4.235000e-05	-7.741310e-03	3.157945e+00
4.236000e-05	1.374446e-02	3.221050e+00
4.237000e-05	1.246172e-02	3.322153e+00
4.238000e-05	4.781456e-03	3.396992e+00
4.239000e-05	-3.787637e-02	3.482307e+00
4.240000e-05	2.314065e-02	3.617941e+00
4.241000e-05	8.303580e-03	3.660130e+00
4.242000e-05	7.263876e-03	3.733361e+00
4.243000e-05	-1.852041e-02	3.768965e+00
4.244000e-05	6.728958e-03	3.890228e+00
4.245000e-05	1.510057e-02	3.956334e+00
4.246000e-05	-6.203328e-03	3.999017e+00
4.247000e-05	-5.520823e-03	4.101180e+00
4.248000e-05	4.657772e-04	4.153862e+00
4.249000e-05	1.789531e-02	4.279622e+00
4.250000e-05	2.438706e-03	4.355362e+00
4.251000e-05	-1.016429e-02	4.409521e+00
4.252000e-05	3.893172e-03	4.463157e+00
4.253000e-05	1.081894e-02	4.554861e+00
4.254000e-05	3.697271e-03	4.609567e+00
4.255000e-05	-8.718000e-03	4.692178e+00
4.256000e-05	4.952153e-03	4.734937e+00
4.257000e-05	1.302410e-02	4.809497e+00
4.258000e-05	8.115354e-04	4.921836e+00
4.259000e-05	-4.816912e-03	4.977443e+00
4.260000e-05	1.790321e-03	5.099206e+00
4.261000e-05	1.590289e-02	5.186507e+00
4.262000e-05	-1.412555e-04	5.197576e+00
4.263000e-05	-2.215548e-03	5.312732e+00
4.264000e-05	2.466059e-03	5.387467e+00
4.265000e-05	1.438104e-02	5.429124e+00
4.266000e-05	4.740008e-04	5.523284e+00
4.267000e-05	-2.685473e-03	5.545862e+00
4.268000e-05	2.993655e-03	5.599521e+00
4.269000e-05	1.272064e-02	5.659102e+00
4.270000e-05	3.623889e-03	5.723858e+00
4.271000e-05	-2.144033e-03	5.837572e+00
4.272000e-05	4.437573e-03	5.891757e+00
4.273000e-05	1.141713e-02	5.955836e+00
4.274000e-05	5.184762e-03	5.988468e+00
4.275000e-05	-2.374448e-03	6.050602e+00
4.276000e-05	5.442810e-03	6.113784e+00
4.277000e-05	1.032962e-02	6.155986e+00
4.278000e-05	7.231561e-03	6.199524e+00
4.279000e-05	-1.220767e-03	6.269626e+00
4.280000e-05	5.001964e-03	6.303257e+00
4.281000e-05	1.118391e-02	6.356363e+00
4.282000e-05	7.638309e-03	6.397495e+00
4.283000e-05	6.179419e-04	6.451621e+00
4.284000e-05	6.142056e-03	6.523735e+00
4.285000e-05	9.425737e-03	6.564408e+00
4.286000e-05	8.293573e-03	6.606542e+00
4.287000e-05	1.402673e-03	6.689698e+00
4.288000e-05	5.873736e-03	6.713384e+00
4.289000e-05	1.027942e-02	6.766465e+00
4.290000e-05	9.295399e-03	6.787996e+00
4.291000e-05	4.181718e-03	6.859649e+00
4.292000e-05	6.785673e-03	6.912278e+00
4.293000e-05	1.051537e-02	6.933307e+00
4.294000e-05	8.857916e-03	6.946438e+00
4.295000e-05	4.985151e-03	6.977065e+00
4.296000e-05	7.191166e-03	7.039121e+00
4.297000e-05	1.070117e-02	7.101779e+00
4.298000e-05	1.029838e-02	7.092857e+00
4.299000e-05	6.399921e-03	7.165361e+00
4.300000e-05	9.489272e-03	7.178015e+00
4.301000e-05	1.221178e-02	7.239519e+00
4.302000e-05	1.094691e-02	7.280674e+00
4.303000e-05	7.768100e-03	7.331749e+00
4.304000e-05	8.380309e-03	7.323382e+00
4.305000e-05	1.265260e-02	7.385838e+00
4.306000e-05	1.165880e-02	7.456117e+00
4.307000e-05	1.018275e-02	7.451199e+00
4.308000e-05	1.026444e-02	7.490778e+00
4.309000e-05	1.515213e-02	7.511353e+00
4.310000e-05	1.324877e-02	7.525933e+00
4.311000e-05	1.151007e-02	7.595465e+00
4.312000e-05	1.172736e-02	7.599570e+00
4.313000e-05	1.495869e-02	7.680146e+00
4.314000e-05	1.465689e-02	7.672150e+00
4.315000e-05	1.289603e-02	7.689332e+00
4.316000e-05	1.337415e-02	7.744359e+00
4.317000e-05	1.618665e-02	7.774962e+00
4.318000e-05	1.599269e-02	7.784958e+00
4.319000e-05	1.489501e-02	7.806561e+00
4.320000e-05	1.536002e-02	7.818619e+00
4.321000e-05	1.734603e-02	7.809621e+00
4.322000e-05	1.763917e-02	7.857651e+00
4.323000e-05	1.695453e-02	7.850073e+00
4.324000e-05	1.678064e-02	7.920705e+00
4.325000e-05	1.964708e-02	7.922728e+00
4.326000e-05	1.937952e-02	7.901278e+00
4.327000e-05	1.947777e-02	8.005783e+00
4.328000e-05	1.869417e-02	7.954408e+00
4.329000e-05	2.153757e-02	7.962938e+00
4.330000e-05	2.233496e-02	7.992914e+00
4.331000e-05	2.228857e-02	7.986990e+00
4.332000e-05	2.176219e-02	7.986016e+00
4.333000e-05	2.503444e-02	8.006510e+00
4.334000e-05	2.497330e-02	7.996542e+00
4.335000e-05	2.512457e-02	8.016495e+00
4.336000e-05	2.490308e-02	8.026492e+00
4.337000e-05	2.826692e-02	8.015544e+00
4.338000e-05	2.846972e-02	8.007615e+00
4.339000e-05	3.011889e-02	8.048070e+00
4.340000e-05	2.902927e-02	7.998594e+00
4.341000e-05	3.246382e-02	7.977587e+00
4.342000e-05	3.121388e-02	8.027120e+00
4.343000e-05	3.401174e-02	8.018166e+00
4.344000e-05	3.102176e-02	8.017542e+00
4.345000e-05	3.348957e-02	8.016586e+00
4.346000e-05	3.361818e-02	7.996395e+00
4.347000e-05	3.385964e-02	7.983491e+00
4.348000e-05	3.329169e-02	7.956414e+00
4.349000e-05	3.345080e-02	8.007489e+00
4.350000e-05	3.491126e-02	7.984862e+00
4.351000e-05	3.254315e-02	7.921513e+00
4.352000e-05	3.224153e-02	7.993355e+00
4.353000e-05	3.023218e-02	7.941688e+00
4.354000e-05	3.224488e-02	7.951249e+00
4.355000e-05	2.856697e-02	7.871174e+00
4.356000e-05	2.911627e-02	7.889120e+00
4.357000e-05	2.742032e-02	7.851196e+00
4.358000e-05	2.880699e-02	7.786542e+00
4.359000e-05	2.708163e-02	7.816037e+00
4.360000e-05	2.620245e-02	7.824986e+00
4.361000e-05	2.507043e-02	7.743913e+00
4.362000e-05	2.502308e-02	7.712358e+00
4.363000e-05	2.459891e-02	7.732307e+00
4.364000e-05	2.065582e-02	7.691204e+00
4.365000e-05	2.098396e-02	7.659600e+00
4.366000e-05	2.094560e-02	7.629572e+00
4.367000e-05	2.144084e-02	7.585539e+00
4.368000e-05	1.956334e-02	7.583862e+00
4.369000e-05	1.868845e-02	7.521858e+00
4.370000e-05	1.899214e-02	7.512753e+00
4.371000e-05	1.877599e-02	7.477145e+00
4.372000e-05	1.677288e-02	7.449062e+00
4.373000e-05	1.555752e-02	7.375495e+00
4.374000e-05	1.502891e-02	7.374858e+00
4.375000e-05	1.549267e-02	7.302329e+00
4.376000e-05	1.491544e-02	7.279677e+00
4.377000e-05	1.358652e-02	7.229024e+00
4.378000e-05	1.343413e-02	7.227547e+00
4.379000e-05	1.448138e-02	7.184412e+00
4.380000e-05	1.307655e-02	7.154311e+00
4.381000e-05	1.101722e-02	7.111753e+00
4.382000e-05	1.054211e-02	7.021629e+00
4.383000e-05	1.176221e-02	7.030094e+00
4.384000e-05	1.174545e-02	6.966994e+00
4.385000e-05	8.559240e-03	6.944362e+00
4.386000e-05	1.031040e-02	6.883254e+00
4.387000e-05	1.049479e-02	6.882178e+00
4.388000e-05	9.589255e-03	6.828048e+00
4.389000e-05	7.421841e-03	6.757020e+00
4.390000e-05	7.430220e-03	6.742811e+00
4.391000e-05	8.658291e-03	6.710303e+00
4.392000e-05	7.878999e-03	6.668571e+00
4.393000e-05	7.852370e-03	6.536013e+00
4.394000e-05	6.068151e-03	6.554859e+00
4.395000e-05	7.414195e-03	6.480670e+00
4.396000e-05	6.327077e-03	6.438047e+00
4.397000e-05	6.966429e-03	6.355912e+00
4.398000e-05	3.904644e-03	6.333337e+00
4.399000e-05	5.927243e-03	6.302179e+00
4.400000e-05	6.100071e-03	6.248574e+00
4.401000e-05	5.755556e-03	6.177413e+00
4.402000e-05	4.545459e-03	6.183784e+00
4.403000e-05	4.948041e-03	6.092229e+00
4.404000e-05	5.534551e-03	6.040100e+00
4.405000e-05	5.606045e-03	5.976441e+00
4.406000e-05	1.668409e-03	5.942306e+00
4.407000e-05	3.720978e-03	5.868595e+00
4.408000e-05	4.305287e-03	5.785888e+00
4.409000e-05	4.202150e-03	5.683725e+00
4.410000e-05	3.156026e-03	5.671650e+00
4.411000e-05	3.421933e-03	5.577970e+00
4.412000e-05	5.263248e-03	5.523309e+00
4.413000e-05	3.361428e-03	5.461705e+00
4.414000e-05	3.007802e-03	5.419623e+00
4.415000e-05	1.951210e-03	5.375485e+00
4.416000e-05	3.054302e-03	5.293182e+00
4.417000e-05	3.126814e-03	5.248023e+00
4.418000e-05	1.718358e-03	5.154334e+00
4.419000e-05	1.908340e-03	5.040671e+00
4.420000e-05	2.931143e-03	4.934986e+00
4.421000e-05	2.867824e-03	4.852104e+00
4.422000e-05	1.745318e-03	4.787024e+00
4.423000e-05	7.107103e-04	4.744362e+00
4.424000e-05	2.631163e-03	4.650156e+00
4.425000e-05	2.284511e-03	4.577074e+00
4.426000e-05	1.704564e-03	4.544339e+00
4.427000e-05	1.155061e-03	4.462654e+00
4.428000e-05	1.653132e-03	4.400520e+00
4.429000e-05	2.026195e-03	4.346368e+00
4.430000e-05	4.396357e-04	4.279550e+00
4.431000e-05	1.346621e-03	4.127337e+00
4.432000e-05	1.482593e-03	4.084707e+00
4.433000e-05	1.581640e-03	4.019524e+00
4.434000e-05	3.707467e-04	3.946384e+00
4.435000e-05	3.154457e-04	3.902682e+00
4.436000e-05	-1.974847e-04	3.826472e+00
4.437000e-05	3.007108e-04	3.733809e+00
4.438000e-05	-3.525830e-05	3.651603e+00
4.439000e-05	4.435801e-04	3.617521e+00
4.440000e-05	8.409217e-04	3.535437e+00
4.441000e-05	1.087496e-03	3.457075e+00
4.442000e-05	3.077461e-04	3.352316e+00
4.443000e-05	-7.026388e-04	3.232096e+00
4.444000e-05	-8.360761e-04	3.176372e+00
4.445000e-05	4.597279e-04	3.104259e+00
4.446000e-05	-9.566243e-04	3.041053e+00
4.447000e-05	-9.103236e-04	2.945871e+00
4.448000e-05	-7.390434e-04	2.843105e+00
4.449000e-05	-2.251580e-04	2.820049e+00
4.450000e-05	-2.430917e-04	2.767317e+00
4.451000e-05	-1.039091e-03	2.683127e+00
4.452000e-05	-1.591082e-03	2.564793e+00
4.453000e-05	-4.568809e-05	2.431053e+00
4.454000e-05	-7.061435e-04	2.388447e+00
4.455000e-05	-2.811480e-03	2.323660e+00
4.456000e-05	-1.312472e-03	2.241099e+00
4.457000e-05	-2.427380e-03	2.125818e+00
4.458000e-05	-1.401032e-03	2.062106e+00
4.459000e-05	-1.904449e-03	1.978471e+00
4.460000e-05	-2.097781e-03	1.965293e+00
4.461000e-05	-6.960281e-04	1.881153e+00
4.462000e-05	-1.849352e-03	1.747367e+00
4.463000e-05	-2.933425e-03	1.682662e+00
4.464000e-05	-2.368975e-03	1.539520e+00
4.465000e-05	-2.700497e-03	1.453562e+00
4.466000e-05	-2.094017e-03	1.396471e+00
4.467000e-05	-3.225763e-03	1.295284e+00
4.468000e-05	-3.394806e-03	1.239101e+00
4.469000e-05	-2.482965e-03	1.134766e+00
4.470000e-05	-2.990496e-03	9.490274e-01
4.471000e-05	-2.001620e-03	8.626830e-01
4.472000e-05	-3.499502e-03	8.105263e-01
4.473000e-05	-2.508559e-03	7.253145e-01
4.474000e-05	-3.492447e-03	6.526076e-01
4.475000e-05	-2.790245e-03	5.683421e-01
4.476000e-05	-4.350971e-03	4.611330e-01
4.477000e-05	-3.199699e-03	4.099976e-01
4.478000e-05	-3.770095e-03	3.763433e-01
4.479000e-05	-3.266974e-03	2.815304e-01
4.480000e-05	-3.400892e-03	8.319177e-02
4.481000e-05	-3.770750e-03	3.052900e-02
4.482000e-05	-4.331707e-03	-4.310271e-02
4.483000e-05	8.711903e-04	-1.368419e-01
4.484000e-05	-1.950189e-04	-1.809712e-01
4.485000e-05	-2.470729e-03	-2.542143e-01
4.486000e-05	-2.560430e-03	-3.374171e-01
4.487000e-05	-3.295821e-03	-3.695025e-01
4.488000e-05	-2.452392e-03	-4.411816e-01
4.489000e-05	-2.291473e-03	-5.890684e-01
4.490000e-05	2.492479e-02	-6.922604e-01
4.491000e-05	7.283326e-02	-7.894998e-01
4.492000e-05	-3.152214e-02	-9.027856e-01
4.493000e-05	-4.443647e-02	-9.800473e-01
4.494000e-05	-1.117109e-01	-1.115312e+00
4.495000e-05	3.596049e-02	-1.166441e+00
4.496000e-05	1.110577e-01	-1.139392e+00
4.497000e-05	-1.085103e-01	-1.303958e+00
4.498000e-05	6.112790e-02	-1.471574e+00
4.499000e-05	6.692731e-02	-1.503238e+00
4.500000e-05	-7.570803e-02	-1.580547e+00
4.501000e-05	3.745170e-02	-1.745813e+00
4.502000e-05	-7.899352e-03	-1.786396e+00
4.503000e-05	-1.322014e-01	-1.821152e+00
4.504000e-05	9.961692e-02	-1.955387e+00
4.505000e-05	4.452388e-02	-1.997500e+00
4.506000e-05	-1.063911e-01	-2.081129e+00
4.507000e-05	4.901369e-02	-2.124886e+00
4.508000e-05	-4.940237e-02	-2.233599e+00
4.509000e-05	6.831973e-02	-2.370021e+00
4.510000e-05	-3.242019e-02	-2.420628e+00
4.511000e-05	-1.046961e-01	-2.484210e+00
4.512000e-05	1.172119e-01	-2.620522e+00
4.513000e-05	7.954960e-03	-2.673783e+00
4.514000e-05	-5.728183e-02	-2.757942e+00
4.515000e-05	-1.747060e-02	-2.791027e+00
4.516000e-05	-1.958071e-02	-2.884741e+00
4.517000e-05	8.428222e-02	-3.030673e+00
4.518000e-05	-8.484166e-02	-3.116713e+00
4.519000e-05	-1.098235e-02	-3.187541e+00
4.520000e-05	5.908943e-02	-3.271705e+00
4.521000e-05	-3.478472e-02	-3.357443e+00
4.522000e-05	2.754988e-02	-3.410100e+00
4.523000e-05	-8.860587e-02	-3.492734e+00
4.524000e-05	5.243370e-02	-3.538414e+00
4.525000e-05	1.296186e-02	-3.609552e+00
4.526000e-05	-4.314362e-02	-3.662787e+00
4.527000e-05	1.302805e-02	-3.797523e+00
4.528000e-05	-3.214819e-02	-3.893729e+00
4.529000e-05	4.975503e-02	-3.998967e+00
4.530000e-05	-4.951712e-02	-4.031649e+00
4.531000e-05	-1.307410e-02	-4.074766e+00
4.532000e-05	1.435993e-02	-4.186989e+00
4.533000e-05	-5.670669e-03	-4.232181e+00
4.534000e-05	1.110024e-02	-4.314311e+00
4.535000e-05	-5.603877e-02	-4.378394e+00
4.536000e-05	2.574008e-02	-4.439674e+00
4.537000e-05	-3.221396e-03	-4.504235e+00
4.538000e-05	-1.006858e-02	-4.596942e+00
4.539000e-05	-2.127478e-02	-4.599650e+00
4.540000e-05	-9.575673e-03	-4.694187e+00
4.541000e-05	2.533441e-02	-4.786571e+00
4.542000e-05	-3.094394e-02	-4.861098e+00
4.543000e-05	-1.057436e-02	-4.936811e+00
4.544000e-05	-1.327959e-02	-4.998564e+00
4.545000e-05	1.549390e-02	-5.094228e+00
4.546000e-05	-1.623072e-02	-5.135418e+00
4.547000e-05	-2.346184e-02	-5.240623e+00
4.548000e-05	-1.310302e-03	-5.343334e+00
4.549000e-05	9.200947e-04	-5.387616e+00
4.550000e-05	-5.862308e-03	-5.463753e+00
4.551000e-05	-2.810364e-02	-5.534988e+00
4.552000e-05	7.774296e-04	-5.630466e+00
4.553000e-05	-1.652407e-03	-5.652730e+00
4.554000e-05	-6.144534e-03	-5.724836e+00
4.555000e-05	-2.584127e-02	-5.777921e+00
4.556000e-05	-5.320264e-03	-5.860130e+00
4.557000e-05	1.363292e-03	-5.884756e+00
4.558000e-05	-9.685476e-03	-5.956915e+00
4.559000e-05	-1.976681e-02	-6.009497e+00
4.560000e-05	-1.241420e-02	-6.071104e+00
4.561000e-05	4.174814e-03	-6.164961e+00
4.562000e-05	-1.316446e-02	-6.197494e+00
4.563000e-05	-1.637370e-02	-6.261199e+00
4.564000e-05	-1.578811e-02	-6.302835e+00
4.565000e-05	1.292501e-03	-6.395968e+00
4.566000e-05	-1.208227e-02	-6.429573e+00
4.567000e-05	-1.733464e-02	-6.491154e+00
4.568000e-05	-1.373340e-02	-6.533783e+00
4.569000e-05	-2.331371e-03	-6.556937e+00
4.570000e-05	-9.193171e-03	-6.627496e+00
4.571000e-05	-1.997951e-02	-6.649078e+00
4.572000e-05	-1.244180e-02	-6.702731e+00
4.573000e-05	-6.003839e-03	-6.745364e+00
4.574000e-05	-7.132033e-03	-6.797465e+00
4.575000e-05	-2.082152e-02	-6.838575e+00
4.576000e-05	-1.375778e-02	-6.882272e+00
4.577000e-05	-7.798918e-03	-6.953307e+00
4.578000e-05	-8.824898e-03	-6.984938e+00
4.579000e-05	-1.974691e-02	-7.017041e+00
4.580000e-05	-1.531227e-02	-7.070678e+00
4.581000e-05	-8.336565e-03	-7.110855e+00
4.582000e-05	-1.018139e-02	-7.124937e+00
4.583000e-05	-1.870364e-02	-7.198015e+00
4.584000e-05	-1.735970e-02	-7.218649e+00
4.585000e-05	-1.098719e-02	-7.301103e+00
4.586000e-05	-1.173201e-02	-7.282329e+00
4.587000e-05	-1.937015e-02	-7.333858e+00
4.588000e-05	-1.831859e-02	-7.336411e+00
4.589000e-05	-1.286493e-02	-7.396967e+00
4.590000e-05	-1.236488e-02	-7.418576e+00
4.591000e-05	-1.727845e-02	-7.451726e+00
4.592000e-05	-1.951214e-02	-7.501178e+00
4.593000e-05	-1.330381e-02	-7.512359e+00
4.594000e-05	-1.585312e-02	-7.543812e+00
4.595000e-05	-1.999245e-02	-7.576464e+00
4.596000e-05	-2.248055e-02	-7.616594e+00
4.597000e-05	-1.766950e-02	-7.639074e+00
4.598000e-05	-1.482960e-02	-7.690199e+00
4.599000e-05	-2.014808e-02	-7.721353e+00
4.600000e-05	-1.890391e-02	-7.753732e+00
4.601000e-05	-1.928700e-02	-7.763910e+00
4.602000e-05	-1.698753e-02	-7.787516e+00
4.603000e-05	-2.374601e-02	-7.827991e+00
4.604000e-05	-2.347638e-02	-7.879141e+00
4.605000e-05	-2.219527e-02	-7.840645e+00
4.606000e-05	-1.912581e-02	-7.839229e+00
4.607000e-05	-2.329844e-02	-7.913204e+00
4.608000e-05	-2.266412e-02	-7.921257e+00
4.609000e-05	-2.271338e-02	-7.904833e+00
4.610000e-05	-2.194768e-02	-7.934963e+00
4.611000e-05	-2.558431e-02	-7.933882e+00
4.612000e-05	-2.764360e-02	-7.975492e+00
4.613000e-05	-2.584685e-02	-7.985991e+00
4.614000e-05	-2.563841e-02	-7.987067e+00
4.615000e-05	-2.681985e-02	-8.027569e+00
4.616000e-05	-2.865911e-02	-8.006519e+00
4.617000e-05	-2.711268e-02	-8.049621e+00
4.618000e-05	-2.871602e-02	-8.059477e+00
4.619000e-05	-3.064342e-02	-8.038123e+00
4.620000e-05	-3.261275e-02	-8.050097e+00
4.621000e-05	-3.188691e-02	-7.998123e+00
4.622000e-05	-3.316439e-02	-8.037626e+00
4.623000e-05	-3.446411e-02	-8.060051e+00
4.624000e-05	-3.496585e-02	-8.039649e+00
4.625000e-05	-3.487385e-02	-8.069526e+00
4.626000e-05	-3.536882e-02	-8.060727e+00
4.627000e-05	-3.798700e-02	-8.028674e+00
4.628000e-05	-3.865487e-02	-8.039126e+00
4.629000e-05	-3.910819e-02	-8.047674e+00
4.630000e-05	-3.861174e-02	-8.048101e+00
4.631000e-05	-4.159122e-02	-8.029623e+00
4.632000e-05	-3.768598e-02	-7.999099e+00
4.633000e-05	-3.836440e-02	-8.000047e+00
4.634000e-05	-3.901133e-02	-8.016995e+00
4.635000e-05	-3.986240e-02	-8.006966e+00
4.636000e-05	-3.883727e-02	-7.963986e+00
4.637000e-05	-3.769632e-02	-7.955438e+00
4.638000e-05	-3.797133e-02	-7.902807e+00
4.639000e-05	-3.939101e-02	-7.924876e+00
4.640000e-05	-3.626903e-02	-7.952832e+00
4.641000e-05	-3.487511e-02	-7.880727e+00
4.642000e-05	-3.314397e-02	-7.901705e+00
4.643000e-05	-3.405530e-02	-7.839121e+00
4.644000e-05	-3.091120e-02	-7.828595e+00
4.645000e-05	-3.071921e-02	-7.816060e+00
4.646000e-05	-3.092604e-02	-7.796011e+00
4.647000e-05	-3.297069e-02	-7.744909e+00
4.648000e-05	-3.063670e-02	-7.724009e+00
4.649000e-05	-2.828777e-02	-7.722306e+00
4.650000e-05	-2.761380e-02	-7.670673e+00
4.651000e-05	-2.712051e-02	-7.619146e+00
4.652000e-05	-2.511123e-02	-7.616964e+00
4.653000e-05	-2.352853e-02	-7.585937e+00
4.654000e-05	-2.417519e-02	-7.553336e+00
4.655000e-05	-2.554141e-02	-7.544282e+00
4.656000e-05	-2.517401e-02	-7.520680e+00
4.657000e-05	-2.255237e-02	-7.449175e+00
4.658000e-05	-2.248815e-02	-7.438120e+00
4.659000e-05	-2.223908e-02	-7.366990e+00
4.660000e-05	-2.138887e-02	-7.354439e+00
4.661000e-05	-1.862875e-02	-7.315356e+00
4.662000e-05	-1.875492e-02	-7.293708e+00
4.663000e-05	-1.975933e-02	-7.271154e+00
4.664000e-05	-2.085931e-02	-7.251577e+00
4.665000e-05	-1.738764e-02	-7.198023e+00
4.666000e-05	-1.799802e-02	-7.164439e+00
4.667000e-05	-1.857946e-02	-7.103391e+00
4.668000e-05	-1.863848e-02	-7.081279e+00
4.669000e-05	-1.544292e-02	-7.048095e+00
4.670000e-05	-1.496640e-02	-7.004066e+00
4.671000e-05	-1.566265e-02	-6.943435e+00
4.672000e-05	-1.563909e-02	-6.880602e+00
4.673000e-05	-1.489376e-02	-6.829573e+00
4.674000e-05	-1.451678e-02	-6.807420e+00
4.675000e-05	-1.511098e-02	-6.765339e+00
4.676000e-05	-1.585733e-02	-6.733811e+00
4.677000e-05	-1.423974e-02	-6.672159e+00
4.678000e-05	-1.292194e-02	-6.609072e+00
4.679000e-05	-1.262782e-02	-6.594943e+00
4.680000e-05	-1.389083e-02	-6.513259e+00
4.681000e-05	-1.230668e-02	-6.503730e+00
4.682000e-05	-1.226603e-02	-6.398574e+00
4.683000e-05	-1.206224e-02	-6.356046e+00
4.684000e-05	-1.312470e-02	-6.375361e+00
4.685000e-05	-1.287650e-02	-6.269676e+00
4.686000e-05	-1.166027e-02	-6.236545e+00
4.687000e-05	-1.061329e-02	-6.165334e+00
4.688000e-05	-1.229094e-02	-6.071232e+00
4.689000e-05	-1.109871e-02	-6.040125e+00
4.690000e-05	-1.071233e-02	-5.986391e+00
4.691000e-05	-9.698256e-03	-5.914837e+00
4.692000e-05	-1.037412e-02	-5.892704e+00
4.693000e-05	-1.077759e-02	-5.797520e+00
4.694000e-05	-1.057668e-02	-5.744966e+00
4.695000e-05	-9.430475e-03	-5.702738e+00
4.696000e-05	-9.583509e-03	-5.640101e+00
4.697000e-05	-1.019970e-02	-5.585970e+00
4.698000e-05	-1.008173e-02	-5.534359e+00
4.699000e-05	-8.828862e-03	-5.420226e+00
4.700000e-05	-9.145966e-03	-5.374915e+00
4.701000e-05	-1.048482e-02	-5.280754e+00
4.702000e-05	-8.741743e-03	-5.216098e+00
4.703000e-05	-8.415219e-03	-5.155315e+00
4.704000e-05	-7.428032e-03	-5.031780e+00
4.705000e-05	-9.515873e-03	-4.987019e+00
4.706000e-05	-8.705910e-03	-4.892262e+00
4.707000e-05	-7.227153e-03	-4.805541e+00
4.708000e-05	-8.819403e-03	-4.734759e+00
4.709000e-05	-9.727540e-03	-4.650652e+00
4.710000e-05	-8.502000e-03	-4.616396e+00
4.711000e-05	-6.862104e-03	-4.535917e+00
4.712000e-05	-6.903661e-03	-4.441105e+00
4.713000e-05	-7.596269e-03	-4.409074e+00
4.714000e-05	-7.468220e-03	-4.376392e+00
4.715000e-05	-7.029598e-03	-4.313786e+00
4.716000e-05	-7.175564e-03	-4.219575e+00
4.717000e-05	-7.357614e-03	-4.176371e+00
4.718000e-05	-9.172085e-03	-4.104261e+00
4.719000e-05	-7.228980e-03	-4.021625e+00
4.720000e-05	-6.446247e-03	-3.967940e+00
4.721000e-05	-5.585107e-03	-3.912833e+00
4.722000e-05	-8.177879e-03	-3.796395e+00
4.723000e-05	-6.409470e-03	-3.692212e+00
4.724000e-05	-5.526118e-03	-3.620577e+00
4.725000e-05	-6.986538e-03	-3.567395e+00
4.726000e-05	-7.755318e-03	-3.491732e+00
4.727000e-05	-8.222027e-03	-3.419476e+00
4.728000e-05	-4.999118e-03	-3.334791e+00
4.729000e-05	-6.720526e-03	-3.271553e+00
4.730000e-05	-6.874356e-03	-3.196449e+00
4.731000e-05	-6.427696e-03	-3.144309e+00
4.732000e-05	-5.662875e-03	-2.987496e+00
4.733000e-05	-5.281910e-03	-2.904783e+00
4.734000e-05	-6.798474e-03	-2.820950e+00
4.735000e-05	-7.416739e-03	-2.765421e+00
4.736000e-05	-4.793175e-03	-2.652658e+00
4.737000e-05	-5.878576e-03	-2.589971e+00
4.738000e-05	-6.200698e-03	-2.543340e+00
4.739000e-05	-6.005482e-03	-2.431105e+00
4.740000e-05	-5.667057e-03	-2.389024e+00
4.741000e-05	-4.591334e-03	-2.305284e+00
4.742000e-05	-5.971310e-03	-2.178450e+00
4.743000e-05	-5.759959e-03	-2.071229e+00
4.744000e-05	-6.084405e-03	-1.977523e+00
4.745000e-05	-4.758447e-03	-1.925345e+00
4.746000e-05	-5.705808e-03	-1.862630e+00
4.747000e-05	-5.566507e-03	-1.759421e+00
4.748000e-05	-4.737866e-03	-1.703186e+00
4.749000e-05	-4.742604e-03	-1.602554e+00
4.750000e-05	-4.552697e-03	-1.557917e+00
4.751000e-05	-5.493595e-03	-1.492057e+00
4.752000e-05	-4.557992e-03	-1.296389e+00
4.753000e-05	-4.748327e-03	-1.179547e+00
4.754000e-05	-4.548509e-03	-1.104794e+00
4.755000e-05	-5.423069e-03	-9.915553e-01
4.756000e-05	-3.908338e-03	-9.774197e-01
4.757000e-05	-4.207676e-03	-8.931905e-01
4.758000e-05	-3.904684e-03	-8.004776e-01
4.759000e-05	-4.356367e-03	-7.279183e-01
4.760000e-05	-3.911373e-03	-5.900302e-01
4.761000e-05	-5.227075e-03	-4.832930e-01
4.762000e-05	-4.026400e-03	-4.015265e-01
4.763000e-05	-4.111551e-03	-3.583673e-01
4.764000e-05	-3.990288e-03	-2.951868e-01
4.765000e-05	-3.195195e-03	-2.004752e-01
4.766000e-05	-2.062706e-03	-9.581597e-02
4.767000e-05	-1.846881e-03	-4.205520e-02
4.768000e-05	-8.825704e-04	2.012258e-02
4.769000e-05	1.012173e-03	9.518302e-02
4.770000e-05	1.022366e-05	2.101287e-01
4.771000e-05	-3.998976e-04	3.369158e-01
4.772000e-05	-2.481798e-03	4.094974e-01
4.773000e-05	-1.147032e-03	4.521066e-01
4.774000e-05	1.932341e-03	5.653121e-01
4.775000e-05	1.346854e-02	6.206028e-01
4.776000e-05	4.566206e-02	7.567632e-01
4.777000e-05	9.280780e-03	8.215738e-01
4.778000e-05	-3.882913e-02	9.258117e-01
4.779000e-05	-5.551551e-02	1.051046e+00
4.780000e-05	-6.858465e-02	1.125286e+00
4.781000e-05	9.295002e-02	1.167825e+00
4.782000e-05	1.744278e-02	1.315656e+00
4.783000e-05	-1.089227e-01	1.368417e+00
4.784000e-05	1.012147e-01	1.464154e+00
4.785000e-05	9.663765e-03	1.590070e+00
4.786000e-05	-1.989874e-02	1.743309e+00
4.787000e-05	2.962890e-02	1.766890e+00
4.788000e-05	-7.390027e-02	1.842628e+00
4.789000e-05	-2.657238e-02	1.934287e+00
4.790000e-05	1.025119e-01	2.009971e+00
4.791000e-05	-2.341892e-02	2.061151e+00
4.792000e-05	-3.111744e-02	2.102839e+00
4.793000e-05	2.382105e-03	2.220070e+00
4.794000e-05	7.501212e-03	2.306254e+00
4.795000e-05	4.240006e-02	2.346837e+00
4.796000e-05	-7.494666e-02	2.461079e+00
4.797000e-05	2.566857e-03	2.494837e+00
4.798000e-05	4.861476e-02	2.602120e+00
4.799000e-05	2.505956e-02	2.745335e+00
4.800000e-05	-4.726255e-02	2.820550e+00
4.801000e-05	-1.955127e-02	2.872759e+00
4.802000e-05	3.583030e-02	2.937862e+00
4.803000e-05	1.076836e-02	3.039576e+00
4.804000e-05	-2.910596e-02	3.105863e+00
4.805000e-05	8.231520e-03	3.159493e+00
4.806000e-05	6.478750e-03	3.250649e+00
4.807000e-05	2.094710e-02	3.294283e+00
4.808000e-05	-2.007562e-02	3.431673e+00
4.809000e-05	-2.009404e-02	3.535357e+00
4.810000e-05	2.445229e-02	3.589496e+00
4.811000e-05	4.769013e-03	3.683233e+00
4.812000e-05	1.551914e-03	3.706361e+00
4.813000e-05	-1.927428e-02	3.810549e+00
4.814000e-05	2.049662e-02	3.924304e+00
4.815000e-05	3.718392e-03	3.958391e+00
4.816000e-05	-5.106543e-03	4.049048e+00
4.817000e-05	-6.229151e-03	4.102332e+00
4.818000e-05	8.789036e-03	4.196494e+00
4.819000e-05	1.287549e-02	4.260728e+00
4.820000e-05	-6.582960e-03	4.396914e+00
4.821000e-05	-6.943761e-03	4.452047e+00
4.822000e-05	8.557418e-03	4.503256e+00
4.823000e-05	7.590469e-03	4.546016e+00
4.824000e-05	1.897075e-04	4.638074e+00
4.825000e-05	-5.308690e-03	4.713783e+00
4.826000e-05	1.374631e-02	4.765866e+00
4.827000e-05	5.494030e-03	4.829551e+00
4.828000e-05	-2.080758e-03	4.982336e+00
4.829000e-05	-5.668348e-03	5.027016e+00
4.830000e-05	8.171860e-03	5.133754e+00
4.831000e-05	9.490930e-03	5.206993e+00
4.832000e-05	-2.882448e-03	5.280704e+00
4.833000e-05	8.677249e-04	5.315835e+00
4.834000e-05	8.104917e-03	5.397513e+00
4.835000e-05	1.314256e-02	5.462125e+00
4.836000e-05	-3.985996e-03	5.493784e+00
4.837000e-05	-3.058242e-04	5.565967e+00
4.838000e-05	5.659972e-03	5.649095e+00
4.839000e-05	1.034714e-02	5.672301e+00
4.840000e-05	-3.067300e-03	5.763985e+00
4.841000e-05	1.090801e-03	5.850616e+00
4.842000e-05	8.333886e-03	5.892808e+00
4.843000e-05	1.347907e-02	5.964940e+00
4.844000e-05	5.041655e-04	5.999046e+00
4.845000e-05	9.425345e-04	6.069731e+00
4.846000e-05	6.604465e-03	6.125361e+00
4.847000e-05	9.454719e-03	6.196015e+00
4.848000e-05	1.820683e-03	6.228069e+00
4.849000e-05	-2.044981e-04	6.293103e+00
4.850000e-05	9.509644e-03	6.344358e+00
4.851000e-05	1.073177e-02	6.406436e+00
4.852000e-05	4.475093e-03	6.398521e+00
4.853000e-05	1.646893e-03	6.480179e+00
4.854000e-05	7.456957e-03	6.491908e+00
4.855000e-05	9.556126e-03	6.604391e+00
4.856000e-05	4.945678e-03	6.618547e+00
4.857000e-05	2.309643e-03	6.691227e+00
4.858000e-05	8.993133e-03	6.733411e+00
4.859000e-05	1.070576e-02	6.796891e+00
4.860000e-05	7.056339e-03	6.817996e+00
4.861000e-05	3.648469e-03	6.880650e+00
4.862000e-05	6.807045e-03	6.892183e+00
4.863000e-05	1.105562e-02	6.943834e+00
4.864000e-05	7.283097e-03	6.975441e+00
4.865000e-05	5.647761e-03	7.028496e+00
4.866000e-05	1.092357e-02	7.041571e+00
4.867000e-05	1.181922e-02	7.080725e+00
4.868000e-05	1.072759e-02	7.132810e+00
4.869000e-05	2.389695e-03	7.184864e+00
4.870000e-05	9.267667e-03	7.207019e+00
4.871000e-05	1.047265e-02	7.198519e+00
4.872000e-05	9.996709e-03	7.290650e+00
4.873000e-05	8.150028e-03	7.292782e+00
4.874000e-05	1.086230e-02	7.353908e+00
4.875000e-05	1.606386e-02	7.346488e+00
4.876000e-05	1.004791e-02	7.439666e+00
4.877000e-05	7.457046e-03	7.449150e+00
4.878000e-05	8.645166e-03	7.493329e+00
4.879000e-05	1.516404e-02	7.564931e+00
4.880000e-05	1.034838e-02	7.575410e+00
4.881000e-05	1.233114e-02	7.627469e+00
4.882000e-05	1.110274e-02	7.679095e+00
4.883000e-05	2.016289e-02	7.661099e+00
4.884000e-05	1.327287e-02	7.721729e+00
4.885000e-05	1.289191e-02	7.722755e+00
4.886000e-05	1.125621e-02	7.732879e+00
4.887000e-05	1.770324e-02	7.755434e+00
4.888000e-05	1.545138e-02	7.756965e+00
4.889000e-05	1.358375e-02	7.806563e+00
4.890000e-05	1.594290e-02	7.788020e+00
4.891000e-05	1.893593e-02	7.858621e+00
4.892000e-05	1.974380e-02	7.819221e+00
4.893000e-05	1.508680e-02	7.912324e+00
4.894000e-05	1.757480e-02	7.881802e+00
4.895000e-05	2.031746e-02	7.931703e+00
4.896000e-05	2.114978e-02	7.913310e+00
4.897000e-05	1.823827e-02	7.950835e+00
4.898000e-05	2.048304e-02	7.973857e+00
4.899000e-05	2.273497e-02	7.945486e+00
4.900000e-05	2.436411e-02	7.975814e+00
4.901000e-05	2.090874e-02	7.963896e+00
4.902000e-05	2.252883e-02	7.966486e+00
4.903000e-05	2.614658e-02	8.037071e+00
4.904000e-05	2.691924e-02	7.958013e+00
4.905000e-05	2.483309e-02	7.997065e+00
4.906000e-05	2.628149e-02	8.037671e+00
4.907000e-05	2.834403e-02	8.018136e+00
4.908000e-05	3.022745e-02	8.007597e+00
4.909000e-05	2.867461e-02	8.018065e+00
4.910000e-05	2.865480e-02	8.016097e+00
4.911000e-05	3.238322e-02	8.049648e+00
4.912000e-05	3.264414e-02	8.016066e+00
4.913000e-05	3.265758e-02	7.998487e+00
4.914000e-05	3.254163e-02	8.007918e+00
4.915000e-05	3.527337e-02	7.994519e+00
4.916000e-05	3.511613e-02	8.046536e+00
4.917000e-05	3.417965e-02	7.976042e+00
4.918000e-05	3.296252e-02	7.953964e+00
4.919000e-05	3.349091e-02	7.954888e+00
4.920000e-05	3.411897e-02	8.002981e+00
4.921000e-05	3.184600e-02	7.920839e+00
4.922000e-05	3.193656e-02	7.971933e+00
4.923000e-05	3.145519e-02	7.873206e+00
4.924000e-05	3.224399e-02	7.881182e+00
4.925000e-05	3.049827e-02	7.879196e+00
4.926000e-05	2.848996e-02	7.870123e+00
4.927000e-05	2.710124e-02	7.869617e+00
4.928000e-05	2.792841e-02	7.806564e+00
4.929000e-05	2.588363e-02	7.805036e+00
4.930000e-05	2.622350e-02	7.744538e+00
4.931000e-05	2.418330e-02	7.723936e+00
4.932000e-05	2.470612e-02	7.713431e+00
4.933000e-05	2.471395e-02	7.701729e+00
4.934000e-05	2.195819e-02	7.690249e+00
4.935000e-05	2.213564e-02	7.628091e+00
4.936000e-05	2.035838e-02	7.588545e+00
4.937000e-05	2.049697e-02	7.607066e+00
4.938000e-05	1.930112e-02	7.542934e+00
4.939000e-05	1.773410e-02	7.542904e+00
4.940000e-05	1.780104e-02	7.490245e+00
4.941000e-05	1.713506e-02	7.458648e+00
4.942000e-05	1.697435e-02	7.438015e+00
4.943000e-05	1.513035e-02	7.354462e+00
4.944000e-05	1.544845e-02	7.353812e+00
4.945000e-05	1.548515e-02	7.331754e+00
4.946000e-05	1.448347e-02	7.220154e+00
4.947000e-05	1.243844e-02	7.189572e+00
4.948000e-05	1.217529e-02	7.176416e+00
4.949000e-05	1.290552e-02	7.133865e+00
4.950000e-05	1.350645e-02	7.133781e+00
4.951000e-05	1.031848e-02	7.089704e+00
4.952000e-05	1.005185e-02	7.048099e+00
4.953000e-05	1.139766e-02	7.018019e+00
4.954000e-05	1.153432e-02	6.976439e+00
4.955000e-05	9.540000e-03	6.903786e+00
4.956000e-05	8.873747e-03	6.902780e+00
4.957000e-05	1.086687e-02	6.870623e+00
4.958000e-05	1.019835e-02	6.797549e+00
4.959000e-05	8.118932e-03	6.755966e+00
4.960000e-05	7.182848e-03	6.704786e+00
4.961000e-05	7.935467e-03	6.679680e+00
4.962000e-05	8.573608e-03	6.646045e+00
4.963000e-05	7.617897e-03	6.565908e+00
4.964000e-05	6.405982e-03	6.532829e+00
4.965000e-05	7.968916e-03	6.439626e+00
4.966000e-05	8.538042e-03	6.396016e+00
4.967000e-05	5.530440e-03	6.365863e+00
4.968000e-05	5.049002e-03	6.272734e+00
4.969000e-05	5.395881e-03	6.281624e+00
4.970000e-05	6.217382e-03	6.228072e+00
4.971000e-05	4.675906e-03	6.165960e+00
4.972000e-05	4.839537e-03	6.122706e+00
4.973000e-05	4.951895e-03	6.070675e+00
4.974000e-05	5.232885e-03	6.019546e+00
4.975000e-05	4.645372e-03	5.975913e+00
4.976000e-05	4.744601e-03	5.900209e+00
4.977000e-05	4.184301e-03	5.836069e+00
4.978000e-05	4.138161e-03	5.713834e+00
4.979000e-05	3.946247e-03	5.701678e+00
4.980000e-05	2.298943e-03	5.589046e+00
4.981000e-05	2.848469e-03	5.564890e+00
4.982000e-05	4.158691e-03	5.503729e+00
4.983000e-05	3.690935e-03	5.431627e+00
4.984000e-05	2.626163e-03	5.406544e+00
4.985000e-05	3.127690e-03	5.334413e+00
4.986000e-05	3.649411e-03	5.270204e+00
4.987000e-05	3.169804e-03	5.185947e+00
4.988000e-05	1.739117e-03	5.153787e+00
4.989000e-05	1.670706e-03	5.006495e+00
4.990000e-05	1.330762e-03	4.932779e+00
4.991000e-05	3.938797e-03	4.821121e+00
4.992000e-05	-6.249752e-04	4.796919e+00
4.993000e-05	2.881058e-03	4.692185e+00
4.994000e-05	8.713010e-04	4.660625e+00
4.995000e-05	3.490373e-03	4.566465e+00
4.996000e-05	2.865482e-03	4.502209e+00
4.997000e-05	1.002680e-03	4.450626e+00
4.998000e-05	1.650854e-03	4.407499e+00
4.999000e-05	-6.963937e-04	4.322813e+00
