# 260928_12:39:51.062654
t	CH1	CH2
0.000000e+00	1.132092e-03	-5.924111e+00
1.000000e-08	-2.077964e-02	-5.966366e+00
2.000000e-08	-1.619774e-02	-5.989901e+00
3.000000e-08	-7.986214e-03	-6.065554e+00
4.000000e-08	4.257990e-03	-6.105685e+00
5.000000e-08	-2.140918e-02	-6.170320e+00
6.000000e-08	-1.586206e-02	-6.262504e+00
7.000000e-08	-8.686609e-03	-6.326162e+00
8.000000e-08	5.840538e-04	-6.407920e+00
9.000000e-08	-1.628061e-02	-6.421503e+00
1.000000e-07	-1.969805e-02	-6.463532e+00
1.100000e-07	-7.865580e-03	-6.525607e+00
1.200000e-07	-4.041737e-03	-6.537296e+00
1.300000e-07	-1.339401e-02	-6.600896e+00
1.400000e-07	-2.243155e-02	-6.631533e+00
1.500000e-07	-7.652416e-03	-6.685082e+00
1.600000e-07	-6.270849e-03	-6.745767e+00
1.700000e-07	-1.214410e-02	-6.787395e+00
1.800000e-07	-2.284171e-02	-6.841000e+00
1.900000e-07	-9.931101e-03	-6.883528e+00
2.000000e-07	-6.894096e-03	-6.905057e+00
2.100000e-07	-1.449998e-02	-6.978220e+00
2.200000e-07	-2.098048e-02	-6.980375e+00
2.300000e-07	-1.352348e-02	-7.063906e+00
2.400000e-07	-6.908484e-03	-7.124685e+00
2.500000e-07	-1.550885e-02	-7.186694e+00
2.600000e-07	-2.082354e-02	-7.179800e+00
2.700000e-07	-1.436117e-02	-7.220929e+00
2.800000e-07	-8.154803e-03	-7.263553e+00
2.900000e-07	-1.442253e-02	-7.274637e+00
3.000000e-07	-2.192440e-02	-7.327670e+00
3.100000e-07	-1.599091e-02	-7.355767e+00
3.200000e-07	-9.893922e-03	-7.386828e+00
3.300000e-07	-1.645310e-02	-7.411452e+00
3.400000e-07	-2.244669e-02	-7.402001e+00
3.500000e-07	-1.761623e-02	-7.503056e+00
3.600000e-07	-1.072936e-02	-7.516183e+00
3.700000e-07	-1.708357e-02	-7.556691e+00
3.800000e-07	-2.273677e-02	-7.558772e+00
3.900000e-07	-1.939550e-02	-7.569322e+00
4.000000e-07	-1.404614e-02	-7.639423e+00
4.100000e-07	-1.805760e-02	-7.661478e+00
4.200000e-07	-2.358614e-02	-7.694582e+00
4.300000e-07	-2.055434e-02	-7.706607e+00
4.400000e-07	-1.622208e-02	-7.705715e+00
4.500000e-07	-1.893674e-02	-7.727098e+00
4.600000e-07	-2.335639e-02	-7.810296e+00
4.700000e-07	-2.219462e-02	-7.769400e+00
4.800000e-07	-1.904462e-02	-7.823850e+00
4.900000e-07	-2.018974e-02	-7.841409e+00
5.000000e-07	-2.551849e-02	-7.883584e+00
5.100000e-07	-2.430641e-02	-7.893087e+00
5.200000e-07	-2.134311e-02	-7.906612e+00
5.300000e-07	-2.298480e-02	-7.936118e+00
5.400000e-07	-2.693017e-02	-7.987144e+00
5.500000e-07	-2.732882e-02	-7.928341e+00
5.600000e-07	-2.324763e-02	-7.987321e+00
5.700000e-07	-2.516003e-02	-7.978870e+00
5.800000e-07	-2.854113e-02	-8.000400e+00
5.900000e-07	-3.008465e-02	-7.991376e+00
6.000000e-07	-2.767375e-02	-8.029899e+00
6.100000e-07	-2.755821e-02	-8.010399e+00
6.200000e-07	-3.262254e-02	-7.989479e+00
6.300000e-07	-3.435771e-02	-7.980979e+00
6.400000e-07	-3.081082e-02	-8.009428e+00
6.500000e-07	-3.136819e-02	-7.991404e+00
6.600000e-07	-3.551672e-02	-8.031975e+00
6.700000e-07	-3.721927e-02	-8.040876e+00
6.800000e-07	-3.525778e-02	-7.993479e+00
6.900000e-07	-3.488340e-02	-8.031953e+00
7.000000e-07	-3.784923e-02	-8.011979e+00
7.100000e-07	-4.288335e-02	-8.042529e+00
7.200000e-07	-3.771251e-02	-7.991446e+00
7.300000e-07	-3.764743e-02	-8.019949e+00
7.400000e-07	-3.989944e-02	-8.010378e+00
7.500000e-07	-3.963291e-02	-8.010949e+00
7.600000e-07	-3.932019e-02	-7.957777e+00
7.700000e-07	-3.722626e-02	-7.969767e+00
7.800000e-07	-4.210350e-02	-7.935271e+00
7.900000e-07	-3.906618e-02	-7.968294e+00
8.000000e-07	-4.046466e-02	-7.926697e+00
8.100000e-07	-3.565703e-02	-7.915141e+00
8.200000e-07	-3.813966e-02	-7.924663e+00
8.300000e-07	-3.469794e-02	-7.853587e+00
8.400000e-07	-3.532827e-02	-7.904283e+00
8.500000e-07	-3.378668e-02	-7.840409e+00
8.600000e-07	-3.427899e-02	-7.800755e+00
8.700000e-07	-3.287030e-02	-7.820379e+00
8.800000e-07	-3.141169e-02	-7.749824e+00
8.900000e-07	-3.142310e-02	-7.700192e+00
9.000000e-07	-2.879226e-02	-7.715212e+00
9.100000e-07	-2.952627e-02	-7.654582e+00
9.200000e-07	-2.838073e-02	-7.643535e+00
9.300000e-07	-2.884182e-02	-7.620926e+00
9.400000e-07	-2.586567e-02	-7.568878e+00
9.500000e-07	-2.765653e-02	-7.577242e+00
9.600000e-07	-2.390960e-02	-7.497267e+00
9.700000e-07	-2.616882e-02	-7.494539e+00
9.800000e-07	-2.115733e-02	-7.464010e+00
9.900000e-07	-2.573747e-02	-7.431960e+00
1.000000e-06	-2.187086e-02	-7.400479e+00
1.010000e-06	-2.365971e-02	-7.390352e+00
1.020000e-06	-1.951144e-02	-7.337269e+00
1.030000e-06	-2.160313e-02	-7.336094e+00
1.040000e-06	-1.966126e-02	-7.265186e+00
1.050000e-06	-1.960755e-02	-7.262607e+00
1.060000e-06	-1.952915e-02	-7.252554e+00
1.070000e-06	-1.818623e-02	-7.221504e+00
1.080000e-06	-1.909684e-02	-7.158825e+00
1.090000e-06	-1.622037e-02	-7.118216e+00
1.100000e-06	-1.849740e-02	-7.054137e+00
1.110000e-06	-1.629333e-02	-7.033362e+00
1.120000e-06	-1.741564e-02	-6.980828e+00
1.130000e-06	-1.479067e-02	-6.917192e+00
1.140000e-06	-1.758722e-02	-6.905086e+00
1.150000e-06	-1.442433e-02	-6.822005e+00
1.160000e-06	-1.428022e-02	-6.779329e+00
1.170000e-06	-1.439283e-02	-6.767870e+00
1.180000e-06	-1.468340e-02	-6.723717e+00
1.190000e-06	-1.363973e-02	-6.683133e+00
1.200000e-06	-1.413078e-02	-6.612532e+00
1.210000e-06	-1.363448e-02	-6.579975e+00
1.220000e-06	-1.446205e-02	-6.558270e+00
1.230000e-06	-1.178591e-02	-6.483690e+00
1.240000e-06	-1.124451e-02	-6.423080e+00
1.250000e-06	-1.372090e-02	-6.420978e+00
1.260000e-06	-1.322273e-02	-6.367321e+00
1.270000e-06	-1.191343e-02	-6.275217e+00
1.280000e-06	-1.093185e-02	-6.222007e+00
1.290000e-06	-1.175040e-02	-6.147794e+00
1.300000e-06	-1.296195e-02	-6.105113e+00
1.310000e-06	-1.022013e-02	-6.072004e+00
1.320000e-06	-1.000568e-02	-5.979450e+00
1.330000e-06	-1.154749e-02	-5.948294e+00
1.340000e-06	-1.227179e-02	-5.903716e+00
1.350000e-06	-1.082403e-02	-5.853960e+00
1.360000e-06	-9.290847e-03	-5.770873e+00
1.370000e-06	-1.060618e-02	-5.725215e+00
1.380000e-06	-1.115144e-02	-5.684035e+00
1.390000e-06	-9.859325e-03	-5.621579e+00
1.400000e-06	-8.950497e-03	-5.548324e+00
1.410000e-06	-9.382488e-03	-5.504616e+00
1.420000e-06	-1.097725e-02	-5.421529e+00
1.430000e-06	-9.407568e-03	-5.277292e+00
1.440000e-06	-8.035278e-03	-5.221087e+00
1.450000e-06	-9.457417e-03	-5.177849e+00
1.460000e-06	-1.056616e-02	-5.125692e+00
1.470000e-06	-9.719256e-03	-5.052583e+00
1.480000e-06	-7.835734e-03	-4.908247e+00
1.490000e-06	-7.733487e-03	-4.844086e+00
1.500000e-06	-9.730468e-03	-4.750350e+00
1.510000e-06	-7.802542e-03	-4.704639e+00
1.520000e-06	-9.983029e-03	-4.640534e+00
1.530000e-06	-6.705688e-03	-4.549900e+00
1.540000e-06	-1.112498e-02	-4.496117e+00
1.550000e-06	-7.994626e-03	-4.443558e+00
1.560000e-06	-6.320349e-03	-4.389429e+00
1.570000e-06	-5.697518e-03	-4.277741e+00
1.580000e-06	-7.977701e-03	-4.294187e+00
1.590000e-06	-9.243653e-03	-4.191503e+00
1.600000e-06	-7.975166e-03	-4.135796e+00
1.610000e-06	-9.083106e-03	-4.062183e+00
1.620000e-06	-7.494996e-03	-4.011501e+00
1.630000e-06	-7.521095e-03	-3.946824e+00
1.640000e-06	-4.295652e-03	-3.882061e+00
1.650000e-06	-6.751243e-03	-3.738348e+00
1.660000e-06	-5.867691e-03	-3.633610e+00
1.670000e-06	-1.025103e-02	-3.569478e+00
1.680000e-06	-8.136980e-03	-3.466742e+00
1.690000e-06	-7.140454e-03	-3.422133e+00
1.700000e-06	-6.267351e-03	-3.388401e+00
1.710000e-06	-5.235091e-03	-3.305715e+00
1.720000e-06	-5.593152e-03	-3.231983e+00
1.730000e-06	-4.495507e-03	-3.188872e+00
1.740000e-06	-6.739079e-03	-3.104312e+00
1.750000e-06	-7.187508e-03	-2.939373e+00
1.760000e-06	-7.824337e-03	-2.874136e+00
1.770000e-06	-6.197070e-03	-2.800527e+00
1.780000e-06	-6.302939e-03	-2.727796e+00
1.790000e-06	-5.005097e-03	-2.663186e+00
1.800000e-06	-5.555003e-03	-2.548947e+00
1.810000e-06	-4.385233e-03	-2.484635e+00
1.820000e-06	-5.772740e-03	-2.441029e+00
1.830000e-06	-6.036520e-03	-2.368875e+00
1.840000e-06	-7.228038e-03	-2.252712e+00
1.850000e-06	-6.568243e-03	-2.158343e+00
1.860000e-06	-4.795561e-03	-2.062638e+00
1.870000e-06	-6.308844e-03	-2.009975e+00
1.880000e-06	-4.539596e-03	-1.927243e+00
1.890000e-06	-4.898034e-03	-1.830683e+00
1.900000e-06	-3.904635e-03	-1.757900e+00
1.910000e-06	-5.691801e-03	-1.672763e+00
1.920000e-06	-5.452187e-03	-1.621001e+00
1.930000e-06	-6.046530e-03	-1.527347e+00
1.940000e-06	-4.571935e-03	-1.389588e+00
1.950000e-06	-5.721275e-03	-1.252209e+00
1.960000e-06	-5.032753e-03	-1.180454e+00
1.970000e-06	-4.699207e-03	-1.116693e+00
1.980000e-06	-3.157089e-03	-1.020630e+00
1.990000e-06	-4.292896e-03	-9.083419e-01
2.000000e-06	-4.813033e-03	-8.541573e-01
2.010000e-06	-4.176158e-03	-8.005025e-01
2.020000e-06	-4.551419e-03	-7.173144e-01
2.030000e-06	-4.874122e-03	-5.505532e-01
2.040000e-06	-6.245376e-03	-4.637639e-01
2.050000e-06	-2.775511e-03	-3.905525e-01
2.060000e-06	-4.735392e-03	-3.363484e-01
2.070000e-06	-4.241519e-03	-2.432102e-01
2.080000e-06	-4.325550e-03	-2.089761e-01
2.090000e-06	-3.830272e-03	-7.783679e-02
2.100000e-06	1.067656e-03	-4.055744e-02
2.110000e-06	6.629895e-04	9.601385e-03
2.120000e-06	2.194148e-03	6.573859e-02
2.130000e-06	-3.079487e-03	2.534755e-01
2.140000e-06	6.185673e-04	3.667186e-01
2.150000e-06	-6.176295e-03	4.115238e-01
2.160000e-06	-1.207843e-03	4.436294e-01
2.170000e-06	1.102527e-03	5.677923e-01
2.180000e-06	2.260905e-02	6.416216e-01
2.190000e-06	5.092857e-02	7.862648e-01
2.200000e-06	-6.768325e-03	8.225239e-01
2.210000e-06	-4.901021e-02	9.237359e-01
2.220000e-06	-6.592335e-02	1.032075e+00
2.230000e-06	-4.175310e-02	1.166837e+00
2.240000e-06	1.216845e-01	1.210447e+00
2.250000e-06	-3.723594e-02	1.293685e+00
2.260000e-06	-9.887308e-02	1.409470e+00
2.270000e-06	1.343883e-01	1.463057e+00
2.280000e-06	-1.645814e-02	1.660873e+00
2.290000e-06	-1.789791e-02	1.674338e+00
2.300000e-06	2.422616e-02	1.768740e+00
2.310000e-06	-9.031115e-02	1.873525e+00
2.320000e-06	1.048787e-02	1.945718e+00
2.330000e-06	1.133097e-01	1.978969e+00
2.340000e-06	-6.617390e-02	2.052632e+00
2.350000e-06	-1.629400e-02	2.105211e+00
2.360000e-06	3.689251e-03	2.220473e+00
2.370000e-06	2.095364e-02	2.302631e+00
2.380000e-06	2.250494e-02	2.347344e+00
2.390000e-06	-8.508039e-02	2.431106e+00
2.400000e-06	3.107891e-02	2.514762e+00
2.410000e-06	5.787226e-02	2.660927e+00
2.420000e-06	-2.969601e-03	2.758241e+00
2.430000e-06	-5.422647e-02	2.820974e+00
2.440000e-06	5.148408e-03	2.883607e+00
2.450000e-06	3.837837e-02	2.955841e+00
2.460000e-06	-3.623541e-03	3.031605e+00
2.470000e-06	-3.406980e-02	3.126785e+00
2.480000e-06	2.428643e-02	3.209318e+00
2.490000e-06	3.125470e-03	3.241053e+00
2.500000e-06	1.841177e-02	3.294686e+00
2.510000e-06	-3.305619e-02	3.411946e+00
2.520000e-06	-4.696947e-03	3.548260e+00
2.530000e-06	2.882498e-02	3.600999e+00
2.540000e-06	-7.501382e-04	3.694558e+00
2.550000e-06	-4.941990e-03	3.755714e+00
2.560000e-06	-1.269341e-02	3.822099e+00
2.570000e-06	2.391631e-02	3.842058e+00
2.580000e-06	-2.252642e-03	3.988339e+00
2.590000e-06	-7.512171e-03	4.020025e+00
2.600000e-06	-1.378241e-03	4.044186e+00
2.610000e-06	1.368289e-02	4.148842e+00
2.620000e-06	9.434346e-03	4.283104e+00
2.630000e-06	-1.025301e-02	4.350821e+00
2.640000e-06	-4.981785e-03	4.432053e+00
2.650000e-06	1.490047e-02	4.492707e+00
2.660000e-06	2.142078e-03	4.568270e+00
2.670000e-06	-2.508047e-03	4.640479e+00
2.680000e-06	-5.155951e-03	4.673586e+00
2.690000e-06	1.880535e-02	4.728344e+00
2.700000e-06	2.241853e-03	4.809998e+00
2.710000e-06	-5.279826e-03	4.865057e+00
2.720000e-06	-2.195398e-03	4.981348e+00
2.730000e-06	1.367102e-02	5.095109e+00
2.740000e-06	7.248350e-03	5.187944e+00
2.750000e-06	-7.964769e-03	5.253528e+00
2.760000e-06	1.640877e-03	5.305664e+00
2.770000e-06	1.005796e-02	5.390947e+00
2.780000e-06	8.986531e-03	5.431978e+00
2.790000e-06	-8.331907e-03	5.496109e+00
2.800000e-06	3.374541e-03	5.579341e+00
2.810000e-06	1.012360e-02	5.600973e+00
2.820000e-06	1.022823e-02	5.674563e+00
2.830000e-06	-4.887396e-03	5.708212e+00
2.840000e-06	1.222775e-03	5.821099e+00
2.850000e-06	9.873514e-03	5.874587e+00
2.860000e-06	9.143064e-03	6.026719e+00
2.870000e-06	-2.195331e-03	6.001478e+00
2.880000e-06	2.198184e-03	6.043083e+00
2.890000e-06	1.105734e-02	6.104685e+00
2.900000e-06	1.052446e-02	6.167747e+00
2.910000e-06	-1.907270e-04	6.190449e+00
2.920000e-06	2.279485e-03	6.274005e+00
2.930000e-06	9.072896e-03	6.285642e+00
2.940000e-06	9.675829e-03	6.347768e+00
2.950000e-06	1.916099e-03	6.389898e+00
2.960000e-06	2.580660e-03	6.474606e+00
2.970000e-06	9.775276e-03	6.494659e+00
2.980000e-06	1.067149e-02	6.507243e+00
2.990000e-06	3.868212e-03	6.600375e+00
3.000000e-06	2.639352e-03	6.654437e+00
3.010000e-06	1.058440e-02	6.705664e+00
3.020000e-06	1.102348e-02	6.717345e+00
3.030000e-06	6.148052e-03	6.800875e+00
3.040000e-06	3.171421e-03	6.822529e+00
3.050000e-06	1.042627e-02	6.893582e+00
3.060000e-06	1.090284e-02	6.875664e+00
3.070000e-06	6.678717e-03	6.948344e+00
3.080000e-06	4.162929e-03	6.990872e+00
3.090000e-06	1.107604e-02	7.051429e+00
3.100000e-06	1.244037e-02	7.052507e+00
3.110000e-06	9.821034e-03	7.134565e+00
3.120000e-06	6.237641e-03	7.136669e+00
3.130000e-06	1.059329e-02	7.167846e+00
3.140000e-06	1.245850e-02	7.240998e+00
3.150000e-06	9.380475e-03	7.240528e+00
3.160000e-06	6.466091e-03	7.294611e+00
3.170000e-06	1.123336e-02	7.286214e+00
3.180000e-06	1.298897e-02	7.317242e+00
3.190000e-06	1.168100e-02	7.390773e+00
3.200000e-06	9.742024e-03	7.442560e+00
3.210000e-06	1.166872e-02	7.465037e+00
3.220000e-06	1.567489e-02	7.535567e+00
3.230000e-06	1.164675e-02	7.517241e+00
3.240000e-06	1.051368e-02	7.547698e+00
3.250000e-06	1.211370e-02	7.609448e+00
3.260000e-06	1.594847e-02	7.642977e+00
3.270000e-06	1.479215e-02	7.681508e+00
3.280000e-06	1.202312e-02	7.664587e+00
3.290000e-06	1.512480e-02	7.725687e+00
3.300000e-06	1.645862e-02	7.726713e+00
3.310000e-06	1.689616e-02	7.716791e+00
3.320000e-06	1.405513e-02	7.729797e+00
3.330000e-06	1.676537e-02	7.768876e+00
3.340000e-06	1.799006e-02	7.779873e+00
3.350000e-06	1.807998e-02	7.801424e+00
3.360000e-06	1.631539e-02	7.802457e+00
3.370000e-06	1.746811e-02	7.842532e+00
3.380000e-06	1.988894e-02	7.851031e+00
3.390000e-06	1.981660e-02	7.862487e+00
3.400000e-06	2.020573e-02	7.903664e+00
3.410000e-06	1.978377e-02	7.917093e+00
3.420000e-06	2.366660e-02	7.876191e+00
3.430000e-06	2.266226e-02	7.915693e+00
3.440000e-06	2.194356e-02	7.986289e+00
3.450000e-06	2.163641e-02	7.918224e+00
3.460000e-06	2.389420e-02	7.906150e+00
3.470000e-06	2.561249e-02	7.978844e+00
3.480000e-06	2.540398e-02	7.958794e+00
3.490000e-06	2.708378e-02	7.978727e+00
3.500000e-06	2.991305e-02	7.959301e+00
3.510000e-06	2.705788e-02	7.979875e+00
3.520000e-06	3.003345e-02	7.938778e+00
3.530000e-06	2.980433e-02	7.978797e+00
3.540000e-06	3.439823e-02	7.946924e+00
3.550000e-06	3.279091e-02	7.951773e+00
3.560000e-06	3.189589e-02	7.978299e+00
3.570000e-06	3.276299e-02	7.947299e+00
3.580000e-06	3.227258e-02	7.948749e+00
3.590000e-06	3.406165e-02	7.946273e+00
3.600000e-06	3.230622e-02	7.926116e+00
3.610000e-06	3.524699e-02	7.965217e+00
3.620000e-06	3.473283e-02	7.894894e+00
3.630000e-06	3.452737e-02	7.875112e+00
3.640000e-06	3.226031e-02	7.877656e+00
3.650000e-06	3.278744e-02	7.862637e+00
3.660000e-06	2.935193e-02	7.834586e+00
3.670000e-06	2.977494e-02	7.811553e+00
3.680000e-06	2.761698e-02	7.841478e+00
3.690000e-06	2.958839e-02	7.809399e+00
3.700000e-06	2.972089e-02	7.800374e+00
3.710000e-06	2.802825e-02	7.759322e+00
3.720000e-06	2.744506e-02	7.725767e+00
3.730000e-06	2.512765e-02	7.744766e+00
3.740000e-06	2.465792e-02	7.706137e+00
3.750000e-06	2.213114e-02	7.635634e+00
3.760000e-06	2.226311e-02	7.632556e+00
3.770000e-06	2.117621e-02	7.634004e+00
3.780000e-06	2.364195e-02	7.580473e+00
3.790000e-06	2.043049e-02	7.549000e+00
3.800000e-06	2.082976e-02	7.555745e+00
3.810000e-06	1.907808e-02	7.496169e+00
3.820000e-06	2.032543e-02	7.464006e+00
3.830000e-06	1.791197e-02	7.383479e+00
3.840000e-06	1.604295e-02	7.389779e+00
3.850000e-06	1.539614e-02	7.336823e+00
3.860000e-06	1.595112e-02	7.296744e+00
3.870000e-06	1.550423e-02	7.274139e+00
3.880000e-06	1.312078e-02	7.252637e+00
3.890000e-06	1.489871e-02	7.229930e+00
3.900000e-06	1.387482e-02	7.189374e+00
3.910000e-06	1.502962e-02	7.117242e+00
3.920000e-06	1.094135e-02	7.125741e+00
3.930000e-06	1.206489e-02	7.065037e+00
3.940000e-06	1.064034e-02	7.023112e+00
3.950000e-06	1.190485e-02	6.978903e+00
3.960000e-06	9.703660e-03	6.947775e+00
3.970000e-06	1.071423e-02	6.916263e+00
3.980000e-06	9.676159e-03	6.914662e+00
3.990000e-06	1.076387e-02	6.823558e+00
4.000000e-06	8.662368e-03	6.830403e+00
4.010000e-06	8.294394e-03	6.767376e+00
4.020000e-06	8.878775e-03	6.746292e+00
4.030000e-06	8.981888e-03	6.652086e+00
4.040000e-06	8.225775e-03	6.593008e+00
4.050000e-06	5.668415e-03	6.507746e+00
4.060000e-06	6.619648e-03	6.505612e+00
4.070000e-06	8.034826e-03	6.452082e+00
4.080000e-06	5.825782e-03	6.370952e+00
4.090000e-06	6.089381e-03	6.377371e+00
4.100000e-06	5.681500e-03	6.275186e+00
4.110000e-06	6.661225e-03	6.264111e+00
4.120000e-06	5.571119e-03	6.211979e+00
4.130000e-06	4.898097e-03	6.176347e+00
4.140000e-06	4.458560e-03	6.075689e+00
4.150000e-06	5.159898e-03	6.064059e+00
4.160000e-06	4.509977e-03	6.011454e+00
4.170000e-06	4.239338e-03	5.988499e+00
4.180000e-06	3.906844e-03	5.915792e+00
4.190000e-06	4.516785e-03	5.862509e+00
4.200000e-06	4.822453e-03	5.757846e+00
4.210000e-06	4.242401e-03	5.715109e+00
4.220000e-06	2.817614e-03	5.631607e+00
4.230000e-06	3.743073e-03	5.588395e+00
4.240000e-06	4.225756e-03	5.496745e+00
4.250000e-06	2.694517e-03	5.474088e+00
4.260000e-06	2.027657e-03	5.391951e+00
4.270000e-06	2.652376e-03	5.327370e+00
4.280000e-06	3.699019e-03	5.275713e+00
4.290000e-06	2.375138e-03	5.222055e+00
4.300000e-06	2.374316e-03	5.156247e+00
4.310000e-06	2.748824e-03	5.022032e+00
4.320000e-06	3.911967e-03	4.929951e+00
4.330000e-06	2.546539e-03	4.864109e+00
4.340000e-06	1.665648e-03	4.798922e+00
4.350000e-06	2.004286e-03	4.698295e+00
4.360000e-06	1.566717e-03	4.684185e+00
4.370000e-06	1.455109e-03	4.570454e+00
4.380000e-06	3.435133e-04	4.526321e+00
4.390000e-06	2.091167e-03	4.472109e+00
4.400000e-06	2.065721e-03	4.400504e+00
4.410000e-06	1.849425e-03	4.386324e+00
4.420000e-06	1.197009e-03	4.254161e+00
4.430000e-06	1.600883e-03	4.148982e+00
4.440000e-06	2.088190e-03	4.083689e+00
4.450000e-06	-9.032119e-05	4.037953e+00
4.460000e-06	-6.719987e-04	3.917847e+00
4.470000e-06	4.241085e-04	3.833160e+00
4.480000e-06	9.020610e-04	3.800426e+00
4.490000e-06	7.922658e-04	3.714822e+00
4.500000e-06	-5.459510e-05	3.652135e+00
4.510000e-06	8.682277e-04	3.600499e+00
4.520000e-06	1.263514e-03	3.518274e+00
4.530000e-06	-1.834669e-04	3.431664e+00
4.540000e-06	-1.221785e-03	3.365870e+00
4.550000e-06	-6.127973e-04	3.231608e+00
4.560000e-06	3.060739e-05	3.179524e+00
4.570000e-06	-6.448308e-04	3.144816e+00
4.580000e-06	-1.464588e-03	3.002658e+00
4.590000e-06	-8.759413e-04	2.959349e+00
4.600000e-06	-6.740751e-04	2.845687e+00
4.610000e-06	6.802922e-04	2.811028e+00
4.620000e-06	-1.156909e-03	2.768474e+00
4.630000e-06	-9.246645e-04	2.725739e+00
4.640000e-06	-1.740429e-04	2.559897e+00
4.650000e-06	-1.010452e-03	2.412587e+00
4.660000e-06	-1.721093e-03	2.388476e+00
4.670000e-06	-2.640812e-03	2.336316e+00
4.680000e-06	-7.197592e-04	2.211079e+00
4.690000e-06	-1.979678e-03	2.157896e+00
4.700000e-06	-1.759387e-03	2.033635e+00
4.710000e-06	-1.721804e-03	2.031553e+00
4.720000e-06	7.164857e-06	1.947872e+00
4.730000e-06	-1.757713e-03	1.873634e+00
4.740000e-06	-2.939171e-03	1.786527e+00
4.750000e-06	-2.799757e-03	1.646763e+00
4.760000e-06	-2.567448e-03	1.641056e+00
4.770000e-06	-2.633618e-03	1.475342e+00
4.780000e-06	-3.692462e-03	1.390004e+00
4.790000e-06	-2.815190e-03	1.345342e+00
4.800000e-06	-1.809908e-03	1.220613e+00
4.810000e-06	-2.467831e-03	1.138395e+00
4.820000e-06	-3.050152e-03	1.031661e+00
4.830000e-06	-3.148069e-03	8.758167e-01
4.840000e-06	-2.519205e-03	8.215526e-01
4.850000e-06	-3.671210e-03	7.378973e-01
4.860000e-06	-2.960543e-03	6.536854e-01
4.870000e-06	-3.864720e-03	5.605025e-01
4.880000e-06	-3.565966e-03	4.647355e-01
4.890000e-06	-3.988989e-03	4.220538e-01
4.900000e-06	-4.055999e-03	3.294509e-01
4.910000e-06	-2.385150e-03	2.957167e-01
4.920000e-06	-2.960096e-03	1.063997e-01
4.930000e-06	-3.168687e-03	4.210645e-02
4.940000e-06	-3.091212e-03	-2.000288e-02
4.950000e-06	-1.625322e-03	-8.513327e-02
4.960000e-06	5.207258e-04	-1.589199e-01
4.970000e-06	-9.330526e-04	-2.215503e-01
4.980000e-06	-1.808576e-03	-3.267335e-01
4.990000e-06	-3.374547e-03	-3.899486e-01
5.000000e-06	-2.169138e-03	-4.405516e-01
5.010000e-06	-3.048955e-03	-5.163331e-01
5.020000e-06	9.778639e-03	-6.630742e-01
5.030000e-06	5.771172e-02	-7.357924e-01
5.040000e-06	2.112339e-02	-8.300304e-01
5.050000e-06	-5.841934e-02	-9.877674e-01
5.060000e-06	-7.536073e-02	-1.084228e+00
5.070000e-06	-8.462830e-02	-1.158295e+00
5.080000e-06	1.503244e-01	-1.156419e+00
5.090000e-06	-1.935224e-02	-1.232453e+00
5.100000e-06	-1.138047e-01	-1.429823e+00
5.110000e-06	1.410996e-01	-1.435229e+00
5.120000e-06	-3.577856e-02	-1.556259e+00
5.130000e-06	-5.758525e-02	-1.733636e+00
5.140000e-06	8.885910e-02	-1.736291e+00
5.150000e-06	-1.346403e-01	-1.820445e+00
5.160000e-06	-3.300323e-02	-1.894110e+00
5.170000e-06	1.474568e-01	-1.938292e+00
5.180000e-06	-1.071354e-01	-2.051473e+00
5.190000e-06	-1.009265e-02	-2.073183e+00
5.200000e-06	2.853449e-02	-2.160366e+00
5.210000e-06	-3.196188e-02	-2.337661e+00
5.220000e-06	7.557089e-02	-2.452529e+00
5.230000e-06	-1.368139e-01	-2.463082e+00
5.240000e-06	2.431630e-02	-2.607815e+00
5.250000e-06	1.279265e-01	-2.654003e+00
5.260000e-06	-9.950612e-02	-2.726288e+00
5.270000e-06	-1.002784e-02	-2.799447e+00
5.280000e-06	-2.157237e-02	-2.854631e+00
5.290000e-06	3.839686e-02	-2.999390e+00
5.300000e-06	2.546334e-02	-3.065057e+00
5.310000e-06	-1.205193e-01	-3.165717e+00
5.320000e-06	9.231956e-02	-3.221553e+00
5.330000e-06	-1.376742e-02	-3.325211e+00
5.340000e-06	-9.622793e-03	-3.407420e+00
5.350000e-06	-1.776788e-02	-3.452551e+00
5.360000e-06	-5.555853e-02	-3.516188e+00
5.370000e-06	9.603177e-02	-3.609445e+00
5.380000e-06	-6.763301e-02	-3.641578e+00
5.390000e-06	-1.321639e-03	-3.780239e+00
5.400000e-06	-1.198836e-03	-3.881049e+00
5.410000e-06	-4.699505e-03	-3.979195e+00
5.420000e-06	2.778852e-02	-4.020978e+00
5.430000e-06	-7.841323e-02	-4.104082e+00
5.440000e-06	3.847665e-02	-4.136743e+00
5.450000e-06	-7.940213e-03	-4.251329e+00
5.460000e-06	4.853182e-03	-4.284106e+00
5.470000e-06	-2.310375e-02	-4.387716e+00
5.480000e-06	-3.521185e-02	-4.408974e+00
5.490000e-06	4.661022e-02	-4.473603e+00
5.500000e-06	-3.750802e-02	-4.524665e+00
5.510000e-06	-5.235702e-04	-4.600426e+00
5.520000e-06	-2.591108e-02	-4.663602e+00
5.530000e-06	2.256533e-02	-4.757692e+00
5.540000e-06	-3.830889e-03	-4.790499e+00
5.550000e-06	-3.910114e-02	-4.915533e+00
5.560000e-06	3.271842e-03	-4.926290e+00
5.570000e-06	-6.931065e-03	-5.082976e+00
5.580000e-06	1.209050e-02	-5.108183e+00
5.590000e-06	-3.962473e-02	-5.148875e+00
5.600000e-06	-5.982777e-04	-5.242508e+00
5.610000e-06	1.788153e-03	-5.306263e+00
5.620000e-06	-4.190224e-03	-5.432402e+00
5.630000e-06	-2.202791e-02	-5.504088e+00
5.640000e-06	-1.601217e-02	-5.576748e+00
5.650000e-06	1.187454e-02	-5.652929e+00
5.660000e-06	-1.310241e-02	-5.675632e+00
5.670000e-06	-1.442235e-02	-5.778294e+00
5.680000e-06	-2.224845e-02	-5.798926e+00
5.690000e-06	9.243537e-03	-5.853077e+00
5.700000e-06	-1.018207e-02	-5.896791e+00
5.710000e-06	-1.775908e-02	-6.000321e+00
5.720000e-06	-1.572628e-02	-6.019427e+00
5.730000e-06	1.065871e-03	-6.073581e+00
5.740000e-06	-3.138473e-03	-6.148214e+00
5.750000e-06	-2.251912e-02	-6.210378e+00
5.760000e-06	-1.367267e-02	-6.283931e+00
5.770000e-06	-5.576116e-03	-6.345717e+00
5.780000e-06	-2.715588e-03	-6.409296e+00
5.790000e-06	-2.296889e-02	-6.441978e+00
5.800000e-06	-1.425690e-02	-6.463605e+00
5.810000e-06	-6.767180e-03	-6.527195e+00
5.820000e-06	-2.951260e-03	-6.578321e+00
5.830000e-06	-1.917227e-02	-6.631426e+00
5.840000e-06	-1.667465e-02	-6.663028e+00
5.850000e-06	-5.154796e-03	-6.734665e+00
5.860000e-06	-7.369923e-03	-6.745241e+00
5.870000e-06	-1.820415e-02	-6.778823e+00
5.880000e-06	-2.132503e-02	-6.821577e+00
5.890000e-06	-7.400082e-03	-6.863578e+00
5.900000e-06	-9.259121e-03	-6.946137e+00
5.910000e-06	-1.685398e-02	-7.008795e+00
5.920000e-06	-1.999257e-02	-7.020827e+00
5.930000e-06	-9.480563e-03	-7.093431e+00
5.940000e-06	-7.388208e-03	-7.135665e+00
5.950000e-06	-1.785628e-02	-7.147246e+00
5.960000e-06	-2.003828e-02	-7.219874e+00
5.970000e-06	-1.256678e-02	-7.230928e+00
5.980000e-06	-1.011037e-02	-7.283558e+00
5.990000e-06	-1.838801e-02	-7.316087e+00
6.000000e-06	-2.141357e-02	-7.315239e+00
6.010000e-06	-1.403114e-02	-7.368324e+00
6.020000e-06	-1.033307e-02	-7.409374e+00
6.030000e-06	-1.686438e-02	-7.419380e+00
6.040000e-06	-2.123804e-02	-7.454551e+00
6.050000e-06	-1.444225e-02	-7.464060e+00
6.060000e-06	-1.303567e-02	-7.485164e+00
6.070000e-06	-1.920070e-02	-7.537191e+00
6.080000e-06	-2.393679e-02	-7.608294e+00
6.090000e-06	-1.896864e-02	-7.620346e+00
6.100000e-06	-1.519485e-02	-7.632396e+00
6.110000e-06	-1.935788e-02	-7.643532e+00
6.120000e-06	-2.255931e-02	-7.675462e+00
6.130000e-06	-1.836469e-02	-7.725186e+00
6.140000e-06	-1.508216e-02	-7.767142e+00
6.150000e-06	-2.039602e-02	-7.777724e+00
6.160000e-06	-2.551508e-02	-7.799801e+00
6.170000e-06	-2.196769e-02	-7.820300e+00
6.180000e-06	-1.907753e-02	-7.822354e+00
6.190000e-06	-2.190710e-02	-7.801833e+00
6.200000e-06	-2.577222e-02	-7.904008e+00
6.210000e-06	-2.328212e-02	-7.895008e+00
6.220000e-06	-2.046468e-02	-7.916094e+00
6.230000e-06	-2.457693e-02	-7.946719e+00
6.240000e-06	-2.723199e-02	-7.937767e+00
6.250000e-06	-2.657149e-02	-7.967344e+00
6.260000e-06	-2.286845e-02	-7.967245e+00
6.270000e-06	-2.630063e-02	-7.999872e+00
6.280000e-06	-3.062835e-02	-7.978425e+00
6.290000e-06	-2.946888e-02	-7.989449e+00
6.300000e-06	-2.764505e-02	-7.970350e+00
6.310000e-06	-2.974458e-02	-8.000000e+00
6.320000e-06	-3.277708e-02	-8.000899e+00
6.330000e-06	-3.196103e-02	-8.019499e+00
6.340000e-06	-2.978201e-02	-8.000975e+00
6.350000e-06	-3.203531e-02	-8.030976e+00
6.360000e-06	-3.626342e-02	-8.042449e+00
6.370000e-06	-3.694851e-02	-7.991981e+00
6.380000e-06	-3.559872e-02	-8.050974e+00
6.390000e-06	-3.630060e-02	-8.030930e+00
6.400000e-06	-4.208200e-02	-8.012003e+00
6.410000e-06	-3.860537e-02	-8.013479e+00
6.420000e-06	-3.934036e-02	-8.010379e+00
6.430000e-06	-3.771365e-02	-7.988975e+00
6.440000e-06	-4.133015e-02	-7.988729e+00
6.450000e-06	-4.005978e-02	-7.959401e+00
6.460000e-06	-3.527249e-02	-7.980824e+00
6.470000e-06	-3.813116e-02	-7.997849e+00
6.480000e-06	-3.797455e-02	-7.956817e+00
6.490000e-06	-4.250383e-02	-7.917120e+00
6.500000e-06	-3.926378e-02	-7.943642e+00
6.510000e-06	-4.017678e-02	-7.914617e+00
6.520000e-06	-3.990540e-02	-7.874936e+00
6.530000e-06	-3.433291e-02	-7.865437e+00
6.540000e-06	-3.323144e-02	-7.831384e+00
6.550000e-06	-2.533871e-02	-7.842859e+00
6.560000e-06	-3.433540e-02	-7.790323e+00
6.570000e-06	-3.204871e-02	-7.798649e+00
6.580000e-06	-3.549516e-02	-7.758721e+00
6.590000e-06	-3.206342e-02	-7.716216e+00
6.600000e-06	-3.479880e-02	-7.694668e+00
6.610000e-06	-2.873567e-02	-7.692057e+00
6.620000e-06	-2.781583e-02	-7.642454e+00
6.630000e-06	-2.110848e-02	-7.640924e+00
6.640000e-06	-2.530235e-02	-7.569898e+00
6.650000e-06	-2.470246e-02	-7.527742e+00
6.660000e-06	-2.641424e-02	-7.526718e+00
6.670000e-06	-2.735143e-02	-7.504063e+00
6.680000e-06	-2.651695e-02	-7.444561e+00
6.690000e-06	-2.635470e-02	-7.442480e+00
6.700000e-06	-2.085456e-02	-7.420954e+00
6.710000e-06	-2.289677e-02	-7.400296e+00
6.720000e-06	-1.705078e-02	-7.326219e+00
6.730000e-06	-2.206081e-02	-7.327715e+00
6.740000e-06	-1.716112e-02	-7.294637e+00
6.750000e-06	-2.195746e-02	-7.252608e+00
6.760000e-06	-1.796031e-02	-7.223506e+00
6.770000e-06	-2.238669e-02	-7.218923e+00
6.780000e-06	-1.749801e-02	-7.147273e+00
6.790000e-06	-1.871498e-02	-7.107189e+00
6.800000e-06	-1.618258e-02	-7.044486e+00
6.810000e-06	-1.774911e-02	-7.012381e+00
6.820000e-06	-1.593329e-02	-6.970228e+00
6.830000e-06	-1.387412e-02	-6.885716e+00
6.840000e-06	-1.574508e-02	-6.904108e+00
6.850000e-06	-1.492899e-02	-6.840925e+00
6.860000e-06	-1.672564e-02	-6.808926e+00
6.870000e-06	-1.393978e-02	-6.788740e+00
6.880000e-06	-1.602348e-02	-6.705166e+00
6.890000e-06	-1.411957e-02	-6.674634e+00
6.900000e-06	-1.401440e-02	-6.602455e+00
6.910000e-06	-1.331660e-02	-6.568300e+00
6.920000e-06	-1.269212e-02	-6.516792e+00
6.930000e-06	-1.270789e-02	-6.494610e+00
6.940000e-06	-1.227651e-02	-6.452504e+00
6.950000e-06	-1.218497e-02	-6.381975e+00
6.960000e-06	-1.211935e-02	-6.307817e+00
6.970000e-06	-1.259928e-02	-6.274591e+00
6.980000e-06	-1.251404e-02	-6.138971e+00
6.990000e-06	-1.180016e-02	-6.149241e+00
7.000000e-06	-1.124198e-02	-6.023662e+00
7.010000e-06	-1.089419e-02	-6.021453e+00
7.020000e-06	-1.045832e-02	-5.949399e+00
7.030000e-06	-1.032786e-02	-5.898218e+00
7.040000e-06	-1.052983e-02	-5.884588e+00
7.050000e-06	-1.034315e-02	-5.752430e+00
7.060000e-06	-1.072709e-02	-5.737372e+00
7.070000e-06	-9.915414e-03	-5.664613e+00
7.080000e-06	-1.021105e-02	-5.652585e+00
7.090000e-06	-1.010642e-02	-5.629002e+00
7.100000e-06	-9.981278e-03	-5.515746e+00
7.110000e-06	-9.719698e-03	-5.446114e+00
7.120000e-06	-8.897935e-03	-5.389325e+00
7.130000e-06	-9.305638e-03	-5.314134e+00
7.140000e-06	-9.570655e-03	-5.190984e+00
7.150000e-06	-9.244943e-03	-5.126867e+00
7.160000e-06	-8.974300e-03	-5.094637e+00
7.170000e-06	-9.136895e-03	-4.949552e+00
7.180000e-06	-8.647402e-03	-4.905116e+00
7.190000e-06	-8.968154e-03	-4.820981e+00
7.200000e-06	-8.265341e-03	-4.727789e+00
7.210000e-06	-9.456877e-03	-4.663109e+00
7.220000e-06	-8.117418e-03	-4.570426e+00
7.230000e-06	-8.825774e-03	-4.560872e+00
7.240000e-06	-7.788485e-03	-4.493659e+00
7.250000e-06	-7.979664e-03	-4.432928e+00
7.260000e-06	-6.980588e-03	-4.348426e+00
7.270000e-06	-7.912008e-03	-4.305217e+00
7.280000e-06	-8.691599e-03	-4.232531e+00
7.290000e-06	-8.298036e-03	-4.179427e+00
7.300000e-06	-7.648690e-03	-4.095267e+00
7.310000e-06	-7.995383e-03	-4.031603e+00
7.320000e-06	-7.291113e-03	-4.000501e+00
7.330000e-06	-6.608981e-03	-3.907292e+00
7.340000e-06	-6.729945e-03	-3.771004e+00
7.350000e-06	-6.933828e-03	-3.696764e+00
7.360000e-06	-6.657830e-03	-3.662506e+00
7.370000e-06	-7.371018e-03	-3.608398e+00
7.380000e-06	-7.585254e-03	-3.485763e+00
7.390000e-06	-7.458073e-03	-3.432054e+00
7.400000e-06	-7.396403e-03	-3.337894e+00
7.410000e-06	-7.002169e-03	-3.273139e+00
7.420000e-06	-6.064490e-03	-3.220479e+00
7.430000e-06	-5.747316e-03	-3.167271e+00
7.440000e-06	-5.997258e-03	-3.053058e+00
7.450000e-06	-6.015351e-03	-2.895894e+00
7.460000e-06	-5.679540e-03	-2.851131e+00
7.470000e-06	-5.485408e-03	-2.739425e+00
7.480000e-06	-6.624465e-03	-2.725795e+00
7.490000e-06	-6.333886e-03	-2.630581e+00
7.500000e-06	-6.661470e-03	-2.566270e+00
7.510000e-06	-5.925775e-03	-2.452159e+00
7.520000e-06	-5.075984e-03	-2.410502e+00
7.530000e-06	-5.953869e-03	-2.328822e+00
7.540000e-06	-5.047687e-03	-2.221684e+00
7.550000e-06	-5.183756e-03	-2.106744e+00
7.560000e-06	-4.808994e-03	-2.002501e+00
7.570000e-06	-5.527034e-03	-1.959425e+00
7.580000e-06	-5.755605e-03	-1.874742e+00
7.590000e-06	-5.450560e-03	-1.828978e+00
7.600000e-06	-6.428916e-03	-1.726792e+00
7.610000e-06	-5.113633e-03	-1.633138e+00
7.620000e-06	-6.046754e-03	-1.569472e+00
7.630000e-06	-4.197973e-03	-1.526242e+00
7.640000e-06	-5.071429e-03	-1.369903e+00
7.650000e-06	-4.456538e-03	-1.232110e+00
7.660000e-06	-5.104014e-03	-1.137945e+00
7.670000e-06	-4.083982e-03	-1.074186e+00
7.680000e-06	-4.858119e-03	-9.905524e-01
7.690000e-06	-5.470236e-03	-9.342905e-01
7.700000e-06	-5.180495e-03	-8.211053e-01
7.710000e-06	-3.650716e-03	-7.895211e-01
7.720000e-06	-5.174679e-03	-6.847952e-01
7.730000e-06	-4.191469e-03	-5.974234e-01
7.740000e-06	-4.175225e-03	-4.437289e-01
7.750000e-06	-3.114592e-03	-3.979986e-01
7.760000e-06	-3.181488e-03	-3.347942e-01
7.770000e-06	-4.015676e-03	-2.026826e-01
7.780000e-06	-3.759366e-03	-1.584771e-01
7.790000e-06	-3.236997e-03	-4.221265e-02
7.800000e-06	-1.544367e-03	-3.000626e-05
7.810000e-06	1.207187e-03	3.255409e-02
7.820000e-06	-1.699044e-03	1.453902e-01
7.830000e-06	3.758306e-04	2.922094e-01
7.840000e-06	-1.664664e-03	3.778160e-01
7.850000e-06	-2.117850e-03	4.404514e-01
7.860000e-06	3.057335e-04	4.646582e-01
7.870000e-06	4.653038e-03	5.993713e-01
7.880000e-06	3.130009e-02	6.751317e-01
7.890000e-06	4.068252e-02	7.678163e-01
7.900000e-06	-3.315303e-02	8.521282e-01
7.910000e-06	-5.274948e-02	9.398178e-01
7.920000e-06	-7.243494e-02	1.104708e+00
7.930000e-06	1.925649e-02	1.157892e+00
7.940000e-06	1.096764e-01	1.232525e+00
7.950000e-06	-1.088430e-01	1.335685e+00
7.960000e-06	4.969690e-04	1.379026e+00
7.970000e-06	9.960290e-02	1.456815e+00
7.980000e-06	-3.873533e-02	1.735157e+00
7.990000e-06	1.198823e-02	1.696588e+00
8.000000e-06	-1.735818e-02	1.788421e+00
8.010000e-06	-8.339526e-02	1.885161e+00
8.020000e-06	7.163306e-02	1.957367e+00
8.030000e-06	6.284360e-02	2.010951e+00
8.040000e-06	-8.512576e-02	2.092633e+00
8.050000e-06	2.337132e-02	2.167339e+00
8.060000e-06	-1.385089e-02	2.254555e+00
8.070000e-06	5.416542e-02	2.305685e+00
8.080000e-06	-3.476090e-02	2.388868e+00
8.090000e-06	-6.119105e-02	2.472133e+00
8.100000e-06	6.111112e-02	2.565845e+00
8.110000e-06	4.074759e-02	2.652505e+00
8.120000e-06	-3.617710e-02	2.777863e+00
8.130000e-06	-4.203398e-02	2.843055e+00
8.140000e-06	3.057703e-02	2.926136e+00
8.150000e-06	3.051385e-02	2.996873e+00
8.160000e-06	-2.730175e-02	3.083182e+00
8.170000e-06	-1.030437e-02	3.126819e+00
8.180000e-06	2.134580e-02	3.189973e+00
8.190000e-06	3.428683e-03	3.250627e+00
8.200000e-06	1.070190e-02	3.377816e+00
8.210000e-06	-4.368501e-02	3.494107e+00
8.220000e-06	2.462649e-02	3.588346e+00
8.230000e-06	1.207281e-02	3.611552e+00
8.240000e-06	2.377604e-03	3.705136e+00
8.250000e-06	-1.292272e-02	3.759369e+00
8.260000e-06	2.971761e-03	3.873058e+00
8.270000e-06	1.969160e-02	3.946738e+00
8.280000e-06	-1.049993e-02	3.957472e+00
8.290000e-06	-5.429877e-03	4.042049e+00
8.300000e-06	2.733129e-03	4.106737e+00
8.310000e-06	1.517933e-02	4.190848e+00
8.320000e-06	2.541820e-03	4.316665e+00
8.330000e-06	-1.240565e-02	4.399945e+00
8.340000e-06	5.647917e-03	4.440527e+00
8.350000e-06	1.266829e-02	4.515209e+00
8.360000e-06	1.197284e-03	4.577893e+00
8.370000e-06	-6.206111e-03	4.672928e+00
8.380000e-06	1.317615e-03	4.715265e+00
8.390000e-06	1.772034e-02	4.777845e+00
8.400000e-06	-6.449494e-03	4.841552e+00
8.410000e-06	-2.921760e-03	4.947768e+00
8.420000e-06	-2.434389e-04	5.061903e+00
8.430000e-06	1.950063e-02	5.155769e+00
8.440000e-06	6.131394e-04	5.199902e+00
8.450000e-06	-3.721958e-03	5.283132e+00
8.460000e-06	4.207492e-03	5.346736e+00
8.470000e-06	1.313478e-02	5.421402e+00
8.480000e-06	6.615662e-04	5.452679e+00
8.490000e-06	-8.405292e-03	5.585815e+00
8.500000e-06	5.979121e-03	5.587872e+00
8.510000e-06	1.244331e-02	5.631006e+00
8.520000e-06	7.529615e-03	5.686658e+00
8.530000e-06	-4.759628e-03	5.778246e+00
8.540000e-06	6.302664e-03	5.854931e+00
8.550000e-06	9.468026e-03	5.945313e+00
8.560000e-06	6.214399e-03	5.987872e+00
8.570000e-06	-4.725010e-03	6.032003e+00
8.580000e-06	5.341658e-03	6.063684e+00
8.590000e-06	1.163280e-02	6.136192e+00
8.600000e-06	8.691184e-03	6.187821e+00
8.610000e-06	-1.354714e-03	6.229905e+00
8.620000e-06	4.473999e-03	6.283137e+00
8.630000e-06	9.641225e-03	6.336737e+00
8.640000e-06	7.000584e-03	6.368344e+00
8.650000e-06	2.588057e-04	6.409475e+00
8.660000e-06	3.854838e-03	6.453007e+00
8.670000e-06	1.181482e-02	6.506238e+00
8.680000e-06	9.383663e-03	6.558844e+00
8.690000e-06	2.763120e-03	6.661957e+00
8.700000e-06	3.296661e-03	6.673633e+00
8.710000e-06	1.060822e-02	6.747714e+00
8.720000e-06	8.419571e-03	6.788823e+00
8.730000e-06	3.156405e-03	6.810476e+00
8.740000e-06	5.295283e-03	6.874556e+00
8.750000e-06	1.200514e-02	6.865182e+00
8.760000e-06	1.227772e-02	6.906741e+00
8.770000e-06	5.780582e-03	6.966771e+00
8.780000e-06	5.280084e-03	6.990347e+00
8.790000e-06	1.170735e-02	7.053553e+00
8.800000e-06	1.124605e-02	7.103586e+00
8.810000e-06	5.770733e-03	7.104767e+00
8.820000e-06	5.064418e-03	7.166745e+00
8.830000e-06	1.282801e-02	7.178845e+00
8.840000e-06	1.125761e-02	7.220999e+00
8.850000e-06	9.953895e-03	7.263106e+00
8.860000e-06	6.961792e-03	7.265137e+00
8.870000e-06	1.593186e-02	7.346196e+00
8.880000e-06	1.308834e-02	7.358245e+00
8.890000e-06	1.145339e-02	7.401380e+00
8.900000e-06	7.008375e-03	7.453457e+00
8.910000e-06	1.121534e-02	7.504583e+00
8.920000e-06	1.414007e-02	7.517116e+00
8.930000e-06	9.312619e-03	7.525791e+00
8.940000e-06	1.289867e-02	7.606773e+00
8.950000e-06	1.512373e-02	7.602003e+00
8.960000e-06	2.073488e-02	7.602504e+00
8.970000e-06	1.233743e-02	7.653507e+00
8.980000e-06	1.301851e-02	7.675035e+00
8.990000e-06	1.199518e-02	7.724737e+00
9.000000e-06	1.669173e-02	7.746242e+00
9.010000e-06	1.322129e-02	7.747266e+00
9.020000e-06	1.470311e-02	7.767844e+00
9.030000e-06	1.821825e-02	7.777824e+00
9.040000e-06	2.096434e-02	7.799870e+00
9.050000e-06	1.987503e-02	7.849873e+00
9.060000e-06	1.526835e-02	7.832508e+00
9.070000e-06	1.810104e-02	7.865005e+00
9.080000e-06	1.881462e-02	7.863007e+00
9.090000e-06	1.995640e-02	7.853640e+00
9.100000e-06	1.714394e-02	7.958089e+00
9.110000e-06	2.157716e-02	7.924116e+00
9.120000e-06	2.345620e-02	7.918218e+00
9.130000e-06	2.468662e-02	7.927144e+00
9.140000e-06	2.099844e-02	7.918267e+00
9.150000e-06	2.389280e-02	7.927218e+00
9.160000e-06	2.608886e-02	7.978728e+00
9.170000e-06	2.639718e-02	7.988321e+00
9.180000e-06	2.448419e-02	7.948373e+00
9.190000e-06	2.739403e-02	7.958774e+00
9.200000e-06	2.959280e-02	7.979723e+00
9.210000e-06	3.089335e-02	7.969298e+00
9.220000e-06	2.846831e-02	7.989273e+00
9.230000e-06	3.098918e-02	7.997320e+00
9.240000e-06	3.275490e-02	7.928771e+00
9.250000e-06	3.384307e-02	7.971274e+00
9.260000e-06	3.194751e-02	7.969769e+00
9.270000e-06	3.225647e-02	7.979249e+00
9.280000e-06	3.407010e-02	7.948844e+00
9.290000e-06	3.489048e-02	7.909817e+00
9.300000e-06	3.267319e-02	7.937221e+00
9.310000e-06	3.400203e-02	7.917241e+00
9.320000e-06	3.393407e-02	7.896163e+00
9.330000e-06	3.243744e-02	7.915717e+00
9.340000e-06	3.183191e-02	7.865113e+00
9.350000e-06	3.060672e-02	7.852982e+00
9.360000e-06	3.227954e-02	7.832037e+00
9.370000e-06	2.958717e-02	7.803509e+00
9.380000e-06	3.010162e-02	7.781897e+00
9.390000e-06	2.744198e-02	7.789402e+00
9.400000e-06	2.886145e-02	7.768796e+00
9.410000e-06	2.616357e-02	7.746223e+00
9.420000e-06	2.539799e-02	7.757289e+00
9.430000e-06	2.444622e-02	7.714715e+00
9.440000e-06	2.551349e-02	7.694111e+00
9.450000e-06	2.389341e-02	7.642536e+00
9.460000e-06	2.295942e-02	7.661558e+00
9.470000e-06	2.272079e-02	7.621953e+00
9.480000e-06	2.158018e-02	7.589375e+00
9.490000e-06	2.008790e-02	7.576896e+00
9.500000e-06	1.887323e-02	7.527192e+00
9.510000e-06	1.860041e-02	7.483537e+00
9.520000e-06	1.823681e-02	7.444458e+00
9.530000e-06	1.825447e-02	7.432404e+00
9.540000e-06	1.636098e-02	7.379324e+00
9.550000e-06	1.733229e-02	7.336797e+00
9.560000e-06	1.603880e-02	7.317169e+00
9.570000e-06	1.503243e-02	7.274137e+00
9.580000e-06	1.369061e-02	7.241953e+00
9.590000e-06	1.433118e-02	7.200522e+00
9.600000e-06	1.370573e-02	7.189372e+00
9.610000e-06	1.193813e-02	7.128767e+00
9.620000e-06	1.068654e-02	7.094666e+00
9.630000e-06	1.138699e-02	7.044589e+00
9.640000e-06	1.126717e-02	7.050575e+00
9.650000e-06	1.102171e-02	6.979424e+00
9.660000e-06	1.010181e-02	6.967821e+00
9.670000e-06	1.057928e-02	6.924663e+00
9.680000e-06	1.088630e-02	6.864187e+00
9.690000e-06	8.646180e-03	6.852508e+00
9.700000e-06	8.517831e-03	6.809976e+00
9.710000e-06	7.800645e-03	6.749398e+00
9.720000e-06	7.875819e-03	6.675091e+00
9.730000e-06	7.012522e-03	6.641609e+00
9.740000e-06	7.674130e-03	6.599353e+00
9.750000e-06	7.325283e-03	6.518246e+00
9.760000e-06	7.162400e-03	6.482613e+00
9.770000e-06	7.264367e-03	6.402503e+00
9.780000e-06	5.705985e-03	6.369475e+00
9.790000e-06	5.651251e-03	6.327844e+00
9.800000e-06	5.479424e-03	6.244692e+00
9.810000e-06	4.969668e-03	6.242008e+00
9.820000e-06	4.760684e-03	6.189977e+00
9.830000e-06	4.947479e-03	6.118820e+00
9.840000e-06	5.648149e-03	6.084687e+00
9.850000e-06	4.571108e-03	6.053058e+00
9.860000e-06	4.619518e-03	5.991977e+00
9.870000e-06	4.519757e-03	5.938295e+00
9.880000e-06	4.820004e-03	5.885767e+00
9.890000e-06	3.842000e-03	5.811879e+00
9.900000e-06	3.311246e-03	5.708217e+00
9.910000e-06	3.969466e-03	5.633610e+00
9.920000e-06	4.121697e-03	5.609928e+00
9.930000e-06	2.369510e-03	5.527874e+00
9.940000e-06	2.584235e-03	5.486091e+00
9.950000e-06	3.226233e-03	5.461005e+00
9.960000e-06	3.142944e-03	5.379905e+00
9.970000e-06	3.020623e-03	5.317242e+00
9.980000e-06	2.369091e-03	5.233558e+00
9.990000e-06	2.926665e-03	5.199954e+00
1.000000e-05	1.769879e-03	5.127220e+00
1.001000e-05	2.626698e-03	4.983426e+00
1.002000e-05	1.286600e-03	4.925721e+00
1.003000e-05	2.649209e-03	4.862509e+00
1.004000e-05	1.264490e-03	4.778904e+00
1.005000e-05	2.409768e-03	4.717241e+00
1.006000e-05	2.190521e-03	4.631605e+00
1.007000e-05	1.389797e-03	4.579902e+00
1.008000e-05	9.952264e-04	4.486213e+00
1.009000e-05	2.468531e-03	4.433058e+00
1.010000e-05	1.044464e-03	4.398403e+00
1.011000e-05	8.807951e-04	4.317846e+00
1.012000e-05	-2.563429e-04	4.252539e+00
1.013000e-05	4.378230e-04	4.096249e+00
1.014000e-05	1.537865e-03	4.051607e+00
1.015000e-05	1.213253e-03	3.979453e+00
1.016000e-05	3.486814e-04	3.894741e+00
1.017000e-05	1.727423e-03	3.871079e+00
1.018000e-05	8.895840e-04	3.748451e+00
1.019000e-05	5.187470e-04	3.704263e+00
1.020000e-05	-1.367689e-03	3.641082e+00
1.021000e-05	-2.850397e-05	3.560526e+00
1.022000e-05	-5.094298e-04	3.545313e+00
1.023000e-05	-1.040642e-04	3.412082e+00
1.024000e-05	-8.931748e-04	3.286819e+00
1.025000e-05	4.707103e-04	3.219529e+00
1.026000e-05	5.963850e-04	3.159297e+00
1.027000e-05	-5.099245e-06	3.093718e+00
1.028000e-05	-1.135654e-03	3.019578e+00
1.029000e-05	-1.227384e-03	2.916844e+00
1.030000e-05	-6.120450e-04	2.833184e+00
1.031000e-05	-1.326988e-03	2.819478e+00
1.032000e-05	-2.531346e-03	2.728896e+00
1.033000e-05	-8.040804e-04	2.633131e+00
1.034000e-05	-1.179546e-03	2.544293e+00
1.035000e-05	-6.814899e-04	2.432105e+00
1.036000e-05	-2.206798e-03	2.377949e+00
1.037000e-05	-1.388402e-03	2.263739e+00
1.038000e-05	-1.249805e-03	2.230028e+00
1.039000e-05	-1.436799e-03	2.086772e+00
1.040000e-05	-2.385117e-03	2.081131e+00
1.041000e-05	-3.501128e-03	1.999001e+00
1.042000e-05	-2.754661e-03	1.916923e+00
1.043000e-05	-7.982027e-04	1.820656e+00
1.044000e-05	-2.268890e-03	1.728795e+00
1.045000e-05	-1.957226e-03	1.642289e+00
1.046000e-05	-3.182052e-03	1.560478e+00
1.047000e-05	-8.558614e-04	1.445639e+00
1.048000e-05	-2.812603e-03	1.358050e+00
1.049000e-05	-3.803829e-03	1.253739e+00
1.050000e-05	-2.469332e-03	1.181005e+00
1.051000e-05	-2.545289e-03	1.167319e+00
1.052000e-05	-3.082242e-03	9.896028e-01
1.053000e-05	-3.754762e-03	8.727366e-01
1.054000e-05	-3.928208e-03	7.899523e-01
1.055000e-05	-2.087204e-03	7.163159e-01
1.056000e-05	-4.073868e-03	6.621054e-01
1.057000e-05	-3.418282e-03	5.189998e-01
1.058000e-05	-3.685449e-03	4.531828e-01
1.059000e-05	-2.809131e-03	4.010287e-01
1.060000e-05	-4.926409e-03	3.478944e-01
1.061000e-05	-4.523236e-03	2.001813e-01
1.062000e-05	-3.492464e-03	7.429199e-02
1.063000e-05	-2.495898e-03	-8.897431e-03
1.064000e-05	-4.780563e-03	-5.353157e-02
1.065000e-05	-1.752701e-03	-7.583709e-02
1.066000e-05	1.101875e-03	-1.999989e-01
1.067000e-05	-1.022771e-03	-2.541830e-01
1.068000e-05	-1.878849e-03	-3.363673e-01
1.069000e-05	-3.870877e-03	-3.904988e-01
1.070000e-05	-2.692934e-03	-5.241779e-01
1.071000e-05	-1.621408e-03	-5.382897e-01
1.072000e-05	2.207584e-02	-7.136557e-01
1.073000e-05	7.163348e-02	-7.574501e-01
1.074000e-05	-3.016621e-02	-8.831817e-01
1.075000e-05	-5.353853e-02	-1.060970e+00
1.076000e-05	-9.874812e-02	-1.124736e+00
1.077000e-05	8.480489e-03	-1.146896e+00
1.078000e-05	1.401818e-01	-1.158892e+00
1.079000e-05	-1.206183e-01	-1.294610e+00
1.080000e-05	1.634849e-02	-1.464027e+00
1.081000e-05	1.141842e-01	-1.485762e+00
1.082000e-05	-8.174827e-02	-1.617968e+00
1.083000e-05	1.304159e-02	-1.734186e+00
1.084000e-05	2.538651e-02	-1.758344e+00
1.085000e-05	-1.520900e-01	-1.841454e+00
1.086000e-05	8.577121e-02	-1.944215e+00
1.087000e-05	9.394834e-02	-1.968871e+00
1.088000e-05	-1.300664e-01	-2.062510e+00
1.089000e-05	6.032163e-02	-2.106736e+00
1.090000e-05	-2.966934e-02	-2.290924e+00
1.091000e-05	3.512264e-02	-2.400368e+00
1.092000e-05	1.906431e-03	-2.421050e+00
1.093000e-05	-1.373452e-01	-2.514683e+00
1.094000e-05	1.289131e-01	-2.599419e+00
1.095000e-05	4.089938e-02	-2.674707e+00
1.096000e-05	-1.022791e-01	-2.737269e+00
1.097000e-05	1.208651e-02	-2.799996e+00
1.098000e-05	-2.548945e-02	-2.925135e+00
1.099000e-05	8.082764e-02	-3.029472e+00
1.100000e-05	-6.647158e-02	-3.124107e+00
1.101000e-05	-5.200100e-02	-3.198869e+00
1.102000e-05	9.843068e-02	-3.252554e+00
1.103000e-05	-5.865143e-02	-3.336241e+00
1.104000e-05	2.533745e-02	-3.419900e+00
1.105000e-05	-7.052346e-02	-3.463056e+00
1.106000e-05	2.429298e-02	-3.546216e+00
1.107000e-05	5.552431e-02	-3.609998e+00
1.108000e-05	-8.033185e-02	-3.714585e+00
1.109000e-05	3.146111e-02	-3.728393e+00
1.110000e-05	-3.271758e-02	-3.904532e+00
1.111000e-05	3.413600e-02	-3.999371e+00
1.112000e-05	-2.452832e-02	-4.013052e+00
1.113000e-05	-4.628602e-02	-4.095136e+00
1.114000e-05	4.597879e-02	-4.167815e+00
1.115000e-05	-2.629504e-02	-4.253478e+00
1.116000e-05	2.085970e-02	-4.295190e+00
1.117000e-05	-5.655998e-02	-4.348794e+00
1.118000e-05	1.385090e-02	-4.421020e+00
1.119000e-05	1.782980e-02	-4.474655e+00
1.120000e-05	-3.424554e-02	-4.547794e+00
1.121000e-05	-7.395346e-04	-4.640924e+00
1.122000e-05	-2.532462e-02	-4.704185e+00
1.123000e-05	3.758965e-02	-4.778870e+00
1.124000e-05	-3.658037e-02	-4.833070e+00
1.125000e-05	-1.692126e-02	-4.924637e+00
1.126000e-05	-2.558744e-03	-4.957924e+00
1.127000e-05	6.762889e-03	-5.064006e+00
1.128000e-05	-5.724648e-03	-5.127717e+00
1.129000e-05	-3.734815e-02	-5.232868e+00
1.130000e-05	1.061835e-02	-5.242602e+00
1.131000e-05	-4.858157e-03	-5.377813e+00
1.132000e-05	-6.178743e-03	-5.473458e+00
1.133000e-05	-3.186226e-02	-5.567171e+00
1.134000e-05	1.524029e-03	-5.600394e+00
1.135000e-05	2.713458e-03	-5.653082e+00
1.136000e-05	-1.298475e-02	-5.706736e+00
1.137000e-05	-2.105498e-02	-5.798344e+00
1.138000e-05	-9.778964e-03	-5.810477e+00
1.139000e-05	8.522618e-03	-5.915158e+00
1.140000e-05	-1.794156e-02	-5.956743e+00
1.141000e-05	-1.682009e-02	-5.978419e+00
1.142000e-05	-1.382848e-02	-6.031977e+00
1.143000e-05	5.107768e-03	-6.096057e+00
1.144000e-05	-1.448522e-02	-6.167820e+00
1.145000e-05	-2.072673e-02	-6.222482e+00
1.146000e-05	-1.073614e-02	-6.292684e+00
1.147000e-05	-1.196793e-03	-6.357717e+00
1.148000e-05	-9.139484e-03	-6.389945e+00
1.149000e-05	-2.269121e-02	-6.443678e+00
1.150000e-05	-8.845822e-03	-6.464633e+00
1.151000e-05	-4.469053e-03	-6.568291e+00
1.152000e-05	-8.640408e-03	-6.609896e+00
1.153000e-05	-2.327703e-02	-6.631455e+00
1.154000e-05	-1.163075e-02	-6.672681e+00
1.155000e-05	-4.856294e-03	-6.748712e+00
1.156000e-05	-9.612976e-03	-6.775792e+00
1.157000e-05	-2.033173e-02	-6.800925e+00
1.158000e-05	-1.485178e-02	-6.842552e+00
1.159000e-05	-4.680755e-03	-6.863110e+00
1.160000e-05	-1.155885e-02	-6.966190e+00
1.161000e-05	-1.990958e-02	-6.948324e+00
1.162000e-05	-1.704398e-02	-7.031902e+00
1.163000e-05	-6.684582e-03	-7.114081e+00
1.164000e-05	-1.234109e-02	-7.115242e+00
1.165000e-05	-2.002765e-02	-7.189824e+00
1.166000e-05	-1.697425e-02	-7.200001e+00
1.167000e-05	-9.077193e-03	-7.221504e+00
1.168000e-05	-1.199469e-02	-7.275008e+00
1.169000e-05	-2.001380e-02	-7.325638e+00
1.170000e-05	-1.757338e-02	-7.355794e+00
1.171000e-05	-1.120630e-02	-7.368320e+00
1.172000e-05	-1.316420e-02	-7.429375e+00
1.173000e-05	-2.120157e-02	-7.421428e+00
1.174000e-05	-1.908830e-02	-7.472008e+00
1.175000e-05	-1.328600e-02	-7.514161e+00
1.176000e-05	-1.451089e-02	-7.516740e+00
1.177000e-05	-2.167718e-02	-7.557343e+00
1.178000e-05	-2.101122e-02	-7.598245e+00
1.179000e-05	-1.475504e-02	-7.608399e+00
1.180000e-05	-1.571135e-02	-7.660527e+00
1.181000e-05	-2.174980e-02	-7.701484e+00
1.182000e-05	-2.216334e-02	-7.695108e+00
1.183000e-05	-1.738367e-02	-7.697590e+00
1.184000e-05	-1.751828e-02	-7.747167e+00
1.185000e-05	-2.385886e-02	-7.778819e+00
1.186000e-05	-2.424511e-02	-7.781830e+00
1.187000e-05	-1.919524e-02	-7.820850e+00
1.188000e-05	-1.944687e-02	-7.832984e+00
1.189000e-05	-2.454136e-02	-7.853483e+00
1.190000e-05	-2.487100e-02	-7.864541e+00
1.191000e-05	-2.259607e-02	-7.894566e+00
1.192000e-05	-2.202480e-02	-7.936191e+00
1.193000e-05	-2.710350e-02	-7.925217e+00
1.194000e-05	-2.839217e-02	-7.927767e+00
1.195000e-05	-2.457660e-02	-7.956822e+00
1.196000e-05	-2.449934e-02	-7.976326e+00
1.197000e-05	-2.868776e-02	-7.969295e+00
1.198000e-05	-3.010992e-02	-7.967873e+00
1.199000e-05	-2.721699e-02	-8.028873e+00
1.200000e-05	-2.697417e-02	-7.981949e+00
1.201000e-05	-3.209930e-02	-8.010875e+00
1.202000e-05	-3.367809e-02	-8.050426e+00
1.203000e-05	-3.166736e-02	-8.020527e+00
1.204000e-05	-3.161683e-02	-8.011352e+00
1.205000e-05	-3.459844e-02	-8.012025e+00
1.206000e-05	-3.711395e-02	-8.032975e+00
1.207000e-05	-3.570870e-02	-8.031478e+00
1.208000e-05	-3.458190e-02	-8.010973e+00
1.209000e-05	-3.786777e-02	-8.012475e+00
1.210000e-05	-4.007374e-02	-7.990427e+00
1.211000e-05	-3.912097e-02	-8.021896e+00
1.212000e-05	-3.748097e-02	-7.991478e+00
1.213000e-05	-4.072070e-02	-8.041480e+00
1.214000e-05	-4.062820e-02	-8.008898e+00
1.215000e-05	-3.914905e-02	-7.999451e+00
1.216000e-05	-3.791555e-02	-7.957796e+00
1.217000e-05	-3.858197e-02	-7.957224e+00
1.218000e-05	-3.986416e-02	-7.957670e+00
1.219000e-05	-3.836466e-02	-7.944667e+00
1.220000e-05	-3.678895e-02	-7.885566e+00
1.221000e-05	-3.766813e-02	-7.903660e+00
1.222000e-05	-3.727225e-02	-7.875642e+00
1.223000e-05	-3.614932e-02	-7.863555e+00
1.224000e-05	-3.330457e-02	-7.820935e+00
1.225000e-05	-3.339623e-02	-7.771475e+00
1.226000e-05	-3.264248e-02	-7.780824e+00
1.227000e-05	-3.204025e-02	-7.729444e+00
1.228000e-05	-2.987667e-02	-7.747197e+00
1.229000e-05	-3.172318e-02	-7.675707e+00
1.230000e-05	-3.042153e-02	-7.745037e+00
1.231000e-05	-2.939974e-02	-7.621577e+00
1.232000e-05	-2.759802e-02	-7.611484e+00
1.233000e-05	-2.745651e-02	-7.619849e+00
1.234000e-05	-2.714870e-02	-7.558347e+00
1.235000e-05	-2.526667e-02	-7.526269e+00
1.236000e-05	-2.419597e-02	-7.473741e+00
1.237000e-05	-2.444419e-02	-7.475611e+00
1.238000e-05	-2.495362e-02	-7.453056e+00
1.239000e-05	-2.347553e-02	-7.440982e+00
1.240000e-05	-2.145316e-02	-7.379896e+00
1.241000e-05	-2.160068e-02	-7.358247e+00
1.242000e-05	-2.221812e-02	-7.377219e+00
1.243000e-05	-2.045238e-02	-7.304163e+00
1.244000e-05	-1.917197e-02	-7.265135e+00
1.245000e-05	-1.971810e-02	-7.253507e+00
1.246000e-05	-2.014138e-02	-7.218953e+00
1.247000e-05	-1.875096e-02	-7.168949e+00
1.248000e-05	-1.706241e-02	-7.158224e+00
1.249000e-05	-1.800347e-02	-7.067218e+00
1.250000e-05	-1.757419e-02	-7.032935e+00
1.251000e-05	-1.629959e-02	-6.979830e+00
1.252000e-05	-1.477871e-02	-6.967245e+00
1.253000e-05	-1.542468e-02	-6.896642e+00
1.254000e-05	-1.675940e-02	-6.843036e+00
1.255000e-05	-1.523698e-02	-6.830526e+00
1.256000e-05	-1.455910e-02	-6.808349e+00
1.257000e-05	-1.406417e-02	-6.706245e+00
1.258000e-05	-1.428672e-02	-6.674160e+00
1.259000e-05	-1.374672e-02	-6.641981e+00
1.260000e-05	-1.305353e-02	-6.569481e+00
1.261000e-05	-1.182230e-02	-6.536317e+00
1.262000e-05	-1.306328e-02	-6.524166e+00
1.263000e-05	-1.349405e-02	-6.443060e+00
1.264000e-05	-1.327446e-02	-6.421475e+00
1.265000e-05	-1.155569e-02	-6.418874e+00
1.266000e-05	-1.241664e-02	-6.346167e+00
1.267000e-05	-1.228877e-02	-6.254633e+00
1.268000e-05	-1.152005e-02	-6.169428e+00
1.269000e-05	-1.064891e-02	-6.127192e+00
1.270000e-05	-1.114401e-02	-6.053583e+00
1.271000e-05	-1.148459e-02	-6.021353e+00
1.272000e-05	-1.214193e-02	-5.967971e+00
1.273000e-05	-9.962257e-03	-5.916715e+00
1.274000e-05	-1.154954e-02	-5.864060e+00
1.275000e-05	-1.055133e-02	-5.791455e+00
1.276000e-05	-1.114505e-02	-5.747216e+00
1.277000e-05	-8.180791e-03	-5.664661e+00
1.278000e-05	-1.071994e-02	-5.621083e+00
1.279000e-05	-1.075888e-02	-5.569427e+00
1.280000e-05	-9.148819e-03	-5.536743e+00
1.281000e-05	-8.265414e-03	-5.382558e+00
1.282000e-05	-9.721144e-03	-5.319696e+00
1.283000e-05	-1.047297e-02	-5.244987e+00
1.284000e-05	-1.042115e-02	-5.198923e+00
1.285000e-05	-7.587785e-03	-5.105717e+00
1.286000e-05	-9.200593e-03	-5.041108e+00
1.287000e-05	-9.027035e-03	-5.009348e+00
1.288000e-05	-8.596934e-03	-4.872158e+00
1.289000e-05	-7.049609e-03	-4.768351e+00
1.290000e-05	-8.976313e-03	-4.693670e+00
1.291000e-05	-9.505247e-03	-4.652080e+00
1.292000e-05	-8.763399e-03	-4.609400e+00
1.293000e-05	-7.587388e-03	-4.506220e+00
1.294000e-05	-8.323105e-03	-4.463637e+00
1.295000e-05	-8.582499e-03	-4.420528e+00
1.296000e-05	-7.790894e-03	-4.316821e+00
1.297000e-05	-6.063053e-03	-4.316211e+00
1.298000e-05	-7.264891e-03	-4.231534e+00
1.299000e-05	-8.535657e-03	-4.157374e+00
1.300000e-05	-8.249505e-03	-4.073263e+00
1.301000e-05	-6.412823e-03	-4.031030e+00
1.302000e-05	-7.220473e-03	-3.957847e+00
1.303000e-05	-7.761509e-03	-3.864187e+00
1.304000e-05	-7.680199e-03	-3.779475e+00
1.305000e-05	-6.242922e-03	-3.653612e+00
1.306000e-05	-6.306886e-03	-3.600475e+00
1.307000e-05	-8.129534e-03	-3.517746e+00
1.308000e-05	-7.475607e-03	-3.464213e+00
1.309000e-05	-5.298170e-03	-3.401479e+00
1.310000e-05	-6.313405e-03	-3.314866e+00
1.311000e-05	-6.162590e-03	-3.252010e+00
1.312000e-05	-7.365992e-03	-3.179926e+00
1.313000e-05	-5.930119e-03	-3.135792e+00
1.314000e-05	-6.678771e-03	-2.992029e+00
1.315000e-05	-7.291222e-03	-2.872639e+00
1.316000e-05	-6.673067e-03	-2.821054e+00
1.317000e-05	-5.920943e-03	-2.766371e+00
1.318000e-05	-6.020722e-03	-2.695215e+00
1.319000e-05	-6.005189e-03	-2.590952e+00
1.320000e-05	-6.580864e-03	-2.495319e+00
1.321000e-05	-5.327418e-03	-2.442057e+00
1.322000e-05	-5.607062e-03	-2.380474e+00
1.323000e-05	-6.182248e-03	-2.326293e+00
1.324000e-05	-6.666947e-03	-2.190897e+00
1.325000e-05	-5.283484e-03	-2.055161e+00
1.326000e-05	-5.078999e-03	-2.030454e+00
1.327000e-05	-6.098563e-03	-1.947893e+00
1.328000e-05	-4.822714e-03	-1.863683e+00
1.329000e-05	-5.366339e-03	-1.779402e+00
1.330000e-05	-4.455471e-03	-1.695314e+00
1.331000e-05	-5.667571e-03	-1.640534e+00
1.332000e-05	-5.513268e-03	-1.568475e+00
1.333000e-05	-5.257653e-03	-1.413616e+00
1.334000e-05	-4.849437e-03	-1.354724e+00
1.335000e-05	-6.061960e-03	-1.210000e+00
1.336000e-05	-5.028483e-03	-1.105847e+00
1.337000e-05	-4.723249e-03	-1.012582e+00
1.338000e-05	-3.941682e-03	-9.884211e-01
1.339000e-05	-4.420146e-03	-8.732641e-01
1.340000e-05	-4.341942e-03	-8.305000e-01
1.341000e-05	-4.507088e-03	-7.168922e-01
1.342000e-05	-4.508378e-03	-6.625615e-01
1.343000e-05	-3.708156e-03	-4.858368e-01
1.344000e-05	-3.843815e-03	-4.125550e-01
1.345000e-05	-4.597478e-03	-3.579722e-01
1.346000e-05	-4.219150e-03	-2.627864e-01
1.347000e-05	-3.134714e-03	-2.104023e-01
1.348000e-05	-3.406154e-03	-1.363443e-01
1.349000e-05	-3.313873e-03	-4.118126e-02
1.350000e-05	7.995980e-04	2.152526e-02
1.351000e-05	3.071746e-03	1.032043e-01
1.352000e-05	-8.047447e-04	2.100015e-01
1.353000e-05	-1.517979e-03	3.656583e-01
1.354000e-05	-2.873649e-03	3.789700e-01
1.355000e-05	-1.542285e-03	4.631017e-01
1.356000e-05	6.963552e-04	5.052399e-01
1.357000e-05	1.127631e-02	6.099977e-01
1.358000e-05	4.447316e-02	6.957585e-01
1.359000e-05	1.680811e-02	8.109951e-01
1.360000e-05	-4.345935e-02	8.736547e-01
1.361000e-05	-5.778595e-02	1.067918e+00
1.362000e-05	-6.552498e-02	1.124665e+00
1.363000e-05	9.147466e-02	1.177995e+00
1.364000e-05	2.996518e-02	1.294132e+00
1.365000e-05	-1.268901e-01	1.357891e+00
1.366000e-05	1.035863e-01	1.411125e+00
1.367000e-05	2.324034e-02	1.608870e+00
1.368000e-05	-3.432519e-02	1.675781e+00
1.369000e-05	3.363505e-02	1.767744e+00
1.370000e-05	-6.622639e-02	1.820997e+00
1.371000e-05	-3.569879e-02	1.936162e+00
1.372000e-05	1.094901e-01	1.956792e+00
1.373000e-05	-1.934151e-02	2.033078e+00
1.374000e-05	-5.309235e-02	2.105661e+00
1.375000e-05	1.964389e-02	2.200921e+00
1.376000e-05	-2.379105e-03	2.285208e+00
1.377000e-05	5.034340e-02	2.296767e+00
1.378000e-05	-7.450283e-02	2.398896e+00
1.379000e-05	-1.102661e-02	2.502230e+00
1.380000e-05	6.496266e-02	2.578844e+00
1.381000e-05	1.826443e-02	2.715109e+00
1.382000e-05	-4.904839e-02	2.810473e+00
1.383000e-05	-1.905691e-02	2.862581e+00
1.384000e-05	4.058055e-02	2.926790e+00
1.385000e-05	1.234639e-02	3.009974e+00
1.386000e-05	-3.819168e-02	3.135135e+00
1.387000e-05	1.152393e-02	3.168796e+00
1.388000e-05	9.665859e-03	3.210476e+00
1.389000e-05	1.423789e-02	3.293634e+00
1.390000e-05	-1.262885e-02	3.388370e+00
1.391000e-05	-2.720817e-02	3.566214e+00
1.392000e-05	3.361691e-02	3.609444e+00
1.393000e-05	7.107097e-04	3.643079e+00
1.394000e-05	4.794760e-04	3.735740e+00
1.395000e-05	-1.919600e-02	3.821349e+00
1.396000e-05	1.835979e-02	3.883160e+00
1.397000e-05	6.695839e-03	3.967240e+00
1.398000e-05	-9.021562e-03	3.988945e+00
1.399000e-05	-3.383031e-03	4.052559e+00
1.400000e-05	9.333917e-03	4.108290e+00
1.401000e-05	1.269370e-02	4.292558e+00
1.402000e-05	-3.974762e-03	4.335318e+00
1.403000e-05	-1.130996e-02	4.410973e+00
1.404000e-05	1.299752e-02	4.492056e+00
1.405000e-05	5.691517e-03	4.506642e+00
1.406000e-05	-3.831178e-04	4.620373e+00
1.407000e-05	-8.641269e-03	4.665105e+00
1.408000e-05	1.310130e-02	4.747236e+00
1.409000e-05	8.918952e-03	4.789448e+00
1.410000e-05	-4.622081e-03	4.882578e+00
1.411000e-05	-2.300045e-03	4.969244e+00
1.412000e-05	7.330539e-03	5.112933e+00
1.413000e-05	1.370782e-02	5.180220e+00
1.414000e-05	-5.824734e-03	5.242977e+00
1.415000e-05	7.878505e-05	5.346184e+00
1.416000e-05	5.868223e-03	5.388845e+00
1.417000e-05	1.313924e-02	5.381953e+00
1.418000e-05	-5.050140e-03	5.465112e+00
1.419000e-05	-3.513649e-04	5.557216e+00
1.420000e-05	8.350924e-03	5.580448e+00
1.421000e-05	1.240942e-02	5.663028e+00
1.422000e-05	-6.696056e-04	5.726735e+00
1.423000e-05	-1.562791e-03	5.801847e+00
1.424000e-05	7.878865e-03	5.915060e+00
1.425000e-05	1.038538e-02	5.976842e+00
1.426000e-05	1.284801e-03	6.019441e+00
1.427000e-05	-8.378945e-04	6.023053e+00
1.428000e-05	8.214435e-03	6.134612e+00
1.429000e-05	1.090570e-02	6.136718e+00
1.430000e-05	2.670673e-03	6.180899e+00
1.431000e-05	-7.944477e-04	6.312432e+00
1.432000e-05	8.755709e-03	6.264614e+00
1.433000e-05	1.069826e-02	6.307745e+00
1.434000e-05	5.467263e-03	6.409844e+00
1.435000e-05	5.451003e-04	6.474078e+00
1.436000e-05	8.166934e-03	6.456661e+00
1.437000e-05	9.967649e-03	6.527267e+00
1.438000e-05	5.478041e-03	6.630295e+00
1.439000e-05	1.075085e-03	6.613957e+00
1.440000e-05	8.012994e-03	6.685563e+00
1.441000e-05	1.229070e-02	6.747316e+00
1.442000e-05	8.214150e-03	6.810395e+00
1.443000e-05	2.692228e-03	6.851474e+00
1.444000e-05	8.439183e-03	6.882661e+00
1.445000e-05	1.040514e-02	6.906190e+00
1.446000e-05	6.975865e-03	6.947189e+00
1.447000e-05	3.119433e-03	6.958820e+00
1.448000e-05	8.090484e-03	7.011954e+00
1.449000e-05	1.272272e-02	7.062507e+00
1.450000e-05	9.702471e-03	7.105087e+00
1.451000e-05	5.724647e-03	7.135691e+00
1.452000e-05	9.457141e-03	7.218268e+00
1.453000e-05	1.250465e-02	7.189897e+00
1.454000e-05	9.277136e-03	7.241974e+00
1.455000e-05	6.974942e-03	7.273532e+00
1.456000e-05	9.336452e-03	7.316166e+00
1.457000e-05	1.415759e-02	7.316171e+00
1.458000e-05	1.102176e-02	7.370222e+00
1.459000e-05	9.319235e-03	7.439376e+00
1.460000e-05	1.037110e-02	7.494461e+00
1.461000e-05	1.523754e-02	7.493558e+00
1.462000e-05	1.152032e-02	7.555242e+00
1.463000e-05	1.090313e-02	7.568241e+00
1.464000e-05	1.246070e-02	7.581299e+00
1.465000e-05	1.607971e-02	7.640027e+00
1.466000e-05	1.439377e-02	7.611979e+00
1.467000e-05	1.150732e-02	7.694488e+00
1.468000e-05	1.409793e-02	7.683083e+00
1.469000e-05	1.634419e-02	7.716191e+00
1.470000e-05	1.672180e-02	7.737244e+00
1.471000e-05	1.384530e-02	7.727224e+00
1.472000e-05	1.617380e-02	7.758271e+00
1.473000e-05	1.806738e-02	7.800398e+00
1.474000e-05	1.856207e-02	7.820902e+00
1.475000e-05	1.628846e-02	7.831924e+00
1.476000e-05	1.776493e-02	7.830034e+00
1.477000e-05	1.890217e-02	7.863883e+00
1.478000e-05	2.032536e-02	7.894541e+00
1.479000e-05	1.969191e-02	7.893105e+00
1.480000e-05	2.012582e-02	7.895185e+00
1.481000e-05	2.151222e-02	7.926142e+00
1.482000e-05	2.365332e-02	7.905113e+00
1.483000e-05	2.196757e-02	7.956747e+00
1.484000e-05	2.331678e-02	7.906769e+00
1.485000e-05	2.446022e-02	7.928165e+00
1.486000e-05	2.754268e-02	7.940171e+00
1.487000e-05	2.549870e-02	7.928820e+00
1.488000e-05	2.540069e-02	7.970304e+00
1.489000e-05	2.744081e-02	7.998803e+00
1.490000e-05	2.931665e-02	7.979348e+00
1.491000e-05	2.994630e-02	7.978348e+00
1.492000e-05	3.033384e-02	7.948854e+00
1.493000e-05	3.193678e-02	7.948478e+00
1.494000e-05	3.241230e-02	7.958721e+00
1.495000e-05	3.266085e-02	7.938273e+00
1.496000e-05	3.154092e-02	7.977893e+00
1.497000e-05	3.317319e-02	7.939803e+00
1.498000e-05	3.502256e-02	7.927294e+00
1.499000e-05	3.454304e-02	7.957171e+00
1.500000e-05	3.344244e-02	7.917670e+00
1.501000e-05	3.365612e-02	7.955140e+00
1.502000e-05	3.424943e-02	7.885662e+00
1.503000e-05	3.192075e-02	7.855640e+00
1.504000e-05	3.127387e-02	7.895663e+00
1.505000e-05	3.068624e-02	7.843583e+00
1.506000e-05	3.171931e-02	7.882954e+00
1.507000e-05	2.973934e-02	7.842904e+00
1.508000e-05	2.920095e-02	7.801454e+00
1.509000e-05	2.785333e-02	7.769349e+00
1.510000e-05	2.831700e-02	7.758273e+00
1.511000e-05	2.649968e-02	7.746697e+00
1.512000e-05	2.525262e-02	7.718191e+00
1.513000e-05	2.451878e-02	7.715116e+00
1.514000e-05	2.455655e-02	7.683585e+00
1.515000e-05	2.366585e-02	7.662631e+00
1.516000e-05	2.188528e-02	7.611979e+00
1.517000e-05	2.096093e-02	7.611879e+00
1.518000e-05	2.115295e-02	7.557379e+00
1.519000e-05	2.042861e-02	7.536842e+00
1.520000e-05	1.873745e-02	7.534642e+00
1.521000e-05	1.870705e-02	7.445069e+00
1.522000e-05	1.863282e-02	7.424354e+00
1.523000e-05	1.810074e-02	7.428883e+00
1.524000e-05	1.573449e-02	7.366845e+00
1.525000e-05	1.509259e-02	7.304721e+00
1.526000e-05	1.541471e-02	7.305663e+00
1.527000e-05	1.502190e-02	7.244632e+00
1.528000e-05	1.466385e-02	7.190875e+00
1.529000e-05	1.286849e-02	7.198924e+00
1.530000e-05	1.379839e-02	7.146321e+00
1.531000e-05	1.354293e-02	7.106719e+00
1.532000e-05	1.140919e-02	7.095688e+00
1.533000e-05	1.117747e-02	7.033609e+00
1.534000e-05	1.036803e-02	6.988977e+00
1.535000e-05	1.096853e-02	6.949349e+00
1.536000e-05	1.105156e-02	6.918215e+00
1.537000e-05	9.305328e-03	6.874712e+00
1.538000e-05	1.040598e-02	6.863061e+00
1.539000e-05	9.299748e-03	6.840033e+00
1.540000e-05	8.235858e-03	6.779900e+00
1.541000e-05	9.376296e-03	6.708245e+00
1.542000e-05	6.070137e-03	6.675237e+00
1.543000e-05	8.905811e-03	6.583409e+00
1.544000e-05	6.824992e-03	6.547803e+00
1.545000e-05	7.850207e-03	6.503062e+00
1.546000e-05	8.238131e-03	6.453533e+00
1.547000e-05	6.712682e-03	6.370903e+00
1.548000e-05	6.695557e-03	6.357798e+00
1.549000e-05	4.499830e-03	6.285216e+00
1.550000e-05	5.508374e-03	6.265662e+00
1.551000e-05	3.871626e-03	6.230403e+00
1.552000e-05	6.690219e-03	6.138951e+00
1.553000e-05	6.434932e-03	6.116194e+00
1.554000e-05	5.447585e-03	6.073612e+00
1.555000e-05	5.209843e-03	6.032030e+00
1.556000e-05	4.861327e-03	5.991450e+00
1.557000e-05	4.035786e-03	5.946819e+00
1.558000e-05	2.864137e-03	5.793662e+00
1.559000e-05	3.697115e-03	5.758400e+00
1.560000e-05	3.278847e-03	5.716164e+00
1.561000e-05	5.579723e-03	5.653059e+00
1.562000e-05	3.412109e-03	5.569976e+00
1.563000e-05	4.137839e-03	5.526269e+00
1.564000e-05	2.878636e-03	5.483688e+00
1.565000e-05	3.274631e-03	5.442030e+00
1.566000e-05	2.430108e-03	5.349349e+00
1.567000e-05	2.343948e-03	5.276638e+00
1.568000e-05	2.282178e-03	5.200654e+00
1.569000e-05	3.288638e-03	5.097849e+00
1.570000e-05	2.759665e-03	5.053134e+00
1.571000e-05	2.626307e-03	4.956844e+00
1.572000e-05	3.336791e-03	4.884637e+00
1.573000e-05	1.969287e-03	4.819504e+00
1.574000e-05	2.531677e-03	4.728422e+00
1.575000e-05	9.740561e-04	4.683660e+00
1.576000e-05	2.686736e-03	4.601057e+00
1.577000e-05	1.086189e-03	4.546849e+00
1.578000e-05	1.500666e-03	4.443084e+00
1.579000e-05	4.437890e-04	4.451554e+00
1.580000e-05	1.586338e-03	4.378924e+00
1.581000e-05	6.250166e-04	4.276217e+00
1.582000e-05	1.496104e-03	4.172401e+00
1.583000e-05	2.546373e-04	4.065113e+00
1.584000e-05	1.405083e-03	4.041555e+00
1.585000e-05	3.110971e-04	3.948423e+00
1.586000e-05	1.176352e-03	3.865210e+00
1.587000e-05	-6.002830e-04	3.881033e+00
1.588000e-05	3.625672e-04	3.728445e+00
1.589000e-05	9.147177e-05	3.643035e+00
1.590000e-05	7.336698e-04	3.621055e+00
1.591000e-05	-3.678230e-04	3.538400e+00
1.592000e-05	-2.816395e-04	3.483639e+00
1.593000e-05	-3.641918e-04	3.318371e+00
1.594000e-05	8.314972e-04	3.284059e+00
1.595000e-05	-9.048764e-04	3.189479e+00
1.596000e-05	-1.125425e-03	3.097319e+00
1.597000e-05	-2.399285e-04	3.053084e+00
1.598000e-05	-1.326614e-03	3.009502e+00
1.599000e-05	-4.842504e-04	2.886218e+00
1.600000e-05	-1.389441e-03	2.841560e+00
1.601000e-05	-6.104299e-04	2.789476e+00
1.602000e-05	-1.176088e-03	2.675293e+00
1.603000e-05	-1.390476e-03	2.600984e+00
1.604000e-05	-1.654112e-03	2.474796e+00
1.605000e-05	-1.526003e-03	2.390426e+00
1.606000e-05	-1.270878e-03	2.316869e+00
1.607000e-05	-1.527267e-03	2.221628e+00
1.608000e-05	-2.030010e-03	2.189451e+00
1.609000e-05	-2.016238e-03	2.083712e+00
1.610000e-05	-2.108705e-03	2.011056e+00
1.611000e-05	-1.295131e-03	1.967927e+00
1.612000e-05	-2.451829e-03	1.854293e+00
1.613000e-05	-1.813608e-03	1.780581e+00
1.614000e-05	-2.322407e-03	1.723770e+00
1.615000e-05	-1.858498e-03	1.592632e+00
1.616000e-05	-2.701485e-03	1.544267e+00
1.617000e-05	-2.358644e-03	1.420135e+00
1.618000e-05	-3.386433e-03	1.369394e+00
1.619000e-05	-2.431614e-03	1.243661e+00
1.620000e-05	-2.109399e-03	1.190451e+00
1.621000e-05	-3.301178e-03	1.103215e+00
1.622000e-05	-3.469180e-03	9.753405e-01
1.623000e-05	-2.393273e-03	8.121302e-01
1.624000e-05	-2.038841e-03	7.784499e-01
1.625000e-05	-3.493030e-03	7.051868e-01
1.626000e-05	-4.472281e-03	5.905800e-01
1.627000e-05	-3.475852e-03	5.452944e-01
1.628000e-05	-2.934845e-03	4.321593e-01
1.629000e-05	-3.766698e-03	3.904511e-01
1.630000e-05	-4.578008e-03	3.062407e-01
1.631000e-05	-3.020188e-03	1.785297e-01
1.632000e-05	-3.056067e-03	5.364271e-02
1.633000e-05	-3.401293e-03	-2.057375e-02
1.634000e-05	-3.313860e-03	-4.310665e-02
1.635000e-05	1.454764e-04	-1.562410e-01
1.636000e-05	1.148878e-03	-2.415702e-01
1.637000e-05	-3.293461e-03	-3.252858e-01
1.638000e-05	-3.360988e-03	-3.994662e-01
1.639000e-05	-3.170527e-03	-4.311015e-01
1.640000e-05	-2.513643e-03	-5.337819e-01
1.641000e-05	1.332921e-03	-6.119018e-01
1.642000e-05	4.207365e-02	-7.147911e-01
1.643000e-05	5.702892e-02	-8.209226e-01
1.644000e-05	-5.354962e-02	-9.062110e-01
1.645000e-05	-6.235717e-02	-1.053081e+00
1.646000e-05	-1.082584e-01	-1.114337e+00
1.647000e-05	1.216138e-01	-1.166895e+00
1.648000e-05	5.373363e-02	-1.209468e+00
1.649000e-05	-1.284673e-01	-1.419286e+00
1.650000e-05	1.217554e-01	-1.491684e+00
1.651000e-05	1.102100e-02	-1.524737e+00
1.652000e-05	-8.054710e-02	-1.645053e+00
1.653000e-05	8.053032e-02	-1.716766e+00
1.654000e-05	-7.379321e-02	-1.777871e+00
1.655000e-05	-1.111278e-01	-1.875079e+00
1.656000e-05	1.514466e-01	-1.947338e+00
1.657000e-05	-3.234129e-02	-2.020474e+00
1.658000e-05	-8.003607e-02	-2.104107e+00
1.659000e-05	6.458207e-02	-2.185318e+00
1.660000e-05	-5.221688e-02	-2.294631e+00
1.661000e-05	8.263679e-02	-2.439496e+00
1.662000e-05	-8.949173e-02	-2.421050e+00
1.663000e-05	-6.328646e-02	-2.535786e+00
1.664000e-05	1.504250e-01	-2.633000e+00
1.665000e-05	-5.290942e-02	-2.736188e+00
1.666000e-05	-5.224213e-02	-2.809921e+00
1.667000e-05	-5.266049e-03	-2.830576e+00
1.668000e-05	3.283864e-03	-2.916165e+00
1.669000e-05	7.383815e-02	-3.074057e+00
1.670000e-05	-1.255587e-01	-3.128284e+00
1.671000e-05	4.388311e-02	-3.220499e+00
1.672000e-05	3.973513e-02	-3.284636e+00
1.673000e-05	-4.140275e-02	-3.399320e+00
1.674000e-05	1.580249e-02	-3.451548e+00
1.675000e-05	-8.387899e-02	-3.484685e+00
1.676000e-05	8.615352e-02	-3.607371e+00
1.677000e-05	-2.076398e-02	-3.632051e+00
1.678000e-05	-4.031984e-02	-3.695134e+00
1.679000e-05	2.164392e-02	-3.770994e+00
1.680000e-05	-2.890641e-02	-3.916136e+00
1.681000e-05	4.569349e-02	-3.989921e+00
1.682000e-05	-7.004952e-02	-4.082579e+00
1.683000e-05	8.391923e-03	-4.115190e+00
1.684000e-05	1.880580e-02	-4.220370e+00
1.685000e-05	-1.406795e-02	-4.254561e+00
1.686000e-05	5.335938e-03	-4.356290e+00
1.687000e-05	-5.766534e-02	-4.379374e+00
1.688000e-05	4.656057e-02	-4.412449e+00
1.689000e-05	-2.014308e-02	-4.524590e+00
1.690000e-05	-1.189453e-02	-4.559347e+00
1.691000e-05	-1.715864e-02	-4.642053e+00
1.692000e-05	1.328357e-03	-4.737612e+00
1.693000e-05	1.971181e-02	-4.807420e+00
1.694000e-05	-4.621455e-02	-4.863559e+00
1.695000e-05	4.427080e-04	-4.966262e+00
1.696000e-05	-9.688300e-03	-5.059024e+00
1.697000e-05	1.522558e-02	-5.074087e+00
1.698000e-05	-2.880851e-02	-5.167819e+00
1.699000e-05	-1.508098e-02	-5.222448e+00
1.700000e-05	7.681344e-03	-5.294686e+00
1.701000e-05	-5.695070e-03	-5.400348e+00
1.702000e-05	-1.485236e-02	-5.494058e+00
1.703000e-05	-2.703673e-02	-5.557793e+00
1.704000e-05	1.037148e-02	-5.651421e+00
1.705000e-05	-7.502117e-03	-5.665107e+00
1.706000e-05	-1.254697e-02	-5.797216e+00
1.707000e-05	-2.170925e-02	-5.778371e+00
1.708000e-05	3.641253e-03	-5.861558e+00
1.709000e-05	-6.844152e-04	-5.946190e+00
1.710000e-05	-2.132345e-02	-5.938296e+00
1.711000e-05	-1.729963e-02	-6.010895e+00
1.712000e-05	-7.446322e-03	-6.053132e+00
1.713000e-05	2.400400e-03	-6.106685e+00
1.714000e-05	-2.082544e-02	-6.220347e+00
1.715000e-05	-1.537355e-02	-6.292032e+00
1.716000e-05	-6.197178e-03	-6.356214e+00
1.717000e-05	-7.598010e-04	-6.389347e+00
1.718000e-05	-1.772762e-02	-6.420525e+00
1.719000e-05	-1.992828e-02	-6.463030e+00
1.720000e-05	-7.275293e-03	-6.535719e+00
1.721000e-05	-5.803409e-03	-6.557792e+00
1.722000e-05	-1.325084e-02	-6.600374e+00
1.723000e-05	-2.140349e-02	-6.653930e+00
1.724000e-05	-5.868679e-03	-6.696037e+00
1.725000e-05	-6.344975e-03	-6.735247e+00
1.726000e-05	-1.349521e-02	-6.778796e+00
1.727000e-05	-2.143344e-02	-6.840473e+00
1.728000e-05	-9.523208e-03	-6.842477e+00
1.729000e-05	-7.821922e-03	-6.946634e+00
1.730000e-05	-1.613400e-02	-6.986221e+00
1.731000e-05	-1.968463e-02	-6.990825e+00
1.732000e-05	-1.283251e-02	-7.003453e+00
1.733000e-05	-5.531107e-03	-7.134710e+00
1.734000e-05	-1.715564e-02	-7.147294e+00
1.735000e-05	-1.927727e-02	-7.199824e+00
1.736000e-05	-1.442948e-02	-7.232449e+00
1.737000e-05	-9.286608e-03	-7.232507e+00
1.738000e-05	-1.645895e-02	-7.263108e+00
1.739000e-05	-2.046172e-02	-7.286664e+00
1.740000e-05	-1.458144e-02	-7.348291e+00
1.741000e-05	-1.079321e-02	-7.359746e+00
1.742000e-05	-1.591276e-02	-7.431477e+00
1.743000e-05	-2.127627e-02	-7.433530e+00
1.744000e-05	-1.665628e-02	-7.474587e+00
1.745000e-05	-1.211353e-02	-7.464616e+00
1.746000e-05	-1.686099e-02	-7.536691e+00
1.747000e-05	-2.233170e-02	-7.579271e+00
1.748000e-05	-1.816517e-02	-7.588294e+00
1.749000e-05	-1.431512e-02	-7.640927e+00
1.750000e-05	-1.819533e-02	-7.660502e+00
1.751000e-05	-2.385951e-02	-7.705556e+00
1.752000e-05	-1.984162e-02	-7.705531e+00
1.753000e-05	-1.620089e-02	-7.697612e+00
1.754000e-05	-1.916920e-02	-7.799636e+00
1.755000e-05	-2.425519e-02	-7.767723e+00
1.756000e-05	-2.265906e-02	-7.791325e+00
1.757000e-05	-1.924980e-02	-7.842958e+00
1.758000e-05	-2.071772e-02	-7.853007e+00
1.759000e-05	-2.712496e-02	-7.873930e+00
1.760000e-05	-2.405709e-02	-7.875586e+00
1.761000e-05	-2.114848e-02	-7.906688e+00
1.762000e-05	-2.216518e-02	-7.925640e+00
1.763000e-05	-2.797409e-02	-7.987569e+00
1.764000e-05	-2.758810e-02	-7.956192e+00
1.765000e-05	-2.369313e-02	-7.979319e+00
1.766000e-05	-2.527656e-02	-7.988367e+00
1.767000e-05	-3.059976e-02	-7.989345e+00
1.768000e-05	-2.912900e-02	-7.988820e+00
1.769000e-05	-2.705326e-02	-7.999401e+00
1.770000e-05	-2.761456e-02	-8.010395e+00
1.771000e-05	-3.432939e-02	-8.000476e+00
1.772000e-05	-3.325475e-02	-8.001430e+00
1.773000e-05	-3.060355e-02	-8.042478e+00
1.774000e-05	-3.251857e-02	-8.002403e+00
1.775000e-05	-3.676231e-02	-8.022457e+00
1.776000e-05	-3.731124e-02	-8.042526e+00
1.777000e-05	-3.192765e-02	-8.011004e+00
1.778000e-05	-3.588876e-02	-8.022472e+00
1.779000e-05	-3.866345e-02	-8.002428e+00
1.780000e-05	-4.182670e-02	-8.010944e+00
1.781000e-05	-3.840262e-02	-8.019980e+00
1.782000e-05	-3.901057e-02	-7.971902e+00
1.783000e-05	-4.188366e-02	-7.989950e+00
1.784000e-05	-3.865280e-02	-7.989397e+00
1.785000e-05	-3.739235e-02	-7.988870e+00
1.786000e-05	-3.550901e-02	-7.967299e+00
1.787000e-05	-4.108210e-02	-7.926171e+00
1.788000e-05	-3.896895e-02	-7.917292e+00
1.789000e-05	-3.996024e-02	-7.936793e+00
1.790000e-05	-3.628769e-02	-7.884767e+00
1.791000e-05	-4.040792e-02	-7.844736e+00
1.792000e-05	-3.645209e-02	-7.853566e+00
1.793000e-05	-3.447154e-02	-7.863507e+00
1.794000e-05	-3.162457e-02	-7.813409e+00
1.795000e-05	-3.311687e-02	-7.759279e+00
1.796000e-05	-3.323969e-02	-7.782325e+00
1.797000e-05	-3.078058e-02	-7.738792e+00
1.798000e-05	-3.027694e-02	-7.767114e+00
1.799000e-05	-3.154310e-02	-7.684143e+00
1.800000e-05	-3.210708e-02	-7.714632e+00
1.801000e-05	-2.763066e-02	-7.681903e+00
1.802000e-05	-2.734206e-02	-7.599451e+00
1.803000e-05	-2.447483e-02	-7.558801e+00
1.804000e-05	-2.791355e-02	-7.546820e+00
1.805000e-05	-2.343891e-02	-7.506792e+00
1.806000e-05	-2.500047e-02	-7.505612e+00
1.807000e-05	-2.291265e-02	-7.463584e+00
1.808000e-05	-2.655386e-02	-7.464606e+00
1.809000e-05	-2.322009e-02	-7.440424e+00
1.810000e-05	-2.137172e-02	-7.388396e+00
1.811000e-05	-1.994459e-02	-7.377847e+00
1.812000e-05	-2.074321e-02	-7.344191e+00
1.813000e-05	-2.041973e-02	-7.285117e+00
1.814000e-05	-1.745420e-02	-7.263561e+00
1.815000e-05	-1.919369e-02	-7.232506e+00
1.816000e-05	-1.933575e-02	-7.210953e+00
1.817000e-05	-2.086665e-02	-7.169274e+00
1.818000e-05	-1.636254e-02	-7.118247e+00
1.819000e-05	-1.660225e-02	-7.066563e+00
1.820000e-05	-1.696497e-02	-7.061934e+00
1.821000e-05	-1.667275e-02	-6.968779e+00
1.822000e-05	-1.426881e-02	-6.927195e+00
1.823000e-05	-1.536291e-02	-6.883586e+00
1.824000e-05	-1.657076e-02	-6.823979e+00
1.825000e-05	-1.651922e-02	-6.800377e+00
1.826000e-05	-1.384636e-02	-6.768772e+00
1.827000e-05	-1.389806e-02	-6.725739e+00
1.828000e-05	-1.440523e-02	-6.694040e+00
1.829000e-05	-1.415790e-02	-6.631979e+00
1.830000e-05	-1.307777e-02	-6.640850e+00
1.831000e-05	-1.225903e-02	-6.538266e+00
1.832000e-05	-1.368174e-02	-6.504638e+00
1.833000e-05	-1.298900e-02	-6.452029e+00
1.834000e-05	-1.246590e-02	-6.419950e+00
1.835000e-05	-1.242525e-02	-6.335796e+00
1.836000e-05	-1.201952e-02	-6.224641e+00
1.837000e-05	-1.375567e-02	-6.232529e+00
1.838000e-05	-1.189962e-02	-6.178422e+00
1.839000e-05	-1.150742e-02	-6.115716e+00
1.840000e-05	-1.059097e-02	-6.032058e+00
1.841000e-05	-1.115919e-02	-6.001928e+00
1.842000e-05	-1.182397e-02	-5.946291e+00
1.843000e-05	-1.066098e-02	-5.895692e+00
1.844000e-05	-1.044648e-02	-5.822559e+00
1.845000e-05	-1.077649e-02	-5.779873e+00
1.846000e-05	-1.108093e-02	-5.715691e+00
1.847000e-05	-1.036832e-02	-5.653110e+00
1.848000e-05	-9.247589e-03	-5.600480e+00
1.849000e-05	-1.026389e-02	-5.567342e+00
1.850000e-05	-1.047220e-02	-5.486613e+00
1.851000e-05	-9.508785e-03	-5.388885e+00
1.852000e-05	-9.162813e-03	-5.305692e+00
1.853000e-05	-9.510551e-03	-5.223454e+00
1.854000e-05	-1.002819e-02	-5.159400e+00
1.855000e-05	-9.718091e-03	-5.084662e+00
1.856000e-05	-7.272506e-03	-5.041009e+00
1.857000e-05	-8.450644e-03	-4.948347e+00
1.858000e-05	-9.294951e-03	-4.843109e+00
1.859000e-05	-9.576526e-03	-4.768765e+00
1.860000e-05	-7.687512e-03	-4.693614e+00
1.861000e-05	-8.550258e-03	-4.630978e+00
1.862000e-05	-9.039938e-03	-4.579372e+00
1.863000e-05	-9.102302e-03	-4.486192e+00
1.864000e-05	-6.140276e-03	-4.453533e+00
1.865000e-05	-7.094166e-03	-4.379975e+00
1.866000e-05	-7.752619e-03	-4.316796e+00
1.867000e-05	-9.303435e-03	-4.273084e+00
1.868000e-05	-7.208510e-03	-4.229404e+00
1.869000e-05	-6.477939e-03	-4.137247e+00
1.870000e-05	-7.733437e-03	-4.083035e+00
1.871000e-05	-8.357159e-03	-4.008979e+00
1.872000e-05	-6.484212e-03	-3.908321e+00
1.873000e-05	-6.237886e-03	-3.813133e+00
1.874000e-05	-7.438346e-03	-3.726373e+00
1.875000e-05	-8.501604e-03	-3.622985e+00
1.876000e-05	-5.662228e-03	-3.569900e+00
1.877000e-05	-5.721895e-03	-3.497814e+00
1.878000e-05	-5.616129e-03	-3.432107e+00
1.879000e-05	-7.820820e-03	-3.408397e+00
1.880000e-05	-6.447628e-03	-3.294242e+00
1.881000e-05	-5.349283e-03	-3.230506e+00
1.882000e-05	-6.391966e-03	-3.148350e+00
1.883000e-05	-7.795924e-03	-3.024710e+00
1.884000e-05	-6.245566e-03	-2.947348e+00
1.885000e-05	-6.124310e-03	-2.874108e+00
1.886000e-05	-5.240903e-03	-2.799926e+00
1.887000e-05	-7.210744e-03	-2.705796e+00
1.888000e-05	-5.343724e-03	-2.643135e+00
1.889000e-05	-5.614349e-03	-2.536847e+00
1.890000e-05	-4.849950e-03	-2.445141e+00
1.891000e-05	-6.590147e-03	-2.411528e+00
1.892000e-05	-6.138645e-03	-2.377422e+00
1.893000e-05	-5.031038e-03	-2.236236e+00
1.894000e-05	-5.030023e-03	-2.137846e+00
1.895000e-05	-6.390783e-03	-2.032660e+00
1.896000e-05	-5.551527e-03	-1.970026e+00
1.897000e-05	-5.133183e-03	-1.905319e+00
1.898000e-05	-3.769251e-03	-1.833025e+00
1.899000e-05	-6.081674e-03	-1.728896e+00
1.900000e-05	-5.636930e-03	-1.632639e+00
1.901000e-05	-5.107930e-03	-1.610479e+00
1.902000e-05	-4.857371e-03	-1.507823e+00
1.903000e-05	-5.233306e-03	-1.418582e+00
1.904000e-05	-5.506625e-03	-1.256290e+00
1.905000e-05	-4.602964e-03	-1.169426e+00
1.906000e-05	-4.577670e-03	-1.085737e+00
1.907000e-05	-4.636757e-03	-1.011581e+00
1.908000e-05	-4.784836e-03	-9.463656e-01
1.909000e-05	-4.261110e-03	-8.621626e-01
1.910000e-05	-4.291372e-03	-8.004763e-01
1.911000e-05	-4.725256e-03	-7.468180e-01
1.912000e-05	-5.189451e-03	-6.000524e-01
1.913000e-05	-4.552115e-03	-4.847089e-01
1.914000e-05	-4.502539e-03	-4.115035e-01
1.915000e-05	-4.131292e-03	-3.368971e-01
1.916000e-05	-4.544346e-03	-2.521838e-01
1.917000e-05	-3.437068e-03	-1.889484e-01
1.918000e-05	-3.483259e-03	-6.473927e-02
1.919000e-05	-1.187337e-03	-3.108251e-02
1.920000e-05	8.213137e-04	2.099776e-02
1.921000e-05	5.819865e-04	1.252437e-01
1.922000e-05	-9.266242e-04	2.735705e-01
1.923000e-05	-2.192814e-03	3.558146e-01
1.924000e-05	-2.257399e-03	4.309728e-01
1.925000e-05	-1.022631e-03	4.936858e-01
1.926000e-05	2.355015e-03	5.568151e-01
1.927000e-05	2.432380e-02	6.526019e-01
1.928000e-05	4.910716e-02	7.567898e-01
1.929000e-05	-1.552691e-02	8.045805e-01
1.930000e-05	-4.872113e-02	9.767336e-01
1.931000e-05	-6.583222e-02	1.073001e+00
1.932000e-05	-2.777919e-02	1.168190e+00
1.933000e-05	1.259897e-01	1.169899e+00
1.934000e-05	-6.322023e-02	1.365759e+00
1.935000e-05	-7.374197e-02	1.368974e+00
1.936000e-05	1.282391e-01	1.473757e+00
1.937000e-05	-2.347505e-02	1.652372e+00
1.938000e-05	-9.656069e-03	1.704883e+00
1.939000e-05	1.763044e-02	1.758767e+00
1.940000e-05	-9.088452e-02	1.840606e+00
1.941000e-05	2.865267e-02	1.946766e+00
1.942000e-05	1.018816e-01	1.990421e+00
1.943000e-05	-7.665937e-02	2.084133e+00
1.944000e-05	-1.168183e-03	2.096362e+00
1.945000e-05	-4.782597e-03	2.211025e+00
1.946000e-05	3.310598e-02	2.315181e+00
1.947000e-05	7.296549e-03	2.358366e+00
1.948000e-05	-7.852063e-02	2.432051e+00
1.949000e-05	4.077479e-02	2.546186e+00
1.950000e-05	5.231589e-02	2.631053e+00
1.951000e-05	-1.372358e-02	2.745239e+00
1.952000e-05	-5.136957e-02	2.851027e+00
1.953000e-05	1.087277e-02	2.844108e+00
1.954000e-05	3.617491e-02	2.987842e+00
1.955000e-05	-1.038379e-02	3.042504e+00
1.956000e-05	-2.727993e-02	3.136286e+00
1.957000e-05	2.531817e-02	3.199896e+00
1.958000e-05	9.484299e-04	3.220554e+00
1.959000e-05	1.794298e-02	3.315206e+00
1.960000e-05	-3.777695e-02	3.483497e+00
1.961000e-05	5.766004e-03	3.557715e+00
1.962000e-05	2.234378e-02	3.621524e+00
1.963000e-05	3.729078e-04	3.654658e+00
1.964000e-05	-5.709458e-03	3.767240e+00
1.965000e-05	-8.316748e-03	3.832498e+00
1.966000e-05	2.236007e-02	3.905736e+00
1.967000e-05	-5.720118e-03	3.968317e+00
1.968000e-05	-6.775104e-03	4.011474e+00
1.969000e-05	-1.444310e-04	4.126161e+00
1.970000e-05	1.366381e-02	4.177323e+00
1.971000e-05	6.412404e-03	4.292502e+00
1.972000e-05	-1.060014e-02	4.376743e+00
1.973000e-05	-2.817651e-03	4.420527e+00
1.974000e-05	1.525711e-02	4.474707e+00
1.975000e-05	4.649921e-04	4.548266e+00
1.976000e-05	-2.715893e-03	4.611027e+00
1.977000e-05	-3.454682e-03	4.694635e+00
1.978000e-05	1.965372e-02	4.767390e+00
1.979000e-05	-2.485564e-03	4.811000e+00
1.980000e-05	-3.762316e-03	4.896110e+00
1.981000e-05	-2.648849e-03	4.981373e+00
1.982000e-05	1.511611e-02	5.094161e+00
1.983000e-05	4.690890e-03	5.177822e+00
1.984000e-05	-5.159845e-03	5.263985e+00
1.985000e-05	2.567306e-03	5.325786e+00
1.986000e-05	1.145209e-02	5.389398e+00
1.987000e-05	6.729809e-03	5.471058e+00
1.988000e-05	-6.641237e-03	5.554741e+00
1.989000e-05	3.990786e-03	5.559322e+00
1.990000e-05	9.716868e-03	5.620602e+00
1.991000e-05	7.694885e-03	5.623554e+00
1.992000e-05	-4.931061e-03	5.736343e+00
1.993000e-05	2.772948e-03	5.821407e+00
1.994000e-05	1.073596e-02	5.894737e+00
1.995000e-05	8.379644e-03	5.978766e+00
1.996000e-05	-1.776265e-03	6.010425e+00
1.997000e-05	2.065968e-03	6.045530e+00
1.998000e-05	1.194730e-02	6.135691e+00
1.999000e-05	8.452711e-03	6.138366e+00
2.000000e-05	-1.398822e-03	6.222000e+00
2.001000e-05	1.945151e-03	6.263682e+00
2.002000e-05	1.202767e-02	6.316714e+00
2.003000e-05	9.609094e-03	6.338345e+00
2.004000e-05	1.312653e-03	6.408952e+00
2.005000e-05	2.727576e-03	6.463504e+00
2.006000e-05	1.083691e-02	6.484585e+00
2.007000e-05	1.022668e-02	6.536816e+00
2.008000e-05	3.368338e-03	6.629952e+00
2.009000e-05	1.801689e-03	6.664612e+00
2.010000e-05	1.168031e-02	6.703815e+00
2.011000e-05	1.076644e-02	6.817216e+00
2.012000e-05	5.579208e-03	6.789972e+00
2.013000e-05	3.117855e-03	6.842577e+00
2.014000e-05	1.060824e-02	6.884087e+00
2.015000e-05	1.182649e-02	6.906639e+00
2.016000e-05	5.665660e-03	6.947393e+00
2.017000e-05	4.442384e-03	6.978373e+00
2.018000e-05	1.114070e-02	7.000903e+00
2.019000e-05	1.250623e-02	7.074085e+00
2.020000e-05	7.166437e-03	7.125614e+00
2.021000e-05	5.561520e-03	7.126291e+00
2.022000e-05	1.103998e-02	7.227795e+00
2.023000e-05	1.363929e-02	7.199873e+00
2.024000e-05	8.377308e-03	7.253028e+00
2.025000e-05	6.825499e-03	7.274081e+00
2.026000e-05	1.056963e-02	7.337162e+00
2.027000e-05	1.398519e-02	7.370269e+00
2.028000e-05	9.711017e-03	7.370253e+00
2.029000e-05	9.112990e-03	7.453357e+00
2.030000e-05	1.189302e-02	7.474435e+00
2.031000e-05	1.498664e-02	7.476141e+00
2.032000e-05	1.184201e-02	7.557720e+00
2.033000e-05	1.053257e-02	7.589797e+00
2.034000e-05	1.273732e-02	7.618923e+00
2.035000e-05	1.711334e-02	7.610427e+00
2.036000e-05	1.307449e-02	7.684504e+00
2.037000e-05	1.257683e-02	7.665083e+00
2.038000e-05	1.450209e-02	7.715116e+00
2.039000e-05	1.728919e-02	7.755737e+00
2.040000e-05	1.481633e-02	7.706742e+00
2.041000e-05	1.331424e-02	7.779744e+00
2.042000e-05	1.653040e-02	7.748900e+00
2.043000e-05	1.861933e-02	7.798348e+00
2.044000e-05	1.771613e-02	7.823983e+00
2.045000e-05	1.643668e-02	7.851504e+00
2.046000e-05	1.767547e-02	7.854006e+00
2.047000e-05	2.090322e-02	7.853507e+00
2.048000e-05	1.945599e-02	7.896635e+00
2.049000e-05	1.924372e-02	7.896138e+00
2.050000e-05	2.083198e-02	7.936986e+00
2.051000e-05	2.290227e-02	7.946119e+00
2.052000e-05	2.301254e-02	7.904174e+00
2.053000e-05	2.078310e-02	7.956641e+00
2.054000e-05	2.263602e-02	7.949672e+00
2.055000e-05	2.359773e-02	7.977746e+00
2.056000e-05	2.537669e-02	7.909799e+00
2.057000e-05	2.545794e-02	7.969896e+00
2.058000e-05	2.781802e-02	7.946849e+00
2.059000e-05	2.916791e-02	7.957896e+00
2.060000e-05	2.992507e-02	7.979744e+00
2.061000e-05	2.825927e-02	7.979303e+00
2.062000e-05	3.088280e-02	7.988903e+00
2.063000e-05	3.146446e-02	7.939350e+00
2.064000e-05	3.352311e-02	7.980323e+00
2.065000e-05	3.111331e-02	7.979269e+00
2.066000e-05	3.245102e-02	7.936849e+00
2.067000e-05	3.429686e-02	7.928245e+00
2.068000e-05	3.528846e-02	7.927670e+00
2.069000e-05	3.310957e-02	7.957766e+00
2.070000e-05	3.360294e-02	7.946717e+00
2.071000e-05	3.381308e-02	7.887111e+00
2.072000e-05	3.493468e-02	7.883562e+00
2.073000e-05	3.031969e-02	7.913518e+00
2.074000e-05	3.216102e-02	7.832055e+00
2.075000e-05	3.073778e-02	7.844508e+00
2.076000e-05	3.137041e-02	7.810513e+00
2.077000e-05	2.864783e-02	7.850429e+00
2.078000e-05	2.858143e-02	7.810956e+00
2.079000e-05	2.864442e-02	7.758423e+00
2.080000e-05	2.803417e-02	7.808822e+00
2.081000e-05	2.599619e-02	7.696270e+00
2.082000e-05	2.475956e-02	7.736091e+00
2.083000e-05	2.445836e-02	7.655241e+00
2.084000e-05	2.414236e-02	7.673038e+00
2.085000e-05	2.266693e-02	7.643103e+00
2.086000e-05	2.168992e-02	7.581528e+00
2.087000e-05	2.122829e-02	7.607900e+00
2.088000e-05	2.108399e-02	7.559744e+00
2.089000e-05	2.014420e-02	7.496272e+00
2.090000e-05	1.836739e-02	7.475037e+00
2.091000e-05	1.963521e-02	7.444535e+00
2.092000e-05	1.708110e-02	7.401429e+00
2.093000e-05	1.739081e-02	7.421296e+00
2.094000e-05	1.532201e-02	7.317746e+00
2.095000e-05	1.570339e-02	7.325187e+00
2.096000e-05	1.493298e-02	7.264582e+00
2.097000e-05	1.414688e-02	7.222083e+00
2.098000e-05	1.356505e-02	7.190452e+00
2.099000e-05	1.384343e-02	7.150899e+00
2.100000e-05	1.367283e-02	7.126219e+00
2.101000e-05	1.233611e-02	7.085744e+00
2.102000e-05	1.128067e-02	7.094634e+00
2.103000e-05	1.114510e-02	7.032005e+00
2.104000e-05	1.049182e-02	6.969453e+00
2.105000e-05	1.000187e-02	6.927724e+00
2.106000e-05	9.920790e-03	6.914763e+00
2.107000e-05	9.714232e-03	6.875112e+00
2.108000e-05	1.046770e-02	6.852561e+00
2.109000e-05	9.063832e-03	6.820525e+00
2.110000e-05	8.598538e-03	6.768824e+00
2.111000e-05	9.371668e-03	6.724715e+00
2.112000e-05	8.069560e-03	6.653038e+00
2.113000e-05	7.466688e-03	6.573353e+00
2.114000e-05	6.815646e-03	6.537294e+00
2.115000e-05	6.677271e-03	6.516144e+00
2.116000e-05	6.703634e-03	6.411056e+00
2.117000e-05	6.494448e-03	6.380902e+00
2.118000e-05	6.438688e-03	6.338400e+00
2.119000e-05	6.192872e-03	6.294640e+00
2.120000e-05	6.138450e-03	6.263109e+00
2.121000e-05	5.615755e-03	6.182478e+00
2.122000e-05	3.629517e-03	6.157424e+00
2.123000e-05	5.298083e-03	6.105741e+00
2.124000e-05	5.498243e-03	6.063080e+00
2.125000e-05	4.696476e-03	6.022480e+00
2.126000e-05	4.330010e-03	5.947848e+00
2.127000e-05	4.097188e-03	5.916140e+00
2.128000e-05	5.660843e-03	5.804058e+00
2.129000e-05	4.158676e-03	5.728818e+00
2.130000e-05	3.976819e-03	5.675637e+00
2.131000e-05	3.686397e-03	5.630950e+00
2.132000e-05	4.290122e-03	5.588928e+00
2.133000e-05	3.618623e-03	5.516169e+00
2.134000e-05	2.542204e-03	5.454142e+00
2.135000e-05	2.863230e-03	5.402503e+00
2.136000e-05	4.279553e-03	5.308316e+00
2.137000e-05	2.203734e-03	5.263589e+00
2.138000e-05	3.257187e-03	5.201552e+00
2.139000e-05	2.253643e-03	5.127146e+00
2.140000e-05	3.271193e-03	5.031659e+00
2.141000e-05	2.000642e-03	4.906269e+00
2.142000e-05	2.277233e-03	4.870612e+00
2.143000e-05	2.430487e-03	4.790449e+00
2.144000e-05	2.244289e-03	4.726766e+00
2.145000e-05	2.602947e-03	4.664584e+00
2.146000e-05	9.183861e-04	4.569977e+00
2.147000e-05	1.045674e-03	4.536192e+00
2.148000e-05	2.752079e-03	4.493105e+00
2.149000e-05	1.747398e-03	4.420980e+00
2.150000e-05	1.946110e-03	4.327422e+00
2.151000e-05	1.727845e-04	4.252689e+00
2.152000e-05	1.093135e-03	4.137730e+00
2.153000e-05	7.145785e-04	4.073110e+00
2.154000e-05	-6.041698e-04	4.040975e+00
2.155000e-05	1.188380e-03	3.976343e+00
2.156000e-05	1.594950e-04	3.862557e+00
2.157000e-05	2.754981e-03	3.819927e+00
2.158000e-05	9.394060e-04	3.695393e+00
2.159000e-05	9.271297e-04	3.653108e+00
2.160000e-05	-1.084732e-03	3.590027e+00
2.161000e-05	-2.732957e-04	3.516846e+00
2.162000e-05	-4.370987e-04	3.433560e+00
2.163000e-05	-1.588983e-03	3.286326e+00
2.164000e-05	1.558203e-04	3.252509e+00
2.165000e-05	1.792172e-05	3.198447e+00
2.166000e-05	1.941855e-03	3.086713e+00
2.167000e-05	-7.458016e-04	3.052556e+00
2.168000e-05	-7.623804e-04	2.927421e+00
2.169000e-05	-3.228372e-03	2.892612e+00
2.170000e-05	-1.052735e-03	2.810505e+00
2.171000e-05	-2.740842e-03	2.787402e+00
2.172000e-05	-6.056036e-04	2.613688e+00
2.173000e-05	-1.888680e-03	2.527772e+00
2.174000e-05	1.552605e-03	2.470610e+00
2.175000e-05	-1.718518e-03	2.378897e+00
2.176000e-05	-1.394476e-03	2.295813e+00
2.177000e-05	-3.329120e-03	2.242558e+00
2.178000e-05	-1.463931e-03	2.167897e+00
2.179000e-05	-2.609901e-03	2.063163e+00
2.180000e-05	-3.140234e-03	2.011027e+00
2.181000e-05	-1.144147e-03	1.947797e+00
2.182000e-05	-1.967560e-03	1.852761e+00
2.183000e-05	-6.914362e-04	1.758945e+00
2.184000e-05	-4.248999e-03	1.683238e+00
2.185000e-05	-2.216756e-03	1.650057e+00
2.186000e-05	-3.056690e-03	1.475316e+00
2.187000e-05	-1.417029e-03	1.379551e+00
2.188000e-05	-3.656103e-03	1.347277e+00
2.189000e-05	-2.859103e-03	1.231084e+00
2.190000e-05	-2.395124e-03	1.137495e+00
2.191000e-05	-2.627863e-03	1.059159e+00
2.192000e-05	-2.675904e-03	8.748444e-01
2.193000e-05	-4.415047e-03	8.100274e-01
2.194000e-05	-1.977173e-03	7.759434e-01
2.195000e-05	-4.141428e-03	6.531126e-01
2.196000e-05	-3.916560e-03	5.604485e-01
2.197000e-05	-5.164950e-03	5.042354e-01
2.198000e-05	-1.692110e-03	4.205065e-01
2.199000e-05	-4.005798e-03	3.584972e-01
2.200000e-05	-3.488455e-03	3.042944e-01
2.201000e-05	-4.478945e-03	1.688332e-01
2.202000e-05	-2.382429e-03	2.256257e-02
2.203000e-05	-3.448320e-03	-1.100395e-02
2.204000e-05	-2.339075e-03	-1.056808e-01
2.205000e-05	-5.602160e-04	-1.790238e-01
2.206000e-05	2.458360e-04	-2.421779e-01
2.207000e-05	-2.015926e-03	-3.473635e-01
2.208000e-05	-4.507402e-03	-3.999724e-01
2.209000e-05	-3.578969e-03	-4.521280e-01
2.210000e-05	-2.401583e-03	-5.488147e-01
2.211000e-05	1.230393e-02	-6.046005e-01
2.212000e-05	6.396002e-02	-7.677899e-01
2.213000e-05	4.128860e-03	-8.525268e-01
2.214000e-05	-5.524885e-02	-9.578678e-01
2.215000e-05	-8.303231e-02	-1.114580e+00
2.216000e-05	-6.475522e-02	-1.134265e+00
2.217000e-05	1.495647e-01	-1.138416e+00
2.218000e-05	-4.879731e-02	-1.241603e+00
2.219000e-05	-9.132037e-02	-1.450927e+00
2.220000e-05	1.417513e-01	-1.464162e+00
2.221000e-05	-4.988369e-02	-1.588364e+00
2.222000e-05	-3.983356e-02	-1.675209e+00
2.223000e-05	7.799737e-02	-1.706293e+00
2.224000e-05	-1.467874e-01	-1.791525e+00
2.225000e-05	-5.689741e-04	-1.895212e+00
2.226000e-05	1.390570e-01	-1.919416e+00
2.227000e-05	-1.185076e-01	-2.051030e+00
2.228000e-05	1.448677e-02	-2.105682e+00
2.229000e-05	9.248424e-03	-2.171748e+00
2.230000e-05	-1.431990e-02	-2.399286e+00
2.231000e-05	6.045470e-02	-2.421026e+00
2.232000e-05	-1.432332e-01	-2.453633e+00
2.233000e-05	5.679982e-02	-2.580291e+00
2.234000e-05	1.072353e-01	-2.643683e+00
2.235000e-05	-1.051419e-01	-2.726814e+00
2.236000e-05	1.784526e-04	-2.788922e+00
2.237000e-05	-2.739302e-02	-2.854081e+00
2.238000e-05	5.224471e-02	-2.991295e+00
2.239000e-05	1.508607e-03	-3.075087e+00
2.240000e-05	-1.070876e-01	-3.187316e+00
2.241000e-05	9.879371e-02	-3.240527e+00
2.242000e-05	-3.088028e-02	-3.354712e+00
2.243000e-05	5.289133e-03	-3.379895e+00
2.244000e-05	-3.482230e-02	-3.453581e+00
2.245000e-05	-3.579639e-02	-3.506685e+00
2.246000e-05	8.890931e-02	-3.589949e+00
2.247000e-05	-7.470477e-02	-3.665029e+00
2.248000e-05	1.182898e-02	-3.757217e+00
2.249000e-05	-1.312407e-02	-3.862927e+00
2.250000e-05	7.426703e-03	-3.957340e+00
2.251000e-05	1.535636e-02	-4.001524e+00
2.252000e-05	-7.283906e-02	-4.054661e+00
2.253000e-05	4.225377e-02	-4.148214e+00
2.254000e-05	-1.548851e-02	-4.189476e+00
2.255000e-05	1.257307e-02	-4.283586e+00
2.256000e-05	-3.305801e-02	-4.346767e+00
2.257000e-05	-2.219771e-02	-4.409945e+00
2.258000e-05	4.122207e-02	-4.442104e+00
2.259000e-05	-3.924146e-02	-4.586714e+00
2.260000e-05	1.909943e-03	-4.621524e+00
2.261000e-05	-2.977302e-02	-4.682507e+00
2.262000e-05	2.965936e-02	-4.738869e+00
2.263000e-05	-1.387235e-02	-4.819904e+00
2.264000e-05	-3.274479e-02	-4.936231e+00
2.265000e-05	2.496951e-03	-4.977270e+00
2.266000e-05	-3.673064e-03	-5.053051e+00
2.267000e-05	9.717971e-03	-5.135186e+00
2.268000e-05	-4.109279e-02	-5.169845e+00
2.269000e-05	3.920601e-03	-5.223003e+00
2.270000e-05	1.508468e-05	-5.338187e+00
2.271000e-05	-3.906090e-03	-5.439079e+00
2.272000e-05	-2.625639e-02	-5.517136e+00
2.273000e-05	-1.132843e-02	-5.568945e+00
2.274000e-05	1.064211e-02	-5.622054e+00
2.275000e-05	-1.231677e-02	-5.665086e+00
2.276000e-05	-1.698824e-02	-5.778319e+00
2.277000e-05	-1.916155e-02	-5.799421e+00
2.278000e-05	1.041616e-02	-5.872057e+00
2.279000e-05	-1.210618e-02	-5.926691e+00
2.280000e-05	-1.864762e-02	-5.979847e+00
2.281000e-05	-1.564851e-02	-6.010002e+00
2.282000e-05	2.595472e-03	-6.073078e+00
2.283000e-05	-5.913864e-03	-6.096720e+00
2.284000e-05	-2.342914e-02	-6.161380e+00
2.285000e-05	-1.281642e-02	-6.293581e+00
2.286000e-05	-3.832827e-03	-6.353715e+00
2.287000e-05	-3.960895e-03	-6.430944e+00
2.288000e-05	-2.278082e-02	-6.441979e+00
2.289000e-05	-1.234430e-02	-6.513561e+00
2.290000e-05	-5.596156e-03	-6.546216e+00
2.291000e-05	-4.614442e-03	-6.579296e+00
2.292000e-05	-2.145958e-02	-6.631377e+00
2.293000e-05	-1.614339e-02	-6.693534e+00
2.294000e-05	-5.112297e-03	-6.685666e+00
2.295000e-05	-8.384011e-03	-6.777192e+00
2.296000e-05	-1.820831e-02	-6.799949e+00
2.297000e-05	-1.920665e-02	-6.831473e+00
2.298000e-05	-6.254460e-03	-6.863578e+00
2.299000e-05	-1.009836e-02	-6.906141e+00
2.300000e-05	-1.820724e-02	-6.938245e+00
2.301000e-05	-1.917443e-02	-7.009451e+00
2.302000e-05	-8.012596e-03	-7.105036e+00
2.303000e-05	-9.023431e-03	-7.126240e+00
2.304000e-05	-1.840664e-02	-7.159169e+00
2.305000e-05	-1.949775e-02	-7.171449e+00
2.306000e-05	-1.124198e-02	-7.250932e+00
2.307000e-05	-1.131915e-02	-7.273056e+00
2.308000e-05	-1.897651e-02	-7.274134e+00
2.309000e-05	-2.002108e-02	-7.346790e+00
2.310000e-05	-1.216720e-02	-7.336843e+00
2.311000e-05	-1.247881e-02	-7.400370e+00
2.312000e-05	-1.913178e-02	-7.441899e+00
2.313000e-05	-2.068013e-02	-7.463055e+00
2.314000e-05	-1.440511e-02	-7.454083e+00
2.315000e-05	-1.382624e-02	-7.515163e+00
2.316000e-05	-1.992415e-02	-7.557241e+00
2.317000e-05	-2.086581e-02	-7.568300e+00
2.318000e-05	-1.681288e-02	-7.581397e+00
2.319000e-05	-1.443163e-02	-7.620000e+00
2.320000e-05	-2.034781e-02	-7.642533e+00
2.321000e-05	-2.296261e-02	-7.674058e+00
2.322000e-05	-1.845311e-02	-7.705185e+00
2.323000e-05	-1.645911e-02	-7.757642e+00
2.324000e-05	-2.103050e-02	-7.747771e+00
2.325000e-05	-2.499363e-02	-7.790225e+00
2.326000e-05	-2.032812e-02	-7.801382e+00
2.327000e-05	-1.942631e-02	-7.802386e+00
2.328000e-05	-2.285256e-02	-7.870981e+00
2.329000e-05	-2.657008e-02	-7.833483e+00
2.330000e-05	-2.229298e-02	-7.874088e+00
2.331000e-05	-2.174374e-02	-7.926489e+00
2.332000e-05	-2.431015e-02	-7.957766e+00
2.333000e-05	-2.768323e-02	-7.957216e+00
2.334000e-05	-2.461614e-02	-7.948194e+00
2.335000e-05	-2.416901e-02	-7.947747e+00
2.336000e-05	-2.664838e-02	-7.969322e+00
2.337000e-05	-3.044711e-02	-7.988849e+00
2.338000e-05	-2.882672e-02	-7.982269e+00
2.339000e-05	-2.782347e-02	-7.979375e+00
2.340000e-05	-2.969681e-02	-7.992476e+00
2.341000e-05	-3.353748e-02	-8.019949e+00
2.342000e-05	-3.105345e-02	-8.002449e+00
2.343000e-05	-3.152426e-02	-8.030975e+00
2.344000e-05	-3.319147e-02	-8.002507e+00
2.345000e-05	-3.631416e-02	-8.031377e+00
2.346000e-05	-3.572285e-02	-7.992005e+00
2.347000e-05	-3.541750e-02	-8.003400e+00
2.348000e-05	-3.824700e-02	-8.031472e+00
2.349000e-05	-3.900859e-02	-8.009478e+00
2.350000e-05	-3.917287e-02	-7.980403e+00
2.351000e-05	-3.671202e-02	-8.001448e+00
2.352000e-05	-4.008077e-02	-8.031900e+00
2.353000e-05	-3.898098e-02	-7.982450e+00
2.354000e-05	-4.034210e-02	-7.990800e+00
2.355000e-05	-3.810556e-02	-7.999198e+00
2.356000e-05	-3.871549e-02	-7.948270e+00
2.357000e-05	-4.071204e-02	-7.967770e+00
2.358000e-05	-3.809225e-02	-7.904768e+00
2.359000e-05	-3.732899e-02	-7.898190e+00
2.360000e-05	-3.845747e-02	-7.926594e+00
2.361000e-05	-3.690417e-02	-7.844537e+00
2.362000e-05	-3.731394e-02	-7.894056e+00
2.363000e-05	-3.310219e-02	-7.824387e+00
2.364000e-05	-3.483190e-02	-7.780910e+00
2.365000e-05	-3.285965e-02	-7.779774e+00
2.366000e-05	-3.225132e-02	-7.730303e+00
2.367000e-05	-3.148326e-02	-7.726671e+00
2.368000e-05	-3.081582e-02	-7.745716e+00
2.369000e-05	-3.127672e-02	-7.703588e+00
2.370000e-05	-3.029021e-02	-7.695536e+00
2.371000e-05	-2.839242e-02	-7.631502e+00
2.372000e-05	-2.662850e-02	-7.620830e+00
2.373000e-05	-2.617475e-02	-7.560820e+00
2.374000e-05	-2.523625e-02	-7.518692e+00
2.375000e-05	-2.489645e-02	-7.536093e+00
2.376000e-05	-2.310531e-02	-7.474611e+00
2.377000e-05	-2.561073e-02	-7.442058e+00
2.378000e-05	-2.318905e-02	-7.452008e+00
2.379000e-05	-2.298711e-02	-7.360855e+00
2.380000e-05	-2.142474e-02	-7.357249e+00
2.381000e-05	-2.118286e-02	-7.327721e+00
2.382000e-05	-2.024289e-02	-7.306641e+00
2.383000e-05	-1.938319e-02	-7.255586e+00
2.384000e-05	-1.924502e-02	-7.263558e+00
2.385000e-05	-1.948230e-02	-7.242554e+00
2.386000e-05	-1.941708e-02	-7.160929e+00
2.387000e-05	-1.740260e-02	-7.119248e+00
2.388000e-05	-1.865643e-02	-7.086268e+00
2.389000e-05	-1.655057e-02	-7.044963e+00
2.390000e-05	-1.759223e-02	-6.970930e+00
2.391000e-05	-1.558807e-02	-6.959275e+00
2.392000e-05	-1.605127e-02	-6.917163e+00
2.393000e-05	-1.589127e-02	-6.844637e+00
2.394000e-05	-1.530880e-02	-6.810028e+00
2.395000e-05	-1.436224e-02	-6.770396e+00
2.396000e-05	-1.403646e-02	-6.766719e+00
2.397000e-05	-1.407043e-02	-6.685187e+00
2.398000e-05	-1.402316e-02	-6.643612e+00
2.399000e-05	-1.424492e-02	-6.611476e+00
2.400000e-05	-1.298480e-02	-6.576900e+00
2.401000e-05	-1.301619e-02	-6.506789e+00
2.402000e-05	-1.279372e-02	-6.465135e+00
2.403000e-05	-1.231182e-02	-6.403508e+00
2.404000e-05	-1.257947e-02	-6.410371e+00
2.405000e-05	-1.201451e-02	-6.316271e+00
2.406000e-05	-1.274418e-02	-6.285165e+00
2.407000e-05	-1.128303e-02	-6.191929e+00
2.408000e-05	-1.218942e-02	-6.136242e+00
2.409000e-05	-1.124567e-02	-6.114587e+00
2.410000e-05	-1.135256e-02	-6.000004e+00
2.411000e-05	-1.145985e-02	-5.977872e+00
2.412000e-05	-1.116466e-02	-5.907242e+00
2.413000e-05	-1.046471e-02	-5.855086e+00
2.414000e-05	-1.086646e-02	-5.801080e+00
2.415000e-05	-9.461090e-03	-5.737822e+00
2.416000e-05	-1.017558e-02	-5.684216e+00
2.417000e-05	-9.880350e-03	-5.642581e+00
2.418000e-05	-1.070446e-02	-5.589903e+00
2.419000e-05	-1.024800e-02	-5.527248e+00
2.420000e-05	-1.032683e-02	-5.383534e+00
2.421000e-05	-1.006125e-02	-5.348777e+00
2.422000e-05	-9.528921e-03	-5.232613e+00
2.423000e-05	-8.405752e-03	-5.190928e+00
2.424000e-05	-8.718569e-03	-5.106297e+00
2.425000e-05	-8.775004e-03	-5.024187e+00
2.426000e-05	-9.491040e-03	-5.009001e+00
2.427000e-05	-8.858954e-03	-4.917720e+00
2.428000e-05	-9.074664e-03	-4.801325e+00
2.429000e-05	-8.958336e-03	-4.694717e+00
2.430000e-05	-8.294435e-03	-4.665033e+00
2.431000e-05	-9.003588e-03	-4.570507e+00
2.432000e-05	-8.796048e-03	-4.547343e+00
2.433000e-05	-8.228523e-03	-4.494209e+00
2.434000e-05	-7.861650e-03	-4.431053e+00
2.435000e-05	-7.604975e-03	-4.369322e+00
2.436000e-05	-7.599286e-03	-4.267268e+00
2.437000e-05	-8.026121e-03	-4.241582e+00
2.438000e-05	-7.724383e-03	-4.199853e+00
2.439000e-05	-7.552935e-03	-4.095234e+00
2.440000e-05	-6.925609e-03	-4.042008e+00
2.441000e-05	-8.392968e-03	-3.990501e+00
2.442000e-05	-8.010799e-03	-3.885819e+00
2.443000e-05	-5.936409e-03	-3.791405e+00
2.444000e-05	-6.773158e-03	-3.684690e+00
2.445000e-05	-7.062506e-03	-3.652080e+00
2.446000e-05	-7.685669e-03	-3.549376e+00
2.447000e-05	-5.845149e-03	-3.486193e+00
2.448000e-05	-6.247045e-03	-3.429549e+00
2.449000e-05	-7.351306e-03	-3.308301e+00
2.450000e-05	-7.061914e-03	-3.262585e+00
2.451000e-05	-5.797291e-03	-3.212053e+00
2.452000e-05	-6.832152e-03	-3.118292e+00
2.453000e-05	-6.700464e-03	-3.029060e+00
2.454000e-05	-6.846782e-03	-2.916197e+00
2.455000e-05	-4.096790e-03	-2.843154e+00
2.456000e-05	-5.911631e-03	-2.768421e+00
2.457000e-05	-6.005242e-03	-2.715763e+00
2.458000e-05	-6.265712e-03	-2.611403e+00
2.459000e-05	-5.371385e-03	-2.507871e+00
2.460000e-05	-6.757706e-03	-2.452109e+00
2.461000e-05	-6.263970e-03	-2.400430e+00
2.462000e-05	-5.318309e-03	-2.337796e+00
2.463000e-05	-4.570233e-03	-2.172106e+00
2.464000e-05	-4.791606e-03	-2.076187e+00
2.465000e-05	-6.222168e-03	-2.020535e+00
2.466000e-05	-5.595107e-03	-1.958422e+00
2.467000e-05	-5.164231e-03	-1.894188e+00
2.468000e-05	-5.625242e-03	-1.769506e+00
2.469000e-05	-5.748002e-03	-1.698367e+00
2.470000e-05	-5.740729e-03	-1.663033e+00
2.471000e-05	-4.749726e-03	-1.598476e+00
2.472000e-05	-3.656841e-03	-1.455166e+00
2.473000e-05	-5.470646e-03	-1.328425e+00
2.474000e-05	-5.361180e-03	-1.231606e+00
2.475000e-05	-4.357850e-03	-1.117847e+00
2.476000e-05	-4.331541e-03	-1.063664e+00
2.477000e-05	-4.806653e-03	-9.798984e-01
2.478000e-05	-6.561142e-03	-9.047691e-01
2.479000e-05	-4.518085e-03	-8.005750e-01
2.480000e-05	-4.243947e-03	-7.694223e-01
2.481000e-05	-4.858658e-03	-6.751180e-01
2.482000e-05	-5.111302e-03	-5.668297e-01
2.483000e-05	-3.816334e-03	-4.121326e-01
2.484000e-05	-3.506775e-03	-3.784761e-01
2.485000e-05	-4.239792e-03	-3.063417e-01
2.486000e-05	-4.827322e-03	-2.126315e-01
2.487000e-05	-3.499656e-03	-2.000275e-01
2.488000e-05	-2.884376e-03	3.125000e-10
2.489000e-05	-4.643063e-04	-6.036161e-04
2.490000e-05	1.555162e-03	3.167782e-02
2.491000e-05	-9.198499e-04	1.862615e-01
2.492000e-05	1.835772e-04	3.342122e-01
2.493000e-05	-2.776057e-03	3.778675e-01
2.494000e-05	-1.858017e-03	4.115540e-01
2.495000e-05	-8.096349e-04	5.046385e-01
2.496000e-05	7.133965e-03	6.089739e-01
2.497000e-05	3.516523e-02	6.721547e-01
2.498000e-05	3.571123e-02	7.793701e-01
2.499000e-05	-3.755386e-02	8.721322e-01
2.500000e-05	-5.319209e-02	9.568163e-01
2.501000e-05	-7.442901e-02	1.065206e+00
2.502000e-05	3.988347e-02	1.148421e+00
2.503000e-05	8.976500e-02	1.251453e+00
2.504000e-05	-1.179337e-01	1.336288e+00
2.505000e-05	3.412966e-02	1.397997e+00
2.506000e-05	7.668303e-02	1.575888e+00
2.507000e-05	-3.990311e-02	1.704511e+00
2.508000e-05	2.193189e-02	1.666208e+00
2.509000e-05	-3.275705e-02	1.817994e+00
2.510000e-05	-7.255641e-02	1.873587e+00
2.511000e-05	8.471744e-02	1.957819e+00
2.512000e-05	3.946712e-02	1.990004e+00
2.513000e-05	-7.820358e-02	2.093605e+00
2.514000e-05	2.587036e-02	2.236870e+00
2.515000e-05	-1.408456e-02	2.232578e+00
2.516000e-05	5.818673e-02	2.334211e+00
2.517000e-05	-4.750974e-02	2.397873e+00
2.518000e-05	-4.886780e-02	2.433605e+00
2.519000e-05	6.247358e-02	2.607916e+00
2.520000e-05	3.529190e-02	2.685578e+00
2.521000e-05	-4.044972e-02	2.789344e+00
2.522000e-05	-3.709916e-02	2.841079e+00
2.523000e-05	3.355352e-02	2.945211e+00
2.524000e-05	2.599260e-02	2.979869e+00
2.525000e-05	-3.076943e-02	3.084586e+00
2.526000e-05	-3.212570e-03	3.146816e+00
2.527000e-05	1.800582e-02	3.189999e+00
2.528000e-05	7.255999e-03	3.233630e+00
2.529000e-05	6.126802e-03	3.377345e+00
2.530000e-05	-4.136433e-02	3.494036e+00
2.531000e-05	2.908284e-02	3.598366e+00
2.532000e-05	7.044407e-03	3.651474e+00
2.533000e-05	2.501565e-03	3.674611e+00
2.534000e-05	-1.622339e-02	3.767420e+00
2.535000e-05	7.995933e-03	3.853577e+00
2.536000e-05	1.564128e-02	3.936163e+00
2.537000e-05	-1.007418e-02	3.978324e+00
2.538000e-05	-4.180335e-03	4.051053e+00
2.539000e-05	4.407448e-03	4.097765e+00
2.540000e-05	1.416281e-02	4.221479e+00
2.541000e-05	5.185790e-04	4.315284e+00
2.542000e-05	-1.223884e-02	4.430975e+00
2.543000e-05	8.163556e-03	4.421628e+00
2.544000e-05	1.087776e-02	4.480238e+00
2.545000e-05	-3.101867e-04	4.589421e+00
2.546000e-05	-6.629104e-03	4.643102e+00
2.547000e-05	5.192013e-03	4.735764e+00
2.548000e-05	1.540879e-02	4.800320e+00
2.549000e-05	-6.467318e-03	4.864078e+00
2.550000e-05	-2.535844e-03	4.908689e+00
2.551000e-05	2.031924e-03	5.041532e+00
2.552000e-05	1.770127e-02	5.137166e+00
2.553000e-05	-4.714253e-03	5.208949e+00
2.554000e-05	-2.584875e-03	5.273649e+00
2.555000e-05	5.262204e-03	5.398347e+00
2.556000e-05	1.419245e-02	5.409372e+00
2.557000e-05	-1.215984e-03	5.473583e+00
2.558000e-05	-4.208843e-03	5.516744e+00
2.559000e-05	7.713296e-03	5.548900e+00
2.560000e-05	1.202204e-02	5.653504e+00
2.561000e-05	2.431870e-03	5.685185e+00
2.562000e-05	-4.548166e-03	5.787272e+00
2.563000e-05	7.054669e-03	5.862908e+00
2.564000e-05	1.098155e-02	5.917094e+00
2.565000e-05	4.433168e-03	5.969794e+00
2.566000e-05	-3.305579e-03	6.061924e+00
2.567000e-05	7.936511e-03	6.065134e+00
2.568000e-05	1.113572e-02	6.107741e+00
2.569000e-05	5.172290e-03	6.199298e+00
2.570000e-05	-3.089510e-03	6.221953e+00
2.571000e-05	6.156056e-03	6.274558e+00
2.572000e-05	1.038922e-02	6.335292e+00
2.573000e-05	6.552701e-03	6.358821e+00
2.574000e-05	4.414549e-04	6.401528e+00
2.575000e-05	6.837872e-03	6.463557e+00
2.576000e-05	1.108132e-02	6.517265e+00
2.577000e-05	7.818445e-03	6.559244e+00
2.578000e-05	2.174746e-04	6.590480e+00
2.579000e-05	6.373170e-03	6.724187e+00
2.580000e-05	1.055924e-02	6.737744e+00
2.581000e-05	8.774305e-03	6.777321e+00
2.582000e-05	2.784017e-03	6.819449e+00
2.583000e-05	6.692098e-03	6.883555e+00
2.584000e-05	1.259706e-02	6.894616e+00
2.585000e-05	9.266888e-03	6.916792e+00
2.586000e-05	4.474097e-03	6.938295e+00
2.587000e-05	7.480537e-03	6.998502e+00
2.588000e-05	1.337508e-02	7.063931e+00
2.589000e-05	9.708286e-03	7.064161e+00
2.590000e-05	5.056618e-03	7.105714e+00
2.591000e-05	8.576954e-03	7.187245e+00
2.592000e-05	1.333281e-02	7.199374e+00
2.593000e-05	1.046365e-02	7.230949e+00
2.594000e-05	6.693792e-03	7.262052e+00
2.595000e-05	9.116737e-03	7.284659e+00
2.596000e-05	1.344408e-02	7.316216e+00
2.597000e-05	1.125174e-02	7.399226e+00
2.598000e-05	8.981068e-03	7.440277e+00
2.599000e-05	1.026471e-02	7.430858e+00
2.600000e-05	1.528578e-02	7.493691e+00
2.601000e-05	1.375342e-02	7.534641e+00
2.602000e-05	1.019051e-02	7.556721e+00
2.603000e-05	1.176065e-02	7.558393e+00
2.604000e-05	1.472451e-02	7.618426e+00
2.605000e-05	1.523614e-02	7.653083e+00
2.606000e-05	1.231942e-02	7.673030e+00
2.607000e-05	1.315925e-02	7.665585e+00
2.608000e-05	1.644409e-02	7.726289e+00
2.609000e-05	1.651976e-02	7.795740e+00
2.610000e-05	1.400817e-02	7.747344e+00
2.611000e-05	1.436577e-02	7.797793e+00
2.612000e-05	1.833351e-02	7.758248e+00
2.613000e-05	1.794384e-02	7.841354e+00
2.614000e-05	1.723163e-02	7.819927e+00
2.615000e-05	1.684658e-02	7.862981e+00
2.616000e-05	2.024303e-02	7.842053e+00
2.617000e-05	1.969384e-02	7.864489e+00
2.618000e-05	1.951023e-02	7.891964e+00
2.619000e-05	1.825516e-02	7.886611e+00
2.620000e-05	2.116257e-02	7.937717e+00
2.621000e-05	2.165937e-02	7.924636e+00
2.622000e-05	2.199130e-02	7.947191e+00
2.623000e-05	2.191286e-02	7.937214e+00
2.624000e-05	2.643081e-02	7.967123e+00
2.625000e-05	2.613606e-02	7.977826e+00
2.626000e-05	2.565496e-02	7.949851e+00
2.627000e-05	2.417124e-02	7.966771e+00
2.628000e-05	2.748387e-02	7.990222e+00
2.629000e-05	2.913960e-02	7.957250e+00
2.630000e-05	3.035333e-02	7.979796e+00
2.631000e-05	2.832026e-02	7.989795e+00
2.632000e-05	3.247436e-02	7.938827e+00
2.633000e-05	3.171606e-02	7.977199e+00
2.634000e-05	3.370779e-02	7.988420e+00
2.635000e-05	3.106736e-02	7.956674e+00
2.636000e-05	3.452929e-02	7.940650e+00
2.637000e-05	3.399710e-02	7.998316e+00
2.638000e-05	3.488229e-02	7.917721e+00
2.639000e-05	3.296926e-02	7.925721e+00
2.640000e-05	3.357300e-02	7.936266e+00
2.641000e-05	3.351322e-02	7.873772e+00
2.642000e-05	3.235016e-02	7.923662e+00
2.643000e-05	3.224393e-02	7.884540e+00
2.644000e-05	3.045956e-02	7.845579e+00
2.645000e-05	3.254812e-02	7.852509e+00
2.646000e-05	2.970986e-02	7.809904e+00
2.647000e-05	2.919120e-02	7.812352e+00
2.648000e-05	2.862594e-02	7.790848e+00
2.649000e-05	2.913019e-02	7.757299e+00
2.650000e-05	2.638333e-02	7.776743e+00
2.651000e-05	2.523743e-02	7.726167e+00
2.652000e-05	2.504302e-02	7.705693e+00
2.653000e-05	2.540786e-02	7.686111e+00
2.654000e-05	2.334292e-02	7.653557e+00
2.655000e-05	2.177899e-02	7.612032e+00
2.656000e-05	2.174538e-02	7.578853e+00
2.657000e-05	2.207731e-02	7.610370e+00
2.658000e-05	1.993694e-02	7.557245e+00
2.659000e-05	1.835242e-02	7.487666e+00
2.660000e-05	1.906238e-02	7.424062e+00
2.661000e-05	1.885319e-02	7.452957e+00
2.662000e-05	1.781328e-02	7.360355e+00
2.663000e-05	1.604368e-02	7.338808e+00
2.664000e-05	1.687869e-02	7.328741e+00
2.665000e-05	1.628103e-02	7.265684e+00
2.666000e-05	1.525022e-02	7.254564e+00
2.667000e-05	1.348038e-02	7.252083e+00
2.668000e-05	1.474853e-02	7.169950e+00
2.669000e-05	1.361338e-02	7.167798e+00
2.670000e-05	1.201234e-02	7.107291e+00
2.671000e-05	1.083403e-02	7.083683e+00
2.672000e-05	1.154840e-02	7.053586e+00
2.673000e-05	1.159641e-02	7.010003e+00
2.674000e-05	1.028979e-02	6.958375e+00
2.675000e-05	1.043460e-02	6.917248e+00
2.676000e-05	1.036764e-02	6.876662e+00
2.677000e-05	1.070326e-02	6.903085e+00
2.678000e-05	8.600875e-03	6.821500e+00
2.679000e-05	8.668559e-03	6.819925e+00
2.680000e-05	8.624792e-03	6.739371e+00
2.681000e-05	8.326653e-03	6.676214e+00
2.682000e-05	7.056696e-03	6.672066e+00
2.683000e-05	7.207858e-03	6.579926e+00
2.684000e-05	7.200683e-03	6.556696e+00
2.685000e-05	7.725625e-03	6.464111e+00
2.686000e-05	6.473169e-03	6.420475e+00
2.687000e-05	5.172556e-03	6.388873e+00
2.688000e-05	5.910167e-03	6.326745e+00
2.689000e-05	5.710766e-03	6.274688e+00
2.690000e-05	6.375222e-03	6.242558e+00
2.691000e-05	4.001288e-03	6.179299e+00
2.692000e-05	5.195829e-03	6.116293e+00
2.693000e-05	6.492885e-03	6.093139e+00
2.694000e-05	4.816659e-03	6.053059e+00
2.695000e-05	3.354600e-03	6.000979e+00
2.696000e-05	3.876095e-03	5.947869e+00
2.697000e-05	4.829390e-03	5.854667e+00
2.698000e-05	4.355341e-03	5.818975e+00
2.699000e-05	3.508524e-03	5.736696e+00
2.700000e-05	3.205519e-03	5.632584e+00
2.701000e-05	4.686131e-03	5.571501e+00
2.702000e-05	3.861945e-03	5.547797e+00
2.703000e-05	2.348793e-03	5.485668e+00
2.704000e-05	2.747122e-03	5.422029e+00
2.705000e-05	3.949341e-03	5.357851e+00
2.706000e-05	3.318347e-03	5.297268e+00
2.707000e-05	2.098173e-03	5.232559e+00
2.708000e-05	3.005899e-03	5.149925e+00
2.709000e-05	2.699764e-03	5.124267e+00
2.710000e-05	2.504634e-03	4.979353e+00
2.711000e-05	1.694648e-03	4.885137e+00
2.712000e-05	2.340452e-03	4.831003e+00
2.713000e-05	2.714234e-03	4.768947e+00
2.714000e-05	2.519981e-03	4.705189e+00
2.715000e-05	7.142388e-04	4.611605e+00
2.716000e-05	2.362938e-03	4.588302e+00
2.717000e-05	1.665705e-03	4.505112e+00
2.718000e-05	2.191049e-03	4.432083e+00
2.719000e-05	1.406707e-03	4.400451e+00
2.720000e-05	1.898469e-03	4.316797e+00
2.721000e-05	1.199642e-03	4.202064e+00
2.722000e-05	8.840618e-04	4.105665e+00
2.723000e-05	-8.044031e-04	4.032583e+00
2.724000e-05	1.530132e-03	3.968977e+00
2.725000e-05	1.408023e-03	3.916216e+00
2.726000e-05	1.740805e-03	3.832089e+00
2.727000e-05	-3.519269e-04	3.739850e+00
2.728000e-05	1.131093e-03	3.695189e+00
2.729000e-05	3.577104e-04	3.612058e+00
2.730000e-05	3.684808e-04	3.588925e+00
2.731000e-05	-1.004637e-03	3.484795e+00
2.732000e-05	-9.649402e-05	3.359951e+00
2.733000e-05	4.745352e-04	3.283638e+00
2.734000e-05	-5.576885e-04	3.210530e+00
2.735000e-05	-1.509561e-03	3.177798e+00
2.736000e-05	-4.543341e-04	3.082762e+00
2.737000e-05	-9.043592e-04	2.999505e+00
2.738000e-05	-2.235879e-04	2.915792e+00
2.739000e-05	-1.111065e-03	2.841605e+00
2.740000e-05	-1.134271e-03	2.800026e+00
2.741000e-05	-3.843871e-04	2.736322e+00
2.742000e-05	-1.478939e-03	2.598139e+00
2.743000e-05	-1.466414e-03	2.455715e+00
2.744000e-05	-1.937671e-03	2.440135e+00
2.745000e-05	-1.627226e-03	2.307822e+00
2.746000e-05	-1.263903e-03	2.264739e+00
2.747000e-05	-2.343769e-03	2.200000e+00
2.748000e-05	-1.702126e-03	2.116770e+00
2.749000e-05	-1.195981e-03	2.052134e+00
2.750000e-05	-2.088195e-03	1.989454e+00
2.751000e-05	-3.078806e-03	1.894291e+00
2.752000e-05	-3.310750e-03	1.842125e+00
2.753000e-05	-2.764739e-03	1.766246e+00
2.754000e-05	-2.545076e-03	1.633734e+00
2.755000e-05	-2.531379e-03	1.609268e+00
2.756000e-05	-2.880306e-03	1.452120e+00
2.757000e-05	-2.116865e-03	1.359522e+00
2.758000e-05	-2.576585e-03	1.235715e+00
2.759000e-05	-2.729587e-03	1.188501e+00
2.760000e-05	-4.356023e-03	1.086841e+00
2.761000e-05	-3.034355e-03	9.779034e-01
2.762000e-05	-3.422336e-03	8.221551e-01
2.763000e-05	-2.511857e-03	7.900025e-01
2.764000e-05	-4.157832e-03	6.848156e-01
2.765000e-05	-3.110762e-03	6.220328e-01
2.766000e-05	-3.079664e-03	5.749196e-01
2.767000e-05	-3.144954e-03	4.507590e-01
2.768000e-05	-5.109148e-03	3.890289e-01
2.769000e-05	-3.482193e-03	3.358447e-01
2.770000e-05	-3.051367e-03	1.990637e-01
2.771000e-05	-3.019469e-03	1.028430e-01
2.772000e-05	-4.823138e-03	1.552566e-03
2.773000e-05	-4.154172e-03	-3.305414e-02
2.774000e-05	-1.714272e-04	-1.463160e-01
2.775000e-05	1.632047e-03	-2.089489e-01
2.776000e-05	-3.086873e-03	-2.856804e-01
2.777000e-05	-1.694621e-03	-3.568936e-01
2.778000e-05	-2.675613e-03	-4.199014e-01
2.779000e-05	-1.635610e-03	-5.036306e-01
2.780000e-05	-2.280243e-03	-5.894174e-01
2.781000e-05	2.688601e-02	-7.336561e-01
2.782000e-05	7.311220e-02	-8.199663e-01
2.783000e-05	-3.677331e-02	-8.936082e-01
2.784000e-05	-5.255895e-02	-1.039395e+00
2.785000e-05	-1.068345e-01	-1.115212e+00
2.786000e-05	4.403361e-02	-1.167892e+00
2.787000e-05	1.213026e-01	-1.169968e+00
2.788000e-05	-1.325728e-01	-1.304157e+00
2.789000e-05	6.312465e-02	-1.483053e+00
2.790000e-05	8.016116e-02	-1.514264e+00
2.791000e-05	-8.359087e-02	-1.629869e+00
2.792000e-05	3.551452e-02	-1.745261e+00
2.793000e-05	-1.651215e-03	-1.707845e+00
2.794000e-05	-1.461767e-01	-1.902449e+00
2.795000e-05	1.158610e-01	-1.957743e+00
2.796000e-05	5.605671e-02	-1.990045e+00
2.797000e-05	-1.274800e-01	-2.073107e+00
2.798000e-05	6.794619e-02	-2.085189e+00
2.799000e-05	-4.402742e-02	-2.241525e+00
2.800000e-05	5.551495e-02	-2.419948e+00
2.801000e-05	-2.315032e-02	-2.461051e+00
2.802000e-05	-1.233656e-01	-2.495658e+00
2.803000e-05	1.384958e-01	-2.641423e+00
2.804000e-05	1.279987e-02	-2.675180e+00
2.805000e-05	-9.406000e-02	-2.787344e+00
2.806000e-05	8.793509e-03	-2.800046e+00
2.807000e-05	-2.252644e-02	-2.915211e+00
2.808000e-05	8.330163e-02	-3.053501e+00
2.809000e-05	-8.710555e-02	-3.145158e+00
2.810000e-05	-2.203431e-02	-3.210369e+00
2.811000e-05	8.755476e-02	-3.253084e+00
2.812000e-05	-5.951727e-02	-3.397314e+00
2.813000e-05	2.806457e-02	-3.433452e+00
2.814000e-05	-8.191464e-02	-3.475107e+00
2.815000e-05	4.481597e-02	-3.587766e+00
2.816000e-05	3.197507e-02	-3.611452e+00
2.817000e-05	-7.083328e-02	-3.673632e+00
2.818000e-05	3.270537e-02	-3.769294e+00
2.819000e-05	-3.357814e-02	-3.893686e+00
2.820000e-05	4.086046e-02	-3.958345e+00
2.821000e-05	-4.021226e-02	-4.031553e+00
2.822000e-05	-3.102370e-02	-4.135706e+00
2.823000e-05	3.862916e-02	-4.189823e+00
2.824000e-05	-2.629367e-02	-4.243528e+00
2.825000e-05	1.837404e-02	-4.285286e+00
2.826000e-05	-5.814746e-02	-4.376870e+00
2.827000e-05	2.548223e-02	-4.422003e+00
2.828000e-05	6.793756e-03	-4.465184e+00
2.829000e-05	-2.842765e-02	-4.578265e+00
2.830000e-05	-4.212736e-03	-4.631026e+00
2.831000e-05	-1.978855e-02	-4.725606e+00
2.832000e-05	3.556911e-02	-4.777349e+00
2.833000e-05	-4.225156e-02	-4.833028e+00
2.834000e-05	-9.725321e-03	-4.927265e+00
2.835000e-05	-6.453451e-03	-4.999297e+00
2.836000e-05	1.038204e-02	-5.044060e+00
2.837000e-05	-1.289902e-02	-5.127742e+00
2.838000e-05	-3.166176e-02	-5.221398e+00
2.839000e-05	1.219039e-02	-5.294582e+00
2.840000e-05	-5.943554e-03	-5.360341e+00
2.841000e-05	-6.400348e-03	-5.484531e+00
2.842000e-05	-3.179640e-02	-5.568766e+00
2.843000e-05	5.689722e-03	-5.630996e+00
2.844000e-05	-1.092294e-03	-5.624479e+00
2.845000e-05	-1.371318e-02	-5.736740e+00
2.846000e-05	-2.215233e-02	-5.756869e+00
2.847000e-05	-7.062265e-03	-5.842453e+00
2.848000e-05	6.550507e-03	-5.885161e+00
2.849000e-05	-1.892948e-02	-5.947217e+00
2.850000e-05	-1.550682e-02	-5.999871e+00
2.851000e-05	-1.147308e-02	-6.054553e+00
2.852000e-05	5.701587e-03	-6.124660e+00
2.853000e-05	-1.724175e-02	-6.160319e+00
2.854000e-05	-1.854498e-02	-6.243407e+00
2.855000e-05	-1.080318e-02	-6.326612e+00
2.856000e-05	-6.544940e-04	-6.347691e+00
2.857000e-05	-1.181567e-02	-6.430998e+00
2.858000e-05	-2.111881e-02	-6.412552e+00
2.859000e-05	-8.912955e-03	-6.506084e+00
2.860000e-05	-4.406865e-03	-6.547192e+00
2.861000e-05	-9.122299e-03	-6.578821e+00
2.862000e-05	-2.191725e-02	-6.650977e+00
2.863000e-05	-9.417931e-03	-6.695160e+00
2.864000e-05	-6.567571e-03	-6.735711e+00
2.865000e-05	-1.027241e-02	-6.768870e+00
2.866000e-05	-2.220993e-02	-6.789849e+00
2.867000e-05	-1.331585e-02	-6.820551e+00
2.868000e-05	-5.622338e-03	-6.865586e+00
2.869000e-05	-1.214030e-02	-6.918219e+00
2.870000e-05	-1.932949e-02	-6.967819e+00
2.871000e-05	-1.605229e-02	-7.041953e+00
2.872000e-05	-6.616327e-03	-7.106510e+00
2.873000e-05	-1.256635e-02	-7.156717e+00
2.874000e-05	-1.989880e-02	-7.217819e+00
2.875000e-05	-1.706782e-02	-7.190978e+00
2.876000e-05	-9.695401e-03	-7.232456e+00
2.877000e-05	-1.372286e-02	-7.284533e+00
2.878000e-05	-2.048843e-02	-7.326686e+00
2.879000e-05	-1.828512e-02	-7.296667e+00
2.880000e-05	-1.006163e-02	-7.369795e+00
2.881000e-05	-1.412099e-02	-7.390400e+00
2.882000e-05	-2.058545e-02	-7.453403e+00
2.883000e-05	-1.960483e-02	-7.473057e+00
2.884000e-05	-1.354083e-02	-7.464211e+00
2.885000e-05	-1.652525e-02	-7.505538e+00
2.886000e-05	-2.219149e-02	-7.568219e+00
2.887000e-05	-2.037439e-02	-7.570796e+00
2.888000e-05	-1.477825e-02	-7.648451e+00
2.889000e-05	-1.600440e-02	-7.651403e+00
2.890000e-05	-2.070507e-02	-7.664058e+00
2.891000e-05	-2.157479e-02	-7.695540e+00
2.892000e-05	-1.700873e-02	-7.708688e+00
2.893000e-05	-1.852394e-02	-7.719215e+00
2.894000e-05	-2.388859e-02	-7.778298e+00
2.895000e-05	-2.289493e-02	-7.779923e+00
2.896000e-05	-1.969228e-02	-7.870405e+00
2.897000e-05	-1.964570e-02	-7.823934e+00
2.898000e-05	-2.480071e-02	-7.844459e+00
2.899000e-05	-2.352111e-02	-7.884066e+00
2.900000e-05	-2.153172e-02	-7.947440e+00
2.901000e-05	-2.256377e-02	-7.892589e+00
2.902000e-05	-2.646996e-02	-7.936267e+00
2.903000e-05	-2.796554e-02	-7.937270e+00
2.904000e-05	-2.432103e-02	-7.946770e+00
2.905000e-05	-2.530590e-02	-7.976821e+00
2.906000e-05	-2.828527e-02	-7.989891e+00
2.907000e-05	-2.927885e-02	-7.996901e+00
2.908000e-05	-2.753933e-02	-7.970399e+00
2.909000e-05	-2.798887e-02	-7.989854e+00
2.910000e-05	-3.086586e-02	-8.000930e+00
2.911000e-05	-3.294242e-02	-8.042425e+00
2.912000e-05	-3.168747e-02	-8.019449e+00
2.913000e-05	-3.262916e-02	-8.020954e+00
2.914000e-05	-3.496961e-02	-8.010528e+00
2.915000e-05	-3.712199e-02	-8.041050e+00
2.916000e-05	-3.478181e-02	-7.982379e+00
2.917000e-05	-3.482604e-02	-8.022899e+00
2.918000e-05	-3.822423e-02	-8.010004e+00
2.919000e-05	-3.941486e-02	-8.042554e+00
2.920000e-05	-3.887189e-02	-8.020451e+00
2.921000e-05	-3.745593e-02	-8.020924e+00
2.922000e-05	-4.090402e-02	-8.010949e+00
2.923000e-05	-4.008667e-02	-8.009828e+00
2.924000e-05	-3.916902e-02	-7.980770e+00
2.925000e-05	-3.716821e-02	-7.978296e+00
2.926000e-05	-3.855196e-02	-7.938770e+00
2.927000e-05	-4.021509e-02	-8.008195e+00
2.928000e-05	-3.886201e-02	-7.946087e+00
2.929000e-05	-3.651696e-02	-7.905617e+00
2.930000e-05	-3.883558e-02	-7.936132e+00
2.931000e-05	-3.721741e-02	-7.884087e+00
2.932000e-05	-3.622908e-02	-7.863013e+00
2.933000e-05	-3.292858e-02	-7.830957e+00
2.934000e-05	-3.346289e-02	-7.821257e+00
2.935000e-05	-3.228097e-02	-7.808799e+00
2.936000e-05	-3.171519e-02	-7.751222e+00
2.937000e-05	-2.998142e-02	-7.745671e+00
2.938000e-05	-3.232177e-02	-7.715711e+00
2.939000e-05	-3.071664e-02	-7.705043e+00
2.940000e-05	-2.959218e-02	-7.663033e+00
2.941000e-05	-2.715145e-02	-7.600950e+00
2.942000e-05	-2.661933e-02	-7.639950e+00
2.943000e-05	-2.589124e-02	-7.547322e+00
2.944000e-05	-2.354359e-02	-7.558217e+00
2.945000e-05	-2.392051e-02	-7.495090e+00
2.946000e-05	-2.512567e-02	-7.493608e+00
2.947000e-05	-2.671931e-02	-7.441060e+00
2.948000e-05	-2.369833e-02	-7.421955e+00
2.949000e-05	-2.263207e-02	-7.421474e+00
2.950000e-05	-2.174989e-02	-7.400322e+00
2.951000e-05	-2.062042e-02	-7.346222e+00
2.952000e-05	-1.821450e-02	-7.297087e+00
2.953000e-05	-1.734913e-02	-7.264584e+00
2.954000e-05	-2.053155e-02	-7.223556e+00
2.955000e-05	-2.209365e-02	-7.241505e+00
2.956000e-05	-2.038440e-02	-7.209374e+00
2.957000e-05	-1.753637e-02	-7.136247e+00
2.958000e-05	-1.808247e-02	-7.045667e+00
2.959000e-05	-1.732800e-02	-7.080532e+00
2.960000e-05	-1.647662e-02	-7.020906e+00
2.961000e-05	-1.276588e-02	-6.947795e+00
2.962000e-05	-1.555582e-02	-6.915188e+00
2.963000e-05	-1.655059e-02	-6.862053e+00
2.964000e-05	-1.654066e-02	-6.820980e+00
2.965000e-05	-1.467841e-02	-6.779848e+00
2.966000e-05	-1.490455e-02	-6.736217e+00
2.967000e-05	-1.506295e-02	-6.674638e+00
2.968000e-05	-1.293537e-02	-6.643055e+00
2.969000e-05	-1.134096e-02	-6.589426e+00
2.970000e-05	-1.323496e-02	-6.538322e+00
2.971000e-05	-1.316894e-02	-6.514517e+00
2.972000e-05	-1.328570e-02	-6.443137e+00
2.973000e-05	-1.229228e-02	-6.421480e+00
2.974000e-05	-1.457448e-02	-6.396902e+00
2.975000e-05	-1.312803e-02	-6.296192e+00
2.976000e-05	-1.109273e-02	-6.202007e+00
2.977000e-05	-1.050811e-02	-6.189376e+00
2.978000e-05	-1.092666e-02	-6.065721e+00
2.979000e-05	-1.193436e-02	-6.062555e+00
2.980000e-05	-1.020269e-02	-6.010429e+00
2.981000e-05	-1.061547e-02	-5.988299e+00
2.982000e-05	-1.201394e-02	-5.886242e+00
2.983000e-05	-1.155380e-02	-5.853085e+00
2.984000e-05	-1.013698e-02	-5.830878e+00
2.985000e-05	-9.194099e-03	-5.756770e+00
2.986000e-05	-1.129223e-02	-5.696163e+00
2.987000e-05	-1.044287e-02	-5.621454e+00
2.988000e-05	-9.616061e-03	-5.567877e+00
2.989000e-05	-9.112346e-03	-5.445169e+00
2.990000e-05	-9.198917e-03	-5.401533e+00
2.991000e-05	-9.378970e-03	-5.319217e+00
2.992000e-05	-9.493529e-03	-5.222559e+00
2.993000e-05	-9.819451e-03	-5.159923e+00
2.994000e-05	-9.743867e-03	-5.107218e+00
2.995000e-05	-9.100777e-03	-5.052606e+00
2.996000e-05	-8.688630e-03	-4.938923e+00
2.997000e-05	-7.773531e-03	-4.866038e+00
2.998000e-05	-8.636489e-03	-4.789883e+00
2.999000e-05	-8.143975e-03	-4.687633e+00
3.000000e-05	-9.363270e-03	-4.671485e+00
3.001000e-05	-8.777174e-03	-4.598975e+00
3.002000e-05	-8.452754e-03	-4.506768e+00
3.003000e-05	-8.273656e-03	-4.482584e+00
3.004000e-05	-7.395196e-03	-4.420979e+00
3.005000e-05	-7.308544e-03	-4.350420e+00
3.006000e-05	-7.864165e-03	-4.295113e+00
3.007000e-05	-7.548339e-03	-4.252532e+00
3.008000e-05	-7.886759e-03	-4.158400e+00
3.009000e-05	-7.608044e-03	-4.063639e+00
3.010000e-05	-7.590964e-03	-4.021503e+00
3.011000e-05	-7.331616e-03	-3.958897e+00
3.012000e-05	-6.965595e-03	-3.865664e+00
3.013000e-05	-7.708923e-03	-3.777801e+00
3.014000e-05	-7.073571e-03	-3.685089e+00
3.015000e-05	-7.794105e-03	-3.611003e+00
3.016000e-05	-7.151669e-03	-3.557771e+00
3.017000e-05	-6.505837e-03	-3.454614e+00
3.018000e-05	-7.448926e-03	-3.390428e+00
3.019000e-05	-6.026606e-03	-3.304840e+00
3.020000e-05	-7.260459e-03	-3.240608e+00
3.021000e-05	-5.808787e-03	-3.180504e+00
3.022000e-05	-6.330747e-03	-3.096296e+00
3.023000e-05	-6.600577e-03	-2.979977e+00
3.024000e-05	-6.708218e-03	-2.874139e+00
3.025000e-05	-6.289470e-03	-2.810576e+00
3.026000e-05	-6.177622e-03	-2.718372e+00
3.027000e-05	-6.206712e-03	-2.675717e+00
3.028000e-05	-5.504241e-03	-2.580503e+00
3.029000e-05	-5.072452e-03	-2.526764e+00
3.030000e-05	-5.599411e-03	-2.431033e+00
3.031000e-05	-5.483773e-03	-2.379401e+00
3.032000e-05	-5.707761e-03	-2.317797e+00
3.033000e-05	-5.551827e-03	-2.178900e+00
3.034000e-05	-6.058638e-03	-2.083138e+00
3.035000e-05	-5.586352e-03	-1.990475e+00
3.036000e-05	-5.408631e-03	-1.925370e+00
3.037000e-05	-5.101124e-03	-1.842609e+00
3.038000e-05	-4.621790e-03	-1.789997e+00
3.039000e-05	-4.684924e-03	-1.673688e+00
3.040000e-05	-4.488739e-03	-1.622327e+00
3.041000e-05	-5.489639e-03	-1.518897e+00
3.042000e-05	-4.670193e-03	-1.463589e+00
3.043000e-05	-5.714475e-03	-1.274243e+00
3.044000e-05	-4.707610e-03	-1.232052e+00
3.045000e-05	-5.203003e-03	-1.147316e+00
3.046000e-05	-4.140460e-03	-1.032109e+00
3.047000e-05	-4.933636e-03	-9.389210e-01
3.048000e-05	-4.615816e-03	-8.632391e-01
3.049000e-05	-4.935657e-03	-8.015025e-01
3.050000e-05	-4.094141e-03	-7.268884e-01
3.051000e-05	-4.604667e-03	-5.841352e-01
3.052000e-05	-4.197490e-03	-5.058205e-01
3.053000e-05	-3.208661e-03	-4.000038e-01
3.054000e-05	-3.734566e-03	-3.394223e-01
3.055000e-05	-4.265836e-03	-2.941852e-01
3.056000e-05	-3.496258e-03	-2.100773e-01
3.057000e-05	-4.150641e-03	-1.158694e-01
3.058000e-05	-2.209435e-03	-1.110395e-02
3.059000e-05	-3.490449e-05	-8.952372e-03
3.060000e-05	1.490594e-03	8.370716e-02
3.061000e-05	6.109296e-04	2.109226e-01
3.062000e-05	2.545397e-04	3.162398e-01
3.063000e-05	-2.654049e-03	3.999699e-01
3.064000e-05	-2.307502e-03	4.626506e-01
3.065000e-05	3.570368e-05	5.173372e-01
3.066000e-05	1.622445e-02	5.900028e-01
3.067000e-05	4.615884e-02	7.257836e-01
3.068000e-05	6.761852e-03	7.999664e-01
3.069000e-05	-4.412005e-02	8.837334e-01
3.070000e-05	-5.821178e-02	1.018444e+00
3.071000e-05	-6.049292e-02	1.164711e+00
3.072000e-05	1.055399e-01	1.207994e+00
3.073000e-05	2.671513e-03	1.263658e+00
3.074000e-05	-1.170398e-01	1.368871e+00
3.075000e-05	1.157459e-01	1.421623e+00
3.076000e-05	4.407001e-03	1.609423e+00
3.077000e-05	-2.685365e-02	1.665238e+00
3.078000e-05	3.316131e-02	1.757346e+00
3.079000e-05	-7.784086e-02	1.831549e+00
3.080000e-05	-1.989251e-02	1.894737e+00
3.081000e-05	1.146601e-01	1.976796e+00
3.082000e-05	-3.997214e-02	2.031579e+00
3.083000e-05	-3.692198e-02	2.095266e+00
3.084000e-05	9.512220e-03	2.209946e+00
3.085000e-05	7.802099e-03	2.262059e+00
3.086000e-05	4.156690e-02	2.315790e+00
3.087000e-05	-8.071602e-02	2.420551e+00
3.088000e-05	4.092882e-03	2.492658e+00
3.089000e-05	6.153859e-02	2.619875e+00
3.090000e-05	1.149208e-02	2.735760e+00
3.091000e-05	-5.215358e-02	2.801449e+00
3.092000e-05	-1.138642e-02	2.872685e+00
3.093000e-05	4.088125e-02	2.936190e+00
3.094000e-05	7.552294e-03	3.017948e+00
3.095000e-05	-3.719602e-02	3.115711e+00
3.096000e-05	1.727274e-02	3.167948e+00
3.097000e-05	5.055337e-03	3.220577e+00
3.098000e-05	1.729761e-02	3.273115e+00
3.099000e-05	-2.195293e-02	3.440399e+00
3.100000e-05	-1.892152e-02	3.535241e+00
3.101000e-05	3.161457e-02	3.589873e+00
3.102000e-05	1.697697e-03	3.652604e+00
3.103000e-05	-7.607775e-05	3.725268e+00
3.104000e-05	-1.751680e-02	3.779897e+00
3.105000e-05	2.109624e-02	3.894558e+00
3.106000e-05	1.671436e-03	3.936769e+00
3.107000e-05	-8.647722e-03	3.989448e+00
3.108000e-05	-4.990618e-03	4.052579e+00
3.109000e-05	1.111713e-02	4.158765e+00
3.110000e-05	1.183160e-02	4.272028e+00
3.111000e-05	-5.471677e-03	4.377719e+00
3.112000e-05	-9.374365e-03	4.400000e+00
3.113000e-05	1.327828e-02	4.472634e+00
3.114000e-05	4.609958e-03	4.547794e+00
3.115000e-05	-7.075419e-04	4.599919e+00
3.116000e-05	-8.192176e-03	4.724587e+00
3.117000e-05	1.555930e-02	4.737715e+00
3.118000e-05	6.253976e-03	4.778524e+00
3.119000e-05	-6.565395e-03	4.885485e+00
3.120000e-05	-2.572551e-03	4.988845e+00
3.121000e-05	9.478127e-03	5.101511e+00
3.122000e-05	1.360627e-02	5.145317e+00
3.123000e-05	-9.239191e-03	5.192554e+00
3.124000e-05	1.550902e-03	5.333637e+00
3.125000e-05	7.708834e-03	5.397822e+00
3.126000e-05	1.268209e-02	5.442478e+00
3.127000e-05	-8.742063e-03	5.494660e+00
3.128000e-05	1.132543e-03	5.538766e+00
3.129000e-05	8.634971e-03	5.598921e+00
3.130000e-05	1.317206e-02	5.663057e+00
3.131000e-05	-4.744844e-03	5.715711e+00
3.132000e-05	3.335886e-04	5.820404e+00
3.133000e-05	9.383509e-03	5.884107e+00
3.134000e-05	1.059429e-02	5.986241e+00
3.135000e-05	-1.168499e-03	6.020848e+00
3.136000e-05	-1.146719e-04	6.042583e+00
3.137000e-05	1.084619e-02	6.084161e+00
3.138000e-05	9.128753e-03	6.146316e+00
3.139000e-05	6.039305e-04	6.208898e+00
3.140000e-05	1.268993e-04	6.250556e+00
3.141000e-05	1.135717e-02	6.295240e+00
3.142000e-05	9.853258e-03	6.326766e+00
3.143000e-05	2.158932e-03	6.399419e+00
3.144000e-05	9.036966e-04	6.432556e+00
3.145000e-05	1.048760e-02	6.484106e+00
3.146000e-05	9.993737e-03	6.476716e+00
3.147000e-05	3.899301e-03	6.588273e+00
3.148000e-05	1.098442e-03	6.593112e+00
3.149000e-05	1.072321e-02	6.736609e+00
3.150000e-05	1.012555e-02	6.727742e+00
3.151000e-05	6.747446e-03	6.810797e+00
3.152000e-05	3.037184e-03	6.822026e+00
3.153000e-05	9.709808e-03	6.854158e+00
3.154000e-05	1.080821e-02	6.885111e+00
3.155000e-05	7.000050e-03	6.938221e+00
3.156000e-05	3.932358e-03	6.968420e+00
3.157000e-05	9.603476e-03	7.021901e+00
3.158000e-05	1.172736e-02	7.053053e+00
3.159000e-05	9.064140e-03	7.065012e+00
3.160000e-05	5.788672e-03	7.145314e+00
3.161000e-05	1.005829e-02	7.168871e+00
3.162000e-05	1.270820e-02	7.198871e+00
3.163000e-05	8.914111e-03	7.230957e+00
3.164000e-05	7.032689e-03	7.263557e+00
3.165000e-05	1.083992e-02	7.275112e+00
3.166000e-05	1.351876e-02	7.346185e+00
3.167000e-05	1.059661e-02	7.370372e+00
3.168000e-05	9.094650e-03	7.390862e+00
3.169000e-05	1.145468e-02	7.473559e+00
3.170000e-05	1.465075e-02	7.525586e+00
3.171000e-05	1.215251e-02	7.537788e+00
3.172000e-05	1.096575e-02	7.558771e+00
3.173000e-05	1.237439e-02	7.589373e+00
3.174000e-05	1.674739e-02	7.632478e+00
3.175000e-05	1.379748e-02	7.634029e+00
3.176000e-05	1.256517e-02	7.644082e+00
3.177000e-05	1.424660e-02	7.724210e+00
3.178000e-05	1.683959e-02	7.687190e+00
3.179000e-05	1.571665e-02	7.737767e+00
3.180000e-05	1.332575e-02	7.757740e+00
3.181000e-05	1.652121e-02	7.796274e+00
3.182000e-05	1.836157e-02	7.781375e+00
3.183000e-05	1.799875e-02	7.799499e+00
3.184000e-05	1.674185e-02	7.821952e+00
3.185000e-05	1.743291e-02	7.834532e+00
3.186000e-05	1.995843e-02	7.913987e+00
3.187000e-05	1.994555e-02	7.856461e+00
3.188000e-05	1.894412e-02	7.874135e+00
3.189000e-05	1.998094e-02	7.896640e+00
3.190000e-05	2.277853e-02	7.885116e+00
3.191000e-05	2.264129e-02	7.907092e+00
3.192000e-05	2.117698e-02	7.937194e+00
3.193000e-05	2.254262e-02	7.975262e+00
3.194000e-05	2.474755e-02	7.897321e+00
3.195000e-05	2.628711e-02	7.948694e+00
3.196000e-05	2.566486e-02	7.966222e+00
3.197000e-05	2.700215e-02	7.958322e+00
3.198000e-05	2.736704e-02	7.917645e+00
3.199000e-05	2.848657e-02	8.009799e+00
3.200000e-05	2.966011e-02	7.947796e+00
3.201000e-05	3.007963e-02	7.958796e+00
3.202000e-05	3.252792e-02	7.969302e+00
3.203000e-05	3.176842e-02	7.960320e+00
3.204000e-05	3.272358e-02	7.967774e+00
3.205000e-05	3.230093e-02	7.959921e+00
3.206000e-05	3.374926e-02	7.937370e+00
3.207000e-05	3.396176e-02	7.956721e+00
3.208000e-05	3.440182e-02	7.956717e+00
3.209000e-05	3.324703e-02	7.917739e+00
3.210000e-05	3.378727e-02	7.925166e+00
3.211000e-05	3.368809e-02	7.877090e+00
3.212000e-05	3.275778e-02	7.895610e+00
3.213000e-05	3.100286e-02	7.852037e+00
3.214000e-05	3.015045e-02	7.813559e+00
3.215000e-05	3.079612e-02	7.853011e+00
3.216000e-05	2.909745e-02	7.820956e+00
3.217000e-05	2.823957e-02	7.800930e+00
3.218000e-05	2.764229e-02	7.780798e+00
3.219000e-05	2.788266e-02	7.790344e+00
3.220000e-05	2.696428e-02	7.748322e+00
3.221000e-05	2.488771e-02	7.725667e+00
3.222000e-05	2.446263e-02	7.716141e+00
3.223000e-05	2.430079e-02	7.625161e+00
3.224000e-05	2.346119e-02	7.683083e+00
3.225000e-05	2.122096e-02	7.593531e+00
3.226000e-05	2.176746e-02	7.610376e+00
3.227000e-05	2.119253e-02	7.608376e+00
3.228000e-05	2.030979e-02	7.497271e+00
3.229000e-05	1.842592e-02	7.505170e+00
3.230000e-05	1.928035e-02	7.464962e+00
3.231000e-05	1.824300e-02	7.421387e+00
3.232000e-05	1.766118e-02	7.338279e+00
3.233000e-05	1.582129e-02	7.348226e+00
3.234000e-05	1.673149e-02	7.305167e+00
3.235000e-05	1.527586e-02	7.285094e+00
3.236000e-05	1.452043e-02	7.251128e+00
3.237000e-05	1.426420e-02	7.230906e+00
3.238000e-05	1.318300e-02	7.188975e+00
3.239000e-05	1.355907e-02	7.116795e+00
3.240000e-05	1.171910e-02	7.115769e+00
3.241000e-05	1.203666e-02	7.115165e+00
3.242000e-05	1.172562e-02	7.063037e+00
3.243000e-05	1.142052e-02	7.010453e+00
3.244000e-05	1.123010e-02	6.966848e+00
3.245000e-05	9.863442e-03	6.934741e+00
3.246000e-05	1.010999e-02	6.884139e+00
3.247000e-05	1.047492e-02	6.864011e+00
3.248000e-05	8.490931e-03	6.791927e+00
3.249000e-05	8.758204e-03	6.750446e+00
3.250000e-05	7.770485e-03	6.756244e+00
3.251000e-05	9.123387e-03	6.665637e+00
3.252000e-05	7.923339e-03	6.628854e+00
3.253000e-05	8.094552e-03	6.528381e+00
3.254000e-05	7.542413e-03	6.513716e+00
3.255000e-05	6.421266e-03	6.444989e+00
3.256000e-05	6.068344e-03	6.410976e+00
3.257000e-05	6.098171e-03	6.357873e+00
3.258000e-05	5.196189e-03	6.314721e+00
3.259000e-05	5.752057e-03	6.254661e+00
3.260000e-05	5.213162e-03	6.192430e+00
3.261000e-05	5.781532e-03	6.127847e+00
3.262000e-05	5.353880e-03	6.105745e+00
3.263000e-05	4.425169e-03	6.073611e+00
3.264000e-05	4.582068e-03	6.040058e+00
3.265000e-05	5.192819e-03	5.979874e+00
3.266000e-05	4.873517e-03	5.926795e+00
3.267000e-05	3.501799e-03	5.813635e+00
3.268000e-05	3.902003e-03	5.757875e+00
3.269000e-05	3.776497e-03	5.684639e+00
3.270000e-05	2.884701e-03	5.640979e+00
3.271000e-05	3.269172e-03	5.619271e+00
3.272000e-05	3.153979e-03	5.526820e+00
3.273000e-05	3.306403e-03	5.464138e+00
3.274000e-05	3.597915e-03	5.439529e+00
3.275000e-05	2.754695e-03	5.347349e+00
3.276000e-05	2.177654e-03	5.274241e+00
3.277000e-05	2.244700e-03	5.201461e+00
3.278000e-05	3.319510e-03	5.146848e+00
3.279000e-05	2.284523e-03	5.022562e+00
3.280000e-05	1.099078e-03	4.947299e+00
3.281000e-05	2.772001e-03	4.874617e+00
3.282000e-05	2.936294e-03	4.789982e+00
3.283000e-05	2.417728e-03	4.768840e+00
3.284000e-05	1.510362e-03	4.663163e+00
3.285000e-05	1.438341e-03	4.590455e+00
3.286000e-05	2.884340e-03	4.517793e+00
3.287000e-05	1.112975e-03	4.454136e+00
3.288000e-05	8.990134e-04	4.400980e+00
3.289000e-05	5.494272e-04	4.388375e+00
3.290000e-05	2.018822e-03	4.244842e+00
3.291000e-05	1.269594e-03	4.180429e+00
3.292000e-05	9.636151e-04	4.096188e+00
3.293000e-05	1.388948e-03	4.010529e+00
3.294000e-05	5.102021e-04	3.967893e+00
3.295000e-05	6.446256e-04	3.894735e+00
3.296000e-05	4.723020e-04	3.832004e+00
3.297000e-05	6.870964e-04	3.726372e+00
3.298000e-05	-2.352239e-04	3.664082e+00
3.299000e-05	5.152759e-04	3.610030e+00
3.300000e-05	-5.426975e-04	3.527425e+00
3.301000e-05	-7.371882e-04	3.482608e+00
3.302000e-05	-2.942173e-04	3.327346e+00
3.303000e-05	1.178446e-03	3.252161e+00
3.304000e-05	-5.405337e-04	3.161027e+00
3.305000e-05	-1.580273e-03	3.106269e+00
3.306000e-05	-2.332855e-03	3.063530e+00
3.307000e-05	1.357147e-03	2.959451e+00
3.308000e-05	-3.013015e-03	2.914663e+00
3.309000e-05	-9.434729e-04	2.830556e+00
3.310000e-05	-1.623940e-03	2.750001e+00
3.311000e-05	1.441309e-03	2.664718e+00
3.312000e-05	-8.611731e-04	2.566982e+00
3.313000e-05	-2.343954e-03	2.473737e+00
3.314000e-05	-1.263456e-03	2.369976e+00
3.315000e-05	-2.295377e-03	2.305366e+00
3.316000e-05	-1.596169e-03	2.221608e+00
3.317000e-05	-4.845904e-03	2.198802e+00
3.318000e-05	-1.993354e-04	2.043239e+00
3.319000e-05	-5.359071e-04	2.010984e+00
3.320000e-05	-8.365455e-04	1.970022e+00
3.321000e-05	-2.619305e-03	1.864189e+00
3.322000e-05	-1.287511e-03	1.778028e+00
3.323000e-05	-3.042332e-03	1.695738e+00
3.324000e-05	-4.959283e-03	1.651058e+00
3.325000e-05	-3.458311e-03	1.537270e+00
3.326000e-05	-2.648105e-03	1.381053e+00
3.327000e-05	-1.011282e-03	1.317792e+00
3.328000e-05	-3.042365e-03	1.233189e+00
3.329000e-05	-1.550838e-03	1.157900e+00
3.330000e-05	-4.218488e-03	1.072213e+00
3.331000e-05	-1.459620e-03	9.169470e-01
3.332000e-05	-6.219028e-03	8.016326e-01
3.333000e-05	-2.527202e-03	7.904735e-01
3.334000e-05	-5.426614e-03	6.753103e-01
3.335000e-05	-1.070441e-03	6.000049e-01
3.336000e-05	-4.427694e-03	5.152646e-01
3.337000e-05	-3.194085e-03	4.031103e-01
3.338000e-05	-3.938009e-03	3.684499e-01
3.339000e-05	-2.703028e-03	3.038946e-01
3.340000e-05	-3.651019e-03	1.484786e-01
3.341000e-05	-4.224401e-03	5.163908e-02
3.342000e-05	-4.941931e-03	-1.949888e-02
3.343000e-05	-2.448358e-03	-8.418065e-02
3.344000e-05	3.757294e-04	-1.589149e-01
3.345000e-05	-4.646148e-04	-2.525277e-01
3.346000e-05	-2.176678e-03	-2.952107e-01
3.347000e-05	-2.860316e-03	-3.904438e-01
3.348000e-05	-2.843455e-03	-4.225013e-01
3.349000e-05	-4.383030e-03	-5.232856e-01
3.350000e-05	3.861280e-03	-6.318252e-01
3.351000e-05	4.818792e-02	-7.473884e-01
3.352000e-05	4.338677e-02	-8.305265e-01
3.353000e-05	-5.565289e-02	-9.362597e-01
3.354000e-05	-6.513128e-02	-1.043603e+00
3.355000e-05	-1.041401e-01	-1.158789e+00
3.356000e-05	1.382780e-01	-1.147866e+00
3.357000e-05	2.413748e-02	-1.209418e+00
3.358000e-05	-1.214032e-01	-1.408818e+00
3.359000e-05	1.242055e-01	-1.475209e+00
3.360000e-05	-1.100911e-02	-1.516236e+00
3.361000e-05	-7.368471e-02	-1.663628e+00
3.362000e-05	8.913931e-02	-1.718339e+00
3.363000e-05	-9.871463e-02	-1.788893e+00
3.364000e-05	-8.504881e-02	-1.894108e+00
3.365000e-05	1.496956e-01	-1.976317e+00
3.366000e-05	-6.471852e-02	-2.009451e+00
3.367000e-05	-4.989609e-02	-2.105236e+00
3.368000e-05	5.164126e-02	-2.186766e+00
3.369000e-05	-4.686284e-02	-2.355656e+00
3.370000e-05	8.356767e-02	-2.421526e+00
3.371000e-05	-1.122986e-01	-2.432104e+00
3.372000e-05	-2.906717e-02	-2.556663e+00
3.373000e-05	1.444084e-01	-2.640973e+00
3.374000e-05	-7.198016e-02	-2.735190e+00
3.375000e-05	-3.336752e-02	-2.758396e+00
3.376000e-05	-1.268137e-02	-2.832030e+00
3.377000e-05	1.906993e-02	-2.938286e+00
3.378000e-05	5.772122e-02	-3.074459e+00
3.379000e-05	-1.284604e-01	-3.156269e+00
3.380000e-05	6.419354e-02	-3.209975e+00
3.381000e-05	1.660721e-02	-3.305110e+00
3.382000e-05	-2.801131e-02	-3.388393e+00
3.383000e-05	3.389840e-03	-3.451976e+00
3.384000e-05	-7.510233e-02	-3.514662e+00
3.385000e-05	9.320504e-02	-3.588796e+00
3.386000e-05	-4.106777e-02	-3.613055e+00
3.387000e-05	-2.439547e-02	-3.696163e+00
3.388000e-05	1.197873e-02	-3.859528e+00
3.389000e-05	-2.123939e-02	-3.966765e+00
3.390000e-05	4.186004e-02	-4.020973e+00
3.391000e-05	-7.654020e-02	-4.042602e+00
3.392000e-05	2.195207e-02	-4.145187e+00
3.393000e-05	6.644459e-03	-4.200921e+00
3.394000e-05	-5.810536e-03	-4.284032e+00
3.395000e-05	-4.885413e-03	-4.337291e+00
3.396000e-05	-5.099568e-02	-4.399374e+00
3.397000e-05	4.925181e-02	-4.423128e+00
3.398000e-05	-2.906391e-02	-4.496689e+00
3.399000e-05	-6.336347e-03	-4.560295e+00
3.400000e-05	-2.224678e-02	-4.653558e+00
3.401000e-05	8.925368e-03	-4.735212e+00
3.402000e-05	1.236741e-02	-4.758846e+00
3.403000e-05	-4.552038e-02	-4.894032e+00
3.404000e-05	3.044220e-03	-4.938164e+00
3.405000e-05	-9.452744e-03	-5.001049e+00
3.406000e-05	1.565058e-02	-5.106165e+00
3.407000e-05	-3.472641e-02	-5.148795e+00
3.408000e-05	-1.027779e-02	-5.233974e+00
3.409000e-05	5.265360e-03	-5.317614e+00
3.410000e-05	-4.671466e-03	-5.391797e+00
3.411000e-05	-1.816151e-02	-5.524061e+00
3.412000e-05	-2.326916e-02	-5.588820e+00
3.413000e-05	1.229268e-02	-5.641503e+00
3.414000e-05	-8.923946e-03	-5.693159e+00
3.415000e-05	-1.334827e-02	-5.769260e+00
3.416000e-05	-2.316745e-02	-5.768797e+00
3.417000e-05	6.190148e-03	-5.852529e+00
3.418000e-05	-5.887323e-03	-5.935688e+00
3.419000e-05	-1.970220e-02	-5.947770e+00
3.420000e-05	-1.788508e-02	-6.000951e+00
3.421000e-05	-4.491430e-03	-6.074556e+00
3.422000e-05	1.262974e-03	-6.115659e+00
3.423000e-05	-2.095540e-02	-6.200849e+00
3.424000e-05	-1.318747e-02	-6.242555e+00
3.425000e-05	-6.594367e-03	-6.334641e+00
3.426000e-05	-1.607651e-04	-6.378344e+00
3.427000e-05	-1.992066e-02	-6.432479e+00
3.428000e-05	-1.799917e-02	-6.484108e+00
3.429000e-05	-8.970557e-03	-6.566189e+00
3.430000e-05	-4.636315e-03	-6.569245e+00
3.431000e-05	-1.636487e-02	-6.600352e+00
3.432000e-05	-1.809452e-02	-6.652558e+00
3.433000e-05	-5.039077e-03	-6.715186e+00
3.434000e-05	-5.913801e-03	-6.787814e+00
3.435000e-05	-1.421761e-02	-6.777771e+00
3.436000e-05	-2.213954e-02	-6.800400e+00
3.437000e-05	-1.031645e-02	-6.874605e+00
3.438000e-05	-9.412633e-03	-6.904113e+00
3.439000e-05	-1.581769e-02	-6.968766e+00
3.440000e-05	-1.932166e-02	-7.028696e+00
3.441000e-05	-9.981352e-03	-7.012532e+00
3.442000e-05	-6.626019e-03	-7.134089e+00
3.443000e-05	-1.574401e-02	-7.166743e+00
3.444000e-05	-2.016238e-02	-7.219847e+00
3.445000e-05	-1.563516e-02	-7.231428e+00
3.446000e-05	-1.043623e-02	-7.254607e+00
3.447000e-05	-1.625627e-02	-7.283611e+00
3.448000e-05	-1.937268e-02	-7.337191e+00
3.449000e-05	-1.494306e-02	-7.358695e+00
3.450000e-05	-1.142537e-02	-7.360795e+00
3.451000e-05	-1.659962e-02	-7.440925e+00
3.452000e-05	-2.176788e-02	-7.402479e+00
3.453000e-05	-1.711509e-02	-7.443056e+00
3.454000e-05	-1.323796e-02	-7.484666e+00
3.455000e-05	-1.807437e-02	-7.526191e+00
3.456000e-05	-2.095914e-02	-7.557766e+00
3.457000e-05	-1.792604e-02	-7.610299e+00
3.458000e-05	-1.396764e-02	-7.630924e+00
3.459000e-05	-1.975740e-02	-7.682979e+00
3.460000e-05	-2.211063e-02	-7.705087e+00
3.461000e-05	-2.101449e-02	-7.735592e+00
3.462000e-05	-1.605288e-02	-7.727117e+00
3.463000e-05	-2.036097e-02	-7.787217e+00
3.464000e-05	-2.418259e-02	-7.789751e+00
3.465000e-05	-2.190423e-02	-7.830829e+00
3.466000e-05	-1.946195e-02	-7.821429e+00
3.467000e-05	-2.129014e-02	-7.882414e+00
3.468000e-05	-2.503227e-02	-7.873986e+00
3.469000e-05	-2.390367e-02	-7.926610e+00
3.470000e-05	-2.177502e-02	-7.876037e+00
3.471000e-05	-2.395077e-02	-7.945241e+00
3.472000e-05	-2.743521e-02	-7.886143e+00
3.473000e-05	-2.627344e-02	-7.947744e+00
3.474000e-05	-2.435063e-02	-7.968324e+00
3.475000e-05	-2.570493e-02	-7.988320e+00
3.476000e-05	-3.083626e-02	-7.969299e+00
3.477000e-05	-2.812763e-02	-8.020398e+00
3.478000e-05	-2.875818e-02	-7.989846e+00
3.479000e-05	-2.916477e-02	-8.009799e+00
3.480000e-05	-3.328565e-02	-7.991380e+00
3.481000e-05	-3.245967e-02	-8.030398e+00
3.482000e-05	-3.056639e-02	-8.000928e+00
3.483000e-05	-3.236249e-02	-8.001532e+00
3.484000e-05	-3.575431e-02	-8.040930e+00
3.485000e-05	-3.653028e-02	-8.023429e+00
3.486000e-05	-3.546633e-02	-8.011451e+00
3.487000e-05	-3.693886e-02	-8.021998e+00
3.488000e-05	-3.911385e-02	-8.031053e+00
3.489000e-05	-3.887390e-02	-8.001452e+00
3.490000e-05	-3.770538e-02	-8.031955e+00
3.491000e-05	-3.775326e-02	-7.969903e+00
3.492000e-05	-3.980049e-02	-7.989924e+00
3.493000e-05	-3.971943e-02	-8.027872e+00
3.494000e-05	-3.919165e-02	-7.969848e+00
3.495000e-05	-3.891360e-02	-7.940867e+00
3.496000e-05	-3.984207e-02	-7.957217e+00
3.497000e-05	-3.863519e-02	-7.937792e+00
3.498000e-05	-3.811257e-02	-7.877091e+00
3.499000e-05	-3.657683e-02	-7.905613e+00
3.500000e-05	-3.725185e-02	-7.834241e+00
3.501000e-05	-3.675705e-02	-7.873936e+00
3.502000e-05	-3.472956e-02	-7.862438e+00
3.503000e-05	-3.349646e-02	-7.812458e+00
3.504000e-05	-3.170404e-02	-7.779829e+00
3.505000e-05	-3.310913e-02	-7.760324e+00
3.506000e-05	-3.067035e-02	-7.768844e+00
3.507000e-05	-3.113159e-02	-7.739243e+00
3.508000e-05	-3.077099e-02	-7.716542e+00
3.509000e-05	-2.951835e-02	-7.675034e+00
3.510000e-05	-2.935191e-02	-7.642908e+00
3.511000e-05	-2.714859e-02	-7.571050e+00
3.512000e-05	-2.585924e-02	-7.578351e+00
3.513000e-05	-2.501880e-02	-7.576267e+00
3.514000e-05	-2.489134e-02	-7.525096e+00
3.515000e-05	-2.527356e-02	-7.475641e+00
3.516000e-05	-2.350688e-02	-7.473634e+00
3.517000e-05	-2.334104e-02	-7.433954e+00
3.518000e-05	-2.392442e-02	-7.421979e+00
3.519000e-05	-2.290328e-02	-7.377325e+00
3.520000e-05	-2.042073e-02	-7.338294e+00
3.521000e-05	-1.997436e-02	-7.305638e+00
3.522000e-05	-2.029582e-02	-7.305188e+00
3.523000e-05	-2.000706e-02	-7.283083e+00
3.524000e-05	-1.844932e-02	-7.212458e+00
3.525000e-05	-1.900518e-02	-7.221404e+00
3.526000e-05	-1.862236e-02	-7.118449e+00
3.527000e-05	-1.862561e-02	-7.117745e+00
3.528000e-05	-1.662218e-02	-7.075615e+00
3.529000e-05	-1.658123e-02	-7.011455e+00
3.530000e-05	-1.737893e-02	-6.930352e+00
3.531000e-05	-1.624918e-02	-6.916768e+00
3.532000e-05	-1.517526e-02	-6.896058e+00
3.533000e-05	-1.577574e-02	-6.843008e+00
3.534000e-05	-1.677840e-02	-6.829450e+00
3.535000e-05	-1.474275e-02	-6.756274e+00
3.536000e-05	-1.426208e-02	-6.696192e+00
3.537000e-05	-1.257389e-02	-6.653612e+00
3.538000e-05	-1.484830e-02	-6.613006e+00
3.539000e-05	-1.345112e-02	-6.590375e+00
3.540000e-05	-1.259868e-02	-6.516568e+00
3.541000e-05	-1.154132e-02	-6.483664e+00
3.542000e-05	-1.392342e-02	-6.451988e+00
3.543000e-05	-1.315080e-02	-6.399453e+00
3.544000e-05	-1.220590e-02	-6.356297e+00
3.545000e-05	-1.163014e-02	-6.296094e+00
3.546000e-05	-1.269793e-02	-6.191479e+00
3.547000e-05	-1.121710e-02	-6.178224e+00
3.548000e-05	-1.073810e-02	-6.105691e+00
3.549000e-05	-1.061444e-02	-6.043005e+00
3.550000e-05	-1.241350e-02	-5.980950e+00
3.551000e-05	-1.086161e-02	-5.937792e+00
3.552000e-05	-1.140138e-02	-5.855716e+00
3.553000e-05	-1.073330e-02	-5.822528e+00
3.554000e-05	-1.051382e-02	-5.758875e+00
3.555000e-05	-1.120855e-02	-5.697293e+00
3.556000e-05	-9.398710e-03	-5.643609e+00
3.557000e-05	-9.406046e-03	-5.611454e+00
3.558000e-05	-9.168888e-03	-5.509350e+00
3.559000e-05	-9.972933e-03	-5.456089e+00
3.560000e-05	-9.337210e-03	-5.380898e+00
3.561000e-05	-8.975997e-03	-5.274690e+00
3.562000e-05	-9.858949e-03	-5.212033e+00
3.563000e-05	-9.002218e-03	-5.148378e+00
3.564000e-05	-9.325089e-03	-5.085091e+00
3.565000e-05	-8.111839e-03	-5.002957e+00
3.566000e-05	-9.136460e-03	-4.927369e+00
3.567000e-05	-9.219041e-03	-4.853004e+00
3.568000e-05	-9.124209e-03	-4.737823e+00
3.569000e-05	-7.497274e-03	-4.714134e+00
3.570000e-05	-8.523108e-03	-4.601030e+00
3.571000e-05	-8.815516e-03	-4.547902e+00
3.572000e-05	-8.283788e-03	-4.484236e+00
3.573000e-05	-6.913968e-03	-4.431532e+00
3.574000e-05	-7.669301e-03	-4.389976e+00
3.575000e-05	-8.596282e-03	-4.328342e+00
3.576000e-05	-8.796212e-03	-4.223611e+00
3.577000e-05	-6.413601e-03	-4.190528e+00
3.578000e-05	-7.588340e-03	-4.106292e+00
3.579000e-05	-7.653665e-03	-4.055007e+00
3.580000e-05	-7.489183e-03	-4.000029e+00
3.581000e-05	-6.652438e-03	-3.917295e+00
3.582000e-05	-6.745147e-03	-3.833009e+00
3.583000e-05	-7.747451e-03	-3.714849e+00
3.584000e-05	-7.659153e-03	-3.651083e+00
3.585000e-05	-5.818347e-03	-3.589974e+00
3.586000e-05	-6.846562e-03	-3.505818e+00
3.587000e-05	-5.417847e-03	-3.433057e+00
3.588000e-05	-6.887640e-03	-3.358847e+00
3.589000e-05	-5.426385e-03	-3.295686e+00
3.590000e-05	-7.629717e-03	-3.233030e+00
3.591000e-05	-6.625987e-03	-3.116898e+00
3.592000e-05	-7.519096e-03	-3.056162e+00
3.593000e-05	-6.110563e-03	-2.929877e+00
3.594000e-05	-6.621294e-03	-2.863560e+00
3.595000e-05	-5.187481e-03	-2.789475e+00
3.596000e-05	-4.433584e-03	-2.706391e+00
3.597000e-05	-7.450052e-03	-2.632509e+00
3.598000e-05	-4.965669e-03	-2.558424e+00
3.599000e-05	-8.084935e-03	-2.475736e+00
3.600000e-05	-4.889246e-03	-2.410529e+00
3.601000e-05	-6.790060e-03	-2.326475e+00
3.602000e-05	-5.316142e-03	-2.215158e+00
3.603000e-05	-5.456628e-03	-2.116324e+00
3.604000e-05	-4.697993e-03	-2.012581e+00
3.605000e-05	-5.665300e-03	-1.958425e+00
3.606000e-05	-5.665128e-03	-1.916792e+00
3.607000e-05	-5.461898e-03	-1.822005e+00
3.608000e-05	-5.501636e-03	-1.705868e+00
3.609000e-05	-4.993908e-03	-1.632137e+00
3.610000e-05	-5.767016e-03	-1.560450e+00
3.611000e-05	-3.904791e-03	-1.487772e+00
3.612000e-05	-5.531887e-03	-1.368974e+00
3.613000e-05	-4.755722e-03	-1.243615e+00
3.614000e-05	-6.527858e-03	-1.187400e+00
3.615000e-05	-4.142573e-03	-1.076268e+00
3.616000e-05	-4.880577e-03	-1.019051e+00
3.617000e-05	-3.533130e-03	-8.568132e-01
3.618000e-05	-5.521317e-03	-8.122339e-01
3.619000e-05	-4.276944e-03	-7.694261e-01
3.620000e-05	-3.906926e-03	-6.968231e-01
3.621000e-05	-4.224042e-03	-5.384782e-01
3.622000e-05	-4.967892e-03	-4.327315e-01
3.623000e-05	-3.568579e-03	-3.699798e-01
3.624000e-05	-4.890676e-03	-3.073433e-01
3.625000e-05	-3.683036e-03	-2.522103e-01
3.626000e-05	-5.565102e-03	-1.688772e-01
3.627000e-05	-2.885702e-03	-7.626415e-02
3.628000e-05	5.131809e-05	-1.152882e-02
3.629000e-05	3.608733e-03	5.057539e-02
3.630000e-05	-1.791272e-04	7.573842e-02
3.631000e-05	-1.615690e-03	2.525018e-01
3.632000e-05	-1.378435e-03	3.468437e-01
3.633000e-05	-4.289534e-03	4.105215e-01
3.634000e-05	-1.273507e-03	4.532079e-01
3.635000e-05	8.219040e-04	5.487661e-01
3.636000e-05	2.978609e-02	6.410792e-01
3.637000e-05	4.879042e-02	7.758150e-01
3.638000e-05	-2.033469e-02	8.515542e-01
3.639000e-05	-5.108749e-02	9.152372e-01
3.640000e-05	-6.997044e-02	1.081178e+00
3.641000e-05	-1.178506e-02	1.156817e+00
3.642000e-05	1.210393e-01	1.220948e+00
3.643000e-05	-8.335987e-02	1.336661e+00
3.644000e-05	-4.341694e-02	1.369895e+00
3.645000e-05	1.205509e-01	1.504706e+00
3.646000e-05	-2.941753e-02	1.641523e+00
3.647000e-05	1.869839e-03	1.705708e+00
3.648000e-05	3.176807e-03	1.787291e+00
3.649000e-05	-8.846870e-02	1.863132e+00
3.650000e-05	4.124620e-02	1.925814e+00
3.651000e-05	8.980803e-02	1.988995e+00
3.652000e-05	-8.311315e-02	2.081653e+00
3.653000e-05	1.456550e-02	2.147312e+00
3.654000e-05	-1.175201e-02	2.220575e+00
3.655000e-05	4.606338e-02	2.272108e+00
3.656000e-05	-9.949199e-03	2.377840e+00
3.657000e-05	-7.179622e-02	2.461578e+00
3.658000e-05	4.700010e-02	2.505736e+00
3.659000e-05	4.689784e-02	2.612558e+00
3.660000e-05	-2.309110e-02	2.787288e+00
3.661000e-05	-4.786453e-02	2.830625e+00
3.662000e-05	1.918817e-02	2.863183e+00
3.663000e-05	3.244471e-02	2.968392e+00
3.664000e-05	-1.682029e-02	3.031527e+00
3.665000e-05	-2.019147e-02	3.127291e+00
3.666000e-05	2.411530e-02	3.228473e+00
3.667000e-05	-7.497533e-04	3.241030e+00
3.668000e-05	1.658277e-02	3.344164e+00
3.669000e-05	-4.076937e-02	3.443003e+00
3.670000e-05	1.508438e-02	3.557770e+00
3.671000e-05	1.587139e-02	3.589975e+00
3.672000e-05	5.806047e-05	3.683187e+00
3.673000e-05	-7.792214e-03	3.746768e+00
3.674000e-05	-3.378947e-03	3.841527e+00
3.675000e-05	2.026219e-02	3.894714e+00
3.676000e-05	-8.012159e-03	3.988346e+00
3.677000e-05	-4.850144e-03	4.040975e+00
3.678000e-05	3.045198e-04	4.104635e+00
3.679000e-05	1.250834e-02	4.177847e+00
3.680000e-05	4.760524e-03	4.343664e+00
3.681000e-05	-1.024517e-02	4.398798e+00
3.682000e-05	9.862031e-04	4.422029e+00
3.683000e-05	1.351463e-02	4.513686e+00
3.684000e-05	7.270450e-04	4.546244e+00
3.685000e-05	-2.694137e-03	4.642027e+00
3.686000e-05	-1.884313e-03	4.685761e+00
3.687000e-05	1.798279e-02	4.767846e+00
3.688000e-05	-5.057988e-03	4.851502e+00
3.689000e-05	-2.779503e-03	4.895636e+00
3.690000e-05	-1.019031e-03	5.002874e+00
3.691000e-05	1.600212e-02	5.105219e+00
3.692000e-05	2.318265e-03	5.198824e+00
3.693000e-05	-4.276506e-03	5.243583e+00
3.694000e-05	4.462759e-03	5.335767e+00
3.695000e-05	1.180307e-02	5.389899e+00
3.696000e-05	4.488575e-03	5.472954e+00
3.697000e-05	-7.144447e-03	5.525265e+00
3.698000e-05	5.796515e-03	5.578866e+00
3.699000e-05	1.067792e-02	5.590975e+00
3.700000e-05	7.246757e-03	5.684582e+00
3.701000e-05	-4.688113e-03	5.768741e+00
3.702000e-05	5.381191e-03	5.829379e+00
3.703000e-05	1.034234e-02	5.934162e+00
3.704000e-05	7.448438e-03	5.968219e+00
3.705000e-05	-3.679347e-03	6.050928e+00
3.706000e-05	4.619761e-03	6.054030e+00
3.707000e-05	1.022545e-02	6.105212e+00
3.708000e-05	9.552738e-03	6.167743e+00
3.709000e-05	-2.356959e-03	6.228979e+00
3.710000e-05	4.422560e-03	6.243610e+00
3.711000e-05	1.101641e-02	6.294114e+00
3.712000e-05	9.686989e-03	6.368769e+00
3.713000e-05	-2.208059e-04	6.429423e+00
3.714000e-05	3.771030e-03	6.472156e+00
3.715000e-05	1.059868e-02	6.485137e+00
3.716000e-05	9.892845e-03	6.537748e+00
3.717000e-05	1.321379e-03	6.621853e+00
3.718000e-05	4.555748e-03	6.644683e+00
3.719000e-05	1.038707e-02	6.746236e+00
3.720000e-05	1.130044e-02	6.769271e+00
3.721000e-05	4.436263e-03	6.810872e+00
3.722000e-05	3.868139e-03	6.822556e+00
3.723000e-05	1.115809e-02	6.874085e+00
3.724000e-05	1.025166e-02	6.904632e+00
3.725000e-05	6.348555e-03	6.936791e+00
3.726000e-05	4.844601e-03	6.968872e+00
3.727000e-05	1.133859e-02	6.990928e+00
3.728000e-05	1.238360e-02	7.054056e+00
3.729000e-05	7.157998e-03	7.106620e+00
3.730000e-05	5.785045e-03	7.156242e+00
3.731000e-05	1.058971e-02	7.147895e+00
3.732000e-05	1.296959e-02	7.219398e+00
3.733000e-05	9.181005e-03	7.239477e+00
3.734000e-05	6.178549e-03	7.274134e+00
3.735000e-05	1.213055e-02	7.304661e+00
3.736000e-05	1.282103e-02	7.358117e+00
3.737000e-05	1.049088e-02	7.420354e+00
3.738000e-05	8.191594e-03	7.420432e+00
3.739000e-05	1.177186e-02	7.494406e+00
3.740000e-05	1.620603e-02	7.473090e+00
3.741000e-05	1.150950e-02	7.567267e+00
3.742000e-05	1.029205e-02	7.548921e+00
3.743000e-05	1.295479e-02	7.589949e+00
3.744000e-05	1.646380e-02	7.622876e+00
3.745000e-05	1.338573e-02	7.633034e+00
3.746000e-05	1.128791e-02	7.664007e+00
3.747000e-05	1.460598e-02	7.726136e+00
3.748000e-05	1.838033e-02	7.726144e+00
3.749000e-05	1.597615e-02	7.747294e+00
3.750000e-05	1.448709e-02	7.748296e+00
3.751000e-05	1.589867e-02	7.768343e+00
3.752000e-05	1.934297e-02	7.819897e+00
3.753000e-05	1.799985e-02	7.811350e+00
3.754000e-05	1.742849e-02	7.822428e+00
3.755000e-05	1.736861e-02	7.892977e+00
3.756000e-05	2.021611e-02	7.823613e+00
3.757000e-05	2.070331e-02	7.874456e+00
3.758000e-05	1.862328e-02	7.905610e+00
3.759000e-05	1.949672e-02	7.915618e+00
3.760000e-05	2.231339e-02	7.896111e+00
3.761000e-05	2.304013e-02	7.878217e+00
3.762000e-05	2.274614e-02	7.966668e+00
3.763000e-05	2.297027e-02	7.925217e+00
3.764000e-05	2.534706e-02	7.937719e+00
3.765000e-05	2.633071e-02	7.940292e+00
3.766000e-05	2.483389e-02	7.968605e+00
3.767000e-05	2.710041e-02	7.958319e+00
3.768000e-05	2.763863e-02	7.980329e+00
3.769000e-05	3.066064e-02	7.949205e+00
3.770000e-05	2.890393e-02	7.999771e+00
3.771000e-05	3.078073e-02	8.000370e+00
3.772000e-05	3.170143e-02	7.936349e+00
3.773000e-05	3.387257e-02	7.939250e+00
3.774000e-05	3.249681e-02	7.966822e+00
3.775000e-05	3.274805e-02	7.919251e+00
3.776000e-05	3.327169e-02	7.979216e+00
3.777000e-05	3.415750e-02	7.955754e+00
3.778000e-05	3.355064e-02	7.947566e+00
3.779000e-05	3.374219e-02	7.896568e+00
3.780000e-05	3.300323e-02	7.876112e+00
3.781000e-05	3.330971e-02	7.873162e+00
3.782000e-05	3.280944e-02	7.905542e+00
3.783000e-05	3.110548e-02	7.851980e+00
3.784000e-05	3.176291e-02	7.833963e+00
3.785000e-05	3.018669e-02	7.859952e+00
3.786000e-05	3.022399e-02	7.780457e+00
3.787000e-05	2.853353e-02	7.788372e+00
3.788000e-05	2.736421e-02	7.760825e+00
3.789000e-05	2.705285e-02	7.747295e+00
3.790000e-05	2.604804e-02	7.747267e+00
3.791000e-05	2.546315e-02	7.718091e+00
3.792000e-05	2.427984e-02	7.684115e+00
3.793000e-05	2.337003e-02	7.653009e+00
3.794000e-05	2.282272e-02	7.663958e+00
3.795000e-05	2.229040e-02	7.622983e+00
3.796000e-05	2.095961e-02	7.609374e+00
3.797000e-05	1.999792e-02	7.599796e+00
3.798000e-05	1.940721e-02	7.517192e+00
3.799000e-05	1.967192e-02	7.505067e+00
3.800000e-05	1.854261e-02	7.422059e+00
3.801000e-05	1.712167e-02	7.409908e+00
3.802000e-05	1.695974e-02	7.348783e+00
3.803000e-05	1.619329e-02	7.338197e+00
3.804000e-05	1.586037e-02	7.295210e+00
3.805000e-05	1.363959e-02	7.273591e+00
3.806000e-05	1.488355e-02	7.240952e+00
3.807000e-05	1.456251e-02	7.229975e+00
3.808000e-05	1.373763e-02	7.158424e+00
3.809000e-05	1.196497e-02	7.107296e+00
3.810000e-05	1.253811e-02	7.114691e+00
3.811000e-05	1.202815e-02	7.053558e+00
3.812000e-05	1.156180e-02	7.033033e+00
3.813000e-05	1.055590e-02	6.990929e+00
3.814000e-05	1.017561e-02	6.956746e+00
3.815000e-05	1.135979e-02	6.895617e+00
3.816000e-05	1.058819e-02	6.895587e+00
3.817000e-05	9.096415e-03	6.832504e+00
3.818000e-05	8.322790e-03	6.798952e+00
3.819000e-05	8.050475e-03	6.749322e+00
3.820000e-05	9.416140e-03	6.686270e+00
3.821000e-05	7.805343e-03	6.653533e+00
3.822000e-05	7.326519e-03	6.610380e+00
3.823000e-05	7.659734e-03	6.538696e+00
3.824000e-05	8.769698e-03	6.473661e+00
3.825000e-05	5.803092e-03	6.432585e+00
3.826000e-05	6.014914e-03	6.340449e+00
3.827000e-05	5.441115e-03	6.346268e+00
3.828000e-05	8.175990e-03	6.286115e+00
3.829000e-05	4.654055e-03	6.251556e+00
3.830000e-05	4.350179e-03	6.199032e+00
3.831000e-05	5.721508e-03	6.168846e+00
3.832000e-05	6.974236e-03	6.085691e+00
3.833000e-05	4.902878e-03	6.052609e+00
3.834000e-05	3.963102e-03	6.001530e+00
3.835000e-05	4.907567e-03	6.007848e+00
3.836000e-05	6.461190e-03	5.885766e+00
3.837000e-05	2.982452e-03	5.810959e+00
3.838000e-05	2.649146e-03	5.737797e+00
3.839000e-05	3.475640e-03	5.683158e+00
3.840000e-05	4.530348e-03	5.632578e+00
3.841000e-05	3.117910e-03	5.568847e+00
3.842000e-05	3.120345e-03	5.495766e+00
3.843000e-05	4.004936e-03	5.451109e+00
3.844000e-05	4.256471e-03	5.380427e+00
3.845000e-05	1.890851e-03	5.317816e+00
3.846000e-05	1.998918e-03	5.274640e+00
3.847000e-05	3.047630e-03	5.162421e+00
3.848000e-05	3.040676e-03	5.105144e+00
3.849000e-05	1.561227e-03	4.991953e+00
3.850000e-05	2.093059e-03	4.916721e+00
3.851000e-05	2.851288e-03	4.861654e+00
3.852000e-05	3.179702e-03	4.799428e+00
3.853000e-05	1.608979e-03	4.705217e+00
3.854000e-05	1.831741e-03	4.652037e+00
3.855000e-05	1.676202e-03	4.569925e+00
3.856000e-05	2.158028e-03	4.485717e+00
3.857000e-05	1.455498e-03	4.461534e+00
3.858000e-05	6.909362e-04	4.410501e+00
3.859000e-05	1.170341e-03	4.317846e+00
3.860000e-05	1.395318e-03	4.242641e+00
3.861000e-05	1.807894e-03	4.127323e+00
3.862000e-05	-7.576670e-04	4.073058e+00
3.863000e-05	1.173606e-03	4.009954e+00
3.864000e-05	1.100325e-03	3.927717e+00
3.865000e-05	4.589043e-04	3.852659e+00
3.866000e-05	-5.797247e-05	3.760000e+00
3.867000e-05	4.182222e-04	3.736216e+00
3.868000e-05	1.791658e-04	3.633657e+00
3.869000e-05	-4.969727e-05	3.588978e+00
3.870000e-05	9.254521e-04	3.506397e+00
3.871000e-05	-1.431970e-04	3.410587e+00
3.872000e-05	-2.431970e-04	3.286696e+00
3.873000e-05	-1.128001e-03	3.233082e+00
3.874000e-05	8.052765e-04	3.168876e+00
3.875000e-05	-2.100572e-04	3.104243e+00
3.876000e-05	-9.788097e-04	3.010556e+00
3.877000e-05	-4.458023e-04	2.948352e+00
3.878000e-05	-9.990419e-05	2.823687e+00
3.879000e-05	-4.280945e-04	2.809574e+00
3.880000e-05	-1.647443e-03	2.769349e+00
3.881000e-05	-9.705932e-04	2.652089e+00
3.882000e-05	-5.656210e-04	2.527346e+00
3.883000e-05	-9.290011e-04	2.423629e+00
3.884000e-05	-1.263439e-03	2.358474e+00
3.885000e-05	-1.954878e-03	2.275316e+00
3.886000e-05	-4.431920e-04	2.210503e+00
3.887000e-05	-1.615130e-03	2.105817e+00
3.888000e-05	-2.091048e-03	2.042614e+00
3.889000e-05	-3.140749e-03	2.009953e+00
3.890000e-05	-1.060092e-03	1.918298e+00
3.891000e-05	-1.971182e-03	1.863187e+00
3.892000e-05	-1.771565e-03	1.726345e+00
3.893000e-05	-3.754735e-03	1.715663e+00
3.894000e-05	-1.390634e-03	1.581557e+00
3.895000e-05	-1.762966e-03	1.474418e+00
3.896000e-05	-1.907703e-03	1.380951e+00
3.897000e-05	-3.724914e-03	1.305863e+00
3.898000e-05	-1.548366e-03	1.211076e+00
3.899000e-05	-2.302541e-03	1.154370e+00
3.900000e-05	-2.968672e-03	9.999598e-01
3.901000e-05	-3.269069e-03	8.726405e-01
3.902000e-05	-3.197852e-03	8.100013e-01
3.903000e-05	-1.185321e-03	7.358960e-01
3.904000e-05	-2.964968e-03	6.332116e-01
3.905000e-05	-3.784266e-03	5.679985e-01
3.906000e-05	-4.151150e-03	4.727630e-01
3.907000e-05	-3.371502e-03	3.905799e-01
3.908000e-05	-3.382615e-03	4.074996e-01
3.909000e-05	-4.112949e-03	2.536616e-01
3.910000e-05	-3.957009e-03	1.159184e-01
3.911000e-05	-2.795514e-03	3.963388e-02
3.912000e-05	-2.831672e-03	-3.205281e-02
3.913000e-05	-2.234100e-03	-1.236345e-01
3.914000e-05	3.765498e-04	-1.999724e-01
3.915000e-05	-5.191003e-04	-2.536316e-01
3.916000e-05	-8.649783e-04	-3.763435e-01
3.917000e-05	-3.825370e-03	-3.710000e-01
3.918000e-05	-3.881818e-03	-4.221553e-01
3.919000e-05	-2.323673e-03	-5.667886e-01
3.920000e-05	1.542184e-02	-6.536305e-01
3.921000e-05	6.899047e-02	-7.589174e-01
3.922000e-05	-1.125225e-02	-8.516068e-01
3.923000e-05	-5.299708e-02	-9.683649e-01
3.924000e-05	-9.008812e-02	-1.063661e+00
3.925000e-05	-3.766050e-02	-1.148845e+00
3.926000e-05	1.464354e-01	-1.149417e+00
3.927000e-05	-8.001179e-02	-1.292529e+00
3.928000e-05	-5.221286e-02	-1.453451e+00
3.929000e-05	1.369370e-01	-1.464690e+00
3.930000e-05	-6.309832e-02	-1.608287e+00
3.931000e-05	-1.988410e-02	-1.696207e+00
3.932000e-05	6.058231e-02	-1.748317e+00
3.933000e-05	-1.525192e-01	-1.831446e+00
3.934000e-05	3.375064e-02	-1.915737e+00
3.935000e-05	1.276303e-01	-1.977871e+00
3.936000e-05	-1.212665e-01	-2.062107e+00
3.937000e-05	3.654481e-02	-2.094211e+00
3.938000e-05	-8.454787e-03	-2.217879e+00
3.939000e-05	4.611146e-03	-2.398761e+00
3.940000e-05	4.175853e-02	-2.421025e+00
3.941000e-05	-1.421880e-01	-2.463107e+00
3.942000e-05	8.555794e-02	-2.588316e+00
3.943000e-05	8.121609e-02	-2.663179e+00
3.944000e-05	-1.043114e-01	-2.747241e+00
3.945000e-05	7.210062e-03	-2.789925e+00
3.946000e-05	-2.944137e-02	-2.863004e+00
3.947000e-05	6.479426e-02	-3.050444e+00
3.948000e-05	-2.597882e-02	-3.046237e+00
3.949000e-05	-8.632045e-02	-3.178366e+00
3.950000e-05	1.003967e-01	-3.253003e+00
3.951000e-05	-4.635160e-02	-3.316686e+00
3.952000e-05	1.691914e-02	-3.410950e+00
3.953000e-05	-4.913006e-02	-3.453503e+00
3.954000e-05	-1.198962e-02	-3.557763e+00
3.955000e-05	7.666855e-02	-3.609895e+00
3.956000e-05	-7.979470e-02	-3.654078e+00
3.957000e-05	2.248659e-02	-3.668838e+00
3.958000e-05	-2.289455e-02	-3.892454e+00
3.959000e-05	1.850679e-02	-3.946741e+00
3.960000e-05	6.819662e-04	-4.032000e+00
3.961000e-05	-6.321861e-02	-4.053634e+00
3.962000e-05	4.493896e-02	-4.127292e+00
3.963000e-05	-2.228779e-02	-4.252500e+00
3.964000e-05	1.771959e-02	-4.295132e+00
3.965000e-05	-4.196660e-02	-4.317317e+00
3.966000e-05	-8.492183e-03	-4.429449e+00
3.967000e-05	3.282296e-02	-4.463530e+00
3.968000e-05	-3.901741e-02	-4.516315e+00
3.969000e-05	2.381496e-03	-4.610923e+00
3.970000e-05	-3.009393e-02	-4.693536e+00
3.971000e-05	3.498021e-02	-4.767311e+00
3.972000e-05	-2.476477e-02	-4.820878e+00
3.973000e-05	-2.470986e-02	-4.927187e+00
3.974000e-05	-4.095697e-04	-4.959795e+00
3.975000e-05	1.144414e-03	-5.033053e+00
3.976000e-05	3.282786e-03	-5.135740e+00
3.977000e-05	-3.965238e-02	-5.170323e+00
3.978000e-05	6.877572e-03	-5.244528e+00
3.979000e-05	-2.328806e-03	-5.328271e+00
3.980000e-05	-4.530875e-03	-5.473405e+00
3.981000e-05	-2.869652e-02	-5.497188e+00
3.982000e-05	-6.660710e-03	-5.579871e+00
3.983000e-05	8.488913e-03	-5.664053e+00
3.984000e-05	-1.434397e-02	-5.705136e+00
3.985000e-05	-1.800962e-02	-5.776267e+00
3.986000e-05	-1.654995e-02	-5.809928e+00
3.987000e-05	1.127151e-02	-5.864556e+00
3.988000e-05	-1.564175e-02	-5.935791e+00
3.989000e-05	-1.721776e-02	-5.979374e+00
3.990000e-05	-1.581551e-02	-6.061079e+00
3.991000e-05	4.719265e-03	-6.056561e+00
3.992000e-05	-9.877845e-03	-6.147139e+00
3.993000e-05	-2.173164e-02	-6.210428e+00
3.994000e-05	-1.212875e-02	-6.254057e+00
3.995000e-05	-2.656794e-03	-6.347192e+00
3.996000e-05	-5.686495e-03	-6.360421e+00
3.997000e-05	-2.407626e-02	-6.433027e+00
3.998000e-05	-1.087467e-02	-6.474607e+00
3.999000e-05	-5.175284e-03	-6.517240e+00
4.000000e-05	-6.036926e-03	-6.570320e+00
4.001000e-05	-2.263027e-02	-6.600001e+00
4.002000e-05	-1.415980e-02	-6.701531e+00
4.003000e-05	-4.194952e-03	-6.705189e+00
4.004000e-05	-8.114232e-03	-6.756345e+00
4.005000e-05	-1.931906e-02	-6.779866e+00
4.006000e-05	-1.794108e-02	-6.812504e+00
4.007000e-05	-4.421296e-03	-6.885105e+00
4.008000e-05	-1.005660e-02	-6.907236e+00
4.009000e-05	-1.947730e-02	-6.958270e+00
4.010000e-05	-1.870870e-02	-6.960952e+00
4.011000e-05	-7.779565e-03	-7.065490e+00
4.012000e-05	-1.014797e-02	-7.116244e+00
4.013000e-05	-1.936516e-02	-7.149298e+00
4.014000e-05	-1.916258e-02	-7.179898e+00
4.015000e-05	-9.598157e-03	-7.241980e+00
4.016000e-05	-1.049318e-02	-7.264058e+00
4.017000e-05	-1.960178e-02	-7.295640e+00
4.018000e-05	-2.031030e-02	-7.346691e+00
4.019000e-05	-1.303218e-02	-7.368770e+00
4.020000e-05	-1.175237e-02	-7.379399e+00
4.021000e-05	-1.978200e-02	-7.422902e+00
4.022000e-05	-2.076331e-02	-7.423602e+00
4.023000e-05	-1.406254e-02	-7.484058e+00
4.024000e-05	-1.229186e-02	-7.473687e+00
4.025000e-05	-1.985429e-02	-7.558243e+00
4.026000e-05	-2.213015e-02	-7.579345e+00
4.027000e-05	-1.619685e-02	-7.579924e+00
4.028000e-05	-1.349888e-02	-7.622450e+00
4.029000e-05	-2.116334e-02	-7.713032e+00
4.030000e-05	-2.365060e-02	-7.684585e+00
4.031000e-05	-1.965332e-02	-7.727146e+00
4.032000e-05	-1.584403e-02	-7.716716e+00
4.033000e-05	-2.101755e-02	-7.749744e+00
4.034000e-05	-2.459686e-02	-7.749279e+00
4.035000e-05	-2.057569e-02	-7.820405e+00
4.036000e-05	-1.771252e-02	-7.811384e+00
4.037000e-05	-2.274162e-02	-7.862511e+00
4.038000e-05	-2.740428e-02	-7.873491e+00
4.039000e-05	-2.337416e-02	-7.925587e+00
4.040000e-05	-2.151570e-02	-7.906140e+00
4.041000e-05	-2.418489e-02	-7.947668e+00
4.042000e-05	-2.768376e-02	-7.959220e+00
4.043000e-05	-2.544379e-02	-7.967167e+00
4.044000e-05	-2.370976e-02	-7.968920e+00
4.045000e-05	-2.704787e-02	-7.949247e+00
4.046000e-05	-3.032949e-02	-7.988323e+00
4.047000e-05	-2.871135e-02	-7.989949e+00
4.048000e-05	-2.665862e-02	-7.991899e+00
4.049000e-05	-3.017688e-02	-8.022901e+00
4.050000e-05	-3.456616e-02	-7.988398e+00
4.051000e-05	-3.303985e-02	-8.011353e+00
4.052000e-05	-3.113178e-02	-8.020425e+00
4.053000e-05	-3.274950e-02	-8.031879e+00
4.054000e-05	-3.653668e-02	-8.041047e+00
4.055000e-05	-3.604501e-02	-8.001503e+00
4.056000e-05	-3.516186e-02	-8.031950e+00
4.057000e-05	-3.730784e-02	-8.032455e+00
4.058000e-05	-3.992782e-02	-7.990953e+00
4.059000e-05	-3.980256e-02	-7.991975e+00
4.060000e-05	-3.784619e-02	-7.980829e+00
4.061000e-05	-3.937109e-02	-8.000975e+00
4.062000e-05	-4.101157e-02	-7.990476e+00
4.063000e-05	-4.054039e-02	-7.950397e+00
4.064000e-05	-3.827173e-02	-7.968444e+00
4.065000e-05	-3.823484e-02	-7.947796e+00
4.066000e-05	-3.971257e-02	-7.918845e+00
4.067000e-05	-3.824734e-02	-7.886166e+00
4.068000e-05	-3.709125e-02	-7.956243e+00
4.069000e-05	-3.720272e-02	-7.904090e+00
4.070000e-05	-3.820769e-02	-7.846487e+00
4.071000e-05	-3.706967e-02	-7.892937e+00
4.072000e-05	-3.339485e-02	-7.842456e+00
4.073000e-05	-3.297624e-02	-7.810930e+00
4.074000e-05	-3.197271e-02	-7.801800e+00
4.075000e-05	-3.175154e-02	-7.769303e+00
4.076000e-05	-3.111369e-02	-7.750243e+00
4.077000e-05	-3.186020e-02	-7.718169e+00
4.078000e-05	-3.098795e-02	-7.677514e+00
4.079000e-05	-2.907180e-02	-7.671486e+00
4.080000e-05	-2.742034e-02	-7.621608e+00
4.081000e-05	-2.654484e-02	-7.620871e+00
4.082000e-05	-2.680459e-02	-7.569920e+00
4.083000e-05	-2.519146e-02	-7.516771e+00
4.084000e-05	-2.488699e-02	-7.495188e+00
4.085000e-05	-2.387609e-02	-7.474613e+00
4.086000e-05	-2.458999e-02	-7.485509e+00
4.087000e-05	-2.223560e-02	-7.433557e+00
4.088000e-05	-2.283108e-02	-7.419929e+00
4.089000e-05	-2.044567e-02	-7.389346e+00
4.090000e-05	-2.224208e-02	-7.338220e+00
4.091000e-05	-2.013081e-02	-7.317194e+00
4.092000e-05	-1.969900e-02	-7.273559e+00
4.093000e-05	-1.969165e-02	-7.244058e+00
4.094000e-05	-1.956857e-02	-7.232427e+00
4.095000e-05	-1.898968e-02	-7.171476e+00
4.096000e-05	-1.748103e-02	-7.149799e+00
4.097000e-05	-1.799403e-02	-7.095195e+00
4.098000e-05	-1.771398e-02	-7.054480e+00
4.099000e-05	-1.628153e-02	-6.993403e+00
4.100000e-05	-1.587052e-02	-6.948346e+00
4.101000e-05	-1.601041e-02	-6.897166e+00
4.102000e-05	-1.621010e-02	-6.843112e+00
4.103000e-05	-1.574790e-02	-6.822051e+00
4.104000e-05	-1.393920e-02	-6.768376e+00
4.105000e-05	-1.416174e-02	-6.718317e+00
4.106000e-05	-1.501268e-02	-6.675163e+00
4.107000e-05	-1.379577e-02	-6.673160e+00
4.108000e-05	-1.335825e-02	-6.570005e+00
4.109000e-05	-1.316158e-02	-6.579347e+00
4.110000e-05	-1.319175e-02	-6.496116e+00
4.111000e-05	-1.327612e-02	-6.444588e+00
4.112000e-05	-1.191636e-02	-6.462980e+00
4.113000e-05	-1.190216e-02	-6.367929e+00
4.114000e-05	-1.273096e-02	-6.325295e+00
4.115000e-05	-1.305219e-02	-6.245060e+00
4.116000e-05	-1.173547e-02	-6.190900e+00
4.117000e-05	-1.094365e-02	-6.127241e+00
4.118000e-05	-1.139728e-02	-6.073663e+00
4.119000e-05	-1.149746e-02	-5.981555e+00
4.120000e-05	-1.076264e-02	-5.967371e+00
4.121000e-05	-1.119990e-02	-5.927321e+00
4.122000e-05	-1.094217e-02	-5.855214e+00
4.123000e-05	-1.152189e-02	-5.832381e+00
4.124000e-05	-9.856258e-03	-5.719374e+00
4.125000e-05	-9.360685e-03	-5.684189e+00
4.126000e-05	-1.022472e-02	-5.632484e+00
4.127000e-05	-1.073046e-02	-5.599003e+00
4.128000e-05	-9.982493e-03	-5.488239e+00
4.129000e-05	-9.101773e-03	-5.453435e+00
4.130000e-05	-1.002254e-02	-5.345799e+00
4.131000e-05	-1.071539e-02	-5.264116e+00
4.132000e-05	-8.733096e-03	-5.171404e+00
4.133000e-05	-8.147596e-03	-5.106792e+00
4.134000e-05	-8.513321e-03	-5.033082e+00
4.135000e-05	-1.011130e-02	-4.992027e+00
4.136000e-05	-7.606501e-03	-4.876718e+00
4.137000e-05	-8.734493e-03	-4.809555e+00
4.138000e-05	-8.604330e-03	-4.735146e+00
4.139000e-05	-9.526295e-03	-4.601080e+00
4.140000e-05	-7.761646e-03	-4.600928e+00
4.141000e-05	-7.164181e-03	-4.506737e+00
4.142000e-05	-8.404396e-03	-4.455117e+00
4.143000e-05	-9.049379e-03	-4.422030e+00
4.144000e-05	-7.604977e-03	-4.338922e+00
4.145000e-05	-7.016606e-03	-4.305741e+00
4.146000e-05	-6.869081e-03	-4.222532e+00
4.147000e-05	-8.140987e-03	-4.169924e+00
4.148000e-05	-8.743502e-03	-4.096191e+00
4.149000e-05	-5.209792e-03	-4.031080e+00
4.150000e-05	-9.507176e-03	-3.979952e+00
4.151000e-05	-6.669815e-03	-3.865622e+00
4.152000e-05	-9.402589e-03	-3.787022e+00
4.153000e-05	-4.595491e-03	-3.705710e+00
4.154000e-05	-5.549335e-03	-3.652032e+00
4.155000e-05	-6.063595e-03	-3.568900e+00
4.156000e-05	-6.346564e-03	-3.483687e+00
4.157000e-05	-8.368726e-03	-3.390556e+00
4.158000e-05	-5.405472e-03	-3.326767e+00
4.159000e-05	-9.174644e-03	-3.283133e+00
4.160000e-05	-7.774414e-03	-3.190051e+00
4.161000e-05	-5.886676e-03	-3.115776e+00
4.162000e-05	-3.939943e-03	-3.042451e+00
4.163000e-05	-4.825211e-03	-2.936269e+00
4.164000e-05	-5.580836e-03	-2.811104e+00
4.165000e-05	-6.380971e-03	-2.729973e+00
4.166000e-05	-5.351603e-03	-2.696793e+00
4.167000e-05	-7.120713e-03	-2.642008e+00
4.168000e-05	-7.534010e-03	-2.487743e+00
4.169000e-05	-6.125990e-03	-2.454109e+00
4.170000e-05	-5.580686e-03	-2.390527e+00
4.171000e-05	-3.597961e-03	-2.346298e+00
4.172000e-05	-7.071912e-03	-2.183682e+00
4.173000e-05	-4.788151e-03	-2.084245e+00
4.174000e-05	-5.891646e-03	-2.010052e+00
4.175000e-05	-4.742849e-03	-1.959946e+00
4.176000e-05	-6.906908e-03	-1.852688e+00
4.177000e-05	-6.025765e-03	-1.779000e+00
4.178000e-05	-5.315666e-03	-1.716846e+00
4.179000e-05	-3.893569e-03	-1.651681e+00
4.180000e-05	-5.780332e-03	-1.529501e+00
4.181000e-05	-6.168889e-03	-1.465668e+00
4.182000e-05	-4.138467e-03	-1.357397e+00
4.183000e-05	-4.548417e-03	-1.222633e+00
4.184000e-05	-4.500460e-03	-1.147367e+00
4.185000e-05	-7.487549e-03	-1.053609e+00
4.186000e-05	-3.779304e-03	-1.009501e+00
4.187000e-05	-4.647916e-03	-9.067429e-01
4.188000e-05	-4.308639e-03	-8.015588e-01
4.189000e-05	-6.439290e-03	-7.594210e-01
4.190000e-05	-3.526247e-03	-6.732390e-01
4.191000e-05	-3.985176e-03	-5.378794e-01
4.192000e-05	-4.548165e-03	-4.426625e-01
4.193000e-05	-5.536929e-03	-3.898761e-01
4.194000e-05	-4.827475e-03	-3.173418e-01
4.195000e-05	-2.804522e-03	-2.010288e-01
4.196000e-05	-4.275041e-03	-1.478971e-01
4.197000e-05	-4.261989e-03	-6.318395e-02
4.198000e-05	3.191313e-04	-1.049988e-02
4.199000e-05	3.700752e-03	6.263178e-02
4.200000e-05	-1.011889e-03	1.979151e-01
4.201000e-05	-1.506723e-03	2.842306e-01
4.202000e-05	-3.018304e-03	3.879188e-01
4.203000e-05	1.905774e-04	4.305541e-01
4.204000e-05	-8.396536e-04	5.137608e-01
4.205000e-05	7.396735e-03	5.799176e-01
4.206000e-05	3.871682e-02	6.831057e-01
4.207000e-05	3.124026e-02	7.888936e-01
4.208000e-05	-3.854888e-02	8.732021e-01
4.209000e-05	-5.471024e-02	1.009824e+00
4.210000e-05	-7.561945e-02	1.114235e+00
4.211000e-05	6.199687e-02	1.166469e+00
4.212000e-05	6.937601e-02	1.253578e+00
4.213000e-05	-1.259550e-01	1.367362e+00
4.214000e-05	6.566189e-02	1.428548e+00
4.215000e-05	5.579150e-02	1.557289e+00
4.216000e-05	-3.624191e-02	1.704158e+00
4.217000e-05	2.838880e-02	1.725211e+00
4.218000e-05	-4.872116e-02	1.821473e+00
4.219000e-05	-5.950120e-02	1.934136e+00
4.220000e-05	9.758831e-02	1.947343e+00
4.221000e-05	1.474285e-02	2.000050e+00
4.222000e-05	-6.831482e-02	2.094184e+00
4.223000e-05	2.459807e-02	2.187892e+00
4.224000e-05	-1.040954e-02	2.253578e+00
4.225000e-05	5.725867e-02	2.324340e+00
4.226000e-05	-5.926842e-02	2.380398e+00
4.227000e-05	-3.341937e-02	2.462608e+00
4.228000e-05	6.335156e-02	2.518795e+00
4.229000e-05	2.933846e-02	2.735086e+00
4.230000e-05	-4.457113e-02	2.796371e+00
4.231000e-05	-2.948095e-02	2.843056e+00
4.232000e-05	3.726120e-02	2.934635e+00
4.233000e-05	2.096975e-02	2.978970e+00
4.234000e-05	-3.498678e-02	3.074161e+00
4.235000e-05	5.432266e-03	3.156320e+00
4.236000e-05	1.390410e-02	3.220976e+00
4.237000e-05	9.769179e-03	3.252177e+00
4.238000e-05	-1.887176e-03	3.348365e+00
4.239000e-05	-3.630747e-02	3.513087e+00
4.240000e-05	3.175745e-02	3.578399e+00
4.241000e-05	3.969799e-03	3.631052e+00
4.242000e-05	1.728485e-03	3.714735e+00
4.243000e-05	-1.764143e-02	3.788873e+00
4.244000e-05	1.327399e-02	3.871979e+00
4.245000e-05	1.137040e-02	3.905736e+00
4.246000e-05	-8.787937e-03	3.998343e+00
4.247000e-05	-3.813763e-03	4.051028e+00
4.248000e-05	7.627585e-03	4.125161e+00
4.249000e-05	1.202914e-02	4.203476e+00
4.250000e-05	-4.556662e-04	4.355212e+00
4.251000e-05	-1.303116e-02	4.399452e+00
4.252000e-05	1.047752e-02	4.473076e+00
4.253000e-05	7.557098e-03	4.525737e+00
4.254000e-05	-4.570450e-04	4.619373e+00
4.255000e-05	-6.620118e-03	4.653607e+00
4.256000e-05	8.600920e-03	4.726817e+00
4.257000e-05	1.318158e-02	4.798822e+00
4.258000e-05	-6.713502e-03	4.841553e+00
4.259000e-05	-2.358796e-03	4.996798e+00
4.260000e-05	3.378235e-03	5.052007e+00
4.261000e-05	1.535103e-02	5.146120e+00
4.262000e-05	-5.520529e-03	5.170447e+00
4.263000e-05	-2.491634e-04	5.263160e+00
4.264000e-05	5.687829e-03	5.368241e+00
4.265000e-05	1.413077e-02	5.418925e+00
4.266000e-05	-2.536464e-03	5.464582e+00
4.267000e-05	-1.818857e-03	5.548212e+00
4.268000e-05	7.565312e-03	5.549396e+00
4.269000e-05	1.039698e-02	5.630475e+00
4.270000e-05	6.562473e-04	5.665110e+00
4.271000e-05	-2.499921e-03	5.797344e+00
4.272000e-05	7.352481e-03	5.833458e+00
4.273000e-05	1.015881e-02	5.945716e+00
4.274000e-05	3.044481e-03	5.990395e+00
4.275000e-05	-9.197448e-04	6.042579e+00
4.276000e-05	8.435828e-03	6.105657e+00
4.277000e-05	1.033301e-02	6.105244e+00
4.278000e-05	4.706821e-03	6.190397e+00
4.279000e-05	-1.065230e-03	6.252481e+00
4.280000e-05	7.214187e-03	6.274591e+00
4.281000e-05	9.555069e-03	6.325741e+00
4.282000e-05	6.694124e-03	6.367872e+00
4.283000e-05	9.042494e-04	6.441949e+00
4.284000e-05	7.931178e-03	6.504132e+00
4.285000e-05	1.078837e-02	6.514640e+00
4.286000e-05	7.281614e-03	6.609775e+00
4.287000e-05	1.684735e-03	6.641507e+00
4.288000e-05	6.778320e-03	6.695067e+00
4.289000e-05	1.030846e-02	6.707294e+00
4.290000e-05	8.064455e-03	6.759844e+00
4.291000e-05	3.273946e-03	6.820926e+00
4.292000e-05	8.736945e-03	6.864107e+00
4.293000e-05	1.053840e-02	6.893609e+00
4.294000e-05	8.406133e-03	6.916192e+00
4.295000e-05	4.942020e-03	6.968773e+00
4.296000e-05	8.204538e-03	7.012929e+00
4.297000e-05	1.279412e-02	7.061482e+00
4.298000e-05	9.640176e-03	7.053585e+00
4.299000e-05	5.732808e-03	7.126192e+00
4.300000e-05	8.386487e-03	7.138792e+00
4.301000e-05	1.240514e-02	7.168345e+00
4.302000e-05	1.067519e-02	7.211977e+00
4.303000e-05	6.980827e-03	7.243981e+00
4.304000e-05	9.599998e-03	7.304560e+00
4.305000e-05	1.397748e-02	7.295666e+00
4.306000e-05	1.122263e-02	7.379799e+00
4.307000e-05	9.554238e-03	7.389779e+00
4.308000e-05	9.797459e-03	7.463484e+00
4.309000e-05	1.506007e-02	7.515515e+00
4.310000e-05	1.317126e-02	7.496592e+00
4.311000e-05	1.017266e-02	7.537294e+00
4.312000e-05	1.049688e-02	7.558878e+00
4.313000e-05	1.653162e-02	7.581899e+00
4.314000e-05	1.146095e-02	7.643430e+00
4.315000e-05	1.398228e-02	7.662531e+00
4.316000e-05	1.228892e-02	7.705606e+00
4.317000e-05	1.801352e-02	7.725561e+00
4.318000e-05	1.748944e-02	7.717740e+00
4.319000e-05	1.407607e-02	7.736746e+00
4.320000e-05	1.556506e-02	7.748395e+00
4.321000e-05	1.529305e-02	7.750349e+00
4.322000e-05	1.861359e-02	7.822449e+00
4.323000e-05	1.529532e-02	7.810404e+00
4.324000e-05	1.786457e-02	7.843456e+00
4.325000e-05	1.968403e-02	7.865558e+00
4.326000e-05	2.238665e-02	7.875089e+00
4.327000e-05	1.948049e-02	7.867014e+00
4.328000e-05	1.939544e-02	7.903565e+00
4.329000e-05	1.945583e-02	7.885533e+00
4.330000e-05	2.272364e-02	7.906690e+00
4.331000e-05	2.006794e-02	7.937227e+00
4.332000e-05	2.302469e-02	7.929221e+00
4.333000e-05	2.509908e-02	7.926724e+00
4.334000e-05	2.762544e-02	7.978346e+00
4.335000e-05	2.659675e-02	7.979344e+00
4.336000e-05	2.484343e-02	7.928299e+00
4.337000e-05	2.772677e-02	8.000254e+00
4.338000e-05	2.767126e-02	7.947371e+00
4.339000e-05	3.053431e-02	7.948700e+00
4.340000e-05	2.853415e-02	7.987873e+00
4.341000e-05	3.240215e-02	7.959775e+00
4.342000e-05	3.178222e-02	7.938274e+00
4.343000e-05	3.533387e-02	8.007347e+00
4.344000e-05	3.117659e-02	7.969700e+00
4.345000e-05	3.375910e-02	7.990221e+00
4.346000e-05	3.395627e-02	7.918250e+00
4.347000e-05	3.506170e-02	7.928250e+00
4.348000e-05	3.325494e-02	7.926142e+00
4.349000e-05	3.247565e-02	7.907616e+00
4.350000e-05	3.515449e-02	7.895137e+00
4.351000e-05	3.309941e-02	7.897090e+00
4.352000e-05	3.264598e-02	7.891535e+00
4.353000e-05	3.001770e-02	7.832633e+00
4.354000e-05	3.286217e-02	7.872934e+00
4.355000e-05	2.870517e-02	7.813928e+00
4.356000e-05	3.012160e-02	7.848473e+00
4.357000e-05	2.700980e-02	7.768825e+00
4.358000e-05	2.881277e-02	7.779298e+00
4.359000e-05	2.792497e-02	7.716294e+00
4.360000e-05	2.606883e-02	7.716218e+00
4.361000e-05	2.377761e-02	7.696068e+00
4.362000e-05	2.434958e-02	7.693058e+00
4.363000e-05	2.331622e-02	7.664531e+00
4.364000e-05	2.188155e-02	7.621454e+00
4.365000e-05	2.114938e-02	7.641478e+00
4.366000e-05	2.170644e-02	7.588796e+00
4.367000e-05	2.159417e-02	7.565771e+00
4.368000e-05	1.905453e-02	7.506696e+00
4.369000e-05	1.859913e-02	7.485738e+00
4.370000e-05	1.783856e-02	7.451907e+00
4.371000e-05	1.774891e-02	7.398454e+00
4.372000e-05	1.594360e-02	7.328323e+00
4.373000e-05	1.558709e-02	7.325746e+00
4.374000e-05	1.576904e-02	7.255639e+00
4.375000e-05	1.591140e-02	7.262562e+00
4.376000e-05	1.407254e-02	7.220983e+00
4.377000e-05	1.292056e-02	7.190398e+00
4.378000e-05	1.313456e-02	7.137871e+00
4.379000e-05	1.267214e-02	7.106769e+00
4.380000e-05	1.229730e-02	7.084563e+00
4.381000e-05	1.097712e-02	7.024087e+00
4.382000e-05	1.113265e-02	7.032357e+00
4.383000e-05	1.107631e-02	6.948849e+00
4.384000e-05	9.625122e-03	6.928244e+00
4.385000e-05	9.523571e-03	6.885165e+00
4.386000e-05	8.670168e-03	6.883587e+00
4.387000e-05	1.052246e-02	6.801504e+00
4.388000e-05	9.812192e-03	6.788403e+00
4.389000e-05	7.838585e-03	6.736821e+00
4.390000e-05	8.735731e-03	6.696117e+00
4.391000e-05	7.905763e-03	6.602457e+00
4.392000e-05	7.867037e-03	6.577829e+00
4.393000e-05	5.965853e-03	6.525246e+00
4.394000e-05	7.298819e-03	6.484162e+00
4.395000e-05	8.017420e-03	6.402502e+00
4.396000e-05	7.355628e-03	6.377850e+00
4.397000e-05	5.288546e-03	6.325642e+00
4.398000e-05	6.035798e-03	6.292616e+00
4.399000e-05	5.879599e-03	6.220116e+00
4.400000e-05	4.774165e-03	6.199378e+00
4.401000e-05	4.544101e-03	6.116266e+00
4.402000e-05	5.129893e-03	6.105112e+00
4.403000e-05	5.707608e-03	6.032085e+00
4.404000e-05	5.567584e-03	6.001503e+00
4.405000e-05	4.077349e-03	5.937299e+00
4.406000e-05	4.982877e-03	5.845118e+00
4.407000e-05	4.331043e-03	5.770330e+00
4.408000e-05	4.274781e-03	5.696216e+00
4.409000e-05	3.259936e-03	5.652557e+00
4.410000e-05	4.133995e-03	5.569901e+00
4.411000e-05	3.492614e-03	5.536397e+00
4.412000e-05	3.657943e-03	5.464139e+00
4.413000e-05	3.013592e-03	5.432007e+00
4.414000e-05	2.819961e-03	5.369328e+00
4.415000e-05	3.137857e-03	5.295218e+00
4.416000e-05	3.211538e-03	5.252081e+00
4.417000e-05	3.816197e-03	5.179920e+00
4.418000e-05	2.276848e-03	5.055216e+00
4.419000e-05	2.652099e-03	4.938378e+00
4.420000e-05	2.427761e-03	4.897192e+00
4.421000e-05	2.124729e-03	4.772130e+00
4.422000e-05	1.656658e-03	4.776876e+00
4.423000e-05	1.886240e-03	4.693738e+00
4.424000e-05	1.770383e-03	4.642553e+00
4.425000e-05	2.217276e-03	4.556819e+00
4.426000e-05	1.687302e-03	4.485136e+00
4.427000e-05	1.635690e-03	4.422033e+00
4.428000e-05	1.357273e-03	4.388878e+00
4.429000e-05	1.772218e-03	4.306220e+00
4.430000e-05	6.332447e-04	4.201508e+00
4.431000e-05	1.353909e-03	4.095766e+00
4.432000e-05	7.269310e-04	4.031003e+00
4.433000e-05	1.878054e-04	3.947973e+00
4.434000e-05	-1.759257e-04	3.886243e+00
4.435000e-05	-1.339299e-04	3.820584e+00
4.436000e-05	1.502440e-03	3.757375e+00
4.437000e-05	1.081783e-03	3.683637e+00
4.438000e-05	1.313987e-04	3.650558e+00
4.439000e-05	1.813938e-04	3.569898e+00
4.440000e-05	-2.447753e-04	3.455666e+00
4.441000e-05	-1.418920e-03	3.381384e+00
4.442000e-05	-4.438234e-04	3.292689e+00
4.443000e-05	-1.150180e-03	3.231029e+00
4.444000e-05	-6.271829e-04	3.137349e+00
4.445000e-05	1.463283e-04	3.036212e+00
4.446000e-05	5.793779e-04	3.018951e+00
4.447000e-05	-1.126240e-03	2.916244e+00
4.448000e-05	-9.483719e-04	2.833084e+00
4.449000e-05	-1.448577e-03	2.810450e+00
4.450000e-05	-8.576110e-04	2.717347e+00
4.451000e-05	-1.586535e-03	2.610606e+00
4.452000e-05	-1.744968e-03	2.473746e+00
4.453000e-05	-2.118163e-03	2.430983e+00
4.454000e-05	-6.973539e-04	2.327296e+00
4.455000e-05	-1.729083e-03	2.262586e+00
4.456000e-05	-2.014249e-03	2.198504e+00
4.457000e-05	-1.334786e-03	2.086320e+00
4.458000e-05	-8.083046e-04	2.020631e+00
4.459000e-05	-1.823669e-03	1.999950e+00
4.460000e-05	-1.877730e-03	1.916738e+00
4.461000e-05	-3.677848e-03	1.809954e+00
4.462000e-05	-2.176552e-03	1.744796e+00
4.463000e-05	-2.149133e-03	1.631659e+00
4.464000e-05	-2.885149e-03	1.565948e+00
4.465000e-05	-2.871172e-03	1.412689e+00
4.466000e-05	-2.289375e-03	1.369846e+00
4.467000e-05	-1.259204e-03	1.253762e+00
4.468000e-05	-3.103551e-03	1.189076e+00
4.469000e-05	-3.981881e-03	1.086742e+00
4.470000e-05	-1.780850e-03	9.569009e-01
4.471000e-05	-2.335932e-03	8.717065e-01
4.472000e-05	-3.647325e-03	7.689761e-01
4.473000e-05	-4.382749e-03	7.052934e-01
4.474000e-05	-2.705407e-03	6.210576e-01
4.475000e-05	-4.257907e-03	5.773659e-01
4.476000e-05	-3.724394e-03	4.516354e-01
4.477000e-05	-4.114408e-03	3.899488e-01
4.478000e-05	-2.203277e-03	3.568970e-01
4.479000e-05	-2.313826e-03	2.416302e-01
4.480000e-05	-3.469476e-03	8.376536e-02
4.481000e-05	-4.334733e-03	-9.726242e-04
4.482000e-05	-2.776732e-03	-5.212902e-02
4.483000e-05	-1.136400e-03	-1.473409e-01
4.484000e-05	4.421123e-04	-1.995226e-01
4.485000e-05	-3.304290e-03	-2.846320e-01
4.486000e-05	-1.645666e-03	-3.778424e-01
4.487000e-05	-1.557781e-03	-4.009714e-01
4.488000e-05	-2.328738e-03	-5.247330e-01
4.489000e-05	-7.819155e-04	-5.668950e-01
4.490000e-05	3.206846e-02	-7.662332e-01
4.491000e-05	6.863742e-02	-7.793949e-01
4.492000e-05	-4.444957e-02	-9.036584e-01
4.493000e-05	-5.411123e-02	-1.040049e+00
4.494000e-05	-1.119779e-01	-1.146815e+00
4.495000e-05	7.735283e-02	-1.125820e+00
4.496000e-05	9.738406e-02	-1.169946e+00
4.497000e-05	-1.313866e-01	-1.377215e+00
4.498000e-05	9.652815e-02	-1.473607e+00
4.499000e-05	5.013426e-02	-1.486539e+00
4.500000e-05	-8.623678e-02	-1.601443e+00
4.501000e-05	5.758935e-02	-1.715189e+00
4.502000e-05	-3.181064e-02	-1.778917e+00
4.503000e-05	-1.372375e-01	-1.874080e+00
4.504000e-05	1.326144e-01	-1.938216e+00
4.505000e-05	1.959915e-02	-1.987923e+00
4.506000e-05	-1.137704e-01	-2.046057e+00
4.507000e-05	6.856986e-02	-2.107737e+00
4.508000e-05	-4.828958e-02	-2.272027e+00
4.509000e-05	6.983403e-02	-2.409451e+00
4.510000e-05	-4.942714e-02	-2.411050e+00
4.511000e-05	-1.082772e-01	-2.505758e+00
4.512000e-05	1.423365e-01	-2.602520e+00
4.513000e-05	-1.361031e-02	-2.696212e+00
4.514000e-05	-7.538172e-02	-2.777842e+00
4.515000e-05	2.924475e-03	-2.830027e+00
4.516000e-05	-1.214858e-02	-2.926238e+00
4.517000e-05	8.343835e-02	-3.072079e+00
4.518000e-05	-1.053734e-01	-3.115690e+00
4.519000e-05	4.274196e-03	-3.199468e+00
4.520000e-05	6.665857e-02	-3.252631e+00
4.521000e-05	-5.315457e-02	-3.389790e+00
4.522000e-05	2.598325e-02	-3.442503e+00
4.523000e-05	-8.547271e-02	-3.505156e+00
4.524000e-05	6.172530e-02	-3.547317e+00
4.525000e-05	1.291485e-02	-3.630575e+00
4.526000e-05	-5.975012e-02	-3.665235e+00
4.527000e-05	2.974380e-02	-3.801304e+00
4.528000e-05	-3.540584e-02	-3.925160e+00
4.529000e-05	4.655279e-02	-3.999871e+00
4.530000e-05	-5.295993e-02	-4.052549e+00
4.531000e-05	-1.540483e-02	-4.095186e+00
4.532000e-05	3.047986e-02	-4.159796e+00
4.533000e-05	-2.225248e-02	-4.243506e+00
4.534000e-05	1.662649e-02	-4.345136e+00
4.535000e-05	-6.150145e-02	-4.388844e+00
4.536000e-05	3.446675e-02	-4.431000e+00
4.537000e-05	-4.334548e-03	-4.474606e+00
4.538000e-05	-2.011836e-02	-4.567790e+00
4.539000e-05	-1.028264e-02	-4.640482e+00
4.540000e-05	-1.258012e-02	-4.735635e+00
4.541000e-05	3.040424e-02	-4.788769e+00
4.542000e-05	-4.372826e-02	-4.892024e+00
4.543000e-05	-5.098098e-03	-4.967065e+00
4.544000e-05	-9.397483e-03	-4.971447e+00
4.545000e-05	1.328594e-02	-5.045133e+00
4.546000e-05	-1.928342e-02	-5.156243e+00
4.547000e-05	-2.555606e-02	-5.212900e+00
4.548000e-05	9.308481e-03	-5.284160e+00
4.549000e-05	-5.180396e-03	-5.360319e+00
4.550000e-05	-8.495514e-03	-5.464512e+00
4.551000e-05	-3.083839e-02	-5.556821e+00
4.552000e-05	7.858743e-03	-5.620450e+00
4.553000e-05	-3.836124e-03	-5.674107e+00
4.554000e-05	-1.226033e-02	-5.725740e+00
4.555000e-05	-2.349537e-02	-5.788371e+00
4.556000e-05	-3.383085e-03	-5.862904e+00
4.557000e-05	4.386426e-03	-5.885115e+00
4.558000e-05	-1.895070e-02	-5.966291e+00
4.559000e-05	-1.482584e-02	-5.979874e+00
4.560000e-05	-9.929223e-03	-6.031528e+00
4.561000e-05	4.614453e-03	-6.146110e+00
4.562000e-05	-1.978728e-02	-6.199770e+00
4.563000e-05	-1.771799e-02	-6.263882e+00
4.564000e-05	-1.126012e-02	-6.324562e+00
4.565000e-05	-4.022114e-04	-6.388319e+00
4.566000e-05	-1.486790e-02	-6.431927e+00
4.567000e-05	-1.799893e-02	-6.453082e+00
4.568000e-05	-8.102848e-03	-6.534640e+00
4.569000e-05	-4.208262e-03	-6.558245e+00
4.570000e-05	-1.036797e-02	-6.618847e+00
4.571000e-05	-2.336698e-02	-6.651453e+00
4.572000e-05	-9.507884e-03	-6.704561e+00
4.573000e-05	-6.797871e-03	-6.717185e+00
4.574000e-05	-1.193870e-02	-6.779296e+00
4.575000e-05	-2.237368e-02	-6.810471e+00
4.576000e-05	-1.188351e-02	-6.831053e+00
4.577000e-05	-6.932325e-03	-6.905562e+00
4.578000e-05	-1.186348e-02	-6.958244e+00
4.579000e-05	-2.043767e-02	-6.999304e+00
4.580000e-05	-1.445735e-02	-7.072929e+00
4.581000e-05	-7.063049e-03	-7.085086e+00
4.582000e-05	-1.471094e-02	-7.138663e+00
4.583000e-05	-2.064749e-02	-7.158848e+00
4.584000e-05	-1.700038e-02	-7.209475e+00
4.585000e-05	-9.194694e-03	-7.263128e+00
4.586000e-05	-1.368186e-02	-7.244558e+00
4.587000e-05	-2.013088e-02	-7.295712e+00
4.588000e-05	-1.566445e-02	-7.368742e+00
4.589000e-05	-1.119988e-02	-7.349348e+00
4.590000e-05	-1.501197e-02	-7.400925e+00
4.591000e-05	-2.246691e-02	-7.430474e+00
4.592000e-05	-1.783443e-02	-7.504583e+00
4.593000e-05	-1.350419e-02	-7.484685e+00
4.594000e-05	-1.617059e-02	-7.507692e+00
4.595000e-05	-2.122493e-02	-7.558696e+00
4.596000e-05	-1.963621e-02	-7.588346e+00
4.597000e-05	-1.469127e-02	-7.622452e+00
4.598000e-05	-1.632532e-02	-7.622950e+00
4.599000e-05	-2.371807e-02	-7.653509e+00
4.600000e-05	-1.980897e-02	-7.676457e+00
4.601000e-05	-1.773165e-02	-7.748094e+00
4.602000e-05	-1.789982e-02	-7.769595e+00
4.603000e-05	-2.313904e-02	-7.768221e+00
4.604000e-05	-2.357199e-02	-7.790227e+00
4.605000e-05	-1.839047e-02	-7.832407e+00
4.606000e-05	-2.211470e-02	-7.801407e+00
4.607000e-05	-2.344863e-02	-7.826038e+00
4.608000e-05	-2.690163e-02	-7.883561e+00
4.609000e-05	-2.018607e-02	-7.904613e+00
4.610000e-05	-2.237441e-02	-7.937113e+00
4.611000e-05	-2.570333e-02	-7.955766e+00
4.612000e-05	-2.747844e-02	-7.937266e+00
4.613000e-05	-2.431439e-02	-7.928794e+00
4.614000e-05	-2.599155e-02	-7.928870e+00
4.615000e-05	-2.890412e-02	-7.958875e+00
4.616000e-05	-3.062568e-02	-7.990849e+00
4.617000e-05	-2.753457e-02	-7.958874e+00
4.618000e-05	-2.688947e-02	-8.000325e+00
4.619000e-05	-3.151098e-02	-8.001946e+00
4.620000e-05	-3.209932e-02	-8.001953e+00
4.621000e-05	-3.185954e-02	-7.982373e+00
4.622000e-05	-3.163858e-02	-8.020930e+00
4.623000e-05	-3.611545e-02	-8.012426e+00
4.624000e-05	-3.651663e-02	-8.030928e+00
4.625000e-05	-3.580257e-02	-8.019904e+00
4.626000e-05	-3.506865e-02	-8.022453e+00
4.627000e-05	-3.957964e-02	-7.990501e+00
4.628000e-05	-3.880688e-02	-7.991930e+00
4.629000e-05	-3.870588e-02	-7.991948e+00
4.630000e-05	-3.726789e-02	-7.981472e+00
4.631000e-05	-4.050522e-02	-7.980474e+00
4.632000e-05	-4.051158e-02	-7.979299e+00
4.633000e-05	-3.974383e-02	-7.969774e+00
4.634000e-05	-3.930281e-02	-7.998823e+00
4.635000e-05	-3.881239e-02	-7.956342e+00
4.636000e-05	-4.160571e-02	-7.966747e+00
4.637000e-05	-3.638346e-02	-7.955185e+00
4.638000e-05	-3.686038e-02	-7.945115e+00
4.639000e-05	-3.554025e-02	-7.876212e+00
4.640000e-05	-3.843470e-02	-7.814964e+00
4.641000e-05	-3.563429e-02	-7.893436e+00
4.642000e-05	-3.292453e-02	-7.820332e+00
4.643000e-05	-3.417811e-02	-7.750851e+00
4.644000e-05	-3.369562e-02	-7.818824e+00
4.645000e-05	-3.224453e-02	-7.738795e+00
4.646000e-05	-2.915332e-02	-7.736171e+00
4.647000e-05	-3.168434e-02	-7.716017e+00
4.648000e-05	-3.063612e-02	-7.662162e+00
4.649000e-05	-2.929863e-02	-7.676534e+00
4.650000e-05	-2.606051e-02	-7.630404e+00
4.651000e-05	-2.631039e-02	-7.580374e+00
4.652000e-05	-2.648682e-02	-7.548895e+00
4.653000e-05	-2.608336e-02	-7.526220e+00
4.654000e-05	-2.449615e-02	-7.514591e+00
4.655000e-05	-2.492322e-02	-7.444559e+00
4.656000e-05	-2.444312e-02	-7.442509e+00
4.657000e-05	-2.396721e-02	-7.421929e+00
4.658000e-05	-2.101785e-02	-7.368825e+00
4.659000e-05	-2.046234e-02	-7.298294e+00
4.660000e-05	-2.108489e-02	-7.327670e+00
4.661000e-05	-2.080668e-02	-7.305141e+00
4.662000e-05	-1.993122e-02	-7.263560e+00
4.663000e-05	-1.951329e-02	-7.233558e+00
4.664000e-05	-2.005917e-02	-7.188504e+00
4.665000e-05	-1.909187e-02	-7.200921e+00
4.666000e-05	-1.736756e-02	-7.115691e+00
4.667000e-05	-1.657750e-02	-7.085215e+00
4.668000e-05	-1.669397e-02	-7.022409e+00
4.669000e-05	-1.626202e-02	-6.990296e+00
4.670000e-05	-1.452793e-02	-6.928247e+00
4.671000e-05	-1.515537e-02	-6.904164e+00
4.672000e-05	-1.593519e-02	-6.862529e+00
4.673000e-05	-1.636031e-02	-6.820951e+00
4.674000e-05	-1.492059e-02	-6.748747e+00
4.675000e-05	-1.423931e-02	-6.726241e+00
4.676000e-05	-1.411755e-02	-6.644588e+00
4.677000e-05	-1.379247e-02	-6.622507e+00
4.678000e-05	-1.206162e-02	-6.589924e+00
4.679000e-05	-1.171346e-02	-6.537690e+00
4.680000e-05	-1.288403e-02	-6.505664e+00
4.681000e-05	-1.345786e-02	-6.454557e+00
4.682000e-05	-1.291073e-02	-6.420953e+00
4.683000e-05	-1.234536e-02	-6.357824e+00
4.684000e-05	-1.234113e-02	-6.328267e+00
4.685000e-05	-1.240599e-02	-6.222061e+00
4.686000e-05	-1.173206e-02	-6.130784e+00
4.687000e-05	-1.104596e-02	-6.095263e+00
4.688000e-05	-1.030742e-02	-6.082060e+00
4.689000e-05	-1.091376e-02	-5.990475e+00
4.690000e-05	-1.096387e-02	-5.956822e+00
4.691000e-05	-1.075690e-02	-5.895142e+00
4.692000e-05	-1.104098e-02	-5.812555e+00
4.693000e-05	-1.136454e-02	-5.798930e+00
4.694000e-05	-1.090799e-02	-5.747741e+00
4.695000e-05	-9.956145e-03	-5.664633e+00
4.696000e-05	-9.329060e-03	-5.611002e+00
4.697000e-05	-9.472950e-03	-5.528850e+00
4.698000e-05	-9.089525e-03	-5.515637e+00
4.699000e-05	-8.953173e-03	-5.410511e+00
4.700000e-05	-9.201471e-03	-5.339146e+00
4.701000e-05	-9.615531e-03	-5.252557e+00
4.702000e-05	-9.551631e-03	-5.197922e+00
4.703000e-05	-9.404765e-03	-5.115317e+00
4.704000e-05	-9.335650e-03	-5.022081e+00
4.705000e-05	-9.266019e-03	-4.960848e+00
4.706000e-05	-8.721022e-03	-4.844185e+00
4.707000e-05	-8.521304e-03	-4.750348e+00
4.708000e-05	-7.555151e-03	-4.683613e+00
4.709000e-05	-7.973066e-03	-4.621454e+00
4.710000e-05	-8.111443e-03	-4.578875e+00
4.711000e-05	-7.878500e-03	-4.498718e+00
4.712000e-05	-8.169844e-03	-4.464084e+00
4.713000e-05	-8.401376e-03	-4.399950e+00
4.714000e-05	-9.541662e-03	-4.358372e+00
4.715000e-05	-7.861639e-03	-4.273663e+00
4.716000e-05	-7.283807e-03	-4.171529e+00
4.717000e-05	-7.796290e-03	-4.137867e+00
4.718000e-05	-7.299435e-03	-4.034137e+00
4.719000e-05	-7.307102e-03	-4.019454e+00
4.720000e-05	-6.196926e-03	-3.938871e+00
4.721000e-05	-7.361484e-03	-3.844615e+00
4.722000e-05	-7.514195e-03	-3.737772e+00
4.723000e-05	-7.123020e-03	-3.674629e+00
4.724000e-05	-7.603139e-03	-3.609426e+00
4.725000e-05	-7.330517e-03	-3.506772e+00
4.726000e-05	-6.633391e-03	-3.443088e+00
4.727000e-05	-6.216620e-03	-3.369474e+00
4.728000e-05	-6.031760e-03	-3.306743e+00
4.729000e-05	-6.315576e-03	-3.250007e+00
4.730000e-05	-4.954477e-03	-3.170472e+00
4.731000e-05	-6.899949e-03	-3.095715e+00
4.732000e-05	-6.288476e-03	-2.998847e+00
4.733000e-05	-6.779256e-03	-2.883664e+00
4.734000e-05	-6.461882e-03	-2.829554e+00
4.735000e-05	-6.171946e-03	-2.748373e+00
4.736000e-05	-6.090212e-03	-2.643139e+00
4.737000e-05	-5.789212e-03	-2.570001e+00
4.738000e-05	-5.609009e-03	-2.475742e+00
4.739000e-05	-5.066817e-03	-2.411003e+00
4.740000e-05	-4.994633e-03	-2.358874e+00
4.741000e-05	-5.819922e-03	-2.256167e+00
4.742000e-05	-6.009927e-03	-2.137378e+00
4.743000e-05	-5.503009e-03	-2.055113e+00
4.744000e-05	-5.579824e-03	-1.998450e+00
4.745000e-05	-6.129988e-03	-1.905288e+00
4.746000e-05	-5.970140e-03	-1.843183e+00
4.747000e-05	-3.980265e-03	-1.739425e+00
4.748000e-05	-4.937310e-03	-1.645115e+00
4.749000e-05	-5.257443e-03	-1.611554e+00
4.750000e-05	-4.174138e-03	-1.548372e+00
4.751000e-05	-4.046063e-03	-1.421178e+00
4.752000e-05	-4.459785e-03	-1.273141e+00
4.753000e-05	-6.654481e-03	-1.191002e+00
4.754000e-05	-5.065676e-03	-1.084692e+00
4.755000e-05	-4.834882e-03	-1.022107e+00
4.756000e-05	-4.452158e-03	-9.278959e-01
4.757000e-05	-5.098118e-03	-8.351102e-01
4.758000e-05	-4.289629e-03	-8.105260e-01
4.759000e-05	-3.185793e-03	-7.283218e-01
4.760000e-05	-3.493297e-03	-6.210798e-01
4.761000e-05	-4.503737e-03	-5.153391e-01
4.762000e-05	-5.123542e-03	-4.215063e-01
4.763000e-05	-4.649606e-03	-3.788232e-01
4.764000e-05	-3.955014e-03	-2.650652e-01
4.765000e-05	-5.177292e-03	-2.200549e-01
4.766000e-05	-4.064012e-03	-9.676786e-02
4.767000e-05	-1.095213e-03	-3.210512e-02
4.768000e-05	1.246358e-03	3.050144e-02
4.769000e-05	1.665881e-03	9.575846e-02
4.770000e-05	-4.761473e-04	1.990218e-01
4.771000e-05	-1.196802e-03	3.664370e-01
4.772000e-05	-2.453978e-03	3.895202e-01
4.773000e-05	-2.165491e-03	4.411553e-01
4.774000e-05	1.897233e-05	5.558150e-01
4.775000e-05	1.765933e-02	5.900202e-01
4.776000e-05	4.924221e-02	7.367108e-01
4.777000e-05	-2.548901e-03	8.089741e-01
4.778000e-05	-4.524935e-02	8.947084e-01
4.779000e-05	-6.100669e-02	1.032449e+00
4.780000e-05	-4.938506e-02	1.116757e+00
4.781000e-05	1.175007e-01	1.186452e+00
4.782000e-05	-2.410953e-02	1.305183e+00
4.783000e-05	-1.037551e-01	1.368892e+00
4.784000e-05	1.219530e-01	1.451678e+00
4.785000e-05	-9.452277e-03	1.632846e+00
4.786000e-05	-1.980121e-02	1.712735e+00
4.787000e-05	2.956337e-02	1.777790e+00
4.788000e-05	-8.385604e-02	1.853027e+00
4.789000e-05	-1.650671e-03	1.915238e+00
4.790000e-05	1.119866e-01	1.978843e+00
4.791000e-05	-5.569165e-02	2.061553e+00
4.792000e-05	-2.016028e-02	2.115762e+00
4.793000e-05	1.635854e-03	2.259899e+00
4.794000e-05	1.714905e-02	2.265611e+00
4.795000e-05	2.869159e-02	2.336340e+00
4.796000e-05	-8.114446e-02	2.441529e+00
4.797000e-05	1.825842e-02	2.463835e+00
4.798000e-05	5.763476e-02	2.660418e+00
4.799000e-05	4.237514e-03	2.744238e+00
4.800000e-05	-5.074236e-02	2.800473e+00
4.801000e-05	-1.743569e-03	2.863084e+00
4.802000e-05	3.726743e-02	2.946791e+00
4.803000e-05	1.910701e-03	3.040050e+00
4.804000e-05	-3.420051e-02	3.116189e+00
4.805000e-05	1.961263e-02	3.197897e+00
4.806000e-05	1.200092e-03	3.230529e+00
4.807000e-05	2.016986e-02	3.285207e+00
4.808000e-05	-2.776290e-02	3.407428e+00
4.809000e-05	-8.268676e-03	3.545215e+00
4.810000e-05	2.750507e-02	3.599445e+00
4.811000e-05	2.991864e-03	3.681632e+00
4.812000e-05	-2.388509e-03	3.747270e+00
4.813000e-05	-1.453530e-02	3.830949e+00
4.814000e-05	2.050020e-02	3.853637e+00
4.815000e-05	-8.794527e-04	3.967295e+00
4.816000e-05	-6.918628e-03	3.990951e+00
4.817000e-05	-4.010536e-03	4.062558e+00
4.818000e-05	1.219535e-02	4.127274e+00
4.819000e-05	1.109999e-02	4.264483e+00
4.820000e-05	-6.538919e-03	4.357391e+00
4.821000e-05	-7.401692e-03	4.421975e+00
4.822000e-05	1.451956e-02	4.485135e+00
4.823000e-05	3.003990e-03	4.545743e+00
4.824000e-05	-1.952837e-03	4.660400e+00
4.825000e-05	-7.910234e-03	4.703636e+00
4.826000e-05	1.659356e-02	4.747269e+00
4.827000e-05	3.652318e-03	4.789428e+00
4.828000e-05	-3.338882e-03	4.812736e+00
4.829000e-05	-2.458503e-03	5.009892e+00
4.830000e-05	1.266895e-02	5.175110e+00
4.831000e-05	9.530562e-03	5.177845e+00
4.832000e-05	-5.898300e-03	5.233056e+00
4.833000e-05	2.157768e-04	5.316235e+00
4.834000e-05	8.567530e-03	5.378870e+00
4.835000e-05	9.684754e-03	5.452603e+00
4.836000e-05	-7.151901e-03	5.515610e+00
4.837000e-05	1.516332e-03	5.587267e+00
4.838000e-05	9.034015e-03	5.589423e+00
4.839000e-05	1.085009e-02	5.602128e+00
4.840000e-05	-2.993932e-03	5.726687e+00
4.841000e-05	8.231286e-04	5.800870e+00
4.842000e-05	9.026442e-03	5.894011e+00
4.843000e-05	1.021584e-02	5.965342e+00
4.844000e-05	-7.498695e-04	6.010973e+00
4.845000e-05	2.902882e-04	6.041504e+00
4.846000e-05	8.594876e-03	6.105162e+00
4.847000e-05	1.057183e-02	6.157269e+00
4.848000e-05	1.431309e-03	6.240448e+00
4.849000e-05	6.714752e-04	6.261540e+00
4.850000e-05	9.567488e-03	6.275590e+00
4.851000e-05	1.146800e-02	6.337295e+00
4.852000e-05	3.529703e-03	6.399948e+00
4.853000e-05	1.484192e-03	6.462554e+00
4.854000e-05	8.649503e-03	6.475615e+00
4.855000e-05	1.010773e-02	6.556721e+00
4.856000e-05	3.588682e-03	6.591776e+00
4.857000e-05	1.274504e-03	6.674486e+00
4.858000e-05	8.865735e-03	6.757517e+00
4.859000e-05	1.192877e-02	6.757718e+00
4.860000e-05	7.681007e-03	6.819348e+00
4.861000e-05	3.445457e-03	6.851902e+00
4.862000e-05	9.553079e-03	6.873611e+00
4.863000e-05	1.123629e-02	6.905137e+00
4.864000e-05	7.542090e-03	6.916716e+00
4.865000e-05	3.715533e-03	6.988323e+00
4.866000e-05	9.399917e-03	7.002952e+00
4.867000e-05	1.130941e-02	7.073028e+00
4.868000e-05	9.448844e-03	7.104637e+00
4.869000e-05	6.798998e-03	7.157296e+00
4.870000e-05	1.096974e-02	7.199298e+00
4.871000e-05	1.310390e-02	7.212447e+00
4.872000e-05	1.073809e-02	7.253477e+00
4.873000e-05	6.900085e-03	7.274132e+00
4.874000e-05	1.062536e-02	7.306613e+00
4.875000e-05	1.195447e-02	7.347743e+00
4.876000e-05	1.085886e-02	7.338802e+00
4.877000e-05	8.899610e-03	7.419904e+00
4.878000e-05	1.124689e-02	7.442032e+00
4.879000e-05	1.505366e-02	7.526692e+00
4.880000e-05	1.339117e-02	7.505794e+00
4.881000e-05	1.195383e-02	7.559650e+00
4.882000e-05	1.273884e-02	7.611397e+00
4.883000e-05	1.574190e-02	7.621875e+00
4.884000e-05	1.268303e-02	7.651454e+00
4.885000e-05	1.243360e-02	7.654057e+00
4.886000e-05	1.385369e-02	7.695062e+00
4.887000e-05	1.616188e-02	7.685191e+00
4.888000e-05	1.572796e-02	7.717640e+00
4.889000e-05	1.432421e-02	7.777773e+00
4.890000e-05	1.724217e-02	7.798823e+00
4.891000e-05	1.764079e-02	7.759878e+00
4.892000e-05	1.787427e-02	7.839424e+00
4.893000e-05	1.678333e-02	7.801980e+00
4.894000e-05	1.778472e-02	7.822009e+00
4.895000e-05	1.946856e-02	7.835083e+00
4.896000e-05	1.847343e-02	7.875061e+00
4.897000e-05	1.884807e-02	7.875564e+00
4.898000e-05	1.931234e-02	7.874636e+00
4.899000e-05	2.191546e-02	7.936217e+00
4.900000e-05	2.353625e-02	7.914739e+00
4.901000e-05	2.262367e-02	7.928637e+00
4.902000e-05	2.296296e-02	7.979292e+00
4.903000e-05	2.418452e-02	7.927793e+00
4.904000e-05	2.609021e-02	7.966225e+00
4.905000e-05	2.490227e-02	7.960321e+00
4.906000e-05	2.653974e-02	7.979923e+00
4.907000e-05	2.676642e-02	7.958231e+00
4.908000e-05	2.918142e-02	7.927351e+00
4.909000e-05	2.840105e-02	8.018226e+00
4.910000e-05	3.190267e-02	7.939300e+00
4.911000e-05	3.234565e-02	7.980306e+00
4.912000e-05	3.331818e-02	8.007298e+00
4.913000e-05	3.318880e-02	7.920899e+00
4.914000e-05	3.182614e-02	7.948775e+00
4.915000e-05	3.324835e-02	7.927250e+00
4.916000e-05	3.271898e-02	7.948268e+00
4.917000e-05	3.326063e-02	7.947144e+00
4.918000e-05	3.327751e-02	7.926660e+00
4.919000e-05	3.508260e-02	7.906143e+00
4.920000e-05	3.328550e-02	7.945095e+00
4.921000e-05	3.166956e-02	7.905532e+00
4.922000e-05	3.238325e-02	7.846084e+00
4.923000e-05	3.136736e-02	7.823483e+00
4.924000e-05	3.101855e-02	7.790482e+00
4.925000e-05	2.752499e-02	7.813947e+00
4.926000e-05	2.918551e-02	7.830404e+00
4.927000e-05	2.869474e-02	7.799771e+00
4.928000e-05	2.718147e-02	7.758274e+00
4.929000e-05	2.566783e-02	7.786822e+00
4.930000e-05	2.560532e-02	7.696693e+00
4.931000e-05	2.633775e-02	7.695113e+00
4.932000e-05	2.564976e-02	7.683983e+00
4.933000e-05	2.167645e-02	7.663531e+00
4.934000e-05	2.122571e-02	7.631432e+00
4.935000e-05	2.156504e-02	7.599900e+00
4.936000e-05	2.081678e-02	7.558326e+00
4.937000e-05	1.842595e-02	7.518770e+00
4.938000e-05	1.833208e-02	7.475166e+00
4.939000e-05	2.052820e-02	7.453042e+00
4.940000e-05	1.947780e-02	7.432857e+00
4.941000e-05	1.753992e-02	7.359354e+00
4.942000e-05	1.513330e-02	7.328271e+00
4.943000e-05	1.663499e-02	7.275619e+00
4.944000e-05	1.554842e-02	7.245087e+00
4.945000e-05	1.299857e-02	7.243056e+00
4.946000e-05	1.271923e-02	7.240423e+00
4.947000e-05	1.385773e-02	7.210377e+00
4.948000e-05	1.383002e-02	7.115746e+00
4.949000e-05	1.200767e-02	7.106719e+00
4.950000e-05	1.167424e-02	7.044063e+00
4.951000e-05	1.199058e-02	7.063486e+00
4.952000e-05	1.202145e-02	7.001979e+00
4.953000e-05	1.057737e-02	6.948871e+00
4.954000e-05	8.654216e-03	6.907219e+00
4.955000e-05	9.664744e-03	6.893091e+00
4.956000e-05	1.025626e-02	6.864561e+00
4.957000e-05	8.452031e-03	6.810402e+00
4.958000e-05	8.469028e-03	6.759403e+00
4.959000e-05	9.127504e-03	6.708696e+00
4.960000e-05	9.358473e-03	6.672945e+00
4.961000e-05	8.044898e-03	6.562035e+00
4.962000e-05	7.298151e-03	6.538256e+00
4.963000e-05	6.499564e-03	6.485168e+00
4.964000e-05	7.467217e-03	6.453034e+00
4.965000e-05	6.197684e-03	6.361928e+00
4.966000e-05	4.662411e-03	6.346328e+00
4.967000e-05	4.874685e-03	6.325645e+00
4.968000e-05	6.286405e-03	6.263563e+00
4.969000e-05	6.410404e-03	6.211505e+00
4.970000e-05	4.763640e-03	6.158449e+00
4.971000e-05	4.962062e-03	6.106666e+00
4.972000e-05	5.860347e-03	6.083608e+00
4.973000e-05	6.161644e-03	6.031058e+00
4.974000e-05	3.780751e-03	6.000452e+00
4.975000e-05	3.576492e-03	5.934794e+00
4.976000e-05	3.670463e-03	5.824534e+00
4.977000e-05	4.825765e-03	5.769799e+00
4.978000e-05	3.329051e-03	5.683689e+00
4.979000e-05	2.914204e-03	5.673033e+00
4.980000e-05	4.227179e-03	5.599376e+00
4.981000e-05	4.523393e-03	5.526741e+00
4.982000e-05	3.930026e-03	5.453160e+00
4.983000e-05	2.567613e-03	5.389453e+00
4.984000e-05	3.489348e-03	5.328324e+00
4.985000e-05	3.261306e-03	5.304641e+00
4.986000e-05	1.906040e-03	5.213009e+00
4.987000e-05	1.151095e-03	5.158821e+00
4.988000e-05	2.371833e-03	5.032611e+00
4.989000e-05	4.108016e-03	4.947700e+00
4.990000e-05	1.797522e-03	4.856166e+00
4.991000e-05	2.697212e-03	4.790929e+00
4.992000e-05	2.450989e-03	4.746344e+00
4.993000e-05	3.066323e-03	4.653138e+00
4.994000e-05	6.597545e-04	4.621956e+00
4.995000e-05	1.542187e-03	4.516794e+00
4.996000e-05	7.135034e-04	4.474137e+00
4.997000e-05	1.689807e-03	4.420526e+00
4.998000e-05	6.636077e-04	4.359351e+00
4.999000e-05	1.468429e-03	4.274617e+00
