# 260928_11:23:16.488399
t	CH1	CH2
0.000000e+00	-2.223595e-03	-1.388420e-01
1.000000e-08	5.269571e-03	-3.099410e-01
2.000000e-08	-4.056780e-03	-5.113137e-01
3.000000e-08	-5.999949e-04	-7.805951e-01
4.000000e-08	-7.029209e-03	-9.914664e-01
5.000000e-08	-2.749332e-03	-1.180125e+00
6.000000e-08	-5.023213e-03	-1.392074e+00
7.000000e-08	8.601720e-03	-1.654224e+00
8.000000e-08	8.431676e-02	-1.833128e+00
9.000000e-08	2.145538e-03	-2.116812e+00
1.000000e-07	-5.672618e-02	-2.485255e+00
1.100000e-07	-4.476972e-02	-2.737315e+00
1.200000e-07	-6.740357e-02	-2.855732e+00
1.300000e-07	-2.692521e-02	-3.046181e+00
1.400000e-07	1.562539e-01	-3.150491e+00
1.500000e-07	-1.626179e-01	-3.433106e+00
1.600000e-07	6.878375e-02	-3.611002e+00
1.700000e-07	1.044928e-01	-3.737998e+00
1.800000e-07	-1.429779e-01	-4.108364e+00
1.900000e-07	1.136907e-01	-4.285762e+00
2.000000e-07	-1.319617e-01	-4.464258e+00
2.100000e-07	-3.391493e-02	-4.709346e+00
2.200000e-07	1.359406e-01	-4.873306e+00
2.300000e-07	-1.082613e-01	-5.131474e+00
2.400000e-07	8.558548e-02	-5.392628e+00
2.500000e-07	-5.551389e-02	-5.581604e+00
2.600000e-07	-2.861929e-02	-5.865728e+00
2.700000e-07	8.600905e-02	-6.000127e+00
2.800000e-07	-1.598845e-01	-6.213705e+00
2.900000e-07	9.740158e-02	-6.453161e+00
3.000000e-07	-3.756454e-02	-6.614078e+00
3.100000e-07	3.985759e-02	-6.853656e+00
3.200000e-07	-3.021140e-03	-7.010623e+00
3.300000e-07	-1.159517e-01	-7.255181e+00
3.400000e-07	1.275772e-01	-7.423704e+00
3.500000e-07	-1.056779e-01	-7.635178e+00
3.600000e-07	4.677470e-02	-7.775633e+00
3.700000e-07	-3.605333e-02	-8.003652e+00
3.800000e-07	7.167284e-03	-8.182031e+00
3.900000e-07	3.933447e-02	-8.356444e+00
4.000000e-07	-9.814205e-02	-8.517944e+00
4.100000e-07	4.946662e-02	-8.638891e+00
4.200000e-07	-5.428730e-02	-8.847236e+00
4.300000e-07	4.586984e-02	-9.014107e+00
4.400000e-07	-4.415569e-02	-9.189523e+00
4.500000e-07	-9.751754e-03	-9.339368e+00
4.600000e-07	1.952358e-02	-9.476211e+00
4.700000e-07	-3.977762e-02	-9.625632e+00
4.800000e-07	7.580935e-03	-9.748944e+00
4.900000e-07	-4.634997e-02	-9.906816e+00
5.000000e-07	3.027740e-02	-1.001361e+01
5.100000e-07	-2.479390e-02	-1.015197e+01
5.200000e-07	-7.668122e-03	-1.033782e+01
5.300000e-07	-2.503522e-02	-1.041523e+01
5.400000e-07	-3.726793e-03	-1.053045e+01
5.500000e-07	-6.396920e-03	-1.067476e+01
5.600000e-07	-2.534029e-02	-1.079250e+01
5.700000e-07	-1.215352e-02	-1.089431e+01
5.800000e-07	-1.176645e-02	-1.096287e+01
5.900000e-07	1.680670e-04	-1.107679e+01
6.000000e-07	-3.309037e-02	-1.118993e+01
6.100000e-07	-1.350077e-02	-1.127674e+01
6.200000e-07	-1.876616e-02	-1.140260e+01
6.300000e-07	-1.438032e-03	-1.151629e+01
6.400000e-07	-2.696049e-02	-1.159047e+01
6.500000e-07	-1.883943e-02	-1.165567e+01
6.600000e-07	-1.062835e-02	-1.174834e+01
6.700000e-07	-1.477531e-02	-1.184511e+01
6.800000e-07	-2.201866e-02	-1.191939e+01
6.900000e-07	-2.888388e-02	-1.201103e+01
7.000000e-07	-1.007702e-02	-1.201318e+01
7.100000e-07	-1.863222e-02	-1.206526e+01
7.200000e-07	-2.358437e-02	-1.214729e+01
7.300000e-07	-2.949689e-02	-1.216095e+01
7.400000e-07	-1.761878e-02	-1.219155e+01
7.500000e-07	-1.876485e-02	-1.224503e+01
7.600000e-07	-2.943766e-02	-1.228513e+01
7.700000e-07	-2.992389e-02	-1.227829e+01
7.800000e-07	-2.366499e-02	-1.232682e+01
7.900000e-07	-2.186666e-02	-1.234740e+01
8.000000e-07	-3.280181e-02	-1.236992e+01
8.100000e-07	-3.531070e-02	-1.237785e+01
8.200000e-07	-2.914980e-02	-1.236943e+01
8.300000e-07	-2.901177e-02	-1.237943e+01
8.400000e-07	-3.610057e-02	-1.233187e+01
8.500000e-07	-3.858861e-02	-1.234935e+01
8.600000e-07	-3.352846e-02	-1.234927e+01
8.700000e-07	-3.104916e-02	-1.229779e+01
8.800000e-07	-3.753613e-02	-1.230680e+01
8.900000e-07	-3.933700e-02	-1.226518e+01
9.000000e-07	-3.453591e-02	-1.222263e+01
9.100000e-07	-2.954585e-02	-1.222255e+01
9.200000e-07	-3.464581e-02	-1.216937e+01
9.300000e-07	-3.561983e-02	-1.215679e+01
9.400000e-07	-2.978137e-02	-1.209519e+01
9.500000e-07	-2.609456e-02	-1.202509e+01
9.600000e-07	-2.894765e-02	-1.197982e+01
9.700000e-07	-3.063914e-02	-1.189624e+01
9.800000e-07	-2.503689e-02	-1.182451e+01
9.900000e-07	-2.216921e-02	-1.171897e+01
1.000000e-06	-2.282634e-02	-1.162512e+01
1.010000e-06	-2.599261e-02	-1.160002e+01
1.020000e-06	-2.146803e-02	-1.147719e+01
1.030000e-06	-1.777822e-02	-1.142146e+01
1.040000e-06	-1.942413e-02	-1.126567e+01
1.050000e-06	-2.207062e-02	-1.114997e+01
1.060000e-06	-1.885127e-02	-1.106416e+01
1.070000e-06	-1.407961e-02	-1.097892e+01
1.080000e-06	-1.710907e-02	-1.086519e+01
1.090000e-06	-1.872697e-02	-1.078992e+01
1.100000e-06	-1.664413e-02	-1.069521e+01
1.110000e-06	-1.227905e-02	-1.055890e+01
1.120000e-06	-1.208949e-02	-1.046110e+01
1.130000e-06	-1.485369e-02	-1.033782e+01
1.140000e-06	-1.335037e-02	-1.014937e+01
1.150000e-06	-1.052916e-02	-1.002309e+01
1.160000e-06	-1.185933e-02	-9.925245e+00
1.170000e-06	-1.486888e-02	-9.759953e+00
1.180000e-06	-1.382243e-02	-9.691635e+00
1.190000e-06	-1.029130e-02	-9.528121e+00
1.200000e-06	-9.117514e-03	-9.336894e+00
1.210000e-06	-1.135155e-02	-9.221503e+00
1.220000e-06	-1.105771e-02	-9.023112e+00
1.230000e-06	-8.179065e-03	-8.885113e+00
1.240000e-06	-8.409750e-03	-8.756270e+00
1.250000e-06	-1.224021e-02	-8.517369e+00
1.260000e-06	-1.125867e-02	-8.390523e+00
1.270000e-06	-8.402030e-03	-8.242033e+00
1.280000e-06	-7.231931e-03	-8.104141e+00
1.290000e-06	-9.415936e-03	-7.905141e+00
1.300000e-06	-1.006527e-02	-7.634589e+00
1.310000e-06	-6.445680e-03	-7.504561e+00
1.320000e-06	-7.061686e-03	-7.284138e+00
1.330000e-06	-9.489031e-03	-7.157241e+00
1.340000e-06	-8.728070e-03	-6.894689e+00
1.350000e-06	-8.078878e-03	-6.735688e+00
1.360000e-06	-5.456501e-03	-6.546220e+00
1.370000e-06	-9.253542e-03	-6.368370e+00
1.380000e-06	-8.098910e-03	-6.105673e+00
1.390000e-06	-6.655825e-03	-5.926189e+00
1.400000e-06	-5.761022e-03	-5.735268e+00
1.410000e-06	-7.710607e-03	-5.537867e+00
1.420000e-06	-6.361963e-03	-5.314112e+00
1.430000e-06	-7.883656e-03	-5.033583e+00
1.440000e-06	-5.002220e-03	-4.780329e+00
1.450000e-06	-7.884132e-03	-4.578922e+00
1.460000e-06	-5.089742e-03	-4.391472e+00
1.470000e-06	-7.010860e-03	-4.220853e+00
1.480000e-06	-3.387661e-03	-4.009874e+00
1.490000e-06	-6.081506e-03	-3.788846e+00
1.500000e-06	-5.901740e-03	-3.578347e+00
1.510000e-06	-6.549379e-03	-3.366842e+00
1.520000e-06	-4.474812e-03	-3.157720e+00
1.530000e-06	-6.730163e-03	-2.863187e+00
1.540000e-06	-4.233106e-03	-2.691663e+00
1.550000e-06	-5.187570e-03	-2.452137e+00
1.560000e-06	-3.123066e-03	-2.229877e+00
1.570000e-06	-6.029317e-03	-1.978925e+00
1.580000e-06	-3.478204e-03	-1.809849e+00
1.590000e-06	-6.035246e-03	-1.578325e+00
1.600000e-06	-4.396488e-03	-1.281509e+00
1.610000e-06	-4.934488e-03	-1.012005e+00
1.620000e-06	-4.236906e-03	-8.506066e-01
1.630000e-06	-2.371789e-03	-6.084211e-01
1.640000e-06	-3.663434e-03	-3.258696e-01
1.650000e-06	-2.458575e-03	-1.448158e-01
1.660000e-06	1.229803e-03	2.172932e-02
1.670000e-06	5.302313e-03	3.073410e-01
1.680000e-06	-2.470758e-03	5.172634e-01
1.690000e-06	2.745806e-03	6.977662e-01
1.700000e-06	-2.575591e-03	9.068609e-01
1.710000e-06	2.994303e-03	1.159973e+00
1.720000e-06	1.789617e-05	1.380046e+00
1.730000e-06	5.375284e-03	1.645208e+00
1.740000e-06	3.993485e-02	1.872787e+00
1.750000e-06	7.014219e-02	2.077257e+00
1.760000e-06	-4.786025e-02	2.360395e+00
1.770000e-06	-4.148153e-02	2.594573e+00
1.780000e-06	-3.589366e-02	2.843681e+00
1.790000e-06	-3.619700e-02	2.990024e+00
1.800000e-06	-2.440342e-02	3.137967e+00
1.810000e-06	1.132866e-01	3.338395e+00
1.820000e-06	-1.029207e-01	3.611603e+00
1.830000e-06	6.020591e-02	3.696867e+00
1.840000e-06	8.840629e-02	3.962473e+00
1.850000e-06	-8.661544e-02	4.202679e+00
1.860000e-06	5.025611e-02	4.401157e+00
1.870000e-06	-6.367773e-02	4.667692e+00
1.880000e-06	7.811016e-03	4.854681e+00
1.890000e-06	5.076231e-02	5.109889e+00
1.900000e-06	-2.769370e-02	5.371572e+00
1.910000e-06	2.433031e-02	5.561476e+00
1.920000e-06	-1.468131e-03	5.751603e+00
1.930000e-06	-1.828657e-02	5.982128e+00
1.940000e-06	1.826456e-02	6.171476e+00
1.950000e-06	-2.202828e-02	6.340979e+00
1.960000e-06	2.906631e-02	6.568576e+00
1.970000e-06	-1.528053e-02	6.804555e+00
1.980000e-06	4.300383e-02	6.971527e+00
1.990000e-06	-1.216873e-02	7.163074e+00
2.000000e-06	-2.869229e-02	7.377546e+00
2.010000e-06	3.721457e-02	7.551004e+00
2.020000e-06	-2.106424e-02	7.782601e+00
2.030000e-06	2.833747e-02	7.999553e+00
2.040000e-06	-1.045249e-02	8.149050e+00
2.050000e-06	1.867057e-02	8.350373e+00
2.060000e-06	-5.104749e-04	8.466790e+00
2.070000e-06	-1.254723e-03	8.632105e+00
2.080000e-06	4.826706e-03	8.782053e+00
2.090000e-06	-4.487598e-03	8.927866e+00
2.100000e-06	2.305028e-02	9.107892e+00
2.110000e-06	8.892431e-04	9.255287e+00
2.120000e-06	8.367284e-03	9.424129e+00
2.130000e-06	4.710876e-03	9.529902e+00
2.140000e-06	3.593575e-03	9.696815e+00
2.150000e-06	7.048989e-03	9.823708e+00
2.160000e-06	3.732597e-03	1.000303e+01
2.170000e-06	1.180810e-02	1.011690e+01
2.180000e-06	7.524759e-03	1.026466e+01
2.190000e-06	1.032341e-02	1.034840e+01
2.200000e-06	7.106814e-03	1.046676e+01
2.210000e-06	6.282893e-03	1.059251e+01
2.220000e-06	8.174579e-03	1.073894e+01
2.230000e-06	8.595607e-03	1.083626e+01
2.240000e-06	9.836257e-03	1.094840e+01
2.250000e-06	9.935314e-03	1.104519e+01
2.260000e-06	9.878691e-03	1.112140e+01
2.270000e-06	9.665938e-03	1.124471e+01
2.280000e-06	9.415415e-03	1.132835e+01
2.290000e-06	1.044076e-02	1.138361e+01
2.300000e-06	1.284419e-02	1.149898e+01
2.310000e-06	1.317451e-02	1.166298e+01
2.320000e-06	1.303767e-02	1.168729e+01
2.330000e-06	1.244037e-02	1.177048e+01
2.340000e-06	1.404811e-02	1.184263e+01
2.350000e-06	1.072297e-02	1.189727e+01
2.360000e-06	1.233524e-02	1.195898e+01
2.370000e-06	1.528788e-02	1.203101e+01
2.380000e-06	1.676158e-02	1.206414e+01
2.390000e-06	1.735769e-02	1.206777e+01
2.400000e-06	1.761686e-02	1.209889e+01
2.410000e-06	1.933599e-02	1.217145e+01
2.420000e-06	1.834820e-02	1.220206e+01
2.430000e-06	1.977893e-02	1.220453e+01
2.440000e-06	1.896584e-02	1.226519e+01
2.450000e-06	2.314198e-02	1.229428e+01
2.460000e-06	2.321896e-02	1.225472e+01
2.470000e-06	2.529676e-02	1.225624e+01
2.480000e-06	2.512883e-02	1.231677e+01
2.490000e-06	2.693692e-02	1.226477e+01
2.500000e-06	2.761324e-02	1.230727e+01
2.510000e-06	2.862095e-02	1.229682e+01
2.520000e-06	2.724434e-02	1.222321e+01
2.530000e-06	3.011580e-02	1.224314e+01
2.540000e-06	3.072547e-02	1.219208e+01
2.550000e-06	2.834937e-02	1.221048e+01
2.560000e-06	2.775752e-02	1.212940e+01
2.570000e-06	2.762683e-02	1.209787e+01
2.580000e-06	2.727131e-02	1.207624e+01
2.590000e-06	2.406688e-02	1.203211e+01
2.600000e-06	2.412638e-02	1.199005e+01
2.610000e-06	2.296922e-02	1.193700e+01
2.620000e-06	2.158952e-02	1.193627e+01
2.630000e-06	1.903879e-02	1.182211e+01
2.640000e-06	1.747996e-02	1.174890e+01
2.650000e-06	1.789333e-02	1.171632e+01
2.660000e-06	1.652596e-02	1.161261e+01
2.670000e-06	1.585354e-02	1.149935e+01
2.680000e-06	1.452200e-02	1.142096e+01
2.690000e-06	1.370347e-02	1.128677e+01
2.700000e-06	1.142541e-02	1.122013e+01
2.710000e-06	1.135920e-02	1.113687e+01
2.720000e-06	1.027261e-02	1.101411e+01
2.730000e-06	9.399440e-03	1.093787e+01
2.740000e-06	9.611625e-03	1.085264e+01
2.750000e-06	8.179441e-03	1.076795e+01
2.760000e-06	9.296535e-03	1.059351e+01
2.770000e-06	6.345800e-03	1.049721e+01
2.780000e-06	7.716738e-03	1.034937e+01
2.790000e-06	5.415417e-03	1.026259e+01
2.800000e-06	5.878289e-03	1.012674e+01
2.810000e-06	3.876930e-03	1.002098e+01
2.820000e-06	5.130856e-03	9.813192e+00
2.830000e-06	4.664736e-03	9.713218e+00
2.840000e-06	4.517600e-03	9.557377e+00
2.850000e-06	2.881833e-03	9.431879e+00
2.860000e-06	3.285758e-03	9.275214e+00
2.870000e-06	2.699187e-03	9.166400e+00
2.880000e-06	3.696776e-03	8.928300e+00
2.890000e-06	1.929646e-03	8.809503e+00
2.900000e-06	1.978409e-03	8.640636e+00
2.910000e-06	2.466561e-03	8.492690e+00
2.920000e-06	1.486222e-03	8.355851e+00
2.930000e-06	1.595584e-03	8.159352e+00
2.940000e-06	2.558717e-04	7.989849e+00
2.950000e-06	1.342372e-03	7.809554e+00
2.960000e-06	1.495246e-04	7.630479e+00
2.970000e-06	1.035859e-03	7.451953e+00
2.980000e-06	-9.453574e-04	7.220478e+00
2.990000e-06	-2.241169e-04	7.062032e+00
3.000000e-06	-3.340236e-04	6.861606e+00
3.010000e-06	-1.844714e-05	6.664033e+00
3.020000e-06	-1.433252e-03	6.452580e+00
3.030000e-06	-8.554582e-04	6.263586e+00
3.040000e-06	-5.947670e-04	6.103664e+00
3.050000e-06	-1.636340e-03	5.906137e+00
3.060000e-06	-1.510879e-03	5.681638e+00
3.070000e-06	-1.641568e-03	5.473064e+00
3.080000e-06	-2.096804e-03	5.302532e+00
3.090000e-06	-2.490342e-03	4.936822e+00
3.100000e-06	-2.513710e-03	4.726747e+00
3.110000e-06	-2.308109e-03	4.525290e+00
3.120000e-06	-2.047382e-03	4.357196e+00
3.130000e-06	-2.767919e-03	4.144239e+00
3.140000e-06	-3.183646e-03	3.883188e+00
3.150000e-06	-3.044061e-03	3.693239e+00
3.160000e-06	-3.713623e-03	3.472639e+00
3.170000e-06	-3.408697e-03	3.221475e+00
3.180000e-06	-4.681905e-03	3.019530e+00
3.190000e-06	-3.598767e-03	2.818954e+00
3.200000e-06	-4.336627e-03	2.620976e+00
3.210000e-06	-3.706686e-03	2.327372e+00
3.220000e-06	-4.581129e-03	2.145719e+00
3.230000e-06	-3.682827e-03	1.947242e+00
3.240000e-06	-4.134520e-03	1.673667e+00
3.250000e-06	-4.664766e-03	1.441056e+00
3.260000e-06	-4.966452e-03	1.209955e+00
3.270000e-06	-4.664231e-03	9.643195e-01
3.280000e-06	-4.354719e-03	7.542417e-01
3.290000e-06	-4.665105e-03	4.727129e-01
3.300000e-06	-4.756876e-03	2.952119e-01
3.310000e-06	-4.362201e-03	1.902889e-02
3.320000e-06	5.705586e-05	-2.004689e-01
3.330000e-06	2.487015e-03	-3.490426e-01
3.340000e-06	-4.804657e-03	-5.936253e-01
3.350000e-06	-1.903361e-03	-8.511015e-01
3.360000e-06	-4.603132e-03	-1.022154e+00
3.370000e-06	-2.828147e-03	-1.254127e+00
3.380000e-06	-3.246601e-03	-1.487786e+00
3.390000e-06	1.972678e-02	-1.704257e+00
3.400000e-06	9.348249e-02	-1.895312e+00
3.410000e-06	-4.011464e-02	-2.192628e+00
3.420000e-06	-4.404364e-02	-2.509993e+00
3.430000e-06	-5.359336e-02	-2.779421e+00
3.440000e-06	-7.535102e-02	-2.908937e+00
3.450000e-06	3.726379e-02	-3.085737e+00
3.460000e-06	1.106307e-01	-3.211676e+00
3.470000e-06	-1.925542e-01	-3.516760e+00
3.480000e-06	1.616089e-01	-3.630679e+00
3.490000e-06	5.890202e-03	-3.822204e+00
3.500000e-06	-9.071830e-02	-4.140473e+00
3.510000e-06	1.047897e-01	-4.296414e+00
3.520000e-06	-1.844248e-01	-4.519893e+00
3.530000e-06	6.271122e-02	-4.741953e+00
3.540000e-06	7.168080e-02	-4.920438e+00
3.550000e-06	-9.106649e-02	-5.225228e+00
3.560000e-06	9.923967e-02	-5.456232e+00
3.570000e-06	-1.035365e-01	-5.634758e+00
3.580000e-06	4.279817e-02	-5.887287e+00
3.590000e-06	1.852746e-02	-5.981706e+00
3.600000e-06	-1.316426e-01	-6.268291e+00
3.610000e-06	1.185208e-01	-6.435258e+00
3.620000e-06	-7.648691e-02	-6.647813e+00
3.630000e-06	9.191230e-02	-6.846210e+00
3.640000e-06	-8.217714e-02	-7.036757e+00
3.650000e-06	-4.134453e-02	-7.338262e+00
3.660000e-06	9.441227e-02	-7.444306e+00
3.670000e-06	-1.125403e-01	-7.686862e+00
3.680000e-06	7.367036e-02	-7.908209e+00
3.690000e-06	-7.775935e-02	-8.025635e+00
3.700000e-06	6.107950e-02	-8.243758e+00
3.710000e-06	-1.733005e-02	-8.382525e+00
3.720000e-06	-6.141745e-02	-8.530498e+00
3.730000e-06	3.685514e-02	-8.718974e+00
3.740000e-06	-5.270184e-02	-8.928819e+00
3.750000e-06	5.719510e-02	-9.044734e+00
3.760000e-06	-7.160787e-02	-9.153604e+00
3.770000e-06	2.690310e-02	-9.310420e+00
3.780000e-06	-1.279285e-02	-9.508818e+00
3.790000e-06	-1.754187e-02	-9.655211e+00
3.800000e-06	-9.828526e-03	-9.791996e+00
3.810000e-06	-3.353564e-02	-9.959941e+00
3.820000e-06	2.866028e-02	-1.005368e+01
3.830000e-06	-3.347926e-02	-1.023263e+01
3.840000e-06	-7.575508e-04	-1.035937e+01
3.850000e-06	-3.301105e-02	-1.046626e+01
3.860000e-06	8.189720e-03	-1.059303e+01
3.870000e-06	-1.855393e-02	-1.068531e+01
3.880000e-06	-1.737552e-02	-1.082161e+01
3.890000e-06	-1.821963e-02	-1.088831e+01
3.900000e-06	-3.040968e-03	-1.102518e+01
3.910000e-06	-7.804458e-03	-1.109822e+01
3.920000e-06	-3.021005e-02	-1.116461e+01
3.930000e-06	-1.292003e-02	-1.132727e+01
3.940000e-06	-1.643143e-02	-1.143303e+01
3.950000e-06	-1.392539e-03	-1.147727e+01
3.960000e-06	-3.247708e-02	-1.159053e+01
3.970000e-06	-1.208400e-02	-1.167776e+01
3.980000e-06	-1.525689e-02	-1.175838e+01
3.990000e-06	-1.293025e-02	-1.188571e+01
4.000000e-06	-2.773367e-02	-1.193827e+01
4.010000e-06	-2.379144e-02	-1.199256e+01
4.020000e-06	-9.615748e-03	-1.208611e+01
4.030000e-06	-2.107836e-02	-1.207632e+01
4.040000e-06	-2.408927e-02	-1.212934e+01
4.050000e-06	-2.815380e-02	-1.213155e+01
4.060000e-06	-1.410125e-02	-1.225408e+01
4.070000e-06	-2.273383e-02	-1.223471e+01
4.080000e-06	-2.980171e-02	-1.228619e+01
4.090000e-06	-2.941699e-02	-1.228724e+01
4.100000e-06	-2.183788e-02	-1.230790e+01
4.110000e-06	-2.426123e-02	-1.236887e+01
4.120000e-06	-3.419999e-02	-1.232987e+01
4.130000e-06	-3.466378e-02	-1.235095e+01
4.140000e-06	-2.842101e-02	-1.237993e+01
4.150000e-06	-2.956837e-02	-1.239037e+01
4.160000e-06	-3.764696e-02	-1.233040e+01
4.170000e-06	-3.781458e-02	-1.235937e+01
4.180000e-06	-3.173550e-02	-1.233785e+01
4.190000e-06	-3.264657e-02	-1.231874e+01
4.200000e-06	-3.869639e-02	-1.232572e+01
4.210000e-06	-3.801670e-02	-1.225459e+01
4.220000e-06	-3.226361e-02	-1.222358e+01
4.230000e-06	-3.045027e-02	-1.215108e+01
4.240000e-06	-3.551104e-02	-1.213942e+01
4.250000e-06	-3.493591e-02	-1.211582e+01
4.260000e-06	-2.806963e-02	-1.207571e+01
4.270000e-06	-2.546290e-02	-1.205306e+01
4.280000e-06	-2.935360e-02	-1.198950e+01
4.290000e-06	-3.005328e-02	-1.186571e+01
4.300000e-06	-2.464032e-02	-1.179258e+01
4.310000e-06	-2.201476e-02	-1.171835e+01
4.320000e-06	-2.360651e-02	-1.163360e+01
4.330000e-06	-2.510692e-02	-1.154985e+01
4.340000e-06	-1.996595e-02	-1.150622e+01
4.350000e-06	-1.709410e-02	-1.139043e+01
4.360000e-06	-2.009374e-02	-1.121451e+01
4.370000e-06	-2.156050e-02	-1.111682e+01
4.380000e-06	-1.797054e-02	-1.110361e+01
4.390000e-06	-1.493691e-02	-1.093737e+01
4.400000e-06	-1.685919e-02	-1.086361e+01
4.410000e-06	-1.909496e-02	-1.077945e+01
4.420000e-06	-1.482037e-02	-1.062366e+01
4.430000e-06	-1.255955e-02	-1.056782e+01
4.440000e-06	-1.315123e-02	-1.042248e+01
4.450000e-06	-1.655019e-02	-1.030614e+01
4.460000e-06	-1.247871e-02	-1.012879e+01
4.470000e-06	-1.086685e-02	-1.000993e+01
4.480000e-06	-1.221699e-02	-9.886238e+00
4.490000e-06	-1.473434e-02	-9.778344e+00
4.500000e-06	-1.179922e-02	-9.611478e+00
4.510000e-06	-9.565287e-03	-9.485067e+00
4.520000e-06	-1.076349e-02	-9.325790e+00
4.530000e-06	-1.167634e-02	-9.188349e+00
4.540000e-06	-1.070848e-02	-9.021007e+00
4.550000e-06	-8.479867e-03	-8.862163e+00
4.560000e-06	-8.933411e-03	-8.645212e+00
4.570000e-06	-1.103469e-02	-8.494667e+00
4.580000e-06	-9.554835e-03	-8.357719e+00
4.590000e-06	-8.153079e-03	-8.179899e+00
4.600000e-06	-8.275288e-03	-8.050533e+00
4.610000e-06	-9.513073e-03	-7.801953e+00
4.620000e-06	-9.429673e-03	-7.591555e+00
4.630000e-06	-8.103580e-03	-7.391007e+00
4.640000e-06	-7.491221e-03	-7.273109e+00
4.650000e-06	-8.854936e-03	-7.064059e+00
4.660000e-06	-8.292274e-03	-6.841610e+00
4.670000e-06	-7.345288e-03	-6.673087e+00
4.680000e-06	-7.048876e-03	-6.514564e+00
4.690000e-06	-7.854719e-03	-6.263712e+00
4.700000e-06	-8.161733e-03	-6.064584e+00
4.710000e-06	-6.277002e-03	-5.914088e+00
4.720000e-06	-6.799079e-03	-5.683184e+00
4.730000e-06	-7.151205e-03	-5.495187e+00
4.740000e-06	-6.954046e-03	-5.249506e+00
4.750000e-06	-6.536795e-03	-5.000428e+00
4.760000e-06	-4.821808e-03	-4.754770e+00
4.770000e-06	-6.637390e-03	-4.537245e+00
4.780000e-06	-5.787158e-03	-4.397395e+00
4.790000e-06	-6.271720e-03	-4.188795e+00
4.800000e-06	-4.097340e-03	-3.989321e+00
4.810000e-06	-5.967879e-03	-3.756298e+00
4.820000e-06	-5.361303e-03	-3.534237e+00
4.830000e-06	-8.474370e-03	-3.302714e+00
4.840000e-06	-4.222431e-03	-3.135084e+00
4.850000e-06	-6.202768e-03	-2.829984e+00
4.860000e-06	-3.596355e-03	-2.630533e+00
4.870000e-06	-6.030704e-03	-2.418423e+00
4.880000e-06	-2.609724e-03	-2.155342e+00
4.890000e-06	-3.840636e-03	-1.945743e+00
4.900000e-06	-4.155568e-03	-1.734741e+00
4.910000e-06	-6.879353e-03	-1.524139e+00
4.920000e-06	-4.984312e-03	-1.219500e+00
4.930000e-06	-4.587373e-03	-9.599249e-01
4.940000e-06	-4.204229e-03	-7.793260e-01
4.950000e-06	-4.234286e-03	-5.651892e-01
4.960000e-06	-2.211257e-03	-3.232644e-01
4.970000e-06	-1.597719e-03	-1.041854e-01
4.980000e-06	3.687787e-03	1.188898e-01
4.990000e-06	1.592275e-03	3.900224e-01
5.000000e-06	-9.127522e-04	5.789461e-01
5.010000e-06	-2.340981e-04	7.789224e-01
5.020000e-06	-9.382217e-04	1.011920e+00
5.030000e-06	1.150552e-03	1.202128e+00
5.040000e-06	1.791238e-03	1.443281e+00
5.050000e-06	1.120506e-02	1.697210e+00
5.060000e-06	5.448262e-02	1.916362e+00
5.070000e-06	4.902013e-02	2.118420e+00
5.080000e-06	-5.985491e-02	2.380529e+00
5.090000e-06	-3.979385e-02	2.636206e+00
5.100000e-06	-2.957391e-02	2.843733e+00
5.110000e-06	-4.922402e-02	3.013630e+00
5.120000e-06	1.353510e-02	3.148972e+00
5.130000e-06	9.493389e-02	3.362599e+00
5.140000e-06	-1.263853e-01	3.612102e+00
5.150000e-06	1.331325e-01	3.761600e+00
5.160000e-06	1.468944e-02	4.035631e+00
5.170000e-06	-6.272101e-02	4.266762e+00
5.180000e-06	5.351976e-02	4.464836e+00
5.190000e-06	-8.779422e-02	4.685865e+00
5.200000e-06	5.176680e-02	4.936839e+00
5.210000e-06	2.421170e-02	5.203051e+00
5.220000e-06	-2.159442e-02	5.444633e+00
5.230000e-06	3.026481e-02	5.632155e+00
5.240000e-06	-1.688243e-02	5.874633e+00
5.250000e-06	-9.175516e-04	6.033231e+00
5.260000e-06	1.369297e-03	6.213133e+00
5.270000e-06	-1.059053e-02	6.404679e+00
5.280000e-06	2.473135e-02	6.616233e+00
5.290000e-06	-1.166177e-02	6.884739e+00
5.300000e-06	5.029671e-02	7.024132e+00
5.310000e-06	-3.873918e-02	7.183153e+00
5.320000e-06	-3.357119e-03	7.401569e+00
5.330000e-06	2.705867e-02	7.612756e+00
5.340000e-06	-1.792837e-02	7.813632e+00
5.350000e-06	2.924724e-02	8.044658e+00
5.360000e-06	-1.436035e-02	8.222657e+00
5.370000e-06	2.736338e-02	8.350976e+00
5.380000e-06	-1.018148e-02	8.516340e+00
5.390000e-06	6.427662e-03	8.645257e+00
5.400000e-06	-7.729586e-04	8.813132e+00
5.410000e-06	1.906449e-03	8.990578e+00
5.420000e-06	2.258460e-02	9.181002e+00
5.430000e-06	-4.897171e-03	9.296816e+00
5.440000e-06	1.470888e-02	9.443657e+00
5.450000e-06	-6.127718e-04	9.561026e+00
5.460000e-06	8.781008e-03	9.708390e+00
5.470000e-06	1.492508e-03	9.867791e+00
5.480000e-06	7.051360e-03	1.002413e+01
5.490000e-06	1.172693e-02	1.014052e+01
5.500000e-06	7.781446e-03	1.026774e+01
5.510000e-06	9.450220e-03	1.043096e+01
5.520000e-06	5.343411e-03	1.046740e+01
5.530000e-06	9.748099e-03	1.061468e+01
5.540000e-06	4.980094e-03	1.076097e+01
5.550000e-06	9.601644e-03	1.089529e+01
5.560000e-06	8.455204e-03	1.094048e+01
5.570000e-06	1.284370e-02	1.107426e+01
5.580000e-06	9.134167e-03	1.117205e+01
5.590000e-06	9.096277e-03	1.128511e+01
5.600000e-06	9.902613e-03	1.133000e+01
5.610000e-06	1.104653e-02	1.143368e+01
5.620000e-06	1.256118e-02	1.152098e+01
5.630000e-06	1.027670e-02	1.163474e+01
5.640000e-06	1.401084e-02	1.168784e+01
5.650000e-06	1.289881e-02	1.180148e+01
5.660000e-06	1.380281e-02	1.182469e+01
5.670000e-06	1.135655e-02	1.189679e+01
5.680000e-06	1.411510e-02	1.196840e+01
5.690000e-06	1.710291e-02	1.198153e+01
5.700000e-06	1.698786e-02	1.206514e+01
5.710000e-06	1.680947e-02	1.209679e+01
5.720000e-06	1.760399e-02	1.210990e+01
5.730000e-06	1.986321e-02	1.215000e+01
5.740000e-06	1.803074e-02	1.220091e+01
5.750000e-06	2.028783e-02	1.220521e+01
5.760000e-06	2.025562e-02	1.225469e+01
5.770000e-06	2.385426e-02	1.226719e+01
5.780000e-06	2.373812e-02	1.225527e+01
5.790000e-06	2.417936e-02	1.226677e+01
5.800000e-06	2.420485e-02	1.225730e+01
5.810000e-06	2.717510e-02	1.231577e+01
5.820000e-06	2.836817e-02	1.230572e+01
5.830000e-06	2.749481e-02	1.226419e+01
5.840000e-06	2.889582e-02	1.226564e+01
5.850000e-06	2.940914e-02	1.224469e+01
5.860000e-06	3.004158e-02	1.217251e+01
5.870000e-06	2.804464e-02	1.219098e+01
5.880000e-06	2.729661e-02	1.217942e+01
5.890000e-06	2.726067e-02	1.212730e+01
5.900000e-06	2.634583e-02	1.207424e+01
5.910000e-06	2.469303e-02	1.202265e+01
5.920000e-06	2.296160e-02	1.199000e+01
5.930000e-06	2.215027e-02	1.190832e+01
5.940000e-06	2.132860e-02	1.189422e+01
5.950000e-06	1.963393e-02	1.178206e+01
5.960000e-06	1.755677e-02	1.173792e+01
5.970000e-06	1.733138e-02	1.168422e+01
5.980000e-06	1.620449e-02	1.155048e+01
5.990000e-06	1.585957e-02	1.148477e+01
6.000000e-06	1.402403e-02	1.138058e+01
6.010000e-06	1.348999e-02	1.128579e+01
6.020000e-06	1.275120e-02	1.120998e+01
6.030000e-06	1.173067e-02	1.110729e+01
6.040000e-06	1.004654e-02	1.098953e+01
6.050000e-06	7.886956e-03	1.090632e+01
6.060000e-06	1.005292e-02	1.081163e+01
6.070000e-06	8.797957e-03	1.077680e+01
6.080000e-06	8.519134e-03	1.058896e+01
6.090000e-06	5.728682e-03	1.047159e+01
6.100000e-06	7.401413e-03	1.034783e+01
6.110000e-06	6.591659e-03	1.021906e+01
6.120000e-06	5.112114e-03	1.011569e+01
6.130000e-06	3.262096e-03	9.980453e+00
6.140000e-06	5.001492e-03	9.819562e+00
6.150000e-06	4.334894e-03	9.653583e+00
6.160000e-06	4.110911e-03	9.536865e+00
6.170000e-06	3.321391e-03	9.368952e+00
6.180000e-06	4.151589e-03	9.253157e+00
6.190000e-06	3.763352e-03	9.143766e+00
6.200000e-06	1.626716e-03	8.936749e+00
6.210000e-06	1.862202e-03	8.778350e+00
6.220000e-06	2.036650e-03	8.589032e+00
6.230000e-06	2.565602e-03	8.462660e+00
6.240000e-06	8.176106e-04	8.296720e+00
6.250000e-06	8.595393e-04	8.136691e+00
6.260000e-06	1.021317e-03	7.958246e+00
6.270000e-06	1.303017e-03	7.787372e+00
6.280000e-06	-1.156442e-04	7.599901e+00
6.290000e-06	5.925209e-05	7.364821e+00
6.300000e-06	-5.787636e-04	7.178898e+00
6.310000e-06	4.132959e-04	6.969451e+00
6.320000e-06	-1.401997e-03	6.819953e+00
6.330000e-06	-1.510350e-03	6.609852e+00
6.340000e-06	-1.375825e-03	6.419999e+00
6.350000e-06	-4.878339e-04	6.220429e+00
6.360000e-06	-1.767393e-03	6.042058e+00
6.370000e-06	-2.168172e-03	5.861983e+00
6.380000e-06	-1.964674e-03	5.660005e+00
6.390000e-06	-1.739543e-03	5.390455e+00
6.400000e-06	-1.993047e-03	5.167474e+00
6.410000e-06	-2.580225e-03	4.904226e+00
6.420000e-06	-3.594258e-03	4.674238e+00
6.430000e-06	-1.728569e-03	4.482163e+00
6.440000e-06	-2.889052e-03	4.305136e+00
6.450000e-06	-2.939312e-03	4.031483e+00
6.460000e-06	-3.723911e-03	3.840088e+00
6.470000e-06	-3.690948e-03	3.630007e+00
6.480000e-06	-3.645658e-03	3.408906e+00
6.490000e-06	-3.271587e-03	3.198427e+00
6.500000e-06	-3.720579e-03	2.998373e+00
6.510000e-06	-2.431662e-03	2.778449e+00
6.520000e-06	-3.850187e-03	2.512193e+00
6.530000e-06	-3.830743e-03	2.272612e+00
6.540000e-06	-5.385861e-03	2.093187e+00
6.550000e-06	-4.527664e-03	1.903763e+00
6.560000e-06	-5.550939e-03	1.630008e+00
6.570000e-06	-4.595914e-03	1.368847e+00
6.580000e-06	-4.396181e-03	1.207771e+00
6.590000e-06	-4.106209e-03	8.601605e-01
6.600000e-06	-3.866820e-03	6.715853e-01
6.610000e-06	-4.530709e-03	4.595827e-01
6.620000e-06	-4.656204e-03	2.185073e-01
6.630000e-06	-4.799992e-03	-3.318163e-02
6.640000e-06	2.371242e-03	-2.131570e-01
6.650000e-06	-4.217183e-04	-4.325527e-01
6.660000e-06	-3.415308e-03	-6.272307e-01
6.670000e-06	-4.362834e-03	-8.457332e-01
6.680000e-06	-1.477663e-03	-1.066260e+00
6.690000e-06	-3.905733e-03	-1.265789e+00
6.700000e-06	-3.655858e-04	-1.560490e+00
6.710000e-06	3.629150e-02	-1.697416e+00
6.720000e-06	8.577965e-02	-1.919894e+00
6.730000e-06	-6.318981e-02	-2.277362e+00
6.740000e-06	-3.550588e-02	-2.602579e+00
6.750000e-06	-5.924727e-02	-2.801071e+00
6.760000e-06	-8.307321e-02	-2.958470e+00
6.770000e-06	1.036951e-01	-3.115413e+00
6.780000e-06	2.810970e-02	-3.265863e+00
6.790000e-06	-1.602694e-01	-3.560343e+00
6.800000e-06	2.098518e-01	-3.643231e+00
6.810000e-06	-8.445904e-02	-3.920889e+00
6.820000e-06	-9.483302e-03	-4.204605e+00
6.830000e-06	5.166082e-02	-4.338445e+00
6.840000e-06	-1.909754e-01	-4.604124e+00
6.850000e-06	1.356064e-01	-4.789979e+00
6.860000e-06	-6.470715e-03	-4.923651e+00
6.870000e-06	-4.094183e-02	-5.287764e+00
6.880000e-06	7.410744e-02	-5.467337e+00
6.890000e-06	-1.194315e-01	-5.729943e+00
6.900000e-06	1.036712e-01	-5.940369e+00
6.910000e-06	-6.523707e-02	-6.096812e+00
6.920000e-06	-6.599051e-02	-6.330870e+00
6.930000e-06	9.433677e-02	-6.496413e+00
6.940000e-06	-7.477844e-02	-6.741992e+00
6.950000e-06	1.064069e-01	-6.888965e+00
6.960000e-06	-1.435331e-01	-7.110416e+00
6.970000e-06	4.410103e-02	-7.340945e+00
6.980000e-06	3.056576e-02	-7.456365e+00
6.990000e-06	-7.694476e-02	-7.718945e+00
7.000000e-06	6.311562e-02	-7.919390e+00
7.010000e-06	-8.596373e-02	-8.118890e+00
7.020000e-06	9.362992e-02	-8.284284e+00
7.030000e-06	-7.097803e-02	-8.434104e+00
7.040000e-06	-1.430630e-02	-8.613573e+00
7.050000e-06	5.805215e-03	-8.752521e+00
7.060000e-06	-2.728962e-02	-8.930420e+00
7.070000e-06	4.137857e-02	-9.066335e+00
7.080000e-06	-7.728011e-02	-9.235131e+00
7.090000e-06	4.766434e-02	-9.403600e+00
7.100000e-06	-3.860145e-02	-9.570924e+00
7.110000e-06	3.497074e-03	-9.707890e+00
7.120000e-06	-3.134013e-02	-9.834578e+00
7.130000e-06	-1.119451e-02	-9.960923e+00
7.140000e-06	1.637075e-02	-1.009779e+01
7.150000e-06	-3.151475e-02	-1.026558e+01
7.160000e-06	-2.379136e-03	-1.039050e+01
7.170000e-06	-3.098137e-02	-1.051679e+01
7.180000e-06	1.492272e-02	-1.062255e+01
7.190000e-06	-2.881626e-02	-1.072837e+01
7.200000e-06	-1.080977e-02	-1.083263e+01
7.210000e-06	-2.097358e-02	-1.093785e+01
7.220000e-06	2.900961e-03	-1.103519e+01
7.230000e-06	-2.021537e-02	-1.112932e+01
7.240000e-06	-2.519864e-02	-1.123461e+01
7.250000e-06	-1.291554e-02	-1.134887e+01
7.260000e-06	-1.142161e-02	-1.148561e+01
7.270000e-06	-5.657887e-03	-1.151839e+01
7.280000e-06	-3.394340e-02	-1.159413e+01
7.290000e-06	-7.117998e-03	-1.168779e+01
7.300000e-06	-1.910712e-02	-1.177145e+01
7.310000e-06	-1.356950e-02	-1.187634e+01
7.320000e-06	-3.273235e-02	-1.193088e+01
7.330000e-06	-1.642946e-02	-1.204105e+01
7.340000e-06	-1.074479e-02	-1.204676e+01
7.350000e-06	-2.035975e-02	-1.212781e+01
7.360000e-06	-2.640341e-02	-1.209085e+01
7.370000e-06	-2.744683e-02	-1.220055e+01
7.380000e-06	-1.452352e-02	-1.219308e+01
7.390000e-06	-2.676304e-02	-1.228521e+01
7.400000e-06	-2.956917e-02	-1.224374e+01
7.410000e-06	-2.830550e-02	-1.231876e+01
7.420000e-06	-1.813414e-02	-1.233937e+01
7.430000e-06	-2.723408e-02	-1.233785e+01
7.440000e-06	-3.530641e-02	-1.234137e+01
7.450000e-06	-3.369755e-02	-1.236943e+01
7.460000e-06	-2.803244e-02	-1.237045e+01
7.470000e-06	-3.172629e-02	-1.236040e+01
7.480000e-06	-3.949937e-02	-1.236134e+01
7.490000e-06	-3.577901e-02	-1.234743e+01
7.500000e-06	-3.041728e-02	-1.232790e+01
7.510000e-06	-3.325307e-02	-1.232727e+01
7.520000e-06	-4.013576e-02	-1.230619e+01
7.530000e-06	-3.760991e-02	-1.221516e+01
7.540000e-06	-3.083052e-02	-1.221413e+01
7.550000e-06	-3.208018e-02	-1.222097e+01
7.560000e-06	-3.628588e-02	-1.212787e+01
7.570000e-06	-3.353414e-02	-1.212531e+01
7.580000e-06	-2.694464e-02	-1.207516e+01
7.590000e-06	-2.652157e-02	-1.202005e+01
7.600000e-06	-3.055446e-02	-1.197880e+01
7.610000e-06	-2.831122e-02	-1.182764e+01
7.620000e-06	-2.257621e-02	-1.176898e+01
7.630000e-06	-2.267263e-02	-1.173477e+01
7.640000e-06	-2.400281e-02	-1.163358e+01
7.650000e-06	-2.674194e-02	-1.156037e+01
7.660000e-06	-1.756560e-02	-1.146219e+01
7.670000e-06	-1.964805e-02	-1.131722e+01
7.680000e-06	-1.871750e-02	-1.123414e+01
7.690000e-06	-1.986721e-02	-1.112577e+01
7.700000e-06	-1.326071e-02	-1.103203e+01
7.710000e-06	-1.511659e-02	-1.093729e+01
7.720000e-06	-1.895887e-02	-1.082103e+01
7.730000e-06	-2.018364e-02	-1.074680e+01
7.740000e-06	-1.485431e-02	-1.061250e+01
7.750000e-06	-1.295051e-02	-1.052727e+01
7.760000e-06	-1.391969e-02	-1.039943e+01
7.770000e-06	-1.350339e-02	-1.022494e+01
7.780000e-06	-9.496617e-03	-1.008422e+01
7.790000e-06	-9.495310e-03	-9.989425e+00
7.800000e-06	-1.493329e-02	-9.854110e+00
7.810000e-06	-1.586759e-02	-9.707817e+00
7.820000e-06	-1.173494e-02	-9.599932e+00
7.830000e-06	-9.648552e-03	-9.431485e+00
7.840000e-06	-1.142974e-02	-9.304162e+00
7.850000e-06	-1.075131e-02	-9.127722e+00
7.860000e-06	-7.723806e-03	-8.957874e+00
7.870000e-06	-6.802793e-03	-8.831978e+00
7.880000e-06	-1.065790e-02	-8.662585e+00
7.890000e-06	-1.442971e-02	-8.443661e+00
7.900000e-06	-9.834099e-03	-8.324765e+00
7.910000e-06	-7.791026e-03	-8.117326e+00
7.920000e-06	-8.432257e-03	-8.019503e+00
7.930000e-06	-9.832964e-03	-7.758853e+00
7.940000e-06	-5.167443e-03	-7.560348e+00
7.950000e-06	-5.900701e-03	-7.380429e+00
7.960000e-06	-8.748058e-03	-7.220977e+00
7.970000e-06	-1.112809e-02	-7.010980e+00
7.980000e-06	-7.882197e-03	-6.809427e+00
7.990000e-06	-6.857134e-03	-6.632529e+00
8.000000e-06	-8.335480e-03	-6.463032e+00
8.010000e-06	-7.549422e-03	-6.263482e+00
8.020000e-06	-5.948710e-03	-6.052482e+00
8.030000e-06	-4.577696e-03	-5.830474e+00
8.040000e-06	-7.809657e-03	-5.642533e+00
8.050000e-06	-8.281232e-03	-5.432003e+00
8.060000e-06	-7.558294e-03	-5.166746e+00
8.070000e-06	-5.617027e-03	-4.969770e+00
8.080000e-06	-7.319164e-03	-4.662683e+00
8.090000e-06	-7.339275e-03	-4.464161e+00
8.100000e-06	-5.637129e-03	-4.356191e+00
8.110000e-06	-1.931650e-03	-4.126214e+00
8.120000e-06	-4.689782e-03	-3.906164e+00
8.130000e-06	-7.594063e-03	-3.664133e+00
8.140000e-06	-6.358353e-03	-3.493112e+00
8.150000e-06	-7.056374e-03	-3.213109e+00
8.160000e-06	-5.597400e-03	-3.010383e+00
8.170000e-06	-8.025430e-03	-2.758320e+00
8.180000e-06	-3.388595e-03	-2.568271e+00
8.190000e-06	-2.833360e-03	-2.378321e+00
8.200000e-06	-1.981126e-03	-2.091737e+00
8.210000e-06	-5.928195e-03	-1.894634e+00
8.220000e-06	-4.598004e-03	-1.684163e+00
8.230000e-06	-6.661550e-03	-1.480483e+00
8.240000e-06	-4.846961e-03	-1.167844e+00
8.250000e-06	-6.498207e-03	-9.577907e-01
8.260000e-06	-3.167547e-03	-7.556896e-01
8.270000e-06	-1.916006e-03	-4.511566e-01
8.280000e-06	-1.659022e-03	-2.911541e-01
8.290000e-06	-1.936154e-03	-3.005526e-02
8.300000e-06	5.778305e-03	1.510212e-01
8.310000e-06	3.394405e-04	4.016242e-01
8.320000e-06	1.727313e-03	6.025003e-01
8.330000e-06	-3.016583e-03	7.700738e-01
8.340000e-06	-5.070010e-04	9.735543e-01
8.350000e-06	7.592881e-04	1.274786e+00
8.360000e-06	2.221445e-03	1.497313e+00
8.370000e-06	1.774254e-02	1.800970e+00
8.380000e-06	6.912465e-02	1.959940e+00
8.390000e-06	1.743413e-02	2.203079e+00
8.400000e-06	-5.740036e-02	2.443210e+00
8.410000e-06	-4.199564e-02	2.746867e+00
8.420000e-06	-2.515153e-02	2.936790e+00
8.430000e-06	-5.781071e-02	3.014708e+00
8.440000e-06	5.893554e-02	3.223052e+00
8.450000e-06	4.270493e-02	3.478739e+00
8.460000e-06	-1.038948e-01	3.644108e+00
8.470000e-06	1.676079e-01	3.803209e+00
8.480000e-06	-4.687700e-02	4.096345e+00
8.490000e-06	-2.616430e-02	4.267389e+00
8.500000e-06	3.084143e-02	4.527892e+00
8.510000e-06	-8.198582e-02	4.759545e+00
8.520000e-06	7.703834e-02	4.960502e+00
8.530000e-06	-3.148676e-03	5.305687e+00
8.540000e-06	-8.488620e-03	5.495263e+00
8.550000e-06	2.558851e-02	5.673738e+00
8.560000e-06	-2.787382e-02	5.858842e+00
8.570000e-06	1.382487e-02	6.086412e+00
8.580000e-06	-1.415555e-02	6.306359e+00
8.590000e-06	7.094034e-03	6.495240e+00
8.600000e-06	1.265155e-02	6.710365e+00
8.610000e-06	1.061255e-03	6.907340e+00
8.620000e-06	4.310531e-02	7.086816e+00
8.630000e-06	-5.189635e-02	7.246206e+00
8.640000e-06	1.937111e-02	7.443106e+00
8.650000e-06	8.911153e-03	7.685710e+00
8.660000e-06	-3.937926e-03	7.845765e+00
8.670000e-06	2.166638e-02	8.077290e+00
8.680000e-06	-1.105801e-02	8.266758e+00
8.690000e-06	2.570729e-02	8.423581e+00
8.700000e-06	-1.500001e-02	8.549026e+00
8.710000e-06	1.177217e-02	8.696365e+00
8.720000e-06	-5.483863e-03	8.834761e+00
8.730000e-06	9.374729e-03	9.025159e+00
8.740000e-06	1.797829e-02	9.173107e+00
8.750000e-06	-4.366003e-03	9.359868e+00
8.760000e-06	1.474963e-02	9.453290e+00
8.770000e-06	-3.392982e-03	9.583680e+00
8.780000e-06	1.150759e-02	9.789449e+00
8.790000e-06	7.540564e-05	9.917791e+00
8.800000e-06	9.886358e-03	1.007421e+01
8.810000e-06	1.024530e-02	1.015155e+01
8.820000e-06	7.509179e-03	1.031727e+01
8.830000e-06	1.129925e-02	1.041416e+01
8.840000e-06	2.951358e-03	1.050692e+01
8.850000e-06	9.354912e-03	1.065526e+01
8.860000e-06	4.623641e-03	1.078205e+01
8.870000e-06	1.221328e-02	1.088779e+01
8.880000e-06	7.874983e-03	1.099003e+01
8.890000e-06	1.177477e-02	1.113819e+01
8.900000e-06	7.928129e-03	1.119197e+01
8.910000e-06	1.105808e-02	1.128571e+01
8.920000e-06	1.018827e-02	1.138093e+01
8.930000e-06	9.699240e-03	1.143579e+01
8.940000e-06	1.134355e-02	1.155208e+01
8.950000e-06	1.210827e-02	1.165424e+01
8.960000e-06	1.605524e-02	1.171792e+01
8.970000e-06	1.185675e-02	1.178158e+01
8.980000e-06	1.129851e-02	1.184371e+01
8.990000e-06	1.304612e-02	1.189882e+01
9.000000e-06	1.689718e-02	1.198000e+01
9.010000e-06	1.568248e-02	1.203296e+01
9.020000e-06	1.388454e-02	1.204409e+01
9.030000e-06	1.920728e-02	1.209629e+01
9.040000e-06	1.919408e-02	1.213792e+01
9.050000e-06	1.859978e-02	1.218153e+01
9.060000e-06	1.598110e-02	1.222313e+01
9.070000e-06	2.142731e-02	1.221364e+01
9.080000e-06	2.365757e-02	1.225479e+01
9.090000e-06	2.306030e-02	1.225574e+01
9.100000e-06	2.383909e-02	1.226572e+01
9.110000e-06	2.461820e-02	1.225579e+01
9.120000e-06	2.771745e-02	1.230685e+01
9.130000e-06	2.617284e-02	1.227629e+01
9.140000e-06	2.697239e-02	1.230574e+01
9.150000e-06	2.826167e-02	1.222566e+01
9.160000e-06	3.035573e-02	1.225416e+01
9.170000e-06	2.928452e-02	1.224371e+01
9.180000e-06	2.783452e-02	1.218316e+01
9.190000e-06	2.899246e-02	1.220051e+01
9.200000e-06	2.890226e-02	1.210887e+01
9.210000e-06	2.654209e-02	1.206587e+01
9.220000e-06	2.444732e-02	1.206464e+01
9.230000e-06	2.467283e-02	1.202058e+01
9.240000e-06	2.380305e-02	1.198943e+01
9.250000e-06	2.172763e-02	1.190837e+01
9.260000e-06	2.057091e-02	1.183574e+01
9.270000e-06	1.803452e-02	1.175996e+01
9.280000e-06	1.892446e-02	1.173835e+01
9.290000e-06	1.750742e-02	1.166516e+01
9.300000e-06	1.565571e-02	1.156840e+01
9.310000e-06	1.444863e-02	1.150516e+01
9.320000e-06	1.532936e-02	1.137842e+01
9.330000e-06	1.430790e-02	1.124514e+01
9.340000e-06	1.120052e-02	1.117940e+01
9.350000e-06	1.047978e-02	1.108569e+01
9.360000e-06	9.924611e-03	1.096745e+01
9.370000e-06	9.530657e-03	1.087529e+01
9.380000e-06	8.723781e-03	1.082048e+01
9.390000e-06	7.510587e-03	1.067577e+01
9.400000e-06	8.677439e-03	1.056988e+01
9.410000e-06	7.503580e-03	1.041208e+01
9.420000e-06	7.209894e-03	1.031624e+01
9.430000e-06	5.878879e-03	1.018042e+01
9.440000e-06	5.386860e-03	1.005359e+01
9.450000e-06	4.595919e-03	9.897369e+00
9.460000e-06	4.338853e-03	9.767979e+00
9.470000e-06	3.037568e-03	9.600056e+00
9.480000e-06	3.449815e-03	9.504590e+00
9.490000e-06	4.174886e-03	9.347899e+00
9.500000e-06	3.796866e-03	9.210981e+00
9.510000e-06	2.663367e-03	9.043162e+00
9.520000e-06	1.576237e-03	8.875143e+00
9.530000e-06	2.709594e-03	8.745219e+00
9.540000e-06	1.733440e-03	8.528377e+00
9.550000e-06	8.663209e-04	8.430508e+00
9.560000e-06	-3.572286e-04	8.263111e+00
9.570000e-06	1.582167e-03	8.055137e+00
9.580000e-06	1.391575e-03	7.926173e+00
9.590000e-06	7.427883e-05	7.715845e+00
9.600000e-06	1.129725e-03	7.537271e+00
9.610000e-06	-3.283128e-06	7.294294e+00
9.620000e-06	4.698845e-04	7.096220e+00
9.630000e-06	-7.729824e-04	6.945794e+00
9.640000e-06	-6.744235e-04	6.808974e+00
9.650000e-06	-6.888803e-04	6.557822e+00
9.660000e-06	-1.171867e-03	6.357345e+00
9.670000e-06	-1.957297e-03	6.158897e+00
9.680000e-06	-1.635030e-03	6.000047e+00
9.690000e-06	-1.695876e-03	5.780851e+00
9.700000e-06	-1.360345e-03	5.587896e+00
9.710000e-06	-2.548795e-03	5.336896e+00
9.720000e-06	-1.970127e-03	5.094217e+00
9.730000e-06	-1.960187e-03	4.839507e+00
9.740000e-06	-1.152111e-03	4.632059e+00
9.750000e-06	-2.899806e-03	4.461585e+00
9.760000e-06	-3.816991e-03	4.257008e+00
9.770000e-06	-2.995671e-03	4.008480e+00
9.780000e-06	-2.624550e-03	3.779347e+00
9.790000e-06	-2.879229e-03	3.598950e+00
9.800000e-06	-3.970356e-03	3.344843e+00
9.810000e-06	-3.766206e-03	3.135766e+00
9.820000e-06	-3.018175e-03	2.912716e+00
9.830000e-06	-3.784703e-03	2.756840e+00
9.840000e-06	-4.849766e-03	2.461613e+00
9.850000e-06	-4.891109e-03	2.240533e+00
9.860000e-06	-3.975164e-03	2.020029e+00
9.870000e-06	-4.459310e-03	1.839959e+00
9.880000e-06	-5.752370e-03	1.549371e+00
9.890000e-06	-5.362712e-03	1.296292e+00
9.900000e-06	-3.896331e-03	1.103560e+00
9.910000e-06	-4.226138e-03	7.999539e-01
9.920000e-06	-4.935755e-03	5.784024e-01
9.930000e-06	-4.744295e-03	4.083750e-01
9.940000e-06	-3.405657e-03	1.447685e-01
9.950000e-06	-3.965565e-03	-8.433559e-02
9.960000e-06	3.674581e-03	-2.767122e-01
9.970000e-06	-3.897753e-03	-4.337882e-01
9.980000e-06	-1.320539e-03	-7.288149e-01
9.990000e-06	-4.802257e-03	-9.483884e-01
1.000000e-05	-2.669485e-03	-1.147414e+00
1.001000e-05	-4.355396e-03	-1.320049e+00
1.002000e-05	1.788718e-03	-1.600049e+00
1.003000e-05	5.933476e-02	-1.759069e+00
1.004000e-05	5.357077e-02	-2.002200e+00
1.005000e-05	-7.121700e-02	-2.372047e+00
1.006000e-05	-3.669441e-02	-2.664783e+00
1.007000e-05	-6.183640e-02	-2.842655e+00
1.008000e-05	-7.183284e-02	-3.041554e+00
1.009000e-05	1.526717e-01	-3.156868e+00
1.010000e-05	-6.595882e-02	-3.328944e+00
1.011000e-05	-7.305926e-02	-3.591525e+00
1.012000e-05	1.911852e-01	-3.675909e+00
1.013000e-05	-1.466188e-01	-4.013753e+00
1.014000e-05	6.473983e-02	-4.264183e+00
1.015000e-05	-3.046562e-02	-4.371097e+00
1.016000e-05	-1.432939e-01	-4.657734e+00
1.017000e-05	1.668834e-01	-4.832199e+00
1.018000e-05	-7.321815e-02	-5.035786e+00
1.019000e-05	2.512637e-02	-5.369395e+00
1.020000e-05	2.091030e-02	-5.539421e+00
1.021000e-05	-1.010220e-01	-5.803498e+00
1.022000e-05	1.240620e-01	-5.969975e+00
1.023000e-05	-1.307542e-01	-6.160520e+00
1.024000e-05	1.820453e-02	-6.392006e+00
1.025000e-05	3.820170e-02	-6.540994e+00
1.026000e-05	-3.470212e-02	-6.773528e+00
1.027000e-05	7.928235e-02	-6.947943e+00
1.028000e-05	-1.628546e-01	-7.182126e+00
1.029000e-05	1.075086e-01	-7.401522e+00
1.030000e-05	-4.411878e-02	-7.507494e+00
1.031000e-05	-2.018541e-02	-7.772023e+00
1.032000e-05	2.669112e-02	-7.960494e+00
1.033000e-05	-6.070157e-02	-8.150974e+00
1.034000e-05	9.033130e-02	-8.305841e+00
1.035000e-05	-1.044092e-01	-8.485835e+00
1.036000e-05	2.939121e-02	-8.635181e+00
1.037000e-05	-2.921718e-02	-8.803082e+00
1.038000e-05	9.099155e-03	-9.001453e+00
1.039000e-05	6.300119e-03	-9.107866e+00
1.040000e-05	-5.682814e-02	-9.295335e+00
1.041000e-05	4.611538e-02	-9.441702e+00
1.042000e-05	-4.851565e-02	-9.592949e+00
1.043000e-05	1.466892e-02	-9.727914e+00
1.044000e-05	-4.427300e-02	-9.854656e+00
1.045000e-05	1.160888e-02	-9.973581e+00
1.046000e-05	-3.250334e-03	-1.008737e+01
1.047000e-05	-2.276494e-02	-1.033924e+01
1.048000e-05	-1.100904e-02	-1.040255e+01
1.049000e-05	-2.175514e-02	-1.052034e+01
1.050000e-05	8.006450e-03	-1.066221e+01
1.051000e-05	-2.934512e-02	-1.074940e+01
1.052000e-05	-9.082955e-03	-1.084416e+01
1.053000e-05	-1.987331e-02	-1.092997e+01
1.054000e-05	5.112615e-03	-1.109566e+01
1.055000e-05	-2.891152e-02	-1.114103e+01
1.056000e-05	-1.700912e-02	-1.128566e+01
1.057000e-05	-1.662320e-02	-1.130995e+01
1.058000e-05	-4.995157e-03	-1.148526e+01
1.059000e-05	-1.694699e-02	-1.156000e+01
1.060000e-05	-2.927945e-02	-1.160469e+01
1.061000e-05	-7.355868e-03	-1.169924e+01
1.062000e-05	-1.741057e-02	-1.183306e+01
1.063000e-05	-1.617037e-02	-1.187727e+01
1.064000e-05	-3.208999e-02	-1.197193e+01
1.065000e-05	-1.165780e-02	-1.203261e+01
1.066000e-05	-1.366846e-02	-1.207624e+01
1.067000e-05	-2.402907e-02	-1.209884e+01
1.068000e-05	-2.889902e-02	-1.215044e+01
1.069000e-05	-2.279225e-02	-1.218105e+01
1.070000e-05	-1.610113e-02	-1.225409e+01
1.071000e-05	-3.013075e-02	-1.227616e+01
1.072000e-05	-3.018986e-02	-1.227772e+01
1.073000e-05	-2.341047e-02	-1.233837e+01
1.074000e-05	-1.966443e-02	-1.230837e+01
1.075000e-05	-2.950838e-02	-1.235082e+01
1.076000e-05	-3.651497e-02	-1.238090e+01
1.077000e-05	-2.970427e-02	-1.238042e+01
1.078000e-05	-2.910491e-02	-1.242040e+01
1.079000e-05	-3.539454e-02	-1.237942e+01
1.080000e-05	-3.959982e-02	-1.236139e+01
1.081000e-05	-3.382247e-02	-1.234990e+01
1.082000e-05	-3.040095e-02	-1.235882e+01
1.083000e-05	-3.576430e-02	-1.230734e+01
1.084000e-05	-3.942153e-02	-1.229419e+01
1.085000e-05	-3.524447e-02	-1.225359e+01
1.086000e-05	-3.000851e-02	-1.219147e+01
1.087000e-05	-3.416899e-02	-1.216950e+01
1.088000e-05	-3.704653e-02	-1.215882e+01
1.089000e-05	-3.184272e-02	-1.209669e+01
1.090000e-05	-2.556366e-02	-1.205216e+01
1.091000e-05	-2.806561e-02	-1.202398e+01
1.092000e-05	-3.089230e-02	-1.193682e+01
1.093000e-05	-2.638987e-02	-1.188411e+01
1.094000e-05	-2.171389e-02	-1.180090e+01
1.095000e-05	-2.319508e-02	-1.163679e+01
1.096000e-05	-2.630746e-02	-1.163153e+01
1.097000e-05	-2.351825e-02	-1.151725e+01
1.098000e-05	-1.781230e-02	-1.140314e+01
1.099000e-05	-1.965748e-02	-1.132767e+01
1.100000e-05	-2.191097e-02	-1.121095e+01
1.101000e-05	-1.863042e-02	-1.111634e+01
1.102000e-05	-1.456204e-02	-1.100085e+01
1.103000e-05	-1.517698e-02	-1.087636e+01
1.104000e-05	-1.951720e-02	-1.086051e+01
1.105000e-05	-1.617727e-02	-1.070676e+01
1.106000e-05	-1.272139e-02	-1.061052e+01
1.107000e-05	-1.316840e-02	-1.047419e+01
1.108000e-05	-1.551821e-02	-1.038943e+01
1.109000e-05	-1.488775e-02	-1.022201e+01
1.110000e-05	-1.057317e-02	-1.010309e+01
1.111000e-05	-1.133358e-02	-9.938373e+00
1.112000e-05	-1.256609e-02	-9.810981e+00
1.113000e-05	-1.289617e-02	-9.715162e+00
1.114000e-05	-1.045696e-02	-9.568977e+00
1.115000e-05	-1.021310e-02	-9.338325e+00
1.116000e-05	-1.223838e-02	-9.241011e+00
1.117000e-05	-1.180646e-02	-9.123615e+00
1.118000e-05	-9.982770e-03	-8.928324e+00
1.119000e-05	-9.387039e-03	-8.778317e+00
1.120000e-05	-9.899289e-03	-8.629429e+00
1.121000e-05	-9.592456e-03	-8.472029e+00
1.122000e-05	-8.584722e-03	-8.285134e+00
1.123000e-05	-7.966692e-03	-8.125742e+00
1.124000e-05	-8.569997e-03	-7.916672e+00
1.125000e-05	-9.008460e-03	-7.736721e+00
1.126000e-05	-8.310679e-03	-7.536240e+00
1.127000e-05	-8.258715e-03	-7.358240e+00
1.128000e-05	-8.753854e-03	-7.178899e+00
1.129000e-05	-8.196912e-03	-6.956750e+00
1.130000e-05	-7.353245e-03	-6.778373e+00
1.131000e-05	-6.695322e-03	-6.551296e+00
1.132000e-05	-7.069610e-03	-6.419423e+00
1.133000e-05	-6.501039e-03	-6.210822e+00
1.134000e-05	-6.819830e-03	-5.988374e+00
1.135000e-05	-6.411826e-03	-5.795875e+00
1.136000e-05	-8.240779e-03	-5.630377e+00
1.137000e-05	-6.355310e-03	-5.395196e+00
1.138000e-05	-7.095400e-03	-5.126166e+00
1.139000e-05	-5.972369e-03	-4.892013e+00
1.140000e-05	-6.535329e-03	-4.620477e+00
1.141000e-05	-5.606044e-03	-4.450557e+00
1.142000e-05	-5.542877e-03	-4.302136e+00
1.143000e-05	-3.868348e-03	-4.051561e+00
1.144000e-05	-5.403102e-03	-3.823033e+00
1.145000e-05	-5.676199e-03	-3.630553e+00
1.146000e-05	-6.884560e-03	-3.439975e+00
1.147000e-05	-6.321582e-03	-3.209941e+00
1.148000e-05	-7.215985e-03	-2.925272e+00
1.149000e-05	-5.001646e-03	-2.725739e+00
1.150000e-05	-3.540384e-03	-2.504688e+00
1.151000e-05	-3.892344e-03	-2.314217e+00
1.152000e-05	-3.544822e-03	-2.060655e+00
1.153000e-05	-4.996540e-03	-1.861030e+00
1.154000e-05	-4.849294e-03	-1.619504e+00
1.155000e-05	-6.493811e-03	-1.365322e+00
1.156000e-05	-5.115471e-03	-1.114189e+00
1.157000e-05	-5.283104e-03	-8.716077e-01
1.158000e-05	-2.796961e-03	-6.936339e-01
1.159000e-05	-2.963114e-03	-4.300011e-01
1.160000e-05	-2.553112e-03	-2.189024e-01
1.161000e-05	2.661876e-04	-1.930131e-02
1.162000e-05	6.821610e-03	2.541320e-01
1.163000e-05	-2.875280e-03	4.342316e-01
1.164000e-05	1.845561e-03	6.527080e-01
1.165000e-05	-2.907625e-03	8.221555e-01
1.166000e-05	3.159531e-03	1.065191e+00
1.167000e-05	-1.870132e-04	1.327815e+00
1.168000e-05	2.166522e-03	1.529497e+00
1.169000e-05	2.653844e-02	1.800650e+00
1.170000e-05	7.726805e-02	2.012104e+00
1.171000e-05	-1.710902e-02	2.234290e+00
1.172000e-05	-4.900993e-02	2.497494e+00
1.173000e-05	-4.182783e-02	2.761574e+00
1.174000e-05	-2.411178e-02	2.919445e+00
1.175000e-05	-5.392400e-02	3.086292e+00
1.176000e-05	9.658590e-02	3.242261e+00
1.177000e-05	-2.767005e-02	3.558944e+00
1.178000e-05	-4.132579e-02	3.664760e+00
1.179000e-05	1.556337e-01	3.886338e+00
1.180000e-05	-8.389108e-02	4.141495e+00
1.181000e-05	1.496640e-02	4.358999e+00
1.182000e-05	-1.125075e-02	4.572975e+00
1.183000e-05	-4.972568e-02	4.772599e+00
1.184000e-05	7.780424e-02	5.034310e+00
1.185000e-05	-2.160475e-02	5.317919e+00
1.186000e-05	8.345697e-03	5.547421e+00
1.187000e-05	1.549160e-02	5.710918e+00
1.188000e-05	-2.942964e-02	5.931424e+00
1.189000e-05	2.323612e-02	6.117448e+00
1.190000e-05	-2.458005e-02	6.339394e+00
1.191000e-05	2.095548e-02	6.506364e+00
1.192000e-05	-1.959690e-03	6.741994e+00
1.193000e-05	2.287049e-02	6.929895e+00
1.194000e-05	2.243942e-02	7.139318e+00
1.195000e-05	-5.237670e-02	7.306767e+00
1.196000e-05	3.561283e-02	7.487920e+00
1.197000e-05	-8.483960e-03	7.760898e+00
1.198000e-05	1.326019e-02	7.927493e+00
1.199000e-05	5.791308e-03	8.107941e+00
1.200000e-05	1.443875e-03	8.297262e+00
1.201000e-05	1.897361e-02	8.424208e+00
1.202000e-05	-1.341722e-02	8.600555e+00
1.203000e-05	1.084937e-02	8.728992e+00
1.204000e-05	-8.187043e-03	8.845314e+00
1.205000e-05	2.134731e-02	9.025212e+00
1.206000e-05	1.033632e-02	9.193109e+00
1.207000e-05	8.369721e-05	9.381494e+00
1.208000e-05	1.166805e-02	9.517319e+00
1.209000e-05	-1.533516e-03	9.644787e+00
1.210000e-05	8.821931e-03	9.761030e+00
1.211000e-05	-2.037813e-03	9.939873e+00
1.212000e-05	1.124554e-02	1.008729e+01
1.213000e-05	1.099224e-02	1.019316e+01
1.214000e-05	9.028946e-03	1.033935e+01
1.215000e-05	9.261405e-03	1.042366e+01
1.216000e-05	4.225401e-03	1.061102e+01
1.217000e-05	8.503308e-03	1.069879e+01
1.218000e-05	5.857922e-03	1.077309e+01
1.219000e-05	8.032478e-03	1.090787e+01
1.220000e-05	8.395741e-03	1.100203e+01
1.221000e-05	1.221722e-02	1.107734e+01
1.222000e-05	1.043197e-02	1.121203e+01
1.223000e-05	9.790213e-03	1.127734e+01
1.224000e-05	1.075240e-02	1.139253e+01
1.225000e-05	1.137914e-02	1.148727e+01
1.226000e-05	1.265496e-02	1.158356e+01
1.227000e-05	9.806424e-03	1.167532e+01
1.228000e-05	1.309308e-02	1.174735e+01
1.229000e-05	1.319297e-02	1.179360e+01
1.230000e-05	1.289775e-02	1.185477e+01
1.231000e-05	1.297296e-02	1.192835e+01
1.232000e-05	1.455777e-02	1.198100e+01
1.233000e-05	1.831233e-02	1.200461e+01
1.234000e-05	1.608859e-02	1.203373e+01
1.235000e-05	1.795218e-02	1.208632e+01
1.236000e-05	1.662411e-02	1.212945e+01
1.237000e-05	1.925545e-02	1.218153e+01
1.238000e-05	1.875179e-02	1.223309e+01
1.239000e-05	2.085539e-02	1.224514e+01
1.240000e-05	2.171063e-02	1.222464e+01
1.241000e-05	2.369896e-02	1.230622e+01
1.242000e-05	2.606201e-02	1.229579e+01
1.243000e-05	2.456401e-02	1.230722e+01
1.244000e-05	2.637578e-02	1.230680e+01
1.245000e-05	2.718590e-02	1.229719e+01
1.246000e-05	2.870691e-02	1.226522e+01
1.247000e-05	2.781966e-02	1.226516e+01
1.248000e-05	2.921685e-02	1.224311e+01
1.249000e-05	3.013807e-02	1.222218e+01
1.250000e-05	2.911300e-02	1.218211e+01
1.251000e-05	2.795252e-02	1.218893e+01
1.252000e-05	2.666442e-02	1.211892e+01
1.253000e-05	2.761818e-02	1.207527e+01
1.254000e-05	2.698837e-02	1.201416e+01
1.255000e-05	2.457621e-02	1.202110e+01
1.256000e-05	2.130839e-02	1.197787e+01
1.257000e-05	2.204403e-02	1.189577e+01
1.258000e-05	2.085509e-02	1.183406e+01
1.259000e-05	1.835733e-02	1.177047e+01
1.260000e-05	1.671444e-02	1.169624e+01
1.261000e-05	1.700300e-02	1.162221e+01
1.262000e-05	1.780511e-02	1.155898e+01
1.263000e-05	1.422596e-02	1.139308e+01
1.264000e-05	1.297218e-02	1.132990e+01
1.265000e-05	1.305103e-02	1.126208e+01
1.266000e-05	1.228342e-02	1.115787e+01
1.267000e-05	1.029305e-02	1.108464e+01
1.268000e-05	7.638469e-03	1.094892e+01
1.269000e-05	9.116689e-03	1.087566e+01
1.270000e-05	9.682185e-03	1.077892e+01
1.271000e-05	8.631301e-03	1.070406e+01
1.272000e-05	7.502735e-03	1.052719e+01
1.273000e-05	7.393424e-03	1.042248e+01
1.274000e-05	7.410399e-03	1.026472e+01
1.275000e-05	5.899869e-03	1.013787e+01
1.276000e-05	3.450472e-03	1.003256e+01
1.277000e-05	4.484757e-03	9.876245e+00
1.278000e-05	2.893623e-03	9.725245e+00
1.279000e-05	4.130199e-03	9.591405e+00
1.280000e-05	3.776449e-03	9.463557e+00
1.281000e-05	4.199217e-03	9.286744e+00
1.282000e-05	2.793679e-03	9.190001e+00
1.283000e-05	2.888173e-03	9.022083e+00
1.284000e-05	2.697995e-03	8.851557e+00
1.285000e-05	1.910176e-03	8.684716e+00
1.286000e-05	1.202353e-03	8.525721e+00
1.287000e-05	-5.118967e-06	8.379002e+00
1.288000e-05	4.770734e-04	8.219528e+00
1.289000e-05	1.270602e-03	8.013028e+00
1.290000e-05	2.158328e-03	7.852633e+00
1.291000e-05	6.584325e-05	7.675189e+00
1.292000e-05	4.735431e-04	7.484567e+00
1.293000e-05	1.387882e-03	7.243662e+00
1.294000e-05	5.133212e-04	7.126165e+00
1.295000e-05	-1.541689e-03	6.903242e+00
1.296000e-05	-1.458906e-03	6.756169e+00
1.297000e-05	-6.358804e-04	6.513116e+00
1.298000e-05	-1.183289e-03	6.284766e+00
1.299000e-05	-1.501444e-03	6.125346e+00
1.300000e-05	-1.586692e-03	5.966269e+00
1.301000e-05	-7.950847e-04	5.715792e+00
1.302000e-05	-4.854006e-04	5.506214e+00
1.303000e-05	-1.720376e-03	5.305138e+00
1.304000e-05	-1.598525e-03	5.080058e+00
1.305000e-05	-1.388390e-03	4.768924e+00
1.306000e-05	-3.089710e-03	4.618452e+00
1.307000e-05	-3.337281e-03	4.379901e+00
1.308000e-05	-3.589532e-03	4.117306e+00
1.309000e-05	-1.745585e-03	3.956771e+00
1.310000e-05	-3.493099e-03	3.744745e+00
1.311000e-05	-3.087528e-03	3.568218e+00
1.312000e-05	-3.188286e-03	3.261715e+00
1.313000e-05	-2.400644e-03	3.091614e+00
1.314000e-05	-3.293963e-03	2.864635e+00
1.315000e-05	-4.389120e-03	2.662527e+00
1.316000e-05	-3.671977e-03	2.428874e+00
1.317000e-05	-3.573815e-03	2.179396e+00
1.318000e-05	-4.744075e-03	1.979396e+00
1.319000e-05	-5.434181e-03	1.735345e+00
1.320000e-05	-5.100206e-03	1.506689e+00
1.321000e-05	-4.763867e-03	1.292609e+00
1.322000e-05	-4.376701e-03	1.048380e+00
1.323000e-05	-4.270818e-03	7.659471e-01
1.324000e-05	-3.718181e-03	5.657469e-01
1.325000e-05	-4.719928e-03	3.762671e-01
1.326000e-05	-5.009090e-03	8.166171e-02
1.327000e-05	-3.275556e-03	-1.488885e-01
1.328000e-05	4.070947e-03	-3.379162e-01
1.329000e-05	-5.313590e-03	-5.593899e-01
1.330000e-05	-2.323772e-05	-7.815223e-01
1.331000e-05	-5.956944e-03	-9.599174e-01
1.332000e-05	-7.232455e-04	-1.190070e+00
1.333000e-05	-4.441012e-03	-1.413653e+00
1.334000e-05	6.996376e-03	-1.642603e+00
1.335000e-05	8.129008e-02	-1.822101e+00
1.336000e-05	1.055029e-02	-2.036810e+00
1.337000e-05	-6.025609e-02	-2.436757e+00
1.338000e-05	-4.367553e-02	-2.747812e+00
1.339000e-05	-6.654162e-02	-2.854283e+00
1.340000e-05	-3.841280e-02	-3.045184e+00
1.341000e-05	1.608205e-01	-3.140493e+00
1.342000e-05	-1.483334e-01	-3.394129e+00
1.343000e-05	4.401270e-02	-3.601574e+00
1.344000e-05	1.251695e-01	-3.687973e+00
1.345000e-05	-1.515846e-01	-4.088316e+00
1.346000e-05	1.110413e-01	-4.305262e+00
1.347000e-05	-1.154976e-01	-4.454682e+00
1.348000e-05	-5.639506e-02	-4.748944e+00
1.349000e-05	1.470285e-01	-4.866235e+00
1.350000e-05	-1.078948e-01	-5.141392e+00
1.351000e-05	7.845130e-02	-5.423522e+00
1.352000e-05	-4.314362e-02	-5.592129e+00
1.353000e-05	-4.606239e-02	-5.853182e+00
1.354000e-05	1.007595e-01	-6.001497e+00
1.355000e-05	-1.606296e-01	-6.203650e+00
1.356000e-05	8.782482e-02	-6.413079e+00
1.357000e-05	-2.651677e-02	-6.602577e+00
1.358000e-05	2.653081e-02	-6.804581e+00
1.359000e-05	1.299690e-02	-7.009575e+00
1.360000e-05	-1.321795e-01	-7.265761e+00
1.361000e-05	1.295819e-01	-7.432102e+00
1.362000e-05	-9.803962e-02	-7.593601e+00
1.363000e-05	3.823963e-02	-7.843657e+00
1.364000e-05	-2.526294e-02	-7.992102e+00
1.365000e-05	-7.398625e-03	-8.172551e+00
1.366000e-05	5.334510e-02	-8.338897e+00
1.367000e-05	-1.050668e-01	-8.489391e+00
1.368000e-05	4.877835e-02	-8.667266e+00
1.369000e-05	-5.401316e-02	-8.866311e+00
1.370000e-05	4.281907e-02	-9.032603e+00
1.371000e-05	-3.478737e-02	-9.139896e+00
1.372000e-05	-1.872173e-02	-9.276368e+00
1.373000e-05	2.583058e-02	-9.474686e+00
1.374000e-05	-4.352665e-02	-9.624058e+00
1.375000e-05	1.024362e-02	-9.719894e+00
1.376000e-05	-4.758291e-02	-9.917342e+00
1.377000e-05	2.717971e-02	-1.003363e+01
1.378000e-05	-2.180617e-02	-1.011947e+01
1.379000e-05	-1.079963e-02	-1.033835e+01
1.380000e-05	-2.275678e-02	-1.043506e+01
1.381000e-05	-7.312194e-03	-1.057098e+01
1.382000e-05	-2.318345e-03	-1.068469e+01
1.383000e-05	-2.693520e-02	-1.079260e+01
1.384000e-05	-8.739659e-03	-1.086626e+01
1.385000e-05	-1.406030e-02	-1.099153e+01
1.386000e-05	1.272573e-03	-1.112671e+01
1.387000e-05	-3.422723e-02	-1.118150e+01
1.388000e-05	-1.166043e-02	-1.130686e+01
1.389000e-05	-1.991149e-02	-1.138255e+01
1.390000e-05	-2.795209e-03	-1.149732e+01
1.391000e-05	-2.622517e-02	-1.156250e+01
1.392000e-05	-1.868863e-02	-1.167524e+01
1.393000e-05	-1.049799e-02	-1.174944e+01
1.394000e-05	-1.627779e-02	-1.183571e+01
1.395000e-05	-2.139829e-02	-1.192874e+01
1.396000e-05	-2.819385e-02	-1.195940e+01
1.397000e-05	-1.051082e-02	-1.204358e+01
1.398000e-05	-2.131337e-02	-1.209629e+01
1.399000e-05	-2.409794e-02	-1.212829e+01
1.400000e-05	-2.763299e-02	-1.217995e+01
1.401000e-05	-1.663879e-02	-1.220258e+01
1.402000e-05	-1.976548e-02	-1.226411e+01
1.403000e-05	-2.990344e-02	-1.226571e+01
1.404000e-05	-2.785583e-02	-1.231674e+01
1.405000e-05	-2.432723e-02	-1.233729e+01
1.406000e-05	-2.446290e-02	-1.235835e+01
1.407000e-05	-3.315032e-02	-1.236992e+01
1.408000e-05	-3.371352e-02	-1.236995e+01
1.409000e-05	-2.991587e-02	-1.234088e+01
1.410000e-05	-3.113809e-02	-1.240098e+01
1.411000e-05	-3.662671e-02	-1.236995e+01
1.412000e-05	-3.682833e-02	-1.232834e+01
1.413000e-05	-3.255957e-02	-1.233740e+01
1.414000e-05	-3.191627e-02	-1.233877e+01
1.415000e-05	-3.794792e-02	-1.231821e+01
1.416000e-05	-3.765033e-02	-1.227467e+01
1.417000e-05	-3.418214e-02	-1.228316e+01
1.418000e-05	-3.164426e-02	-1.221148e+01
1.419000e-05	-3.594786e-02	-1.217040e+01
1.420000e-05	-3.442246e-02	-1.215634e+01
1.421000e-05	-2.900015e-02	-1.208571e+01
1.422000e-05	-2.608678e-02	-1.209561e+01
1.423000e-05	-2.935852e-02	-1.199253e+01
1.424000e-05	-2.971852e-02	-1.189732e+01
1.425000e-05	-2.468499e-02	-1.187348e+01
1.426000e-05	-2.322152e-02	-1.172743e+01
1.427000e-05	-2.391807e-02	-1.169408e+01
1.428000e-05	-2.570723e-02	-1.159145e+01
1.429000e-05	-2.071043e-02	-1.154777e+01
1.430000e-05	-1.905253e-02	-1.143291e+01
1.431000e-05	-2.067227e-02	-1.127469e+01
1.432000e-05	-1.977455e-02	-1.117920e+01
1.433000e-05	-1.742505e-02	-1.103661e+01
1.434000e-05	-1.523868e-02	-1.098950e+01
1.435000e-05	-1.727048e-02	-1.088464e+01
1.436000e-05	-1.643986e-02	-1.074943e+01
1.437000e-05	-1.460478e-02	-1.071516e+01
1.438000e-05	-1.482471e-02	-1.056843e+01
1.439000e-05	-1.608665e-02	-1.046469e+01
1.440000e-05	-1.568083e-02	-1.032629e+01
1.441000e-05	-1.088266e-02	-1.015798e+01
1.442000e-05	-1.352479e-02	-1.005408e+01
1.443000e-05	-1.179731e-02	-9.907316e+00
1.444000e-05	-1.418129e-02	-9.749902e+00
1.445000e-05	-8.172837e-03	-9.691582e+00
1.446000e-05	-1.104296e-02	-9.486295e+00
1.447000e-05	-9.676980e-03	-9.328248e+00
1.448000e-05	-1.306608e-02	-9.191475e+00
1.449000e-05	-9.272300e-03	-9.095032e+00
1.450000e-05	-1.112708e-02	-8.896137e+00
1.451000e-05	-1.112781e-02	-8.728265e+00
1.452000e-05	-1.175371e-02	-8.548275e+00
1.453000e-05	-8.046622e-03	-8.409953e+00
1.454000e-05	-6.708562e-03	-8.222508e+00
1.455000e-05	-7.905553e-03	-8.095135e+00
1.456000e-05	-7.103200e-03	-7.884692e+00
1.457000e-05	-1.026112e-02	-7.671536e+00
1.458000e-05	-7.671353e-03	-7.474167e+00
1.459000e-05	-1.074823e-02	-7.315687e+00
1.460000e-05	-8.485690e-03	-7.105744e+00
1.461000e-05	-8.823596e-03	-6.934662e+00
1.462000e-05	-6.036358e-03	-6.735215e+00
1.463000e-05	-6.233189e-03	-6.545791e+00
1.464000e-05	-5.947260e-03	-6.338399e+00
1.465000e-05	-6.694334e-03	-6.124169e+00
1.466000e-05	-7.177171e-03	-5.935716e+00
1.467000e-05	-6.664856e-03	-5.766322e+00
1.468000e-05	-9.457696e-03	-5.528117e+00
1.469000e-05	-6.811784e-03	-5.284738e+00
1.470000e-05	-8.573078e-03	-5.083078e+00
1.471000e-05	-4.466562e-03	-4.810854e+00
1.472000e-05	-9.082161e-03	-4.597924e+00
1.473000e-05	-3.955197e-03	-4.439924e+00
1.474000e-05	-4.528228e-03	-4.239853e+00
1.475000e-05	-3.100972e-03	-4.021976e+00
1.476000e-05	-7.740832e-03	-3.808399e+00
1.477000e-05	-7.456050e-03	-3.568771e+00
1.478000e-05	-6.188529e-03	-3.347272e+00
1.479000e-05	-6.064279e-03	-3.167769e+00
1.480000e-05	-8.022570e-03	-2.871584e+00
1.481000e-05	-4.543386e-03	-2.713188e+00
1.482000e-05	-2.499704e-03	-2.482112e+00
1.483000e-05	-2.594520e-03	-2.261506e+00
1.484000e-05	-3.885614e-03	-1.990403e+00
1.485000e-05	-4.557578e-03	-1.729346e+00
1.486000e-05	-4.959505e-03	-1.569344e+00
1.487000e-05	-5.286774e-03	-1.292707e+00
1.488000e-05	-5.777727e-03	-1.041585e+00
1.489000e-05	-6.208731e-03	-8.590788e-01
1.490000e-05	-3.051414e-03	-5.974272e-01
1.491000e-05	-1.882301e-03	-3.778197e-01
1.492000e-05	-2.271153e-03	-1.588171e-01
1.493000e-05	2.071158e-03	2.730394e-03
1.494000e-05	5.915921e-03	3.158384e-01
1.495000e-05	-2.256082e-03	4.962646e-01
1.496000e-05	1.282483e-03	6.969136e-01
1.497000e-05	-3.863911e-03	8.647570e-01
1.498000e-05	2.094807e-03	1.139450e+00
1.499000e-05	7.677558e-04	1.371547e+00
1.500000e-05	4.900550e-03	1.634228e+00
1.501000e-05	3.730866e-02	1.823608e+00
1.502000e-05	7.256193e-02	2.044310e+00
1.503000e-05	-4.423104e-02	2.347917e+00
1.504000e-05	-4.202949e-02	2.572595e+00
1.505000e-05	-3.762100e-02	2.822654e+00
1.506000e-05	-3.416623e-02	3.000471e+00
1.507000e-05	-3.235726e-02	3.117915e+00
1.508000e-05	1.150891e-01	3.327865e+00
1.509000e-05	-9.142643e-02	3.600023e+00
1.510000e-05	4.171059e-02	3.726894e+00
1.511000e-05	1.033442e-01	3.960095e+00
1.512000e-05	-8.991429e-02	4.201703e+00
1.513000e-05	4.619012e-02	4.401602e+00
1.514000e-05	-5.695501e-02	4.643261e+00
1.515000e-05	-1.893127e-03	4.833658e+00
1.516000e-05	5.882173e-02	5.128868e+00
1.517000e-05	-2.734846e-02	5.371503e+00
1.518000e-05	2.234347e-02	5.560975e+00
1.519000e-05	1.201116e-03	5.812498e+00
1.520000e-05	-2.183378e-02	6.001529e+00
1.521000e-05	1.902772e-02	6.141077e+00
1.522000e-05	-2.462211e-02	6.373149e+00
1.523000e-05	2.905494e-02	6.541500e+00
1.524000e-05	-1.301886e-02	6.803106e+00
1.525000e-05	4.188524e-02	6.991478e+00
1.526000e-05	-6.112464e-03	7.171597e+00
1.527000e-05	-3.409044e-02	7.358943e+00
1.528000e-05	3.772738e-02	7.530500e+00
1.529000e-05	-2.064835e-02	7.800973e+00
1.530000e-05	2.553492e-02	7.949947e+00
1.531000e-05	-6.821885e-03	8.182024e+00
1.532000e-05	1.585348e-02	8.347444e+00
1.533000e-05	3.877566e-03	8.495241e+00
1.534000e-05	-3.354736e-03	8.622177e+00
1.535000e-05	6.492002e-03	8.750973e+00
1.536000e-05	-5.421868e-03	8.947823e+00
1.537000e-05	2.222210e-02	9.129390e+00
1.538000e-05	2.066069e-03	9.274736e+00
1.539000e-05	6.165580e-03	9.401154e+00
1.540000e-05	6.111593e-03	9.510398e+00
1.541000e-05	1.779883e-03	9.674788e+00
1.542000e-05	7.078498e-03	9.836207e+00
1.543000e-05	2.865080e-03	9.962052e+00
1.544000e-05	1.207075e-02	1.010739e+01
1.545000e-05	8.500511e-03	1.024321e+01
1.546000e-05	9.227193e-03	1.035047e+01
1.547000e-05	7.416904e-03	1.049426e+01
1.548000e-05	5.208800e-03	1.058206e+01
1.549000e-05	7.966883e-03	1.069687e+01
1.550000e-05	6.951957e-03	1.082318e+01
1.551000e-05	9.373529e-03	1.094000e+01
1.552000e-05	9.966333e-03	1.104366e+01
1.553000e-05	9.718457e-03	1.112830e+01
1.554000e-05	1.002232e-02	1.124411e+01
1.555000e-05	9.551711e-03	1.129842e+01
1.556000e-05	1.036942e-02	1.141451e+01
1.557000e-05	1.248894e-02	1.147890e+01
1.558000e-05	1.131869e-02	1.159508e+01
1.559000e-05	1.136885e-02	1.172677e+01
1.560000e-05	1.246679e-02	1.170845e+01
1.561000e-05	1.483577e-02	1.187409e+01
1.562000e-05	1.260146e-02	1.187634e+01
1.563000e-05	1.380625e-02	1.193877e+01
1.564000e-05	1.600604e-02	1.198203e+01
1.565000e-05	1.702686e-02	1.205329e+01
1.566000e-05	1.570976e-02	1.206674e+01
1.567000e-05	1.687163e-02	1.209690e+01
1.568000e-05	1.890836e-02	1.216053e+01
1.569000e-05	1.903620e-02	1.217100e+01
1.570000e-05	1.909256e-02	1.219459e+01
1.571000e-05	2.009651e-02	1.224514e+01
1.572000e-05	2.336331e-02	1.229519e+01
1.573000e-05	2.426439e-02	1.226622e+01
1.574000e-05	2.475291e-02	1.228532e+01
1.575000e-05	2.500309e-02	1.228584e+01
1.576000e-05	2.736659e-02	1.226724e+01
1.577000e-05	2.811296e-02	1.226679e+01
1.578000e-05	2.785227e-02	1.229677e+01
1.579000e-05	2.837680e-02	1.227424e+01
1.580000e-05	2.823033e-02	1.227366e+01
1.581000e-05	3.051434e-02	1.221311e+01
1.582000e-05	2.863303e-02	1.219048e+01
1.583000e-05	2.847078e-02	1.215945e+01
1.584000e-05	2.706242e-02	1.213732e+01
1.585000e-05	2.730795e-02	1.207674e+01
1.586000e-05	2.606803e-02	1.203316e+01
1.587000e-05	2.355644e-02	1.201050e+01
1.588000e-05	2.241347e-02	1.192790e+01
1.589000e-05	2.114493e-02	1.188574e+01
1.590000e-05	2.027704e-02	1.182263e+01
1.591000e-05	1.753022e-02	1.174835e+01
1.592000e-05	1.741525e-02	1.171674e+01
1.593000e-05	1.683939e-02	1.163210e+01
1.594000e-05	1.693572e-02	1.150935e+01
1.595000e-05	1.397876e-02	1.145103e+01
1.596000e-05	1.391061e-02	1.134929e+01
1.597000e-05	1.328789e-02	1.123055e+01
1.598000e-05	1.146610e-02	1.116732e+01
1.599000e-05	1.019566e-02	1.105409e+01
1.600000e-05	7.793249e-03	1.095739e+01
1.601000e-05	9.678076e-03	1.087514e+01
1.602000e-05	6.756523e-03	1.079044e+01
1.603000e-05	9.444166e-03	1.061253e+01
1.604000e-05	5.522438e-03	1.050619e+01
1.605000e-05	8.503493e-03	1.040040e+01
1.606000e-05	6.179218e-03	1.025361e+01
1.607000e-05	6.138165e-03	1.012777e+01
1.608000e-05	3.131270e-03	1.002938e+01
1.609000e-05	5.380437e-03	9.804107e+00
1.610000e-05	2.931413e-03	9.734216e+00
1.611000e-05	4.055685e-03	9.567898e+00
1.612000e-05	3.060665e-03	9.429982e+00
1.613000e-05	4.047875e-03	9.293162e+00
1.614000e-05	3.580977e-03	9.167872e+00
1.615000e-05	2.405734e-03	8.969953e+00
1.616000e-05	3.597027e-03	8.810483e+00
1.617000e-05	2.152957e-03	8.652085e+00
1.618000e-05	1.668653e-03	8.505767e+00
1.619000e-05	9.574659e-04	8.338398e+00
1.620000e-05	-5.270353e-04	8.178876e+00
1.621000e-05	9.061935e-04	8.000399e+00
1.622000e-05	2.114269e-04	7.809478e+00
1.623000e-05	2.083974e-03	7.622506e+00
1.624000e-05	7.344030e-04	7.441908e+00
1.625000e-05	1.087674e-03	7.230557e+00
1.626000e-05	-3.609115e-04	7.072983e+00
1.627000e-05	-6.818645e-04	6.873111e+00
1.628000e-05	-3.104925e-03	6.715092e+00
1.629000e-05	-1.072196e-03	6.501133e+00
1.630000e-05	-1.975155e-03	6.263059e+00
1.631000e-05	9.682834e-04	6.072137e+00
1.632000e-05	-8.153289e-04	5.905191e+00
1.633000e-05	-1.337539e-03	5.641685e+00
1.634000e-05	-2.592582e-03	5.484636e+00
1.635000e-05	-3.299014e-03	5.263507e+00
1.636000e-05	-2.733666e-03	4.976855e+00
1.637000e-05	-2.653741e-03	4.726868e+00
1.638000e-05	-1.427307e-03	4.545372e+00
1.639000e-05	-1.091746e-03	4.368471e+00
1.640000e-05	-3.647103e-03	4.091793e+00
1.641000e-05	-3.127264e-03	3.874717e+00
1.642000e-05	-2.674520e-03	3.674638e+00
1.643000e-05	-4.590962e-03	3.525190e+00
1.644000e-05	-4.616338e-03	3.230483e+00
1.645000e-05	-2.986051e-03	3.039583e+00
1.646000e-05	-2.507502e-03	2.811108e+00
1.647000e-05	-3.136745e-03	2.627876e+00
1.648000e-05	-4.452955e-03	2.385819e+00
1.649000e-05	-4.113442e-03	2.115788e+00
1.650000e-05	-4.468337e-03	1.947293e+00
1.651000e-05	-5.219563e-03	1.681663e+00
1.652000e-05	-5.623308e-03	1.470535e+00
1.653000e-05	-4.701454e-03	1.209457e+00
1.654000e-05	-4.325666e-03	9.153685e-01
1.655000e-05	-3.684279e-03	7.167919e-01
1.656000e-05	-4.256409e-03	5.021867e-01
1.657000e-05	-4.366485e-03	3.011628e-01
1.658000e-05	-3.587044e-03	5.050389e-02
1.659000e-05	-8.772173e-04	-1.399976e-01
1.660000e-05	3.552026e-03	-3.700200e-01
1.661000e-05	-7.039096e-03	-5.615716e-01
1.662000e-05	3.529458e-04	-8.121540e-01
1.663000e-05	-6.169800e-03	-1.001151e+00
1.664000e-05	-1.987371e-03	-1.213174e+00
1.665000e-05	-3.945720e-03	-1.437841e+00
1.666000e-05	1.775503e-02	-1.683235e+00
1.667000e-05	9.409448e-02	-1.844833e+00
1.668000e-05	-3.234900e-02	-2.191122e+00
1.669000e-05	-4.716496e-02	-2.508866e+00
1.670000e-05	-5.284434e-02	-2.739945e+00
1.671000e-05	-7.406458e-02	-2.907863e+00
1.672000e-05	2.050055e-02	-3.115782e+00
1.673000e-05	1.242650e-01	-3.191081e+00
1.674000e-05	-1.925562e-01	-3.506290e+00
1.675000e-05	1.458435e-01	-3.651652e+00
1.676000e-05	2.895516e-02	-3.795773e+00
1.677000e-05	-1.073077e-01	-4.180522e+00
1.678000e-05	1.108717e-01	-4.297244e+00
1.679000e-05	-1.775573e-01	-4.520869e+00
1.680000e-05	4.259394e-02	-4.789499e+00
1.681000e-05	8.805305e-02	-4.926443e+00
1.682000e-05	-1.005682e-01	-5.205253e+00
1.683000e-05	1.001057e-01	-5.413736e+00
1.684000e-05	-9.511860e-02	-5.624687e+00
1.685000e-05	2.629997e-02	-5.896284e+00
1.686000e-05	3.553970e-02	-6.032812e+00
1.687000e-05	-1.425501e-01	-6.287789e+00
1.688000e-05	1.208635e-01	-6.463281e+00
1.689000e-05	-7.338653e-02	-6.676288e+00
1.690000e-05	8.317946e-02	-6.852811e+00
1.691000e-05	-6.569744e-02	-7.024681e+00
1.692000e-05	-6.042239e-02	-7.318916e+00
1.693000e-05	1.056322e-01	-7.433782e+00
1.694000e-05	-1.161165e-01	-7.647740e+00
1.695000e-05	7.243658e-02	-7.895180e+00
1.696000e-05	-7.175059e-02	-8.063237e+00
1.697000e-05	5.061482e-02	-8.234681e+00
1.698000e-05	-4.562340e-03	-8.390497e+00
1.699000e-05	-7.090013e-02	-8.548921e+00
1.700000e-05	4.181617e-02	-8.749264e+00
1.701000e-05	-5.643593e-02	-8.879345e+00
1.702000e-05	5.753177e-02	-9.033133e+00
1.703000e-05	-6.674381e-02	-9.162500e+00
1.704000e-05	1.909429e-02	-9.360967e+00
1.705000e-05	-6.305296e-03	-9.499368e+00
1.706000e-05	-2.350694e-02	-9.666759e+00
1.707000e-05	-4.600847e-03	-9.781001e+00
1.708000e-05	-3.658058e-02	-9.931419e+00
1.709000e-05	3.189989e-02	-1.000516e+01
1.710000e-05	-3.276794e-02	-1.019413e+01
1.711000e-05	-1.375866e-03	-1.034085e+01
1.712000e-05	-3.274708e-02	-1.046519e+01
1.713000e-05	5.551025e-03	-1.061250e+01
1.714000e-05	-1.702813e-02	-1.068684e+01
1.715000e-05	-1.825994e-02	-1.083211e+01
1.716000e-05	-1.545634e-02	-1.088674e+01
1.717000e-05	-4.063996e-03	-1.103313e+01
1.718000e-05	-6.591857e-03	-1.107577e+01
1.719000e-05	-3.200339e-02	-1.120463e+01
1.720000e-05	-1.166785e-02	-1.130681e+01
1.721000e-05	-1.817762e-02	-1.140054e+01
1.722000e-05	-2.258516e-03	-1.151932e+01
1.723000e-05	-3.175742e-02	-1.162302e+01
1.724000e-05	-1.217854e-02	-1.167684e+01
1.725000e-05	-1.453308e-02	-1.177147e+01
1.726000e-05	-1.360223e-02	-1.184466e+01
1.727000e-05	-2.615598e-02	-1.193992e+01
1.728000e-05	-2.449757e-02	-1.200108e+01
1.729000e-05	-9.932986e-03	-1.205664e+01
1.730000e-05	-2.129840e-02	-1.209579e+01
1.731000e-05	-2.505459e-02	-1.213930e+01
1.732000e-05	-2.860202e-02	-1.216955e+01
1.733000e-05	-1.524633e-02	-1.222158e+01
1.734000e-05	-2.277907e-02	-1.224311e+01
1.735000e-05	-3.018570e-02	-1.229469e+01
1.736000e-05	-2.887120e-02	-1.230882e+01
1.737000e-05	-2.205073e-02	-1.232934e+01
1.738000e-05	-2.490597e-02	-1.233982e+01
1.739000e-05	-3.343438e-02	-1.239940e+01
1.740000e-05	-3.487967e-02	-1.234945e+01
1.741000e-05	-2.865144e-02	-1.238945e+01
1.742000e-05	-3.096906e-02	-1.237098e+01
1.743000e-05	-3.831743e-02	-1.237840e+01
1.744000e-05	-3.791000e-02	-1.231985e+01
1.745000e-05	-3.199736e-02	-1.232835e+01
1.746000e-05	-3.296076e-02	-1.231637e+01
1.747000e-05	-3.889550e-02	-1.231524e+01
1.748000e-05	-3.781258e-02	-1.230366e+01
1.749000e-05	-3.178235e-02	-1.224361e+01
1.750000e-05	-3.167384e-02	-1.218003e+01
1.751000e-05	-3.678555e-02	-1.213844e+01
1.752000e-05	-3.559685e-02	-1.210724e+01
1.753000e-05	-2.851403e-02	-1.208521e+01
1.754000e-05	-2.711814e-02	-1.201365e+01
1.755000e-05	-3.037410e-02	-1.194090e+01
1.756000e-05	-2.940104e-02	-1.191534e+01
1.757000e-05	-2.218413e-02	-1.179201e+01
1.758000e-05	-2.157860e-02	-1.172887e+01
1.759000e-05	-2.412039e-02	-1.167620e+01
1.760000e-05	-2.547564e-02	-1.157187e+01
1.761000e-05	-2.075466e-02	-1.144466e+01
1.762000e-05	-1.900917e-02	-1.139087e+01
1.763000e-05	-2.136161e-02	-1.128556e+01
1.764000e-05	-2.016230e-02	-1.117895e+01
1.765000e-05	-1.679312e-02	-1.108514e+01
1.766000e-05	-1.354627e-02	-1.094935e+01
1.767000e-05	-1.706037e-02	-1.085213e+01
1.768000e-05	-1.753513e-02	-1.075042e+01
1.769000e-05	-1.435215e-02	-1.066406e+01
1.770000e-05	-1.313506e-02	-1.055835e+01
1.771000e-05	-1.498450e-02	-1.046356e+01
1.772000e-05	-1.600803e-02	-1.028517e+01
1.773000e-05	-1.253472e-02	-1.014932e+01
1.774000e-05	-9.728173e-03	-1.002103e+01
1.775000e-05	-1.258822e-02	-9.875287e+00
1.776000e-05	-1.374462e-02	-9.756944e+00
1.777000e-05	-1.014076e-02	-9.622560e+00
1.778000e-05	-8.980301e-03	-9.504288e+00
1.779000e-05	-1.140343e-02	-9.286740e+00
1.780000e-05	-1.304629e-02	-9.168447e+00
1.781000e-05	-9.760673e-03	-9.001029e+00
1.782000e-05	-8.207977e-03	-8.921536e+00
1.783000e-05	-1.040630e-02	-8.745208e+00
1.784000e-05	-1.204202e-02	-8.517242e+00
1.785000e-05	-9.119227e-03	-8.349499e+00
1.786000e-05	-6.499864e-03	-8.208476e+00
1.787000e-05	-8.268379e-03	-8.051059e+00
1.788000e-05	-8.919599e-03	-7.822060e+00
1.789000e-05	-8.189006e-03	-7.630507e+00
1.790000e-05	-6.149847e-03	-7.441577e+00
1.791000e-05	-9.113823e-03	-7.242610e+00
1.792000e-05	-1.021519e-02	-7.082134e+00
1.793000e-05	-8.630213e-03	-6.872583e+00
1.794000e-05	-6.132355e-03	-6.684161e+00
1.795000e-05	-6.219553e-03	-6.475715e+00
1.796000e-05	-7.687804e-03	-6.296741e+00
1.797000e-05	-7.656311e-03	-6.064586e+00
1.798000e-05	-6.287491e-03	-5.864111e+00
1.799000e-05	-6.588323e-03	-5.705636e+00
1.800000e-05	-7.731411e-03	-5.535743e+00
1.801000e-05	-7.342713e-03	-5.251084e+00
1.802000e-05	-7.369643e-03	-5.009976e+00
1.803000e-05	-4.459362e-03	-4.755692e+00
1.804000e-05	-8.159662e-03	-4.537742e+00
1.805000e-05	-6.494765e-03	-4.369420e+00
1.806000e-05	-5.645155e-03	-4.148348e+00
1.807000e-05	-3.150410e-03	-3.959320e+00
1.808000e-05	-6.267216e-03	-3.714262e+00
1.809000e-05	-6.042593e-03	-3.545767e+00
1.810000e-05	-7.974745e-03	-3.324607e+00
1.811000e-05	-3.669270e-03	-3.113639e+00
1.812000e-05	-7.773644e-03	-2.820555e+00
1.813000e-05	-4.502491e-03	-2.620054e+00
1.814000e-05	-5.734736e-03	-2.439504e+00
1.815000e-05	-1.376147e-03	-2.208372e+00
1.816000e-05	-4.986782e-03	-1.957318e+00
1.817000e-05	-4.437593e-03	-1.745316e+00
1.818000e-05	-7.041600e-03	-1.546742e+00
1.819000e-05	-3.822214e-03	-1.258954e+00
1.820000e-05	-4.079461e-03	-9.788488e-01
1.821000e-05	-5.878088e-03	-8.389436e-01
1.822000e-05	-3.930055e-03	-5.652369e-01
1.823000e-05	-1.848304e-03	-3.242642e-01
1.824000e-05	-8.058978e-04	-1.341843e-01
1.825000e-05	1.757243e-03	9.438835e-02
1.826000e-05	3.445657e-03	3.589474e-01
1.827000e-05	-5.057371e-04	5.584985e-01
1.828000e-05	2.152457e-03	7.394475e-01
1.829000e-05	-3.178249e-03	9.469951e-01
1.830000e-05	4.583082e-04	1.200626e+00
1.831000e-05	8.763267e-04	1.403179e+00
1.832000e-05	1.159910e-02	1.734762e+00
1.833000e-05	4.996532e-02	1.916837e+00
1.834000e-05	5.446780e-02	2.118417e+00
1.835000e-05	-5.807424e-02	2.371648e+00
1.836000e-05	-3.873091e-02	2.645713e+00
1.837000e-05	-3.056453e-02	2.825211e+00
1.838000e-05	-4.762385e-02	2.981074e+00
1.839000e-05	4.520939e-03	3.138498e+00
1.840000e-05	1.045150e-01	3.402128e+00
1.841000e-05	-1.261861e-01	3.602103e+00
1.842000e-05	1.187693e-01	3.749525e+00
1.843000e-05	2.973511e-02	4.064104e+00
1.844000e-05	-6.975249e-02	4.263660e+00
1.845000e-05	5.653466e-02	4.433282e+00
1.846000e-05	-8.697411e-02	4.687870e+00
1.847000e-05	4.397122e-02	4.914792e+00
1.848000e-05	3.112758e-02	5.183600e+00
1.849000e-05	-2.353749e-02	5.441182e+00
1.850000e-05	2.852181e-02	5.594578e+00
1.851000e-05	-1.407098e-02	5.855662e+00
1.852000e-05	-5.486615e-03	6.033659e+00
1.853000e-05	6.771002e-03	6.224156e+00
1.854000e-05	-1.558478e-02	6.424127e+00
1.855000e-05	2.635238e-02	6.592758e+00
1.856000e-05	-1.377560e-02	6.843181e+00
1.857000e-05	5.229380e-02	7.042583e+00
1.858000e-05	-3.433533e-02	7.213609e+00
1.859000e-05	-1.081681e-02	7.381100e+00
1.860000e-05	3.269758e-02	7.593656e+00
1.861000e-05	-2.065727e-02	7.781110e+00
1.862000e-05	2.918431e-02	7.993706e+00
1.863000e-05	-1.823021e-02	8.242082e+00
1.864000e-05	2.760579e-02	8.361446e+00
1.865000e-05	-6.249994e-03	8.515818e+00
1.866000e-05	6.088071e-03	8.653664e+00
1.867000e-05	1.907243e-04	8.812704e+00
1.868000e-05	-2.167278e-04	8.991045e+00
1.869000e-05	2.439015e-02	9.149469e+00
1.870000e-05	-6.358847e-03	9.307244e+00
1.871000e-05	1.074034e-02	9.424610e+00
1.872000e-05	-1.310328e-03	9.581426e+00
1.873000e-05	1.064524e-02	9.716391e+00
1.874000e-05	4.481607e-03	9.846732e+00
1.875000e-05	5.819371e-03	1.003418e+01
1.876000e-05	1.024129e-02	1.015744e+01
1.877000e-05	8.572869e-03	1.026621e+01
1.878000e-05	9.534025e-03	1.038150e+01
1.879000e-05	2.528557e-03	1.047747e+01
1.880000e-05	7.804582e-03	1.061161e+01
1.881000e-05	6.703830e-03	1.076040e+01
1.882000e-05	1.177241e-02	1.083526e+01
1.883000e-05	6.840591e-03	1.095940e+01
1.884000e-05	1.109798e-02	1.108571e+01
1.885000e-05	8.819199e-03	1.114937e+01
1.886000e-05	1.072073e-02	1.123571e+01
1.887000e-05	7.966818e-03	1.129890e+01
1.888000e-05	9.551042e-03	1.141419e+01
1.889000e-05	1.344838e-02	1.148845e+01
1.890000e-05	1.259910e-02	1.164361e+01
1.891000e-05	1.329689e-02	1.171785e+01
1.892000e-05	1.162303e-02	1.176995e+01
1.893000e-05	1.490683e-02	1.185269e+01
1.894000e-05	1.229500e-02	1.190731e+01
1.895000e-05	1.341422e-02	1.197990e+01
1.896000e-05	1.348017e-02	1.197206e+01
1.897000e-05	1.638941e-02	1.206469e+01
1.898000e-05	1.746038e-02	1.206774e+01
1.899000e-05	1.816005e-02	1.211945e+01
1.900000e-05	1.969540e-02	1.219093e+01
1.901000e-05	1.852544e-02	1.219306e+01
1.902000e-05	2.144111e-02	1.225263e+01
1.903000e-05	2.026701e-02	1.222271e+01
1.904000e-05	2.141487e-02	1.223569e+01
1.905000e-05	2.349960e-02	1.230476e+01
1.906000e-05	2.541257e-02	1.229679e+01
1.907000e-05	2.611729e-02	1.228724e+01
1.908000e-05	2.683760e-02	1.233732e+01
1.909000e-05	2.923231e-02	1.226614e+01
1.910000e-05	2.913309e-02	1.228579e+01
1.911000e-05	2.968421e-02	1.227471e+01
1.912000e-05	2.898220e-02	1.223471e+01
1.913000e-05	2.857171e-02	1.218316e+01
1.914000e-05	2.771012e-02	1.218250e+01
1.915000e-05	2.837316e-02	1.212982e+01
1.916000e-05	2.682248e-02	1.205925e+01
1.917000e-05	2.629421e-02	1.207613e+01
1.918000e-05	2.611995e-02	1.203256e+01
1.919000e-05	2.551029e-02	1.199940e+01
1.920000e-05	2.242469e-02	1.192742e+01
1.921000e-05	2.061586e-02	1.187482e+01
1.922000e-05	1.959965e-02	1.179155e+01
1.923000e-05	1.830410e-02	1.173884e+01
1.924000e-05	1.697715e-02	1.162461e+01
1.925000e-05	1.460751e-02	1.158095e+01
1.926000e-05	1.530672e-02	1.151369e+01
1.927000e-05	1.560092e-02	1.139050e+01
1.928000e-05	1.422069e-02	1.132524e+01
1.929000e-05	1.195899e-02	1.125198e+01
1.930000e-05	9.747037e-03	1.110582e+01
1.931000e-05	1.095367e-02	1.101050e+01
1.932000e-05	9.849967e-03	1.094674e+01
1.933000e-05	9.049021e-03	1.083056e+01
1.934000e-05	5.275686e-03	1.070637e+01
1.935000e-05	9.321866e-03	1.057350e+01
1.936000e-05	7.450324e-03	1.046458e+01
1.937000e-05	7.778975e-03	1.035839e+01
1.938000e-05	4.855227e-03	1.024403e+01
1.939000e-05	6.312766e-03	1.009514e+01
1.940000e-05	5.287407e-03	9.988873e+00
1.941000e-05	5.773980e-03	9.822032e+00
1.942000e-05	2.575587e-03	9.654605e+00
1.943000e-05	3.452576e-03	9.566745e+00
1.944000e-05	3.916734e-03	9.378424e+00
1.945000e-05	3.609459e-03	9.264111e+00
1.946000e-05	2.846037e-03	9.107841e+00
1.947000e-05	2.114569e-03	8.955749e+00
1.948000e-05	3.821490e-03	8.777946e+00
1.949000e-05	2.143660e-03	8.610481e+00
1.950000e-05	1.694497e-03	8.454090e+00
1.951000e-05	6.668775e-04	8.325789e+00
1.952000e-05	2.656192e-03	8.136272e+00
1.953000e-05	1.160044e-03	7.966746e+00
1.954000e-05	4.264435e-05	7.748369e+00
1.955000e-05	-3.942454e-04	7.578479e+00
1.956000e-05	1.223885e-03	7.410326e+00
1.957000e-05	9.658956e-04	7.198899e+00
1.958000e-05	-9.226528e-04	6.987952e+00
1.959000e-05	-1.379267e-03	6.841428e+00
1.960000e-05	2.021921e-03	6.598452e+00
1.961000e-05	-3.428722e-04	6.428997e+00
1.962000e-05	-2.413904e-03	6.210001e+00
1.963000e-05	-2.469854e-03	6.061128e+00
1.964000e-05	-8.263320e-04	5.852132e+00
1.965000e-05	-1.203976e-03	5.620454e+00
1.966000e-05	-1.996495e-03	5.440503e+00
1.967000e-05	-2.010952e-03	5.199399e+00
1.968000e-05	-7.336600e-04	4.893641e+00
1.969000e-05	-1.644627e-03	4.725659e+00
1.970000e-05	-3.320079e-03	4.485214e+00
1.971000e-05	-2.088007e-03	4.314564e+00
1.972000e-05	-3.138719e-03	4.060133e+00
1.973000e-05	-3.234803e-03	3.839608e+00
1.974000e-05	-4.028989e-03	3.661559e+00
1.975000e-05	-3.158179e-03	3.441954e+00
1.976000e-05	-2.710107e-03	3.169022e+00
1.977000e-05	-4.457110e-03	2.997324e+00
1.978000e-05	-4.542303e-03	2.789898e+00
1.979000e-05	-2.815150e-03	2.474293e+00
1.980000e-05	-2.372981e-03	2.303685e+00
1.981000e-05	-4.597006e-03	2.073661e+00
1.982000e-05	-5.271356e-03	1.922638e+00
1.983000e-05	-4.051742e-03	1.640506e+00
1.984000e-05	-3.870445e-03	1.397951e+00
1.985000e-05	-5.802042e-03	1.168344e+00
1.986000e-05	-6.351307e-03	8.811629e-01
1.987000e-05	-3.654166e-03	6.710566e-01
1.988000e-05	-3.019526e-03	4.500814e-01
1.989000e-05	-4.816363e-03	2.386036e-01
1.990000e-05	-5.249579e-03	8.848366e-03
1.991000e-05	2.460143e-03	-2.031817e-01
1.992000e-05	1.066367e-03	-3.925778e-01
1.993000e-05	-4.232531e-03	-6.477108e-01
1.994000e-05	-4.747104e-03	-8.836870e-01
1.995000e-05	-3.516798e-03	-1.094761e+00
1.996000e-05	-2.144630e-03	-1.246262e+00
1.997000e-05	-2.607837e-03	-1.499420e+00
1.998000e-05	3.198366e-02	-1.727314e+00
1.999000e-05	8.971625e-02	-1.897864e+00
2.000000e-05	-6.074756e-02	-2.257388e+00
2.001000e-05	-3.698146e-02	-2.572627e+00
2.002000e-05	-5.966596e-02	-2.801023e+00
2.003000e-05	-8.103505e-02	-2.940466e+00
2.004000e-05	9.038590e-02	-3.106240e+00
2.005000e-05	5.001690e-02	-3.283838e+00
2.006000e-05	-1.778781e-01	-3.539493e+00
2.007000e-05	2.070957e-01	-3.642758e+00
2.008000e-05	-6.923868e-02	-3.918014e+00
2.009000e-05	-2.905410e-02	-4.201552e+00
2.010000e-05	6.626710e-02	-4.337446e+00
2.011000e-05	-1.945350e-01	-4.602603e+00
2.012000e-05	1.257018e-01	-4.841548e+00
2.013000e-05	9.800701e-03	-4.960126e+00
2.014000e-05	-5.619533e-02	-5.296786e+00
2.015000e-05	8.374242e-02	-5.506837e+00
2.016000e-05	-1.211339e-01	-5.728892e+00
2.017000e-05	9.088399e-02	-5.917894e+00
2.018000e-05	-4.695072e-02	-6.074261e+00
2.019000e-05	-8.214689e-02	-6.320970e+00
2.020000e-05	1.080601e-01	-6.486342e+00
2.021000e-05	-8.208013e-02	-6.729321e+00
2.022000e-05	1.079549e-01	-6.916914e+00
2.023000e-05	-1.334060e-01	-7.110395e+00
2.024000e-05	2.620056e-02	-7.349897e+00
2.025000e-05	4.462912e-02	-7.474840e+00
2.026000e-05	-9.092243e-02	-7.740393e+00
2.027000e-05	7.111845e-02	-7.898870e+00
2.028000e-05	-8.807428e-02	-8.077843e+00
2.029000e-05	8.948822e-02	-8.285291e+00
2.030000e-05	-6.361751e-02	-8.413082e+00
2.031000e-05	-2.273857e-02	-8.574003e+00
2.032000e-05	1.537319e-02	-8.760498e+00
2.033000e-05	-3.446708e-02	-8.949899e+00
2.034000e-05	4.621142e-02	-9.085338e+00
2.035000e-05	-7.812768e-02	-9.224133e+00
2.036000e-05	4.535519e-02	-9.389553e+00
2.037000e-05	-3.506095e-02	-9.551422e+00
2.038000e-05	-3.669060e-03	-9.705292e+00
2.039000e-05	-2.502574e-02	-9.802027e+00
2.040000e-05	-1.560261e-02	-9.940449e+00
2.041000e-05	2.372835e-02	-1.008516e+01
2.042000e-05	-3.335764e-02	-1.024618e+01
2.043000e-05	-3.360408e-04	-1.032995e+01
2.044000e-05	-3.376838e-02	-1.048679e+01
2.045000e-05	1.245097e-02	-1.066205e+01
2.046000e-05	-2.974471e-02	-1.068734e+01
2.047000e-05	-1.239540e-02	-1.083359e+01
2.048000e-05	-1.855377e-02	-1.086732e+01
2.049000e-05	3.500116e-03	-1.103571e+01
2.050000e-05	-1.718579e-02	-1.110942e+01
2.051000e-05	-2.633367e-02	-1.127466e+01
2.052000e-05	-1.214964e-02	-1.134034e+01
2.053000e-05	-1.438373e-02	-1.145468e+01
2.054000e-05	-5.855859e-03	-1.154932e+01
2.055000e-05	-3.460313e-02	-1.162158e+01
2.056000e-05	-6.844269e-03	-1.169581e+01
2.057000e-05	-1.782280e-02	-1.180100e+01
2.058000e-05	-1.317702e-02	-1.183579e+01
2.059000e-05	-3.194807e-02	-1.189742e+01
2.060000e-05	-1.852956e-02	-1.204213e+01
2.061000e-05	-1.037285e-02	-1.207571e+01
2.062000e-05	-2.260168e-02	-1.212729e+01
2.063000e-05	-2.616952e-02	-1.212889e+01
2.064000e-05	-2.735883e-02	-1.220000e+01
2.065000e-05	-1.444328e-02	-1.222256e+01
2.066000e-05	-2.600989e-02	-1.227466e+01
2.067000e-05	-3.070031e-02	-1.229676e+01
2.068000e-05	-2.841664e-02	-1.230724e+01
2.069000e-05	-1.974812e-02	-1.231637e+01
2.070000e-05	-2.666449e-02	-1.233844e+01
2.071000e-05	-3.623829e-02	-1.239890e+01
2.072000e-05	-3.388666e-02	-1.237983e+01
2.073000e-05	-2.823949e-02	-1.234945e+01
2.074000e-05	-3.170910e-02	-1.238040e+01
2.075000e-05	-3.971525e-02	-1.235892e+01
2.076000e-05	-3.704690e-02	-1.233937e+01
2.077000e-05	-3.083600e-02	-1.237682e+01
2.078000e-05	-3.356245e-02	-1.232777e+01
2.079000e-05	-3.986441e-02	-1.232781e+01
2.080000e-05	-3.753074e-02	-1.224416e+01
2.081000e-05	-3.103521e-02	-1.222306e+01
2.082000e-05	-3.068356e-02	-1.217053e+01
2.083000e-05	-3.589573e-02	-1.215842e+01
2.084000e-05	-3.500570e-02	-1.212827e+01
2.085000e-05	-2.705271e-02	-1.207571e+01
2.086000e-05	-2.590103e-02	-1.201261e+01
2.087000e-05	-3.088693e-02	-1.198890e+01
2.088000e-05	-2.984811e-02	-1.189519e+01
2.089000e-05	-2.322410e-02	-1.181145e+01
2.090000e-05	-2.129360e-02	-1.170827e+01
2.091000e-05	-2.496865e-02	-1.162254e+01
2.092000e-05	-2.498939e-02	-1.154039e+01
2.093000e-05	-1.914593e-02	-1.145363e+01
2.094000e-05	-1.703753e-02	-1.131977e+01
2.095000e-05	-2.141052e-02	-1.122566e+01
2.096000e-05	-2.110730e-02	-1.108872e+01
2.097000e-05	-1.767473e-02	-1.102200e+01
2.098000e-05	-1.334222e-02	-1.093932e+01
2.099000e-05	-1.795196e-02	-1.085163e+01
2.100000e-05	-1.725371e-02	-1.075787e+01
2.101000e-05	-1.397548e-02	-1.063208e+01
2.102000e-05	-1.120153e-02	-1.053719e+01
2.103000e-05	-1.529873e-02	-1.043098e+01
2.104000e-05	-1.603230e-02	-1.028206e+01
2.105000e-05	-1.250449e-02	-1.011529e+01
2.106000e-05	-1.049017e-02	-9.979026e+00
2.107000e-05	-1.231020e-02	-9.862037e+00
2.108000e-05	-1.378285e-02	-9.718268e+00
2.109000e-05	-1.167699e-02	-9.607952e+00
2.110000e-05	-8.649110e-03	-9.383957e+00
2.111000e-05	-1.000739e-02	-9.294583e+00
2.112000e-05	-1.140565e-02	-9.147296e+00
2.113000e-05	-1.098623e-02	-8.969948e+00
2.114000e-05	-7.912605e-03	-8.812328e+00
2.115000e-05	-9.506383e-03	-8.642639e+00
2.116000e-05	-1.073719e-02	-8.514110e+00
2.117000e-05	-1.048418e-02	-8.337741e+00
2.118000e-05	-7.554664e-03	-8.148850e+00
2.119000e-05	-7.587447e-03	-8.028974e+00
2.120000e-05	-9.438294e-03	-7.811794e+00
2.121000e-05	-9.870227e-03	-7.588474e+00
2.122000e-05	-6.774959e-03	-7.379500e+00
2.123000e-05	-6.594357e-03	-7.241556e+00
2.124000e-05	-9.641643e-03	-7.010952e+00
2.125000e-05	-9.407405e-03	-6.807978e+00
2.126000e-05	-6.317358e-03	-6.641603e+00
2.127000e-05	-6.912822e-03	-6.462556e+00
2.128000e-05	-8.575719e-03	-6.244533e+00
2.129000e-05	-9.170818e-03	-6.081079e+00
2.130000e-05	-5.294081e-03	-5.821029e+00
2.131000e-05	-5.088444e-03	-5.661582e+00
2.132000e-05	-7.252681e-03	-5.490977e+00
2.133000e-05	-7.692627e-03	-5.198898e+00
2.134000e-05	-6.197514e-03	-4.946245e+00
2.135000e-05	-4.319799e-03	-4.683187e+00
2.136000e-05	-7.114338e-03	-4.523716e+00
2.137000e-05	-7.200425e-03	-4.326716e+00
2.138000e-05	-5.976478e-03	-4.154715e+00
2.139000e-05	-3.365651e-03	-3.956645e+00
2.140000e-05	-5.569731e-03	-3.691583e+00
2.141000e-05	-6.122310e-03	-3.493138e+00
2.142000e-05	-8.329330e-03	-3.231559e+00
2.143000e-05	-4.063736e-03	-3.040480e+00
2.144000e-05	-5.584929e-03	-2.798896e+00
2.145000e-05	-3.890627e-03	-2.588449e+00
2.146000e-05	-6.631117e-03	-2.358846e+00
2.147000e-05	-1.787711e-03	-2.142763e+00
2.148000e-05	-4.797119e-03	-1.922235e+00
2.149000e-05	-3.708424e-03	-1.704188e+00
2.150000e-05	-7.690745e-03	-1.521009e+00
2.151000e-05	-3.711110e-03	-1.179371e+00
2.152000e-05	-3.400136e-03	-8.962920e-01
2.153000e-05	-3.245152e-03	-7.972622e-01
2.154000e-05	-3.492482e-03	-4.715578e-01
2.155000e-05	-2.919333e-03	-2.721101e-01
2.156000e-05	-9.072935e-04	-5.105151e-02
2.157000e-05	5.127975e-03	1.490191e-01
2.158000e-05	-8.029830e-04	3.996529e-01
2.159000e-05	5.985280e-04	5.911267e-01
2.160000e-05	-5.481352e-04	7.725238e-01
2.161000e-05	1.220225e-03	1.022130e+00
2.162000e-05	8.864924e-04	1.243709e+00
2.163000e-05	1.237516e-03	1.494290e+00
2.164000e-05	1.781587e-02	1.728917e+00
2.165000e-05	6.562425e-02	1.939971e+00
2.166000e-05	2.419523e-02	2.201624e+00
2.167000e-05	-5.909733e-02	2.423755e+00
2.168000e-05	-4.002167e-02	2.748467e+00
2.169000e-05	-2.382026e-02	2.904765e+00
2.170000e-05	-5.700544e-02	3.063227e+00
2.171000e-05	4.809670e-02	3.181172e+00
2.172000e-05	5.760617e-02	3.454836e+00
2.173000e-05	-1.139390e-01	3.632257e+00
2.174000e-05	1.654668e-01	3.822157e+00
2.175000e-05	-3.664448e-02	4.085186e+00
2.176000e-05	-3.446466e-02	4.287840e+00
2.177000e-05	3.966439e-02	4.497892e+00
2.178000e-05	-8.709529e-02	4.748421e+00
2.179000e-05	7.309212e-02	4.957452e+00
2.180000e-05	1.014857e-03	5.226756e+00
2.181000e-05	-1.090505e-02	5.465813e+00
2.182000e-05	2.954022e-02	5.645787e+00
2.183000e-05	-2.548051e-02	5.917865e+00
2.184000e-05	1.180689e-02	6.046285e+00
2.185000e-05	-1.163862e-02	6.265239e+00
2.186000e-05	2.553125e-03	6.465716e+00
2.187000e-05	1.408389e-02	6.716841e+00
2.188000e-05	-3.672705e-03	6.896792e+00
2.189000e-05	4.712524e-02	7.076240e+00
2.190000e-05	-4.979387e-02	7.263731e+00
2.191000e-05	1.549779e-02	7.434707e+00
2.192000e-05	1.235873e-02	7.655261e+00
2.193000e-05	-8.214914e-03	7.874740e+00
2.194000e-05	2.465416e-02	8.066790e+00
2.195000e-05	-1.368457e-02	8.234658e+00
2.196000e-05	2.614265e-02	8.421605e+00
2.197000e-05	-1.527979e-02	8.519447e+00
2.198000e-05	1.244673e-02	8.717813e+00
2.199000e-05	-4.633909e-03	8.785112e+00
2.200000e-05	6.322616e-03	9.043631e+00
2.201000e-05	1.902220e-02	9.191030e+00
2.202000e-05	-4.019003e-03	9.328894e+00
2.203000e-05	1.557521e-02	9.467711e+00
2.204000e-05	-4.155747e-03	9.631659e+00
2.205000e-05	1.145282e-02	9.760372e+00
2.206000e-05	6.693242e-04	9.888296e+00
2.207000e-05	8.887156e-03	1.005419e+01
2.208000e-05	8.617744e-03	1.016100e+01
2.209000e-05	5.821235e-03	1.031879e+01
2.210000e-05	1.166395e-02	1.038311e+01
2.211000e-05	3.939064e-03	1.051948e+01
2.212000e-05	9.255983e-03	1.065622e+01
2.213000e-05	4.963115e-03	1.074158e+01
2.214000e-05	1.251146e-02	1.089682e+01
2.215000e-05	8.461433e-03	1.100201e+01
2.216000e-05	1.072973e-02	1.105424e+01
2.217000e-05	6.958779e-03	1.117045e+01
2.218000e-05	9.522034e-03	1.124679e+01
2.219000e-05	1.014429e-02	1.135198e+01
2.220000e-05	1.014010e-02	1.145567e+01
2.221000e-05	1.241890e-02	1.155093e+01
2.222000e-05	1.112185e-02	1.163424e+01
2.223000e-05	1.519029e-02	1.174785e+01
2.224000e-05	1.293688e-02	1.178153e+01
2.225000e-05	1.351378e-02	1.186564e+01
2.226000e-05	1.174584e-02	1.191782e+01
2.227000e-05	1.497467e-02	1.197000e+01
2.228000e-05	1.648886e-02	1.200366e+01
2.229000e-05	1.558099e-02	1.207571e+01
2.230000e-05	1.720289e-02	1.210726e+01
2.231000e-05	1.677832e-02	1.213847e+01
2.232000e-05	2.148568e-02	1.218940e+01
2.233000e-05	1.728080e-02	1.216103e+01
2.234000e-05	2.240926e-02	1.223208e+01
2.235000e-05	2.032247e-02	1.227371e+01
2.236000e-05	2.467190e-02	1.225624e+01
2.237000e-05	2.371760e-02	1.228767e+01
2.238000e-05	2.454740e-02	1.230725e+01
2.239000e-05	2.581137e-02	1.226679e+01
2.240000e-05	2.724851e-02	1.228632e+01
2.241000e-05	2.759485e-02	1.230622e+01
2.242000e-05	2.773376e-02	1.231619e+01
2.243000e-05	3.039343e-02	1.226516e+01
2.244000e-05	2.999046e-02	1.222358e+01
2.245000e-05	3.007012e-02	1.222248e+01
2.246000e-05	2.804227e-02	1.218000e+01
2.247000e-05	2.753182e-02	1.213832e+01
2.248000e-05	2.621628e-02	1.207829e+01
2.249000e-05	2.590033e-02	1.204521e+01
2.250000e-05	2.444599e-02	1.203258e+01
2.251000e-05	2.336712e-02	1.197147e+01
2.252000e-05	2.238127e-02	1.191675e+01
2.253000e-05	2.112966e-02	1.186366e+01
2.254000e-05	1.760015e-02	1.179105e+01
2.255000e-05	1.719087e-02	1.171927e+01
2.256000e-05	1.706000e-02	1.169361e+01
2.257000e-05	1.686455e-02	1.159035e+01
2.258000e-05	1.495489e-02	1.144566e+01
2.259000e-05	1.276940e-02	1.139090e+01
2.260000e-05	1.394360e-02	1.123574e+01
2.261000e-05	1.132965e-02	1.117895e+01
2.262000e-05	1.113947e-02	1.111619e+01
2.263000e-05	8.173927e-03	1.102098e+01
2.264000e-05	8.800017e-03	1.091529e+01
2.265000e-05	1.055245e-02	1.081153e+01
2.266000e-05	9.064988e-03	1.068575e+01
2.267000e-05	6.925864e-03	1.051993e+01
2.268000e-05	5.523016e-03	1.044258e+01
2.269000e-05	7.762891e-03	1.028732e+01
2.270000e-05	6.397436e-03	1.019948e+01
2.271000e-05	3.915170e-03	1.008414e+01
2.272000e-05	3.476736e-03	9.967874e+00
2.273000e-05	6.168831e-03	9.809450e+00
2.274000e-05	4.438850e-03	9.620058e+00
2.275000e-05	3.037110e-03	9.534765e+00
2.276000e-05	3.532644e-03	9.358323e+00
2.277000e-05	4.751588e-03	9.210502e+00
2.278000e-05	3.866650e-03	9.044162e+00
2.279000e-05	2.945462e-04	8.883212e+00
2.280000e-05	1.770840e-03	8.735890e+00
2.281000e-05	3.094207e-03	8.587324e+00
2.282000e-05	2.479140e-03	8.431002e+00
2.283000e-05	1.286456e-04	8.254188e+00
2.284000e-05	3.912811e-04	8.104159e+00
2.285000e-05	2.931939e-03	7.893690e+00
2.286000e-05	2.693688e-03	7.736291e+00
2.287000e-05	-1.602804e-03	7.586822e+00
2.288000e-05	-6.474630e-04	7.336220e+00
2.289000e-05	9.163323e-04	7.156742e+00
2.290000e-05	1.189641e-03	6.938317e+00
2.291000e-05	-2.140871e-03	6.819975e+00
2.292000e-05	-1.460163e-03	6.588770e+00
2.293000e-05	-4.297317e-05	6.368321e+00
2.294000e-05	3.702510e-04	6.178372e+00
2.295000e-05	-1.346130e-03	6.030476e+00
2.296000e-05	-2.925714e-03	5.827324e+00
2.297000e-05	-1.209924e-03	5.567747e+00
2.298000e-05	-1.551582e-03	5.377897e+00
2.299000e-05	-1.477790e-03	5.115639e+00
2.300000e-05	-2.861450e-03	4.822104e+00
2.301000e-05	-1.628288e-03	4.630532e+00
2.302000e-05	-1.946295e-03	4.431578e+00
2.303000e-05	-3.409320e-03	4.270980e+00
2.304000e-05	-3.163603e-03	4.028504e+00
2.305000e-05	-2.458254e-03	3.779351e+00
2.306000e-05	-3.161097e-03	3.599454e+00
2.307000e-05	-2.844503e-03	3.366846e+00
2.308000e-05	-1.374140e-03	3.166289e+00
2.309000e-05	-2.423492e-03	2.925266e+00
2.310000e-05	-4.987431e-03	2.776294e+00
2.311000e-05	-6.181380e-03	2.461613e+00
2.312000e-05	-3.989256e-03	2.272076e+00
2.313000e-05	-3.332369e-03	2.050504e+00
2.314000e-05	-4.537662e-03	1.840476e+00
2.315000e-05	-4.159155e-03	1.617975e+00
2.316000e-05	-2.625289e-03	1.325267e+00
2.317000e-05	-3.431221e-03	1.103618e+00
2.318000e-05	-6.040041e-03	7.989774e-01
2.319000e-05	-6.319151e-03	6.088508e-01
2.320000e-05	-5.635121e-03	4.295013e-01
2.321000e-05	-4.325313e-03	1.369907e-01
2.322000e-05	-5.142608e-03	-7.578434e-02
2.323000e-05	3.848325e-03	-2.837857e-01
2.324000e-05	9.628328e-05	-4.516345e-01
2.325000e-05	-2.580513e-04	-7.488911e-01
2.326000e-05	-6.225724e-03	-8.772636e-01
2.327000e-05	-2.856438e-03	-1.119839e+00
2.328000e-05	-3.052124e-03	-1.337920e+00
2.329000e-05	-3.272485e-04	-1.600051e+00
2.330000e-05	5.055070e-02	-1.758545e+00
2.331000e-05	6.232106e-02	-1.962124e+00
2.332000e-05	-6.927063e-02	-2.360676e+00
2.333000e-05	-3.345571e-02	-2.686209e+00
2.334000e-05	-6.134519e-02	-2.811107e+00
2.335000e-05	-7.709082e-02	-3.024152e+00
2.336000e-05	1.471554e-01	-3.117865e+00
2.337000e-05	-4.380696e-02	-3.328970e+00
2.338000e-05	-9.936491e-02	-3.611023e+00
2.339000e-05	2.001871e-01	-3.654760e+00
2.340000e-05	-1.377218e-01	-3.992706e+00
2.341000e-05	5.094832e-02	-4.224706e+00
2.342000e-05	-1.005791e-02	-4.361095e+00
2.343000e-05	-1.589124e-01	-4.626209e+00
2.344000e-05	1.682455e-01	-4.812656e+00
2.345000e-05	-6.106148e-02	-5.046185e+00
2.346000e-05	9.829971e-03	-5.309948e+00
2.347000e-05	3.370477e-02	-5.527418e+00
2.348000e-05	-1.084953e-01	-5.782053e+00
2.349000e-05	1.240340e-01	-5.949444e+00
2.350000e-05	-1.207216e-01	-6.129919e+00
2.351000e-05	-8.185498e-04	-6.363000e+00
2.352000e-05	5.554915e-02	-6.530068e+00
2.353000e-05	-4.684577e-02	-6.772978e+00
2.354000e-05	8.914644e-02	-6.940919e+00
2.355000e-05	-1.656476e-01	-7.163107e+00
2.356000e-05	9.922071e-02	-7.393049e+00
2.357000e-05	-2.728431e-02	-7.548520e+00
2.358000e-05	-3.468981e-02	-7.792523e+00
2.359000e-05	3.625451e-02	-7.951973e+00
2.360000e-05	-6.970012e-02	-8.160973e+00
2.361000e-05	9.565080e-02	-8.275789e+00
2.362000e-05	-1.012218e-01	-8.445188e+00
2.363000e-05	2.142479e-02	-8.665114e+00
2.364000e-05	-2.051827e-02	-8.781983e+00
2.365000e-05	2.936579e-03	-8.981504e+00
2.366000e-05	1.490947e-02	-9.125817e+00
2.367000e-05	-6.523404e-02	-9.256737e+00
2.368000e-05	4.946340e-02	-9.424700e+00
2.369000e-05	-4.825939e-02	-9.552030e+00
2.370000e-05	1.361662e-02	-9.748416e+00
2.371000e-05	-4.464403e-02	-9.845283e+00
2.372000e-05	7.690847e-03	-1.001202e+01
2.373000e-05	3.575313e-03	-1.014739e+01
2.374000e-05	-2.460727e-02	-1.027774e+01
2.375000e-05	-9.089915e-03	-1.039260e+01
2.376000e-05	-2.412852e-02	-1.052992e+01
2.377000e-05	1.189054e-02	-1.066313e+01
2.378000e-05	-3.188603e-02	-1.076150e+01
2.379000e-05	-9.587283e-03	-1.086363e+01
2.380000e-05	-2.027698e-02	-1.091944e+01
2.381000e-05	6.642311e-03	-1.107474e+01
2.382000e-05	-2.787195e-02	-1.113955e+01
2.383000e-05	-1.952914e-02	-1.122477e+01
2.384000e-05	-1.630555e-02	-1.133047e+01
2.385000e-05	-6.634010e-03	-1.151816e+01
2.386000e-05	-1.480751e-02	-1.156050e+01
2.387000e-05	-3.032726e-02	-1.159416e+01
2.388000e-05	-6.620857e-03	-1.170832e+01
2.389000e-05	-1.761410e-02	-1.181208e+01
2.390000e-05	-1.532367e-02	-1.186527e+01
2.391000e-05	-3.452013e-02	-1.198047e+01
2.392000e-05	-1.338975e-02	-1.202364e+01
2.393000e-05	-1.494250e-02	-1.209424e+01
2.394000e-05	-2.178642e-02	-1.210784e+01
2.395000e-05	-2.784588e-02	-1.212937e+01
2.396000e-05	-2.318239e-02	-1.216163e+01
2.397000e-05	-1.578657e-02	-1.223166e+01
2.398000e-05	-2.733110e-02	-1.225516e+01
2.399000e-05	-3.058261e-02	-1.228524e+01
2.400000e-05	-2.753805e-02	-1.230782e+01
2.401000e-05	-2.185571e-02	-1.233777e+01
2.402000e-05	-2.918963e-02	-1.235032e+01
2.403000e-05	-3.605221e-02	-1.235140e+01
2.404000e-05	-3.064396e-02	-1.236990e+01
2.405000e-05	-2.804611e-02	-1.237145e+01
2.406000e-05	-3.308641e-02	-1.238987e+01
2.407000e-05	-3.914266e-02	-1.235027e+01
2.408000e-05	-3.513546e-02	-1.232840e+01
2.409000e-05	-3.184622e-02	-1.231782e+01
2.410000e-05	-3.637142e-02	-1.226579e+01
2.411000e-05	-4.007473e-02	-1.227813e+01
2.412000e-05	-3.621398e-02	-1.224421e+01
2.413000e-05	-3.047297e-02	-1.221408e+01
2.414000e-05	-3.322917e-02	-1.215943e+01
2.415000e-05	-3.571617e-02	-1.214837e+01
2.416000e-05	-3.222731e-02	-1.210524e+01
2.417000e-05	-2.636869e-02	-1.208519e+01
2.418000e-05	-2.786686e-02	-1.204303e+01
2.419000e-05	-3.138974e-02	-1.192837e+01
2.420000e-05	-2.651805e-02	-1.189464e+01
2.421000e-05	-2.337929e-02	-1.175143e+01
2.422000e-05	-2.381179e-02	-1.168816e+01
2.423000e-05	-2.578940e-02	-1.161148e+01
2.424000e-05	-2.245090e-02	-1.152782e+01
2.425000e-05	-1.726882e-02	-1.142111e+01
2.426000e-05	-1.887940e-02	-1.135674e+01
2.427000e-05	-2.093283e-02	-1.121103e+01
2.428000e-05	-1.929983e-02	-1.110724e+01
2.429000e-05	-1.500059e-02	-1.099050e+01
2.430000e-05	-1.655131e-02	-1.089674e+01
2.431000e-05	-1.855586e-02	-1.082102e+01
2.432000e-05	-1.597196e-02	-1.073721e+01
2.433000e-05	-1.298538e-02	-1.061143e+01
2.434000e-05	-1.316371e-02	-1.052466e+01
2.435000e-05	-1.482697e-02	-1.037033e+01
2.436000e-05	-1.432494e-02	-1.023241e+01
2.437000e-05	-1.077689e-02	-1.008521e+01
2.438000e-05	-1.199560e-02	-9.957844e+00
2.439000e-05	-1.254418e-02	-9.842007e+00
2.440000e-05	-1.241845e-02	-9.705766e+00
2.441000e-05	-1.092291e-02	-9.598927e+00
2.442000e-05	-1.037849e-02	-9.381450e+00
2.443000e-05	-1.201856e-02	-9.273053e+00
2.444000e-05	-9.781335e-03	-9.106690e+00
2.445000e-05	-8.709221e-03	-8.896719e+00
2.446000e-05	-9.300076e-03	-8.790422e+00
2.447000e-05	-1.025074e-02	-8.610406e+00
2.448000e-05	-1.032532e-02	-8.421457e+00
2.449000e-05	-9.018117e-03	-8.304086e+00
2.450000e-05	-8.770218e-03	-8.125789e+00
2.451000e-05	-9.572981e-03	-7.939341e+00
2.452000e-05	-8.505594e-03	-7.757740e+00
2.453000e-05	-6.719560e-03	-7.525871e+00
2.454000e-05	-8.257199e-03	-7.357794e+00
2.455000e-05	-8.753521e-03	-7.176924e+00
2.456000e-05	-7.937943e-03	-6.927352e+00
2.457000e-05	-6.977535e-03	-6.779320e+00
2.458000e-05	-6.403555e-03	-6.610899e+00
2.459000e-05	-8.256815e-03	-6.422000e+00
2.460000e-05	-7.507254e-03	-6.220354e+00
2.461000e-05	-7.918184e-03	-5.990949e+00
2.462000e-05	-6.936185e-03	-5.787423e+00
2.463000e-05	-6.299685e-03	-5.601424e+00
2.464000e-05	-7.974315e-03	-5.399351e+00
2.465000e-05	-8.127772e-03	-5.126816e+00
2.466000e-05	-4.504010e-03	-4.913137e+00
2.467000e-05	-4.595325e-03	-4.650027e+00
2.468000e-05	-6.528809e-03	-4.482763e+00
2.469000e-05	-8.118685e-03	-4.284686e+00
2.470000e-05	-4.215216e-03	-4.102608e+00
2.471000e-05	-4.031785e-03	-3.913085e+00
2.472000e-05	-7.868593e-03	-3.640529e+00
2.473000e-05	-6.813032e-03	-3.440500e+00
2.474000e-05	-5.245847e-03	-3.220524e+00
2.475000e-05	-3.401705e-03	-2.984371e+00
2.476000e-05	-6.816763e-03	-2.765767e+00
2.477000e-05	-4.285096e-03	-2.544238e+00
2.478000e-05	-3.709900e-03	-2.347187e+00
2.479000e-05	-2.413567e-03	-2.031629e+00
2.480000e-05	-6.520612e-03	-1.852108e+00
2.481000e-05	-6.023299e-03	-1.651053e+00
2.482000e-05	-5.280841e-03	-1.397400e+00
2.483000e-05	-3.079406e-03	-1.125214e+00
2.484000e-05	-5.666445e-03	-8.747092e-01
2.485000e-05	-4.717530e-03	-7.120852e-01
2.486000e-05	-1.210676e-03	-4.299487e-01
2.487000e-05	-2.688023e-04	-2.500789e-01
2.488000e-05	-5.045028e-04	3.315269e-02
2.489000e-05	4.550537e-03	2.347341e-01
2.490000e-05	-1.102103e-03	4.316568e-01
2.491000e-05	3.641658e-03	6.537119e-01
2.492000e-05	-3.450555e-03	8.012552e-01
2.493000e-05	-1.972389e-04	1.086410e+00
2.494000e-05	2.040774e-03	1.337842e+00
2.495000e-05	4.557955e-03	1.517996e+00
2.496000e-05	2.511684e-02	1.790130e+00
2.497000e-05	7.388092e-02	1.992077e+00
2.498000e-05	-9.671012e-03	2.224183e+00
2.499000e-05	-4.936132e-02	2.494846e+00
2.500000e-05	-4.253010e-02	2.769599e+00
2.501000e-05	-2.496048e-02	2.937971e+00
2.502000e-05	-5.591723e-02	3.073787e+00
2.503000e-05	9.195685e-02	3.224763e+00
2.504000e-05	-9.833557e-03	3.517444e+00
2.505000e-05	-6.058726e-02	3.703791e+00
2.506000e-05	1.647860e-01	3.855340e+00
2.507000e-05	-7.835914e-02	4.178946e+00
2.508000e-05	6.700550e-03	4.360022e+00
2.509000e-05	-3.289220e-03	4.581575e+00
2.510000e-05	-5.986466e-02	4.730048e+00
2.511000e-05	8.194954e-02	5.042213e+00
2.512000e-05	-1.826315e-02	5.277914e+00
2.513000e-05	2.709362e-03	5.507865e+00
2.514000e-05	1.756395e-02	5.726942e+00
2.515000e-05	-2.819839e-02	5.949928e+00
2.516000e-05	2.326780e-02	6.097870e+00
2.517000e-05	-2.575263e-02	6.319891e+00
2.518000e-05	1.852141e-02	6.486918e+00
2.519000e-05	2.138492e-03	6.730449e+00
2.520000e-05	1.757624e-02	6.928419e+00
2.521000e-05	2.560084e-02	7.108389e+00
2.522000e-05	-5.478511e-02	7.268221e+00
2.523000e-05	3.525430e-02	7.498341e+00
2.524000e-05	-4.623414e-03	7.687894e+00
2.525000e-05	7.992089e-03	7.926789e+00
2.526000e-05	1.002775e-02	8.099419e+00
2.527000e-05	7.799481e-04	8.255862e+00
2.528000e-05	1.959251e-02	8.443207e+00
2.529000e-05	-1.456621e-02	8.569048e+00
2.530000e-05	1.021889e-02	8.707394e+00
2.531000e-05	-5.864523e-03	8.875689e+00
2.532000e-05	1.591701e-02	9.035712e+00
2.533000e-05	1.063420e-02	9.234135e+00
2.534000e-05	-2.828658e-03	9.359949e+00
2.535000e-05	1.397008e-02	9.517865e+00
2.536000e-05	-1.974311e-03	9.623809e+00
2.537000e-05	1.080359e-02	9.772026e+00
2.538000e-05	-6.024623e-04	9.951023e+00
2.539000e-05	1.216689e-02	1.009689e+01
2.540000e-05	9.419067e-03	1.017060e+01
2.541000e-05	6.677823e-03	1.032037e+01
2.542000e-05	8.245375e-03	1.045324e+01
2.543000e-05	3.848484e-03	1.054047e+01
2.544000e-05	9.548243e-03	1.069629e+01
2.545000e-05	5.145689e-03	1.082215e+01
2.546000e-05	1.093141e-02	1.088782e+01
2.547000e-05	8.206922e-03	1.101265e+01
2.548000e-05	1.230856e-02	1.106677e+01
2.549000e-05	8.123807e-03	1.120151e+01
2.550000e-05	8.969882e-03	1.130637e+01
2.551000e-05	9.920560e-03	1.142110e+01
2.552000e-05	1.158833e-02	1.149717e+01
2.553000e-05	1.271267e-02	1.159055e+01
2.554000e-05	1.069800e-02	1.168679e+01
2.555000e-05	1.397263e-02	1.170992e+01
2.556000e-05	1.319926e-02	1.177215e+01
2.557000e-05	1.395091e-02	1.188624e+01
2.558000e-05	1.230367e-02	1.193837e+01
2.559000e-05	1.484024e-02	1.199145e+01
2.560000e-05	1.729937e-02	1.200355e+01
2.561000e-05	1.755101e-02	1.205469e+01
2.562000e-05	1.631992e-02	1.210534e+01
2.563000e-05	1.638271e-02	1.215047e+01
2.564000e-05	2.046628e-02	1.216253e+01
2.565000e-05	2.026473e-02	1.224203e+01
2.566000e-05	2.071663e-02	1.221513e+01
2.567000e-05	2.125918e-02	1.221314e+01
2.568000e-05	2.452094e-02	1.223279e+01
2.569000e-05	2.630742e-02	1.227572e+01
2.570000e-05	2.409931e-02	1.227824e+01
2.571000e-05	2.458772e-02	1.225627e+01
2.572000e-05	2.683805e-02	1.226529e+01
2.573000e-05	2.928312e-02	1.226474e+01
2.574000e-05	2.863423e-02	1.227619e+01
2.575000e-05	2.803958e-02	1.226414e+01
2.576000e-05	3.097201e-02	1.223258e+01
2.577000e-05	2.951134e-02	1.217106e+01
2.578000e-05	2.817270e-02	1.216940e+01
2.579000e-05	2.624198e-02	1.212837e+01
2.580000e-05	2.613682e-02	1.210582e+01
2.581000e-05	2.546949e-02	1.204421e+01
2.582000e-05	2.468204e-02	1.197058e+01
2.583000e-05	2.249113e-02	1.196945e+01
2.584000e-05	2.237894e-02	1.189582e+01
2.585000e-05	2.060704e-02	1.189363e+01
2.586000e-05	1.873845e-02	1.177045e+01
2.587000e-05	1.755013e-02	1.173684e+01
2.588000e-05	1.719480e-02	1.162318e+01
2.589000e-05	1.787059e-02	1.155982e+01
2.590000e-05	1.475769e-02	1.148214e+01
2.591000e-05	1.290222e-02	1.136735e+01
2.592000e-05	1.254694e-02	1.126413e+01
2.593000e-05	1.127917e-02	1.114984e+01
2.594000e-05	1.134749e-02	1.110514e+01
2.595000e-05	8.535187e-03	1.098995e+01
2.596000e-05	9.265362e-03	1.089521e+01
2.597000e-05	8.500943e-03	1.081848e+01
2.598000e-05	8.937344e-03	1.067366e+01
2.599000e-05	6.479048e-03	1.054884e+01
2.600000e-05	6.719639e-03	1.039098e+01
2.601000e-05	5.743302e-03	1.031476e+01
2.602000e-05	5.668869e-03	1.015887e+01
2.603000e-05	3.820528e-03	1.004203e+01
2.604000e-05	4.140125e-03	9.886344e+00
2.605000e-05	4.591958e-03	9.708298e+00
2.606000e-05	5.465840e-03	9.620053e+00
2.607000e-05	3.716258e-03	9.462136e+00
2.608000e-05	3.488301e-03	9.285317e+00
2.609000e-05	3.374708e-03	9.230954e+00
2.610000e-05	3.015064e-03	8.992083e+00
2.611000e-05	1.833738e-03	8.831555e+00
2.612000e-05	7.814489e-04	8.683662e+00
2.613000e-05	1.922479e-03	8.558245e+00
2.614000e-05	1.266934e-03	8.419003e+00
2.615000e-05	3.874516e-04	8.252531e+00
2.616000e-05	9.700068e-04	8.033977e+00
2.617000e-05	2.501879e-03	7.873133e+00
2.618000e-05	1.372386e-03	7.724717e+00
2.619000e-05	-1.045399e-05	7.493161e+00
2.620000e-05	-7.805539e-04	7.282537e+00
2.621000e-05	3.986372e-04	7.093662e+00
2.622000e-05	-9.438489e-04	6.875263e+00
2.623000e-05	-9.191893e-04	6.707718e+00
2.624000e-05	-1.116676e-03	6.495745e+00
2.625000e-05	-5.761874e-04	6.314741e+00
2.626000e-05	-1.380465e-03	6.147294e+00
2.627000e-05	-5.118061e-04	5.957871e+00
2.628000e-05	-8.415288e-04	5.745691e+00
2.629000e-05	-3.716514e-05	5.546266e+00
2.630000e-05	-2.807193e-03	5.324766e+00
2.631000e-05	-2.538715e-03	5.082631e+00
2.632000e-05	-2.074136e-03	4.800946e+00
2.633000e-05	-2.259055e-03	4.627372e+00
2.634000e-05	-3.680064e-03	4.420003e+00
2.635000e-05	-2.674144e-03	4.236980e+00
2.636000e-05	-1.716353e-03	3.954769e+00
2.637000e-05	-1.770234e-03	3.725792e+00
2.638000e-05	-3.074542e-03	3.558770e+00
2.639000e-05	-3.846966e-03	3.303137e+00
2.640000e-05	-2.908637e-03	3.063638e+00
2.641000e-05	-3.529099e-03	2.885110e+00
2.642000e-05	-5.032804e-03	2.685058e+00
2.643000e-05	-4.220655e-03	2.410978e+00
2.644000e-05	-4.105702e-03	2.189421e+00
2.645000e-05	-5.340839e-03	2.019422e+00
2.646000e-05	-4.196923e-03	1.778320e+00
2.647000e-05	-3.475006e-03	1.535739e+00
2.648000e-05	-3.893827e-03	1.282186e+00
2.649000e-05	-5.199031e-03	1.018431e+00
2.650000e-05	-4.422293e-03	7.883470e-01
2.651000e-05	-3.672476e-03	5.578158e-01
2.652000e-05	-5.365474e-03	3.367970e-01
2.653000e-05	-7.063401e-03	1.116139e-01
2.654000e-05	-3.065914e-03	-1.393873e-01
2.655000e-05	5.960580e-03	-3.183436e-01
2.656000e-05	-4.557539e-03	-4.963090e-01
2.657000e-05	-8.565534e-04	-7.794701e-01
2.658000e-05	-5.813695e-03	-9.804703e-01
2.659000e-05	3.812053e-04	-1.180524e+00
2.660000e-05	-5.062124e-03	-1.434124e+00
2.661000e-05	3.522470e-03	-1.632682e+00
2.662000e-05	7.603231e-02	-1.800678e+00
2.663000e-05	2.250140e-02	-2.043890e+00
2.664000e-05	-6.412914e-02	-2.404735e+00
2.665000e-05	-4.299286e-02	-2.706837e+00
2.666000e-05	-6.503772e-02	-2.831708e+00
2.667000e-05	-4.837775e-02	-3.054181e+00
2.668000e-05	1.649310e-01	-3.158049e+00
2.669000e-05	-1.338051e-01	-3.392078e+00
2.670000e-05	1.765814e-02	-3.631079e+00
2.671000e-05	1.450920e-01	-3.700449e+00
2.672000e-05	-1.570278e-01	-4.066865e+00
2.673000e-05	1.049663e-01	-4.293759e+00
2.674000e-05	-9.971608e-02	-4.434682e+00
2.675000e-05	-7.748494e-02	-4.748818e+00
2.676000e-05	1.580963e-01	-4.853207e+00
2.677000e-05	-1.053728e-01	-5.128948e+00
2.678000e-05	6.999505e-02	-5.391003e+00
2.679000e-05	-2.791139e-02	-5.572554e+00
2.680000e-05	-6.014363e-02	-5.854178e+00
2.681000e-05	1.087132e-01	-5.971523e+00
2.682000e-05	-1.594974e-01	-6.232628e+00
2.683000e-05	7.699627e-02	-6.444131e+00
2.684000e-05	-1.200574e-02	-6.583002e+00
2.685000e-05	1.144163e-02	-6.784106e+00
2.686000e-05	3.197027e-02	-7.041525e+00
2.687000e-05	-1.433350e-01	-7.204732e+00
2.688000e-05	1.298963e-01	-7.403076e+00
2.689000e-05	-9.055110e-02	-7.572081e+00
2.690000e-05	2.696011e-02	-7.822607e+00
2.691000e-05	-1.287663e-02	-7.962581e+00
2.692000e-05	-1.891792e-02	-8.213052e+00
2.693000e-05	6.304941e-02	-8.298897e+00
2.694000e-05	-1.078412e-01	-8.468892e+00
2.695000e-05	4.762007e-02	-8.676788e+00
2.696000e-05	-5.026272e-02	-8.856314e+00
2.697000e-05	3.724688e-02	-9.002581e+00
2.698000e-05	-2.605723e-02	-9.158919e+00
2.699000e-05	-2.610459e-02	-9.296342e+00
2.700000e-05	3.161650e-02	-9.475161e+00
2.701000e-05	-4.692829e-02	-9.623655e+00
2.702000e-05	1.203364e-02	-9.728847e+00
2.703000e-05	-4.911628e-02	-9.897364e+00
2.704000e-05	2.453859e-02	-9.992004e+00
2.705000e-05	-1.811651e-02	-1.015892e+01
2.706000e-05	-1.200245e-02	-1.032734e+01
2.707000e-05	-1.926293e-02	-1.040358e+01
2.708000e-05	-1.104955e-02	-1.059097e+01
2.709000e-05	4.002536e-04	-1.065421e+01
2.710000e-05	-2.880229e-02	-1.073145e+01
2.711000e-05	-9.604202e-03	-1.087474e+01
2.712000e-05	-1.622960e-02	-1.095105e+01
2.713000e-05	2.031291e-03	-1.111671e+01
2.714000e-05	-3.252040e-02	-1.114050e+01
2.715000e-05	-1.339504e-02	-1.130823e+01
2.716000e-05	-1.927123e-02	-1.136250e+01
2.717000e-05	-3.861668e-03	-1.148669e+01
2.718000e-05	-2.241151e-02	-1.157185e+01
2.719000e-05	-2.192487e-02	-1.165419e+01
2.720000e-05	-8.598849e-03	-1.173942e+01
2.721000e-05	-1.749101e-02	-1.186463e+01
2.722000e-05	-1.980257e-02	-1.190929e+01
2.723000e-05	-3.239276e-02	-1.199005e+01
2.724000e-05	-1.146726e-02	-1.205411e+01
2.725000e-05	-1.932980e-02	-1.210724e+01
2.726000e-05	-2.144600e-02	-1.212887e+01
2.727000e-05	-2.937155e-02	-1.214948e+01
2.728000e-05	-1.925693e-02	-1.222113e+01
2.729000e-05	-1.727967e-02	-1.223368e+01
2.730000e-05	-2.893092e-02	-1.228624e+01
2.731000e-05	-3.030621e-02	-1.233571e+01
2.732000e-05	-2.549196e-02	-1.230777e+01
2.733000e-05	-2.235541e-02	-1.236140e+01
2.734000e-05	-3.116194e-02	-1.235732e+01
2.735000e-05	-3.688182e-02	-1.237143e+01
2.736000e-05	-3.024949e-02	-1.240990e+01
2.737000e-05	-2.851302e-02	-1.239938e+01
2.738000e-05	-3.481246e-02	-1.238137e+01
2.739000e-05	-3.898305e-02	-1.237979e+01
2.740000e-05	-3.313538e-02	-1.234895e+01
2.741000e-05	-3.063681e-02	-1.232932e+01
2.742000e-05	-3.810050e-02	-1.232772e+01
2.743000e-05	-3.976668e-02	-1.227466e+01
2.744000e-05	-3.586509e-02	-1.225466e+01
2.745000e-05	-2.951812e-02	-1.222251e+01
2.746000e-05	-3.593222e-02	-1.215897e+01
2.747000e-05	-3.579520e-02	-1.214732e+01
2.748000e-05	-2.927977e-02	-1.209621e+01
2.749000e-05	-2.586369e-02	-1.207571e+01
2.750000e-05	-2.848703e-02	-1.196245e+01
2.751000e-05	-3.077241e-02	-1.194819e+01
2.752000e-05	-2.517775e-02	-1.181459e+01
2.753000e-05	-2.200860e-02	-1.174835e+01
2.754000e-05	-2.430206e-02	-1.168811e+01
2.755000e-05	-2.588188e-02	-1.161045e+01
2.756000e-05	-2.195334e-02	-1.154616e+01
2.757000e-05	-1.707127e-02	-1.142158e+01
2.758000e-05	-2.020282e-02	-1.131669e+01
2.759000e-05	-1.990993e-02	-1.119243e+01
2.760000e-05	-2.050168e-02	-1.107568e+01
2.761000e-05	-1.265520e-02	-1.097037e+01
2.762000e-05	-1.654102e-02	-1.088517e+01
2.763000e-05	-1.710263e-02	-1.078048e+01
2.764000e-05	-1.730227e-02	-1.069674e+01
2.765000e-05	-1.099201e-02	-1.057950e+01
2.766000e-05	-1.365662e-02	-1.049565e+01
2.767000e-05	-1.534057e-02	-1.033779e+01
2.768000e-05	-1.736688e-02	-1.016192e+01
2.769000e-05	-9.127939e-03	-1.004351e+01
2.770000e-05	-1.221652e-02	-9.916317e+00
2.771000e-05	-1.015929e-02	-9.801401e+00
2.772000e-05	-1.263611e-02	-9.684585e+00
2.773000e-05	-8.733536e-03	-9.527271e+00
2.774000e-05	-1.122164e-02	-9.368845e+00
2.775000e-05	-1.327302e-02	-9.231024e+00
2.776000e-05	-1.281841e-02	-9.044037e+00
2.777000e-05	-1.113809e-02	-8.935788e+00
2.778000e-05	-7.896518e-03	-8.768821e+00
2.779000e-05	-9.989876e-03	-8.539273e+00
2.780000e-05	-8.358592e-03	-8.431502e+00
2.781000e-05	-7.867072e-03	-8.262061e+00
2.782000e-05	-7.245795e-03	-8.085659e+00
2.783000e-05	-1.016944e-02	-7.903217e+00
2.784000e-05	-1.002703e-02	-7.695158e+00
2.785000e-05	-9.462445e-03	-7.474637e+00
2.786000e-05	-7.390358e-03	-7.325141e+00
2.787000e-05	-8.713235e-03	-7.145719e+00
2.788000e-05	-8.666888e-03	-6.946216e+00
2.789000e-05	-6.373864e-03	-6.707289e+00
2.790000e-05	-5.465979e-03	-6.556845e+00
2.791000e-05	-7.185100e-03	-6.379394e+00
2.792000e-05	-8.126551e-03	-6.156320e+00
2.793000e-05	-7.259242e-03	-5.946217e+00
2.794000e-05	-6.424265e-03	-5.757692e+00
2.795000e-05	-9.255423e-03	-5.607296e+00
2.796000e-05	-7.206163e-03	-5.357263e+00
2.797000e-05	-7.915363e-03	-5.074684e+00
2.798000e-05	-3.780307e-03	-4.832454e+00
2.799000e-05	-6.768306e-03	-4.580324e+00
2.800000e-05	-4.844753e-03	-4.441030e+00
2.801000e-05	-6.330021e-03	-4.210528e+00
2.802000e-05	-3.342260e-03	-4.090528e+00
2.803000e-05	-6.954448e-03	-3.859477e+00
2.804000e-05	-6.253063e-03	-3.589323e+00
2.805000e-05	-6.533897e-03	-3.397342e+00
2.806000e-05	-6.230756e-03	-3.178792e+00
2.807000e-05	-6.783408e-03	-2.904164e+00
2.808000e-05	-4.366433e-03	-2.663658e+00
2.809000e-05	-6.494266e-03	-2.491137e+00
2.810000e-05	-2.122941e-03	-2.291008e+00
2.811000e-05	-5.911313e-03	-1.998973e+00
2.812000e-05	1.306339e-03	-1.809399e+00
2.813000e-05	-6.474582e-03	-1.599372e+00
2.814000e-05	-1.041318e-03	-1.313743e+00
2.815000e-05	-9.666951e-03	-1.072155e+00
2.816000e-05	-4.254865e-03	-8.700789e-01
2.817000e-05	-9.509884e-03	-6.289059e-01
2.818000e-05	-3.440236e-03	-3.787957e-01
2.819000e-05	-2.714152e-03	-1.667196e-01
2.820000e-05	7.086667e-03	-8.346984e-03
2.821000e-05	1.020026e-02	2.558660e-01
2.822000e-05	3.490945e-04	4.859122e-01
2.823000e-05	2.007466e-03	6.662899e-01
2.824000e-05	-7.336423e-03	8.642858e-01
2.825000e-05	-2.038992e-03	1.148970e+00
2.826000e-05	-3.095008e-03	1.370949e+00
2.827000e-05	5.995758e-03	1.583604e+00
2.828000e-05	3.680663e-02	1.833702e+00
2.829000e-05	8.156021e-02	2.014214e+00
2.830000e-05	-3.856090e-02	2.279367e+00
2.831000e-05	-4.062165e-02	2.581061e+00
2.832000e-05	-4.321439e-02	2.801680e+00
2.833000e-05	-3.238152e-02	2.979075e+00
2.834000e-05	-4.143110e-02	3.146515e+00
2.835000e-05	1.127147e-01	3.297863e+00
2.836000e-05	-7.930088e-02	3.610577e+00
2.837000e-05	2.498768e-02	3.697348e+00
2.838000e-05	1.206689e-01	3.998421e+00
2.839000e-05	-9.224529e-02	4.169508e+00
2.840000e-05	4.188667e-02	4.401053e+00
2.841000e-05	-4.928379e-02	4.614086e+00
2.842000e-05	-1.281009e-02	4.843313e+00
2.843000e-05	6.235899e-02	5.087394e+00
2.844000e-05	-2.686770e-02	5.350953e+00
2.845000e-05	1.936505e-02	5.559496e+00
2.846000e-05	7.106991e-03	5.760552e+00
2.847000e-05	-2.468884e-02	5.981529e+00
2.848000e-05	2.200759e-02	6.151022e+00
2.849000e-05	-2.564931e-02	6.359976e+00
2.850000e-05	2.837591e-02	6.550976e+00
2.851000e-05	-1.259271e-02	6.821031e+00
2.852000e-05	3.785351e-02	6.961528e+00
2.853000e-05	4.696967e-04	7.139474e+00
2.854000e-05	-3.909866e-02	7.318417e+00
2.855000e-05	3.970742e-02	7.551474e+00
2.856000e-05	-2.112420e-02	7.723547e+00
2.857000e-05	2.322143e-02	7.958949e+00
2.858000e-05	-5.070668e-03	8.190027e+00
2.859000e-05	1.390105e-02	8.336844e+00
2.860000e-05	5.680052e-03	8.436287e+00
2.861000e-05	-4.991221e-03	8.583558e+00
2.862000e-05	9.637883e-03	8.779401e+00
2.863000e-05	-5.624336e-03	8.938468e+00
2.864000e-05	2.003819e-02	9.097843e+00
2.865000e-05	2.909203e-03	9.263762e+00
2.866000e-05	5.197506e-03	9.401106e+00
2.867000e-05	7.037677e-03	9.538871e+00
2.868000e-05	1.097232e-04	9.695814e+00
2.869000e-05	7.950516e-03	9.834128e+00
2.870000e-05	4.603664e-03	9.992503e+00
2.871000e-05	1.356720e-02	1.011036e+01
2.872000e-05	6.858852e-03	1.021476e+01
2.873000e-05	7.137921e-03	1.038052e+01
2.874000e-05	8.034264e-03	1.043571e+01
2.875000e-05	4.836460e-03	1.060211e+01
2.876000e-05	8.279524e-03	1.071787e+01
2.877000e-05	4.230360e-03	1.085469e+01
2.878000e-05	1.314661e-02	1.093939e+01
2.879000e-05	9.478282e-03	1.102353e+01
2.880000e-05	1.178490e-02	1.110882e+01
2.881000e-05	8.447638e-03	1.121414e+01
2.882000e-05	1.246564e-02	1.131787e+01
2.883000e-05	1.050933e-02	1.136411e+01
2.884000e-05	1.060321e-02	1.152680e+01
2.885000e-05	9.423061e-03	1.163311e+01
2.886000e-05	1.123013e-02	1.166582e+01
2.887000e-05	1.422013e-02	1.175948e+01
2.888000e-05	1.398915e-02	1.182506e+01
2.889000e-05	1.305604e-02	1.187472e+01
2.890000e-05	1.534661e-02	1.196987e+01
2.891000e-05	1.838093e-02	1.200050e+01
2.892000e-05	1.553825e-02	1.204413e+01
2.893000e-05	1.527275e-02	1.205526e+01
2.894000e-05	1.476180e-02	1.211889e+01
2.895000e-05	1.950384e-02	1.213992e+01
2.896000e-05	1.821441e-02	1.217060e+01
2.897000e-05	1.970229e-02	1.221211e+01
2.898000e-05	2.210418e-02	1.222263e+01
2.899000e-05	2.502565e-02	1.225374e+01
2.900000e-05	2.429009e-02	1.229719e+01
2.901000e-05	2.398704e-02	1.230577e+01
2.902000e-05	2.426798e-02	1.226730e+01
2.903000e-05	2.523003e-02	1.229477e+01
2.904000e-05	2.654948e-02	1.225627e+01
2.905000e-05	2.757601e-02	1.227674e+01
2.906000e-05	2.945037e-02	1.225619e+01
2.907000e-05	2.997681e-02	1.223518e+01
2.908000e-05	3.063479e-02	1.223361e+01
2.909000e-05	2.898050e-02	1.219248e+01
2.910000e-05	2.860181e-02	1.214955e+01
2.911000e-05	2.573252e-02	1.213679e+01
2.912000e-05	2.656259e-02	1.209674e+01
2.913000e-05	2.467850e-02	1.201103e+01
2.914000e-05	2.397957e-02	1.201053e+01
2.915000e-05	2.212664e-02	1.198835e+01
2.916000e-05	2.075218e-02	1.187474e+01
2.917000e-05	2.100722e-02	1.184303e+01
2.918000e-05	1.803859e-02	1.177945e+01
2.919000e-05	1.784348e-02	1.171781e+01
2.920000e-05	1.488977e-02	1.163193e+01
2.921000e-05	1.643752e-02	1.150784e+01
2.922000e-05	1.541287e-02	1.141310e+01
2.923000e-05	1.284281e-02	1.134582e+01
2.924000e-05	1.231297e-02	1.124211e+01
2.925000e-05	9.459477e-03	1.114837e+01
2.926000e-05	1.170121e-02	1.103411e+01
2.927000e-05	8.200963e-03	1.092885e+01
2.928000e-05	9.048705e-03	1.087464e+01
2.929000e-05	7.188788e-03	1.078830e+01
2.930000e-05	9.743352e-03	1.065401e+01
2.931000e-05	6.224097e-03	1.048472e+01
2.932000e-05	8.088182e-03	1.040947e+01
2.933000e-05	5.467262e-03	1.028304e+01
2.934000e-05	7.167607e-03	1.013595e+01
2.935000e-05	3.249616e-03	1.003100e+01
2.936000e-05	4.327868e-03	9.863588e+00
2.937000e-05	2.460210e-03	9.683610e+00
2.938000e-05	5.210493e-03	9.587399e+00
2.939000e-05	3.710772e-03	9.420582e+00
2.940000e-05	2.677147e-03	9.295266e+00
2.941000e-05	3.880488e-03	9.208394e+00
2.942000e-05	3.462269e-03	9.001853e+00
2.943000e-05	2.678268e-03	8.811503e+00
2.944000e-05	1.357528e-03	8.683135e+00
2.945000e-05	1.607353e-03	8.515666e+00
2.946000e-05	1.510549e-03	8.377422e+00
2.947000e-05	8.190533e-04	8.169424e+00
2.948000e-05	-2.569339e-04	7.990027e+00
2.949000e-05	1.172644e-03	7.850978e+00
2.950000e-05	1.043033e-03	7.651579e+00
2.951000e-05	1.835307e-03	7.471478e+00
2.952000e-05	-7.023888e-04	7.240106e+00
2.953000e-05	4.558268e-04	7.071579e+00
2.954000e-05	1.168100e-03	6.863611e+00
2.955000e-05	-1.293099e-04	6.713658e+00
2.956000e-05	-2.285492e-03	6.472632e+00
2.957000e-05	-2.842228e-03	6.283586e+00
2.958000e-05	-6.077443e-04	6.073665e+00
2.959000e-05	-1.720495e-04	5.935267e+00
2.960000e-05	-8.994468e-04	5.660602e+00
2.961000e-05	-2.216258e-03	5.503684e+00
2.962000e-05	-7.089929e-05	5.291533e+00
2.963000e-05	-3.395867e-04	5.008474e+00
2.964000e-05	-2.621074e-03	4.746845e+00
2.965000e-05	-4.780360e-03	4.537892e+00
2.966000e-05	-1.848806e-03	4.357921e+00
2.967000e-05	-2.402663e-03	4.092791e+00
2.968000e-05	-3.670549e-03	3.924164e+00
2.969000e-05	-4.486104e-03	3.683663e+00
2.970000e-05	-2.332061e-03	3.507687e+00
2.971000e-05	-2.318749e-03	3.250104e+00
2.972000e-05	-3.814608e-03	3.051504e+00
2.973000e-05	-4.428034e-03	2.843028e+00
2.974000e-05	-2.424043e-03	2.629025e+00
2.975000e-05	-2.979199e-03	2.325842e+00
2.976000e-05	-5.794132e-03	2.146291e+00
2.977000e-05	-5.074379e-03	1.957842e+00
2.978000e-05	-4.285095e-03	1.724237e+00
2.979000e-05	-4.027531e-03	1.481111e+00
2.980000e-05	-5.494439e-03	1.231056e+00
2.981000e-05	-4.507802e-03	9.463656e-01
2.982000e-05	-4.400301e-03	7.467642e-01
2.983000e-05	-3.840934e-03	4.837853e-01
2.984000e-05	-4.348015e-03	3.430615e-01
2.985000e-05	-4.358933e-03	3.050613e-02
2.986000e-05	-2.096911e-03	-1.210937e-01
2.987000e-05	3.094596e-03	-3.404714e-01
2.988000e-05	-5.404572e-03	-5.430231e-01
2.989000e-05	-2.569503e-04	-8.110990e-01
2.990000e-05	-5.927269e-03	-1.001624e+00
2.991000e-05	-1.725207e-03	-1.222223e+00
2.992000e-05	-2.558387e-03	-1.456207e+00
2.993000e-05	1.421609e-02	-1.673811e+00
2.994000e-05	9.202774e-02	-1.843235e+00
2.995000e-05	-2.433580e-02	-2.150929e+00
2.996000e-05	-4.879385e-02	-2.506944e+00
2.997000e-05	-5.004773e-02	-2.740391e+00
2.998000e-05	-7.341101e-02	-2.909437e+00
2.999000e-05	5.823967e-03	-3.066666e+00
3.000000e-05	1.391120e-01	-3.182127e+00
3.001000e-05	-1.886055e-01	-3.465735e+00
3.002000e-05	1.286028e-01	-3.632577e+00
3.003000e-05	5.298803e-02	-3.803679e+00
3.004000e-05	-1.201737e-01	-4.152045e+00
3.005000e-05	1.164807e-01	-4.316341e+00
3.006000e-05	-1.694379e-01	-4.496422e+00
3.007000e-05	2.112562e-02	-4.771848e+00
3.008000e-05	1.044197e-01	-4.876969e+00
3.009000e-05	-1.076192e-01	-5.194152e+00
3.010000e-05	1.009595e-01	-5.424187e+00
3.011000e-05	-8.447566e-02	-5.635211e+00
3.012000e-05	1.349098e-02	-5.916314e+00
3.013000e-05	5.234419e-02	-6.022507e+00
3.014000e-05	-1.534823e-01	-6.273844e+00
3.015000e-05	1.178657e-01	-6.434212e+00
3.016000e-05	-6.854472e-02	-6.644765e+00
3.017000e-05	7.240660e-02	-6.866736e+00
3.018000e-05	-4.889067e-02	-7.053209e+00
3.019000e-05	-7.664718e-02	-7.267816e+00
3.020000e-05	1.191691e-01	-7.433136e+00
3.021000e-05	-1.167605e-01	-7.644660e+00
3.022000e-05	6.765281e-02	-7.885186e+00
3.023000e-05	-6.344387e-02	-8.045236e+00
3.024000e-05	4.018014e-02	-8.263156e+00
3.025000e-05	6.746092e-03	-8.370023e+00
3.026000e-05	-8.227594e-02	-8.559950e+00
3.027000e-05	4.724415e-02	-8.729867e+00
3.028000e-05	-5.741205e-02	-8.916868e+00
3.029000e-05	5.756429e-02	-9.043683e+00
3.030000e-05	-6.303059e-02	-9.152528e+00
3.031000e-05	1.360465e-02	-9.349374e+00
3.032000e-05	8.212620e-04	-9.488366e+00
3.033000e-05	-3.038063e-02	-9.645214e+00
3.034000e-05	-1.335948e-03	-9.771424e+00
3.035000e-05	-4.074167e-02	-9.907865e+00
3.036000e-05	3.232098e-02	-1.003308e+01
3.037000e-05	-3.081836e-02	-1.022056e+01
3.038000e-05	-3.448335e-03	-1.032042e+01
3.039000e-05	-2.935429e-02	-1.043469e+01
3.040000e-05	3.371774e-03	-1.059200e+01
3.041000e-05	-1.505384e-02	-1.067526e+01
3.042000e-05	-2.193111e-02	-1.079056e+01
3.043000e-05	-1.404627e-02	-1.088624e+01
3.044000e-05	-5.738817e-03	-1.098203e+01
3.045000e-05	-3.772206e-03	-1.110635e+01
3.046000e-05	-3.254601e-02	-1.120255e+01
3.047000e-05	-1.103861e-02	-1.132727e+01
3.048000e-05	-1.891922e-02	-1.142463e+01
3.049000e-05	-2.752211e-03	-1.152829e+01
3.050000e-05	-3.213381e-02	-1.158351e+01
3.051000e-05	-1.385916e-02	-1.168824e+01
3.052000e-05	-1.273015e-02	-1.174145e+01
3.053000e-05	-1.315068e-02	-1.183671e+01
3.054000e-05	-2.577738e-02	-1.194982e+01
3.055000e-05	-2.646928e-02	-1.200998e+01
3.056000e-05	-9.308307e-03	-1.207556e+01
3.057000e-05	-2.174174e-02	-1.205577e+01
3.058000e-05	-2.537732e-02	-1.213935e+01
3.059000e-05	-2.959279e-02	-1.218095e+01
3.060000e-05	-1.486192e-02	-1.223309e+01
3.061000e-05	-2.147364e-02	-1.225413e+01
3.062000e-05	-2.958719e-02	-1.228619e+01
3.063000e-05	-2.939428e-02	-1.232682e+01
3.064000e-05	-2.189520e-02	-1.230937e+01
3.065000e-05	-2.418659e-02	-1.235939e+01
3.066000e-05	-3.536398e-02	-1.238090e+01
3.067000e-05	-3.592591e-02	-1.236137e+01
3.068000e-05	-2.924252e-02	-1.238095e+01
3.069000e-05	-2.937359e-02	-1.236045e+01
3.070000e-05	-3.820574e-02	-1.237140e+01
3.071000e-05	-3.827571e-02	-1.238935e+01
3.072000e-05	-3.149944e-02	-1.231940e+01
3.073000e-05	-3.106943e-02	-1.234989e+01
3.074000e-05	-3.916607e-02	-1.231621e+01
3.075000e-05	-3.920248e-02	-1.225409e+01
3.076000e-05	-3.362767e-02	-1.222321e+01
3.077000e-05	-2.988168e-02	-1.221293e+01
3.078000e-05	-3.646722e-02	-1.213990e+01
3.079000e-05	-3.511868e-02	-1.212775e+01
3.080000e-05	-2.856921e-02	-1.206614e+01
3.081000e-05	-2.523769e-02	-1.203158e+01
3.082000e-05	-2.982060e-02	-1.199897e+01
3.083000e-05	-3.089979e-02	-1.189874e+01
3.084000e-05	-2.414348e-02	-1.179200e+01
3.085000e-05	-2.187876e-02	-1.170074e+01
3.086000e-05	-2.418884e-02	-1.166361e+01
3.087000e-05	-2.593544e-02	-1.157788e+01
3.088000e-05	-1.981417e-02	-1.145264e+01
3.089000e-05	-1.703975e-02	-1.135994e+01
3.090000e-05	-2.144550e-02	-1.124521e+01
3.091000e-05	-2.110283e-02	-1.113485e+01
3.092000e-05	-1.652190e-02	-1.104421e+01
3.093000e-05	-1.349676e-02	-1.095887e+01
3.094000e-05	-1.730353e-02	-1.085369e+01
3.095000e-05	-1.816593e-02	-1.074842e+01
3.096000e-05	-1.438872e-02	-1.069564e+01
3.097000e-05	-1.250060e-02	-1.056835e+01
3.098000e-05	-1.560497e-02	-1.045446e+01
3.099000e-05	-1.675082e-02	-1.028570e+01
3.100000e-05	-1.276797e-02	-1.014889e+01
3.101000e-05	-1.013397e-02	-1.002197e+01
3.102000e-05	-1.223862e-02	-9.906662e+00
3.103000e-05	-1.360347e-02	-9.738847e+00
3.104000e-05	-1.112348e-02	-9.652048e+00
3.105000e-05	-9.227322e-03	-9.524740e+00
3.106000e-05	-1.081557e-02	-9.296265e+00
3.107000e-05	-1.339100e-02	-9.188371e+00
3.108000e-05	-1.055189e-02	-9.051982e+00
3.109000e-05	-9.458207e-03	-8.883662e+00
3.110000e-05	-9.190173e-03	-8.695869e+00
3.111000e-05	-1.172045e-02	-8.516765e+00
3.112000e-05	-8.675269e-03	-8.389925e+00
3.113000e-05	-7.534450e-03	-8.199980e+00
3.114000e-05	-8.173068e-03	-8.051056e+00
3.115000e-05	-9.515145e-03	-7.852056e+00
3.116000e-05	-7.960816e-03	-7.642029e+00
3.117000e-05	-7.511270e-03	-7.464079e+00
3.118000e-05	-8.538848e-03	-7.243607e+00
3.119000e-05	-1.086390e-02	-7.144590e+00
3.120000e-05	-8.552221e-03	-6.874087e+00
3.121000e-05	-7.107782e-03	-6.664686e+00
3.122000e-05	-6.965437e-03	-6.555692e+00
3.123000e-05	-8.109886e-03	-6.317317e+00
3.124000e-05	-5.549703e-03	-6.092157e+00
3.125000e-05	-5.371719e-03	-5.884115e+00
3.126000e-05	-5.839784e-03	-5.683712e+00
3.127000e-05	-7.787702e-03	-5.507211e+00
3.128000e-05	-6.389280e-03	-5.241579e+00
3.129000e-05	-7.877446e-03	-5.021025e+00
3.130000e-05	-7.862346e-03	-4.756790e+00
3.131000e-05	-9.068028e-03	-4.588320e+00
3.132000e-05	-4.367698e-03	-4.397896e+00
3.133000e-05	-4.920098e-03	-4.198320e+00
3.134000e-05	-3.128048e-03	-3.999399e+00
3.135000e-05	-5.107702e-03	-3.735216e+00
3.136000e-05	-4.540515e-03	-3.535765e+00
3.137000e-05	-8.109516e-03	-3.335163e+00
3.138000e-05	-6.337299e-03	-3.123083e+00
3.139000e-05	-9.228770e-03	-2.840604e+00
3.140000e-05	-3.606649e-03	-2.651024e+00
3.141000e-05	-5.126674e-03	-2.409051e+00
3.142000e-05	3.626134e-04	-2.195868e+00
3.143000e-05	-2.443426e-03	-1.958843e+00
3.144000e-05	-2.982109e-03	-1.757317e+00
3.145000e-05	-6.419012e-03	-1.537267e+00
3.146000e-05	-4.811500e-03	-1.199026e+00
3.147000e-05	-6.862287e-03	-9.988724e-01
3.148000e-05	-5.809865e-03	-7.899461e-01
3.149000e-05	-3.838484e-03	-5.442369e-01
3.150000e-05	-1.116846e-03	-3.347392e-01
3.151000e-05	5.793505e-05	-1.142117e-01
3.152000e-05	3.649973e-03	7.581235e-02
3.153000e-05	4.649917e-03	3.390224e-01
3.154000e-05	-2.476613e-03	5.178938e-01
3.155000e-05	1.314080e-03	7.398736e-01
3.156000e-05	-2.490549e-03	9.274414e-01
3.157000e-05	1.743504e-03	1.191555e+00
3.158000e-05	1.712304e-03	1.382204e+00
3.159000e-05	9.319740e-03	1.684760e+00
3.160000e-05	4.806493e-02	1.876216e+00
3.161000e-05	6.022695e-02	2.086842e+00
3.162000e-05	-5.695402e-02	2.349995e+00
3.163000e-05	-3.955524e-02	2.653688e+00
3.164000e-05	-3.279960e-02	2.852734e+00
3.165000e-05	-4.413913e-02	3.002629e+00
3.166000e-05	-4.774597e-03	3.138898e+00
3.167000e-05	1.103205e-01	3.361582e+00
3.168000e-05	-1.231793e-01	3.631606e+00
3.169000e-05	1.058264e-01	3.749075e+00
3.170000e-05	4.765871e-02	4.015153e+00
3.171000e-05	-7.756176e-02	4.244211e+00
3.172000e-05	5.714655e-02	4.392261e+00
3.173000e-05	-8.322304e-02	4.696265e+00
3.174000e-05	3.611347e-02	4.877317e+00
3.175000e-05	3.728989e-02	5.151528e+00
3.176000e-05	-2.511729e-02	5.392631e+00
3.177000e-05	2.883313e-02	5.581074e+00
3.178000e-05	-1.005017e-02	5.822757e+00
3.179000e-05	-9.447132e-03	6.022157e+00
3.180000e-05	8.929200e-03	6.222136e+00
3.181000e-05	-1.999147e-02	6.412628e+00
3.182000e-05	2.926935e-02	6.595157e+00
3.183000e-05	-1.494856e-02	6.833711e+00
3.184000e-05	5.126076e-02	6.964606e+00
3.185000e-05	-2.980712e-02	7.213052e+00
3.186000e-05	-1.484222e-02	7.350529e+00
3.187000e-05	3.475135e-02	7.573654e+00
3.188000e-05	-2.193469e-02	7.832604e+00
3.189000e-05	2.849852e-02	8.003632e+00
3.190000e-05	-1.466846e-02	8.222156e+00
3.191000e-05	2.511570e-02	8.359498e+00
3.192000e-05	-6.337388e-03	8.516367e+00
3.193000e-05	2.640466e-03	8.635287e+00
3.194000e-05	1.358887e-03	8.831555e+00
3.195000e-05	-3.994544e-05	8.929524e+00
3.196000e-05	2.384827e-02	9.160523e+00
3.197000e-05	-3.297677e-03	9.316793e+00
3.198000e-05	1.171223e-02	9.392161e+00
3.199000e-05	1.692664e-03	9.570001e+00
3.200000e-05	5.673955e-03	9.697294e+00
3.201000e-05	2.087420e-03	9.866216e+00
3.202000e-05	4.613616e-03	1.003313e+01
3.203000e-05	1.248788e-02	1.015789e+01
3.204000e-05	8.592557e-03	1.025569e+01
3.205000e-05	1.018488e-02	1.042253e+01
3.206000e-05	5.363051e-03	1.051736e+01
3.207000e-05	7.753395e-03	1.059166e+01
3.208000e-05	6.509082e-03	1.075005e+01
3.209000e-05	7.309728e-03	1.085424e+01
3.210000e-05	7.842174e-03	1.097090e+01
3.211000e-05	1.165988e-02	1.103421e+01
3.212000e-05	1.091618e-02	1.112743e+01
3.213000e-05	9.654046e-03	1.124374e+01
3.214000e-05	8.987597e-03	1.127835e+01
3.215000e-05	1.099005e-02	1.144313e+01
3.216000e-05	1.389730e-02	1.154748e+01
3.217000e-05	1.069765e-02	1.164424e+01
3.218000e-05	1.153798e-02	1.168634e+01
3.219000e-05	1.220277e-02	1.176205e+01
3.220000e-05	1.492971e-02	1.183369e+01
3.221000e-05	1.181457e-02	1.190672e+01
3.222000e-05	1.264709e-02	1.197150e+01
3.223000e-05	1.706870e-02	1.200196e+01
3.224000e-05	1.882444e-02	1.203326e+01
3.225000e-05	1.744242e-02	1.211534e+01
3.226000e-05	1.611152e-02	1.208845e+01
3.227000e-05	1.883544e-02	1.215003e+01
3.228000e-05	1.848874e-02	1.222206e+01
3.229000e-05	2.087586e-02	1.219251e+01
3.230000e-05	1.907379e-02	1.226316e+01
3.231000e-05	2.301244e-02	1.223274e+01
3.232000e-05	2.444039e-02	1.229682e+01
3.233000e-05	2.583177e-02	1.230572e+01
3.234000e-05	2.426644e-02	1.229679e+01
3.235000e-05	2.652702e-02	1.230822e+01
3.236000e-05	2.847961e-02	1.226682e+01
3.237000e-05	2.876844e-02	1.229776e+01
3.238000e-05	2.794273e-02	1.227419e+01
3.239000e-05	2.835604e-02	1.224269e+01
3.240000e-05	3.029384e-02	1.221361e+01
3.241000e-05	2.797450e-02	1.217192e+01
3.242000e-05	2.764857e-02	1.214942e+01
3.243000e-05	2.641603e-02	1.211779e+01
3.244000e-05	2.706256e-02	1.207624e+01
3.245000e-05	2.589122e-02	1.202211e+01
3.246000e-05	2.354294e-02	1.199940e+01
3.247000e-05	2.191967e-02	1.190692e+01
3.248000e-05	2.172274e-02	1.189619e+01
3.249000e-05	1.957800e-02	1.184158e+01
3.250000e-05	1.645366e-02	1.177987e+01
3.251000e-05	1.607911e-02	1.169419e+01
3.252000e-05	1.636668e-02	1.158250e+01
3.253000e-05	1.582797e-02	1.147576e+01
3.254000e-05	1.538943e-02	1.139142e+01
3.255000e-05	1.322281e-02	1.132632e+01
3.256000e-05	1.362573e-02	1.121993e+01
3.257000e-05	1.075382e-02	1.115736e+01
3.258000e-05	9.641867e-03	1.101108e+01
3.259000e-05	7.768110e-03	1.091679e+01
3.260000e-05	8.705226e-03	1.087458e+01
3.261000e-05	7.341437e-03	1.071790e+01
3.262000e-05	8.432395e-03	1.059098e+01
3.263000e-05	6.446091e-03	1.047461e+01
3.264000e-05	8.188335e-03	1.036730e+01
3.265000e-05	5.174970e-03	1.021003e+01
3.266000e-05	6.358471e-03	1.008724e+01
3.267000e-05	3.253279e-03	9.999427e+00
3.268000e-05	5.427483e-03	9.791681e+00
3.269000e-05	4.050370e-03	9.693657e+00
3.270000e-05	4.402356e-03	9.525920e+00
3.271000e-05	3.013314e-03	9.438924e+00
3.272000e-05	2.695972e-03	9.243112e+00
3.273000e-05	3.561656e-03	9.125842e+00
3.274000e-05	2.574659e-03	8.896420e+00
3.275000e-05	3.243153e-03	8.807924e+00
3.276000e-05	2.352282e-03	8.600524e+00
3.277000e-05	2.843295e-03	8.484635e+00
3.278000e-05	1.336674e-03	8.356268e+00
3.279000e-05	1.368137e-03	8.095790e+00
3.280000e-05	-6.247101e-04	7.986894e+00
3.281000e-05	1.577803e-03	7.776923e+00
3.282000e-05	1.752841e-04	7.570419e+00
3.283000e-05	8.582232e-04	7.418419e+00
3.284000e-05	-1.235516e-04	7.209476e+00
3.285000e-05	1.609805e-03	7.029904e+00
3.286000e-05	1.657509e-04	6.839055e+00
3.287000e-05	-2.286883e-04	6.673078e+00
3.288000e-05	-1.731116e-03	6.408500e+00
3.289000e-05	-8.249007e-04	6.240955e+00
3.290000e-05	-1.330763e-03	6.052132e+00
3.291000e-05	-1.924987e-03	5.933058e+00
3.292000e-05	-1.654801e-03	5.640079e+00
3.293000e-05	-1.893304e-03	5.439898e+00
3.294000e-05	-1.669002e-03	5.240897e+00
3.295000e-05	-1.249299e-03	4.934838e+00
3.296000e-05	-3.713161e-03	4.725713e+00
3.297000e-05	-1.729559e-03	4.494188e+00
3.298000e-05	-4.153480e-03	4.355640e+00
3.299000e-05	-1.307105e-03	4.121954e+00
3.300000e-05	-3.104296e-03	3.831082e+00
3.301000e-05	-1.225731e-03	3.650683e+00
3.302000e-05	-5.320261e-03	3.461540e+00
3.303000e-05	-4.291302e-03	3.228446e+00
3.304000e-05	-4.611855e-03	2.988945e+00
3.305000e-05	-3.556965e-03	2.808876e+00
3.306000e-05	-3.525530e-03	2.546371e+00
3.307000e-05	-2.387920e-03	2.355188e+00
3.308000e-05	-1.711616e-03	2.082659e+00
3.309000e-05	-3.889630e-03	1.926636e+00
3.310000e-05	-4.809795e-03	1.651525e+00
3.311000e-05	-7.467851e-03	1.409420e+00
3.312000e-05	-4.790208e-03	1.217845e+00
3.313000e-05	-6.905418e-03	9.106828e-01
3.314000e-05	-4.766379e-03	6.906339e-01
3.315000e-05	-4.381496e-03	4.416088e-01
3.316000e-05	-5.209697e-04	2.994785e-01
3.317000e-05	-3.652343e-03	-2.001450e-03
3.318000e-05	8.934864e-04	-2.121791e-01
3.319000e-05	-3.787444e-04	-4.015791e-01
3.320000e-05	-5.101861e-03	-6.362333e-01
3.321000e-05	-3.273361e-03	-8.227144e-01
3.322000e-05	-5.762733e-03	-1.045254e+00
3.323000e-05	-1.752626e-03	-1.234807e+00
3.324000e-05	-1.463659e-03	-1.509471e+00
3.325000e-05	3.056347e-02	-1.694819e+00
3.326000e-05	9.196768e-02	-1.898392e+00
3.327000e-05	-5.796629e-02	-2.266811e+00
3.328000e-05	-3.856921e-02	-2.611523e+00
3.329000e-05	-5.601794e-02	-2.770525e+00
3.330000e-05	-8.153007e-02	-2.968946e+00
3.331000e-05	7.553198e-02	-3.127265e+00
3.332000e-05	6.929800e-02	-3.262758e+00
3.333000e-05	-1.860962e-01	-3.507870e+00
3.334000e-05	2.007821e-01	-3.662132e+00
3.335000e-05	-5.130442e-02	-3.908963e+00
3.336000e-05	-4.623796e-02	-4.192051e+00
3.337000e-05	8.161607e-02	-4.318419e+00
3.338000e-05	-1.974102e-01	-4.603053e+00
3.339000e-05	1.107400e-01	-4.770577e+00
3.340000e-05	2.757811e-02	-4.981574e+00
3.341000e-05	-6.799816e-02	-5.265741e+00
3.342000e-05	9.050614e-02	-5.436787e+00
3.343000e-05	-1.203573e-01	-5.706415e+00
3.344000e-05	8.156476e-02	-5.937791e+00
3.345000e-05	-2.765111e-02	-6.045285e+00
3.346000e-05	-9.859998e-02	-6.321520e+00
3.347000e-05	1.145641e-01	-6.475766e+00
3.348000e-05	-8.430922e-02	-6.719420e+00
3.349000e-05	1.084221e-01	-6.867360e+00
3.350000e-05	-1.240070e-01	-7.097859e+00
3.351000e-05	7.352753e-03	-7.319996e+00
3.352000e-05	6.157177e-02	-7.474763e+00
3.353000e-05	-9.986895e-02	-7.749819e+00
3.354000e-05	7.503918e-02	-7.907740e+00
3.355000e-05	-8.921650e-02	-8.076814e+00
3.356000e-05	8.656806e-02	-8.265207e+00
3.357000e-05	-5.137907e-02	-8.384102e+00
3.358000e-05	-3.440683e-02	-8.593059e+00
3.359000e-05	2.109700e-02	-8.761551e+00
3.360000e-05	-4.236968e-02	-8.949348e+00
3.361000e-05	5.114106e-02	-9.064762e+00
3.362000e-05	-7.951238e-02	-9.202106e+00
3.363000e-05	4.189939e-02	-9.360502e+00
3.364000e-05	-2.866218e-02	-9.530999e+00
3.365000e-05	-5.459030e-03	-9.687188e+00
3.366000e-05	-2.108063e-02	-9.772653e+00
3.367000e-05	-2.209800e-02	-9.961500e+00
3.368000e-05	2.492264e-02	-1.008619e+01
3.369000e-05	-3.355001e-02	-1.020464e+01
3.370000e-05	-6.528430e-04	-1.038047e+01
3.371000e-05	-3.404981e-02	-1.049844e+01
3.372000e-05	1.195036e-02	-1.059213e+01
3.373000e-05	-2.680883e-02	-1.069789e+01
3.374000e-05	-1.374877e-02	-1.081466e+01
3.375000e-05	-1.925110e-02	-1.091784e+01
3.376000e-05	2.076205e-03	-1.106528e+01
3.377000e-05	-1.470174e-02	-1.111885e+01
3.378000e-05	-2.705800e-02	-1.124416e+01
3.379000e-05	-1.363727e-02	-1.128877e+01
3.380000e-05	-1.579013e-02	-1.141266e+01
3.381000e-05	-5.663128e-03	-1.148940e+01
3.382000e-05	-3.450878e-02	-1.161263e+01
3.383000e-05	-7.672712e-03	-1.167784e+01
3.384000e-05	-1.679693e-02	-1.176150e+01
3.385000e-05	-1.273228e-02	-1.188722e+01
3.386000e-05	-2.981880e-02	-1.191990e+01
3.387000e-05	-1.939479e-02	-1.201206e+01
3.388000e-05	-1.098098e-02	-1.210621e+01
3.389000e-05	-2.242261e-02	-1.211882e+01
3.390000e-05	-2.606503e-02	-1.212882e+01
3.391000e-05	-2.799699e-02	-1.219100e+01
3.392000e-05	-1.566416e-02	-1.221166e+01
3.393000e-05	-2.603028e-02	-1.229463e+01
3.394000e-05	-3.034367e-02	-1.229669e+01
3.395000e-05	-2.761356e-02	-1.228732e+01
3.396000e-05	-1.968307e-02	-1.232733e+01
3.397000e-05	-2.598785e-02	-1.230982e+01
3.398000e-05	-3.503654e-02	-1.238993e+01
3.399000e-05	-3.370838e-02	-1.240097e+01
3.400000e-05	-2.941522e-02	-1.235946e+01
3.401000e-05	-3.235962e-02	-1.235992e+01
3.402000e-05	-3.909407e-02	-1.236045e+01
3.403000e-05	-3.713286e-02	-1.237885e+01
3.404000e-05	-3.051634e-02	-1.231984e+01
3.405000e-05	-3.160709e-02	-1.234579e+01
3.406000e-05	-3.775799e-02	-1.229721e+01
3.407000e-05	-3.758250e-02	-1.226416e+01
3.408000e-05	-3.148819e-02	-1.224406e+01
3.409000e-05	-3.211695e-02	-1.217193e+01
3.410000e-05	-3.705565e-02	-1.215837e+01
3.411000e-05	-3.483464e-02	-1.213824e+01
3.412000e-05	-2.796092e-02	-1.205524e+01
3.413000e-05	-2.658108e-02	-1.202996e+01
3.414000e-05	-3.013345e-02	-1.197590e+01
3.415000e-05	-2.878425e-02	-1.184569e+01
3.416000e-05	-2.290772e-02	-1.185393e+01
3.417000e-05	-2.186133e-02	-1.171776e+01
3.418000e-05	-2.393173e-02	-1.165406e+01
3.419000e-05	-2.449254e-02	-1.158983e+01
3.420000e-05	-1.932679e-02	-1.146566e+01
3.421000e-05	-1.891513e-02	-1.133977e+01
3.422000e-05	-2.212837e-02	-1.121303e+01
3.423000e-05	-2.035963e-02	-1.112732e+01
3.424000e-05	-1.673710e-02	-1.100251e+01
3.425000e-05	-1.421291e-02	-1.092582e+01
3.426000e-05	-1.731313e-02	-1.085256e+01
3.427000e-05	-1.773552e-02	-1.075837e+01
3.428000e-05	-1.396891e-02	-1.067260e+01
3.429000e-05	-1.272329e-02	-1.052682e+01
3.430000e-05	-1.522948e-02	-1.042945e+01
3.431000e-05	-1.624345e-02	-1.027211e+01
3.432000e-05	-1.244199e-02	-1.016570e+01
3.433000e-05	-1.089013e-02	-9.989948e+00
3.434000e-05	-1.306668e-02	-9.863535e+00
3.435000e-05	-1.286237e-02	-9.757295e+00
3.436000e-05	-1.102255e-02	-9.609955e+00
3.437000e-05	-8.323968e-03	-9.453057e+00
3.438000e-05	-1.178774e-02	-9.273611e+00
3.439000e-05	-1.191172e-02	-9.157790e+00
3.440000e-05	-1.054643e-02	-8.970374e+00
3.441000e-05	-9.434151e-03	-8.830580e+00
3.442000e-05	-1.091863e-02	-8.682532e+00
3.443000e-05	-1.224238e-02	-8.473085e+00
3.444000e-05	-9.171648e-03	-8.346244e+00
3.445000e-05	-6.536188e-03	-8.197925e+00
3.446000e-05	-8.965256e-03	-8.038926e+00
3.447000e-05	-1.020455e-02	-7.770325e+00
3.448000e-05	-7.869040e-03	-7.588974e+00
3.449000e-05	-7.145813e-03	-7.418450e+00
3.450000e-05	-8.977274e-03	-7.252524e+00
3.451000e-05	-1.011856e-02	-7.032004e+00
3.452000e-05	-7.990523e-03	-6.830454e+00
3.453000e-05	-6.566381e-03	-6.652532e+00
3.454000e-05	-7.949512e-03	-6.493030e+00
3.455000e-05	-8.312868e-03	-6.293110e+00
3.456000e-05	-7.473100e-03	-6.011079e+00
3.457000e-05	-5.858536e-03	-5.842004e+00
3.458000e-05	-7.346315e-03	-5.662579e+00
3.459000e-05	-7.773677e-03	-5.433005e+00
3.460000e-05	-6.746506e-03	-5.189375e+00
3.461000e-05	-6.161583e-03	-4.978213e+00
3.462000e-05	-6.011157e-03	-4.744145e+00
3.463000e-05	-8.304753e-03	-4.516705e+00
3.464000e-05	-6.359938e-03	-4.335370e+00
3.465000e-05	-4.986513e-03	-4.144796e+00
3.466000e-05	-3.321086e-03	-3.957120e+00
3.467000e-05	-7.142377e-03	-3.712110e+00
3.468000e-05	-5.083666e-03	-3.474106e+00
3.469000e-05	-7.417826e-03	-3.312084e+00
3.470000e-05	-2.503548e-03	-3.050422e+00
3.471000e-05	-8.664390e-03	-2.798323e+00
3.472000e-05	-3.475755e-03	-2.579397e+00
3.473000e-05	-5.928852e-03	-2.385747e+00
3.474000e-05	-2.469564e-03	-2.184289e+00
3.475000e-05	-5.517042e-03	-1.915212e+00
3.476000e-05	-5.061709e-03	-1.693663e+00
3.477000e-05	-5.790093e-03	-1.484984e+00
3.478000e-05	-3.252771e-03	-1.207845e+00
3.479000e-05	-4.262120e-03	-9.476906e-01
3.480000e-05	-5.005537e-03	-7.787670e-01
3.481000e-05	-3.293278e-03	-4.515840e-01
3.482000e-05	-1.505551e-03	-2.920815e-01
3.483000e-05	-1.632865e-03	-7.215920e-02
3.484000e-05	3.150567e-03	1.784992e-01
3.485000e-05	1.417483e-03	3.905529e-01
3.486000e-05	1.250650e-03	5.995527e-01
3.487000e-05	1.796656e-04	7.605776e-01
3.488000e-05	-6.314084e-04	9.896032e-01
3.489000e-05	1.291450e-03	1.234633e+00
3.490000e-05	2.291917e-03	1.424293e+00
3.491000e-05	1.481040e-02	1.697467e+00
3.492000e-05	6.173538e-02	1.928921e+00
3.493000e-05	3.177397e-02	2.190052e+00
3.494000e-05	-5.885802e-02	2.422734e+00
3.495000e-05	-4.075201e-02	2.678842e+00
3.496000e-05	-2.609233e-02	2.885787e+00
3.497000e-05	-5.574863e-02	3.012183e+00
3.498000e-05	4.028632e-02	3.181599e+00
3.499000e-05	7.118488e-02	3.466818e+00
3.500000e-05	-1.227202e-01	3.662634e+00
3.501000e-05	1.600807e-01	3.791107e+00
3.502000e-05	-2.383837e-02	4.048262e+00
3.503000e-05	-4.506518e-02	4.267362e+00
3.504000e-05	4.408867e-02	4.507395e+00
3.505000e-05	-9.041191e-02	4.738445e+00
3.506000e-05	7.125643e-02	4.939454e+00
3.507000e-05	8.278224e-03	5.214664e+00
3.508000e-05	-1.467921e-02	5.436137e+00
3.509000e-05	2.907858e-02	5.666737e+00
3.510000e-05	-2.339423e-02	5.866341e+00
3.511000e-05	8.115920e-03	6.055311e+00
3.512000e-05	-9.292567e-03	6.226787e+00
3.513000e-05	-1.326123e-03	6.423736e+00
3.514000e-05	1.968371e-02	6.677261e+00
3.515000e-05	-5.786937e-03	6.864786e+00
3.516000e-05	4.866211e-02	7.054689e+00
3.517000e-05	-4.949031e-02	7.254207e+00
3.518000e-05	1.208243e-02	7.402609e+00
3.519000e-05	1.887231e-02	7.664789e+00
3.520000e-05	-1.211599e-02	7.854184e+00
3.521000e-05	2.573625e-02	8.046791e+00
3.522000e-05	-1.394833e-02	8.223186e+00
3.523000e-05	2.859959e-02	8.402082e+00
3.524000e-05	-1.401394e-02	8.538948e+00
3.525000e-05	9.524767e-03	8.696266e+00
3.526000e-05	-3.732656e-03	8.825734e+00
3.527000e-05	6.153230e-03	8.971632e+00
3.528000e-05	2.027890e-02	9.231478e+00
3.529000e-05	-4.703161e-03	9.337918e+00
3.530000e-05	1.681507e-02	9.435836e+00
3.531000e-05	-1.989265e-03	9.612581e+00
3.532000e-05	9.876936e-03	9.729391e+00
3.533000e-05	-8.409130e-04	9.877946e+00
3.534000e-05	7.843470e-03	1.006426e+01
3.535000e-05	1.051966e-02	1.016045e+01
3.536000e-05	6.801488e-03	1.028729e+01
3.537000e-05	1.088336e-02	1.038313e+01
3.538000e-05	5.231395e-03	1.053740e+01
3.539000e-05	1.102482e-02	1.064471e+01
3.540000e-05	5.344090e-03	1.075060e+01
3.541000e-05	9.653497e-03	1.091682e+01
3.542000e-05	7.215183e-03	1.099007e+01
3.543000e-05	1.102251e-02	1.110524e+01
3.544000e-05	7.186247e-03	1.117050e+01
3.545000e-05	8.943291e-03	1.127574e+01
3.546000e-05	1.071056e-02	1.137045e+01
3.547000e-05	1.146917e-02	1.148724e+01
3.548000e-05	1.407600e-02	1.155100e+01
3.549000e-05	1.059696e-02	1.164424e+01
3.550000e-05	1.524233e-02	1.171890e+01
3.551000e-05	1.278645e-02	1.176160e+01
3.552000e-05	1.399666e-02	1.187119e+01
3.553000e-05	9.262826e-03	1.188734e+01
3.554000e-05	1.335540e-02	1.196903e+01
3.555000e-05	1.624418e-02	1.200216e+01
3.556000e-05	1.626826e-02	1.211369e+01
3.557000e-05	1.699157e-02	1.208681e+01
3.558000e-05	1.712410e-02	1.209840e+01
3.559000e-05	2.152763e-02	1.217197e+01
3.560000e-05	2.037681e-02	1.218161e+01
3.561000e-05	2.016610e-02	1.220413e+01
3.562000e-05	1.896031e-02	1.227317e+01
3.563000e-05	2.247961e-02	1.225629e+01
3.564000e-05	2.503274e-02	1.229624e+01
3.565000e-05	2.300575e-02	1.229580e+01
3.566000e-05	2.425658e-02	1.227532e+01
3.567000e-05	2.880053e-02	1.226532e+01
3.568000e-05	3.059003e-02	1.223527e+01
3.569000e-05	2.849707e-02	1.227582e+01
3.570000e-05	2.772959e-02	1.223369e+01
3.571000e-05	2.956181e-02	1.225264e+01
3.572000e-05	2.982879e-02	1.222261e+01
3.573000e-05	2.632451e-02	1.219198e+01
3.574000e-05	2.627100e-02	1.213940e+01
3.575000e-05	2.714278e-02	1.208734e+01
3.576000e-05	2.769117e-02	1.207421e+01
3.577000e-05	2.377860e-02	1.203200e+01
3.578000e-05	2.161234e-02	1.196998e+01
3.579000e-05	2.354290e-02	1.191782e+01
3.580000e-05	2.192513e-02	1.187369e+01
3.581000e-05	1.846349e-02	1.180105e+01
3.582000e-05	1.517873e-02	1.173782e+01
3.583000e-05	1.782036e-02	1.168369e+01
3.584000e-05	1.741226e-02	1.151887e+01
3.585000e-05	1.390815e-02	1.148724e+01
3.586000e-05	1.228431e-02	1.134040e+01
3.587000e-05	1.407087e-02	1.130468e+01
3.588000e-05	1.427750e-02	1.120000e+01
3.589000e-05	1.064367e-02	1.109429e+01
3.590000e-05	8.385347e-03	1.100100e+01
3.591000e-05	8.758952e-03	1.090777e+01
3.592000e-05	1.005201e-02	1.083155e+01
3.593000e-05	7.374913e-03	1.066574e+01
3.594000e-05	6.022458e-03	1.055890e+01
3.595000e-05	6.285587e-03	1.043211e+01
3.596000e-05	8.732260e-03	1.032679e+01
3.597000e-05	4.925634e-03	1.018953e+01
3.598000e-05	4.533310e-03	1.009318e+01
3.599000e-05	4.443668e-03	9.948945e+00
3.600000e-05	7.036354e-03	9.790924e+00
3.601000e-05	4.134523e-03	9.641052e+00
3.602000e-05	3.026782e-03	9.515640e+00
3.603000e-05	2.253425e-03	9.347350e+00
3.604000e-05	4.280958e-03	9.251530e+00
3.605000e-05	2.347360e-03	9.124211e+00
3.606000e-05	1.247712e-03	8.886587e+00
3.607000e-05	1.988982e-03	8.746394e+00
3.608000e-05	4.506601e-03	8.589373e+00
3.609000e-05	2.801856e-03	8.452533e+00
3.610000e-05	1.922489e-04	8.295112e+00
3.611000e-05	6.754556e-04	8.094169e+00
3.612000e-05	1.972870e-03	7.935741e+00
3.613000e-05	7.526490e-04	7.726795e+00
3.614000e-05	-1.746344e-03	7.536868e+00
3.615000e-05	-3.142600e-04	7.284191e+00
3.616000e-05	1.075238e-03	7.135815e+00
3.617000e-05	9.931206e-04	6.987870e+00
3.618000e-05	1.773333e-04	6.819849e+00
3.619000e-05	-1.852533e-03	6.557817e+00
3.620000e-05	7.188343e-04	6.369867e+00
3.621000e-05	-1.634925e-03	6.179921e+00
3.622000e-05	-1.746559e-03	6.020076e+00
3.623000e-05	-4.008574e-03	5.828928e+00
3.624000e-05	-1.067968e-03	5.568871e+00
3.625000e-05	-2.396959e-03	5.419347e+00
3.626000e-05	-1.303299e-03	5.137409e+00
3.627000e-05	-3.438378e-03	4.851612e+00
3.628000e-05	-4.300039e-04	4.672106e+00
3.629000e-05	-1.410701e-03	4.453086e+00
3.630000e-05	-2.015376e-03	4.252004e+00
3.631000e-05	-4.319898e-03	3.999521e+00
3.632000e-05	-2.619812e-03	3.789425e+00
3.633000e-05	-3.779294e-03	3.620528e+00
3.634000e-05	-3.835376e-03	3.396944e+00
3.635000e-05	-5.543893e-03	3.158767e+00
3.636000e-05	-3.165245e-03	2.966738e+00
3.637000e-05	-2.870060e-03	2.774796e+00
3.638000e-05	-2.885425e-03	2.482138e+00
3.639000e-05	-3.922415e-03	2.272105e+00
3.640000e-05	-4.051779e-03	2.071558e+00
3.641000e-05	-3.393867e-03	1.831004e+00
3.642000e-05	-5.163159e-03	1.579949e+00
3.643000e-05	-6.157969e-03	1.357842e+00
3.644000e-05	-4.767797e-03	1.145788e+00
3.645000e-05	-4.955803e-03	8.205786e-01
3.646000e-05	-4.796839e-03	6.389511e-01
3.647000e-05	-5.248119e-03	4.100011e-01
3.648000e-05	-4.030188e-03	2.163183e-01
3.649000e-05	-3.366932e-03	-5.478696e-02
3.650000e-05	3.279375e-03	-2.737582e-01
3.651000e-05	-1.370662e-03	-4.636320e-01
3.652000e-05	-2.037238e-03	-7.093160e-01
3.653000e-05	-4.818584e-03	-9.068648e-01
3.654000e-05	-3.446188e-03	-1.117842e+00
3.655000e-05	-4.448603e-03	-1.306868e+00
3.656000e-05	-1.030182e-03	-1.589574e+00
3.657000e-05	4.960496e-02	-1.758470e+00
3.658000e-05	7.159376e-02	-1.951700e+00
3.659000e-05	-7.065187e-02	-2.329474e+00
3.660000e-05	-3.411897e-02	-2.633685e+00
3.661000e-05	-5.982864e-02	-2.802124e+00
3.662000e-05	-8.085995e-02	-2.968529e+00
3.663000e-05	1.374991e-01	-3.106394e+00
3.664000e-05	-2.407904e-02	-3.308393e+00
3.665000e-05	-1.196906e-01	-3.570975e+00
3.666000e-05	2.086537e-01	-3.631764e+00
3.667000e-05	-1.290724e-01	-3.981608e+00
3.668000e-05	3.679169e-02	-4.244708e+00
3.669000e-05	8.375633e-03	-4.359100e+00
3.670000e-05	-1.710630e-01	-4.625609e+00
3.671000e-05	1.626617e-01	-4.840607e+00
3.672000e-05	-4.812081e-02	-5.004186e+00
3.673000e-05	-3.590243e-03	-5.358893e+00
3.674000e-05	4.674498e-02	-5.547890e+00
3.675000e-05	-1.166924e-01	-5.790527e+00
3.676000e-05	1.219658e-01	-5.960497e+00
3.677000e-05	-1.063336e-01	-6.138850e+00
3.678000e-05	-1.699878e-02	-6.391972e+00
3.679000e-05	6.833065e-02	-6.520894e+00
3.680000e-05	-5.642929e-02	-6.782526e+00
3.681000e-05	9.996456e-02	-6.918449e+00
3.682000e-05	-1.635244e-01	-7.161517e+00
3.683000e-05	8.441678e-02	-7.360527e+00
3.684000e-05	-1.376903e-02	-7.507446e+00
3.685000e-05	-4.744942e-02	-7.753528e+00
3.686000e-05	4.698465e-02	-7.940969e+00
3.687000e-05	-7.707060e-02	-8.130972e+00
3.688000e-05	9.902438e-02	-8.316839e+00
3.689000e-05	-9.472437e-02	-8.425736e+00
3.690000e-05	1.443394e-02	-8.623236e+00
3.691000e-05	-1.501814e-02	-8.804056e+00
3.692000e-05	-7.467126e-03	-8.991000e+00
3.693000e-05	2.414183e-02	-9.057344e+00
3.694000e-05	-6.976423e-02	-9.255740e+00
3.695000e-05	4.986180e-02	-9.402054e+00
3.696000e-05	-4.775346e-02	-9.572526e+00
3.697000e-05	1.220782e-02	-9.718267e+00
3.698000e-05	-4.073354e-02	-9.854160e+00
3.699000e-05	2.898642e-03	-1.000348e+01
3.700000e-05	6.064593e-03	-1.012684e+01
3.701000e-05	-2.595222e-02	-1.024624e+01
3.702000e-05	-6.794026e-03	-1.036261e+01
3.703000e-05	-2.721882e-02	-1.052982e+01
3.704000e-05	1.106804e-02	-1.064160e+01
3.705000e-05	-3.221938e-02	-1.072947e+01
3.706000e-05	-7.542905e-03	-1.082510e+01
3.707000e-05	-2.149010e-02	-1.094882e+01
3.708000e-05	6.736895e-03	-1.106606e+01
3.709000e-05	-2.599758e-02	-1.114750e+01
3.710000e-05	-1.913877e-02	-1.125719e+01
3.711000e-05	-1.537151e-02	-1.132854e+01
3.712000e-05	-8.282265e-03	-1.146471e+01
3.713000e-05	-1.279029e-02	-1.154144e+01
3.714000e-05	-3.114103e-02	-1.163473e+01
3.715000e-05	-6.031320e-03	-1.169829e+01
3.716000e-05	-1.914120e-02	-1.179420e+01
3.717000e-05	-1.569303e-02	-1.186869e+01
3.718000e-05	-3.325076e-02	-1.193045e+01
3.719000e-05	-1.444945e-02	-1.202365e+01
3.720000e-05	-1.382434e-02	-1.209619e+01
3.721000e-05	-2.256038e-02	-1.212634e+01
3.722000e-05	-2.661066e-02	-1.215047e+01
3.723000e-05	-2.336076e-02	-1.217203e+01
3.724000e-05	-1.572262e-02	-1.221208e+01
3.725000e-05	-2.859392e-02	-1.230614e+01
3.726000e-05	-3.007953e-02	-1.230624e+01
3.727000e-05	-2.634325e-02	-1.232774e+01
3.728000e-05	-2.041078e-02	-1.233130e+01
3.729000e-05	-2.853056e-02	-1.233884e+01
3.730000e-05	-3.479931e-02	-1.236042e+01
3.731000e-05	-3.050916e-02	-1.238053e+01
3.732000e-05	-2.792004e-02	-1.235040e+01
3.733000e-05	-3.398855e-02	-1.239003e+01
3.734000e-05	-3.948797e-02	-1.233989e+01
3.735000e-05	-3.547555e-02	-1.236037e+01
3.736000e-05	-3.067791e-02	-1.233880e+01
3.737000e-05	-3.565939e-02	-1.232826e+01
3.738000e-05	-3.995778e-02	-1.227571e+01
3.739000e-05	-3.637959e-02	-1.223461e+01
3.740000e-05	-2.963736e-02	-1.223208e+01
3.741000e-05	-3.291386e-02	-1.215143e+01
3.742000e-05	-3.549931e-02	-1.211984e+01
3.743000e-05	-3.220907e-02	-1.211679e+01
3.744000e-05	-2.692113e-02	-1.206468e+01
3.745000e-05	-2.804951e-02	-1.202053e+01
3.746000e-05	-3.190432e-02	-1.196787e+01
3.747000e-05	-2.674629e-02	-1.184504e+01
3.748000e-05	-2.300071e-02	-1.178042e+01
3.749000e-05	-2.253925e-02	-1.173569e+01
3.750000e-05	-2.554111e-02	-1.163250e+01
3.751000e-05	-2.259286e-02	-1.154732e+01
3.752000e-05	-1.766325e-02	-1.144318e+01
3.753000e-05	-1.944786e-02	-1.126684e+01
3.754000e-05	-2.259326e-02	-1.122060e+01
3.755000e-05	-2.065232e-02	-1.111674e+01
3.756000e-05	-1.533725e-02	-1.099106e+01
3.757000e-05	-1.489593e-02	-1.092576e+01
3.758000e-05	-1.886915e-02	-1.082203e+01
3.759000e-05	-1.665916e-02	-1.073834e+01
3.760000e-05	-1.294607e-02	-1.061140e+01
3.761000e-05	-1.219711e-02	-1.053619e+01
3.762000e-05	-1.554075e-02	-1.038892e+01
3.763000e-05	-1.593968e-02	-1.026353e+01
3.764000e-05	-1.058881e-02	-1.010321e+01
3.765000e-05	-1.167779e-02	-9.997923e+00
3.766000e-05	-1.438525e-02	-9.842483e+00
3.767000e-05	-1.362527e-02	-9.666192e+00
3.768000e-05	-9.852806e-03	-9.628449e+00
3.769000e-05	-9.921335e-03	-9.409901e+00
3.770000e-05	-1.252588e-02	-9.243608e+00
3.771000e-05	-1.099646e-02	-9.126162e+00
3.772000e-05	-8.435113e-03	-8.938793e+00
3.773000e-05	-9.522545e-03	-8.810024e+00
3.774000e-05	-1.148991e-02	-8.610928e+00
3.775000e-05	-1.194767e-02	-8.432608e+00
3.776000e-05	-8.277607e-03	-8.285713e+00
3.777000e-05	-7.852203e-03	-8.138266e+00
3.778000e-05	-9.932138e-03	-7.947341e+00
3.779000e-05	-9.707813e-03	-7.766718e+00
3.780000e-05	-6.244717e-03	-7.527291e+00
3.781000e-05	-6.546018e-03	-7.398370e+00
3.782000e-05	-8.841719e-03	-7.178951e+00
3.783000e-05	-1.010389e-02	-7.019294e+00
3.784000e-05	-6.598706e-03	-6.808371e+00
3.785000e-05	-6.444136e-03	-6.590924e+00
3.786000e-05	-9.702301e-03	-6.448950e+00
3.787000e-05	-8.607696e-03	-6.182950e+00
3.788000e-05	-6.536053e-03	-6.008349e+00
3.789000e-05	-5.146319e-03	-5.769926e+00
3.790000e-05	-8.135982e-03	-5.621503e+00
3.791000e-05	-7.083762e-03	-5.388875e+00
3.792000e-05	-6.261819e-03	-5.127319e+00
3.793000e-05	-3.766328e-03	-4.895560e+00
3.794000e-05	-6.861636e-03	-4.660579e+00
3.795000e-05	-7.056448e-03	-4.474081e+00
3.796000e-05	-7.410120e-03	-4.294137e+00
3.797000e-05	-4.144248e-03	-4.073687e+00
3.798000e-05	-6.348537e-03	-3.913084e+00
3.799000e-05	-6.233864e-03	-3.651073e+00
3.800000e-05	-5.877296e-03	-3.470051e+00
3.801000e-05	-4.631539e-03	-3.240422e+00
3.802000e-05	-4.773983e-03	-3.006696e+00
3.803000e-05	-5.653281e-03	-2.766268e+00
3.804000e-05	-4.515596e-03	-2.526766e+00
3.805000e-05	-4.000496e-03	-2.357214e+00
3.806000e-05	-4.074514e-03	-2.051158e+00
3.807000e-05	-5.742445e-03	-1.840605e+00
3.808000e-05	-6.156792e-03	-1.661102e+00
3.809000e-05	-4.219101e-03	-1.427845e+00
3.810000e-05	-3.114906e-03	-1.135736e+00
3.811000e-05	-3.754440e-03	-9.111842e-01
3.812000e-05	-2.802245e-03	-7.540564e-01
3.813000e-05	-2.174475e-03	-4.500273e-01
3.814000e-05	-2.414017e-03	-2.405214e-01
3.815000e-05	-1.991099e-03	-3.944756e-02
3.816000e-05	4.118849e-03	1.917080e-01
3.817000e-05	-1.971705e-03	4.126806e-01
3.818000e-05	2.704487e-03	6.222083e-01
3.819000e-05	-1.491886e-03	8.001781e-01
3.820000e-05	2.632560e-03	1.064765e+00
3.821000e-05	1.309809e-03	1.287795e+00
3.822000e-05	2.609857e-03	1.508525e+00
3.823000e-05	2.322485e-02	1.750026e+00
3.824000e-05	7.274616e-02	1.991075e+00
3.825000e-05	-3.354372e-03	2.225232e+00
3.826000e-05	-5.263529e-02	2.486365e+00
3.827000e-05	-4.154163e-02	2.720044e+00
3.828000e-05	-2.319059e-02	2.938395e+00
3.829000e-05	-5.776228e-02	3.065790e+00
3.830000e-05	8.290053e-02	3.221737e+00
3.831000e-05	5.723926e-03	3.539494e+00
3.832000e-05	-7.490302e-02	3.664738e+00
3.833000e-05	1.684745e-01	3.876815e+00
3.834000e-05	-7.246336e-02	4.147920e+00
3.835000e-05	-2.499577e-03	4.329945e+00
3.836000e-05	6.818329e-03	4.562026e+00
3.837000e-05	-6.892277e-02	4.750101e+00
3.838000e-05	8.149527e-02	5.005579e+00
3.839000e-05	-1.424438e-02	5.308371e+00
3.840000e-05	1.334266e-03	5.498369e+00
3.841000e-05	2.207877e-02	5.666364e+00
3.842000e-05	-2.897374e-02	5.959973e+00
3.843000e-05	2.278996e-02	6.086870e+00
3.844000e-05	-2.270555e-02	6.297398e+00
3.845000e-05	1.529316e-02	6.496369e+00
3.846000e-05	3.180482e-03	6.720023e+00
3.847000e-05	1.302760e-02	6.926399e+00
3.848000e-05	3.201880e-02	7.076866e+00
3.849000e-05	-5.527499e-02	7.245762e+00
3.850000e-05	3.263770e-02	7.425890e+00
3.851000e-05	4.489375e-04	7.678411e+00
3.852000e-05	5.212777e-03	7.898391e+00
3.853000e-05	1.218642e-02	8.067419e+00
3.854000e-05	-3.609947e-03	8.266736e+00
3.855000e-05	2.217259e-02	8.402685e+00
3.856000e-05	-1.602255e-02	8.549000e+00
3.857000e-05	1.029688e-02	8.697744e+00
3.858000e-05	-5.983733e-03	8.895813e+00
3.859000e-05	1.598369e-02	9.045735e+00
3.860000e-05	1.448975e-02	9.203636e+00
3.861000e-05	-4.169357e-03	9.369478e+00
3.862000e-05	1.469537e-02	9.477293e+00
3.863000e-05	-1.726801e-03	9.615163e+00
3.864000e-05	1.140187e-02	9.771076e+00
3.865000e-05	-2.466446e-03	9.959974e+00
3.866000e-05	1.107916e-02	1.008579e+01
3.867000e-05	1.095773e-02	1.017155e+01
3.868000e-05	7.374607e-03	1.029830e+01
3.869000e-05	9.325676e-03	1.046173e+01
3.870000e-05	2.911263e-03	1.058150e+01
3.871000e-05	1.161121e-02	1.067634e+01
3.872000e-05	5.021217e-03	1.081163e+01
3.873000e-05	1.142997e-02	1.090682e+01
3.874000e-05	7.901097e-03	1.099263e+01
3.875000e-05	1.229324e-02	1.111829e+01
3.876000e-05	7.925680e-03	1.119960e+01
3.877000e-05	9.501648e-03	1.123529e+01
3.878000e-05	1.021540e-02	1.138961e+01
3.879000e-05	1.116054e-02	1.148827e+01
3.880000e-05	1.273258e-02	1.160318e+01
3.881000e-05	1.070051e-02	1.165579e+01
3.882000e-05	1.634640e-02	1.174790e+01
3.883000e-05	1.307553e-02	1.181316e+01
3.884000e-05	1.235327e-02	1.184524e+01
3.885000e-05	1.018314e-02	1.190990e+01
3.886000e-05	1.494490e-02	1.195153e+01
3.887000e-05	1.722475e-02	1.200308e+01
3.888000e-05	1.586281e-02	1.204477e+01
3.889000e-05	1.722923e-02	1.210942e+01
3.890000e-05	1.823128e-02	1.215948e+01
3.891000e-05	2.043693e-02	1.219053e+01
3.892000e-05	1.875303e-02	1.221156e+01
3.893000e-05	2.064875e-02	1.220356e+01
3.894000e-05	2.142513e-02	1.226576e+01
3.895000e-05	2.325033e-02	1.228424e+01
3.896000e-05	2.519902e-02	1.229829e+01
3.897000e-05	2.379488e-02	1.226529e+01
3.898000e-05	2.577653e-02	1.231584e+01
3.899000e-05	2.704333e-02	1.231679e+01
3.900000e-05	2.869864e-02	1.227382e+01
3.901000e-05	2.767897e-02	1.226459e+01
3.902000e-05	3.025633e-02	1.225426e+01
3.903000e-05	3.054233e-02	1.223364e+01
3.904000e-05	2.839811e-02	1.221093e+01
3.905000e-05	2.804693e-02	1.216998e+01
3.906000e-05	2.743450e-02	1.211942e+01
3.907000e-05	2.744198e-02	1.209577e+01
3.908000e-05	2.501510e-02	1.208414e+01
3.909000e-05	2.436955e-02	1.203258e+01
3.910000e-05	2.267305e-02	1.195892e+01
3.911000e-05	2.243829e-02	1.194774e+01
3.912000e-05	2.025007e-02	1.183361e+01
3.913000e-05	1.795235e-02	1.180098e+01
3.914000e-05	1.820134e-02	1.169632e+01
3.915000e-05	1.690693e-02	1.166516e+01
3.916000e-05	1.579049e-02	1.154792e+01
3.917000e-05	1.359704e-02	1.143368e+01
3.918000e-05	1.327241e-02	1.135935e+01
3.919000e-05	1.301735e-02	1.126416e+01
3.920000e-05	1.223502e-02	1.117892e+01
3.921000e-05	1.086035e-02	1.107424e+01
3.922000e-05	9.500830e-03	1.097943e+01
3.923000e-05	9.883052e-03	1.089524e+01
3.924000e-05	8.115101e-03	1.077892e+01
3.925000e-05	7.718732e-03	1.065521e+01
3.926000e-05	6.646385e-03	1.054832e+01
3.927000e-05	7.690161e-03	1.043148e+01
3.928000e-05	6.082475e-03	1.030477e+01
3.929000e-05	5.363927e-03	1.017840e+01
3.930000e-05	4.521873e-03	1.006268e+01
3.931000e-05	5.002758e-03	9.905341e+00
3.932000e-05	5.052690e-03	9.737348e+00
3.933000e-05	4.152977e-03	9.610024e+00
3.934000e-05	3.289800e-03	9.453137e+00
3.935000e-05	3.189460e-03	9.306322e+00
3.936000e-05	3.129467e-03	9.199501e+00
3.937000e-05	2.011563e-03	9.043608e+00
3.938000e-05	1.218891e-03	8.862129e+00
3.939000e-05	3.163172e-03	8.705812e+00
3.940000e-05	2.169302e-03	8.546870e+00
3.941000e-05	1.443642e-03	8.400028e+00
3.942000e-05	1.647363e-03	8.231430e+00
3.943000e-05	2.120908e-03	8.062081e+00
3.944000e-05	2.163834e-03	7.873632e+00
3.945000e-05	-1.195724e-03	7.705762e+00
3.946000e-05	-5.149295e-04	7.533584e+00
3.947000e-05	7.627608e-04	7.264156e+00
3.948000e-05	2.677328e-04	7.074139e+00
3.949000e-05	-2.656837e-03	6.894768e+00
3.950000e-05	-1.263896e-03	6.766840e+00
3.951000e-05	9.240730e-04	6.533742e+00
3.952000e-05	-8.546213e-05	6.326242e+00
3.953000e-05	-2.044325e-03	6.146315e+00
3.954000e-05	-1.290494e-03	6.008919e+00
3.955000e-05	-8.851998e-04	5.714314e+00
3.956000e-05	-1.246094e-03	5.517767e+00
3.957000e-05	-3.200666e-03	5.345717e+00
3.958000e-05	-2.632325e-03	5.063134e+00
3.959000e-05	-1.861902e-03	4.830950e+00
3.960000e-05	-2.023824e-03	4.619926e+00
3.961000e-05	-4.319622e-03	4.441479e+00
3.962000e-05	-3.458684e-03	4.218874e+00
3.963000e-05	-1.537611e-03	3.968367e+00
3.964000e-05	-2.654589e-03	3.747296e+00
3.965000e-05	-4.201626e-03	3.578271e+00
3.966000e-05	-3.584977e-03	3.313662e+00
3.967000e-05	-3.924811e-03	3.053709e+00
3.968000e-05	-4.086603e-03	2.893210e+00
3.969000e-05	-5.474170e-03	2.714089e+00
3.970000e-05	-4.204648e-03	2.400503e+00
3.971000e-05	-3.253241e-03	2.208970e+00
3.972000e-05	-2.764224e-03	2.020001e+00
3.973000e-05	-5.121186e-03	1.775816e+00
3.974000e-05	-4.414911e-03	1.515743e+00
3.975000e-05	-3.900858e-03	1.355183e+00
3.976000e-05	-4.622878e-03	1.062458e+00
3.977000e-05	-5.189357e-03	8.083946e-01
3.978000e-05	-5.521596e-03	5.587932e-01
3.979000e-05	-5.514859e-03	3.883695e-01
3.980000e-05	-4.999663e-03	9.215889e-02
3.981000e-05	-4.043221e-03	-8.886598e-02
3.982000e-05	5.602067e-03	-2.953185e-01
3.983000e-05	-3.321846e-03	-4.864945e-01
3.984000e-05	1.037173e-03	-7.594476e-01
3.985000e-05	-5.437319e-03	-9.504951e-01
3.986000e-05	-2.631189e-03	-1.139969e+00
3.987000e-05	-5.338322e-03	-1.401027e+00
3.988000e-05	2.359427e-03	-1.631126e+00
3.989000e-05	7.118853e-02	-1.791623e+00
3.990000e-05	3.052396e-02	-2.032342e+00
3.991000e-05	-6.430558e-02	-2.443735e+00
3.992000e-05	-3.781751e-02	-2.716838e+00
3.993000e-05	-6.211921e-02	-2.832260e+00
3.994000e-05	-5.923906e-02	-3.006063e+00
3.995000e-05	1.651987e-01	-3.159493e+00
3.996000e-05	-1.193663e-01	-3.422679e+00
3.997000e-05	-9.400994e-03	-3.603000e+00
3.998000e-05	1.607520e-01	-3.704873e+00
3.999000e-05	-1.573041e-01	-4.045265e+00
4.000000e-05	9.946725e-02	-4.314812e+00
4.001000e-05	-8.072570e-02	-4.414235e+00
4.002000e-05	-9.839374e-02	-4.708892e+00
4.003000e-05	1.639296e-01	-4.853286e+00
4.004000e-05	-1.004521e-01	-5.070423e+00
4.005000e-05	5.890076e-02	-5.410552e+00
4.006000e-05	-1.537840e-02	-5.561577e+00
4.007000e-05	-7.259407e-02	-5.814581e+00
4.008000e-05	1.188913e-01	-5.961148e+00
4.009000e-05	-1.552277e-01	-6.193130e+00
4.010000e-05	6.303434e-02	-6.433103e+00
4.011000e-05	-1.452958e-04	-6.591577e+00
4.012000e-05	-1.077867e-03	-6.802635e+00
4.013000e-05	4.607488e-02	-6.960023e+00
4.014000e-05	-1.522359e-01	-7.243632e+00
4.015000e-05	1.287610e-01	-7.392581e+00
4.016000e-05	-7.953677e-02	-7.560106e+00
4.017000e-05	1.518671e-02	-7.822132e+00
4.018000e-05	-3.158020e-03	-7.973029e+00
4.019000e-05	-3.198390e-02	-8.192552e+00
4.020000e-05	7.304620e-02	-8.305844e+00
4.021000e-05	-1.108393e-01	-8.488395e+00
4.022000e-05	4.556015e-02	-8.655713e+00
4.023000e-05	-4.413358e-02	-8.795259e+00
4.024000e-05	3.175267e-02	-9.011578e+00
4.025000e-05	-1.757820e-02	-9.139948e+00
4.026000e-05	-3.735354e-02	-9.298315e+00
4.027000e-05	3.674648e-02	-9.413738e+00
4.028000e-05	-4.933181e-02	-9.645111e+00
4.029000e-05	1.426904e-02	-9.748395e+00
4.030000e-05	-4.925205e-02	-9.886315e+00
4.031000e-05	2.403528e-02	-1.002263e+01
4.032000e-05	-1.303708e-02	-1.013857e+01
4.033000e-05	-1.553248e-02	-1.030977e+01
4.034000e-05	-1.729883e-02	-1.042313e+01
4.035000e-05	-1.391287e-02	-1.054052e+01
4.036000e-05	2.622282e-03	-1.064366e+01
4.037000e-05	-3.072693e-02	-1.075090e+01
4.038000e-05	-8.890793e-03	-1.088569e+01
4.039000e-05	-1.734392e-02	-1.094003e+01
4.040000e-05	5.549960e-03	-1.108831e+01
4.041000e-05	-3.209132e-02	-1.115855e+01
4.042000e-05	-1.412046e-02	-1.126627e+01
4.043000e-05	-1.846175e-02	-1.137205e+01
4.044000e-05	-3.185119e-03	-1.152674e+01
4.045000e-05	-2.221170e-02	-1.157142e+01
4.046000e-05	-2.527867e-02	-1.164366e+01
4.047000e-05	-7.506424e-03	-1.173837e+01
4.048000e-05	-1.790014e-02	-1.183310e+01
4.049000e-05	-1.949408e-02	-1.189726e+01
4.050000e-05	-3.349503e-02	-1.197195e+01
4.051000e-05	-7.913654e-03	-1.205411e+01
4.052000e-05	-1.635521e-02	-1.208616e+01
4.053000e-05	-2.450079e-02	-1.212784e+01
4.054000e-05	-3.069272e-02	-1.216942e+01
4.055000e-05	-1.850726e-02	-1.220106e+01
4.056000e-05	-1.617602e-02	-1.224316e+01
4.057000e-05	-3.163357e-02	-1.228469e+01
4.058000e-05	-3.135198e-02	-1.227582e+01
4.059000e-05	-2.316238e-02	-1.230624e+01
4.060000e-05	-2.079303e-02	-1.236990e+01
4.061000e-05	-3.325249e-02	-1.232837e+01
4.062000e-05	-3.733648e-02	-1.238887e+01
4.063000e-05	-2.837298e-02	-1.236943e+01
4.064000e-05	-2.757419e-02	-1.237143e+01
4.065000e-05	-3.682391e-02	-1.236840e+01
4.066000e-05	-3.941690e-02	-1.233935e+01
4.067000e-05	-3.256941e-02	-1.234785e+01
4.068000e-05	-3.088282e-02	-1.234782e+01
4.069000e-05	-3.793562e-02	-1.229626e+01
4.070000e-05	-3.992535e-02	-1.228369e+01
4.071000e-05	-3.385965e-02	-1.223261e+01
4.072000e-05	-2.916084e-02	-1.220208e+01
4.073000e-05	-3.434521e-02	-1.219938e+01
4.074000e-05	-3.577327e-02	-1.213782e+01
4.075000e-05	-3.022389e-02	-1.209672e+01
4.076000e-05	-2.611963e-02	-1.210458e+01
4.077000e-05	-2.972311e-02	-1.200098e+01
4.078000e-05	-3.139612e-02	-1.195734e+01
4.079000e-05	-2.503968e-02	-1.181451e+01
4.080000e-05	-2.195143e-02	-1.177940e+01
4.081000e-05	-2.350269e-02	-1.170424e+01
4.082000e-05	-2.640856e-02	-1.160150e+01
4.083000e-05	-2.117619e-02	-1.150324e+01
4.084000e-05	-1.685686e-02	-1.140056e+01
4.085000e-05	-2.089406e-02	-1.130621e+01
4.086000e-05	-2.203464e-02	-1.124200e+01
4.087000e-05	-1.981041e-02	-1.106616e+01
4.088000e-05	-1.497444e-02	-1.099790e+01
4.089000e-05	-1.570084e-02	-1.089571e+01
4.090000e-05	-1.912078e-02	-1.080892e+01
4.091000e-05	-1.521324e-02	-1.070521e+01
4.092000e-05	-1.256087e-02	-1.058987e+01
4.093000e-05	-1.262919e-02	-1.048616e+01
4.094000e-05	-1.700720e-02	-1.036777e+01
4.095000e-05	-1.388308e-02	-1.018090e+01
4.096000e-05	-1.108037e-02	-1.010213e+01
4.097000e-05	-1.222801e-02	-9.896742e+00
4.098000e-05	-1.466870e-02	-9.800950e+00
4.099000e-05	-1.295643e-02	-9.672686e+00
4.100000e-05	-9.605062e-03	-9.547837e+00
4.101000e-05	-9.656703e-03	-9.377422e+00
4.102000e-05	-1.208975e-02	-9.220000e+00
4.103000e-05	-1.138941e-02	-9.082184e+00
4.104000e-05	-8.448874e-03	-8.905191e+00
4.105000e-05	-9.232716e-03	-8.788871e+00
4.106000e-05	-1.140829e-02	-8.568298e+00
4.107000e-05	-1.076342e-02	-8.421426e+00
4.108000e-05	-8.608803e-03	-8.251558e+00
4.109000e-05	-8.238525e-03	-8.113088e+00
4.110000e-05	-9.866032e-03	-7.944818e+00
4.111000e-05	-9.223893e-03	-7.666634e+00
4.112000e-05	-7.191447e-03	-7.524195e+00
4.113000e-05	-7.090427e-03	-7.306769e+00
4.114000e-05	-8.170196e-03	-7.177795e+00
4.115000e-05	-8.646131e-03	-6.924708e+00
4.116000e-05	-7.662596e-03	-6.716736e+00
4.117000e-05	-6.040446e-03	-6.527321e+00
4.118000e-05	-9.460041e-03	-6.399445e+00
4.119000e-05	-7.314842e-03	-6.176747e+00
4.120000e-05	-7.420296e-03	-5.936219e+00
4.121000e-05	-4.905137e-03	-5.777345e+00
4.122000e-05	-7.379736e-03	-5.606319e+00
4.123000e-05	-6.560054e-03	-5.327214e+00
4.124000e-05	-7.234828e-03	-5.083189e+00
4.125000e-05	-5.040717e-03	-4.868976e+00
4.126000e-05	-7.315628e-03	-4.619870e+00
4.127000e-05	-5.949512e-03	-4.429999e+00
4.128000e-05	-7.261769e-03	-4.251554e+00
4.129000e-05	-3.782768e-03	-4.041055e+00
4.130000e-05	-6.411526e-03	-3.812001e+00
4.131000e-05	-5.708081e-03	-3.609371e+00
4.132000e-05	-5.612641e-03	-3.417796e+00
4.133000e-05	-4.497596e-03	-3.187821e+00
4.134000e-05	-5.819692e-03	-2.903739e+00
4.135000e-05	-4.649619e-03	-2.713189e+00
4.136000e-05	-4.640856e-03	-2.512708e+00
4.137000e-05	-4.115016e-03	-2.303953e+00
4.138000e-05	-4.696843e-03	-2.029974e+00
4.139000e-05	-4.450883e-03	-1.818972e+00
4.140000e-05	-5.131342e-03	-1.600522e+00
4.141000e-05	-5.086847e-03	-1.333689e+00
4.142000e-05	-5.090540e-03	-1.082155e+00
4.143000e-05	-5.287133e-03	-8.710576e-01
4.144000e-05	-2.855025e-03	-6.899772e-01
4.145000e-05	-2.499680e-03	-3.677947e-01
4.146000e-05	-2.103250e-03	-1.683446e-01
4.147000e-05	2.156810e-04	1.165926e-02
4.148000e-05	6.473086e-03	2.772648e-01
4.149000e-05	-2.979958e-03	4.852634e-01
4.150000e-05	2.676953e-03	6.648159e-01
4.151000e-05	-3.132925e-03	8.662596e-01
4.152000e-05	2.849014e-03	1.077895e+00
4.153000e-05	8.427857e-04	1.349548e+00
4.154000e-05	4.395912e-03	1.590579e+00
4.155000e-05	3.220302e-02	1.811158e+00
4.156000e-05	7.612285e-02	2.022236e+00
4.157000e-05	-3.499282e-02	2.298391e+00
4.158000e-05	-4.413486e-02	2.537998e+00
4.159000e-05	-4.061319e-02	2.791632e+00
4.160000e-05	-2.927952e-02	2.987998e+00
4.161000e-05	-4.410959e-02	3.098363e+00
4.162000e-05	1.121027e-01	3.284943e+00
4.163000e-05	-6.658859e-02	3.581473e+00
4.164000e-05	5.532867e-03	3.686341e+00
4.165000e-05	1.308385e-01	3.899494e+00
4.166000e-05	-9.150691e-02	4.169024e+00
4.167000e-05	3.511383e-02	4.361104e+00
4.168000e-05	-3.948489e-02	4.594081e+00
4.169000e-05	-2.451280e-02	4.802178e+00
4.170000e-05	6.947544e-02	5.087444e+00
4.171000e-05	-2.569754e-02	5.341524e+00
4.172000e-05	1.797222e-02	5.519975e+00
4.173000e-05	8.379753e-03	5.751005e+00
4.174000e-05	-2.671434e-02	5.962054e+00
4.175000e-05	2.283505e-02	6.130022e+00
4.176000e-05	-2.682852e-02	6.350998e+00
4.177000e-05	2.668893e-02	6.559472e+00
4.178000e-05	-1.049698e-02	6.752156e+00
4.179000e-05	3.480430e-02	6.971079e+00
4.180000e-05	6.574889e-03	7.139949e+00
4.181000e-05	-4.323575e-02	7.279948e+00
4.182000e-05	3.960148e-02	7.478996e+00
4.183000e-05	-1.710486e-02	7.730475e+00
4.184000e-05	2.184659e-02	7.939449e+00
4.185000e-05	-1.033509e-03	8.130951e+00
4.186000e-05	1.194182e-02	8.326397e+00
4.187000e-05	8.580425e-03	8.465764e+00
4.188000e-05	-8.013880e-03	8.611632e+00
4.189000e-05	7.878730e-03	8.748496e+00
4.190000e-05	-6.072010e-03	8.876893e+00
4.191000e-05	2.142956e-02	9.077892e+00
4.192000e-05	5.953196e-03	9.255261e+00
4.193000e-05	3.661359e-03	9.371505e+00
4.194000e-05	1.016931e-02	9.507422e+00
4.195000e-05	-4.986524e-05	9.666216e+00
4.196000e-05	8.639170e-03	9.822632e+00
4.197000e-05	8.822890e-04	9.982502e+00
4.198000e-05	1.280885e-02	1.012834e+01
4.199000e-05	8.529713e-03	1.022411e+01
4.200000e-05	7.795020e-03	1.031995e+01
4.201000e-05	7.618457e-03	1.043619e+01
4.202000e-05	4.595733e-03	1.056047e+01
4.203000e-05	8.696782e-03	1.071937e+01
4.204000e-05	6.542814e-03	1.081271e+01
4.205000e-05	1.089805e-02	1.091842e+01
4.206000e-05	1.014619e-02	1.103268e+01
4.207000e-05	1.106001e-02	1.110787e+01
4.208000e-05	8.394188e-03	1.119318e+01
4.209000e-05	8.716229e-03	1.128737e+01
4.210000e-05	1.038981e-02	1.141266e+01
4.211000e-05	1.098554e-02	1.151887e+01
4.212000e-05	1.125614e-02	1.162221e+01
4.213000e-05	1.169788e-02	1.165724e+01
4.214000e-05	1.464805e-02	1.174005e+01
4.215000e-05	1.432021e-02	1.182211e+01
4.216000e-05	1.269612e-02	1.188529e+01
4.217000e-05	1.341814e-02	1.192895e+01
4.218000e-05	1.523590e-02	1.198998e+01
4.219000e-05	1.574731e-02	1.204523e+01
4.220000e-05	1.517268e-02	1.209634e+01
4.221000e-05	1.643041e-02	1.212645e+01
4.222000e-05	1.927156e-02	1.217004e+01
4.223000e-05	1.964352e-02	1.221001e+01
4.224000e-05	1.990619e-02	1.220458e+01
4.225000e-05	2.123631e-02	1.221304e+01
4.226000e-05	2.241148e-02	1.227469e+01
4.227000e-05	2.273664e-02	1.231674e+01
4.228000e-05	2.403249e-02	1.229674e+01
4.229000e-05	2.361825e-02	1.231742e+01
4.230000e-05	2.718478e-02	1.227687e+01
4.231000e-05	2.686487e-02	1.227622e+01
4.232000e-05	2.865218e-02	1.230624e+01
4.233000e-05	2.950680e-02	1.224672e+01
4.234000e-05	3.117309e-02	1.221269e+01
4.235000e-05	2.976964e-02	1.223266e+01
4.236000e-05	2.830365e-02	1.217000e+01
4.237000e-05	2.776538e-02	1.213248e+01
4.238000e-05	2.667406e-02	1.212730e+01
4.239000e-05	2.608688e-02	1.209626e+01
4.240000e-05	2.432158e-02	1.205366e+01
4.241000e-05	2.405089e-02	1.202155e+01
4.242000e-05	2.375185e-02	1.193787e+01
4.243000e-05	2.261413e-02	1.189622e+01
4.244000e-05	1.949874e-02	1.183463e+01
4.245000e-05	1.744080e-02	1.176940e+01
4.246000e-05	1.866359e-02	1.168727e+01
4.247000e-05	1.549267e-02	1.164208e+01
4.248000e-05	1.576332e-02	1.154585e+01
4.249000e-05	1.465983e-02	1.145166e+01
4.250000e-05	1.402738e-02	1.134882e+01
4.251000e-05	1.317892e-02	1.126066e+01
4.252000e-05	1.090387e-02	1.120787e+01
4.253000e-05	1.131289e-02	1.106268e+01
4.254000e-05	9.763598e-03	1.095795e+01
4.255000e-05	1.013203e-02	1.088469e+01
4.256000e-05	7.093631e-03	1.078942e+01
4.257000e-05	8.880703e-03	1.063360e+01
4.258000e-05	5.961008e-03	1.050714e+01
4.259000e-05	8.218695e-03	1.043100e+01
4.260000e-05	4.705067e-03	1.026261e+01
4.261000e-05	6.740395e-03	1.013642e+01
4.262000e-05	4.160410e-03	1.002100e+01
4.263000e-05	5.135485e-03	9.845212e+00
4.264000e-05	3.821344e-03	9.706692e+00
4.265000e-05	4.910865e-03	9.578901e+00
4.266000e-05	4.295438e-03	9.420103e+00
4.267000e-05	3.559120e-03	9.314713e+00
4.268000e-05	2.842896e-03	9.188896e+00
4.269000e-05	1.574435e-03	8.979879e+00
4.270000e-05	2.171554e-03	8.811029e+00
4.271000e-05	1.968799e-03	8.663238e+00
4.272000e-05	2.308774e-03	8.506741e+00
4.273000e-05	1.744459e-03	8.389421e+00
4.274000e-05	1.757322e-03	8.189896e+00
4.275000e-05	6.326131e-04	7.979975e+00
4.276000e-05	1.088627e-03	7.802080e+00
4.277000e-05	-2.422993e-04	7.631560e+00
4.278000e-05	5.941096e-04	7.453560e+00
4.279000e-05	-1.124092e-03	7.201577e+00
4.280000e-05	6.886882e-04	7.062108e+00
4.281000e-05	-7.131525e-04	6.873633e+00
4.282000e-05	-1.366705e-04	6.695061e+00
4.283000e-05	-9.389291e-04	6.463108e+00
4.284000e-05	-5.342672e-04	6.294160e+00
4.285000e-05	-5.002377e-04	6.093188e+00
4.286000e-05	-1.172986e-03	5.923191e+00
4.287000e-05	-2.950763e-03	5.681664e+00
4.288000e-05	-1.690183e-03	5.544187e+00
4.289000e-05	-2.333887e-03	5.283154e+00
4.290000e-05	-2.133302e-03	5.002946e+00
4.291000e-05	-2.648720e-03	4.767842e+00
4.292000e-05	-1.484414e-03	4.586745e+00
4.293000e-05	-2.027279e-03	4.388416e+00
4.294000e-05	-2.579787e-03	4.115213e+00
4.295000e-05	-3.475956e-03	3.886163e+00
4.296000e-05	-3.213327e-03	3.747209e+00
4.297000e-05	-3.427650e-03	3.535162e+00
4.298000e-05	-3.766550e-03	3.270528e+00
4.299000e-05	-4.218907e-03	3.083106e+00
4.300000e-05	-3.787416e-03	2.861156e+00
4.301000e-05	-3.936531e-03	2.670500e+00
4.302000e-05	-3.597107e-03	2.388367e+00
4.303000e-05	-3.976314e-03	2.176241e+00
4.304000e-05	-4.173281e-03	1.968317e+00
4.305000e-05	-4.545645e-03	1.714689e+00
4.306000e-05	-4.787208e-03	1.511631e+00
4.307000e-05	-5.381846e-03	1.261055e+00
4.308000e-05	-4.730172e-03	1.005874e+00
4.309000e-05	-4.900177e-03	7.566893e-01
4.310000e-05	-4.743107e-03	5.347393e-01
4.311000e-05	-4.302058e-03	3.567890e-01
4.312000e-05	-3.573525e-03	7.097881e-02
4.313000e-05	-1.996803e-03	-1.204702e-01
4.314000e-05	4.654651e-03	-3.493949e-01
4.315000e-05	-4.763085e-03	-5.609230e-01
4.316000e-05	3.530211e-04	-8.004542e-01
4.317000e-05	-6.494294e-03	-9.915518e-01
4.318000e-05	-1.683242e-03	-1.171078e+00
4.319000e-05	-3.875731e-03	-1.457258e+00
4.320000e-05	1.164574e-02	-1.642683e+00
4.321000e-05	8.992732e-02	-1.843211e+00
4.322000e-05	-1.481023e-02	-2.130427e+00
4.323000e-05	-5.108951e-02	-2.497870e+00
4.324000e-05	-4.735381e-02	-2.727420e+00
4.325000e-05	-7.040012e-02	-2.859862e+00
4.326000e-05	-7.190209e-03	-3.054812e+00
4.327000e-05	1.486981e-01	-3.171128e+00
4.328000e-05	-1.824866e-01	-3.464739e+00
4.329000e-05	1.086186e-01	-3.610578e+00
4.330000e-05	7.342824e-02	-3.792684e+00
4.331000e-05	-1.322705e-01	-4.130924e+00
4.332000e-05	1.196487e-01	-4.294315e+00
4.333000e-05	-1.571796e-01	-4.487897e+00
4.334000e-05	1.386904e-03	-4.779920e+00
4.335000e-05	1.196778e-01	-4.866816e+00
4.336000e-05	-1.102796e-01	-5.162101e+00
4.337000e-05	9.704798e-02	-5.404735e+00
4.338000e-05	-7.662279e-02	-5.625212e+00
4.339000e-05	-4.846948e-03	-5.866315e+00
4.340000e-05	6.724196e-02	-6.021587e+00
4.341000e-05	-1.584793e-01	-6.277767e+00
4.342000e-05	1.147264e-01	-6.443732e+00
4.343000e-05	-5.810664e-02	-6.674213e+00
4.344000e-05	6.331256e-02	-6.834762e+00
4.345000e-05	-3.393868e-02	-7.004055e+00
4.346000e-05	-9.425195e-02	-7.276267e+00
4.347000e-05	1.224004e-01	-7.443179e+00
4.348000e-05	-1.156543e-01	-7.625311e+00
4.349000e-05	6.333724e-02	-7.804740e+00
4.350000e-05	-5.395887e-02	-8.034260e+00
4.351000e-05	3.006188e-02	-8.222658e+00
4.352000e-05	2.103725e-02	-8.348976e+00
4.353000e-05	-9.016513e-02	-8.538422e+00
4.354000e-05	4.684871e-02	-8.717869e+00
4.355000e-05	-5.824009e-02	-8.877314e+00
4.356000e-05	5.357683e-02	-9.023137e+00
4.357000e-05	-5.583772e-02	-9.181027e+00
4.358000e-05	4.576627e-03	-9.368947e+00
4.359000e-05	9.886859e-03	-9.467765e+00
4.360000e-05	-3.330998e-02	-9.655263e+00
4.361000e-05	2.915460e-03	-9.739499e+00
4.362000e-05	-4.481496e-02	-9.908846e+00
4.363000e-05	3.240782e-02	-1.007624e+01
4.364000e-05	-2.870714e-02	-1.017356e+01
4.365000e-05	-4.823124e-03	-1.036852e+01
4.366000e-05	-2.863027e-02	-1.046519e+01
4.367000e-05	1.379668e-03	-1.055098e+01
4.368000e-05	-9.424571e-03	-1.068674e+01
4.369000e-05	-2.445892e-02	-1.081206e+01
4.370000e-05	-1.382413e-02	-1.087539e+01
4.371000e-05	-8.459254e-03	-1.101258e+01
4.372000e-05	-1.865503e-03	-1.109875e+01
4.373000e-05	-3.389348e-02	-1.119515e+01
4.374000e-05	-1.141576e-02	-1.130577e+01
4.375000e-05	-1.901020e-02	-1.138453e+01
4.376000e-05	-1.441219e-03	-1.153584e+01
4.377000e-05	-3.039057e-02	-1.158206e+01
4.378000e-05	-1.570201e-02	-1.169676e+01
4.379000e-05	-1.073012e-02	-1.175848e+01
4.380000e-05	-1.546637e-02	-1.184664e+01
4.381000e-05	-2.492965e-02	-1.190832e+01
4.382000e-05	-2.724266e-02	-1.195453e+01
4.383000e-05	-9.407789e-03	-1.204366e+01
4.384000e-05	-2.082474e-02	-1.208682e+01
4.385000e-05	-2.353108e-02	-1.211932e+01
4.386000e-05	-2.777996e-02	-1.216045e+01
4.387000e-05	-1.553090e-02	-1.217261e+01
4.388000e-05	-2.185489e-02	-1.222469e+01
4.389000e-05	-3.052870e-02	-1.225613e+01
4.390000e-05	-2.950245e-02	-1.229624e+01
4.391000e-05	-2.287853e-02	-1.233887e+01
4.392000e-05	-2.354693e-02	-1.234732e+01
4.393000e-05	-3.350074e-02	-1.237990e+01
4.394000e-05	-3.413947e-02	-1.236985e+01
4.395000e-05	-2.977041e-02	-1.240108e+01
4.396000e-05	-2.865762e-02	-1.237195e+01
4.397000e-05	-3.741323e-02	-1.234985e+01
4.398000e-05	-3.778129e-02	-1.235840e+01
4.399000e-05	-3.271542e-02	-1.235784e+01
4.400000e-05	-3.214842e-02	-1.232732e+01
4.401000e-05	-3.837433e-02	-1.229721e+01
4.402000e-05	-3.988026e-02	-1.228569e+01
4.403000e-05	-3.420077e-02	-1.223356e+01
4.404000e-05	-3.044924e-02	-1.219105e+01
4.405000e-05	-3.466769e-02	-1.214843e+01
4.406000e-05	-3.378439e-02	-1.211782e+01
4.407000e-05	-2.920315e-02	-1.208721e+01
4.408000e-05	-2.703648e-02	-1.202261e+01
4.409000e-05	-2.974165e-02	-1.197048e+01
4.410000e-05	-3.073403e-02	-1.189479e+01
4.411000e-05	-2.455831e-02	-1.183351e+01
4.412000e-05	-2.245185e-02	-1.176142e+01
4.413000e-05	-2.309079e-02	-1.165661e+01
4.414000e-05	-2.446290e-02	-1.158037e+01
4.415000e-05	-2.050154e-02	-1.146519e+01
4.416000e-05	-1.799608e-02	-1.139943e+01
4.417000e-05	-2.146716e-02	-1.129569e+01
4.418000e-05	-1.959052e-02	-1.115085e+01
4.419000e-05	-1.873545e-02	-1.104271e+01
4.420000e-05	-1.485861e-02	-1.096942e+01
4.421000e-05	-1.750508e-02	-1.088311e+01
4.422000e-05	-1.782681e-02	-1.076832e+01
4.423000e-05	-1.464898e-02	-1.067466e+01
4.424000e-05	-1.282680e-02	-1.054832e+01
4.425000e-05	-1.417260e-02	-1.047263e+01
4.426000e-05	-1.504925e-02	-1.030724e+01
4.427000e-05	-1.314737e-02	-1.013787e+01
4.428000e-05	-1.089037e-02	-1.002053e+01
4.429000e-05	-1.245345e-02	-9.916738e+00
4.430000e-05	-1.375623e-02	-9.778949e+00
4.431000e-05	-1.201209e-02	-9.662629e+00
4.432000e-05	-1.054813e-02	-9.474139e+00
4.433000e-05	-1.032130e-02	-9.337666e+00
4.434000e-05	-1.220128e-02	-9.219446e+00
4.435000e-05	-1.064282e-02	-9.063032e+00
4.436000e-05	-8.670613e-03	-8.864632e+00
4.437000e-05	-9.262920e-03	-8.735721e+00
4.438000e-05	-1.082190e-02	-8.496739e+00
4.439000e-05	-1.076285e-02	-8.379373e+00
4.440000e-05	-9.488198e-03	-8.231453e+00
4.441000e-05	-8.513291e-03	-8.082104e+00
4.442000e-05	-9.154120e-03	-7.823610e+00
4.443000e-05	-8.244483e-03	-7.650626e+00
4.444000e-05	-8.086249e-03	-7.481558e+00
4.445000e-05	-7.732117e-03	-7.274640e+00
4.446000e-05	-7.949895e-03	-7.115163e+00
4.447000e-05	-8.206906e-03	-6.882559e+00
4.448000e-05	-8.658969e-03	-6.685636e+00
4.449000e-05	-7.605934e-03	-6.533214e+00
4.450000e-05	-7.336073e-03	-6.356237e+00
4.451000e-05	-7.948264e-03	-6.133737e+00
4.452000e-05	-8.152820e-03	-5.913659e+00
4.453000e-05	-5.640742e-03	-5.687787e+00
4.454000e-05	-6.077476e-03	-5.546763e+00
4.455000e-05	-6.251399e-03	-5.283604e+00
4.456000e-05	-9.276469e-03	-5.052550e+00
4.457000e-05	-5.168829e-03	-4.827346e+00
4.458000e-05	-6.147606e-03	-4.587817e+00
4.459000e-05	-5.449934e-03	-4.388370e+00
4.460000e-05	-8.211919e-03	-4.208949e+00
4.461000e-05	-3.385751e-03	-4.008919e+00
4.462000e-05	-4.628488e-03	-3.755788e+00
4.463000e-05	-5.273122e-03	-3.556766e+00
4.464000e-05	-8.614245e-03	-3.334765e+00
4.465000e-05	-4.799817e-03	-3.175139e+00
4.466000e-05	-4.642545e-03	-2.840553e+00
4.467000e-05	-4.451709e-03	-2.663076e+00
4.468000e-05	-7.420451e-03	-2.430975e+00
4.469000e-05	-2.683199e-03	-2.217892e+00
4.470000e-05	-3.430143e-03	-1.957292e+00
4.471000e-05	-5.003421e-03	-1.747293e+00
4.472000e-05	-8.251304e-03	-1.578146e+00
4.473000e-05	-4.903907e-03	-1.260603e+00
4.474000e-05	-2.051167e-03	-1.029404e+00
4.475000e-05	-5.286873e-03	-8.104010e-01
4.476000e-05	-5.182763e-03	-5.352919e-01
4.477000e-05	-2.367209e-03	-3.463380e-01
4.478000e-05	-6.430249e-04	-1.437367e-01
4.479000e-05	1.776886e-03	6.633480e-02
4.480000e-05	2.978685e-03	3.189924e-01
4.481000e-05	-2.009644e-03	5.473924e-01
4.482000e-05	3.174515e-03	7.079184e-01
4.483000e-05	-2.855556e-03	9.069011e-01
4.484000e-05	5.572983e-04	1.151631e+00
4.485000e-05	4.162972e-04	1.361178e+00
4.486000e-05	9.937983e-03	1.664343e+00
4.487000e-05	4.532158e-02	1.845790e+00
4.488000e-05	6.389753e-02	2.097894e+00
4.489000e-05	-5.664839e-02	2.378450e+00
4.490000e-05	-3.913793e-02	2.614135e+00
4.491000e-05	-3.395091e-02	2.843787e+00
4.492000e-05	-4.269770e-02	3.010055e+00
4.493000e-05	-1.418099e-02	3.138921e+00
4.494000e-05	1.159126e-01	3.350027e+00
4.495000e-05	-1.159254e-01	3.621104e+00
4.496000e-05	9.002766e-02	3.737479e+00
4.497000e-05	6.087252e-02	3.982554e+00
4.498000e-05	-8.110688e-02	4.244183e+00
4.499000e-05	5.637799e-02	4.413210e+00
4.500000e-05	-7.908139e-02	4.645741e+00
4.501000e-05	2.441842e-02	4.864266e+00
4.502000e-05	4.436398e-02	5.120007e+00
4.503000e-05	-2.608148e-02	5.392632e+00
4.504000e-05	2.800972e-02	5.601575e+00
4.505000e-05	-8.136099e-03	5.772607e+00
4.506000e-05	-1.224310e-02	5.993132e+00
4.507000e-05	1.347000e-02	6.202657e+00
4.508000e-05	-2.000377e-02	6.350078e+00
4.509000e-05	2.846970e-02	6.601627e+00
4.510000e-05	-1.694674e-02	6.813635e+00
4.511000e-05	4.926245e-02	6.982652e+00
4.512000e-05	-2.366095e-02	7.192605e+00
4.513000e-05	-1.988821e-02	7.359576e+00
4.514000e-05	3.781254e-02	7.582106e+00
4.515000e-05	-2.179375e-02	7.801630e+00
4.516000e-05	3.058451e-02	7.962158e+00
4.517000e-05	-1.362211e-02	8.193579e+00
4.518000e-05	2.394678e-02	8.380498e+00
4.519000e-05	-4.401400e-03	8.485793e+00
4.520000e-05	1.618097e-03	8.634712e+00
4.521000e-05	1.846829e-03	8.791504e+00
4.522000e-05	-2.120264e-03	8.968974e+00
4.523000e-05	2.377840e-02	9.120424e+00
4.524000e-05	-6.076275e-05	9.267393e+00
4.525000e-05	1.003973e-02	9.413682e+00
4.526000e-05	4.223594e-03	9.551476e+00
4.527000e-05	5.984454e-03	9.697392e+00
4.528000e-05	5.682166e-03	9.826187e+00
4.529000e-05	2.847978e-03	1.000258e+01
4.530000e-05	1.270704e-02	1.012839e+01
4.531000e-05	5.883109e-03	1.025516e+01
4.532000e-05	1.160308e-02	1.037258e+01
4.533000e-05	3.890896e-03	1.049734e+01
4.534000e-05	7.193424e-03	1.063261e+01
4.535000e-05	7.350118e-03	1.072800e+01
4.536000e-05	9.805956e-03	1.084574e+01
4.537000e-05	9.286739e-03	1.098889e+01
4.538000e-05	1.058997e-02	1.103616e+01
4.539000e-05	9.777156e-03	1.110038e+01
4.540000e-05	8.751445e-03	1.120369e+01
4.541000e-05	8.412795e-03	1.133745e+01
4.542000e-05	9.641168e-03	1.142316e+01
4.543000e-05	1.339903e-02	1.154785e+01
4.544000e-05	1.158268e-02	1.161416e+01
4.545000e-05	1.340537e-02	1.166634e+01
4.546000e-05	1.332368e-02	1.175100e+01
4.547000e-05	1.476957e-02	1.184421e+01
4.548000e-05	1.097344e-02	1.186777e+01
4.549000e-05	1.297022e-02	1.193040e+01
4.550000e-05	1.481107e-02	1.200303e+01
4.551000e-05	1.694721e-02	1.201521e+01
4.552000e-05	1.737410e-02	1.207577e+01
4.553000e-05	1.705952e-02	1.210895e+01
4.554000e-05	1.894130e-02	1.217053e+01
4.555000e-05	1.908936e-02	1.220111e+01
4.556000e-05	2.134108e-02	1.225361e+01
4.557000e-05	2.062186e-02	1.222371e+01
4.558000e-05	2.196118e-02	1.223679e+01
4.559000e-05	2.390113e-02	1.226719e+01
4.560000e-05	2.577317e-02	1.226884e+01
4.561000e-05	2.433250e-02	1.230685e+01
4.562000e-05	2.571265e-02	1.225582e+01
4.563000e-05	2.825595e-02	1.233577e+01
4.564000e-05	2.894582e-02	1.224674e+01
4.565000e-05	2.903350e-02	1.223469e+01
4.566000e-05	2.836620e-02	1.224371e+01
4.567000e-05	3.103699e-02	1.218211e+01
4.568000e-05	2.748115e-02	1.218053e+01
4.569000e-05	2.874774e-02	1.213985e+01
4.570000e-05	2.522509e-02	1.214032e+01
4.571000e-05	2.638240e-02	1.206519e+01
4.572000e-05	2.441499e-02	1.204411e+01
4.573000e-05	2.378610e-02	1.199998e+01
4.574000e-05	2.310347e-02	1.191937e+01
4.575000e-05	2.109683e-02	1.188576e+01
4.576000e-05	2.089968e-02	1.183260e+01
4.577000e-05	1.795936e-02	1.172942e+01
4.578000e-05	1.708482e-02	1.168421e+01
4.579000e-05	1.498759e-02	1.162045e+01
4.580000e-05	1.614326e-02	1.153689e+01
4.581000e-05	1.549457e-02	1.142100e+01
4.582000e-05	1.382948e-02	1.130624e+01
4.583000e-05	1.182164e-02	1.122955e+01
4.584000e-05	1.124907e-02	1.114777e+01
4.585000e-05	1.093489e-02	1.101213e+01
4.586000e-05	8.153604e-03	1.095840e+01
4.587000e-05	9.887510e-03	1.084356e+01
4.588000e-05	7.797217e-03	1.073685e+01
4.589000e-05	8.737699e-03	1.060151e+01
4.590000e-05	4.340800e-03	1.046417e+01
4.591000e-05	7.026622e-03	1.036839e+01
4.592000e-05	5.427214e-03	1.023253e+01
4.593000e-05	6.890170e-03	1.011682e+01
4.594000e-05	4.469367e-03	1.000848e+01
4.595000e-05	5.271203e-03	9.833081e+00
4.596000e-05	4.508643e-03	9.681158e+00
4.597000e-05	3.880190e-03	9.548241e+00
4.598000e-05	3.636886e-03	9.399425e+00
4.599000e-05	3.021529e-03	9.274183e+00
4.600000e-05	2.574742e-03	9.116266e+00
4.601000e-05	7.969886e-04	8.935744e+00
4.602000e-05	1.853488e-03	8.808449e+00
4.603000e-05	1.954682e-03	8.632031e+00
4.604000e-05	1.915550e-03	8.464134e+00
4.605000e-05	1.550003e-03	8.327717e+00
4.606000e-05	2.894499e-03	8.149241e+00
4.607000e-05	7.875095e-04	7.937347e+00
4.608000e-05	5.693468e-04	7.759995e+00
4.609000e-05	-1.507850e-03	7.599926e+00
4.610000e-05	1.462455e-03	7.359321e+00
4.611000e-05	-3.501429e-04	7.198470e+00
4.612000e-05	-1.263780e-03	7.021026e+00
4.613000e-05	-1.977007e-03	6.851978e+00
4.614000e-05	3.076421e-04	6.620001e+00
4.615000e-05	-5.561376e-04	6.419474e+00
4.616000e-05	-1.114747e-03	6.241530e+00
4.617000e-05	-1.512452e-03	6.061105e+00
4.618000e-05	-1.228777e-03	5.885157e+00
4.619000e-05	-1.116035e-03	5.651551e+00
4.620000e-05	-3.148412e-03	5.409503e+00
4.621000e-05	-2.483290e-03	5.250449e+00
4.622000e-05	-2.173760e-03	4.954213e+00
4.623000e-05	-1.522244e-03	4.725713e+00
4.624000e-05	-3.493109e-03	4.534187e+00
4.625000e-05	-3.263425e-03	4.346716e+00
4.626000e-05	-2.084885e-03	4.093086e+00
4.627000e-05	-2.509336e-03	3.871656e+00
4.628000e-05	-3.327603e-03	3.681608e+00
4.629000e-05	-4.217311e-03	3.438953e+00
4.630000e-05	-3.591647e-03	3.219351e+00
4.631000e-05	-4.166803e-03	2.988348e+00
4.632000e-05	-4.589613e-03	2.819426e+00
4.633000e-05	-4.429040e-03	2.607266e+00
4.634000e-05	-3.150819e-03	2.315187e+00
4.635000e-05	-3.273992e-03	2.075235e+00
4.636000e-05	-4.315544e-03	1.964689e+00
4.637000e-05	-4.802727e-03	1.691057e+00
4.638000e-05	-4.134613e-03	1.449401e+00
4.639000e-05	-4.213039e-03	1.207846e+00
4.640000e-05	-5.247380e-03	9.026605e-01
4.641000e-05	-5.240917e-03	7.116078e-01
4.642000e-05	-4.322238e-03	4.810789e-01
4.643000e-05	-4.160088e-03	3.110249e-01
4.644000e-05	-4.039245e-03	-1.060294e-02
4.645000e-05	4.920836e-04	-2.026542e-01
4.646000e-05	2.779340e-03	-3.901226e-01
4.647000e-05	-3.457130e-03	-6.237109e-01
4.648000e-05	-2.510184e-03	-8.631593e-01
4.649000e-05	-4.372958e-03	-1.023212e+00
4.650000e-05	-2.960732e-03	-1.212719e+00
4.651000e-05	-3.243480e-03	-1.539796e+00
4.652000e-05	2.418647e-02	-1.685338e+00
4.653000e-05	9.397386e-02	-1.898442e+00
4.654000e-05	-5.179285e-02	-2.225357e+00
4.655000e-05	-3.917736e-02	-2.571052e+00
4.656000e-05	-5.505066e-02	-2.769549e+00
4.657000e-05	-7.895404e-02	-2.969471e+00
4.658000e-05	6.187600e-02	-3.087390e+00
4.659000e-05	8.743884e-02	-3.233815e+00
4.660000e-05	-1.928532e-01	-3.527943e+00
4.661000e-05	1.899215e-01	-3.632635e+00
4.662000e-05	-3.192988e-02	-3.868312e+00
4.663000e-05	-6.436037e-02	-4.202579e+00
4.664000e-05	9.250171e-02	-4.357919e+00
4.665000e-05	-1.968008e-01	-4.572178e+00
4.666000e-05	9.585225e-02	-4.810402e+00
4.667000e-05	4.543484e-02	-4.940505e+00
4.668000e-05	-7.826951e-02	-5.256261e+00
4.669000e-05	9.538689e-02	-5.496315e+00
4.670000e-05	-1.163183e-01	-5.676865e+00
4.671000e-05	6.778538e-02	-5.926869e+00
4.672000e-05	-1.122037e-02	-6.055285e+00
4.673000e-05	-1.132682e-01	-6.339472e+00
4.674000e-05	1.182475e-01	-6.474815e+00
4.675000e-05	-8.352759e-02	-6.697868e+00
4.676000e-05	1.052119e-01	-6.896293e+00
4.677000e-05	-1.098416e-01	-7.076893e+00
4.678000e-05	-1.056088e-02	-7.328894e+00
4.679000e-05	7.701788e-02	-7.435265e+00
4.680000e-05	-1.068330e-01	-7.678416e+00
4.681000e-05	7.606377e-02	-7.899873e+00
4.682000e-05	-8.736724e-02	-8.065388e+00
4.683000e-05	7.800496e-02	-8.255783e+00
4.684000e-05	-3.865275e-02	-8.413057e+00
4.685000e-05	-4.472840e-02	-8.560525e+00
4.686000e-05	2.785227e-02	-8.748951e+00
4.687000e-05	-4.604796e-02	-8.938373e+00
4.688000e-05	5.578277e-02	-9.065236e+00
4.689000e-05	-7.774591e-02	-9.193177e+00
4.690000e-05	3.626886e-02	-9.349551e+00
4.691000e-05	-2.313352e-02	-9.508953e+00
4.692000e-05	-1.002871e-02	-9.705816e+00
4.693000e-05	-1.709807e-02	-9.802006e+00
4.694000e-05	-2.808524e-02	-9.928925e+00
4.695000e-05	2.757484e-02	-1.009429e+01
4.696000e-05	-3.376116e-02	-1.024416e+01
4.697000e-05	8.662188e-04	-1.032098e+01
4.698000e-05	-3.361725e-02	-1.051679e+01
4.699000e-05	1.279715e-02	-1.058408e+01
4.700000e-05	-2.533061e-02	-1.068724e+01
4.701000e-05	-1.426402e-02	-1.083210e+01
4.702000e-05	-1.963488e-02	-1.089782e+01
4.703000e-05	4.500730e-04	-1.102413e+01
4.704000e-05	-1.293172e-02	-1.107984e+01
4.705000e-05	-2.803604e-02	-1.123568e+01
4.706000e-05	-1.133655e-02	-1.128635e+01
4.707000e-05	-1.554820e-02	-1.140319e+01
4.708000e-05	-1.945940e-03	-1.149837e+01
4.709000e-05	-3.363248e-02	-1.158253e+01
4.710000e-05	-9.735962e-03	-1.168689e+01
4.711000e-05	-1.720547e-02	-1.177201e+01
4.712000e-05	-1.324083e-02	-1.183624e+01
4.713000e-05	-2.931591e-02	-1.192940e+01
4.714000e-05	-2.134871e-02	-1.202246e+01
4.715000e-05	-1.139004e-02	-1.208576e+01
4.716000e-05	-2.076952e-02	-1.209681e+01
4.717000e-05	-2.405478e-02	-1.212940e+01
4.718000e-05	-2.707906e-02	-1.218202e+01
4.719000e-05	-1.459639e-02	-1.222311e+01
4.720000e-05	-2.438795e-02	-1.224613e+01
4.721000e-05	-2.937490e-02	-1.227521e+01
4.722000e-05	-2.914955e-02	-1.229834e+01
4.723000e-05	-2.270610e-02	-1.235835e+01
4.724000e-05	-2.534729e-02	-1.234937e+01
4.725000e-05	-3.442996e-02	-1.236942e+01
4.726000e-05	-3.342706e-02	-1.236987e+01
4.727000e-05	-2.840187e-02	-1.238992e+01
4.728000e-05	-3.057041e-02	-1.235140e+01
4.729000e-05	-3.765920e-02	-1.238040e+01
4.730000e-05	-3.817722e-02	-1.234840e+01
4.731000e-05	-3.284460e-02	-1.236800e+01
4.732000e-05	-3.294188e-02	-1.232937e+01
4.733000e-05	-3.822417e-02	-1.231574e+01
4.734000e-05	-3.760183e-02	-1.225468e+01
4.735000e-05	-3.286664e-02	-1.222258e+01
4.736000e-05	-3.079986e-02	-1.219150e+01
4.737000e-05	-3.513050e-02	-1.217880e+01
4.738000e-05	-3.351200e-02	-1.211772e+01
4.739000e-05	-2.855156e-02	-1.209526e+01
4.740000e-05	-2.594340e-02	-1.202156e+01
4.741000e-05	-3.009620e-02	-1.197792e+01
4.742000e-05	-2.898219e-02	-1.191566e+01
4.743000e-05	-2.463810e-02	-1.180048e+01
4.744000e-05	-2.231591e-02	-1.168834e+01
4.745000e-05	-2.444424e-02	-1.166161e+01
4.746000e-05	-2.430567e-02	-1.156845e+01
4.747000e-05	-2.028488e-02	-1.145411e+01
4.748000e-05	-1.757973e-02	-1.131932e+01
4.749000e-05	-2.061762e-02	-1.121511e+01
4.750000e-05	-2.102397e-02	-1.114684e+01
4.751000e-05	-1.844876e-02	-1.104161e+01
4.752000e-05	-1.470522e-02	-1.093737e+01
4.753000e-05	-1.687079e-02	-1.084261e+01
4.754000e-05	-1.802746e-02	-1.075687e+01
4.755000e-05	-1.529222e-02	-1.065460e+01
4.756000e-05	-1.188829e-02	-1.052730e+01
4.757000e-05	-1.315095e-02	-1.041298e+01
4.758000e-05	-1.595321e-02	-1.028509e+01
4.759000e-05	-1.285235e-02	-1.012572e+01
4.760000e-05	-1.060521e-02	-9.999949e+00
4.761000e-05	-1.253926e-02	-9.883586e+00
4.762000e-05	-1.377992e-02	-9.727843e+00
4.763000e-05	-1.253652e-02	-9.640605e+00
4.764000e-05	-1.008675e-02	-9.505135e+00
4.765000e-05	-9.663870e-03	-9.285262e+00
4.766000e-05	-1.213175e-02	-9.137820e+00
4.767000e-05	-1.063741e-02	-8.990399e+00
4.768000e-05	-8.185643e-03	-8.872558e+00
4.769000e-05	-9.097157e-03	-8.655613e+00
4.770000e-05	-1.125867e-02	-8.474661e+00
4.771000e-05	-1.087320e-02	-8.327391e+00
4.772000e-05	-7.857226e-03	-8.188850e+00
4.773000e-05	-8.541379e-03	-7.989997e+00
4.774000e-05	-9.613125e-03	-7.831374e+00
4.775000e-05	-9.457539e-03	-7.578974e+00
4.776000e-05	-6.725627e-03	-7.409480e+00
4.777000e-05	-6.803810e-03	-7.262058e+00
4.778000e-05	-8.616202e-03	-7.073555e+00
4.779000e-05	-8.452690e-03	-6.850550e+00
4.780000e-05	-6.719361e-03	-6.673583e+00
4.781000e-05	-7.410840e-03	-6.474086e+00
4.782000e-05	-8.240265e-03	-6.333583e+00
4.783000e-05	-8.320468e-03	-6.071077e+00
4.784000e-05	-6.353897e-03	-5.864552e+00
4.785000e-05	-6.233223e-03	-5.672007e+00
4.786000e-05	-7.144201e-03	-5.504482e+00
4.787000e-05	-5.913792e-03	-5.218970e+00
4.788000e-05	-6.996786e-03	-4.987844e+00
4.789000e-05	-4.502959e-03	-4.733113e+00
4.790000e-05	-7.626943e-03	-4.545264e+00
4.791000e-05	-5.651705e-03	-4.357793e+00
4.792000e-05	-6.473072e-03	-4.136790e+00
4.793000e-05	-4.788490e-03	-3.957838e+00
4.794000e-05	-7.851261e-03	-3.684611e+00
4.795000e-05	-4.584507e-03	-3.474659e+00
4.796000e-05	-8.179156e-03	-3.283534e+00
4.797000e-05	-3.700295e-03	-3.051497e+00
4.798000e-05	-7.323637e-03	-2.809897e+00
4.799000e-05	-2.479428e-03	-2.629426e+00
4.800000e-05	-5.531682e-03	-2.407972e+00
4.801000e-05	-2.576822e-03	-2.135811e+00
4.802000e-05	-6.135713e-03	-1.943739e+00
4.803000e-05	-4.589041e-03	-1.735210e+00
4.804000e-05	-6.507467e-03	-1.471979e+00
4.805000e-05	-4.174951e-03	-1.198970e+00
4.806000e-05	-5.368371e-03	-9.877882e-01
4.807000e-05	-3.783777e-03	-7.773417e-01
4.808000e-05	-3.348992e-03	-5.216328e-01
4.809000e-05	-1.612655e-03	-2.935814e-01
4.810000e-05	-9.320013e-04	-1.016276e-01
4.811000e-05	3.489666e-03	1.175740e-01
4.812000e-05	8.370254e-04	3.905777e-01
4.813000e-05	-6.171831e-04	5.901302e-01
4.814000e-05	-4.719507e-04	7.700476e-01
4.815000e-05	-1.258146e-03	9.226043e-01
4.816000e-05	7.169248e-04	1.224712e+00
4.817000e-05	1.854002e-03	1.422706e+00
4.818000e-05	1.487925e-02	1.686971e+00
4.819000e-05	5.954396e-02	1.907969e+00
4.820000e-05	3.877919e-02	2.190498e+00
4.821000e-05	-6.037384e-02	2.411151e+00
4.822000e-05	-4.078058e-02	2.667792e+00
4.823000e-05	-2.646832e-02	2.866290e+00
4.824000e-05	-5.482533e-02	3.023208e+00
4.825000e-05	2.984170e-02	3.190578e+00
4.826000e-05	8.137779e-02	3.446264e+00
4.827000e-05	-1.255478e-01	3.644211e+00
4.828000e-05	1.525357e-01	3.812203e+00
4.829000e-05	-1.033603e-02	4.035215e+00
4.830000e-05	-5.220425e-02	4.246871e+00
4.831000e-05	5.068011e-02	4.465864e+00
4.832000e-05	-9.061801e-02	4.770394e+00
4.833000e-05	6.431987e-02	4.909427e+00
4.834000e-05	1.215722e-02	5.215137e+00
4.835000e-05	-1.892552e-02	5.443661e+00
4.836000e-05	3.023394e-02	5.603635e+00
4.837000e-05	-2.015188e-02	5.835367e+00
4.838000e-05	5.717566e-03	6.065737e+00
4.839000e-05	-3.951521e-03	6.244241e+00
4.840000e-05	-3.381208e-03	6.455158e+00
4.841000e-05	2.085080e-02	6.656290e+00
4.842000e-05	-1.010662e-02	6.836388e+00
4.843000e-05	4.920755e-02	7.044687e+00
4.844000e-05	-4.640624e-02	7.242158e+00
4.845000e-05	6.718605e-03	7.402683e+00
4.846000e-05	2.319388e-02	7.644660e+00
4.847000e-05	-1.277769e-02	7.815261e+00
4.848000e-05	2.744585e-02	8.044815e+00
4.849000e-05	-1.573030e-02	8.253185e+00
4.850000e-05	2.809504e-02	8.371457e+00
4.851000e-05	-1.304252e-02	8.517519e+00
4.852000e-05	8.638398e-03	8.654314e+00
4.853000e-05	-2.517739e-03	8.804135e+00
4.854000e-05	5.095120e-03	9.002579e+00
4.855000e-05	2.267346e-02	9.170527e+00
4.856000e-05	-7.081292e-03	9.339423e+00
4.857000e-05	1.588986e-02	9.444715e+00
4.858000e-05	-2.579241e-03	9.603006e+00
4.859000e-05	1.179842e-02	9.707899e+00
4.860000e-05	-1.081508e-03	9.878850e+00
4.861000e-05	7.568117e-03	1.004426e+01
4.862000e-05	1.127636e-02	1.015845e+01
4.863000e-05	7.809141e-03	1.027730e+01
4.864000e-05	9.603699e-03	1.040261e+01
4.865000e-05	2.520165e-03	1.053894e+01
4.866000e-05	9.449536e-03	1.064524e+01
4.867000e-05	6.438292e-03	1.074055e+01
4.868000e-05	1.095266e-02	1.087579e+01
4.869000e-05	8.149607e-03	1.095005e+01
4.870000e-05	1.236043e-02	1.105526e+01
4.871000e-05	9.114512e-03	1.114093e+01
4.872000e-05	9.749565e-03	1.123469e+01
4.873000e-05	7.751054e-03	1.136845e+01
4.874000e-05	1.077121e-02	1.147629e+01
4.875000e-05	1.362485e-02	1.154043e+01
4.876000e-05	1.104874e-02	1.163369e+01
4.877000e-05	1.439415e-02	1.171685e+01
4.878000e-05	1.318309e-02	1.175258e+01
4.879000e-05	1.538236e-02	1.184479e+01
4.880000e-05	1.022615e-02	1.189785e+01
4.881000e-05	1.382531e-02	1.193043e+01
4.882000e-05	1.614252e-02	1.202356e+01
4.883000e-05	1.780805e-02	1.201471e+01
4.884000e-05	1.663121e-02	1.208531e+01
4.885000e-05	1.609855e-02	1.213937e+01
4.886000e-05	2.041526e-02	1.218058e+01
4.887000e-05	1.997378e-02	1.218151e+01
4.888000e-05	2.090749e-02	1.222161e+01
4.889000e-05	2.020610e-02	1.224514e+01
4.890000e-05	2.433448e-02	1.228569e+01
4.891000e-05	2.479891e-02	1.226627e+01
4.892000e-05	2.355402e-02	1.229477e+01
4.893000e-05	2.445427e-02	1.224725e+01
4.894000e-05	2.663020e-02	1.226787e+01
4.895000e-05	2.922020e-02	1.229772e+01
4.896000e-05	2.813205e-02	1.226624e+01
4.897000e-05	2.912452e-02	1.228516e+01
4.898000e-05	3.135878e-02	1.222416e+01
4.899000e-05	2.998887e-02	1.221166e+01
4.900000e-05	2.806517e-02	1.215150e+01
4.901000e-05	2.700168e-02	1.214890e+01
4.902000e-05	2.517470e-02	1.207724e+01
4.903000e-05	2.786681e-02	1.205476e+01
4.904000e-05	2.243875e-02	1.202308e+01
4.905000e-05	2.481662e-02	1.197945e+01
4.906000e-05	2.234089e-02	1.191829e+01
4.907000e-05	2.269061e-02	1.187369e+01
4.908000e-05	1.952332e-02	1.182053e+01
4.909000e-05	1.694144e-02	1.170885e+01
4.910000e-05	1.697938e-02	1.167376e+01
4.911000e-05	1.557237e-02	1.160043e+01
4.912000e-05	1.362584e-02	1.147459e+01
4.913000e-05	1.467314e-02	1.139097e+01
4.914000e-05	1.411102e-02	1.124469e+01
4.915000e-05	1.363522e-02	1.120053e+01
4.916000e-05	1.052278e-02	1.109524e+01
4.917000e-05	8.664555e-03	1.098056e+01
4.918000e-05	8.871173e-03	1.092522e+01
4.919000e-05	9.206494e-03	1.083206e+01
4.920000e-05	8.737401e-03	1.074582e+01
4.921000e-05	8.017027e-03	1.053840e+01
4.922000e-05	6.508728e-03	1.044261e+01
4.923000e-05	7.119381e-03	1.032764e+01
4.924000e-05	5.232272e-03	1.021052e+01
4.925000e-05	4.471836e-03	1.007576e+01
4.926000e-05	3.494594e-03	9.976322e+00
4.927000e-05	5.876823e-03	9.749978e+00
4.928000e-05	4.093508e-03	9.682582e+00
4.929000e-05	4.289295e-03	9.507717e+00
4.930000e-05	2.579323e-03	9.348946e+00
4.931000e-05	4.429496e-03	9.212604e+00
4.932000e-05	3.316351e-03	9.116238e+00
4.933000e-05	1.723074e-03	8.894764e+00
4.934000e-05	1.270536e-03	8.766395e+00
4.935000e-05	1.874818e-03	8.559448e+00
4.936000e-05	1.083494e-03	8.451127e+00
4.937000e-05	6.686771e-04	8.275157e+00
4.938000e-05	1.755464e-03	8.123691e+00
4.939000e-05	2.230576e-03	7.884840e+00
4.940000e-05	1.184416e-03	7.727371e+00
4.941000e-05	-7.969766e-04	7.549893e+00
4.942000e-05	6.997687e-04	7.354690e+00
4.943000e-05	-1.565670e-04	7.168342e+00
4.944000e-05	-1.954479e-03	6.968294e+00
4.945000e-05	-9.272880e-04	6.789323e+00
4.946000e-05	-1.967241e-03	6.558296e+00
4.947000e-05	1.541753e-03	6.377794e+00
4.948000e-05	-2.939877e-03	6.188970e+00
4.949000e-05	6.457019e-04	6.051949e+00
4.950000e-05	-1.388045e-03	5.829455e+00
4.951000e-05	1.683395e-03	5.588447e+00
4.952000e-05	-4.390256e-03	5.419447e+00
4.953000e-05	-3.656078e-03	5.137317e+00
4.954000e-05	-4.868657e-03	4.912656e+00
4.955000e-05	-2.313529e-03	4.662632e+00
4.956000e-05	-3.237940e-03	4.472130e+00
4.957000e-05	-1.842990e-03	4.263007e+00
4.958000e-05	7.568290e-05	4.059900e+00
4.959000e-05	-1.969055e-03	3.810051e+00
4.960000e-05	-1.034818e-03	3.609926e+00
4.961000e-05	-9.174329e-03	3.407948e+00
4.962000e-05	-1.865448e-03	3.157792e+00
4.963000e-05	-7.764685e-03	2.946241e+00
4.964000e-05	-1.394485e-03	2.807293e+00
4.965000e-05	-4.980096e-03	2.473086e+00
4.966000e-05	6.838841e-04	2.270553e+00
4.967000e-05	-3.291851e-03	2.060054e+00
4.968000e-05	-4.582856e-03	1.922082e+00
4.969000e-05	-7.117356e-03	1.616846e+00
4.970000e-05	-6.365769e-03	1.345797e+00
4.971000e-05	-4.544183e-03	1.115788e+00
4.972000e-05	-5.941921e-03	8.610266e-01
4.973000e-05	-3.494306e-03	6.594050e-01
4.974000e-05	-3.019316e-03	4.494761e-01
4.975000e-05	-1.476315e-03	1.984205e-01
4.976000e-05	-6.892167e-03	-4.416203e-02
4.977000e-05	2.281759e-03	-2.636857e-01
4.978000e-05	-2.473921e-03	-4.207057e-01
4.979000e-05	-7.049092e-04	-7.297911e-01
4.980000e-05	-6.097617e-03	-8.752120e-01
4.981000e-05	-2.075710e-03	-1.075740e+00
4.982000e-05	-2.345611e-03	-1.275394e+00
4.983000e-05	1.000389e-03	-1.579472e+00
4.984000e-05	4.339917e-02	-1.749466e+00
4.985000e-05	7.556509e-02	-1.950023e+00
4.986000e-05	-6.916414e-02	-2.320477e+00
4.987000e-05	-3.605541e-02	-2.614186e+00
4.988000e-05	-6.021531e-02	-2.781627e+00
4.989000e-05	-8.420372e-02	-3.021978e+00
4.990000e-05	1.283762e-01	-3.114445e+00
4.991000e-05	-1.431721e-03	-3.277918e+00
4.992000e-05	-1.389898e-01	-3.551521e+00
4.993000e-05	2.119943e-01	-3.645737e+00
4.994000e-05	-1.151688e-01	-3.922577e+00
4.995000e-05	1.899017e-02	-4.213658e+00
4.996000e-05	2.345383e-02	-4.338102e+00
4.997000e-05	-1.830594e-01	-4.647180e+00
4.998000e-05	1.564526e-01	-4.810057e+00
4.999000e-05	-3.117983e-02	-5.014211e+00
