# 260928_12:38:36.582948
t	CH1	CH2
0.000000e+00	-3.030260e-03	-2.802029e+00
1.000000e-08	-1.478251e-02	-2.853058e+00
2.000000e-08	-1.288277e-02	-2.894666e+00
3.000000e-08	-3.351720e-03	-2.896169e+00
4.000000e-08	-4.781193e-03	-2.947347e+00
5.000000e-08	-1.180092e-02	-2.999428e+00
6.000000e-08	-1.354427e-02	-3.063635e+00
7.000000e-08	-4.384646e-03	-3.076613e+00
8.000000e-08	-5.159475e-03	-3.117343e+00
9.000000e-08	-1.270692e-02	-3.148370e+00
1.000000e-07	-1.495543e-02	-3.178449e+00
1.100000e-07	-6.651737e-03	-3.199424e+00
1.200000e-07	-6.572762e-03	-3.190527e+00
1.300000e-07	-1.013150e-02	-3.231030e+00
1.400000e-07	-1.521805e-02	-3.241105e+00
1.500000e-07	-6.569851e-03	-3.243714e+00
1.600000e-07	-6.376594e-03	-3.302591e+00
1.700000e-07	-1.135320e-02	-3.325815e+00
1.800000e-07	-1.506312e-02	-3.346295e+00
1.900000e-07	-8.592973e-03	-3.347822e+00
2.000000e-07	-7.343220e-03	-3.337824e+00
2.100000e-07	-1.168377e-02	-3.379426e+00
2.200000e-07	-1.516912e-02	-3.401025e+00
2.300000e-07	-1.033636e-02	-3.421028e+00
2.400000e-07	-6.944783e-03	-3.441532e+00
2.500000e-07	-1.165622e-02	-3.463108e+00
2.600000e-07	-1.425778e-02	-3.485218e+00
2.700000e-07	-1.144392e-02	-3.486793e+00
2.800000e-07	-8.183298e-03	-3.516290e+00
2.900000e-07	-1.272227e-02	-3.568846e+00
3.000000e-07	-1.475153e-02	-3.588420e+00
3.100000e-07	-1.288519e-02	-3.568946e+00
3.200000e-07	-8.914159e-03	-3.588898e+00
3.300000e-07	-1.226057e-02	-3.589448e+00
3.400000e-07	-1.493395e-02	-3.599449e+00
3.500000e-07	-1.225911e-02	-3.590478e+00
3.600000e-07	-9.771832e-03	-3.650529e+00
3.700000e-07	-1.186459e-02	-3.643030e+00
3.800000e-07	-1.540586e-02	-3.622057e+00
3.900000e-07	-1.404903e-02	-3.653557e+00
4.000000e-07	-1.173792e-02	-3.623184e+00
4.100000e-07	-1.262923e-02	-3.694086e+00
4.200000e-07	-1.537974e-02	-3.694741e+00
4.300000e-07	-1.569167e-02	-3.666665e+00
4.400000e-07	-1.167481e-02	-3.725718e+00
4.500000e-07	-1.314364e-02	-3.735820e+00
4.600000e-07	-1.426147e-02	-3.717243e+00
4.700000e-07	-1.562711e-02	-3.748967e+00
4.800000e-07	-1.228792e-02	-3.798377e+00
4.900000e-07	-1.438902e-02	-3.832579e+00
5.000000e-07	-1.710928e-02	-3.821454e+00
5.100000e-07	-1.718408e-02	-3.852583e+00
5.200000e-07	-1.504163e-02	-3.863005e+00
5.300000e-07	-1.505505e-02	-3.853163e+00
5.400000e-07	-1.648813e-02	-3.825032e+00
5.500000e-07	-1.566821e-02	-3.914240e+00
5.600000e-07	-1.509388e-02	-3.874690e+00
5.700000e-07	-1.464988e-02	-3.943287e+00
5.800000e-07	-1.916058e-02	-3.908261e+00
5.900000e-07	-1.858317e-02	-3.953841e+00
6.000000e-07	-1.826462e-02	-3.918261e+00
6.100000e-07	-1.729138e-02	-3.955265e+00
6.200000e-07	-1.913355e-02	-3.946786e+00
6.300000e-07	-1.777395e-02	-3.927921e+00
6.400000e-07	-1.703834e-02	-3.916840e+00
6.500000e-07	-1.729635e-02	-3.957815e+00
6.600000e-07	-1.941489e-02	-3.935846e+00
6.700000e-07	-1.986502e-02	-3.947343e+00
6.800000e-07	-1.899879e-02	-3.945322e+00
6.900000e-07	-2.113374e-02	-3.928294e+00
7.000000e-07	-2.098472e-02	-3.915863e+00
7.100000e-07	-2.054929e-02	-3.947342e+00
7.200000e-07	-1.874376e-02	-3.906866e+00
7.300000e-07	-2.020185e-02	-3.915367e+00
7.400000e-07	-1.981370e-02	-3.936340e+00
7.500000e-07	-2.176184e-02	-3.928792e+00
7.600000e-07	-2.169523e-02	-3.956241e+00
7.700000e-07	-2.426022e-02	-3.924643e+00
7.800000e-07	-2.123777e-02	-3.915785e+00
7.900000e-07	-2.206791e-02	-3.936762e+00
8.000000e-07	-2.057938e-02	-3.915762e+00
8.100000e-07	-2.114053e-02	-3.876239e+00
8.200000e-07	-2.043408e-02	-3.853211e+00
8.300000e-07	-2.114452e-02	-3.874607e+00
8.400000e-07	-2.325208e-02	-3.833729e+00
8.500000e-07	-2.160876e-02	-3.832061e+00
8.600000e-07	-2.173556e-02	-3.861555e+00
8.700000e-07	-2.030044e-02	-3.772368e+00
8.800000e-07	-2.117309e-02	-3.777295e+00
8.900000e-07	-2.043182e-02	-3.716290e+00
9.000000e-07	-2.071150e-02	-3.757389e+00
9.100000e-07	-2.058183e-02	-3.717314e+00
9.200000e-07	-2.168729e-02	-3.662857e+00
9.300000e-07	-2.101304e-02	-3.713258e+00
9.400000e-07	-1.909773e-02	-3.673181e+00
9.500000e-07	-1.897525e-02	-3.652109e+00
9.600000e-07	-1.951649e-02	-3.642179e+00
9.700000e-07	-1.953669e-02	-3.632003e+00
9.800000e-07	-1.957644e-02	-3.641004e+00
9.900000e-07	-1.964877e-02	-3.600553e+00
1.000000e-06	-1.805742e-02	-3.600028e+00
1.010000e-06	-1.869372e-02	-3.600001e+00
1.020000e-06	-1.882916e-02	-3.599974e+00
1.030000e-06	-1.732817e-02	-3.599948e+00
1.040000e-06	-1.717819e-02	-3.560445e+00
1.050000e-06	-1.698789e-02	-3.587396e+00
1.060000e-06	-1.767680e-02	-3.567866e+00
1.070000e-06	-1.693346e-02	-3.546791e+00
1.080000e-06	-1.566310e-02	-3.535866e+00
1.090000e-06	-1.627888e-02	-3.486310e+00
1.100000e-06	-1.673677e-02	-3.474683e+00
1.110000e-06	-1.670661e-02	-3.442679e+00
1.120000e-06	-1.516620e-02	-3.422052e+00
1.130000e-06	-1.509508e-02	-3.432052e+00
1.140000e-06	-1.540620e-02	-3.410001e+00
1.150000e-06	-1.539577e-02	-3.389474e+00
1.160000e-06	-1.357499e-02	-3.367343e+00
1.170000e-06	-1.373273e-02	-3.346841e+00
1.180000e-06	-1.433102e-02	-3.303262e+00
1.190000e-06	-1.468895e-02	-3.264630e+00
1.200000e-06	-1.437247e-02	-3.274129e+00
1.210000e-06	-1.359941e-02	-3.231029e+00
1.220000e-06	-1.460675e-02	-3.201528e+00
1.230000e-06	-1.330602e-02	-3.241026e+00
1.240000e-06	-1.204722e-02	-3.188950e+00
1.250000e-06	-1.133290e-02	-3.167923e+00
1.260000e-06	-1.276012e-02	-3.166394e+00
1.270000e-06	-1.313130e-02	-3.137868e+00
1.280000e-06	-1.182968e-02	-3.134790e+00
1.290000e-06	-1.185515e-02	-3.071673e+00
1.300000e-06	-1.252168e-02	-3.021147e+00
1.310000e-06	-1.292794e-02	-2.994842e+00
1.320000e-06	-1.078116e-02	-2.904758e+00
1.330000e-06	-1.042946e-02	-2.904734e+00
1.340000e-06	-1.068820e-02	-2.882653e+00
1.350000e-06	-1.235177e-02	-2.801576e+00
1.360000e-06	-9.668082e-03	-2.811502e+00
1.370000e-06	-1.006255e-02	-2.798499e+00
1.380000e-06	-1.054454e-02	-2.789922e+00
1.390000e-06	-1.236483e-02	-2.767895e+00
1.400000e-06	-9.577651e-03	-2.725868e+00
1.410000e-06	-9.816906e-03	-2.703337e+00
1.420000e-06	-9.533391e-03	-2.682628e+00
1.430000e-06	-1.144717e-02	-2.631574e+00
1.440000e-06	-8.845064e-03	-2.610525e+00
1.450000e-06	-8.681250e-03	-2.549571e+00
1.460000e-06	-8.569076e-03	-2.557394e+00
1.470000e-06	-1.042238e-02	-2.525835e+00
1.480000e-06	-9.284003e-03	-2.502710e+00
1.490000e-06	-8.969909e-03	-2.451102e+00
1.500000e-06	-9.404672e-03	-2.441127e+00
1.510000e-06	-9.918629e-03	-2.401525e+00
1.520000e-06	-9.376440e-03	-2.379421e+00
1.530000e-06	-8.112483e-03	-2.367366e+00
1.540000e-06	-8.143022e-03	-2.295286e+00
1.550000e-06	-8.366444e-03	-2.284779e+00
1.560000e-06	-8.620546e-03	-2.242049e+00
1.570000e-06	-7.300316e-03	-2.166866e+00
1.580000e-06	-7.040356e-03	-2.104236e+00
1.590000e-06	-8.556996e-03	-2.053131e+00
1.600000e-06	-8.187090e-03	-2.022078e+00
1.610000e-06	-6.636841e-03	-1.990499e+00
1.620000e-06	-7.845388e-03	-1.990000e+00
1.630000e-06	-6.734613e-03	-1.956894e+00
1.640000e-06	-7.847093e-03	-1.896817e+00
1.650000e-06	-6.289650e-03	-1.943662e+00
1.660000e-06	-5.810943e-03	-1.861631e+00
1.670000e-06	-6.893105e-03	-1.832500e+00
1.680000e-06	-6.460441e-03	-1.799421e+00
1.690000e-06	-7.208201e-03	-1.777391e+00
1.700000e-06	-5.202812e-03	-1.725233e+00
1.710000e-06	-7.250462e-03	-1.734712e+00
1.720000e-06	-7.324813e-03	-1.652507e+00
1.730000e-06	-5.994937e-03	-1.610002e+00
1.740000e-06	-5.598835e-03	-1.598549e+00
1.750000e-06	-5.402588e-03	-1.567893e+00
1.760000e-06	-6.359178e-03	-1.527340e+00
1.770000e-06	-5.687968e-03	-1.501736e+00
1.780000e-06	-5.129521e-03	-1.388425e+00
1.790000e-06	-6.675281e-03	-1.345712e+00
1.800000e-06	-6.333077e-03	-1.252707e+00
1.810000e-06	-5.695872e-03	-1.241552e+00
1.820000e-06	-5.664018e-03	-1.200518e+00
1.830000e-06	-4.461546e-03	-1.167395e+00
1.840000e-06	-5.970111e-03	-1.105842e+00
1.850000e-06	-4.501385e-03	-1.063208e+00
1.860000e-06	-4.774105e-03	-1.051053e+00
1.870000e-06	-3.718076e-03	-1.020004e+00
1.880000e-06	-4.853434e-03	-9.979623e-01
1.890000e-06	-6.204519e-03	-9.673608e-01
1.900000e-06	-4.621305e-03	-8.736607e-01
1.910000e-06	-5.190817e-03	-8.726042e-01
1.920000e-06	-4.368727e-03	-7.910240e-01
1.930000e-06	-4.868383e-03	-8.104237e-01
1.940000e-06	-3.081485e-03	-7.879437e-01
1.950000e-06	-4.028254e-03	-7.652885e-01
1.960000e-06	-3.162455e-03	-6.836844e-01
1.970000e-06	-5.658157e-03	-6.610664e-01
1.980000e-06	-5.303744e-03	-5.642662e-01
1.990000e-06	-4.373712e-03	-4.946607e-01
2.000000e-06	-3.902185e-03	-4.705778e-01
2.010000e-06	-4.750358e-03	-4.210490e-01
2.020000e-06	-3.925427e-03	-3.889439e-01
2.030000e-06	-2.359087e-03	-3.869461e-01
2.040000e-06	-3.426345e-03	-3.358345e-01
2.050000e-06	-3.734809e-03	-2.547055e-01
2.060000e-06	-5.182974e-03	-2.210293e-01
2.070000e-06	-3.317192e-03	-2.099738e-01
2.080000e-06	-4.484483e-03	-1.794161e-01
2.090000e-06	-2.711248e-03	-1.248370e-01
2.100000e-06	-3.583139e-03	-1.038330e-01
2.110000e-06	-9.538894e-04	-3.262771e-02
2.120000e-06	-1.692349e-03	-1.060032e-02
2.130000e-06	-3.466698e-04	1.050119e-02
2.140000e-06	-2.402334e-03	2.263382e-02
2.150000e-06	-1.465594e-03	6.413282e-02
2.160000e-06	-1.217614e-03	1.373746e-01
2.170000e-06	1.341158e-03	1.884762e-01
2.180000e-06	4.769616e-03	2.535641e-01
2.190000e-06	1.633046e-02	3.362707e-01
2.200000e-06	4.987908e-03	3.589734e-01
2.210000e-06	-4.406401e-02	4.405274e-01
2.220000e-06	-1.444384e-02	4.105051e-01
2.230000e-06	1.615120e-02	4.336090e-01
2.240000e-06	3.667817e-02	4.942355e-01
2.250000e-06	-4.330414e-02	5.573946e-01
2.260000e-06	-2.025606e-02	5.779475e-01
2.270000e-06	6.105967e-02	5.999800e-01
2.280000e-06	-7.079197e-03	6.621579e-01
2.290000e-06	-1.257825e-02	6.556869e-01
2.300000e-06	-2.363266e-02	7.373694e-01
2.310000e-06	1.449651e-02	7.794960e-01
2.320000e-06	-6.868298e-03	8.099974e-01
2.330000e-06	2.528365e-02	8.230363e-01
2.340000e-06	-2.369849e-03	8.751580e-01
2.350000e-06	-4.216680e-02	9.357219e-01
2.360000e-06	1.398599e-02	9.879722e-01
2.370000e-06	4.762580e-02	1.032885e+00
2.380000e-06	-3.585134e-02	1.096343e+00
2.390000e-06	-3.488292e-02	1.157245e+00
2.400000e-06	4.133610e-02	1.189030e+00
2.410000e-06	2.413661e-02	1.221109e+00
2.420000e-06	-2.936912e-02	1.256242e+00
2.430000e-06	-2.374006e-02	1.327292e+00
2.440000e-06	2.627730e-02	1.387421e+00
2.450000e-06	1.229279e-02	1.358555e+00
2.460000e-06	-8.787423e-03	1.452610e+00
2.470000e-06	-1.708841e-02	1.477170e+00
2.480000e-06	1.717900e-02	1.515753e+00
2.490000e-06	1.125350e-02	1.602551e+00
2.500000e-06	-9.478451e-03	1.670110e+00
2.510000e-06	-1.272948e-02	1.703716e+00
2.520000e-06	9.285594e-03	1.716842e+00
2.530000e-06	7.866539e-03	1.738822e+00
2.540000e-06	1.152153e-03	1.809451e+00
2.550000e-06	-8.942125e-03	1.811980e+00
2.560000e-06	1.886995e-03	1.842610e+00
2.570000e-06	1.328631e-02	1.904163e+00
2.580000e-06	-4.946079e-04	1.967321e+00
2.590000e-06	-9.479214e-03	1.968471e+00
2.600000e-06	4.280065e-03	2.008974e+00
2.610000e-06	9.850837e-03	2.020526e+00
2.620000e-06	-4.066050e-04	2.021008e+00
2.630000e-06	-5.609378e-03	2.073113e+00
2.640000e-06	1.999913e-03	2.124263e+00
2.650000e-06	1.013183e-02	2.087346e+00
2.660000e-06	1.128202e-03	2.148472e+00
2.670000e-06	-2.067581e-03	2.210476e+00
2.680000e-06	7.011070e-04	2.261006e+00
2.690000e-06	9.743027e-03	2.256034e+00
2.700000e-06	-1.115302e-03	2.293266e+00
2.710000e-06	-3.336911e-03	2.327845e+00
2.720000e-06	5.804408e-04	2.357922e+00
2.730000e-06	1.077399e-02	2.409976e+00
2.740000e-06	1.456409e-03	2.390001e+00
2.750000e-06	-2.660598e-03	2.421037e+00
2.760000e-06	1.915494e-03	2.474157e+00
2.770000e-06	8.123517e-03	2.514692e+00
2.780000e-06	2.378283e-03	2.559377e+00
2.790000e-06	-2.026124e-03	2.672030e+00
2.800000e-06	4.365667e-03	2.643558e+00
2.810000e-06	7.320690e-03	2.714269e+00
2.820000e-06	4.335252e-03	2.735941e+00
2.830000e-06	-2.625883e-03	2.768473e+00
2.840000e-06	3.448365e-03	2.779424e+00
2.850000e-06	5.711440e-03	2.831475e+00
2.860000e-06	5.678340e-03	2.821004e+00
2.870000e-06	-1.277049e-03	2.822131e+00
2.880000e-06	5.025981e-03	2.864187e+00
2.890000e-06	6.525732e-03	2.905163e+00
2.900000e-06	5.624683e-03	2.906318e+00
2.910000e-06	2.222507e-04	2.967845e+00
2.920000e-06	2.768203e-03	2.977872e+00
2.930000e-06	7.278982e-03	2.990500e+00
2.940000e-06	5.608147e-03	3.000528e+00
2.950000e-06	1.769521e-03	3.041528e+00
2.960000e-06	3.264973e-03	3.043533e+00
2.970000e-06	7.482671e-03	3.114764e+00
2.980000e-06	6.568345e-03	3.094141e+00
2.990000e-06	2.910261e-03	3.107319e+00
3.000000e-06	3.386414e-03	3.126893e+00
3.010000e-06	7.653210e-03	3.158899e+00
3.020000e-06	5.515426e-03	3.189499e+00
3.030000e-06	3.414606e-03	3.170497e+00
3.040000e-06	2.784926e-03	3.210551e+00
3.050000e-06	8.099287e-03	3.211004e+00
3.060000e-06	6.981284e-03	3.261080e+00
3.070000e-06	4.617645e-03	3.225686e+00
3.080000e-06	4.884505e-03	3.284212e+00
3.090000e-06	8.222124e-03	3.305741e+00
3.100000e-06	7.553858e-03	3.326799e+00
3.110000e-06	3.559390e-03	3.368450e+00
3.120000e-06	5.043497e-03	3.410979e+00
3.130000e-06	8.011624e-03	3.462482e+00
3.140000e-06	7.792477e-03	3.503764e+00
3.150000e-06	5.216505e-03	3.517264e+00
3.160000e-06	6.198033e-03	3.516834e+00
3.170000e-06	9.975676e-03	3.557371e+00
3.180000e-06	8.617143e-03	3.578395e+00
3.190000e-06	6.000010e-03	3.599496e+00
3.200000e-06	6.156840e-03	3.568395e+00
3.210000e-06	7.835641e-03	3.599475e+00
3.220000e-06	8.727761e-03	3.579999e+00
3.230000e-06	5.734135e-03	3.610475e+00
3.240000e-06	7.476664e-03	3.600478e+00
3.250000e-06	9.159689e-03	3.611526e+00
3.260000e-06	1.021963e-02	3.621003e+00
3.270000e-06	7.081917e-03	3.632108e+00
3.280000e-06	7.908255e-03	3.632683e+00
3.290000e-06	1.001152e-02	3.642079e+00
3.300000e-06	1.133471e-02	3.633607e+00
3.310000e-06	8.015424e-03	3.643685e+00
3.320000e-06	8.670974e-03	3.673737e+00
3.330000e-06	9.945460e-03	3.684188e+00
3.340000e-06	1.194385e-02	3.723765e+00
3.350000e-06	7.550289e-03	3.717244e+00
3.360000e-06	9.863695e-03	3.715770e+00
3.370000e-06	1.158818e-02	3.767341e+00
3.380000e-06	1.248444e-02	3.707365e+00
3.390000e-06	1.030453e-02	3.767316e+00
3.400000e-06	9.942439e-03	3.747393e+00
3.410000e-06	1.142682e-02	3.776372e+00
3.420000e-06	1.354856e-02	3.778367e+00
3.430000e-06	1.002959e-02	3.768445e+00
3.440000e-06	9.969130e-03	3.778918e+00
3.450000e-06	1.236549e-02	3.767897e+00
3.460000e-06	1.417982e-02	3.769975e+00
3.470000e-06	1.356911e-02	3.769396e+00
3.480000e-06	1.129746e-02	3.778425e+00
3.490000e-06	1.374086e-02	3.799496e+00
3.500000e-06	1.525648e-02	3.787447e+00
3.510000e-06	1.256543e-02	3.778446e+00
3.520000e-06	1.260144e-02	3.810422e+00
3.530000e-06	1.434294e-02	3.779924e+00
3.540000e-06	1.491027e-02	3.799926e+00
3.550000e-06	1.552894e-02	3.789399e+00
3.560000e-06	1.364437e-02	3.769475e+00
3.570000e-06	1.659436e-02	3.819450e+00
3.580000e-06	1.752987e-02	3.758945e+00
3.590000e-06	1.658968e-02	3.800922e+00
3.600000e-06	1.386241e-02	3.757947e+00
3.610000e-06	1.480197e-02	3.768924e+00
3.620000e-06	1.724084e-02	3.778897e+00
3.630000e-06	1.643821e-02	3.717920e+00
3.640000e-06	1.477696e-02	3.748419e+00
3.650000e-06	1.608824e-02	3.738391e+00
3.660000e-06	1.775936e-02	3.786792e+00
3.670000e-06	1.669553e-02	3.755266e+00
3.680000e-06	1.486445e-02	3.726810e+00
3.690000e-06	1.587919e-02	3.755266e+00
3.700000e-06	1.727189e-02	3.737135e+00
3.710000e-06	1.577677e-02	3.693835e+00
3.720000e-06	1.448061e-02	3.703212e+00
3.730000e-06	1.497205e-02	3.653128e+00
3.740000e-06	1.691264e-02	3.652658e+00
3.750000e-06	1.555440e-02	3.653003e+00
3.760000e-06	1.442842e-02	3.652154e+00
3.770000e-06	1.560031e-02	3.622102e+00
3.780000e-06	1.593440e-02	3.621553e+00
3.790000e-06	1.510944e-02	3.610026e+00
3.800000e-06	1.386679e-02	3.601001e+00
3.810000e-06	1.325396e-02	3.600001e+00
3.820000e-06	1.406001e-02	3.599500e+00
3.830000e-06	1.309005e-02	3.600025e+00
3.840000e-06	1.375979e-02	3.599500e+00
3.850000e-06	1.242838e-02	3.599425e+00
3.860000e-06	1.264121e-02	3.599421e+00
3.870000e-06	1.358761e-02	3.577925e+00
3.880000e-06	1.276485e-02	3.567898e+00
3.890000e-06	1.135662e-02	3.556839e+00
3.900000e-06	1.229232e-02	3.505787e+00
3.910000e-06	1.210872e-02	3.463184e+00
3.920000e-06	1.250037e-02	3.442083e+00
3.930000e-06	9.315104e-03	3.431102e+00
3.940000e-06	1.102908e-02	3.329495e+00
3.950000e-06	1.077959e-02	3.399484e+00
3.960000e-06	9.714344e-03	3.335812e+00
3.970000e-06	1.008552e-02	3.305216e+00
3.980000e-06	1.101914e-02	3.263656e+00
3.990000e-06	1.059875e-02	3.240580e+00
4.000000e-06	1.014766e-02	3.221075e+00
4.010000e-06	7.550622e-03	3.190025e+00
4.020000e-06	8.816420e-03	3.200500e+00
4.030000e-06	7.143248e-03	3.190000e+00
4.040000e-06	8.515052e-03	3.179473e+00
4.050000e-06	7.725419e-03	3.177445e+00
4.060000e-06	8.750501e-03	3.146412e+00
4.070000e-06	8.114092e-03	3.127291e+00
4.080000e-06	9.011488e-03	3.084608e+00
4.090000e-06	7.278134e-03	3.071560e+00
4.100000e-06	6.288185e-03	3.020526e+00
4.110000e-06	6.614399e-03	3.009001e+00
4.120000e-06	6.148304e-03	2.999924e+00
4.130000e-06	7.002382e-03	2.999443e+00
4.140000e-06	6.027720e-03	2.937821e+00
4.150000e-06	6.710249e-03	2.944813e+00
4.160000e-06	6.088132e-03	2.924278e+00
4.170000e-06	6.728476e-03	2.863630e+00
4.180000e-06	6.186951e-03	2.851553e+00
4.190000e-06	5.270706e-03	2.811578e+00
4.200000e-06	5.180392e-03	2.800500e+00
4.210000e-06	5.992752e-03	2.779947e+00
4.220000e-06	4.441986e-03	2.758941e+00
4.230000e-06	3.815840e-03	2.767390e+00
4.240000e-06	3.916541e-03	2.733334e+00
4.250000e-06	5.229613e-03	2.685701e+00
4.260000e-06	5.240441e-03	2.629668e+00
4.270000e-06	3.845809e-03	2.537567e+00
4.280000e-06	4.508002e-03	2.504735e+00
4.290000e-06	4.592664e-03	2.521804e+00
4.300000e-06	4.849948e-03	2.411530e+00
4.310000e-06	3.734860e-03	2.400500e+00
4.320000e-06	3.834011e-03	2.408471e+00
4.330000e-06	3.812833e-03	2.399994e+00
4.340000e-06	2.262523e-03	2.345365e+00
4.350000e-06	3.244084e-03	2.285859e+00
4.360000e-06	1.961341e-03	2.314682e+00
4.370000e-06	3.505056e-03	2.252096e+00
4.380000e-06	3.231770e-03	2.189998e+00
4.390000e-06	4.092304e-03	2.178494e+00
4.400000e-06	3.604362e-03	2.157964e+00
4.410000e-06	3.240458e-03	2.085233e+00
4.420000e-06	2.325154e-03	2.144782e+00
4.430000e-06	8.983712e-04	2.033203e+00
4.440000e-06	-3.355731e-05	2.031050e+00
4.450000e-06	1.439499e-03	1.989999e+00
4.460000e-06	3.149824e-03	1.999424e+00
4.470000e-06	2.251518e-03	1.986866e+00
4.480000e-06	2.758501e-03	1.994239e+00
4.490000e-06	2.366544e-03	1.872203e+00
4.500000e-06	2.600055e-03	1.829600e+00
4.510000e-06	7.036627e-05	1.768866e+00
4.520000e-06	-3.336049e-04	1.767338e+00
4.530000e-06	-2.168350e-04	1.716793e+00
4.540000e-06	1.115613e-03	1.704803e+00
4.550000e-06	1.617208e-03	1.650109e+00
4.560000e-06	3.133523e-04	1.630599e+00
4.570000e-06	2.624173e-03	1.598311e+00
4.580000e-06	1.566741e-03	1.525939e+00
4.590000e-06	5.655806e-04	1.491279e+00
4.600000e-06	-1.603303e-03	1.420500e+00
4.610000e-06	9.585123e-05	1.398947e+00
4.620000e-06	5.885312e-04	1.367890e+00
4.630000e-06	4.798775e-04	1.363884e+00
4.640000e-06	-1.449062e-03	1.273153e+00
4.650000e-06	-1.599323e-04	1.203154e+00
4.660000e-06	-3.158245e-04	1.199550e+00
4.670000e-06	-1.637740e-04	1.177921e+00
4.680000e-06	-1.943680e-03	1.114836e+00
4.690000e-06	-1.138735e-03	1.061229e+00
4.700000e-06	3.748930e-04	9.689423e-01
4.710000e-06	-1.378980e-03	9.129084e-01
4.720000e-06	-3.496359e-04	8.521816e-01
4.730000e-06	-1.729655e-03	8.005777e-01
4.740000e-06	-1.034209e-03	8.094987e-01
4.750000e-06	-2.002691e-03	7.884410e-01
4.760000e-06	-1.748335e-03	7.582924e-01
4.770000e-06	-2.706647e-03	7.253357e-01
4.780000e-06	-1.102240e-03	6.627043e-01
4.790000e-06	-1.443303e-03	6.295013e-01
4.800000e-06	-7.830671e-04	5.679674e-01
4.810000e-06	-2.088018e-03	5.353884e-01
4.820000e-06	-2.339107e-03	4.937807e-01
4.830000e-06	-1.081820e-03	4.826552e-01
4.840000e-06	-3.716201e-03	4.211290e-01
4.850000e-06	-2.996106e-03	4.094976e-01
4.860000e-06	-2.496772e-03	3.678937e-01
4.870000e-06	-8.981107e-04	3.583658e-01
4.880000e-06	-2.367745e-03	2.833517e-01
4.890000e-06	-2.647293e-03	2.495951e-01
4.900000e-06	-2.611409e-03	1.684910e-01
4.910000e-06	-2.363498e-03	7.383304e-02
4.920000e-06	-3.316520e-03	5.010164e-02
4.930000e-06	-4.949914e-03	5.262536e-04
4.940000e-06	-2.579876e-03	-4.826873e-04
4.950000e-06	-2.152201e-03	-1.255758e-02
4.960000e-06	-2.237468e-03	-5.513921e-02
4.970000e-06	-1.919757e-03	-1.163671e-01
4.980000e-06	-3.247255e-04	-1.483459e-01
4.990000e-06	-1.103279e-03	-2.089000e-01
5.000000e-06	-1.946577e-03	-2.325300e-01
5.010000e-06	1.004095e-04	-2.751902e-01
5.020000e-06	3.197190e-03	-2.942672e-01
5.030000e-06	1.736999e-02	-3.678195e-01
5.040000e-06	1.459156e-02	-3.904039e-01
5.050000e-06	-5.490237e-02	-4.420551e-01
5.060000e-06	-1.700059e-02	-4.131303e-01
5.070000e-06	1.488260e-02	-4.751331e-01
5.080000e-06	4.224686e-02	-4.640994e-01
5.090000e-06	-2.406816e-02	-5.709336e-01
5.100000e-06	-2.062715e-02	-6.753080e-01
5.110000e-06	6.285082e-02	-7.166155e-01
5.120000e-06	-8.787253e-03	-7.293748e-01
5.130000e-06	-1.730312e-02	-7.999513e-01
5.140000e-06	-2.662580e-02	-8.300026e-01
5.150000e-06	1.982066e-02	-8.325577e-01
5.160000e-06	-2.544756e-02	-8.656667e-01
5.170000e-06	2.037447e-02	-9.573659e-01
5.180000e-06	9.816755e-03	-9.677535e-01
5.190000e-06	-6.069236e-02	-1.010056e+00
5.200000e-06	4.143796e-03	-1.053108e+00
5.210000e-06	5.440320e-02	-1.104713e+00
5.220000e-06	-2.349352e-02	-1.115743e+00
5.230000e-06	-3.964394e-02	-1.128927e+00
5.240000e-06	5.702890e-02	-1.210002e+00
5.250000e-06	2.422078e-02	-1.243185e+00
5.260000e-06	-4.720633e-02	-1.335761e+00
5.270000e-06	-2.767911e-02	-1.378758e+00
5.280000e-06	3.222620e-02	-1.414586e+00
5.290000e-06	3.313642e-03	-1.515314e+00
5.300000e-06	-1.879910e-02	-1.527421e+00
5.310000e-06	-2.924006e-02	-1.578427e+00
5.320000e-06	2.060961e-02	-1.621004e+00
5.330000e-06	1.664444e-02	-1.650035e+00
5.340000e-06	-3.264132e-02	-1.654563e+00
5.350000e-06	-2.294035e-02	-1.694792e+00
5.360000e-06	2.167912e-02	-1.737846e+00
5.370000e-06	-4.520706e-04	-1.770977e+00
5.380000e-06	-1.716633e-02	-1.830503e+00
5.390000e-06	-1.095785e-02	-1.832585e+00
5.400000e-06	-5.242679e-04	-1.915263e+00
5.410000e-06	8.920500e-03	-1.906820e+00
5.420000e-06	-1.555299e-02	-1.958421e+00
5.430000e-06	-2.184497e-02	-1.989425e+00
5.440000e-06	5.329411e-03	-1.999978e+00
5.450000e-06	3.711901e-03	-2.000528e+00
5.460000e-06	-1.373834e-02	-2.041605e+00
5.470000e-06	-1.466230e-02	-2.115691e+00
5.480000e-06	-3.347733e-03	-2.118769e+00
5.490000e-06	7.576509e-03	-2.190408e+00
5.500000e-06	-1.167556e-02	-2.252691e+00
5.510000e-06	-1.730385e-02	-2.336317e+00
5.520000e-06	-1.910282e-03	-2.358369e+00
5.530000e-06	3.964156e-03	-2.387971e+00
5.540000e-06	-1.145386e-02	-2.399478e+00
5.550000e-06	-1.586634e-02	-2.432532e+00
5.560000e-06	-6.931110e-03	-2.411057e+00
5.570000e-06	6.143004e-03	-2.483166e+00
5.580000e-06	-1.108148e-02	-2.535273e+00
5.590000e-06	-1.581563e-02	-2.558294e+00
5.600000e-06	-3.558087e-03	-2.577951e+00
5.610000e-06	4.334918e-04	-2.611006e+00
5.620000e-06	-8.135579e-03	-2.662005e+00
5.630000e-06	-1.659608e-02	-2.652663e+00
5.640000e-06	-7.069607e-03	-2.685713e+00
5.650000e-06	4.867640e-04	-2.715821e+00
5.660000e-06	-9.635119e-03	-2.736424e+00
5.670000e-06	-1.612170e-02	-2.798951e+00
5.680000e-06	-6.422941e-03	-2.799975e+00
5.690000e-06	-1.931789e-03	-2.811002e+00
5.700000e-06	-5.574292e-03	-2.841507e+00
5.710000e-06	-1.580574e-02	-2.864035e+00
5.720000e-06	-7.413589e-03	-2.865792e+00
5.730000e-06	-3.160046e-03	-2.926193e+00
5.740000e-06	-8.099191e-03	-2.998022e+00
5.750000e-06	-1.529679e-02	-3.001385e+00
5.760000e-06	-9.688080e-03	-3.065033e+00
5.770000e-06	-4.094817e-03	-3.106167e+00
5.780000e-06	-7.729646e-03	-3.156322e+00
5.790000e-06	-1.370980e-02	-3.137921e+00
5.800000e-06	-8.788035e-03	-3.189949e+00
5.810000e-06	-6.198793e-03	-3.199950e+00
5.820000e-06	-7.977853e-03	-3.221528e+00
5.830000e-06	-1.366438e-02	-3.222032e+00
5.840000e-06	-1.164920e-02	-3.243128e+00
5.850000e-06	-6.282888e-03	-3.252687e+00
5.860000e-06	-9.610096e-03	-3.275241e+00
5.870000e-06	-1.274210e-02	-3.287743e+00
5.880000e-06	-1.316469e-02	-3.346319e+00
5.890000e-06	-5.913284e-03	-3.359423e+00
5.900000e-06	-8.356863e-03	-3.390375e+00
5.910000e-06	-1.294380e-02	-3.390447e+00
5.920000e-06	-1.169684e-02	-3.380478e+00
5.930000e-06	-8.192541e-03	-3.440980e+00
5.940000e-06	-1.036120e-02	-3.445158e+00
5.950000e-06	-1.383339e-02	-3.453709e+00
5.960000e-06	-1.310807e-02	-3.504212e+00
5.970000e-06	-8.389720e-03	-3.547191e+00
5.980000e-06	-1.103493e-02	-3.456892e+00
5.990000e-06	-1.319111e-02	-3.539817e+00
6.000000e-06	-1.258501e-02	-3.538920e+00
6.010000e-06	-9.179481e-03	-3.579446e+00
6.020000e-06	-1.030232e-02	-3.599474e+00
6.030000e-06	-1.493911e-02	-3.578975e+00
6.040000e-06	-1.359142e-02	-3.599503e+00
6.050000e-06	-1.191125e-02	-3.601528e+00
6.060000e-06	-1.183739e-02	-3.631026e+00
6.070000e-06	-1.393252e-02	-3.601000e+00
6.080000e-06	-1.386962e-02	-3.630480e+00
6.090000e-06	-1.091101e-02	-3.633511e+00
6.100000e-06	-1.226733e-02	-3.643058e+00
6.110000e-06	-1.491729e-02	-3.693657e+00
6.120000e-06	-1.418195e-02	-3.703166e+00
6.130000e-06	-1.293294e-02	-3.734742e+00
6.140000e-06	-1.360394e-02	-3.685690e+00
6.150000e-06	-1.504891e-02	-3.708287e+00
6.160000e-06	-1.531750e-02	-3.757802e+00
6.170000e-06	-1.438791e-02	-3.817804e+00
6.180000e-06	-1.374985e-02	-3.810899e+00
6.190000e-06	-1.593371e-02	-3.829907e+00
6.200000e-06	-1.600878e-02	-3.822506e+00
6.210000e-06	-1.455550e-02	-3.861964e+00
6.220000e-06	-1.361850e-02	-3.822635e+00
6.230000e-06	-1.671811e-02	-3.844586e+00
6.240000e-06	-1.709717e-02	-3.894736e+00
6.250000e-06	-1.654480e-02	-3.875613e+00
6.260000e-06	-1.632097e-02	-3.903662e+00
6.270000e-06	-1.721011e-02	-3.926163e+00
6.280000e-06	-1.850070e-02	-3.915293e+00
6.290000e-06	-1.573937e-02	-3.927183e+00
6.300000e-06	-1.638804e-02	-3.915267e+00
6.310000e-06	-1.742976e-02	-3.914668e+00
6.320000e-06	-1.933337e-02	-3.967243e+00
6.330000e-06	-1.734753e-02	-3.915767e+00
6.340000e-06	-1.872901e-02	-3.906742e+00
6.350000e-06	-1.977815e-02	-3.967341e+00
6.360000e-06	-2.056460e-02	-3.968267e+00
6.370000e-06	-1.957160e-02	-3.934871e+00
6.380000e-06	-1.834081e-02	-3.927845e+00
6.390000e-06	-1.956826e-02	-3.926343e+00
6.400000e-06	-2.138597e-02	-3.936340e+00
6.410000e-06	-1.951046e-02	-3.927840e+00
6.420000e-06	-1.863332e-02	-3.947366e+00
6.430000e-06	-2.075868e-02	-3.956241e+00
6.440000e-06	-2.113575e-02	-3.948841e+00
6.450000e-06	-2.202881e-02	-3.906817e+00
6.460000e-06	-2.094991e-02	-3.915289e+00
6.470000e-06	-2.247736e-02	-3.895142e+00
6.480000e-06	-2.219546e-02	-3.912793e+00
6.490000e-06	-2.067067e-02	-3.924185e+00
6.500000e-06	-1.940532e-02	-3.825158e+00
6.510000e-06	-2.048614e-02	-3.843637e+00
6.520000e-06	-2.121487e-02	-3.862605e+00
6.530000e-06	-2.130637e-02	-3.882157e+00
6.540000e-06	-2.063299e-02	-3.841055e+00
6.550000e-06	-2.308816e-02	-3.819626e+00
6.560000e-06	-2.425395e-02	-3.829449e+00
6.570000e-06	-2.131002e-02	-3.780474e+00
6.580000e-06	-2.094520e-02	-3.758849e+00
6.590000e-06	-1.985594e-02	-3.786370e+00
6.600000e-06	-2.156469e-02	-3.718793e+00
6.610000e-06	-1.928723e-02	-3.754309e+00
6.620000e-06	-2.007377e-02	-3.765213e+00
6.630000e-06	-2.040444e-02	-3.643628e+00
6.640000e-06	-2.219560e-02	-3.663709e+00
6.650000e-06	-2.079687e-02	-3.672557e+00
6.660000e-06	-1.933783e-02	-3.663054e+00
6.670000e-06	-1.965544e-02	-3.662005e+00
6.680000e-06	-1.931218e-02	-3.621502e+00
6.690000e-06	-1.862591e-02	-3.631003e+00
6.700000e-06	-1.760873e-02	-3.590500e+00
6.710000e-06	-1.736083e-02	-3.600975e+00
6.720000e-06	-1.905488e-02	-3.599974e+00
6.730000e-06	-1.787938e-02	-3.589424e+00
6.740000e-06	-1.833539e-02	-3.578473e+00
6.750000e-06	-1.805204e-02	-3.569446e+00
6.760000e-06	-1.816676e-02	-3.547315e+00
6.770000e-06	-1.791706e-02	-3.515312e+00
6.780000e-06	-1.609303e-02	-3.535234e+00
6.790000e-06	-1.561508e-02	-3.482708e+00
6.800000e-06	-1.657488e-02	-3.463161e+00
6.810000e-06	-1.530793e-02	-3.450106e+00
6.820000e-06	-1.553064e-02	-3.460100e+00
6.830000e-06	-1.529268e-02	-3.431049e+00
6.840000e-06	-1.721952e-02	-3.389524e+00
6.850000e-06	-1.567240e-02	-3.387897e+00
6.860000e-06	-1.433112e-02	-3.357370e+00
6.870000e-06	-1.437183e-02	-3.326317e+00
6.880000e-06	-1.399472e-02	-3.316208e+00
6.890000e-06	-1.347543e-02	-3.284657e+00
6.900000e-06	-1.358027e-02	-3.251657e+00
6.910000e-06	-1.326893e-02	-3.223178e+00
6.920000e-06	-1.366375e-02	-3.221027e+00
6.930000e-06	-1.369482e-02	-3.200524e+00
6.940000e-06	-1.275880e-02	-3.190452e+00
6.950000e-06	-1.326947e-02	-3.198392e+00
6.960000e-06	-1.228447e-02	-3.138920e+00
6.970000e-06	-1.237250e-02	-3.144793e+00
6.980000e-06	-1.212806e-02	-3.091708e+00
6.990000e-06	-1.207838e-02	-3.040105e+00
7.000000e-06	-1.232036e-02	-2.987944e+00
7.010000e-06	-1.227158e-02	-3.008392e+00
7.020000e-06	-1.175585e-02	-2.904613e+00
7.030000e-06	-1.099585e-02	-2.863105e+00
7.040000e-06	-9.960456e-03	-2.852630e+00
7.050000e-06	-1.045088e-02	-2.840554e+00
7.060000e-06	-1.052583e-02	-2.820998e+00
7.070000e-06	-1.119754e-02	-2.799999e+00
7.080000e-06	-1.093375e-02	-2.769447e+00
7.090000e-06	-1.069494e-02	-2.736343e+00
7.100000e-06	-1.082327e-02	-2.716365e+00
7.110000e-06	-9.001131e-03	-2.704632e+00
7.120000e-06	-8.068978e-03	-2.642082e+00
7.130000e-06	-8.209090e-03	-2.631550e+00
7.140000e-06	-9.244111e-03	-2.570949e+00
7.150000e-06	-9.916966e-03	-2.607996e+00
7.160000e-06	-9.613712e-03	-2.525440e+00
7.170000e-06	-9.792991e-03	-2.454283e+00
7.180000e-06	-9.833589e-03	-2.483682e+00
7.190000e-06	-9.092779e-03	-2.441553e+00
7.200000e-06	-8.289534e-03	-2.409078e+00
7.210000e-06	-7.912483e-03	-2.420001e+00
7.220000e-06	-7.256488e-03	-2.378969e+00
7.230000e-06	-8.692938e-03	-2.338340e+00
7.240000e-06	-8.554770e-03	-2.325261e+00
7.250000e-06	-9.035877e-03	-2.284676e+00
7.260000e-06	-8.283605e-03	-2.209443e+00
7.270000e-06	-9.195166e-03	-2.156842e+00
7.280000e-06	-8.561989e-03	-2.105731e+00
7.290000e-06	-8.218295e-03	-2.081132e+00
7.300000e-06	-5.938332e-03	-2.041129e+00
7.310000e-06	-7.021817e-03	-2.010499e+00
7.320000e-06	-7.258457e-03	-1.989496e+00
7.330000e-06	-6.926123e-03	-1.957392e+00
7.340000e-06	-6.448284e-03	-1.885835e+00
7.350000e-06	-7.822314e-03	-1.882706e+00
7.360000e-06	-7.915013e-03	-1.832129e+00
7.370000e-06	-7.339148e-03	-1.840550e+00
7.380000e-06	-6.068316e-03	-1.798472e+00
7.390000e-06	-7.319827e-03	-1.738436e+00
7.400000e-06	-6.930805e-03	-1.694283e+00
7.410000e-06	-6.233283e-03	-1.684254e+00
7.420000e-06	-4.953994e-03	-1.622653e+00
7.430000e-06	-6.193802e-03	-1.599999e+00
7.440000e-06	-6.588392e-03	-1.599951e+00
7.450000e-06	-5.770030e-03	-1.578389e+00
7.460000e-06	-5.992468e-03	-1.514759e+00
7.470000e-06	-7.283804e-03	-1.479599e+00
7.480000e-06	-6.224212e-03	-1.395891e+00
7.490000e-06	-5.699514e-03	-1.346311e+00
7.500000e-06	-4.601128e-03	-1.254030e+00
7.510000e-06	-5.195695e-03	-1.259503e+00
7.520000e-06	-5.485929e-03	-1.190999e+00
7.530000e-06	-4.935434e-03	-1.156321e+00
7.540000e-06	-5.028163e-03	-1.114808e+00
7.550000e-06	-4.973435e-03	-1.084257e+00
7.560000e-06	-5.829496e-03	-1.040504e+00
7.570000e-06	-5.430669e-03	-1.020072e+00
7.580000e-06	-4.846582e-03	-9.973922e-01
7.590000e-06	-4.848388e-03	-9.367858e-01
7.600000e-06	-5.668877e-03	-8.622030e-01
7.610000e-06	-4.750633e-03	-8.620766e-01
7.620000e-06	-2.594755e-03	-8.115263e-01
7.630000e-06	-2.187561e-03	-7.875236e-01
7.640000e-06	-4.930159e-03	-7.668386e-01
7.650000e-06	-4.910530e-03	-6.943582e-01
7.660000e-06	-3.957634e-03	-6.726228e-01
7.670000e-06	-4.810301e-03	-5.994687e-01
7.680000e-06	-4.827284e-03	-4.957159e-01
7.690000e-06	-5.142268e-03	-4.721067e-01
7.700000e-06	-2.751716e-03	-4.105514e-01
7.710000e-06	-1.895087e-03	-4.004951e-01
7.720000e-06	-2.840344e-03	-3.774473e-01
7.730000e-06	-3.589262e-03	-3.679372e-01
7.740000e-06	-4.307750e-03	-3.347657e-01
7.750000e-06	-2.831513e-03	-2.636791e-01
7.760000e-06	-4.156434e-03	-2.210502e-01
7.770000e-06	-5.057674e-03	-1.799699e-01
7.780000e-06	-3.516784e-03	-1.568885e-01
7.790000e-06	-2.167745e-03	-1.037358e-01
7.800000e-06	-7.712908e-04	-9.315546e-02
7.810000e-06	-1.529607e-03	-1.202526e-02
7.820000e-06	5.727004e-04	-9.027575e-03
7.830000e-06	-9.444128e-04	1.055363e-02
7.840000e-06	-5.328500e-04	6.208402e-02
7.850000e-06	-4.394793e-03	1.066891e-01
7.860000e-06	-2.716357e-03	1.489469e-01
7.870000e-06	2.891464e-03	2.130585e-01
7.880000e-06	1.091229e-02	2.757178e-01
7.890000e-06	1.195078e-02	3.378459e-01
7.900000e-06	-1.067862e-02	3.794736e-01
7.910000e-06	-5.147763e-02	4.105251e-01
7.920000e-06	8.503732e-03	4.515826e-01
7.930000e-06	3.617247e-02	4.656154e-01
7.940000e-06	-2.108897e-04	5.157670e-01
7.950000e-06	-4.393525e-02	5.083686e-01
7.960000e-06	1.456802e-02	5.795063e-01
7.970000e-06	4.566993e-02	6.326515e-01
7.980000e-06	-1.520962e-02	7.037380e-01
7.990000e-06	-3.024024e-02	7.461932e-01
8.000000e-06	1.445047e-02	7.684221e-01
8.010000e-06	-9.897313e-03	7.599485e-01
8.020000e-06	1.075212e-02	8.000003e-01
8.030000e-06	1.849773e-02	8.220615e-01
8.040000e-06	-3.407417e-02	9.242906e-01
8.050000e-06	-1.594858e-02	9.593481e-01
8.060000e-06	2.746414e-02	9.910049e-01
8.070000e-06	2.774773e-02	1.042639e+00
8.080000e-06	-6.089616e-02	1.148793e+00
8.090000e-06	1.889298e-03	1.187945e+00
8.100000e-06	4.639144e-02	1.210525e+00
8.110000e-06	-1.089146e-03	1.283511e+00
8.120000e-06	-3.824195e-02	1.274785e+00
8.130000e-06	3.075955e-03	1.327767e+00
8.140000e-06	2.592301e-02	1.368945e+00
8.150000e-06	3.496549e-04	1.380560e+00
8.160000e-06	-1.813439e-02	1.464727e+00
8.170000e-06	-4.315572e-03	1.496263e+00
8.180000e-06	2.296609e-02	1.548477e+00
8.190000e-06	-2.449599e-04	1.613034e+00
8.200000e-06	-1.243913e-02	1.665762e+00
8.210000e-06	-5.400225e-03	1.726293e+00
8.220000e-06	1.439557e-02	1.716366e+00
8.230000e-06	3.796063e-03	1.779923e+00
8.240000e-06	-3.871699e-03	1.790479e+00
8.250000e-06	-7.546310e-03	1.830630e+00
8.260000e-06	9.641909e-03	1.862664e+00
8.270000e-06	6.504383e-03	1.947816e+00
8.280000e-06	-8.338405e-03	1.968922e+00
8.290000e-06	-5.928298e-03	1.979497e+00
8.300000e-06	1.079945e-02	1.999976e+00
8.310000e-06	6.046270e-03	2.031026e+00
8.320000e-06	-4.514082e-03	2.033638e+00
8.330000e-06	-3.908978e-03	2.085204e+00
8.340000e-06	7.446220e-03	2.124821e+00
8.350000e-06	5.964199e-03	2.168373e+00
8.360000e-06	-3.950412e-03	2.168503e+00
8.370000e-06	-3.872531e-03	2.220505e+00
8.380000e-06	7.365186e-03	2.273005e+00
8.390000e-06	6.403320e-03	2.265735e+00
8.400000e-06	-3.247093e-03	2.303793e+00
8.410000e-06	-2.229671e-03	2.358343e+00
8.420000e-06	8.046940e-03	2.388420e+00
8.430000e-06	7.795479e-03	2.369002e+00
8.440000e-06	-2.993674e-03	2.412079e+00
8.450000e-06	-9.197933e-04	2.453105e+00
8.460000e-06	6.716311e-03	2.505659e+00
8.470000e-06	7.294886e-03	2.545695e+00
8.480000e-06	-2.798415e-03	2.577852e+00
8.490000e-06	-1.344008e-03	2.632558e+00
8.500000e-06	5.527569e-03	2.674762e+00
8.510000e-06	8.136402e-03	2.714792e+00
8.520000e-06	-8.219279e-04	2.729292e+00
8.530000e-06	-6.133733e-04	2.738449e+00
8.540000e-06	6.899550e-03	2.799997e+00
8.550000e-06	8.120702e-03	2.810526e+00
8.560000e-06	-1.085187e-04	2.830506e+00
8.570000e-06	-7.974241e-04	2.841581e+00
8.580000e-06	5.622435e-03	2.874661e+00
8.590000e-06	7.350317e-03	2.954663e+00
8.600000e-06	1.550378e-03	2.915317e+00
8.610000e-06	-2.206084e-04	2.929444e+00
8.620000e-06	6.046059e-03	2.959476e+00
8.630000e-06	8.291241e-03	2.989549e+00
8.640000e-06	3.124828e-03	3.022049e+00
8.650000e-06	6.200517e-04	3.022607e+00
8.660000e-06	5.599832e-03	3.134135e+00
8.670000e-06	7.486845e-03	3.105287e+00
8.680000e-06	3.415226e-03	3.114191e+00
8.690000e-06	4.396358e-04	3.117820e+00
8.700000e-06	5.635241e-03	3.167444e+00
8.710000e-06	7.714708e-03	3.168974e+00
8.720000e-06	5.324509e-03	3.189450e+00
8.730000e-06	2.102806e-03	3.210478e+00
8.740000e-06	5.594757e-03	3.222575e+00
8.750000e-06	8.575204e-03	3.232003e+00
8.760000e-06	4.883500e-03	3.222558e+00
8.770000e-06	3.380152e-03	3.272661e+00
8.780000e-06	4.307264e-03	3.315736e+00
8.790000e-06	7.915306e-03	3.315743e+00
8.800000e-06	6.098231e-03	3.378369e+00
8.810000e-06	3.791255e-03	3.410402e+00
8.820000e-06	6.346175e-03	3.440725e+00
8.830000e-06	8.990455e-03	3.500109e+00
8.840000e-06	7.091912e-03	3.484261e+00
8.850000e-06	5.943782e-03	3.504289e+00
8.860000e-06	4.916419e-03	3.538335e+00
8.870000e-06	9.180855e-03	3.538344e+00
8.880000e-06	6.987259e-03	3.568470e+00
8.890000e-06	5.889489e-03	3.579423e+00
8.900000e-06	6.430493e-03	3.578999e+00
8.910000e-06	9.567066e-03	3.599975e+00
8.920000e-06	9.097204e-03	3.590503e+00
8.930000e-06	6.417834e-03	3.619526e+00
8.940000e-06	7.517253e-03	3.610501e+00
8.950000e-06	9.799531e-03	3.621053e+00
8.960000e-06	8.695627e-03	3.622076e+00
8.970000e-06	7.479309e-03	3.612155e+00
8.980000e-06	7.637050e-03	3.634579e+00
8.990000e-06	9.535184e-03	3.653082e+00
9.000000e-06	9.462412e-03	3.663658e+00
9.010000e-06	8.157140e-03	3.673663e+00
9.020000e-06	9.742622e-03	3.733688e+00
9.030000e-06	1.086466e-02	3.684792e+00
9.040000e-06	1.170373e-02	3.715762e+00
9.050000e-06	9.349761e-03	3.695263e+00
9.060000e-06	9.239918e-03	3.717316e+00
9.070000e-06	1.082335e-02	3.727241e+00
9.080000e-06	1.177866e-02	3.716890e+00
9.090000e-06	9.956493e-03	3.748292e+00
9.100000e-06	1.052026e-02	3.758520e+00
9.110000e-06	1.179421e-02	3.745917e+00
9.120000e-06	1.300791e-02	3.768396e+00
9.130000e-06	1.262817e-02	3.758393e+00
9.140000e-06	1.160837e-02	3.789473e+00
9.150000e-06	1.298833e-02	3.779401e+00
9.160000e-06	1.337758e-02	3.779971e+00
9.170000e-06	1.411693e-02	3.777950e+00
9.180000e-06	1.111764e-02	3.778871e+00
9.190000e-06	1.333317e-02	3.778847e+00
9.200000e-06	1.393834e-02	3.768496e+00
9.210000e-06	1.439176e-02	3.768995e+00
9.220000e-06	1.325886e-02	3.798872e+00
9.230000e-06	1.534461e-02	3.769398e+00
9.240000e-06	1.637786e-02	3.789400e+00
9.250000e-06	1.638071e-02	3.789972e+00
9.260000e-06	1.497553e-02	3.800449e+00
9.270000e-06	1.466005e-02	3.798470e+00
9.280000e-06	1.598218e-02	3.789920e+00
9.290000e-06	1.647434e-02	3.778447e+00
9.300000e-06	1.448323e-02	3.770363e+00
9.310000e-06	1.556778e-02	3.787922e+00
9.320000e-06	1.755153e-02	3.777893e+00
9.330000e-06	1.697267e-02	3.779942e+00
9.340000e-06	1.602009e-02	3.727942e+00
9.350000e-06	1.518317e-02	3.726785e+00
9.360000e-06	1.744810e-02	3.737795e+00
9.370000e-06	1.640634e-02	3.697340e+00
9.380000e-06	1.560713e-02	3.706336e+00
9.390000e-06	1.400623e-02	3.716261e+00
9.400000e-06	1.665284e-02	3.714709e+00
9.410000e-06	1.651519e-02	3.682733e+00
9.420000e-06	1.603701e-02	3.734682e+00
9.430000e-06	1.559872e-02	3.652130e+00
9.440000e-06	1.610780e-02	3.633655e+00
9.450000e-06	1.670268e-02	3.672705e+00
9.460000e-06	1.552939e-02	3.620530e+00
9.470000e-06	1.480053e-02	3.630553e+00
9.480000e-06	1.446082e-02	3.612026e+00
9.490000e-06	1.369049e-02	3.601078e+00
9.500000e-06	1.436373e-02	3.600499e+00
9.510000e-06	1.359334e-02	3.610573e+00
9.520000e-06	1.340715e-02	3.599978e+00
9.530000e-06	1.463790e-02	3.599475e+00
9.540000e-06	1.442733e-02	3.588971e+00
9.550000e-06	1.378956e-02	3.589971e+00
9.560000e-06	1.358527e-02	3.578849e+00
9.570000e-06	1.193042e-02	3.576921e+00
9.580000e-06	1.083080e-02	3.537794e+00
9.590000e-06	1.171423e-02	3.566387e+00
9.600000e-06	1.284828e-02	3.485684e+00
9.610000e-06	1.081883e-02	3.453131e+00
9.620000e-06	1.153544e-02	3.471602e+00
9.630000e-06	1.150428e-02	3.380391e+00
9.640000e-06	1.262411e-02	3.368470e+00
9.650000e-06	1.023676e-02	3.328310e+00
9.660000e-06	1.048312e-02	3.366258e+00
9.670000e-06	1.046189e-02	3.272661e+00
9.680000e-06	1.011739e-02	3.223678e+00
9.690000e-06	8.546304e-03	3.231552e+00
9.700000e-06	8.803314e-03	3.201053e+00
9.710000e-06	9.494792e-03	3.210024e+00
9.720000e-06	9.997896e-03	3.189001e+00
9.730000e-06	9.272673e-03	3.199449e+00
9.740000e-06	9.619787e-03	3.177921e+00
9.750000e-06	8.526471e-03	3.168420e+00
9.760000e-06	7.999415e-03	3.107288e+00
9.770000e-06	7.533177e-03	3.084761e+00
9.780000e-06	6.409427e-03	3.073708e+00
9.790000e-06	6.736664e-03	3.050580e+00
9.800000e-06	7.648925e-03	3.011074e+00
9.810000e-06	7.179400e-03	3.000976e+00
9.820000e-06	6.046229e-03	2.999396e+00
9.830000e-06	6.927936e-03	2.956840e+00
9.840000e-06	7.488613e-03	2.947842e+00
9.850000e-06	5.929943e-03	2.936161e+00
9.860000e-06	5.677505e-03	2.865710e+00
9.870000e-06	5.541306e-03	2.873128e+00
9.880000e-06	6.095017e-03	2.811576e+00
9.890000e-06	4.711053e-03	2.810025e+00
9.900000e-06	4.461648e-03	2.820025e+00
9.910000e-06	4.305496e-03	2.769950e+00
9.920000e-06	6.208331e-03	2.768944e+00
9.930000e-06	4.851344e-03	2.775916e+00
9.940000e-06	4.620060e-03	2.724287e+00
9.950000e-06	5.374233e-03	2.662673e+00
9.960000e-06	5.198132e-03	2.627469e+00
9.970000e-06	3.480117e-03	2.587388e+00
9.980000e-06	2.707325e-03	2.514227e+00
9.990000e-06	3.026941e-03	2.412632e+00
1.000000e-05	3.822679e-03	2.441102e+00
1.001000e-05	2.817102e-03	2.400501e+00
1.002000e-05	2.654357e-03	2.369473e+00
1.003000e-05	3.560068e-03	2.368395e+00
1.004000e-05	4.810690e-03	2.357362e+00
1.005000e-05	3.287050e-03	2.304158e+00
1.006000e-05	2.064409e-03	2.231103e+00
1.007000e-05	2.973178e-03	2.221600e+00
1.008000e-05	2.561317e-03	2.198499e+00
1.009000e-05	2.363681e-03	2.188942e+00
1.010000e-05	5.619560e-04	2.105837e+00
1.011000e-05	2.096068e-03	2.124708e+00
1.012000e-05	3.480193e-03	2.063655e+00
1.013000e-05	3.177966e-03	2.051524e+00
1.014000e-05	1.760979e-03	2.001050e+00
1.015000e-05	2.298623e-03	2.009500e+00
1.016000e-05	3.359547e-03	1.968417e+00
1.017000e-05	1.149927e-03	1.915866e+00
1.018000e-05	1.077137e-03	1.903760e+00
1.019000e-05	4.055266e-04	1.883654e+00
1.020000e-05	2.057304e-03	1.780098e+00
1.021000e-05	1.635231e-03	1.746366e+00
1.022000e-05	8.781278e-04	1.777895e+00
1.023000e-05	1.215945e-03	1.694362e+00
1.024000e-05	2.385259e-03	1.693735e+00
1.025000e-05	1.716869e-03	1.633099e+00
1.026000e-05	8.147320e-04	1.609370e+00
1.027000e-05	2.794129e-04	1.558416e+00
1.028000e-05	9.095766e-04	1.465232e+00
1.029000e-05	2.230083e-04	1.443750e+00
1.030000e-05	4.568762e-06	1.420974e+00
1.031000e-05	-1.090175e-03	1.378917e+00
1.032000e-05	1.445606e-04	1.357365e+00
1.033000e-05	6.982375e-06	1.296706e+00
1.034000e-05	4.931630e-04	1.242207e+00
1.035000e-05	-6.990360e-04	1.221574e+00
1.036000e-05	9.694886e-04	1.209499e+00
1.037000e-05	-4.931951e-04	1.166441e+00
1.038000e-05	-5.120691e-04	1.076729e+00
1.039000e-05	-2.213140e-03	1.060665e+00
1.040000e-05	-5.464435e-04	9.769422e-01
1.041000e-05	-1.377085e-03	8.752568e-01
1.042000e-05	4.210834e-05	8.315551e-01
1.043000e-05	-1.186078e-03	8.205253e-01
1.044000e-05	-7.404577e-04	7.894688e-01
1.045000e-05	-7.739953e-04	7.589921e-01
1.046000e-05	4.786451e-05	7.467884e-01
1.047000e-05	-2.446986e-03	6.531856e-01
1.048000e-05	-1.529499e-03	6.816518e-01
1.049000e-05	-2.045949e-03	6.004975e-01
1.050000e-05	-1.571873e-03	5.564398e-01
1.051000e-05	-3.331483e-03	5.647872e-01
1.052000e-05	-2.836840e-03	5.046817e-01
1.053000e-05	-1.936975e-03	4.315541e-01
1.054000e-05	-1.451930e-03	4.115027e-01
1.055000e-05	-1.608941e-03	4.004487e-01
1.056000e-05	-1.736604e-03	3.679674e-01
1.057000e-05	-2.234604e-03	3.459345e-01
1.058000e-05	-1.256428e-03	2.842755e-01
1.059000e-05	-3.965797e-03	1.701726e-01
1.060000e-05	-4.056141e-03	1.533631e-01
1.061000e-05	-4.372827e-03	4.370671e-02
1.062000e-05	-3.311956e-03	3.155263e-02
1.063000e-05	-1.943847e-03	-3.998119e-04
1.064000e-05	-2.506834e-03	-2.055375e-02
1.065000e-05	-5.290119e-04	-6.358022e-02
1.066000e-05	-1.354306e-03	-7.629184e-02
1.067000e-05	-1.181324e-03	-1.468195e-01
1.068000e-05	-4.000283e-03	-1.793524e-01
1.069000e-05	-4.860423e-03	-2.009764e-01
1.070000e-05	-1.893127e-03	-2.631316e-01
1.071000e-05	2.312448e-04	-2.741655e-01
1.072000e-05	9.024763e-03	-3.362695e-01
1.073000e-05	1.904677e-02	-3.488747e-01
1.074000e-05	-3.036890e-03	-4.305285e-01
1.075000e-05	-6.127926e-02	-4.206027e-01
1.076000e-05	6.787452e-04	-4.710765e-01
1.077000e-05	3.605896e-02	-4.551156e-01
1.078000e-05	1.155912e-02	-5.298261e-01
1.079000e-05	-4.366770e-02	-6.336563e-01
1.080000e-05	1.971299e-02	-6.857319e-01
1.081000e-05	4.880141e-02	-7.166959e-01
1.082000e-05	-2.499891e-02	-7.809461e-01
1.083000e-05	-3.138841e-02	-7.910262e-01
1.084000e-05	9.282516e-03	-8.195778e-01
1.085000e-05	-8.177649e-03	-8.350641e-01
1.086000e-05	-7.167893e-03	-9.157907e-01
1.087000e-05	2.672891e-02	-9.568935e-01
1.088000e-05	-3.029674e-02	-9.784786e-01
1.089000e-05	-3.437196e-02	-9.805038e-01
1.090000e-05	3.014283e-02	-1.073638e+00
1.091000e-05	4.056124e-02	-1.145767e+00
1.092000e-05	-7.233696e-02	-1.127342e+00
1.093000e-05	3.163820e-03	-1.169927e+00
1.094000e-05	6.001861e-02	-1.223567e+00
1.095000e-05	-1.624978e-02	-1.301784e+00
1.096000e-05	-5.184492e-02	-1.325675e+00
1.097000e-05	9.508561e-03	-1.419536e+00
1.098000e-05	2.426384e-02	-1.467136e+00
1.099000e-05	-9.847966e-03	-1.526345e+00
1.100000e-05	-2.494897e-02	-1.569371e+00
1.101000e-05	-1.421479e-02	-1.579421e+00
1.102000e-05	3.211859e-02	-1.611053e+00
1.103000e-05	-8.783481e-03	-1.672059e+00
1.104000e-05	-3.629672e-02	-1.674214e+00
1.105000e-05	1.123491e-03	-1.726895e+00
1.106000e-05	1.999014e-02	-1.736945e+00
1.107000e-05	-1.283300e-02	-1.768952e+00
1.108000e-05	-1.510501e-02	-1.852080e+00
1.109000e-05	-8.359031e-03	-1.873138e+00
1.110000e-05	6.685093e-03	-1.905714e+00
1.111000e-05	-1.492239e-03	-1.947246e+00
1.112000e-05	-2.230265e-02	-1.958370e+00
1.113000e-05	-9.552811e-03	-1.988928e+00
1.114000e-05	1.253938e-02	-2.012000e+00
1.115000e-05	-5.410709e-03	-2.030005e+00
1.116000e-05	-1.459994e-02	-2.053184e+00
1.117000e-05	-1.222903e-02	-2.116274e+00
1.118000e-05	3.418074e-03	-2.198405e+00
1.119000e-05	3.394568e-04	-2.203160e+00
1.120000e-05	-2.007238e-02	-2.284166e+00
1.121000e-05	-1.111071e-02	-2.337221e+00
1.122000e-05	5.202013e-03	-2.367949e+00
1.123000e-05	-3.249850e-03	-2.400425e+00
1.124000e-05	-1.607404e-02	-2.410554e+00
1.125000e-05	-1.232225e-02	-2.400530e+00
1.126000e-05	1.549102e-03	-2.432134e+00
1.127000e-05	1.349997e-03	-2.496241e+00
1.128000e-05	-1.900967e-02	-2.525821e+00
1.129000e-05	-9.960753e-03	-2.557944e+00
1.130000e-05	-1.875172e-03	-2.590525e+00
1.131000e-05	-2.103015e-03	-2.630979e+00
1.132000e-05	-1.591076e-02	-2.671159e+00
1.133000e-05	-1.254728e-02	-2.664165e+00
1.134000e-05	-9.084932e-04	-2.684693e+00
1.135000e-05	-1.200544e-03	-2.758371e+00
1.136000e-05	-1.551839e-02	-2.778425e+00
1.137000e-05	-1.135178e-02	-2.810497e+00
1.138000e-05	-3.832055e-03	-2.801005e+00
1.139000e-05	-3.834554e-03	-2.811029e+00
1.140000e-05	-1.428860e-02	-2.841634e+00
1.141000e-05	-1.277548e-02	-2.852059e+00
1.142000e-05	-3.353299e-03	-2.934664e+00
1.143000e-05	-4.959418e-03	-2.957318e+00
1.144000e-05	-1.232037e-02	-3.010404e+00
1.145000e-05	-1.302846e-02	-3.060585e+00
1.146000e-05	-4.665879e-03	-3.102738e+00
1.147000e-05	-4.369711e-03	-3.147193e+00
1.148000e-05	-1.160145e-02	-3.126917e+00
1.149000e-05	-1.343220e-02	-3.178897e+00
1.150000e-05	-6.044403e-03	-3.199997e+00
1.151000e-05	-7.535347e-03	-3.221001e+00
1.152000e-05	-1.238273e-02	-3.211451e+00
1.153000e-05	-1.406282e-02	-3.222578e+00
1.154000e-05	-5.827179e-03	-3.261582e+00
1.155000e-05	-5.872579e-03	-3.326164e+00
1.156000e-05	-1.179998e-02	-3.325762e+00
1.157000e-05	-1.440360e-02	-3.315766e+00
1.158000e-05	-7.567416e-03	-3.367770e+00
1.159000e-05	-6.683681e-03	-3.358925e+00
1.160000e-05	-1.266580e-02	-3.398374e+00
1.161000e-05	-1.513525e-02	-3.407954e+00
1.162000e-05	-8.941207e-03	-3.422030e+00
1.163000e-05	-7.485263e-03	-3.430558e+00
1.164000e-05	-1.282632e-02	-3.474563e+00
1.165000e-05	-1.425397e-02	-3.455231e+00
1.166000e-05	-8.866712e-03	-3.483340e+00
1.167000e-05	-7.129996e-03	-3.546292e+00
1.168000e-05	-1.226858e-02	-3.546793e+00
1.169000e-05	-1.461485e-02	-3.549371e+00
1.170000e-05	-1.240622e-02	-3.577871e+00
1.171000e-05	-9.975846e-03	-3.588950e+00
1.172000e-05	-1.291881e-02	-3.600501e+00
1.173000e-05	-1.507939e-02	-3.609500e+00
1.174000e-05	-1.209878e-02	-3.611000e+00
1.175000e-05	-8.951724e-03	-3.600525e+00
1.176000e-05	-1.235587e-02	-3.612553e+00
1.177000e-05	-1.522273e-02	-3.622554e+00
1.178000e-05	-1.368570e-02	-3.622077e+00
1.179000e-05	-1.035778e-02	-3.642557e+00
1.180000e-05	-1.385034e-02	-3.665607e+00
1.181000e-05	-1.631937e-02	-3.654162e+00
1.182000e-05	-1.525053e-02	-3.684717e+00
1.183000e-05	-1.155860e-02	-3.696162e+00
1.184000e-05	-1.376388e-02	-3.724239e+00
1.185000e-05	-1.652587e-02	-3.727770e+00
1.186000e-05	-1.462286e-02	-3.745847e+00
1.187000e-05	-1.226054e-02	-3.789975e+00
1.188000e-05	-1.365185e-02	-3.790871e+00
1.189000e-05	-1.748342e-02	-3.830098e+00
1.190000e-05	-1.670637e-02	-3.843132e+00
1.191000e-05	-1.470644e-02	-3.841057e+00
1.192000e-05	-1.555654e-02	-3.863658e+00
1.193000e-05	-1.836465e-02	-3.813133e+00
1.194000e-05	-1.700007e-02	-3.894758e+00
1.195000e-05	-1.576113e-02	-3.874661e+00
1.196000e-05	-1.488683e-02	-3.886312e+00
1.197000e-05	-1.756474e-02	-3.905238e+00
1.198000e-05	-1.806465e-02	-3.946312e+00
1.199000e-05	-1.727395e-02	-3.915816e+00
1.200000e-05	-1.715833e-02	-3.933841e+00
1.201000e-05	-1.905458e-02	-3.978817e+00
1.202000e-05	-2.008195e-02	-3.916421e+00
1.203000e-05	-1.826429e-02	-3.975370e+00
1.204000e-05	-1.743695e-02	-3.927368e+00
1.205000e-05	-1.889947e-02	-3.925840e+00
1.206000e-05	-2.057160e-02	-3.937368e+00
1.207000e-05	-1.819766e-02	-3.906793e+00
1.208000e-05	-1.873496e-02	-3.946365e+00
1.209000e-05	-1.970389e-02	-3.938916e+00
1.210000e-05	-2.168277e-02	-3.909413e+00
1.211000e-05	-2.130271e-02	-3.935843e+00
1.212000e-05	-1.975855e-02	-3.908216e+00
1.213000e-05	-2.071678e-02	-3.948390e+00
1.214000e-05	-2.175939e-02	-3.945815e+00
1.215000e-05	-2.053732e-02	-3.936166e+00
1.216000e-05	-2.151235e-02	-3.883266e+00
1.217000e-05	-2.111528e-02	-3.946190e+00
1.218000e-05	-2.197153e-02	-3.872113e+00
1.219000e-05	-2.138537e-02	-3.875293e+00
1.220000e-05	-1.956546e-02	-3.896163e+00
1.221000e-05	-2.144338e-02	-3.893082e+00
1.222000e-05	-2.159542e-02	-3.904630e+00
1.223000e-05	-2.159504e-02	-3.824603e+00
1.224000e-05	-2.096257e-02	-3.861504e+00
1.225000e-05	-2.234012e-02	-3.815005e+00
1.226000e-05	-2.096499e-02	-3.790099e+00
1.227000e-05	-2.103957e-02	-3.800873e+00
1.228000e-05	-1.989479e-02	-3.787862e+00
1.229000e-05	-2.049088e-02	-3.758892e+00
1.230000e-05	-2.025739e-02	-3.727295e+00
1.231000e-05	-2.067351e-02	-3.754762e+00
1.232000e-05	-2.090396e-02	-3.695607e+00
1.233000e-05	-2.093459e-02	-3.674279e+00
1.234000e-05	-2.107122e-02	-3.652157e+00
1.235000e-05	-1.995640e-02	-3.652027e+00
1.236000e-05	-1.880877e-02	-3.611529e+00
1.237000e-05	-1.878784e-02	-3.620529e+00
1.238000e-05	-1.810049e-02	-3.611104e+00
1.239000e-05	-1.788670e-02	-3.579999e+00
1.240000e-05	-1.896392e-02	-3.589999e+00
1.241000e-05	-1.851129e-02	-3.590976e+00
1.242000e-05	-1.969852e-02	-3.598950e+00
1.243000e-05	-1.761423e-02	-3.599973e+00
1.244000e-05	-1.813429e-02	-3.578920e+00
1.245000e-05	-1.752508e-02	-3.557442e+00
1.246000e-05	-1.646552e-02	-3.578866e+00
1.247000e-05	-1.595673e-02	-3.536763e+00
1.248000e-05	-1.629847e-02	-3.496161e+00
1.249000e-05	-1.751120e-02	-3.422237e+00
1.250000e-05	-1.620151e-02	-3.492657e+00
1.251000e-05	-1.553817e-02	-3.403108e+00
1.252000e-05	-1.588773e-02	-3.421053e+00
1.253000e-05	-1.593577e-02	-3.400424e+00
1.254000e-05	-1.535889e-02	-3.388400e+00
1.255000e-05	-1.427984e-02	-3.387947e+00
1.256000e-05	-1.399870e-02	-3.337289e+00
1.257000e-05	-1.442730e-02	-3.337262e+00
1.258000e-05	-1.329720e-02	-3.314733e+00
1.259000e-05	-1.331972e-02	-3.283183e+00
1.260000e-05	-1.364347e-02	-3.233103e+00
1.261000e-05	-1.502150e-02	-3.221103e+00
1.262000e-05	-1.438525e-02	-3.210000e+00
1.263000e-05	-1.363136e-02	-3.210474e+00
1.264000e-05	-1.343611e-02	-3.209000e+00
1.265000e-05	-1.288150e-02	-3.169894e+00
1.266000e-05	-1.229813e-02	-3.156312e+00
1.267000e-05	-1.057135e-02	-3.074206e+00
1.268000e-05	-1.040500e-02	-3.082731e+00
1.269000e-05	-1.313134e-02	-3.009595e+00
1.270000e-05	-1.240700e-02	-2.991492e+00
1.271000e-05	-1.164766e-02	-2.935787e+00
1.272000e-05	-1.080820e-02	-2.903585e+00
1.273000e-05	-1.185869e-02	-2.873682e+00
1.274000e-05	-1.165078e-02	-2.821050e+00
1.275000e-05	-9.689419e-03	-2.810575e+00
1.276000e-05	-1.017813e-02	-2.799475e+00
1.277000e-05	-1.020482e-02	-2.780999e+00
1.278000e-05	-1.055866e-02	-2.768924e+00
1.279000e-05	-9.383378e-03	-2.767317e+00
1.280000e-05	-9.402761e-03	-2.746258e+00
1.281000e-05	-1.085024e-02	-2.673132e+00
1.282000e-05	-9.730340e-03	-2.622504e+00
1.283000e-05	-1.055702e-02	-2.620050e+00
1.284000e-05	-9.331069e-03	-2.599949e+00
1.285000e-05	-8.937048e-03	-2.556367e+00
1.286000e-05	-8.478480e-03	-2.496265e+00
1.287000e-05	-7.744597e-03	-2.495237e+00
1.288000e-05	-7.887390e-03	-2.451603e+00
1.289000e-05	-9.129443e-03	-2.451075e+00
1.290000e-05	-9.072605e-03	-2.420026e+00
1.291000e-05	-9.081558e-03	-2.387944e+00
1.292000e-05	-8.460368e-03	-2.358917e+00
1.293000e-05	-9.010629e-03	-2.357364e+00
1.294000e-05	-8.285064e-03	-2.282233e+00
1.295000e-05	-7.683939e-03	-2.220576e+00
1.296000e-05	-6.566351e-03	-2.157941e+00
1.297000e-05	-7.538213e-03	-2.133811e+00
1.298000e-05	-7.587194e-03	-2.044209e+00
1.299000e-05	-6.676822e-03	-2.040629e+00
1.300000e-05	-6.138835e-03	-2.020974e+00
1.301000e-05	-6.952074e-03	-1.990474e+00
1.302000e-05	-8.282976e-03	-1.998846e+00
1.303000e-05	-7.689569e-03	-1.957341e+00
1.304000e-05	-6.715565e-03	-1.875260e+00
1.305000e-05	-6.374685e-03	-1.903582e+00
1.306000e-05	-7.226657e-03	-1.811577e+00
1.307000e-05	-6.147124e-03	-1.799925e+00
1.308000e-05	-5.904526e-03	-1.799921e+00
1.309000e-05	-6.227483e-03	-1.724387e+00
1.310000e-05	-7.420702e-03	-1.703761e+00
1.311000e-05	-7.091003e-03	-1.662558e+00
1.312000e-05	-6.137531e-03	-1.610577e+00
1.313000e-05	-5.759477e-03	-1.600998e+00
1.314000e-05	-9.233328e-03	-1.558923e+00
1.315000e-05	-6.719144e-03	-1.545837e+00
1.316000e-05	-5.167310e-03	-1.471627e+00
1.317000e-05	-4.861652e-03	-1.381579e+00
1.318000e-05	-5.813418e-03	-1.347287e+00
1.319000e-05	-4.962250e-03	-1.294810e+00
1.320000e-05	-4.684905e-03	-1.221502e+00
1.321000e-05	-6.495326e-03	-1.188901e+00
1.322000e-05	-6.418474e-03	-1.167946e+00
1.323000e-05	-7.070698e-03	-1.157286e+00
1.324000e-05	-5.164505e-03	-1.084658e+00
1.325000e-05	-4.603906e-03	-1.072053e+00
1.326000e-05	-5.154713e-03	-1.030999e+00
1.327000e-05	-5.231983e-03	-9.884711e-01
1.328000e-05	-3.329118e-03	-9.462909e-01
1.329000e-05	-5.277245e-03	-9.022569e-01
1.330000e-05	-4.803257e-03	-8.316316e-01
1.331000e-05	-6.302607e-03	-8.305278e-01
1.332000e-05	-3.436906e-03	-8.189976e-01
1.333000e-05	-4.857829e-03	-7.779674e-01
1.334000e-05	-5.050575e-03	-7.363145e-01
1.335000e-05	-6.503990e-03	-7.046607e-01
1.336000e-05	-3.711118e-03	-6.124489e-01
1.337000e-05	-2.170346e-03	-5.173925e-01
1.338000e-05	-3.932420e-03	-4.852105e-01
1.339000e-05	-5.067300e-03	-4.415528e-01
1.340000e-05	-3.438778e-03	-4.305002e-01
1.341000e-05	-3.116416e-03	-3.999989e-01
1.342000e-05	-3.813434e-03	-3.894176e-01
1.343000e-05	-5.990247e-03	-3.082920e-01
1.344000e-05	-3.838611e-03	-2.737345e-01
1.345000e-05	-3.185445e-03	-2.516555e-01
1.346000e-05	-3.448787e-03	-2.205228e-01
1.347000e-05	-4.388986e-03	-1.974486e-01
1.348000e-05	-2.199360e-03	-1.268609e-01
1.349000e-05	-1.940515e-03	-1.352568e-01
1.350000e-05	-1.929609e-03	-4.315147e-02
1.351000e-05	-2.604120e-03	-4.764410e-04
1.352000e-05	-2.287529e-04	9.998813e-03
1.353000e-05	-9.589434e-04	1.155494e-02
1.354000e-05	-1.908263e-03	1.017102e-01
1.355000e-05	-2.668124e-03	1.162707e-01
1.356000e-05	1.213802e-03	1.288762e-01
1.357000e-05	3.334112e-03	2.540601e-01
1.358000e-05	1.722552e-02	2.858431e-01
1.359000e-05	6.755312e-03	3.594486e-01
1.360000e-05	-3.240403e-02	4.104498e-01
1.361000e-05	-2.557074e-02	4.005525e-01
1.362000e-05	1.387629e-02	4.520590e-01
1.363000e-05	3.950399e-02	4.951877e-01
1.364000e-05	-3.466380e-02	5.367918e-01
1.365000e-05	-2.561290e-02	5.374960e-01
1.366000e-05	5.303735e-02	5.809848e-01
1.367000e-05	5.686961e-03	6.551802e-01
1.368000e-05	-7.740486e-03	6.827193e-01
1.369000e-05	-3.156800e-02	6.963431e-01
1.370000e-05	2.112501e-02	7.788711e-01
1.371000e-05	-1.216742e-02	8.094222e-01
1.372000e-05	2.044485e-02	8.209864e-01
1.373000e-05	8.842950e-03	8.836606e-01
1.374000e-05	-5.035040e-02	9.057707e-01
1.375000e-05	9.919814e-03	9.985223e-01
1.376000e-05	4.308043e-02	1.001886e+00
1.377000e-05	-1.664590e-02	1.125292e+00
1.378000e-05	-4.795683e-02	1.148374e+00
1.379000e-05	3.710471e-02	1.220976e+00
1.380000e-05	3.042949e-02	1.211529e+00
1.381000e-05	-2.218793e-02	1.273643e+00
1.382000e-05	-3.256706e-02	1.334268e+00
1.383000e-05	2.328429e-02	1.377346e+00
1.384000e-05	1.477151e-02	1.369447e+00
1.385000e-05	-7.512991e-03	1.433162e+00
1.386000e-05	-1.971760e-02	1.494655e+00
1.387000e-05	1.265042e-02	1.529454e+00
1.388000e-05	1.620137e-02	1.610046e+00
1.389000e-05	-8.385106e-03	1.621084e+00
1.390000e-05	-1.290659e-02	1.675694e+00
1.391000e-05	5.054117e-03	1.715367e+00
1.392000e-05	1.175326e-02	1.736897e+00
1.393000e-05	-4.315593e-04	1.750399e+00
1.394000e-05	-9.606898e-03	1.802030e+00
1.395000e-05	-2.058516e-03	1.823159e+00
1.396000e-05	1.320328e-02	1.865692e+00
1.397000e-05	-7.311918e-04	1.937870e+00
1.398000e-05	-9.211775e-03	1.968450e+00
1.399000e-05	3.001574e-03	1.999975e+00
1.400000e-05	1.310026e-02	2.001500e+00
1.401000e-05	1.214327e-03	2.011605e+00
1.402000e-05	-7.444348e-03	2.054208e+00
1.403000e-05	-1.848435e-04	2.113184e+00
1.404000e-05	9.343314e-03	2.135792e+00
1.405000e-05	6.313372e-04	2.160272e+00
1.406000e-05	-5.457647e-03	2.210479e+00
1.407000e-05	1.357141e-03	2.229499e+00
1.408000e-05	1.227136e-02	2.252710e+00
1.409000e-05	3.101757e-03	2.314564e+00
1.410000e-05	-4.806421e-03	2.347895e+00
1.411000e-05	-8.912343e-05	2.366869e+00
1.412000e-05	9.869422e-03	2.381026e+00
1.413000e-05	1.389950e-03	2.389475e+00
1.414000e-05	-3.831613e-03	2.421556e+00
1.415000e-05	1.683710e-03	2.441580e+00
1.416000e-05	1.022392e-02	2.484167e+00
1.417000e-05	4.799318e-03	2.536400e+00
1.418000e-05	-3.112331e-03	2.639954e+00
1.419000e-05	2.302470e-03	2.654633e+00
1.420000e-05	8.436469e-03	2.684266e+00
1.421000e-05	4.603301e-03	2.747771e+00
1.422000e-05	-2.388585e-03	2.767921e+00
1.423000e-05	8.773803e-04	2.769451e+00
1.424000e-05	8.036185e-03	2.790500e+00
1.425000e-05	5.101361e-03	2.811503e+00
1.426000e-05	-8.948517e-04	2.841082e+00
1.427000e-05	2.419866e-03	2.863610e+00
1.428000e-05	7.655948e-03	2.906137e+00
1.429000e-05	7.268987e-03	2.926243e+00
1.430000e-05	1.515556e-03	2.946372e+00
1.431000e-05	1.828159e-03	2.959925e+00
1.432000e-05	6.625218e-03	2.988947e+00
1.433000e-05	6.892310e-03	3.001530e+00
1.434000e-05	1.660068e-03	3.031559e+00
1.435000e-05	1.865980e-03	3.023133e+00
1.436000e-05	6.913351e-03	3.102787e+00
1.437000e-05	7.024136e-03	3.104712e+00
1.438000e-05	3.609808e-03	3.126396e+00
1.439000e-05	3.042993e-03	3.147896e+00
1.440000e-05	7.370765e-03	3.186422e+00
1.441000e-05	8.024232e-03	3.179949e+00
1.442000e-05	3.283330e-03	3.178954e+00
1.443000e-05	1.728574e-03	3.211530e+00
1.444000e-05	5.628097e-03	3.231031e+00
1.445000e-05	6.607468e-03	3.223529e+00
1.446000e-05	4.796507e-03	3.282607e+00
1.447000e-05	4.289004e-03	3.304638e+00
1.448000e-05	7.816787e-03	3.358768e+00
1.449000e-05	7.862654e-03	3.278301e+00
1.450000e-05	6.531216e-03	3.399502e+00
1.451000e-05	2.934919e-03	3.440511e+00
1.452000e-05	6.897008e-03	3.401179e+00
1.453000e-05	7.459664e-03	3.444213e+00
1.454000e-05	5.877621e-03	3.464162e+00
1.455000e-05	3.929695e-03	3.544839e+00
1.456000e-05	7.061174e-03	3.526868e+00
1.457000e-05	9.471750e-03	3.535922e+00
1.458000e-05	8.418301e-03	3.588972e+00
1.459000e-05	5.446803e-03	3.578949e+00
1.460000e-05	7.523737e-03	3.589450e+00
1.461000e-05	9.490790e-03	3.590500e+00
1.462000e-05	7.797683e-03	3.611004e+00
1.463000e-05	6.426519e-03	3.600504e+00
1.464000e-05	7.081120e-03	3.600500e+00
1.465000e-05	9.680770e-03	3.641004e+00
1.466000e-05	9.087874e-03	3.601028e+00
1.467000e-05	8.442788e-03	3.613055e+00
1.468000e-05	8.505848e-03	3.674032e+00
1.469000e-05	1.070347e-02	3.662676e+00
1.470000e-05	9.347569e-03	3.634213e+00
1.471000e-05	9.470793e-03	3.673185e+00
1.472000e-05	9.612707e-03	3.704661e+00
1.473000e-05	1.007592e-02	3.693712e+00
1.474000e-05	1.035588e-02	3.715211e+00
1.475000e-05	9.402264e-03	3.706738e+00
1.476000e-05	1.007844e-02	3.756791e+00
1.477000e-05	1.066549e-02	3.714837e+00
1.478000e-05	1.162948e-02	3.778341e+00
1.479000e-05	1.200442e-02	3.746745e+00
1.480000e-05	1.216172e-02	3.767995e+00
1.481000e-05	1.235475e-02	3.767868e+00
1.482000e-05	1.150564e-02	3.758372e+00
1.483000e-05	1.191288e-02	3.768919e+00
1.484000e-05	1.234867e-02	3.778395e+00
1.485000e-05	1.208683e-02	3.789798e+00
1.486000e-05	1.318426e-02	3.747921e+00
1.487000e-05	1.361699e-02	3.788997e+00
1.488000e-05	1.425467e-02	3.748522e+00
1.489000e-05	1.341928e-02	3.809425e+00
1.490000e-05	1.478591e-02	3.780972e+00
1.491000e-05	1.401936e-02	3.798972e+00
1.492000e-05	1.418437e-02	3.789943e+00
1.493000e-05	1.409915e-02	3.749501e+00
1.494000e-05	1.483167e-02	3.779947e+00
1.495000e-05	1.543190e-02	3.776924e+00
1.496000e-05	1.523096e-02	3.809446e+00
1.497000e-05	1.538243e-02	3.769475e+00
1.498000e-05	1.665937e-02	3.768421e+00
1.499000e-05	1.731974e-02	3.777444e+00
1.500000e-05	1.616651e-02	3.779426e+00
1.501000e-05	1.655006e-02	3.777420e+00
1.502000e-05	1.702105e-02	3.757870e+00
1.503000e-05	1.641853e-02	3.726442e+00
1.504000e-05	1.700213e-02	3.768411e+00
1.505000e-05	1.550587e-02	3.716793e+00
1.506000e-05	1.633213e-02	3.725865e+00
1.507000e-05	1.628713e-02	3.736391e+00
1.508000e-05	1.615299e-02	3.715291e+00
1.509000e-05	1.591705e-02	3.724291e+00
1.510000e-05	1.637171e-02	3.705762e+00
1.511000e-05	1.603104e-02	3.694258e+00
1.512000e-05	1.589041e-02	3.693158e+00
1.513000e-05	1.544699e-02	3.641183e+00
1.514000e-05	1.514942e-02	3.663654e+00
1.515000e-05	1.395465e-02	3.632084e+00
1.516000e-05	1.536258e-02	3.662530e+00
1.517000e-05	1.497502e-02	3.621554e+00
1.518000e-05	1.441649e-02	3.610553e+00
1.519000e-05	1.483801e-02	3.610500e+00
1.520000e-05	1.439308e-02	3.619999e+00
1.521000e-05	1.451803e-02	3.600500e+00
1.522000e-05	1.324451e-02	3.600474e+00
1.523000e-05	1.270148e-02	3.590499e+00
1.524000e-05	1.364872e-02	3.569496e+00
1.525000e-05	1.236697e-02	3.559445e+00
1.526000e-05	1.203003e-02	3.578469e+00
1.527000e-05	1.142230e-02	3.557867e+00
1.528000e-05	1.282516e-02	3.545287e+00
1.529000e-05	1.269844e-02	3.476864e+00
1.530000e-05	1.226888e-02	3.493789e+00
1.531000e-05	1.163364e-02	3.434001e+00
1.532000e-05	1.103391e-02	3.433094e+00
1.533000e-05	1.193242e-02	3.407466e+00
1.534000e-05	1.080705e-02	3.348442e+00
1.535000e-05	8.691457e-03	3.297786e+00
1.536000e-05	1.039646e-02	3.324709e+00
1.537000e-05	1.101713e-02	3.253660e+00
1.538000e-05	1.071734e-02	3.231103e+00
1.539000e-05	9.088377e-03	3.221628e+00
1.540000e-05	9.835289e-03	3.250575e+00
1.541000e-05	9.557267e-03	3.209500e+00
1.542000e-05	9.587953e-03	3.200472e+00
1.543000e-05	7.742541e-03	3.189446e+00
1.544000e-05	7.385935e-03	3.149420e+00
1.545000e-05	8.579563e-03	3.168365e+00
1.546000e-05	8.403197e-03	3.095290e+00
1.547000e-05	7.865432e-03	3.085131e+00
1.548000e-05	6.985094e-03	3.031654e+00
1.549000e-05	8.048484e-03	3.012053e+00
1.550000e-05	6.167417e-03	3.030550e+00
1.551000e-05	6.425895e-03	2.969972e+00
1.552000e-05	6.526964e-03	2.997900e+00
1.553000e-05	7.977447e-03	2.958495e+00
1.554000e-05	6.320557e-03	2.905813e+00
1.555000e-05	6.169178e-03	2.885239e+00
1.556000e-05	4.915041e-03	2.872629e+00
1.557000e-05	5.215919e-03	2.841603e+00
1.558000e-05	5.817887e-03	2.841551e+00
1.559000e-05	5.033415e-03	2.801528e+00
1.560000e-05	5.622177e-03	2.799421e+00
1.561000e-05	5.869656e-03	2.788972e+00
1.562000e-05	5.588153e-03	2.779366e+00
1.563000e-05	5.122180e-03	2.726391e+00
1.564000e-05	4.103041e-03	2.653682e+00
1.565000e-05	3.166633e-03	2.650076e+00
1.566000e-05	3.897435e-03	2.608491e+00
1.567000e-05	4.285135e-03	2.492841e+00
1.568000e-05	4.223262e-03	2.474103e+00
1.569000e-05	4.101952e-03	2.463104e+00
1.570000e-05	3.460517e-03	2.431675e+00
1.571000e-05	3.469026e-03	2.398524e+00
1.572000e-05	3.637825e-03	2.359917e+00
1.573000e-05	2.218974e-03	2.356865e+00
1.574000e-05	2.585176e-03	2.346306e+00
1.575000e-05	3.255081e-03	2.272157e+00
1.576000e-05	2.752110e-03	2.254078e+00
1.577000e-05	1.317496e-03	2.210524e+00
1.578000e-05	2.727548e-03	2.190499e+00
1.579000e-05	2.913566e-03	2.196868e+00
1.580000e-05	4.240999e-03	2.107314e+00
1.581000e-05	1.199297e-03	2.084304e+00
1.582000e-05	2.846753e-03	2.052655e+00
1.583000e-05	1.611732e-03	2.021503e+00
1.584000e-05	2.208204e-03	2.000524e+00
1.585000e-05	-6.393740e-04	1.999445e+00
1.586000e-05	1.248060e-03	1.967916e+00
1.587000e-05	3.122637e-03	1.936738e+00
1.588000e-05	2.175327e-03	1.882783e+00
1.589000e-05	1.855110e-03	1.822549e+00
1.590000e-05	9.128420e-04	1.797469e+00
1.591000e-05	1.448825e-03	1.768314e+00
1.592000e-05	5.208022e-04	1.734311e+00
1.593000e-05	-6.968479e-04	1.656258e+00
1.594000e-05	-5.618163e-05	1.653104e+00
1.595000e-05	1.608568e-03	1.670678e+00
1.596000e-05	3.004444e-03	1.600418e+00
1.597000e-05	1.211506e-04	1.545341e+00
1.598000e-05	7.846793e-04	1.442180e+00
1.599000e-05	3.055272e-04	1.430973e+00
1.600000e-05	1.410215e-03	1.388994e+00
1.601000e-05	-1.670992e-03	1.386469e+00
1.602000e-05	6.817692e-04	1.345838e+00
1.603000e-05	-6.119657e-04	1.284204e+00
1.604000e-05	2.432036e-03	1.243030e+00
1.605000e-05	-1.336865e-03	1.219525e+00
1.606000e-05	-4.595640e-04	1.176447e+00
1.607000e-05	-8.351292e-04	1.097257e+00
1.608000e-05	6.730621e-05	1.060728e+00
1.609000e-05	-1.050422e-03	9.769650e-01
1.610000e-05	-1.520130e-03	9.363648e-01
1.611000e-05	2.023619e-04	8.642043e-01
1.612000e-05	-1.928816e-04	8.415277e-01
1.613000e-05	-2.634550e-04	8.095238e-01
1.614000e-05	-2.022865e-03	7.589198e-01
1.615000e-05	-1.032638e-03	7.558434e-01
1.616000e-05	-2.105975e-03	7.147345e-01
1.617000e-05	-1.719492e-03	6.726267e-01
1.618000e-05	-2.774448e-03	6.006013e-01
1.619000e-05	-6.627926e-04	5.700186e-01
1.620000e-05	-4.047107e-04	5.353446e-01
1.621000e-05	-7.152608e-04	5.248581e-01
1.622000e-05	-2.619492e-03	4.626042e-01
1.623000e-05	-2.547689e-03	4.410778e-01
1.624000e-05	-2.000435e-03	4.000250e-01
1.625000e-05	-2.483471e-03	3.899700e-01
1.626000e-05	-3.431250e-03	3.474371e-01
1.627000e-05	-2.788096e-03	3.247558e-01
1.628000e-05	-1.580553e-03	2.600991e-01
1.629000e-05	-1.492169e-03	1.699449e-01
1.630000e-05	-2.686332e-03	9.520691e-02
1.631000e-05	-2.844319e-03	2.160414e-02
1.632000e-05	-2.616775e-03	5.107394e-02
1.633000e-05	-1.720623e-03	-4.512502e-04
1.634000e-05	-3.296142e-03	-5.260771e-02
1.635000e-05	-2.684887e-03	-7.411171e-02
1.636000e-05	-8.013335e-04	-1.348207e-01
1.637000e-05	-6.910768e-04	-1.383170e-01
1.638000e-05	-2.461209e-03	-1.784513e-01
1.639000e-05	-2.390541e-03	-2.195302e-01
1.640000e-05	-2.093970e-04	-2.326591e-01
1.641000e-05	3.058763e-03	-2.947395e-01
1.642000e-05	1.440233e-02	-3.458446e-01
1.643000e-05	1.605660e-02	-3.789761e-01
1.644000e-05	-4.072328e-02	-3.905575e-01
1.645000e-05	-2.516556e-02	-4.516302e-01
1.646000e-05	8.528452e-03	-4.811093e-01
1.647000e-05	4.532555e-02	-5.046518e-01
1.648000e-05	-1.830485e-02	-5.905073e-01
1.649000e-05	-2.192121e-02	-7.037106e-01
1.650000e-05	5.404385e-02	-7.322905e-01
1.651000e-05	7.703630e-03	-7.372461e-01
1.652000e-05	-1.601313e-02	-7.800224e-01
1.653000e-05	-3.363540e-02	-8.200276e-01
1.654000e-05	2.877452e-02	-8.125301e-01
1.655000e-05	-2.739099e-02	-8.441667e-01
1.656000e-05	4.564640e-03	-9.278671e-01
1.657000e-05	1.702699e-02	-9.773974e-01
1.658000e-05	-6.088910e-02	-9.879511e-01
1.659000e-05	-5.249290e-03	-1.022585e+00
1.660000e-05	4.878066e-02	-1.084238e+00
1.661000e-05	-7.373986e-03	-1.166267e+00
1.662000e-05	-5.166958e-02	-1.127871e+00
1.663000e-05	4.738366e-02	-1.201530e+00
1.664000e-05	3.490585e-02	-1.293713e+00
1.665000e-05	-4.239430e-02	-1.305162e+00
1.666000e-05	-3.831286e-02	-1.325785e+00
1.667000e-05	3.004695e-02	-1.363558e+00
1.668000e-05	8.644735e-03	-1.527318e+00
1.669000e-05	-1.800623e-02	-1.557320e+00
1.670000e-05	-2.631629e-02	-1.589875e+00
1.671000e-05	1.226994e-02	-1.589500e+00
1.672000e-05	2.466799e-02	-1.601607e+00
1.673000e-05	-2.944269e-02	-1.673583e+00
1.674000e-05	-2.690774e-02	-1.686693e+00
1.675000e-05	1.704058e-02	-1.736845e+00
1.676000e-05	6.093037e-03	-1.788876e+00
1.677000e-05	-1.839064e-02	-1.799500e+00
1.678000e-05	-1.145059e-02	-1.833482e+00
1.679000e-05	-1.539299e-03	-1.844687e+00
1.680000e-05	1.005082e-02	-1.947314e+00
1.681000e-05	-1.275962e-02	-1.897821e+00
1.682000e-05	-2.269637e-02	-1.949927e+00
1.683000e-05	3.960530e-03	-1.989525e+00
1.684000e-05	7.023817e-03	-2.011979e+00
1.685000e-05	-1.318761e-02	-2.051608e+00
1.686000e-05	-1.659320e-02	-2.063139e+00
1.687000e-05	-5.164284e-03	-2.107274e+00
1.688000e-05	6.462561e-03	-2.191525e+00
1.689000e-05	-7.463427e-03	-2.255133e+00
1.690000e-05	-1.902530e-02	-2.345290e+00
1.691000e-05	-3.079793e-03	-2.306823e+00
1.692000e-05	6.538739e-03	-2.379924e+00
1.693000e-05	-1.137569e-02	-2.389975e+00
1.694000e-05	-1.563512e-02	-2.423054e+00
1.695000e-05	-8.803070e-03	-2.421609e+00
1.696000e-05	6.071134e-03	-2.443664e+00
1.697000e-05	-9.516645e-03	-2.525191e+00
1.698000e-05	-1.852286e-02	-2.527322e+00
1.699000e-05	-4.691240e-03	-2.538371e+00
1.700000e-05	9.778964e-04	-2.600525e+00
1.701000e-05	-8.000816e-03	-2.621528e+00
1.702000e-05	-1.644275e-02	-2.643583e+00
1.703000e-05	-7.744188e-03	-2.683141e+00
1.704000e-05	1.036100e-03	-2.707243e+00
1.705000e-05	-8.048998e-03	-2.768371e+00
1.706000e-05	-1.765535e-02	-2.778500e+00
1.707000e-05	-7.755082e-03	-2.809024e+00
1.708000e-05	-2.382683e-03	-2.801528e+00
1.709000e-05	-5.366485e-03	-2.842503e+00
1.710000e-05	-1.723021e-02	-2.844089e+00
1.711000e-05	-8.035974e-03	-2.905233e+00
1.712000e-05	-1.882015e-03	-2.936643e+00
1.713000e-05	-6.528969e-03	-2.966973e+00
1.714000e-05	-1.509196e-02	-2.980056e+00
1.715000e-05	-1.132742e-02	-3.054109e+00
1.716000e-05	-4.483109e-03	-3.106714e+00
1.717000e-05	-7.437237e-03	-3.147820e+00
1.718000e-05	-1.439208e-02	-3.159422e+00
1.719000e-05	-1.154981e-02	-3.199446e+00
1.720000e-05	-4.043993e-03	-3.201001e+00
1.721000e-05	-6.720666e-03	-3.201979e+00
1.722000e-05	-1.301801e-02	-3.231110e+00
1.723000e-05	-1.279106e-02	-3.242504e+00
1.724000e-05	-5.776353e-03	-3.261636e+00
1.725000e-05	-7.100582e-03	-3.275713e+00
1.726000e-05	-1.373500e-02	-3.296267e+00
1.727000e-05	-1.402553e-02	-3.307843e+00
1.728000e-05	-7.766343e-03	-3.337374e+00
1.729000e-05	-7.723421e-03	-3.370374e+00
1.730000e-05	-1.330458e-02	-3.390451e+00
1.731000e-05	-1.364167e-02	-3.400977e+00
1.732000e-05	-7.349109e-03	-3.421079e+00
1.733000e-05	-8.300893e-03	-3.423535e+00
1.734000e-05	-1.324933e-02	-3.485183e+00
1.735000e-05	-1.427267e-02	-3.516188e+00
1.736000e-05	-1.006923e-02	-3.527164e+00
1.737000e-05	-1.038430e-02	-3.497771e+00
1.738000e-05	-1.351675e-02	-3.566320e+00
1.739000e-05	-1.456191e-02	-3.559371e+00
1.740000e-05	-1.001087e-02	-3.568421e+00
1.741000e-05	-9.210318e-03	-3.569948e+00
1.742000e-05	-1.258710e-02	-3.598971e+00
1.743000e-05	-1.477552e-02	-3.599974e+00
1.744000e-05	-1.113708e-02	-3.589526e+00
1.745000e-05	-1.027174e-02	-3.611027e+00
1.746000e-05	-1.375804e-02	-3.621529e+00
1.747000e-05	-1.589658e-02	-3.631003e+00
1.748000e-05	-1.220142e-02	-3.633580e+00
1.749000e-05	-1.124649e-02	-3.593083e+00
1.750000e-05	-1.394642e-02	-3.663584e+00
1.751000e-05	-1.605680e-02	-3.684135e+00
1.752000e-05	-1.298964e-02	-3.687162e+00
1.753000e-05	-1.165599e-02	-3.686763e+00
1.754000e-05	-1.400514e-02	-3.748363e+00
1.755000e-05	-1.698865e-02	-3.765372e+00
1.756000e-05	-1.481937e-02	-3.739399e+00
1.757000e-05	-1.219966e-02	-3.798922e+00
1.758000e-05	-1.475931e-02	-3.779950e+00
1.759000e-05	-1.758096e-02	-3.781383e+00
1.760000e-05	-1.567391e-02	-3.851029e+00
1.761000e-05	-1.362123e-02	-3.891956e+00
1.762000e-05	-1.505585e-02	-3.872182e+00
1.763000e-05	-1.752792e-02	-3.872632e+00
1.764000e-05	-1.603032e-02	-3.881135e+00
1.765000e-05	-1.431702e-02	-3.864757e+00
1.766000e-05	-1.643458e-02	-3.936192e+00
1.767000e-05	-1.857136e-02	-3.964288e+00
1.768000e-05	-1.802279e-02	-3.883715e+00
1.769000e-05	-1.711240e-02	-3.904741e+00
1.770000e-05	-1.674201e-02	-3.945892e+00
1.771000e-05	-1.904173e-02	-3.966315e+00
1.772000e-05	-1.863052e-02	-3.917817e+00
1.773000e-05	-1.726489e-02	-3.936893e+00
1.774000e-05	-1.761725e-02	-3.907895e+00
1.775000e-05	-1.997373e-02	-3.947393e+00
1.776000e-05	-2.066299e-02	-3.907371e+00
1.777000e-05	-2.011616e-02	-3.946787e+00
1.778000e-05	-1.892161e-02	-3.937370e+00
1.779000e-05	-2.096004e-02	-3.967743e+00
1.780000e-05	-2.060231e-02	-3.966847e+00
1.781000e-05	-1.980480e-02	-3.915841e+00
1.782000e-05	-2.048413e-02	-3.975297e+00
1.783000e-05	-2.032453e-02	-3.927343e+00
1.784000e-05	-2.189503e-02	-3.926315e+00
1.785000e-05	-2.094824e-02	-3.897788e+00
1.786000e-05	-2.198068e-02	-3.915795e+00
1.787000e-05	-2.307974e-02	-3.916316e+00
1.788000e-05	-2.235887e-02	-3.913116e+00
1.789000e-05	-2.184874e-02	-3.924784e+00
1.790000e-05	-1.941747e-02	-3.863590e+00
1.791000e-05	-2.065729e-02	-3.863682e+00
1.792000e-05	-2.069441e-02	-3.835058e+00
1.793000e-05	-2.167163e-02	-3.820979e+00
1.794000e-05	-2.166647e-02	-3.823160e+00
1.795000e-05	-2.348092e-02	-3.798924e+00
1.796000e-05	-2.337583e-02	-3.819949e+00
1.797000e-05	-2.082829e-02	-3.756943e+00
1.798000e-05	-2.045143e-02	-3.798445e+00
1.799000e-05	-1.924817e-02	-3.705815e+00
1.800000e-05	-1.905556e-02	-3.744215e+00
1.801000e-05	-1.937803e-02	-3.703213e+00
1.802000e-05	-2.173162e-02	-3.643181e+00
1.803000e-05	-2.028343e-02	-3.653605e+00
1.804000e-05	-2.133670e-02	-3.633078e+00
1.805000e-05	-1.940122e-02	-3.631085e+00
1.806000e-05	-1.971420e-02	-3.622576e+00
1.807000e-05	-1.762849e-02	-3.621577e+00
1.808000e-05	-1.861821e-02	-3.620525e+00
1.809000e-05	-1.783742e-02	-3.580000e+00
1.810000e-05	-1.941430e-02	-3.579525e+00
1.811000e-05	-1.843423e-02	-3.589999e+00
1.812000e-05	-1.885682e-02	-3.589449e+00
1.813000e-05	-1.712610e-02	-3.588473e+00
1.814000e-05	-1.647647e-02	-3.569421e+00
1.815000e-05	-1.665429e-02	-3.537895e+00
1.816000e-05	-1.637225e-02	-3.537910e+00
1.817000e-05	-1.555582e-02	-3.496813e+00
1.818000e-05	-1.650948e-02	-3.484711e+00
1.819000e-05	-1.706507e-02	-3.472705e+00
1.820000e-05	-1.735053e-02	-3.453107e+00
1.821000e-05	-1.543452e-02	-3.391528e+00
1.822000e-05	-1.489367e-02	-3.421078e+00
1.823000e-05	-1.373834e-02	-3.399474e+00
1.824000e-05	-1.507161e-02	-3.389499e+00
1.825000e-05	-1.255816e-02	-3.378896e+00
1.826000e-05	-1.450818e-02	-3.346343e+00
1.827000e-05	-1.481795e-02	-3.304820e+00
1.828000e-05	-1.582769e-02	-3.265629e+00
1.829000e-05	-1.381747e-02	-3.261604e+00
1.830000e-05	-1.360015e-02	-3.260526e+00
1.831000e-05	-1.400223e-02	-3.219524e+00
1.832000e-05	-1.265992e-02	-3.210524e+00
1.833000e-05	-1.083763e-02	-3.199497e+00
1.834000e-05	-1.240069e-02	-3.199474e+00
1.835000e-05	-1.324475e-02	-3.157840e+00
1.836000e-05	-1.336595e-02	-3.105337e+00
1.837000e-05	-1.259141e-02	-3.084185e+00
1.838000e-05	-1.229002e-02	-3.064237e+00
1.839000e-05	-1.275963e-02	-3.040597e+00
1.840000e-05	-1.078133e-02	-2.958841e+00
1.841000e-05	-1.062921e-02	-2.904761e+00
1.842000e-05	-1.094889e-02	-2.935682e+00
1.843000e-05	-1.179542e-02	-2.821577e+00
1.844000e-05	-1.109189e-02	-2.831103e+00
1.845000e-05	-1.025323e-02	-2.810503e+00
1.846000e-05	-1.175620e-02	-2.799999e+00
1.847000e-05	-1.054622e-02	-2.778997e+00
1.848000e-05	-1.049032e-02	-2.756869e+00
1.849000e-05	-9.477764e-03	-2.715865e+00
1.850000e-05	-1.152202e-02	-2.724731e+00
1.851000e-05	-1.034333e-02	-2.673228e+00
1.852000e-05	-9.140503e-03	-2.641077e+00
1.853000e-05	-8.109927e-03	-2.620949e+00
1.854000e-05	-8.879579e-03	-2.558419e+00
1.855000e-05	-1.042171e-02	-2.546814e+00
1.856000e-05	-9.189334e-03	-2.494263e+00
1.857000e-05	-7.729015e-03	-2.504108e+00
1.858000e-05	-1.042618e-02	-2.442528e+00
1.859000e-05	-9.313967e-03	-2.400524e+00
1.860000e-05	-8.522811e-03	-2.379496e+00
1.861000e-05	-6.964924e-03	-2.378424e+00
1.862000e-05	-8.230113e-03	-2.357941e+00
1.863000e-05	-9.164779e-03	-2.316786e+00
1.864000e-05	-7.689106e-03	-2.272129e+00
1.865000e-05	-7.363114e-03	-2.208473e+00
1.866000e-05	-8.433830e-03	-2.196814e+00
1.867000e-05	-9.740501e-03	-2.124285e+00
1.868000e-05	-7.625296e-03	-2.062131e+00
1.869000e-05	-7.521671e-03	-2.029576e+00
1.870000e-05	-6.645598e-03	-2.020476e+00
1.871000e-05	-7.118165e-03	-2.008949e+00
1.872000e-05	-7.054969e-03	-1.948367e+00
1.873000e-05	-5.383522e-03	-1.937315e+00
1.874000e-05	-7.308452e-03	-1.933210e+00
1.875000e-05	-7.510522e-03	-1.851606e+00
1.876000e-05	-8.033387e-03	-1.791025e+00
1.877000e-05	-6.686385e-03	-1.798969e+00
1.878000e-05	-7.441356e-03	-1.767416e+00
1.879000e-05	-4.617162e-03	-1.734763e+00
1.880000e-05	-7.092330e-03	-1.673708e+00
1.881000e-05	-4.660444e-03	-1.631602e+00
1.882000e-05	-7.849821e-03	-1.601525e+00
1.883000e-05	-6.060928e-03	-1.609973e+00
1.884000e-05	-8.049641e-03	-1.567440e+00
1.885000e-05	-4.702098e-03	-1.534767e+00
1.886000e-05	-6.389279e-03	-1.431144e+00
1.887000e-05	-4.596348e-03	-1.419000e+00
1.888000e-05	-5.766277e-03	-1.375762e+00
1.889000e-05	-5.185127e-03	-1.303681e+00
1.890000e-05	-5.812274e-03	-1.199600e+00
1.891000e-05	-6.583164e-03	-1.199973e+00
1.892000e-05	-5.362981e-03	-1.176918e+00
1.893000e-05	-4.946297e-03	-1.113709e+00
1.894000e-05	-4.205694e-03	-1.043732e+00
1.895000e-05	-5.407715e-03	-1.022077e+00
1.896000e-05	-4.271242e-03	-9.894951e-01
1.897000e-05	-5.844025e-03	-9.783937e-01
1.898000e-05	-5.191432e-03	-9.263135e-01
1.899000e-05	-5.889815e-03	-8.721332e-01
1.900000e-05	-4.299562e-03	-8.511041e-01
1.901000e-05	-5.678907e-03	-8.300752e-01
1.902000e-05	-5.322345e-03	-7.999988e-01
1.903000e-05	-3.870655e-03	-7.494923e-01
1.904000e-05	-3.445763e-03	-7.247896e-01
1.905000e-05	-4.355454e-03	-6.015756e-01
1.906000e-05	-5.478101e-03	-5.815912e-01
1.907000e-05	-4.452004e-03	-5.058634e-01
1.908000e-05	-3.886638e-03	-4.626282e-01
1.909000e-05	-5.553077e-03	-4.210764e-01
1.910000e-05	-5.661212e-03	-4.004476e-01
1.911000e-05	-3.136342e-03	-3.979711e-01
1.912000e-05	-2.909975e-03	-3.758897e-01
1.913000e-05	-2.653006e-03	-3.467857e-01
1.914000e-05	-3.996021e-03	-3.026807e-01
1.915000e-05	-3.437698e-03	-2.210764e-01
1.916000e-05	-3.024768e-03	-2.204700e-01
1.917000e-05	-4.270354e-03	-1.679361e-01
1.918000e-05	-4.310605e-03	-1.057385e-01
1.919000e-05	-3.290251e-03	-6.370302e-02
1.920000e-05	-1.278663e-03	-1.603889e-03
1.921000e-05	-7.524935e-04	5.011186e-04
1.922000e-05	-1.096326e-03	1.003878e-03
1.923000e-05	-7.427497e-04	6.205890e-02
1.924000e-05	-7.377094e-04	7.411052e-02
1.925000e-05	-2.164596e-04	1.278032e-01
1.926000e-05	1.637157e-03	2.315349e-01
1.927000e-05	7.011763e-03	2.730879e-01
1.928000e-05	1.425883e-02	3.592957e-01
1.929000e-05	-5.131865e-03	4.084734e-01
1.930000e-05	-5.348337e-02	3.905012e-01
1.931000e-05	3.035000e-03	4.305540e-01
1.932000e-05	3.142639e-02	4.351141e-01
1.933000e-05	1.598724e-02	4.957632e-01
1.934000e-05	-4.590049e-02	5.563434e-01
1.935000e-05	4.203544e-04	5.794561e-01
1.936000e-05	5.721823e-02	6.026301e-01
1.937000e-05	-1.577679e-02	6.811565e-01
1.938000e-05	-2.461399e-02	6.748207e-01
1.939000e-05	-8.433470e-05	7.573195e-01
1.940000e-05	-1.954507e-03	7.684989e-01
1.941000e-05	9.278454e-03	8.000749e-01
1.942000e-05	1.995682e-02	8.305575e-01
1.943000e-05	-1.915834e-02	9.042368e-01
1.944000e-05	-2.580372e-02	9.293745e-01
1.945000e-05	2.508966e-02	9.985777e-01
1.946000e-05	3.786698e-02	1.115117e+00
1.947000e-05	-5.743515e-02	1.096797e+00
1.948000e-05	-1.301568e-02	1.168424e+00
1.949000e-05	4.912163e-02	1.219052e+00
1.950000e-05	7.440923e-03	1.232109e+00
1.951000e-05	-3.701518e-02	1.315665e+00
1.952000e-05	-7.398873e-03	1.345770e+00
1.953000e-05	2.982504e-02	1.388899e+00
1.954000e-05	4.776182e-03	1.390957e+00
1.955000e-05	-1.560127e-02	1.423637e+00
1.956000e-05	-9.253207e-03	1.515293e+00
1.957000e-05	2.263799e-02	1.606975e+00
1.958000e-05	4.290047e-03	1.603979e+00
1.959000e-05	-1.390904e-02	1.664637e+00
1.960000e-05	-8.052248e-03	1.685712e+00
1.961000e-05	1.184489e-02	1.756295e+00
1.962000e-05	6.722667e-03	1.750445e+00
1.963000e-05	-3.396536e-03	1.809930e+00
1.964000e-05	-6.975222e-03	1.852032e+00
1.965000e-05	6.444851e-03	1.875061e+00
1.966000e-05	1.083109e-02	1.906291e+00
1.967000e-05	-7.075798e-03	1.978472e+00
1.968000e-05	-7.483551e-03	1.979448e+00
1.969000e-05	7.780979e-03	2.000976e+00
1.970000e-05	8.555111e-03	2.032026e+00
1.971000e-05	-3.990652e-03	2.021659e+00
1.972000e-05	-5.260772e-03	2.085640e+00
1.973000e-05	6.349406e-03	2.135716e+00
1.974000e-05	8.665956e-03	2.157822e+00
1.975000e-05	-2.109183e-03	2.169425e+00
1.976000e-05	-5.790537e-03	2.231501e+00
1.977000e-05	5.588801e-03	2.262559e+00
1.978000e-05	8.116629e-03	2.274666e+00
1.979000e-05	-2.521230e-03	2.295244e+00
1.980000e-05	-5.031240e-03	2.307297e+00
1.981000e-05	5.095900e-03	2.368899e+00
1.982000e-05	8.968667e-03	2.370026e+00
1.983000e-05	-1.571373e-03	2.430075e+00
1.984000e-05	-2.512059e-03	2.422030e+00
1.985000e-05	5.408757e-03	2.473658e+00
1.986000e-05	8.671409e-03	2.506744e+00
1.987000e-05	-4.646835e-04	2.548297e+00
1.988000e-05	-2.419711e-03	2.653079e+00
1.989000e-05	4.407371e-03	2.674157e+00
1.990000e-05	8.468879e-03	2.765292e+00
1.991000e-05	5.379543e-04	2.747872e+00
1.992000e-05	-1.074533e-03	2.757923e+00
1.993000e-05	3.858223e-03	2.799399e+00
1.994000e-05	9.517700e-03	2.810501e+00
1.995000e-05	2.337522e-03	2.802030e+00
1.996000e-05	-2.345062e-04	2.832638e+00
1.997000e-05	3.918295e-03	2.874088e+00
1.998000e-05	8.187349e-03	2.914684e+00
1.999000e-05	2.984996e-03	2.906845e+00
2.000000e-05	-1.154168e-03	2.937869e+00
2.001000e-05	4.718391e-03	2.950949e+00
2.002000e-05	8.391304e-03	3.021449e+00
2.003000e-05	5.232155e-03	3.010500e+00
2.004000e-05	4.438412e-04	3.021611e+00
2.005000e-05	5.736653e-03	3.064185e+00
2.006000e-05	8.048474e-03	3.074689e+00
2.007000e-05	5.165150e-03	3.086791e+00
2.008000e-05	8.158402e-04	3.128370e+00
2.009000e-05	3.971765e-03	3.176401e+00
2.010000e-05	7.036172e-03	3.199395e+00
2.011000e-05	6.435292e-03	3.189947e+00
2.012000e-05	1.711251e-03	3.179502e+00
2.013000e-05	5.133553e-03	3.210451e+00
2.014000e-05	7.449704e-03	3.202606e+00
2.015000e-05	7.358710e-03	3.231604e+00
2.016000e-05	2.702221e-03	3.273558e+00
2.017000e-05	5.586179e-03	3.275192e+00
2.018000e-05	7.811884e-03	3.297889e+00
2.019000e-05	7.536760e-03	3.355822e+00
2.020000e-05	2.961143e-03	3.328999e+00
2.021000e-05	5.451681e-03	3.392032e+00
2.022000e-05	7.868298e-03	3.472032e+00
2.023000e-05	8.009583e-03	3.484710e+00
2.024000e-05	5.152267e-03	3.517269e+00
2.025000e-05	6.279471e-03	3.555713e+00
2.026000e-05	9.093624e-03	3.545893e+00
2.027000e-05	7.908091e-03	3.569424e+00
2.028000e-05	4.997056e-03	3.568999e+00
2.029000e-05	5.437004e-03	3.590000e+00
2.030000e-05	7.861708e-03	3.600003e+00
2.031000e-05	8.499382e-03	3.610024e+00
2.032000e-05	5.462526e-03	3.590003e+00
2.033000e-05	8.317579e-03	3.600500e+00
2.034000e-05	9.068480e-03	3.612026e+00
2.035000e-05	9.884027e-03	3.651080e+00
2.036000e-05	6.678844e-03	3.632055e+00
2.037000e-05	8.311944e-03	3.633558e+00
2.038000e-05	9.457586e-03	3.653583e+00
2.039000e-05	9.081393e-03	3.642587e+00
2.040000e-05	6.801500e-03	3.704135e+00
2.041000e-05	9.010798e-03	3.713584e+00
2.042000e-05	9.611324e-03	3.705238e+00
2.043000e-05	1.125692e-02	3.716134e+00
2.044000e-05	8.956521e-03	3.725318e+00
2.045000e-05	1.178339e-02	3.726795e+00
2.046000e-05	1.107625e-02	3.747243e+00
2.047000e-05	1.029485e-02	3.738892e+00
2.048000e-05	9.205392e-03	3.757370e+00
2.049000e-05	1.091135e-02	3.767867e+00
2.050000e-05	1.174296e-02	3.747395e+00
2.051000e-05	1.142664e-02	3.718397e+00
2.052000e-05	1.092765e-02	3.765922e+00
2.053000e-05	1.178508e-02	3.749321e+00
2.054000e-05	1.341156e-02	3.767977e+00
2.055000e-05	1.293347e-02	3.799922e+00
2.056000e-05	1.237774e-02	3.788472e+00
2.057000e-05	1.396293e-02	3.789880e+00
2.058000e-05	1.362050e-02	3.779470e+00
2.059000e-05	1.416097e-02	3.797427e+00
2.060000e-05	1.298642e-02	3.789420e+00
2.061000e-05	1.429889e-02	3.779444e+00
2.062000e-05	1.490288e-02	3.779423e+00
2.063000e-05	1.552088e-02	3.798976e+00
2.064000e-05	1.592609e-02	3.780474e+00
2.065000e-05	1.541581e-02	3.788446e+00
2.066000e-05	1.548618e-02	3.797970e+00
2.067000e-05	1.610526e-02	3.779442e+00
2.068000e-05	1.523502e-02	3.799399e+00
2.069000e-05	1.469697e-02	3.749397e+00
2.070000e-05	1.515174e-02	3.777971e+00
2.071000e-05	1.734872e-02	3.746392e+00
2.072000e-05	1.603714e-02	3.779373e+00
2.073000e-05	1.640571e-02	3.767920e+00
2.074000e-05	1.638990e-02	3.757365e+00
2.075000e-05	1.723539e-02	3.748367e+00
2.076000e-05	1.628841e-02	3.737368e+00
2.077000e-05	1.630470e-02	3.714765e+00
2.078000e-05	1.540114e-02	3.715836e+00
2.079000e-05	1.721621e-02	3.684760e+00
2.080000e-05	1.511744e-02	3.694133e+00
2.081000e-05	1.477457e-02	3.702580e+00
2.082000e-05	1.511000e-02	3.641660e+00
2.083000e-05	1.630119e-02	3.663630e+00
2.084000e-05	1.555071e-02	3.663130e+00
2.085000e-05	1.650423e-02	3.643577e+00
2.086000e-05	1.527620e-02	3.652053e+00
2.087000e-05	1.519224e-02	3.621554e+00
2.088000e-05	1.439483e-02	3.620505e+00
2.089000e-05	1.357781e-02	3.610025e+00
2.090000e-05	1.318086e-02	3.601000e+00
2.091000e-05	1.345489e-02	3.599999e+00
2.092000e-05	1.343718e-02	3.599999e+00
2.093000e-05	1.319900e-02	3.590523e+00
2.094000e-05	1.367615e-02	3.579921e+00
2.095000e-05	1.302814e-02	3.569399e+00
2.096000e-05	1.297908e-02	3.557895e+00
2.097000e-05	1.207872e-02	3.535896e+00
2.098000e-05	1.214153e-02	3.524340e+00
2.099000e-05	1.166770e-02	3.505713e+00
2.100000e-05	1.058277e-02	3.474531e+00
2.101000e-05	1.095488e-02	3.462128e+00
2.102000e-05	1.071443e-02	3.441174e+00
2.103000e-05	1.138953e-02	3.378343e+00
2.104000e-05	1.116451e-02	3.348411e+00
2.105000e-05	1.075443e-02	3.324783e+00
2.106000e-05	9.835440e-03	3.315608e+00
2.107000e-05	9.664623e-03	3.272581e+00
2.108000e-05	1.048872e-02	3.222104e+00
2.109000e-05	9.179724e-03	3.211553e+00
2.110000e-05	7.300484e-03	3.210575e+00
2.111000e-05	9.027501e-03	3.200025e+00
2.112000e-05	9.024789e-03	3.189449e+00
2.113000e-05	8.855967e-03	3.189950e+00
2.114000e-05	7.402780e-03	3.158992e+00
2.115000e-05	9.135768e-03	3.163863e+00
2.116000e-05	9.763749e-03	3.137287e+00
2.117000e-05	8.213258e-03	3.093161e+00
2.118000e-05	6.044616e-03	3.020603e+00
2.119000e-05	6.645471e-03	3.030100e+00
2.120000e-05	6.877440e-03	2.990550e+00
2.121000e-05	6.506574e-03	2.989995e+00
2.122000e-05	6.266618e-03	2.967948e+00
2.123000e-05	7.461693e-03	2.995290e+00
2.124000e-05	7.003854e-03	2.913741e+00
2.125000e-05	7.028464e-03	2.904782e+00
2.126000e-05	5.740594e-03	2.852608e+00
2.127000e-05	5.016448e-03	2.861051e+00
2.128000e-05	5.582911e-03	2.850075e+00
2.129000e-05	3.951943e-03	2.811500e+00
2.130000e-05	5.997674e-03	2.788946e+00
2.131000e-05	3.782840e-03	2.778897e+00
2.132000e-05	6.100346e-03	2.759368e+00
2.133000e-05	6.051060e-03	2.725726e+00
2.134000e-05	4.104576e-03	2.653180e+00
2.135000e-05	3.892968e-03	2.619056e+00
2.136000e-05	3.629554e-03	2.557540e+00
2.137000e-05	5.798204e-03	2.518636e+00
2.138000e-05	4.114436e-03	2.473132e+00
2.139000e-05	3.418026e-03	2.422577e+00
2.140000e-05	3.430444e-03	2.410450e+00
2.141000e-05	4.411877e-03	2.399450e+00
2.142000e-05	2.991951e-03	2.368414e+00
2.143000e-05	2.782480e-03	2.306391e+00
2.144000e-05	2.357889e-03	2.314661e+00
2.145000e-05	4.418677e-03	2.303180e+00
2.146000e-05	3.562060e-03	2.222049e+00
2.147000e-05	3.673622e-03	2.209499e+00
2.148000e-05	2.167904e-03	2.189442e+00
2.149000e-05	2.806079e-03	2.158392e+00
2.150000e-05	1.950220e-03	2.104233e+00
2.151000e-05	2.287937e-03	2.074158e+00
2.152000e-05	5.676886e-04	2.042129e+00
2.153000e-05	2.035107e-03	2.021049e+00
2.154000e-05	2.669485e-03	2.009999e+00
2.155000e-05	2.110066e-03	1.959419e+00
2.156000e-05	1.266752e-03	1.958390e+00
2.157000e-05	2.379368e-03	1.895337e+00
2.158000e-05	1.667177e-03	1.843783e+00
2.159000e-05	1.163007e-03	1.861550e+00
2.160000e-05	-8.431193e-04	1.758970e+00
2.161000e-05	3.858011e-04	1.727235e+00
2.162000e-05	1.045700e-03	1.724312e+00
2.163000e-05	1.229253e-03	1.727128e+00
2.164000e-05	5.256442e-04	1.609630e+00
2.165000e-05	1.325645e-03	1.600974e+00
2.166000e-05	1.572461e-03	1.587939e+00
2.167000e-05	7.549936e-04	1.506632e+00
2.168000e-05	-1.346666e-03	1.472630e+00
2.169000e-05	-4.561093e-04	1.400974e+00
2.170000e-05	2.111444e-04	1.378970e+00
2.171000e-05	-2.427575e-04	1.327361e+00
2.172000e-05	-6.729166e-04	1.313259e+00
2.173000e-05	-6.863547e-04	1.252107e+00
2.174000e-05	5.724562e-04	1.222024e+00
2.175000e-05	-1.207108e-03	1.179992e+00
2.176000e-05	-2.457063e-04	1.198415e+00
2.177000e-05	-2.127138e-03	1.123178e+00
2.178000e-05	-1.911940e-04	1.042929e+00
2.179000e-05	-1.353457e-04	9.583144e-01
2.180000e-05	-1.340121e-03	8.937807e-01
2.181000e-05	-1.944148e-03	8.526764e-01
2.182000e-05	-1.564672e-03	8.310276e-01
2.183000e-05	-9.623536e-04	8.089738e-01
2.184000e-05	-1.418906e-03	7.778911e-01
2.185000e-05	-1.748098e-03	7.243371e-01
2.186000e-05	3.095787e-04	6.657092e-01
2.187000e-05	1.633097e-04	6.321279e-01
2.188000e-05	-1.459508e-03	5.895299e-01
2.189000e-05	-3.455245e-03	5.588948e-01
2.190000e-05	-2.667085e-03	5.177858e-01
2.191000e-05	-1.696915e-03	4.827330e-01
2.192000e-05	-2.077201e-03	4.320790e-01
2.193000e-05	-3.679362e-03	4.305002e-01
2.194000e-05	-2.095365e-03	3.889487e-01
2.195000e-05	-9.893824e-04	3.778947e-01
2.196000e-05	-1.726387e-03	3.178607e-01
2.197000e-05	-3.305709e-03	2.856755e-01
2.198000e-05	-2.957058e-03	2.375001e-01
2.199000e-05	-1.421331e-03	1.453610e-01
2.200000e-05	-2.948786e-03	8.263351e-02
2.201000e-05	-4.441192e-03	4.205133e-02
2.202000e-05	-3.281319e-03	2.104869e-02
2.203000e-05	-2.470919e-03	-1.997763e-02
2.204000e-05	-2.242556e-03	-3.218796e-02
2.205000e-05	-1.816902e-03	-7.618416e-02
2.206000e-05	-6.144327e-04	-1.278720e-01
2.207000e-05	-2.282673e-04	-2.089224e-01
2.208000e-05	-1.937561e-03	-2.205025e-01
2.209000e-05	-1.975765e-03	-2.326078e-01
2.210000e-05	-1.970106e-04	-2.832143e-01
2.211000e-05	6.168979e-03	-3.061657e-01
2.212000e-05	1.754885e-02	-3.783732e-01
2.213000e-05	4.214328e-03	-4.090061e-01
2.214000e-05	-6.674201e-02	-4.220327e-01
2.215000e-05	-2.246035e-03	-4.631004e-01
2.216000e-05	3.135970e-02	-4.846657e-01
2.217000e-05	2.368191e-02	-4.882283e-01
2.218000e-05	-4.067153e-02	-5.910575e-01
2.219000e-05	4.185103e-03	-6.741868e-01
2.220000e-05	6.181150e-02	-7.573446e-01
2.221000e-05	-2.536689e-02	-7.698494e-01
2.222000e-05	-2.711476e-02	-8.105225e-01
2.223000e-05	-3.698434e-03	-8.305264e-01
2.224000e-05	1.619333e-03	-8.026367e-01
2.225000e-05	-1.262819e-02	-9.171682e-01
2.226000e-05	2.487967e-02	-9.773384e-01
2.227000e-05	-1.540887e-02	-9.789574e-01
2.228000e-05	-4.601139e-02	-1.011027e+00
2.229000e-05	2.315799e-02	-1.055212e+00
2.230000e-05	4.595569e-02	-1.115292e+00
2.231000e-05	-5.777962e-02	-1.117822e+00
2.232000e-05	-1.515368e-02	-1.179477e+00
2.233000e-05	6.209436e-02	-1.201035e+00
2.234000e-05	-5.648252e-03	-1.264208e+00
2.235000e-05	-5.463501e-02	-1.285193e+00
2.236000e-05	-3.005381e-03	-1.338959e+00
2.237000e-05	3.070391e-02	-1.435055e+00
2.238000e-05	-7.176750e-03	-1.514793e+00
2.239000e-05	-2.590040e-02	-1.547923e+00
2.240000e-05	-1.782268e-02	-1.578952e+00
2.241000e-05	3.047525e-02	-1.633000e+00
2.242000e-05	-5.608415e-04	-1.621085e+00
2.243000e-05	-3.830628e-02	-1.654266e+00
2.244000e-05	-7.066414e-03	-1.727743e+00
2.245000e-05	2.274338e-02	-1.777948e+00
2.246000e-05	-9.365956e-03	-1.780452e+00
2.247000e-05	-1.753940e-02	-1.810055e+00
2.248000e-05	-8.878757e-03	-1.853665e+00
2.249000e-05	5.316171e-03	-1.895312e+00
2.250000e-05	3.516019e-03	-1.906821e+00
2.251000e-05	-2.267194e-02	-1.978974e+00
2.252000e-05	-1.382489e-02	-1.978949e+00
2.253000e-05	1.147471e-02	-1.990551e+00
2.254000e-05	-1.933897e-03	-2.012006e+00
2.255000e-05	-1.645445e-02	-2.073108e+00
2.256000e-05	-1.297331e-02	-2.064239e+00
2.257000e-05	2.525428e-03	-2.168775e+00
2.258000e-05	4.906519e-03	-2.212013e+00
2.259000e-05	-1.796200e-02	-2.253264e+00
2.260000e-05	-1.462086e-02	-2.337841e+00
2.261000e-05	3.527997e-03	-2.367871e+00
2.262000e-05	4.936814e-04	-2.400501e+00
2.263000e-05	-1.637981e-02	-2.411000e+00
2.264000e-05	-1.482738e-02	-2.411581e+00
2.265000e-05	-1.744682e-04	-2.453555e+00
2.266000e-05	5.076624e-03	-2.495213e+00
2.267000e-05	-1.707789e-02	-2.504442e+00
2.268000e-05	-1.282161e-02	-2.568996e+00
2.269000e-05	-2.328231e-04	-2.559951e+00
2.270000e-05	-7.182170e-04	-2.610576e+00
2.271000e-05	-1.387406e-02	-2.623560e+00
2.272000e-05	-1.509463e-02	-2.654211e+00
2.273000e-05	-3.176206e-03	-2.715787e+00
2.274000e-05	1.033782e-03	-2.747393e+00
2.275000e-05	-1.430298e-02	-2.779448e+00
2.276000e-05	-1.188059e-02	-2.769974e+00
2.277000e-05	-3.889059e-03	-2.810026e+00
2.278000e-05	-9.402327e-04	-2.811551e+00
2.279000e-05	-1.180949e-02	-2.802031e+00
2.280000e-05	-1.545802e-02	-2.834159e+00
2.281000e-05	-5.677530e-03	-2.916718e+00
2.282000e-05	-3.382063e-03	-2.926322e+00
2.283000e-05	-1.073252e-02	-2.980778e+00
2.284000e-05	-1.438448e-02	-3.032103e+00
2.285000e-05	-6.965240e-03	-3.064160e+00
2.286000e-05	-2.322034e-03	-3.106268e+00
2.287000e-05	-1.023725e-02	-3.175921e+00
2.288000e-05	-1.435241e-02	-3.138922e+00
2.289000e-05	-8.054990e-03	-3.180475e+00
2.290000e-05	-4.849426e-03	-3.210052e+00
2.291000e-05	-9.918726e-03	-3.211501e+00
2.292000e-05	-1.505810e-02	-3.242025e+00
2.293000e-05	-1.023415e-02	-3.233159e+00
2.294000e-05	-5.799890e-03	-3.254059e+00
2.295000e-05	-1.030065e-02	-3.283689e+00
2.296000e-05	-1.355009e-02	-3.305863e+00
2.297000e-05	-1.106981e-02	-3.337820e+00
2.298000e-05	-5.152851e-03	-3.387370e+00
2.299000e-05	-9.995505e-03	-3.387949e+00
2.300000e-05	-1.507267e-02	-3.400000e+00
2.301000e-05	-1.248999e-02	-3.430503e+00
2.302000e-05	-7.594939e-03	-3.432003e+00
2.303000e-05	-1.124823e-02	-3.453159e+00
2.304000e-05	-1.418951e-02	-3.513691e+00
2.305000e-05	-1.220570e-02	-3.525265e+00
2.306000e-05	-7.797470e-03	-3.515791e+00
2.307000e-05	-1.079895e-02	-3.577893e+00
2.308000e-05	-1.481454e-02	-3.559425e+00
2.309000e-05	-1.256634e-02	-3.539347e+00
2.310000e-05	-1.006631e-02	-3.578924e+00
2.311000e-05	-1.191357e-02	-3.599499e+00
2.312000e-05	-1.543502e-02	-3.600499e+00
2.313000e-05	-1.345478e-02	-3.601504e+00
2.314000e-05	-1.046584e-02	-3.632026e+00
2.315000e-05	-1.252173e-02	-3.651030e+00
2.316000e-05	-1.377748e-02	-3.622552e+00
2.317000e-05	-1.394597e-02	-3.642079e+00
2.318000e-05	-1.034175e-02	-3.632713e+00
2.319000e-05	-1.247205e-02	-3.686232e+00
2.320000e-05	-1.569246e-02	-3.696182e+00
2.321000e-05	-1.414148e-02	-3.715187e+00
2.322000e-05	-1.357840e-02	-3.665243e+00
2.323000e-05	-1.362373e-02	-3.749393e+00
2.324000e-05	-1.522146e-02	-3.726344e+00
2.325000e-05	-1.557971e-02	-3.817403e+00
2.326000e-05	-1.180740e-02	-3.768300e+00
2.327000e-05	-1.366378e-02	-3.790529e+00
2.328000e-05	-1.478343e-02	-3.812030e+00
2.329000e-05	-1.551487e-02	-3.812033e+00
2.330000e-05	-1.431629e-02	-3.842959e+00
2.331000e-05	-1.587331e-02	-3.834183e+00
2.332000e-05	-1.724489e-02	-3.873614e+00
2.333000e-05	-1.620635e-02	-3.904138e+00
2.334000e-05	-1.542702e-02	-3.885713e+00
2.335000e-05	-1.710256e-02	-3.904263e+00
2.336000e-05	-1.623838e-02	-3.914236e+00
2.337000e-05	-1.618237e-02	-3.905740e+00
2.338000e-05	-1.653595e-02	-3.915289e+00
2.339000e-05	-1.875897e-02	-3.957839e+00
2.340000e-05	-1.784318e-02	-3.924190e+00
2.341000e-05	-1.836784e-02	-3.938868e+00
2.342000e-05	-1.852422e-02	-3.887340e+00
2.343000e-05	-1.880062e-02	-3.937396e+00
2.344000e-05	-2.004275e-02	-3.936417e+00
2.345000e-05	-1.971239e-02	-3.967341e+00
2.346000e-05	-1.927374e-02	-3.955892e+00
2.347000e-05	-2.059109e-02	-3.937843e+00
2.348000e-05	-1.933554e-02	-3.957867e+00
2.349000e-05	-2.015246e-02	-3.936870e+00
2.350000e-05	-1.895199e-02	-3.975842e+00
2.351000e-05	-2.086350e-02	-3.936845e+00
2.352000e-05	-2.112121e-02	-3.905788e+00
2.353000e-05	-2.186178e-02	-3.926746e+00
2.354000e-05	-2.159473e-02	-3.976241e+00
2.355000e-05	-2.285275e-02	-3.938312e+00
2.356000e-05	-2.221023e-02	-3.896289e+00
2.357000e-05	-2.152096e-02	-3.915814e+00
2.358000e-05	-1.960047e-02	-3.905161e+00
2.359000e-05	-2.095200e-02	-3.914793e+00
2.360000e-05	-2.064758e-02	-3.862107e+00
2.361000e-05	-2.173180e-02	-3.855040e+00
2.362000e-05	-2.132243e-02	-3.874637e+00
2.363000e-05	-2.242985e-02	-3.865079e+00
2.364000e-05	-2.393489e-02	-3.810973e+00
2.365000e-05	-2.187839e-02	-3.849455e+00
2.366000e-05	-2.092853e-02	-3.769444e+00
2.367000e-05	-1.882686e-02	-3.799871e+00
2.368000e-05	-2.070331e-02	-3.755436e+00
2.369000e-05	-1.941680e-02	-3.706791e+00
2.370000e-05	-2.116576e-02	-3.695787e+00
2.371000e-05	-2.011849e-02	-3.685660e+00
2.372000e-05	-2.259822e-02	-3.674108e+00
2.373000e-05	-2.152751e-02	-3.661607e+00
2.374000e-05	-2.054498e-02	-3.642078e+00
2.375000e-05	-1.885205e-02	-3.632103e+00
2.376000e-05	-1.843162e-02	-3.620029e+00
2.377000e-05	-1.897235e-02	-3.591627e+00
2.378000e-05	-1.792349e-02	-3.610026e+00
2.379000e-05	-1.822966e-02	-3.590002e+00
2.380000e-05	-1.917734e-02	-3.589501e+00
2.381000e-05	-1.958990e-02	-3.589949e+00
2.382000e-05	-1.843082e-02	-3.579448e+00
2.383000e-05	-1.840102e-02	-3.568470e+00
2.384000e-05	-1.840759e-02	-3.559471e+00
2.385000e-05	-1.721892e-02	-3.558394e+00
2.386000e-05	-1.671601e-02	-3.546792e+00
2.387000e-05	-1.568072e-02	-3.486261e+00
2.388000e-05	-1.618970e-02	-3.515182e+00
2.389000e-05	-1.563875e-02	-3.453079e+00
2.390000e-05	-1.640424e-02	-3.442553e+00
2.391000e-05	-1.500637e-02	-3.422078e+00
2.392000e-05	-1.636790e-02	-3.421525e+00
2.393000e-05	-1.557106e-02	-3.417944e+00
2.394000e-05	-1.461710e-02	-3.358466e+00
2.395000e-05	-1.437278e-02	-3.338817e+00
2.396000e-05	-1.366293e-02	-3.345890e+00
2.397000e-05	-1.379517e-02	-3.243757e+00
2.398000e-05	-1.309384e-02	-3.305711e+00
2.399000e-05	-1.285927e-02	-3.253579e+00
2.400000e-05	-1.420000e-02	-3.232524e+00
2.401000e-05	-1.356734e-02	-3.240475e+00
2.402000e-05	-1.410311e-02	-3.210975e+00
2.403000e-05	-1.335315e-02	-3.188449e+00
2.404000e-05	-1.249258e-02	-3.168920e+00
2.405000e-05	-1.332622e-02	-3.126342e+00
2.406000e-05	-1.190650e-02	-3.137287e+00
2.407000e-05	-1.175649e-02	-3.073132e+00
2.408000e-05	-1.048600e-02	-3.054129e+00
2.409000e-05	-1.257860e-02	-2.998995e+00
2.410000e-05	-1.213166e-02	-2.967764e+00
2.411000e-05	-1.128789e-02	-2.915080e+00
2.412000e-05	-1.107176e-02	-2.863083e+00
2.413000e-05	-1.078781e-02	-2.811603e+00
2.414000e-05	-1.134566e-02	-2.811503e+00
2.415000e-05	-9.903233e-03	-2.790476e+00
2.416000e-05	-1.042101e-02	-2.769496e+00
2.417000e-05	-1.043641e-02	-2.757971e+00
2.418000e-05	-1.082082e-02	-2.747815e+00
2.419000e-05	-1.001655e-02	-2.713289e+00
2.420000e-05	-1.029556e-02	-2.693687e+00
2.421000e-05	-9.795887e-03	-2.654130e+00
2.422000e-05	-1.129498e-02	-2.621523e+00
2.423000e-05	-9.653609e-03	-2.620549e+00
2.424000e-05	-9.049501e-03	-2.568371e+00
2.425000e-05	-8.719979e-03	-2.536840e+00
2.426000e-05	-1.025217e-02	-2.492381e+00
2.427000e-05	-1.021758e-02	-2.484157e+00
2.428000e-05	-8.965419e-03	-2.403050e+00
2.429000e-05	-7.831943e-03	-2.409976e+00
2.430000e-05	-9.429790e-03	-2.419446e+00
2.431000e-05	-8.135901e-03	-2.357920e+00
2.432000e-05	-8.016341e-03	-2.338315e+00
2.433000e-05	-7.280193e-03	-2.284310e+00
2.434000e-05	-9.722741e-03	-2.223103e+00
2.435000e-05	-8.709089e-03	-2.229970e+00
2.436000e-05	-8.500373e-03	-2.125366e+00
2.437000e-05	-7.553090e-03	-2.044811e+00
2.438000e-05	-6.373272e-03	-2.033550e+00
2.439000e-05	-6.883211e-03	-2.001051e+00
2.440000e-05	-5.929582e-03	-1.999499e+00
2.441000e-05	-6.274502e-03	-1.989472e+00
2.442000e-05	-8.981722e-03	-1.926416e+00
2.443000e-05	-7.689565e-03	-1.895786e+00
2.444000e-05	-8.141565e-03	-1.884208e+00
2.445000e-05	-6.237898e-03	-1.832102e+00
2.446000e-05	-6.289831e-03	-1.811025e+00
2.447000e-05	-7.036407e-03	-1.768942e+00
2.448000e-05	-5.103003e-03	-1.736912e+00
2.449000e-05	-6.005033e-03	-1.666232e+00
2.450000e-05	-5.558121e-03	-1.672607e+00
2.451000e-05	-6.341993e-03	-1.612025e+00
2.452000e-05	-6.564877e-03	-1.609051e+00
2.453000e-05	-4.908241e-03	-1.599945e+00
2.454000e-05	-6.977294e-03	-1.536915e+00
2.455000e-05	-6.042872e-03	-1.525163e+00
2.456000e-05	-6.141927e-03	-1.421001e+00
2.457000e-05	-4.755315e-03	-1.318834e+00
2.458000e-05	-4.402474e-03	-1.276233e+00
2.459000e-05	-5.843554e-03	-1.262127e+00
2.460000e-05	-4.997922e-03	-1.211576e+00
2.461000e-05	-4.712624e-03	-1.198924e+00
2.462000e-05	-6.217876e-03	-1.166438e+00
2.463000e-05	-5.022643e-03	-1.094230e+00
2.464000e-05	-5.469841e-03	-1.043159e+00
2.465000e-05	-4.331132e-03	-1.021071e+00
2.466000e-05	-5.673732e-03	-9.799474e-01
2.467000e-05	-5.372220e-03	-9.384159e-01
2.468000e-05	-3.501144e-03	-9.142619e-01
2.469000e-05	-3.681271e-03	-8.506105e-01
2.470000e-05	-3.767590e-03	-8.515003e-01
2.471000e-05	-4.919304e-03	-8.195228e-01
2.472000e-05	-4.274437e-03	-7.894749e-01
2.473000e-05	-5.236916e-03	-7.368886e-01
2.474000e-05	-4.950556e-03	-6.743106e-01
2.475000e-05	-4.846005e-03	-6.026755e-01
2.476000e-05	-3.134242e-03	-5.689173e-01
2.477000e-05	-3.950668e-03	-5.051584e-01
2.478000e-05	-3.805365e-03	-4.531317e-01
2.479000e-05	-4.011693e-03	-4.210764e-01
2.480000e-05	-2.994121e-03	-3.999989e-01
2.481000e-05	-4.182986e-03	-3.779926e-01
2.482000e-05	-4.508255e-03	-3.467885e-01
2.483000e-05	-3.633647e-03	-3.358344e-01
2.484000e-05	-3.484117e-03	-2.425793e-01
2.485000e-05	-4.534035e-03	-2.020539e-01
2.486000e-05	-4.269840e-03	-2.100251e-01
2.487000e-05	-3.133100e-03	-2.010001e-01
2.488000e-05	-1.718282e-03	1.953137e-15
2.489000e-05	-2.470230e-03	-6.315415e-02
2.490000e-05	-1.175902e-03	-4.207908e-02
2.491000e-05	-8.014207e-04	1.152756e-02
2.492000e-05	-1.064193e-03	3.105626e-02
2.493000e-05	-2.907924e-03	4.265764e-02
2.494000e-05	-2.351611e-03	1.052430e-01
2.495000e-05	-4.004837e-04	1.693772e-01
2.496000e-05	3.170036e-03	2.215537e-01
2.497000e-05	1.521981e-02	2.967417e-01
2.498000e-05	9.301267e-03	3.889233e-01
2.499000e-05	-2.573377e-02	4.000238e-01
2.500000e-05	-3.671539e-02	4.010013e-01
2.501000e-05	1.099297e-02	4.125350e-01
2.502000e-05	4.389214e-02	4.931892e-01
2.503000e-05	-2.853654e-02	5.348707e-01
2.504000e-05	-2.806327e-02	5.578457e-01
2.505000e-05	3.863600e-02	6.115338e-01
2.506000e-05	2.040710e-02	6.331304e-01
2.507000e-05	-9.110017e-03	6.936405e-01
2.508000e-05	-3.692745e-02	6.963971e-01
2.509000e-05	2.457355e-02	7.674009e-01
2.510000e-05	-1.446887e-02	7.694735e-01
2.511000e-05	1.838608e-02	8.015289e-01
2.512000e-05	1.567326e-02	9.016365e-01
2.513000e-05	-4.919363e-02	9.447417e-01
2.514000e-05	1.521809e-03	9.854221e-01
2.515000e-05	3.765950e-02	1.041505e+00
2.516000e-05	-3.004792e-04	1.074243e+00
2.517000e-05	-5.527354e-02	1.159391e+00
2.518000e-05	2.542133e-02	1.168950e+00
2.519000e-05	4.073768e-02	1.220976e+00
2.520000e-05	-1.673453e-02	1.273140e+00
2.521000e-05	-3.563535e-02	1.325341e+00
2.522000e-05	1.720178e-02	1.356920e+00
2.523000e-05	1.882506e-02	1.408977e+00
2.524000e-05	-6.294968e-03	1.431010e+00
2.525000e-05	-1.996611e-02	1.446780e+00
2.526000e-05	7.777739e-03	1.565335e+00
2.527000e-05	1.850626e-02	1.562004e+00
2.528000e-05	-4.319867e-03	1.624583e+00
2.529000e-05	-1.314240e-02	1.673687e+00
2.530000e-05	3.320783e-03	1.716243e+00
2.531000e-05	1.099829e-02	1.727342e+00
2.532000e-05	3.139541e-03	1.749847e+00
2.533000e-05	-8.752451e-03	1.751054e+00
2.534000e-05	-2.721911e-03	1.820057e+00
2.535000e-05	1.135838e-02	1.863786e+00
2.536000e-05	2.898816e-03	1.926792e+00
2.537000e-05	-1.023252e-02	1.977847e+00
2.538000e-05	2.820265e-04	1.989450e+00
2.539000e-05	1.177123e-02	1.999502e+00
2.540000e-05	3.060257e-03	2.030575e+00
2.541000e-05	-5.413542e-03	2.062609e+00
2.542000e-05	-1.143553e-03	2.122684e+00
2.543000e-05	9.262473e-03	2.116920e+00
2.544000e-05	2.260899e-03	2.147949e+00
2.545000e-05	-4.134192e-03	2.169475e+00
2.546000e-05	-2.624836e-03	2.241078e+00
2.547000e-05	1.111132e-02	2.272184e+00
2.548000e-05	2.843578e-03	2.284693e+00
2.549000e-05	-2.411315e-03	2.317367e+00
2.550000e-05	-1.263114e-03	2.369397e+00
2.551000e-05	1.030470e-02	2.398972e+00
2.552000e-05	3.599651e-03	2.380500e+00
2.553000e-05	-4.881135e-03	2.452006e+00
2.554000e-05	-2.036300e-04	2.432080e+00
2.555000e-05	7.152317e-03	2.483712e+00
2.556000e-05	4.919130e-03	2.507422e+00
2.557000e-05	-3.327627e-03	2.559404e+00
2.558000e-05	1.106247e-03	2.623506e+00
2.559000e-05	7.599305e-03	2.733612e+00
2.560000e-05	6.022869e-03	2.706370e+00
2.561000e-05	-1.771133e-03	2.738396e+00
2.562000e-05	8.078368e-04	2.788899e+00
2.563000e-05	5.990689e-03	2.800000e+00
2.564000e-05	6.375405e-03	2.811503e+00
2.565000e-05	-1.781963e-03	2.811559e+00
2.566000e-05	2.111576e-03	2.863110e+00
2.567000e-05	5.456989e-03	2.864182e+00
2.568000e-05	7.162320e-03	2.906264e+00
2.569000e-05	7.189419e-04	2.938344e+00
2.570000e-05	2.247831e-03	2.999497e+00
2.571000e-05	6.756341e-03	2.999977e+00
2.572000e-05	7.204298e-03	2.980025e+00
2.573000e-05	1.541836e-03	3.012031e+00
2.574000e-05	1.962835e-03	3.044612e+00
2.575000e-05	6.312448e-03	3.064186e+00
2.576000e-05	6.010284e-03	3.085139e+00
2.577000e-05	2.558881e-03	3.115267e+00
2.578000e-05	2.574504e-03	3.176372e+00
2.579000e-05	7.294744e-03	3.168971e+00
2.580000e-05	7.947314e-03	3.188447e+00
2.581000e-05	3.372567e-03	3.179976e+00
2.582000e-05	3.070898e-03	3.230951e+00
2.583000e-05	6.377174e-03	3.251051e+00
2.584000e-05	7.213507e-03	3.240580e+00
2.585000e-05	3.727146e-03	3.284609e+00
2.586000e-05	3.087614e-03	3.275659e+00
2.587000e-05	7.336241e-03	3.336692e+00
2.588000e-05	8.441588e-03	3.335846e+00
2.589000e-05	5.357087e-03	3.358750e+00
2.590000e-05	5.152744e-03	3.390498e+00
2.591000e-05	7.736941e-03	3.409037e+00
2.592000e-05	8.199222e-03	3.525159e+00
2.593000e-05	6.169663e-03	3.493213e+00
2.594000e-05	4.042335e-03	3.545242e+00
2.595000e-05	7.504575e-03	3.546694e+00
2.596000e-05	8.253965e-03	3.548396e+00
2.597000e-05	6.714724e-03	3.577372e+00
2.598000e-05	6.339051e-03	3.598922e+00
2.599000e-05	8.136230e-03	3.600421e+00
2.600000e-05	1.029194e-02	3.599501e+00
2.601000e-05	8.051427e-03	3.611001e+00
2.602000e-05	6.048049e-03	3.600528e+00
2.603000e-05	8.423432e-03	3.620501e+00
2.604000e-05	8.990372e-03	3.620529e+00
2.605000e-05	8.073356e-03	3.614028e+00
2.606000e-05	7.044932e-03	3.661533e+00
2.607000e-05	9.376064e-03	3.651633e+00
2.608000e-05	1.088010e-02	3.661660e+00
2.609000e-05	9.877204e-03	3.672684e+00
2.610000e-05	8.946266e-03	3.674633e+00
2.611000e-05	9.092286e-03	3.704758e+00
2.612000e-05	1.058717e-02	3.664664e+00
2.613000e-05	1.009719e-02	3.675263e+00
2.614000e-05	8.410764e-03	3.736367e+00
2.615000e-05	1.004074e-02	3.765218e+00
2.616000e-05	1.134276e-02	3.727345e+00
2.617000e-05	1.050101e-02	3.726340e+00
2.618000e-05	1.020724e-02	3.767868e+00
2.619000e-05	1.142947e-02	3.740947e+00
2.620000e-05	1.246462e-02	3.768949e+00
2.621000e-05	1.257712e-02	3.788321e+00
2.622000e-05	1.100096e-02	3.787449e+00
2.623000e-05	1.238825e-02	3.789425e+00
2.624000e-05	1.243304e-02	3.788894e+00
2.625000e-05	1.308881e-02	3.777925e+00
2.626000e-05	1.104868e-02	3.769949e+00
2.627000e-05	1.344743e-02	3.778926e+00
2.628000e-05	1.443334e-02	3.759497e+00
2.629000e-05	1.408222e-02	3.778922e+00
2.630000e-05	1.390510e-02	3.809524e+00
2.631000e-05	1.431591e-02	3.799975e+00
2.632000e-05	1.584902e-02	3.799945e+00
2.633000e-05	1.479708e-02	3.758921e+00
2.634000e-05	1.412175e-02	3.798998e+00
2.635000e-05	1.414718e-02	3.770351e+00
2.636000e-05	1.580861e-02	3.769022e+00
2.637000e-05	1.722991e-02	3.778399e+00
2.638000e-05	1.599588e-02	3.779395e+00
2.639000e-05	1.552411e-02	3.798492e+00
2.640000e-05	1.611006e-02	3.758396e+00
2.641000e-05	1.790542e-02	3.766943e+00
2.642000e-05	1.639401e-02	3.775919e+00
2.643000e-05	1.508293e-02	3.767291e+00
2.644000e-05	1.704288e-02	3.758343e+00
2.645000e-05	1.788590e-02	3.756272e+00
2.646000e-05	1.602260e-02	3.725736e+00
2.647000e-05	1.501613e-02	3.756787e+00
2.648000e-05	1.515165e-02	3.716185e+00
2.649000e-05	1.709983e-02	3.714316e+00
2.650000e-05	1.584055e-02	3.675708e+00
2.651000e-05	1.621277e-02	3.675212e+00
2.652000e-05	1.688893e-02	3.691130e+00
2.653000e-05	1.750689e-02	3.632730e+00
2.654000e-05	1.569381e-02	3.632552e+00
2.655000e-05	1.335876e-02	3.642154e+00
2.656000e-05	1.361738e-02	3.641054e+00
2.657000e-05	1.574024e-02	3.621578e+00
2.658000e-05	1.458043e-02	3.620527e+00
2.659000e-05	1.310960e-02	3.610028e+00
2.660000e-05	1.444102e-02	3.600503e+00
2.661000e-05	1.579041e-02	3.609999e+00
2.662000e-05	1.405461e-02	3.609473e+00
2.663000e-05	1.140610e-02	3.599475e+00
2.664000e-05	1.203330e-02	3.589874e+00
2.665000e-05	1.292675e-02	3.588868e+00
2.666000e-05	1.301219e-02	3.576422e+00
2.667000e-05	1.156878e-02	3.547338e+00
2.668000e-05	1.223281e-02	3.537308e+00
2.669000e-05	1.245514e-02	3.513763e+00
2.670000e-05	1.237075e-02	3.473179e+00
2.671000e-05	1.083526e-02	3.442025e+00
2.672000e-05	1.217272e-02	3.400105e+00
2.673000e-05	1.153571e-02	3.336864e+00
2.674000e-05	1.049136e-02	3.407290e+00
2.675000e-05	9.572199e-03	3.305308e+00
2.676000e-05	9.711867e-03	3.282603e+00
2.677000e-05	9.518484e-03	3.262079e+00
2.678000e-05	1.001561e-02	3.250529e+00
2.679000e-05	9.559069e-03	3.230553e+00
2.680000e-05	9.497813e-03	3.210499e+00
2.681000e-05	9.358955e-03	3.199974e+00
2.682000e-05	9.406776e-03	3.200471e+00
2.683000e-05	7.028839e-03	3.176966e+00
2.684000e-05	8.346949e-03	3.157892e+00
2.685000e-05	7.397309e-03	3.155288e+00
2.686000e-05	7.913646e-03	3.114732e+00
2.687000e-05	7.051173e-03	3.062582e+00
2.688000e-05	7.081078e-03	3.032655e+00
2.689000e-05	7.753764e-03	3.020048e+00
2.690000e-05	7.183008e-03	3.010498e+00
2.691000e-05	5.810033e-03	2.989395e+00
2.692000e-05	7.141831e-03	2.969870e+00
2.693000e-05	6.092058e-03	2.937817e+00
2.694000e-05	6.201276e-03	2.915234e+00
2.695000e-05	4.482411e-03	2.892230e+00
2.696000e-05	5.771974e-03	2.853558e+00
2.697000e-05	5.273002e-03	2.831551e+00
2.698000e-05	5.109119e-03	2.810025e+00
2.699000e-05	5.240740e-03	2.799998e+00
2.700000e-05	5.755068e-03	2.800472e+00
2.701000e-05	5.671357e-03	2.769442e+00
2.702000e-05	4.748415e-03	2.758937e+00
2.703000e-05	4.117944e-03	2.706606e+00
2.704000e-05	4.034818e-03	2.663070e+00
2.705000e-05	4.171539e-03	2.581373e+00
2.706000e-05	4.107619e-03	2.545268e+00
2.707000e-05	3.510596e-03	2.474129e+00
2.708000e-05	4.397636e-03	2.452154e+00
2.709000e-05	3.673481e-03	2.431550e+00
2.710000e-05	3.334630e-03	2.429547e+00
2.711000e-05	3.970849e-03	2.409446e+00
2.712000e-05	3.421319e-03	2.357890e+00
2.713000e-05	2.805497e-03	2.314288e+00
2.714000e-05	2.747116e-03	2.284082e+00
2.715000e-05	3.467371e-03	2.213077e+00
2.716000e-05	3.073956e-03	2.230574e+00
2.717000e-05	2.213765e-03	2.187496e+00
2.718000e-05	2.940999e-03	2.179441e+00
2.719000e-05	2.350390e-03	2.104865e+00
2.720000e-05	2.662629e-03	2.083784e+00
2.721000e-05	2.214700e-03	2.062055e+00
2.722000e-05	2.309030e-03	2.021575e+00
2.723000e-05	2.898500e-03	2.009025e+00
2.724000e-05	1.474269e-03	2.009971e+00
2.725000e-05	1.545921e-03	1.977867e+00
2.726000e-05	1.657049e-03	1.897392e+00
2.727000e-05	1.374018e-03	1.895759e+00
2.728000e-05	3.671184e-04	1.831148e+00
2.729000e-05	7.766323e-04	1.780417e+00
2.730000e-05	2.376553e-03	1.757842e+00
2.731000e-05	1.660744e-03	1.715311e+00
2.732000e-05	1.249730e-03	1.706706e+00
2.733000e-05	1.041558e-03	1.632733e+00
2.734000e-05	7.337809e-04	1.648020e+00
2.735000e-05	1.209837e-03	1.579019e+00
2.736000e-05	7.291062e-04	1.534360e+00
2.737000e-05	9.943634e-05	1.462708e+00
2.738000e-05	7.330981e-04	1.430533e+00
2.739000e-05	-5.893539e-04	1.390021e+00
2.740000e-05	-6.386093e-05	1.366493e+00
2.741000e-05	-1.015262e-04	1.336687e+00
2.742000e-05	4.924018e-04	1.254282e+00
2.743000e-05	-2.290081e-04	1.222553e+00
2.744000e-05	1.159536e-04	1.220500e+00
2.745000e-05	-1.216527e-03	1.188391e+00
2.746000e-05	-5.287791e-04	1.135813e+00
2.747000e-05	-1.758096e-03	1.043727e+00
2.748000e-05	-8.413212e-04	1.019071e+00
2.749000e-05	-1.166788e-03	9.374109e-01
2.750000e-05	-5.442579e-04	8.842042e-01
2.751000e-05	-1.041068e-03	8.205515e-01
2.752000e-05	-8.181697e-04	8.204263e-01
2.753000e-05	-1.964982e-03	7.784476e-01
2.754000e-05	-1.603685e-03	7.763973e-01
2.755000e-05	-2.526608e-03	7.146822e-01
2.756000e-05	-1.273561e-03	6.531804e-01
2.757000e-05	-2.436091e-03	6.730251e-01
2.758000e-05	-2.068982e-03	5.789963e-01
2.759000e-05	-2.430464e-03	5.658897e-01
2.760000e-05	-9.357199e-04	5.048345e-01
2.761000e-05	-2.223626e-03	4.957292e-01
2.762000e-05	-2.502362e-03	4.401014e-01
2.763000e-05	-1.955787e-03	4.100001e-01
2.764000e-05	-2.154212e-03	3.789962e-01
2.765000e-05	-2.453312e-03	3.684385e-01
2.766000e-05	-3.434665e-03	3.257605e-01
2.767000e-05	-3.778746e-03	2.530703e-01
2.768000e-05	-1.821802e-03	1.959662e-01
2.769000e-05	-2.656628e-03	1.543107e-01
2.770000e-05	-2.445645e-03	2.170420e-02
2.771000e-05	-3.308143e-03	1.104882e-02
2.772000e-05	-6.328198e-04	2.052250e-02
2.773000e-05	-2.684752e-03	-3.255633e-02
2.774000e-05	-2.410811e-03	-4.263559e-02
2.775000e-05	-1.028835e-03	-1.052658e-01
2.776000e-05	-6.484062e-04	-1.388211e-01
2.777000e-05	-2.372482e-03	-1.885024e-01
2.778000e-05	-2.421928e-03	-2.100038e-01
2.779000e-05	-1.872108e-03	-2.516116e-01
2.780000e-05	2.554659e-03	-2.657143e-01
2.781000e-05	1.353338e-02	-3.252932e-01
2.782000e-05	1.717784e-02	-3.684748e-01
2.783000e-05	-2.562979e-02	-3.924538e-01
2.784000e-05	-3.826383e-02	-4.520529e-01
2.785000e-05	4.229974e-03	-4.636842e-01
2.786000e-05	4.681991e-02	-4.746681e-01
2.787000e-05	-1.578091e-02	-5.709822e-01
2.788000e-05	-2.610546e-02	-6.440342e-01
2.789000e-05	3.913876e-02	-6.862079e-01
2.790000e-05	2.733659e-02	-7.463220e-01
2.791000e-05	-1.936998e-02	-7.589238e-01
2.792000e-05	-3.752378e-02	-8.104999e-01
2.793000e-05	2.630806e-02	-8.210563e-01
2.794000e-05	-2.364394e-02	-8.950892e-01
2.795000e-05	2.255432e-03	-9.473921e-01
2.796000e-05	1.466718e-02	-9.683197e-01
2.797000e-05	-5.119668e-02	-9.994511e-01
2.798000e-05	-1.773712e-02	-9.925563e-01
2.799000e-05	4.290525e-02	-1.096137e+00
2.800000e-05	6.651785e-03	-1.105763e+00
2.801000e-05	-6.300305e-02	-1.127373e+00
2.802000e-05	3.124233e-02	-1.199902e+00
2.803000e-05	4.766584e-02	-1.265163e+00
2.804000e-05	-3.810787e-02	-1.294757e+00
2.805000e-05	-4.309215e-02	-1.329172e+00
2.806000e-05	2.370710e-02	-1.415135e+00
2.807000e-05	1.487506e-02	-1.496267e+00
2.808000e-05	-1.623226e-02	-1.535818e+00
2.809000e-05	-2.757153e-02	-1.557402e+00
2.810000e-05	3.800601e-03	-1.590525e+00
2.811000e-05	2.884106e-02	-1.620527e+00
2.812000e-05	-2.158068e-02	-1.652609e+00
2.813000e-05	-3.325691e-02	-1.674164e+00
2.814000e-05	1.392583e-02	-1.737795e+00
2.815000e-05	1.089228e-02	-1.758922e+00
2.816000e-05	-1.719670e-02	-1.810078e+00
2.817000e-05	-1.452005e-02	-1.801054e+00
2.818000e-05	-3.782334e-03	-1.874642e+00
2.819000e-05	9.666973e-03	-1.924335e+00
2.820000e-05	-8.876870e-03	-1.978371e+00
2.821000e-05	-2.384810e-02	-1.988898e+00
2.822000e-05	-5.699553e-04	-1.999002e+00
2.823000e-05	1.100771e-02	-2.021576e+00
2.824000e-05	-1.204527e-02	-2.032008e+00
2.825000e-05	-1.612233e-02	-2.085109e+00
2.826000e-05	-9.083624e-03	-2.117819e+00
2.827000e-05	7.259371e-03	-2.206926e+00
2.828000e-05	-7.227386e-03	-2.255114e+00
2.829000e-05	-1.878138e-02	-2.283817e+00
2.830000e-05	-5.704995e-03	-2.378893e+00
2.831000e-05	6.816566e-03	-2.347400e+00
2.832000e-05	-8.964590e-03	-2.410449e+00
2.833000e-05	-1.600957e-02	-2.429530e+00
2.834000e-05	-9.417107e-03	-2.392530e+00
2.835000e-05	3.874238e-03	-2.464640e+00
2.836000e-05	-5.139020e-03	-2.463863e+00
2.837000e-05	-1.883398e-02	-2.546320e+00
2.838000e-05	-6.025221e-03	-2.558522e+00
2.839000e-05	-2.497991e-04	-2.611000e+00
2.840000e-05	-5.484644e-03	-2.660981e+00
2.841000e-05	-1.664174e-02	-2.645085e+00
2.842000e-05	-8.199769e-03	-2.705166e+00
2.843000e-05	2.153509e-04	-2.727267e+00
2.844000e-05	-4.734791e-03	-2.788342e+00
2.845000e-05	-1.693544e-02	-2.788897e+00
2.846000e-05	-8.588264e-03	-2.808502e+00
2.847000e-05	-2.954819e-03	-2.800453e+00
2.848000e-05	-5.321367e-03	-2.831030e+00
2.849000e-05	-1.543807e-02	-2.842137e+00
2.850000e-05	-8.803913e-03	-2.884240e+00
2.851000e-05	-3.162859e-03	-2.908247e+00
2.852000e-05	-6.547255e-03	-2.996374e+00
2.853000e-05	-1.287182e-02	-2.991501e+00
2.854000e-05	-1.173527e-02	-3.024661e+00
2.855000e-05	-4.459602e-03	-3.101612e+00
2.856000e-05	-6.979065e-03	-3.176821e+00
2.857000e-05	-1.329304e-02	-3.158921e+00
2.858000e-05	-1.202789e-02	-3.188924e+00
2.859000e-05	-5.407118e-03	-3.209974e+00
2.860000e-05	-7.336721e-03	-3.210029e+00
2.861000e-05	-1.172598e-02	-3.220027e+00
2.862000e-05	-1.226236e-02	-3.231154e+00
2.863000e-05	-6.657906e-03	-3.291089e+00
2.864000e-05	-6.685938e-03	-3.314137e+00
2.865000e-05	-1.312128e-02	-3.297816e+00
2.866000e-05	-1.378815e-02	-3.345266e+00
2.867000e-05	-9.450164e-03	-3.386922e+00
2.868000e-05	-7.178712e-03	-3.309447e+00
2.869000e-05	-1.312987e-02	-3.409474e+00
2.870000e-05	-1.310220e-02	-3.410978e+00
2.871000e-05	-8.857666e-03	-3.390104e+00
2.872000e-05	-8.785328e-03	-3.430104e+00
2.873000e-05	-1.271428e-02	-3.493636e+00
2.874000e-05	-1.356627e-02	-3.483267e+00
2.875000e-05	-1.046238e-02	-3.524218e+00
2.876000e-05	-8.727457e-03	-3.507819e+00
2.877000e-05	-1.313388e-02	-3.568316e+00
2.878000e-05	-1.378882e-02	-3.589399e+00
2.879000e-05	-1.247587e-02	-3.577498e+00
2.880000e-05	-9.707552e-03	-3.579924e+00
2.881000e-05	-1.315281e-02	-3.598473e+00
2.882000e-05	-1.411752e-02	-3.599978e+00
2.883000e-05	-1.104799e-02	-3.600500e+00
2.884000e-05	-1.080672e-02	-3.611504e+00
2.885000e-05	-1.342422e-02	-3.631028e+00
2.886000e-05	-1.482031e-02	-3.642028e+00
2.887000e-05	-1.249649e-02	-3.652530e+00
2.888000e-05	-1.210585e-02	-3.664554e+00
2.889000e-05	-1.405954e-02	-3.654635e+00
2.890000e-05	-1.471734e-02	-3.705132e+00
2.891000e-05	-1.362270e-02	-3.724663e+00
2.892000e-05	-1.257769e-02	-3.696718e+00
2.893000e-05	-1.412323e-02	-3.746791e+00
2.894000e-05	-1.628012e-02	-3.798877e+00
2.895000e-05	-1.408395e-02	-3.762492e+00
2.896000e-05	-1.320767e-02	-3.840931e+00
2.897000e-05	-1.597089e-02	-3.808453e+00
2.898000e-05	-1.639404e-02	-3.842969e+00
2.899000e-05	-1.548464e-02	-3.823104e+00
2.900000e-05	-1.459673e-02	-3.863108e+00
2.901000e-05	-1.539919e-02	-3.864082e+00
2.902000e-05	-1.701410e-02	-3.874712e+00
2.903000e-05	-1.529698e-02	-3.915613e+00
2.904000e-05	-1.572864e-02	-3.907088e+00
2.905000e-05	-1.579088e-02	-3.934212e+00
2.906000e-05	-1.863942e-02	-3.915232e+00
2.907000e-05	-1.764412e-02	-3.897286e+00
2.908000e-05	-1.719162e-02	-3.925788e+00
2.909000e-05	-1.840796e-02	-3.937291e+00
2.910000e-05	-1.839492e-02	-3.947316e+00
2.911000e-05	-1.904747e-02	-3.975791e+00
2.912000e-05	-1.742935e-02	-3.897341e+00
2.913000e-05	-1.918163e-02	-3.937343e+00
2.914000e-05	-1.920532e-02	-3.936712e+00
2.915000e-05	-1.946066e-02	-3.908319e+00
2.916000e-05	-1.990755e-02	-3.955216e+00
2.917000e-05	-2.077954e-02	-3.947945e+00
2.918000e-05	-2.027130e-02	-3.967388e+00
2.919000e-05	-2.001684e-02	-3.935869e+00
2.920000e-05	-1.932020e-02	-3.948237e+00
2.921000e-05	-2.105217e-02	-3.917320e+00
2.922000e-05	-2.086112e-02	-3.965344e+00
2.923000e-05	-2.122891e-02	-3.916392e+00
2.924000e-05	-2.047882e-02	-3.946309e+00
2.925000e-05	-2.196362e-02	-3.915241e+00
2.926000e-05	-2.235196e-02	-3.905312e+00
2.927000e-05	-2.174965e-02	-3.864241e+00
2.928000e-05	-2.204970e-02	-3.894283e+00
2.929000e-05	-2.101594e-02	-3.884514e+00
2.930000e-05	-2.096253e-02	-3.892183e+00
2.931000e-05	-2.040198e-02	-3.854160e+00
2.932000e-05	-2.086259e-02	-3.853657e+00
2.933000e-05	-2.172310e-02	-3.863129e+00
2.934000e-05	-2.296694e-02	-3.863077e+00
2.935000e-05	-2.165768e-02	-3.840320e+00
2.936000e-05	-2.292501e-02	-3.790298e+00
2.937000e-05	-2.013828e-02	-3.789317e+00
2.938000e-05	-2.104086e-02	-3.747215e+00
2.939000e-05	-1.909085e-02	-3.707214e+00
2.940000e-05	-1.998645e-02	-3.664691e+00
2.941000e-05	-2.003502e-02	-3.733282e+00
2.942000e-05	-2.104453e-02	-3.674734e+00
2.943000e-05	-2.149705e-02	-3.632630e+00
2.944000e-05	-1.961323e-02	-3.635055e+00
2.945000e-05	-2.037440e-02	-3.633053e+00
2.946000e-05	-1.929878e-02	-3.601028e+00
2.947000e-05	-1.874637e-02	-3.630526e+00
2.948000e-05	-1.738745e-02	-3.610025e+00
2.949000e-05	-1.901441e-02	-3.599500e+00
2.950000e-05	-1.894422e-02	-3.600500e+00
2.951000e-05	-1.927695e-02	-3.579449e+00
2.952000e-05	-1.734089e-02	-3.568949e+00
2.953000e-05	-1.913574e-02	-3.558420e+00
2.954000e-05	-1.770794e-02	-3.567391e+00
2.955000e-05	-1.668678e-02	-3.546819e+00
2.956000e-05	-1.535031e-02	-3.484290e+00
2.957000e-05	-1.607224e-02	-3.535190e+00
2.958000e-05	-1.673842e-02	-3.414765e+00
2.959000e-05	-1.681273e-02	-3.463609e+00
2.960000e-05	-1.610771e-02	-3.441558e+00
2.961000e-05	-1.581584e-02	-3.430979e+00
2.962000e-05	-1.630460e-02	-3.410525e+00
2.963000e-05	-1.505847e-02	-3.388971e+00
2.964000e-05	-1.459654e-02	-3.376419e+00
2.965000e-05	-1.406113e-02	-3.326887e+00
2.966000e-05	-1.516578e-02	-3.316236e+00
2.967000e-05	-1.355030e-02	-3.304257e+00
2.968000e-05	-1.390733e-02	-3.273605e+00
2.969000e-05	-1.303250e-02	-3.281154e+00
2.970000e-05	-1.412111e-02	-3.231076e+00
2.971000e-05	-1.298428e-02	-3.220001e+00
2.972000e-05	-1.313870e-02	-3.198999e+00
2.973000e-05	-1.296797e-02	-3.189400e+00
2.974000e-05	-1.142837e-02	-3.167370e+00
2.975000e-05	-1.248710e-02	-3.128292e+00
2.976000e-05	-1.181876e-02	-3.105184e+00
2.977000e-05	-1.122926e-02	-3.051258e+00
2.978000e-05	-1.168269e-02	-2.972051e+00
2.979000e-05	-1.223875e-02	-2.989998e+00
2.980000e-05	-1.216683e-02	-2.968437e+00
2.981000e-05	-1.123256e-02	-2.924183e+00
2.982000e-05	-9.639537e-03	-2.843055e+00
2.983000e-05	-1.080062e-02	-2.841024e+00
2.984000e-05	-9.962513e-03	-2.800000e+00
2.985000e-05	-1.102472e-02	-2.819998e+00
2.986000e-05	-1.006492e-02	-2.778397e+00
2.987000e-05	-1.068126e-02	-2.779421e+00
2.988000e-05	-1.043620e-02	-2.734890e+00
2.989000e-05	-1.040355e-02	-2.694261e+00
2.990000e-05	-8.743391e-03	-2.662208e+00
2.991000e-05	-8.997109e-03	-2.670602e+00
2.992000e-05	-8.980156e-03	-2.611553e+00
2.993000e-05	-1.013885e-02	-2.598392e+00
2.994000e-05	-1.079970e-02	-2.545942e+00
2.995000e-05	-9.384573e-03	-2.503181e+00
2.996000e-05	-8.562183e-03	-2.493157e+00
2.997000e-05	-7.442788e-03	-2.472579e+00
2.998000e-05	-7.876400e-03	-2.421577e+00
2.999000e-05	-7.625522e-03	-2.420000e+00
3.000000e-05	-8.561108e-03	-2.389972e+00
3.001000e-05	-9.572604e-03	-2.388444e+00
3.002000e-05	-9.536850e-03	-2.367315e+00
3.003000e-05	-8.641461e-03	-2.272128e+00
3.004000e-05	-7.185345e-03	-2.190998e+00
3.005000e-05	-7.831369e-03	-2.167892e+00
3.006000e-05	-5.705704e-03	-2.124788e+00
3.007000e-05	-7.049325e-03	-2.072208e+00
3.008000e-05	-7.380033e-03	-2.060550e+00
3.009000e-05	-9.420791e-03	-1.989526e+00
3.010000e-05	-7.459016e-03	-1.999997e+00
3.011000e-05	-8.212164e-03	-1.967890e+00
3.012000e-05	-6.582529e-03	-1.965421e+00
3.013000e-05	-7.143831e-03	-1.893734e+00
3.014000e-05	-5.716358e-03	-1.882102e+00
3.015000e-05	-6.329055e-03	-1.861028e+00
3.016000e-05	-6.620636e-03	-1.790493e+00
3.017000e-05	-6.735779e-03	-1.767444e+00
3.018000e-05	-6.953020e-03	-1.736289e+00
3.019000e-05	-7.134494e-03	-1.673177e+00
3.020000e-05	-7.304775e-03	-1.632028e+00
3.021000e-05	-6.024873e-03	-1.621574e+00
3.022000e-05	-6.318049e-03	-1.601051e+00
3.023000e-05	-5.456373e-03	-1.579420e+00
3.024000e-05	-5.479119e-03	-1.555305e+00
3.025000e-05	-5.293220e-03	-1.451708e+00
3.026000e-05	-6.291315e-03	-1.430944e+00
3.027000e-05	-6.608338e-03	-1.357888e+00
3.028000e-05	-5.715709e-03	-1.313183e+00
3.029000e-05	-4.420296e-03	-1.220977e+00
3.030000e-05	-5.647194e-03	-1.181524e+00
3.031000e-05	-5.750996e-03	-1.178390e+00
3.032000e-05	-5.377315e-03	-1.146839e+00
3.033000e-05	-4.139603e-03	-1.043629e+00
3.034000e-05	-5.564986e-03	-1.071102e+00
3.035000e-05	-4.792697e-03	-1.000549e+00
3.036000e-05	-5.456592e-03	-9.699636e-01
3.037000e-05	-3.822349e-03	-9.457635e-01
3.038000e-05	-5.011340e-03	-8.756307e-01
3.039000e-05	-5.132967e-03	-8.411780e-01
3.040000e-05	-4.608010e-03	-8.005251e-01
3.041000e-05	-4.136680e-03	-8.090250e-01
3.042000e-05	-5.128630e-03	-7.694200e-01
3.043000e-05	-4.188919e-03	-7.652633e-01
3.044000e-05	-3.702712e-03	-6.411294e-01
3.045000e-05	-3.542978e-03	-6.184700e-01
3.046000e-05	-5.591775e-03	-5.672647e-01
3.047000e-05	-3.626609e-03	-4.952092e-01
3.048000e-05	-4.405717e-03	-4.511266e-01
3.049000e-05	-3.787267e-03	-4.110490e-01
3.050000e-05	-5.311948e-03	-3.994687e-01
3.051000e-05	-3.181214e-03	-3.669196e-01
3.052000e-05	-3.348899e-03	-3.162871e-01
3.053000e-05	-4.506166e-03	-2.727328e-01
3.054000e-05	-3.125485e-03	-2.211280e-01
3.055000e-05	-3.808510e-03	-2.095514e-01
3.056000e-05	-3.455468e-03	-1.584149e-01
3.057000e-05	-3.257667e-03	-1.473358e-01
3.058000e-05	-3.228089e-03	-9.418166e-02
3.059000e-05	-2.046585e-03	-3.315401e-02
3.060000e-05	-1.814229e-03	8.923619e-03
3.061000e-05	-3.167256e-04	-7.473872e-03
3.062000e-05	-1.117375e-03	4.105889e-02
3.063000e-05	-2.233628e-03	8.511434e-02
3.064000e-05	-2.346020e-03	1.663720e-01
3.065000e-05	3.144547e-03	1.599524e-01
3.066000e-05	6.097015e-03	2.541866e-01
3.067000e-05	1.543002e-02	3.474447e-01
3.068000e-05	-5.959200e-04	3.684474e-01
3.069000e-05	-4.864548e-02	4.105249e-01
3.070000e-05	-4.479659e-03	4.105514e-01
3.071000e-05	2.147274e-02	4.311140e-01
3.072000e-05	2.605632e-02	4.862380e-01
3.073000e-05	-4.403529e-02	5.573410e-01
3.074000e-05	-1.530688e-02	5.899000e-01
3.075000e-05	6.456461e-02	6.121050e-01
3.076000e-05	-1.440022e-02	6.646303e-01
3.077000e-05	-1.672577e-02	6.837382e-01
3.078000e-05	-1.238469e-02	7.477931e-01
3.079000e-05	4.223042e-03	7.684736e-01
3.080000e-05	5.500364e-03	8.010025e-01
3.081000e-05	1.520325e-02	8.205364e-01
3.082000e-05	-3.477060e-03	8.957870e-01
3.083000e-05	-3.986788e-02	9.571944e-01
3.084000e-05	2.157199e-02	1.031975e+00
3.085000e-05	4.092480e-02	1.022064e+00
3.086000e-05	-4.510079e-02	1.115765e+00
3.087000e-05	-2.538813e-02	1.169397e+00
3.088000e-05	4.617304e-02	1.199551e+00
3.089000e-05	1.742125e-02	1.232031e+00
3.090000e-05	-3.338756e-02	1.274716e+00
3.091000e-05	-1.567233e-02	1.327346e+00
3.092000e-05	2.716221e-02	1.368421e+00
3.093000e-05	8.804017e-03	1.399506e+00
3.094000e-05	-1.405990e-02	1.452636e+00
3.095000e-05	-1.235941e-02	1.545266e+00
3.096000e-05	1.899000e-02	1.499021e+00
3.097000e-05	9.371331e-03	1.640431e+00
3.098000e-05	-1.364596e-02	1.614485e+00
3.099000e-05	-8.393763e-03	1.704736e+00
3.100000e-05	1.060978e-02	1.706326e+00
3.101000e-05	6.763038e-03	1.779470e+00
3.102000e-05	-2.354689e-03	1.790001e+00
3.103000e-05	-7.718396e-03	1.833075e+00
3.104000e-05	5.306304e-03	1.864112e+00
3.105000e-05	1.113333e-02	1.866243e+00
3.106000e-05	-4.536089e-03	1.948322e+00
3.107000e-05	-7.600485e-03	1.998972e+00
3.108000e-05	7.565288e-03	1.999001e+00
3.109000e-05	8.559600e-03	2.010526e+00
3.110000e-05	-3.266971e-03	2.042032e+00
3.111000e-05	-4.399720e-03	2.072707e+00
3.112000e-05	4.857602e-03	2.084791e+00
3.113000e-05	8.528162e-03	2.167419e+00
3.114000e-05	-2.129480e-03	2.159902e+00
3.115000e-05	-3.784038e-03	2.181551e+00
3.116000e-05	5.042199e-03	2.222060e+00
3.117000e-05	8.635845e-03	2.253661e+00
3.118000e-05	-2.471146e-03	2.295818e+00
3.119000e-05	-3.418866e-03	2.429847e+00
3.120000e-05	4.638751e-03	2.367872e+00
3.121000e-05	8.910501e-03	2.390003e+00
3.122000e-05	-1.737539e-03	2.421975e+00
3.123000e-05	-2.362042e-03	2.430554e+00
3.124000e-05	5.589638e-03	2.472184e+00
3.125000e-05	9.172541e-03	2.497239e+00
3.126000e-05	2.893551e-04	2.488848e+00
3.127000e-05	-2.557174e-03	2.558453e+00
3.128000e-05	5.085086e-03	2.685058e+00
3.129000e-05	8.743347e-03	2.684815e+00
3.130000e-05	1.179631e-03	2.719343e+00
3.131000e-05	-1.663140e-03	2.778871e+00
3.132000e-05	4.279082e-03	2.799973e+00
3.133000e-05	9.451539e-03	2.819500e+00
3.134000e-05	2.067669e-03	2.809980e+00
3.135000e-05	-1.287202e-03	2.832084e+00
3.136000e-05	4.563571e-03	2.864160e+00
3.137000e-05	9.090636e-03	2.905211e+00
3.138000e-05	3.328428e-03	2.945768e+00
3.139000e-05	-2.071832e-03	2.957946e+00
3.140000e-05	4.800024e-03	2.990397e+00
3.141000e-05	8.031556e-03	3.011000e+00
3.142000e-05	5.038800e-03	3.001002e+00
3.143000e-05	-8.361506e-04	3.010531e+00
3.144000e-05	5.234312e-03	3.094634e+00
3.145000e-05	9.054826e-03	3.065709e+00
3.146000e-05	4.211548e-03	3.096812e+00
3.147000e-05	6.449017e-04	3.096323e+00
3.148000e-05	4.096491e-03	3.120296e+00
3.149000e-05	8.105443e-03	3.167971e+00
3.150000e-05	5.296274e-03	3.200424e+00
3.151000e-05	1.786459e-03	3.190975e+00
3.152000e-05	4.518912e-03	3.202025e+00
3.153000e-05	8.843656e-03	3.250531e+00
3.154000e-05	6.616721e-03	3.261585e+00
3.155000e-05	3.310647e-03	3.262657e+00
3.156000e-05	4.571439e-03	3.296660e+00
3.157000e-05	9.522749e-03	3.375341e+00
3.158000e-05	6.363450e-03	3.316722e+00
3.159000e-05	3.967555e-03	3.361418e+00
3.160000e-05	4.173717e-03	3.382974e+00
3.161000e-05	9.844269e-03	3.513030e+00
3.162000e-05	7.759203e-03	3.494133e+00
3.163000e-05	4.683741e-03	3.496260e+00
3.164000e-05	5.396183e-03	3.516840e+00
3.165000e-05	1.043514e-02	3.506792e+00
3.166000e-05	8.371964e-03	3.539417e+00
3.167000e-05	5.116385e-03	3.548946e+00
3.168000e-05	5.905694e-03	3.579971e+00
3.169000e-05	9.782862e-03	3.580000e+00
3.170000e-05	9.158034e-03	3.610475e+00
3.171000e-05	6.678558e-03	3.609553e+00
3.172000e-05	6.192150e-03	3.620001e+00
3.173000e-05	9.253826e-03	3.651528e+00
3.174000e-05	9.510830e-03	3.620551e+00
3.175000e-05	7.081479e-03	3.621154e+00
3.176000e-05	8.397312e-03	3.663082e+00
3.177000e-05	1.098484e-02	3.623060e+00
3.178000e-05	1.036825e-02	3.683159e+00
3.179000e-05	7.825900e-03	3.673186e+00
3.180000e-05	8.104662e-03	3.683659e+00
3.181000e-05	1.074164e-02	3.694138e+00
3.182000e-05	1.038736e-02	3.744266e+00
3.183000e-05	9.968958e-03	3.717211e+00
3.184000e-05	9.157526e-03	3.725812e+00
3.185000e-05	1.149322e-02	3.745766e+00
3.186000e-05	1.213008e-02	3.727821e+00
3.187000e-05	1.092253e-02	3.756367e+00
3.188000e-05	1.011088e-02	3.758395e+00
3.189000e-05	1.111326e-02	3.757842e+00
3.190000e-05	1.346717e-02	3.749421e+00
3.191000e-05	1.261479e-02	3.778897e+00
3.192000e-05	1.071779e-02	3.766999e+00
3.193000e-05	1.191784e-02	3.778919e+00
3.194000e-05	1.296300e-02	3.797947e+00
3.195000e-05	1.424469e-02	3.838921e+00
3.196000e-05	1.229232e-02	3.778896e+00
3.197000e-05	1.297021e-02	3.778946e+00
3.198000e-05	1.478041e-02	3.789472e+00
3.199000e-05	1.482074e-02	3.789424e+00
3.200000e-05	1.406785e-02	3.780422e+00
3.201000e-05	1.327973e-02	3.799922e+00
3.202000e-05	1.453252e-02	3.789499e+00
3.203000e-05	1.603097e-02	3.779897e+00
3.204000e-05	1.509107e-02	3.781971e+00
3.205000e-05	1.539728e-02	3.788925e+00
3.206000e-05	1.616005e-02	3.758974e+00
3.207000e-05	1.718033e-02	3.749426e+00
3.208000e-05	1.509657e-02	3.787372e+00
3.209000e-05	1.471733e-02	3.759442e+00
3.210000e-05	1.527507e-02	3.747945e+00
3.211000e-05	1.748582e-02	3.748846e+00
3.212000e-05	1.649590e-02	3.768394e+00
3.213000e-05	1.627621e-02	3.747365e+00
3.214000e-05	1.632639e-02	3.758741e+00
3.215000e-05	1.764992e-02	3.736766e+00
3.216000e-05	1.549970e-02	3.725812e+00
3.217000e-05	1.548610e-02	3.735263e+00
3.218000e-05	1.483489e-02	3.685336e+00
3.219000e-05	1.702244e-02	3.684691e+00
3.220000e-05	1.611945e-02	3.714310e+00
3.221000e-05	1.586783e-02	3.634158e+00
3.222000e-05	1.476043e-02	3.674158e+00
3.223000e-05	1.653984e-02	3.651077e+00
3.224000e-05	1.496001e-02	3.623054e+00
3.225000e-05	1.471613e-02	3.640553e+00
3.226000e-05	1.411561e-02	3.642076e+00
3.227000e-05	1.432563e-02	3.610530e+00
3.228000e-05	1.386464e-02	3.610025e+00
3.229000e-05	1.457530e-02	3.600025e+00
3.230000e-05	1.518767e-02	3.599999e+00
3.231000e-05	1.413544e-02	3.599999e+00
3.232000e-05	1.377377e-02	3.600500e+00
3.233000e-05	1.322767e-02	3.588921e+00
3.234000e-05	1.232353e-02	3.558923e+00
3.235000e-05	1.201883e-02	3.557399e+00
3.236000e-05	1.183329e-02	3.536869e+00
3.237000e-05	1.269774e-02	3.545766e+00
3.238000e-05	1.259197e-02	3.536626e+00
3.239000e-05	1.215793e-02	3.513686e+00
3.240000e-05	1.135265e-02	3.483552e+00
3.241000e-05	1.125386e-02	3.470923e+00
3.242000e-05	1.074110e-02	3.398923e+00
3.243000e-05	9.710803e-03	3.309391e+00
3.244000e-05	9.941019e-03	3.294837e+00
3.245000e-05	1.111320e-02	3.294779e+00
3.246000e-05	1.076875e-02	3.252656e+00
3.247000e-05	1.025298e-02	3.301628e+00
3.248000e-05	9.670737e-03	3.221077e+00
3.249000e-05	1.117366e-02	3.242101e+00
3.250000e-05	7.653419e-03	3.231024e+00
3.251000e-05	7.515558e-03	3.199950e+00
3.252000e-05	7.771892e-03	3.177941e+00
3.253000e-05	8.690149e-03	3.138422e+00
3.254000e-05	8.491511e-03	3.127891e+00
3.255000e-05	7.349238e-03	3.116258e+00
3.256000e-05	8.162502e-03	3.082754e+00
3.257000e-05	9.289845e-03	3.092155e+00
3.258000e-05	6.936341e-03	3.011078e+00
3.259000e-05	6.758484e-03	3.010550e+00
3.260000e-05	6.242087e-03	2.961000e+00
3.261000e-05	6.846855e-03	2.978420e+00
3.262000e-05	5.923007e-03	2.968840e+00
3.263000e-05	5.582848e-03	2.915287e+00
3.264000e-05	6.120229e-03	2.914234e+00
3.265000e-05	6.611907e-03	2.882710e+00
3.266000e-05	5.467817e-03	2.821079e+00
3.267000e-05	5.545929e-03	2.840076e+00
3.268000e-05	3.902218e-03	2.810524e+00
3.269000e-05	5.092593e-03	2.799522e+00
3.270000e-05	4.342383e-03	2.788945e+00
3.271000e-05	4.928794e-03	2.757469e+00
3.272000e-05	4.287038e-03	2.737810e+00
3.273000e-05	4.672538e-03	2.692205e+00
3.274000e-05	3.867815e-03	2.640476e+00
3.275000e-05	3.950852e-03	2.567015e+00
3.276000e-05	4.647771e-03	2.535758e+00
3.277000e-05	3.354708e-03	2.452128e+00
3.278000e-05	3.127251e-03	2.413128e+00
3.279000e-05	3.484318e-03	2.421101e+00
3.280000e-05	3.154484e-03	2.430496e+00
3.281000e-05	3.537859e-03	2.399945e+00
3.282000e-05	2.639740e-03	2.355893e+00
3.283000e-05	3.097859e-03	2.294281e+00
3.284000e-05	3.007775e-03	2.302204e+00
3.285000e-05	2.236650e-03	2.251124e+00
3.286000e-05	2.655380e-03	2.210499e+00
3.287000e-05	2.829762e-03	2.159946e+00
3.288000e-05	2.905875e-03	2.166817e+00
3.289000e-05	2.182093e-03	2.124812e+00
3.290000e-05	2.040861e-03	2.054130e+00
3.291000e-05	2.570631e-03	2.010655e+00
3.292000e-05	2.076739e-03	2.002028e+00
3.293000e-05	8.510979e-04	1.999974e+00
3.294000e-05	2.004319e-03	1.979442e+00
3.295000e-05	2.126892e-03	1.937464e+00
3.296000e-05	2.643969e-03	1.924810e+00
3.297000e-05	7.730458e-04	1.874705e+00
3.298000e-05	1.260669e-03	1.821498e+00
3.299000e-05	2.230873e-03	1.767945e+00
3.300000e-05	1.299587e-03	1.778367e+00
3.301000e-05	9.583175e-04	1.737187e+00
3.302000e-05	-5.051529e-05	1.695312e+00
3.303000e-05	1.387823e-03	1.673100e+00
3.304000e-05	1.793958e-03	1.609048e+00
3.305000e-05	6.670425e-04	1.578364e+00
3.306000e-05	2.999538e-05	1.493260e+00
3.307000e-05	8.723059e-04	1.432278e+00
3.308000e-05	1.203540e-03	1.430576e+00
3.309000e-05	5.360193e-04	1.408469e+00
3.310000e-05	-1.009770e-03	1.358386e+00
3.311000e-05	3.551938e-04	1.303858e+00
3.312000e-05	7.736543e-05	1.294604e+00
3.313000e-05	6.372767e-04	1.200580e+00
3.314000e-05	-1.576788e-03	1.199573e+00
3.315000e-05	-5.679309e-04	1.128840e+00
3.316000e-05	-3.789598e-04	1.123780e+00
3.317000e-05	-6.560462e-04	1.092126e+00
3.318000e-05	-1.244123e-03	9.572976e-01
3.319000e-05	-5.804457e-04	8.847095e-01
3.320000e-05	-3.572459e-04	8.622293e-01
3.321000e-05	-1.089523e-03	8.200502e-01
3.322000e-05	-1.865654e-03	7.799750e-01
3.323000e-05	-1.211658e-03	7.973948e-01
3.324000e-05	-1.401054e-03	7.663134e-01
3.325000e-05	-5.073539e-04	6.757082e-01
3.326000e-05	-2.417710e-03	6.536778e-01
3.327000e-05	-1.241084e-03	6.120263e-01
3.328000e-05	-9.682751e-04	5.789437e-01
3.329000e-05	-1.207450e-03	5.443146e-01
3.330000e-05	-2.677845e-03	4.856844e-01
3.331000e-05	-2.187440e-03	4.541015e-01
3.332000e-05	-1.746334e-03	4.010003e-01
3.333000e-05	-1.858448e-03	4.014486e-01
3.334000e-05	-2.498366e-03	3.674699e-01
3.335000e-05	-2.438077e-03	3.579157e-01
3.336000e-05	-1.748179e-03	2.742582e-01
3.337000e-05	-1.562379e-03	2.211489e-01
3.338000e-05	-2.825884e-03	1.773384e-01
3.339000e-05	-2.685354e-03	8.528185e-02
3.340000e-05	-3.104848e-03	4.315170e-02
3.341000e-05	-2.146296e-03	1.052631e-02
3.342000e-05	-3.249634e-03	9.994994e-03
3.343000e-05	-2.990050e-03	-5.265270e-02
3.344000e-05	-1.512424e-03	-1.151593e-01
3.345000e-05	-3.039954e-04	-1.437958e-01
3.346000e-05	-1.998955e-03	-1.674447e-01
3.347000e-05	-2.563635e-03	-1.994288e-01
3.348000e-05	-3.152146e-03	-2.131300e-01
3.349000e-05	1.758725e-03	-2.747393e-01
3.350000e-05	4.157795e-03	-3.462645e-01
3.351000e-05	1.737672e-02	-3.277996e-01
3.352000e-05	9.370936e-03	-3.494511e-01
3.353000e-05	-6.125585e-02	-4.105288e-01
3.354000e-05	-8.930623e-03	-4.521291e-01
3.355000e-05	2.181841e-02	-4.721866e-01
3.356000e-05	3.236022e-02	-4.947506e-01
3.357000e-05	-3.160512e-02	-6.430087e-01
3.358000e-05	-1.475614e-02	-7.341066e-01
3.359000e-05	6.761311e-02	-7.337969e-01
3.360000e-05	-2.050772e-02	-7.289009e-01
3.361000e-05	-1.835524e-02	-8.185238e-01
3.362000e-05	-1.629088e-02	-8.095763e-01
3.363000e-05	9.400612e-03	-8.320590e-01
3.364000e-05	-1.603071e-02	-9.162194e-01
3.365000e-05	2.035564e-02	-9.273919e-01
3.366000e-05	7.431370e-04	-9.289022e-01
3.367000e-05	-5.888082e-02	-9.900299e-01
3.368000e-05	1.406152e-02	-1.035114e+00
3.369000e-05	4.989387e-02	-1.125762e+00
3.370000e-05	-3.635842e-02	-1.117791e+00
3.371000e-05	-2.874260e-02	-1.169450e+00
3.372000e-05	5.893468e-02	-1.240534e+00
3.373000e-05	1.358511e-02	-1.304212e+00
3.374000e-05	-5.208033e-02	-1.304238e+00
3.375000e-05	-1.563765e-02	-1.371357e+00
3.376000e-05	3.020315e-02	-1.453240e+00
3.377000e-05	5.994017e-04	-1.525340e+00
3.378000e-05	-2.473840e-02	-1.558923e+00
3.379000e-05	-2.137643e-02	-1.619901e+00
3.380000e-05	2.397951e-02	-1.609979e+00
3.381000e-05	1.072311e-02	-1.641005e+00
3.382000e-05	-3.638702e-02	-1.635735e+00
3.383000e-05	-1.571224e-02	-1.694718e+00
3.384000e-05	2.275119e-02	-1.748394e+00
3.385000e-05	-4.068412e-03	-1.770051e+00
3.386000e-05	-1.773966e-02	-1.800003e+00
3.387000e-05	-1.075145e-02	-1.852560e+00
3.388000e-05	3.542562e-03	-1.855162e+00
3.389000e-05	6.482280e-03	-1.928818e+00
3.390000e-05	-1.882435e-02	-1.947347e+00
3.391000e-05	-1.842915e-02	-1.990449e+00
3.392000e-05	9.520823e-03	-1.999951e+00
3.393000e-05	1.865463e-03	-2.030501e+00
3.394000e-05	-1.620350e-02	-2.022108e+00
3.395000e-05	-1.486200e-02	-2.055690e+00
3.396000e-05	-4.427741e-04	-2.167351e+00
3.397000e-05	5.347406e-03	-2.221031e+00
3.398000e-05	-1.541820e-02	-2.294709e+00
3.399000e-05	-1.628825e-02	-2.317244e+00
3.400000e-05	4.583853e-04	-2.378923e+00
3.401000e-05	2.983233e-03	-2.388950e+00
3.402000e-05	-1.475013e-02	-2.409003e+00
3.403000e-05	-1.571201e-02	-2.391528e+00
3.404000e-05	-3.817157e-03	-2.432609e+00
3.405000e-05	5.815596e-03	-2.455137e+00
3.406000e-05	-1.418855e-02	-2.524771e+00
3.407000e-05	-1.462981e-02	-2.547370e+00
3.408000e-05	-1.067406e-03	-2.600348e+00
3.409000e-05	-1.276264e-03	-2.621507e+00
3.410000e-05	-1.191597e-02	-2.631107e+00
3.411000e-05	-1.755300e-02	-2.655687e+00
3.412000e-05	-3.679633e-03	-2.684816e+00
3.413000e-05	-5.781953e-04	-2.745871e+00
3.414000e-05	-1.086625e-02	-2.758875e+00
3.415000e-05	-1.568772e-02	-2.788471e+00
3.416000e-05	-2.805163e-03	-2.800026e+00
3.417000e-05	-2.552785e-03	-2.790025e+00
3.418000e-05	-1.072019e-02	-2.852579e+00
3.419000e-05	-1.681082e-02	-2.871105e+00
3.420000e-05	-5.994371e-03	-2.895290e+00
3.421000e-05	-3.192733e-03	-2.918802e+00
3.422000e-05	-1.004983e-02	-2.988428e+00
3.423000e-05	-1.431136e-02	-3.021538e+00
3.424000e-05	-8.281575e-03	-3.082540e+00
3.425000e-05	-2.573767e-03	-3.086263e+00
3.426000e-05	-1.020051e-02	-3.176846e+00
3.427000e-05	-1.456772e-02	-3.168973e+00
3.428000e-05	-8.955327e-03	-3.190499e+00
3.429000e-05	-5.688253e-03	-3.209475e+00
3.430000e-05	-8.930001e-03	-3.200028e+00
3.431000e-05	-1.446930e-02	-3.222056e+00
3.432000e-05	-1.007137e-02	-3.243133e+00
3.433000e-05	-5.146349e-03	-3.244664e+00
3.434000e-05	-9.184631e-03	-3.285239e+00
3.435000e-05	-1.378003e-02	-3.335815e+00
3.436000e-05	-1.162963e-02	-3.336840e+00
3.437000e-05	-6.338349e-03	-3.327919e+00
3.438000e-05	-1.018712e-02	-3.408901e+00
3.439000e-05	-1.491548e-02	-3.410947e+00
3.440000e-05	-1.102199e-02	-3.411504e+00
3.441000e-05	-7.869764e-03	-3.451506e+00
3.442000e-05	-9.449966e-03	-3.423584e+00
3.443000e-05	-1.482631e-02	-3.434164e+00
3.444000e-05	-1.238813e-02	-3.495734e+00
3.445000e-05	-7.604125e-03	-3.556213e+00
3.446000e-05	-1.043251e-02	-3.535892e+00
3.447000e-05	-1.391905e-02	-3.549422e+00
3.448000e-05	-1.301082e-02	-3.557472e+00
3.449000e-05	-8.769053e-03	-3.569396e+00
3.450000e-05	-1.062382e-02	-3.580498e+00
3.451000e-05	-1.526455e-02	-3.599974e+00
3.452000e-05	-1.324957e-02	-3.580474e+00
3.453000e-05	-1.027433e-02	-3.601526e+00
3.454000e-05	-1.048096e-02	-3.621529e+00
3.455000e-05	-1.499083e-02	-3.661506e+00
3.456000e-05	-1.484150e-02	-3.611532e+00
3.457000e-05	-1.064920e-02	-3.612079e+00
3.458000e-05	-1.121460e-02	-3.643163e+00
3.459000e-05	-1.521492e-02	-3.673756e+00
3.460000e-05	-1.577400e-02	-3.693608e+00
3.461000e-05	-1.172575e-02	-3.695285e+00
3.462000e-05	-1.228310e-02	-3.715713e+00
3.463000e-05	-1.570316e-02	-3.719868e+00
3.464000e-05	-1.610663e-02	-3.747749e+00
3.465000e-05	-1.361488e-02	-3.771301e+00
3.466000e-05	-1.197317e-02	-3.769476e+00
3.467000e-05	-1.630681e-02	-3.832370e+00
3.468000e-05	-1.665227e-02	-3.882579e+00
3.469000e-05	-1.414367e-02	-3.871980e+00
3.470000e-05	-1.456790e-02	-3.815433e+00
3.471000e-05	-1.675780e-02	-3.893256e+00
3.472000e-05	-1.830167e-02	-3.912734e+00
3.473000e-05	-1.446790e-02	-3.902742e+00
3.474000e-05	-1.570886e-02	-3.896288e+00
3.475000e-05	-1.846516e-02	-3.895242e+00
3.476000e-05	-1.808613e-02	-3.896317e+00
3.477000e-05	-1.667506e-02	-3.906889e+00
3.478000e-05	-1.605801e-02	-3.926318e+00
3.479000e-05	-1.789530e-02	-3.936272e+00
3.480000e-05	-1.981309e-02	-3.927317e+00
3.481000e-05	-1.831167e-02	-3.957867e+00
3.482000e-05	-1.839635e-02	-3.958293e+00
3.483000e-05	-1.912942e-02	-3.936213e+00
3.484000e-05	-2.120974e-02	-3.916873e+00
3.485000e-05	-1.892734e-02	-3.957815e+00
3.486000e-05	-2.008137e-02	-3.958891e+00
3.487000e-05	-2.004245e-02	-3.917770e+00
3.488000e-05	-2.070779e-02	-3.946820e+00
3.489000e-05	-2.027278e-02	-3.967744e+00
3.490000e-05	-1.874403e-02	-3.946766e+00
3.491000e-05	-2.134767e-02	-3.926343e+00
3.492000e-05	-2.158214e-02	-3.915216e+00
3.493000e-05	-2.149785e-02	-3.936739e+00
3.494000e-05	-2.131670e-02	-3.935684e+00
3.495000e-05	-2.077333e-02	-3.907363e+00
3.496000e-05	-2.306983e-02	-3.936837e+00
3.497000e-05	-2.049033e-02	-3.916262e+00
3.498000e-05	-2.001087e-02	-3.895239e+00
3.499000e-05	-2.055889e-02	-3.881889e+00
3.500000e-05	-2.137791e-02	-3.902132e+00
3.501000e-05	-2.099392e-02	-3.833183e+00
3.502000e-05	-2.076336e-02	-3.814507e+00
3.503000e-05	-2.261484e-02	-3.871676e+00
3.504000e-05	-2.124721e-02	-3.798876e+00
3.505000e-05	-2.229430e-02	-3.780581e+00
3.506000e-05	-2.131757e-02	-3.787950e+00
3.507000e-05	-1.983215e-02	-3.775943e+00
3.508000e-05	-1.946163e-02	-3.747836e+00
3.509000e-05	-1.951300e-02	-3.746396e+00
3.510000e-05	-2.079322e-02	-3.684710e+00
3.511000e-05	-2.090832e-02	-3.654137e+00
3.512000e-05	-1.998424e-02	-3.672580e+00
3.513000e-05	-2.071881e-02	-3.651654e+00
3.514000e-05	-1.954820e-02	-3.641579e+00
3.515000e-05	-1.944866e-02	-3.603076e+00
3.516000e-05	-1.787861e-02	-3.630525e+00
3.517000e-05	-1.858249e-02	-3.600501e+00
3.518000e-05	-1.849776e-02	-3.600001e+00
3.519000e-05	-1.811623e-02	-3.599499e+00
3.520000e-05	-1.874032e-02	-3.599974e+00
3.521000e-05	-1.874657e-02	-3.600424e+00
3.522000e-05	-1.807275e-02	-3.568448e+00
3.523000e-05	-1.685581e-02	-3.568875e+00
3.524000e-05	-1.752610e-02	-3.538217e+00
3.525000e-05	-1.776851e-02	-3.556811e+00
3.526000e-05	-1.625800e-02	-3.535283e+00
3.527000e-05	-1.534845e-02	-3.503209e+00
3.528000e-05	-1.651167e-02	-3.473582e+00
3.529000e-05	-1.652112e-02	-3.442575e+00
3.530000e-05	-1.556844e-02	-3.431603e+00
3.531000e-05	-1.479683e-02	-3.409999e+00
3.532000e-05	-1.573380e-02	-3.399900e+00
3.533000e-05	-1.515607e-02	-3.420444e+00
3.534000e-05	-1.466132e-02	-3.356942e+00
3.535000e-05	-1.354905e-02	-3.327317e+00
3.536000e-05	-1.481842e-02	-3.324287e+00
3.537000e-05	-1.321933e-02	-3.313208e+00
3.538000e-05	-1.362164e-02	-3.263079e+00
3.539000e-05	-1.312826e-02	-3.241077e+00
3.540000e-05	-1.388733e-02	-3.242051e+00
3.541000e-05	-1.275113e-02	-3.199450e+00
3.542000e-05	-1.330305e-02	-3.209996e+00
3.543000e-05	-1.283939e-02	-3.168946e+00
3.544000e-05	-1.270634e-02	-3.167392e+00
3.545000e-05	-1.172009e-02	-3.104335e+00
3.546000e-05	-1.214550e-02	-3.103708e+00
3.547000e-05	-1.172312e-02	-3.052603e+00
3.548000e-05	-1.176470e-02	-3.030046e+00
3.549000e-05	-1.080611e-02	-2.955265e+00
3.550000e-05	-1.147605e-02	-2.926861e+00
3.551000e-05	-1.103322e-02	-2.891184e+00
3.552000e-05	-1.071875e-02	-2.832077e+00
3.553000e-05	-1.075588e-02	-2.831025e+00
3.554000e-05	-1.130156e-02	-2.820000e+00
3.555000e-05	-9.889401e-03	-2.799997e+00
3.556000e-05	-1.213634e-02	-2.788996e+00
3.557000e-05	-1.060233e-02	-2.787866e+00
3.558000e-05	-1.053850e-02	-2.735890e+00
3.559000e-05	-9.023307e-03	-2.705183e+00
3.560000e-05	-9.175650e-03	-2.702127e+00
3.561000e-05	-9.073682e-03	-2.662527e+00
3.562000e-05	-8.493649e-03	-2.579449e+00
3.563000e-05	-9.893768e-03	-2.578419e+00
3.564000e-05	-1.032782e-02	-2.557362e+00
3.565000e-05	-1.054091e-02	-2.482708e+00
3.566000e-05	-9.158960e-03	-2.491207e+00
3.567000e-05	-8.604819e-03	-2.431603e+00
3.568000e-05	-8.257640e-03	-2.421552e+00
3.569000e-05	-6.435939e-03	-2.409474e+00
3.570000e-05	-7.942468e-03	-2.388424e+00
3.571000e-05	-7.734916e-03	-2.386870e+00
3.572000e-05	-9.161522e-03	-2.324708e+00
3.573000e-05	-9.279963e-03	-2.310632e+00
3.574000e-05	-8.863776e-03	-2.219501e+00
3.575000e-05	-6.551790e-03	-2.117920e+00
3.576000e-05	-8.524023e-03	-2.102882e+00
3.577000e-05	-5.682647e-03	-2.042655e+00
3.578000e-05	-6.276424e-03	-2.091600e+00
3.579000e-05	-5.606938e-03	-2.009999e+00
3.580000e-05	-8.138119e-03	-1.980470e+00
3.581000e-05	-8.117680e-03	-1.937917e+00
3.582000e-05	-6.421770e-03	-1.964758e+00
3.583000e-05	-7.271933e-03	-1.883657e+00
3.584000e-05	-7.647507e-03	-1.831554e+00
3.585000e-05	-7.244241e-03	-1.820050e+00
3.586000e-05	-5.657344e-03	-1.778946e+00
3.587000e-05	-6.827333e-03	-1.747237e+00
3.588000e-05	-6.737852e-03	-1.744811e+00
3.589000e-05	-7.285866e-03	-1.632632e+00
3.590000e-05	-5.811402e-03	-1.621550e+00
3.591000e-05	-6.351465e-03	-1.630075e+00
3.592000e-05	-6.686991e-03	-1.598499e+00
3.593000e-05	-7.134446e-03	-1.557421e+00
3.594000e-05	-5.014266e-03	-1.525782e+00
3.595000e-05	-5.436586e-03	-1.440549e+00
3.596000e-05	-6.501490e-03	-1.375496e+00
3.597000e-05	-6.133891e-03	-1.333685e+00
3.598000e-05	-5.959715e-03	-1.262628e+00
3.599000e-05	-4.557528e-03	-1.211579e+00
3.600000e-05	-6.465088e-03	-1.199448e+00
3.601000e-05	-5.271087e-03	-1.146887e+00
3.602000e-05	-5.548305e-03	-1.114284e+00
3.603000e-05	-5.286490e-03	-1.062607e+00
3.604000e-05	-5.783125e-03	-1.021075e+00
3.605000e-05	-4.962742e-03	-9.893952e-01
3.606000e-05	-5.547407e-03	-9.368921e-01
3.607000e-05	-4.596226e-03	-9.342322e-01
3.608000e-05	-5.377637e-03	-8.632095e-01
3.609000e-05	-4.583274e-03	-8.310501e-01
3.610000e-05	-5.018335e-03	-7.610015e-01
3.611000e-05	-3.895777e-03	-7.790223e-01
3.612000e-05	-4.711106e-03	-7.379398e-01
3.613000e-05	-4.841865e-03	-7.442346e-01
3.614000e-05	-4.967824e-03	-6.505755e-01
3.615000e-05	-4.562117e-03	-5.879461e-01
3.616000e-05	-4.039635e-03	-5.051821e-01
3.617000e-05	-5.526840e-03	-4.621293e-01
3.618000e-05	-3.707510e-03	-4.115738e-01
3.619000e-05	-3.874541e-03	-3.914963e-01
3.620000e-05	-3.300487e-03	-3.979699e-01
3.621000e-05	-3.386265e-03	-3.268125e-01
3.622000e-05	-3.471921e-03	-2.938357e-01
3.623000e-05	-3.646232e-03	-2.315267e-01
3.624000e-05	-4.172020e-03	-2.415003e-01
3.625000e-05	-4.374335e-03	-1.894437e-01
3.626000e-05	-5.018249e-03	-1.268671e-01
3.627000e-05	-3.022959e-03	-1.337615e-01
3.628000e-05	-2.403520e-03	-5.265684e-02
3.629000e-05	-5.988592e-04	-5.260133e-02
3.630000e-05	-2.616443e-04	2.368430e-06
3.631000e-05	-3.728848e-04	2.103132e-02
3.632000e-05	-1.411114e-03	4.211271e-02
3.633000e-05	-2.885630e-03	8.621446e-02
3.634000e-05	-1.554986e-03	1.673047e-01
3.635000e-05	2.389800e-03	2.214627e-01
3.636000e-05	1.340981e-02	2.642380e-01
3.637000e-05	1.041782e-02	3.273472e-01
3.638000e-05	-1.665161e-02	3.884724e-01
3.639000e-05	-4.597057e-02	4.000012e-01
3.640000e-05	9.427177e-03	4.315602e-01
3.641000e-05	4.142124e-02	4.626093e-01
3.642000e-05	-1.747175e-02	5.267920e-01
3.643000e-05	-3.264255e-02	5.384209e-01
3.644000e-05	1.930316e-02	5.799023e-01
3.645000e-05	3.684242e-02	6.426301e-01
3.646000e-05	-1.182687e-02	6.921644e-01
3.647000e-05	-3.677199e-02	6.957467e-01
3.648000e-05	2.293229e-02	7.398460e-01
3.649000e-05	-1.506152e-02	7.999474e-01
3.650000e-05	1.800409e-02	8.109563e-01
3.651000e-05	1.303234e-02	8.535576e-01
3.652000e-05	-4.062883e-02	8.881643e-01
3.653000e-05	-7.168581e-03	9.464499e-01
3.654000e-05	3.253293e-02	9.689359e-01
3.655000e-05	1.586592e-02	1.094585e+00
3.656000e-05	-5.815957e-02	1.118865e+00
3.657000e-05	1.123609e-02	1.199425e+00
3.658000e-05	4.673367e-02	1.191979e+00
3.659000e-05	-1.034333e-02	1.233113e+00
3.660000e-05	-3.754246e-02	1.295793e+00
3.661000e-05	8.715898e-03	1.356871e+00
3.662000e-05	2.470346e-02	1.349449e+00
3.663000e-05	-2.529902e-03	1.400064e+00
3.664000e-05	-1.959450e-02	1.464183e+00
3.665000e-05	1.191423e-03	1.506727e+00
3.666000e-05	2.346300e-02	1.569405e+00
3.667000e-05	-4.007575e-03	1.592509e+00
3.668000e-05	-1.466966e-02	1.683764e+00
3.669000e-05	-1.575013e-03	1.724692e+00
3.670000e-05	1.532963e-02	1.748368e+00
3.671000e-05	3.030146e-03	1.787375e+00
3.672000e-05	-7.479973e-03	1.801957e+00
3.673000e-05	-4.744696e-03	1.831530e+00
3.674000e-05	1.084315e-02	1.884214e+00
3.675000e-05	5.105791e-03	1.916818e+00
3.676000e-05	-1.103531e-02	1.979347e+00
3.677000e-05	-2.189212e-03	2.009947e+00
3.678000e-05	1.234031e-02	2.000499e+00
3.679000e-05	5.732253e-03	2.021529e+00
3.680000e-05	-6.038138e-03	2.042136e+00
3.681000e-05	-2.746458e-03	2.055140e+00
3.682000e-05	9.525576e-03	2.107746e+00
3.683000e-05	5.786854e-03	2.137872e+00
3.684000e-05	-5.935481e-03	2.200979e+00
3.685000e-05	-1.692142e-03	2.190078e+00
3.686000e-05	1.026826e-02	2.232588e+00
3.687000e-05	6.129703e-03	2.254163e+00
3.688000e-05	-5.260954e-03	2.285797e+00
3.689000e-05	-1.686156e-03	2.368344e+00
3.690000e-05	9.106905e-03	2.358899e+00
3.691000e-05	6.440784e-03	2.390953e+00
3.692000e-05	-4.034805e-03	2.421028e+00
3.693000e-05	-4.012090e-04	2.434110e+00
3.694000e-05	8.189908e-03	2.454139e+00
3.695000e-05	7.479530e-03	2.504251e+00
3.696000e-05	-3.211048e-03	2.579354e+00
3.697000e-05	-1.034843e-05	2.582561e+00
3.698000e-05	7.282054e-03	2.701663e+00
3.699000e-05	7.512786e-03	2.713843e+00
3.700000e-05	-1.237155e-03	2.779392e+00
3.701000e-05	1.385724e-06	2.769474e+00
3.702000e-05	7.589165e-03	2.789999e+00
3.703000e-05	7.550443e-03	2.810026e+00
3.704000e-05	9.878928e-05	2.821054e+00
3.705000e-05	-2.166703e-05	2.864108e+00
3.706000e-05	6.442110e-03	2.903737e+00
3.707000e-05	7.579589e-03	2.935288e+00
3.708000e-05	1.646340e-03	2.937819e+00
3.709000e-05	1.247942e-04	2.978949e+00
3.710000e-05	7.798710e-03	2.978524e+00
3.711000e-05	7.517219e-03	2.980904e+00
3.712000e-05	3.114894e-03	3.001079e+00
3.713000e-05	-2.953681e-05	3.042033e+00
3.714000e-05	6.163801e-03	3.104163e+00
3.715000e-05	6.934273e-03	3.114812e+00
3.716000e-05	3.753415e-03	3.115768e+00
3.717000e-05	1.579727e-03	3.116269e+00
3.718000e-05	5.189035e-03	3.167946e+00
3.719000e-05	8.293346e-03	3.158974e+00
3.720000e-05	4.988295e-03	3.199974e+00
3.721000e-05	3.097769e-03	3.181475e+00
3.722000e-05	6.049273e-03	3.220155e+00
3.723000e-05	8.036474e-03	3.232156e+00
3.724000e-05	4.886153e-03	3.222054e+00
3.725000e-05	2.469855e-03	3.253690e+00
3.726000e-05	5.488909e-03	3.346764e+00
3.727000e-05	7.654258e-03	3.307294e+00
3.728000e-05	5.825295e-03	3.367320e+00
3.729000e-05	4.427312e-03	3.310433e+00
3.730000e-05	6.446820e-03	3.382526e+00
3.731000e-05	8.827052e-03	3.484111e+00
3.732000e-05	6.472389e-03	3.514712e+00
3.733000e-05	5.140440e-03	3.534288e+00
3.734000e-05	5.843532e-03	3.537245e+00
3.735000e-05	7.851545e-03	3.568845e+00
3.736000e-05	7.375366e-03	3.548870e+00
3.737000e-05	6.222471e-03	3.579448e+00
3.738000e-05	6.470116e-03	3.599922e+00
3.739000e-05	9.090011e-03	3.599974e+00
3.740000e-05	8.573412e-03	3.610501e+00
3.741000e-05	7.919637e-03	3.610500e+00
3.742000e-05	6.734930e-03	3.630526e+00
3.743000e-05	9.314224e-03	3.622029e+00
3.744000e-05	9.157404e-03	3.621075e+00
3.745000e-05	8.070412e-03	3.642104e+00
3.746000e-05	7.614377e-03	3.622130e+00
3.747000e-05	8.869135e-03	3.634080e+00
3.748000e-05	1.000761e-02	3.642758e+00
3.749000e-05	8.738042e-03	3.633728e+00
3.750000e-05	9.770544e-03	3.713685e+00
3.751000e-05	9.654477e-03	3.644656e+00
3.752000e-05	1.109908e-02	3.725712e+00
3.753000e-05	1.050326e-02	3.726314e+00
3.754000e-05	1.023587e-02	3.706264e+00
3.755000e-05	9.950400e-03	3.746841e+00
3.756000e-05	1.073556e-02	3.737368e+00
3.757000e-05	1.071207e-02	3.789942e+00
3.758000e-05	1.086754e-02	3.717364e+00
3.759000e-05	1.127706e-02	3.757342e+00
3.760000e-05	1.235501e-02	3.777872e+00
3.761000e-05	1.326759e-02	3.797497e+00
3.762000e-05	1.233096e-02	3.747967e+00
3.763000e-05	1.173638e-02	3.789921e+00
3.764000e-05	1.276382e-02	3.779941e+00
3.765000e-05	1.346824e-02	3.777470e+00
3.766000e-05	1.264757e-02	3.799972e+00
3.767000e-05	1.445042e-02	3.789398e+00
3.768000e-05	1.454510e-02	3.788999e+00
3.769000e-05	1.403767e-02	3.798977e+00
3.770000e-05	1.346509e-02	3.758524e+00
3.771000e-05	1.475235e-02	3.779847e+00
3.772000e-05	1.567757e-02	3.790947e+00
3.773000e-05	1.594302e-02	3.808995e+00
3.774000e-05	1.518846e-02	3.778996e+00
3.775000e-05	1.611324e-02	3.778422e+00
3.776000e-05	1.548423e-02	3.796449e+00
3.777000e-05	1.578510e-02	3.778945e+00
3.778000e-05	1.491676e-02	3.758918e+00
3.779000e-05	1.559561e-02	3.758895e+00
3.780000e-05	1.668250e-02	3.787843e+00
3.781000e-05	1.702278e-02	3.747347e+00
3.782000e-05	1.701951e-02	3.766892e+00
3.783000e-05	1.700451e-02	3.735862e+00
3.784000e-05	1.564504e-02	3.716840e+00
3.785000e-05	1.523655e-02	3.734808e+00
3.786000e-05	1.581204e-02	3.727288e+00
3.787000e-05	1.579182e-02	3.744317e+00
3.788000e-05	1.607682e-02	3.715156e+00
3.789000e-05	1.638522e-02	3.714714e+00
3.790000e-05	1.693635e-02	3.662759e+00
3.791000e-05	1.673765e-02	3.722708e+00
3.792000e-05	1.520672e-02	3.663631e+00
3.793000e-05	1.467107e-02	3.643703e+00
3.794000e-05	1.422890e-02	3.621055e+00
3.795000e-05	1.446345e-02	3.601582e+00
3.796000e-05	1.437634e-02	3.630576e+00
3.797000e-05	1.409690e-02	3.601076e+00
3.798000e-05	1.494302e-02	3.630001e+00
3.799000e-05	1.458037e-02	3.601000e+00
3.800000e-05	1.356319e-02	3.590998e+00
3.801000e-05	1.299624e-02	3.610000e+00
3.802000e-05	1.278334e-02	3.599470e+00
3.803000e-05	1.418037e-02	3.579449e+00
3.804000e-05	1.252175e-02	3.599420e+00
3.805000e-05	1.282677e-02	3.568297e+00
3.806000e-05	1.201220e-02	3.525416e+00
3.807000e-05	1.283104e-02	3.526786e+00
3.808000e-05	1.128501e-02	3.504182e+00
3.809000e-05	1.157309e-02	3.482654e+00
3.810000e-05	1.057354e-02	3.451478e+00
3.811000e-05	1.237922e-02	3.439473e+00
3.812000e-05	1.104641e-02	3.347339e+00
3.813000e-05	1.079308e-02	3.384809e+00
3.814000e-05	9.936290e-03	3.293235e+00
3.815000e-05	1.059215e-02	3.263711e+00
3.816000e-05	1.027593e-02	3.272104e+00
3.817000e-05	9.533183e-03	3.211003e+00
3.818000e-05	8.629189e-03	3.210578e+00
3.819000e-05	1.056434e-02	3.190525e+00
3.820000e-05	9.774463e-03	3.199524e+00
3.821000e-05	9.609796e-03	3.189447e+00
3.822000e-05	7.428356e-03	3.168945e+00
3.823000e-05	8.811349e-03	3.157844e+00
3.824000e-05	8.301772e-03	3.145792e+00
3.825000e-05	8.238455e-03	3.073237e+00
3.826000e-05	7.298806e-03	3.114158e+00
3.827000e-05	8.181089e-03	3.061629e+00
3.828000e-05	7.859995e-03	3.020553e+00
3.829000e-05	7.536069e-03	2.999551e+00
3.830000e-05	5.564928e-03	2.998971e+00
3.831000e-05	5.689549e-03	2.928367e+00
3.832000e-05	7.655551e-03	2.956813e+00
3.833000e-05	6.919603e-03	2.886263e+00
3.834000e-05	6.836778e-03	2.905182e+00
3.835000e-05	6.569725e-03	2.872603e+00
3.836000e-05	6.624157e-03	2.811026e+00
3.837000e-05	4.447538e-03	2.820026e+00
3.838000e-05	3.997300e-03	2.789975e+00
3.839000e-05	4.428496e-03	2.790474e+00
3.840000e-05	5.801883e-03	2.749422e+00
3.841000e-05	6.316977e-03	2.715897e+00
3.842000e-05	4.886066e-03	2.683765e+00
3.843000e-05	5.506369e-03	2.631628e+00
3.844000e-05	4.251544e-03	2.566396e+00
3.845000e-05	3.916840e-03	2.517985e+00
3.846000e-05	2.820323e-03	2.485185e+00
3.847000e-05	3.618596e-03	2.462603e+00
3.848000e-05	3.390279e-03	2.412554e+00
3.849000e-05	5.394740e-03	2.420999e+00
3.850000e-05	2.769644e-03	2.389494e+00
3.851000e-05	4.050484e-03	2.378395e+00
3.852000e-05	3.261986e-03	2.344337e+00
3.853000e-05	3.309631e-03	2.253106e+00
3.854000e-05	3.312283e-03	2.252204e+00
3.855000e-05	1.715804e-03	2.221551e+00
3.856000e-05	2.695574e-03	2.209995e+00
3.857000e-05	1.869352e-03	2.147942e+00
3.858000e-05	2.982105e-03	2.146861e+00
3.859000e-05	1.208845e-03	2.096684e+00
3.860000e-05	2.614432e-03	2.022254e+00
3.861000e-05	2.636683e-03	2.032025e+00
3.862000e-05	2.990932e-03	2.021025e+00
3.863000e-05	1.174926e-03	1.988972e+00
3.864000e-05	1.179321e-03	1.947967e+00
3.865000e-05	1.245977e-03	1.946817e+00
3.866000e-05	1.936575e-03	1.927281e+00
3.867000e-05	8.418841e-04	1.871079e+00
3.868000e-05	1.462096e-03	1.779969e+00
3.869000e-05	1.512714e-03	1.778894e+00
3.870000e-05	1.973850e-03	1.746342e+00
3.871000e-05	2.184801e-04	1.725858e+00
3.872000e-05	-2.130701e-04	1.694183e+00
3.873000e-05	7.773690e-04	1.663131e+00
3.874000e-05	1.185503e-03	1.567444e+00
3.875000e-05	2.049491e-04	1.556361e+00
3.876000e-05	7.939244e-05	1.454207e+00
3.877000e-05	-6.240765e-05	1.431004e+00
3.878000e-05	9.769777e-04	1.408476e+00
3.879000e-05	1.012523e-05	1.398441e+00
3.880000e-05	-1.058076e-03	1.303408e+00
3.881000e-05	1.257357e-04	1.294182e+00
3.882000e-05	6.940611e-04	1.252603e+00
3.883000e-05	-2.127509e-04	1.209524e+00
3.884000e-05	-2.038501e-03	1.178949e+00
3.885000e-05	-8.848199e-04	1.137360e+00
3.886000e-05	5.417109e-04	1.103203e+00
3.887000e-05	-1.248148e-03	1.018549e+00
3.888000e-05	-1.012510e-03	9.263622e-01
3.889000e-05	-6.995650e-04	8.941779e-01
3.890000e-05	5.506004e-04	8.330790e-01
3.891000e-05	-1.462911e-03	8.005000e-01
3.892000e-05	-1.729370e-03	7.994974e-01
3.893000e-05	-1.346305e-03	7.753222e-01
3.894000e-05	-7.154772e-05	7.244120e-01
3.895000e-05	-2.416884e-03	7.136805e-01
3.896000e-05	-1.934263e-03	6.415967e-01
3.897000e-05	-1.743436e-03	5.969464e-01
3.898000e-05	-1.265955e-03	5.278921e-01
3.899000e-05	-1.533001e-03	5.042605e-01
3.900000e-05	-1.810247e-03	4.721806e-01
3.901000e-05	-2.729519e-03	4.215315e-01
3.902000e-05	-1.161399e-03	4.000265e-01
3.903000e-05	-1.638739e-03	3.989711e-01
3.904000e-05	-2.413483e-03	3.674149e-01
3.905000e-05	-2.207439e-03	3.337620e-01
3.906000e-05	-2.047085e-03	2.721527e-01
3.907000e-05	-2.609172e-03	1.554664e-01
3.908000e-05	-3.065115e-03	1.363659e-01
3.909000e-05	-3.466114e-03	5.317677e-02
3.910000e-05	-2.611915e-03	1.152507e-02
3.911000e-05	-1.026147e-03	5.486217e-04
3.912000e-05	-2.125923e-03	-2.105263e-02
3.913000e-05	-2.395714e-03	-6.255784e-02
3.914000e-05	-1.581445e-03	-1.067668e-01
3.915000e-05	-1.425651e-03	-1.378722e-01
3.916000e-05	-3.018962e-03	-1.588249e-01
3.917000e-05	-4.299925e-03	-1.995301e-01
3.918000e-05	-1.178434e-03	-2.235854e-01
3.919000e-05	1.937201e-03	-2.747418e-01
3.920000e-05	1.220803e-02	-3.361921e-01
3.921000e-05	1.670268e-02	-3.683449e-01
3.922000e-05	-1.205506e-02	-4.305276e-01
3.923000e-05	-5.358884e-02	-4.526540e-01
3.924000e-05	7.493207e-04	-4.722068e-01
3.925000e-05	4.297402e-02	-4.851717e-01
3.926000e-05	-8.137956e-03	-5.399294e-01
3.927000e-05	-2.786595e-02	-6.405815e-01
3.928000e-05	2.264312e-02	-7.547844e-01
3.929000e-05	4.392748e-02	-6.973234e-01
3.930000e-05	-2.547322e-02	-7.683462e-01
3.931000e-05	-3.695521e-02	-8.005001e-01
3.932000e-05	1.925681e-02	-8.410790e-01
3.933000e-05	-1.975840e-02	-8.630903e-01
3.934000e-05	3.166836e-03	-9.462719e-01
3.935000e-05	1.750028e-02	-9.384236e-01
3.936000e-05	-3.705769e-02	-9.793999e-01
3.937000e-05	-2.781306e-02	-1.022983e+00
3.938000e-05	3.679364e-02	-1.093765e+00
3.939000e-05	2.348884e-02	-1.125265e+00
3.940000e-05	-6.798440e-02	-1.118372e+00
3.941000e-05	1.517510e-02	-1.179477e+00
3.942000e-05	5.751527e-02	-1.243164e+00
3.943000e-05	-2.981983e-02	-1.315209e+00
3.944000e-05	-4.800679e-02	-1.297804e+00
3.945000e-05	1.557529e-02	-1.412559e+00
3.946000e-05	2.359506e-02	-1.474262e+00
3.947000e-05	-1.447229e-02	-1.545817e+00
3.948000e-05	-2.629154e-02	-1.569876e+00
3.949000e-05	-5.816056e-03	-1.598478e+00
3.950000e-05	3.205027e-02	-1.632557e+00
3.951000e-05	-1.354545e-02	-1.643663e+00
3.952000e-05	-3.751738e-02	-1.686138e+00
3.953000e-05	6.537710e-03	-1.746316e+00
3.954000e-05	1.638852e-02	-1.768425e+00
3.955000e-05	-1.454823e-02	-1.789527e+00
3.956000e-05	-1.733105e-02	-1.834529e+00
3.957000e-05	-4.313634e-03	-1.832217e+00
3.958000e-05	7.121352e-03	-1.886742e+00
3.959000e-05	-1.875889e-03	-1.936892e+00
3.960000e-05	-2.554091e-02	-1.958447e+00
3.961000e-05	-4.435020e-03	-1.989974e+00
3.962000e-05	1.126235e-02	-2.000526e+00
3.963000e-05	-6.249939e-03	-2.023055e+00
3.964000e-05	-1.812031e-02	-2.043185e+00
3.965000e-05	-9.228122e-03	-2.126771e+00
3.966000e-05	5.212600e-03	-2.188930e+00
3.967000e-05	-1.625185e-03	-2.283563e+00
3.968000e-05	-2.155803e-02	-2.356666e+00
3.969000e-05	-9.422993e-03	-2.346823e+00
3.970000e-05	7.305321e-03	-2.377945e+00
3.971000e-05	-4.510180e-03	-2.409950e+00
3.972000e-05	-1.575172e-02	-2.400026e+00
3.973000e-05	-1.270547e-02	-2.411137e+00
3.974000e-05	3.945394e-03	-2.452636e+00
3.975000e-05	-1.850800e-03	-2.506187e+00
3.976000e-05	-1.863087e-02	-2.548346e+00
3.977000e-05	-9.827429e-03	-2.576400e+00
3.978000e-05	7.908750e-04	-2.609424e+00
3.979000e-05	-3.757397e-03	-2.611529e+00
3.980000e-05	-1.552814e-02	-2.642088e+00
3.981000e-05	-1.263643e-02	-2.654188e+00
3.982000e-05	-8.028017e-05	-2.748367e+00
3.983000e-05	-2.175227e-03	-2.768346e+00
3.984000e-05	-1.635880e-02	-2.768972e+00
3.985000e-05	-1.136072e-02	-2.789425e+00
3.986000e-05	-2.294243e-03	-2.800001e+00
3.987000e-05	-3.244836e-03	-2.821479e+00
3.988000e-05	-1.462093e-02	-2.862080e+00
3.989000e-05	-1.317916e-02	-2.883662e+00
3.990000e-05	-2.979679e-03	-2.886320e+00
3.991000e-05	-3.719934e-03	-2.989800e+00
3.992000e-05	-1.265953e-02	-2.991379e+00
3.993000e-05	-1.362902e-02	-3.021711e+00
3.994000e-05	-5.612740e-03	-3.095211e+00
3.995000e-05	-4.813962e-03	-3.157893e+00
3.996000e-05	-1.299264e-02	-3.167796e+00
3.997000e-05	-1.394347e-02	-3.189924e+00
3.998000e-05	-6.462447e-03	-3.189999e+00
3.999000e-05	-5.089086e-03	-3.199475e+00
4.000000e-05	-1.175729e-02	-3.202051e+00
4.001000e-05	-1.435288e-02	-3.242105e+00
4.002000e-05	-7.163822e-03	-3.264583e+00
4.003000e-05	-5.883398e-03	-3.324641e+00
4.004000e-05	-1.124609e-02	-3.325241e+00
4.005000e-05	-1.482403e-02	-3.325292e+00
4.006000e-05	-8.470474e-03	-3.368370e+00
4.007000e-05	-5.870288e-03	-3.400399e+00
4.008000e-05	-1.123976e-02	-3.410950e+00
4.009000e-05	-1.555380e-02	-3.400028e+00
4.010000e-05	-8.787472e-03	-3.411554e+00
4.011000e-05	-7.122737e-03	-3.430037e+00
4.012000e-05	-1.110129e-02	-3.473632e+00
4.013000e-05	-1.540470e-02	-3.505257e+00
4.014000e-05	-9.971970e-03	-3.464189e+00
4.015000e-05	-8.422964e-03	-3.475716e+00
4.016000e-05	-1.217718e-02	-3.517371e+00
4.017000e-05	-1.532889e-02	-3.558917e+00
4.018000e-05	-1.213644e-02	-3.588471e+00
4.019000e-05	-9.106456e-03	-3.579949e+00
4.020000e-05	-1.185485e-02	-3.599975e+00
4.021000e-05	-1.515056e-02	-3.590525e+00
4.022000e-05	-1.311685e-02	-3.601024e+00
4.023000e-05	-9.761066e-03	-3.620528e+00
4.024000e-05	-1.195609e-02	-3.641505e+00
4.025000e-05	-1.561932e-02	-3.621029e+00
4.026000e-05	-1.291210e-02	-3.612556e+00
4.027000e-05	-1.117127e-02	-3.613132e+00
4.028000e-05	-1.293768e-02	-3.652062e+00
4.029000e-05	-1.598147e-02	-3.735657e+00
4.030000e-05	-1.426872e-02	-3.703687e+00
4.031000e-05	-1.125910e-02	-3.747716e+00
4.032000e-05	-1.299004e-02	-3.749237e+00
4.033000e-05	-1.566458e-02	-3.768895e+00
4.034000e-05	-1.445606e-02	-3.768248e+00
4.035000e-05	-1.367731e-02	-3.830397e+00
4.036000e-05	-1.383956e-02	-3.781905e+00
4.037000e-05	-1.770307e-02	-3.841556e+00
4.038000e-05	-1.534998e-02	-3.864926e+00
4.039000e-05	-1.361247e-02	-3.834533e+00
4.040000e-05	-1.357961e-02	-3.824213e+00
4.041000e-05	-1.695819e-02	-3.865587e+00
4.042000e-05	-1.752620e-02	-3.856188e+00
4.043000e-05	-1.476895e-02	-3.886186e+00
4.044000e-05	-1.715200e-02	-3.945688e+00
4.045000e-05	-1.743102e-02	-3.904618e+00
4.046000e-05	-1.946521e-02	-3.927363e+00
4.047000e-05	-1.456092e-02	-3.966267e+00
4.048000e-05	-1.718762e-02	-3.927343e+00
4.049000e-05	-1.790235e-02	-3.937212e+00
4.050000e-05	-2.082615e-02	-3.947318e+00
4.051000e-05	-1.796437e-02	-3.936771e+00
4.052000e-05	-1.955167e-02	-3.957867e+00
4.053000e-05	-1.935277e-02	-3.936715e+00
4.054000e-05	-1.979000e-02	-3.947770e+00
4.055000e-05	-1.686160e-02	-3.958366e+00
4.056000e-05	-1.952666e-02	-3.957247e+00
4.057000e-05	-2.104501e-02	-3.946342e+00
4.058000e-05	-2.172658e-02	-3.957740e+00
4.059000e-05	-2.071986e-02	-3.966939e+00
4.060000e-05	-2.046634e-02	-3.906293e+00
4.061000e-05	-2.077268e-02	-3.936367e+00
4.062000e-05	-2.075373e-02	-3.945340e+00
4.063000e-05	-2.081051e-02	-3.966814e+00
4.064000e-05	-2.160299e-02	-3.967292e+00
4.065000e-05	-2.224752e-02	-3.935636e+00
4.066000e-05	-2.275785e-02	-3.925213e+00
4.067000e-05	-2.258457e-02	-3.925217e+00
4.068000e-05	-2.000836e-02	-3.865180e+00
4.069000e-05	-2.117015e-02	-3.805687e+00
4.070000e-05	-2.195808e-02	-3.886163e+00
4.071000e-05	-2.064969e-02	-3.843457e+00
4.072000e-05	-2.138985e-02	-3.802002e+00
4.073000e-05	-2.086120e-02	-3.859618e+00
4.074000e-05	-2.298851e-02	-3.809025e+00
4.075000e-05	-2.136267e-02	-3.789476e+00
4.076000e-05	-2.077089e-02	-3.779948e+00
4.077000e-05	-2.034185e-02	-3.719291e+00
4.078000e-05	-2.057908e-02	-3.707962e+00
4.079000e-05	-2.042224e-02	-3.696238e+00
4.080000e-05	-1.982037e-02	-3.724235e+00
4.081000e-05	-2.044265e-02	-3.663707e+00
4.082000e-05	-2.074554e-02	-3.685635e+00
4.083000e-05	-2.007873e-02	-3.661628e+00
4.084000e-05	-1.926827e-02	-3.633578e+00
4.085000e-05	-1.928400e-02	-3.631102e+00
4.086000e-05	-1.934750e-02	-3.620003e+00
4.087000e-05	-1.836151e-02	-3.611000e+00
4.088000e-05	-1.757735e-02	-3.601025e+00
4.089000e-05	-1.856964e-02	-3.600498e+00
4.090000e-05	-1.802282e-02	-3.588973e+00
4.091000e-05	-1.806477e-02	-3.589471e+00
4.092000e-05	-1.740275e-02	-3.557895e+00
4.093000e-05	-1.826697e-02	-3.547444e+00
4.094000e-05	-1.742632e-02	-3.536369e+00
4.095000e-05	-1.673982e-02	-3.534813e+00
4.096000e-05	-1.557853e-02	-3.534686e+00
4.097000e-05	-1.724423e-02	-3.502709e+00
4.098000e-05	-1.604837e-02	-3.454079e+00
4.099000e-05	-1.598831e-02	-3.441104e+00
4.100000e-05	-1.392516e-02	-3.450525e+00
4.101000e-05	-1.533220e-02	-3.399949e+00
4.102000e-05	-1.510381e-02	-3.388400e+00
4.103000e-05	-1.457536e-02	-3.386467e+00
4.104000e-05	-1.330427e-02	-3.357314e+00
4.105000e-05	-1.536086e-02	-3.346339e+00
4.106000e-05	-1.540024e-02	-3.295686e+00
4.107000e-05	-1.346854e-02	-3.295203e+00
4.108000e-05	-1.260981e-02	-3.242154e+00
4.109000e-05	-1.370974e-02	-3.242574e+00
4.110000e-05	-1.337941e-02	-3.220501e+00
4.111000e-05	-1.386303e-02	-3.199525e+00
4.112000e-05	-1.202670e-02	-3.207921e+00
4.113000e-05	-1.415740e-02	-3.159895e+00
4.114000e-05	-1.173112e-02	-3.137782e+00
4.115000e-05	-1.260089e-02	-3.115287e+00
4.116000e-05	-1.143366e-02	-3.095084e+00
4.117000e-05	-1.200475e-02	-3.032548e+00
4.118000e-05	-1.207725e-02	-2.991471e+00
4.119000e-05	-1.232834e-02	-2.936837e+00
4.120000e-05	-1.210402e-02	-2.894687e+00
4.121000e-05	-1.114647e-02	-2.872582e+00
4.122000e-05	-1.015374e-02	-2.822053e+00
4.123000e-05	-1.178179e-02	-2.830551e+00
4.124000e-05	-1.020826e-02	-2.800499e+00
4.125000e-05	-1.078112e-02	-2.769924e+00
4.126000e-05	-1.042685e-02	-2.769441e+00
4.127000e-05	-1.146666e-02	-2.758809e+00
4.128000e-05	-1.057077e-02	-2.682758e+00
4.129000e-05	-9.808557e-03	-2.642608e+00
4.130000e-05	-9.331496e-03	-2.653629e+00
4.131000e-05	-1.043726e-02	-2.630523e+00
4.132000e-05	-9.363201e-03	-2.569994e+00
4.133000e-05	-9.232442e-03	-2.568891e+00
4.134000e-05	-9.633719e-03	-2.515837e+00
4.135000e-05	-1.044332e-02	-2.472211e+00
4.136000e-05	-8.662897e-03	-2.483081e+00
4.137000e-05	-9.141551e-03	-2.440527e+00
4.138000e-05	-8.137728e-03	-2.411552e+00
4.139000e-05	-8.901563e-03	-2.399492e+00
4.140000e-05	-8.611380e-03	-2.397395e+00
4.141000e-05	-8.027837e-03	-2.386391e+00
4.142000e-05	-7.225875e-03	-2.274681e+00
4.143000e-05	-6.967139e-03	-2.251548e+00
4.144000e-05	-8.287635e-03	-2.200403e+00
4.145000e-05	-8.489978e-03	-2.104315e+00
4.146000e-05	-7.444732e-03	-2.061131e+00
4.147000e-05	-8.110207e-03	-2.060554e+00
4.148000e-05	-7.208946e-03	-2.011501e+00
4.149000e-05	-7.103151e-03	-1.990497e+00
4.150000e-05	-6.347556e-03	-1.948921e+00
4.151000e-05	-6.842759e-03	-1.976364e+00
4.152000e-05	-7.359097e-03	-1.903660e+00
4.153000e-05	-6.722118e-03	-1.862703e+00
4.154000e-05	-6.845146e-03	-1.870524e+00
4.155000e-05	-6.438590e-03	-1.840499e+00
4.156000e-05	-6.750540e-03	-1.767365e+00
4.157000e-05	-5.767762e-03	-1.726361e+00
4.158000e-05	-7.059417e-03	-1.663732e+00
4.159000e-05	-6.674336e-03	-1.673030e+00
4.160000e-05	-7.305337e-03	-1.630577e+00
4.161000e-05	-6.388292e-03	-1.599999e+00
4.162000e-05	-5.072130e-03	-1.577424e+00
4.163000e-05	-5.774837e-03	-1.486762e+00
4.164000e-05	-5.869902e-03	-1.482709e+00
4.165000e-05	-5.545260e-03	-1.421965e+00
4.166000e-05	-5.872139e-03	-1.339313e+00
4.167000e-05	-5.637020e-03	-1.283186e+00
4.168000e-05	-6.414697e-03	-1.252654e+00
4.169000e-05	-5.992446e-03	-1.210024e+00
4.170000e-05	-4.171064e-03	-1.189469e+00
4.171000e-05	-5.026495e-03	-1.124740e+00
4.172000e-05	-4.415422e-03	-1.083757e+00
4.173000e-05	-5.856659e-03	-1.051104e+00
4.174000e-05	-5.223974e-03	-1.020075e+00
4.175000e-05	-5.330359e-03	-9.684711e-01
4.176000e-05	-5.181542e-03	-9.163934e-01
4.177000e-05	-5.327046e-03	-8.752344e-01
4.178000e-05	-3.988710e-03	-8.916265e-01
4.179000e-05	-5.003392e-03	-8.305504e-01
4.180000e-05	-4.777615e-03	-8.199713e-01
4.181000e-05	-4.376304e-03	-7.889686e-01
4.182000e-05	-4.658036e-03	-7.383107e-01
4.183000e-05	-4.520118e-03	-7.021592e-01
4.184000e-05	-4.305181e-03	-5.620715e-01
4.185000e-05	-4.306816e-03	-5.254348e-01
4.186000e-05	-4.417782e-03	-5.251345e-01
4.187000e-05	-4.226587e-03	-4.626056e-01
4.188000e-05	-4.209302e-03	-4.105251e-01
4.189000e-05	-3.980590e-03	-3.889464e-01
4.190000e-05	-4.139377e-03	-3.889174e-01
4.191000e-05	-3.664625e-03	-3.357860e-01
4.192000e-05	-3.572103e-03	-2.931043e-01
4.193000e-05	-3.723980e-03	-2.331015e-01
4.194000e-05	-3.971913e-03	-1.899991e-01
4.195000e-05	-3.870908e-03	-1.784648e-01
4.196000e-05	-3.021773e-03	-1.558370e-01
4.197000e-05	-3.598090e-03	-7.463290e-02
4.198000e-05	-2.970799e-03	-5.310534e-02
4.199000e-05	-1.239213e-03	-2.105026e-02
4.200000e-05	-2.346899e-04	1.102500e-02
4.201000e-05	-1.278246e-03	1.200901e-02
4.202000e-05	-1.522535e-03	6.371045e-02
4.203000e-05	-1.286272e-03	1.042461e-01
4.204000e-05	1.612275e-03	1.895261e-01
4.205000e-05	5.361626e-03	2.630389e-01
4.206000e-05	1.531146e-02	3.168195e-01
4.207000e-05	4.178052e-03	3.589472e-01
4.208000e-05	-4.140465e-02	3.699748e-01
4.209000e-05	-1.480826e-02	4.100076e-01
4.210000e-05	1.522117e-02	4.325652e-01
4.211000e-05	3.757168e-02	5.042133e-01
4.212000e-05	-4.017954e-02	5.163709e-01
4.213000e-05	-1.968802e-02	5.578722e-01
4.214000e-05	5.964583e-02	6.011050e-01
4.215000e-05	-5.391679e-03	6.421777e-01
4.216000e-05	-1.147189e-02	7.156882e-01
4.217000e-05	-2.674063e-02	7.167957e-01
4.218000e-05	1.216653e-02	7.788983e-01
4.219000e-05	1.741336e-03	8.199963e-01
4.220000e-05	1.447933e-02	8.314600e-01
4.221000e-05	7.936784e-03	8.541378e-01
4.222000e-05	-5.124369e-02	9.358134e-01
4.223000e-05	1.990342e-02	9.748220e-01
4.224000e-05	3.920678e-02	1.060590e+00
4.225000e-05	-3.041010e-02	1.093769e+00
4.226000e-05	-3.728883e-02	1.186821e+00
4.227000e-05	4.145915e-02	1.179502e+00
4.228000e-05	2.568682e-02	1.291609e+00
4.229000e-05	-2.919917e-02	1.305692e+00
4.230000e-05	-2.370544e-02	1.326294e+00
4.231000e-05	2.621468e-02	1.357896e+00
4.232000e-05	1.458832e-02	1.380450e+00
4.233000e-05	-1.347255e-02	1.442137e+00
4.234000e-05	-1.545617e-02	1.554236e+00
4.235000e-05	1.412543e-02	1.537819e+00
4.236000e-05	1.594759e-02	1.621614e+00
4.237000e-05	-1.561720e-02	1.673079e+00
4.238000e-05	-8.823140e-03	1.742891e+00
4.239000e-05	7.534371e-03	1.768267e+00
4.240000e-05	1.141040e-02	1.726821e+00
4.241000e-05	-3.568445e-03	1.819401e+00
4.242000e-05	-7.415503e-03	1.831004e+00
4.243000e-05	1.501033e-03	1.841012e+00
4.244000e-05	1.329740e-02	1.886193e+00
4.245000e-05	-2.034340e-03	1.977796e+00
4.246000e-05	-1.017991e-02	1.958399e+00
4.247000e-05	4.334495e-03	2.000025e+00
4.248000e-05	9.466802e-03	2.000025e+00
4.249000e-05	-8.614689e-04	2.022634e+00
4.250000e-05	-7.152742e-03	2.043112e+00
4.251000e-05	4.336321e-03	2.105359e+00
4.252000e-05	9.132480e-03	2.117345e+00
4.253000e-05	1.002651e-03	2.149421e+00
4.254000e-05	-6.337824e-03	2.211522e+00
4.255000e-05	3.943686e-03	2.222051e+00
4.256000e-05	8.652953e-03	2.233662e+00
4.257000e-05	3.379701e-04	2.285289e+00
4.258000e-05	-6.051508e-03	2.317870e+00
4.259000e-05	3.337089e-03	2.367496e+00
4.260000e-05	9.174276e-03	2.398427e+00
4.261000e-05	1.533308e-03	2.410527e+00
4.262000e-05	-3.199552e-03	2.452008e+00
4.263000e-05	2.991703e-03	2.486157e+00
4.264000e-05	8.528656e-03	2.495714e+00
4.265000e-05	1.654323e-03	2.560296e+00
4.266000e-05	-3.130791e-03	2.610431e+00
4.267000e-05	2.773904e-03	2.643083e+00
4.268000e-05	7.854126e-03	2.724118e+00
4.269000e-05	3.343958e-03	2.716891e+00
4.270000e-05	-2.135484e-03	2.788922e+00
4.271000e-05	3.247022e-03	2.799950e+00
4.272000e-05	8.479969e-03	2.800027e+00
4.273000e-05	4.531622e-03	2.811553e+00
4.274000e-05	-1.104923e-03	2.841635e+00
4.275000e-05	3.057220e-03	2.863659e+00
4.276000e-05	6.967641e-03	2.875287e+00
4.277000e-05	4.851034e-03	2.933213e+00
4.278000e-05	-3.735916e-04	2.926293e+00
4.279000e-05	3.330280e-03	2.970375e+00
4.280000e-05	6.949910e-03	3.000025e+00
4.281000e-05	5.701173e-03	3.000529e+00
4.282000e-05	1.241842e-03	3.021556e+00
4.283000e-05	4.226164e-03	3.082584e+00
4.284000e-05	7.003079e-03	3.064757e+00
4.285000e-05	6.391453e-03	3.104243e+00
4.286000e-05	2.047462e-03	3.115772e+00
4.287000e-05	2.469120e-03	3.106895e+00
4.288000e-05	7.779823e-03	3.169420e+00
4.289000e-05	6.166612e-03	3.199975e+00
4.290000e-05	3.109367e-03	3.209951e+00
4.291000e-05	3.338290e-03	3.220003e+00
4.292000e-05	7.965996e-03	3.212528e+00
4.293000e-05	7.863891e-03	3.232054e+00
4.294000e-05	3.573753e-03	3.262611e+00
4.295000e-05	3.284581e-03	3.295193e+00
4.296000e-05	8.191612e-03	3.346843e+00
4.297000e-05	6.717270e-03	3.326291e+00
4.298000e-05	4.888623e-03	3.358308e+00
4.299000e-05	4.065510e-03	3.408905e+00
4.300000e-05	8.945332e-03	3.474011e+00
4.301000e-05	8.417222e-03	3.513738e+00
4.302000e-05	5.126641e-03	3.514287e+00
4.303000e-05	4.621740e-03	3.546766e+00
4.304000e-05	8.852817e-03	3.547342e+00
4.305000e-05	8.455683e-03	3.557396e+00
4.306000e-05	6.798510e-03	3.578398e+00
4.307000e-05	4.498207e-03	3.579421e+00
4.308000e-05	8.144203e-03	3.599976e+00
4.309000e-05	9.380760e-03	3.608500e+00
4.310000e-05	6.020087e-03	3.610478e+00
4.311000e-05	6.736116e-03	3.601078e+00
4.312000e-05	9.151874e-03	3.631004e+00
4.313000e-05	1.029938e-02	3.621551e+00
4.314000e-05	8.133834e-03	3.611478e+00
4.315000e-05	5.859050e-03	3.650605e+00
4.316000e-05	9.610342e-03	3.673034e+00
4.317000e-05	1.012050e-02	3.662610e+00
4.318000e-05	8.501646e-03	3.653659e+00
4.319000e-05	7.097152e-03	3.706735e+00
4.320000e-05	1.039060e-02	3.693640e+00
4.321000e-05	1.070188e-02	3.725209e+00
4.322000e-05	1.034900e-02	3.707266e+00
4.323000e-05	8.144740e-03	3.705266e+00
4.324000e-05	1.091436e-02	3.765866e+00
4.325000e-05	1.188499e-02	3.757369e+00
4.326000e-05	1.073357e-02	3.726868e+00
4.327000e-05	8.636300e-03	3.747316e+00
4.328000e-05	1.138596e-02	3.768923e+00
4.329000e-05	1.175681e-02	3.757395e+00
4.330000e-05	1.203864e-02	3.758442e+00
4.331000e-05	1.079257e-02	3.788795e+00
4.332000e-05	1.205674e-02	3.779347e+00
4.333000e-05	1.496943e-02	3.809922e+00
4.334000e-05	1.455820e-02	3.779917e+00
4.335000e-05	1.397686e-02	3.799399e+00
4.336000e-05	1.237755e-02	3.779947e+00
4.337000e-05	1.301709e-02	3.778947e+00
4.338000e-05	1.223911e-02	3.790450e+00
4.339000e-05	1.264830e-02	3.769072e+00
4.340000e-05	1.429738e-02	3.809422e+00
4.341000e-05	1.826998e-02	3.790450e+00
4.342000e-05	1.768068e-02	3.778449e+00
4.343000e-05	1.610554e-02	3.779396e+00
4.344000e-05	1.471272e-02	3.789472e+00
4.345000e-05	1.485817e-02	3.780947e+00
4.346000e-05	1.458362e-02	3.779419e+00
4.347000e-05	1.345643e-02	3.789920e+00
4.348000e-05	1.601509e-02	3.768969e+00
4.349000e-05	1.789260e-02	3.787947e+00
4.350000e-05	2.007528e-02	3.788393e+00
4.351000e-05	1.563079e-02	3.777396e+00
4.352000e-05	1.724300e-02	3.737841e+00
4.353000e-05	1.645675e-02	3.767943e+00
4.354000e-05	1.677394e-02	3.717797e+00
4.355000e-05	1.391873e-02	3.726838e+00
4.356000e-05	1.482460e-02	3.686262e+00
4.357000e-05	1.641774e-02	3.733733e+00
4.358000e-05	1.768301e-02	3.704807e+00
4.359000e-05	1.539752e-02	3.644661e+00
4.360000e-05	1.606498e-02	3.665211e+00
4.361000e-05	1.654328e-02	3.664605e+00
4.362000e-05	1.588632e-02	3.632137e+00
4.363000e-05	1.504181e-02	3.643127e+00
4.364000e-05	1.341755e-02	3.621529e+00
4.365000e-05	1.572778e-02	3.631028e+00
4.366000e-05	1.462365e-02	3.610556e+00
4.367000e-05	1.395683e-02	3.620525e+00
4.368000e-05	1.390334e-02	3.621553e+00
4.369000e-05	1.518427e-02	3.589950e+00
4.370000e-05	1.425487e-02	3.620500e+00
4.371000e-05	1.349721e-02	3.569949e+00
4.372000e-05	1.198247e-02	3.578945e+00
4.373000e-05	1.354083e-02	3.597999e+00
4.374000e-05	1.343372e-02	3.568869e+00
4.375000e-05	1.167130e-02	3.577362e+00
4.376000e-05	1.204550e-02	3.546842e+00
4.377000e-05	1.204300e-02	3.505237e+00
4.378000e-05	1.311179e-02	3.524211e+00
4.379000e-05	1.086799e-02	3.440552e+00
4.380000e-05	9.413315e-03	3.430578e+00
4.381000e-05	1.236858e-02	3.409998e+00
4.382000e-05	1.074426e-02	3.379391e+00
4.383000e-05	1.032649e-02	3.345238e+00
4.384000e-05	1.012568e-02	3.294231e+00
4.385000e-05	1.113078e-02	3.282708e+00
4.386000e-05	1.001592e-02	3.243604e+00
4.387000e-05	8.385209e-03	3.231029e+00
4.388000e-05	8.131540e-03	3.200549e+00
4.389000e-05	9.446127e-03	3.200051e+00
4.390000e-05	9.427006e-03	3.209951e+00
4.391000e-05	8.305285e-03	3.189922e+00
4.392000e-05	8.211302e-03	3.168470e+00
4.393000e-05	9.010609e-03	3.127365e+00
4.394000e-05	8.455400e-03	3.097841e+00
4.395000e-05	7.264452e-03	3.074231e+00
4.396000e-05	6.769458e-03	3.072754e+00
4.397000e-05	7.495161e-03	3.022127e+00
4.398000e-05	7.708516e-03	2.999950e+00
4.399000e-05	6.039850e-03	2.970501e+00
4.400000e-05	6.174923e-03	2.999321e+00
4.401000e-05	7.213924e-03	2.976841e+00
4.402000e-05	6.972210e-03	2.936836e+00
4.403000e-05	5.696217e-03	2.925732e+00
4.404000e-05	5.904010e-03	2.832653e+00
4.405000e-05	6.080381e-03	2.852078e+00
4.406000e-05	5.599151e-03	2.811051e+00
4.407000e-05	5.253165e-03	2.800475e+00
4.408000e-05	4.637397e-03	2.799500e+00
4.409000e-05	4.821053e-03	2.798974e+00
4.410000e-05	5.506333e-03	2.768871e+00
4.411000e-05	4.084207e-03	2.733827e+00
4.412000e-05	4.903024e-03	2.693264e+00
4.413000e-05	5.155562e-03	2.641548e+00
4.414000e-05	5.505564e-03	2.560472e+00
4.415000e-05	3.423204e-03	2.504338e+00
4.416000e-05	4.035177e-03	2.493683e+00
4.417000e-05	4.044521e-03	2.431050e+00
4.418000e-05	3.669230e-03	2.410951e+00
4.419000e-05	3.278879e-03	2.410946e+00
4.420000e-05	2.652648e-03	2.389920e+00
4.421000e-05	4.132146e-03	2.358413e+00
4.422000e-05	3.961603e-03	2.323758e+00
4.423000e-05	3.347379e-03	2.264233e+00
4.424000e-05	2.062031e-03	2.202055e+00
4.425000e-05	3.345182e-03	2.230503e+00
4.426000e-05	2.853673e-03	2.178396e+00
4.427000e-05	2.207843e-03	2.176392e+00
4.428000e-05	1.214302e-03	2.105336e+00
4.429000e-05	2.436476e-03	2.093234e+00
4.430000e-05	2.943936e-03	2.022054e+00
4.431000e-05	1.949665e-03	2.011503e+00
4.432000e-05	1.744031e-03	2.001496e+00
4.433000e-05	2.389001e-03	1.998472e+00
4.434000e-05	3.064543e-03	1.978889e+00
4.435000e-05	7.006678e-04	1.935863e+00
4.436000e-05	1.213697e-03	1.923680e+00
4.437000e-05	4.435581e-04	1.819446e+00
4.438000e-05	1.868700e-03	1.718920e+00
4.439000e-05	-8.490437e-05	1.787450e+00
4.440000e-05	-2.883115e-04	1.746309e+00
4.441000e-05	3.202068e-04	1.684234e+00
4.442000e-05	1.432493e-03	1.653103e+00
4.443000e-05	-1.550152e-04	1.600999e+00
4.444000e-05	7.054433e-04	1.587419e+00
4.445000e-05	-1.681266e-04	1.524835e+00
4.446000e-05	5.185349e-04	1.474155e+00
4.447000e-05	-7.052157e-04	1.401604e+00
4.448000e-05	-7.452227e-04	1.391021e+00
4.449000e-05	-7.062602e-04	1.366962e+00
4.450000e-05	-4.231542e-04	1.334733e+00
4.451000e-05	-6.955137e-04	1.242607e+00
4.452000e-05	-5.878097e-04	1.220551e+00
4.453000e-05	2.964382e-04	1.188972e+00
4.454000e-05	-7.700791e-04	1.175940e+00
4.455000e-05	-2.768608e-04	1.144806e+00
4.456000e-05	-8.111631e-04	1.071725e+00
4.457000e-05	-1.326296e-03	9.879186e-01
4.458000e-05	-2.296210e-03	8.947082e-01
4.459000e-05	-1.340395e-03	8.616292e-01
4.460000e-05	-1.665201e-03	8.110001e-01
4.461000e-05	-1.446087e-03	7.989988e-01
4.462000e-05	-1.143732e-03	7.894711e-01
4.463000e-05	-4.726872e-04	7.262624e-01
4.464000e-05	-1.745745e-03	7.043106e-01
4.465000e-05	-9.186855e-04	6.816266e-01
4.466000e-05	-1.416867e-03	6.300789e-01
4.467000e-05	-2.397134e-03	5.789161e-01
4.468000e-05	-2.714736e-03	5.568399e-01
4.469000e-05	-2.386245e-03	4.947869e-01
4.470000e-05	-2.046475e-03	4.430780e-01
4.471000e-05	-1.326284e-03	4.415751e-01
4.472000e-05	-2.681036e-03	4.204725e-01
4.473000e-05	-2.222352e-03	3.699699e-01
4.474000e-05	-1.340715e-03	3.159097e-01
4.475000e-05	-2.904841e-03	3.137541e-01
4.476000e-05	-2.990103e-03	2.710415e-01
4.477000e-05	-3.313288e-03	1.778872e-01
4.478000e-05	-2.375699e-03	1.232597e-01
4.479000e-05	-3.998790e-03	2.252664e-02
4.480000e-05	-2.853673e-03	2.002513e-02
4.481000e-05	-2.729601e-03	-1.003013e-02
4.482000e-05	-1.725463e-03	-7.255902e-02
4.483000e-05	-1.537747e-03	-4.471315e-02
4.484000e-05	-6.533431e-04	-1.168671e-01
4.485000e-05	-1.342350e-03	-1.694196e-01
4.486000e-05	-2.180226e-03	-1.905249e-01
4.487000e-05	-3.283722e-03	-2.710577e-01
4.488000e-05	2.984701e-04	-2.831841e-01
4.489000e-05	2.305965e-03	-3.143405e-01
4.490000e-05	1.828659e-02	-3.884209e-01
4.491000e-05	1.169748e-02	-3.794974e-01
4.492000e-05	-4.937873e-02	-4.315338e-01
4.493000e-05	-1.639838e-02	-4.216265e-01
4.494000e-05	1.340001e-02	-4.626370e-01
4.495000e-05	4.115753e-02	-4.746758e-01
4.496000e-05	-2.098031e-02	-5.820060e-01
4.497000e-05	-2.283078e-02	-6.540618e-01
4.498000e-05	6.100125e-02	-7.432455e-01
4.499000e-05	-7.162277e-03	-7.377986e-01
4.500000e-05	-1.582205e-02	-7.895486e-01
4.501000e-05	-2.785967e-02	-8.194752e-01
4.502000e-05	2.026651e-02	-8.416078e-01
4.503000e-05	-1.812341e-02	-8.757167e-01
4.504000e-05	8.043184e-03	-9.383659e-01
4.505000e-05	1.747013e-02	-9.469035e-01
4.506000e-05	-6.702698e-02	-9.805288e-01
4.507000e-05	6.366489e-03	-1.042615e+00
4.508000e-05	4.793005e-02	-1.073739e+00
4.509000e-05	-1.935299e-02	-1.086791e+00
4.510000e-05	-4.053591e-02	-1.159400e+00
4.511000e-05	5.151126e-02	-1.211458e+00
4.512000e-05	3.159556e-02	-1.242689e+00
4.513000e-05	-5.001216e-02	-1.316242e+00
4.514000e-05	-2.479258e-02	-1.348358e+00
4.515000e-05	2.911994e-02	-1.443588e+00
4.516000e-05	7.264617e-03	-1.496296e+00
4.517000e-05	-2.494918e-02	-1.538395e+00
4.518000e-05	-2.179484e-02	-1.588451e+00
4.519000e-05	1.418478e-02	-1.610049e+00
4.520000e-05	1.861144e-02	-1.642557e+00
4.521000e-05	-3.310141e-02	-1.653234e+00
4.522000e-05	-2.063328e-02	-1.705717e+00
4.523000e-05	1.995490e-02	-1.758870e+00
4.524000e-05	3.026694e-03	-1.758949e+00
4.525000e-05	-1.922278e-02	-1.810555e+00
4.526000e-05	-1.130716e-02	-1.871559e+00
4.527000e-05	-4.515564e-06	-1.906664e+00
4.528000e-05	7.046202e-03	-1.906870e+00
4.529000e-05	-1.557461e-02	-1.947896e+00
4.530000e-05	-2.192895e-02	-1.979925e+00
4.531000e-05	6.857537e-03	-1.999002e+00
4.532000e-05	5.342228e-03	-2.020555e+00
4.533000e-05	-1.365265e-02	-2.021607e+00
4.534000e-05	-1.550883e-02	-2.054213e+00
4.535000e-05	-1.857444e-03	-2.167375e+00
4.536000e-05	6.548767e-03	-2.190076e+00
4.537000e-05	-1.150071e-02	-2.243638e+00
4.538000e-05	-1.895431e-02	-2.345795e+00
4.539000e-05	-7.290679e-04	-2.368850e+00
4.540000e-05	4.404620e-03	-2.389449e+00
4.541000e-05	-1.236969e-02	-2.390475e+00
4.542000e-05	-1.585560e-02	-2.411606e+00
4.543000e-05	-4.991491e-03	-2.432080e+00
4.544000e-05	6.196410e-03	-2.464192e+00
4.545000e-05	-1.074795e-02	-2.516820e+00
4.546000e-05	-1.740802e-02	-2.537298e+00
4.547000e-05	-2.795386e-03	-2.599425e+00
4.548000e-05	1.912536e-05	-2.631527e+00
4.549000e-05	-9.168860e-03	-2.612605e+00
4.550000e-05	-1.715315e-02	-2.684164e+00
4.551000e-05	-6.068409e-03	-2.686716e+00
4.552000e-05	1.878884e-03	-2.756795e+00
4.553000e-05	-9.341635e-03	-2.757445e+00
4.554000e-05	-1.569823e-02	-2.788897e+00
4.555000e-05	-5.534750e-03	-2.800001e+00
4.556000e-05	-1.806433e-03	-2.841005e+00
4.557000e-05	-7.964367e-03	-2.811580e+00
4.558000e-05	-1.616800e-02	-2.815134e+00
4.559000e-05	-8.190304e-03	-2.864214e+00
4.560000e-05	-2.433196e-03	-2.937321e+00
4.561000e-05	-9.109809e-03	-2.960298e+00
4.562000e-05	-1.429833e-02	-3.032402e+00
4.563000e-05	-8.923780e-03	-3.082186e+00
4.564000e-05	-3.230631e-03	-3.105819e+00
4.565000e-05	-6.924347e-03	-3.158795e+00
4.566000e-05	-1.478956e-02	-3.179394e+00
4.567000e-05	-9.687593e-03	-3.178422e+00
4.568000e-05	-5.447264e-03	-3.181001e+00
4.569000e-05	-9.715894e-03	-3.211001e+00
4.570000e-05	-1.490789e-02	-3.221529e+00
4.571000e-05	-1.129763e-02	-3.262583e+00
4.572000e-05	-3.635846e-03	-3.284692e+00
4.573000e-05	-7.411156e-03	-3.313189e+00
4.574000e-05	-1.418284e-02	-3.295772e+00
4.575000e-05	-1.247748e-02	-3.347315e+00
4.576000e-05	-6.241753e-03	-3.357871e+00
4.577000e-05	-7.722827e-03	-3.348450e+00
4.578000e-05	-1.554632e-02	-3.400974e+00
4.579000e-05	-1.395880e-02	-3.441006e+00
4.580000e-05	-7.809310e-03	-3.432083e+00
4.581000e-05	-9.385747e-03	-3.432161e+00
4.582000e-05	-1.469325e-02	-3.483787e+00
4.583000e-05	-1.415114e-02	-3.504643e+00
4.584000e-05	-7.578398e-03	-3.493767e+00
4.585000e-05	-8.736199e-03	-3.506793e+00
4.586000e-05	-1.382749e-02	-3.557795e+00
4.587000e-05	-1.477109e-02	-3.557899e+00
4.588000e-05	-1.134320e-02	-3.589475e+00
4.589000e-05	-1.034564e-02	-3.599448e+00
4.590000e-05	-1.449875e-02	-3.589450e+00
4.591000e-05	-1.422832e-02	-3.600500e+00
4.592000e-05	-1.092328e-02	-3.620526e+00
4.593000e-05	-1.029933e-02	-3.610528e+00
4.594000e-05	-1.354580e-02	-3.611529e+00
4.595000e-05	-1.398777e-02	-3.612553e+00
4.596000e-05	-1.193997e-02	-3.652035e+00
4.597000e-05	-1.174325e-02	-3.674105e+00
4.598000e-05	-1.426111e-02	-3.653179e+00
4.599000e-05	-1.519205e-02	-3.696643e+00
4.600000e-05	-1.420975e-02	-3.724187e+00
4.601000e-05	-1.256470e-02	-3.727819e+00
4.602000e-05	-1.441386e-02	-3.727295e+00
4.603000e-05	-1.555166e-02	-3.747318e+00
4.604000e-05	-1.402164e-02	-3.787375e+00
4.605000e-05	-1.281293e-02	-3.802024e+00
4.606000e-05	-1.490785e-02	-3.780034e+00
4.607000e-05	-1.628632e-02	-3.901455e+00
4.608000e-05	-1.552850e-02	-3.813585e+00
4.609000e-05	-1.504873e-02	-3.864053e+00
4.610000e-05	-1.589100e-02	-3.864137e+00
4.611000e-05	-1.783747e-02	-3.865037e+00
4.612000e-05	-1.624772e-02	-3.893082e+00
4.613000e-05	-1.419323e-02	-3.905766e+00
4.614000e-05	-1.653295e-02	-3.955340e+00
4.615000e-05	-1.676102e-02	-3.926764e+00
4.616000e-05	-1.768395e-02	-3.866289e+00
4.617000e-05	-1.650089e-02	-3.905266e+00
4.618000e-05	-1.855507e-02	-3.938920e+00
4.619000e-05	-1.977517e-02	-3.926211e+00
4.620000e-05	-1.919444e-02	-3.956318e+00
4.621000e-05	-1.772312e-02	-3.925793e+00
4.622000e-05	-1.852833e-02	-3.937342e+00
4.623000e-05	-1.910905e-02	-3.958390e+00
4.624000e-05	-1.916054e-02	-3.926843e+00
4.625000e-05	-1.895800e-02	-3.948392e+00
4.626000e-05	-1.968264e-02	-3.925742e+00
4.627000e-05	-2.055161e-02	-3.946318e+00
4.628000e-05	-2.103569e-02	-3.947790e+00
4.629000e-05	-2.027025e-02	-3.937395e+00
4.630000e-05	-2.071460e-02	-3.918416e+00
4.631000e-05	-2.125639e-02	-3.926814e+00
4.632000e-05	-2.223212e-02	-3.956366e+00
4.633000e-05	-2.113185e-02	-3.936338e+00
4.634000e-05	-2.140044e-02	-3.924817e+00
4.635000e-05	-2.139587e-02	-3.926336e+00
4.636000e-05	-2.155017e-02	-3.864736e+00
4.637000e-05	-2.121626e-02	-3.894181e+00
4.638000e-05	-2.056548e-02	-3.915712e+00
4.639000e-05	-2.113562e-02	-3.853630e+00
4.640000e-05	-2.196991e-02	-3.855053e+00
4.641000e-05	-2.265289e-02	-3.901677e+00
4.642000e-05	-2.141805e-02	-3.860033e+00
4.643000e-05	-2.259043e-02	-3.860422e+00
4.644000e-05	-2.146947e-02	-3.790500e+00
4.645000e-05	-2.112220e-02	-3.839493e+00
4.646000e-05	-1.939791e-02	-3.749345e+00
4.647000e-05	-2.022023e-02	-3.764862e+00
4.648000e-05	-2.139637e-02	-3.736315e+00
4.649000e-05	-2.130595e-02	-3.693815e+00
4.650000e-05	-2.105594e-02	-3.703082e+00
4.651000e-05	-2.147639e-02	-3.641734e+00
4.652000e-05	-2.048118e-02	-3.703182e+00
4.653000e-05	-2.008122e-02	-3.662080e+00
4.654000e-05	-1.862773e-02	-3.612052e+00
4.655000e-05	-1.809144e-02	-3.621529e+00
4.656000e-05	-1.824159e-02	-3.610579e+00
4.657000e-05	-1.889151e-02	-3.600499e+00
4.658000e-05	-1.841070e-02	-3.600476e+00
4.659000e-05	-1.936092e-02	-3.599498e+00
4.660000e-05	-1.923170e-02	-3.589496e+00
4.661000e-05	-1.878992e-02	-3.558448e+00
4.662000e-05	-1.707548e-02	-3.577944e+00
4.663000e-05	-1.681678e-02	-3.548321e+00
4.664000e-05	-1.647705e-02	-3.567818e+00
4.665000e-05	-1.629321e-02	-3.515313e+00
4.666000e-05	-1.539640e-02	-3.504736e+00
4.667000e-05	-1.563011e-02	-3.454755e+00
4.668000e-05	-1.583313e-02	-3.463033e+00
4.669000e-05	-1.707386e-02	-3.452603e+00
4.670000e-05	-1.611014e-02	-3.390953e+00
4.671000e-05	-1.537752e-02	-3.410449e+00
4.672000e-05	-1.538292e-02	-3.368873e+00
4.673000e-05	-1.430786e-02	-3.377816e+00
4.674000e-05	-1.276565e-02	-3.315890e+00
4.675000e-05	-1.292645e-02	-3.293259e+00
4.676000e-05	-1.349293e-02	-3.275161e+00
4.677000e-05	-1.436664e-02	-3.221634e+00
4.678000e-05	-1.349824e-02	-3.242575e+00
4.679000e-05	-1.339022e-02	-3.211502e+00
4.680000e-05	-1.428028e-02	-3.201423e+00
4.681000e-05	-1.322324e-02	-3.190499e+00
4.682000e-05	-1.226237e-02	-3.188996e+00
4.683000e-05	-1.163714e-02	-3.176861e+00
4.684000e-05	-1.192570e-02	-3.107788e+00
4.685000e-05	-1.160104e-02	-3.063738e+00
4.686000e-05	-1.127424e-02	-3.052625e+00
4.687000e-05	-1.142059e-02	-3.009870e+00
4.688000e-05	-1.198730e-02	-2.975945e+00
4.689000e-05	-1.168209e-02	-2.925736e+00
4.690000e-05	-1.244208e-02	-2.924185e+00
4.691000e-05	-1.095944e-02	-2.832053e+00
4.692000e-05	-1.053083e-02	-2.841080e+00
4.693000e-05	-1.153995e-02	-2.790025e+00
4.694000e-05	-9.712031e-03	-2.790474e+00
4.695000e-05	-9.548541e-03	-2.787997e+00
4.696000e-05	-1.047352e-02	-2.778439e+00
4.697000e-05	-1.081670e-02	-2.736919e+00
4.698000e-05	-1.016766e-02	-2.753633e+00
4.699000e-05	-9.442268e-03	-2.642758e+00
4.700000e-05	-9.642159e-03	-2.601023e+00
4.701000e-05	-9.819698e-03	-2.599998e+00
4.702000e-05	-1.034340e-02	-2.568892e+00
4.703000e-05	-8.954418e-03	-2.586841e+00
4.704000e-05	-9.628835e-03	-2.504187e+00
4.705000e-05	-8.852327e-03	-2.464653e+00
4.706000e-05	-7.516397e-03	-2.461100e+00
4.707000e-05	-8.218343e-03	-2.411028e+00
4.708000e-05	-6.639296e-03	-2.408975e+00
4.709000e-05	-9.740992e-03	-2.358945e+00
4.710000e-05	-8.108439e-03	-2.358369e+00
4.711000e-05	-1.088167e-02	-2.267210e+00
4.712000e-05	-8.550542e-03	-2.271699e+00
4.713000e-05	-8.821274e-03	-2.169573e+00
4.714000e-05	-6.383669e-03	-2.197337e+00
4.715000e-05	-7.794646e-03	-2.144136e+00
4.716000e-05	-6.060648e-03	-2.042629e+00
4.717000e-05	-6.578372e-03	-2.011601e+00
4.718000e-05	-7.056194e-03	-2.010524e+00
4.719000e-05	-8.919476e-03	-1.988974e+00
4.720000e-05	-8.282240e-03	-1.967441e+00
4.721000e-05	-7.057919e-03	-1.936787e+00
4.722000e-05	-7.035973e-03	-1.872704e+00
4.723000e-05	-6.793453e-03	-1.881604e+00
4.724000e-05	-6.752579e-03	-1.800002e+00
4.725000e-05	-4.672214e-03	-1.798948e+00
4.726000e-05	-6.496601e-03	-1.745917e+00
4.727000e-05	-5.632282e-03	-1.705810e+00
4.728000e-05	-6.797271e-03	-1.683707e+00
4.729000e-05	-5.995018e-03	-1.641550e+00
4.730000e-05	-7.008801e-03	-1.601548e+00
4.731000e-05	-6.913459e-03	-1.579995e+00
4.732000e-05	-5.821537e-03	-1.578869e+00
4.733000e-05	-6.067384e-03	-1.467816e+00
4.734000e-05	-5.574668e-03	-1.432675e+00
4.735000e-05	-5.119558e-03	-1.458815e+00
4.736000e-05	-4.515411e-03	-1.284358e+00
4.737000e-05	-4.671399e-03	-1.253584e+00
4.738000e-05	-5.629577e-03	-1.230575e+00
4.739000e-05	-6.498090e-03	-1.188950e+00
4.740000e-05	-5.479587e-03	-1.137415e+00
4.741000e-05	-6.098998e-03	-1.104740e+00
4.742000e-05	-4.828668e-03	-1.032707e+00
4.743000e-05	-5.482702e-03	-1.061077e+00
4.744000e-05	-3.654716e-03	-1.009443e+00
4.745000e-05	-4.912695e-03	-9.459137e-01
4.746000e-05	-4.881602e-03	-9.352870e-01
4.747000e-05	-4.601249e-03	-8.837317e-01
4.748000e-05	-4.229582e-03	-8.820003e-01
4.749000e-05	-4.100684e-03	-7.800264e-01
4.750000e-05	-5.295957e-03	-8.094713e-01
4.751000e-05	-5.569964e-03	-7.669398e-01
4.752000e-05	-5.037364e-03	-7.357359e-01
4.753000e-05	-4.447785e-03	-6.238232e-01
4.754000e-05	-3.954701e-03	-6.094464e-01
4.755000e-05	-4.715751e-03	-5.558071e-01
4.756000e-05	-2.412041e-03	-4.746279e-01
4.757000e-05	-3.551808e-03	-4.315529e-01
4.758000e-05	-3.015443e-03	-4.000263e-01
4.759000e-05	-4.524460e-03	-3.884751e-01
4.760000e-05	-3.820214e-03	-3.678635e-01
4.761000e-05	-3.815149e-03	-3.247618e-01
4.762000e-05	-4.327612e-03	-2.536342e-01
4.763000e-05	-4.417683e-03	-2.111016e-01
4.764000e-05	-3.106795e-03	-1.699761e-01
4.765000e-05	-3.306115e-03	-1.473435e-01
4.766000e-05	-2.218154e-03	-1.043157e-01
4.767000e-05	-2.451046e-03	-9.368297e-02
4.768000e-05	-1.389649e-03	-3.157650e-02
4.769000e-05	-1.317930e-03	-2.097631e-02
4.770000e-05	-1.821448e-03	2.000126e-02
4.771000e-05	-3.667908e-03	2.255895e-02
4.772000e-05	-2.194987e-03	1.257179e-01
4.773000e-05	-1.655456e-03	1.483507e-01
4.774000e-05	2.852294e-03	2.411101e-01
4.775000e-05	1.134567e-02	3.063394e-01
4.776000e-05	1.249545e-02	3.379196e-01
4.777000e-05	-1.032533e-02	3.989974e-01
4.778000e-05	-5.166225e-02	4.105012e-01
4.779000e-05	5.661543e-03	4.120590e-01
4.780000e-05	3.755857e-02	4.536338e-01
4.781000e-05	-4.103660e-03	4.957667e-01
4.782000e-05	-3.648282e-02	5.758221e-01
4.783000e-05	3.845940e-03	5.789760e-01
4.784000e-05	5.351791e-02	6.535802e-01
4.785000e-05	-1.751965e-02	6.831841e-01
4.786000e-05	-2.883868e-02	7.047193e-01
4.787000e-05	1.191584e-02	7.383948e-01
4.788000e-05	-1.074565e-02	7.685012e-01
4.789000e-05	1.582428e-02	8.000263e-01
4.790000e-05	1.222494e-02	8.325865e-01
4.791000e-05	-2.835329e-02	8.947616e-01
4.792000e-05	-1.775057e-02	9.283009e-01
4.793000e-05	2.822170e-02	9.700312e-01
4.794000e-05	2.732397e-02	1.042615e+00
4.795000e-05	-5.701947e-02	1.127816e+00
4.796000e-05	-3.134194e-03	1.188422e+00
4.797000e-05	5.149057e-02	1.200954e+00
4.798000e-05	-3.023051e-03	1.243061e+00
4.799000e-05	-3.565868e-02	1.316287e+00
4.800000e-05	-2.502034e-03	1.347842e+00
4.801000e-05	2.826819e-02	1.378020e+00
4.802000e-05	-3.168851e-04	1.431514e+00
4.803000e-05	-1.827208e-02	1.494239e+00
4.804000e-05	-4.284485e-03	1.533271e+00
4.805000e-05	2.430796e-02	1.599944e+00
4.806000e-05	2.555800e-03	1.622536e+00
4.807000e-05	-1.583724e-02	1.673213e+00
4.808000e-05	-3.194772e-03	1.696769e+00
4.809000e-05	1.263993e-02	1.715888e+00
4.810000e-05	5.193953e-03	1.779372e+00
4.811000e-05	-8.561510e-03	1.788955e+00
4.812000e-05	-4.556645e-03	1.852128e+00
4.813000e-05	7.201369e-03	1.882160e+00
4.814000e-05	1.015856e-02	1.898288e+00
4.815000e-05	-8.457612e-03	1.948348e+00
4.816000e-05	-3.570431e-03	2.009470e+00
4.817000e-05	1.037063e-02	1.999476e+00
4.818000e-05	8.086230e-03	2.021579e+00
4.819000e-05	-5.587080e-03	2.042061e+00
4.820000e-05	-4.854682e-03	2.104237e+00
4.821000e-05	7.435234e-03	2.135292e+00
4.822000e-05	7.014739e-03	2.177821e+00
4.823000e-05	-4.467364e-03	2.168475e+00
4.824000e-05	-3.870965e-03	2.220554e+00
4.825000e-05	8.052468e-03	2.242110e+00
4.826000e-05	7.497689e-03	2.284213e+00
4.827000e-05	-2.701166e-03	2.297267e+00
4.828000e-05	-3.322326e-03	2.337946e+00
4.829000e-05	7.698480e-03	2.358872e+00
4.830000e-05	7.233356e-03	2.398975e+00
4.831000e-05	-3.777377e-03	2.409478e+00
4.832000e-05	-2.558192e-03	2.421110e+00
4.833000e-05	6.245502e-03	2.474134e+00
4.834000e-05	7.774162e-03	2.506313e+00
4.835000e-05	-2.065443e-03	2.589222e+00
4.836000e-05	-9.225246e-04	2.643533e+00
4.837000e-05	6.833103e-03	2.714113e+00
4.838000e-05	7.804610e-03	2.686291e+00
4.839000e-05	-2.867587e-04	2.768321e+00
4.840000e-05	-2.303640e-03	2.749449e+00
4.841000e-05	5.329192e-03	2.799475e+00
4.842000e-05	7.194157e-03	2.811001e+00
4.843000e-05	9.828082e-05	2.800604e+00
4.844000e-05	-4.549171e-04	2.830638e+00
4.845000e-05	5.329406e-03	2.883638e+00
4.846000e-05	8.854960e-03	2.885762e+00
4.847000e-05	2.792582e-03	2.946819e+00
4.848000e-05	-4.851012e-04	2.967370e+00
4.849000e-05	6.049352e-03	2.990525e+00
4.850000e-05	7.572956e-03	2.999999e+00
4.851000e-05	3.036347e-03	3.020501e+00
4.852000e-05	1.152628e-04	3.031606e+00
4.853000e-05	4.912340e-03	3.064288e+00
4.854000e-05	8.256701e-03	3.102263e+00
4.855000e-05	4.230629e-03	3.076237e+00
4.856000e-05	1.143630e-03	3.136817e+00
4.857000e-05	5.824513e-03	3.157845e+00
4.858000e-05	8.891398e-03	3.178447e+00
4.859000e-05	5.001337e-03	3.188471e+00
4.860000e-05	2.014197e-03	3.222521e+00
4.861000e-05	4.083113e-03	3.210053e+00
4.862000e-05	7.463057e-03	3.241555e+00
4.863000e-05	5.563287e-03	3.261080e+00
4.864000e-05	2.275706e-03	3.272130e+00
4.865000e-05	6.064529e-03	3.304164e+00
4.866000e-05	9.401320e-03	3.326844e+00
4.867000e-05	6.738296e-03	3.377364e+00
4.868000e-05	4.095170e-03	3.359347e+00
4.869000e-05	6.320210e-03	3.433510e+00
4.870000e-05	9.905906e-03	3.463432e+00
4.871000e-05	6.164656e-03	3.492137e+00
4.872000e-05	4.413897e-03	3.516117e+00
4.873000e-05	5.594157e-03	3.545817e+00
4.874000e-05	9.530945e-03	3.586391e+00
4.875000e-05	7.317713e-03	3.549899e+00
4.876000e-05	6.146735e-03	3.569449e+00
4.877000e-05	6.214136e-03	3.599974e+00
4.878000e-05	1.047374e-02	3.600000e+00
4.879000e-05	8.239294e-03	3.609976e+00
4.880000e-05	6.353925e-03	3.620528e+00
4.881000e-05	7.171436e-03	3.640549e+00
4.882000e-05	9.759030e-03	3.620076e+00
4.883000e-05	7.877591e-03	3.631004e+00
4.884000e-05	7.135136e-03	3.621557e+00
4.885000e-05	7.270626e-03	3.661608e+00
4.886000e-05	1.102519e-02	3.652134e+00
4.887000e-05	9.848416e-03	3.684182e+00
4.888000e-05	8.932167e-03	3.695212e+00
4.889000e-05	9.366897e-03	3.694211e+00
4.890000e-05	1.150502e-02	3.705367e+00
4.891000e-05	9.921668e-03	3.755214e+00
4.892000e-05	7.609755e-03	3.714289e+00
4.893000e-05	9.027328e-03	3.744743e+00
4.894000e-05	1.189551e-02	3.737815e+00
4.895000e-05	1.096394e-02	3.756946e+00
4.896000e-05	1.150535e-02	3.748848e+00
4.897000e-05	1.049320e-02	3.787371e+00
4.898000e-05	1.333240e-02	3.748446e+00
4.899000e-05	1.192702e-02	3.787924e+00
4.900000e-05	1.160471e-02	3.779396e+00
4.901000e-05	1.022428e-02	3.758919e+00
4.902000e-05	1.282711e-02	3.789446e+00
4.903000e-05	1.288522e-02	3.767945e+00
4.904000e-05	1.231107e-02	3.778874e+00
4.905000e-05	1.240998e-02	3.789971e+00
4.906000e-05	1.516401e-02	3.778926e+00
4.907000e-05	1.489968e-02	3.769476e+00
4.908000e-05	1.488951e-02	3.789922e+00
4.909000e-05	1.269611e-02	3.779444e+00
4.910000e-05	1.509526e-02	3.789473e+00
4.911000e-05	1.528058e-02	3.779500e+00
4.912000e-05	1.392371e-02	3.760448e+00
4.913000e-05	1.435055e-02	3.778424e+00
4.914000e-05	1.513936e-02	3.788396e+00
4.915000e-05	1.639914e-02	3.748972e+00
4.916000e-05	1.616125e-02	3.786926e+00
4.917000e-05	1.672550e-02	3.788897e+00
4.918000e-05	1.749763e-02	3.778417e+00
4.919000e-05	1.773290e-02	3.756399e+00
4.920000e-05	1.633237e-02	3.748367e+00
4.921000e-05	1.470586e-02	3.797841e+00
4.922000e-05	1.534108e-02	3.717343e+00
4.923000e-05	1.561883e-02	3.754265e+00
4.924000e-05	1.640254e-02	3.737366e+00
4.925000e-05	1.527738e-02	3.726190e+00
4.926000e-05	1.768877e-02	3.745337e+00
4.927000e-05	1.782303e-02	3.674233e+00
4.928000e-05	1.706428e-02	3.724182e+00
4.929000e-05	1.499223e-02	3.704688e+00
4.930000e-05	1.449386e-02	3.673682e+00
4.931000e-05	1.575367e-02	3.673108e+00
4.932000e-05	1.427552e-02	3.611680e+00
4.933000e-05	1.482566e-02	3.651557e+00
4.934000e-05	1.466045e-02	3.631152e+00
4.935000e-05	1.603829e-02	3.610529e+00
4.936000e-05	1.541096e-02	3.621528e+00
4.937000e-05	1.380420e-02	3.610526e+00
4.938000e-05	1.410292e-02	3.600501e+00
4.939000e-05	1.439564e-02	3.600050e+00
4.940000e-05	1.331959e-02	3.600000e+00
4.941000e-05	1.294666e-02	3.598398e+00
4.942000e-05	1.268719e-02	3.599972e+00
4.943000e-05	1.381944e-02	3.538920e+00
4.944000e-05	1.272108e-02	3.549447e+00
4.945000e-05	1.217955e-02	3.546321e+00
4.946000e-05	1.207663e-02	3.545766e+00
4.947000e-05	1.269644e-02	3.475161e+00
4.948000e-05	1.194837e-02	3.474709e+00
4.949000e-05	1.168783e-02	3.453075e+00
4.950000e-05	1.209189e-02	3.379973e+00
4.951000e-05	1.122546e-02	3.398945e+00
4.952000e-05	9.532311e-03	3.337262e+00
4.953000e-05	1.109514e-02	3.305263e+00
4.954000e-05	8.949044e-03	3.304683e+00
4.955000e-05	9.377085e-03	3.211109e+00
4.956000e-05	9.290854e-03	3.302051e+00
4.957000e-05	1.057512e-02	3.200025e+00
4.958000e-05	1.019256e-02	3.190025e+00
4.959000e-05	9.147035e-03	3.199424e+00
4.960000e-05	8.968716e-03	3.179025e+00
4.961000e-05	8.074817e-03	3.158466e+00
4.962000e-05	7.339791e-03	3.167866e+00
4.963000e-05	6.600241e-03	3.147313e+00
4.964000e-05	6.711380e-03	3.094236e+00
4.965000e-05	8.221456e-03	3.064182e+00
4.966000e-05	6.491898e-03	3.074102e+00
4.967000e-05	9.009085e-03	3.010598e+00
4.968000e-05	7.357519e-03	3.019422e+00
4.969000e-05	7.346028e-03	2.988974e+00
4.970000e-05	5.940510e-03	2.967917e+00
4.971000e-05	5.390018e-03	2.986343e+00
4.972000e-05	5.126326e-03	2.894733e+00
4.973000e-05	5.211922e-03	2.883131e+00
4.974000e-05	4.640793e-03	2.853179e+00
4.975000e-05	5.052944e-03	2.830526e+00
4.976000e-05	6.378347e-03	2.811025e+00
4.977000e-05	5.956257e-03	2.799975e+00
4.978000e-05	4.757090e-03	2.778922e+00
4.979000e-05	5.146861e-03	2.788446e+00
4.980000e-05	5.388969e-03	2.758391e+00
4.981000e-05	4.252047e-03	2.713756e+00
4.982000e-05	3.555952e-03	2.671778e+00
4.983000e-05	3.082801e-03	2.630598e+00
4.984000e-05	3.918244e-03	2.577815e+00
4.985000e-05	4.174448e-03	2.562258e+00
4.986000e-05	4.728252e-03	2.434079e+00
4.987000e-05	4.463700e-03	2.440603e+00
4.988000e-05	4.666117e-03	2.420502e+00
4.989000e-05	4.072095e-03	2.388471e+00
4.990000e-05	2.348396e-03	2.327396e+00
4.991000e-05	2.488191e-03	2.354910e+00
4.992000e-05	2.422064e-03	2.313682e+00
4.993000e-05	2.454950e-03	2.272179e+00
4.994000e-05	3.123090e-03	2.221474e+00
4.995000e-05	2.595306e-03	2.189575e+00
4.996000e-05	2.493708e-03	2.179442e+00
4.997000e-05	2.779948e-03	2.145865e+00
4.998000e-05	3.154240e-03	2.073736e+00
4.999000e-05	2.631396e-03	2.073627e+00
