# 260928_12:38:30.101541
t	CH1	CH2
0.000000e+00	-8.382656e-03	-2.834027e+00
1.000000e-08	-1.855932e-02	-2.832609e+00
2.000000e-08	-2.741807e-03	-2.845110e+00
3.000000e-08	-3.907579e-03	-2.895187e+00
4.000000e-08	-8.215909e-03	-2.986772e+00
5.000000e-08	-1.684182e-02	-3.020775e+00
6.000000e-08	-7.011672e-03	-3.061990e+00
7.000000e-08	-4.025680e-03	-3.075165e+00
8.000000e-08	-9.265819e-03	-3.146892e+00
9.000000e-08	-1.621157e-02	-3.187897e+00
1.000000e-07	-7.694871e-03	-3.138450e+00
1.100000e-07	-6.042380e-03	-3.179975e+00
1.200000e-07	-8.003855e-03	-3.190450e+00
1.300000e-07	-1.582444e-02	-3.212028e+00
1.400000e-07	-9.573924e-03	-3.212105e+00
1.500000e-07	-3.938462e-03	-3.284035e+00
1.600000e-07	-1.042320e-02	-3.254737e+00
1.700000e-07	-1.473192e-02	-3.325316e+00
1.800000e-07	-1.210724e-02	-3.373721e+00
1.900000e-07	-5.389212e-03	-3.317388e+00
2.000000e-07	-1.026630e-02	-3.387850e+00
2.100000e-07	-1.555074e-02	-3.399576e+00
2.200000e-07	-1.217776e-02	-3.399951e+00
2.300000e-07	-5.650945e-03	-3.402005e+00
2.400000e-07	-1.009716e-02	-3.462003e+00
2.500000e-07	-1.471441e-02	-3.473155e+00
2.600000e-07	-1.396840e-02	-3.465209e+00
2.700000e-07	-7.372217e-03	-3.514767e+00
2.800000e-07	-1.048710e-02	-3.546242e+00
2.900000e-07	-1.467523e-02	-3.565895e+00
3.000000e-07	-1.425067e-02	-3.559449e+00
3.100000e-07	-8.089411e-03	-3.549974e+00
3.200000e-07	-9.934409e-03	-3.608973e+00
3.300000e-07	-1.613152e-02	-3.599875e+00
3.400000e-07	-1.457571e-02	-3.600476e+00
3.500000e-07	-9.211818e-03	-3.600506e+00
3.600000e-07	-1.025839e-02	-3.610503e+00
3.700000e-07	-1.399734e-02	-3.620453e+00
3.800000e-07	-1.569823e-02	-3.669480e+00
3.900000e-07	-1.079157e-02	-3.631554e+00
4.000000e-07	-1.081553e-02	-3.632207e+00
4.100000e-07	-1.635602e-02	-3.675687e+00
4.200000e-07	-1.606901e-02	-3.673737e+00
4.300000e-07	-1.222590e-02	-3.727284e+00
4.400000e-07	-1.109887e-02	-3.696220e+00
4.500000e-07	-1.602998e-02	-3.787751e+00
4.600000e-07	-1.651141e-02	-3.767399e+00
4.700000e-07	-1.326968e-02	-3.798430e+00
4.800000e-07	-1.241412e-02	-3.809905e+00
4.900000e-07	-1.704223e-02	-3.781475e+00
5.000000e-07	-1.757226e-02	-3.864028e+00
5.100000e-07	-1.479597e-02	-3.822656e+00
5.200000e-07	-1.271004e-02	-3.873009e+00
5.300000e-07	-1.676671e-02	-3.903257e+00
5.400000e-07	-1.797135e-02	-3.894110e+00
5.500000e-07	-1.581647e-02	-3.874188e+00
5.600000e-07	-1.366717e-02	-3.875715e+00
5.700000e-07	-1.706480e-02	-3.872863e+00
5.800000e-07	-1.948521e-02	-3.908688e+00
5.900000e-07	-1.789081e-02	-3.913315e+00
6.000000e-07	-1.462152e-02	-3.914842e+00
6.100000e-07	-1.872261e-02	-3.915846e+00
6.200000e-07	-1.941940e-02	-3.945743e+00
6.300000e-07	-1.878587e-02	-3.935367e+00
6.400000e-07	-1.752395e-02	-3.954814e+00
6.500000e-07	-1.912126e-02	-3.956395e+00
6.600000e-07	-2.100677e-02	-3.926843e+00
6.700000e-07	-1.941172e-02	-3.947795e+00
6.800000e-07	-1.846361e-02	-3.957318e+00
6.900000e-07	-1.966442e-02	-3.917920e+00
7.000000e-07	-2.112958e-02	-3.936375e+00
7.100000e-07	-2.143333e-02	-3.946343e+00
7.200000e-07	-2.077900e-02	-3.886845e+00
7.300000e-07	-1.911101e-02	-3.934343e+00
7.400000e-07	-2.177552e-02	-3.936269e+00
7.500000e-07	-2.146547e-02	-3.946843e+00
7.600000e-07	-2.117391e-02	-3.916339e+00
7.700000e-07	-2.143518e-02	-3.935312e+00
7.800000e-07	-2.191322e-02	-3.915317e+00
7.900000e-07	-2.291774e-02	-3.883664e+00
8.000000e-07	-2.207215e-02	-3.914384e+00
8.100000e-07	-2.025703e-02	-3.864213e+00
8.200000e-07	-2.063478e-02	-3.874189e+00
8.300000e-07	-2.107913e-02	-3.842133e+00
8.400000e-07	-2.244351e-02	-3.860113e+00
8.500000e-07	-2.160468e-02	-3.822654e+00
8.600000e-07	-2.108615e-02	-3.831051e+00
8.700000e-07	-2.166995e-02	-3.791525e+00
8.800000e-07	-2.296485e-02	-3.768976e+00
8.900000e-07	-1.981115e-02	-3.766920e+00
9.000000e-07	-2.031524e-02	-3.725495e+00
9.100000e-07	-1.996208e-02	-3.755799e+00
9.200000e-07	-2.238109e-02	-3.715316e+00
9.300000e-07	-2.035118e-02	-3.706809e+00
9.400000e-07	-1.981102e-02	-3.662606e+00
9.500000e-07	-1.951615e-02	-3.671632e+00
9.600000e-07	-2.071218e-02	-3.651056e+00
9.700000e-07	-1.968423e-02	-3.631102e+00
9.800000e-07	-1.833374e-02	-3.611080e+00
9.900000e-07	-1.862344e-02	-3.611003e+00
1.000000e-06	-1.953816e-02	-3.621025e+00
1.010000e-06	-1.967397e-02	-3.599000e+00
1.020000e-06	-1.672691e-02	-3.588999e+00
1.030000e-06	-1.782128e-02	-3.598474e+00
1.040000e-06	-1.892500e-02	-3.598974e+00
1.050000e-06	-1.886810e-02	-3.537471e+00
1.060000e-06	-1.628353e-02	-3.558919e+00
1.070000e-06	-1.637451e-02	-3.526346e+00
1.080000e-06	-1.718198e-02	-3.545415e+00
1.090000e-06	-1.772552e-02	-3.463283e+00
1.100000e-06	-1.489078e-02	-3.462186e+00
1.110000e-06	-1.535414e-02	-3.454157e+00
1.120000e-06	-1.712428e-02	-3.452082e+00
1.130000e-06	-1.758261e-02	-3.401057e+00
1.140000e-06	-1.510807e-02	-3.399526e+00
1.150000e-06	-1.310597e-02	-3.368953e+00
1.160000e-06	-1.479288e-02	-3.347969e+00
1.170000e-06	-1.471092e-02	-3.316415e+00
1.180000e-06	-1.440831e-02	-3.384738e+00
1.190000e-06	-1.323555e-02	-3.255836e+00
1.200000e-06	-1.469080e-02	-3.241186e+00
1.210000e-06	-1.532884e-02	-3.232579e+00
1.220000e-06	-1.383970e-02	-3.221529e+00
1.230000e-06	-1.206472e-02	-3.221051e+00
1.240000e-06	-1.333774e-02	-3.180549e+00
1.250000e-06	-1.266202e-02	-3.167974e+00
1.260000e-06	-1.254868e-02	-3.136947e+00
1.270000e-06	-1.090689e-02	-3.127266e+00
1.280000e-06	-1.182203e-02	-3.115742e+00
1.290000e-06	-1.278068e-02	-3.033683e+00
1.300000e-06	-1.324974e-02	-3.000083e+00
1.310000e-06	-1.201249e-02	-2.988396e+00
1.320000e-06	-1.071778e-02	-2.886870e+00
1.330000e-06	-1.158144e-02	-2.852838e+00
1.340000e-06	-1.192645e-02	-2.852683e+00
1.350000e-06	-1.007275e-02	-2.831628e+00
1.360000e-06	-9.274550e-03	-2.810028e+00
1.370000e-06	-1.100888e-02	-2.800000e+00
1.380000e-06	-1.153700e-02	-2.787449e+00
1.390000e-06	-1.114734e-02	-2.748946e+00
1.400000e-06	-8.475821e-03	-2.736419e+00
1.410000e-06	-1.087219e-02	-2.693289e+00
1.420000e-06	-1.121556e-02	-2.693188e+00
1.430000e-06	-1.050279e-02	-2.650658e+00
1.440000e-06	-7.804916e-03	-2.599080e+00
1.450000e-06	-8.996296e-03	-2.588446e+00
1.460000e-06	-1.022238e-02	-2.557322e+00
1.470000e-06	-8.579328e-03	-2.493366e+00
1.480000e-06	-7.755607e-03	-2.533263e+00
1.490000e-06	-9.349588e-03	-2.431628e+00
1.500000e-06	-1.088369e-02	-2.421080e+00
1.510000e-06	-9.783006e-03	-2.410524e+00
1.520000e-06	-6.555095e-03	-2.369996e+00
1.530000e-06	-8.100593e-03	-2.337450e+00
1.540000e-06	-8.801893e-03	-2.317867e+00
1.550000e-06	-8.427849e-03	-2.272816e+00
1.560000e-06	-7.034682e-03	-2.220205e+00
1.570000e-06	-7.025619e-03	-2.128043e+00
1.580000e-06	-9.120753e-03	-2.113934e+00
1.590000e-06	-9.254008e-03	-2.082233e+00
1.600000e-06	-7.422650e-03	-2.010632e+00
1.610000e-06	-6.465113e-03	-2.000100e+00
1.620000e-06	-7.379577e-03	-1.970500e+00
1.630000e-06	-9.254476e-03	-1.949471e+00
1.640000e-06	-5.829070e-03	-1.937393e+00
1.650000e-06	-5.938341e-03	-1.943759e+00
1.660000e-06	-6.661558e-03	-1.862209e+00
1.670000e-06	-8.414676e-03	-1.810628e+00
1.680000e-06	-6.215551e-03	-1.779003e+00
1.690000e-06	-5.100154e-03	-1.728998e+00
1.700000e-06	-5.458704e-03	-1.724942e+00
1.710000e-06	-8.280084e-03	-1.663713e+00
1.720000e-06	-6.734347e-03	-1.641233e+00
1.730000e-06	-5.328818e-03	-1.629509e+00
1.740000e-06	-5.900634e-03	-1.600023e+00
1.750000e-06	-8.400608e-03	-1.548474e+00
1.760000e-06	-5.593044e-03	-1.536941e+00
1.770000e-06	-4.438679e-03	-1.461878e+00
1.780000e-06	-4.770883e-03	-1.356653e+00
1.790000e-06	-6.989890e-03	-1.305363e+00
1.800000e-06	-7.104125e-03	-1.282184e+00
1.810000e-06	-4.455104e-03	-1.222558e+00
1.820000e-06	-5.254504e-03	-1.199104e+00
1.830000e-06	-6.465827e-03	-1.167999e+00
1.840000e-06	-5.977447e-03	-1.115316e+00
1.850000e-06	-4.294062e-03	-1.063285e+00
1.860000e-06	-4.010330e-03	-1.021205e+00
1.870000e-06	-6.057842e-03	-9.995988e-01
1.880000e-06	-5.745448e-03	-9.589013e-01
1.890000e-06	-4.341010e-03	-9.169410e-01
1.900000e-06	-3.781658e-03	-8.848603e-01
1.910000e-06	-5.799588e-03	-8.211568e-01
1.920000e-06	-5.688408e-03	-8.000728e-01
1.930000e-06	-4.171527e-03	-7.705264e-01
1.940000e-06	-3.065140e-03	-7.974475e-01
1.950000e-06	-4.915652e-03	-7.338659e-01
1.960000e-06	-5.237468e-03	-6.922595e-01
1.970000e-06	-4.956903e-03	-6.096238e-01
1.980000e-06	-3.207800e-03	-5.164649e-01
1.990000e-06	-4.692049e-03	-4.732831e-01
2.000000e-06	-4.938065e-03	-4.507053e-01
2.010000e-06	-5.031202e-03	-4.006003e-01
2.020000e-06	-3.273908e-03	-3.589988e-01
2.030000e-06	-3.357070e-03	-3.289211e-01
2.040000e-06	-4.950516e-03	-3.243922e-01
2.050000e-06	-4.419006e-03	-2.442057e-01
2.060000e-06	-2.837011e-03	-2.206553e-01
2.070000e-06	-2.482106e-03	-2.205250e-01
2.080000e-06	-3.965737e-03	-1.570484e-01
2.090000e-06	-4.084642e-03	-1.258632e-01
2.100000e-06	-2.687328e-03	-5.381065e-02
2.110000e-06	-1.799867e-03	-2.155407e-03
2.120000e-06	-2.980893e-03	-2.519409e-05
2.130000e-06	-2.250570e-03	1.000244e-02
2.140000e-06	-2.092162e-03	4.300533e-02
2.150000e-06	-2.940481e-04	6.458315e-02
2.160000e-06	-1.301471e-03	1.662182e-01
2.170000e-06	4.112892e-06	2.219286e-01
2.180000e-06	1.409932e-02	2.860278e-01
2.190000e-06	2.155129e-02	3.662680e-01
2.200000e-06	-1.891311e-02	3.998935e-01
2.210000e-06	-4.918841e-02	4.204988e-01
2.220000e-06	3.463954e-03	4.105014e-01
2.230000e-06	3.080115e-02	4.520790e-01
2.240000e-06	1.640335e-02	5.056855e-01
2.250000e-06	-6.523430e-02	5.677171e-01
2.260000e-06	5.076897e-02	5.978949e-01
2.270000e-06	5.706146e-03	6.714740e-01
2.280000e-06	1.245849e-02	6.736555e-01
2.290000e-06	-2.818650e-02	7.161144e-01
2.300000e-06	-1.415022e-02	7.478446e-01
2.310000e-06	9.113235e-03	7.688198e-01
2.320000e-06	-1.652992e-03	8.110250e-01
2.330000e-06	4.009753e-02	8.509827e-01
2.340000e-06	-5.884746e-02	9.051070e-01
2.350000e-06	4.298834e-04	9.581879e-01
2.360000e-06	3.277677e-02	1.029221e+00
2.370000e-06	1.784121e-02	1.052879e+00
2.380000e-06	-6.220492e-02	1.126211e+00
2.390000e-06	1.627320e-02	1.218865e+00
2.400000e-06	2.743076e-02	1.219977e+00
2.410000e-06	1.760244e-02	1.232001e+00
2.420000e-06	-4.747851e-02	1.335661e+00
2.430000e-06	3.525962e-03	1.319290e+00
2.440000e-06	1.911088e-02	1.389342e+00
2.450000e-06	1.308467e-02	1.419949e+00
2.460000e-06	-2.882871e-02	1.483608e+00
2.470000e-06	-4.879735e-03	1.505213e+00
2.480000e-06	3.106722e-02	1.569394e+00
2.490000e-06	-4.418241e-03	1.660955e+00
2.500000e-06	-1.063362e-02	1.683007e+00
2.510000e-06	-9.070889e-03	1.664738e+00
2.520000e-06	1.976420e-02	1.776742e+00
2.530000e-06	-2.577657e-03	1.779321e+00
2.540000e-06	-4.656855e-04	1.799399e+00
2.550000e-06	-1.557897e-02	1.832028e+00
2.560000e-06	1.764548e-02	1.862532e+00
2.570000e-06	2.371524e-03	1.935241e+00
2.580000e-06	-3.253597e-03	1.928816e+00
2.590000e-06	-8.047121e-03	1.969425e+00
2.600000e-06	1.377612e-02	2.020474e+00
2.610000e-06	4.500692e-03	2.030529e+00
2.620000e-06	-4.959275e-03	2.041605e+00
2.630000e-06	-8.241466e-03	2.094587e+00
2.640000e-06	8.791069e-03	2.106741e+00
2.650000e-06	7.404949e-03	2.177690e+00
2.660000e-06	-3.365848e-03	2.179346e+00
2.670000e-06	-4.829891e-03	2.200004e+00
2.680000e-06	9.187164e-03	2.223052e+00
2.690000e-06	8.422207e-03	2.314604e+00
2.700000e-06	-5.997600e-03	2.337237e+00
2.710000e-06	-4.330213e-03	2.327316e+00
2.720000e-06	6.871943e-03	2.389947e+00
2.730000e-06	8.150155e-03	2.410451e+00
2.740000e-06	-3.216575e-03	2.440475e+00
2.750000e-06	-2.918427e-04	2.432030e+00
2.760000e-06	5.019048e-03	2.483108e+00
2.770000e-06	9.757127e-03	2.498687e+00
2.780000e-06	-3.629783e-03	2.539415e+00
2.790000e-06	-3.196280e-04	2.611949e+00
2.800000e-06	3.121675e-03	2.694679e+00
2.810000e-06	9.735833e-03	2.736268e+00
2.820000e-06	-2.073633e-03	2.788192e+00
2.830000e-06	9.125137e-04	2.789295e+00
2.840000e-06	4.135792e-03	2.809921e+00
2.850000e-06	8.493199e-03	2.791025e+00
2.860000e-06	1.097934e-04	2.840526e+00
2.870000e-06	7.003983e-04	2.862530e+00
2.880000e-06	4.043698e-03	2.923062e+00
2.890000e-06	7.768992e-03	2.885190e+00
2.900000e-06	3.262061e-03	2.945738e+00
2.910000e-06	7.440925e-04	2.968817e+00
2.920000e-06	5.866027e-03	2.988845e+00
2.930000e-06	5.338215e-03	3.011498e+00
2.940000e-06	4.646789e-03	3.010427e+00
2.950000e-06	-1.682205e-04	3.051503e+00
2.960000e-06	5.837791e-03	3.074583e+00
2.970000e-06	6.508295e-03	3.124660e+00
2.980000e-06	6.719204e-03	3.116764e+00
2.990000e-06	2.202045e-03	3.148741e+00
3.000000e-06	6.504214e-03	3.166342e+00
3.010000e-06	5.860091e-03	3.168872e+00
3.020000e-06	5.240091e-03	3.198475e+00
3.030000e-06	1.218406e-03	3.210000e+00
3.040000e-06	5.781169e-03	3.240926e+00
3.050000e-06	5.101671e-03	3.231554e+00
3.060000e-06	7.660686e-03	3.223656e+00
3.070000e-06	3.981993e-03	3.262106e+00
3.080000e-06	7.363843e-03	3.283662e+00
3.090000e-06	7.627257e-03	3.346762e+00
3.100000e-06	6.221765e-03	3.349343e+00
3.110000e-06	5.062966e-03	3.440024e+00
3.120000e-06	5.868108e-03	3.478983e+00
3.130000e-06	7.143355e-03	3.454010e+00
3.140000e-06	6.215843e-03	3.497136e+00
3.150000e-06	6.062013e-03	3.536140e+00
3.160000e-06	7.535557e-03	3.578360e+00
3.170000e-06	8.914297e-03	3.566368e+00
3.180000e-06	6.181060e-03	3.568369e+00
3.190000e-06	6.418719e-03	3.588472e+00
3.200000e-06	6.862111e-03	3.589923e+00
3.210000e-06	8.869749e-03	3.589475e+00
3.220000e-06	6.481181e-03	3.599450e+00
3.230000e-06	8.357184e-03	3.640500e+00
3.240000e-06	7.194632e-03	3.620475e+00
3.250000e-06	9.951165e-03	3.651024e+00
3.260000e-06	7.110735e-03	3.632554e+00
3.270000e-06	7.987182e-03	3.662054e+00
3.280000e-06	9.405432e-03	3.653603e+00
3.290000e-06	9.713808e-03	3.641630e+00
3.300000e-06	9.676790e-03	3.693081e+00
3.310000e-06	8.652044e-03	3.684182e+00
3.320000e-06	1.087137e-02	3.704709e+00
3.330000e-06	9.726845e-03	3.686188e+00
3.340000e-06	8.587432e-03	3.695637e+00
3.350000e-06	8.823089e-03	3.765266e+00
3.360000e-06	1.069971e-02	3.747867e+00
3.370000e-06	1.150415e-02	3.746292e+00
3.380000e-06	1.065885e-02	3.776840e+00
3.390000e-06	9.441971e-03	3.749372e+00
3.400000e-06	1.470663e-02	3.757868e+00
3.410000e-06	1.141596e-02	3.757822e+00
3.420000e-06	1.228496e-02	3.797869e+00
3.430000e-06	8.637582e-03	3.798922e+00
3.440000e-06	1.209319e-02	3.768471e+00
3.450000e-06	1.327922e-02	3.798971e+00
3.460000e-06	1.309639e-02	3.779451e+00
3.470000e-06	1.268563e-02	3.809469e+00
3.480000e-06	1.444944e-02	3.798446e+00
3.490000e-06	1.512213e-02	3.789450e+00
3.500000e-06	1.380513e-02	3.777869e+00
3.510000e-06	1.258126e-02	3.810925e+00
3.520000e-06	1.331751e-02	3.787950e+00
3.530000e-06	1.585604e-02	3.788970e+00
3.540000e-06	1.372640e-02	3.789422e+00
3.550000e-06	1.536105e-02	3.759423e+00
3.560000e-06	1.496918e-02	3.808445e+00
3.570000e-06	1.872888e-02	3.769472e+00
3.580000e-06	1.498091e-02	3.788949e+00
3.590000e-06	1.467589e-02	3.759495e+00
3.600000e-06	1.484501e-02	3.778946e+00
3.610000e-06	1.746001e-02	3.788395e+00
3.620000e-06	1.760924e-02	3.809921e+00
3.630000e-06	1.403506e-02	3.779317e+00
3.640000e-06	1.627600e-02	3.777371e+00
3.650000e-06	1.724961e-02	3.787944e+00
3.660000e-06	1.760912e-02	3.766342e+00
3.670000e-06	1.370720e-02	3.736867e+00
3.680000e-06	1.625776e-02	3.727320e+00
3.690000e-06	1.781880e-02	3.715258e+00
3.700000e-06	1.851371e-02	3.755710e+00
3.710000e-06	1.401579e-02	3.726740e+00
3.720000e-06	1.533828e-02	3.704766e+00
3.730000e-06	1.546812e-02	3.722739e+00
3.740000e-06	1.691200e-02	3.724156e+00
3.750000e-06	1.400470e-02	3.653181e+00
3.760000e-06	1.431159e-02	3.631654e+00
3.770000e-06	1.613595e-02	3.663582e+00
3.780000e-06	1.587264e-02	3.640555e+00
3.790000e-06	1.387996e-02	3.621053e+00
3.800000e-06	1.270864e-02	3.600525e+00
3.810000e-06	1.469785e-02	3.620478e+00
3.820000e-06	1.483438e-02	3.611000e+00
3.830000e-06	1.354242e-02	3.600000e+00
3.840000e-06	1.151679e-02	3.609475e+00
3.850000e-06	1.278624e-02	3.599949e+00
3.860000e-06	1.336074e-02	3.598946e+00
3.870000e-06	1.316772e-02	3.589497e+00
3.880000e-06	1.084049e-02	3.587894e+00
3.890000e-06	1.313681e-02	3.536366e+00
3.900000e-06	1.254241e-02	3.546357e+00
3.910000e-06	1.212641e-02	3.505261e+00
3.920000e-06	9.335332e-03	3.499664e+00
3.930000e-06	1.077241e-02	3.452078e+00
3.940000e-06	1.096324e-02	3.415926e+00
3.950000e-06	1.135306e-02	3.389867e+00
3.960000e-06	8.973134e-03	3.357840e+00
3.970000e-06	9.082239e-03	3.335708e+00
3.980000e-06	1.059738e-02	3.303662e+00
3.990000e-06	1.075623e-02	3.261708e+00
4.000000e-06	8.777535e-03	3.221530e+00
4.010000e-06	7.987724e-03	3.250027e+00
4.020000e-06	8.836041e-03	3.209526e+00
4.030000e-06	9.365385e-03	3.199975e+00
4.040000e-06	7.274284e-03	3.189949e+00
4.050000e-06	7.406998e-03	3.177950e+00
4.060000e-06	7.666909e-03	3.126868e+00
4.070000e-06	8.605955e-03	3.147791e+00
4.080000e-06	7.574003e-03	3.114236e+00
4.090000e-06	6.289186e-03	3.041778e+00
4.100000e-06	7.674899e-03	3.053128e+00
4.110000e-06	7.595700e-03	3.009528e+00
4.120000e-06	6.660535e-03	3.010001e+00
4.130000e-06	5.326015e-03	2.979421e+00
4.140000e-06	5.498075e-03	2.978369e+00
4.150000e-06	6.645965e-03	2.957863e+00
4.160000e-06	6.265041e-03	2.925763e+00
4.170000e-06	4.999379e-03	2.883137e+00
4.180000e-06	5.075762e-03	2.903079e+00
4.190000e-06	6.773652e-03	2.830502e+00
4.200000e-06	6.494439e-03	2.810525e+00
4.210000e-06	4.671333e-03	2.789526e+00
4.220000e-06	3.704179e-03	2.779472e+00
4.230000e-06	4.905870e-03	2.757471e+00
4.240000e-06	5.406348e-03	2.746917e+00
4.250000e-06	4.104287e-03	2.713264e+00
4.260000e-06	3.090290e-03	2.660002e+00
4.270000e-06	4.397571e-03	2.567995e+00
4.280000e-06	5.076291e-03	2.495287e+00
4.290000e-06	4.909911e-03	2.524681e+00
4.300000e-06	2.493780e-03	2.451653e+00
4.310000e-06	3.888710e-03	2.430098e+00
4.320000e-06	3.885011e-03	2.401053e+00
4.330000e-06	3.482715e-03	2.368469e+00
4.340000e-06	1.447787e-03	2.367965e+00
4.350000e-06	1.839161e-03	2.335786e+00
4.360000e-06	4.034681e-03	2.243259e+00
4.370000e-06	2.472558e-03	2.232729e+00
4.380000e-06	2.295838e-03	2.230528e+00
4.390000e-06	1.813127e-03	2.188501e+00
4.400000e-06	3.517635e-03	2.156892e+00
4.410000e-06	2.971200e-03	2.095837e+00
4.420000e-06	1.705124e-03	2.082237e+00
4.430000e-06	1.014056e-03	2.031607e+00
4.440000e-06	2.132561e-03	2.020550e+00
4.450000e-06	2.034703e-03	2.000050e+00
4.460000e-06	9.962226e-04	1.989474e+00
4.470000e-06	-6.421820e-05	1.967389e+00
4.480000e-06	2.280165e-03	1.938912e+00
4.490000e-06	2.499820e-03	1.905860e+00
4.500000e-06	1.239380e-03	1.812803e+00
4.510000e-06	2.969337e-04	1.808419e+00
4.520000e-06	1.308067e-03	1.727366e+00
4.530000e-06	1.448258e-03	1.747395e+00
4.540000e-06	2.656222e-04	1.723234e+00
4.550000e-06	-6.420984e-04	1.663234e+00
4.560000e-06	3.376950e-04	1.601148e+00
4.570000e-06	1.036343e-03	1.567521e+00
4.580000e-06	9.645045e-04	1.516287e+00
4.590000e-06	-5.198936e-04	1.472263e+00
4.600000e-06	1.430131e-03	1.421583e+00
4.610000e-06	-2.586391e-04	1.400499e+00
4.620000e-06	4.882811e-04	1.368422e+00
4.630000e-06	-1.825748e-03	1.335407e+00
4.640000e-06	-7.553421e-04	1.253233e+00
4.650000e-06	-3.003046e-04	1.261152e+00
4.660000e-06	-1.822939e-04	1.190596e+00
4.670000e-06	-1.509334e-03	1.168471e+00
4.680000e-06	-3.452481e-04	1.107416e+00
4.690000e-06	-8.590773e-04	1.059754e+00
4.700000e-06	1.196119e-04	9.980939e-01
4.710000e-06	-1.369416e-03	9.579610e-01
4.720000e-06	-1.336937e-03	8.522540e-01
4.730000e-06	-1.448579e-03	8.411016e-01
4.740000e-06	-7.820936e-04	8.200250e-01
4.750000e-06	-1.390814e-03	7.689486e-01
4.760000e-06	-2.421480e-03	7.474922e-01
4.770000e-06	-1.727935e-03	7.049096e-01
4.780000e-06	-2.741961e-04	6.626781e-01
4.790000e-06	-6.550820e-04	6.006515e-01
4.800000e-06	-2.494304e-03	5.784701e-01
4.810000e-06	-2.235345e-03	5.289449e-01
4.820000e-06	-8.444472e-04	4.737846e-01
4.830000e-06	-1.601454e-03	4.716793e-01
4.840000e-06	-2.989160e-03	4.201765e-01
4.850000e-06	-2.985127e-03	3.800527e-01
4.860000e-06	-1.138104e-03	3.879714e-01
4.870000e-06	-2.012276e-03	3.373895e-01
4.880000e-06	-3.555513e-03	3.268858e-01
4.890000e-06	-2.855269e-03	1.915493e-01
4.900000e-06	-1.429353e-03	1.384663e-01
4.910000e-06	-1.444126e-03	1.332844e-01
4.920000e-06	-3.501491e-03	3.260158e-02
4.930000e-06	-2.922165e-03	-4.236842e-04
4.940000e-06	-1.715842e-03	-1.099994e-02
4.950000e-06	-2.296039e-03	-1.208020e-02
4.960000e-06	-2.328846e-03	-3.460902e-02
4.970000e-06	-2.588566e-03	-9.586808e-02
4.980000e-06	-4.819199e-04	-1.078710e-01
4.990000e-06	-2.854854e-04	-2.084723e-01
5.000000e-06	-2.116200e-03	-2.310313e-01
5.010000e-06	-3.272222e-03	-2.435815e-01
5.020000e-06	1.007600e-02	-3.271644e-01
5.030000e-06	3.017796e-02	-3.468959e-01
5.040000e-06	-1.261355e-02	-3.783985e-01
5.050000e-06	-5.482113e-02	-4.404287e-01
5.060000e-06	3.478397e-03	-4.526551e-01
5.070000e-06	1.929481e-02	-4.330867e-01
5.080000e-06	3.681681e-02	-4.946893e-01
5.090000e-06	-6.585435e-02	-6.003309e-01
5.100000e-06	5.737864e-02	-6.526630e-01
5.110000e-06	1.079385e-02	-7.267129e-01
5.120000e-06	5.509380e-03	-7.373471e-01
5.130000e-06	-3.068616e-02	-8.090449e-01
5.140000e-06	-1.385965e-02	-7.904262e-01
5.150000e-06	6.627365e-03	-8.415051e-01
5.160000e-06	-2.703905e-02	-8.946143e-01
5.170000e-06	5.256246e-02	-9.468682e-01
5.180000e-06	-7.869514e-02	-9.478198e-01
5.190000e-06	-5.625043e-03	-1.010506e+00
5.200000e-06	2.395259e-02	-1.052058e+00
5.210000e-06	3.217349e-02	-1.075714e+00
5.220000e-06	-7.270621e-02	-1.157667e+00
5.230000e-06	3.066560e-02	-1.148751e+00
5.240000e-06	3.997886e-02	-1.211001e+00
5.250000e-06	4.298431e-04	-1.224153e+00
5.260000e-06	-5.550373e-02	-1.284162e+00
5.270000e-06	5.045155e-03	-1.377796e+00
5.280000e-06	2.212710e-02	-1.484056e+00
5.290000e-06	3.232949e-03	-1.506693e+00
5.300000e-06	-3.620406e-02	-1.535847e+00
5.310000e-06	-1.628862e-02	-1.569974e+00
5.320000e-06	4.746051e-02	-1.609530e+00
5.330000e-06	-2.117644e-02	-1.612532e+00
5.340000e-06	-3.184514e-02	-1.663235e+00
5.350000e-06	-5.065202e-03	-1.686666e+00
5.360000e-06	2.595541e-02	-1.768793e+00
5.370000e-06	-2.025181e-02	-1.789372e+00
5.380000e-06	-8.090028e-03	-1.841028e+00
5.390000e-06	-1.896740e-02	-1.841028e+00
5.400000e-06	1.884245e-02	-1.884669e+00
5.410000e-06	-5.561712e-03	-1.917263e+00
5.420000e-06	-2.313093e-02	-1.978423e+00
5.430000e-06	-9.532327e-03	-1.968997e+00
5.440000e-06	1.277523e-02	-1.990001e+00
5.450000e-06	-6.113176e-03	-2.021005e+00
5.460000e-06	-1.580203e-02	-2.042556e+00
5.470000e-06	-1.576149e-02	-2.094060e+00
5.480000e-06	7.198205e-03	-2.126273e+00
5.490000e-06	1.629265e-03	-2.231904e+00
5.500000e-06	-2.156084e-02	-2.264038e+00
5.510000e-06	-9.663366e-03	-2.284791e+00
5.520000e-06	4.132827e-03	-2.367247e+00
5.530000e-06	3.825904e-04	-2.389395e+00
5.540000e-06	-1.801792e-02	-2.409530e+00
5.550000e-06	-1.456377e-02	-2.410530e+00
5.560000e-06	1.498145e-03	-2.451530e+00
5.570000e-06	1.611922e-03	-2.465612e+00
5.580000e-06	-2.020974e-02	-2.497214e+00
5.590000e-06	-9.645926e-03	-2.567924e+00
5.600000e-06	-1.537199e-03	-2.548845e+00
5.610000e-06	1.717340e-03	-2.601454e+00
5.620000e-06	-1.682808e-02	-2.641530e+00
5.630000e-06	-1.274454e-02	-2.674683e+00
5.640000e-06	-1.698399e-03	-2.724259e+00
5.650000e-06	-4.184948e-04	-2.697291e+00
5.660000e-06	-1.801469e-02	-2.778346e+00
5.670000e-06	-1.148386e-02	-2.788423e+00
5.680000e-06	-4.156435e-03	-2.798999e+00
5.690000e-06	-1.079933e-03	-2.821502e+00
5.700000e-06	-1.439088e-02	-2.831001e+00
5.710000e-06	-1.340311e-02	-2.853055e+00
5.720000e-06	-3.221704e-03	-2.895138e+00
5.730000e-06	-4.800944e-03	-2.905744e+00
5.740000e-06	-1.111542e-02	-3.011377e+00
5.750000e-06	-1.516898e-02	-3.030876e+00
5.760000e-06	-4.081199e-03	-3.044583e+00
5.770000e-06	-6.182063e-03	-3.143713e+00
5.780000e-06	-1.086626e-02	-3.147319e+00
5.790000e-06	-1.501330e-02	-3.167417e+00
5.800000e-06	-6.292684e-03	-3.188999e+00
5.810000e-06	-7.810901e-03	-3.170001e+00
5.820000e-06	-8.817531e-03	-3.229977e+00
5.830000e-06	-1.528615e-02	-3.231081e+00
5.840000e-06	-6.752698e-03	-3.251080e+00
5.850000e-06	-8.091965e-03	-3.293164e+00
5.860000e-06	-1.010488e-02	-3.285638e+00
5.870000e-06	-1.494288e-02	-3.326240e+00
5.880000e-06	-9.862437e-03	-3.355771e+00
5.890000e-06	-8.257281e-03	-3.356369e+00
5.900000e-06	-1.107324e-02	-3.400899e+00
5.910000e-06	-1.304929e-02	-3.400026e+00
5.920000e-06	-1.051420e-02	-3.400503e+00
5.930000e-06	-7.421264e-03	-3.431054e+00
5.940000e-06	-1.203988e-02	-3.473134e+00
5.950000e-06	-1.316847e-02	-3.463584e+00
5.960000e-06	-1.290900e-02	-3.475689e+00
5.970000e-06	-9.646463e-03	-3.525320e+00
5.980000e-06	-1.258953e-02	-3.556817e+00
5.990000e-06	-1.327856e-02	-3.577870e+00
6.000000e-06	-1.272245e-02	-3.608974e+00
6.010000e-06	-8.360902e-03	-3.569426e+00
6.020000e-06	-1.277321e-02	-3.580000e+00
6.030000e-06	-1.439176e-02	-3.610499e+00
6.040000e-06	-1.322898e-02	-3.620475e+00
6.050000e-06	-9.808739e-03	-3.610002e+00
6.060000e-06	-1.302920e-02	-3.610475e+00
6.070000e-06	-1.509891e-02	-3.621004e+00
6.080000e-06	-1.321876e-02	-3.621079e+00
6.090000e-06	-1.190207e-02	-3.662084e+00
6.100000e-06	-1.361286e-02	-3.643084e+00
6.110000e-06	-1.549881e-02	-3.652709e+00
6.120000e-06	-1.328475e-02	-3.673211e+00
6.130000e-06	-1.152004e-02	-3.705764e+00
6.140000e-06	-1.414131e-02	-3.685237e+00
6.150000e-06	-1.615546e-02	-3.753917e+00
6.160000e-06	-1.485859e-02	-3.727444e+00
6.170000e-06	-1.413809e-02	-3.780897e+00
6.180000e-06	-1.440024e-02	-3.799925e+00
6.190000e-06	-1.729706e-02	-3.829958e+00
6.200000e-06	-1.491146e-02	-3.830055e+00
6.210000e-06	-1.381345e-02	-3.810582e+00
6.220000e-06	-1.501438e-02	-3.811560e+00
6.230000e-06	-1.743972e-02	-3.913638e+00
6.240000e-06	-1.649702e-02	-3.891638e+00
6.250000e-06	-1.523740e-02	-3.903712e+00
6.260000e-06	-1.652751e-02	-3.885814e+00
6.270000e-06	-1.923080e-02	-3.885214e+00
6.280000e-06	-1.726733e-02	-3.936789e+00
6.290000e-06	-1.693440e-02	-3.926341e+00
6.300000e-06	-1.655711e-02	-3.926316e+00
6.310000e-06	-1.867706e-02	-3.913866e+00
6.320000e-06	-1.789206e-02	-3.928269e+00
6.330000e-06	-1.755676e-02	-3.956941e+00
6.340000e-06	-1.904431e-02	-3.927742e+00
6.350000e-06	-1.881518e-02	-3.956440e+00
6.360000e-06	-2.067155e-02	-3.947396e+00
6.370000e-06	-1.745957e-02	-3.968316e+00
6.380000e-06	-2.208305e-02	-3.966893e+00
6.390000e-06	-2.076267e-02	-3.925818e+00
6.400000e-06	-2.211636e-02	-3.908421e+00
6.410000e-06	-2.035676e-02	-3.946890e+00
6.420000e-06	-2.060704e-02	-3.927322e+00
6.430000e-06	-1.974535e-02	-3.927393e+00
6.440000e-06	-2.011169e-02	-3.966243e+00
6.450000e-06	-2.067708e-02	-3.916295e+00
6.460000e-06	-2.190003e-02	-3.917220e+00
6.470000e-06	-2.491413e-02	-3.885369e+00
6.480000e-06	-2.342689e-02	-3.927789e+00
6.490000e-06	-2.271519e-02	-3.903835e+00
6.500000e-06	-2.024866e-02	-3.884292e+00
6.510000e-06	-2.101139e-02	-3.872164e+00
6.520000e-06	-1.947204e-02	-3.881208e+00
6.530000e-06	-2.120199e-02	-3.789708e+00
6.540000e-06	-2.061943e-02	-3.861554e+00
6.550000e-06	-2.401161e-02	-3.821553e+00
6.560000e-06	-2.202117e-02	-3.790499e+00
6.570000e-06	-2.222404e-02	-3.829129e+00
6.580000e-06	-2.148459e-02	-3.798921e+00
6.590000e-06	-2.000762e-02	-3.756469e+00
6.600000e-06	-2.092561e-02	-3.725842e+00
6.610000e-06	-1.899417e-02	-3.694342e+00
6.620000e-06	-2.038877e-02	-3.703765e+00
6.630000e-06	-1.971387e-02	-3.702738e+00
6.640000e-06	-2.103408e-02	-3.653163e+00
6.650000e-06	-1.975493e-02	-3.632630e+00
6.660000e-06	-1.975535e-02	-3.642609e+00
6.670000e-06	-1.951304e-02	-3.631528e+00
6.680000e-06	-2.054234e-02	-3.599555e+00
6.690000e-06	-1.831904e-02	-3.600003e+00
6.700000e-06	-1.770127e-02	-3.570476e+00
6.710000e-06	-1.815882e-02	-3.610001e+00
6.720000e-06	-1.903842e-02	-3.588971e+00
6.730000e-06	-1.772102e-02	-3.588473e+00
6.740000e-06	-1.767805e-02	-3.579474e+00
6.750000e-06	-1.775069e-02	-3.577495e+00
6.760000e-06	-1.846826e-02	-3.549897e+00
6.770000e-06	-1.739863e-02	-3.505915e+00
6.780000e-06	-1.561482e-02	-3.534268e+00
6.790000e-06	-1.581714e-02	-3.503837e+00
6.800000e-06	-1.622641e-02	-3.482154e+00
6.810000e-06	-1.684945e-02	-3.441683e+00
6.820000e-06	-1.393158e-02	-3.430626e+00
6.830000e-06	-1.529432e-02	-3.430553e+00
6.840000e-06	-1.540207e-02	-3.410525e+00
6.850000e-06	-1.537765e-02	-3.366946e+00
6.860000e-06	-1.433449e-02	-3.328418e+00
6.870000e-06	-1.413362e-02	-3.344796e+00
6.880000e-06	-1.384280e-02	-3.324786e+00
6.890000e-06	-1.536929e-02	-3.282212e+00
6.900000e-06	-1.221895e-02	-3.252157e+00
6.910000e-06	-1.344769e-02	-3.252104e+00
6.920000e-06	-1.376743e-02	-3.221051e+00
6.930000e-06	-1.360373e-02	-3.210503e+00
6.940000e-06	-1.299383e-02	-3.190026e+00
6.950000e-06	-1.223491e-02	-3.199497e+00
6.960000e-06	-1.308836e-02	-3.135841e+00
6.970000e-06	-1.184575e-02	-3.154291e+00
6.980000e-06	-1.239949e-02	-3.093292e+00
6.990000e-06	-1.112226e-02	-3.052657e+00
7.000000e-06	-1.275955e-02	-2.989529e+00
7.010000e-06	-1.290964e-02	-2.916866e+00
7.020000e-06	-1.194768e-02	-2.934220e+00
7.030000e-06	-1.107806e-02	-2.843736e+00
7.040000e-06	-9.943348e-03	-2.852555e+00
7.050000e-06	-1.103882e-02	-2.820105e+00
7.060000e-06	-8.911345e-03	-2.810500e+00
7.070000e-06	-1.030042e-02	-2.799500e+00
7.080000e-06	-1.026758e-02	-2.768445e+00
7.090000e-06	-1.313106e-02	-2.745394e+00
7.100000e-06	-1.151577e-02	-2.706392e+00
7.110000e-06	-1.011743e-02	-2.715282e+00
7.120000e-06	-8.854836e-03	-2.641684e+00
7.130000e-06	-9.196208e-03	-2.631107e+00
7.140000e-06	-7.868131e-03	-2.589503e+00
7.150000e-06	-8.830691e-03	-2.578926e+00
7.160000e-06	-9.329716e-03	-2.566392e+00
7.170000e-06	-1.128964e-02	-2.494262e+00
7.180000e-06	-1.055837e-02	-2.462684e+00
7.190000e-06	-9.142006e-03	-2.432128e+00
7.200000e-06	-8.967615e-03	-2.421054e+00
7.210000e-06	-7.644534e-03	-2.389023e+00
7.220000e-06	-8.171415e-03	-2.357001e+00
7.230000e-06	-6.971049e-03	-2.337444e+00
7.240000e-06	-8.265937e-03	-2.325314e+00
7.250000e-06	-8.720290e-03	-2.221258e+00
7.260000e-06	-9.612265e-03	-2.200019e+00
7.270000e-06	-8.385973e-03	-2.106347e+00
7.280000e-06	-9.459040e-03	-2.094233e+00
7.290000e-06	-7.812543e-03	-2.011158e+00
7.300000e-06	-8.595244e-03	-2.010075e+00
7.310000e-06	-6.842939e-03	-1.989050e+00
7.320000e-06	-6.910169e-03	-1.998500e+00
7.330000e-06	-6.746726e-03	-1.976844e+00
7.340000e-06	-6.658655e-03	-1.906362e+00
7.350000e-06	-7.685891e-03	-1.873289e+00
7.360000e-06	-6.634579e-03	-1.810702e+00
7.370000e-06	-8.147970e-03	-1.809579e+00
7.380000e-06	-5.676901e-03	-1.757997e+00
7.390000e-06	-7.100542e-03	-1.746466e+00
7.400000e-06	-6.026796e-03	-1.703763e+00
7.410000e-06	-6.521709e-03	-1.673758e+00
7.420000e-06	-6.142109e-03	-1.601155e+00
7.430000e-06	-6.111000e-03	-1.609049e+00
7.440000e-06	-6.970598e-03	-1.588525e+00
7.450000e-06	-5.836240e-03	-1.548422e+00
7.460000e-06	-4.987919e-03	-1.454341e+00
7.470000e-06	-6.238482e-03	-1.438633e+00
7.480000e-06	-6.444748e-03	-1.377469e+00
7.490000e-06	-6.400753e-03	-1.324287e+00
7.500000e-06	-5.834644e-03	-1.251258e+00
7.510000e-06	-5.723661e-03	-1.199628e+00
7.520000e-06	-5.760546e-03	-1.200024e+00
7.530000e-06	-3.957821e-03	-1.136894e+00
7.540000e-06	-4.600726e-03	-1.085362e+00
7.550000e-06	-4.973076e-03	-1.043233e+00
7.560000e-06	-6.581990e-03	-1.021630e+00
7.570000e-06	-4.357442e-03	-9.595502e-01
7.580000e-06	-4.566995e-03	-9.459472e-01
7.590000e-06	-5.393209e-03	-9.162620e-01
7.600000e-06	-5.044956e-03	-8.442554e-01
7.610000e-06	-5.045882e-03	-8.096039e-01
7.620000e-06	-3.756008e-03	-7.895275e-01
7.630000e-06	-5.357825e-03	-7.889949e-01
7.640000e-06	-3.820585e-03	-7.379946e-01
7.650000e-06	-4.334242e-03	-7.133394e-01
7.660000e-06	-2.715290e-03	-6.608078e-01
7.670000e-06	-4.931308e-03	-5.575986e-01
7.680000e-06	-5.363737e-03	-5.058921e-01
7.690000e-06	-5.458385e-03	-4.327143e-01
7.700000e-06	-2.863176e-03	-4.210504e-01
7.710000e-06	-5.003389e-03	-3.895000e-01
7.720000e-06	-3.711024e-03	-3.679486e-01
7.730000e-06	-4.288134e-03	-3.258697e-01
7.740000e-06	-2.514748e-03	-2.947644e-01
7.750000e-06	-4.314261e-03	-2.422332e-01
7.760000e-06	-4.350586e-03	-2.100313e-01
7.770000e-06	-4.809986e-03	-1.689500e-01
7.780000e-06	-1.846037e-03	-1.359186e-01
7.790000e-06	-3.888548e-03	-1.337680e-01
7.800000e-06	-2.649001e-03	-6.215796e-02
7.810000e-06	-2.624016e-03	-2.005145e-02
7.820000e-06	-3.331147e-04	9.999966e-04
7.830000e-06	-1.629664e-03	2.100132e-02
7.840000e-06	-6.685501e-04	4.405520e-02
7.850000e-06	-2.301783e-03	8.523796e-02
7.860000e-06	-1.807523e-03	1.692422e-01
7.870000e-06	2.988070e-03	2.410278e-01
7.880000e-06	1.874991e-02	3.159867e-01
7.890000e-06	9.430760e-03	3.868196e-01
7.900000e-06	-3.985370e-02	3.999237e-01
7.910000e-06	-3.294284e-02	4.114763e-01
7.920000e-06	2.837089e-02	4.620540e-01
7.930000e-06	2.288603e-02	4.825615e-01
7.940000e-06	-2.051304e-02	5.356405e-01
7.950000e-06	-3.424218e-02	5.573984e-01
7.960000e-06	4.863880e-02	6.028988e-01
7.970000e-06	1.048312e-02	6.621263e-01
7.980000e-06	-1.500055e-02	6.645079e-01
7.990000e-06	-2.052076e-02	7.271694e-01
8.000000e-06	2.329563e-03	7.182386e-01
8.010000e-06	-1.377347e-02	7.894236e-01
8.020000e-06	5.784452e-02	8.004775e-01
8.030000e-06	-3.486762e-02	8.535778e-01
8.040000e-06	-1.385322e-02	9.171655e-01
8.050000e-06	-1.342642e-02	9.867960e-01
8.060000e-06	5.817018e-02	1.011399e+00
8.070000e-06	-3.516477e-02	1.122060e+00
8.080000e-06	-3.882302e-02	1.156718e+00
8.090000e-06	3.797854e-02	1.159497e+00
8.100000e-06	1.881231e-02	1.220501e+00
8.110000e-06	-2.646767e-03	1.271006e+00
8.120000e-06	-4.245541e-02	1.315688e+00
8.130000e-06	2.826604e-02	1.396718e+00
8.140000e-06	9.115093e-03	1.409897e+00
8.150000e-06	5.961582e-03	1.432430e+00
8.160000e-06	-3.895197e-02	1.516585e+00
8.170000e-06	2.851845e-02	1.518640e+00
8.180000e-06	7.546786e-03	1.609428e+00
8.190000e-06	-2.746856e-03	1.643904e+00
8.200000e-06	-1.951065e-02	1.725784e+00
8.210000e-06	1.379262e-02	1.695716e+00
8.220000e-06	6.524358e-03	1.797918e+00
8.230000e-06	8.394161e-04	1.788875e+00
8.240000e-06	-8.128366e-03	1.807880e+00
8.250000e-06	-1.186163e-03	1.853053e+00
8.260000e-06	1.652412e-02	1.883137e+00
8.270000e-06	-4.889799e-03	1.935763e+00
8.280000e-06	-5.849143e-03	1.968349e+00
8.290000e-06	-1.925522e-03	1.969946e+00
8.300000e-06	1.625758e-02	2.010000e+00
8.310000e-06	-4.992538e-03	2.032528e+00
8.320000e-06	-1.755260e-03	2.053083e+00
8.330000e-06	-1.816484e-03	2.114182e+00
8.340000e-06	1.460823e-02	2.147140e+00
8.350000e-06	-1.318071e-03	2.158317e+00
8.360000e-06	-4.239320e-03	2.219899e+00
8.370000e-06	-1.237408e-03	2.221028e+00
8.380000e-06	1.177505e-02	2.244058e+00
8.390000e-06	-1.363993e-03	2.294688e+00
8.400000e-06	-5.128685e-03	2.336591e+00
8.410000e-06	1.496359e-03	2.358295e+00
8.420000e-06	1.128760e-02	2.409896e+00
8.430000e-06	1.037409e-03	2.409501e+00
8.440000e-06	-3.914765e-03	2.401053e+00
8.450000e-06	9.398724e-04	2.474512e+00
8.460000e-06	9.586001e-03	2.483712e+00
8.470000e-06	2.229127e-03	2.597213e+00
8.480000e-06	-4.362390e-03	2.610848e+00
8.490000e-06	2.659942e-03	2.712055e+00
8.500000e-06	9.476270e-03	2.684609e+00
8.510000e-06	4.418248e-03	2.745663e+00
8.520000e-06	-4.458888e-03	2.778893e+00
8.530000e-06	2.925193e-03	2.769874e+00
8.540000e-06	7.459436e-03	2.809976e+00
8.550000e-06	6.446238e-03	2.801028e+00
8.560000e-06	-4.441763e-03	2.851526e+00
8.570000e-06	4.312572e-03	2.902109e+00
8.580000e-06	7.067222e-03	2.894537e+00
8.590000e-06	7.320276e-03	2.917167e+00
8.600000e-06	-3.486455e-03	2.957320e+00
8.610000e-06	2.938232e-03	2.978792e+00
8.620000e-06	6.969411e-03	3.030974e+00
8.630000e-06	7.374638e-03	3.020504e+00
8.640000e-06	-4.129087e-04	3.010478e+00
8.650000e-06	3.332340e-03	3.013529e+00
8.660000e-06	7.328430e-03	3.073659e+00
8.670000e-06	6.733416e-03	3.154189e+00
8.680000e-06	1.765927e-03	3.137767e+00
8.690000e-06	2.433633e-03	3.137862e+00
8.700000e-06	7.969054e-03	3.199319e+00
8.710000e-06	6.747483e-03	3.180371e+00
8.720000e-06	2.625830e-03	3.179973e+00
8.730000e-06	2.389948e-03	3.219474e+00
8.740000e-06	7.919186e-03	3.232026e+00
8.750000e-06	7.500498e-03	3.251579e+00
8.760000e-06	4.816346e-03	3.251585e+00
8.770000e-06	3.087373e-03	3.273088e+00
8.780000e-06	7.765060e-03	3.335312e+00
8.790000e-06	7.278202e-03	3.347771e+00
8.800000e-06	5.826787e-03	3.368770e+00
8.810000e-06	3.052259e-03	3.431907e+00
8.820000e-06	8.284559e-03	3.472933e+00
8.830000e-06	8.095891e-03	3.525578e+00
8.840000e-06	6.042761e-03	3.476213e+00
8.850000e-06	4.972902e-03	3.547741e+00
8.860000e-06	8.405292e-03	3.557340e+00
8.870000e-06	8.942214e-03	3.577317e+00
8.880000e-06	6.632414e-03	3.569445e+00
8.890000e-06	5.155284e-03	3.599924e+00
8.900000e-06	8.230870e-03	3.599448e+00
8.910000e-06	8.896253e-03	3.598975e+00
8.920000e-06	6.576103e-03	3.630999e+00
8.930000e-06	5.786989e-03	3.600500e+00
8.940000e-06	8.838355e-03	3.621001e+00
8.950000e-06	1.080493e-02	3.621529e+00
8.960000e-06	8.721200e-03	3.661029e+00
8.970000e-06	7.977511e-03	3.662105e+00
8.980000e-06	7.835445e-03	3.652134e+00
8.990000e-06	9.723320e-03	3.663535e+00
9.000000e-06	8.884032e-03	3.692632e+00
9.010000e-06	7.696516e-03	3.683709e+00
9.020000e-06	9.379760e-03	3.703662e+00
9.030000e-06	1.102357e-02	3.697765e+00
9.040000e-06	1.098606e-02	3.714260e+00
9.050000e-06	9.832018e-03	3.737816e+00
9.060000e-06	9.928477e-03	3.756762e+00
9.070000e-06	1.021390e-02	3.727392e+00
9.080000e-06	1.141439e-02	3.757818e+00
9.090000e-06	9.699039e-03	3.798395e+00
9.100000e-06	9.960034e-03	3.757921e+00
9.110000e-06	1.142851e-02	3.770376e+00
9.120000e-06	1.288718e-02	3.777372e+00
9.130000e-06	1.186138e-02	3.768997e+00
9.140000e-06	1.165192e-02	3.799521e+00
9.150000e-06	1.261488e-02	3.788922e+00
9.160000e-06	1.377563e-02	3.788469e+00
9.170000e-06	1.304228e-02	3.789922e+00
9.180000e-06	1.221137e-02	3.780921e+00
9.190000e-06	1.363390e-02	3.789449e+00
9.200000e-06	1.317358e-02	3.780447e+00
9.210000e-06	1.388022e-02	3.800526e+00
9.220000e-06	1.357549e-02	3.799475e+00
9.230000e-06	1.499864e-02	3.780400e+00
9.240000e-06	1.536857e-02	3.799001e+00
9.250000e-06	1.571095e-02	3.790425e+00
9.260000e-06	1.501994e-02	3.819900e+00
9.270000e-06	1.611569e-02	3.809371e+00
9.280000e-06	1.559908e-02	3.800475e+00
9.290000e-06	1.539562e-02	3.799322e+00
9.300000e-06	1.480355e-02	3.778874e+00
9.310000e-06	1.630873e-02	3.789444e+00
9.320000e-06	1.644525e-02	3.747897e+00
9.330000e-06	1.623205e-02	3.786894e+00
9.340000e-06	1.685168e-02	3.768370e+00
9.350000e-06	1.705828e-02	3.756870e+00
9.360000e-06	1.669924e-02	3.748866e+00
9.370000e-06	1.624819e-02	3.738370e+00
9.380000e-06	1.514078e-02	3.746793e+00
9.390000e-06	1.659247e-02	3.745337e+00
9.400000e-06	1.551651e-02	3.677687e+00
9.410000e-06	1.530792e-02	3.696188e+00
9.420000e-06	1.542158e-02	3.743739e+00
9.430000e-06	1.543931e-02	3.634734e+00
9.440000e-06	1.631036e-02	3.672182e+00
9.450000e-06	1.489214e-02	3.683134e+00
9.460000e-06	1.539868e-02	3.632582e+00
9.470000e-06	1.484088e-02	3.630628e+00
9.480000e-06	1.492826e-02	3.652052e+00
9.490000e-06	1.380521e-02	3.620553e+00
9.500000e-06	1.406134e-02	3.611504e+00
9.510000e-06	1.357514e-02	3.611026e+00
9.520000e-06	1.350488e-02	3.600500e+00
9.530000e-06	1.316211e-02	3.609999e+00
9.540000e-06	1.366070e-02	3.589975e+00
9.550000e-06	1.326332e-02	3.608474e+00
9.560000e-06	1.272535e-02	3.568923e+00
9.570000e-06	1.269841e-02	3.557449e+00
9.580000e-06	1.268135e-02	3.587869e+00
9.590000e-06	1.231629e-02	3.514765e+00
9.600000e-06	1.175476e-02	3.516311e+00
9.610000e-06	1.060168e-02	3.504209e+00
9.620000e-06	1.084496e-02	3.451100e+00
9.630000e-06	1.136451e-02	3.421602e+00
9.640000e-06	1.065830e-02	3.388023e+00
9.650000e-06	1.154610e-02	3.386364e+00
9.660000e-06	9.903501e-03	3.313962e+00
9.670000e-06	1.044971e-02	3.275734e+00
9.680000e-06	1.008799e-02	3.272207e+00
9.690000e-06	8.937610e-03	3.291604e+00
9.700000e-06	8.718571e-03	3.220504e+00
9.710000e-06	8.328083e-03	3.220126e+00
9.720000e-06	9.585381e-03	3.191026e+00
9.730000e-06	8.028806e-03	3.208950e+00
9.740000e-06	7.360986e-03	3.178474e+00
9.750000e-06	9.498989e-03	3.168371e+00
9.760000e-06	8.531978e-03	3.176793e+00
9.770000e-06	6.926485e-03	3.115812e+00
9.780000e-06	6.804557e-03	3.082735e+00
9.790000e-06	7.554316e-03	3.073153e+00
9.800000e-06	7.666393e-03	3.021604e+00
9.810000e-06	5.599796e-03	2.980048e+00
9.820000e-06	5.771047e-03	2.979999e+00
9.830000e-06	7.277964e-03	2.978399e+00
9.840000e-06	7.224763e-03	2.937892e+00
9.850000e-06	5.506310e-03	2.944791e+00
9.860000e-06	5.251565e-03	2.905309e+00
9.870000e-06	6.977270e-03	2.862104e+00
9.880000e-06	5.555520e-03	2.831679e+00
9.890000e-06	5.099576e-03	2.821550e+00
9.900000e-06	3.756367e-03	2.809500e+00
9.910000e-06	4.906867e-03	2.799496e+00
9.920000e-06	4.524755e-03	2.768472e+00
9.930000e-06	4.936444e-03	2.758422e+00
9.940000e-06	4.058198e-03	2.666888e+00
9.950000e-06	4.698736e-03	2.695809e+00
9.960000e-06	4.712367e-03	2.609173e+00
9.970000e-06	4.589892e-03	2.585293e+00
9.980000e-06	3.623056e-03	2.504762e+00
9.990000e-06	3.860703e-03	2.462058e+00
1.000000e-05	4.426235e-03	2.411628e+00
1.001000e-05	3.046611e-03	2.401524e+00
1.002000e-05	2.558952e-03	2.399500e+00
1.003000e-05	2.010078e-03	2.358995e+00
1.004000e-05	3.936884e-03	2.326393e+00
1.005000e-05	2.797598e-03	2.303184e+00
1.006000e-05	2.050413e-03	2.232258e+00
1.007000e-05	2.682377e-03	2.240577e+00
1.008000e-05	3.433553e-03	2.220998e+00
1.009000e-05	3.119008e-03	2.167521e+00
1.010000e-05	2.202875e-03	2.135345e+00
1.011000e-05	1.749896e-03	2.115337e+00
1.012000e-05	1.899814e-03	2.052682e+00
1.013000e-05	2.080712e-03	2.011103e+00
1.014000e-05	9.770415e-04	2.001576e+00
1.015000e-05	1.850687e-03	1.999476e+00
1.016000e-05	2.166930e-03	1.959472e+00
1.017000e-05	3.195087e-03	1.954418e+00
1.018000e-05	2.088557e-03	1.913817e+00
1.019000e-05	9.403725e-04	1.902333e+00
1.020000e-05	4.153665e-04	1.801620e+00
1.021000e-05	5.468701e-04	1.798521e+00
1.022000e-05	6.579366e-04	1.695367e+00
1.023000e-05	3.003515e-04	1.736287e+00
1.024000e-05	1.025980e-03	1.672763e+00
1.025000e-05	2.009779e-03	1.654278e+00
1.026000e-05	1.688654e-03	1.577647e+00
1.027000e-05	9.888711e-05	1.538391e+00
1.028000e-05	2.327933e-04	1.534437e+00
1.029000e-05	-4.030443e-04	1.442099e+00
1.030000e-05	4.391499e-04	1.410000e+00
1.031000e-05	-8.397200e-04	1.399951e+00
1.032000e-05	-1.023588e-03	1.346892e+00
1.033000e-05	-2.665361e-05	1.293311e+00
1.034000e-05	4.873058e-04	1.293179e+00
1.035000e-05	1.913153e-04	1.179576e+00
1.036000e-05	-1.435127e-03	1.190025e+00
1.037000e-05	3.016387e-05	1.126420e+00
1.038000e-05	-5.785280e-04	1.063783e+00
1.039000e-05	-3.270478e-04	1.030203e+00
1.040000e-05	-3.172801e-03	9.279386e-01
1.041000e-05	-1.036993e-03	8.947618e-01
1.042000e-05	-1.554838e-03	8.411029e-01
1.043000e-05	-3.420561e-04	7.905501e-01
1.044000e-05	-2.106232e-03	7.999751e-01
1.045000e-05	-9.527133e-04	7.694697e-01
1.046000e-05	-4.454882e-04	7.168146e-01
1.047000e-05	-1.265446e-03	7.038120e-01
1.048000e-05	-2.162195e-03	6.315805e-01
1.049000e-05	-1.689239e-03	6.000715e-01
1.050000e-05	-2.240496e-03	5.785223e-01
1.051000e-05	-2.422675e-03	5.148673e-01
1.052000e-05	-2.332469e-03	5.246844e-01
1.053000e-05	-2.689121e-03	4.215766e-01
1.054000e-05	-2.337255e-03	4.106003e-01
1.055000e-05	-2.127302e-03	3.900224e-01
1.056000e-05	-1.828568e-03	3.479724e-01
1.057000e-05	-2.514662e-03	3.058944e-01
1.058000e-05	-3.991306e-03	3.098055e-01
1.059000e-05	-1.178555e-03	1.985703e-01
1.060000e-05	-2.899217e-03	1.053372e-01
1.061000e-05	-3.779707e-03	4.180654e-02
1.062000e-05	-4.953090e-03	3.057795e-02
1.063000e-05	-1.179572e-03	1.050253e-03
1.064000e-05	-2.405752e-03	-2.202994e-02
1.065000e-05	-2.004327e-03	-5.213132e-02
1.066000e-05	-2.609938e-03	-1.156855e-01
1.067000e-05	9.565458e-04	-1.567193e-01
1.068000e-05	-1.891083e-03	-1.989734e-01
1.069000e-05	-2.568235e-03	-1.909499e-01
1.070000e-05	-4.039888e-03	-2.445038e-01
1.071000e-05	9.641212e-04	-3.042392e-01
1.072000e-05	2.034298e-02	-3.147658e-01
1.073000e-05	1.982613e-02	-3.383460e-01
1.074000e-05	-4.820395e-02	-4.014486e-01
1.075000e-05	-3.865836e-02	-4.120313e-01
1.076000e-05	2.653551e-02	-4.421315e-01
1.077000e-05	2.633393e-02	-4.631330e-01
1.078000e-05	-8.953886e-03	-5.678769e-01
1.079000e-05	-3.288019e-02	-6.435298e-01
1.080000e-05	5.439959e-02	-6.652391e-01
1.081000e-05	4.827441e-03	-7.047647e-01
1.082000e-05	-1.982146e-02	-7.594985e-01
1.083000e-05	-1.641887e-02	-7.699723e-01
1.084000e-05	-3.579881e-04	-8.205527e-01
1.085000e-05	-2.046155e-02	-8.626080e-01
1.086000e-05	3.954152e-02	-9.156918e-01
1.087000e-05	-1.252177e-02	-9.673659e-01
1.088000e-05	-4.450566e-02	-1.010476e+00
1.089000e-05	-9.453165e-03	-1.041025e+00
1.090000e-05	5.638381e-02	-1.093589e+00
1.091000e-05	-1.939861e-02	-1.087736e+00
1.092000e-05	-4.730614e-02	-1.157799e+00
1.093000e-05	5.397316e-02	-1.188899e+00
1.094000e-05	1.046190e-02	-1.241006e+00
1.095000e-05	-1.961256e-02	-1.284614e+00
1.096000e-05	-4.954066e-02	-1.297167e+00
1.097000e-05	3.177862e-02	-1.400379e+00
1.098000e-05	4.663343e-03	-1.496610e+00
1.099000e-05	-2.684891e-03	-1.566262e+00
1.100000e-05	-5.277649e-02	-1.567925e+00
1.101000e-05	2.893578e-02	-1.580023e+00
1.102000e-05	2.191812e-02	-1.631475e+00
1.103000e-05	-3.486550e-02	-1.650582e+00
1.104000e-05	-2.299147e-02	-1.673633e+00
1.105000e-05	1.704588e-02	-1.755741e+00
1.106000e-05	8.055177e-03	-1.758822e+00
1.107000e-05	-2.155412e-02	-1.799979e+00
1.108000e-05	-9.972059e-03	-1.860503e+00
1.109000e-05	-8.130971e-03	-1.852584e+00
1.110000e-05	1.940405e-02	-1.915284e+00
1.111000e-05	-2.289669e-02	-1.947272e+00
1.112000e-05	-1.677288e-02	-1.967446e+00
1.113000e-05	-9.387139e-04	-1.988475e+00
1.114000e-05	1.125512e-02	-2.000003e+00
1.115000e-05	-1.545352e-02	-2.032004e+00
1.116000e-05	-1.351831e-02	-2.093612e+00
1.117000e-05	-8.728572e-03	-2.085166e+00
1.118000e-05	1.185800e-02	-2.139351e+00
1.119000e-05	-1.219136e-02	-2.240856e+00
1.120000e-05	-1.921962e-02	-2.322588e+00
1.121000e-05	-4.399972e-03	-2.337740e+00
1.122000e-05	4.900411e-03	-2.359897e+00
1.123000e-05	-8.632901e-03	-2.379948e+00
1.124000e-05	-1.934727e-02	-2.400504e+00
1.125000e-05	-8.367774e-03	-2.401081e+00
1.126000e-05	7.993584e-03	-2.453608e+00
1.127000e-05	-9.664912e-03	-2.514163e+00
1.128000e-05	-1.814994e-02	-2.529796e+00
1.129000e-05	-5.718824e-03	-2.537346e+00
1.130000e-05	2.438112e-03	-2.609950e+00
1.131000e-05	-6.365328e-03	-2.621024e+00
1.132000e-05	-2.009005e-02	-2.681580e+00
1.133000e-05	-8.076183e-03	-2.683159e+00
1.134000e-05	2.934008e-03	-2.705692e+00
1.135000e-05	-7.564876e-03	-2.746921e+00
1.136000e-05	-1.820149e-02	-2.788925e+00
1.137000e-05	-7.122921e-03	-2.788925e+00
1.138000e-05	-2.478140e-03	-2.800000e+00
1.139000e-05	-4.309454e-03	-2.811003e+00
1.140000e-05	-1.985164e-02	-2.861533e+00
1.141000e-05	-5.780600e-03	-2.842563e+00
1.142000e-05	-3.390267e-03	-2.905667e+00
1.143000e-05	-4.448290e-03	-2.938393e+00
1.144000e-05	-1.791727e-02	-2.998901e+00
1.145000e-05	-1.049579e-02	-3.062510e+00
1.146000e-05	-4.288030e-03	-3.094162e+00
1.147000e-05	-6.573832e-03	-3.086771e+00
1.148000e-05	-1.596085e-02	-3.148843e+00
1.149000e-05	-1.001617e-02	-3.187897e+00
1.150000e-05	-3.320103e-03	-3.180001e+00
1.151000e-05	-5.970877e-03	-3.189975e+00
1.152000e-05	-1.310894e-02	-3.221578e+00
1.153000e-05	-1.582926e-02	-3.242555e+00
1.154000e-05	-5.492461e-03	-3.262585e+00
1.155000e-05	-9.836645e-03	-3.313635e+00
1.156000e-05	-1.237778e-02	-3.306763e+00
1.157000e-05	-1.410869e-02	-3.305294e+00
1.158000e-05	-4.617063e-03	-3.357421e+00
1.159000e-05	-7.178200e-03	-3.368871e+00
1.160000e-05	-1.243421e-02	-3.379900e+00
1.161000e-05	-1.529700e-02	-3.409476e+00
1.162000e-05	-9.594508e-03	-3.421028e+00
1.163000e-05	-1.090938e-02	-3.410004e+00
1.164000e-05	-1.413784e-02	-3.463107e+00
1.165000e-05	-1.404345e-02	-3.474664e+00
1.166000e-05	-8.171801e-03	-3.535716e+00
1.167000e-05	-7.469577e-03	-3.524242e+00
1.168000e-05	-1.225144e-02	-3.586846e+00
1.169000e-05	-1.512870e-02	-3.578896e+00
1.170000e-05	-1.127704e-02	-3.569424e+00
1.171000e-05	-1.072485e-02	-3.599475e+00
1.172000e-05	-1.458313e-02	-3.608975e+00
1.173000e-05	-1.426475e-02	-3.598500e+00
1.174000e-05	-1.185917e-02	-3.600999e+00
1.175000e-05	-9.310658e-03	-3.621003e+00
1.176000e-05	-1.363216e-02	-3.609553e+00
1.177000e-05	-1.486204e-02	-3.611104e+00
1.178000e-05	-1.286643e-02	-3.621060e+00
1.179000e-05	-1.192717e-02	-3.661607e+00
1.180000e-05	-1.419905e-02	-3.653137e+00
1.181000e-05	-1.526642e-02	-3.693163e+00
1.182000e-05	-1.457708e-02	-3.663085e+00
1.183000e-05	-1.209856e-02	-3.705241e+00
1.184000e-05	-1.602610e-02	-3.715748e+00
1.185000e-05	-1.483290e-02	-3.786419e+00
1.186000e-05	-1.635404e-02	-3.777926e+00
1.187000e-05	-1.321903e-02	-3.799974e+00
1.188000e-05	-1.518397e-02	-3.782504e+00
1.189000e-05	-1.543750e-02	-3.850507e+00
1.190000e-05	-1.591004e-02	-3.860549e+00
1.191000e-05	-1.469970e-02	-3.900560e+00
1.192000e-05	-1.506852e-02	-3.864233e+00
1.193000e-05	-1.732313e-02	-3.861110e+00
1.194000e-05	-1.768087e-02	-3.914712e+00
1.195000e-05	-1.669634e-02	-3.903243e+00
1.196000e-05	-1.607856e-02	-3.906737e+00
1.197000e-05	-1.762406e-02	-3.934695e+00
1.198000e-05	-1.748401e-02	-3.937241e+00
1.199000e-05	-1.735738e-02	-3.944766e+00
1.200000e-05	-1.599587e-02	-3.948321e+00
1.201000e-05	-1.918266e-02	-3.954870e+00
1.202000e-05	-1.867487e-02	-3.948891e+00
1.203000e-05	-1.944200e-02	-3.936915e+00
1.204000e-05	-1.888069e-02	-3.957870e+00
1.205000e-05	-1.982205e-02	-3.938366e+00
1.206000e-05	-1.977576e-02	-3.946271e+00
1.207000e-05	-2.006436e-02	-3.937897e+00
1.208000e-05	-1.931394e-02	-3.967768e+00
1.209000e-05	-1.925103e-02	-3.965415e+00
1.210000e-05	-2.056258e-02	-3.946269e+00
1.211000e-05	-2.042654e-02	-3.904420e+00
1.212000e-05	-2.073368e-02	-3.937317e+00
1.213000e-05	-2.025371e-02	-3.936871e+00
1.214000e-05	-2.176023e-02	-3.935818e+00
1.215000e-05	-2.186010e-02	-3.897243e+00
1.216000e-05	-2.278202e-02	-3.887388e+00
1.217000e-05	-2.066436e-02	-3.915788e+00
1.218000e-05	-2.223742e-02	-3.913694e+00
1.219000e-05	-2.043127e-02	-3.906236e+00
1.220000e-05	-2.163464e-02	-3.912689e+00
1.221000e-05	-2.060392e-02	-3.944583e+00
1.222000e-05	-2.063891e-02	-3.872188e+00
1.223000e-05	-2.179621e-02	-3.844606e+00
1.224000e-05	-2.318414e-02	-3.821680e+00
1.225000e-05	-2.187228e-02	-3.829078e+00
1.226000e-05	-2.139234e-02	-3.782079e+00
1.227000e-05	-2.161898e-02	-3.797850e+00
1.228000e-05	-1.998446e-02	-3.758919e+00
1.229000e-05	-2.175072e-02	-3.788390e+00
1.230000e-05	-1.951761e-02	-3.734844e+00
1.231000e-05	-2.186816e-02	-3.705741e+00
1.232000e-05	-1.986699e-02	-3.723259e+00
1.233000e-05	-2.155769e-02	-3.653238e+00
1.234000e-05	-1.954359e-02	-3.694604e+00
1.235000e-05	-2.034103e-02	-3.662204e+00
1.236000e-05	-1.973068e-02	-3.640551e+00
1.237000e-05	-2.013173e-02	-3.620058e+00
1.238000e-05	-1.938536e-02	-3.610528e+00
1.239000e-05	-1.883153e-02	-3.610028e+00
1.240000e-05	-1.959629e-02	-3.610000e+00
1.241000e-05	-1.730033e-02	-3.610026e+00
1.242000e-05	-1.837922e-02	-3.598948e+00
1.243000e-05	-1.704266e-02	-3.579475e+00
1.244000e-05	-1.880163e-02	-3.587475e+00
1.245000e-05	-1.741713e-02	-3.568366e+00
1.246000e-05	-1.776894e-02	-3.527395e+00
1.247000e-05	-1.717817e-02	-3.517295e+00
1.248000e-05	-1.705506e-02	-3.495812e+00
1.249000e-05	-1.532390e-02	-3.483236e+00
1.250000e-05	-1.608333e-02	-3.461684e+00
1.251000e-05	-1.467039e-02	-3.449605e+00
1.252000e-05	-1.694398e-02	-3.421029e+00
1.253000e-05	-1.535223e-02	-3.380602e+00
1.254000e-05	-1.672450e-02	-3.389496e+00
1.255000e-05	-1.499866e-02	-3.378475e+00
1.256000e-05	-1.540383e-02	-3.316896e+00
1.257000e-05	-1.486364e-02	-3.305866e+00
1.258000e-05	-1.353577e-02	-3.291637e+00
1.259000e-05	-1.312439e-02	-3.272282e+00
1.260000e-05	-1.388837e-02	-3.242083e+00
1.261000e-05	-1.337121e-02	-3.231630e+00
1.262000e-05	-1.387554e-02	-3.220554e+00
1.263000e-05	-1.338574e-02	-3.199999e+00
1.264000e-05	-1.279275e-02	-3.169499e+00
1.265000e-05	-1.336938e-02	-3.176871e+00
1.266000e-05	-1.281220e-02	-3.126872e+00
1.267000e-05	-1.216252e-02	-3.074291e+00
1.268000e-05	-1.201238e-02	-3.074786e+00
1.269000e-05	-1.103112e-02	-3.031184e+00
1.270000e-05	-1.201630e-02	-3.000451e+00
1.271000e-05	-1.129235e-02	-2.937342e+00
1.272000e-05	-1.215043e-02	-2.845266e+00
1.273000e-05	-1.065518e-02	-2.831760e+00
1.274000e-05	-1.148715e-02	-2.830554e+00
1.275000e-05	-1.120740e-02	-2.800553e+00
1.276000e-05	-1.057962e-02	-2.800500e+00
1.277000e-05	-9.224125e-03	-2.778999e+00
1.278000e-05	-1.075047e-02	-2.768497e+00
1.279000e-05	-1.040584e-02	-2.747372e+00
1.280000e-05	-8.689926e-03	-2.705367e+00
1.281000e-05	-9.174271e-03	-2.683187e+00
1.282000e-05	-1.019259e-02	-2.622129e+00
1.283000e-05	-9.937402e-03	-2.609554e+00
1.284000e-05	-9.591121e-03	-2.549475e+00
1.285000e-05	-8.256685e-03	-2.559519e+00
1.286000e-05	-1.027031e-02	-2.545316e+00
1.287000e-05	-8.963585e-03	-2.443886e+00
1.288000e-05	-8.406011e-03	-2.440132e+00
1.289000e-05	-7.373776e-03	-2.419529e+00
1.290000e-05	-9.021964e-03	-2.400503e+00
1.291000e-05	-9.822262e-03	-2.389473e+00
1.292000e-05	-8.392292e-03	-2.357946e+00
1.293000e-05	-8.384683e-03	-2.344916e+00
1.294000e-05	-9.631155e-03	-2.313791e+00
1.295000e-05	-9.117245e-03	-2.211207e+00
1.296000e-05	-7.684991e-03	-2.108500e+00
1.297000e-05	-6.704630e-03	-2.105290e+00
1.298000e-05	-8.052638e-03	-2.052157e+00
1.299000e-05	-8.148519e-03	-2.022056e+00
1.300000e-05	-7.112398e-03	-2.000101e+00
1.301000e-05	-6.841335e-03	-1.989524e+00
1.302000e-05	-7.637148e-03	-1.968449e+00
1.303000e-05	-9.196060e-03	-1.937346e+00
1.304000e-05	-6.415787e-03	-1.896367e+00
1.305000e-05	-6.915566e-03	-1.831680e+00
1.306000e-05	-7.158132e-03	-1.821577e+00
1.307000e-05	-8.243147e-03	-1.799476e+00
1.308000e-05	-7.538527e-03	-1.758446e+00
1.309000e-05	-5.798806e-03	-1.715896e+00
1.310000e-05	-5.380333e-03	-1.703160e+00
1.311000e-05	-6.919485e-03	-1.641707e+00
1.312000e-05	-6.437442e-03	-1.601628e+00
1.313000e-05	-6.317062e-03	-1.589999e+00
1.314000e-05	-6.504913e-03	-1.570021e+00
1.315000e-05	-8.249098e-03	-1.495842e+00
1.316000e-05	-6.319931e-03	-1.443316e+00
1.317000e-05	-6.259917e-03	-1.369975e+00
1.318000e-05	-4.900803e-03	-1.384896e+00
1.319000e-05	-5.862149e-03	-1.262838e+00
1.320000e-05	-5.060898e-03	-1.231183e+00
1.321000e-05	-6.173533e-03	-1.189602e+00
1.322000e-05	-5.020550e-03	-1.178972e+00
1.323000e-05	-6.298692e-03	-1.145393e+00
1.324000e-05	-6.058169e-03	-1.064209e+00
1.325000e-05	-5.055829e-03	-1.031109e+00
1.326000e-05	-4.378925e-03	-1.020525e+00
1.327000e-05	-5.036691e-03	-9.669486e-01
1.328000e-05	-5.036572e-03	-9.468947e-01
1.329000e-05	-4.772797e-03	-8.238145e-01
1.330000e-05	-3.633833e-03	-8.642092e-01
1.331000e-05	-4.849952e-03	-8.206040e-01
1.332000e-05	-5.203326e-03	-7.995000e-01
1.333000e-05	-5.044585e-03	-7.974460e-01
1.334000e-05	-3.656594e-03	-6.864671e-01
1.335000e-05	-4.760364e-03	-6.627644e-01
1.336000e-05	-4.634699e-03	-5.610777e-01
1.337000e-05	-4.556566e-03	-5.359221e-01
1.338000e-05	-4.070745e-03	-4.933381e-01
1.339000e-05	-3.873794e-03	-4.311030e-01
1.340000e-05	-3.606210e-03	-4.105249e-01
1.341000e-05	-4.698582e-03	-3.795252e-01
1.342000e-05	-3.287801e-03	-3.779974e-01
1.343000e-05	-3.601211e-03	-3.258409e-01
1.344000e-05	-3.306704e-03	-2.238868e-01
1.345000e-05	-4.809918e-03	-2.116566e-01
1.346000e-05	-3.609739e-03	-1.900264e-01
1.347000e-05	-3.874209e-03	-1.194450e-01
1.348000e-05	-3.187609e-03	-9.441961e-02
1.349000e-05	-2.876060e-03	-8.633309e-02
1.350000e-05	-1.846279e-03	-5.063164e-02
1.351000e-05	-3.376532e-04	-1.205019e-02
1.352000e-05	-5.906706e-04	5.248752e-04
1.353000e-05	-2.263880e-03	1.252876e-02
1.354000e-05	-2.365365e-03	5.407658e-02
1.355000e-05	-2.142807e-03	1.261643e-01
1.356000e-05	-7.531926e-04	2.214258e-01
1.357000e-05	9.969823e-03	2.550027e-01
1.358000e-05	2.197755e-02	3.472406e-01
1.359000e-05	-1.038212e-02	3.794410e-01
1.360000e-05	-4.822877e-02	3.999749e-01
1.361000e-05	-7.028782e-03	4.205251e-01
1.362000e-05	3.400022e-02	4.715314e-01
1.363000e-05	2.115136e-02	5.041093e-01
1.364000e-05	-6.365097e-02	5.483132e-01
1.365000e-05	3.340853e-02	5.879732e-01
1.366000e-05	1.301491e-02	6.224787e-01
1.367000e-05	1.823734e-02	7.035804e-01
1.368000e-05	-2.690933e-02	7.261105e-01
1.369000e-05	-1.537346e-02	7.647657e-01
1.370000e-05	1.210943e-02	7.993760e-01
1.371000e-05	-1.645821e-02	8.103986e-01
1.372000e-05	5.723519e-02	8.420013e-01
1.373000e-05	-6.710926e-02	8.741089e-01
1.374000e-05	4.770276e-04	9.271882e-01
1.375000e-05	1.639324e-02	1.001393e+00
1.376000e-05	3.584110e-02	1.021444e+00
1.377000e-05	-5.893168e-02	1.125613e+00
1.378000e-05	-1.166103e-03	1.139294e+00
1.379000e-05	3.077385e-02	1.189947e+00
1.380000e-05	2.031772e-02	1.211998e+00
1.381000e-05	-3.725989e-02	1.273108e+00
1.382000e-05	-1.093780e-02	1.337213e+00
1.383000e-05	2.325440e-02	1.378872e+00
1.384000e-05	1.159536e-02	1.390396e+00
1.385000e-05	-1.666563e-02	1.471976e+00
1.386000e-05	-1.903426e-02	1.504708e+00
1.387000e-05	3.477554e-02	1.540265e+00
1.388000e-05	-4.878144e-03	1.590953e+00
1.389000e-05	-5.927314e-03	1.691951e+00
1.390000e-05	-1.444753e-02	1.674712e+00
1.391000e-05	2.016873e-02	1.716717e+00
1.392000e-05	-7.751147e-04	1.777843e+00
1.393000e-05	2.497344e-03	1.779799e+00
1.394000e-05	-1.442219e-02	1.861500e+00
1.395000e-05	1.247060e-02	1.853528e+00
1.396000e-05	5.255417e-03	1.915188e+00
1.397000e-05	-3.649583e-03	1.957766e+00
1.398000e-05	-8.101943e-03	1.979474e+00
1.399000e-05	9.512155e-03	1.989953e+00
1.400000e-05	7.094470e-03	2.000525e+00
1.401000e-05	-2.188311e-03	2.061478e+00
1.402000e-05	-5.206059e-03	2.081062e+00
1.403000e-05	5.613921e-03	2.105562e+00
1.404000e-05	7.683945e-03	2.157267e+00
1.405000e-05	-3.323110e-03	2.177946e+00
1.406000e-05	-4.179117e-03	2.199925e+00
1.407000e-05	7.043400e-03	2.262028e+00
1.408000e-05	9.343978e-03	2.254586e+00
1.409000e-05	-2.971476e-03	2.306190e+00
1.410000e-05	-2.437784e-03	2.335717e+00
1.411000e-05	6.276754e-03	2.369349e+00
1.412000e-05	8.236703e-03	2.410475e+00
1.413000e-05	-2.908773e-03	2.400450e+00
1.414000e-05	-1.629881e-03	2.429981e+00
1.415000e-05	3.845642e-03	2.443534e+00
1.416000e-05	9.882015e-03	2.474208e+00
1.417000e-05	-3.308018e-03	2.567767e+00
1.418000e-05	8.277643e-05	2.628380e+00
1.419000e-05	3.773284e-03	2.665575e+00
1.420000e-05	1.028452e-02	2.738290e+00
1.421000e-05	-1.314368e-03	2.775367e+00
1.422000e-05	9.426238e-04	2.769397e+00
1.423000e-05	4.807053e-03	2.789424e+00
1.424000e-05	7.941690e-03	2.789950e+00
1.425000e-05	-2.504697e-04	2.810526e+00
1.426000e-05	-8.354466e-05	2.841555e+00
1.427000e-05	4.935362e-03	2.885605e+00
1.428000e-05	8.040156e-03	2.924662e+00
1.429000e-05	2.952317e-03	2.936791e+00
1.430000e-05	-3.944167e-04	2.937870e+00
1.431000e-05	6.528522e-03	3.009470e+00
1.432000e-05	5.877819e-03	2.999397e+00
1.433000e-05	4.694558e-03	3.032449e+00
1.434000e-05	-3.247324e-04	3.080507e+00
1.435000e-05	6.372010e-03	3.132557e+00
1.436000e-05	6.470244e-03	3.124312e+00
1.437000e-05	5.693504e-03	3.097239e+00
1.438000e-05	-3.262240e-04	3.128267e+00
1.439000e-05	6.619342e-03	3.186822e+00
1.440000e-05	7.077387e-03	3.187850e+00
1.441000e-05	5.391471e-03	3.168897e+00
1.442000e-05	1.697351e-03	3.200499e+00
1.443000e-05	5.840398e-03	3.260475e+00
1.444000e-05	7.801145e-03	3.232053e+00
1.445000e-05	5.526433e-03	3.251102e+00
1.446000e-05	2.003064e-03	3.284082e+00
1.447000e-05	5.353814e-03	3.333682e+00
1.448000e-05	8.405965e-03	3.357114e+00
1.449000e-05	5.615012e-03	3.347342e+00
1.450000e-05	4.005486e-03	3.410376e+00
1.451000e-05	6.392633e-03	3.461905e+00
1.452000e-05	9.891598e-03	3.502605e+00
1.453000e-05	5.942610e-03	3.484561e+00
1.454000e-05	5.122407e-03	3.534136e+00
1.455000e-05	5.234076e-03	3.546815e+00
1.456000e-05	9.161321e-03	3.538340e+00
1.457000e-05	6.259608e-03	3.577847e+00
1.458000e-05	6.365075e-03	3.589949e+00
1.459000e-05	7.491560e-03	3.599973e+00
1.460000e-05	9.908448e-03	3.609448e+00
1.461000e-05	7.483687e-03	3.599450e+00
1.462000e-05	6.339938e-03	3.620000e+00
1.463000e-05	7.495585e-03	3.630501e+00
1.464000e-05	9.470701e-03	3.621051e+00
1.465000e-05	7.860371e-03	3.622028e+00
1.466000e-05	6.539143e-03	3.670505e+00
1.467000e-05	8.230406e-03	3.663107e+00
1.468000e-05	9.855250e-03	3.653109e+00
1.469000e-05	9.596290e-03	3.695112e+00
1.470000e-05	7.404951e-03	3.703611e+00
1.471000e-05	1.019499e-02	3.725160e+00
1.472000e-05	1.094858e-02	3.713112e+00
1.473000e-05	1.166214e-02	3.705757e+00
1.474000e-05	8.449081e-03	3.677238e+00
1.475000e-05	9.214293e-03	3.757268e+00
1.476000e-05	1.091761e-02	3.718319e+00
1.477000e-05	1.128780e-02	3.777871e+00
1.478000e-05	9.120622e-03	3.767791e+00
1.479000e-05	1.089318e-02	3.746940e+00
1.480000e-05	1.300004e-02	3.779319e+00
1.481000e-05	1.295800e-02	3.758369e+00
1.482000e-05	1.076160e-02	3.778920e+00
1.483000e-05	1.111446e-02	3.787895e+00
1.484000e-05	1.274107e-02	3.778946e+00
1.485000e-05	1.297485e-02	3.798924e+00
1.486000e-05	1.313573e-02	3.779997e+00
1.487000e-05	1.291986e-02	3.798871e+00
1.488000e-05	1.428117e-02	3.801449e+00
1.489000e-05	1.539753e-02	3.789474e+00
1.490000e-05	1.360602e-02	3.810397e+00
1.491000e-05	1.267189e-02	3.810949e+00
1.492000e-05	1.447556e-02	3.770449e+00
1.493000e-05	1.632770e-02	3.778999e+00
1.494000e-05	1.545897e-02	3.789974e+00
1.495000e-05	1.457791e-02	3.778947e+00
1.496000e-05	1.566417e-02	3.787471e+00
1.497000e-05	1.592525e-02	3.789371e+00
1.498000e-05	1.590031e-02	3.798897e+00
1.499000e-05	1.515891e-02	3.768920e+00
1.500000e-05	1.575117e-02	3.768446e+00
1.501000e-05	1.697916e-02	3.788916e+00
1.502000e-05	1.807403e-02	3.780919e+00
1.503000e-05	1.603449e-02	3.768419e+00
1.504000e-05	1.620308e-02	3.768345e+00
1.505000e-05	1.668805e-02	3.777837e+00
1.506000e-05	1.738282e-02	3.767292e+00
1.507000e-05	1.492484e-02	3.747871e+00
1.508000e-05	1.508878e-02	3.746367e+00
1.509000e-05	1.637652e-02	3.768291e+00
1.510000e-05	1.707331e-02	3.727211e+00
1.511000e-05	1.510209e-02	3.721214e+00
1.512000e-05	1.575378e-02	3.694157e+00
1.513000e-05	1.565348e-02	3.724657e+00
1.514000e-05	1.611632e-02	3.684657e+00
1.515000e-05	1.504173e-02	3.652135e+00
1.516000e-05	1.397384e-02	3.641080e+00
1.517000e-05	1.438131e-02	3.651609e+00
1.518000e-05	1.605559e-02	3.621600e+00
1.519000e-05	1.449569e-02	3.620054e+00
1.520000e-05	1.454206e-02	3.620503e+00
1.521000e-05	1.389789e-02	3.620024e+00
1.522000e-05	1.513047e-02	3.610001e+00
1.523000e-05	1.388141e-02	3.599999e+00
1.524000e-05	1.277354e-02	3.589475e+00
1.525000e-05	1.195116e-02	3.608969e+00
1.526000e-05	1.280017e-02	3.568449e+00
1.527000e-05	1.278074e-02	3.558399e+00
1.528000e-05	1.126305e-02	3.537369e+00
1.529000e-05	1.175585e-02	3.516811e+00
1.530000e-05	1.289063e-02	3.534789e+00
1.531000e-05	1.287471e-02	3.483061e+00
1.532000e-05	1.147813e-02	3.493029e+00
1.533000e-05	9.319370e-03	3.427848e+00
1.534000e-05	1.231874e-02	3.327869e+00
1.535000e-05	1.103710e-02	3.326336e+00
1.536000e-05	9.346499e-03	3.283787e+00
1.537000e-05	8.583214e-03	3.274706e+00
1.538000e-05	9.949736e-03	3.293154e+00
1.539000e-05	1.046871e-02	3.220579e+00
1.540000e-05	9.274973e-03	3.201053e+00
1.541000e-05	8.132362e-03	3.199499e+00
1.542000e-05	1.017308e-02	3.209524e+00
1.543000e-05	8.838904e-03	3.200450e+00
1.544000e-05	8.561190e-03	3.157944e+00
1.545000e-05	6.051044e-03	3.136918e+00
1.546000e-05	8.107128e-03	3.135290e+00
1.547000e-05	8.390844e-03	3.135764e+00
1.548000e-05	8.196314e-03	3.073679e+00
1.549000e-05	6.749679e-03	3.062206e+00
1.550000e-05	6.797946e-03	3.041027e+00
1.551000e-05	7.656388e-03	2.990978e+00
1.552000e-05	6.940843e-03	2.970445e+00
1.553000e-05	5.913529e-03	2.966916e+00
1.554000e-05	5.087738e-03	2.895847e+00
1.555000e-05	6.908419e-03	2.925259e+00
1.556000e-05	6.785271e-03	2.881784e+00
1.557000e-05	4.977981e-03	2.884155e+00
1.558000e-05	4.257094e-03	2.840530e+00
1.559000e-05	5.813143e-03	2.800053e+00
1.560000e-05	5.671145e-03	2.800001e+00
1.561000e-05	4.469628e-03	2.789022e+00
1.562000e-05	4.643318e-03	2.778895e+00
1.563000e-05	4.421881e-03	2.736367e+00
1.564000e-05	4.768857e-03	2.693332e+00
1.565000e-05	4.652533e-03	2.638663e+00
1.566000e-05	2.487393e-03	2.596970e+00
1.567000e-05	3.767181e-03	2.537967e+00
1.568000e-05	5.077468e-03	2.503259e+00
1.569000e-05	4.958960e-03	2.451130e+00
1.570000e-05	2.180188e-03	2.421100e+00
1.571000e-05	2.647432e-03	2.389499e+00
1.572000e-05	3.161153e-03	2.368919e+00
1.573000e-05	3.626869e-03	2.337417e+00
1.574000e-05	2.070670e-03	2.337313e+00
1.575000e-05	2.488420e-03	2.272708e+00
1.576000e-05	3.410890e-03	2.263603e+00
1.577000e-05	4.251540e-03	2.179551e+00
1.578000e-05	1.217821e-03	2.189423e+00
1.579000e-05	8.985296e-04	2.137420e+00
1.580000e-05	2.285075e-03	2.135888e+00
1.581000e-05	2.960994e-03	2.063736e+00
1.582000e-05	7.449955e-04	2.052132e+00
1.583000e-05	1.082255e-03	2.011103e+00
1.584000e-05	2.572061e-03	2.009525e+00
1.585000e-05	3.334440e-03	1.989021e+00
1.586000e-05	1.179133e-03	1.947920e+00
1.587000e-05	-2.059826e-05	1.925311e+00
1.588000e-05	5.541326e-04	1.863709e+00
1.589000e-05	2.262403e-03	1.849702e+00
1.590000e-05	1.217640e-03	1.829072e+00
1.591000e-05	5.416015e-05	1.746394e+00
1.592000e-05	7.663559e-04	1.726863e+00
1.593000e-05	2.354969e-03	1.745365e+00
1.594000e-05	1.786789e-03	1.643632e+00
1.595000e-05	-2.007720e-04	1.671601e+00
1.596000e-05	-5.530589e-04	1.598618e+00
1.597000e-05	1.085872e-03	1.507916e+00
1.598000e-05	9.577341e-04	1.482704e+00
1.599000e-05	-1.247483e-03	1.409679e+00
1.600000e-05	-5.238734e-04	1.401950e+00
1.601000e-05	2.404062e-03	1.348391e+00
1.602000e-05	1.655225e-03	1.305866e+00
1.603000e-05	-9.767883e-04	1.282258e+00
1.604000e-05	-1.166334e-03	1.212654e+00
1.605000e-05	3.277722e-04	1.189499e+00
1.606000e-05	-2.785972e-04	1.167971e+00
1.607000e-05	-2.004264e-03	1.116360e+00
1.608000e-05	-2.508915e-03	1.054157e+00
1.609000e-05	5.849216e-05	1.009942e+00
1.610000e-05	9.116640e-04	8.949384e-01
1.611000e-05	-1.751327e-03	8.627019e-01
1.612000e-05	-2.515484e-03	8.430765e-01
1.613000e-05	-5.392712e-04	8.100251e-01
1.614000e-05	-4.035948e-04	7.885213e-01
1.615000e-05	-1.236058e-03	7.659434e-01
1.616000e-05	-3.520607e-03	7.138821e-01
1.617000e-05	-1.765363e-03	6.727580e-01
1.618000e-05	-5.622747e-04	6.295504e-01
1.619000e-05	-1.865880e-03	5.879964e-01
1.620000e-05	-3.332968e-03	5.363623e-01
1.621000e-05	-2.605393e-03	5.147868e-01
1.622000e-05	-1.329269e-04	4.631093e-01
1.623000e-05	-1.248688e-03	4.316016e-01
1.624000e-05	-3.293540e-03	3.805000e-01
1.625000e-05	-3.022333e-03	3.984951e-01
1.626000e-05	-1.499032e-03	3.568947e-01
1.627000e-05	-2.912495e-03	3.547372e-01
1.628000e-05	-4.048730e-03	2.406568e-01
1.629000e-05	-3.871039e-03	1.153960e-01
1.630000e-05	-1.493777e-03	1.039422e-01
1.631000e-05	-2.086787e-03	3.170658e-02
1.632000e-05	-2.922103e-03	3.105025e-02
1.633000e-05	-3.818109e-03	1.520003e-03
1.634000e-05	-1.224743e-03	-3.253270e-02
1.635000e-05	-1.369949e-03	-6.406158e-02
1.636000e-05	-1.966675e-03	-1.153095e-01
1.637000e-05	-3.169183e-03	-1.288459e-01
1.638000e-05	-2.376031e-03	-1.994248e-01
1.639000e-05	-1.529694e-03	-2.604539e-01
1.640000e-05	-3.410968e-03	-2.240304e-01
1.641000e-05	5.496588e-03	-3.462167e-01
1.642000e-05	2.755987e-02	-3.188706e-01
1.643000e-05	-3.950161e-04	-3.688749e-01
1.644000e-05	-5.515206e-02	-4.300289e-01
1.645000e-05	-1.138369e-02	-4.215327e-01
1.646000e-05	2.099746e-02	-4.631328e-01
1.647000e-05	4.186751e-02	-4.962105e-01
1.648000e-05	-6.707430e-02	-5.999208e-01
1.649000e-05	4.088552e-02	-6.850865e-01
1.650000e-05	1.896725e-02	-7.122621e-01
1.651000e-05	1.104131e-02	-7.472945e-01
1.652000e-05	-3.157771e-02	-7.893735e-01
1.653000e-05	-1.490391e-02	-7.805275e-01
1.654000e-05	9.540840e-03	-8.405027e-01
1.655000e-05	-3.376059e-02	-9.146379e-01
1.656000e-05	6.635564e-02	-8.758409e-01
1.657000e-05	-7.268281e-02	-9.583659e-01
1.658000e-05	-1.155165e-02	-1.010480e+00
1.659000e-05	9.653367e-03	-1.021033e+00
1.660000e-05	4.827559e-02	-1.084743e+00
1.661000e-05	-7.070875e-02	-1.136789e+00
1.662000e-05	3.850629e-03	-1.148470e+00
1.663000e-05	5.149961e-02	-1.190022e+00
1.664000e-05	5.760747e-03	-1.253059e+00
1.665000e-05	-4.774693e-02	-1.276213e+00
1.666000e-05	-1.250024e-02	-1.338222e+00
1.667000e-05	2.895632e-02	-1.461455e+00
1.668000e-05	1.203464e-03	-1.518793e+00
1.669000e-05	-2.446182e-02	-1.578417e+00
1.670000e-05	-3.325809e-02	-1.567375e+00
1.671000e-05	4.974502e-02	-1.580024e+00
1.672000e-05	-1.137095e-02	-1.632034e+00
1.673000e-05	-3.096636e-02	-1.672110e+00
1.674000e-05	-1.323896e-02	-1.714639e+00
1.675000e-05	2.720488e-02	-1.777770e+00
1.676000e-05	-1.632109e-02	-1.779404e+00
1.677000e-05	-7.234914e-03	-1.820906e+00
1.678000e-05	-1.980197e-02	-1.883029e+00
1.679000e-05	1.250057e-02	-1.903617e+00
1.680000e-05	2.115132e-03	-1.927214e+00
1.681000e-05	-2.332793e-02	-1.987899e+00
1.682000e-05	-1.173648e-02	-1.988947e+00
1.683000e-05	8.724984e-03	-2.010479e+00
1.684000e-05	-5.016676e-04	-2.002029e+00
1.685000e-05	-1.621991e-02	-2.092581e+00
1.686000e-05	-1.409998e-02	-2.113113e+00
1.687000e-05	2.087213e-03	-2.174171e+00
1.688000e-05	4.640882e-03	-2.200426e+00
1.689000e-05	-1.959212e-02	-2.253108e+00
1.690000e-05	-1.251352e-02	-2.326191e+00
1.691000e-05	8.743991e-04	-2.367319e+00
1.692000e-05	1.457682e-03	-2.377975e+00
1.693000e-05	-1.550714e-02	-2.389498e+00
1.694000e-05	-1.355355e-02	-2.430528e+00
1.695000e-05	-1.299087e-03	-2.423004e+00
1.696000e-05	3.878611e-03	-2.493613e+00
1.697000e-05	-1.761915e-02	-2.526716e+00
1.698000e-05	-1.096073e-02	-2.546872e+00
1.699000e-05	-4.107350e-03	-2.558895e+00
1.700000e-05	7.428312e-04	-2.609475e+00
1.701000e-05	-1.431136e-02	-2.641158e+00
1.702000e-05	-1.304120e-02	-2.644085e+00
1.703000e-05	-2.878929e-03	-2.665663e+00
1.704000e-05	7.358034e-04	-2.727818e+00
1.705000e-05	-1.528371e-02	-2.787321e+00
1.706000e-05	-1.267806e-02	-2.809947e+00
1.707000e-05	-5.615522e-03	-2.789972e+00
1.708000e-05	-3.336331e-03	-2.820500e+00
1.709000e-05	-1.251751e-02	-2.831011e+00
1.710000e-05	-1.443113e-02	-2.874581e+00
1.711000e-05	-2.840521e-03	-2.865132e+00
1.712000e-05	-3.439067e-03	-2.875822e+00
1.713000e-05	-9.881336e-03	-2.979347e+00
1.714000e-05	-1.554707e-02	-3.061974e+00
1.715000e-05	-5.257871e-03	-3.063036e+00
1.716000e-05	-6.824450e-03	-3.113195e+00
1.717000e-05	-1.047709e-02	-3.147794e+00
1.718000e-05	-1.576519e-02	-3.138947e+00
1.719000e-05	-4.921405e-03	-3.189974e+00
1.720000e-05	-6.484527e-03	-3.179497e+00
1.721000e-05	-9.146862e-03	-3.210503e+00
1.722000e-05	-1.527521e-02	-3.219556e+00
1.723000e-05	-7.311823e-03	-3.232132e+00
1.724000e-05	-7.986366e-03	-3.263159e+00
1.725000e-05	-1.204342e-02	-3.285213e+00
1.726000e-05	-1.379999e-02	-3.316666e+00
1.727000e-05	-9.297299e-03	-3.276793e+00
1.728000e-05	-5.079663e-03	-3.369821e+00
1.729000e-05	-1.118446e-02	-3.399980e+00
1.730000e-05	-1.357747e-02	-3.380475e+00
1.731000e-05	-1.164095e-02	-3.419979e+00
1.732000e-05	-8.141138e-03	-3.411558e+00
1.733000e-05	-1.305963e-02	-3.433658e+00
1.734000e-05	-1.321983e-02	-3.453109e+00
1.735000e-05	-1.096786e-02	-3.505616e+00
1.736000e-05	-5.865208e-03	-3.526658e+00
1.737000e-05	-1.217061e-02	-3.565768e+00
1.738000e-05	-1.417460e-02	-3.548772e+00
1.739000e-05	-1.364593e-02	-3.578424e+00
1.740000e-05	-9.120099e-03	-3.578450e+00
1.741000e-05	-1.392331e-02	-3.589498e+00
1.742000e-05	-1.475881e-02	-3.598999e+00
1.743000e-05	-1.195578e-02	-3.600501e+00
1.744000e-05	-8.942091e-03	-3.590976e+00
1.745000e-05	-1.161199e-02	-3.611028e+00
1.746000e-05	-1.446655e-02	-3.590054e+00
1.747000e-05	-1.442195e-02	-3.631032e+00
1.748000e-05	-1.138073e-02	-3.651683e+00
1.749000e-05	-1.415266e-02	-3.642084e+00
1.750000e-05	-1.586726e-02	-3.633111e+00
1.751000e-05	-1.483693e-02	-3.724263e+00
1.752000e-05	-1.015997e-02	-3.685266e+00
1.753000e-05	-1.221426e-02	-3.735871e+00
1.754000e-05	-1.671724e-02	-3.747896e+00
1.755000e-05	-1.568517e-02	-3.770352e+00
1.756000e-05	-1.298140e-02	-3.791402e+00
1.757000e-05	-1.445060e-02	-3.798380e+00
1.758000e-05	-1.825550e-02	-3.828903e+00
1.759000e-05	-1.660136e-02	-3.860406e+00
1.760000e-05	-1.269495e-02	-3.851512e+00
1.761000e-05	-1.415303e-02	-3.844083e+00
1.762000e-05	-1.765967e-02	-3.872085e+00
1.763000e-05	-1.719426e-02	-3.933135e+00
1.764000e-05	-1.510774e-02	-3.842759e+00
1.765000e-05	-1.473275e-02	-3.904243e+00
1.766000e-05	-1.925030e-02	-3.884164e+00
1.767000e-05	-1.930080e-02	-3.946237e+00
1.768000e-05	-1.608522e-02	-3.927268e+00
1.769000e-05	-1.608195e-02	-3.936164e+00
1.770000e-05	-1.858646e-02	-3.966292e+00
1.771000e-05	-2.018225e-02	-3.964796e+00
1.772000e-05	-1.745841e-02	-3.928393e+00
1.773000e-05	-1.738705e-02	-3.946339e+00
1.774000e-05	-1.958246e-02	-3.947343e+00
1.775000e-05	-2.174633e-02	-3.946919e+00
1.776000e-05	-1.919018e-02	-3.938892e+00
1.777000e-05	-1.852154e-02	-3.965867e+00
1.778000e-05	-2.009310e-02	-3.897271e+00
1.779000e-05	-2.239423e-02	-3.937845e+00
1.780000e-05	-2.023827e-02	-3.946895e+00
1.781000e-05	-1.922031e-02	-3.945818e+00
1.782000e-05	-1.983455e-02	-3.926871e+00
1.783000e-05	-2.242303e-02	-3.975366e+00
1.784000e-05	-2.130034e-02	-3.888318e+00
1.785000e-05	-2.076199e-02	-3.936786e+00
1.786000e-05	-2.280738e-02	-3.895366e+00
1.787000e-05	-2.340948e-02	-3.856219e+00
1.788000e-05	-2.220736e-02	-3.904340e+00
1.789000e-05	-1.996481e-02	-3.874215e+00
1.790000e-05	-1.967787e-02	-3.854791e+00
1.791000e-05	-2.241675e-02	-3.863637e+00
1.792000e-05	-2.212381e-02	-3.832283e+00
1.793000e-05	-2.091383e-02	-3.849086e+00
1.794000e-05	-2.060901e-02	-3.861584e+00
1.795000e-05	-2.360613e-02	-3.830080e+00
1.796000e-05	-2.182897e-02	-3.801025e+00
1.797000e-05	-2.074671e-02	-3.768949e+00
1.798000e-05	-1.897970e-02	-3.777902e+00
1.799000e-05	-2.187348e-02	-3.747894e+00
1.800000e-05	-2.120502e-02	-3.716867e+00
1.801000e-05	-2.063068e-02	-3.706271e+00
1.802000e-05	-1.938988e-02	-3.672236e+00
1.803000e-05	-2.097810e-02	-3.643687e+00
1.804000e-05	-2.065100e-02	-3.642632e+00
1.805000e-05	-1.836929e-02	-3.641158e+00
1.806000e-05	-1.765111e-02	-3.661533e+00
1.807000e-05	-1.952402e-02	-3.611054e+00
1.808000e-05	-2.053681e-02	-3.600555e+00
1.809000e-05	-1.885950e-02	-3.599524e+00
1.810000e-05	-1.780581e-02	-3.599526e+00
1.811000e-05	-1.923340e-02	-3.608999e+00
1.812000e-05	-1.914201e-02	-3.589500e+00
1.813000e-05	-1.727294e-02	-3.548925e+00
1.814000e-05	-1.608057e-02	-3.568446e+00
1.815000e-05	-1.705494e-02	-3.538942e+00
1.816000e-05	-1.811114e-02	-3.486844e+00
1.817000e-05	-1.694699e-02	-3.515791e+00
1.818000e-05	-1.575930e-02	-3.475264e+00
1.819000e-05	-1.638230e-02	-3.453813e+00
1.820000e-05	-1.739223e-02	-3.472633e+00
1.821000e-05	-1.662446e-02	-3.430634e+00
1.822000e-05	-1.438433e-02	-3.409102e+00
1.823000e-05	-1.412490e-02	-3.397496e+00
1.824000e-05	-1.588795e-02	-3.398478e+00
1.825000e-05	-1.517002e-02	-3.378421e+00
1.826000e-05	-1.430494e-02	-3.316365e+00
1.827000e-05	-1.351824e-02	-3.303291e+00
1.828000e-05	-1.548993e-02	-3.273766e+00
1.829000e-05	-1.482451e-02	-3.232705e+00
1.830000e-05	-1.321346e-02	-3.272081e+00
1.831000e-05	-1.259687e-02	-3.210603e+00
1.832000e-05	-1.368975e-02	-3.220001e+00
1.833000e-05	-1.424738e-02	-3.188999e+00
1.834000e-05	-1.199243e-02	-3.217497e+00
1.835000e-05	-1.175154e-02	-3.157371e+00
1.836000e-05	-1.261689e-02	-3.125295e+00
1.837000e-05	-1.356116e-02	-3.102813e+00
1.838000e-05	-1.274090e-02	-3.032178e+00
1.839000e-05	-1.131554e-02	-2.971501e+00
1.840000e-05	-1.197610e-02	-2.955972e+00
1.841000e-05	-1.194302e-02	-2.926291e+00
1.842000e-05	-1.120837e-02	-2.861684e+00
1.843000e-05	-1.044155e-02	-2.831155e+00
1.844000e-05	-1.008840e-02	-2.811033e+00
1.845000e-05	-1.183686e-02	-2.800500e+00
1.846000e-05	-1.100249e-02	-2.788975e+00
1.847000e-05	-9.961352e-03	-2.769500e+00
1.848000e-05	-1.064583e-02	-2.757971e+00
1.849000e-05	-1.051519e-02	-2.745388e+00
1.850000e-05	-1.127080e-02	-2.704242e+00
1.851000e-05	-9.258496e-03	-2.633209e+00
1.852000e-05	-8.974162e-03	-2.640076e+00
1.853000e-05	-9.624182e-03	-2.570029e+00
1.854000e-05	-9.441953e-03	-2.598471e+00
1.855000e-05	-8.607325e-03	-2.526872e+00
1.856000e-05	-8.363828e-03	-2.475318e+00
1.857000e-05	-8.932369e-03	-2.462633e+00
1.858000e-05	-1.042245e-02	-2.400657e+00
1.859000e-05	-8.294391e-03	-2.400578e+00
1.860000e-05	-8.576531e-03	-2.410550e+00
1.861000e-05	-7.986305e-03	-2.389525e+00
1.862000e-05	-8.621523e-03	-2.368420e+00
1.863000e-05	-8.740035e-03	-2.344295e+00
1.864000e-05	-6.568505e-03	-2.261759e+00
1.865000e-05	-7.390275e-03	-2.201128e+00
1.866000e-05	-8.299781e-03	-2.157476e+00
1.867000e-05	-8.553222e-03	-2.093838e+00
1.868000e-05	-7.518295e-03	-2.054234e+00
1.869000e-05	-7.133447e-03	-2.031180e+00
1.870000e-05	-8.485403e-03	-2.000601e+00
1.871000e-05	-8.527495e-03	-1.989000e+00
1.872000e-05	-6.387375e-03	-1.948371e+00
1.873000e-05	-5.621494e-03	-1.905442e+00
1.874000e-05	-5.979779e-03	-1.845789e+00
1.875000e-05	-8.507539e-03	-1.890132e+00
1.876000e-05	-5.794645e-03	-1.811028e+00
1.877000e-05	-6.526806e-03	-1.787501e+00
1.878000e-05	-6.977001e-03	-1.757995e+00
1.879000e-05	-8.200383e-03	-1.665412e+00
1.880000e-05	-6.915559e-03	-1.650189e+00
1.881000e-05	-5.115459e-03	-1.621178e+00
1.882000e-05	-6.091546e-03	-1.630076e+00
1.883000e-05	-6.055023e-03	-1.590025e+00
1.884000e-05	-5.899951e-03	-1.537971e+00
1.885000e-05	-4.424041e-03	-1.482917e+00
1.886000e-05	-5.230425e-03	-1.460158e+00
1.887000e-05	-7.211136e-03	-1.399171e+00
1.888000e-05	-7.601449e-03	-1.293793e+00
1.889000e-05	-5.879950e-03	-1.221756e+00
1.890000e-05	-5.319318e-03	-1.210651e+00
1.891000e-05	-5.811760e-03	-1.169071e+00
1.892000e-05	-5.606729e-03	-1.135947e+00
1.893000e-05	-4.175337e-03	-1.055839e+00
1.894000e-05	-3.923461e-03	-1.063232e+00
1.895000e-05	-6.723666e-03	-1.020207e+00
1.896000e-05	-5.704769e-03	-1.006549e+00
1.897000e-05	-5.736399e-03	-9.389425e-01
1.898000e-05	-3.713571e-03	-9.478145e-01
1.899000e-05	-6.962430e-03	-8.707804e-01
1.900000e-05	-5.316406e-03	-8.116290e-01
1.901000e-05	-4.830635e-03	-8.095001e-01
1.902000e-05	-3.760432e-03	-7.790013e-01
1.903000e-05	-5.210162e-03	-7.583960e-01
1.904000e-05	-5.134202e-03	-7.243645e-01
1.905000e-05	-4.093770e-03	-6.127607e-01
1.906000e-05	-3.791887e-03	-6.281513e-01
1.907000e-05	-4.029850e-03	-4.748895e-01
1.908000e-05	-6.459161e-03	-4.432831e-01
1.909000e-05	-3.846139e-03	-4.216552e-01
1.910000e-05	-4.147943e-03	-3.995264e-01
1.911000e-05	-3.095036e-03	-3.689999e-01
1.912000e-05	-5.519301e-03	-3.364961e-01
1.913000e-05	-3.824587e-03	-3.153631e-01
1.914000e-05	-3.308065e-03	-2.317641e-01
1.915000e-05	-2.986457e-03	-2.205755e-01
1.916000e-05	-5.065045e-03	-1.979962e-01
1.917000e-05	-3.340002e-03	-1.579709e-01
1.918000e-05	-3.315320e-03	-1.144134e-01
1.919000e-05	-1.534575e-03	-4.423315e-02
1.920000e-05	-3.028031e-03	-3.107782e-02
1.921000e-05	-1.586206e-03	9.749938e-04
1.922000e-05	-6.853727e-04	-2.499967e-05
1.923000e-05	-1.285946e-03	7.262900e-02
1.924000e-05	-2.481059e-03	8.468547e-02
1.925000e-05	-2.148029e-03	1.877420e-01
1.926000e-05	2.784396e-03	2.330063e-01
1.927000e-05	1.828798e-02	3.055577e-01
1.928000e-05	1.681136e-02	3.577946e-01
1.929000e-05	-3.397763e-02	3.998485e-01
1.930000e-05	-4.050058e-02	4.020013e-01
1.931000e-05	2.096720e-02	4.220276e-01
1.932000e-05	2.393714e-02	4.535817e-01
1.933000e-05	-3.566983e-03	5.266867e-01
1.934000e-05	-5.212515e-02	5.283471e-01
1.935000e-05	5.715123e-02	5.798950e-01
1.936000e-05	6.634849e-03	6.135814e-01
1.937000e-05	-6.237226e-03	6.846079e-01
1.938000e-05	-2.190350e-02	7.246394e-01
1.939000e-05	-4.413865e-03	7.677149e-01
1.940000e-05	-2.858368e-03	7.998948e-01
1.941000e-05	3.542301e-02	8.104749e-01
1.942000e-05	-7.883969e-03	8.435602e-01
1.943000e-05	-3.001477e-02	8.837329e-01
1.944000e-05	-1.314410e-02	9.597172e-01
1.945000e-05	5.601047e-02	9.989501e-01
1.946000e-05	-1.713030e-02	1.083410e+00
1.947000e-05	-4.945047e-02	1.169285e+00
1.948000e-05	3.323070e-02	1.209798e+00
1.949000e-05	2.110355e-02	1.210399e+00
1.950000e-05	4.868390e-03	1.251982e+00
1.951000e-05	-4.984048e-02	1.305084e+00
1.952000e-05	2.214594e-02	1.337696e+00
1.953000e-05	1.351145e-02	1.389898e+00
1.954000e-05	8.233710e-03	1.390453e+00
1.955000e-05	-3.686063e-02	1.485610e+00
1.956000e-05	1.778241e-02	1.566762e+00
1.957000e-05	1.801902e-02	1.590818e+00
1.958000e-05	-5.710559e-03	1.641524e+00
1.959000e-05	-1.792965e-02	1.724615e+00
1.960000e-05	5.480606e-03	1.636283e+00
1.961000e-05	1.118420e-02	1.765242e+00
1.962000e-05	-6.828741e-04	1.768892e+00
1.963000e-05	-5.602673e-03	1.830476e+00
1.964000e-05	-6.213449e-03	1.903528e+00
1.965000e-05	1.784785e-02	1.844059e+00
1.966000e-05	-1.720990e-03	1.937738e+00
1.967000e-05	-6.150140e-03	1.968295e+00
1.968000e-05	-4.401711e-03	1.978397e+00
1.969000e-05	1.568347e-02	1.999950e+00
1.970000e-05	-2.439532e-03	2.010501e+00
1.971000e-05	-4.004453e-03	2.043534e+00
1.972000e-05	-4.765442e-03	2.095114e+00
1.973000e-05	1.326766e-02	2.094712e+00
1.974000e-05	1.815714e-03	2.157270e+00
1.975000e-05	-4.495585e-03	2.190420e+00
1.976000e-05	-3.237318e-03	2.210554e+00
1.977000e-05	1.316253e-02	2.271603e+00
1.978000e-05	2.517945e-03	2.294715e+00
1.979000e-05	-4.179478e-03	2.326738e+00
1.980000e-05	-3.017425e-03	2.357893e+00
1.981000e-05	1.174632e-02	2.367896e+00
1.982000e-05	2.817176e-03	2.409948e+00
1.983000e-05	-3.944039e-03	2.411528e+00
1.984000e-05	-6.132972e-04	2.463058e+00
1.985000e-05	1.023911e-02	2.523110e+00
1.986000e-05	7.110341e-03	2.537737e+00
1.987000e-05	-3.342887e-03	2.558794e+00
1.988000e-05	2.311331e-04	2.669949e+00
1.989000e-05	6.940883e-03	2.734613e+00
1.990000e-05	6.145216e-03	2.737713e+00
1.991000e-05	-5.666567e-03	2.766320e+00
1.992000e-05	2.207301e-03	2.788920e+00
1.993000e-05	6.893326e-03	2.800499e+00
1.994000e-05	9.933197e-03	2.821000e+00
1.995000e-05	-3.249885e-03	2.821051e+00
1.996000e-05	3.853153e-03	2.852004e+00
1.997000e-05	4.874388e-03	2.914634e+00
1.998000e-05	8.646736e-03	2.926714e+00
1.999000e-05	-3.172518e-03	2.926737e+00
2.000000e-05	1.482676e-03	2.937346e+00
2.001000e-05	5.370541e-03	3.000396e+00
2.002000e-05	9.248990e-03	3.000550e+00
2.003000e-05	1.505203e-03	3.020051e+00
2.004000e-05	2.559505e-03	3.041078e+00
2.005000e-05	6.757212e-03	3.083614e+00
2.006000e-05	8.237793e-03	3.145238e+00
2.007000e-05	2.903325e-03	3.138265e+00
2.008000e-05	3.948436e-04	3.167413e+00
2.009000e-05	5.766187e-03	3.189846e+00
2.010000e-05	7.513478e-03	3.188871e+00
2.011000e-05	4.838521e-03	3.209971e+00
2.012000e-05	1.558758e-03	3.210475e+00
2.013000e-05	6.290069e-03	3.272001e+00
2.014000e-05	8.294249e-03	3.242056e+00
2.015000e-05	5.844085e-03	3.243605e+00
2.016000e-05	2.063936e-03	3.304608e+00
2.017000e-05	6.326582e-03	3.295138e+00
2.018000e-05	8.315761e-03	3.346292e+00
2.019000e-05	6.729528e-03	3.379765e+00
2.020000e-05	3.655016e-03	3.388421e+00
2.021000e-05	6.795548e-03	3.451958e+00
2.022000e-05	8.301772e-03	3.485107e+00
2.023000e-05	7.575091e-03	3.525658e+00
2.024000e-05	3.821720e-03	3.506111e+00
2.025000e-05	6.846363e-03	3.576270e+00
2.026000e-05	8.342431e-03	3.529319e+00
2.027000e-05	7.810110e-03	3.559848e+00
2.028000e-05	5.978943e-03	3.569449e+00
2.029000e-05	5.842534e-03	3.598949e+00
2.030000e-05	9.373137e-03	3.599499e+00
2.031000e-05	7.422663e-03	3.610000e+00
2.032000e-05	6.701933e-03	3.601050e+00
2.033000e-05	6.020376e-03	3.611027e+00
2.034000e-05	9.151375e-03	3.610050e+00
2.035000e-05	9.585230e-03	3.621002e+00
2.036000e-05	7.729185e-03	3.621132e+00
2.037000e-05	8.727147e-03	3.643079e+00
2.038000e-05	1.030836e-02	3.652555e+00
2.039000e-05	9.911838e-03	3.693604e+00
2.040000e-05	8.761342e-03	3.684133e+00
2.041000e-05	7.932973e-03	3.683307e+00
2.042000e-05	1.088519e-02	3.706633e+00
2.043000e-05	9.598986e-03	3.704262e+00
2.044000e-05	9.433276e-03	3.674215e+00
2.045000e-05	1.029632e-02	3.737791e+00
2.046000e-05	1.103461e-02	3.726817e+00
2.047000e-05	1.218634e-02	3.778691e+00
2.048000e-05	1.075624e-02	3.768868e+00
2.049000e-05	9.908756e-03	3.787820e+00
2.050000e-05	1.107375e-02	3.798895e+00
2.051000e-05	1.260863e-02	3.768872e+00
2.052000e-05	1.174010e-02	3.769419e+00
2.053000e-05	1.166261e-02	3.768917e+00
2.054000e-05	1.251884e-02	3.789421e+00
2.055000e-05	1.464050e-02	3.768546e+00
2.056000e-05	1.365339e-02	3.799397e+00
2.057000e-05	1.312552e-02	3.768900e+00
2.058000e-05	1.264536e-02	3.808497e+00
2.059000e-05	1.327228e-02	3.829946e+00
2.060000e-05	1.350318e-02	3.808575e+00
2.061000e-05	1.365430e-02	3.778950e+00
2.062000e-05	1.390860e-02	3.800475e+00
2.063000e-05	1.558371e-02	3.820425e+00
2.064000e-05	1.659585e-02	3.809500e+00
2.065000e-05	1.546887e-02	3.818998e+00
2.066000e-05	1.603206e-02	3.800949e+00
2.067000e-05	1.553185e-02	3.807948e+00
2.068000e-05	1.505700e-02	3.788396e+00
2.069000e-05	1.468431e-02	3.798946e+00
2.070000e-05	1.595806e-02	3.749970e+00
2.071000e-05	1.673662e-02	3.778894e+00
2.072000e-05	1.687841e-02	3.797844e+00
2.073000e-05	1.640543e-02	3.737844e+00
2.074000e-05	1.705912e-02	3.778314e+00
2.075000e-05	1.666527e-02	3.748841e+00
2.076000e-05	1.499114e-02	3.727317e+00
2.077000e-05	1.492923e-02	3.756338e+00
2.078000e-05	1.622956e-02	3.706289e+00
2.079000e-05	1.652467e-02	3.725286e+00
2.080000e-05	1.566476e-02	3.695261e+00
2.081000e-05	1.663819e-02	3.665158e+00
2.082000e-05	1.679297e-02	3.683586e+00
2.083000e-05	1.448242e-02	3.663158e+00
2.084000e-05	1.432027e-02	3.683682e+00
2.085000e-05	1.367832e-02	3.653133e+00
2.086000e-05	1.530109e-02	3.701079e+00
2.087000e-05	1.496393e-02	3.642075e+00
2.088000e-05	1.491500e-02	3.610028e+00
2.089000e-05	1.379729e-02	3.620002e+00
2.090000e-05	1.494803e-02	3.610073e+00
2.091000e-05	1.272794e-02	3.610025e+00
2.092000e-05	1.192430e-02	3.600975e+00
2.093000e-05	1.233786e-02	3.609474e+00
2.094000e-05	1.340227e-02	3.598974e+00
2.095000e-05	1.343819e-02	3.588996e+00
2.096000e-05	1.287703e-02	3.588921e+00
2.097000e-05	1.287080e-02	3.556344e+00
2.098000e-05	1.236703e-02	3.535415e+00
2.099000e-05	1.166863e-02	3.506836e+00
2.100000e-05	1.030905e-02	3.493653e+00
2.101000e-05	1.102915e-02	3.468684e+00
2.102000e-05	1.087272e-02	3.360994e+00
2.103000e-05	1.074887e-02	3.429920e+00
2.104000e-05	1.018004e-02	3.368840e+00
2.105000e-05	9.994402e-03	3.305337e+00
2.106000e-05	1.138739e-02	3.303237e+00
2.107000e-05	9.888188e-03	3.232111e+00
2.108000e-05	9.911451e-03	3.251602e+00
2.109000e-05	8.878584e-03	3.230582e+00
2.110000e-05	9.604179e-03	3.201027e+00
2.111000e-05	8.575707e-03	3.210525e+00
2.112000e-05	7.280548e-03	3.199024e+00
2.113000e-05	8.342590e-03	3.189997e+00
2.114000e-05	8.125026e-03	3.188395e+00
2.115000e-05	9.441201e-03	3.166918e+00
2.116000e-05	7.880314e-03	3.127739e+00
2.117000e-05	8.394917e-03	3.093233e+00
2.118000e-05	7.270489e-03	3.053233e+00
2.119000e-05	7.372088e-03	3.000554e+00
2.120000e-05	6.034142e-03	3.031052e+00
2.121000e-05	5.494891e-03	3.008999e+00
2.122000e-05	6.596591e-03	2.978896e+00
2.123000e-05	6.976020e-03	2.966317e+00
2.124000e-05	7.000568e-03	2.895338e+00
2.125000e-05	6.029009e-03	2.894287e+00
2.126000e-05	6.066509e-03	2.892634e+00
2.127000e-05	6.029606e-03	2.832053e+00
2.128000e-05	5.656768e-03	2.841053e+00
2.129000e-05	4.641449e-03	2.791504e+00
2.130000e-05	3.722710e-03	2.799524e+00
2.131000e-05	5.426239e-03	2.778421e+00
2.132000e-05	5.209204e-03	2.738918e+00
2.133000e-05	5.515299e-03	2.737316e+00
2.134000e-05	3.982501e-03	2.692704e+00
2.135000e-05	5.806437e-03	2.608549e+00
2.136000e-05	2.165224e-03	2.588044e+00
2.137000e-05	3.905221e-03	2.492685e+00
2.138000e-05	1.594109e-03	2.493633e+00
2.139000e-05	3.707921e-03	2.442078e+00
2.140000e-05	4.778093e-03	2.419550e+00
2.141000e-05	3.921217e-03	2.400496e+00
2.142000e-05	2.909113e-03	2.359471e+00
2.143000e-05	2.965287e-03	2.305819e+00
2.144000e-05	2.695130e-03	2.324311e+00
2.145000e-05	2.265327e-03	2.314257e+00
2.146000e-05	1.795967e-03	2.240649e+00
2.147000e-05	2.260193e-03	2.211001e+00
2.148000e-05	4.196538e-03	2.189424e+00
2.149000e-05	2.136475e-03	2.187342e+00
2.150000e-05	2.152166e-03	2.104733e+00
2.151000e-05	1.106335e-03	2.102683e+00
2.152000e-05	2.874518e-03	2.022079e+00
2.153000e-05	1.511827e-03	2.021076e+00
2.154000e-05	1.149653e-03	2.000000e+00
2.155000e-05	6.754255e-04	1.979450e+00
2.156000e-05	3.042945e-03	1.957390e+00
2.157000e-05	3.046056e-03	1.923241e+00
2.158000e-05	1.783816e-04	1.872179e+00
2.159000e-05	1.602739e-03	1.811500e+00
2.160000e-05	2.059620e-03	1.777991e+00
2.161000e-05	9.371358e-04	1.727746e+00
2.162000e-05	1.468011e-04	1.773367e+00
2.163000e-05	-1.242141e-03	1.676259e+00
2.164000e-05	6.020623e-04	1.641631e+00
2.165000e-05	1.718767e-03	1.608095e+00
2.166000e-05	1.145251e-04	1.569438e+00
2.167000e-05	-7.523572e-04	1.483807e+00
2.168000e-05	9.569866e-04	1.472633e+00
2.169000e-05	1.335835e-03	1.400529e+00
2.170000e-05	-9.810376e-04	1.359500e+00
2.171000e-05	-1.635019e-03	1.337416e+00
2.172000e-05	-1.759394e-04	1.303784e+00
2.173000e-05	-9.530017e-05	1.292208e+00
2.174000e-05	-1.298096e-03	1.201651e+00
2.175000e-05	-1.921837e-03	1.179046e+00
2.176000e-05	6.354070e-04	1.136891e+00
2.177000e-05	6.799669e-04	1.123808e+00
2.178000e-05	-9.713509e-04	1.012600e+00
2.179000e-05	-1.534145e-03	9.570702e-01
2.180000e-05	-1.416507e-03	8.758382e-01
2.181000e-05	-1.013867e-03	8.531294e-01
2.182000e-05	-1.776672e-03	8.005264e-01
2.183000e-05	-2.383931e-03	8.105475e-01
2.184000e-05	-8.784268e-04	7.474974e-01
2.185000e-05	-2.828597e-04	7.368121e-01
2.186000e-05	-1.024000e-03	6.742330e-01
2.187000e-05	-2.110915e-03	6.126791e-01
2.188000e-05	-1.377779e-03	6.095252e-01
2.189000e-05	-1.393444e-03	5.689436e-01
2.190000e-05	-1.700061e-03	5.153872e-01
2.191000e-05	-3.080115e-03	5.038057e-01
2.192000e-05	-2.142307e-03	4.427304e-01
2.193000e-05	-1.716000e-03	4.105490e-01
2.194000e-05	-2.300818e-03	4.015264e-01
2.195000e-05	-3.100265e-03	3.784937e-01
2.196000e-05	-2.735609e-03	3.264610e-01
2.197000e-05	-2.014823e-03	2.726793e-01
2.198000e-05	-1.348518e-03	1.706491e-01
2.199000e-05	-2.871939e-03	1.049411e-01
2.200000e-05	-3.402642e-03	6.223333e-02
2.201000e-05	-3.275672e-03	3.065533e-02
2.202000e-05	-2.911046e-03	2.102375e-02
2.203000e-05	-2.108029e-03	-3.197750e-02
2.204000e-05	-2.561608e-03	-5.163152e-02
2.205000e-05	-1.523781e-03	-6.468197e-02
2.206000e-05	-1.692830e-03	-1.568143e-01
2.207000e-05	-6.926021e-04	-1.683236e-01
2.208000e-05	-2.430966e-03	-2.210026e-01
2.209000e-05	-3.049878e-03	-2.516328e-01
2.210000e-05	-1.057656e-03	-3.047079e-01
2.211000e-05	1.677625e-02	-3.062931e-01
2.212000e-05	2.584455e-02	-3.663222e-01
2.213000e-05	-3.585327e-02	-3.999274e-01
2.214000e-05	-4.651147e-02	-4.204815e-01
2.215000e-05	2.135950e-02	-4.415829e-01
2.216000e-05	1.963396e-02	-4.730092e-01
2.217000e-05	1.361356e-02	-5.566230e-01
2.218000e-05	-5.126168e-02	-6.623511e-01
2.219000e-05	6.383592e-02	-6.847154e-01
2.220000e-05	5.560830e-03	-7.457382e-01
2.221000e-05	-9.900407e-03	-7.699987e-01
2.222000e-05	-2.065610e-02	-8.298761e-01
2.223000e-05	-7.376466e-03	-8.105287e-01
2.224000e-05	-7.226152e-03	-8.525815e-01
2.225000e-05	7.860206e-03	-9.057181e-01
2.226000e-05	1.972783e-02	-9.773683e-01
2.227000e-05	-5.906611e-02	-9.883462e-01
2.228000e-05	-7.151387e-03	-1.000025e+00
2.229000e-05	4.863299e-02	-1.082635e+00
2.230000e-05	3.041876e-03	-1.125739e+00
2.231000e-05	-5.673203e-02	-1.137193e+00
2.232000e-05	5.222980e-02	-1.189849e+00
2.233000e-05	1.731849e-02	-1.231960e+00
2.234000e-05	-1.207067e-02	-1.314690e+00
2.235000e-05	-5.693443e-02	-1.306212e+00
2.236000e-05	2.444408e-02	-1.358876e+00
2.237000e-05	1.182848e-02	-1.460585e+00
2.238000e-05	5.116833e-04	-1.548391e+00
2.239000e-05	-4.715609e-02	-1.579369e+00
2.240000e-05	1.323278e-02	-1.598474e+00
2.241000e-05	3.337337e-02	-1.610500e+00
2.242000e-05	-3.244060e-02	-1.623033e+00
2.243000e-05	-2.623399e-02	-1.683133e+00
2.244000e-05	8.793057e-03	-1.695243e+00
2.245000e-05	1.626475e-02	-1.778770e+00
2.246000e-05	-2.136556e-02	-1.799426e+00
2.247000e-05	-8.335186e-03	-1.811053e+00
2.248000e-05	-1.251722e-02	-1.863084e+00
2.249000e-05	1.944532e-02	-1.904614e+00
2.250000e-05	-1.567807e-02	-1.907243e+00
2.251000e-05	-2.139646e-02	-1.988422e+00
2.252000e-05	-3.138010e-03	-1.979975e+00
2.253000e-05	1.104008e-02	-2.000529e+00
2.254000e-05	-1.135294e-02	-2.001003e+00
2.255000e-05	-1.607860e-02	-2.063606e+00
2.256000e-05	-1.096498e-02	-2.124213e+00
2.257000e-05	1.085362e-02	-2.188271e+00
2.258000e-05	-6.963464e-03	-2.232427e+00
2.259000e-05	-2.050657e-02	-2.307119e+00
2.260000e-05	-6.354353e-03	-2.368316e+00
2.261000e-05	6.883580e-03	-2.367900e+00
2.262000e-05	-7.085640e-03	-2.399000e+00
2.263000e-05	-1.922052e-02	-2.410976e+00
2.264000e-05	-1.091680e-02	-2.421506e+00
2.265000e-05	7.462850e-03	-2.483604e+00
2.266000e-05	-6.135613e-03	-2.514614e+00
2.267000e-05	-1.933703e-02	-2.537268e+00
2.268000e-05	-7.228482e-03	-2.529771e+00
2.269000e-05	1.731984e-03	-2.609924e+00
2.270000e-05	-3.984253e-03	-2.652528e+00
2.271000e-05	-1.960998e-02	-2.672528e+00
2.272000e-05	-9.890372e-03	-2.663114e+00
2.273000e-05	1.037765e-03	-2.745194e+00
2.274000e-05	-4.452206e-03	-2.778845e+00
2.275000e-05	-1.961616e-02	-2.788449e+00
2.276000e-05	-8.850359e-03	-2.789447e+00
2.277000e-05	-2.632518e-03	-2.809950e+00
2.278000e-05	-1.246780e-03	-2.799503e+00
2.279000e-05	-1.880499e-02	-2.852078e+00
2.280000e-05	-9.449312e-03	-2.883688e+00
2.281000e-05	-2.993520e-03	-2.915716e+00
2.282000e-05	-4.825534e-03	-2.936351e+00
2.283000e-05	-1.748949e-02	-2.949451e+00
2.284000e-05	-1.229306e-02	-3.072482e+00
2.285000e-05	-4.973515e-03	-3.115135e+00
2.286000e-05	-4.467425e-03	-3.136241e+00
2.287000e-05	-1.436896e-02	-3.157421e+00
2.288000e-05	-1.313518e-02	-3.187949e+00
2.289000e-05	-4.948390e-03	-3.218974e+00
2.290000e-05	-6.877157e-03	-3.199980e+00
2.291000e-05	-1.272515e-02	-3.240051e+00
2.292000e-05	-1.551729e-02	-3.231580e+00
2.293000e-05	-5.716528e-03	-3.272179e+00
2.294000e-05	-7.758690e-03	-3.274113e+00
2.295000e-05	-1.271232e-02	-3.307192e+00
2.296000e-05	-1.575011e-02	-3.315744e+00
2.297000e-05	-6.175440e-03	-3.337345e+00
2.298000e-05	-7.585654e-03	-3.328422e+00
2.299000e-05	-1.268425e-02	-3.408425e+00
2.300000e-05	-1.506397e-02	-3.430499e+00
2.301000e-05	-7.661598e-03	-3.420004e+00
2.302000e-05	-8.310604e-03	-3.431006e+00
2.303000e-05	-1.363117e-02	-3.454112e+00
2.304000e-05	-1.677452e-02	-3.464261e+00
2.305000e-05	-8.432880e-03	-3.526711e+00
2.306000e-05	-7.637956e-03	-3.505893e+00
2.307000e-05	-1.413171e-02	-3.567193e+00
2.308000e-05	-1.561105e-02	-3.558346e+00
2.309000e-05	-1.037449e-02	-3.548871e+00
2.310000e-05	-8.030634e-03	-3.589975e+00
2.311000e-05	-1.413750e-02	-3.579901e+00
2.312000e-05	-1.547450e-02	-3.609476e+00
2.313000e-05	-1.163320e-02	-3.609000e+00
2.314000e-05	-9.528785e-03	-3.620976e+00
2.315000e-05	-1.464802e-02	-3.609502e+00
2.316000e-05	-1.572893e-02	-3.612530e+00
2.317000e-05	-1.287877e-02	-3.640530e+00
2.318000e-05	-9.466797e-03	-3.632555e+00
2.319000e-05	-1.407473e-02	-3.683080e+00
2.320000e-05	-1.575532e-02	-3.703637e+00
2.321000e-05	-1.349493e-02	-3.683738e+00
2.322000e-05	-1.170492e-02	-3.694822e+00
2.323000e-05	-1.521714e-02	-3.746243e+00
2.324000e-05	-1.609702e-02	-3.757263e+00
2.325000e-05	-1.484828e-02	-3.809252e+00
2.326000e-05	-1.233639e-02	-3.767898e+00
2.327000e-05	-1.452689e-02	-3.821506e+00
2.328000e-05	-1.610639e-02	-3.811457e+00
2.329000e-05	-1.531506e-02	-3.861534e+00
2.330000e-05	-1.397800e-02	-3.842486e+00
2.331000e-05	-1.555215e-02	-3.871981e+00
2.332000e-05	-1.729202e-02	-3.844137e+00
2.333000e-05	-1.737719e-02	-3.903140e+00
2.334000e-05	-1.567981e-02	-3.894692e+00
2.335000e-05	-1.660507e-02	-3.922262e+00
2.336000e-05	-1.859681e-02	-3.914239e+00
2.337000e-05	-1.712822e-02	-3.945817e+00
2.338000e-05	-1.694765e-02	-3.935370e+00
2.339000e-05	-1.665302e-02	-3.915795e+00
2.340000e-05	-2.031811e-02	-3.935819e+00
2.341000e-05	-1.773325e-02	-3.947893e+00
2.342000e-05	-1.854971e-02	-3.956891e+00
2.343000e-05	-1.844145e-02	-3.927795e+00
2.344000e-05	-2.099698e-02	-3.935893e+00
2.345000e-05	-1.969797e-02	-3.967817e+00
2.346000e-05	-1.858307e-02	-3.937291e+00
2.347000e-05	-2.046916e-02	-3.966847e+00
2.348000e-05	-1.994485e-02	-3.964845e+00
2.349000e-05	-2.056333e-02	-3.956942e+00
2.350000e-05	-2.039562e-02	-3.936866e+00
2.351000e-05	-2.101876e-02	-3.967368e+00
2.352000e-05	-2.163589e-02	-3.934290e+00
2.353000e-05	-2.087726e-02	-3.947343e+00
2.354000e-05	-2.051556e-02	-3.936868e+00
2.355000e-05	-2.170815e-02	-3.925368e+00
2.356000e-05	-2.294631e-02	-3.955342e+00
2.357000e-05	-2.265407e-02	-3.904741e+00
2.358000e-05	-2.128581e-02	-3.905866e+00
2.359000e-05	-2.094096e-02	-3.894265e+00
2.360000e-05	-2.127097e-02	-3.881763e+00
2.361000e-05	-1.995092e-02	-3.871159e+00
2.362000e-05	-2.115069e-02	-3.821687e+00
2.363000e-05	-2.132515e-02	-3.842583e+00
2.364000e-05	-2.296064e-02	-3.822056e+00
2.365000e-05	-2.299723e-02	-3.761609e+00
2.366000e-05	-2.136166e-02	-3.749980e+00
2.367000e-05	-2.106454e-02	-3.777501e+00
2.368000e-05	-1.975523e-02	-3.748503e+00
2.369000e-05	-2.048122e-02	-3.714842e+00
2.370000e-05	-1.936763e-02	-3.655868e+00
2.371000e-05	-1.949220e-02	-3.694291e+00
2.372000e-05	-2.104474e-02	-3.642736e+00
2.373000e-05	-2.055498e-02	-3.621780e+00
2.374000e-05	-2.006081e-02	-3.642588e+00
2.375000e-05	-2.132673e-02	-3.621632e+00
2.376000e-05	-1.908998e-02	-3.621655e+00
2.377000e-05	-1.886217e-02	-3.600529e+00
2.378000e-05	-1.690685e-02	-3.610025e+00
2.379000e-05	-1.919141e-02	-3.610001e+00
2.380000e-05	-1.816146e-02	-3.599524e+00
2.381000e-05	-1.795855e-02	-3.600026e+00
2.382000e-05	-1.767881e-02	-3.599499e+00
2.383000e-05	-1.801459e-02	-3.568499e+00
2.384000e-05	-1.844193e-02	-3.578396e+00
2.385000e-05	-1.822404e-02	-3.536918e+00
2.386000e-05	-1.608580e-02	-3.495792e+00
2.387000e-05	-1.721745e-02	-3.493740e+00
2.388000e-05	-1.668115e-02	-3.494714e+00
2.389000e-05	-1.552604e-02	-3.442233e+00
2.390000e-05	-1.425867e-02	-3.452560e+00
2.391000e-05	-1.578753e-02	-3.430553e+00
2.392000e-05	-1.603575e-02	-3.429076e+00
2.393000e-05	-1.524126e-02	-3.390000e+00
2.394000e-05	-1.553439e-02	-3.369897e+00
2.395000e-05	-1.520643e-02	-3.326347e+00
2.396000e-05	-1.467235e-02	-3.304313e+00
2.397000e-05	-1.361559e-02	-3.305313e+00
2.398000e-05	-1.255738e-02	-3.264162e+00
2.399000e-05	-1.448026e-02	-3.252129e+00
2.400000e-05	-1.322744e-02	-3.223105e+00
2.401000e-05	-1.395363e-02	-3.221078e+00
2.402000e-05	-1.294300e-02	-3.170003e+00
2.403000e-05	-1.392043e-02	-3.199522e+00
2.404000e-05	-1.268008e-02	-3.169920e+00
2.405000e-05	-1.206208e-02	-3.147897e+00
2.406000e-05	-1.201256e-02	-3.135843e+00
2.407000e-05	-1.294275e-02	-3.092183e+00
2.408000e-05	-1.233810e-02	-3.030082e+00
2.409000e-05	-1.209570e-02	-2.999529e+00
2.410000e-05	-1.147658e-02	-2.934868e+00
2.411000e-05	-1.206186e-02	-2.895744e+00
2.412000e-05	-1.070157e-02	-2.862712e+00
2.413000e-05	-1.119853e-02	-2.830604e+00
2.414000e-05	-1.111567e-02	-2.811029e+00
2.415000e-05	-1.156612e-02	-2.800026e+00
2.416000e-05	-1.056497e-02	-2.798500e+00
2.417000e-05	-1.073858e-02	-2.777923e+00
2.418000e-05	-1.028091e-02	-2.766395e+00
2.419000e-05	-9.752903e-03	-2.745958e+00
2.420000e-05	-1.055310e-02	-2.653808e+00
2.421000e-05	-8.792163e-03	-2.681160e+00
2.422000e-05	-1.031796e-02	-2.589053e+00
2.423000e-05	-9.926961e-03	-2.570025e+00
2.424000e-05	-9.544269e-03	-2.567395e+00
2.425000e-05	-8.885174e-03	-2.505393e+00
2.426000e-05	-1.019252e-02	-2.485737e+00
2.427000e-05	-9.086152e-03	-2.430706e+00
2.428000e-05	-8.420261e-03	-2.431078e+00
2.429000e-05	-7.936886e-03	-2.399526e+00
2.430000e-05	-9.040405e-03	-2.389526e+00
2.431000e-05	-7.640735e-03	-2.369421e+00
2.432000e-05	-8.403158e-03	-2.356970e+00
2.433000e-05	-8.704879e-03	-2.304264e+00
2.434000e-05	-8.920887e-03	-2.242208e+00
2.435000e-05	-9.473485e-03	-2.209951e+00
2.436000e-05	-7.794947e-03	-2.108393e+00
2.437000e-05	-8.497325e-03	-2.104759e+00
2.438000e-05	-7.674616e-03	-2.011158e+00
2.439000e-05	-7.112440e-03	-2.020004e+00
2.440000e-05	-7.186345e-03	-1.989526e+00
2.441000e-05	-6.450719e-03	-1.978997e+00
2.442000e-05	-6.729846e-03	-1.977468e+00
2.443000e-05	-7.431838e-03	-1.882838e+00
2.444000e-05	-7.167852e-03	-1.862211e+00
2.445000e-05	-7.586892e-03	-1.821079e+00
2.446000e-05	-6.519711e-03	-1.790053e+00
2.447000e-05	-7.184625e-03	-1.768474e+00
2.448000e-05	-5.464042e-03	-1.715921e+00
2.449000e-05	-6.621840e-03	-1.674292e+00
2.450000e-05	-5.683282e-03	-1.632205e+00
2.451000e-05	-6.346546e-03	-1.590103e+00
2.452000e-05	-6.801446e-03	-1.620576e+00
2.453000e-05	-6.495488e-03	-1.557475e+00
2.454000e-05	-6.882790e-03	-1.566463e+00
2.455000e-05	-6.450047e-03	-1.496336e+00
2.456000e-05	-6.701121e-03	-1.389201e+00
2.457000e-05	-5.563438e-03	-1.325422e+00
2.458000e-05	-6.072015e-03	-1.244739e+00
2.459000e-05	-5.839734e-03	-1.241183e+00
2.460000e-05	-5.776396e-03	-1.240653e+00
2.461000e-05	-4.052403e-03	-1.167474e+00
2.462000e-05	-5.131547e-03	-1.127368e+00
2.463000e-05	-6.368657e-03	-1.073764e+00
2.464000e-05	-6.375700e-03	-1.062683e+00
2.465000e-05	-4.746806e-03	-1.011128e+00
2.466000e-05	-4.852591e-03	-9.799725e-01
2.467000e-05	-5.474247e-03	-9.568449e-01
2.468000e-05	-5.405923e-03	-9.328395e-01
2.469000e-05	-4.823368e-03	-8.317080e-01
2.470000e-05	-4.509273e-03	-8.016327e-01
2.471000e-05	-5.301434e-03	-8.085288e-01
2.472000e-05	-5.073431e-03	-7.984975e-01
2.473000e-05	-4.410600e-03	-7.768958e-01
2.474000e-05	-4.086485e-03	-6.733657e-01
2.475000e-05	-4.385700e-03	-5.812078e-01
2.476000e-05	-5.625589e-03	-5.474660e-01
2.477000e-05	-4.489029e-03	-4.453146e-01
2.478000e-05	-4.005508e-03	-4.321379e-01
2.479000e-05	-3.887045e-03	-4.000538e-01
2.480000e-05	-4.159160e-03	-3.975001e-01
2.481000e-05	-3.472310e-03	-3.474473e-01
2.482000e-05	-3.751425e-03	-3.668961e-01
2.483000e-05	-4.043066e-03	-3.042570e-01
2.484000e-05	-5.119163e-03	-2.332093e-01
2.485000e-05	-4.208947e-03	-2.121514e-01
2.486000e-05	-3.779652e-03	-2.010013e-01
2.487000e-05	-3.345248e-03	-2.000000e-01
2.488000e-05	-3.574389e-03	2.000000e-02
2.489000e-05	-2.304362e-03	-5.265789e-02
2.490000e-05	-1.055106e-03	-1.055145e-02
2.491000e-05	-3.021101e-05	-4.986908e-04
2.492000e-05	-2.561574e-03	2.252757e-02
2.493000e-05	-3.053415e-03	4.357902e-02
2.494000e-05	-3.133218e-03	1.387147e-01
2.495000e-05	5.280129e-04	2.083970e-01
2.496000e-05	6.973254e-03	2.319815e-01
2.497000e-05	2.164637e-02	3.276107e-01
2.498000e-05	-2.711311e-03	3.793475e-01
2.499000e-05	-4.641239e-02	3.999249e-01
2.500000e-05	-1.946269e-02	4.100001e-01
2.501000e-05	3.436168e-02	4.425789e-01
2.502000e-05	2.057042e-02	4.831369e-01
2.503000e-05	-5.160155e-02	5.267132e-01
2.504000e-05	1.219956e-02	5.673435e-01
2.505000e-05	2.732853e-02	6.109025e-01
2.506000e-05	2.011202e-02	6.526526e-01
2.507000e-05	-2.709714e-02	6.956342e-01
2.508000e-05	-1.737558e-02	7.557158e-01
2.509000e-05	9.624899e-03	7.693962e-01
2.510000e-05	-2.384623e-02	8.094488e-01
2.511000e-05	6.952993e-02	8.210025e-01
2.512000e-05	-6.162450e-02	8.726581e-01
2.513000e-05	2.876178e-03	9.371579e-01
2.514000e-05	1.028999e-03	9.593962e-01
2.515000e-05	5.021347e-02	1.049518e+00
2.516000e-05	-5.265010e-02	1.106562e+00
2.517000e-05	-1.829892e-02	1.138792e+00
2.518000e-05	3.372152e-02	1.209054e+00
2.519000e-05	2.026470e-02	1.230926e+00
2.520000e-05	-2.570225e-02	1.275638e+00
2.521000e-05	-2.272214e-02	1.346312e+00
2.522000e-05	2.811972e-02	1.378368e+00
2.523000e-05	1.147337e-02	1.377447e+00
2.524000e-05	-7.154460e-03	1.472955e+00
2.525000e-05	-2.887961e-02	1.494209e+00
2.526000e-05	3.302039e-02	1.541186e+00
2.527000e-05	-2.874557e-03	1.611024e+00
2.528000e-05	-3.955889e-03	1.682481e+00
2.529000e-05	-1.705355e-02	1.694684e+00
2.530000e-05	1.960388e-02	1.756637e+00
2.531000e-05	2.844742e-03	1.765847e+00
2.532000e-05	2.676793e-03	1.769423e+00
2.533000e-05	-1.360195e-02	1.842977e+00
2.534000e-05	5.758122e-03	1.852554e+00
2.535000e-05	8.906085e-03	1.926262e+00
2.536000e-05	-3.679340e-03	1.938716e+00
2.537000e-05	-7.983043e-03	1.988850e+00
2.538000e-05	5.923765e-03	1.999425e+00
2.539000e-05	1.182609e-02	2.019978e+00
2.540000e-05	-2.707492e-03	2.022603e+00
2.541000e-05	-6.165517e-03	2.102108e+00
2.542000e-05	2.224786e-03	2.105782e+00
2.543000e-05	9.465804e-03	2.098693e+00
2.544000e-05	-1.686773e-03	2.177318e+00
2.545000e-05	-4.721667e-03	2.189874e+00
2.546000e-05	4.056823e-03	2.213504e+00
2.547000e-05	1.193872e-02	2.264007e+00
2.548000e-05	-3.091276e-03	2.325163e+00
2.549000e-05	-4.063997e-03	2.347696e+00
2.550000e-05	2.880632e-03	2.377846e+00
2.551000e-05	1.147664e-02	2.378974e+00
2.552000e-05	-2.677343e-03	2.399477e+00
2.553000e-05	-1.892976e-03	2.432980e+00
2.554000e-05	2.110553e-03	2.544134e+00
2.555000e-05	1.223739e-02	2.498161e+00
2.556000e-05	-1.580771e-03	2.598317e+00
2.557000e-05	-1.907038e-03	2.661850e+00
2.558000e-05	1.397754e-03	2.633532e+00
2.559000e-05	1.115524e-02	2.745658e+00
2.560000e-05	1.202403e-04	2.737789e+00
2.561000e-05	-8.275411e-04	2.749299e+00
2.562000e-05	4.482380e-03	2.789426e+00
2.563000e-05	9.951633e-03	2.799447e+00
2.564000e-05	2.912968e-03	2.800504e+00
2.565000e-05	-3.105793e-03	2.802078e+00
2.566000e-05	4.401914e-03	2.874135e+00
2.567000e-05	6.612042e-03	2.872657e+00
2.568000e-05	5.368935e-03	2.926218e+00
2.569000e-05	-2.746959e-03	2.956768e+00
2.570000e-05	6.295730e-03	2.948342e+00
2.571000e-05	6.821645e-03	2.980049e+00
2.572000e-05	7.065008e-03	3.020950e+00
2.573000e-05	-1.828606e-03	3.022529e+00
2.574000e-05	5.647071e-03	3.063054e+00
2.575000e-05	6.850156e-03	3.084663e+00
2.576000e-05	6.962501e-03	3.124315e+00
2.577000e-05	-5.349284e-04	3.126267e+00
2.578000e-05	4.110695e-03	3.157192e+00
2.579000e-05	8.115354e-03	3.168919e+00
2.580000e-05	6.493236e-03	3.198399e+00
2.581000e-05	1.574499e-03	3.179974e+00
2.582000e-05	4.155782e-03	3.220975e+00
2.583000e-05	8.410160e-03	3.262025e+00
2.584000e-05	7.469566e-03	3.252082e+00
2.585000e-05	2.420423e-03	3.242060e+00
2.586000e-05	4.579969e-03	3.305661e+00
2.587000e-05	9.216444e-03	3.306238e+00
2.588000e-05	5.973778e-03	3.388892e+00
2.589000e-05	3.818772e-03	3.397939e+00
2.590000e-05	3.427937e-03	3.451423e+00
2.591000e-05	8.741508e-03	3.490529e+00
2.592000e-05	7.606245e-03	3.495133e+00
2.593000e-05	6.734726e-03	3.516193e+00
2.594000e-05	4.294540e-03	3.537217e+00
2.595000e-05	9.839008e-03	3.558816e+00
2.596000e-05	7.213462e-03	3.569395e+00
2.597000e-05	5.660775e-03	3.598946e+00
2.598000e-05	3.905003e-03	3.597974e+00
2.599000e-05	9.770394e-03	3.599474e+00
2.600000e-05	8.756546e-03	3.608975e+00
2.601000e-05	7.548139e-03	3.601001e+00
2.602000e-05	5.647143e-03	3.620053e+00
2.603000e-05	9.669140e-03	3.631000e+00
2.604000e-05	9.378472e-03	3.630576e+00
2.605000e-05	7.582703e-03	3.641027e+00
2.606000e-05	6.148790e-03	3.622554e+00
2.607000e-05	9.750976e-03	3.672130e+00
2.608000e-05	1.104432e-02	3.684556e+00
2.609000e-05	8.485728e-03	3.714660e+00
2.610000e-05	7.189503e-03	3.693107e+00
2.611000e-05	9.643519e-03	3.694689e+00
2.612000e-05	1.118965e-02	3.755760e+00
2.613000e-05	9.263175e-03	3.726187e+00
2.614000e-05	9.227295e-03	3.756315e+00
2.615000e-05	1.054605e-02	3.755722e+00
2.616000e-05	1.161407e-02	3.726365e+00
2.617000e-05	1.024782e-02	3.777920e+00
2.618000e-05	9.071569e-03	3.777844e+00
2.619000e-05	1.138786e-02	3.768896e+00
2.620000e-05	1.220916e-02	3.787844e+00
2.621000e-05	1.165261e-02	3.768416e+00
2.622000e-05	1.075605e-02	3.788946e+00
2.623000e-05	1.282073e-02	3.789922e+00
2.624000e-05	1.398987e-02	3.798449e+00
2.625000e-05	1.355542e-02	3.799444e+00
2.626000e-05	1.212663e-02	3.790549e+00
2.627000e-05	1.334775e-02	3.788949e+00
2.628000e-05	1.380970e-02	3.789400e+00
2.629000e-05	1.381287e-02	3.799948e+00
2.630000e-05	1.203509e-02	3.788875e+00
2.631000e-05	1.436429e-02	3.779001e+00
2.632000e-05	1.691919e-02	3.780399e+00
2.633000e-05	1.654454e-02	3.779451e+00
2.634000e-05	1.404256e-02	3.799946e+00
2.635000e-05	1.444477e-02	3.798399e+00
2.636000e-05	1.615285e-02	3.799422e+00
2.637000e-05	1.561700e-02	3.789974e+00
2.638000e-05	1.422982e-02	3.809399e+00
2.639000e-05	1.547319e-02	3.789495e+00
2.640000e-05	1.682264e-02	3.789396e+00
2.641000e-05	1.668214e-02	3.767424e+00
2.642000e-05	1.646391e-02	3.779369e+00
2.643000e-05	1.597652e-02	3.776918e+00
2.644000e-05	1.821100e-02	3.775765e+00
2.645000e-05	1.587107e-02	3.729447e+00
2.646000e-05	1.592085e-02	3.746315e+00
2.647000e-05	1.459773e-02	3.728922e+00
2.648000e-05	1.558938e-02	3.674262e+00
2.649000e-05	1.541217e-02	3.753840e+00
2.650000e-05	1.613358e-02	3.695287e+00
2.651000e-05	1.576022e-02	3.665682e+00
2.652000e-05	1.580292e-02	3.702682e+00
2.653000e-05	1.638351e-02	3.684157e+00
2.654000e-05	1.583485e-02	3.682683e+00
2.655000e-05	1.292004e-02	3.661578e+00
2.656000e-05	1.436539e-02	3.652580e+00
2.657000e-05	1.387576e-02	3.621605e+00
2.658000e-05	1.546171e-02	3.630577e+00
2.659000e-05	1.269822e-02	3.641600e+00
2.660000e-05	1.393993e-02	3.610502e+00
2.661000e-05	1.403208e-02	3.601000e+00
2.662000e-05	1.489016e-02	3.599999e+00
2.663000e-05	1.191155e-02	3.600000e+00
2.664000e-05	1.223667e-02	3.579424e+00
2.665000e-05	1.386638e-02	3.578944e+00
2.666000e-05	1.310573e-02	3.557999e+00
2.667000e-05	1.134123e-02	3.518392e+00
2.668000e-05	1.117597e-02	3.525763e+00
2.669000e-05	1.276413e-02	3.494686e+00
2.670000e-05	1.195151e-02	3.483756e+00
2.671000e-05	9.796112e-03	3.462603e+00
2.672000e-05	1.092573e-02	3.418573e+00
2.673000e-05	1.107210e-02	3.339468e+00
2.674000e-05	1.151359e-02	3.326314e+00
2.675000e-05	9.617669e-03	3.316738e+00
2.676000e-05	9.092795e-03	3.255207e+00
2.677000e-05	9.294445e-03	3.262628e+00
2.678000e-05	1.018985e-02	3.271603e+00
2.679000e-05	8.454135e-03	3.200076e+00
2.680000e-05	9.269189e-03	3.201000e+00
2.681000e-05	8.134684e-03	3.199475e+00
2.682000e-05	9.252443e-03	3.189526e+00
2.683000e-05	7.769092e-03	3.168969e+00
2.684000e-05	7.919795e-03	3.138416e+00
2.685000e-05	7.663765e-03	3.114894e+00
2.686000e-05	7.762127e-03	3.076233e+00
2.687000e-05	7.590866e-03	3.075206e+00
2.688000e-05	5.830822e-03	3.021654e+00
2.689000e-05	6.758316e-03	3.032053e+00
2.690000e-05	5.623667e-03	3.030550e+00
2.691000e-05	6.373360e-03	2.969000e+00
2.692000e-05	6.383635e-03	2.947870e+00
2.693000e-05	6.803084e-03	2.958845e+00
2.694000e-05	7.975560e-03	2.895816e+00
2.695000e-05	5.777888e-03	2.873709e+00
2.696000e-05	5.381619e-03	2.832632e+00
2.697000e-05	4.560098e-03	2.821030e+00
2.698000e-05	4.434135e-03	2.810100e+00
2.699000e-05	3.337388e-03	2.800026e+00
2.700000e-05	5.635427e-03	2.778000e+00
2.701000e-05	4.043317e-03	2.778442e+00
2.702000e-05	6.238209e-03	2.728421e+00
2.703000e-05	3.410353e-03	2.713706e+00
2.704000e-05	6.129989e-03	2.623702e+00
2.705000e-05	3.795566e-03	2.619570e+00
2.706000e-05	3.376957e-03	2.555994e+00
2.707000e-05	2.856792e-03	2.494259e+00
2.708000e-05	3.563001e-03	2.462178e+00
2.709000e-05	4.018968e-03	2.412103e+00
2.710000e-05	3.175449e-03	2.400573e+00
2.711000e-05	4.484475e-03	2.387948e+00
2.712000e-05	2.777334e-03	2.356395e+00
2.713000e-05	4.332545e-03	2.335866e+00
2.714000e-05	1.849498e-03	2.314732e+00
2.715000e-05	3.529955e-03	2.252179e+00
2.716000e-05	9.275074e-04	2.220053e+00
2.717000e-05	3.423560e-03	2.209498e+00
2.718000e-05	1.528842e-03	2.186921e+00
2.719000e-05	3.213121e-03	2.116312e+00
2.720000e-05	2.325959e-03	2.072711e+00
2.721000e-05	2.404916e-03	2.062734e+00
2.722000e-05	1.895550e-03	2.040605e+00
2.723000e-05	1.903478e-03	2.020049e+00
2.724000e-05	1.790462e-03	1.989922e+00
2.725000e-05	1.495216e-03	1.967870e+00
2.726000e-05	8.594507e-04	1.957441e+00
2.727000e-05	1.591175e-03	1.912339e+00
2.728000e-05	1.083368e-03	1.802632e+00
2.729000e-05	1.266613e-03	1.828122e+00
2.730000e-05	7.262536e-04	1.726398e+00
2.731000e-05	1.945855e-03	1.745866e+00
2.732000e-05	1.132990e-03	1.694738e+00
2.733000e-05	5.337082e-04	1.723780e+00
2.734000e-05	-2.974555e-05	1.609629e+00
2.735000e-05	1.379973e-03	1.629025e+00
2.736000e-05	2.583667e-04	1.519515e+00
2.737000e-05	-5.655654e-05	1.493237e+00
2.738000e-05	-4.033898e-04	1.432103e+00
2.739000e-05	2.020760e-04	1.390053e+00
2.740000e-05	6.021816e-04	1.376870e+00
2.741000e-05	-1.824374e-05	1.346368e+00
2.742000e-05	7.012240e-04	1.313758e+00
2.743000e-05	-8.438333e-06	1.242754e+00
2.744000e-05	3.624342e-04	1.218550e+00
2.745000e-05	-7.096913e-04	1.207969e+00
2.746000e-05	-1.570891e-03	1.136890e+00
2.747000e-05	-1.548256e-03	1.072233e+00
2.748000e-05	-3.435281e-05	1.007020e+00
2.749000e-05	-1.918099e-03	9.463626e-01
2.750000e-05	-9.638997e-04	8.522295e-01
2.751000e-05	-2.666189e-04	8.316532e-01
2.752000e-05	-6.393551e-04	8.105764e-01
2.753000e-05	-1.017745e-03	7.984998e-01
2.754000e-05	-1.035657e-03	7.684186e-01
2.755000e-05	-7.835146e-04	7.238633e-01
2.756000e-05	-2.271696e-03	6.342797e-01
2.757000e-05	-1.409343e-03	6.316267e-01
2.758000e-05	-1.921964e-03	6.195715e-01
2.759000e-05	-1.114391e-03	5.369136e-01
2.760000e-05	-1.990396e-03	4.953411e-01
2.761000e-05	-2.663419e-03	4.421803e-01
2.762000e-05	-2.005040e-03	4.421003e-01
2.763000e-05	-2.041421e-03	4.010501e-01
2.764000e-05	-1.879316e-03	4.094736e-01
2.765000e-05	-2.621668e-03	3.678911e-01
2.766000e-05	-2.661689e-03	2.847870e-01
2.767000e-05	-2.151450e-03	2.937305e-01
2.768000e-05	-2.715631e-03	1.575474e-01
2.769000e-05	-3.038464e-03	1.363370e-01
2.770000e-05	-3.936570e-03	4.220407e-02
2.771000e-05	-2.660157e-03	5.002777e-02
2.772000e-05	-2.496393e-03	-3.039994e-02
2.773000e-05	-2.139700e-03	-3.160382e-02
2.774000e-05	-1.605169e-03	-3.261290e-02
2.775000e-05	-8.971759e-04	-8.321553e-02
2.776000e-05	-1.021239e-03	-1.568170e-01
2.777000e-05	-2.568030e-03	-1.898973e-01
2.778000e-05	-2.741848e-03	-2.215288e-01
2.779000e-05	-3.793944e-03	-2.540578e-01
2.780000e-05	3.678473e-03	-3.051392e-01
2.781000e-05	2.475741e-02	-3.268155e-01
2.782000e-05	7.408987e-03	-3.883972e-01
2.783000e-05	-5.558781e-02	-4.010013e-01
2.784000e-05	-2.383467e-02	-4.910864e-01
2.785000e-05	2.616784e-02	-4.111341e-01
2.786000e-05	3.754133e-02	-4.841593e-01
2.787000e-05	-5.095845e-02	-5.702784e-01
2.788000e-05	1.838387e-02	-6.626101e-01
2.789000e-05	3.531328e-02	-7.540919e-01
2.790000e-05	1.042423e-02	-7.277970e-01
2.791000e-05	-3.231576e-02	-7.799485e-01
2.792000e-05	-1.465942e-02	-8.104314e-01
2.793000e-05	9.514438e-03	-8.415550e-01
2.794000e-05	-3.602642e-02	-8.936104e-01
2.795000e-05	6.920338e-02	-9.162656e-01
2.796000e-05	-5.832714e-02	-9.763232e-01
2.797000e-05	-1.941780e-02	-9.704312e-01
2.798000e-05	-3.491249e-03	-1.011581e+00
2.799000e-05	5.619152e-02	-1.124164e+00
2.800000e-05	-5.741328e-02	-1.085791e+00
2.801000e-05	-2.004547e-02	-1.127826e+00
2.802000e-05	5.481674e-02	-1.168924e+00
2.803000e-05	6.172252e-03	-1.253516e+00
2.804000e-05	-3.991051e-02	-1.315135e+00
2.805000e-05	-2.799359e-02	-1.307717e+00
2.806000e-05	3.255615e-02	-1.399929e+00
2.807000e-05	7.267344e-04	-1.485210e+00
2.808000e-05	-1.500327e-02	-1.526392e+00
2.809000e-05	-4.542655e-02	-1.576920e+00
2.810000e-05	4.742851e-02	-1.599425e+00
2.811000e-05	-1.168604e-03	-1.644051e+00
2.812000e-05	-3.457837e-02	-1.643034e+00
2.813000e-05	-1.872421e-02	-1.674163e+00
2.814000e-05	2.630385e-02	-1.706792e+00
2.815000e-05	-8.273766e-03	-1.758872e+00
2.816000e-05	-1.358777e-02	-1.810950e+00
2.817000e-05	-1.549162e-02	-1.832532e+00
2.818000e-05	6.086226e-03	-1.873112e+00
2.819000e-05	9.076594e-03	-1.915213e+00
2.820000e-05	-2.656827e-02	-1.987321e+00
2.821000e-05	-1.234529e-02	-1.979397e+00
2.822000e-05	6.885104e-03	-1.998976e+00
2.823000e-05	5.575175e-03	-2.020603e+00
2.824000e-05	-1.872301e-02	-2.043509e+00
2.825000e-05	-1.294528e-02	-2.094633e+00
2.826000e-05	-1.989526e-03	-2.149119e+00
2.827000e-05	8.689059e-03	-2.220450e+00
2.828000e-05	-2.034930e-02	-2.243082e+00
2.829000e-05	-1.481939e-02	-2.315692e+00
2.830000e-05	1.018054e-03	-2.347344e+00
2.831000e-05	3.910005e-03	-2.378422e+00
2.832000e-05	-1.455836e-02	-2.369975e+00
2.833000e-05	-1.614930e-02	-2.410051e+00
2.834000e-05	-1.876916e-03	-2.442526e+00
2.835000e-05	6.589494e-03	-2.473608e+00
2.836000e-05	-1.659841e-02	-2.505213e+00
2.837000e-05	-1.352543e-02	-2.558893e+00
2.838000e-05	-3.782655e-03	-2.578822e+00
2.839000e-05	2.010053e-03	-2.600925e+00
2.840000e-05	-1.356379e-02	-2.631533e+00
2.841000e-05	-1.628773e-02	-2.663162e+00
2.842000e-05	-3.299716e-03	-2.724213e+00
2.843000e-05	2.261944e-03	-2.728293e+00
2.844000e-05	-1.407036e-02	-2.726246e+00
2.845000e-05	-1.590063e-02	-2.798426e+00
2.846000e-05	-5.104177e-03	-2.799949e+00
2.847000e-05	-9.925516e-04	-2.800500e+00
2.848000e-05	-9.960892e-03	-2.830551e+00
2.849000e-05	-1.817669e-02	-2.834058e+00
2.850000e-05	-4.652577e-03	-2.864608e+00
2.851000e-05	-3.629725e-03	-2.925691e+00
2.852000e-05	-8.619377e-03	-2.967452e+00
2.853000e-05	-1.753292e-02	-3.010956e+00
2.854000e-05	-6.277916e-03	-3.031113e+00
2.855000e-05	-3.376723e-03	-3.107143e+00
2.856000e-05	-8.314767e-03	-3.125819e+00
2.857000e-05	-1.729069e-02	-3.167925e+00
2.858000e-05	-7.393922e-03	-3.177444e+00
2.859000e-05	-5.925092e-03	-3.199974e+00
2.860000e-05	-8.438281e-03	-3.190477e+00
2.861000e-05	-1.610669e-02	-3.231076e+00
2.862000e-05	-9.223260e-03	-3.242529e+00
2.863000e-05	-5.258536e-03	-3.266130e+00
2.864000e-05	-9.958023e-03	-3.324158e+00
2.865000e-05	-1.468230e-02	-3.304266e+00
2.866000e-05	-1.138924e-02	-3.326270e+00
2.867000e-05	-4.982138e-03	-3.347796e+00
2.868000e-05	-1.112540e-02	-3.368925e+00
2.869000e-05	-1.493946e-02	-3.359475e+00
2.870000e-05	-1.212940e-02	-3.411979e+00
2.871000e-05	-7.336700e-03	-3.420530e+00
2.872000e-05	-1.064463e-02	-3.442029e+00
2.873000e-05	-1.483657e-02	-3.432662e+00
2.874000e-05	-1.256933e-02	-3.513687e+00
2.875000e-05	-8.205795e-03	-3.515714e+00
2.876000e-05	-1.085892e-02	-3.537243e+00
2.877000e-05	-1.430241e-02	-3.576319e+00
2.878000e-05	-1.350634e-02	-3.588375e+00
2.879000e-05	-9.058265e-03	-3.579873e+00
2.880000e-05	-1.225286e-02	-3.588448e+00
2.881000e-05	-1.431595e-02	-3.599475e+00
2.882000e-05	-1.442024e-02	-3.600000e+00
2.883000e-05	-1.014468e-02	-3.640500e+00
2.884000e-05	-1.115334e-02	-3.641001e+00
2.885000e-05	-1.506713e-02	-3.632004e+00
2.886000e-05	-1.421746e-02	-3.631129e+00
2.887000e-05	-1.245576e-02	-3.652108e+00
2.888000e-05	-1.215558e-02	-3.651632e+00
2.889000e-05	-1.610909e-02	-3.661710e+00
2.890000e-05	-1.497317e-02	-3.685162e+00
2.891000e-05	-1.242422e-02	-3.715789e+00
2.892000e-05	-1.258551e-02	-3.725643e+00
2.893000e-05	-1.642473e-02	-3.738895e+00
2.894000e-05	-1.530897e-02	-3.749372e+00
2.895000e-05	-1.400098e-02	-3.789931e+00
2.896000e-05	-1.325288e-02	-3.809926e+00
2.897000e-05	-1.702314e-02	-3.810936e+00
2.898000e-05	-1.591757e-02	-3.863054e+00
2.899000e-05	-1.536502e-02	-3.843980e+00
2.900000e-05	-1.420142e-02	-3.882955e+00
2.901000e-05	-1.774783e-02	-3.854588e+00
2.902000e-05	-1.661152e-02	-3.853259e+00
2.903000e-05	-1.551681e-02	-3.895084e+00
2.904000e-05	-1.525455e-02	-3.925712e+00
2.905000e-05	-1.706132e-02	-3.915191e+00
2.906000e-05	-1.780322e-02	-3.934743e+00
2.907000e-05	-1.715919e-02	-3.935767e+00
2.908000e-05	-1.741729e-02	-3.896243e+00
2.909000e-05	-1.833448e-02	-3.918346e+00
2.910000e-05	-1.898523e-02	-3.985292e+00
2.911000e-05	-1.802936e-02	-3.915295e+00
2.912000e-05	-1.819504e-02	-3.937393e+00
2.913000e-05	-1.925276e-02	-3.926896e+00
2.914000e-05	-2.038683e-02	-3.957292e+00
2.915000e-05	-1.805354e-02	-3.925895e+00
2.916000e-05	-1.949178e-02	-3.936322e+00
2.917000e-05	-1.970172e-02	-3.956891e+00
2.918000e-05	-2.124313e-02	-3.938345e+00
2.919000e-05	-1.967634e-02	-3.966895e+00
2.920000e-05	-2.118377e-02	-3.936843e+00
2.921000e-05	-2.011850e-02	-3.944893e+00
2.922000e-05	-2.232895e-02	-3.936868e+00
2.923000e-05	-2.007531e-02	-3.935869e+00
2.924000e-05	-2.128610e-02	-3.905863e+00
2.925000e-05	-2.297663e-02	-3.923841e+00
2.926000e-05	-2.237390e-02	-3.884692e+00
2.927000e-05	-2.216132e-02	-3.844813e+00
2.928000e-05	-2.062485e-02	-3.896788e+00
2.929000e-05	-2.044121e-02	-3.914213e+00
2.930000e-05	-2.145447e-02	-3.862788e+00
2.931000e-05	-2.089297e-02	-3.854060e+00
2.932000e-05	-2.217224e-02	-3.851637e+00
2.933000e-05	-2.249867e-02	-3.871133e+00
2.934000e-05	-2.259736e-02	-3.787980e+00
2.935000e-05	-2.163456e-02	-3.818033e+00
2.936000e-05	-1.991788e-02	-3.760001e+00
2.937000e-05	-2.040785e-02	-3.778374e+00
2.938000e-05	-2.111117e-02	-3.797448e+00
2.939000e-05	-2.002079e-02	-3.732941e+00
2.940000e-05	-2.122514e-02	-3.735266e+00
2.941000e-05	-2.064264e-02	-3.684714e+00
2.942000e-05	-2.223812e-02	-3.641740e+00
2.943000e-05	-2.010093e-02	-3.670681e+00
2.944000e-05	-2.027934e-02	-3.632108e+00
2.945000e-05	-1.809414e-02	-3.631081e+00
2.946000e-05	-2.077104e-02	-3.611053e+00
2.947000e-05	-1.923000e-02	-3.621601e+00
2.948000e-05	-1.790394e-02	-3.630525e+00
2.949000e-05	-1.885417e-02	-3.590503e+00
2.950000e-05	-1.910426e-02	-3.599473e+00
2.951000e-05	-1.873889e-02	-3.569499e+00
2.952000e-05	-1.750320e-02	-3.579474e+00
2.953000e-05	-1.706566e-02	-3.568999e+00
2.954000e-05	-1.871836e-02	-3.556915e+00
2.955000e-05	-1.714025e-02	-3.538892e+00
2.956000e-05	-1.578884e-02	-3.474266e+00
2.957000e-05	-1.591803e-02	-3.483268e+00
2.958000e-05	-1.706563e-02	-3.502659e+00
2.959000e-05	-1.609008e-02	-3.450634e+00
2.960000e-05	-1.513987e-02	-3.412608e+00
2.961000e-05	-1.672045e-02	-3.410503e+00
2.962000e-05	-1.706267e-02	-3.389500e+00
2.963000e-05	-1.559915e-02	-3.348954e+00
2.964000e-05	-1.347162e-02	-3.388944e+00
2.965000e-05	-1.339756e-02	-3.346920e+00
2.966000e-05	-1.479460e-02	-3.304892e+00
2.967000e-05	-1.382156e-02	-3.313307e+00
2.968000e-05	-1.350470e-02	-3.252212e+00
2.969000e-05	-1.352461e-02	-3.233633e+00
2.970000e-05	-1.469409e-02	-3.210503e+00
2.971000e-05	-1.398602e-02	-3.210001e+00
2.972000e-05	-1.287415e-02	-3.189525e+00
2.973000e-05	-1.223120e-02	-3.169501e+00
2.974000e-05	-1.318777e-02	-3.138471e+00
2.975000e-05	-1.314485e-02	-3.115839e+00
2.976000e-05	-1.169525e-02	-3.094791e+00
2.977000e-05	-1.055531e-02	-3.030762e+00
2.978000e-05	-1.254098e-02	-3.019530e+00
2.979000e-05	-1.299916e-02	-2.996974e+00
2.980000e-05	-1.137864e-02	-2.915318e+00
2.981000e-05	-1.111350e-02	-2.914237e+00
2.982000e-05	-1.248141e-02	-2.853184e+00
2.983000e-05	-1.206683e-02	-2.851081e+00
2.984000e-05	-1.043058e-02	-2.800526e+00
2.985000e-05	-9.390903e-03	-2.789501e+00
2.986000e-05	-1.090558e-02	-2.778974e+00
2.987000e-05	-1.174808e-02	-2.748971e+00
2.988000e-05	-1.000302e-02	-2.736318e+00
2.989000e-05	-9.860974e-03	-2.703813e+00
2.990000e-05	-1.036203e-02	-2.632262e+00
2.991000e-05	-1.125866e-02	-2.620155e+00
2.992000e-05	-1.026901e-02	-2.609528e+00
2.993000e-05	-8.520053e-03	-2.548500e+00
2.994000e-05	-9.658049e-03	-2.556946e+00
2.995000e-05	-9.829650e-03	-2.485413e+00
2.996000e-05	-9.964397e-03	-2.453638e+00
2.997000e-05	-7.564134e-03	-2.432155e+00
2.998000e-05	-9.412829e-03	-2.402105e+00
2.999000e-05	-9.989232e-03	-2.410050e+00
3.000000e-05	-8.632766e-03	-2.388501e+00
3.001000e-05	-7.958571e-03	-2.358944e+00
3.002000e-05	-7.937007e-03	-2.324842e+00
3.003000e-05	-9.761021e-03	-2.302682e+00
3.004000e-05	-8.112716e-03	-2.201634e+00
3.005000e-05	-7.411984e-03	-2.176951e+00
3.006000e-05	-7.825577e-03	-2.055861e+00
3.007000e-05	-8.431436e-03	-2.072686e+00
3.008000e-05	-7.484403e-03	-2.010554e+00
3.009000e-05	-7.351660e-03	-2.010553e+00
3.010000e-05	-7.562183e-03	-1.999501e+00
3.011000e-05	-8.486509e-03	-1.997471e+00
3.012000e-05	-6.454766e-03	-1.916838e+00
3.013000e-05	-7.537876e-03	-1.893807e+00
3.014000e-05	-6.348146e-03	-1.862734e+00
3.015000e-05	-6.669919e-03	-1.841103e+00
3.016000e-05	-6.429603e-03	-1.788475e+00
3.017000e-05	-7.606052e-03	-1.788499e+00
3.018000e-05	-6.251031e-03	-1.695888e+00
3.019000e-05	-7.440762e-03	-1.652759e+00
3.020000e-05	-6.222311e-03	-1.621180e+00
3.021000e-05	-7.429046e-03	-1.601076e+00
3.022000e-05	-5.020283e-03	-1.591023e+00
3.023000e-05	-7.458368e-03	-1.577448e+00
3.024000e-05	-6.502563e-03	-1.523968e+00
3.025000e-05	-6.782298e-03	-1.462609e+00
3.026000e-05	-4.165905e-03	-1.347130e+00
3.027000e-05	-6.004774e-03	-1.337413e+00
3.028000e-05	-6.296917e-03	-1.301732e+00
3.029000e-05	-5.680183e-03	-1.220553e+00
3.030000e-05	-5.574636e-03	-1.200051e+00
3.031000e-05	-5.707884e-03	-1.147945e+00
3.032000e-05	-6.404842e-03	-1.086767e+00
3.033000e-05	-5.352870e-03	-1.062261e+00
3.034000e-05	-4.066981e-03	-1.011508e+00
3.035000e-05	-4.636434e-03	-9.900513e-01
3.036000e-05	-5.408452e-03	-9.595221e-01
3.037000e-05	-5.341015e-03	-9.477884e-01
3.038000e-05	-4.489819e-03	-8.532107e-01
3.039000e-05	-3.959062e-03	-8.321342e-01
3.040000e-05	-5.444523e-03	-8.005289e-01
3.041000e-05	-5.496003e-03	-7.985224e-01
3.042000e-05	-4.707819e-03	-7.669946e-01
3.043000e-05	-4.056344e-03	-6.963946e-01
3.044000e-05	-4.411830e-03	-6.437818e-01
3.045000e-05	-4.530118e-03	-5.984704e-01
3.046000e-05	-4.468135e-03	-4.963975e-01
3.047000e-05	-3.814901e-03	-4.928093e-01
3.048000e-05	-3.398860e-03	-4.206305e-01
3.049000e-05	-4.349286e-03	-4.000226e-01
3.050000e-05	-4.165234e-03	-3.585001e-01
3.051000e-05	-4.411111e-03	-3.259710e-01
3.052000e-05	-3.587705e-03	-3.148395e-01
3.053000e-05	-4.091508e-03	-2.647606e-01
3.054000e-05	-4.573231e-03	-2.305739e-01
3.055000e-05	-3.491449e-03	-1.990262e-01
3.056000e-05	-3.855448e-03	-1.680223e-01
3.057000e-05	-2.454869e-03	-9.631461e-02
3.058000e-05	-2.935728e-03	-7.483784e-02
3.059000e-05	-2.131484e-03	-2.170764e-02
3.060000e-05	-1.429564e-03	-1.051255e-04
3.061000e-05	-1.279286e-03	9.976253e-03
3.062000e-05	-2.072468e-03	7.205515e-02
3.063000e-05	-1.905468e-03	6.515927e-02
3.064000e-05	-2.072332e-03	1.287446e-01
3.065000e-05	1.654427e-03	2.529024e-01
3.066000e-05	1.463450e-02	3.436630e-01
3.067000e-05	2.071792e-02	3.882157e-01
3.068000e-05	-2.595827e-02	3.894736e-01
3.069000e-05	-4.361666e-02	3.999488e-01
3.070000e-05	1.009087e-02	4.110489e-01
3.071000e-05	2.685530e-02	4.335843e-01
3.072000e-05	1.127368e-02	5.262117e-01
3.073000e-05	-6.305301e-02	5.858947e-01
3.074000e-05	5.777601e-02	5.593150e-01
3.075000e-05	4.694850e-03	6.119340e-01
3.076000e-05	4.973297e-03	7.036027e-01
3.077000e-05	-2.323020e-02	7.061370e-01
3.078000e-05	-1.163038e-02	7.267421e-01
3.079000e-05	7.341755e-03	7.793771e-01
3.080000e-05	1.025388e-02	7.999238e-01
3.081000e-05	2.255543e-02	8.405051e-01
3.082000e-05	-4.715152e-02	9.441344e-01
3.083000e-05	-8.660992e-03	9.662394e-01
3.084000e-05	4.453559e-02	9.979951e-01
3.085000e-05	3.575421e-03	1.062949e+00
3.086000e-05	-5.548667e-02	1.116790e+00
3.087000e-05	2.327010e-02	1.158397e+00
3.088000e-05	2.196833e-02	1.208446e+00
3.089000e-05	1.512919e-02	1.211029e+00
3.090000e-05	-5.046932e-02	1.286162e+00
3.091000e-05	1.209839e-02	1.357262e+00
3.092000e-05	1.581769e-02	1.408495e+00
3.093000e-05	1.232060e-02	1.410903e+00
3.094000e-05	-3.258495e-02	1.493083e+00
3.095000e-05	6.095455e-03	1.514688e+00
3.096000e-05	2.534021e-02	1.598771e+00
3.097000e-05	-5.506909e-03	1.651598e+00
3.098000e-05	-1.338544e-02	1.684037e+00
3.099000e-05	-1.289688e-03	1.713786e+00
3.100000e-05	1.607816e-02	1.716767e+00
3.101000e-05	-1.609787e-03	1.767367e+00
3.102000e-05	-3.927837e-04	1.801401e+00
3.103000e-05	-1.225508e-02	1.861476e+00
3.104000e-05	1.767756e-02	1.874580e+00
3.105000e-05	-1.559307e-03	1.936663e+00
3.106000e-05	-3.562285e-03	1.967416e+00
3.107000e-05	-7.441087e-03	1.999424e+00
3.108000e-05	1.473577e-02	2.000948e+00
3.109000e-05	2.014041e-03	2.021001e+00
3.110000e-05	-2.746866e-03	2.032555e+00
3.111000e-05	-5.487448e-03	2.074184e+00
3.112000e-05	9.389216e-03	2.155638e+00
3.113000e-05	4.182749e-03	2.147845e+00
3.114000e-05	-4.261202e-03	2.189897e+00
3.115000e-05	-2.665814e-03	2.200999e+00
3.116000e-05	8.853478e-03	2.233029e+00
3.117000e-05	5.931108e-03	2.291632e+00
3.118000e-05	-4.260298e-03	2.305137e+00
3.119000e-05	-1.813816e-03	2.357817e+00
3.120000e-05	8.340581e-03	2.397974e+00
3.121000e-05	6.073018e-03	2.389426e+00
3.122000e-05	-4.403817e-03	2.409976e+00
3.123000e-05	1.497146e-06	2.481083e+00
3.124000e-05	6.417369e-03	2.535606e+00
3.125000e-05	7.398974e-03	2.516191e+00
3.126000e-05	-4.482883e-03	2.557762e+00
3.127000e-05	8.758451e-04	2.631929e+00
3.128000e-05	6.195144e-03	2.663654e+00
3.129000e-05	8.291443e-03	2.746617e+00
3.130000e-05	-4.448734e-03	2.758440e+00
3.131000e-05	1.949835e-03	2.788846e+00
3.132000e-05	3.504058e-03	2.809926e+00
3.133000e-05	1.015119e-02	2.800000e+00
3.134000e-05	-2.077070e-03	2.841526e+00
3.135000e-05	3.494090e-03	2.844056e+00
3.136000e-05	4.344991e-03	2.864088e+00
3.137000e-05	8.067931e-03	2.906135e+00
3.138000e-05	-1.169619e-03	2.956265e+00
3.139000e-05	7.494965e-04	2.956792e+00
3.140000e-05	6.468218e-03	2.968300e+00
3.141000e-05	7.879441e-03	3.009501e+00
3.142000e-05	2.892457e-03	3.020505e+00
3.143000e-05	7.947378e-04	3.073057e+00
3.144000e-05	7.848978e-03	3.084662e+00
3.145000e-05	4.229275e-03	3.094684e+00
3.146000e-05	3.354846e-03	3.136240e+00
3.147000e-05	-3.320084e-04	3.136717e+00
3.148000e-05	7.979562e-03	3.188417e+00
3.149000e-05	7.268877e-03	3.198347e+00
3.150000e-05	5.480830e-03	3.209950e+00
3.151000e-05	3.014411e-04	3.200474e+00
3.152000e-05	7.230268e-03	3.251524e+00
3.153000e-05	6.931680e-03	3.200001e+00
3.154000e-05	5.019947e-03	3.252530e+00
3.155000e-05	2.206652e-03	3.284157e+00
3.156000e-05	6.930271e-03	3.346137e+00
3.157000e-05	7.954298e-03	3.358314e+00
3.158000e-05	5.926143e-03	3.407817e+00
3.159000e-05	3.850927e-03	3.409870e+00
3.160000e-05	6.774496e-03	3.452448e+00
3.161000e-05	8.273165e-03	3.483132e+00
3.162000e-05	6.332968e-03	3.503662e+00
3.163000e-05	5.019919e-03	3.536715e+00
3.164000e-05	6.500110e-03	3.515865e+00
3.165000e-05	9.054172e-03	3.538369e+00
3.166000e-05	6.935185e-03	3.578870e+00
3.167000e-05	6.141468e-03	3.608998e+00
3.168000e-05	7.376094e-03	3.579426e+00
3.169000e-05	8.983554e-03	3.579475e+00
3.170000e-05	8.078120e-03	3.609978e+00
3.171000e-05	4.983389e-03	3.600501e+00
3.172000e-05	7.487182e-03	3.621027e+00
3.173000e-05	9.196794e-03	3.630027e+00
3.174000e-05	8.940214e-03	3.661054e+00
3.175000e-05	7.650113e-03	3.640607e+00
3.176000e-05	8.865324e-03	3.691104e+00
3.177000e-05	1.040734e-02	3.642606e+00
3.178000e-05	9.212460e-03	3.684107e+00
3.179000e-05	8.692011e-03	3.674609e+00
3.180000e-05	8.506999e-03	3.704710e+00
3.181000e-05	9.874084e-03	3.714764e+00
3.182000e-05	1.020835e-02	3.746234e+00
3.183000e-05	9.308122e-03	3.777262e+00
3.184000e-05	8.770871e-03	3.726339e+00
3.185000e-05	1.150281e-02	3.767292e+00
3.186000e-05	1.137024e-02	3.737417e+00
3.187000e-05	1.066092e-02	3.748920e+00
3.188000e-05	9.724422e-03	3.777320e+00
3.189000e-05	1.257976e-02	3.768871e+00
3.190000e-05	1.186275e-02	3.769470e+00
3.191000e-05	1.141143e-02	3.778921e+00
3.192000e-05	1.054108e-02	3.758949e+00
3.193000e-05	1.298591e-02	3.799374e+00
3.194000e-05	1.353823e-02	3.769421e+00
3.195000e-05	1.253245e-02	3.768946e+00
3.196000e-05	1.223998e-02	3.788420e+00
3.197000e-05	1.443203e-02	3.799496e+00
3.198000e-05	1.299007e-02	3.799399e+00
3.199000e-05	1.404645e-02	3.810446e+00
3.200000e-05	1.336263e-02	3.790497e+00
3.201000e-05	1.542661e-02	3.789353e+00
3.202000e-05	1.447503e-02	3.800471e+00
3.203000e-05	1.404574e-02	3.778021e+00
3.204000e-05	1.501639e-02	3.799470e+00
3.205000e-05	1.591190e-02	3.779974e+00
3.206000e-05	1.556964e-02	3.809016e+00
3.207000e-05	1.535167e-02	3.779449e+00
3.208000e-05	1.484267e-02	3.778399e+00
3.209000e-05	1.628349e-02	3.758925e+00
3.210000e-05	1.627960e-02	3.769845e+00
3.211000e-05	1.634618e-02	3.738440e+00
3.212000e-05	1.581193e-02	3.758370e+00
3.213000e-05	1.641079e-02	3.797817e+00
3.214000e-05	1.689944e-02	3.747295e+00
3.215000e-05	1.619610e-02	3.727415e+00
3.216000e-05	1.609421e-02	3.718337e+00
3.217000e-05	1.563508e-02	3.704787e+00
3.218000e-05	1.529387e-02	3.694242e+00
3.219000e-05	1.619590e-02	3.695256e+00
3.220000e-05	1.616327e-02	3.693209e+00
3.221000e-05	1.569624e-02	3.723734e+00
3.222000e-05	1.585128e-02	3.644682e+00
3.223000e-05	1.594424e-02	3.670553e+00
3.224000e-05	1.531251e-02	3.631675e+00
3.225000e-05	1.440233e-02	3.671582e+00
3.226000e-05	1.438142e-02	3.600575e+00
3.227000e-05	1.440220e-02	3.631052e+00
3.228000e-05	1.568609e-02	3.620551e+00
3.229000e-05	1.437085e-02	3.620026e+00
3.230000e-05	1.405608e-02	3.600024e+00
3.231000e-05	1.373241e-02	3.599974e+00
3.232000e-05	1.376961e-02	3.590500e+00
3.233000e-05	1.243307e-02	3.599469e+00
3.234000e-05	1.309694e-02	3.589421e+00
3.235000e-05	1.359874e-02	3.567370e+00
3.236000e-05	1.237771e-02	3.576341e+00
3.237000e-05	1.184305e-02	3.565247e+00
3.238000e-05	1.149574e-02	3.483810e+00
3.239000e-05	1.103948e-02	3.494260e+00
3.240000e-05	1.176343e-02	3.503038e+00
3.241000e-05	1.109688e-02	3.430098e+00
3.242000e-05	1.214752e-02	3.398453e+00
3.243000e-05	1.062386e-02	3.396866e+00
3.244000e-05	1.086150e-02	3.386211e+00
3.245000e-05	8.972722e-03	3.313232e+00
3.246000e-05	9.459547e-03	3.272708e+00
3.247000e-05	8.963752e-03	3.250583e+00
3.248000e-05	1.007785e-02	3.262051e+00
3.249000e-05	1.043643e-02	3.220075e+00
3.250000e-05	9.562147e-03	3.219500e+00
3.251000e-05	8.469992e-03	3.189923e+00
3.252000e-05	8.362690e-03	3.178451e+00
3.253000e-05	8.217252e-03	3.158919e+00
3.254000e-05	7.647778e-03	3.137368e+00
3.255000e-05	7.362293e-03	3.134788e+00
3.256000e-05	8.225338e-03	3.135636e+00
3.257000e-05	8.160616e-03	3.042661e+00
3.258000e-05	6.431881e-03	3.021578e+00
3.259000e-05	6.942984e-03	3.020500e+00
3.260000e-05	6.529490e-03	2.988971e+00
3.261000e-05	6.692053e-03	2.959442e+00
3.262000e-05	6.206510e-03	2.976919e+00
3.263000e-05	5.072438e-03	2.907366e+00
3.264000e-05	6.431193e-03	2.873310e+00
3.265000e-05	5.606846e-03	2.872334e+00
3.266000e-05	5.024104e-03	2.812603e+00
3.267000e-05	5.134430e-03	2.800076e+00
3.268000e-05	5.075347e-03	2.810500e+00
3.269000e-05	5.935870e-03	2.799999e+00
3.270000e-05	4.840030e-03	2.778499e+00
3.271000e-05	3.926290e-03	2.717414e+00
3.272000e-05	4.113434e-03	2.756335e+00
3.273000e-05	4.416668e-03	2.684134e+00
3.274000e-05	4.873223e-03	2.590153e+00
3.275000e-05	3.833319e-03	2.556967e+00
3.276000e-05	3.757801e-03	2.495815e+00
3.277000e-05	4.572574e-03	2.461656e+00
3.278000e-05	3.592619e-03	2.451128e+00
3.279000e-05	3.269561e-03	2.420028e+00
3.280000e-05	2.733393e-03	2.399496e+00
3.281000e-05	3.667737e-03	2.368416e+00
3.282000e-05	2.829608e-03	2.356920e+00
3.283000e-05	3.200145e-03	2.323737e+00
3.284000e-05	2.374670e-03	2.242683e+00
3.285000e-05	2.951346e-03	2.272156e+00
3.286000e-05	1.819152e-03	2.189049e+00
3.287000e-05	2.872238e-03	2.147452e+00
3.288000e-05	1.932369e-03	2.116396e+00
3.289000e-05	2.695894e-03	2.133365e+00
3.290000e-05	2.276655e-03	2.052156e+00
3.291000e-05	2.170004e-03	2.031128e+00
3.292000e-05	1.798342e-03	2.041028e+00
3.293000e-05	1.998270e-03	2.009999e+00
3.294000e-05	1.331103e-03	1.999470e+00
3.295000e-05	1.245118e-03	1.956371e+00
3.296000e-05	8.947764e-04	1.897408e+00
3.297000e-05	1.187408e-03	1.861282e+00
3.298000e-05	2.074559e-03	1.811073e+00
3.299000e-05	1.534566e-03	1.777903e+00
3.300000e-05	1.197426e-03	1.747936e+00
3.301000e-05	7.617147e-04	1.734189e+00
3.302000e-05	6.735938e-04	1.694760e+00
3.303000e-05	3.988545e-04	1.683234e+00
3.304000e-05	-3.824430e-04	1.622654e+00
3.305000e-05	2.017725e-05	1.536067e+00
3.306000e-05	9.426901e-04	1.534311e+00
3.307000e-05	-2.380905e-04	1.462752e+00
3.308000e-05	-9.906082e-05	1.433503e+00
3.309000e-05	3.680900e-04	1.400022e+00
3.310000e-05	1.448049e-04	1.326892e+00
3.311000e-05	-5.327643e-04	1.295393e+00
3.312000e-05	-3.454494e-04	1.282658e+00
3.313000e-05	4.928716e-05	1.201650e+00
3.314000e-05	-1.449820e-03	1.207545e+00
3.315000e-05	-1.759941e-04	1.176995e+00
3.316000e-05	-2.336696e-03	1.136233e+00
3.317000e-05	-3.939862e-04	1.081652e+00
3.318000e-05	-9.557076e-04	9.405675e-01
3.319000e-05	3.423541e-04	9.463358e-01
3.320000e-05	-1.877683e-03	8.411304e-01
3.321000e-05	-2.402782e-03	8.006253e-01
3.322000e-05	-1.639117e-03	8.205501e-01
3.323000e-05	-6.769680e-04	7.489959e-01
3.324000e-05	-2.826908e-03	7.583923e-01
3.325000e-05	-1.559064e-03	6.943381e-01
3.326000e-05	-1.406563e-03	6.527020e-01
3.327000e-05	-1.007608e-03	6.210978e-01
3.328000e-05	-2.544620e-03	5.773962e-01
3.329000e-05	-2.894139e-03	5.178399e-01
3.330000e-05	-2.197465e-03	4.827620e-01
3.331000e-05	-1.818798e-03	4.426053e-01
3.332000e-05	-2.245343e-03	4.105291e-01
3.333000e-05	-3.351514e-03	4.100488e-01
3.334000e-05	-2.359242e-03	3.774222e-01
3.335000e-05	-2.266449e-03	3.064635e-01
3.336000e-05	-3.677321e-03	3.236818e-01
3.337000e-05	-3.641633e-03	1.715452e-01
3.338000e-05	-2.819674e-03	1.463899e-01
3.339000e-05	-1.416374e-03	6.188441e-02
3.340000e-05	-2.790314e-03	4.110432e-02
3.341000e-05	-3.589179e-03	1.157519e-02
3.342000e-05	-3.392890e-03	-9.476119e-03
3.343000e-05	-2.570434e-03	-6.158264e-02
3.344000e-05	-1.634777e-03	-7.314052e-02
3.345000e-05	-2.419809e-03	-1.478368e-01
3.346000e-05	-1.568417e-03	-1.788735e-01
3.347000e-05	-1.819076e-03	-1.999986e-01
3.348000e-05	-2.334520e-03	-2.420801e-01
3.349000e-05	-2.723838e-03	-2.936615e-01
3.350000e-05	1.196724e-02	-2.862170e-01
3.351000e-05	2.851305e-02	-3.383457e-01
3.352000e-05	-2.086946e-02	-4.189462e-01
3.353000e-05	-4.968443e-02	-4.220326e-01
3.354000e-05	9.794876e-03	-4.540592e-01
3.355000e-05	1.481123e-02	-4.621303e-01
3.356000e-05	3.233171e-02	-5.671244e-01
3.357000e-05	-6.226044e-02	-6.394811e-01
3.358000e-05	6.306451e-02	-6.731602e-01
3.359000e-05	6.382635e-03	-7.157917e-01
3.360000e-05	1.345669e-03	-7.584208e-01
3.361000e-05	-2.493783e-02	-7.794462e-01
3.362000e-05	-1.437475e-02	-8.215036e-01
3.363000e-05	3.564199e-03	-8.120778e-01
3.364000e-05	-1.618913e-02	-9.066678e-01
3.365000e-05	4.023932e-02	-9.358181e-01
3.366000e-05	-7.176967e-02	-9.984459e-01
3.367000e-05	-6.889480e-03	-1.020404e+00
3.368000e-05	3.532667e-02	-1.043030e+00
3.369000e-05	2.131807e-02	-1.073243e+00
3.370000e-05	-6.513428e-02	-1.106767e+00
3.371000e-05	3.872622e-02	-1.178401e+00
3.372000e-05	2.888039e-02	-1.241955e+00
3.373000e-05	-2.925687e-03	-1.294587e+00
3.374000e-05	-5.828287e-02	-1.307263e+00
3.375000e-05	1.226779e-02	-1.376352e+00
3.376000e-05	1.961673e-02	-1.523107e+00
3.377000e-05	3.153381e-03	-1.487242e+00
3.378000e-05	-4.285836e-02	-1.559422e+00
3.379000e-05	-4.732450e-03	-1.578951e+00
3.380000e-05	4.265400e-02	-1.620476e+00
3.381000e-05	-2.450464e-02	-1.622031e+00
3.382000e-05	-2.957998e-02	-1.682657e+00
3.383000e-05	-3.272422e-04	-1.696696e+00
3.384000e-05	2.304647e-02	-1.737247e+00
3.385000e-05	-2.065735e-02	-1.798421e+00
3.386000e-05	-7.666891e-03	-1.821583e+00
3.387000e-05	-1.837368e-02	-1.842108e+00
3.388000e-05	1.931182e-02	-1.916214e+00
3.389000e-05	-9.693590e-03	-1.938315e+00
3.390000e-05	-2.152368e-02	-1.978920e+00
3.391000e-05	-7.874483e-03	-1.969474e+00
3.392000e-05	1.199343e-02	-2.009975e+00
3.393000e-05	-7.596485e-03	-2.001505e+00
3.394000e-05	-1.645346e-02	-2.073084e+00
3.395000e-05	-1.340304e-02	-2.087119e+00
3.396000e-05	8.029035e-03	-2.139452e+00
3.397000e-05	-2.063683e-03	-2.189981e+00
3.398000e-05	-2.027268e-02	-2.282789e+00
3.399000e-05	-9.319053e-03	-2.347693e+00
3.400000e-05	3.723921e-03	-2.386797e+00
3.401000e-05	-1.822120e-03	-2.407974e+00
3.402000e-05	-1.890084e-02	-2.381950e+00
3.403000e-05	-1.221922e-02	-2.410552e+00
3.404000e-05	3.977552e-03	-2.442555e+00
3.405000e-05	1.367676e-04	-2.475112e+00
3.406000e-05	-2.034438e-02	-2.535863e+00
3.407000e-05	-8.164990e-03	-2.566821e+00
3.408000e-05	-1.586765e-03	-2.610475e+00
3.409000e-05	5.266243e-04	-2.609950e+00
3.410000e-05	-1.892808e-02	-2.681583e+00
3.411000e-05	-1.090597e-02	-2.655086e+00
3.412000e-05	-7.749390e-04	-2.705789e+00
3.413000e-05	-1.674596e-03	-2.726342e+00
3.414000e-05	-1.808275e-02	-2.748397e+00
3.415000e-05	-9.953174e-03	-2.799500e+00
3.416000e-05	-4.184161e-03	-2.789952e+00
3.417000e-05	-1.356574e-03	-2.811503e+00
3.418000e-05	-1.645436e-02	-2.831028e+00
3.419000e-05	-1.102935e-02	-2.883640e+00
3.420000e-05	-3.472799e-03	-2.896164e+00
3.421000e-05	-4.360208e-03	-2.966796e+00
3.422000e-05	-1.327641e-02	-2.999877e+00
3.423000e-05	-1.394456e-02	-3.071936e+00
3.424000e-05	-4.092997e-03	-3.083213e+00
3.425000e-05	-5.863456e-03	-3.136641e+00
3.426000e-05	-1.215476e-02	-3.157392e+00
3.427000e-05	-1.336300e-02	-3.158872e+00
3.428000e-05	-5.295900e-03	-3.169976e+00
3.429000e-05	-6.838396e-03	-3.209900e+00
3.430000e-05	-1.138569e-02	-3.241580e+00
3.431000e-05	-1.569376e-02	-3.232528e+00
3.432000e-05	-5.346425e-03	-3.262632e+00
3.433000e-05	-7.580952e-03	-3.254663e+00
3.434000e-05	-1.079334e-02	-3.275689e+00
3.435000e-05	-1.549855e-02	-3.315692e+00
3.436000e-05	-7.517899e-03	-3.337421e+00
3.437000e-05	-7.139319e-03	-3.336897e+00
3.438000e-05	-1.132744e-02	-3.387873e+00
3.439000e-05	-1.448196e-02	-3.419501e+00
3.440000e-05	-8.860850e-03	-3.411004e+00
3.441000e-05	-8.537695e-03	-3.440479e+00
3.442000e-05	-1.341904e-02	-3.462084e+00
3.443000e-05	-1.480414e-02	-3.483108e+00
3.444000e-05	-9.992761e-03	-3.456165e+00
3.445000e-05	-8.567105e-03	-3.533196e+00
3.446000e-05	-1.275863e-02	-3.507871e+00
3.447000e-05	-1.427842e-02	-3.557921e+00
3.448000e-05	-1.151373e-02	-3.588946e+00
3.449000e-05	-8.689765e-03	-3.579450e+00
3.450000e-05	-1.443275e-02	-3.590398e+00
3.451000e-05	-1.489464e-02	-3.590975e+00
3.452000e-05	-1.123547e-02	-3.610003e+00
3.453000e-05	-9.281388e-03	-3.612003e+00
3.454000e-05	-1.423361e-02	-3.628552e+00
3.455000e-05	-1.558100e-02	-3.630578e+00
3.456000e-05	-1.294418e-02	-3.611500e+00
3.457000e-05	-1.075189e-02	-3.643655e+00
3.458000e-05	-1.454998e-02	-3.651638e+00
3.459000e-05	-1.503833e-02	-3.643162e+00
3.460000e-05	-1.504517e-02	-3.713246e+00
3.461000e-05	-1.048234e-02	-3.726693e+00
3.462000e-05	-1.569520e-02	-3.713296e+00
3.463000e-05	-1.572946e-02	-3.778342e+00
3.464000e-05	-1.512074e-02	-3.775851e+00
3.465000e-05	-1.152679e-02	-3.830447e+00
3.466000e-05	-1.541097e-02	-3.730527e+00
3.467000e-05	-1.724358e-02	-3.789073e+00
3.468000e-05	-1.580870e-02	-3.822506e+00
3.469000e-05	-1.497530e-02	-3.862634e+00
3.470000e-05	-1.483083e-02	-3.834588e+00
3.471000e-05	-1.876599e-02	-3.912209e+00
3.472000e-05	-1.538792e-02	-3.881211e+00
3.473000e-05	-1.491042e-02	-3.852217e+00
3.474000e-05	-1.385954e-02	-3.865291e+00
3.475000e-05	-1.993678e-02	-3.914239e+00
3.476000e-05	-1.705268e-02	-3.896440e+00
3.477000e-05	-1.720671e-02	-3.916865e+00
3.478000e-05	-1.673577e-02	-3.907291e+00
3.479000e-05	-2.064005e-02	-3.935814e+00
3.480000e-05	-1.909768e-02	-3.914864e+00
3.481000e-05	-1.576122e-02	-3.966821e+00
3.482000e-05	-1.721751e-02	-3.965294e+00
3.483000e-05	-2.026232e-02	-3.937295e+00
3.484000e-05	-2.120221e-02	-3.957315e+00
3.485000e-05	-1.847349e-02	-3.967295e+00
3.486000e-05	-2.092737e-02	-3.936392e+00
3.487000e-05	-2.039829e-02	-3.957920e+00
3.488000e-05	-2.204673e-02	-3.955867e+00
3.489000e-05	-1.708112e-02	-3.937867e+00
3.490000e-05	-1.987858e-02	-3.927843e+00
3.491000e-05	-1.885341e-02	-3.926267e+00
3.492000e-05	-2.326839e-02	-3.925418e+00
3.493000e-05	-2.101221e-02	-3.916367e+00
3.494000e-05	-2.257325e-02	-3.865714e+00
3.495000e-05	-2.306593e-02	-3.893368e+00
3.496000e-05	-2.232058e-02	-3.927212e+00
3.497000e-05	-1.982179e-02	-3.865215e+00
3.498000e-05	-1.816734e-02	-3.884739e+00
3.499000e-05	-2.161706e-02	-3.873688e+00
3.500000e-05	-2.216732e-02	-3.894610e+00
3.501000e-05	-2.338632e-02	-3.872651e+00
3.502000e-05	-2.142360e-02	-3.841581e+00
3.503000e-05	-2.318060e-02	-3.851985e+00
3.504000e-05	-2.192074e-02	-3.808103e+00
3.505000e-05	-1.971018e-02	-3.750052e+00
3.506000e-05	-1.913882e-02	-3.768396e+00
3.507000e-05	-2.093972e-02	-3.735972e+00
3.508000e-05	-2.212707e-02	-3.743847e+00
3.509000e-05	-2.134150e-02	-3.727244e+00
3.510000e-05	-2.037005e-02	-3.695297e+00
3.511000e-05	-2.066746e-02	-3.694211e+00
3.512000e-05	-2.235654e-02	-3.661129e+00
3.513000e-05	-1.927117e-02	-3.673082e+00
3.514000e-05	-1.923908e-02	-3.640582e+00
3.515000e-05	-1.827035e-02	-3.621652e+00
3.516000e-05	-2.044153e-02	-3.610054e+00
3.517000e-05	-1.913602e-02	-3.611000e+00
3.518000e-05	-1.870543e-02	-3.610055e+00
3.519000e-05	-1.807150e-02	-3.600000e+00
3.520000e-05	-2.016706e-02	-3.589526e+00
3.521000e-05	-1.828718e-02	-3.578499e+00
3.522000e-05	-1.819575e-02	-3.579949e+00
3.523000e-05	-1.677611e-02	-3.546995e+00
3.524000e-05	-1.754193e-02	-3.566896e+00
3.525000e-05	-1.710867e-02	-3.556394e+00
3.526000e-05	-1.608577e-02	-3.494339e+00
3.527000e-05	-1.682185e-02	-3.493766e+00
3.528000e-05	-1.662296e-02	-3.482712e+00
3.529000e-05	-1.836241e-02	-3.403054e+00
3.530000e-05	-1.547240e-02	-3.442031e+00
3.531000e-05	-1.546700e-02	-3.391055e+00
3.532000e-05	-1.505441e-02	-3.400525e+00
3.533000e-05	-1.464575e-02	-3.388423e+00
3.534000e-05	-1.495681e-02	-3.355447e+00
3.535000e-05	-1.336406e-02	-3.335893e+00
3.536000e-05	-1.489670e-02	-3.314739e+00
3.537000e-05	-1.428913e-02	-3.292133e+00
3.538000e-05	-1.512956e-02	-3.232733e+00
3.539000e-05	-1.229047e-02	-3.271584e+00
3.540000e-05	-1.516526e-02	-3.220978e+00
3.541000e-05	-1.191362e-02	-3.210025e+00
3.542000e-05	-1.265284e-02	-3.198000e+00
3.543000e-05	-1.160741e-02	-3.168922e+00
3.544000e-05	-1.287279e-02	-3.156421e+00
3.545000e-05	-1.336860e-02	-3.147945e+00
3.546000e-05	-1.183367e-02	-3.124364e+00
3.547000e-05	-1.331958e-02	-3.052108e+00
3.548000e-05	-1.218229e-02	-3.001952e+00
3.549000e-05	-1.235114e-02	-2.935451e+00
3.550000e-05	-1.020643e-02	-2.886392e+00
3.551000e-05	-1.134340e-02	-2.873233e+00
3.552000e-05	-1.099105e-02	-2.812083e+00
3.553000e-05	-1.145299e-02	-2.810553e+00
3.554000e-05	-1.030052e-02	-2.800027e+00
3.555000e-05	-1.132801e-02	-2.779025e+00
3.556000e-05	-1.107340e-02	-2.777449e+00
3.557000e-05	-1.090865e-02	-2.728468e+00
3.558000e-05	-9.885992e-03	-2.715870e+00
3.559000e-05	-1.022542e-02	-2.674313e+00
3.560000e-05	-1.011804e-02	-2.622662e+00
3.561000e-05	-8.755559e-03	-2.640626e+00
3.562000e-05	-9.237100e-03	-2.600080e+00
3.563000e-05	-8.857146e-03	-2.575473e+00
3.564000e-05	-1.102616e-02	-2.565417e+00
3.565000e-05	-9.219879e-03	-2.503758e+00
3.566000e-05	-9.262718e-03	-2.422163e+00
3.567000e-05	-8.768625e-03	-2.422153e+00
3.568000e-05	-1.016992e-02	-2.399605e+00
3.569000e-05	-7.491054e-03	-2.399476e+00
3.570000e-05	-7.060055e-03	-2.358475e+00
3.571000e-05	-8.565619e-03	-2.365967e+00
3.572000e-05	-8.865585e-03	-2.315791e+00
3.573000e-05	-8.968486e-03	-2.262159e+00
3.574000e-05	-7.067253e-03	-2.210529e+00
3.575000e-05	-8.900059e-03	-2.104920e+00
3.576000e-05	-8.334201e-03	-2.073309e+00
3.577000e-05	-7.409060e-03	-2.033202e+00
3.578000e-05	-7.380330e-03	-2.010555e+00
3.579000e-05	-7.729227e-03	-1.989528e+00
3.580000e-05	-7.016961e-03	-1.989474e+00
3.581000e-05	-6.586647e-03	-1.927949e+00
3.582000e-05	-6.988334e-03	-1.934312e+00
3.583000e-05	-7.883400e-03	-1.874183e+00
3.584000e-05	-7.404127e-03	-1.809706e+00
3.585000e-05	-7.052134e-03	-1.799050e+00
3.586000e-05	-7.042433e-03	-1.777499e+00
3.587000e-05	-7.212434e-03	-1.746897e+00
3.588000e-05	-5.830361e-03	-1.685261e+00
3.589000e-05	-6.161866e-03	-1.682737e+00
3.590000e-05	-6.232487e-03	-1.621656e+00
3.591000e-05	-6.071280e-03	-1.640050e+00
3.592000e-05	-6.495482e-03	-1.568500e+00
3.593000e-05	-7.024698e-03	-1.578319e+00
3.594000e-05	-5.707389e-03	-1.484891e+00
3.595000e-05	-5.940822e-03	-1.409178e+00
3.596000e-05	-6.803564e-03	-1.356852e+00
3.597000e-05	-6.749132e-03	-1.275841e+00
3.598000e-05	-4.774751e-03	-1.243205e+00
3.599000e-05	-4.518321e-03	-1.200059e+00
3.600000e-05	-6.173433e-03	-1.200549e+00
3.601000e-05	-5.459819e-03	-1.135895e+00
3.602000e-05	-4.880600e-03	-1.105837e+00
3.603000e-05	-4.783187e-03	-1.053733e+00
3.604000e-05	-6.661836e-03	-1.020103e+00
3.605000e-05	-5.941710e-03	-9.909711e-01
3.606000e-05	-3.631420e-03	-9.578734e-01
3.607000e-05	-4.062002e-03	-8.843159e-01
3.608000e-05	-4.691544e-03	-8.932631e-01
3.609000e-05	-5.174617e-03	-8.101526e-01
3.610000e-05	-4.536186e-03	-7.990001e-01
3.611000e-05	-4.322733e-03	-7.879762e-01
3.612000e-05	-5.660822e-03	-7.479459e-01
3.613000e-05	-4.619962e-03	-6.719058e-01
3.614000e-05	-3.735135e-03	-6.022765e-01
3.615000e-05	-3.093541e-03	-5.690961e-01
3.616000e-05	-5.360298e-03	-4.843434e-01
3.617000e-05	-4.266683e-03	-4.732356e-01
3.618000e-05	-4.422974e-03	-4.101553e-01
3.619000e-05	-3.880916e-03	-3.905514e-01
3.620000e-05	-4.259703e-03	-3.879737e-01
3.621000e-05	-2.983282e-03	-3.469434e-01
3.622000e-05	-3.742918e-03	-2.847131e-01
3.623000e-05	-3.313510e-03	-2.417068e-01
3.624000e-05	-4.321781e-03	-2.105788e-01
3.625000e-05	-4.146461e-03	-1.979474e-01
3.626000e-05	-3.312573e-03	-1.454660e-01
3.627000e-05	-2.974155e-03	-1.048367e-01
3.628000e-05	-2.442882e-03	-3.225939e-02
3.629000e-05	-8.121871e-04	-2.055139e-02
3.630000e-05	1.874413e-05	-1.060006e-02
3.631000e-05	-1.452788e-03	4.300381e-02
3.632000e-05	-2.084219e-03	7.365922e-02
3.633000e-05	-3.090886e-03	1.376857e-01
3.634000e-05	-1.564436e-03	1.988701e-01
3.635000e-05	4.289544e-03	2.410290e-01
3.636000e-05	2.009131e-02	3.240855e-01
3.637000e-05	5.365025e-03	3.883948e-01
3.638000e-05	-4.277149e-02	3.898724e-01
3.639000e-05	-2.762452e-02	4.005024e-01
3.640000e-05	3.499497e-02	4.205278e-01
3.641000e-05	1.928805e-02	5.045605e-01
3.642000e-05	-3.407795e-02	5.457421e-01
3.643000e-05	-1.681993e-02	5.688423e-01
3.644000e-05	3.991760e-02	6.114250e-01
3.645000e-05	1.818549e-02	6.410065e-01
3.646000e-05	-2.365492e-02	6.745293e-01
3.647000e-05	-1.727803e-02	7.052382e-01
3.648000e-05	6.767453e-03	7.688422e-01
3.649000e-05	-1.868779e-02	7.994211e-01
3.650000e-05	6.459165e-02	8.194763e-01
3.651000e-05	-5.102845e-02	8.740554e-01
3.652000e-05	-2.041919e-03	9.177142e-01
3.653000e-05	-1.161852e-02	9.802724e-01
3.654000e-05	5.680531e-02	1.001422e+00
3.655000e-05	-4.315184e-02	1.055034e+00
3.656000e-05	-3.082653e-02	1.137817e+00
3.657000e-05	3.755274e-02	1.219926e+00
3.658000e-05	1.982755e-02	1.200003e+00
3.659000e-05	-1.316831e-02	1.262538e+00
3.660000e-05	-3.636226e-02	1.325286e+00
3.661000e-05	2.739882e-02	1.339289e+00
3.662000e-05	9.902304e-03	1.379421e+00
3.663000e-05	5.002666e-04	1.411505e+00
3.664000e-05	-3.475372e-02	1.544158e+00
3.665000e-05	3.147701e-02	1.458162e+00
3.666000e-05	3.139555e-03	1.629809e+00
3.667000e-05	-4.415885e-03	1.661951e+00
3.668000e-05	-2.214875e-02	1.704662e+00
3.669000e-05	1.760380e-02	1.695567e+00
3.670000e-05	4.218673e-03	1.717921e+00
3.671000e-05	2.629392e-03	1.788324e+00
3.672000e-05	-1.208605e-02	1.842505e+00
3.673000e-05	3.223998e-03	1.833508e+00
3.674000e-05	1.164575e-02	1.886184e+00
3.675000e-05	-2.690635e-03	1.976788e+00
3.676000e-05	-8.609145e-03	1.969321e+00
3.677000e-05	2.284641e-03	1.968949e+00
3.678000e-05	1.439896e-02	2.009976e+00
3.679000e-05	-3.470221e-03	2.042025e+00
3.680000e-05	-4.942532e-03	2.072532e+00
3.681000e-05	-9.073741e-04	2.114737e+00
3.682000e-05	1.315247e-02	2.157365e+00
3.683000e-05	-2.097723e-03	2.169341e+00
3.684000e-05	-3.011842e-03	2.189400e+00
3.685000e-05	3.063907e-04	2.240505e+00
3.686000e-05	1.278397e-02	2.253030e+00
3.687000e-05	-3.296639e-03	2.295636e+00
3.688000e-05	-3.019524e-03	2.346114e+00
3.689000e-05	7.613036e-04	2.376917e+00
3.690000e-05	1.340574e-02	2.389949e+00
3.691000e-05	-2.030714e-03	2.400475e+00
3.692000e-05	-1.109842e-03	2.460025e+00
3.693000e-05	1.032462e-03	2.461529e+00
3.694000e-05	1.118147e-02	2.496657e+00
3.695000e-05	-7.304112e-04	2.547672e+00
3.696000e-05	-2.259470e-03	2.591746e+00
3.697000e-05	2.295527e-03	2.645554e+00
3.698000e-05	9.822106e-03	2.694707e+00
3.699000e-05	2.334348e-03	2.747266e+00
3.700000e-05	-2.801855e-03	2.738867e+00
3.701000e-05	3.540890e-03	2.790897e+00
3.702000e-05	8.252838e-03	2.830000e+00
3.703000e-05	4.496650e-03	2.799999e+00
3.704000e-05	-2.865113e-03	2.842529e+00
3.705000e-05	4.864059e-03	2.831054e+00
3.706000e-05	7.202524e-03	2.914210e+00
3.707000e-05	5.689226e-03	2.925140e+00
3.708000e-05	-2.865484e-03	2.959262e+00
3.709000e-05	4.448797e-03	2.987296e+00
3.710000e-05	6.519656e-03	2.998526e+00
3.711000e-05	7.021484e-03	2.980951e+00
3.712000e-05	-2.712546e-04	3.010479e+00
3.713000e-05	4.137585e-03	3.072606e+00
3.714000e-05	7.921483e-03	3.073633e+00
3.715000e-05	5.639388e-03	3.125736e+00
3.716000e-05	1.045542e-03	3.107268e+00
3.717000e-05	3.361583e-03	3.158291e+00
3.718000e-05	8.598117e-03	3.158875e+00
3.719000e-05	5.968967e-03	3.199920e+00
3.720000e-05	1.995674e-03	3.199000e+00
3.721000e-05	4.076509e-03	3.221004e+00
3.722000e-05	8.776799e-03	3.211004e+00
3.723000e-05	5.368003e-03	3.231078e+00
3.724000e-05	2.767927e-03	3.262081e+00
3.725000e-05	4.118718e-03	3.285106e+00
3.726000e-05	8.603711e-03	3.325240e+00
3.727000e-05	6.285301e-03	3.336817e+00
3.728000e-05	4.501626e-03	3.409371e+00
3.729000e-05	4.783454e-03	3.411356e+00
3.730000e-05	8.614689e-03	3.432525e+00
3.731000e-05	7.022349e-03	3.522059e+00
3.732000e-05	6.163519e-03	3.486636e+00
3.733000e-05	5.630184e-03	3.536090e+00
3.734000e-05	8.723950e-03	3.556865e+00
3.735000e-05	7.412661e-03	3.577794e+00
3.736000e-05	5.713826e-03	3.579394e+00
3.737000e-05	6.446401e-03	3.589400e+00
3.738000e-05	7.593200e-03	3.589950e+00
3.739000e-05	9.661089e-03	3.609498e+00
3.740000e-05	7.154601e-03	3.609453e+00
3.741000e-05	7.800472e-03	3.599976e+00
3.742000e-05	9.170583e-03	3.650504e+00
3.743000e-05	9.904955e-03	3.610552e+00
3.744000e-05	7.342355e-03	3.663029e+00
3.745000e-05	7.766636e-03	3.650526e+00
3.746000e-05	9.123735e-03	3.672084e+00
3.747000e-05	1.081815e-02	3.665606e+00
3.748000e-05	8.643053e-03	3.673188e+00
3.749000e-05	9.381594e-03	3.673588e+00
3.750000e-05	9.643369e-03	3.703161e+00
3.751000e-05	1.151792e-02	3.704689e+00
3.752000e-05	9.939038e-03	3.685169e+00
3.753000e-05	9.287864e-03	3.725739e+00
3.754000e-05	1.029154e-02	3.726297e+00
3.755000e-05	1.146479e-02	3.749266e+00
3.756000e-05	1.094502e-02	3.767739e+00
3.757000e-05	1.025606e-02	3.747920e+00
3.758000e-05	1.082416e-02	3.778870e+00
3.759000e-05	1.260638e-02	3.749323e+00
3.760000e-05	1.151862e-02	3.788421e+00
3.761000e-05	1.177692e-02	3.768897e+00
3.762000e-05	1.286970e-02	3.799422e+00
3.763000e-05	1.312117e-02	3.799896e+00
3.764000e-05	1.338895e-02	3.768476e+00
3.765000e-05	1.181661e-02	3.819472e+00
3.766000e-05	1.238646e-02	3.789971e+00
3.767000e-05	1.375764e-02	3.799450e+00
3.768000e-05	1.353737e-02	3.798974e+00
3.769000e-05	1.483582e-02	3.768945e+00
3.770000e-05	1.385517e-02	3.798925e+00
3.771000e-05	1.533081e-02	3.797422e+00
3.772000e-05	1.525953e-02	3.829900e+00
3.773000e-05	1.544270e-02	3.767421e+00
3.774000e-05	1.512169e-02	3.789445e+00
3.775000e-05	1.539801e-02	3.778020e+00
3.776000e-05	1.563620e-02	3.798425e+00
3.777000e-05	1.545487e-02	3.798974e+00
3.778000e-05	1.525309e-02	3.797425e+00
3.779000e-05	1.636028e-02	3.787394e+00
3.780000e-05	1.614204e-02	3.817919e+00
3.781000e-05	1.694588e-02	3.787320e+00
3.782000e-05	1.594590e-02	3.758793e+00
3.783000e-05	1.636006e-02	3.796897e+00
3.784000e-05	1.647229e-02	3.738399e+00
3.785000e-05	1.625552e-02	3.726190e+00
3.786000e-05	1.531445e-02	3.757264e+00
3.787000e-05	1.593273e-02	3.705287e+00
3.788000e-05	1.604664e-02	3.745789e+00
3.789000e-05	1.599051e-02	3.662258e+00
3.790000e-05	1.470697e-02	3.733663e+00
3.791000e-05	1.597406e-02	3.685186e+00
3.792000e-05	1.632283e-02	3.693679e+00
3.793000e-05	1.504496e-02	3.652032e+00
3.794000e-05	1.453724e-02	3.661184e+00
3.795000e-05	1.420508e-02	3.622578e+00
3.796000e-05	1.575634e-02	3.611554e+00
3.797000e-05	1.302504e-02	3.650528e+00
3.798000e-05	1.374573e-02	3.630525e+00
3.799000e-05	1.404509e-02	3.600001e+00
3.800000e-05	1.387216e-02	3.600475e+00
3.801000e-05	1.388353e-02	3.599975e+00
3.802000e-05	1.295314e-02	3.599000e+00
3.803000e-05	1.282127e-02	3.588925e+00
3.804000e-05	1.440713e-02	3.578921e+00
3.805000e-05	1.116110e-02	3.575845e+00
3.806000e-05	1.232665e-02	3.534316e+00
3.807000e-05	1.177104e-02	3.526815e+00
3.808000e-05	1.206411e-02	3.516211e+00
3.809000e-05	1.130011e-02	3.482652e+00
3.810000e-05	1.138849e-02	3.422525e+00
3.811000e-05	1.151407e-02	3.422005e+00
3.812000e-05	1.170275e-02	3.418546e+00
3.813000e-05	1.053315e-02	3.364395e+00
3.814000e-05	1.052700e-02	3.313365e+00
3.815000e-05	1.030475e-02	3.343756e+00
3.816000e-05	9.978645e-03	3.242583e+00
3.817000e-05	9.068332e-03	3.240154e+00
3.818000e-05	8.796048e-03	3.231002e+00
3.819000e-05	9.028161e-03	3.209526e+00
3.820000e-05	9.233532e-03	3.209524e+00
3.821000e-05	8.812087e-03	3.189471e+00
3.822000e-05	9.066173e-03	3.189445e+00
3.823000e-05	8.367267e-03	3.196346e+00
3.824000e-05	7.975401e-03	3.146765e+00
3.825000e-05	5.669027e-03	3.113812e+00
3.826000e-05	7.111049e-03	3.113706e+00
3.827000e-05	7.180097e-03	3.072129e+00
3.828000e-05	7.910035e-03	3.031553e+00
3.829000e-05	6.724191e-03	3.020527e+00
3.830000e-05	5.662173e-03	2.989550e+00
3.831000e-05	6.307528e-03	2.978946e+00
3.832000e-05	6.804691e-03	2.957867e+00
3.833000e-05	5.513005e-03	2.945711e+00
3.834000e-05	5.520487e-03	2.913341e+00
3.835000e-05	5.325791e-03	2.852107e+00
3.836000e-05	5.559902e-03	2.851080e+00
3.837000e-05	4.491160e-03	2.810001e+00
3.838000e-05	4.447176e-03	2.810550e+00
3.839000e-05	4.461356e-03	2.796974e+00
3.840000e-05	4.863377e-03	2.808917e+00
3.841000e-05	4.533272e-03	2.777368e+00
3.842000e-05	4.427129e-03	2.725365e+00
3.843000e-05	3.926821e-03	2.673179e+00
3.844000e-05	4.432068e-03	2.629601e+00
3.845000e-05	4.024125e-03	2.568462e+00
3.846000e-05	2.810513e-03	2.543737e+00
3.847000e-05	3.979758e-03	2.441705e+00
3.848000e-05	3.300828e-03	2.421654e+00
3.849000e-05	3.651909e-03	2.399525e+00
3.850000e-05	2.132418e-03	2.388875e+00
3.851000e-05	3.663692e-03	2.345920e+00
3.852000e-05	3.859870e-03	2.345314e+00
3.853000e-05	2.981324e-03	2.283237e+00
3.854000e-05	2.230737e-03	2.272205e+00
3.855000e-05	2.548316e-03	2.221553e+00
3.856000e-05	2.639746e-03	2.199500e+00
3.857000e-05	2.429260e-03	2.147396e+00
3.858000e-05	1.099774e-03	2.155886e+00
3.859000e-05	2.690969e-03	2.085311e+00
3.860000e-05	2.747926e-03	2.062204e+00
3.861000e-05	2.509787e-03	2.041128e+00
3.862000e-05	1.042631e-03	2.000101e+00
3.863000e-05	2.159636e-03	1.998525e+00
3.864000e-05	1.881872e-03	1.997946e+00
3.865000e-05	1.308759e-03	1.936318e+00
3.866000e-05	9.624026e-04	1.895211e+00
3.867000e-05	1.581907e-03	1.843657e+00
3.868000e-05	7.964572e-04	1.798575e+00
3.869000e-05	1.634459e-03	1.748918e+00
3.870000e-05	6.002547e-04	1.754359e+00
3.871000e-05	1.178535e-03	1.714862e+00
3.872000e-05	1.027989e-03	1.684187e+00
3.873000e-05	7.376156e-04	1.632105e+00
3.874000e-05	7.006649e-04	1.587099e+00
3.875000e-05	9.257601e-04	1.539839e+00
3.876000e-05	1.181618e-04	1.512661e+00
3.877000e-05	-2.838535e-04	1.442129e+00
3.878000e-05	5.086928e-04	1.430500e+00
3.879000e-05	-5.555327e-04	1.409475e+00
3.880000e-05	-3.016385e-04	1.314896e+00
3.881000e-05	7.063732e-04	1.303811e+00
3.882000e-05	1.755897e-04	1.251180e+00
3.883000e-05	-1.608054e-04	1.209553e+00
3.884000e-05	-2.162203e-05	1.179973e+00
3.885000e-05	-5.339549e-04	1.126441e+00
3.886000e-05	-5.083947e-04	1.073283e+00
3.887000e-05	-2.351625e-03	1.011671e+00
3.888000e-05	-9.645971e-04	9.258883e-01
3.889000e-05	-2.141706e-03	8.561545e-01
3.890000e-05	-1.477284e-04	8.507055e-01
3.891000e-05	-7.479450e-04	8.000238e-01
3.892000e-05	-1.360898e-03	7.690488e-01
3.893000e-05	-2.605729e-04	7.269410e-01
3.894000e-05	-1.919773e-03	6.957859e-01
3.895000e-05	-2.795111e-03	6.626818e-01
3.896000e-05	-3.289235e-03	6.320777e-01
3.897000e-05	-1.432535e-03	5.889988e-01
3.898000e-05	-1.396021e-03	5.474723e-01
3.899000e-05	-1.636804e-03	5.238094e-01
3.900000e-05	-8.129665e-04	4.652319e-01
3.901000e-05	-2.200125e-03	4.415515e-01
3.902000e-05	-2.094667e-03	4.000251e-01
3.903000e-05	-4.021908e-03	3.789738e-01
3.904000e-05	-2.417871e-03	3.868447e-01
3.905000e-05	-2.889677e-03	3.138594e-01
3.906000e-05	-1.715627e-03	2.726565e-01
3.907000e-05	-3.036770e-03	1.669464e-01
3.908000e-05	-2.662830e-03	1.353622e-01
3.909000e-05	-3.009592e-03	5.170690e-02
3.910000e-05	-3.478185e-03	3.157794e-02
3.911000e-05	-4.268085e-03	-8.999938e-03
3.912000e-05	-2.448552e-03	-3.050263e-02
3.913000e-05	-1.645262e-03	-5.403140e-02
3.914000e-05	-4.457858e-05	-1.256593e-01
3.915000e-05	-1.076378e-03	-1.282695e-01
3.916000e-05	-2.500777e-03	-1.988734e-01
3.917000e-05	-1.898474e-03	-2.120525e-01
3.918000e-05	-4.439441e-03	-2.435590e-01
3.919000e-05	1.286157e-03	-2.956342e-01
3.920000e-05	2.022611e-02	-3.362158e-01
3.921000e-05	1.543333e-02	-3.693222e-01
3.922000e-05	-5.105439e-02	-4.309511e-01
3.923000e-05	-3.440620e-02	-4.725551e-01
3.924000e-05	2.898703e-02	-4.636091e-01
3.925000e-05	3.041130e-02	-4.736855e-01
3.926000e-05	-2.810076e-02	-6.293686e-01
3.927000e-05	-1.344619e-02	-6.109811e-01
3.928000e-05	4.406823e-02	-6.882629e-01
3.929000e-05	9.871141e-03	-7.167184e-01
3.930000e-05	-2.792516e-02	-8.174224e-01
3.931000e-05	-1.167841e-02	-7.904763e-01
3.932000e-05	2.274212e-03	-8.211265e-01
3.933000e-05	-2.450298e-02	-8.930866e-01
3.934000e-05	5.322736e-02	-9.172156e-01
3.935000e-05	-3.357444e-02	-9.478434e-01
3.936000e-05	-3.471134e-02	-9.704510e-01
3.937000e-05	-1.051423e-02	-1.040975e+00
3.938000e-05	5.801654e-02	-1.064610e+00
3.939000e-05	-3.376363e-02	-1.144817e+00
3.940000e-05	-3.657221e-02	-1.167342e+00
3.941000e-05	5.438161e-02	-1.159375e+00
3.942000e-05	8.156339e-03	-1.262509e+00
3.943000e-05	-2.672513e-02	-1.294691e+00
3.944000e-05	-4.234062e-02	-1.316742e+00
3.945000e-05	3.100212e-02	-1.421454e+00
3.946000e-05	3.240854e-03	-1.477138e+00
3.947000e-05	-5.454288e-03	-1.555818e+00
3.948000e-05	-5.162875e-02	-1.568796e+00
3.949000e-05	3.718955e-02	-1.620953e+00
3.950000e-05	1.292638e-02	-1.600503e+00
3.951000e-05	-3.293296e-02	-1.663054e+00
3.952000e-05	-2.351772e-02	-1.666734e+00
3.953000e-05	2.150169e-02	-1.685270e+00
3.954000e-05	1.502984e-03	-1.758891e+00
3.955000e-05	-1.672311e-02	-1.781425e+00
3.956000e-05	-1.317957e-02	-1.812024e+00
3.957000e-05	-2.867029e-03	-1.864563e+00
3.958000e-05	1.619795e-02	-1.907167e+00
3.959000e-05	-2.325074e-02	-1.947821e+00
3.960000e-05	-1.584277e-02	-1.968872e+00
3.961000e-05	1.822905e-03	-1.980476e+00
3.962000e-05	1.095122e-02	-2.000529e+00
3.963000e-05	-1.727984e-02	-2.031053e+00
3.964000e-05	-1.451168e-02	-2.123633e+00
3.965000e-05	-6.295619e-03	-2.127763e+00
3.966000e-05	1.293794e-02	-2.149295e+00
3.967000e-05	-1.506802e-02	-2.224005e+00
3.968000e-05	-1.752374e-02	-2.295692e+00
3.969000e-05	-2.381805e-03	-2.378795e+00
3.970000e-05	5.612764e-03	-2.378850e+00
3.971000e-05	-1.221387e-02	-2.379950e+00
3.972000e-05	-1.806310e-02	-2.419528e+00
3.973000e-05	-6.235620e-03	-2.422055e+00
3.974000e-05	9.113539e-03	-2.494137e+00
3.975000e-05	-1.295133e-02	-2.505165e+00
3.976000e-05	-1.671702e-02	-2.556841e+00
3.977000e-05	-4.932042e-03	-2.598820e+00
3.978000e-05	2.319505e-03	-2.609425e+00
3.979000e-05	-9.660982e-03	-2.640008e+00
3.980000e-05	-1.843352e-02	-2.642635e+00
3.981000e-05	-5.104025e-03	-2.714166e+00
3.982000e-05	2.139443e-03	-2.706297e+00
3.983000e-05	-9.889736e-03	-2.747341e+00
3.984000e-05	-1.752897e-02	-2.768447e+00
3.985000e-05	-6.041600e-03	-2.789950e+00
3.986000e-05	-2.535743e-03	-2.811501e+00
3.987000e-05	-6.210436e-03	-2.840504e+00
3.988000e-05	-1.917052e-02	-2.842105e+00
3.989000e-05	-5.599452e-03	-2.864182e+00
3.990000e-05	-4.345971e-03	-2.895719e+00
3.991000e-05	-7.175111e-03	-2.918449e+00
3.992000e-05	-1.650313e-02	-3.042926e+00
3.993000e-05	-8.013949e-03	-3.064106e+00
3.994000e-05	-3.982752e-03	-3.116337e+00
3.995000e-05	-8.004162e-03	-3.126370e+00
3.996000e-05	-1.552792e-02	-3.178817e+00
3.997000e-05	-9.872744e-03	-3.148951e+00
3.998000e-05	-5.064281e-03	-3.209975e+00
3.999000e-05	-8.402487e-03	-3.211004e+00
4.000000e-05	-1.494643e-02	-3.211526e+00
4.001000e-05	-1.206136e-02	-3.231557e+00
4.002000e-05	-4.332454e-03	-3.264180e+00
4.003000e-05	-9.339033e-03	-3.284688e+00
4.004000e-05	-1.296988e-02	-3.315713e+00
4.005000e-05	-1.321249e-02	-3.317844e+00
4.006000e-05	-5.251905e-03	-3.328371e+00
4.007000e-05	-1.013201e-02	-3.389373e+00
4.008000e-05	-1.464695e-02	-3.349925e+00
4.009000e-05	-1.345257e-02	-3.379449e+00
4.010000e-05	-7.053344e-03	-3.402528e+00
4.011000e-05	-9.854393e-03	-3.422055e+00
4.012000e-05	-1.374215e-02	-3.493186e+00
4.013000e-05	-1.344775e-02	-3.494659e+00
4.014000e-05	-7.836615e-03	-3.494263e+00
4.015000e-05	-1.119934e-02	-3.537266e+00
4.016000e-05	-1.429880e-02	-3.537848e+00
4.017000e-05	-1.439605e-02	-3.559391e+00
4.018000e-05	-8.842855e-03	-3.578924e+00
4.019000e-05	-1.087805e-02	-3.599972e+00
4.020000e-05	-1.493126e-02	-3.589975e+00
4.021000e-05	-1.490665e-02	-3.619451e+00
4.022000e-05	-9.235242e-03	-3.589503e+00
4.023000e-05	-1.095959e-02	-3.600028e+00
4.024000e-05	-1.506219e-02	-3.640531e+00
4.025000e-05	-1.481685e-02	-3.621029e+00
4.026000e-05	-1.185615e-02	-3.631581e+00
4.027000e-05	-1.197296e-02	-3.673107e+00
4.028000e-05	-1.573787e-02	-3.673160e+00
4.029000e-05	-1.564772e-02	-3.665189e+00
4.030000e-05	-1.303501e-02	-3.696171e+00
4.031000e-05	-1.289901e-02	-3.748370e+00
4.032000e-05	-1.558378e-02	-3.776317e+00
4.033000e-05	-1.519359e-02	-3.751423e+00
4.034000e-05	-1.361952e-02	-3.778850e+00
4.035000e-05	-1.232742e-02	-3.778026e+00
4.036000e-05	-1.668057e-02	-3.830509e+00
4.037000e-05	-1.678160e-02	-3.851108e+00
4.038000e-05	-1.596829e-02	-3.835108e+00
4.039000e-05	-1.560834e-02	-3.860604e+00
4.040000e-05	-1.691113e-02	-3.825739e+00
4.041000e-05	-1.669327e-02	-3.861713e+00
4.042000e-05	-1.478186e-02	-3.883686e+00
4.043000e-05	-1.497319e-02	-3.905214e+00
4.044000e-05	-1.642914e-02	-3.926739e+00
4.045000e-05	-1.951603e-02	-3.955363e+00
4.046000e-05	-1.915436e-02	-3.916794e+00
4.047000e-05	-1.712289e-02	-3.917816e+00
4.048000e-05	-1.796636e-02	-3.927372e+00
4.049000e-05	-2.006195e-02	-3.956768e+00
4.050000e-05	-1.746793e-02	-3.925896e+00
4.051000e-05	-1.747502e-02	-3.967291e+00
4.052000e-05	-1.814507e-02	-3.947374e+00
4.053000e-05	-2.173450e-02	-3.947368e+00
4.054000e-05	-1.922538e-02	-3.957417e+00
4.055000e-05	-2.058193e-02	-3.976293e+00
4.056000e-05	-1.955734e-02	-3.977898e+00
4.057000e-05	-2.128077e-02	-3.916388e+00
4.058000e-05	-1.998875e-02	-3.926344e+00
4.059000e-05	-1.933758e-02	-3.946342e+00
4.060000e-05	-1.983809e-02	-3.906870e+00
4.061000e-05	-2.157281e-02	-3.957269e+00
4.062000e-05	-2.241755e-02	-3.914895e+00
4.063000e-05	-2.241238e-02	-3.936447e+00
4.064000e-05	-2.212296e-02	-3.934212e+00
4.065000e-05	-2.229034e-02	-3.905291e+00
4.066000e-05	-2.175943e-02	-3.904786e+00
4.067000e-05	-2.064237e-02	-3.876211e+00
4.068000e-05	-1.928978e-02	-3.902688e+00
4.069000e-05	-2.105099e-02	-3.864283e+00
4.070000e-05	-2.255492e-02	-3.841609e+00
4.071000e-05	-2.263896e-02	-3.882135e+00
4.072000e-05	-2.247550e-02	-3.800103e+00
4.073000e-05	-2.185543e-02	-3.803035e+00
4.074000e-05	-2.187241e-02	-3.839026e+00
4.075000e-05	-2.091577e-02	-3.828404e+00
4.076000e-05	-1.847168e-02	-3.778450e+00
4.077000e-05	-1.957519e-02	-3.776972e+00
4.078000e-05	-2.058607e-02	-3.709246e+00
4.079000e-05	-2.245746e-02	-3.685716e+00
4.080000e-05	-2.004790e-02	-3.661159e+00
4.081000e-05	-2.140069e-02	-3.643741e+00
4.082000e-05	-2.046408e-02	-3.663606e+00
4.083000e-05	-1.991788e-02	-3.642077e+00
4.084000e-05	-1.822538e-02	-3.621132e+00
4.085000e-05	-1.842706e-02	-3.610553e+00
4.086000e-05	-1.893882e-02	-3.601027e+00
4.087000e-05	-1.902163e-02	-3.610001e+00
4.088000e-05	-1.832731e-02	-3.600003e+00
4.089000e-05	-1.881459e-02	-3.589449e+00
4.090000e-05	-1.948226e-02	-3.599475e+00
4.091000e-05	-1.805599e-02	-3.599474e+00
4.092000e-05	-1.780755e-02	-3.548424e+00
4.093000e-05	-1.633872e-02	-3.557948e+00
4.094000e-05	-1.739725e-02	-3.547916e+00
4.095000e-05	-1.700782e-02	-3.536942e+00
4.096000e-05	-1.579357e-02	-3.504767e+00
4.097000e-05	-1.670095e-02	-3.493285e+00
4.098000e-05	-1.710754e-02	-3.472628e+00
4.099000e-05	-1.682779e-02	-3.451108e+00
4.100000e-05	-1.434756e-02	-3.420655e+00
4.101000e-05	-1.544696e-02	-3.389124e+00
4.102000e-05	-1.579751e-02	-3.399449e+00
4.103000e-05	-1.512480e-02	-3.338421e+00
4.104000e-05	-1.377611e-02	-3.366871e+00
4.105000e-05	-1.458341e-02	-3.345893e+00
4.106000e-05	-1.408210e-02	-3.262811e+00
4.107000e-05	-1.417502e-02	-3.264136e+00
4.108000e-05	-1.353172e-02	-3.251633e+00
4.109000e-05	-1.363858e-02	-3.200554e+00
4.110000e-05	-1.401463e-02	-3.200603e+00
4.111000e-05	-1.384258e-02	-3.209999e+00
4.112000e-05	-1.250086e-02	-3.179924e+00
4.113000e-05	-1.255766e-02	-3.156969e+00
4.114000e-05	-1.229609e-02	-3.179442e+00
4.115000e-05	-1.249734e-02	-3.084266e+00
4.116000e-05	-1.192353e-02	-3.072736e+00
4.117000e-05	-1.260805e-02	-3.051153e+00
4.118000e-05	-1.196526e-02	-2.987396e+00
4.119000e-05	-1.217640e-02	-2.946391e+00
4.120000e-05	-1.109045e-02	-2.884290e+00
4.121000e-05	-1.207645e-02	-2.852280e+00
4.122000e-05	-1.062648e-02	-2.801179e+00
4.123000e-05	-9.850717e-03	-2.811053e+00
4.124000e-05	-1.075341e-02	-2.800026e+00
4.125000e-05	-1.099483e-02	-2.788976e+00
4.126000e-05	-1.012965e-02	-2.788499e+00
4.127000e-05	-1.040546e-02	-2.706417e+00
4.128000e-05	-1.050250e-02	-2.703841e+00
4.129000e-05	-1.031180e-02	-2.693281e+00
4.130000e-05	-1.009901e-02	-2.632107e+00
4.131000e-05	-9.460242e-03	-2.620528e+00
4.132000e-05	-9.374589e-03	-2.597999e+00
4.133000e-05	-9.441365e-03	-2.518946e+00
4.134000e-05	-9.392467e-03	-2.545311e+00
4.135000e-05	-8.111245e-03	-2.462183e+00
4.136000e-05	-8.558546e-03	-2.442679e+00
4.137000e-05	-8.353394e-03	-2.411555e+00
4.138000e-05	-9.467190e-03	-2.410525e+00
4.139000e-05	-8.692757e-03	-2.388525e+00
4.140000e-05	-8.017153e-03	-2.347999e+00
4.141000e-05	-8.126715e-03	-2.326416e+00
4.142000e-05	-8.579581e-03	-2.293385e+00
4.143000e-05	-9.004392e-03	-2.241154e+00
4.144000e-05	-6.819217e-03	-2.175492e+00
4.145000e-05	-6.910531e-03	-2.115465e+00
4.146000e-05	-7.493905e-03	-2.071737e+00
4.147000e-05	-8.339993e-03	-2.011130e+00
4.148000e-05	-6.844586e-03	-2.011026e+00
4.149000e-05	-6.647620e-03	-1.989973e+00
4.150000e-05	-8.878893e-03	-1.958500e+00
4.151000e-05	-8.350588e-03	-1.934863e+00
4.152000e-05	-6.536972e-03	-1.884366e+00
4.153000e-05	-6.762750e-03	-1.872183e+00
4.154000e-05	-6.369133e-03	-1.821082e+00
4.155000e-05	-7.360882e-03	-1.788470e+00
4.156000e-05	-5.861641e-03	-1.767523e+00
4.157000e-05	-5.720953e-03	-1.744967e+00
4.158000e-05	-6.318056e-03	-1.662861e+00
4.159000e-05	-7.484307e-03	-1.622233e+00
4.160000e-05	-6.539334e-03	-1.620579e+00
4.161000e-05	-5.705149e-03	-1.589050e+00
4.162000e-05	-6.547781e-03	-1.578472e+00
4.163000e-05	-7.124890e-03	-1.512912e+00
4.164000e-05	-5.458407e-03	-1.464911e+00
4.165000e-05	-4.379803e-03	-1.398180e+00
4.166000e-05	-6.506692e-03	-1.344960e+00
4.167000e-05	-6.084079e-03	-1.234179e+00
4.168000e-05	-5.951679e-03	-1.222585e+00
4.169000e-05	-4.542817e-03	-1.209128e+00
4.170000e-05	-6.370849e-03	-1.149024e+00
4.171000e-05	-6.079169e-03	-1.086341e+00
4.172000e-05	-5.947010e-03	-1.065287e+00
4.173000e-05	-4.206372e-03	-1.010079e+00
4.174000e-05	-5.510490e-03	-9.900550e-01
4.175000e-05	-5.173708e-03	-9.990226e-01
4.176000e-05	-5.147681e-03	-9.363673e-01
4.177000e-05	-4.192518e-03	-9.033343e-01
4.178000e-05	-4.812742e-03	-8.122054e-01
4.179000e-05	-5.069006e-03	-8.210303e-01
4.180000e-05	-5.799538e-03	-7.700475e-01
4.181000e-05	-4.905680e-03	-7.579199e-01
4.182000e-05	-4.732767e-03	-7.259171e-01
4.183000e-05	-4.272443e-03	-6.528819e-01
4.184000e-05	-4.445240e-03	-6.141739e-01
4.185000e-05	-4.081863e-03	-5.459423e-01
4.186000e-05	-4.852417e-03	-4.552870e-01
4.187000e-05	-3.277282e-03	-4.320791e-01
4.188000e-05	-5.203426e-03	-4.000013e-01
4.189000e-05	-4.900988e-03	-3.595238e-01
4.190000e-05	-3.649171e-03	-3.684986e-01
4.191000e-05	-3.512345e-03	-2.962873e-01
4.192000e-05	-4.728021e-03	-2.632067e-01
4.193000e-05	-4.264515e-03	-2.317303e-01
4.194000e-05	-3.826085e-03	-2.000736e-01
4.195000e-05	-2.920967e-03	-1.674448e-01
4.196000e-05	-3.418153e-03	-1.168909e-01
4.197000e-05	-2.784125e-03	-5.166322e-02
4.198000e-05	-2.392212e-03	-2.261051e-02
4.199000e-05	-1.070478e-03	-1.005132e-02
4.200000e-05	-1.951759e-03	5.000033e-04
4.201000e-05	-1.957692e-03	3.253019e-02
4.202000e-05	-2.454478e-03	9.263159e-02
4.203000e-05	-2.565486e-03	1.673421e-01
4.204000e-05	-2.109726e-04	2.413473e-01
4.205000e-05	1.247801e-02	2.336093e-01
4.206000e-05	2.210864e-02	3.337144e-01
4.207000e-05	-1.703584e-02	3.894248e-01
4.208000e-05	-4.687579e-02	4.099988e-01
4.209000e-05	-2.395578e-03	3.900251e-01
4.210000e-05	3.202327e-02	4.531040e-01
4.211000e-05	1.939209e-02	4.946617e-01
4.212000e-05	-6.899247e-02	5.677432e-01
4.213000e-05	4.485923e-02	5.773961e-01
4.214000e-05	6.294123e-03	6.015024e-01
4.215000e-05	1.635357e-02	6.625791e-01
4.216000e-05	-2.811565e-02	6.951368e-01
4.217000e-05	-1.629816e-02	7.567371e-01
4.218000e-05	1.513835e-02	7.888984e-01
4.219000e-05	-1.050547e-02	7.904988e-01
4.220000e-05	4.484342e-02	8.505303e-01
4.221000e-05	-6.247278e-02	9.131632e-01
4.222000e-05	-1.602741e-04	9.286131e-01
4.223000e-05	2.863983e-02	9.584225e-01
4.224000e-05	2.096604e-02	1.072024e+00
4.225000e-05	-5.751105e-02	1.125566e+00
4.226000e-05	9.438392e-03	1.179322e+00
4.227000e-05	2.834064e-02	1.201077e+00
4.228000e-05	1.754047e-02	1.240950e+00
4.229000e-05	-4.513530e-02	1.305138e+00
4.230000e-05	-1.379407e-03	1.326264e+00
4.231000e-05	2.108851e-02	1.388320e+00
4.232000e-05	1.086325e-02	1.419024e+00
4.233000e-05	-2.391862e-02	1.453544e+00
4.234000e-05	-8.232486e-03	1.525086e+00
4.235000e-05	3.153168e-02	1.628820e+00
4.236000e-05	-6.101489e-03	1.631494e+00
4.237000e-05	-9.489081e-03	1.643533e+00
4.238000e-05	-9.797973e-03	1.745810e+00
4.239000e-05	1.964798e-02	1.747216e+00
4.240000e-05	-2.531941e-03	1.759847e+00
4.241000e-05	6.986680e-04	1.830324e+00
4.242000e-05	-1.481596e-02	1.862081e+00
4.243000e-05	1.648898e-02	1.885583e+00
4.244000e-05	2.178620e-03	1.915688e+00
4.245000e-05	-4.347669e-03	1.977792e+00
4.246000e-05	-8.276470e-03	1.978947e+00
4.247000e-05	1.391990e-02	2.000000e+00
4.248000e-05	4.283810e-03	2.000003e+00
4.249000e-05	-3.451872e-03	2.052081e+00
4.250000e-05	-6.715587e-03	2.054135e+00
4.251000e-05	8.653015e-03	2.106141e+00
4.252000e-05	6.511248e-03	2.157295e+00
4.253000e-05	-4.936038e-03	2.189915e+00
4.254000e-05	-4.412926e-03	2.220850e+00
4.255000e-05	8.882726e-03	2.261002e+00
4.256000e-05	8.562512e-03	2.233037e+00
4.257000e-05	-5.585520e-03	2.335210e+00
4.258000e-05	-2.675026e-03	2.358817e+00
4.259000e-05	8.021895e-03	2.398920e+00
4.260000e-05	7.608056e-03	2.389396e+00
4.261000e-05	-4.929584e-03	2.399478e+00
4.262000e-05	-6.822327e-04	2.430480e+00
4.263000e-05	5.621987e-03	2.484087e+00
4.264000e-05	9.555077e-03	2.485663e+00
4.265000e-05	-4.503331e-03	2.557797e+00
4.266000e-05	3.419196e-04	2.631430e+00
4.267000e-05	5.482727e-03	2.693637e+00
4.268000e-05	1.015236e-02	2.736638e+00
4.269000e-05	-3.638134e-03	2.747217e+00
4.270000e-05	6.004346e-04	2.788322e+00
4.271000e-05	4.939679e-03	2.789474e+00
4.272000e-05	9.520885e-03	2.810022e+00
4.273000e-05	-1.037601e-03	2.821500e+00
4.274000e-05	6.908698e-04	2.832004e+00
4.275000e-05	5.665569e-03	2.885182e+00
4.276000e-05	8.736388e-03	2.924190e+00
4.277000e-05	1.473097e-03	2.957737e+00
4.278000e-05	-3.516177e-04	2.968246e+00
4.279000e-05	6.003176e-03	3.009922e+00
4.280000e-05	7.794593e-03	3.019998e+00
4.281000e-05	3.222200e-03	3.000500e+00
4.282000e-05	-7.252831e-04	3.062954e+00
4.283000e-05	6.683849e-03	3.104082e+00
4.284000e-05	7.164764e-03	3.093663e+00
4.285000e-05	4.678151e-03	3.104614e+00
4.286000e-05	8.573428e-04	3.136313e+00
4.287000e-05	6.512916e-03	3.157796e+00
4.288000e-05	7.587918e-03	3.169373e+00
4.289000e-05	5.026519e-03	3.189449e+00
4.290000e-05	1.826705e-03	3.188898e+00
4.291000e-05	6.597217e-03	3.210978e+00
4.292000e-05	7.580794e-03	3.251076e+00
4.293000e-05	5.255667e-03	3.221579e+00
4.294000e-05	2.419650e-03	3.272606e+00
4.295000e-05	6.170865e-03	3.314142e+00
4.296000e-05	8.173371e-03	3.346763e+00
4.297000e-05	5.800192e-03	3.375742e+00
4.298000e-05	4.354506e-03	3.398274e+00
4.299000e-05	6.782660e-03	3.422851e+00
4.300000e-05	8.734231e-03	3.474058e+00
4.301000e-05	5.936008e-03	3.494638e+00
4.302000e-05	4.151442e-03	3.507166e+00
4.303000e-05	5.553667e-03	3.555211e+00
4.304000e-05	9.955026e-03	3.528372e+00
4.305000e-05	7.026846e-03	3.579344e+00
4.306000e-05	5.333946e-03	3.589400e+00
4.307000e-05	6.977951e-03	3.587948e+00
4.308000e-05	9.679784e-03	3.599999e+00
4.309000e-05	7.446124e-03	3.608999e+00
4.310000e-05	5.718796e-03	3.611050e+00
4.311000e-05	6.895443e-03	3.609526e+00
4.312000e-05	9.794886e-03	3.603029e+00
4.313000e-05	7.754054e-03	3.650053e+00
4.314000e-05	7.112903e-03	3.641030e+00
4.315000e-05	8.826241e-03	3.682554e+00
4.316000e-05	9.970449e-03	3.681605e+00
4.317000e-05	9.743385e-03	3.682634e+00
4.318000e-05	7.855706e-03	3.684084e+00
4.319000e-05	9.668381e-03	3.695134e+00
4.320000e-05	1.039687e-02	3.726612e+00
4.321000e-05	9.471246e-03	3.744241e+00
4.322000e-05	8.546079e-03	3.747237e+00
4.323000e-05	9.450546e-03	3.745667e+00
4.324000e-05	1.072813e-02	3.736796e+00
4.325000e-05	1.081734e-02	3.748818e+00
4.326000e-05	1.052345e-02	3.758368e+00
4.327000e-05	1.182932e-02	3.777921e+00
4.328000e-05	1.171047e-02	3.777871e+00
4.329000e-05	1.323454e-02	3.778947e+00
4.330000e-05	1.095030e-02	3.799974e+00
4.331000e-05	1.148104e-02	3.829875e+00
4.332000e-05	1.272062e-02	3.800396e+00
4.333000e-05	1.331594e-02	3.769421e+00
4.334000e-05	1.254535e-02	3.800424e+00
4.335000e-05	1.332162e-02	3.819925e+00
4.336000e-05	1.512762e-02	3.797997e+00
4.337000e-05	1.496696e-02	3.820475e+00
4.338000e-05	1.322750e-02	3.778899e+00
4.339000e-05	1.379970e-02	3.799949e+00
4.340000e-05	1.502678e-02	3.799501e+00
4.341000e-05	1.498737e-02	3.779446e+00
4.342000e-05	1.471825e-02	3.798974e+00
4.343000e-05	1.464308e-02	3.799976e+00
4.344000e-05	1.627850e-02	3.828922e+00
4.345000e-05	1.650622e-02	3.788895e+00
4.346000e-05	1.567404e-02	3.768924e+00
4.347000e-05	1.493712e-02	3.808370e+00
4.348000e-05	1.694769e-02	3.767821e+00
4.349000e-05	1.663745e-02	3.788398e+00
4.350000e-05	1.551269e-02	3.729469e+00
4.351000e-05	1.600350e-02	3.787948e+00
4.352000e-05	1.607115e-02	3.748294e+00
4.353000e-05	1.686327e-02	3.757367e+00
4.354000e-05	1.631615e-02	3.768891e+00
4.355000e-05	1.523549e-02	3.756242e+00
4.356000e-05	1.613229e-02	3.726763e+00
4.357000e-05	1.712813e-02	3.748243e+00
4.358000e-05	1.690450e-02	3.704715e+00
4.359000e-05	1.509572e-02	3.714706e+00
4.360000e-05	1.581006e-02	3.683784e+00
4.361000e-05	1.626334e-02	3.674733e+00
4.362000e-05	1.541250e-02	3.675108e+00
4.363000e-05	1.381198e-02	3.672659e+00
4.364000e-05	1.422235e-02	3.642557e+00
4.365000e-05	1.496545e-02	3.612676e+00
4.366000e-05	1.476589e-02	3.621554e+00
4.367000e-05	1.329985e-02	3.600530e+00
4.368000e-05	1.376449e-02	3.620551e+00
4.369000e-05	1.464035e-02	3.599998e+00
4.370000e-05	1.369249e-02	3.610001e+00
4.371000e-05	1.218983e-02	3.600477e+00
4.372000e-05	1.276993e-02	3.588898e+00
4.373000e-05	1.308256e-02	3.599475e+00
4.374000e-05	1.281987e-02	3.589444e+00
4.375000e-05	1.258994e-02	3.517345e+00
4.376000e-05	1.121144e-02	3.558345e+00
4.377000e-05	1.198664e-02	3.495734e+00
4.378000e-05	1.154716e-02	3.462308e+00
4.379000e-05	1.129998e-02	3.441036e+00
4.380000e-05	1.124491e-02	3.470576e+00
4.381000e-05	1.118433e-02	3.419443e+00
4.382000e-05	1.196283e-02	3.370519e+00
4.383000e-05	9.622028e-03	3.365344e+00
4.384000e-05	8.996738e-03	3.313860e+00
4.385000e-05	9.774573e-03	3.283211e+00
4.386000e-05	9.903004e-03	3.231728e+00
4.387000e-05	9.168510e-03	3.241578e+00
4.388000e-05	1.115273e-02	3.220028e+00
4.389000e-05	9.503362e-03	3.200525e+00
4.390000e-05	9.505657e-03	3.209975e+00
4.391000e-05	7.637282e-03	3.188474e+00
4.392000e-05	7.844124e-03	3.167897e+00
4.393000e-05	8.118698e-03	3.154889e+00
4.394000e-05	7.485223e-03	3.136787e+00
4.395000e-05	6.830609e-03	3.082261e+00
4.396000e-05	9.104062e-03	3.062631e+00
4.397000e-05	7.886752e-03	3.041650e+00
4.398000e-05	6.878476e-03	3.021576e+00
4.399000e-05	6.182468e-03	2.989427e+00
4.400000e-05	5.867244e-03	2.978396e+00
4.401000e-05	6.493636e-03	2.948395e+00
4.402000e-05	5.727774e-03	2.907391e+00
4.403000e-05	5.748761e-03	2.934758e+00
4.404000e-05	5.720882e-03	2.904684e+00
4.405000e-05	6.155565e-03	2.842082e+00
4.406000e-05	5.536596e-03	2.800578e+00
4.407000e-05	5.521489e-03	2.819551e+00
4.408000e-05	4.938647e-03	2.799997e+00
4.409000e-05	5.275320e-03	2.789474e+00
4.410000e-05	4.454664e-03	2.778917e+00
4.411000e-05	4.422892e-03	2.726318e+00
4.412000e-05	4.450307e-03	2.694788e+00
4.413000e-05	4.283873e-03	2.613079e+00
4.414000e-05	3.761537e-03	2.588926e+00
4.415000e-05	4.395014e-03	2.546286e+00
4.416000e-05	3.975041e-03	2.482657e+00
4.417000e-05	4.656760e-03	2.462128e+00
4.418000e-05	3.563405e-03	2.419527e+00
4.419000e-05	3.268167e-03	2.399499e+00
4.420000e-05	4.260861e-03	2.355422e+00
4.421000e-05	3.076629e-03	2.358366e+00
4.422000e-05	2.479588e-03	2.325816e+00
4.423000e-05	2.476184e-03	2.243204e+00
4.424000e-05	2.320609e-03	2.241531e+00
4.425000e-05	3.645028e-03	2.209554e+00
4.426000e-05	1.596120e-03	2.209449e+00
4.427000e-05	2.654550e-03	2.159945e+00
4.428000e-05	3.311291e-03	2.117790e+00
4.429000e-05	2.002938e-03	2.064709e+00
4.430000e-05	1.407794e-03	2.032154e+00
4.431000e-05	2.347547e-04	2.000501e+00
4.432000e-05	3.112754e-03	1.990975e+00
4.433000e-05	2.019963e-03	1.990045e+00
4.434000e-05	1.652531e-03	1.946420e+00
4.435000e-05	7.552062e-04	1.935841e+00
4.436000e-05	1.263316e-03	1.893737e+00
4.437000e-05	8.510720e-04	1.841583e+00
4.438000e-05	-5.738262e-05	1.759524e+00
4.439000e-05	1.251149e-03	1.738467e+00
4.440000e-05	9.405580e-04	1.755316e+00
4.441000e-05	2.412325e-03	1.644184e+00
4.442000e-05	5.126652e-04	1.681235e+00
4.443000e-05	-7.606373e-04	1.642506e+00
4.444000e-05	-6.334867e-04	1.571546e+00
4.445000e-05	-2.027271e-04	1.485792e+00
4.446000e-05	-4.242003e-04	1.453180e+00
4.447000e-05	1.061063e-03	1.430154e+00
4.448000e-05	8.080372e-04	1.439497e+00
4.449000e-05	2.672168e-03	1.367417e+00
4.450000e-05	-2.233156e-04	1.334267e+00
4.451000e-05	-1.108245e-03	1.283784e+00
4.452000e-05	-2.030348e-03	1.232055e+00
4.453000e-05	-6.148268e-04	1.209449e+00
4.454000e-05	-2.647755e-04	1.156445e+00
4.455000e-05	-7.873432e-04	1.093312e+00
4.456000e-05	1.495975e-04	1.011250e+00
4.457000e-05	-2.054416e-04	9.985251e-01
4.458000e-05	-2.289456e-05	9.053109e-01
4.459000e-05	-3.208945e-03	8.821306e-01
4.460000e-05	-1.160995e-03	8.211052e-01
4.461000e-05	-1.255432e-03	8.000501e-01
4.462000e-05	-7.139056e-04	7.964749e-01
4.463000e-05	-2.001863e-03	7.468946e-01
4.464000e-05	-1.004365e-03	7.137844e-01
4.465000e-05	-4.492051e-04	6.721567e-01
4.466000e-05	-1.668245e-03	6.115790e-01
4.467000e-05	-2.451735e-03	5.665237e-01
4.468000e-05	-2.427153e-03	5.574459e-01
4.469000e-05	-1.817082e-03	5.057631e-01
4.470000e-05	-4.678391e-04	4.232040e-01
4.471000e-05	-2.086863e-03	4.305276e-01
4.472000e-05	-1.182612e-03	4.000486e-01
4.473000e-05	-2.553987e-03	3.879949e-01
4.474000e-05	-3.061763e-03	3.359449e-01
4.475000e-05	-4.868832e-03	3.038819e-01
4.476000e-05	-3.684677e-03	1.807505e-01
4.477000e-05	-2.578203e-03	1.264263e-01
4.478000e-05	-1.098668e-03	1.229359e-01
4.479000e-05	-1.733018e-03	3.110520e-02
4.480000e-05	-2.266993e-03	1.055276e-02
4.481000e-05	-2.916752e-03	9.498753e-03
4.482000e-05	-3.721425e-03	-2.155513e-02
4.483000e-05	-3.844788e-03	-9.308545e-02
4.484000e-05	-3.405680e-03	-1.162394e-01
4.485000e-05	-2.833051e-04	-1.783461e-01
4.486000e-05	-1.296292e-03	-2.004275e-01
4.487000e-05	-2.167739e-04	-2.020565e-01
4.488000e-05	-2.629504e-03	-2.647114e-01
4.489000e-05	9.470886e-03	-3.436868e-01
4.490000e-05	2.654293e-02	-3.469458e-01
4.491000e-05	-1.176747e-02	-3.693960e-01
4.492000e-05	-5.232117e-02	-4.205062e-01
4.493000e-05	-2.887180e-03	-4.925588e-01
4.494000e-05	1.957064e-02	-4.421329e-01
4.495000e-05	3.983350e-02	-5.461391e-01
4.496000e-05	-6.806037e-02	-5.904512e-01
4.497000e-05	5.152615e-02	-7.140866e-01
4.498000e-05	1.067459e-02	-6.662131e-01
4.499000e-05	8.167498e-03	-7.787682e-01
4.500000e-05	-3.158326e-02	-7.898972e-01
4.501000e-05	-1.623047e-02	-8.199524e-01
4.502000e-05	1.198474e-02	-8.406316e-01
4.503000e-05	-3.277381e-02	-8.640880e-01
4.504000e-05	5.837700e-02	-9.478419e-01
4.505000e-05	-7.678830e-02	-9.783196e-01
4.506000e-05	-7.069179e-03	-1.020500e+00
4.507000e-05	1.765762e-02	-1.012055e+00
4.508000e-05	3.738345e-02	-1.115266e+00
4.509000e-05	-7.025373e-02	-1.147815e+00
4.510000e-05	1.749296e-02	-1.188946e+00
4.511000e-05	4.342118e-02	-1.222953e+00
4.512000e-05	2.699875e-03	-1.262563e+00
4.513000e-05	-5.445417e-02	-1.286684e+00
4.514000e-05	-1.858360e-03	-1.359721e+00
4.515000e-05	2.480894e-02	-1.472631e+00
4.516000e-05	-2.510122e-04	-1.516218e+00
4.517000e-05	-3.109662e-02	-1.518422e+00
4.518000e-05	-1.967686e-02	-1.589452e+00
4.519000e-05	4.775528e-02	-1.629501e+00
4.520000e-05	-1.835150e-02	-1.632029e+00
4.521000e-05	-3.117120e-02	-1.662635e+00
4.522000e-05	-8.051402e-03	-1.724641e+00
4.523000e-05	2.575859e-02	-1.757841e+00
4.524000e-05	-1.871788e-02	-1.778871e+00
4.525000e-05	-8.615915e-03	-1.820030e+00
4.526000e-05	-1.649115e-02	-1.852053e+00
4.527000e-05	1.560055e-02	-1.895138e+00
4.528000e-05	-2.431361e-03	-1.926246e+00
4.529000e-05	-2.372128e-02	-1.968897e+00
4.530000e-05	-9.319719e-03	-1.988922e+00
4.531000e-05	1.055689e-02	-1.998950e+00
4.532000e-05	-2.858265e-03	-1.991502e+00
4.533000e-05	-1.620419e-02	-2.053480e+00
4.534000e-05	-1.307093e-02	-2.104064e+00
4.535000e-05	3.914043e-03	-2.128741e+00
4.536000e-05	2.267102e-03	-2.219958e+00
4.537000e-05	-2.065913e-02	-2.284563e+00
4.538000e-05	-1.127113e-02	-2.337318e+00
4.539000e-05	3.334727e-03	-2.388320e+00
4.540000e-05	1.078011e-03	-2.348897e+00
4.541000e-05	-1.681826e-02	-2.409476e+00
4.542000e-05	-1.433294e-02	-2.410001e+00
4.543000e-05	7.486987e-04	-2.443055e+00
4.544000e-05	2.355979e-03	-2.464638e+00
4.545000e-05	-1.905744e-02	-2.536768e+00
4.546000e-05	-1.061937e-02	-2.558266e+00
4.547000e-05	-2.346630e-03	-2.579897e+00
4.548000e-05	1.836524e-03	-2.601501e+00
4.549000e-05	-1.626531e-02	-2.642034e+00
4.550000e-05	-1.390917e-02	-2.693633e+00
4.551000e-05	-1.834208e-03	-2.687263e+00
4.552000e-05	3.600514e-04	-2.758295e+00
4.553000e-05	-1.645620e-02	-2.778343e+00
4.554000e-05	-1.199154e-02	-2.789427e+00
4.555000e-05	-5.293876e-03	-2.789975e+00
4.556000e-05	-7.039207e-04	-2.821001e+00
4.557000e-05	-1.428657e-02	-2.852028e+00
4.558000e-05	-1.401592e-02	-2.842611e+00
4.559000e-05	-3.312918e-03	-2.904215e+00
4.560000e-05	-3.758143e-03	-2.914268e+00
4.561000e-05	-1.183118e-02	-3.019301e+00
4.562000e-05	-1.537926e-02	-2.990529e+00
4.563000e-05	-6.046315e-03	-3.112682e+00
4.564000e-05	-4.520722e-03	-3.135788e+00
4.565000e-05	-1.100765e-02	-3.178346e+00
4.566000e-05	-1.550325e-02	-3.158873e+00
4.567000e-05	-6.364493e-03	-3.179975e+00
4.568000e-05	-6.982743e-03	-3.210004e+00
4.569000e-05	-9.445990e-03	-3.230479e+00
4.570000e-05	-1.647678e-02	-3.231653e+00
4.571000e-05	-7.936446e-03	-3.234558e+00
4.572000e-05	-6.403845e-03	-3.274079e+00
4.573000e-05	-1.132364e-02	-3.266166e+00
4.574000e-05	-1.546237e-02	-3.355838e+00
4.575000e-05	-9.759440e-03	-3.348322e+00
4.576000e-05	-6.999856e-03	-3.367895e+00
4.577000e-05	-1.134107e-02	-3.398475e+00
4.578000e-05	-1.454101e-02	-3.368452e+00
4.579000e-05	-1.086949e-02	-3.411055e+00
4.580000e-05	-7.237288e-03	-3.421101e+00
4.581000e-05	-1.178673e-02	-3.463557e+00
4.582000e-05	-1.416541e-02	-3.473109e+00
4.583000e-05	-1.211875e-02	-3.515814e+00
4.584000e-05	-8.034986e-03	-3.526788e+00
4.585000e-05	-1.221794e-02	-3.567292e+00
4.586000e-05	-1.414627e-02	-3.548395e+00
4.587000e-05	-1.336195e-02	-3.538870e+00
4.588000e-05	-9.180611e-03	-3.599924e+00
4.589000e-05	-1.285831e-02	-3.578925e+00
4.590000e-05	-1.418367e-02	-3.599475e+00
4.591000e-05	-1.259288e-02	-3.610003e+00
4.592000e-05	-1.041868e-02	-3.620501e+00
4.593000e-05	-1.248655e-02	-3.600503e+00
4.594000e-05	-1.522144e-02	-3.620533e+00
4.595000e-05	-1.501836e-02	-3.652029e+00
4.596000e-05	-1.045573e-02	-3.624534e+00
4.597000e-05	-1.303576e-02	-3.653111e+00
4.598000e-05	-1.485513e-02	-3.652588e+00
4.599000e-05	-1.466879e-02	-3.754667e+00
4.600000e-05	-1.130954e-02	-3.716340e+00
4.601000e-05	-1.330684e-02	-3.687266e+00
4.602000e-05	-1.574676e-02	-3.776792e+00
4.603000e-05	-1.495998e-02	-3.778872e+00
4.604000e-05	-1.381622e-02	-3.768426e+00
4.605000e-05	-1.411749e-02	-3.739951e+00
4.606000e-05	-1.683405e-02	-3.798504e+00
4.607000e-05	-1.601973e-02	-3.834178e+00
4.608000e-05	-1.391973e-02	-3.843663e+00
4.609000e-05	-1.516219e-02	-3.853583e+00
4.610000e-05	-1.693020e-02	-3.904110e+00
4.611000e-05	-1.601727e-02	-3.903666e+00
4.612000e-05	-1.585662e-02	-3.945214e+00
4.613000e-05	-1.723971e-02	-3.906214e+00
4.614000e-05	-1.751453e-02	-3.945763e+00
4.615000e-05	-1.800227e-02	-3.895815e+00
4.616000e-05	-1.707823e-02	-3.935288e+00
4.617000e-05	-1.883967e-02	-3.915795e+00
4.618000e-05	-1.809720e-02	-3.908868e+00
4.619000e-05	-1.864360e-02	-3.976321e+00
4.620000e-05	-1.775572e-02	-3.936370e+00
4.621000e-05	-1.808263e-02	-3.946873e+00
4.622000e-05	-1.961546e-02	-3.955791e+00
4.623000e-05	-1.958521e-02	-3.946892e+00
4.624000e-05	-1.953378e-02	-3.955892e+00
4.625000e-05	-2.055253e-02	-3.908375e+00
4.626000e-05	-1.995908e-02	-3.977393e+00
4.627000e-05	-2.195309e-02	-3.918316e+00
4.628000e-05	-1.954968e-02	-3.905971e+00
4.629000e-05	-2.138654e-02	-3.955393e+00
4.630000e-05	-1.906616e-02	-3.927291e+00
4.631000e-05	-2.108218e-02	-3.925318e+00
4.632000e-05	-2.081831e-02	-3.925793e+00
4.633000e-05	-2.254980e-02	-3.926865e+00
4.634000e-05	-2.240975e-02	-3.915237e+00
4.635000e-05	-2.243734e-02	-3.936766e+00
4.636000e-05	-2.106281e-02	-3.863838e+00
4.637000e-05	-2.142817e-02	-3.884588e+00
4.638000e-05	-2.049108e-02	-3.885313e+00
4.639000e-05	-2.131501e-02	-3.873117e+00
4.640000e-05	-2.077713e-02	-3.832137e+00
4.641000e-05	-2.214680e-02	-3.842586e+00
4.642000e-05	-2.229948e-02	-3.861630e+00
4.643000e-05	-2.240106e-02	-3.820550e+00
4.644000e-05	-2.097712e-02	-3.789904e+00
4.645000e-05	-2.155331e-02	-3.805951e+00
4.646000e-05	-2.076131e-02	-3.717849e+00
4.647000e-05	-2.075242e-02	-3.766868e+00
4.648000e-05	-1.999274e-02	-3.687841e+00
4.649000e-05	-2.106265e-02	-3.675165e+00
4.650000e-05	-2.063525e-02	-3.703664e+00
4.651000e-05	-2.016017e-02	-3.625237e+00
4.652000e-05	-2.054476e-02	-3.682183e+00
4.653000e-05	-1.975856e-02	-3.641684e+00
4.654000e-05	-2.023568e-02	-3.620555e+00
4.655000e-05	-1.879538e-02	-3.630104e+00
4.656000e-05	-1.954656e-02	-3.630526e+00
4.657000e-05	-1.884024e-02	-3.609503e+00
4.658000e-05	-1.911519e-02	-3.589951e+00
4.659000e-05	-1.860648e-02	-3.599973e+00
4.660000e-05	-1.854830e-02	-3.578996e+00
4.661000e-05	-1.741485e-02	-3.598475e+00
4.662000e-05	-1.814098e-02	-3.578997e+00
4.663000e-05	-1.707116e-02	-3.567395e+00
4.664000e-05	-1.694535e-02	-3.524920e+00
4.665000e-05	-1.661215e-02	-3.516213e+00
4.666000e-05	-1.738956e-02	-3.514311e+00
4.667000e-05	-1.641812e-02	-3.474209e+00
4.668000e-05	-1.582603e-02	-3.452182e+00
4.669000e-05	-1.543714e-02	-3.431628e+00
4.670000e-05	-1.552890e-02	-3.391001e+00
4.671000e-05	-1.540142e-02	-3.429951e+00
4.672000e-05	-1.438369e-02	-3.389923e+00
4.673000e-05	-1.342343e-02	-3.356447e+00
4.674000e-05	-1.514903e-02	-3.297345e+00
4.675000e-05	-1.478301e-02	-3.314362e+00
4.676000e-05	-1.421376e-02	-3.285136e+00
4.677000e-05	-1.321134e-02	-3.242634e+00
4.678000e-05	-1.438417e-02	-3.223105e+00
4.679000e-05	-1.378168e-02	-3.221055e+00
4.680000e-05	-1.300169e-02	-3.200025e+00
4.681000e-05	-1.227143e-02	-3.189976e+00
4.682000e-05	-1.240007e-02	-3.168949e+00
4.683000e-05	-1.271433e-02	-3.107944e+00
4.684000e-05	-1.329094e-02	-3.155419e+00
4.685000e-05	-1.263530e-02	-3.093318e+00
4.686000e-05	-1.253758e-02	-3.028158e+00
4.687000e-05	-1.177179e-02	-3.020556e+00
4.688000e-05	-1.142796e-02	-2.938902e+00
4.689000e-05	-1.150475e-02	-2.924363e+00
4.690000e-05	-1.157202e-02	-2.903686e+00
4.691000e-05	-1.014560e-02	-2.810154e+00
4.692000e-05	-1.085773e-02	-2.811129e+00
4.693000e-05	-1.120279e-02	-2.800600e+00
4.694000e-05	-1.127808e-02	-2.787949e+00
4.695000e-05	-1.094538e-02	-2.769449e+00
4.696000e-05	-1.034713e-02	-2.768446e+00
4.697000e-05	-1.131619e-02	-2.675841e+00
4.698000e-05	-1.060240e-02	-2.675288e+00
4.699000e-05	-9.303448e-03	-2.652207e+00
4.700000e-05	-9.180995e-03	-2.620153e+00
4.701000e-05	-1.018183e-02	-2.599101e+00
4.702000e-05	-9.961272e-03	-2.568946e+00
4.703000e-05	-9.268697e-03	-2.557921e+00
4.704000e-05	-9.267986e-03	-2.514312e+00
4.705000e-05	-9.447706e-03	-2.442761e+00
4.706000e-05	-9.564563e-03	-2.422053e+00
4.707000e-05	-9.626510e-03	-2.400579e+00
4.708000e-05	-9.362833e-03	-2.399001e+00
4.709000e-05	-8.549403e-03	-2.378922e+00
4.710000e-05	-8.203107e-03	-2.358420e+00
4.711000e-05	-7.735665e-03	-2.304442e+00
4.712000e-05	-8.121269e-03	-2.253156e+00
4.713000e-05	-7.590024e-03	-2.240177e+00
4.714000e-05	-7.860710e-03	-2.095946e+00
4.715000e-05	-7.996809e-03	-2.094294e+00
4.716000e-05	-8.604348e-03	-2.060181e+00
4.717000e-05	-7.876278e-03	-2.010105e+00
4.718000e-05	-7.089446e-03	-2.009500e+00
4.719000e-05	-7.202980e-03	-1.999949e+00
4.720000e-05	-7.193423e-03	-1.958417e+00
4.721000e-05	-7.521896e-03	-1.885841e+00
4.722000e-05	-7.318112e-03	-1.883334e+00
4.723000e-05	-7.008315e-03	-1.822104e+00
4.724000e-05	-7.400292e-03	-1.819603e+00
4.725000e-05	-6.706726e-03	-1.760475e+00
4.726000e-05	-6.529845e-03	-1.758941e+00
4.727000e-05	-6.482533e-03	-1.724366e+00
4.728000e-05	-6.530720e-03	-1.673283e+00
4.729000e-05	-6.716164e-03	-1.631653e+00
4.730000e-05	-5.065378e-03	-1.610476e+00
4.731000e-05	-6.550690e-03	-1.539474e+00
4.732000e-05	-6.380687e-03	-1.576924e+00
4.733000e-05	-6.574610e-03	-1.484365e+00
4.734000e-05	-5.753484e-03	-1.419802e+00
4.735000e-05	-6.456094e-03	-1.318498e+00
4.736000e-05	-6.379922e-03	-1.287811e+00
4.737000e-05	-6.158257e-03	-1.263083e+00
4.738000e-05	-5.422434e-03	-1.220653e+00
4.739000e-05	-5.833563e-03	-1.170054e+00
4.740000e-05	-5.798626e-03	-1.126995e+00
4.741000e-05	-5.022811e-03	-1.084842e+00
4.742000e-05	-4.837962e-03	-1.023283e+00
4.743000e-05	-4.788770e-03	-1.010103e+00
4.744000e-05	-4.899075e-03	-9.790000e-01
4.745000e-05	-5.511253e-03	-9.269498e-01
4.746000e-05	-5.110326e-03	-8.738132e-01
4.747000e-05	-5.177340e-03	-8.522107e-01
4.748000e-05	-4.771658e-03	-8.021529e-01
4.749000e-05	-5.128259e-03	-8.300300e-01
4.750000e-05	-4.580211e-03	-7.789750e-01
4.751000e-05	-3.852588e-03	-7.364710e-01
4.752000e-05	-4.226497e-03	-7.344196e-01
4.753000e-05	-4.567182e-03	-6.227318e-01
4.754000e-05	-5.068286e-03	-5.890500e-01
4.755000e-05	-4.635544e-03	-5.058622e-01
4.756000e-05	-4.341025e-03	-4.717331e-01
4.757000e-05	-4.511451e-03	-4.015826e-01
4.758000e-05	-4.484973e-03	-4.000274e-01
4.759000e-05	-3.484818e-03	-3.994237e-01
4.760000e-05	-3.605687e-03	-3.264434e-01
4.761000e-05	-4.379171e-03	-3.033633e-01
4.762000e-05	-3.952777e-03	-2.627353e-01
4.763000e-05	-3.871203e-03	-2.111529e-01
4.764000e-05	-3.611619e-03	-1.885275e-01
4.765000e-05	-4.019031e-03	-1.164436e-01
4.766000e-05	-3.668095e-03	-1.058657e-01
4.767000e-05	-2.567398e-03	-9.176296e-02
4.768000e-05	-2.266560e-03	-5.551972e-04
4.769000e-05	-1.021515e-03	-2.619392e-05
4.770000e-05	-1.982720e-03	3.195263e-02
4.771000e-05	-1.149620e-03	4.252651e-02
4.772000e-05	-1.148869e-03	1.341830e-01
4.773000e-05	-1.626685e-03	1.587446e-01
4.774000e-05	2.699243e-03	2.624253e-01
4.775000e-05	1.752018e-02	3.146367e-01
4.776000e-05	1.275219e-02	3.492948e-01
4.777000e-05	-3.656645e-02	4.009760e-01
4.778000e-05	-3.481899e-02	3.999999e-01
4.779000e-05	2.711824e-02	4.220014e-01
4.780000e-05	1.939806e-02	4.950842e-01
4.781000e-05	-1.316000e-02	5.247170e-01
4.782000e-05	-4.162678e-02	5.482907e-01
4.783000e-05	5.159217e-02	5.984511e-01
4.784000e-05	1.371809e-02	6.341003e-01
4.785000e-05	-1.586055e-02	6.726279e-01
4.786000e-05	-1.769722e-02	7.061406e-01
4.787000e-05	-2.416656e-03	7.683209e-01
4.788000e-05	-7.071334e-03	7.889013e-01
4.789000e-05	4.904428e-02	7.899715e-01
4.790000e-05	-2.676219e-02	8.315000e-01
4.791000e-05	-1.691142e-02	9.147081e-01
4.792000e-05	-1.636816e-02	9.477169e-01
4.793000e-05	5.928123e-02	9.806050e-01
4.794000e-05	-2.852749e-02	1.073057e+00
4.795000e-05	-4.252054e-02	1.138716e+00
4.796000e-05	3.579318e-02	1.198874e+00
4.797000e-05	2.083211e-02	1.220499e+00
4.798000e-05	-7.118747e-04	1.253484e+00
4.799000e-05	-4.648958e-02	1.326711e+00
4.800000e-05	2.576334e-02	1.356742e+00
4.801000e-05	1.190755e-02	1.390472e+00
4.802000e-05	7.073926e-03	1.431402e+00
4.803000e-05	-3.758113e-02	1.453210e+00
4.804000e-05	2.456520e-02	1.552287e+00
4.805000e-05	1.115664e-02	1.579354e+00
4.806000e-05	-3.418989e-03	1.632498e+00
4.807000e-05	-1.997233e-02	1.723614e+00
4.808000e-05	1.108533e-02	1.705742e+00
4.809000e-05	7.506908e-03	1.766770e+00
4.810000e-05	3.941582e-04	1.748822e+00
4.811000e-05	-7.310333e-03	1.810423e+00
4.812000e-05	-3.675563e-03	1.822479e+00
4.813000e-05	1.623158e-02	1.914089e+00
4.814000e-05	-1.269508e-03	1.936190e+00
4.815000e-05	-5.596930e-03	1.999369e+00
4.816000e-05	-4.056185e-03	1.989397e+00
4.817000e-05	1.532165e-02	1.990949e+00
4.818000e-05	-4.220513e-03	2.021505e+00
4.819000e-05	-3.589557e-03	2.033078e+00
4.820000e-05	-4.810382e-03	2.064608e+00
4.821000e-05	1.341893e-02	2.118316e+00
4.822000e-05	1.736184e-03	2.167867e+00
4.823000e-05	-3.100743e-03	2.199847e+00
4.824000e-05	-1.050118e-03	2.221930e+00
4.825000e-05	1.216677e-02	2.253630e+00
4.826000e-05	1.699987e-04	2.293636e+00
4.827000e-05	-5.705978e-03	2.356186e+00
4.828000e-05	-6.716926e-04	2.328768e+00
4.829000e-05	1.120141e-02	2.399924e+00
4.830000e-05	2.284176e-03	2.399951e+00
4.831000e-05	-3.195873e-03	2.421000e+00
4.832000e-05	9.798359e-04	2.453555e+00
4.833000e-05	8.930982e-03	2.485708e+00
4.834000e-05	2.885229e-03	2.497738e+00
4.835000e-05	-4.326454e-03	2.598771e+00
4.836000e-05	1.372805e-03	2.672507e+00
4.837000e-05	8.408227e-03	2.704580e+00
4.838000e-05	4.935883e-03	2.737216e+00
4.839000e-05	-2.734546e-03	2.777842e+00
4.840000e-05	4.391089e-03	2.799400e+00
4.841000e-05	6.694057e-03	2.800399e+00
4.842000e-05	5.799131e-03	2.810476e+00
4.843000e-05	-3.113855e-03	2.801001e+00
4.844000e-05	3.846759e-03	2.872579e+00
4.845000e-05	5.201312e-03	2.895061e+00
4.846000e-05	7.675954e-03	2.917237e+00
4.847000e-05	-1.128235e-03	2.988340e+00
4.848000e-05	4.239651e-03	2.947943e+00
4.849000e-05	5.397269e-03	2.989949e+00
4.850000e-05	6.746664e-03	2.980425e+00
4.851000e-05	-1.215891e-03	3.051529e+00
4.852000e-05	3.771667e-03	3.033627e+00
4.853000e-05	6.360455e-03	3.117140e+00
4.854000e-05	8.211263e-03	3.084689e+00
4.855000e-05	2.641814e-03	3.143313e+00
4.856000e-05	3.037790e-03	3.126366e+00
4.857000e-05	6.403099e-03	3.137421e+00
4.858000e-05	6.245612e-03	3.188846e+00
4.859000e-05	2.848616e-03	3.188925e+00
4.860000e-05	2.135063e-03	3.209475e+00
4.861000e-05	7.494141e-03	3.222055e+00
4.862000e-05	8.202949e-03	3.270529e+00
4.863000e-05	5.067404e-03	3.262054e+00
4.864000e-05	3.609205e-03	3.266205e+00
4.865000e-05	7.836097e-03	3.366158e+00
4.866000e-05	6.547479e-03	3.376846e+00
4.867000e-05	4.529864e-03	3.347918e+00
4.868000e-05	2.739862e-03	3.400370e+00
4.869000e-05	8.171098e-03	3.461079e+00
4.870000e-05	7.974341e-03	3.454688e+00
4.871000e-05	6.484633e-03	3.514138e+00
4.872000e-05	5.398723e-03	3.507138e+00
4.873000e-05	8.750373e-03	3.588270e+00
4.874000e-05	7.905705e-03	3.587872e+00
4.875000e-05	5.558845e-03	3.559399e+00
4.876000e-05	5.312566e-03	3.589348e+00
4.877000e-05	8.504121e-03	3.599474e+00
4.878000e-05	9.192264e-03	3.609999e+00
4.879000e-05	6.225009e-03	3.600501e+00
4.880000e-05	6.204187e-03	3.610001e+00
4.881000e-05	7.929190e-03	3.600552e+00
4.882000e-05	9.309823e-03	3.631001e+00
4.883000e-05	7.127000e-03	3.661530e+00
4.884000e-05	8.512363e-03	3.632082e+00
4.885000e-05	9.904399e-03	3.642583e+00
4.886000e-05	1.127116e-02	3.683132e+00
4.887000e-05	8.035131e-03	3.664188e+00
4.888000e-05	7.755622e-03	3.683635e+00
4.889000e-05	8.450330e-03	3.696638e+00
4.890000e-05	1.022148e-02	3.676213e+00
4.891000e-05	8.762997e-03	3.696162e+00
4.892000e-05	8.926837e-03	3.716265e+00
4.893000e-05	1.129512e-02	3.715813e+00
4.894000e-05	1.310340e-02	3.787242e+00
4.895000e-05	1.082763e-02	3.758915e+00
4.896000e-05	1.001423e-02	3.767839e+00
4.897000e-05	1.056653e-02	3.767871e+00
4.898000e-05	1.037790e-02	3.768794e+00
4.899000e-05	1.039305e-02	3.758421e+00
4.900000e-05	1.083585e-02	3.789348e+00
4.901000e-05	1.250364e-02	3.798471e+00
4.902000e-05	1.414976e-02	3.807895e+00
4.903000e-05	1.307230e-02	3.768950e+00
4.904000e-05	1.325519e-02	3.819896e+00
4.905000e-05	1.312924e-02	3.788971e+00
4.906000e-05	1.315882e-02	3.787925e+00
4.907000e-05	1.294647e-02	3.790450e+00
4.908000e-05	1.294672e-02	3.790522e+00
4.909000e-05	1.442511e-02	3.808472e+00
4.910000e-05	1.493508e-02	3.748949e+00
4.911000e-05	1.525718e-02	3.779470e+00
4.912000e-05	1.525192e-02	3.819999e+00
4.913000e-05	1.501481e-02	3.818924e+00
4.914000e-05	1.619798e-02	3.808920e+00
4.915000e-05	1.616387e-02	3.788947e+00
4.916000e-05	1.512152e-02	3.788424e+00
4.917000e-05	1.567095e-02	3.778971e+00
4.918000e-05	1.572437e-02	3.759897e+00
4.919000e-05	1.648129e-02	3.778422e+00
4.920000e-05	1.599283e-02	3.789397e+00
4.921000e-05	1.646309e-02	3.757395e+00
4.922000e-05	1.686045e-02	3.765870e+00
4.923000e-05	1.680231e-02	3.777495e+00
4.924000e-05	1.601049e-02	3.735763e+00
4.925000e-05	1.589010e-02	3.756268e+00
4.926000e-05	1.640609e-02	3.746737e+00
4.927000e-05	1.630402e-02	3.725866e+00
4.928000e-05	1.557740e-02	3.653762e+00
4.929000e-05	1.548831e-02	3.684136e+00
4.930000e-05	1.559709e-02	3.683162e+00
4.931000e-05	1.584839e-02	3.672662e+00
4.932000e-05	1.573440e-02	3.681604e+00
4.933000e-05	1.532593e-02	3.672607e+00
4.934000e-05	1.522948e-02	3.643127e+00
4.935000e-05	1.454405e-02	3.610532e+00
4.936000e-05	1.465726e-02	3.641525e+00
4.937000e-05	1.345383e-02	3.620075e+00
4.938000e-05	1.307189e-02	3.620525e+00
4.939000e-05	1.305851e-02	3.610000e+00
4.940000e-05	1.345863e-02	3.599374e+00
4.941000e-05	1.282911e-02	3.608951e+00
4.942000e-05	1.284420e-02	3.599995e+00
4.943000e-05	1.263436e-02	3.589321e+00
4.944000e-05	1.291502e-02	3.567474e+00
4.945000e-05	1.246429e-02	3.546418e+00
4.946000e-05	1.106127e-02	3.518317e+00
4.947000e-05	1.128677e-02	3.524841e+00
4.948000e-05	1.169233e-02	3.494762e+00
4.949000e-05	1.135242e-02	3.431156e+00
4.950000e-05	1.108146e-02	3.460955e+00
4.951000e-05	1.130525e-02	3.370069e+00
4.952000e-05	1.130323e-02	3.348296e+00
4.953000e-05	1.063607e-02	3.336911e+00
4.954000e-05	9.655418e-03	3.324738e+00
4.955000e-05	9.782191e-03	3.284179e+00
4.956000e-05	9.482111e-03	3.240028e+00
4.957000e-05	8.992221e-03	3.211676e+00
4.958000e-05	9.215713e-03	3.220001e+00
4.959000e-05	8.638017e-03	3.200500e+00
4.960000e-05	8.820054e-03	3.209498e+00
4.961000e-05	8.087817e-03	3.168447e+00
4.962000e-05	8.516610e-03	3.168442e+00
4.963000e-05	7.756081e-03	3.135290e+00
4.964000e-05	7.283019e-03	3.074212e+00
4.965000e-05	7.272358e-03	3.092733e+00
4.966000e-05	7.188346e-03	3.061229e+00
4.967000e-05	6.303342e-03	3.031053e+00
4.968000e-05	6.163053e-03	3.000053e+00
4.969000e-05	6.616606e-03	3.019497e+00
4.970000e-05	5.670856e-03	2.968422e+00
4.971000e-05	6.075385e-03	2.926867e+00
4.972000e-05	6.464899e-03	2.905283e+00
4.973000e-05	6.263621e-03	2.884234e+00
4.974000e-05	5.888176e-03	2.853132e+00
4.975000e-05	5.899144e-03	2.832103e+00
4.976000e-05	4.615260e-03	2.820075e+00
4.977000e-05	5.248100e-03	2.789500e+00
4.978000e-05	4.152386e-03	2.779400e+00
4.979000e-05	5.157392e-03	2.738920e+00
4.980000e-05	4.575064e-03	2.787321e+00
4.981000e-05	5.132530e-03	2.676836e+00
4.982000e-05	4.570188e-03	2.743709e+00
4.983000e-05	4.012848e-03	2.569104e+00
4.984000e-05	4.574990e-03	2.517362e+00
4.985000e-05	3.982416e-03	2.464338e+00
4.986000e-05	4.289232e-03	2.452211e+00
4.987000e-05	3.188575e-03	2.422625e+00
4.988000e-05	3.124645e-03	2.389577e+00
4.989000e-05	4.183851e-03	2.398999e+00
4.990000e-05	3.163410e-03	2.338441e+00
4.991000e-05	3.258703e-03	2.344316e+00
4.992000e-05	2.837597e-03	2.285810e+00
4.993000e-05	3.154820e-03	2.262660e+00
4.994000e-05	2.817005e-03	2.211630e+00
4.995000e-05	2.291246e-03	2.188950e+00
4.996000e-05	2.403891e-03	2.168866e+00
4.997000e-05	2.318024e-03	2.137385e+00
4.998000e-05	2.267801e-03	2.075316e+00
4.999000e-05	2.439845e-03	2.083734e+00
