# 260928_12:38:37.521274
t	CH1	CH2
0.000000e+00	-6.837576e-03	-2.800505e+00
1.000000e-08	-1.434196e-02	-2.862133e+00
2.000000e-08	-4.067207e-03	-2.872237e+00
3.000000e-08	-6.448380e-03	-2.916240e+00
4.000000e-08	-1.025695e-02	-2.966368e+00
5.000000e-08	-1.180450e-02	-2.937999e+00
6.000000e-08	-8.188861e-03	-3.041659e+00
7.000000e-08	-5.990962e-03	-3.073692e+00
8.000000e-08	-9.677899e-03	-3.157293e+00
9.000000e-08	-1.157677e-02	-3.156871e+00
1.000000e-07	-7.607389e-03	-3.185946e+00
1.100000e-07	-5.911630e-03	-3.199499e+00
1.200000e-07	-1.034143e-02	-3.199976e+00
1.300000e-07	-1.203033e-02	-3.211078e+00
1.400000e-07	-1.026305e-02	-3.220103e+00
1.500000e-07	-7.266425e-03	-3.253109e+00
1.600000e-07	-1.218594e-02	-3.293257e+00
1.700000e-07	-1.083338e-02	-3.295315e+00
1.800000e-07	-1.066766e-02	-3.344866e+00
1.900000e-07	-5.061483e-03	-3.356870e+00
2.000000e-07	-1.137836e-02	-3.336345e+00
2.100000e-07	-1.177421e-02	-3.379449e+00
2.200000e-07	-1.140292e-02	-3.410003e+00
2.300000e-07	-8.165841e-03	-3.429553e+00
2.400000e-07	-1.279236e-02	-3.430604e+00
2.500000e-07	-1.327914e-02	-3.432658e+00
2.600000e-07	-1.160065e-02	-3.494713e+00
2.700000e-07	-6.783610e-03	-3.505717e+00
2.800000e-07	-1.074046e-02	-3.507791e+00
2.900000e-07	-1.194181e-02	-3.535422e+00
3.000000e-07	-1.184688e-02	-3.529471e+00
3.100000e-07	-9.432214e-03	-3.588923e+00
3.200000e-07	-1.315229e-02	-3.578472e+00
3.300000e-07	-1.509565e-02	-3.578974e+00
3.400000e-07	-1.240234e-02	-3.590499e+00
3.500000e-07	-1.076065e-02	-3.600476e+00
3.600000e-07	-1.160443e-02	-3.630626e+00
3.700000e-07	-1.408966e-02	-3.620608e+00
3.800000e-07	-1.222352e-02	-3.621055e+00
3.900000e-07	-1.137012e-02	-3.632134e+00
4.000000e-07	-1.269435e-02	-3.611558e+00
4.100000e-07	-1.557657e-02	-3.663235e+00
4.200000e-07	-1.388845e-02	-3.664237e+00
4.300000e-07	-1.230923e-02	-3.694667e+00
4.400000e-07	-1.351919e-02	-3.735814e+00
4.500000e-07	-1.679786e-02	-3.725840e+00
4.600000e-07	-1.370065e-02	-3.715793e+00
4.700000e-07	-1.402407e-02	-3.787872e+00
4.800000e-07	-1.335572e-02	-3.807496e+00
4.900000e-07	-1.651097e-02	-3.769081e+00
5.000000e-07	-1.439277e-02	-3.833054e+00
5.100000e-07	-1.483796e-02	-3.809131e+00
5.200000e-07	-1.523260e-02	-3.870657e+00
5.300000e-07	-1.709264e-02	-3.865133e+00
5.400000e-07	-1.654122e-02	-3.893563e+00
5.500000e-07	-1.471917e-02	-3.863786e+00
5.600000e-07	-1.701274e-02	-3.892687e+00
5.700000e-07	-1.682663e-02	-3.885858e+00
5.800000e-07	-1.730290e-02	-3.904271e+00
5.900000e-07	-1.579646e-02	-3.894885e+00
6.000000e-07	-1.633066e-02	-3.943796e+00
6.100000e-07	-1.835323e-02	-3.927388e+00
6.200000e-07	-1.846783e-02	-3.916867e+00
6.300000e-07	-1.774444e-02	-3.937820e+00
6.400000e-07	-1.828260e-02	-3.937292e+00
6.500000e-07	-1.961324e-02	-3.947395e+00
6.600000e-07	-1.994854e-02	-3.956340e+00
6.700000e-07	-1.878966e-02	-3.936868e+00
6.800000e-07	-1.883250e-02	-3.898363e+00
6.900000e-07	-2.028784e-02	-3.915321e+00
7.000000e-07	-1.974746e-02	-3.916290e+00
7.100000e-07	-2.062137e-02	-3.954868e+00
7.200000e-07	-1.979186e-02	-3.935767e+00
7.300000e-07	-2.079051e-02	-3.938288e+00
7.400000e-07	-2.092954e-02	-3.936341e+00
7.500000e-07	-2.060941e-02	-3.946822e+00
7.600000e-07	-2.120924e-02	-3.905891e+00
7.700000e-07	-2.282565e-02	-3.937312e+00
7.800000e-07	-2.124810e-02	-3.914789e+00
7.900000e-07	-2.073017e-02	-3.905342e+00
8.000000e-07	-2.009145e-02	-3.853289e+00
8.100000e-07	-2.099285e-02	-3.902191e+00
8.200000e-07	-2.105109e-02	-3.903133e+00
8.300000e-07	-2.035286e-02	-3.862186e+00
8.400000e-07	-2.172313e-02	-3.851584e+00
8.500000e-07	-2.255902e-02	-3.842080e+00
8.600000e-07	-2.222934e-02	-3.801154e+00
8.700000e-07	-2.085575e-02	-3.819431e+00
8.800000e-07	-2.007293e-02	-3.739443e+00
8.900000e-07	-2.051608e-02	-3.767291e+00
9.000000e-07	-2.042178e-02	-3.765393e+00
9.100000e-07	-1.966146e-02	-3.695793e+00
9.200000e-07	-2.023922e-02	-3.673657e+00
9.300000e-07	-1.963253e-02	-3.704783e+00
9.400000e-07	-2.068275e-02	-3.655183e+00
9.500000e-07	-1.969744e-02	-3.632630e+00
9.600000e-07	-2.050879e-02	-3.610606e+00
9.700000e-07	-1.968384e-02	-3.621580e+00
9.800000e-07	-1.836394e-02	-3.611103e+00
9.900000e-07	-1.836912e-02	-3.610002e+00
1.000000e-06	-1.878014e-02	-3.611000e+00
1.010000e-06	-1.765174e-02	-3.600500e+00
1.020000e-06	-1.822207e-02	-3.590000e+00
1.030000e-06	-1.748332e-02	-3.579500e+00
1.040000e-06	-1.818795e-02	-3.558901e+00
1.050000e-06	-1.806247e-02	-3.558969e+00
1.060000e-06	-1.826919e-02	-3.528420e+00
1.070000e-06	-1.735733e-02	-3.535867e+00
1.080000e-06	-1.701416e-02	-3.505840e+00
1.090000e-06	-1.595570e-02	-3.445716e+00
1.100000e-06	-1.630184e-02	-3.454187e+00
1.110000e-06	-1.479177e-02	-3.461607e+00
1.120000e-06	-1.587292e-02	-3.444055e+00
1.130000e-06	-1.514774e-02	-3.402080e+00
1.140000e-06	-1.659352e-02	-3.389525e+00
1.150000e-06	-1.508349e-02	-3.367974e+00
1.160000e-06	-1.512894e-02	-3.298918e+00
1.170000e-06	-1.396933e-02	-3.328367e+00
1.180000e-06	-1.349583e-02	-3.305758e+00
1.190000e-06	-1.328172e-02	-3.273162e+00
1.200000e-06	-1.308093e-02	-3.263185e+00
1.210000e-06	-1.450400e-02	-3.222078e+00
1.220000e-06	-1.416152e-02	-3.211504e+00
1.230000e-06	-1.371327e-02	-3.191103e+00
1.240000e-06	-1.353512e-02	-3.180472e+00
1.250000e-06	-1.306333e-02	-3.188920e+00
1.260000e-06	-1.273190e-02	-3.188916e+00
1.270000e-06	-1.167783e-02	-3.135845e+00
1.280000e-06	-1.215957e-02	-3.134837e+00
1.290000e-06	-1.202464e-02	-3.074179e+00
1.300000e-06	-1.249130e-02	-3.040553e+00
1.310000e-06	-1.178232e-02	-2.959987e+00
1.320000e-06	-1.163195e-02	-2.906762e+00
1.330000e-06	-1.116607e-02	-2.883762e+00
1.340000e-06	-1.146172e-02	-2.811707e+00
1.350000e-06	-9.800880e-03	-2.811004e+00
1.360000e-06	-1.056417e-02	-2.801529e+00
1.370000e-06	-1.092516e-02	-2.800496e+00
1.380000e-06	-1.036136e-02	-2.789475e+00
1.390000e-06	-1.116091e-02	-2.757420e+00
1.400000e-06	-9.363944e-03	-2.716315e+00
1.410000e-06	-9.959543e-03	-2.674758e+00
1.420000e-06	-9.488834e-03	-2.652707e+00
1.430000e-06	-9.448618e-03	-2.632579e+00
1.440000e-06	-8.732113e-03	-2.589026e+00
1.450000e-06	-9.391703e-03	-2.598374e+00
1.460000e-06	-9.231423e-03	-2.497894e+00
1.470000e-06	-9.366056e-03	-2.494815e+00
1.480000e-06	-8.548210e-03	-2.473757e+00
1.490000e-06	-8.702425e-03	-2.452628e+00
1.500000e-06	-7.998512e-03	-2.430603e+00
1.510000e-06	-8.354797e-03	-2.410504e+00
1.520000e-06	-8.268441e-03	-2.378949e+00
1.530000e-06	-8.765282e-03	-2.378919e+00
1.540000e-06	-8.610358e-03	-2.317738e+00
1.550000e-06	-8.455916e-03	-2.204712e+00
1.560000e-06	-8.366552e-03	-2.190605e+00
1.570000e-06	-8.103251e-03	-2.138917e+00
1.580000e-06	-7.512601e-03	-2.094261e+00
1.590000e-06	-6.906393e-03	-2.063633e+00
1.600000e-06	-6.770468e-03	-2.011555e+00
1.610000e-06	-7.201592e-03	-2.010476e+00
1.620000e-06	-7.734614e-03	-2.019475e+00
1.630000e-06	-7.481837e-03	-1.959392e+00
1.640000e-06	-6.919618e-03	-1.926242e+00
1.650000e-06	-7.555724e-03	-1.894359e+00
1.660000e-06	-7.204528e-03	-1.852154e+00
1.670000e-06	-6.682233e-03	-1.811581e+00
1.680000e-06	-6.521151e-03	-1.790999e+00
1.690000e-06	-6.883021e-03	-1.737944e+00
1.700000e-06	-6.048007e-03	-1.697813e+00
1.710000e-06	-5.698126e-03	-1.694337e+00
1.720000e-06	-6.228312e-03	-1.613131e+00
1.730000e-06	-6.334988e-03	-1.651025e+00
1.740000e-06	-6.848997e-03	-1.608996e+00
1.750000e-06	-5.813507e-03	-1.558420e+00
1.760000e-06	-5.995898e-03	-1.537818e+00
1.770000e-06	-5.524220e-03	-1.463254e+00
1.780000e-06	-6.232824e-03	-1.447971e+00
1.790000e-06	-4.946688e-03	-1.285364e+00
1.800000e-06	-5.905833e-03	-1.273632e+00
1.810000e-06	-4.979240e-03	-1.232104e+00
1.820000e-06	-5.549160e-03	-1.180501e+00
1.830000e-06	-5.306154e-03	-1.167919e+00
1.840000e-06	-6.139925e-03	-1.095265e+00
1.850000e-06	-5.186254e-03	-1.055158e+00
1.860000e-06	-4.936935e-03	-1.031628e+00
1.870000e-06	-5.199295e-03	-9.705500e-01
1.880000e-06	-5.497134e-03	-9.884949e-01
1.890000e-06	-4.115511e-03	-8.979184e-01
1.900000e-06	-4.336553e-03	-8.746842e-01
1.910000e-06	-4.782977e-03	-8.726815e-01
1.920000e-06	-4.670922e-03	-8.104776e-01
1.930000e-06	-4.372171e-03	-7.885261e-01
1.940000e-06	-3.762704e-03	-7.574699e-01
1.950000e-06	-5.445071e-03	-7.064132e-01
1.960000e-06	-4.232906e-03	-6.627092e-01
1.970000e-06	-3.544146e-03	-5.696527e-01
1.980000e-06	-4.598260e-03	-5.164107e-01
1.990000e-06	-3.700934e-03	-5.042367e-01
2.000000e-06	-3.904756e-03	-4.531765e-01
2.010000e-06	-2.686876e-03	-4.200526e-01
2.020000e-06	-3.609814e-03	-3.999724e-01
2.030000e-06	-4.590898e-03	-3.489674e-01
2.040000e-06	-3.173566e-03	-3.153396e-01
2.050000e-06	-4.639337e-03	-2.536368e-01
2.060000e-06	-2.062958e-03	-2.220526e-01
2.070000e-06	-4.198293e-03	-1.900249e-01
2.080000e-06	-2.841211e-03	-1.684485e-01
2.090000e-06	-2.646778e-03	-1.038121e-01
2.100000e-06	-1.898958e-03	-1.132596e-01
2.110000e-06	-1.537385e-03	-3.158157e-02
2.120000e-06	-1.934231e-03	-4.102650e-02
2.130000e-06	-8.858667e-04	3.052625e-02
2.140000e-06	-6.610059e-04	7.055659e-02
2.150000e-06	-1.108664e-03	6.316033e-02
2.160000e-06	-1.298044e-03	1.448434e-01
2.170000e-06	3.213353e-03	1.994712e-01
2.180000e-06	9.801924e-03	2.731339e-01
2.190000e-06	1.212083e-02	3.358407e-01
2.200000e-06	-1.955753e-02	3.593974e-01
2.210000e-06	-3.051016e-02	3.806013e-01
2.220000e-06	1.676889e-02	4.300263e-01
2.230000e-06	4.570377e-03	4.320840e-01
2.240000e-06	1.412670e-02	5.257356e-01
2.250000e-06	-5.533326e-02	5.188935e-01
2.260000e-06	4.839436e-02	6.284449e-01
2.270000e-06	6.062650e-03	5.905000e-01
2.280000e-06	-1.428770e-02	6.636554e-01
2.290000e-06	8.163554e-03	6.641392e-01
2.300000e-06	-2.974408e-02	7.373434e-01
2.310000e-06	3.082624e-02	7.889488e-01
2.320000e-06	-2.730217e-02	7.900250e-01
2.330000e-06	4.531821e-02	8.620576e-01
2.340000e-06	-5.242093e-02	9.141879e-01
2.350000e-06	1.097958e-02	9.253393e-01
2.360000e-06	1.541997e-02	9.899699e-01
2.370000e-06	8.164065e-03	1.073082e+00
2.380000e-06	-4.505463e-02	1.134741e+00
2.390000e-06	2.309279e-02	1.176893e+00
2.400000e-06	1.874834e-02	1.220473e+00
2.410000e-06	-3.589658e-03	1.232053e+00
2.420000e-06	-2.195842e-02	1.303141e+00
2.430000e-06	7.060651e-03	1.344818e+00
2.440000e-06	1.648069e-02	1.337969e+00
2.450000e-06	-1.090427e-02	1.388896e+00
2.460000e-06	-1.336969e-03	1.471132e+00
2.470000e-06	-6.327721e-03	1.554693e+00
2.480000e-06	2.513795e-02	1.518289e+00
2.490000e-06	-1.873187e-02	1.609506e+00
2.500000e-06	6.181304e-03	1.671175e+00
2.510000e-06	-4.346824e-03	1.685259e+00
2.520000e-06	1.003821e-02	1.755792e+00
2.530000e-06	-6.125334e-03	1.767347e+00
2.540000e-06	8.072881e-03	1.800024e+00
2.550000e-06	-1.125736e-02	1.842030e+00
2.560000e-06	1.052472e-02	1.855107e+00
2.570000e-06	2.018216e-03	1.944760e+00
2.580000e-06	-2.826237e-03	1.915918e+00
2.590000e-06	-1.663698e-03	1.957921e+00
2.600000e-06	9.700700e-03	2.029022e+00
2.610000e-06	-4.503733e-04	2.000551e+00
2.620000e-06	-2.316017e-03	2.041053e+00
2.630000e-06	8.259765e-04	2.082183e+00
2.640000e-06	4.240000e-03	2.105811e+00
2.650000e-06	4.400330e-03	2.154718e+00
2.660000e-06	-2.052180e-03	2.159371e+00
2.670000e-06	8.848311e-04	2.201026e+00
2.680000e-06	5.891753e-03	2.232153e+00
2.690000e-06	4.169358e-03	2.234140e+00
2.700000e-06	-3.777789e-03	2.344233e+00
2.710000e-06	2.251658e-03	2.327820e+00
2.720000e-06	5.281452e-03	2.349395e+00
2.730000e-06	6.241935e-03	2.409025e+00
2.740000e-06	-1.966359e-03	2.419975e+00
2.750000e-06	4.148349e-03	2.474053e+00
2.760000e-06	3.459789e-03	2.452685e+00
2.770000e-06	5.445309e-03	2.513287e+00
2.780000e-06	-3.104054e-03	2.587399e+00
2.790000e-06	3.734935e-03	2.600180e+00
2.800000e-06	4.290914e-03	2.643609e+00
2.810000e-06	7.273302e-03	2.696786e+00
2.820000e-06	-9.541619e-04	2.776840e+00
2.830000e-06	3.578435e-03	2.779921e+00
2.840000e-06	3.763621e-03	2.778449e+00
2.850000e-06	5.524279e-03	2.790079e+00
2.860000e-06	6.691958e-04	2.831052e+00
2.870000e-06	1.901807e-03	2.851555e+00
2.880000e-06	5.587565e-03	2.843660e+00
2.890000e-06	5.666315e-03	2.923763e+00
2.900000e-06	4.019062e-03	2.926766e+00
2.910000e-06	1.250556e-03	2.957920e+00
2.920000e-06	6.631921e-03	2.988945e+00
2.930000e-06	4.918198e-03	2.990476e+00
2.940000e-06	4.539021e-03	3.001001e+00
2.950000e-06	4.344239e-04	3.020104e+00
2.960000e-06	6.883163e-03	3.064109e+00
2.970000e-06	4.538707e-03	3.105287e+00
2.980000e-06	6.941421e-03	3.118735e+00
2.990000e-06	1.487276e-03	3.124768e+00
3.000000e-06	5.328466e-03	3.146317e+00
3.010000e-06	7.059133e-03	3.169397e+00
3.020000e-06	5.633789e-03	3.209474e+00
3.030000e-06	2.293537e-03	3.199426e+00
3.040000e-06	5.621963e-03	3.240526e+00
3.050000e-06	6.805249e-03	3.241028e+00
3.060000e-06	5.367453e-03	3.243153e+00
3.070000e-06	3.211544e-03	3.293564e+00
3.080000e-06	5.692211e-03	3.305211e+00
3.090000e-06	7.900556e-03	3.307264e+00
3.100000e-06	6.798885e-03	3.388317e+00
3.110000e-06	5.038899e-03	3.419921e+00
3.120000e-06	5.082609e-03	3.461028e+00
3.130000e-06	8.090029e-03	3.409156e+00
3.140000e-06	5.674481e-03	3.475260e+00
3.150000e-06	6.828042e-03	3.514293e+00
3.160000e-06	4.565495e-03	3.526292e+00
3.170000e-06	9.809940e-03	3.547894e+00
3.180000e-06	7.686543e-03	3.557446e+00
3.190000e-06	6.700000e-03	3.588499e+00
3.200000e-06	5.225392e-03	3.588921e+00
3.210000e-06	1.043459e-02	3.599499e+00
3.220000e-06	7.236820e-03	3.610450e+00
3.230000e-06	8.104336e-03	3.610026e+00
3.240000e-06	6.413692e-03	3.620501e+00
3.250000e-06	8.927900e-03	3.620529e+00
3.260000e-06	9.445549e-03	3.632053e+00
3.270000e-06	6.962705e-03	3.641580e+00
3.280000e-06	8.534771e-03	3.662582e+00
3.290000e-06	8.690029e-03	3.652105e+00
3.300000e-06	1.003834e-02	3.662584e+00
3.310000e-06	1.057004e-02	3.674109e+00
3.320000e-06	8.766678e-03	3.693684e+00
3.330000e-06	1.015986e-02	3.693211e+00
3.340000e-06	1.042486e-02	3.726309e+00
3.350000e-06	9.808876e-03	3.695793e+00
3.360000e-06	9.009660e-03	3.725789e+00
3.370000e-06	9.888971e-03	3.777918e+00
3.380000e-06	1.205121e-02	3.726268e+00
3.390000e-06	1.153576e-02	3.767918e+00
3.400000e-06	1.106486e-02	3.727869e+00
3.410000e-06	1.114357e-02	3.758441e+00
3.420000e-06	1.259887e-02	3.749946e+00
3.430000e-06	1.254007e-02	3.747921e+00
3.440000e-06	1.256492e-02	3.778947e+00
3.450000e-06	1.181091e-02	3.769420e+00
3.460000e-06	1.371045e-02	3.778925e+00
3.470000e-06	1.182892e-02	3.788923e+00
3.480000e-06	1.234824e-02	3.739446e+00
3.490000e-06	1.327935e-02	3.767499e+00
3.500000e-06	1.387814e-02	3.767469e+00
3.510000e-06	1.486141e-02	3.749446e+00
3.520000e-06	1.506650e-02	3.779026e+00
3.530000e-06	1.405086e-02	3.778950e+00
3.540000e-06	1.525728e-02	3.769000e+00
3.550000e-06	1.461382e-02	3.779973e+00
3.560000e-06	1.709911e-02	3.789424e+00
3.570000e-06	1.463649e-02	3.799049e+00
3.580000e-06	1.527883e-02	3.809897e+00
3.590000e-06	1.599147e-02	3.779502e+00
3.600000e-06	1.742966e-02	3.788395e+00
3.610000e-06	1.512701e-02	3.788922e+00
3.620000e-06	1.602810e-02	3.808947e+00
3.630000e-06	1.830110e-02	3.767795e+00
3.640000e-06	1.689194e-02	3.748371e+00
3.650000e-06	1.676022e-02	3.767846e+00
3.660000e-06	1.450440e-02	3.727467e+00
3.670000e-06	1.648674e-02	3.705388e+00
3.680000e-06	1.675716e-02	3.757817e+00
3.690000e-06	1.540470e-02	3.717388e+00
3.700000e-06	1.620318e-02	3.733843e+00
3.710000e-06	1.723444e-02	3.705235e+00
3.720000e-06	1.685620e-02	3.713258e+00
3.730000e-06	1.621243e-02	3.693133e+00
3.740000e-06	1.452228e-02	3.694632e+00
3.750000e-06	1.586389e-02	3.662133e+00
3.760000e-06	1.485607e-02	3.633130e+00
3.770000e-06	1.483400e-02	3.611555e+00
3.780000e-06	1.527484e-02	3.630554e+00
3.790000e-06	1.491277e-02	3.601525e+00
3.800000e-06	1.659467e-02	3.612003e+00
3.810000e-06	1.335814e-02	3.601000e+00
3.820000e-06	1.394515e-02	3.601499e+00
3.830000e-06	1.277273e-02	3.580500e+00
3.840000e-06	1.328440e-02	3.589499e+00
3.850000e-06	1.352107e-02	3.589499e+00
3.860000e-06	1.229660e-02	3.588499e+00
3.870000e-06	1.292397e-02	3.577445e+00
3.880000e-06	1.320191e-02	3.556920e+00
3.890000e-06	1.248339e-02	3.557892e+00
3.900000e-06	1.191573e-02	3.496765e+00
3.910000e-06	1.103527e-02	3.483158e+00
3.920000e-06	1.302625e-02	3.484105e+00
3.930000e-06	1.242329e-02	3.401078e+00
3.940000e-06	1.031757e-02	3.409824e+00
3.950000e-06	1.048195e-02	3.356999e+00
3.960000e-06	1.042929e-02	3.305340e+00
3.970000e-06	1.099021e-02	3.307763e+00
3.980000e-06	9.087548e-03	3.262159e+00
3.990000e-06	9.651497e-03	3.211602e+00
4.000000e-06	1.110537e-02	3.211553e+00
4.010000e-06	9.733877e-03	3.221475e+00
4.020000e-06	9.612041e-03	3.190001e+00
4.030000e-06	8.637858e-03	3.190475e+00
4.040000e-06	9.311288e-03	3.159949e+00
4.050000e-06	8.499314e-03	3.187444e+00
4.060000e-06	7.086877e-03	3.137866e+00
4.070000e-06	7.955286e-03	3.127318e+00
4.080000e-06	8.567529e-03	3.114212e+00
4.090000e-06	7.063196e-03	3.073179e+00
4.100000e-06	8.235721e-03	3.054051e+00
4.110000e-06	7.061536e-03	2.989523e+00
4.120000e-06	7.885371e-03	3.000500e+00
4.130000e-06	6.212506e-03	2.929499e+00
4.140000e-06	6.870070e-03	2.967345e+00
4.150000e-06	6.226776e-03	2.926362e+00
4.160000e-06	5.655221e-03	2.895311e+00
4.170000e-06	5.721821e-03	2.863159e+00
4.180000e-06	6.070468e-03	2.830629e+00
4.190000e-06	5.878177e-03	2.803029e+00
4.200000e-06	5.032951e-03	2.801001e+00
4.210000e-06	5.999982e-03	2.810450e+00
4.220000e-06	6.586105e-03	2.788897e+00
4.230000e-06	4.869540e-03	2.747418e+00
4.240000e-06	4.084791e-03	2.716333e+00
4.250000e-06	4.053074e-03	2.693714e+00
4.260000e-06	4.728101e-03	2.632574e+00
4.270000e-06	5.269615e-03	2.578844e+00
4.280000e-06	3.666270e-03	2.516262e+00
4.290000e-06	4.726482e-03	2.412805e+00
4.300000e-06	4.767125e-03	2.432029e+00
4.310000e-06	3.309337e-03	2.411001e+00
4.320000e-06	2.864585e-03	2.410021e+00
4.330000e-06	3.624532e-03	2.359000e+00
4.340000e-06	3.335656e-03	2.297863e+00
4.350000e-06	3.903110e-03	2.305715e+00
4.360000e-06	3.059903e-03	2.276787e+00
4.370000e-06	2.108763e-03	2.231130e+00
4.380000e-06	4.338080e-03	2.189975e+00
4.390000e-06	2.755231e-03	2.169446e+00
4.400000e-06	1.629011e-03	2.157895e+00
4.410000e-06	2.063101e-03	2.096713e+00
4.420000e-06	2.750813e-03	2.054362e+00
4.430000e-06	3.132246e-03	2.042083e+00
4.440000e-06	1.079916e-03	2.031578e+00
4.450000e-06	1.398599e-03	2.009975e+00
4.460000e-06	2.232875e-03	1.989499e+00
4.470000e-06	1.880629e-03	1.967967e+00
4.480000e-06	6.668963e-04	1.916986e+00
4.490000e-06	1.405916e-03	1.884181e+00
4.500000e-06	1.166500e-03	1.811574e+00
4.510000e-06	1.805176e-03	1.750422e+00
4.520000e-06	1.004166e-03	1.767418e+00
4.530000e-06	1.089458e-03	1.696292e+00
4.540000e-06	1.292789e-03	1.713262e+00
4.550000e-06	2.840430e-04	1.663125e+00
4.560000e-06	4.707834e-04	1.602077e+00
4.570000e-06	-8.343955e-05	1.558496e+00
4.580000e-06	1.703917e-03	1.528815e+00
4.590000e-06	-9.858603e-05	1.534728e+00
4.600000e-06	9.459918e-04	1.393051e+00
4.610000e-06	-2.347604e-04	1.378497e+00
4.620000e-06	3.514713e-04	1.337920e+00
4.630000e-06	4.119968e-05	1.337910e+00
4.640000e-06	-8.836227e-04	1.284683e+00
4.650000e-06	4.596002e-04	1.232008e+00
4.660000e-06	-8.007896e-04	1.179499e+00
4.670000e-06	-4.094351e-07	1.178445e+00
4.680000e-06	-4.898592e-04	1.134287e+00
4.690000e-06	-7.878468e-04	1.084153e+00
4.700000e-06	2.259372e-04	1.020922e+00
4.710000e-06	-1.284474e-04	9.452823e-01
4.720000e-06	3.341259e-04	8.726305e-01
4.730000e-06	-7.343242e-04	8.320015e-01
4.740000e-06	-1.292586e-03	7.710238e-01
4.750000e-06	-1.035007e-03	7.789711e-01
4.760000e-06	-1.399371e-03	7.383957e-01
4.770000e-06	-1.591767e-03	6.868134e-01
4.780000e-06	-1.687756e-03	6.926568e-01
4.790000e-06	-4.036083e-04	6.015738e-01
4.800000e-06	-1.786958e-03	5.894199e-01
4.810000e-06	-7.702201e-04	5.763385e-01
4.820000e-06	-3.060848e-03	4.742345e-01
4.830000e-06	-1.147705e-03	4.622066e-01
4.840000e-06	-8.142905e-04	4.115528e-01
4.850000e-06	-3.424903e-04	3.905237e-01
4.860000e-06	-8.912419e-04	3.589197e-01
4.870000e-06	-3.252245e-03	3.268959e-01
4.880000e-06	-2.120919e-03	3.062084e-01
4.890000e-06	-4.661618e-03	2.116240e-01
4.900000e-06	-2.021529e-03	1.379212e-01
4.910000e-06	-4.015909e-03	6.518458e-02
4.920000e-06	2.167088e-04	3.412525e-02
4.930000e-06	-1.352375e-03	1.050132e-02
4.940000e-06	-2.126450e-03	-1.150121e-02
4.950000e-06	-3.420381e-03	-5.153139e-02
4.960000e-06	-3.140594e-03	-1.141378e-01
4.970000e-06	-2.474799e-03	-1.247909e-01
4.980000e-06	-3.235812e-03	-1.683709e-01
4.990000e-06	-1.782758e-03	-1.995223e-01
5.000000e-06	2.101335e-04	-2.715813e-01
5.010000e-06	4.740251e-03	-2.841880e-01
5.020000e-06	9.872993e-03	-3.047357e-01
5.030000e-06	1.503843e-02	-3.369196e-01
5.040000e-06	-1.690352e-02	-3.794760e-01
5.050000e-06	-4.431226e-02	-4.006051e-01
5.060000e-06	2.107250e-02	-4.210328e-01
5.070000e-06	-5.502794e-03	-4.221878e-01
5.080000e-06	3.205562e-02	-5.231603e-01
5.090000e-06	-4.953517e-02	-6.504273e-01
5.100000e-06	5.177844e-02	-6.516883e-01
5.110000e-06	7.687129e-03	-6.767916e-01
5.120000e-06	-1.716697e-02	-7.673235e-01
5.130000e-06	4.861742e-03	-7.799999e-01
5.140000e-06	-3.115657e-02	-8.395750e-01
5.150000e-06	3.056456e-02	-8.115814e-01
5.160000e-06	-4.253862e-02	-8.836642e-01
5.170000e-06	5.304094e-02	-9.263934e-01
5.180000e-06	-6.372546e-02	-9.379194e-01
5.190000e-06	1.278268e-03	-1.021025e+00
5.200000e-06	1.347536e-02	-1.042633e+00
5.210000e-06	1.159601e-02	-1.072262e+00
5.220000e-06	-4.803873e-02	-1.098289e+00
5.230000e-06	2.744589e-02	-1.196322e+00
5.240000e-06	3.458757e-02	-1.220025e+00
5.250000e-06	-1.584945e-02	-1.292608e+00
5.260000e-06	-2.376302e-02	-1.274839e+00
5.270000e-06	1.385804e-03	-1.355947e+00
5.280000e-06	1.781057e-02	-1.479536e+00
5.290000e-06	-2.060672e-02	-1.544788e+00
5.300000e-06	-1.072700e-02	-1.556319e+00
5.310000e-06	-1.197310e-02	-1.599446e+00
5.320000e-06	3.384653e-02	-1.610553e+00
5.330000e-06	-3.220339e-02	-1.641625e+00
5.340000e-06	-1.096160e-02	-1.670636e+00
5.350000e-06	3.642649e-03	-1.755737e+00
5.360000e-06	6.259198e-03	-1.737845e+00
5.370000e-06	-2.289113e-02	-1.809428e+00
5.380000e-06	6.247084e-03	-1.809576e+00
5.390000e-06	-1.363240e-02	-1.853082e+00
5.400000e-06	1.303689e-03	-1.905788e+00
5.410000e-06	1.027301e-03	-1.934767e+00
5.420000e-06	-1.972888e-02	-1.956396e+00
5.430000e-06	-3.579613e-03	-1.988474e+00
5.440000e-06	5.788324e-03	-1.990000e+00
5.450000e-06	-7.855721e-03	-2.011001e+00
5.460000e-06	-1.219935e-02	-2.021604e+00
5.470000e-06	-3.696656e-03	-2.083789e+00
5.480000e-06	-5.983369e-03	-2.135797e+00
5.490000e-06	6.394127e-05	-2.208976e+00
5.500000e-06	-1.831419e-02	-2.261632e+00
5.510000e-06	-5.793260e-03	-2.336341e+00
5.520000e-06	1.840224e-03	-2.357896e+00
5.530000e-06	-3.005090e-03	-2.348970e+00
5.540000e-06	-1.503864e-02	-2.419999e+00
5.550000e-06	-4.909666e-03	-2.430581e+00
5.560000e-06	-3.817328e-03	-2.451528e+00
5.570000e-06	-4.159643e-03	-2.524208e+00
5.580000e-06	-1.749270e-02	-2.495338e+00
5.590000e-06	-5.934539e-03	-2.547396e+00
5.600000e-06	-2.423895e-03	-2.528445e+00
5.610000e-06	-4.928917e-03	-2.600528e+00
5.620000e-06	-1.150534e-02	-2.651155e+00
5.630000e-06	-8.811491e-03	-2.661132e+00
5.640000e-06	-3.777674e-03	-2.694714e+00
5.650000e-06	-6.748783e-03	-2.757290e+00
5.660000e-06	-1.487409e-02	-2.747341e+00
5.670000e-06	-7.970305e-03	-2.789997e+00
5.680000e-06	-4.781058e-03	-2.800000e+00
5.690000e-06	-6.089830e-03	-2.810527e+00
5.700000e-06	-9.958936e-03	-2.840604e+00
5.710000e-06	-1.100451e-02	-2.852660e+00
5.720000e-06	-3.648534e-03	-2.915164e+00
5.730000e-06	-8.377900e-03	-2.927815e+00
5.740000e-06	-1.074025e-02	-3.016995e+00
5.750000e-06	-1.238824e-02	-3.059503e+00
5.760000e-06	-5.574220e-03	-3.084663e+00
5.770000e-06	-8.945237e-03	-3.116765e+00
5.780000e-06	-9.039324e-03	-3.144891e+00
5.790000e-06	-1.309428e-02	-3.168345e+00
5.800000e-06	-5.586970e-03	-3.199475e+00
5.810000e-06	-8.875498e-03	-3.199500e+00
5.820000e-06	-9.919945e-03	-3.190554e+00
5.830000e-06	-1.312416e-02	-3.210555e+00
5.840000e-06	-7.389123e-03	-3.242108e+00
5.850000e-06	-8.505708e-03	-3.293132e+00
5.860000e-06	-1.097403e-02	-3.304188e+00
5.870000e-06	-1.253186e-02	-3.295219e+00
5.880000e-06	-9.737912e-03	-3.336366e+00
5.890000e-06	-7.574784e-03	-3.358899e+00
5.900000e-06	-1.181589e-02	-3.367976e+00
5.910000e-06	-1.269236e-02	-3.408976e+00
5.920000e-06	-1.007424e-02	-3.387951e+00
5.930000e-06	-8.500482e-03	-3.410603e+00
5.940000e-06	-1.143590e-02	-3.442113e+00
5.950000e-06	-1.190458e-02	-3.452134e+00
5.960000e-06	-1.038777e-02	-3.453761e+00
5.970000e-06	-9.810975e-03	-3.525868e+00
5.980000e-06	-1.245759e-02	-3.547142e+00
5.990000e-06	-1.321798e-02	-3.566850e+00
6.000000e-06	-1.065646e-02	-3.567847e+00
6.010000e-06	-1.083295e-02	-3.588949e+00
6.020000e-06	-1.145576e-02	-3.588999e+00
6.030000e-06	-1.355235e-02	-3.609948e+00
6.040000e-06	-1.113398e-02	-3.609999e+00
6.050000e-06	-1.110978e-02	-3.600004e+00
6.060000e-06	-1.237459e-02	-3.600578e+00
6.070000e-06	-1.412483e-02	-3.604003e+00
6.080000e-06	-1.299967e-02	-3.632076e+00
6.090000e-06	-1.314228e-02	-3.631584e+00
6.100000e-06	-1.250067e-02	-3.641608e+00
6.110000e-06	-1.443729e-02	-3.684734e+00
6.120000e-06	-1.214546e-02	-3.693758e+00
6.130000e-06	-1.304233e-02	-3.716337e+00
6.140000e-06	-1.275901e-02	-3.715714e+00
6.150000e-06	-1.513262e-02	-3.764271e+00
6.160000e-06	-1.496329e-02	-3.778395e+00
6.170000e-06	-1.388097e-02	-3.788545e+00
6.180000e-06	-1.469438e-02	-3.769527e+00
6.190000e-06	-1.536483e-02	-3.809575e+00
6.200000e-06	-1.529002e-02	-3.792556e+00
6.210000e-06	-1.554639e-02	-3.863155e+00
6.220000e-06	-1.537405e-02	-3.863057e+00
6.230000e-06	-1.591680e-02	-3.891111e+00
6.240000e-06	-1.529774e-02	-3.873737e+00
6.250000e-06	-1.609136e-02	-3.875689e+00
6.260000e-06	-1.631580e-02	-3.833759e+00
6.270000e-06	-1.826803e-02	-3.924315e+00
6.280000e-06	-1.775625e-02	-3.886288e+00
6.290000e-06	-1.936435e-02	-3.895318e+00
6.300000e-06	-1.805097e-02	-3.885288e+00
6.310000e-06	-1.711358e-02	-3.916787e+00
6.320000e-06	-1.673333e-02	-3.935918e+00
6.330000e-06	-1.807837e-02	-3.917289e+00
6.340000e-06	-1.791182e-02	-3.908267e+00
6.350000e-06	-1.815945e-02	-3.946418e+00
6.360000e-06	-2.031641e-02	-3.927421e+00
6.370000e-06	-2.164393e-02	-3.946837e+00
6.380000e-06	-2.150085e-02	-3.887320e+00
6.390000e-06	-1.880392e-02	-3.928316e+00
6.400000e-06	-1.991347e-02	-3.925841e+00
6.410000e-06	-1.971878e-02	-3.935320e+00
6.420000e-06	-1.972658e-02	-3.926368e+00
6.430000e-06	-1.909190e-02	-3.947391e+00
6.440000e-06	-2.124284e-02	-3.936372e+00
6.450000e-06	-2.281007e-02	-3.865767e+00
6.460000e-06	-2.386238e-02	-3.887788e+00
6.470000e-06	-2.092119e-02	-3.926738e+00
6.480000e-06	-2.121549e-02	-3.923782e+00
6.490000e-06	-2.142668e-02	-3.934810e+00
6.500000e-06	-2.113851e-02	-3.914563e+00
6.510000e-06	-2.026622e-02	-3.863109e+00
6.520000e-06	-1.961304e-02	-3.843157e+00
6.530000e-06	-2.205327e-02	-3.823205e+00
6.540000e-06	-2.201158e-02	-3.824603e+00
6.550000e-06	-2.229272e-02	-3.810549e+00
6.560000e-06	-2.017064e-02	-3.820074e+00
6.570000e-06	-2.179828e-02	-3.717951e+00
6.580000e-06	-2.186236e-02	-3.769397e+00
6.590000e-06	-1.976464e-02	-3.719966e+00
6.600000e-06	-1.974391e-02	-3.719797e+00
6.610000e-06	-2.000322e-02	-3.705386e+00
6.620000e-06	-2.063019e-02	-3.705913e+00
6.630000e-06	-2.012101e-02	-3.653609e+00
6.640000e-06	-2.030049e-02	-3.682159e+00
6.650000e-06	-1.963199e-02	-3.651681e+00
6.660000e-06	-2.010835e-02	-3.611658e+00
6.670000e-06	-1.856414e-02	-3.601155e+00
6.680000e-06	-1.903828e-02	-3.611054e+00
6.690000e-06	-1.805157e-02	-3.589578e+00
6.700000e-06	-1.943902e-02	-3.611476e+00
6.710000e-06	-1.849840e-02	-3.590503e+00
6.720000e-06	-1.769764e-02	-3.580000e+00
6.730000e-06	-1.691970e-02	-3.579474e+00
6.740000e-06	-1.811584e-02	-3.588946e+00
6.750000e-06	-1.688013e-02	-3.518924e+00
6.760000e-06	-1.782542e-02	-3.537868e+00
6.770000e-06	-1.630479e-02	-3.536788e+00
6.780000e-06	-1.710023e-02	-3.485838e+00
6.790000e-06	-1.662904e-02	-3.483707e+00
6.800000e-06	-1.592144e-02	-3.453158e+00
6.810000e-06	-1.495327e-02	-3.413125e+00
6.820000e-06	-1.509883e-02	-3.400650e+00
6.830000e-06	-1.583823e-02	-3.400078e+00
6.840000e-06	-1.463805e-02	-3.389974e+00
6.850000e-06	-1.390918e-02	-3.370470e+00
6.860000e-06	-1.467083e-02	-3.328894e+00
6.870000e-06	-1.447093e-02	-3.294816e+00
6.880000e-06	-1.439499e-02	-3.294791e+00
6.890000e-06	-1.358869e-02	-3.264212e+00
6.900000e-06	-1.333395e-02	-3.232129e+00
6.910000e-06	-1.470817e-02	-3.262558e+00
6.920000e-06	-1.324416e-02	-3.201553e+00
6.930000e-06	-1.339424e-02	-3.200501e+00
6.940000e-06	-1.209690e-02	-3.168976e+00
6.950000e-06	-1.346817e-02	-3.148496e+00
6.960000e-06	-1.201071e-02	-3.168347e+00
6.970000e-06	-1.271093e-02	-3.106862e+00
6.980000e-06	-1.174032e-02	-3.096729e+00
6.990000e-06	-1.221520e-02	-3.033600e+00
7.000000e-06	-1.220080e-02	-3.009470e+00
7.010000e-06	-1.153068e-02	-2.978021e+00
7.020000e-06	-1.049939e-02	-2.877262e+00
7.030000e-06	-1.152249e-02	-2.844158e+00
7.040000e-06	-1.070490e-02	-2.842632e+00
7.050000e-06	-1.125613e-02	-2.821601e+00
7.060000e-06	-1.037131e-02	-2.790052e+00
7.070000e-06	-1.043299e-02	-2.799500e+00
7.080000e-06	-1.290233e-02	-2.779424e+00
7.090000e-06	-1.041674e-02	-2.748841e+00
7.100000e-06	-9.987059e-03	-2.734791e+00
7.110000e-06	-8.697503e-03	-2.673762e+00
7.120000e-06	-1.094517e-02	-2.663105e+00
7.130000e-06	-9.095523e-03	-2.622079e+00
7.140000e-06	-7.613111e-03	-2.550928e+00
7.150000e-06	-8.634793e-03	-2.549520e+00
7.160000e-06	-1.012903e-02	-2.527314e+00
7.170000e-06	-9.784483e-03	-2.464636e+00
7.180000e-06	-8.139584e-03	-2.462709e+00
7.190000e-06	-8.057732e-03	-2.391604e+00
7.200000e-06	-9.560724e-03	-2.410523e+00
7.210000e-06	-8.224781e-03	-2.389550e+00
7.220000e-06	-7.418141e-03	-2.378948e+00
7.230000e-06	-7.636733e-03	-2.337346e+00
7.240000e-06	-8.701387e-03	-2.284313e+00
7.250000e-06	-8.562590e-03	-2.242712e+00
7.260000e-06	-7.035709e-03	-2.180024e+00
7.270000e-06	-6.957988e-03	-2.167892e+00
7.280000e-06	-8.951405e-03	-2.073264e+00
7.290000e-06	-7.920546e-03	-2.073203e+00
7.300000e-06	-6.874846e-03	-2.022103e+00
7.310000e-06	-6.017555e-03	-2.000526e+00
7.320000e-06	-7.793146e-03	-1.998474e+00
7.330000e-06	-7.882316e-03	-1.938894e+00
7.340000e-06	-5.786121e-03	-1.905215e+00
7.350000e-06	-5.909556e-03	-1.863707e+00
7.360000e-06	-7.884788e-03	-1.802580e+00
7.370000e-06	-5.793348e-03	-1.781101e+00
7.380000e-06	-8.045171e-03	-1.810496e+00
7.390000e-06	-5.318300e-03	-1.717346e+00
7.400000e-06	-7.477327e-03	-1.734736e+00
7.410000e-06	-6.100583e-03	-1.643211e+00
7.420000e-06	-5.312385e-03	-1.630557e+00
7.430000e-06	-5.790485e-03	-1.610000e+00
7.440000e-06	-6.301471e-03	-1.568500e+00
7.450000e-06	-5.794425e-03	-1.527946e+00
7.460000e-06	-6.514981e-03	-1.474787e+00
7.470000e-06	-5.263210e-03	-1.381699e+00
7.480000e-06	-6.580561e-03	-1.330490e+00
7.490000e-06	-5.694249e-03	-1.285866e+00
7.500000e-06	-5.666503e-03	-1.212135e+00
7.510000e-06	-4.912989e-03	-1.231149e+00
7.520000e-06	-6.173715e-03	-1.168978e+00
7.530000e-06	-5.277339e-03	-1.117391e+00
7.540000e-06	-4.282571e-03	-1.085287e+00
7.550000e-06	-5.282434e-03	-1.044211e+00
7.560000e-06	-5.569574e-03	-1.023601e+00
7.570000e-06	-5.068577e-03	-9.510502e-01
7.580000e-06	-5.077117e-03	-9.394935e-01
7.590000e-06	-5.387121e-03	-8.953420e-01
7.600000e-06	-5.764172e-03	-8.831555e-01
7.610000e-06	-3.221877e-03	-8.306552e-01
7.620000e-06	-4.911487e-03	-8.005288e-01
7.630000e-06	-3.910469e-03	-7.694688e-01
7.640000e-06	-4.532326e-03	-7.474171e-01
7.650000e-06	-2.797276e-03	-6.962359e-01
7.660000e-06	-3.454894e-03	-6.626816e-01
7.670000e-06	-5.162026e-03	-5.494987e-01
7.680000e-06	-4.497068e-03	-4.547393e-01
7.690000e-06	-4.442856e-03	-4.326803e-01
7.700000e-06	-3.366879e-03	-4.310264e-01
7.710000e-06	-5.214738e-03	-3.900012e-01
7.720000e-06	-3.962101e-03	-3.389436e-01
7.730000e-06	-2.758973e-03	-3.079198e-01
7.740000e-06	-2.980769e-03	-3.048369e-01
7.750000e-06	-4.092079e-03	-2.341592e-01
7.760000e-06	-4.065391e-03	-2.120526e-01
7.770000e-06	-3.622644e-03	-1.884499e-01
7.780000e-06	-2.983792e-03	-1.473922e-01
7.790000e-06	-3.875419e-03	-1.062593e-01
7.800000e-06	-2.551928e-03	-7.373289e-02
7.810000e-06	-2.938240e-04	-3.103006e-02
7.820000e-06	-1.735682e-04	-1.052257e-02
7.830000e-06	-1.657361e-03	4.052638e-02
7.840000e-06	-1.506332e-03	6.265521e-02
7.850000e-06	-1.000987e-03	7.526672e-02
7.860000e-06	-2.317909e-04	1.983724e-01
7.870000e-06	6.817229e-03	2.100326e-01
7.880000e-06	1.262228e-02	3.156893e-01
7.890000e-06	-1.451233e-04	3.663446e-01
7.900000e-06	-2.566670e-02	3.789487e-01
7.910000e-06	-3.014870e-02	4.110263e-01
7.920000e-06	3.534126e-02	4.206290e-01
7.930000e-06	-5.349567e-03	4.931641e-01
7.940000e-06	-2.175527e-03	5.062894e-01
7.950000e-06	-2.320984e-02	5.777709e-01
7.960000e-06	4.136642e-02	5.984488e-01
7.970000e-06	-1.480824e-03	6.425816e-01
7.980000e-06	-1.414802e-02	6.642594e-01
7.990000e-06	-4.820600e-03	7.748655e-01
8.000000e-06	2.151126e-03	7.479211e-01
8.010000e-06	-1.315974e-02	7.793999e-01
8.020000e-06	3.299688e-02	8.200000e-01
8.030000e-06	-2.151376e-02	8.415552e-01
8.040000e-06	-1.538019e-02	9.043107e-01
8.050000e-06	8.280128e-03	9.683984e-01
8.060000e-06	2.445366e-02	1.039978e+00
8.070000e-06	-1.482063e-02	1.094607e+00
8.080000e-06	-3.551224e-02	1.156872e+00
8.090000e-06	4.718973e-02	1.196970e+00
8.100000e-06	-6.754023e-03	1.251526e+00
8.110000e-06	-1.762724e-03	1.272209e+00
8.120000e-06	-2.620061e-02	1.325187e+00
8.130000e-06	2.847269e-02	1.338319e+00
8.140000e-06	-4.330192e-03	1.438922e+00
8.150000e-06	6.158738e-04	1.410451e+00
8.160000e-06	-1.586034e-02	1.564162e+00
8.170000e-06	1.917921e-02	1.494241e+00
8.180000e-06	2.617415e-03	1.560371e+00
8.190000e-06	-8.385613e-03	1.640533e+00
8.200000e-06	-2.676098e-03	1.681164e+00
8.210000e-06	3.441499e-03	1.695316e+00
8.220000e-06	5.055989e-03	1.777791e+00
8.230000e-06	-1.415510e-03	1.777950e+00
8.240000e-06	2.080320e-03	1.809976e+00
8.250000e-06	-6.418866e-03	1.853077e+00
8.260000e-06	1.687411e-02	1.884657e+00
8.270000e-06	-7.673739e-03	1.945370e+00
8.280000e-06	-6.608462e-04	1.966922e+00
8.290000e-06	-1.199821e-03	1.978449e+00
8.300000e-06	1.282700e-02	1.998500e+00
8.310000e-06	-7.194885e-03	2.021578e+00
8.320000e-06	2.923715e-03	2.071584e+00
8.330000e-06	-1.174773e-03	2.103713e+00
8.340000e-06	9.143616e-03	2.084812e+00
8.350000e-06	-1.700090e-03	2.167421e+00
8.360000e-06	6.901241e-04	2.187421e+00
8.370000e-06	-1.409682e-03	2.232051e+00
8.380000e-06	9.173413e-03	2.252183e+00
8.390000e-06	-2.688992e-03	2.282664e+00
8.400000e-06	-8.031178e-04	2.316260e+00
8.410000e-06	2.044426e-03	2.377396e+00
8.420000e-06	6.415118e-03	2.398471e+00
8.430000e-06	2.739489e-03	2.399423e+00
8.440000e-06	-7.374841e-04	2.411030e+00
8.450000e-06	3.962701e-03	2.421133e+00
8.460000e-06	5.681791e-03	2.545264e+00
8.470000e-06	3.153238e-03	2.495364e+00
8.480000e-06	-2.451996e-03	2.570445e+00
8.490000e-06	4.101640e-03	2.641581e+00
8.500000e-06	6.103819e-03	2.683187e+00
8.510000e-06	4.830341e-03	2.766287e+00
8.520000e-06	-2.232055e-03	2.767823e+00
8.530000e-06	6.083467e-03	2.798346e+00
8.540000e-06	4.152249e-03	2.799000e+00
8.550000e-06	5.525302e-03	2.799526e+00
8.560000e-06	-8.702714e-04	2.822076e+00
8.570000e-06	5.788007e-03	2.863104e+00
8.580000e-06	5.299056e-03	2.894687e+00
8.590000e-06	5.018376e-03	2.884387e+00
8.600000e-06	-1.861242e-04	2.968288e+00
8.610000e-06	4.104449e-03	2.968324e+00
8.620000e-06	6.190115e-03	2.959399e+00
8.630000e-06	4.210728e-03	2.979974e+00
8.640000e-06	2.842812e-03	3.061555e+00
8.650000e-06	4.836550e-03	3.052557e+00
8.660000e-06	7.759000e-03	3.114835e+00
8.670000e-06	5.063717e-03	3.084763e+00
8.680000e-06	3.318538e-03	3.106286e+00
8.690000e-06	3.261099e-03	3.115795e+00
8.700000e-06	6.784088e-03	3.166919e+00
8.710000e-06	3.754287e-03	3.179922e+00
8.720000e-06	4.768311e-03	3.199974e+00
8.730000e-06	3.915257e-03	3.209526e+00
8.740000e-06	8.843987e-03	3.231556e+00
8.750000e-06	5.791438e-03	3.222580e+00
8.760000e-06	4.802209e-03	3.223556e+00
8.770000e-06	4.218450e-03	3.244182e+00
8.780000e-06	8.025768e-03	3.294289e+00
8.790000e-06	6.614789e-03	3.337289e+00
8.800000e-06	5.200246e-03	3.347946e+00
8.810000e-06	4.989478e-03	3.419026e+00
8.820000e-06	8.540866e-03	3.431102e+00
8.830000e-06	7.837476e-03	3.444250e+00
8.840000e-06	5.752730e-03	3.472211e+00
8.850000e-06	6.709860e-03	3.536261e+00
8.860000e-06	8.197291e-03	3.505346e+00
8.870000e-06	8.082952e-03	3.547846e+00
8.880000e-06	4.427468e-03	3.599421e+00
8.890000e-06	7.414724e-03	3.588949e+00
8.900000e-06	6.616076e-03	3.600448e+00
8.910000e-06	9.903918e-03	3.599500e+00
8.920000e-06	5.227743e-03	3.619476e+00
8.930000e-06	8.331045e-03	3.601049e+00
8.940000e-06	7.803793e-03	3.620026e+00
8.950000e-06	1.041450e-02	3.621053e+00
8.960000e-06	7.226739e-03	3.622055e+00
8.970000e-06	8.188699e-03	3.632530e+00
8.980000e-06	9.194093e-03	3.633087e+00
8.990000e-06	9.653838e-03	3.642133e+00
9.000000e-06	7.253656e-03	3.703159e+00
9.010000e-06	8.830393e-03	3.653684e+00
9.020000e-06	1.097936e-02	3.724334e+00
9.030000e-06	1.089716e-02	3.705212e+00
9.040000e-06	1.062426e-02	3.705789e+00
9.050000e-06	8.943375e-03	3.686238e+00
9.060000e-06	1.111310e-02	3.727793e+00
9.070000e-06	1.108706e-02	3.706318e+00
9.080000e-06	1.044445e-02	3.735792e+00
9.090000e-06	1.156489e-02	3.758871e+00
9.100000e-06	1.221130e-02	3.747896e+00
9.110000e-06	1.257949e-02	3.766365e+00
9.120000e-06	9.882520e-03	3.767421e+00
9.130000e-06	1.184657e-02	3.778896e+00
9.140000e-06	1.112402e-02	3.768974e+00
9.150000e-06	1.419747e-02	3.788948e+00
9.160000e-06	1.277844e-02	3.758950e+00
9.170000e-06	1.464029e-02	3.779945e+00
9.180000e-06	1.415779e-02	3.798447e+00
9.190000e-06	1.485833e-02	3.799947e+00
9.200000e-06	1.213985e-02	3.788421e+00
9.210000e-06	1.306098e-02	3.768422e+00
9.220000e-06	1.319815e-02	3.799497e+00
9.230000e-06	1.573836e-02	3.767923e+00
9.240000e-06	1.508595e-02	3.788973e+00
9.250000e-06	1.620095e-02	3.789475e+00
9.260000e-06	1.668744e-02	3.769501e+00
9.270000e-06	1.658165e-02	3.789496e+00
9.280000e-06	1.486996e-02	3.779975e+00
9.290000e-06	1.385119e-02	3.789446e+00
9.300000e-06	1.550121e-02	3.778926e+00
9.310000e-06	1.621892e-02	3.787970e+00
9.320000e-06	1.533388e-02	3.738945e+00
9.330000e-06	1.653243e-02	3.749450e+00
9.340000e-06	1.795005e-02	3.757320e+00
9.350000e-06	1.763796e-02	3.737817e+00
9.360000e-06	1.580862e-02	3.697845e+00
9.370000e-06	1.643102e-02	3.737243e+00
9.380000e-06	1.566902e-02	3.687266e+00
9.390000e-06	1.627502e-02	3.717291e+00
9.400000e-06	1.471163e-02	3.734287e+00
9.410000e-06	1.630629e-02	3.697707e+00
9.420000e-06	1.661009e-02	3.652337e+00
9.430000e-06	1.623400e-02	3.655630e+00
9.440000e-06	1.546527e-02	3.663584e+00
9.450000e-06	1.717176e-02	3.663182e+00
9.460000e-06	1.548882e-02	3.683051e+00
9.470000e-06	1.488200e-02	3.622077e+00
9.480000e-06	1.352115e-02	3.600530e+00
9.490000e-06	1.393423e-02	3.612003e+00
9.500000e-06	1.468091e-02	3.601001e+00
9.510000e-06	1.359398e-02	3.601027e+00
9.520000e-06	1.314852e-02	3.601000e+00
9.530000e-06	1.510160e-02	3.579499e+00
9.540000e-06	1.402107e-02	3.579973e+00
9.550000e-06	1.321947e-02	3.598975e+00
9.560000e-06	1.168896e-02	3.558947e+00
9.570000e-06	1.325483e-02	3.555942e+00
9.580000e-06	1.133208e-02	3.558345e+00
9.590000e-06	1.229929e-02	3.536416e+00
9.600000e-06	1.104712e-02	3.476214e+00
9.610000e-06	1.243205e-02	3.464133e+00
9.620000e-06	1.102884e-02	3.431679e+00
9.630000e-06	1.106876e-02	3.391951e+00
9.640000e-06	1.053156e-02	3.378421e+00
9.650000e-06	1.050559e-02	3.347821e+00
9.660000e-06	1.048121e-02	3.315916e+00
9.670000e-06	1.028616e-02	3.273682e+00
9.680000e-06	9.425294e-03	3.263559e+00
9.690000e-06	9.031366e-03	3.241079e+00
9.700000e-06	9.607009e-03	3.190003e+00
9.710000e-06	9.488737e-03	3.211025e+00
9.720000e-06	7.974995e-03	3.190973e+00
9.730000e-06	8.008182e-03	3.189999e+00
9.740000e-06	9.034050e-03	3.179445e+00
9.750000e-06	8.826317e-03	3.157921e+00
9.760000e-06	7.549999e-03	3.137268e+00
9.770000e-06	8.013833e-03	3.136712e+00
9.780000e-06	8.161024e-03	3.084684e+00
9.790000e-06	8.136842e-03	3.002626e+00
9.800000e-06	5.789123e-03	3.000028e+00
9.810000e-06	6.297949e-03	2.991002e+00
9.820000e-06	6.905116e-03	2.980498e+00
9.830000e-06	7.572320e-03	2.979892e+00
9.840000e-06	5.983722e-03	2.967370e+00
9.850000e-06	6.224825e-03	2.915840e+00
9.860000e-06	6.634194e-03	2.844664e+00
9.870000e-06	7.093854e-03	2.862683e+00
9.880000e-06	5.365238e-03	2.830529e+00
9.890000e-06	4.051778e-03	2.831025e+00
9.900000e-06	5.801154e-03	2.801050e+00
9.910000e-06	4.625764e-03	2.799425e+00
9.920000e-06	5.610521e-03	2.798422e+00
9.930000e-06	4.007128e-03	2.757440e+00
9.940000e-06	5.581550e-03	2.765811e+00
9.950000e-06	5.038436e-03	2.682657e+00
9.960000e-06	4.717995e-03	2.571069e+00
9.970000e-06	3.548700e-03	2.566969e+00
9.980000e-06	3.286768e-03	2.494786e+00
9.990000e-06	4.067567e-03	2.433032e+00
1.000000e-05	4.399557e-03	2.421603e+00
1.001000e-05	3.002043e-03	2.399501e+00
1.002000e-05	3.221636e-03	2.388924e+00
1.003000e-05	3.648900e-03	2.358921e+00
1.004000e-05	4.172027e-03	2.295893e+00
1.005000e-05	3.703218e-03	2.266260e+00
1.006000e-05	1.965161e-03	2.243078e+00
1.007000e-05	3.292433e-03	2.202554e+00
1.008000e-05	3.011403e-03	2.209496e+00
1.009000e-05	2.230909e-03	2.178972e+00
1.010000e-05	1.114049e-04	2.158265e+00
1.011000e-05	1.875240e-03	2.065812e+00
1.012000e-05	3.103701e-03	2.055159e+00
1.013000e-05	2.442945e-03	2.021629e+00
1.014000e-05	9.644025e-04	1.991503e+00
1.015000e-05	2.210747e-03	1.990024e+00
1.016000e-05	2.063399e-03	1.959421e+00
1.017000e-05	1.592875e-03	1.937790e+00
1.018000e-05	-3.573072e-04	1.915759e+00
1.019000e-05	8.510139e-04	1.854209e+00
1.020000e-05	2.000143e-03	1.800950e+00
1.021000e-05	1.499088e-03	1.758366e+00
1.022000e-05	-5.578047e-04	1.778445e+00
1.023000e-05	6.580399e-04	1.696236e+00
1.024000e-05	2.035963e-03	1.704734e+00
1.025000e-05	1.764292e-03	1.622583e+00
1.026000e-05	-2.429632e-04	1.638023e+00
1.027000e-05	-2.743015e-04	1.538896e+00
1.028000e-05	1.807274e-03	1.475663e+00
1.029000e-05	8.205576e-04	1.425109e+00
1.030000e-05	-1.304989e-03	1.420552e+00
1.031000e-05	-1.612725e-03	1.368947e+00
1.032000e-05	-2.396386e-04	1.326893e+00
1.033000e-05	9.200175e-04	1.264742e+00
1.034000e-05	-7.387671e-04	1.252106e+00
1.035000e-05	1.082524e-04	1.223054e+00
1.036000e-05	3.024237e-04	1.189524e+00
1.037000e-05	1.528767e-03	1.116916e+00
1.038000e-05	-1.511280e-03	1.064692e+00
1.039000e-05	-2.155533e-03	1.003152e+00
1.040000e-05	-9.363661e-04	9.509424e-01
1.041000e-05	3.765573e-04	8.936882e-01
1.042000e-05	-1.019895e-03	8.725789e-01
1.043000e-05	-2.332965e-03	8.310513e-01
1.044000e-05	-9.118512e-04	8.199737e-01
1.045000e-05	7.580650e-04	7.983975e-01
1.046000e-05	-3.448804e-04	7.148670e-01
1.047000e-05	-2.111118e-03	6.756330e-01
1.048000e-05	-1.988824e-03	6.117042e-01
1.049000e-05	-7.551149e-04	6.115013e-01
1.050000e-05	-1.793930e-03	5.493911e-01
1.051000e-05	-3.623329e-03	5.264120e-01
1.052000e-05	-1.407092e-03	4.952617e-01
1.053000e-05	-4.098424e-04	4.610789e-01
1.054000e-05	4.563702e-04	4.200288e-01
1.055000e-05	-2.754022e-03	3.890011e-01
1.056000e-05	-2.689342e-03	3.584199e-01
1.057000e-05	-7.555865e-04	2.863648e-01
1.058000e-05	-2.013141e-03	2.637107e-01
1.059000e-05	-3.764915e-03	2.019254e-01
1.060000e-05	-3.825140e-03	1.063834e-01
1.061000e-05	-8.509321e-04	7.360927e-02
1.062000e-05	-6.932799e-04	2.057888e-02
1.063000e-05	-2.804860e-03	1.049900e-02
1.064000e-05	-2.811267e-03	-1.051384e-03
1.065000e-05	-9.163225e-04	-6.065895e-02
1.066000e-05	-7.933858e-04	-8.419073e-02
1.067000e-05	-1.552953e-03	-1.363671e-01
1.068000e-05	-3.530001e-03	-2.079484e-01
1.069000e-05	5.778490e-04	-1.975024e-01
1.070000e-05	-1.579733e-03	-2.411578e-01
1.071000e-05	6.855579e-03	-2.541854e-01
1.072000e-05	1.316756e-02	-3.253407e-01
1.073000e-05	6.522617e-03	-3.268722e-01
1.074000e-05	-2.415759e-02	-3.895763e-01
1.075000e-05	-4.024320e-02	-4.305515e-01
1.076000e-05	3.681670e-02	-4.636777e-01
1.077000e-05	-5.244852e-03	-4.631378e-01
1.078000e-05	7.208899e-03	-5.663246e-01
1.079000e-05	-2.201417e-02	-6.115842e-01
1.080000e-05	4.977429e-02	-7.112143e-01
1.081000e-05	-2.837996e-03	-7.577918e-01
1.082000e-05	-2.477250e-02	-7.674524e-01
1.083000e-05	3.431529e-03	-8.089776e-01
1.084000e-05	-1.363679e-02	-8.210490e-01
1.085000e-05	-1.187045e-02	-8.720877e-01
1.086000e-05	1.019708e-02	-9.052895e-01
1.087000e-05	7.381821e-03	-9.658922e-01
1.088000e-05	-4.060574e-02	-9.799462e-01
1.089000e-05	1.485407e-02	-1.028951e+00
1.090000e-05	1.854036e-02	-1.082184e+00
1.091000e-05	-4.183595e-03	-1.107364e+00
1.092000e-05	-4.300084e-02	-1.165818e+00
1.093000e-05	6.212291e-02	-1.199925e+00
1.094000e-05	-9.944955e-03	-1.241559e+00
1.095000e-05	-1.582563e-02	-1.293754e+00
1.096000e-05	-2.627461e-02	-1.325814e+00
1.097000e-05	2.629877e-02	-1.398549e+00
1.098000e-05	-7.759341e-03	-1.511668e+00
1.099000e-05	-1.124962e-02	-1.546316e+00
1.100000e-05	-2.103737e-02	-1.559423e+00
1.101000e-05	1.374946e-02	-1.620449e+00
1.102000e-05	1.007030e-02	-1.611528e+00
1.103000e-05	-3.482196e-02	-1.633680e+00
1.104000e-05	1.474258e-03	-1.693186e+00
1.105000e-05	5.867809e-03	-1.715317e+00
1.106000e-05	-6.760025e-03	-1.747842e+00
1.107000e-05	-1.573208e-02	-1.798922e+00
1.108000e-05	5.222238e-03	-1.822630e+00
1.109000e-05	-1.724590e-02	-1.852183e+00
1.110000e-05	9.506713e-03	-1.924264e+00
1.111000e-05	-1.337373e-02	-1.936368e+00
1.112000e-05	-1.355076e-02	-1.977896e+00
1.113000e-05	9.711179e-04	-1.999472e+00
1.114000e-05	1.806349e-03	-2.020530e+00
1.115000e-05	-1.643353e-02	-2.021075e+00
1.116000e-05	-3.286500e-03	-2.042133e+00
1.117000e-05	-7.425573e-03	-2.104791e+00
1.118000e-05	5.235455e-04	-2.156496e+00
1.119000e-05	-9.104152e-03	-2.191008e+00
1.120000e-05	-1.293018e-02	-2.263710e+00
1.121000e-05	-2.542777e-03	-2.335343e+00
1.122000e-05	-8.619951e-04	-2.388420e+00
1.123000e-05	-1.123312e-02	-2.379501e+00
1.124000e-05	-1.053019e-02	-2.380026e+00
1.125000e-05	-3.795806e-03	-2.420001e+00
1.126000e-05	-1.806128e-03	-2.474080e+00
1.127000e-05	-8.826625e-03	-2.492241e+00
1.128000e-05	-1.317252e-02	-2.525315e+00
1.129000e-05	-1.514902e-03	-2.557895e+00
1.130000e-05	-6.604688e-03	-2.578476e+00
1.131000e-05	-8.245258e-03	-2.589578e+00
1.132000e-05	-1.283978e-02	-2.653178e+00
1.133000e-05	-4.446369e-03	-2.703660e+00
1.134000e-05	-5.237272e-03	-2.716712e+00
1.135000e-05	-8.213002e-03	-2.737396e+00
1.136000e-05	-1.342380e-02	-2.788446e+00
1.137000e-05	-2.733380e-03	-2.789026e+00
1.138000e-05	-7.629581e-03	-2.790002e+00
1.139000e-05	-6.539587e-03	-2.821528e+00
1.140000e-05	-1.457072e-02	-2.841104e+00
1.141000e-05	-6.341939e-03	-2.843130e+00
1.142000e-05	-6.588384e-03	-2.903337e+00
1.143000e-05	-9.307399e-03	-2.925893e+00
1.144000e-05	-1.245080e-02	-2.989026e+00
1.145000e-05	-7.632572e-03	-3.042151e+00
1.146000e-05	-5.246665e-03	-3.084257e+00
1.147000e-05	-8.555925e-03	-3.134368e+00
1.148000e-05	-1.319400e-02	-3.158317e+00
1.149000e-05	-1.021358e-02	-3.178947e+00
1.150000e-05	-6.010111e-03	-3.189000e+00
1.151000e-05	-1.044384e-02	-3.199553e+00
1.152000e-05	-1.196596e-02	-3.209029e+00
1.153000e-05	-1.170016e-02	-3.241057e+00
1.154000e-05	-5.234568e-03	-3.252654e+00
1.155000e-05	-1.000968e-02	-3.295315e+00
1.156000e-05	-1.233450e-02	-3.303314e+00
1.157000e-05	-1.142101e-02	-3.325289e+00
1.158000e-05	-7.608919e-03	-3.357420e+00
1.159000e-05	-1.044171e-02	-3.367397e+00
1.160000e-05	-1.291167e-02	-3.378496e+00
1.161000e-05	-1.201284e-02	-3.409520e+00
1.162000e-05	-8.252354e-03	-3.420555e+00
1.163000e-05	-1.061371e-02	-3.431576e+00
1.164000e-05	-1.273707e-02	-3.482187e+00
1.165000e-05	-1.252064e-02	-3.501638e+00
1.166000e-05	-9.652167e-03	-3.516708e+00
1.167000e-05	-1.056783e-02	-3.514366e+00
1.168000e-05	-1.337067e-02	-3.568367e+00
1.169000e-05	-1.208154e-02	-3.548374e+00
1.170000e-05	-1.077102e-02	-3.557945e+00
1.171000e-05	-1.067994e-02	-3.578473e+00
1.172000e-05	-1.450730e-02	-3.610001e+00
1.173000e-05	-1.359270e-02	-3.599524e+00
1.174000e-05	-1.097025e-02	-3.600028e+00
1.175000e-05	-1.074738e-02	-3.620501e+00
1.176000e-05	-1.472089e-02	-3.619532e+00
1.177000e-05	-1.373806e-02	-3.631556e+00
1.178000e-05	-1.238421e-02	-3.642055e+00
1.179000e-05	-1.131089e-02	-3.623107e+00
1.180000e-05	-1.555463e-02	-3.673664e+00
1.181000e-05	-1.386080e-02	-3.653635e+00
1.182000e-05	-1.433813e-02	-3.704712e+00
1.183000e-05	-1.116390e-02	-3.745740e+00
1.184000e-05	-1.683941e-02	-3.693811e+00
1.185000e-05	-1.369132e-02	-3.787819e+00
1.186000e-05	-1.446656e-02	-3.767365e+00
1.187000e-05	-1.160565e-02	-3.810475e+00
1.188000e-05	-1.529913e-02	-3.807977e+00
1.189000e-05	-1.568871e-02	-3.850075e+00
1.190000e-05	-1.464177e-02	-3.822108e+00
1.191000e-05	-1.520177e-02	-3.843103e+00
1.192000e-05	-1.613889e-02	-3.882159e+00
1.193000e-05	-1.808591e-02	-3.853033e+00
1.194000e-05	-1.501250e-02	-3.881737e+00
1.195000e-05	-1.472440e-02	-3.873187e+00
1.196000e-05	-1.566222e-02	-3.913216e+00
1.197000e-05	-1.789391e-02	-3.895763e+00
1.198000e-05	-1.738516e-02	-3.885366e+00
1.199000e-05	-1.689319e-02	-3.934790e+00
1.200000e-05	-1.753290e-02	-3.936835e+00
1.201000e-05	-2.003264e-02	-3.936947e+00
1.202000e-05	-1.800521e-02	-3.956791e+00
1.203000e-05	-1.886566e-02	-3.956438e+00
1.204000e-05	-1.830859e-02	-3.946818e+00
1.205000e-05	-1.935725e-02	-3.917815e+00
1.206000e-05	-2.005143e-02	-3.947843e+00
1.207000e-05	-1.798550e-02	-3.955267e+00
1.208000e-05	-1.927684e-02	-3.956866e+00
1.209000e-05	-2.065926e-02	-3.927847e+00
1.210000e-05	-2.133921e-02	-3.938274e+00
1.211000e-05	-2.108826e-02	-3.937340e+00
1.212000e-05	-1.866940e-02	-3.916271e+00
1.213000e-05	-2.201179e-02	-3.957371e+00
1.214000e-05	-2.110940e-02	-3.904365e+00
1.215000e-05	-2.133134e-02	-3.916340e+00
1.216000e-05	-2.030878e-02	-3.847708e+00
1.217000e-05	-2.068779e-02	-3.875865e+00
1.218000e-05	-2.318993e-02	-3.883680e+00
1.219000e-05	-2.183846e-02	-3.894688e+00
1.220000e-05	-2.027391e-02	-3.854240e+00
1.221000e-05	-2.027361e-02	-3.862733e+00
1.222000e-05	-2.225899e-02	-3.823762e+00
1.223000e-05	-2.224899e-02	-3.853061e+00
1.224000e-05	-2.141241e-02	-3.852154e+00
1.225000e-05	-2.099585e-02	-3.821538e+00
1.226000e-05	-2.246241e-02	-3.809975e+00
1.227000e-05	-2.144760e-02	-3.776002e+00
1.228000e-05	-2.050974e-02	-3.807970e+00
1.229000e-05	-1.888623e-02	-3.735897e+00
1.230000e-05	-2.139564e-02	-3.726318e+00
1.231000e-05	-2.142169e-02	-3.675387e+00
1.232000e-05	-2.025726e-02	-3.713739e+00
1.233000e-05	-1.985234e-02	-3.655186e+00
1.234000e-05	-2.040268e-02	-3.631631e+00
1.235000e-05	-2.107989e-02	-3.641130e+00
1.236000e-05	-1.819702e-02	-3.612529e+00
1.237000e-05	-1.764697e-02	-3.631051e+00
1.238000e-05	-1.818525e-02	-3.600528e+00
1.239000e-05	-2.020972e-02	-3.599450e+00
1.240000e-05	-1.797241e-02	-3.599975e+00
1.241000e-05	-1.805628e-02	-3.600478e+00
1.242000e-05	-1.825925e-02	-3.590498e+00
1.243000e-05	-1.966904e-02	-3.598500e+00
1.244000e-05	-1.841034e-02	-3.559947e+00
1.245000e-05	-1.560381e-02	-3.557894e+00
1.246000e-05	-1.614616e-02	-3.556947e+00
1.247000e-05	-1.699989e-02	-3.496342e+00
1.248000e-05	-1.658075e-02	-3.465241e+00
1.249000e-05	-1.467878e-02	-3.505556e+00
1.250000e-05	-1.554050e-02	-3.472232e+00
1.251000e-05	-1.736385e-02	-3.452508e+00
1.252000e-05	-1.661472e-02	-3.410553e+00
1.253000e-05	-1.488484e-02	-3.429501e+00
1.254000e-05	-1.411340e-02	-3.359471e+00
1.255000e-05	-1.479570e-02	-3.358970e+00
1.256000e-05	-1.489000e-02	-3.298343e+00
1.257000e-05	-1.259107e-02	-3.285843e+00
1.258000e-05	-1.245824e-02	-3.295787e+00
1.259000e-05	-1.382330e-02	-3.242208e+00
1.260000e-05	-1.498411e-02	-3.261083e+00
1.261000e-05	-1.327755e-02	-3.241053e+00
1.262000e-05	-1.266596e-02	-3.221025e+00
1.263000e-05	-1.440908e-02	-3.191026e+00
1.264000e-05	-1.321359e-02	-3.199523e+00
1.265000e-05	-1.201220e-02	-3.177425e+00
1.266000e-05	-1.056075e-02	-3.128391e+00
1.267000e-05	-1.159143e-02	-3.124686e+00
1.268000e-05	-1.215601e-02	-3.054707e+00
1.269000e-05	-1.231783e-02	-3.011024e+00
1.270000e-05	-1.194602e-02	-2.930479e+00
1.271000e-05	-1.103412e-02	-2.947339e+00
1.272000e-05	-1.223702e-02	-2.885259e+00
1.273000e-05	-1.188965e-02	-2.843684e+00
1.274000e-05	-9.134127e-03	-2.811553e+00
1.275000e-05	-9.549224e-03	-2.800026e+00
1.276000e-05	-1.029045e-02	-2.799499e+00
1.277000e-05	-1.143051e-02	-2.789952e+00
1.278000e-05	-9.726397e-03	-2.754922e+00
1.279000e-05	-9.773459e-03	-2.737418e+00
1.280000e-05	-1.061851e-02	-2.685366e+00
1.281000e-05	-1.098213e-02	-2.672683e+00
1.282000e-05	-9.899326e-03	-2.621556e+00
1.283000e-05	-8.231393e-03	-2.601550e+00
1.284000e-05	-9.303328e-03	-2.560500e+00
1.285000e-05	-1.033734e-02	-2.555391e+00
1.286000e-05	-9.336197e-03	-2.506241e+00
1.287000e-05	-7.994362e-03	-2.505238e+00
1.288000e-05	-8.384719e-03	-2.464129e+00
1.289000e-05	-8.917824e-03	-2.418628e+00
1.290000e-05	-9.197682e-03	-2.419550e+00
1.291000e-05	-7.692704e-03	-2.397970e+00
1.292000e-05	-8.121151e-03	-2.378397e+00
1.293000e-05	-9.417527e-03	-2.357893e+00
1.294000e-05	-9.260713e-03	-2.252706e+00
1.295000e-05	-7.634210e-03	-2.192051e+00
1.296000e-05	-6.676416e-03	-2.220395e+00
1.297000e-05	-7.648846e-03	-2.124835e+00
1.298000e-05	-7.488968e-03	-2.074111e+00
1.299000e-05	-7.081692e-03	-2.042602e+00
1.300000e-05	-6.355347e-03	-2.012052e+00
1.301000e-05	-8.762380e-03	-1.979976e+00
1.302000e-05	-8.305708e-03	-1.947997e+00
1.303000e-05	-7.499224e-03	-1.916393e+00
1.304000e-05	-6.226789e-03	-1.895188e+00
1.305000e-05	-7.825937e-03	-1.862759e+00
1.306000e-05	-7.318067e-03	-1.821029e+00
1.307000e-05	-6.430368e-03	-1.780000e+00
1.308000e-05	-5.104761e-03	-1.776500e+00
1.309000e-05	-6.915569e-03	-1.707311e+00
1.310000e-05	-8.273552e-03	-1.673759e+00
1.311000e-05	-7.022728e-03	-1.653156e+00
1.312000e-05	-5.595344e-03	-1.603026e+00
1.313000e-05	-6.459399e-03	-1.581503e+00
1.314000e-05	-6.713083e-03	-1.548897e+00
1.315000e-05	-5.981798e-03	-1.526865e+00
1.316000e-05	-5.257918e-03	-1.456179e+00
1.317000e-05	-5.317154e-03	-1.371954e+00
1.318000e-05	-6.274534e-03	-1.328368e+00
1.319000e-05	-5.777406e-03	-1.223737e+00
1.320000e-05	-4.806712e-03	-1.262054e+00
1.321000e-05	-5.221238e-03	-1.209472e+00
1.322000e-05	-6.401046e-03	-1.178920e+00
1.323000e-05	-6.047677e-03	-1.105393e+00
1.324000e-05	-4.387911e-03	-1.083212e+00
1.325000e-05	-4.121510e-03	-1.022180e+00
1.326000e-05	-5.757887e-03	-9.805775e-01
1.327000e-05	-4.973080e-03	-9.684712e-01
1.328000e-05	-4.373323e-03	-9.473657e-01
1.329000e-05	-3.788193e-03	-8.737556e-01
1.330000e-05	-4.872008e-03	-8.530791e-01
1.331000e-05	-5.595757e-03	-8.415763e-01
1.332000e-05	-4.743592e-03	-7.900475e-01
1.333000e-05	-4.117145e-03	-7.499449e-01
1.334000e-05	-5.077627e-03	-7.368408e-01
1.335000e-05	-5.646260e-03	-6.232617e-01
1.336000e-05	-3.829278e-03	-6.015311e-01
1.337000e-05	-2.755426e-03	-5.672935e-01
1.338000e-05	-3.374831e-03	-4.827130e-01
1.339000e-05	-5.047668e-03	-4.216039e-01
1.340000e-05	-3.878597e-03	-4.110763e-01
1.341000e-05	-3.387791e-03	-3.890000e-01
1.342000e-05	-4.084534e-03	-3.489735e-01
1.343000e-05	-5.469976e-03	-3.047707e-01
1.344000e-05	-4.999597e-03	-2.541843e-01
1.345000e-05	-2.852964e-03	-2.316291e-01
1.346000e-05	-2.678622e-03	-2.100513e-01
1.347000e-05	-4.510973e-03	-1.679936e-01
1.348000e-05	-2.910498e-03	-6.731715e-02
1.349000e-05	-1.589851e-03	-9.583814e-02
1.350000e-05	-1.109824e-03	-5.160788e-02
1.351000e-05	-2.766510e-03	-1.200119e-02
1.352000e-05	-2.575572e-03	-2.047500e-02
1.353000e-05	-8.273974e-04	4.202889e-02
1.354000e-05	-1.124771e-03	8.375428e-02
1.355000e-05	-2.256670e-03	1.162907e-01
1.356000e-05	4.303452e-05	1.983222e-01
1.357000e-05	9.583336e-03	2.811352e-01
1.358000e-05	1.461806e-02	3.547146e-01
1.359000e-05	-1.634311e-02	3.673986e-01
1.360000e-05	-2.953101e-02	3.990261e-01
1.361000e-05	1.806074e-03	4.200014e-01
1.362000e-05	1.678469e-02	4.611302e-01
1.363000e-05	6.518761e-03	5.057380e-01
1.364000e-05	-4.367166e-02	5.163420e-01
1.365000e-05	3.768597e-02	5.878438e-01
1.366000e-05	1.568260e-02	6.104525e-01
1.367000e-05	-9.240782e-03	6.626380e-01
1.368000e-05	1.525649e-03	6.557068e-01
1.369000e-05	-2.714892e-02	7.467409e-01
1.370000e-05	3.390781e-02	7.874472e-01
1.371000e-05	-3.569042e-02	7.795236e-01
1.372000e-05	5.395611e-02	8.210525e-01
1.373000e-05	-5.652290e-02	9.022092e-01
1.374000e-05	8.804125e-03	8.937644e-01
1.375000e-05	1.151480e-02	9.584963e-01
1.376000e-05	1.223270e-02	1.031505e+00
1.377000e-05	-3.861162e-02	1.094313e+00
1.378000e-05	8.560107e-03	1.187871e+00
1.379000e-05	3.253276e-02	1.210552e+00
1.380000e-05	-8.723927e-03	1.233029e+00
1.381000e-05	-1.589547e-02	1.223184e+00
1.382000e-05	-3.906418e-03	1.346336e+00
1.383000e-05	2.425821e-02	1.357443e+00
1.384000e-05	-1.402307e-02	1.408924e+00
1.385000e-05	1.562169e-04	1.491583e+00
1.386000e-05	-1.046929e-02	1.534737e+00
1.387000e-05	2.929663e-02	1.547324e+00
1.388000e-05	-1.715950e-02	1.642525e+00
1.389000e-05	2.954037e-03	1.633553e+00
1.390000e-05	-4.732267e-03	1.703189e+00
1.391000e-05	1.111264e-02	1.737788e+00
1.392000e-05	-3.255617e-03	1.767842e+00
1.393000e-05	4.878921e-03	1.790876e+00
1.394000e-05	-7.969018e-03	1.831505e+00
1.395000e-05	6.784854e-03	1.853058e+00
1.396000e-05	6.463009e-03	1.914664e+00
1.397000e-05	-6.366828e-03	1.937845e+00
1.398000e-05	-9.780297e-04	1.988921e+00
1.399000e-05	8.622504e-03	2.009500e+00
1.400000e-05	4.872751e-03	2.021004e+00
1.401000e-05	-4.621965e-03	2.042529e+00
1.402000e-05	1.821389e-03	2.053136e+00
1.403000e-05	1.369538e-03	2.134783e+00
1.404000e-05	5.923359e-03	2.158340e+00
1.405000e-05	-4.308422e-03	2.178901e+00
1.406000e-05	1.416356e-03	2.210526e+00
1.407000e-05	3.593393e-03	2.241074e+00
1.408000e-05	8.290679e-03	2.264132e+00
1.409000e-05	-3.462246e-03	2.325786e+00
1.410000e-05	2.207984e-03	2.336370e+00
1.411000e-05	3.239777e-03	2.380417e+00
1.412000e-05	6.634674e-03	2.398953e+00
1.413000e-05	-3.371525e-03	2.399474e+00
1.414000e-05	2.345421e-03	2.431054e+00
1.415000e-05	1.494209e-03	2.493604e+00
1.416000e-05	7.455560e-03	2.505211e+00
1.417000e-05	-1.643002e-03	2.578841e+00
1.418000e-05	2.372219e-03	2.588600e+00
1.419000e-05	5.565756e-03	2.631637e+00
1.420000e-05	6.806092e-03	2.745211e+00
1.421000e-05	2.815082e-04	2.748369e+00
1.422000e-05	1.190285e-04	2.749420e+00
1.423000e-05	4.332194e-03	2.790424e+00
1.424000e-05	5.205091e-03	2.811476e+00
1.425000e-05	2.772754e-03	2.811529e+00
1.426000e-05	4.677629e-04	2.821103e+00
1.427000e-05	6.701050e-03	2.874159e+00
1.428000e-05	4.929140e-03	2.894265e+00
1.429000e-05	6.718173e-03	2.906316e+00
1.430000e-05	-9.012112e-04	2.967366e+00
1.431000e-05	7.374571e-03	2.968900e+00
1.432000e-05	3.921563e-03	2.980472e+00
1.433000e-05	6.182231e-03	3.011504e+00
1.434000e-05	2.341501e-04	3.032579e+00
1.435000e-05	6.214665e-03	3.094558e+00
1.436000e-05	4.957283e-03	3.086257e+00
1.437000e-05	6.057561e-03	3.086262e+00
1.438000e-05	3.049025e-03	3.156316e+00
1.439000e-05	6.212608e-03	3.139370e+00
1.440000e-05	5.433427e-03	3.189466e+00
1.441000e-05	6.155061e-03	3.177950e+00
1.442000e-05	2.773209e-03	3.199447e+00
1.443000e-05	4.889322e-03	3.230029e+00
1.444000e-05	5.889071e-03	3.221078e+00
1.445000e-05	5.781519e-03	3.242059e+00
1.446000e-05	5.191992e-03	3.263207e+00
1.447000e-05	5.665723e-03	3.315762e+00
1.448000e-05	8.589542e-03	3.338397e+00
1.449000e-05	5.174657e-03	3.386196e+00
1.450000e-05	7.031328e-03	3.339999e+00
1.451000e-05	5.432337e-03	3.411101e+00
1.452000e-05	7.752243e-03	3.463503e+00
1.453000e-05	5.533649e-03	3.483111e+00
1.454000e-05	7.229694e-03	3.495661e+00
1.455000e-05	6.064825e-03	3.535362e+00
1.456000e-05	7.252653e-03	3.557817e+00
1.457000e-05	7.003680e-03	3.528840e+00
1.458000e-05	7.861046e-03	3.578473e+00
1.459000e-05	7.818617e-03	3.599948e+00
1.460000e-05	8.968810e-03	3.609474e+00
1.461000e-05	7.703727e-03	3.599976e+00
1.462000e-05	8.059495e-03	3.590028e+00
1.463000e-05	7.691067e-03	3.601501e+00
1.464000e-05	8.532703e-03	3.610001e+00
1.465000e-05	8.049202e-03	3.612103e+00
1.466000e-05	7.657720e-03	3.621003e+00
1.467000e-05	9.846107e-03	3.642033e+00
1.468000e-05	9.171265e-03	3.632185e+00
1.469000e-05	9.991759e-03	3.682157e+00
1.470000e-05	8.683369e-03	3.683086e+00
1.471000e-05	1.082368e-02	3.653683e+00
1.472000e-05	1.051403e-02	3.726762e+00
1.473000e-05	8.630190e-03	3.695734e+00
1.474000e-05	9.005890e-03	3.745788e+00
1.475000e-05	9.733506e-03	3.686767e+00
1.476000e-05	1.087020e-02	3.766892e+00
1.477000e-05	9.386664e-03	3.736287e+00
1.478000e-05	1.114407e-02	3.777946e+00
1.479000e-05	1.315001e-02	3.767867e+00
1.480000e-05	1.253540e-02	3.787420e+00
1.481000e-05	1.147589e-02	3.747920e+00
1.482000e-05	9.783765e-03	3.758896e+00
1.483000e-05	1.211978e-02	3.768922e+00
1.484000e-05	1.204587e-02	3.778946e+00
1.485000e-05	1.148522e-02	3.787974e+00
1.486000e-05	1.265296e-02	3.768870e+00
1.487000e-05	1.471904e-02	3.789972e+00
1.488000e-05	1.585064e-02	3.789371e+00
1.489000e-05	1.504855e-02	3.780524e+00
1.490000e-05	1.205197e-02	3.789452e+00
1.491000e-05	1.369005e-02	3.770497e+00
1.492000e-05	1.382546e-02	3.789975e+00
1.493000e-05	1.460025e-02	3.789874e+00
1.494000e-05	1.448208e-02	3.788450e+00
1.495000e-05	1.652358e-02	3.799942e+00
1.496000e-05	1.665308e-02	3.779524e+00
1.497000e-05	1.700846e-02	3.790424e+00
1.498000e-05	1.457165e-02	3.748421e+00
1.499000e-05	1.616830e-02	3.788944e+00
1.500000e-05	1.587042e-02	3.769449e+00
1.501000e-05	1.660638e-02	3.767944e+00
1.502000e-05	1.519755e-02	3.738395e+00
1.503000e-05	1.678605e-02	3.769316e+00
1.504000e-05	1.748751e-02	3.768421e+00
1.505000e-05	1.674877e-02	3.737292e+00
1.506000e-05	1.587083e-02	3.749315e+00
1.507000e-05	1.463072e-02	3.747341e+00
1.508000e-05	1.662038e-02	3.727288e+00
1.509000e-05	1.749979e-02	3.694811e+00
1.510000e-05	1.568593e-02	3.734764e+00
1.511000e-05	1.561008e-02	3.664736e+00
1.512000e-05	1.698473e-02	3.684733e+00
1.513000e-05	1.768362e-02	3.672603e+00
1.514000e-05	1.428287e-02	3.705659e+00
1.515000e-05	1.413989e-02	3.642080e+00
1.516000e-05	1.450341e-02	3.652656e+00
1.517000e-05	1.563744e-02	3.620554e+00
1.518000e-05	1.456604e-02	3.613527e+00
1.519000e-05	1.416710e-02	3.611526e+00
1.520000e-05	1.596098e-02	3.601050e+00
1.521000e-05	1.570130e-02	3.600501e+00
1.522000e-05	1.365311e-02	3.600001e+00
1.523000e-05	1.159675e-02	3.589976e+00
1.524000e-05	1.253912e-02	3.599924e+00
1.525000e-05	1.308592e-02	3.588899e+00
1.526000e-05	1.324008e-02	3.579446e+00
1.527000e-05	1.113856e-02	3.557895e+00
1.528000e-05	1.288206e-02	3.558363e+00
1.529000e-05	1.377675e-02	3.525192e+00
1.530000e-05	1.359567e-02	3.525735e+00
1.531000e-05	1.004408e-02	3.443085e+00
1.532000e-05	9.962585e-03	3.442083e+00
1.533000e-05	1.179983e-02	3.412519e+00
1.534000e-05	1.093702e-02	3.397871e+00
1.535000e-05	9.131729e-03	3.327745e+00
1.536000e-05	8.410991e-03	3.254312e+00
1.537000e-05	1.126254e-02	3.264634e+00
1.538000e-05	9.981794e-03	3.221578e+00
1.539000e-05	8.917721e-03	3.222554e+00
1.540000e-05	8.604589e-03	3.220126e+00
1.541000e-05	9.808894e-03	3.210524e+00
1.542000e-05	1.011897e-02	3.170001e+00
1.543000e-05	6.934357e-03	3.199474e+00
1.544000e-05	6.628465e-03	3.168374e+00
1.545000e-05	8.466449e-03	3.138421e+00
1.546000e-05	8.841008e-03	3.106738e+00
1.547000e-05	7.539664e-03	3.105213e+00
1.548000e-05	6.242463e-03	3.033579e+00
1.549000e-05	7.550122e-03	3.032530e+00
1.550000e-05	9.005419e-03	3.020076e+00
1.551000e-05	7.181065e-03	2.969925e+00
1.552000e-05	5.541318e-03	2.940495e+00
1.553000e-05	5.964944e-03	2.979396e+00
1.554000e-05	6.555802e-03	2.965265e+00
1.555000e-05	6.610423e-03	2.865213e+00
1.556000e-05	4.642288e-03	2.883182e+00
1.557000e-05	4.863040e-03	2.853104e+00
1.558000e-05	7.389545e-03	2.811104e+00
1.559000e-05	6.787584e-03	2.802004e+00
1.560000e-05	5.084056e-03	2.810499e+00
1.561000e-05	3.369674e-03	2.767472e+00
1.562000e-05	5.818971e-03	2.748448e+00
1.563000e-05	6.167806e-03	2.726816e+00
1.564000e-05	3.795258e-03	2.693134e+00
1.565000e-05	3.702917e-03	2.632125e+00
1.566000e-05	3.704744e-03	2.620021e+00
1.567000e-05	6.775713e-03	2.485232e+00
1.568000e-05	3.530558e-03	2.483185e+00
1.569000e-05	2.730255e-03	2.432658e+00
1.570000e-05	4.283651e-03	2.422079e+00
1.571000e-05	6.078673e-03	2.400496e+00
1.572000e-05	3.704095e-03	2.408900e+00
1.573000e-05	1.460547e-03	2.368392e+00
1.574000e-05	2.761463e-03	2.345866e+00
1.575000e-05	5.098138e-03	2.254180e+00
1.576000e-05	1.836880e-03	2.221635e+00
1.577000e-05	1.643294e-03	2.201026e+00
1.578000e-05	2.686819e-03	2.208976e+00
1.579000e-05	4.552284e-03	2.167992e+00
1.580000e-05	3.210603e-03	2.117768e+00
1.581000e-05	1.987998e-03	2.064711e+00
1.582000e-05	1.087117e-03	2.053632e+00
1.583000e-05	3.449029e-03	2.041054e+00
1.584000e-05	1.985521e-03	1.990501e+00
1.585000e-05	9.084016e-04	1.987999e+00
1.586000e-05	-5.618799e-04	1.987420e+00
1.587000e-05	2.442807e-03	1.937342e+00
1.588000e-05	2.720438e-03	1.854707e+00
1.589000e-05	1.764638e-03	1.813056e+00
1.590000e-05	7.472821e-04	1.808494e+00
1.591000e-05	1.968622e-03	1.718421e+00
1.592000e-05	2.251302e-03	1.709336e+00
1.593000e-05	1.732579e-04	1.754141e+00
1.594000e-05	-1.110140e-03	1.633633e+00
1.595000e-05	7.890215e-04	1.591677e+00
1.596000e-05	1.827511e-03	1.549001e+00
1.597000e-05	4.953029e-04	1.456863e+00
1.598000e-05	-5.380383e-04	1.445605e+00
1.599000e-05	1.540764e-03	1.420577e+00
1.600000e-05	1.843526e-03	1.390472e+00
1.601000e-05	3.208225e-04	1.369466e+00
1.602000e-05	-5.832956e-04	1.307365e+00
1.603000e-05	-6.765300e-04	1.265211e+00
1.604000e-05	4.660801e-04	1.223108e+00
1.605000e-05	-1.538342e-03	1.221049e+00
1.606000e-05	-6.261489e-04	1.138941e+00
1.607000e-05	-1.342088e-03	1.115743e+00
1.608000e-05	7.701683e-04	1.054152e+00
1.609000e-05	-7.276261e-04	1.020942e+00
1.610000e-05	-1.243800e-03	9.353409e-01
1.611000e-05	-2.264494e-03	8.426605e-01
1.612000e-05	-7.404823e-04	8.226038e-01
1.613000e-05	-2.406587e-04	7.995238e-01
1.614000e-05	-1.665057e-03	7.783973e-01
1.615000e-05	-2.227582e-03	7.383896e-01
1.616000e-05	-1.255265e-03	7.272869e-01
1.617000e-05	-1.642987e-04	6.351816e-01
1.618000e-05	-1.856936e-03	6.305015e-01
1.619000e-05	-3.186657e-03	5.889251e-01
1.620000e-05	-1.466012e-03	5.393384e-01
1.621000e-05	-8.367882e-04	4.843122e-01
1.622000e-05	-1.996549e-03	4.326565e-01
1.623000e-05	-1.706369e-03	4.306027e-01
1.624000e-05	-2.130001e-03	4.095001e-01
1.625000e-05	-9.712087e-04	3.784749e-01
1.626000e-05	-2.623578e-03	3.498686e-01
1.627000e-05	-3.076970e-03	2.463119e-01
1.628000e-05	-5.063952e-03	2.616503e-01
1.629000e-05	-1.738730e-03	1.204249e-01
1.630000e-05	-1.706716e-03	1.072380e-01
1.631000e-05	-1.812111e-03	7.205401e-02
1.632000e-05	-1.836542e-03	2.627685e-03
1.633000e-05	-1.269302e-03	-1.501128e-03
1.634000e-05	1.011760e-03	-2.213152e-02
1.635000e-05	-3.991712e-03	-9.168528e-02
1.636000e-05	-5.032004e-03	-1.163371e-01
1.637000e-05	-2.541728e-03	-1.563458e-01
1.638000e-05	-1.601153e-03	-1.894461e-01
1.639000e-05	-1.420976e-03	-2.210488e-01
1.640000e-05	-3.505235e-04	-2.855817e-01
1.641000e-05	1.389265e-02	-2.727369e-01
1.642000e-05	1.892101e-02	-3.378646e-01
1.643000e-05	-1.231986e-02	-3.984474e-01
1.644000e-05	-4.273181e-02	-4.199764e-01
1.645000e-05	5.732087e-03	-4.106291e-01
1.646000e-05	8.456322e-03	-4.532028e-01
1.647000e-05	1.841331e-02	-5.337616e-01
1.648000e-05	-3.667076e-02	-6.379763e-01
1.649000e-05	3.956020e-02	-6.312593e-01
1.650000e-05	2.367511e-02	-6.658307e-01
1.651000e-05	-9.215740e-03	-7.543431e-01
1.652000e-05	-5.005033e-03	-7.989501e-01
1.653000e-05	-2.545409e-02	-7.900501e-01
1.654000e-05	2.602194e-02	-8.410313e-01
1.655000e-05	-4.512348e-02	-8.921104e-01
1.656000e-05	5.592641e-02	-9.478197e-01
1.657000e-05	-5.804744e-02	-9.384435e-01
1.658000e-05	-4.087224e-03	-1.029970e+00
1.659000e-05	1.349188e-02	-1.020556e+00
1.660000e-05	1.503195e-02	-1.082711e+00
1.661000e-05	-3.845843e-02	-1.106416e+00
1.662000e-05	6.475827e-03	-1.158320e+00
1.663000e-05	4.474846e-02	-1.169004e+00
1.664000e-05	-2.144774e-02	-1.281234e+00
1.665000e-05	-2.277599e-02	-1.325263e+00
1.666000e-05	-6.455782e-03	-1.413814e+00
1.667000e-05	2.620512e-02	-1.471909e+00
1.668000e-05	-2.263839e-02	-1.524318e+00
1.669000e-05	-9.520016e-03	-1.558393e+00
1.670000e-05	-1.763079e-02	-1.588975e+00
1.671000e-05	3.382068e-02	-1.599974e+00
1.672000e-05	-2.419333e-02	-1.642004e+00
1.673000e-05	-1.892361e-02	-1.663684e+00
1.674000e-05	5.077730e-03	-1.704717e+00
1.675000e-05	8.262601e-03	-1.736342e+00
1.676000e-05	-1.818977e-02	-1.767472e+00
1.677000e-05	-2.940977e-03	-1.810499e+00
1.678000e-05	-7.683627e-03	-1.851584e+00
1.679000e-05	-4.833849e-03	-1.882612e+00
1.680000e-05	5.165127e-03	-1.946368e+00
1.681000e-05	-2.023690e-02	-1.946745e+00
1.682000e-05	-7.046741e-03	-1.999375e+00
1.683000e-05	7.499902e-03	-1.979474e+00
1.684000e-05	-6.287441e-03	-2.041030e+00
1.685000e-05	-1.591297e-02	-2.030629e+00
1.686000e-05	-5.461483e-03	-2.086158e+00
1.687000e-05	-4.912911e-03	-2.154768e+00
1.688000e-05	6.161565e-04	-2.219979e+00
1.689000e-05	-1.644866e-02	-2.240638e+00
1.690000e-05	-8.522563e-03	-2.306863e+00
1.691000e-05	2.127301e-03	-2.337267e+00
1.692000e-05	-2.413653e-03	-2.358950e+00
1.693000e-05	-1.551844e-02	-2.409975e+00
1.694000e-05	-8.119088e-03	-2.422058e+00
1.695000e-05	-3.682008e-03	-2.440054e+00
1.696000e-05	-1.324822e-03	-2.483109e+00
1.697000e-05	-1.586379e-02	-2.495313e+00
1.698000e-05	-7.796307e-03	-2.544818e+00
1.699000e-05	-3.766728e-03	-2.589346e+00
1.700000e-05	-3.912555e-03	-2.608501e+00
1.701000e-05	-1.103000e-02	-2.631554e+00
1.702000e-05	-1.069111e-02	-2.702609e+00
1.703000e-05	-3.529361e-03	-2.734208e+00
1.704000e-05	-3.087410e-03	-2.726268e+00
1.705000e-05	-1.324012e-02	-2.777421e+00
1.706000e-05	-1.130914e-02	-2.768446e+00
1.707000e-05	-4.749388e-03	-2.799523e+00
1.708000e-05	-6.325957e-03	-2.809504e+00
1.709000e-05	-7.768417e-03	-2.851606e+00
1.710000e-05	-1.360808e-02	-2.832610e+00
1.711000e-05	-2.455090e-03	-2.893763e+00
1.712000e-05	-7.694705e-03	-2.914842e+00
1.713000e-05	-8.406323e-03	-2.958417e+00
1.714000e-05	-1.371273e-02	-3.050450e+00
1.715000e-05	-6.268319e-03	-3.022135e+00
1.716000e-05	-8.896208e-03	-3.024767e+00
1.717000e-05	-8.448593e-03	-3.153870e+00
1.718000e-05	-1.361598e-02	-3.148399e+00
1.719000e-05	-7.353875e-03	-3.178999e+00
1.720000e-05	-7.615110e-03	-3.179503e+00
1.721000e-05	-9.446802e-03	-3.209505e+00
1.722000e-05	-1.191755e-02	-3.221578e+00
1.723000e-05	-8.881978e-03	-3.221106e+00
1.724000e-05	-7.579441e-03	-3.242654e+00
1.725000e-05	-1.059775e-02	-3.284689e+00
1.726000e-05	-1.219434e-02	-3.334241e+00
1.727000e-05	-1.081506e-02	-3.375770e+00
1.728000e-05	-9.234416e-03	-3.356344e+00
1.729000e-05	-1.006431e-02	-3.399426e+00
1.730000e-05	-1.204826e-02	-3.409976e+00
1.731000e-05	-1.081410e-02	-3.410003e+00
1.732000e-05	-8.363373e-03	-3.422553e+00
1.733000e-05	-1.090075e-02	-3.442559e+00
1.734000e-05	-1.177312e-02	-3.473713e+00
1.735000e-05	-1.292068e-02	-3.484791e+00
1.736000e-05	-1.014017e-02	-3.494818e+00
1.737000e-05	-1.081096e-02	-3.535745e+00
1.738000e-05	-1.216879e-02	-3.554916e+00
1.739000e-05	-1.223141e-02	-3.546899e+00
1.740000e-05	-1.077503e-02	-3.578921e+00
1.741000e-05	-1.136303e-02	-3.579925e+00
1.742000e-05	-1.295647e-02	-3.580498e+00
1.743000e-05	-1.290194e-02	-3.589500e+00
1.744000e-05	-1.188284e-02	-3.599974e+00
1.745000e-05	-1.281068e-02	-3.610528e+00
1.746000e-05	-1.317940e-02	-3.610054e+00
1.747000e-05	-1.429474e-02	-3.621078e+00
1.748000e-05	-1.358550e-02	-3.661084e+00
1.749000e-05	-1.295312e-02	-3.660983e+00
1.750000e-05	-1.342487e-02	-3.663659e+00
1.751000e-05	-1.317514e-02	-3.685210e+00
1.752000e-05	-1.376747e-02	-3.714218e+00
1.753000e-05	-1.277414e-02	-3.756217e+00
1.754000e-05	-1.392501e-02	-3.736871e+00
1.755000e-05	-1.484747e-02	-3.777413e+00
1.756000e-05	-1.543205e-02	-3.790348e+00
1.757000e-05	-1.563550e-02	-3.769997e+00
1.758000e-05	-1.446690e-02	-3.779950e+00
1.759000e-05	-1.481395e-02	-3.830953e+00
1.760000e-05	-1.483919e-02	-3.842128e+00
1.761000e-05	-1.462905e-02	-3.900730e+00
1.762000e-05	-1.490264e-02	-3.879680e+00
1.763000e-05	-1.641382e-02	-3.893182e+00
1.764000e-05	-1.628508e-02	-3.844203e+00
1.765000e-05	-1.635079e-02	-3.912662e+00
1.766000e-05	-1.606109e-02	-3.944340e+00
1.767000e-05	-1.761143e-02	-3.895911e+00
1.768000e-05	-1.769006e-02	-3.903709e+00
1.769000e-05	-1.841778e-02	-3.956262e+00
1.770000e-05	-1.741186e-02	-3.915865e+00
1.771000e-05	-1.804261e-02	-3.915416e+00
1.772000e-05	-1.686158e-02	-3.935795e+00
1.773000e-05	-1.936316e-02	-3.905842e+00
1.774000e-05	-1.677904e-02	-3.917770e+00
1.775000e-05	-1.973994e-02	-3.916868e+00
1.776000e-05	-1.949666e-02	-3.948268e+00
1.777000e-05	-2.124529e-02	-3.936367e+00
1.778000e-05	-1.979731e-02	-3.965843e+00
1.779000e-05	-1.929240e-02	-3.927419e+00
1.780000e-05	-1.893651e-02	-3.917417e+00
1.781000e-05	-2.055451e-02	-3.936290e+00
1.782000e-05	-2.008121e-02	-3.966438e+00
1.783000e-05	-2.016081e-02	-3.894818e+00
1.784000e-05	-2.056474e-02	-3.926816e+00
1.785000e-05	-2.206737e-02	-3.907244e+00
1.786000e-05	-2.260495e-02	-3.885789e+00
1.787000e-05	-2.182770e-02	-3.914791e+00
1.788000e-05	-2.033590e-02	-3.925783e+00
1.789000e-05	-2.181462e-02	-3.881812e+00
1.790000e-05	-2.014355e-02	-3.875159e+00
1.791000e-05	-2.073164e-02	-3.853659e+00
1.792000e-05	-1.969174e-02	-3.843088e+00
1.793000e-05	-2.149918e-02	-3.869552e+00
1.794000e-05	-2.237417e-02	-3.831558e+00
1.795000e-05	-2.220370e-02	-3.780497e+00
1.796000e-05	-2.072844e-02	-3.827550e+00
1.797000e-05	-2.096207e-02	-3.787392e+00
1.798000e-05	-2.041113e-02	-3.737496e+00
1.799000e-05	-2.190812e-02	-3.746265e+00
1.800000e-05	-2.000764e-02	-3.726361e+00
1.801000e-05	-1.899345e-02	-3.683758e+00
1.802000e-05	-2.007933e-02	-3.693108e+00
1.803000e-05	-2.075071e-02	-3.642134e+00
1.804000e-05	-1.879334e-02	-3.621583e+00
1.805000e-05	-1.956350e-02	-3.621578e+00
1.806000e-05	-1.955429e-02	-3.610557e+00
1.807000e-05	-1.965907e-02	-3.610054e+00
1.808000e-05	-1.920155e-02	-3.611551e+00
1.809000e-05	-1.729459e-02	-3.609450e+00
1.810000e-05	-1.973854e-02	-3.599949e+00
1.811000e-05	-1.829109e-02	-3.589975e+00
1.812000e-05	-1.759714e-02	-3.578974e+00
1.813000e-05	-1.564282e-02	-3.598971e+00
1.814000e-05	-1.890619e-02	-3.589424e+00
1.815000e-05	-1.781164e-02	-3.568845e+00
1.816000e-05	-1.682093e-02	-3.537345e+00
1.817000e-05	-1.591889e-02	-3.506242e+00
1.818000e-05	-1.661127e-02	-3.504212e+00
1.819000e-05	-1.645766e-02	-3.442682e+00
1.820000e-05	-1.498338e-02	-3.422133e+00
1.821000e-05	-1.533359e-02	-3.431979e+00
1.822000e-05	-1.516723e-02	-3.402053e+00
1.823000e-05	-1.728935e-02	-3.369499e+00
1.824000e-05	-1.340768e-02	-3.387974e+00
1.825000e-05	-1.319640e-02	-3.369447e+00
1.826000e-05	-1.412627e-02	-3.337366e+00
1.827000e-05	-1.491205e-02	-3.265762e+00
1.828000e-05	-1.388957e-02	-3.283664e+00
1.829000e-05	-1.376454e-02	-3.242654e+00
1.830000e-05	-1.470900e-02	-3.243151e+00
1.831000e-05	-1.399001e-02	-3.210549e+00
1.832000e-05	-1.319165e-02	-3.180526e+00
1.833000e-05	-1.111209e-02	-3.178999e+00
1.834000e-05	-1.224600e-02	-3.169499e+00
1.835000e-05	-1.212311e-02	-3.146895e+00
1.836000e-05	-1.373842e-02	-3.125763e+00
1.837000e-05	-1.244148e-02	-3.075710e+00
1.838000e-05	-1.236573e-02	-3.051661e+00
1.839000e-05	-1.235690e-02	-2.959601e+00
1.840000e-05	-1.168695e-02	-2.977897e+00
1.841000e-05	-9.826573e-03	-2.886762e+00
1.842000e-05	-8.462372e-03	-2.844839e+00
1.843000e-05	-1.063449e-02	-2.852554e+00
1.844000e-05	-1.161773e-02	-2.841578e+00
1.845000e-05	-1.336063e-02	-2.800526e+00
1.846000e-05	-8.494391e-03	-2.788500e+00
1.847000e-05	-1.124137e-02	-2.778947e+00
1.848000e-05	-1.035623e-02	-2.748892e+00
1.849000e-05	-9.908695e-03	-2.715290e+00
1.850000e-05	-6.783805e-03	-2.645312e+00
1.851000e-05	-9.575859e-03	-2.653183e+00
1.852000e-05	-1.106285e-02	-2.632103e+00
1.853000e-05	-1.174028e-02	-2.579053e+00
1.854000e-05	-8.117199e-03	-2.567896e+00
1.855000e-05	-8.866055e-03	-2.497367e+00
1.856000e-05	-8.332974e-03	-2.536236e+00
1.857000e-05	-7.829323e-03	-2.450760e+00
1.858000e-05	-7.836066e-03	-2.431606e+00
1.859000e-05	-8.943285e-03	-2.420501e+00
1.860000e-05	-1.011131e-02	-2.398949e+00
1.861000e-05	-9.702413e-03	-2.378946e+00
1.862000e-05	-8.620576e-03	-2.386895e+00
1.863000e-05	-8.347912e-03	-2.313792e+00
1.864000e-05	-7.974223e-03	-2.254680e+00
1.865000e-05	-6.268408e-03	-2.179021e+00
1.866000e-05	-6.691085e-03	-2.158492e+00
1.867000e-05	-6.864351e-03	-2.105311e+00
1.868000e-05	-8.794064e-03	-2.023155e+00
1.869000e-05	-9.248804e-03	-1.992574e+00
1.870000e-05	-8.471614e-03	-2.002551e+00
1.871000e-05	-7.612796e-03	-1.978022e+00
1.872000e-05	-6.332638e-03	-1.959871e+00
1.873000e-05	-4.768459e-03	-1.935343e+00
1.874000e-05	-4.878271e-03	-1.875333e+00
1.875000e-05	-5.763776e-03	-1.842129e+00
1.876000e-05	-8.345084e-03	-1.821978e+00
1.877000e-05	-9.131716e-03	-1.760997e+00
1.878000e-05	-7.553604e-03	-1.758419e+00
1.879000e-05	-7.061543e-03	-1.736337e+00
1.880000e-05	-5.262731e-03	-1.693184e+00
1.881000e-05	-5.116651e-03	-1.633079e+00
1.882000e-05	-4.674625e-03	-1.601004e+00
1.883000e-05	-5.305152e-03	-1.598025e+00
1.884000e-05	-6.430124e-03	-1.557919e+00
1.885000e-05	-7.376755e-03	-1.484337e+00
1.886000e-05	-6.635973e-03	-1.452578e+00
1.887000e-05	-6.306491e-03	-1.359048e+00
1.888000e-05	-4.664416e-03	-1.306439e+00
1.889000e-05	-5.892963e-03	-1.283259e+00
1.890000e-05	-5.129531e-03	-1.222999e+00
1.891000e-05	-4.986458e-03	-1.189500e+00
1.892000e-05	-3.883408e-03	-1.126442e+00
1.893000e-05	-4.857366e-03	-1.095784e+00
1.894000e-05	-4.905514e-03	-1.064609e+00
1.895000e-05	-5.603519e-03	-1.052055e+00
1.896000e-05	-5.295678e-03	-1.010974e+00
1.897000e-05	-5.369610e-03	-9.484460e-01
1.898000e-05	-6.012979e-03	-9.258158e-01
1.899000e-05	-4.759725e-03	-8.746803e-01
1.900000e-05	-3.765749e-03	-8.316278e-01
1.901000e-05	-2.339197e-03	-8.110752e-01
1.902000e-05	-3.888306e-03	-7.990000e-01
1.903000e-05	-4.194677e-03	-7.458737e-01
1.904000e-05	-3.823615e-03	-7.473120e-01
1.905000e-05	-5.530889e-03	-6.230040e-01
1.906000e-05	-5.478695e-03	-5.619540e-01
1.907000e-05	-5.066130e-03	-5.282647e-01
1.908000e-05	-2.049717e-03	-4.531566e-01
1.909000e-05	-2.313883e-03	-4.305527e-01
1.910000e-05	-4.609153e-03	-4.000011e-01
1.911000e-05	-4.037841e-03	-3.894949e-01
1.912000e-05	-3.467275e-03	-3.479397e-01
1.913000e-05	-3.521633e-03	-3.063670e-01
1.914000e-05	-4.534990e-03	-2.737567e-01
1.915000e-05	-4.068594e-03	-2.320527e-01
1.916000e-05	-1.992562e-03	-1.810512e-01
1.917000e-05	-2.050676e-03	-1.064198e-01
1.918000e-05	-3.365777e-03	-1.352643e-01
1.919000e-05	-2.883226e-03	-4.265926e-02
1.920000e-05	-2.113197e-03	-4.200401e-02
1.921000e-05	-3.618812e-04	-1.498747e-03
1.922000e-05	-1.902741e-03	-8.497490e-03
1.923000e-05	-1.531857e-03	3.415515e-02
1.924000e-05	-1.256844e-03	1.346853e-01
1.925000e-05	6.694589e-04	1.483195e-01
1.926000e-05	6.034093e-03	2.200788e-01
1.927000e-05	1.113753e-02	2.936827e-01
1.928000e-05	4.355647e-03	3.473982e-01
1.929000e-05	-2.505283e-02	3.785212e-01
1.930000e-05	-3.225871e-02	3.999763e-01
1.931000e-05	3.280259e-02	4.210764e-01
1.932000e-05	-7.756433e-03	4.415878e-01
1.933000e-05	7.134969e-03	5.452394e-01
1.934000e-05	-3.443475e-02	5.473909e-01
1.935000e-05	4.887106e-02	6.199487e-01
1.936000e-05	1.513046e-03	6.515066e-01
1.937000e-05	-1.725944e-02	6.422029e-01
1.938000e-05	3.528465e-03	7.136871e-01
1.939000e-05	-1.398521e-02	7.368933e-01
1.940000e-05	3.770114e-03	7.879213e-01
1.941000e-05	1.245820e-02	8.420002e-01
1.942000e-05	4.719892e-03	8.415764e-01
1.943000e-05	-2.761290e-02	9.347606e-01
1.944000e-05	1.021549e-02	9.578234e-01
1.945000e-05	2.297273e-02	9.884965e-01
1.946000e-05	-6.385333e-03	1.040788e+00
1.947000e-05	-4.315859e-02	1.125242e+00
1.948000e-05	4.036746e-02	1.177421e+00
1.949000e-05	1.682805e-03	1.241548e+00
1.950000e-05	-2.171397e-03	1.241580e+00
1.951000e-05	-2.571254e-02	1.304289e+00
1.952000e-05	2.218650e-02	1.327364e+00
1.953000e-05	3.869564e-03	1.408972e+00
1.954000e-05	-3.948060e-03	1.380477e+00
1.955000e-05	-1.128400e-02	1.452059e+00
1.956000e-05	1.071187e-02	1.463788e+00
1.957000e-05	1.202659e-02	1.597017e+00
1.958000e-05	-1.278428e-02	1.611510e+00
1.959000e-05	1.425227e-03	1.654162e+00
1.960000e-05	3.048691e-04	1.704714e+00
1.961000e-05	8.204612e-03	1.715891e+00
1.962000e-05	-3.298194e-03	1.777376e+00
1.963000e-05	4.551509e-03	1.820525e+00
1.964000e-05	-9.902439e-03	1.851630e+00
1.965000e-05	1.658611e-02	1.892688e+00
1.966000e-05	-4.702923e-03	1.875766e+00
1.967000e-05	-3.082689e-03	1.938446e+00
1.968000e-05	-1.588709e-03	1.998949e+00
1.969000e-05	1.346945e-02	1.989502e+00
1.970000e-05	-3.908612e-03	2.030580e+00
1.971000e-05	1.880023e-03	2.042554e+00
1.972000e-05	-4.081520e-04	2.076214e+00
1.973000e-05	8.085874e-03	2.105339e+00
1.974000e-05	3.316650e-04	2.156895e+00
1.975000e-05	-2.375273e-03	2.208924e+00
1.976000e-05	2.905236e-04	2.190079e+00
1.977000e-05	6.783972e-03	2.242156e+00
1.978000e-05	3.145292e-03	2.283687e+00
1.979000e-05	-2.701303e-03	2.346238e+00
1.980000e-05	5.402422e-03	2.337268e+00
1.981000e-05	6.407740e-03	2.408422e+00
1.982000e-05	3.222422e-03	2.399425e+00
1.983000e-05	-3.173929e-03	2.422075e+00
1.984000e-05	3.253720e-03	2.442055e+00
1.985000e-05	3.693522e-03	2.492684e+00
1.986000e-05	5.206679e-03	2.486267e+00
1.987000e-05	-2.376162e-03	2.567871e+00
1.988000e-05	5.948951e-03	2.620633e+00
1.989000e-05	6.121019e-03	2.675185e+00
1.990000e-05	5.156173e-03	2.724913e+00
1.991000e-05	-1.793655e-03	2.747370e+00
1.992000e-05	2.827314e-03	2.757395e+00
1.993000e-05	3.844646e-03	2.778998e+00
1.994000e-05	4.788794e-03	2.799026e+00
1.995000e-05	8.558438e-04	2.831005e+00
1.996000e-05	4.479414e-03	2.831582e+00
1.997000e-05	7.044796e-03	2.884185e+00
1.998000e-05	5.130469e-03	2.935287e+00
1.999000e-05	1.372462e-03	2.955267e+00
2.000000e-05	1.992115e-03	2.967345e+00
2.001000e-05	5.576796e-03	2.980877e+00
2.002000e-05	3.900978e-03	2.990054e+00
2.003000e-05	2.918081e-03	3.011026e+00
2.004000e-05	2.801110e-03	3.021554e+00
2.005000e-05	9.109342e-03	3.124160e+00
2.006000e-05	5.720121e-03	3.123187e+00
2.007000e-05	5.147913e-03	3.115717e+00
2.008000e-05	1.532040e-03	3.137821e+00
2.009000e-05	6.999930e-03	3.159441e+00
2.010000e-05	4.617591e-03	3.188499e+00
2.011000e-05	3.356088e-03	3.190975e+00
2.012000e-05	2.579278e-03	3.199449e+00
2.013000e-05	8.477834e-03	3.220526e+00
2.014000e-05	8.008625e-03	3.212507e+00
2.015000e-05	6.188397e-03	3.222579e+00
2.016000e-05	3.361756e-03	3.281684e+00
2.017000e-05	7.423966e-03	3.305188e+00
2.018000e-05	7.014530e-03	3.327745e+00
2.019000e-05	4.643842e-03	3.390390e+00
2.020000e-05	4.082403e-03	3.389323e+00
2.021000e-05	8.628630e-03	3.411980e+00
2.022000e-05	8.389671e-03	3.493180e+00
2.023000e-05	6.040024e-03	3.474712e+00
2.024000e-05	6.197881e-03	3.523793e+00
2.025000e-05	7.385699e-03	3.525889e+00
2.026000e-05	9.267734e-03	3.548865e+00
2.027000e-05	5.829771e-03	3.579424e+00
2.028000e-05	5.922493e-03	3.587923e+00
2.029000e-05	6.493593e-03	3.599975e+00
2.030000e-05	9.939655e-03	3.599500e+00
2.031000e-05	7.346249e-03	3.599525e+00
2.032000e-05	7.623657e-03	3.619475e+00
2.033000e-05	8.320794e-03	3.610001e+00
2.034000e-05	1.064267e-02	3.611030e+00
2.035000e-05	7.559710e-03	3.630128e+00
2.036000e-05	7.961697e-03	3.661080e+00
2.037000e-05	8.190780e-03	3.662584e+00
2.038000e-05	1.097864e-02	3.662134e+00
2.039000e-05	1.012770e-02	3.663607e+00
2.040000e-05	6.892004e-03	3.684760e+00
2.041000e-05	9.877528e-03	3.664784e+00
2.042000e-05	9.824029e-03	3.705263e+00
2.043000e-05	1.149814e-02	3.724790e+00
2.044000e-05	8.297392e-03	3.725313e+00
2.045000e-05	1.088446e-02	3.765817e+00
2.046000e-05	1.239769e-02	3.746368e+00
2.047000e-05	1.220074e-02	3.746847e+00
2.048000e-05	9.563014e-03	3.767893e+00
2.049000e-05	1.077728e-02	3.748920e+00
2.050000e-05	1.243436e-02	3.756368e+00
2.051000e-05	1.292857e-02	3.767296e+00
2.052000e-05	9.752319e-03	3.748415e+00
2.053000e-05	1.184946e-02	3.759373e+00
2.054000e-05	1.261853e-02	3.768420e+00
2.055000e-05	1.481733e-02	3.759000e+00
2.056000e-05	1.254094e-02	3.760971e+00
2.057000e-05	1.379991e-02	3.798475e+00
2.058000e-05	1.422905e-02	3.798949e+00
2.059000e-05	1.478040e-02	3.759994e+00
2.060000e-05	1.149747e-02	3.788474e+00
2.061000e-05	1.279575e-02	3.819949e+00
2.062000e-05	1.433226e-02	3.790449e+00
2.063000e-05	1.662380e-02	3.759497e+00
2.064000e-05	1.521982e-02	3.789951e+00
2.065000e-05	1.530354e-02	3.769471e+00
2.066000e-05	1.676372e-02	3.808495e+00
2.067000e-05	1.662526e-02	3.760449e+00
2.068000e-05	1.583809e-02	3.780498e+00
2.069000e-05	1.463174e-02	3.788873e+00
2.070000e-05	1.512288e-02	3.750445e+00
2.071000e-05	1.667337e-02	3.768366e+00
2.072000e-05	1.610509e-02	3.807948e+00
2.073000e-05	1.572601e-02	3.737420e+00
2.074000e-05	1.709598e-02	3.767393e+00
2.075000e-05	1.795809e-02	3.746371e+00
2.076000e-05	1.723072e-02	3.687843e+00
2.077000e-05	1.458576e-02	3.755787e+00
2.078000e-05	1.612350e-02	3.736790e+00
2.079000e-05	1.590304e-02	3.694212e+00
2.080000e-05	1.578779e-02	3.695235e+00
2.081000e-05	1.497194e-02	3.696257e+00
2.082000e-05	1.527278e-02	3.633604e+00
2.083000e-05	1.680075e-02	3.644159e+00
2.084000e-05	1.628388e-02	3.671158e+00
2.085000e-05	1.556126e-02	3.622109e+00
2.086000e-05	1.511319e-02	3.611130e+00
2.087000e-05	1.508798e-02	3.611554e+00
2.088000e-05	1.440099e-02	3.621051e+00
2.089000e-05	1.296894e-02	3.640525e+00
2.090000e-05	1.454795e-02	3.600503e+00
2.091000e-05	1.320364e-02	3.590000e+00
2.092000e-05	1.474859e-02	3.600000e+00
2.093000e-05	1.362800e-02	3.599976e+00
2.094000e-05	1.351919e-02	3.577950e+00
2.095000e-05	1.282257e-02	3.538924e+00
2.096000e-05	1.321745e-02	3.588395e+00
2.097000e-05	1.237020e-02	3.556340e+00
2.098000e-05	1.273035e-02	3.517311e+00
2.099000e-05	1.132917e-02	3.506764e+00
2.100000e-05	1.234646e-02	3.484186e+00
2.101000e-05	1.224739e-02	3.403655e+00
2.102000e-05	1.018679e-02	3.430103e+00
2.103000e-05	1.107347e-02	3.389446e+00
2.104000e-05	1.133291e-02	3.377371e+00
2.105000e-05	1.078189e-02	3.348312e+00
2.106000e-05	1.065459e-02	3.253789e+00
2.107000e-05	9.229162e-03	3.232682e+00
2.108000e-05	1.058622e-02	3.242055e+00
2.109000e-05	9.872950e-03	3.220529e+00
2.110000e-05	9.153252e-03	3.210026e+00
2.111000e-05	8.447569e-03	3.210000e+00
2.112000e-05	8.332562e-03	3.200474e+00
2.113000e-05	9.547140e-03	3.188475e+00
2.114000e-05	8.343507e-03	3.149398e+00
2.115000e-05	7.967840e-03	3.157410e+00
2.116000e-05	8.189410e-03	3.108843e+00
2.117000e-05	8.360534e-03	3.052733e+00
2.118000e-05	7.380112e-03	3.074552e+00
2.119000e-05	6.306614e-03	3.011075e+00
2.120000e-05	6.877194e-03	3.000976e+00
2.121000e-05	7.156267e-03	2.978975e+00
2.122000e-05	6.280667e-03	2.978920e+00
2.123000e-05	6.263654e-03	2.918988e+00
2.124000e-05	6.027510e-03	2.906284e+00
2.125000e-05	7.087571e-03	2.874262e+00
2.126000e-05	6.219352e-03	2.841631e+00
2.127000e-05	5.442541e-03	2.810653e+00
2.128000e-05	5.508958e-03	2.801125e+00
2.129000e-05	5.909880e-03	2.800529e+00
2.130000e-05	4.534994e-03	2.789972e+00
2.131000e-05	5.034457e-03	2.758447e+00
2.132000e-05	4.040251e-03	2.768398e+00
2.133000e-05	5.335128e-03	2.714814e+00
2.134000e-05	4.620262e-03	2.673633e+00
2.135000e-05	4.399733e-03	2.599548e+00
2.136000e-05	3.924074e-03	2.506894e+00
2.137000e-05	4.814496e-03	2.485297e+00
2.138000e-05	3.575286e-03	2.452683e+00
2.139000e-05	3.353545e-03	2.472557e+00
2.140000e-05	2.863576e-03	2.450526e+00
2.141000e-05	3.251030e-03	2.389999e+00
2.142000e-05	3.577480e-03	2.348921e+00
2.143000e-05	3.331956e-03	2.317266e+00
2.144000e-05	3.495895e-03	2.268287e+00
2.145000e-05	3.466047e-03	2.256258e+00
2.146000e-05	3.463905e-03	2.211055e+00
2.147000e-05	3.509184e-03	2.209024e+00
2.148000e-05	1.705420e-03	2.178974e+00
2.149000e-05	3.107015e-03	2.127896e+00
2.150000e-05	2.109876e-03	2.085261e+00
2.151000e-05	2.720720e-03	2.043185e+00
2.152000e-05	1.421419e-03	2.021605e+00
2.153000e-05	2.430088e-03	2.010053e+00
2.154000e-05	1.226674e-03	1.991025e+00
2.155000e-05	3.200275e-03	1.979899e+00
2.156000e-05	1.753167e-03	1.966896e+00
2.157000e-05	1.880948e-03	1.905238e+00
2.158000e-05	1.119168e-03	1.865610e+00
2.159000e-05	1.652908e-03	1.781654e+00
2.160000e-05	5.278922e-04	1.768397e+00
2.161000e-05	1.020965e-03	1.727318e+00
2.162000e-05	3.976143e-04	1.727811e+00
2.163000e-05	2.168073e-03	1.654318e+00
2.164000e-05	1.801314e-03	1.661024e+00
2.165000e-05	1.393314e-03	1.612002e+00
2.166000e-05	5.339312e-04	1.548470e+00
2.167000e-05	9.518875e-04	1.487267e+00
2.168000e-05	1.356633e-03	1.443182e+00
2.169000e-05	-1.006140e-03	1.410002e+00
2.170000e-05	-3.244721e-04	1.358447e+00
2.171000e-05	-8.060690e-05	1.339318e+00
2.172000e-05	6.433177e-04	1.284283e+00
2.173000e-05	-7.671590e-05	1.253630e+00
2.174000e-05	-7.435689e-04	1.221055e+00
2.175000e-05	1.101982e-03	1.189450e+00
2.176000e-05	2.493857e-04	1.146996e+00
2.177000e-05	-2.453179e-04	1.104808e+00
2.178000e-05	-1.965478e-03	1.011607e+00
2.179000e-05	2.496617e-04	9.408958e-01
2.180000e-05	-1.733503e-04	9.052345e-01
2.181000e-05	-1.049860e-03	8.321317e-01
2.182000e-05	-1.788912e-03	7.910776e-01
2.183000e-05	-4.674059e-04	8.090224e-01
2.184000e-05	2.514528e-04	7.289447e-01
2.185000e-05	-9.193702e-04	7.463109e-01
2.186000e-05	-2.404226e-03	7.141643e-01
2.187000e-05	-8.645918e-04	6.320803e-01
2.188000e-05	2.363512e-04	6.094738e-01
2.189000e-05	-2.323638e-03	5.583973e-01
2.190000e-05	-2.876668e-03	5.152945e-01
2.191000e-05	-2.229242e-03	4.952068e-01
2.192000e-05	-5.201930e-04	4.310802e-01
2.193000e-05	-2.669199e-03	4.010763e-01
2.194000e-05	-3.170239e-03	3.989724e-01
2.195000e-05	-1.777474e-03	3.789447e-01
2.196000e-05	-9.893160e-04	3.362947e-01
2.197000e-05	-1.728264e-03	2.657142e-01
2.198000e-05	-3.587393e-03	2.010938e-01
2.199000e-05	-2.333553e-03	1.578634e-01
2.200000e-05	-1.602372e-03	7.420658e-02
2.201000e-05	-2.956103e-03	6.410513e-02
2.202000e-05	-5.353203e-03	-1.894738e-02
2.203000e-05	-2.051177e-03	-1.049944e-03
2.204000e-05	-1.225606e-03	-2.158047e-02
2.205000e-05	-4.695423e-04	-8.519046e-02
2.206000e-05	-1.976536e-03	-1.263197e-01
2.207000e-05	-1.340571e-03	-1.885223e-01
2.208000e-05	-1.299844e-03	-2.085513e-01
2.209000e-05	-1.674939e-03	-2.305815e-01
2.210000e-05	2.289507e-03	-2.827080e-01
2.211000e-05	1.331542e-02	-3.157654e-01
2.212000e-05	1.178887e-02	-3.394459e-01
2.213000e-05	-2.243946e-02	-3.680225e-01
2.214000e-05	-4.575686e-02	-4.010551e-01
2.215000e-05	3.726939e-02	-4.531578e-01
2.216000e-05	-1.185160e-02	-4.727117e-01
2.217000e-05	2.075921e-02	-5.647206e-01
2.218000e-05	-3.371168e-02	-5.899777e-01
2.219000e-05	5.775547e-02	-6.826855e-01
2.220000e-05	6.995299e-04	-7.253934e-01
2.221000e-05	-2.604842e-02	-7.579246e-01
2.222000e-05	6.327214e-03	-7.795263e-01
2.223000e-05	-2.153425e-02	-8.210763e-01
2.224000e-05	5.019049e-03	-8.410066e-01
2.225000e-05	-9.886572e-03	-9.047929e-01
2.226000e-05	2.358220e-02	-9.484433e-01
2.227000e-05	-5.050353e-02	-9.774474e-01
2.228000e-05	1.067997e-02	-1.011028e+00
2.229000e-05	1.448290e-02	-1.051638e+00
2.230000e-05	8.598897e-04	-1.135288e+00
2.231000e-05	-4.660945e-02	-1.077795e+00
2.232000e-05	5.219712e-02	-1.227949e+00
2.233000e-05	6.452360e-04	-1.250503e+00
2.234000e-05	-1.882412e-02	-1.274161e+00
2.235000e-05	-2.610159e-02	-1.306713e+00
2.236000e-05	2.030749e-02	-1.410347e+00
2.237000e-05	2.856760e-03	-1.473088e+00
2.238000e-05	-1.676794e-02	-1.523287e+00
2.239000e-05	-1.629475e-02	-1.546870e+00
2.240000e-05	6.795445e-03	-1.609947e+00
2.241000e-05	1.943619e-02	-1.632583e+00
2.242000e-05	-3.822640e-02	-1.600553e+00
2.243000e-05	-1.890765e-03	-1.682636e+00
2.244000e-05	6.512335e-03	-1.694819e+00
2.245000e-05	-1.048142e-03	-1.737445e+00
2.246000e-05	-1.992342e-02	-1.779951e+00
2.247000e-05	7.501152e-03	-1.820525e+00
2.248000e-05	-1.742720e-02	-1.841134e+00
2.249000e-05	9.563291e-03	-1.904738e+00
2.250000e-05	-1.162621e-02	-1.895767e+00
2.251000e-05	-1.572668e-02	-1.957947e+00
2.252000e-05	-1.009562e-03	-1.988447e+00
2.253000e-05	5.658687e-03	-1.990476e+00
2.254000e-05	-1.605484e-02	-2.040030e+00
2.255000e-05	-7.736137e-03	-2.071683e+00
2.256000e-05	-6.642434e-03	-2.115161e+00
2.257000e-05	-1.098686e-03	-2.125422e+00
2.258000e-05	-4.802734e-03	-2.220030e+00
2.259000e-05	-1.550991e-02	-2.312633e+00
2.260000e-05	-2.531552e-03	-2.325845e+00
2.261000e-05	4.638198e-04	-2.347920e+00
2.262000e-05	-1.015877e-02	-2.399501e+00
2.263000e-05	-1.427595e-02	-2.431028e+00
2.264000e-05	-6.537069e-03	-2.440529e+00
2.265000e-05	-1.475436e-03	-2.493134e+00
2.266000e-05	-6.187309e-03	-2.454238e+00
2.267000e-05	-1.496269e-02	-2.576761e+00
2.268000e-05	-1.377054e-03	-2.566423e+00
2.269000e-05	-6.055582e-03	-2.577900e+00
2.270000e-05	-5.571796e-03	-2.639527e+00
2.271000e-05	-1.480969e-02	-2.650559e+00
2.272000e-05	-6.142737e-03	-2.693636e+00
2.273000e-05	-5.942941e-03	-2.717289e+00
2.274000e-05	-6.812416e-03	-2.756368e+00
2.275000e-05	-1.351076e-02	-2.778449e+00
2.276000e-05	-4.309702e-03	-2.779925e+00
2.277000e-05	-8.144723e-03	-2.809525e+00
2.278000e-05	-5.337351e-03	-2.840529e+00
2.279000e-05	-1.219452e-02	-2.851005e+00
2.280000e-05	-8.243646e-03	-2.891585e+00
2.281000e-05	-7.079194e-03	-2.893292e+00
2.282000e-05	-9.648456e-03	-2.956316e+00
2.283000e-05	-1.100183e-02	-3.005952e+00
2.284000e-05	-1.025096e-02	-3.060580e+00
2.285000e-05	-4.802413e-03	-3.045160e+00
2.286000e-05	-9.045805e-03	-3.135766e+00
2.287000e-05	-9.355594e-03	-3.147440e+00
2.288000e-05	-1.226588e-02	-3.189347e+00
2.289000e-05	-5.405138e-03	-3.177951e+00
2.290000e-05	-1.204712e-02	-3.188525e+00
2.291000e-05	-9.069797e-03	-3.240529e+00
2.292000e-05	-1.357765e-02	-3.252105e+00
2.293000e-05	-5.025586e-03	-3.231583e+00
2.294000e-05	-9.904500e-03	-3.273135e+00
2.295000e-05	-9.485752e-03	-3.303209e+00
2.296000e-05	-1.250888e-02	-3.285765e+00
2.297000e-05	-7.852675e-03	-3.346345e+00
2.298000e-05	-9.917883e-03	-3.368469e+00
2.299000e-05	-1.220499e-02	-3.388970e+00
2.300000e-05	-1.264268e-02	-3.400000e+00
2.301000e-05	-9.606225e-03	-3.410576e+00
2.302000e-05	-8.973988e-03	-3.451080e+00
2.303000e-05	-1.234312e-02	-3.441633e+00
2.304000e-05	-1.239547e-02	-3.472284e+00
2.305000e-05	-1.040551e-02	-3.485813e+00
2.306000e-05	-9.359494e-03	-3.496790e+00
2.307000e-05	-1.253700e-02	-3.584945e+00
2.308000e-05	-1.282204e-02	-3.557399e+00
2.309000e-05	-1.070142e-02	-3.528848e+00
2.310000e-05	-1.010017e-02	-3.598947e+00
2.311000e-05	-1.232478e-02	-3.598499e+00
2.312000e-05	-1.406359e-02	-3.580001e+00
2.313000e-05	-1.129864e-02	-3.590004e+00
2.314000e-05	-1.233617e-02	-3.610580e+00
2.315000e-05	-1.287130e-02	-3.620628e+00
2.316000e-05	-1.330444e-02	-3.621057e+00
2.317000e-05	-1.258487e-02	-3.622105e+00
2.318000e-05	-1.166585e-02	-3.642082e+00
2.319000e-05	-1.424618e-02	-3.662716e+00
2.320000e-05	-1.454423e-02	-3.704741e+00
2.321000e-05	-1.328035e-02	-3.703788e+00
2.322000e-05	-1.385395e-02	-3.675663e+00
2.323000e-05	-1.424406e-02	-3.717874e+00
2.324000e-05	-1.620805e-02	-3.706316e+00
2.325000e-05	-1.295395e-02	-3.756544e+00
2.326000e-05	-1.472452e-02	-3.779921e+00
2.327000e-05	-1.428916e-02	-3.828976e+00
2.328000e-05	-1.678196e-02	-3.832030e+00
2.329000e-05	-1.357379e-02	-3.801030e+00
2.330000e-05	-1.553079e-02	-3.803107e+00
2.331000e-05	-1.593468e-02	-3.871085e+00
2.332000e-05	-1.761811e-02	-3.853684e+00
2.333000e-05	-1.537552e-02	-3.912260e+00
2.334000e-05	-1.639857e-02	-3.894214e+00
2.335000e-05	-1.741276e-02	-3.894761e+00
2.336000e-05	-1.792560e-02	-3.914786e+00
2.337000e-05	-1.617546e-02	-3.904764e+00
2.338000e-05	-1.704134e-02	-3.955788e+00
2.339000e-05	-1.709190e-02	-3.875895e+00
2.340000e-05	-1.892961e-02	-3.936310e+00
2.341000e-05	-1.764592e-02	-3.947847e+00
2.342000e-05	-1.842631e-02	-3.937218e+00
2.343000e-05	-1.875200e-02	-3.935343e+00
2.344000e-05	-2.023011e-02	-3.927841e+00
2.345000e-05	-1.914928e-02	-3.948918e+00
2.346000e-05	-1.850819e-02	-3.924890e+00
2.347000e-05	-1.885648e-02	-3.968345e+00
2.348000e-05	-2.004334e-02	-3.947895e+00
2.349000e-05	-2.088538e-02	-3.926342e+00
2.350000e-05	-1.970238e-02	-3.895940e+00
2.351000e-05	-2.077216e-02	-3.956342e+00
2.352000e-05	-2.140780e-02	-3.944764e+00
2.353000e-05	-2.141966e-02	-3.955817e+00
2.354000e-05	-2.037899e-02	-3.904941e+00
2.355000e-05	-2.199213e-02	-3.928346e+00
2.356000e-05	-2.208053e-02	-3.895241e+00
2.357000e-05	-2.277880e-02	-3.904290e+00
2.358000e-05	-1.932900e-02	-3.884763e+00
2.359000e-05	-1.996738e-02	-3.885287e+00
2.360000e-05	-2.055162e-02	-3.872655e+00
2.361000e-05	-2.223933e-02	-3.911138e+00
2.362000e-05	-2.102831e-02	-3.831187e+00
2.363000e-05	-2.185108e-02	-3.810163e+00
2.364000e-05	-2.134484e-02	-3.843527e+00
2.365000e-05	-2.207970e-02	-3.818124e+00
2.366000e-05	-2.069232e-02	-3.820924e+00
2.367000e-05	-2.053207e-02	-3.748500e+00
2.368000e-05	-2.024176e-02	-3.698389e+00
2.369000e-05	-1.961854e-02	-3.727767e+00
2.370000e-05	-2.077792e-02	-3.682740e+00
2.371000e-05	-1.952030e-02	-3.664214e+00
2.372000e-05	-2.045150e-02	-3.662185e+00
2.373000e-05	-2.115882e-02	-3.664654e+00
2.374000e-05	-2.048636e-02	-3.633105e+00
2.375000e-05	-1.896213e-02	-3.631080e+00
2.376000e-05	-1.885608e-02	-3.631050e+00
2.377000e-05	-1.826743e-02	-3.600479e+00
2.378000e-05	-1.805481e-02	-3.620025e+00
2.379000e-05	-1.688058e-02	-3.590475e+00
2.380000e-05	-1.916294e-02	-3.579974e+00
2.381000e-05	-1.951398e-02	-3.597975e+00
2.382000e-05	-1.851608e-02	-3.579449e+00
2.383000e-05	-1.688600e-02	-3.569421e+00
2.384000e-05	-1.699102e-02	-3.528899e+00
2.385000e-05	-1.934305e-02	-3.566396e+00
2.386000e-05	-1.630179e-02	-3.526367e+00
2.387000e-05	-1.444920e-02	-3.515216e+00
2.388000e-05	-1.622547e-02	-3.455288e+00
2.389000e-05	-1.714910e-02	-3.461133e+00
2.390000e-05	-1.616601e-02	-3.402606e+00
2.391000e-05	-1.360752e-02	-3.421555e+00
2.392000e-05	-1.564592e-02	-3.399554e+00
2.393000e-05	-1.740893e-02	-3.390545e+00
2.394000e-05	-1.491654e-02	-3.349396e+00
2.395000e-05	-1.369093e-02	-3.307347e+00
2.396000e-05	-1.448416e-02	-3.355365e+00
2.397000e-05	-1.444449e-02	-3.306109e+00
2.398000e-05	-1.334774e-02	-3.254264e+00
2.399000e-05	-1.179715e-02	-3.252134e+00
2.400000e-05	-1.439050e-02	-3.232081e+00
2.401000e-05	-1.378392e-02	-3.221601e+00
2.402000e-05	-1.456026e-02	-3.200027e+00
2.403000e-05	-1.195838e-02	-3.189471e+00
2.404000e-05	-1.218623e-02	-3.199922e+00
2.405000e-05	-1.282832e-02	-3.135816e+00
2.406000e-05	-1.247977e-02	-3.115343e+00
2.407000e-05	-1.080439e-02	-3.054683e+00
2.408000e-05	-1.124622e-02	-3.053135e+00
2.409000e-05	-1.218145e-02	-2.979497e+00
2.410000e-05	-1.181033e-02	-2.948919e+00
2.411000e-05	-1.104322e-02	-2.895288e+00
2.412000e-05	-1.152268e-02	-2.872658e+00
2.413000e-05	-1.034197e-02	-2.822029e+00
2.414000e-05	-1.065836e-02	-2.810529e+00
2.415000e-05	-1.071476e-02	-2.809976e+00
2.416000e-05	-1.035605e-02	-2.768924e+00
2.417000e-05	-1.084109e-02	-2.779395e+00
2.418000e-05	-9.872052e-03	-2.718870e+00
2.419000e-05	-1.061004e-02	-2.705783e+00
2.420000e-05	-9.275739e-03	-2.644734e+00
2.421000e-05	-8.984490e-03	-2.662135e+00
2.422000e-05	-9.338238e-03	-2.600554e+00
2.423000e-05	-9.714134e-03	-2.569052e+00
2.424000e-05	-9.437624e-03	-2.538421e+00
2.425000e-05	-8.881800e-03	-2.505342e+00
2.426000e-05	-9.745631e-03	-2.454231e+00
2.427000e-05	-8.580544e-03	-2.483711e+00
2.428000e-05	-7.797414e-03	-2.420508e+00
2.429000e-05	-8.289580e-03	-2.410025e+00
2.430000e-05	-8.653575e-03	-2.380049e+00
2.431000e-05	-8.650340e-03	-2.379395e+00
2.432000e-05	-6.705041e-03	-2.346346e+00
2.433000e-05	-8.763201e-03	-2.335211e+00
2.434000e-05	-8.904307e-03	-2.202558e+00
2.435000e-05	-8.816773e-03	-2.171075e+00
2.436000e-05	-6.811251e-03	-2.097313e+00
2.437000e-05	-6.573883e-03	-2.082612e+00
2.438000e-05	-8.195933e-03	-2.032084e+00
2.439000e-05	-7.462208e-03	-2.011503e+00
2.440000e-05	-7.164824e-03	-1.989999e+00
2.441000e-05	-6.580687e-03	-1.979974e+00
2.442000e-05	-7.447455e-03	-1.958316e+00
2.443000e-05	-7.564224e-03	-1.896240e+00
2.444000e-05	-6.215354e-03	-1.883211e+00
2.445000e-05	-7.165595e-03	-1.832580e+00
2.446000e-05	-7.375725e-03	-1.790028e+00
2.447000e-05	-7.122591e-03	-1.749922e+00
2.448000e-05	-5.647758e-03	-1.687842e+00
2.449000e-05	-4.720013e-03	-1.724666e+00
2.450000e-05	-6.188896e-03	-1.632182e+00
2.451000e-05	-7.145855e-03	-1.631530e+00
2.452000e-05	-6.201412e-03	-1.608523e+00
2.453000e-05	-6.312271e-03	-1.591000e+00
2.454000e-05	-5.647443e-03	-1.516342e+00
2.455000e-05	-6.435107e-03	-1.443313e+00
2.456000e-05	-5.905355e-03	-1.441553e+00
2.457000e-05	-4.696888e-03	-1.337297e+00
2.458000e-05	-5.886006e-03	-1.295191e+00
2.459000e-05	-5.244609e-03	-1.240155e+00
2.460000e-05	-6.432495e-03	-1.221029e+00
2.461000e-05	-4.856782e-03	-1.169497e+00
2.462000e-05	-5.355545e-03	-1.146416e+00
2.463000e-05	-5.292557e-03	-1.104236e+00
2.464000e-05	-5.473675e-03	-1.073608e+00
2.465000e-05	-5.105828e-03	-1.009053e+00
2.466000e-05	-6.279185e-03	-1.000450e+00
2.467000e-05	-4.983431e-03	-9.488460e-01
2.468000e-05	-4.218753e-03	-9.062857e-01
2.469000e-05	-5.174203e-03	-8.521265e-01
2.470000e-05	-4.284419e-03	-8.401288e-01
2.471000e-05	-4.777298e-03	-8.000488e-01
2.472000e-05	-4.005686e-03	-7.789737e-01
2.473000e-05	-5.423092e-03	-7.168422e-01
2.474000e-05	-4.877377e-03	-6.946858e-01
2.475000e-05	-4.722115e-03	-6.910067e-01
2.476000e-05	-2.992836e-03	-6.164223e-01
2.477000e-05	-4.704877e-03	-4.957629e-01
2.478000e-05	-3.464514e-03	-4.326328e-01
2.479000e-05	-3.905029e-03	-4.415527e-01
2.480000e-05	-3.452485e-03	-3.905000e-01
2.481000e-05	-5.035458e-03	-3.399450e-01
2.482000e-05	-3.481271e-03	-3.373670e-01
2.483000e-05	-3.144084e-03	-2.948396e-01
2.484000e-05	-3.443710e-03	-2.321065e-01
2.485000e-05	-4.291335e-03	-2.120051e-01
2.486000e-05	-2.290675e-03	-2.005251e-01
2.487000e-05	-3.652833e-03	-2.005025e-01
2.488000e-05	-2.644296e-03	4.882843e-18
2.489000e-05	-2.341176e-03	-4.265789e-02
2.490000e-05	-1.129398e-04	-1.210520e-02
2.491000e-05	-1.220036e-04	2.002882e-02
2.492000e-05	-2.037661e-03	2.157764e-02
2.493000e-05	-1.807270e-03	9.110665e-02
2.494000e-05	-1.355879e-03	1.052631e-01
2.495000e-05	9.689988e-04	1.694234e-01
2.496000e-05	8.477926e-03	2.425539e-01
2.497000e-05	1.548305e-02	3.252419e-01
2.498000e-05	-1.093675e-02	3.584723e-01
2.499000e-05	-2.685934e-02	3.895001e-01
2.500000e-05	-1.289679e-02	4.105025e-01
2.501000e-05	2.561748e-02	4.305313e-01
2.502000e-05	-3.502700e-04	5.137330e-01
2.503000e-05	-2.928134e-02	5.268372e-01
2.504000e-05	1.783984e-02	5.583946e-01
2.505000e-05	2.327659e-02	6.085289e-01
2.506000e-05	-5.358982e-03	6.520828e-01
2.507000e-05	-5.312775e-03	7.137341e-01
2.508000e-05	-2.012732e-02	7.357410e-01
2.509000e-05	2.550144e-02	7.499185e-01
2.510000e-05	-3.148117e-02	7.899237e-01
2.511000e-05	5.625097e-02	8.210038e-01
2.512000e-05	-4.994582e-02	9.022541e-01
2.513000e-05	4.157016e-03	9.063619e-01
2.514000e-05	8.913805e-03	9.984636e-01
2.515000e-05	1.729415e-02	9.801038e-01
2.516000e-05	-3.083075e-02	1.113186e+00
2.517000e-05	-9.113184e-03	1.147399e+00
2.518000e-05	3.978356e-02	1.169922e+00
2.519000e-05	-7.503156e-03	1.250552e+00
2.520000e-05	-9.911835e-03	1.274683e+00
2.521000e-05	-1.303909e-02	1.316313e+00
2.522000e-05	2.771801e-02	1.357892e+00
2.523000e-05	-1.189794e-02	1.390522e+00
2.524000e-05	1.619263e-03	1.419578e+00
2.525000e-05	-1.458492e-02	1.575617e+00
2.526000e-05	2.685445e-02	1.518913e+00
2.527000e-05	-1.225873e-02	1.589405e+00
2.528000e-05	5.141996e-04	1.633061e+00
2.529000e-05	-4.297856e-03	1.754184e+00
2.530000e-05	8.828302e-03	1.736791e+00
2.531000e-05	-1.567504e-03	1.727318e+00
2.532000e-05	3.362849e-03	1.790375e+00
2.533000e-05	-5.286881e-03	1.820378e+00
2.534000e-05	1.893195e-03	1.843050e+00
2.535000e-05	9.638396e-03	1.904659e+00
2.536000e-05	-7.667753e-03	1.927317e+00
2.537000e-05	2.744185e-04	1.968945e+00
2.538000e-05	4.655705e-03	1.999474e+00
2.539000e-05	8.224428e-03	2.010499e+00
2.540000e-05	-5.467350e-03	2.040076e+00
2.541000e-05	2.946466e-03	2.071157e+00
2.542000e-05	5.621412e-04	2.084307e+00
2.543000e-05	6.853156e-03	2.136792e+00
2.544000e-05	-2.759348e-03	2.177870e+00
2.545000e-05	2.524665e-03	2.220424e+00
2.546000e-05	9.834381e-04	2.221103e+00
2.547000e-05	8.182779e-03	2.312181e+00
2.548000e-05	-3.382891e-03	2.333212e+00
2.549000e-05	1.848972e-03	2.346293e+00
2.550000e-05	2.881842e-03	2.377924e+00
2.551000e-05	7.140762e-03	2.368498e+00
2.552000e-05	-1.006001e-03	2.409951e+00
2.553000e-05	1.442797e-03	2.429630e+00
2.554000e-05	3.304491e-03	2.462580e+00
2.555000e-05	6.297881e-03	2.465209e+00
2.556000e-05	-5.127022e-04	2.549269e+00
2.557000e-05	1.031681e-03	2.598899e+00
2.558000e-05	4.947766e-03	2.631559e+00
2.559000e-05	6.153999e-03	2.674834e+00
2.560000e-05	2.510057e-03	2.755766e+00
2.561000e-05	3.557210e-05	2.777846e+00
2.562000e-05	5.847020e-03	2.788972e+00
2.563000e-05	3.844977e-03	2.800000e+00
2.564000e-05	3.705939e-03	2.770529e+00
2.565000e-05	1.175545e-03	2.844029e+00
2.566000e-05	6.115279e-03	2.873658e+00
2.567000e-05	4.348642e-03	2.883660e+00
2.568000e-05	4.017906e-03	2.916266e+00
2.569000e-05	1.411797e-03	2.946346e+00
2.570000e-05	6.315620e-03	2.968499e+00
2.571000e-05	5.751891e-03	3.008500e+00
2.572000e-05	4.673011e-03	3.040450e+00
2.573000e-05	1.633855e-03	3.030530e+00
2.574000e-05	5.749907e-03	3.061112e+00
2.575000e-05	5.790781e-03	3.093660e+00
2.576000e-05	5.125026e-03	3.084213e+00
2.577000e-05	2.931397e-03	3.125288e+00
2.578000e-05	6.611436e-03	3.147441e+00
2.579000e-05	6.428237e-03	3.158422e+00
2.580000e-05	4.569869e-03	3.158471e+00
2.581000e-05	4.628432e-03	3.190450e+00
2.582000e-05	5.157678e-03	3.229577e+00
2.583000e-05	7.295943e-03	3.211628e+00
2.584000e-05	4.158034e-03	3.230602e+00
2.585000e-05	4.649318e-03	3.271712e+00
2.586000e-05	5.502719e-03	3.283189e+00
2.587000e-05	7.958341e-03	3.275342e+00
2.588000e-05	5.451104e-03	3.328340e+00
2.589000e-05	5.923393e-03	3.326897e+00
2.590000e-05	6.672882e-03	3.400476e+00
2.591000e-05	8.739343e-03	3.422023e+00
2.592000e-05	6.320498e-03	3.443313e+00
2.593000e-05	5.245424e-03	3.526233e+00
2.594000e-05	5.480106e-03	3.515863e+00
2.595000e-05	9.313762e-03	3.536367e+00
2.596000e-05	6.605635e-03	3.527371e+00
2.597000e-05	5.751787e-03	3.559444e+00
2.598000e-05	7.225848e-03	3.598997e+00
2.599000e-05	8.940341e-03	3.599501e+00
2.600000e-05	8.370730e-03	3.599999e+00
2.601000e-05	5.910129e-03	3.600528e+00
2.602000e-05	7.785120e-03	3.601001e+00
2.603000e-05	9.021059e-03	3.640551e+00
2.604000e-05	9.292476e-03	3.621051e+00
2.605000e-05	6.690184e-03	3.661035e+00
2.606000e-05	6.807613e-03	3.622654e+00
2.607000e-05	1.116844e-02	3.643129e+00
2.608000e-05	9.532201e-03	3.632154e+00
2.609000e-05	9.114693e-03	3.663182e+00
2.610000e-05	7.952366e-03	3.703687e+00
2.611000e-05	1.160273e-02	3.671762e+00
2.612000e-05	1.001147e-02	3.696162e+00
2.613000e-05	8.295243e-03	3.705188e+00
2.614000e-05	9.151027e-03	3.714341e+00
2.615000e-05	1.202010e-02	3.738413e+00
2.616000e-05	1.163836e-02	3.765818e+00
2.617000e-05	1.041125e-02	3.746316e+00
2.618000e-05	9.765518e-03	3.757920e+00
2.619000e-05	1.282357e-02	3.736852e+00
2.620000e-05	1.292616e-02	3.768922e+00
2.621000e-05	1.118144e-02	3.767971e+00
2.622000e-05	1.118250e-02	3.778469e+00
2.623000e-05	1.326097e-02	3.777974e+00
2.624000e-05	1.335108e-02	3.777972e+00
2.625000e-05	1.237272e-02	3.788945e+00
2.626000e-05	1.181262e-02	3.768925e+00
2.627000e-05	1.351362e-02	3.788447e+00
2.628000e-05	1.530608e-02	3.809399e+00
2.629000e-05	1.443521e-02	3.808947e+00
2.630000e-05	1.393976e-02	3.770024e+00
2.631000e-05	1.444079e-02	3.759500e+00
2.632000e-05	1.480462e-02	3.799500e+00
2.633000e-05	1.453699e-02	3.769397e+00
2.634000e-05	1.525531e-02	3.809997e+00
2.635000e-05	1.513537e-02	3.789926e+00
2.636000e-05	1.727952e-02	3.769423e+00
2.637000e-05	1.534808e-02	3.808446e+00
2.638000e-05	1.469499e-02	3.789448e+00
2.639000e-05	1.588881e-02	3.758996e+00
2.640000e-05	1.669528e-02	3.787896e+00
2.641000e-05	1.694476e-02	3.757917e+00
2.642000e-05	1.662599e-02	3.757440e+00
2.643000e-05	1.620771e-02	3.767918e+00
2.644000e-05	1.623761e-02	3.745896e+00
2.645000e-05	1.523472e-02	3.727891e+00
2.646000e-05	1.662006e-02	3.686314e+00
2.647000e-05	1.551254e-02	3.727392e+00
2.648000e-05	1.726288e-02	3.686791e+00
2.649000e-05	1.580775e-02	3.705286e+00
2.650000e-05	1.624960e-02	3.685189e+00
2.651000e-05	1.631053e-02	3.663688e+00
2.652000e-05	1.590222e-02	3.693228e+00
2.653000e-05	1.575877e-02	3.644082e+00
2.654000e-05	1.440424e-02	3.632081e+00
2.655000e-05	1.374340e-02	3.621606e+00
2.656000e-05	1.558904e-02	3.611603e+00
2.657000e-05	1.393435e-02	3.611054e+00
2.658000e-05	1.539145e-02	3.612051e+00
2.659000e-05	1.433277e-02	3.600025e+00
2.660000e-05	1.440610e-02	3.610001e+00
2.661000e-05	1.407948e-02	3.590025e+00
2.662000e-05	1.361014e-02	3.599524e+00
2.663000e-05	1.245352e-02	3.589499e+00
2.664000e-05	1.217008e-02	3.577975e+00
2.665000e-05	1.311232e-02	3.598472e+00
2.666000e-05	1.276253e-02	3.568441e+00
2.667000e-05	1.204392e-02	3.507368e+00
2.668000e-05	1.186058e-02	3.555843e+00
2.669000e-05	1.159114e-02	3.514785e+00
2.670000e-05	1.243593e-02	3.403683e+00
2.671000e-05	1.105209e-02	3.442605e+00
2.672000e-05	1.112543e-02	3.401000e+00
2.673000e-05	1.108884e-02	3.328842e+00
2.674000e-05	1.066623e-02	3.318018e+00
2.675000e-05	1.061893e-02	3.305763e+00
2.676000e-05	1.000428e-02	3.314207e+00
2.677000e-05	9.613797e-03	3.264155e+00
2.678000e-05	1.029004e-02	3.220626e+00
2.679000e-05	9.408898e-03	3.201076e+00
2.680000e-05	8.938745e-03	3.200026e+00
2.681000e-05	1.004840e-02	3.200000e+00
2.682000e-05	8.648517e-03	3.189501e+00
2.683000e-05	8.677573e-03	3.147442e+00
2.684000e-05	8.745868e-03	3.146395e+00
2.685000e-05	7.468494e-03	3.127888e+00
2.686000e-05	7.734784e-03	3.064287e+00
2.687000e-05	7.832628e-03	3.074656e+00
2.688000e-05	7.812703e-03	3.054582e+00
2.689000e-05	7.549385e-03	3.001050e+00
2.690000e-05	7.007958e-03	3.020526e+00
2.691000e-05	7.804525e-03	2.999473e+00
2.692000e-05	6.872855e-03	2.958425e+00
2.693000e-05	5.780230e-03	2.916845e+00
2.694000e-05	5.820503e-03	2.885788e+00
2.695000e-05	6.141206e-03	2.864731e+00
2.696000e-05	5.049430e-03	2.842634e+00
2.697000e-05	6.393183e-03	2.811579e+00
2.698000e-05	4.067773e-03	2.801025e+00
2.699000e-05	6.263102e-03	2.779500e+00
2.700000e-05	4.584388e-03	2.790001e+00
2.701000e-05	5.759179e-03	2.768924e+00
2.702000e-05	4.131871e-03	2.676397e+00
2.703000e-05	5.395295e-03	2.725767e+00
2.704000e-05	4.540087e-03	2.644158e+00
2.705000e-05	4.435429e-03	2.548954e+00
2.706000e-05	3.195269e-03	2.548863e+00
2.707000e-05	3.673777e-03	2.455685e+00
2.708000e-05	4.405994e-03	2.423130e+00
2.709000e-05	3.884184e-03	2.411079e+00
2.710000e-05	3.323337e-03	2.380074e+00
2.711000e-05	3.904927e-03	2.399524e+00
2.712000e-05	4.273553e-03	2.338395e+00
2.713000e-05	2.907014e-03	2.306786e+00
2.714000e-05	2.586868e-03	2.243710e+00
2.715000e-05	2.633669e-03	2.263033e+00
2.716000e-05	3.217685e-03	2.221076e+00
2.717000e-05	2.265534e-03	2.178969e+00
2.718000e-05	1.832353e-03	2.178949e+00
2.719000e-05	2.900876e-03	2.086762e+00
2.720000e-05	2.731657e-03	2.076709e+00
2.721000e-05	2.375537e-03	2.042155e+00
2.722000e-05	2.280773e-03	2.010054e+00
2.723000e-05	1.522246e-03	2.000023e+00
2.724000e-05	1.943686e-03	1.989525e+00
2.725000e-05	1.558865e-03	1.947945e+00
2.726000e-05	1.259143e-03	1.886744e+00
2.727000e-05	9.034351e-04	1.876739e+00
2.728000e-05	1.125918e-03	1.803578e+00
2.729000e-05	2.206942e-03	1.779951e+00
2.730000e-05	1.605941e-03	1.768895e+00
2.731000e-05	1.244152e-03	1.734288e+00
2.732000e-05	1.703124e-03	1.687267e+00
2.733000e-05	1.342604e-03	1.664082e+00
2.734000e-05	3.218345e-04	1.612620e+00
2.735000e-05	2.802461e-05	1.600948e+00
2.736000e-05	-1.031773e-04	1.537336e+00
2.737000e-05	1.135249e-03	1.504157e+00
2.738000e-05	5.718328e-04	1.452576e+00
2.739000e-05	1.485266e-04	1.399975e+00
2.740000e-05	5.998404e-04	1.370416e+00
2.741000e-05	6.097462e-04	1.305842e+00
2.742000e-05	-6.187690e-04	1.264136e+00
2.743000e-05	-1.015573e-03	1.232056e+00
2.744000e-05	-6.471012e-05	1.219551e+00
2.745000e-05	7.969587e-04	1.168971e+00
2.746000e-05	3.786780e-04	1.147340e+00
2.747000e-05	-1.684395e-03	1.041609e+00
2.748000e-05	7.289672e-05	9.510477e-01
2.749000e-05	-1.229170e-04	9.153435e-01
2.750000e-05	5.863938e-05	8.652105e-01
2.751000e-05	-1.817603e-03	8.405514e-01
2.752000e-05	-1.452045e-03	8.100511e-01
2.753000e-05	-9.599125e-04	7.804461e-01
2.754000e-05	5.209908e-04	7.279410e-01
2.755000e-05	-1.936317e-03	7.272867e-01
2.756000e-05	-1.938184e-03	6.456330e-01
2.757000e-05	-1.776090e-03	6.216826e-01
2.758000e-05	-4.501725e-04	5.994475e-01
2.759000e-05	-2.111076e-03	5.294147e-01
2.760000e-05	-2.037339e-03	4.747621e-01
2.761000e-05	-8.155591e-04	4.542393e-01
2.762000e-05	8.744097e-06	4.621003e-01
2.763000e-05	-2.189890e-03	3.910250e-01
2.764000e-05	-2.810386e-03	3.684475e-01
2.765000e-05	-2.751133e-03	3.269211e-01
2.766000e-05	-2.153587e-03	2.963144e-01
2.767000e-05	-3.184447e-03	2.246327e-01
2.768000e-05	-3.089555e-03	1.804899e-01
2.769000e-05	-2.246642e-03	1.268858e-01
2.770000e-05	-2.001114e-03	7.305426e-02
2.771000e-05	-2.938270e-03	-6.972378e-03
2.772000e-05	-2.526582e-03	5.130625e-05
2.773000e-05	-1.431712e-03	-3.058139e-02
2.774000e-05	-9.610270e-04	-6.310659e-02
2.775000e-05	-2.777572e-03	-1.132632e-01
2.776000e-05	-2.446621e-03	-1.678471e-01
2.777000e-05	-2.085931e-03	-1.679713e-01
2.778000e-05	-1.031055e-03	-2.310250e-01
2.779000e-05	-1.684680e-03	-2.616290e-01
2.780000e-05	8.831387e-03	-2.646643e-01
2.781000e-05	1.681383e-02	-3.473132e-01
2.782000e-05	-6.302056e-03	-3.879212e-01
2.783000e-05	-3.241908e-02	-4.094811e-01
2.784000e-05	-1.275566e-02	-4.626301e-01
2.785000e-05	2.175558e-02	-4.826592e-01
2.786000e-05	8.822052e-03	-5.246867e-01
2.787000e-05	-2.064445e-02	-6.274275e-01
2.788000e-05	1.557974e-02	-6.216101e-01
2.789000e-05	3.115285e-02	-7.062155e-01
2.790000e-05	-6.941658e-03	-7.648658e-01
2.791000e-05	-1.178342e-02	-7.573973e-01
2.792000e-05	-1.321881e-02	-8.090263e-01
2.793000e-05	1.278577e-02	-8.410527e-01
2.794000e-05	-3.273411e-02	-8.832377e-01
2.795000e-05	4.107564e-02	-9.158685e-01
2.796000e-05	-4.261833e-02	-9.364208e-01
2.797000e-05	-2.056299e-02	-1.000499e+00
2.798000e-05	1.273066e-02	-1.040981e+00
2.799000e-05	2.083727e-02	-1.104240e+00
2.800000e-05	-2.484837e-02	-1.155764e+00
2.801000e-05	-1.782251e-02	-1.126818e+00
2.802000e-05	4.926311e-02	-1.219500e+00
2.803000e-05	-2.272084e-02	-1.262163e+00
2.804000e-05	-2.038527e-02	-1.313237e+00
2.805000e-05	-1.638773e-02	-1.334823e+00
2.806000e-05	2.835427e-02	-1.440538e+00
2.807000e-05	-1.783781e-02	-1.535241e+00
2.808000e-05	-9.655581e-03	-1.556840e+00
2.809000e-05	-1.902393e-02	-1.568894e+00
2.810000e-05	2.941450e-02	-1.578476e+00
2.811000e-05	-1.201790e-02	-1.623551e+00
2.812000e-05	-2.446895e-02	-1.651132e+00
2.813000e-05	4.441858e-03	-1.704685e+00
2.814000e-05	7.159815e-03	-1.745845e+00
2.815000e-05	-1.465777e-02	-1.757397e+00
2.816000e-05	-5.787992e-03	-1.829525e+00
2.817000e-05	-3.151301e-03	-1.820503e+00
2.818000e-05	-1.093946e-02	-1.861687e+00
2.819000e-05	9.434168e-03	-1.936311e+00
2.820000e-05	-1.896219e-02	-1.958446e+00
2.821000e-05	-7.819621e-03	-1.979472e+00
2.822000e-05	3.633575e-03	-1.999998e+00
2.823000e-05	-1.752480e-03	-2.011054e+00
2.824000e-05	-1.630511e-02	-2.022080e+00
2.825000e-05	-2.795306e-03	-2.083213e+00
2.826000e-05	-7.872709e-03	-2.125795e+00
2.827000e-05	3.393149e-03	-2.189017e+00
2.828000e-05	-1.419807e-02	-2.274138e+00
2.829000e-05	-9.351954e-03	-2.295710e+00
2.830000e-05	-1.459263e-03	-2.357947e+00
2.831000e-05	-2.017958e-03	-2.377869e+00
2.832000e-05	-1.456241e-02	-2.390526e+00
2.833000e-05	-8.355024e-03	-2.390574e+00
2.834000e-05	-2.843543e-03	-2.412481e+00
2.835000e-05	-2.053144e-04	-2.472162e+00
2.836000e-05	-1.274785e-02	-2.503660e+00
2.837000e-05	-9.262085e-03	-2.534866e+00
2.838000e-05	-4.075063e-03	-2.577396e+00
2.839000e-05	-6.680625e-03	-2.620528e+00
2.840000e-05	-1.097371e-02	-2.631153e+00
2.841000e-05	-1.127161e-02	-2.653613e+00
2.842000e-05	-1.895500e-03	-2.693263e+00
2.843000e-05	-4.314462e-03	-2.746318e+00
2.844000e-05	-9.726838e-03	-2.758471e+00
2.845000e-05	-1.269734e-02	-2.778472e+00
2.846000e-05	-4.281471e-03	-2.800021e+00
2.847000e-05	-9.387388e-03	-2.820001e+00
2.848000e-05	-9.458304e-03	-2.840078e+00
2.849000e-05	-1.346860e-02	-2.823605e+00
2.850000e-05	-3.277010e-03	-2.874711e+00
2.851000e-05	-5.772907e-03	-2.875271e+00
2.852000e-05	-8.151369e-03	-2.966991e+00
2.853000e-05	-1.261218e-02	-3.039479e+00
2.854000e-05	-6.774339e-03	-3.073062e+00
2.855000e-05	-8.166149e-03	-3.104254e+00
2.856000e-05	-1.037745e-02	-3.128442e+00
2.857000e-05	-1.403823e-02	-3.125897e+00
2.858000e-05	-7.560070e-03	-3.178972e+00
2.859000e-05	-6.523518e-03	-3.181025e+00
2.860000e-05	-9.048342e-03	-3.201025e+00
2.861000e-05	-1.131932e-02	-3.240550e+00
2.862000e-05	-9.020656e-03	-3.240578e+00
2.863000e-05	-6.401645e-03	-3.222728e+00
2.864000e-05	-1.217672e-02	-3.313785e+00
2.865000e-05	-1.197280e-02	-3.274745e+00
2.866000e-05	-1.063947e-02	-3.346863e+00
2.867000e-05	-7.193626e-03	-3.378467e+00
2.868000e-05	-1.165795e-02	-3.348274e+00
2.869000e-05	-1.195283e-02	-3.390024e+00
2.870000e-05	-9.592756e-03	-3.411028e+00
2.871000e-05	-8.617145e-03	-3.399975e+00
2.872000e-05	-1.287196e-02	-3.442575e+00
2.873000e-05	-1.316179e-02	-3.463234e+00
2.874000e-05	-1.088892e-02	-3.483208e+00
2.875000e-05	-8.686156e-03	-3.496311e+00
2.876000e-05	-1.169682e-02	-3.535270e+00
2.877000e-05	-1.277284e-02	-3.526421e+00
2.878000e-05	-1.053947e-02	-3.568474e+00
2.879000e-05	-1.060119e-02	-3.588444e+00
2.880000e-05	-1.252427e-02	-3.588450e+00
2.881000e-05	-1.384288e-02	-3.599496e+00
2.882000e-05	-1.177529e-02	-3.579500e+00
2.883000e-05	-1.026262e-02	-3.600001e+00
2.884000e-05	-1.232202e-02	-3.600029e+00
2.885000e-05	-1.352356e-02	-3.611078e+00
2.886000e-05	-1.293205e-02	-3.631605e+00
2.887000e-05	-1.281624e-02	-3.661631e+00
2.888000e-05	-1.256527e-02	-3.641161e+00
2.889000e-05	-1.518515e-02	-3.643637e+00
2.890000e-05	-1.394179e-02	-3.665263e+00
2.891000e-05	-1.111906e-02	-3.695312e+00
2.892000e-05	-1.272644e-02	-3.654742e+00
2.893000e-05	-1.511031e-02	-3.746867e+00
2.894000e-05	-1.520570e-02	-3.766997e+00
2.895000e-05	-1.334021e-02	-3.738406e+00
2.896000e-05	-1.348802e-02	-3.767602e+00
2.897000e-05	-1.676493e-02	-3.806521e+00
2.898000e-05	-1.601099e-02	-3.823607e+00
2.899000e-05	-1.353871e-02	-3.832558e+00
2.900000e-05	-1.532649e-02	-3.862158e+00
2.901000e-05	-1.609850e-02	-3.843660e+00
2.902000e-05	-1.701754e-02	-3.884187e+00
2.903000e-05	-1.509324e-02	-3.911789e+00
2.904000e-05	-1.608932e-02	-3.884268e+00
2.905000e-05	-1.705448e-02	-3.885836e+00
2.906000e-05	-1.892160e-02	-3.886788e+00
2.907000e-05	-1.658911e-02	-3.925243e+00
2.908000e-05	-1.703298e-02	-3.945314e+00
2.909000e-05	-1.829102e-02	-3.886343e+00
2.910000e-05	-1.994099e-02	-3.937368e+00
2.911000e-05	-1.678762e-02	-3.906439e+00
2.912000e-05	-1.756857e-02	-3.945243e+00
2.913000e-05	-1.834796e-02	-3.937843e+00
2.914000e-05	-2.045801e-02	-3.956842e+00
2.915000e-05	-1.906365e-02	-3.964271e+00
2.916000e-05	-1.909977e-02	-3.906388e+00
2.917000e-05	-2.014695e-02	-3.949370e+00
2.918000e-05	-2.082568e-02	-3.937418e+00
2.919000e-05	-2.079504e-02	-3.967840e+00
2.920000e-05	-2.061830e-02	-3.936871e+00
2.921000e-05	-1.991763e-02	-3.916293e+00
2.922000e-05	-2.065215e-02	-3.924913e+00
2.923000e-05	-2.187807e-02	-3.936291e+00
2.924000e-05	-2.004620e-02	-3.924366e+00
2.925000e-05	-2.245991e-02	-3.933288e+00
2.926000e-05	-2.197588e-02	-3.925763e+00
2.927000e-05	-2.252938e-02	-3.874661e+00
2.928000e-05	-2.067513e-02	-3.864736e+00
2.929000e-05	-2.044254e-02	-3.883211e+00
2.930000e-05	-2.099741e-02	-3.910230e+00
2.931000e-05	-2.215101e-02	-3.822635e+00
2.932000e-05	-2.089216e-02	-3.853634e+00
2.933000e-05	-2.065931e-02	-3.863658e+00
2.934000e-05	-2.203742e-02	-3.772158e+00
2.935000e-05	-2.217915e-02	-3.812101e+00
2.936000e-05	-2.028731e-02	-3.807976e+00
2.937000e-05	-1.883535e-02	-3.745973e+00
2.938000e-05	-2.089260e-02	-3.747368e+00
2.939000e-05	-2.078773e-02	-3.704768e+00
2.940000e-05	-2.141497e-02	-3.695662e+00
2.941000e-05	-1.874009e-02	-3.714833e+00
2.942000e-05	-2.098761e-02	-3.695187e+00
2.943000e-05	-2.045374e-02	-3.671582e+00
2.944000e-05	-2.036403e-02	-3.622088e+00
2.945000e-05	-1.812594e-02	-3.611583e+00
2.946000e-05	-1.860825e-02	-3.600003e+00
2.947000e-05	-1.939687e-02	-3.620076e+00
2.948000e-05	-1.824347e-02	-3.611025e+00
2.949000e-05	-1.806754e-02	-3.589499e+00
2.950000e-05	-1.890736e-02	-3.600001e+00
2.951000e-05	-1.771819e-02	-3.548949e+00
2.952000e-05	-1.707335e-02	-3.597923e+00
2.953000e-05	-1.574284e-02	-3.557896e+00
2.954000e-05	-1.824927e-02	-3.588419e+00
2.955000e-05	-1.670672e-02	-3.547367e+00
2.956000e-05	-1.634338e-02	-3.534211e+00
2.957000e-05	-1.564018e-02	-3.485338e+00
2.958000e-05	-1.555185e-02	-3.454537e+00
2.959000e-05	-1.667703e-02	-3.433159e+00
2.960000e-05	-1.559027e-02	-3.431604e+00
2.961000e-05	-1.569454e-02	-3.410578e+00
2.962000e-05	-1.473576e-02	-3.379026e+00
2.963000e-05	-1.553265e-02	-3.398973e+00
2.964000e-05	-1.410649e-02	-3.358441e+00
2.965000e-05	-1.364515e-02	-3.286817e+00
2.966000e-05	-1.252791e-02	-3.305791e+00
2.967000e-05	-1.449888e-02	-3.255261e+00
2.968000e-05	-1.471477e-02	-3.272684e+00
2.969000e-05	-1.446758e-02	-3.233203e+00
2.970000e-05	-1.275530e-02	-3.231078e+00
2.971000e-05	-1.342746e-02	-3.211050e+00
2.972000e-05	-1.277785e-02	-3.190498e+00
2.973000e-05	-1.295742e-02	-3.177474e+00
2.974000e-05	-1.034357e-02	-3.138918e+00
2.975000e-05	-1.392122e-02	-3.135821e+00
2.976000e-05	-1.287955e-02	-3.084263e+00
2.977000e-05	-1.260307e-02	-3.064128e+00
2.978000e-05	-1.058921e-02	-3.019430e+00
2.979000e-05	-1.049060e-02	-2.959975e+00
2.980000e-05	-1.219042e-02	-2.896421e+00
2.981000e-05	-1.086808e-02	-2.883810e+00
2.982000e-05	-1.137910e-02	-2.853608e+00
2.983000e-05	-1.132200e-02	-2.841103e+00
2.984000e-05	-1.319991e-02	-2.800000e+00
2.985000e-05	-1.071756e-02	-2.790050e+00
2.986000e-05	-1.013516e-02	-2.798446e+00
2.987000e-05	-7.546703e-03	-2.737449e+00
2.988000e-05	-9.036091e-03	-2.756337e+00
2.989000e-05	-9.651009e-03	-2.682736e+00
2.990000e-05	-1.120186e-02	-2.664156e+00
2.991000e-05	-1.010249e-02	-2.661677e+00
2.992000e-05	-1.081745e-02	-2.580029e+00
2.993000e-05	-1.121035e-02	-2.589996e+00
2.994000e-05	-7.651999e-03	-2.507365e+00
2.995000e-05	-7.383462e-03	-2.494258e+00
2.996000e-05	-6.396406e-03	-2.465233e+00
2.997000e-05	-8.518607e-03	-2.463182e+00
2.998000e-05	-8.389691e-03	-2.410554e+00
2.999000e-05	-1.055906e-02	-2.420050e+00
3.000000e-05	-9.111403e-03	-2.378975e+00
3.001000e-05	-1.085893e-02	-2.347471e+00
3.002000e-05	-6.898842e-03	-2.305918e+00
3.003000e-05	-8.101604e-03	-2.242680e+00
3.004000e-05	-4.987963e-03	-2.191978e+00
3.005000e-05	-6.859579e-03	-2.138920e+00
3.006000e-05	-7.149264e-03	-2.083812e+00
3.007000e-05	-7.992624e-03	-2.044681e+00
3.008000e-05	-8.473450e-03	-2.022651e+00
3.009000e-05	-9.443552e-03	-1.979974e+00
3.010000e-05	-7.958648e-03	-1.998500e+00
3.011000e-05	-6.720531e-03	-1.957920e+00
3.012000e-05	-5.036456e-03	-1.925914e+00
3.013000e-05	-5.622860e-03	-1.894734e+00
3.014000e-05	-6.179291e-03	-1.841205e+00
3.015000e-05	-6.445823e-03	-1.802153e+00
3.016000e-05	-7.941552e-03	-1.788976e+00
3.017000e-05	-7.626840e-03	-1.758419e+00
3.018000e-05	-7.517383e-03	-1.715841e+00
3.019000e-05	-7.552836e-03	-1.664183e+00
3.020000e-05	-4.978262e-03	-1.643580e+00
3.021000e-05	-4.550062e-03	-1.610554e+00
3.022000e-05	-5.160795e-03	-1.570003e+00
3.023000e-05	-6.593641e-03	-1.517449e+00
3.024000e-05	-5.493698e-03	-1.495388e+00
3.025000e-05	-6.378233e-03	-1.492129e+00
3.026000e-05	-7.720729e-03	-1.427577e+00
3.027000e-05	-6.256521e-03	-1.310395e+00
3.028000e-05	-3.909289e-03	-1.253783e+00
3.029000e-05	-4.731051e-03	-1.221552e+00
3.030000e-05	-5.469118e-03	-1.159954e+00
3.031000e-05	-5.279378e-03	-1.157946e+00
3.032000e-05	-4.333443e-03	-1.106867e+00
3.033000e-05	-5.855349e-03	-1.093609e+00
3.034000e-05	-6.008913e-03	-1.041178e+00
3.035000e-05	-4.551982e-03	-1.039501e+00
3.036000e-05	-3.538642e-03	-9.879249e-01
3.037000e-05	-4.199556e-03	-9.278644e-01
3.038000e-05	-5.882529e-03	-8.356891e-01
3.039000e-05	-5.287833e-03	-8.416030e-01
3.040000e-05	-3.321520e-03	-8.205013e-01
3.041000e-05	-5.035342e-03	-7.800226e-01
3.042000e-05	-4.907822e-03	-7.784236e-01
3.043000e-05	-4.540472e-03	-7.349132e-01
3.044000e-05	-4.224257e-03	-6.646028e-01
3.045000e-05	-3.018858e-03	-5.910462e-01
3.046000e-05	-4.398980e-03	-4.694182e-01
3.047000e-05	-4.829067e-03	-4.532380e-01
3.048000e-05	-4.086014e-03	-4.216278e-01
3.049000e-05	-3.519468e-03	-4.100276e-01
3.050000e-05	-5.478280e-03	-3.889987e-01
3.051000e-05	-5.112953e-03	-3.469173e-01
3.052000e-05	-3.588372e-03	-3.257907e-01
3.053000e-05	-2.606265e-03	-2.736818e-01
3.054000e-05	-4.297814e-03	-2.215528e-01
3.055000e-05	-3.009521e-03	-1.900239e-01
3.056000e-05	-2.668639e-03	-1.693960e-01
3.057000e-05	-2.803144e-03	-7.586834e-02
3.058000e-05	-3.698070e-03	-4.373545e-02
3.059000e-05	-2.110117e-03	-4.208289e-02
3.060000e-05	-1.059536e-03	-3.047769e-02
3.061000e-05	-1.260792e-03	-1.868468e-05
3.062000e-05	-1.932793e-03	3.210265e-02
3.063000e-05	-1.815584e-03	5.321279e-02
3.064000e-05	-3.258651e-04	1.489159e-01
3.065000e-05	4.987862e-03	1.993999e-01
3.066000e-05	1.012024e-02	2.826355e-01
3.067000e-05	9.588575e-03	3.373686e-01
3.068000e-05	-2.419149e-02	3.979211e-01
3.069000e-05	-2.964661e-02	3.990263e-01
3.070000e-05	2.318880e-02	4.230264e-01
3.071000e-05	-7.913180e-04	4.525778e-01
3.072000e-05	1.107514e-02	5.352156e-01
3.073000e-05	-4.375009e-02	5.473934e-01
3.074000e-05	4.833174e-02	5.994748e-01
3.075000e-05	3.971412e-03	6.505303e-01
3.076000e-05	-1.571600e-02	6.921616e-01
3.077000e-05	6.538186e-03	7.257094e-01
3.078000e-05	-2.357596e-02	7.478695e-01
3.079000e-05	1.682056e-02	7.689212e-01
3.080000e-05	-9.716250e-03	8.195025e-01
3.081000e-05	2.618801e-02	8.405514e-01
3.082000e-05	-3.942869e-02	9.137395e-01
3.083000e-05	1.067533e-02	9.263930e-01
3.084000e-05	2.089893e-02	1.018080e+00
3.085000e-05	8.523129e-04	1.050555e+00
3.086000e-05	-4.325275e-02	1.056789e+00
3.087000e-05	3.115153e-02	1.166424e+00
3.088000e-05	1.033543e-02	1.210999e+00
3.089000e-05	-3.951446e-03	1.231580e+00
3.090000e-05	-2.378347e-02	1.294187e+00
3.091000e-05	1.430582e-02	1.347318e+00
3.092000e-05	1.185291e-02	1.387421e+00
3.093000e-05	-7.942990e-03	1.442499e+00
3.094000e-05	-5.870150e-03	1.512132e+00
3.095000e-05	2.024102e-03	1.544363e+00
3.096000e-05	1.906748e-02	1.578748e+00
3.097000e-05	-1.556157e-02	1.590101e+00
3.098000e-05	2.565885e-03	1.703036e+00
3.099000e-05	-1.420984e-03	1.676262e+00
3.100000e-05	9.301525e-03	1.725266e+00
3.101000e-05	-4.398093e-03	1.787449e+00
3.102000e-05	4.399113e-03	1.790475e+00
3.103000e-05	-1.051430e-02	1.851583e+00
3.104000e-05	1.475327e-02	1.882660e+00
3.105000e-05	-1.817167e-03	1.916166e+00
3.106000e-05	-4.001340e-03	1.947871e+00
3.107000e-05	-7.840015e-04	1.979497e+00
3.108000e-05	1.108891e-02	2.009998e+00
3.109000e-05	-3.148601e-03	2.011026e+00
3.110000e-05	-2.048168e-03	2.051605e+00
3.111000e-05	7.990008e-04	2.084682e+00
3.112000e-05	6.722144e-03	2.125712e+00
3.113000e-05	8.763205e-04	2.177919e+00
3.114000e-05	-2.745324e-03	2.178400e+00
3.115000e-05	2.515540e-03	2.210454e+00
3.116000e-05	6.437606e-03	2.222055e+00
3.117000e-05	2.456590e-03	2.275634e+00
3.118000e-05	-4.666178e-03	2.364740e+00
3.119000e-05	3.041453e-03	2.377575e+00
3.120000e-05	5.266597e-03	2.338420e+00
3.121000e-05	3.042276e-03	2.379975e+00
3.122000e-05	-2.239344e-03	2.399055e+00
3.123000e-05	4.024095e-03	2.443576e+00
3.124000e-05	4.453974e-03	2.482681e+00
3.125000e-05	5.392932e-03	2.504743e+00
3.126000e-05	-2.874277e-03	2.587222e+00
3.127000e-05	4.373607e-03	2.630896e+00
3.128000e-05	4.727713e-03	2.703213e+00
3.129000e-05	5.601859e-03	2.715212e+00
3.130000e-05	-1.502051e-03	2.757298e+00
3.131000e-05	4.160842e-03	2.798447e+00
3.132000e-05	4.610698e-03	2.810500e+00
3.133000e-05	5.658629e-03	2.800549e+00
3.134000e-05	7.601691e-04	2.812025e+00
3.135000e-05	4.036782e-03	2.842580e+00
3.136000e-05	5.701409e-03	2.874660e+00
3.137000e-05	5.272727e-03	2.885263e+00
3.138000e-05	2.428321e-03	2.896864e+00
3.139000e-05	2.254820e-03	2.968895e+00
3.140000e-05	6.437000e-03	2.998476e+00
3.141000e-05	4.190079e-03	3.010028e+00
3.142000e-05	4.767597e-03	3.009503e+00
3.143000e-05	2.182910e-03	3.062526e+00
3.144000e-05	7.208086e-03	3.071237e+00
3.145000e-05	5.262637e-03	3.085664e+00
3.146000e-05	5.465529e-03	3.106742e+00
3.147000e-05	3.571612e-03	3.136241e+00
3.148000e-05	5.990242e-03	3.158301e+00
3.149000e-05	6.295264e-03	3.149920e+00
3.150000e-05	4.773241e-03	3.189501e+00
3.151000e-05	3.844466e-03	3.189977e+00
3.152000e-05	6.596298e-03	3.200505e+00
3.153000e-05	6.087109e-03	3.231626e+00
3.154000e-05	6.221542e-03	3.251154e+00
3.155000e-05	4.138277e-03	3.282157e+00
3.156000e-05	6.896429e-03	3.254242e+00
3.157000e-05	7.133807e-03	3.376438e+00
3.158000e-05	6.360909e-03	3.319792e+00
3.159000e-05	6.019919e-03	3.386404e+00
3.160000e-05	6.425435e-03	3.460458e+00
3.161000e-05	6.749611e-03	3.452783e+00
3.162000e-05	6.904398e-03	3.484735e+00
3.163000e-05	6.291710e-03	3.476241e+00
3.164000e-05	7.593491e-03	3.537792e+00
3.165000e-05	8.786088e-03	3.597267e+00
3.166000e-05	6.715930e-03	3.569349e+00
3.167000e-05	6.912791e-03	3.588873e+00
3.168000e-05	6.664764e-03	3.589450e+00
3.169000e-05	8.589458e-03	3.599950e+00
3.170000e-05	7.462896e-03	3.600526e+00
3.171000e-05	8.361697e-03	3.600024e+00
3.172000e-05	8.995481e-03	3.620050e+00
3.173000e-05	8.803135e-03	3.622129e+00
3.174000e-05	8.813777e-03	3.661051e+00
3.175000e-05	6.932704e-03	3.641553e+00
3.176000e-05	9.010994e-03	3.623658e+00
3.177000e-05	8.847463e-03	3.663058e+00
3.178000e-05	9.120921e-03	3.691708e+00
3.179000e-05	8.544565e-03	3.703683e+00
3.180000e-05	1.032526e-02	3.673209e+00
3.181000e-05	9.701854e-03	3.713735e+00
3.182000e-05	9.190969e-03	3.726361e+00
3.183000e-05	8.804923e-03	3.745793e+00
3.184000e-05	1.129289e-02	3.746815e+00
3.185000e-05	9.643733e-03	3.746364e+00
3.186000e-05	1.167533e-02	3.746820e+00
3.187000e-05	1.087731e-02	3.757391e+00
3.188000e-05	1.269528e-02	3.747896e+00
3.189000e-05	1.053278e-02	3.758395e+00
3.190000e-05	1.233367e-02	3.769874e+00
3.191000e-05	1.070654e-02	3.758947e+00
3.192000e-05	1.180179e-02	3.768917e+00
3.193000e-05	1.281980e-02	3.788947e+00
3.194000e-05	1.325741e-02	3.788495e+00
3.195000e-05	1.340561e-02	3.759097e+00
3.196000e-05	1.253573e-02	3.769947e+00
3.197000e-05	1.387243e-02	3.769947e+00
3.198000e-05	1.455695e-02	3.799974e+00
3.199000e-05	1.398705e-02	3.778974e+00
3.200000e-05	1.494017e-02	3.800451e+00
3.201000e-05	1.347320e-02	3.779000e+00
3.202000e-05	1.526133e-02	3.790974e+00
3.203000e-05	1.468008e-02	3.798950e+00
3.204000e-05	1.602273e-02	3.789455e+00
3.205000e-05	1.597849e-02	3.768972e+00
3.206000e-05	1.713540e-02	3.779397e+00
3.207000e-05	1.539295e-02	3.778874e+00
3.208000e-05	1.699274e-02	3.768968e+00
3.209000e-05	1.403179e-02	3.797899e+00
3.210000e-05	1.720819e-02	3.758870e+00
3.211000e-05	1.584372e-02	3.778372e+00
3.212000e-05	1.690624e-02	3.777921e+00
3.213000e-05	1.669569e-02	3.736368e+00
3.214000e-05	1.677582e-02	3.786897e+00
3.215000e-05	1.739913e-02	3.758342e+00
3.216000e-05	1.699375e-02	3.686315e+00
3.217000e-05	1.599872e-02	3.704838e+00
3.218000e-05	1.609209e-02	3.706713e+00
3.219000e-05	1.635756e-02	3.715212e+00
3.220000e-05	1.589530e-02	3.655786e+00
3.221000e-05	1.554967e-02	3.692085e+00
3.222000e-05	1.534690e-02	3.684185e+00
3.223000e-05	1.564135e-02	3.642128e+00
3.224000e-05	1.468240e-02	3.661058e+00
3.225000e-05	1.487679e-02	3.631101e+00
3.226000e-05	1.571029e-02	3.601605e+00
3.227000e-05	1.425081e-02	3.620526e+00
3.228000e-05	1.439966e-02	3.600525e+00
3.229000e-05	1.256644e-02	3.591500e+00
3.230000e-05	1.423797e-02	3.600000e+00
3.231000e-05	1.316534e-02	3.600500e+00
3.232000e-05	1.302443e-02	3.589001e+00
3.233000e-05	1.227807e-02	3.579472e+00
3.234000e-05	1.418581e-02	3.559397e+00
3.235000e-05	1.225505e-02	3.548394e+00
3.236000e-05	1.201458e-02	3.547342e+00
3.237000e-05	1.150174e-02	3.567365e+00
3.238000e-05	1.223648e-02	3.477342e+00
3.239000e-05	1.237540e-02	3.485284e+00
3.240000e-05	1.059338e-02	3.443709e+00
3.241000e-05	1.065313e-02	3.423177e+00
3.242000e-05	1.073185e-02	3.411997e+00
3.243000e-05	1.125428e-02	3.321274e+00
3.244000e-05	9.519853e-03	3.286737e+00
3.245000e-05	9.802783e-03	3.266737e+00
3.246000e-05	1.084192e-02	3.253132e+00
3.247000e-05	1.050063e-02	3.233254e+00
3.248000e-05	8.204177e-03	3.241553e+00
3.249000e-05	9.327935e-03	3.200105e+00
3.250000e-05	8.519134e-03	3.200078e+00
3.251000e-05	8.443789e-03	3.200000e+00
3.252000e-05	6.899430e-03	3.179445e+00
3.253000e-05	8.761726e-03	3.157346e+00
3.254000e-05	8.396229e-03	3.147820e+00
3.255000e-05	8.708373e-03	3.115791e+00
3.256000e-05	7.645407e-03	3.085207e+00
3.257000e-05	7.618225e-03	3.062230e+00
3.258000e-05	7.942341e-03	3.033028e+00
3.259000e-05	7.096896e-03	2.991026e+00
3.260000e-05	6.380605e-03	2.999402e+00
3.261000e-05	6.027117e-03	2.948946e+00
3.262000e-05	5.824808e-03	2.998422e+00
3.263000e-05	6.628957e-03	2.915788e+00
3.264000e-05	6.270301e-03	2.894286e+00
3.265000e-05	5.026530e-03	2.854207e+00
3.266000e-05	6.193670e-03	2.854053e+00
3.267000e-05	6.598865e-03	2.811100e+00
3.268000e-05	6.614756e-03	2.802026e+00
3.269000e-05	4.587732e-03	2.799999e+00
3.270000e-05	4.420856e-03	2.789972e+00
3.271000e-05	5.312322e-03	2.757894e+00
3.272000e-05	5.095718e-03	2.717345e+00
3.273000e-05	3.346681e-03	2.664231e+00
3.274000e-05	4.219670e-03	2.552101e+00
3.275000e-05	4.859877e-03	2.518918e+00
3.276000e-05	6.211620e-03	2.545840e+00
3.277000e-05	3.433387e-03	2.484630e+00
3.278000e-05	4.047818e-03	2.421033e+00
3.279000e-05	4.088711e-03	2.421053e+00
3.280000e-05	3.842886e-03	2.411076e+00
3.281000e-05	2.183845e-03	2.369500e+00
3.282000e-05	2.646599e-03	2.335390e+00
3.283000e-05	4.342745e-03	2.317736e+00
3.284000e-05	4.747520e-03	2.255256e+00
3.285000e-05	1.075592e-03	2.241628e+00
3.286000e-05	2.871639e-03	2.180526e+00
3.287000e-05	2.967075e-03	2.200400e+00
3.288000e-05	4.507265e-03	2.158417e+00
3.289000e-05	9.954553e-04	2.116312e+00
3.290000e-05	1.460102e-03	2.074635e+00
3.291000e-05	2.251427e-03	2.062027e+00
3.292000e-05	3.225192e-03	2.002505e+00
3.293000e-05	6.171278e-04	1.980500e+00
3.294000e-05	3.700108e-04	1.968949e+00
3.295000e-05	2.005317e-03	1.977344e+00
3.296000e-05	2.706610e-03	1.905812e+00
3.297000e-05	1.061933e-03	1.885187e+00
3.298000e-05	1.383152e-03	1.802054e+00
3.299000e-05	8.305772e-04	1.759920e+00
3.300000e-05	2.363249e-03	1.746946e+00
3.301000e-05	-4.776042e-04	1.735843e+00
3.302000e-05	3.648737e-04	1.675738e+00
3.303000e-05	8.534696e-04	1.611183e+00
3.304000e-05	7.544849e-04	1.580523e+00
3.305000e-05	9.366677e-04	1.630946e+00
3.306000e-05	9.507499e-05	1.486233e+00
3.307000e-05	1.072181e-03	1.443581e+00
3.308000e-05	4.030089e-04	1.401576e+00
3.309000e-05	-2.886600e-04	1.391021e+00
3.310000e-05	7.247558e-05	1.337396e+00
3.311000e-05	-7.841120e-04	1.316260e+00
3.312000e-05	-9.980659e-05	1.234737e+00
3.313000e-05	-4.384068e-04	1.222001e+00
3.314000e-05	-4.489420e-04	1.209499e+00
3.315000e-05	-3.614198e-04	1.168822e+00
3.316000e-05	-3.859474e-04	1.145809e+00
3.317000e-05	-8.066402e-04	1.064230e+00
3.318000e-05	-7.481103e-04	9.713933e-01
3.319000e-05	-9.964511e-04	8.942118e-01
3.320000e-05	-2.508931e-04	8.536556e-01
3.321000e-05	-1.522724e-03	8.025501e-01
3.322000e-05	2.603359e-04	7.794500e-01
3.323000e-05	-2.208029e-03	7.804935e-01
3.324000e-05	1.114974e-04	7.574158e-01
3.325000e-05	-1.376268e-03	6.771893e-01
3.326000e-05	-1.861044e-03	6.326342e-01
3.327000e-05	-2.058103e-03	5.920301e-01
3.328000e-05	-2.087421e-03	5.579474e-01
3.329000e-05	-1.703019e-03	5.083608e-01
3.330000e-05	-2.896695e-03	4.637142e-01
3.331000e-05	-2.260469e-03	4.226353e-01
3.332000e-05	-2.004366e-03	4.310025e-01
3.333000e-05	-1.544646e-03	3.990036e-01
3.334000e-05	-1.966246e-03	3.694187e-01
3.335000e-05	-3.111095e-03	3.568948e-01
3.336000e-05	-2.009371e-03	2.956856e-01
3.337000e-05	-2.218906e-03	2.020529e-01
3.338000e-05	-2.052065e-03	1.184433e-01
3.339000e-05	-2.291713e-03	1.037132e-01
3.340000e-05	-2.687762e-03	2.310788e-02
3.341000e-05	-1.705366e-03	1.102632e-02
3.342000e-05	-1.798124e-03	-1.047501e-02
3.343000e-05	-3.052475e-03	-4.163163e-02
3.344000e-05	-1.928781e-03	-9.278790e-02
3.345000e-05	-2.070760e-03	-1.348595e-01
3.346000e-05	1.450026e-04	-1.364186e-01
3.347000e-05	-2.441409e-03	-2.204986e-01
3.348000e-05	-1.612880e-03	-2.315328e-01
3.349000e-05	1.389397e-03	-2.631869e-01
3.350000e-05	1.276540e-02	-3.148657e-01
3.351000e-05	1.374344e-02	-3.368195e-01
3.352000e-05	-2.044157e-02	-3.888736e-01
3.353000e-05	-4.436314e-02	-4.410263e-01
3.354000e-05	2.915268e-02	-4.536303e-01
3.355000e-05	-9.500455e-03	-4.631805e-01
3.356000e-05	2.486590e-02	-5.742369e-01
3.357000e-05	-4.220401e-02	-6.501075e-01
3.358000e-05	5.532811e-02	-7.033353e-01
3.359000e-05	2.084033e-03	-7.058345e-01
3.360000e-05	-2.186127e-02	-7.673223e-01
3.361000e-05	5.419112e-03	-8.100463e-01
3.362000e-05	-2.783573e-02	-8.000240e-01
3.363000e-05	2.019350e-02	-8.215802e-01
3.364000e-05	-2.774508e-02	-9.042906e-01
3.365000e-05	3.750089e-02	-9.568185e-01
3.366000e-05	-5.961315e-02	-9.483223e-01
3.367000e-05	4.437796e-03	-1.020475e+00
3.368000e-05	1.631515e-02	-1.081088e+00
3.369000e-05	5.369735e-03	-1.115814e+00
3.370000e-05	-4.642590e-02	-1.147795e+00
3.371000e-05	4.096815e-02	-1.167424e+00
3.372000e-05	1.961734e-02	-1.211101e+00
3.373000e-05	-1.735604e-02	-1.265261e+00
3.374000e-05	-2.607520e-02	-1.304761e+00
3.375000e-05	1.028591e-02	-1.378428e+00
3.376000e-05	1.239551e-02	-1.491633e+00
3.377000e-05	-1.801350e-02	-1.563313e+00
3.378000e-05	-1.317685e-02	-1.536397e+00
3.379000e-05	-3.258442e-03	-1.569550e+00
3.380000e-05	2.791495e-02	-1.600525e+00
3.381000e-05	-3.759819e-02	-1.631103e+00
3.382000e-05	-7.670968e-03	-1.633089e+00
3.383000e-05	3.780720e-03	-1.705237e+00
3.384000e-05	5.381878e-03	-1.736871e+00
3.385000e-05	-2.086517e-02	-1.788425e+00
3.386000e-05	7.095651e-03	-1.830500e+00
3.387000e-05	-1.534188e-02	-1.830131e+00
3.388000e-05	4.998857e-03	-1.904138e+00
3.389000e-05	-5.228794e-03	-1.907322e+00
3.390000e-05	-1.881206e-02	-1.978368e+00
3.391000e-05	-2.621073e-03	-1.969476e+00
3.392000e-05	6.493802e-03	-2.010000e+00
3.393000e-05	-1.163534e-02	-2.011076e+00
3.394000e-05	-1.047051e-02	-2.032555e+00
3.395000e-05	-4.922155e-03	-2.125139e+00
3.396000e-05	-3.231107e-03	-2.165918e+00
3.397000e-05	-7.366316e-04	-2.217553e+00
3.398000e-05	-1.772855e-02	-2.239737e+00
3.399000e-05	-3.805721e-03	-2.304293e+00
3.400000e-05	-8.038542e-04	-2.366447e+00
3.401000e-05	-5.852542e-03	-2.399972e+00
3.402000e-05	-1.582188e-02	-2.399523e+00
3.403000e-05	-4.334280e-03	-2.439979e+00
3.404000e-05	-2.374543e-03	-2.451582e+00
3.405000e-05	-2.690461e-03	-2.512638e+00
3.406000e-05	-1.656047e-02	-2.505312e+00
3.407000e-05	-4.061575e-03	-2.526869e+00
3.408000e-05	-4.197669e-03	-2.598501e+00
3.409000e-05	-6.253191e-03	-2.601054e+00
3.410000e-05	-1.321979e-02	-2.621578e+00
3.411000e-05	-7.773883e-03	-2.695139e+00
3.412000e-05	-2.444199e-03	-2.714712e+00
3.413000e-05	-6.771446e-03	-2.726365e+00
3.414000e-05	-1.405717e-02	-2.748397e+00
3.415000e-05	-7.844220e-03	-2.799471e+00
3.416000e-05	-4.802013e-03	-2.790500e+00
3.417000e-05	-6.356382e-03	-2.789975e+00
3.418000e-05	-1.163180e-02	-2.850631e+00
3.419000e-05	-1.042203e-02	-2.853678e+00
3.420000e-05	-2.469986e-03	-2.924238e+00
3.421000e-05	-8.512982e-03	-2.907797e+00
3.422000e-05	-1.066013e-02	-2.968971e+00
3.423000e-05	-1.283078e-02	-2.999554e+00
3.424000e-05	-5.645704e-03	-3.092706e+00
3.425000e-05	-7.431435e-03	-3.123716e+00
3.426000e-05	-1.110050e-02	-3.136442e+00
3.427000e-05	-1.205142e-02	-3.157422e+00
3.428000e-05	-5.642389e-03	-3.188976e+00
3.429000e-05	-8.379221e-03	-3.200524e+00
3.430000e-05	-9.482325e-03	-3.199500e+00
3.431000e-05	-1.292617e-02	-3.211555e+00
3.432000e-05	-6.785179e-03	-3.221608e+00
3.433000e-05	-8.527866e-03	-3.241612e+00
3.434000e-05	-1.149296e-02	-3.305213e+00
3.435000e-05	-1.255445e-02	-3.355840e+00
3.436000e-05	-9.024074e-03	-3.306342e+00
3.437000e-05	-8.135846e-03	-3.358820e+00
3.438000e-05	-1.164047e-02	-3.410022e+00
3.439000e-05	-1.211229e-02	-3.359027e+00
3.440000e-05	-9.122555e-03	-3.400529e+00
3.441000e-05	-8.809675e-03	-3.411129e+00
3.442000e-05	-1.154863e-02	-3.432559e+00
3.443000e-05	-1.380707e-02	-3.484086e+00
3.444000e-05	-1.205597e-02	-3.494739e+00
3.445000e-05	-9.279011e-03	-3.535891e+00
3.446000e-05	-1.260108e-02	-3.546840e+00
3.447000e-05	-1.219980e-02	-3.566874e+00
3.448000e-05	-1.210753e-02	-3.587394e+00
3.449000e-05	-9.126923e-03	-3.568924e+00
3.450000e-05	-1.227156e-02	-3.599451e+00
3.451000e-05	-1.366816e-02	-3.599500e+00
3.452000e-05	-1.319312e-02	-3.579951e+00
3.453000e-05	-1.155069e-02	-3.600004e+00
3.454000e-05	-1.286620e-02	-3.591054e+00
3.455000e-05	-1.417248e-02	-3.629654e+00
3.456000e-05	-1.407210e-02	-3.630529e+00
3.457000e-05	-1.066162e-02	-3.622530e+00
3.458000e-05	-1.278804e-02	-3.632108e+00
3.459000e-05	-1.412304e-02	-3.702684e+00
3.460000e-05	-1.355944e-02	-3.705234e+00
3.461000e-05	-1.245931e-02	-3.683738e+00
3.462000e-05	-1.456571e-02	-3.706289e+00
3.463000e-05	-1.527426e-02	-3.757300e+00
3.464000e-05	-1.497027e-02	-3.725869e+00
3.465000e-05	-1.370404e-02	-3.777928e+00
3.466000e-05	-1.427493e-02	-3.810424e+00
3.467000e-05	-1.546077e-02	-3.788081e+00
3.468000e-05	-1.409663e-02	-3.800706e+00
3.469000e-05	-1.543536e-02	-3.812680e+00
3.470000e-05	-1.473142e-02	-3.833039e+00
3.471000e-05	-1.764690e-02	-3.853733e+00
3.472000e-05	-1.517575e-02	-3.873782e+00
3.473000e-05	-1.622117e-02	-3.883757e+00
3.474000e-05	-1.636927e-02	-3.874241e+00
3.475000e-05	-1.723616e-02	-3.886238e+00
3.476000e-05	-1.760022e-02	-3.954741e+00
3.477000e-05	-1.754669e-02	-3.922767e+00
3.478000e-05	-1.635015e-02	-3.906816e+00
3.479000e-05	-1.829974e-02	-3.895341e+00
3.480000e-05	-1.729453e-02	-3.936318e+00
3.481000e-05	-1.766078e-02	-3.927395e+00
3.482000e-05	-1.843099e-02	-3.936396e+00
3.483000e-05	-1.955282e-02	-3.916341e+00
3.484000e-05	-1.967303e-02	-3.935792e+00
3.485000e-05	-2.011732e-02	-3.957895e+00
3.486000e-05	-2.037520e-02	-3.918397e+00
3.487000e-05	-2.099011e-02	-3.937794e+00
3.488000e-05	-1.907177e-02	-3.947367e+00
3.489000e-05	-1.797568e-02	-3.887919e+00
3.490000e-05	-1.985186e-02	-3.927367e+00
3.491000e-05	-2.086337e-02	-3.915316e+00
3.492000e-05	-2.166896e-02	-3.916288e+00
3.493000e-05	-2.099375e-02	-3.887342e+00
3.494000e-05	-2.391829e-02	-3.917839e+00
3.495000e-05	-2.239193e-02	-3.886768e+00
3.496000e-05	-2.154268e-02	-3.926842e+00
3.497000e-05	-1.867623e-02	-3.835291e+00
3.498000e-05	-2.146003e-02	-3.906238e+00
3.499000e-05	-1.968140e-02	-3.875705e+00
3.500000e-05	-2.201345e-02	-3.871755e+00
3.501000e-05	-2.020249e-02	-3.852583e+00
3.502000e-05	-2.352691e-02	-3.822036e+00
3.503000e-05	-2.213154e-02	-3.790179e+00
3.504000e-05	-2.194312e-02	-3.781497e+00
3.505000e-05	-2.033574e-02	-3.780951e+00
3.506000e-05	-2.014330e-02	-3.758970e+00
3.507000e-05	-2.150458e-02	-3.777440e+00
3.508000e-05	-1.913366e-02	-3.744870e+00
3.509000e-05	-2.027378e-02	-3.734866e+00
3.510000e-05	-1.945198e-02	-3.663212e+00
3.511000e-05	-2.108227e-02	-3.654135e+00
3.512000e-05	-1.887496e-02	-3.673682e+00
3.513000e-05	-2.142680e-02	-3.652129e+00
3.514000e-05	-1.944887e-02	-3.630604e+00
3.515000e-05	-2.060362e-02	-3.630508e+00
3.516000e-05	-1.783470e-02	-3.609576e+00
3.517000e-05	-1.753146e-02	-3.611001e+00
3.518000e-05	-1.723125e-02	-3.600500e+00
3.519000e-05	-1.929529e-02	-3.599999e+00
3.520000e-05	-1.785185e-02	-3.590000e+00
3.521000e-05	-1.775687e-02	-3.579501e+00
3.522000e-05	-1.700018e-02	-3.548421e+00
3.523000e-05	-1.860214e-02	-3.547922e+00
3.524000e-05	-1.608382e-02	-3.565846e+00
3.525000e-05	-1.473942e-02	-3.515892e+00
3.526000e-05	-1.754565e-02	-3.526338e+00
3.527000e-05	-1.725837e-02	-3.445758e+00
3.528000e-05	-1.815628e-02	-3.453184e+00
3.529000e-05	-1.319630e-02	-3.452107e+00
3.530000e-05	-1.575892e-02	-3.422579e+00
3.531000e-05	-1.355699e-02	-3.400025e+00
3.532000e-05	-1.531434e-02	-3.400000e+00
3.533000e-05	-1.191289e-02	-3.338051e+00
3.534000e-05	-1.636165e-02	-3.348892e+00
3.535000e-05	-1.481387e-02	-3.314318e+00
3.536000e-05	-1.514205e-02	-3.344811e+00
3.537000e-05	-1.236805e-02	-3.273283e+00
3.538000e-05	-1.288905e-02	-3.221658e+00
3.539000e-05	-1.405782e-02	-3.213103e+00
3.540000e-05	-1.252472e-02	-3.210105e+00
3.541000e-05	-1.212688e-02	-3.179499e+00
3.542000e-05	-1.185826e-02	-3.168025e+00
3.543000e-05	-1.456710e-02	-3.169422e+00
3.544000e-05	-1.269177e-02	-3.107419e+00
3.545000e-05	-1.286430e-02	-3.114261e+00
3.546000e-05	-1.060036e-02	-3.074759e+00
3.547000e-05	-1.217431e-02	-3.021632e+00
3.548000e-05	-1.031441e-02	-2.960575e+00
3.549000e-05	-1.107202e-02	-2.928388e+00
3.550000e-05	-9.283690e-03	-2.885317e+00
3.551000e-05	-1.205758e-02	-2.873228e+00
3.552000e-05	-1.233180e-02	-2.822080e+00
3.553000e-05	-1.085189e-02	-2.830578e+00
3.554000e-05	-9.768254e-03	-2.791550e+00
3.555000e-05	-1.022972e-02	-2.799500e+00
3.556000e-05	-1.101034e-02	-2.768472e+00
3.557000e-05	-9.456506e-03	-2.728470e+00
3.558000e-05	-9.056347e-03	-2.725840e+00
3.559000e-05	-1.025756e-02	-2.653763e+00
3.560000e-05	-1.046294e-02	-2.641755e+00
3.561000e-05	-8.127685e-03	-2.642656e+00
3.562000e-05	-8.356234e-03	-2.578949e+00
3.563000e-05	-9.909735e-03	-2.568446e+00
3.564000e-05	-9.800820e-03	-2.545894e+00
3.565000e-05	-9.371353e-03	-2.475707e+00
3.566000e-05	-8.367898e-03	-2.413728e+00
3.567000e-05	-9.276512e-03	-2.441079e+00
3.568000e-05	-7.430644e-03	-2.401054e+00
3.569000e-05	-8.421090e-03	-2.390024e+00
3.570000e-05	-7.264856e-03	-2.378971e+00
3.571000e-05	-8.549337e-03	-2.337967e+00
3.572000e-05	-8.282904e-03	-2.252312e+00
3.573000e-05	-8.248200e-03	-2.250777e+00
3.574000e-05	-8.842160e-03	-2.146549e+00
3.575000e-05	-7.536380e-03	-2.108295e+00
3.576000e-05	-8.171310e-03	-2.064757e+00
3.577000e-05	-7.819207e-03	-2.062607e+00
3.578000e-05	-7.720691e-03	-2.040229e+00
3.579000e-05	-6.534018e-03	-2.000025e+00
3.580000e-05	-7.270346e-03	-1.999451e+00
3.581000e-05	-7.010294e-03	-1.929345e+00
3.582000e-05	-6.366055e-03	-1.915912e+00
3.583000e-05	-6.103180e-03	-1.864709e+00
3.584000e-05	-7.499119e-03	-1.822579e+00
3.585000e-05	-7.513111e-03	-1.790050e+00
3.586000e-05	-6.719144e-03	-1.767447e+00
3.587000e-05	-5.222068e-03	-1.708868e+00
3.588000e-05	-7.256845e-03	-1.707862e+00
3.589000e-05	-5.723215e-03	-1.663082e+00
3.590000e-05	-6.444529e-03	-1.632054e+00
3.591000e-05	-5.100879e-03	-1.590075e+00
3.592000e-05	-6.031718e-03	-1.599496e+00
3.593000e-05	-6.217836e-03	-1.528394e+00
3.594000e-05	-5.302536e-03	-1.485314e+00
3.595000e-05	-5.208592e-03	-1.392601e+00
3.596000e-05	-5.681254e-03	-1.367439e+00
3.597000e-05	-6.380335e-03	-1.254334e+00
3.598000e-05	-5.794899e-03	-1.264157e+00
3.599000e-05	-4.876394e-03	-1.220529e+00
3.600000e-05	-4.896163e-03	-1.188499e+00
3.601000e-05	-4.793178e-03	-1.137367e+00
3.602000e-05	-5.078871e-03	-1.084786e+00
3.603000e-05	-5.198216e-03	-1.082157e+00
3.604000e-05	-4.779458e-03	-9.915527e-01
3.605000e-05	-5.587407e-03	-9.694735e-01
3.606000e-05	-5.688869e-03	-9.273422e-01
3.607000e-05	-4.201491e-03	-8.943356e-01
3.608000e-05	-4.813444e-03	-8.636580e-01
3.609000e-05	-4.846458e-03	-8.330776e-01
3.610000e-05	-3.767546e-03	-8.179025e-01
3.611000e-05	-4.549740e-03	-7.999476e-01
3.612000e-05	-3.366778e-03	-7.773449e-01
3.613000e-05	-4.687105e-03	-6.948606e-01
3.614000e-05	-4.182420e-03	-6.216265e-01
3.615000e-05	-4.601405e-03	-5.494699e-01
3.616000e-05	-2.990099e-03	-4.957630e-01
3.617000e-05	-4.643817e-03	-4.241553e-01
3.618000e-05	-3.014269e-03	-4.005289e-01
3.619000e-05	-4.524687e-03	-3.704787e-01
3.620000e-05	-2.193251e-03	-3.484949e-01
3.621000e-05	-4.048466e-03	-3.578170e-01
3.622000e-05	-3.848680e-03	-2.657346e-01
3.623000e-05	-4.284116e-03	-2.630788e-01
3.624000e-05	-3.305430e-03	-2.116038e-01
3.625000e-05	-3.830936e-03	-1.599736e-01
3.626000e-05	-3.327546e-03	-1.763172e-01
3.627000e-05	-3.647558e-03	-9.483441e-02
3.628000e-05	-1.511009e-03	-4.413164e-02
3.629000e-05	-1.761497e-03	-2.163150e-02
3.630000e-05	-1.010654e-03	-1.049999e-02
3.631000e-05	-1.635932e-03	1.105258e-02
3.632000e-05	-7.535278e-04	6.310528e-02
3.633000e-05	-1.282214e-03	1.247155e-01
3.634000e-05	-5.738875e-04	1.689183e-01
3.635000e-05	8.285975e-03	2.405537e-01
3.636000e-05	1.412353e-02	2.966606e-01
3.637000e-05	-6.083956e-03	3.563184e-01
3.638000e-05	-2.718663e-02	4.194712e-01
3.639000e-05	-2.355993e-02	4.005000e-01
3.640000e-05	3.403357e-02	4.515789e-01
3.641000e-05	-3.011446e-03	4.916565e-01
3.642000e-05	-1.610368e-02	5.038170e-01
3.643000e-05	-4.791607e-03	5.588461e-01
3.644000e-05	3.163826e-02	5.894498e-01
3.645000e-05	-2.822895e-03	6.526066e-01
3.646000e-05	-1.287957e-02	6.647304e-01
3.647000e-05	-1.005693e-02	7.352394e-01
3.648000e-05	1.147733e-02	7.688496e-01
3.649000e-05	-1.875766e-02	7.799999e-01
3.650000e-05	4.321501e-02	8.300274e-01
3.651000e-05	-3.551742e-02	8.616339e-01
3.652000e-05	-7.406574e-03	9.337204e-01
3.653000e-05	8.477078e-03	1.004866e+00
3.654000e-05	2.062633e-02	1.062922e+00
3.655000e-05	-2.354034e-02	1.084736e+00
3.656000e-05	-2.406040e-02	1.157297e+00
3.657000e-05	4.403309e-02	1.199499e+00
3.658000e-05	-6.258166e-03	1.229980e+00
3.659000e-05	-7.145859e-03	1.253583e+00
3.660000e-05	-1.962386e-02	1.325739e+00
3.661000e-05	2.983179e-02	1.326392e+00
3.662000e-05	-6.318241e-03	1.408374e+00
3.663000e-05	-2.406325e-03	1.393000e+00
3.664000e-05	-1.393399e-02	1.511660e+00
3.665000e-05	2.379798e-02	1.537767e+00
3.666000e-05	-3.266344e-03	1.637424e+00
3.667000e-05	-5.750019e-03	1.692481e+00
3.668000e-05	-3.116675e-03	1.664209e+00
3.669000e-05	6.986063e-03	1.706312e+00
3.670000e-05	3.523324e-03	1.745871e+00
3.671000e-05	-5.474249e-04	1.768468e+00
3.672000e-05	-1.218700e-03	1.809505e+00
3.673000e-05	-1.766862e-03	1.862579e+00
3.674000e-05	1.477211e-02	1.875211e+00
3.675000e-05	-8.362236e-03	1.947292e+00
3.676000e-05	-1.407588e-03	1.956448e+00
3.677000e-05	2.059527e-03	1.999525e+00
3.678000e-05	1.088085e-02	1.990001e+00
3.679000e-05	-6.810670e-03	2.021554e+00
3.680000e-05	2.799905e-03	2.052105e+00
3.681000e-05	7.313391e-05	2.116138e+00
3.682000e-05	9.533814e-03	2.124769e+00
3.683000e-05	-1.645533e-03	2.179345e+00
3.684000e-05	-4.483866e-05	2.190002e+00
3.685000e-05	8.607697e-04	2.221975e+00
3.686000e-05	8.035671e-03	2.254082e+00
3.687000e-05	-1.649676e-03	2.285135e+00
3.688000e-05	-1.393152e-03	2.306715e+00
3.689000e-05	2.195785e-03	2.367421e+00
3.690000e-05	6.992768e-03	2.358397e+00
3.691000e-05	8.461021e-04	2.389977e+00
3.692000e-05	4.949131e-04	2.431553e+00
3.693000e-05	3.573997e-03	2.461085e+00
3.694000e-05	5.525475e-03	2.505635e+00
3.695000e-05	2.308699e-03	2.515261e+00
3.696000e-05	-1.943028e-03	2.610948e+00
3.697000e-05	4.319974e-03	2.620956e+00
3.698000e-05	4.488205e-03	2.695254e+00
3.699000e-05	3.093782e-03	2.717785e+00
3.700000e-05	-4.530929e-04	2.766448e+00
3.701000e-05	5.655004e-03	2.778424e+00
3.702000e-05	4.598973e-03	2.810475e+00
3.703000e-05	5.778876e-03	2.800025e+00
3.704000e-05	-4.475305e-05	2.810053e+00
3.705000e-05	5.229946e-03	2.863160e+00
3.706000e-05	3.976105e-03	2.882759e+00
3.707000e-05	4.848949e-03	2.897338e+00
3.708000e-05	1.341158e-04	2.937845e+00
3.709000e-05	4.660312e-03	2.927947e+00
3.710000e-05	5.524497e-03	2.999446e+00
3.711000e-05	6.118793e-03	2.999952e+00
3.712000e-05	2.277787e-03	3.031503e+00
3.713000e-05	4.489926e-03	3.053605e+00
3.714000e-05	6.025410e-03	3.072760e+00
3.715000e-05	4.352336e-03	3.075787e+00
3.716000e-05	3.429384e-03	3.123789e+00
3.717000e-05	4.208949e-03	3.146791e+00
3.718000e-05	7.737973e-03	3.167920e+00
3.719000e-05	5.660734e-03	3.189897e+00
3.720000e-05	4.682471e-03	3.199500e+00
3.721000e-05	4.832745e-03	3.191454e+00
3.722000e-05	7.075124e-03	3.221050e+00
3.723000e-05	5.525091e-03	3.221080e+00
3.724000e-05	5.372216e-03	3.260555e+00
3.725000e-05	4.841175e-03	3.295134e+00
3.726000e-05	7.373723e-03	3.335867e+00
3.727000e-05	5.474136e-03	3.306268e+00
3.728000e-05	5.339564e-03	3.377418e+00
3.729000e-05	5.426069e-03	3.409276e+00
3.730000e-05	7.486117e-03	3.451956e+00
3.731000e-05	8.027068e-03	3.513210e+00
3.732000e-05	7.021181e-03	3.433787e+00
3.733000e-05	7.172851e-03	3.554336e+00
3.734000e-05	8.684609e-03	3.547843e+00
3.735000e-05	6.884629e-03	3.557422e+00
3.736000e-05	6.073439e-03	3.578872e+00
3.737000e-05	6.665556e-03	3.579449e+00
3.738000e-05	7.731176e-03	3.590000e+00
3.739000e-05	8.592725e-03	3.569500e+00
3.740000e-05	7.321434e-03	3.600526e+00
3.741000e-05	8.584799e-03	3.630526e+00
3.742000e-05	9.966838e-03	3.620076e+00
3.743000e-05	9.518286e-03	3.631055e+00
3.744000e-05	7.577894e-03	3.641053e+00
3.745000e-05	7.495176e-03	3.621605e+00
3.746000e-05	9.744036e-03	3.632055e+00
3.747000e-05	8.747173e-03	3.670085e+00
3.748000e-05	8.405019e-03	3.684107e+00
3.749000e-05	8.661845e-03	3.643584e+00
3.750000e-05	1.227943e-02	3.664284e+00
3.751000e-05	1.057414e-02	3.713112e+00
3.752000e-05	9.527748e-03	3.726314e+00
3.753000e-05	9.311259e-03	3.697316e+00
3.754000e-05	1.117059e-02	3.717266e+00
3.755000e-05	1.040488e-02	3.726867e+00
3.756000e-05	9.481839e-03	3.778843e+00
3.757000e-05	1.045678e-02	3.737975e+00
3.758000e-05	1.285717e-02	3.736793e+00
3.759000e-05	1.300319e-02	3.777393e+00
3.760000e-05	1.107089e-02	3.757445e+00
3.761000e-05	1.103317e-02	3.769494e+00
3.762000e-05	1.300583e-02	3.799870e+00
3.763000e-05	1.272934e-02	3.758975e+00
3.764000e-05	1.162191e-02	3.788450e+00
3.765000e-05	1.370867e-02	3.778944e+00
3.766000e-05	1.443662e-02	3.779000e+00
3.767000e-05	1.591613e-02	3.748973e+00
3.768000e-05	1.200136e-02	3.787472e+00
3.769000e-05	1.303009e-02	3.808497e+00
3.770000e-05	1.366866e-02	3.798396e+00
3.771000e-05	1.607188e-02	3.779950e+00
3.772000e-05	1.531419e-02	3.769477e+00
3.773000e-05	1.644986e-02	3.789522e+00
3.774000e-05	1.449797e-02	3.779447e+00
3.775000e-05	1.757028e-02	3.749446e+00
3.776000e-05	1.511371e-02	3.779991e+00
3.777000e-05	1.505946e-02	3.777447e+00
3.778000e-05	1.512729e-02	3.798397e+00
3.779000e-05	1.685899e-02	3.778897e+00
3.780000e-05	1.688171e-02	3.757970e+00
3.781000e-05	1.539256e-02	3.777868e+00
3.782000e-05	1.720755e-02	3.747917e+00
3.783000e-05	1.787751e-02	3.707840e+00
3.784000e-05	1.711411e-02	3.756792e+00
3.785000e-05	1.517809e-02	3.735837e+00
3.786000e-05	1.552453e-02	3.695818e+00
3.787000e-05	1.696948e-02	3.705361e+00
3.788000e-05	1.503519e-02	3.696288e+00
3.789000e-05	1.481096e-02	3.694287e+00
3.790000e-05	1.614734e-02	3.665157e+00
3.791000e-05	1.756684e-02	3.703807e+00
3.792000e-05	1.743802e-02	3.672659e+00
3.793000e-05	1.468668e-02	3.653109e+00
3.794000e-05	1.504057e-02	3.612053e+00
3.795000e-05	1.621116e-02	3.621004e+00
3.796000e-05	1.448094e-02	3.622077e+00
3.797000e-05	1.431024e-02	3.601003e+00
3.798000e-05	1.244736e-02	3.621575e+00
3.799000e-05	1.600645e-02	3.599503e+00
3.800000e-05	1.382391e-02	3.599978e+00
3.801000e-05	1.375249e-02	3.589525e+00
3.802000e-05	1.236696e-02	3.578999e+00
3.803000e-05	1.409045e-02	3.569449e+00
3.804000e-05	1.354630e-02	3.568999e+00
3.805000e-05	1.238707e-02	3.579421e+00
3.806000e-05	1.088003e-02	3.557814e+00
3.807000e-05	1.294208e-02	3.516817e+00
3.808000e-05	1.256821e-02	3.496761e+00
3.809000e-05	1.114393e-02	3.472707e+00
3.810000e-05	1.047643e-02	3.464129e+00
3.811000e-05	1.193095e-02	3.419599e+00
3.812000e-05	1.218262e-02	3.349868e+00
3.813000e-05	1.116198e-02	3.337962e+00
3.814000e-05	9.474841e-03	3.306233e+00
3.815000e-05	1.053148e-02	3.245159e+00
3.816000e-05	1.089069e-02	3.223680e+00
3.817000e-05	9.743833e-03	3.232028e+00
3.818000e-05	8.196573e-03	3.221026e+00
3.819000e-05	9.516411e-03	3.231476e+00
3.820000e-05	9.064436e-03	3.198999e+00
3.821000e-05	9.184025e-03	3.189474e+00
3.822000e-05	7.973571e-03	3.179422e+00
3.823000e-05	8.832029e-03	3.187395e+00
3.824000e-05	8.655755e-03	3.146365e+00
3.825000e-05	7.575596e-03	3.105183e+00
3.826000e-05	5.958247e-03	3.063785e+00
3.827000e-05	7.670453e-03	3.022154e+00
3.828000e-05	6.164650e-03	2.990551e+00
3.829000e-05	8.563840e-03	2.979999e+00
3.830000e-05	5.208913e-03	2.989997e+00
3.831000e-05	7.439224e-03	2.957321e+00
3.832000e-05	6.454139e-03	2.917892e+00
3.833000e-05	7.962299e-03	2.915216e+00
3.834000e-05	5.487092e-03	2.884263e+00
3.835000e-05	5.746425e-03	2.863181e+00
3.836000e-05	4.686561e-03	2.821028e+00
3.837000e-05	6.771119e-03	2.791550e+00
3.838000e-05	4.284993e-03	2.800475e+00
3.839000e-05	4.656071e-03	2.789476e+00
3.840000e-05	4.824505e-03	2.758874e+00
3.841000e-05	6.190793e-03	2.766290e+00
3.842000e-05	4.302215e-03	2.666209e+00
3.843000e-05	4.243766e-03	2.641079e+00
3.844000e-05	4.720629e-03	2.621416e+00
3.845000e-05	4.989792e-03	2.516295e+00
3.846000e-05	4.287051e-03	2.475713e+00
3.847000e-05	2.629047e-03	2.443157e+00
3.848000e-05	3.928476e-03	2.382031e+00
3.849000e-05	3.813487e-03	2.400553e+00
3.850000e-05	3.766924e-03	2.399474e+00
3.851000e-05	3.400126e-03	2.356946e+00
3.852000e-05	2.453155e-03	2.356861e+00
3.853000e-05	4.478274e-03	2.284133e+00
3.854000e-05	3.638281e-03	2.252631e+00
3.855000e-05	2.914290e-03	2.212054e+00
3.856000e-05	2.231739e-03	2.180525e+00
3.857000e-05	2.824673e-03	2.188370e+00
3.858000e-05	2.962455e-03	2.097367e+00
3.859000e-05	2.388022e-03	2.064242e+00
3.860000e-05	1.561536e-03	2.063556e+00
3.861000e-05	2.131592e-03	2.040580e+00
3.862000e-05	3.332477e-03	2.000053e+00
3.863000e-05	1.292937e-03	1.989972e+00
3.864000e-05	1.082948e-03	1.958370e+00
3.865000e-05	2.003115e-03	1.946367e+00
3.866000e-05	1.339841e-03	1.917318e+00
3.867000e-05	1.697105e-03	1.922178e+00
3.868000e-05	1.236553e-04	1.772450e+00
3.869000e-05	2.053782e-03	1.770447e+00
3.870000e-05	1.099935e-03	1.715366e+00
3.871000e-05	9.455462e-04	1.696315e+00
3.872000e-05	4.744673e-04	1.652735e+00
3.873000e-05	1.451944e-03	1.633158e+00
3.874000e-05	1.867964e-03	1.580919e+00
3.875000e-05	1.955124e-04	1.537891e+00
3.876000e-05	-4.248015e-04	1.495136e+00
3.877000e-05	3.198440e-04	1.422578e+00
3.878000e-05	-6.975576e-04	1.389521e+00
3.879000e-05	1.250253e-04	1.349996e+00
3.880000e-05	-9.076452e-04	1.307759e+00
3.881000e-05	2.953144e-04	1.314235e+00
3.882000e-05	-7.082649e-04	1.222632e+00
3.883000e-05	1.209468e-03	1.199024e+00
3.884000e-05	-1.230096e-03	1.149447e+00
3.885000e-05	-4.622121e-04	1.127843e+00
3.886000e-05	-7.364571e-05	1.084258e+00
3.887000e-05	-3.812035e-05	9.315464e-01
3.888000e-05	-1.187531e-03	9.183159e-01
3.889000e-05	-1.661749e-03	8.947355e-01
3.890000e-05	-1.248624e-03	8.320827e-01
3.891000e-05	-2.365726e-05	8.010013e-01
3.892000e-05	-1.264323e-03	7.594988e-01
3.893000e-05	-1.963366e-03	7.284383e-01
3.894000e-05	-1.560179e-03	6.978110e-01
3.895000e-05	-7.810422e-04	6.737842e-01
3.896000e-05	-9.098357e-04	6.221040e-01
3.897000e-05	-2.239359e-03	5.904924e-01
3.898000e-05	-3.018165e-03	5.683198e-01
3.899000e-05	-1.178833e-03	4.967607e-01
3.900000e-05	-1.374526e-03	4.451805e-01
3.901000e-05	-2.706824e-03	4.420538e-01
3.902000e-05	-3.167904e-03	4.105001e-01
3.903000e-05	-5.440969e-04	3.794974e-01
3.904000e-05	-1.346034e-03	3.389185e-01
3.905000e-05	-2.510519e-03	3.053344e-01
3.906000e-05	-2.855118e-03	2.656804e-01
3.907000e-05	-2.126523e-03	1.888887e-01
3.908000e-05	-2.432663e-03	1.163409e-01
3.909000e-05	-3.343665e-03	5.463294e-02
3.910000e-05	-3.916530e-03	2.202881e-02
3.911000e-05	-2.677565e-03	-1.049863e-02
3.912000e-05	-9.503148e-04	-2.155263e-02
3.913000e-05	-1.715989e-03	-6.015640e-02
3.914000e-05	-2.278954e-03	-1.037669e-01
3.915000e-05	-4.235641e-04	-1.568447e-01
3.916000e-05	-1.412547e-03	-1.588971e-01
3.917000e-05	-2.150750e-03	-2.199988e-01
3.918000e-05	-2.372946e-03	-2.425590e-01
3.919000e-05	6.414843e-03	-2.831869e-01
3.920000e-05	1.667052e-02	-3.058405e-01
3.921000e-05	3.767566e-04	-3.789209e-01
3.922000e-05	-2.862514e-02	-4.000763e-01
3.923000e-05	-2.861397e-02	-4.396316e-01
3.924000e-05	3.363187e-02	-4.826805e-01
3.925000e-05	1.707436e-03	-4.937129e-01
3.926000e-05	-6.105343e-03	-5.683498e-01
3.927000e-05	-1.004466e-02	-6.706015e-01
3.928000e-05	4.069661e-02	-6.723870e-01
3.929000e-05	-5.085182e-03	-7.442433e-01
3.930000e-05	-2.084868e-02	-7.984209e-01
3.931000e-05	-3.842388e-03	-7.890013e-01
3.932000e-05	-3.096857e-03	-8.716027e-01
3.933000e-05	-1.616940e-02	-8.516577e-01
3.934000e-05	2.161292e-02	-9.453657e-01
3.935000e-05	-1.638625e-02	-9.273461e-01
3.936000e-05	-3.247265e-02	-9.884485e-01
3.937000e-05	1.680547e-02	-1.062557e+00
3.938000e-05	1.925199e-02	-1.103234e+00
3.939000e-05	-1.810628e-02	-1.126313e+00
3.940000e-05	-3.036996e-02	-1.177796e+00
3.941000e-05	5.685794e-02	-1.208949e+00
3.942000e-05	-1.576621e-02	-1.241108e+00
3.943000e-05	-1.869955e-02	-1.334288e+00
3.944000e-05	-2.148002e-02	-1.357245e+00
3.945000e-05	2.869894e-02	-1.429531e+00
3.946000e-05	-1.173601e-02	-1.485686e+00
3.947000e-05	-1.288118e-02	-1.535365e+00
3.948000e-05	-1.908073e-02	-1.598925e+00
3.949000e-05	2.242046e-02	-1.569996e+00
3.950000e-05	9.051251e-04	-1.619081e+00
3.951000e-05	-3.391886e-02	-1.673109e+00
3.952000e-05	2.456206e-03	-1.683715e+00
3.953000e-05	7.986345e-03	-1.735866e+00
3.954000e-05	-9.464030e-03	-1.767421e+00
3.955000e-05	-1.290637e-02	-1.808974e+00
3.956000e-05	2.441673e-03	-1.842086e+00
3.957000e-05	-1.309579e-02	-1.892081e+00
3.958000e-05	1.109780e-02	-1.936217e+00
3.959000e-05	-1.938469e-02	-1.936842e+00
3.960000e-05	-1.146385e-02	-1.968396e+00
3.961000e-05	2.668913e-03	-1.988975e+00
3.962000e-05	1.818156e-03	-1.990001e+00
3.963000e-05	-1.806563e-02	-2.010558e+00
3.964000e-05	-2.840301e-03	-2.082608e+00
3.965000e-05	-6.568070e-03	-2.115817e+00
3.966000e-05	4.043032e-03	-2.187472e+00
3.967000e-05	-1.179406e-02	-2.249709e+00
3.968000e-05	-1.327890e-02	-2.292892e+00
3.969000e-05	-1.908558e-03	-2.356867e+00
3.970000e-05	-7.317367e-04	-2.358445e+00
3.971000e-05	-1.368628e-02	-2.389025e+00
3.972000e-05	-1.090438e-02	-2.399500e+00
3.973000e-05	-3.526764e-03	-2.432028e+00
3.974000e-05	-2.651364e-04	-2.452632e+00
3.975000e-05	-9.354627e-03	-2.513266e+00
3.976000e-05	-1.254158e-02	-2.536871e+00
3.977000e-05	-2.934569e-03	-2.567441e+00
3.978000e-05	-5.403023e-03	-2.569024e+00
3.979000e-05	-9.504394e-03	-2.621529e+00
3.980000e-05	-1.339382e-02	-2.632105e+00
3.981000e-05	-3.416591e-03	-2.692636e+00
3.982000e-05	-4.700201e-03	-2.706871e+00
3.983000e-05	-7.875439e-03	-2.746421e+00
3.984000e-05	-1.405590e-02	-2.768422e+00
3.985000e-05	-2.828402e-03	-2.779474e+00
3.986000e-05	-6.865736e-03	-2.800000e+00
3.987000e-05	-6.843112e-03	-2.820054e+00
3.988000e-05	-1.343655e-02	-2.832655e+00
3.989000e-05	-5.737948e-03	-2.852209e+00
3.990000e-05	-5.987450e-03	-2.883716e+00
3.991000e-05	-9.239300e-03	-3.025975e+00
3.992000e-05	-1.223165e-02	-3.007978e+00
3.993000e-05	-7.944073e-03	-3.040554e+00
3.994000e-05	-6.899032e-03	-3.102238e+00
3.995000e-05	-8.307035e-03	-3.145395e+00
3.996000e-05	-1.139248e-02	-3.148420e+00
3.997000e-05	-9.649859e-03	-3.178975e+00
3.998000e-05	-6.761156e-03	-3.199975e+00
3.999000e-05	-1.030772e-02	-3.209999e+00
4.000000e-05	-1.124439e-02	-3.240005e+00
4.001000e-05	-1.121088e-02	-3.201605e+00
4.002000e-05	-6.532910e-03	-3.273662e+00
4.003000e-05	-9.929709e-03	-3.283812e+00
4.004000e-05	-1.131812e-02	-3.314313e+00
4.005000e-05	-1.089206e-02	-3.297313e+00
4.006000e-05	-8.766177e-03	-3.356921e+00
4.007000e-05	-9.114676e-03	-3.348501e+00
4.008000e-05	-1.258310e-02	-3.359027e+00
4.009000e-05	-1.137389e-02	-3.420500e+00
4.010000e-05	-9.961969e-03	-3.409529e+00
4.011000e-05	-1.026781e-02	-3.402575e+00
4.012000e-05	-1.277275e-02	-3.453184e+00
4.013000e-05	-1.102351e-02	-3.473763e+00
4.014000e-05	-1.087493e-02	-3.525661e+00
4.015000e-05	-9.786058e-03	-3.494189e+00
4.016000e-05	-1.252544e-02	-3.536794e+00
4.017000e-05	-1.144332e-02	-3.568397e+00
4.018000e-05	-1.188534e-02	-3.588971e+00
4.019000e-05	-1.174777e-02	-3.569950e+00
4.020000e-05	-1.345464e-02	-3.589500e+00
4.021000e-05	-1.272788e-02	-3.589976e+00
4.022000e-05	-1.152279e-02	-3.580503e+00
4.023000e-05	-1.145940e-02	-3.611551e+00
4.024000e-05	-1.410989e-02	-3.620604e+00
4.025000e-05	-1.258405e-02	-3.660053e+00
4.026000e-05	-1.256228e-02	-3.610532e+00
4.027000e-05	-1.214793e-02	-3.653033e+00
4.028000e-05	-1.504735e-02	-3.664130e+00
4.029000e-05	-1.336495e-02	-3.643339e+00
4.030000e-05	-1.360567e-02	-3.664259e+00
4.031000e-05	-1.287815e-02	-3.707869e+00
4.032000e-05	-1.566248e-02	-3.728373e+00
4.033000e-05	-1.455916e-02	-3.714922e+00
4.034000e-05	-1.408114e-02	-3.756421e+00
4.035000e-05	-1.340419e-02	-3.799576e+00
4.036000e-05	-1.505960e-02	-3.810955e+00
4.037000e-05	-1.601926e-02	-3.782104e+00
4.038000e-05	-1.585838e-02	-3.829162e+00
4.039000e-05	-1.497903e-02	-3.892086e+00
4.040000e-05	-1.643395e-02	-3.852060e+00
4.041000e-05	-1.715240e-02	-3.872664e+00
4.042000e-05	-1.625382e-02	-3.854640e+00
4.043000e-05	-1.556192e-02	-3.904215e+00
4.044000e-05	-1.669788e-02	-3.896364e+00
4.045000e-05	-1.755358e-02	-3.894762e+00
4.046000e-05	-1.680366e-02	-3.905818e+00
4.047000e-05	-1.670140e-02	-3.916416e+00
4.048000e-05	-1.762797e-02	-3.907318e+00
4.049000e-05	-1.922976e-02	-3.957343e+00
4.050000e-05	-1.855707e-02	-3.908368e+00
4.051000e-05	-1.814491e-02	-3.905842e+00
4.052000e-05	-1.909388e-02	-3.914895e+00
4.053000e-05	-1.917838e-02	-3.926842e+00
4.054000e-05	-1.969948e-02	-3.947869e+00
4.055000e-05	-1.757216e-02	-3.968396e+00
4.056000e-05	-1.979882e-02	-3.947393e+00
4.057000e-05	-2.039261e-02	-3.957366e+00
4.058000e-05	-2.116932e-02	-3.936894e+00
4.059000e-05	-1.982680e-02	-3.956417e+00
4.060000e-05	-2.016617e-02	-3.976766e+00
4.061000e-05	-2.160693e-02	-3.926341e+00
4.062000e-05	-2.174689e-02	-3.895363e+00
4.063000e-05	-2.064203e-02	-3.945917e+00
4.064000e-05	-2.226401e-02	-3.936418e+00
4.065000e-05	-2.111562e-02	-3.964839e+00
4.066000e-05	-2.154190e-02	-3.906813e+00
4.067000e-05	-1.951146e-02	-3.905813e+00
4.068000e-05	-2.145502e-02	-3.852163e+00
4.069000e-05	-2.144793e-02	-3.863014e+00
4.070000e-05	-2.120990e-02	-3.893215e+00
4.071000e-05	-2.156663e-02	-3.783109e+00
4.072000e-05	-2.106848e-02	-3.838505e+00
4.073000e-05	-2.302715e-02	-3.812649e+00
4.074000e-05	-2.094747e-02	-3.812023e+00
4.075000e-05	-2.089841e-02	-3.728474e+00
4.076000e-05	-1.971693e-02	-3.749450e+00
4.077000e-05	-2.155086e-02	-3.717798e+00
4.078000e-05	-1.996145e-02	-3.696270e+00
4.079000e-05	-2.014106e-02	-3.665241e+00
4.080000e-05	-1.982455e-02	-3.674311e+00
4.081000e-05	-2.206611e-02	-3.643159e+00
4.082000e-05	-2.051687e-02	-3.643214e+00
4.083000e-05	-1.922520e-02	-3.652654e+00
4.084000e-05	-1.920317e-02	-3.631584e+00
4.085000e-05	-1.974821e-02	-3.611078e+00
4.086000e-05	-1.926337e-02	-3.610550e+00
4.087000e-05	-1.809590e-02	-3.602028e+00
4.088000e-05	-1.924894e-02	-3.610503e+00
4.089000e-05	-1.863643e-02	-3.600001e+00
4.090000e-05	-1.925506e-02	-3.589973e+00
4.091000e-05	-1.779016e-02	-3.579474e+00
4.092000e-05	-1.842851e-02	-3.549395e+00
4.093000e-05	-1.772567e-02	-3.548369e+00
4.094000e-05	-1.737357e-02	-3.526341e+00
4.095000e-05	-1.588185e-02	-3.466837e+00
4.096000e-05	-1.599895e-02	-3.486837e+00
4.097000e-05	-1.548811e-02	-3.454257e+00
4.098000e-05	-1.628012e-02	-3.432635e+00
4.099000e-05	-1.533997e-02	-3.441603e+00
4.100000e-05	-1.540981e-02	-3.400126e+00
4.101000e-05	-1.652333e-02	-3.390500e+00
4.102000e-05	-1.455776e-02	-3.378971e+00
4.103000e-05	-1.495144e-02	-3.388466e+00
4.104000e-05	-1.316826e-02	-3.386393e+00
4.105000e-05	-1.368340e-02	-3.315366e+00
4.106000e-05	-1.417850e-02	-3.314239e+00
4.107000e-05	-1.392367e-02	-3.243738e+00
4.108000e-05	-1.336152e-02	-3.242105e+00
4.109000e-05	-1.406927e-02	-3.242106e+00
4.110000e-05	-1.407845e-02	-3.210551e+00
4.111000e-05	-1.297466e-02	-3.189499e+00
4.112000e-05	-1.237007e-02	-3.169520e+00
4.113000e-05	-1.269039e-02	-3.138400e+00
4.114000e-05	-1.210433e-02	-3.115344e+00
4.115000e-05	-1.250150e-02	-3.034788e+00
4.116000e-05	-1.111358e-02	-3.073738e+00
4.117000e-05	-1.114001e-02	-3.031581e+00
4.118000e-05	-1.190019e-02	-2.947479e+00
4.119000e-05	-1.207082e-02	-2.924842e+00
4.120000e-05	-1.139526e-02	-2.883737e+00
4.121000e-05	-1.063787e-02	-2.872681e+00
4.122000e-05	-1.182038e-02	-2.864055e+00
4.123000e-05	-1.114945e-02	-2.790076e+00
4.124000e-05	-1.007552e-02	-2.810001e+00
4.125000e-05	-9.986953e-03	-2.778925e+00
4.126000e-05	-9.926067e-03	-2.756924e+00
4.127000e-05	-1.077867e-02	-2.687397e+00
4.128000e-05	-9.946427e-03	-2.684707e+00
4.129000e-05	-9.579522e-03	-2.644107e+00
4.130000e-05	-9.888329e-03	-2.631134e+00
4.131000e-05	-1.002609e-02	-2.620576e+00
4.132000e-05	-9.243408e-03	-2.558925e+00
4.133000e-05	-8.583081e-03	-2.527922e+00
4.134000e-05	-8.724085e-03	-2.496790e+00
4.135000e-05	-9.861109e-03	-2.474681e+00
4.136000e-05	-8.181657e-03	-2.474708e+00
4.137000e-05	-7.517854e-03	-2.410601e+00
4.138000e-05	-8.545345e-03	-2.401029e+00
4.139000e-05	-9.657254e-03	-2.389499e+00
4.140000e-05	-8.526529e-03	-2.368494e+00
4.141000e-05	-8.520070e-03	-2.287466e+00
4.142000e-05	-8.198065e-03	-2.244687e+00
4.143000e-05	-8.607418e-03	-2.241629e+00
4.144000e-05	-8.020719e-03	-2.137501e+00
4.145000e-05	-7.351225e-03	-2.084761e+00
4.146000e-05	-7.618612e-03	-2.064153e+00
4.147000e-05	-7.090276e-03	-2.031151e+00
4.148000e-05	-7.313023e-03	-2.039529e+00
4.149000e-05	-6.932758e-03	-1.989476e+00
4.150000e-05	-7.320869e-03	-1.947872e+00
4.151000e-05	-7.682107e-03	-1.926441e+00
4.152000e-05	-7.533398e-03	-1.864759e+00
4.153000e-05	-6.521805e-03	-1.853157e+00
4.154000e-05	-6.982113e-03	-1.800176e+00
4.155000e-05	-6.726097e-03	-1.790601e+00
4.156000e-05	-7.251877e-03	-1.788918e+00
4.157000e-05	-6.154420e-03	-1.726816e+00
4.158000e-05	-6.562649e-03	-1.675159e+00
4.159000e-05	-7.526686e-03	-1.640683e+00
4.160000e-05	-6.913264e-03	-1.631076e+00
4.161000e-05	-5.595971e-03	-1.580000e+00
4.162000e-05	-7.222680e-03	-1.537944e+00
4.163000e-05	-6.124437e-03	-1.456717e+00
4.164000e-05	-6.059675e-03	-1.463707e+00
4.165000e-05	-4.958863e-03	-1.369055e+00
4.166000e-05	-5.264680e-03	-1.306848e+00
4.167000e-05	-6.139093e-03	-1.313708e+00
4.168000e-05	-5.786037e-03	-1.241132e+00
4.169000e-05	-4.014981e-03	-1.190025e+00
4.170000e-05	-5.800428e-03	-1.158974e+00
4.171000e-05	-5.362566e-03	-1.106312e+00
4.172000e-05	-6.126039e-03	-1.065709e+00
4.173000e-05	-4.864642e-03	-1.042128e+00
4.174000e-05	-4.628060e-03	-1.000050e+00
4.175000e-05	-5.313326e-03	-9.689212e-01
4.176000e-05	-5.552954e-03	-9.277910e-01
4.177000e-05	-3.973318e-03	-8.831881e-01
4.178000e-05	-3.959972e-03	-8.522291e-01
4.179000e-05	-4.607509e-03	-8.125764e-01
4.180000e-05	-5.911944e-03	-7.990499e-01
4.181000e-05	-4.240941e-03	-7.494724e-01
4.182000e-05	-4.466645e-03	-7.253458e-01
4.183000e-05	-3.986300e-03	-6.227554e-01
4.184000e-05	-5.380763e-03	-5.909052e-01
4.185000e-05	-3.320767e-03	-5.258136e-01
4.186000e-05	-4.231045e-03	-4.843128e-01
4.187000e-05	-3.070567e-03	-4.136565e-01
4.188000e-05	-4.430523e-03	-4.115263e-01
4.189000e-05	-4.029952e-03	-3.794724e-01
4.190000e-05	-3.650349e-03	-3.474723e-01
4.191000e-05	-3.659162e-03	-3.358395e-01
4.192000e-05	-3.868930e-03	-2.737328e-01
4.193000e-05	-3.299310e-03	-2.420828e-01
4.194000e-05	-4.309930e-03	-1.889750e-01
4.195000e-05	-1.844677e-03	-1.669462e-01
4.196000e-05	-3.552555e-03	-1.063896e-01
4.197000e-05	-2.033995e-03	-9.468658e-02
4.198000e-05	-1.787427e-03	-3.163276e-02
4.199000e-05	-7.680980e-04	-2.052626e-03
4.200000e-05	-7.305868e-04	2.002756e-02
4.201000e-05	-1.683196e-03	4.103002e-02
4.202000e-05	-9.188064e-04	8.415928e-02
4.203000e-05	-2.078216e-03	1.462606e-01
4.204000e-05	3.244031e-03	2.204738e-01
4.205000e-05	1.078840e-02	2.826576e-01
4.206000e-05	1.160328e-02	3.257921e-01
4.207000e-05	-1.976456e-02	3.793974e-01
4.208000e-05	-2.842851e-02	3.899249e-01
4.209000e-05	1.082298e-02	4.005250e-01
4.210000e-05	9.128053e-03	4.535814e-01
4.211000e-05	7.563930e-03	4.837605e-01
4.212000e-05	-4.629545e-02	5.252909e-01
4.213000e-05	4.054578e-02	5.983947e-01
4.214000e-05	8.904114e-03	6.210028e-01
4.215000e-05	-1.164848e-02	6.231055e-01
4.216000e-05	4.326321e-03	6.857892e-01
4.217000e-05	-2.597685e-02	7.567920e-01
4.218000e-05	2.676042e-02	7.684473e-01
4.219000e-05	-2.212065e-02	8.100500e-01
4.220000e-05	4.104620e-02	8.205787e-01
4.221000e-05	-5.033516e-02	8.721354e-01
4.222000e-05	8.316890e-03	9.478395e-01
4.223000e-05	1.825976e-02	9.694371e-01
4.224000e-05	6.173018e-03	1.060652e+00
4.225000e-05	-3.971603e-02	1.096234e+00
4.226000e-05	1.568678e-02	1.188467e+00
4.227000e-05	2.473865e-02	1.189949e+00
4.228000e-05	-6.435784e-03	1.221229e+00
4.229000e-05	-1.965300e-02	1.274764e+00
4.230000e-05	3.085737e-03	1.306816e+00
4.231000e-05	2.022554e-02	1.367895e+00
4.232000e-05	-1.021853e-02	1.400951e+00
4.233000e-05	-3.523681e-03	1.513105e+00
4.234000e-05	-4.578640e-03	1.515886e+00
4.235000e-05	2.434531e-02	1.544845e+00
4.236000e-05	-1.598013e-02	1.611554e+00
4.237000e-05	2.370957e-03	1.660683e+00
4.238000e-05	-3.707058e-03	1.687357e+00
4.239000e-05	9.288836e-03	1.755421e+00
4.240000e-05	-2.641474e-03	1.717317e+00
4.241000e-05	4.211079e-03	1.789549e+00
4.242000e-05	-8.838539e-03	1.832078e+00
4.243000e-05	1.063375e-02	1.883603e+00
4.244000e-05	4.058244e-03	1.944716e+00
4.245000e-05	-6.280086e-03	1.966445e+00
4.246000e-05	-1.420450e-03	1.977396e+00
4.247000e-05	9.855836e-03	2.009500e+00
4.248000e-05	1.638667e-03	2.010500e+00
4.249000e-05	-2.887154e-03	2.032557e+00
4.250000e-05	1.397118e-03	2.073608e+00
4.251000e-05	4.095841e-03	2.115763e+00
4.252000e-05	4.582832e-03	2.146793e+00
4.253000e-05	-3.767494e-03	2.178874e+00
4.254000e-05	1.489156e-03	2.209529e+00
4.255000e-05	5.399859e-03	2.223055e+00
4.256000e-05	5.701633e-03	2.312584e+00
4.257000e-05	-2.969155e-03	2.305213e+00
4.258000e-05	2.729871e-03	2.326795e+00
4.259000e-05	4.338343e-03	2.358919e+00
4.260000e-05	5.347936e-03	2.379996e+00
4.261000e-05	-2.691167e-03	2.389526e+00
4.262000e-05	2.787001e-03	2.442630e+00
4.263000e-05	4.052480e-03	2.482715e+00
4.264000e-05	7.486322e-03	2.498239e+00
4.265000e-05	-2.280864e-03	2.525901e+00
4.266000e-05	2.622173e-03	2.640026e+00
4.267000e-05	3.466935e-03	2.694108e+00
4.268000e-05	7.129636e-03	2.715310e+00
4.269000e-05	-9.966401e-04	2.756792e+00
4.270000e-05	2.169661e-03	2.777972e+00
4.271000e-05	4.808118e-03	2.789000e+00
4.272000e-05	5.746200e-03	2.811000e+00
4.273000e-05	2.513291e-04	2.830029e+00
4.274000e-05	1.542238e-03	2.832104e+00
4.275000e-05	5.307643e-03	2.925159e+00
4.276000e-05	7.052419e-03	2.882688e+00
4.277000e-05	1.967128e-03	2.946333e+00
4.278000e-05	1.474066e-03	2.957316e+00
4.279000e-05	6.993326e-03	2.957926e+00
4.280000e-05	5.562375e-03	3.009000e+00
4.281000e-05	3.019253e-03	3.010501e+00
4.282000e-05	1.338105e-03	3.022054e+00
4.283000e-05	7.195566e-03	3.092706e+00
4.284000e-05	6.212508e-03	3.053662e+00
4.285000e-05	3.410979e-03	3.094261e+00
4.286000e-05	2.665119e-03	3.106289e+00
4.287000e-05	6.726173e-03	3.177767e+00
4.288000e-05	6.304450e-03	3.148924e+00
4.289000e-05	4.995417e-03	3.200000e+00
4.290000e-05	2.087774e-03	3.200025e+00
4.291000e-05	6.248346e-03	3.230050e+00
4.292000e-05	6.264915e-03	3.231031e+00
4.293000e-05	5.709660e-03	3.241580e+00
4.294000e-05	3.318935e-03	3.261157e+00
4.295000e-05	6.978212e-03	3.313738e+00
4.296000e-05	8.535479e-03	3.344367e+00
4.297000e-05	5.516793e-03	3.305316e+00
4.298000e-05	5.942222e-03	3.418396e+00
4.299000e-05	6.780164e-03	3.432522e+00
4.300000e-05	8.352364e-03	3.442685e+00
4.301000e-05	6.446043e-03	3.471784e+00
4.302000e-05	5.567817e-03	3.487286e+00
4.303000e-05	7.311555e-03	3.527367e+00
4.304000e-05	9.837132e-03	3.557868e+00
4.305000e-05	6.101139e-03	3.568394e+00
4.306000e-05	6.986997e-03	3.588946e+00
4.307000e-05	6.411246e-03	3.569449e+00
4.308000e-05	1.016036e-02	3.588500e+00
4.309000e-05	7.913452e-03	3.620021e+00
4.310000e-05	6.450050e-03	3.600526e+00
4.311000e-05	8.691841e-03	3.610003e+00
4.312000e-05	8.782880e-03	3.600078e+00
4.313000e-05	9.360749e-03	3.650554e+00
4.314000e-05	7.355335e-03	3.632029e+00
4.315000e-05	8.874648e-03	3.630127e+00
4.316000e-05	9.604026e-03	3.642683e+00
4.317000e-05	1.043030e-02	3.654157e+00
4.318000e-05	8.701254e-03	3.694134e+00
4.319000e-05	9.837743e-03	3.684267e+00
4.320000e-05	9.490977e-03	3.665734e+00
4.321000e-05	1.033176e-02	3.707313e+00
4.322000e-05	9.320873e-03	3.707768e+00
4.323000e-05	1.018536e-02	3.746263e+00
4.324000e-05	1.110729e-02	3.726415e+00
4.325000e-05	1.148971e-02	3.726893e+00
4.326000e-05	1.035183e-02	3.748317e+00
4.327000e-05	1.164159e-02	3.726868e+00
4.328000e-05	1.247847e-02	3.777922e+00
4.329000e-05	1.165939e-02	3.777393e+00
4.330000e-05	1.290510e-02	3.807896e+00
4.331000e-05	1.098198e-02	3.778972e+00
4.332000e-05	1.317514e-02	3.799448e+00
4.333000e-05	1.245742e-02	3.759525e+00
4.334000e-05	1.206140e-02	3.759450e+00
4.335000e-05	1.345494e-02	3.799498e+00
4.336000e-05	1.275094e-02	3.799950e+00
4.337000e-05	1.366754e-02	3.778947e+00
4.338000e-05	1.517060e-02	3.768476e+00
4.339000e-05	1.434662e-02	3.759423e+00
4.340000e-05	1.466074e-02	3.801024e+00
4.341000e-05	1.524068e-02	3.799976e+00
4.342000e-05	1.425420e-02	3.789946e+00
4.343000e-05	1.467526e-02	3.778448e+00
4.344000e-05	1.431178e-02	3.758474e+00
4.345000e-05	1.738715e-02	3.777952e+00
4.346000e-05	1.592146e-02	3.788949e+00
4.347000e-05	1.689364e-02	3.770475e+00
4.348000e-05	1.590504e-02	3.777922e+00
4.349000e-05	1.702973e-02	3.777970e+00
4.350000e-05	1.583019e-02	3.737971e+00
4.351000e-05	1.562408e-02	3.737944e+00
4.352000e-05	1.558811e-02	3.716845e+00
4.353000e-05	1.670114e-02	3.747920e+00
4.354000e-05	1.682194e-02	3.777294e+00
4.355000e-05	1.558480e-02	3.717317e+00
4.356000e-05	1.658706e-02	3.705216e+00
4.357000e-05	1.704105e-02	3.716834e+00
4.358000e-05	1.716921e-02	3.696762e+00
4.359000e-05	1.502849e-02	3.683112e+00
4.360000e-05	1.500516e-02	3.705163e+00
4.361000e-05	1.553136e-02	3.693162e+00
4.362000e-05	1.645472e-02	3.632580e+00
4.363000e-05	1.488261e-02	3.641608e+00
4.364000e-05	1.494854e-02	3.622554e+00
4.365000e-05	1.584932e-02	3.612578e+00
4.366000e-05	1.535156e-02	3.620027e+00
4.367000e-05	1.324489e-02	3.600051e+00
4.368000e-05	1.311976e-02	3.610554e+00
4.369000e-05	1.390296e-02	3.601475e+00
4.370000e-05	1.432064e-02	3.569551e+00
4.371000e-05	1.291874e-02	3.589425e+00
4.372000e-05	1.255496e-02	3.559447e+00
4.373000e-05	1.218885e-02	3.569495e+00
4.374000e-05	1.333358e-02	3.537922e+00
4.375000e-05	1.234918e-02	3.547944e+00
4.376000e-05	1.077011e-02	3.495867e+00
4.377000e-05	1.216511e-02	3.516763e+00
4.378000e-05	1.319278e-02	3.465811e+00
4.379000e-05	1.242217e-02	3.452601e+00
4.380000e-05	1.009353e-02	3.451577e+00
4.381000e-05	1.014592e-02	3.379025e+00
4.382000e-05	1.209186e-02	3.358949e+00
4.383000e-05	1.162082e-02	3.346363e+00
4.384000e-05	8.815315e-03	3.295736e+00
4.385000e-05	9.182827e-03	3.243707e+00
4.386000e-05	1.108004e-02	3.252609e+00
4.387000e-05	1.090596e-02	3.232578e+00
4.388000e-05	9.265329e-03	3.200501e+00
4.389000e-05	7.848616e-03	3.211000e+00
4.390000e-05	1.044357e-02	3.210525e+00
4.391000e-05	8.700764e-03	3.178975e+00
4.392000e-05	7.625529e-03	3.177921e+00
4.393000e-05	6.397527e-03	3.167818e+00
4.394000e-05	8.741139e-03	3.115745e+00
4.395000e-05	8.678162e-03	3.064686e+00
4.396000e-05	7.341924e-03	3.022182e+00
4.397000e-05	6.683738e-03	3.020555e+00
4.398000e-05	6.999272e-03	3.011000e+00
4.399000e-05	7.975100e-03	3.000426e+00
4.400000e-05	5.335438e-03	2.977998e+00
4.401000e-05	5.313035e-03	2.945942e+00
4.402000e-05	6.442431e-03	2.885842e+00
4.403000e-05	6.844241e-03	2.913314e+00
4.404000e-05	5.334760e-03	2.853082e+00
4.405000e-05	4.685201e-03	2.812630e+00
4.406000e-05	6.178998e-03	2.831528e+00
4.407000e-05	5.848133e-03	2.810501e+00
4.408000e-05	4.731594e-03	2.799499e+00
4.409000e-05	3.882053e-03	2.809497e+00
4.410000e-05	5.198766e-03	2.707922e+00
4.411000e-05	4.800211e-03	2.735835e+00
4.412000e-05	3.772258e-03	2.694733e+00
4.413000e-05	3.202889e-03	2.631104e+00
4.414000e-05	4.613764e-03	2.529901e+00
4.415000e-05	4.803558e-03	2.516261e+00
4.416000e-05	4.255088e-03	2.443234e+00
4.417000e-05	3.925111e-03	2.433078e+00
4.418000e-05	3.684173e-03	2.420527e+00
4.419000e-05	3.753197e-03	2.399527e+00
4.420000e-05	2.851632e-03	2.368975e+00
4.421000e-05	2.470330e-03	2.358396e+00
4.422000e-05	2.764904e-03	2.326309e+00
4.423000e-05	3.423369e-03	2.243161e+00
4.424000e-05	1.830155e-03	2.222005e+00
4.425000e-05	2.678363e-03	2.210576e+00
4.426000e-05	3.462134e-03	2.189946e+00
4.427000e-05	3.105520e-03	2.157441e+00
4.428000e-05	2.428036e-03	2.135263e+00
4.429000e-05	1.681091e-03	2.034733e+00
4.430000e-05	2.027360e-03	2.033055e+00
4.431000e-05	2.384874e-03	2.022029e+00
4.432000e-05	1.714360e-03	2.001004e+00
4.433000e-05	1.665973e-03	1.989496e+00
4.434000e-05	1.582661e-03	1.966947e+00
4.435000e-05	1.936752e-03	1.875840e+00
4.436000e-05	1.403034e-03	1.905309e+00
4.437000e-05	9.761089e-04	1.811549e+00
4.438000e-05	1.704672e-03	1.759297e+00
4.439000e-05	1.374788e-03	1.735969e+00
4.440000e-05	1.592793e-04	1.707366e+00
4.441000e-05	1.385801e-03	1.723711e+00
4.442000e-05	8.635813e-04	1.714633e+00
4.443000e-05	-4.053875e-04	1.573503e+00
4.444000e-05	1.217637e-04	1.587469e+00
4.445000e-05	8.145797e-04	1.545812e+00
4.446000e-05	-3.370368e-05	1.444185e+00
4.447000e-05	5.782370e-04	1.403004e+00
4.448000e-05	-7.418631e-04	1.388978e+00
4.449000e-05	1.433234e-03	1.356917e+00
4.450000e-05	2.039421e-04	1.315337e+00
4.451000e-05	-4.567388e-04	1.265107e+00
4.452000e-05	-1.536470e-03	1.202551e+00
4.453000e-05	-4.342589e-04	1.199472e+00
4.454000e-05	2.630748e-04	1.138440e+00
4.455000e-05	-9.556922e-04	1.066862e+00
4.456000e-05	-5.770279e-04	9.826793e-01
4.457000e-05	5.716843e-04	9.694698e-01
4.458000e-05	3.642595e-04	8.862368e-01
4.459000e-05	-2.318351e-03	8.046541e-01
4.460000e-05	-1.414163e-03	8.215275e-01
4.461000e-05	-1.128615e-03	7.999975e-01
4.462000e-05	-7.578594e-04	7.779737e-01
4.463000e-05	-1.041182e-03	7.173157e-01
4.464000e-05	-1.399364e-03	6.757608e-01
4.465000e-05	-8.872967e-04	6.132041e-01
4.466000e-05	-1.243542e-03	6.110752e-01
4.467000e-05	-1.685993e-03	5.894473e-01
4.468000e-05	-2.111787e-03	5.183921e-01
4.469000e-05	-1.945966e-03	5.157370e-01
4.470000e-05	-1.380116e-03	4.626077e-01
4.471000e-05	-2.708316e-03	4.006039e-01
4.472000e-05	-2.901703e-03	4.105512e-01
4.473000e-05	-1.585556e-03	3.889249e-01
4.474000e-05	-2.418352e-03	3.447898e-01
4.475000e-05	-2.927262e-03	2.937844e-01
4.476000e-05	-2.537475e-03	2.121776e-01
4.477000e-05	-2.008283e-03	1.674447e-01
4.478000e-05	-2.600939e-03	7.480815e-02
4.479000e-05	-2.334997e-03	3.205632e-02
4.480000e-05	-3.402134e-03	1.105006e-02
4.481000e-05	-2.671824e-03	-1.052508e-02
4.482000e-05	-2.669314e-03	-2.268140e-02
4.483000e-05	-1.688844e-03	-1.131118e-01
4.484000e-05	-2.211633e-03	-1.157922e-01
4.485000e-05	-2.043356e-03	-1.579236e-01
4.486000e-05	-1.900451e-03	-1.689763e-01
4.487000e-05	-1.488209e-03	-2.411776e-01
4.488000e-05	4.907462e-04	-2.732080e-01
4.489000e-05	1.108077e-02	-2.842859e-01
4.490000e-05	1.589572e-02	-3.684711e-01
4.491000e-05	-1.755076e-02	-3.899488e-01
4.492000e-05	-4.045345e-02	-4.095788e-01
4.493000e-05	1.599900e-02	-4.510541e-01
4.494000e-05	3.533500e-03	-4.521566e-01
4.495000e-05	2.162289e-02	-5.056867e-01
4.496000e-05	-4.183745e-02	-6.314550e-01
4.497000e-05	4.653793e-02	-6.521352e-01
4.498000e-05	1.054751e-02	-6.773581e-01
4.499000e-05	-1.445791e-02	-7.558445e-01
4.500000e-05	1.075445e-03	-7.899739e-01
4.501000e-05	-2.572465e-02	-8.005487e-01
4.502000e-05	2.348067e-02	-8.531040e-01
4.503000e-05	-3.646031e-02	-9.026893e-01
4.504000e-05	4.579011e-02	-9.583459e-01
4.505000e-05	-5.837133e-02	-9.788673e-01
4.506000e-05	-1.772569e-03	-1.028451e+00
4.507000e-05	1.863592e-02	-1.051607e+00
4.508000e-05	6.799825e-03	-1.125184e+00
4.509000e-05	-3.999838e-02	-1.135217e+00
4.510000e-05	2.176866e-02	-1.169899e+00
4.511000e-05	3.780878e-02	-1.229529e+00
4.512000e-05	-1.874601e-02	-1.303107e+00
4.513000e-05	-2.193003e-02	-1.285291e+00
4.514000e-05	-1.401981e-03	-1.346871e+00
4.515000e-05	1.978780e-02	-1.504609e+00
4.516000e-05	-2.010184e-02	-1.526241e+00
4.517000e-05	-1.062737e-02	-1.557846e+00
4.518000e-05	-1.101449e-02	-1.609471e+00
4.519000e-05	3.133546e-02	-1.590025e+00
4.520000e-05	-2.906847e-02	-1.630606e+00
4.521000e-05	-1.510775e-02	-1.683133e+00
4.522000e-05	4.598417e-03	-1.705264e+00
4.523000e-05	4.179887e-03	-1.787897e+00
4.524000e-05	-1.841743e-02	-1.789397e+00
4.525000e-05	8.669426e-04	-1.799526e+00
4.526000e-05	-1.006827e-02	-1.832679e+00
4.527000e-05	-3.250114e-04	-1.883767e+00
4.528000e-05	2.502615e-03	-1.915267e+00
4.529000e-05	-2.057394e-02	-1.988370e+00
4.530000e-05	-3.869822e-03	-1.948450e+00
4.531000e-05	5.457144e-03	-2.000998e+00
4.532000e-05	-8.601645e-03	-2.001551e+00
4.533000e-05	-1.377413e-02	-2.061554e+00
4.534000e-05	-5.538772e-03	-2.072636e+00
4.535000e-05	-4.319644e-03	-2.137918e+00
4.536000e-05	-3.362816e-05	-2.229475e+00
4.537000e-05	-1.558875e-02	-2.282609e+00
4.538000e-05	-6.477386e-03	-2.295365e+00
4.539000e-05	4.981773e-04	-2.378422e+00
4.540000e-05	-4.778988e-03	-2.379474e+00
4.541000e-05	-1.467092e-02	-2.389976e+00
4.542000e-05	-7.334639e-03	-2.421029e+00
4.543000e-05	-3.497479e-03	-2.431580e+00
4.544000e-05	-2.744509e-03	-2.503161e+00
4.545000e-05	-1.600187e-02	-2.505292e+00
4.546000e-05	-6.383520e-03	-2.567343e+00
4.547000e-05	-4.301989e-03	-2.599499e+00
4.548000e-05	-3.959952e-03	-2.571079e+00
4.549000e-05	-1.322292e-02	-2.651532e+00
4.550000e-05	-9.157884e-03	-2.682710e+00
4.551000e-05	-4.065171e-03	-2.716217e+00
4.552000e-05	-4.665303e-03	-2.743892e+00
4.553000e-05	-1.370835e-02	-2.758394e+00
4.554000e-05	-8.404246e-03	-2.788472e+00
4.555000e-05	-4.983837e-03	-2.790500e+00
4.556000e-05	-7.254517e-03	-2.821602e+00
4.557000e-05	-1.006991e-02	-2.821029e+00
4.558000e-05	-1.175042e-02	-2.852538e+00
4.559000e-05	-2.365476e-03	-2.892661e+00
4.560000e-05	-8.591083e-03	-2.967343e+00
4.561000e-05	-1.035277e-02	-2.978901e+00
4.562000e-05	-1.231075e-02	-3.050581e+00
4.563000e-05	-5.747310e-03	-3.065205e+00
4.564000e-05	-7.513077e-03	-3.103765e+00
4.565000e-05	-1.099731e-02	-3.147897e+00
4.566000e-05	-1.326197e-02	-3.169449e+00
4.567000e-05	-6.014219e-03	-3.167946e+00
4.568000e-05	-8.478619e-03	-3.189453e+00
4.569000e-05	-9.924290e-03	-3.200028e+00
4.570000e-05	-1.215227e-02	-3.222054e+00
4.571000e-05	-7.078244e-03	-3.244157e+00
4.572000e-05	-7.324090e-03	-3.272212e+00
4.573000e-05	-1.229353e-02	-3.303783e+00
4.574000e-05	-1.249046e-02	-3.303740e+00
4.575000e-05	-9.711194e-03	-3.337368e+00
4.576000e-05	-7.680605e-03	-3.377395e+00
4.577000e-05	-1.158931e-02	-3.389871e+00
4.578000e-05	-1.140387e-02	-3.400003e+00
4.579000e-05	-9.279897e-03	-3.419603e+00
4.580000e-05	-8.189524e-03	-3.432080e+00
4.581000e-05	-1.267847e-02	-3.452081e+00
4.582000e-05	-1.377173e-02	-3.504210e+00
4.583000e-05	-1.073038e-02	-3.515762e+00
4.584000e-05	-8.793946e-03	-3.535235e+00
4.585000e-05	-1.311684e-02	-3.526267e+00
4.586000e-05	-1.290457e-02	-3.535895e+00
4.587000e-05	-1.111693e-02	-3.557895e+00
4.588000e-05	-9.823359e-03	-3.599974e+00
4.589000e-05	-1.231086e-02	-3.578999e+00
4.590000e-05	-1.332625e-02	-3.598974e+00
4.591000e-05	-1.149057e-02	-3.590001e+00
4.592000e-05	-1.117231e-02	-3.611051e+00
4.593000e-05	-1.406075e-02	-3.620526e+00
4.594000e-05	-1.488887e-02	-3.612029e+00
4.595000e-05	-1.255497e-02	-3.641031e+00
4.596000e-05	-1.230985e-02	-3.630630e+00
4.597000e-05	-1.277936e-02	-3.683185e+00
4.598000e-05	-1.455065e-02	-3.682133e+00
4.599000e-05	-1.327298e-02	-3.674742e+00
4.600000e-05	-1.213552e-02	-3.665311e+00
4.601000e-05	-1.424641e-02	-3.684320e+00
4.602000e-05	-1.533104e-02	-3.737318e+00
4.603000e-05	-1.501888e-02	-3.777368e+00
4.604000e-05	-1.412505e-02	-3.778468e+00
4.605000e-05	-1.440703e-02	-3.801005e+00
4.606000e-05	-1.656727e-02	-3.782450e+00
4.607000e-05	-1.523572e-02	-3.821754e+00
4.608000e-05	-1.423382e-02	-3.903034e+00
4.609000e-05	-1.462262e-02	-3.824160e+00
4.610000e-05	-1.696973e-02	-3.892660e+00
4.611000e-05	-1.616959e-02	-3.864163e+00
4.612000e-05	-1.601562e-02	-3.883233e+00
4.613000e-05	-1.588048e-02	-3.877264e+00
4.614000e-05	-1.866133e-02	-3.916388e+00
4.615000e-05	-1.791190e-02	-3.884317e+00
4.616000e-05	-1.630421e-02	-3.905666e+00
4.617000e-05	-1.711125e-02	-3.935263e+00
4.618000e-05	-1.791139e-02	-3.906347e+00
4.619000e-05	-1.849944e-02	-3.926816e+00
4.620000e-05	-1.753299e-02	-3.956891e+00
4.621000e-05	-1.764431e-02	-3.938314e+00
4.622000e-05	-1.962632e-02	-3.948343e+00
4.623000e-05	-2.092277e-02	-3.957396e+00
4.624000e-05	-1.959790e-02	-3.946317e+00
4.625000e-05	-2.009740e-02	-3.947871e+00
4.626000e-05	-2.041921e-02	-3.908814e+00
4.627000e-05	-2.093638e-02	-3.956366e+00
4.628000e-05	-1.935259e-02	-3.906369e+00
4.629000e-05	-1.867068e-02	-3.897343e+00
4.630000e-05	-2.029179e-02	-3.926296e+00
4.631000e-05	-2.082314e-02	-3.916317e+00
4.632000e-05	-2.246558e-02	-3.924391e+00
4.633000e-05	-2.129283e-02	-3.905841e+00
4.634000e-05	-2.238350e-02	-3.934812e+00
4.635000e-05	-2.245349e-02	-3.915816e+00
4.636000e-05	-2.030388e-02	-3.903662e+00
4.637000e-05	-2.052804e-02	-3.864735e+00
4.638000e-05	-2.040142e-02	-3.863289e+00
4.639000e-05	-2.102784e-02	-3.882134e+00
4.640000e-05	-2.094993e-02	-3.842638e+00
4.641000e-05	-2.167663e-02	-3.861254e+00
4.642000e-05	-2.119355e-02	-3.842650e+00
4.643000e-05	-2.170648e-02	-3.819651e+00
4.644000e-05	-2.137367e-02	-3.780976e+00
4.645000e-05	-2.122781e-02	-3.720099e+00
4.646000e-05	-2.018350e-02	-3.737373e+00
4.647000e-05	-2.044555e-02	-3.726912e+00
4.648000e-05	-2.127849e-02	-3.715341e+00
4.649000e-05	-2.057827e-02	-3.686235e+00
4.650000e-05	-1.955764e-02	-3.655758e+00
4.651000e-05	-1.942369e-02	-3.643104e+00
4.652000e-05	-1.970620e-02	-3.702758e+00
4.653000e-05	-1.964520e-02	-3.642155e+00
4.654000e-05	-1.986657e-02	-3.621530e+00
4.655000e-05	-1.904023e-02	-3.610554e+00
4.656000e-05	-1.988061e-02	-3.621027e+00
4.657000e-05	-1.898223e-02	-3.599501e+00
4.658000e-05	-1.720603e-02	-3.599001e+00
4.659000e-05	-1.697340e-02	-3.609999e+00
4.660000e-05	-1.760808e-02	-3.578474e+00
4.661000e-05	-1.701698e-02	-3.578396e+00
4.662000e-05	-1.881769e-02	-3.578945e+00
4.663000e-05	-1.764704e-02	-3.566871e+00
4.664000e-05	-1.773119e-02	-3.516420e+00
4.665000e-05	-1.676573e-02	-3.532788e+00
4.666000e-05	-1.655849e-02	-3.484762e+00
4.667000e-05	-1.582408e-02	-3.463137e+00
4.668000e-05	-1.606458e-02	-3.444158e+00
4.669000e-05	-1.524769e-02	-3.420632e+00
4.670000e-05	-1.557028e-02	-3.391477e+00
4.671000e-05	-1.498844e-02	-3.389526e+00
4.672000e-05	-1.440346e-02	-3.388922e+00
4.673000e-05	-1.497577e-02	-3.326945e+00
4.674000e-05	-1.391691e-02	-3.336790e+00
4.675000e-05	-1.374732e-02	-3.306233e+00
4.676000e-05	-1.435373e-02	-3.253688e+00
4.677000e-05	-1.345592e-02	-3.242554e+00
4.678000e-05	-1.380375e-02	-3.232606e+00
4.679000e-05	-1.339348e-02	-3.220529e+00
4.680000e-05	-1.294070e-02	-3.190504e+00
4.681000e-05	-1.300806e-02	-3.209976e+00
4.682000e-05	-1.243066e-02	-3.158473e+00
4.683000e-05	-1.274909e-02	-3.147942e+00
4.684000e-05	-1.294981e-02	-3.127770e+00
4.685000e-05	-1.194400e-02	-3.083159e+00
4.686000e-05	-1.239319e-02	-3.044132e+00
4.687000e-05	-1.231355e-02	-2.949525e+00
4.688000e-05	-9.964969e-03	-2.908940e+00
4.689000e-05	-1.019921e-02	-2.865314e+00
4.690000e-05	-1.097111e-02	-2.853310e+00
4.691000e-05	-9.432399e-03	-2.801580e+00
4.692000e-05	-1.110633e-02	-2.812603e+00
4.693000e-05	-1.087885e-02	-2.790475e+00
4.694000e-05	-1.161428e-02	-2.789976e+00
4.695000e-05	-1.192887e-02	-2.759470e+00
4.696000e-05	-9.036184e-03	-2.737946e+00
4.697000e-05	-1.045204e-02	-2.706842e+00
4.698000e-05	-8.560419e-03	-2.673384e+00
4.699000e-05	-9.783606e-03	-2.651607e+00
4.700000e-05	-8.329106e-03	-2.623003e+00
4.701000e-05	-1.043455e-02	-2.569500e+00
4.702000e-05	-1.023586e-02	-2.578922e+00
4.703000e-05	-9.902386e-03	-2.538967e+00
4.704000e-05	-9.069072e-03	-2.505761e+00
4.705000e-05	-8.772131e-03	-2.433662e+00
4.706000e-05	-8.213791e-03	-2.431653e+00
4.707000e-05	-7.180546e-03	-2.381028e+00
4.708000e-05	-7.581599e-03	-2.399523e+00
4.709000e-05	-8.589353e-03	-2.358397e+00
4.710000e-05	-8.730271e-03	-2.376396e+00
4.711000e-05	-7.467204e-03	-2.306168e+00
4.712000e-05	-8.551377e-03	-2.283179e+00
4.713000e-05	-6.922053e-03	-2.207424e+00
4.714000e-05	-8.180959e-03	-2.127993e+00
4.715000e-05	-6.639487e-03	-2.064360e+00
4.716000e-05	-7.675152e-03	-2.052107e+00
4.717000e-05	-7.466446e-03	-2.010529e+00
4.718000e-05	-8.947641e-03	-1.979526e+00
4.719000e-05	-6.617299e-03	-1.988472e+00
4.720000e-05	-5.630706e-03	-1.898419e+00
4.721000e-05	-6.657645e-03	-1.917342e+00
4.722000e-05	-7.597590e-03	-1.863682e+00
4.723000e-05	-6.981984e-03	-1.822204e+00
4.724000e-05	-6.226882e-03	-1.800000e+00
4.725000e-05	-7.916681e-03	-1.789497e+00
4.726000e-05	-8.131242e-03	-1.767365e+00
4.727000e-05	-6.299081e-03	-1.704265e+00
4.728000e-05	-4.956993e-03	-1.642709e+00
4.729000e-05	-5.869988e-03	-1.621104e+00
4.730000e-05	-5.712522e-03	-1.600504e+00
4.731000e-05	-6.332284e-03	-1.567950e+00
4.732000e-05	-5.484554e-03	-1.567447e+00
4.733000e-05	-7.330169e-03	-1.514670e+00
4.734000e-05	-7.373937e-03	-1.390582e+00
4.735000e-05	-5.987799e-03	-1.368647e+00
4.736000e-05	-4.596289e-03	-1.295211e+00
4.737000e-05	-5.501679e-03	-1.241634e+00
4.738000e-05	-5.099074e-03	-1.222576e+00
4.739000e-05	-5.371245e-03	-1.199972e+00
4.740000e-05	-4.578699e-03	-1.137844e+00
4.741000e-05	-6.050248e-03	-1.103762e+00
4.742000e-05	-6.187072e-03	-1.062082e+00
4.743000e-05	-5.773707e-03	-1.041153e+00
4.744000e-05	-5.479137e-03	-9.700236e-01
4.745000e-05	-4.557282e-03	-9.488648e-01
4.746000e-05	-5.477204e-03	-9.053382e-01
4.747000e-05	-4.876503e-03	-8.552093e-01
4.748000e-05	-3.670574e-03	-8.522050e-01
4.749000e-05	-4.315252e-03	-8.114501e-01
4.750000e-05	-4.668240e-03	-7.495237e-01
4.751000e-05	-5.198925e-03	-7.179174e-01
4.752000e-05	-3.812594e-03	-6.773394e-01
4.753000e-05	-4.716120e-03	-6.325596e-01
4.754000e-05	-5.114887e-03	-5.590236e-01
4.755000e-05	-4.316790e-03	-5.148895e-01
4.756000e-05	-3.421030e-03	-4.851866e-01
4.757000e-05	-4.123880e-03	-4.310789e-01
4.758000e-05	-2.687539e-03	-3.900001e-01
4.759000e-05	-5.556311e-03	-3.694712e-01
4.760000e-05	-2.694551e-03	-3.679197e-01
4.761000e-05	-3.994538e-03	-2.948119e-01
4.762000e-05	-3.405819e-03	-3.131341e-01
4.763000e-05	-4.881044e-03	-1.695278e-01
4.764000e-05	-2.487767e-03	-1.904249e-01
4.765000e-05	-2.188265e-03	-1.368684e-01
4.766000e-05	-4.325546e-03	-1.362608e-01
4.767000e-05	-3.296128e-03	-3.273421e-02
4.768000e-05	-1.548474e-03	-2.157894e-02
4.769000e-05	1.351705e-03	9.447559e-03
4.770000e-05	-2.204554e-03	1.105000e-02
4.771000e-05	-2.799170e-03	8.205640e-02
4.772000e-05	-4.904875e-04	9.481430e-02
4.773000e-05	3.808614e-04	1.883709e-01
4.774000e-05	6.442131e-03	2.406028e-01
4.775000e-05	1.074336e-02	3.242659e-01
4.776000e-05	2.606239e-03	3.568448e-01
4.777000e-05	-2.699082e-02	3.994975e-01
4.778000e-05	-2.857916e-02	4.205263e-01
4.779000e-05	3.300416e-02	4.505302e-01
4.780000e-05	-2.966103e-03	4.746341e-01
4.781000e-05	-2.815259e-03	4.842394e-01
4.782000e-05	-2.208121e-02	5.569396e-01
4.783000e-05	3.907962e-02	6.279475e-01
4.784000e-05	1.868795e-03	6.606340e-01
4.785000e-05	-1.653380e-02	6.527080e-01
4.786000e-05	-1.512097e-03	7.047618e-01
4.787000e-05	-5.360211e-03	7.468460e-01
4.788000e-05	-2.866865e-03	7.989213e-01
4.789000e-05	2.441956e-02	8.100001e-01
4.790000e-05	-1.418444e-02	8.435815e-01
4.791000e-05	-2.204588e-02	9.337369e-01
4.792000e-05	1.144562e-02	9.383208e-01
4.793000e-05	2.147556e-02	1.028425e+00
4.794000e-05	-1.406669e-02	1.082607e+00
4.795000e-05	-3.490755e-02	1.136820e+00
4.796000e-05	4.485717e-02	1.137971e+00
4.797000e-05	-3.011274e-03	1.211502e+00
4.798000e-05	-7.197559e-03	1.252108e+00
4.799000e-05	-2.498415e-02	1.334791e+00
4.800000e-05	2.609875e-02	1.335870e+00
4.801000e-05	9.706705e-04	1.410445e+00
4.802000e-05	-4.030792e-03	1.429579e+00
4.803000e-05	-1.072568e-02	1.493236e+00
4.804000e-05	1.606429e-02	1.488833e+00
4.805000e-05	5.050770e-03	1.649000e+00
4.806000e-05	-1.206361e-02	1.701056e+00
4.807000e-05	-1.689593e-03	1.684183e+00
4.808000e-05	2.987013e-03	1.735742e+00
4.809000e-05	5.811600e-03	1.735790e+00
4.810000e-05	-2.727015e-03	1.789448e+00
4.811000e-05	2.898596e-03	1.819472e+00
4.812000e-05	-5.566392e-03	1.870130e+00
4.813000e-05	1.451300e-02	1.892205e+00
4.814000e-05	-6.299604e-03	1.926246e+00
4.815000e-05	-3.191144e-03	1.958871e+00
4.816000e-05	1.026074e-03	1.980524e+00
4.817000e-05	1.084593e-02	2.000499e+00
4.818000e-05	-4.099785e-03	2.029554e+00
4.819000e-05	-7.396782e-05	2.071105e+00
4.820000e-05	1.497863e-03	2.075261e+00
4.821000e-05	7.778588e-03	2.145838e+00
4.822000e-05	-1.174632e-04	2.157445e+00
4.823000e-05	-1.321168e-03	2.208421e+00
4.824000e-05	1.415323e-03	2.280551e+00
4.825000e-05	7.730132e-03	2.252605e+00
4.826000e-05	-1.106256e-03	2.263211e+00
4.827000e-05	-2.866753e-03	2.324743e+00
4.828000e-05	2.601694e-03	2.356845e+00
4.829000e-05	6.764246e-03	2.388897e+00
4.830000e-05	1.678083e-03	2.389498e+00
4.831000e-05	-1.049444e-03	2.430024e+00
4.832000e-05	4.708605e-03	2.472053e+00
4.833000e-05	5.275614e-03	2.473685e+00
4.834000e-05	3.319435e-03	2.524766e+00
4.835000e-05	-1.950164e-03	2.629973e+00
4.836000e-05	4.242694e-03	2.621609e+00
4.837000e-05	5.557083e-03	2.735285e+00
4.838000e-05	3.604512e-03	2.745216e+00
4.839000e-05	-1.205717e-03	2.706921e+00
4.840000e-05	6.014241e-03	2.769374e+00
4.841000e-05	3.973323e-03	2.788499e+00
4.842000e-05	5.062986e-03	2.809527e+00
4.843000e-05	-6.947545e-04	2.850501e+00
4.844000e-05	4.993863e-03	2.852077e+00
4.845000e-05	5.138324e-03	2.902709e+00
4.846000e-05	3.967138e-03	2.925714e+00
4.847000e-05	1.041981e-03	2.935367e+00
4.848000e-05	3.203787e-03	2.978418e+00
4.849000e-05	6.595124e-03	2.988976e+00
4.850000e-05	5.013933e-03	3.009500e+00
4.851000e-05	3.552591e-03	3.040551e+00
4.852000e-05	4.010288e-03	3.042579e+00
4.853000e-05	7.327281e-03	3.083161e+00
4.854000e-05	4.130642e-03	3.096256e+00
4.855000e-05	3.870577e-03	3.084191e+00
4.856000e-05	2.817859e-03	3.115842e+00
4.857000e-05	7.739562e-03	3.158395e+00
4.858000e-05	4.662229e-03	3.178446e+00
4.859000e-05	4.912504e-03	3.199971e+00
4.860000e-05	3.070036e-03	3.199556e+00
4.861000e-05	8.385208e-03	3.241525e+00
4.862000e-05	5.478658e-03	3.231104e+00
4.863000e-05	5.593908e-03	3.244653e+00
4.864000e-05	4.515689e-03	3.281680e+00
4.865000e-05	8.260162e-03	3.295760e+00
4.866000e-05	6.163504e-03	3.344817e+00
4.867000e-05	4.956846e-03	3.358943e+00
4.868000e-05	4.455238e-03	3.359898e+00
4.869000e-05	6.930801e-03	3.481084e+00
4.870000e-05	6.889765e-03	3.474659e+00
4.871000e-05	5.930412e-03	3.463730e+00
4.872000e-05	6.646035e-03	3.536290e+00
4.873000e-05	8.988986e-03	3.517865e+00
4.874000e-05	8.183828e-03	3.557466e+00
4.875000e-05	6.068295e-03	3.588875e+00
4.876000e-05	5.395367e-03	3.577924e+00
4.877000e-05	7.520536e-03	3.589500e+00
4.878000e-05	8.076185e-03	3.600000e+00
4.879000e-05	6.245598e-03	3.610025e+00
4.880000e-05	7.675885e-03	3.610051e+00
4.881000e-05	9.267929e-03	3.620601e+00
4.882000e-05	9.444398e-03	3.620550e+00
4.883000e-05	8.759694e-03	3.641578e+00
4.884000e-05	9.212838e-03	3.620554e+00
4.885000e-05	9.413177e-03	3.663654e+00
4.886000e-05	9.037563e-03	3.662630e+00
4.887000e-05	6.939621e-03	3.672211e+00
4.888000e-05	7.537331e-03	3.684238e+00
4.889000e-05	9.488418e-03	3.665736e+00
4.890000e-05	1.057376e-02	3.713263e+00
4.891000e-05	1.064480e-02	3.676888e+00
4.892000e-05	1.107902e-02	3.726286e+00
4.893000e-05	1.217257e-02	3.726862e+00
4.894000e-05	1.093474e-02	3.726845e+00
4.895000e-05	1.075741e-02	3.716892e+00
4.896000e-05	9.553764e-03	3.748372e+00
4.897000e-05	1.088123e-02	3.778968e+00
4.898000e-05	1.111333e-02	3.777371e+00
4.899000e-05	1.294982e-02	3.769470e+00
4.900000e-05	1.192901e-02	3.778948e+00
4.901000e-05	1.276556e-02	3.778397e+00
4.902000e-05	1.392707e-02	3.748474e+00
4.903000e-05	1.303221e-02	3.758420e+00
4.904000e-05	1.328578e-02	3.799947e+00
4.905000e-05	1.290603e-02	3.788975e+00
4.906000e-05	1.325291e-02	3.789947e+00
4.907000e-05	1.427225e-02	3.779424e+00
4.908000e-05	1.368222e-02	3.779975e+00
4.909000e-05	1.394174e-02	3.789949e+00
4.910000e-05	1.527274e-02	3.800974e+00
4.911000e-05	1.585820e-02	3.798949e+00
4.912000e-05	1.576981e-02	3.791401e+00
4.913000e-05	1.434088e-02	3.799446e+00
4.914000e-05	1.598285e-02	3.798471e+00
4.915000e-05	1.598100e-02	3.759372e+00
4.916000e-05	1.537040e-02	3.758467e+00
4.917000e-05	1.532181e-02	3.749472e+00
4.918000e-05	1.602874e-02	3.738446e+00
4.919000e-05	1.631433e-02	3.769391e+00
4.920000e-05	1.670583e-02	3.768871e+00
4.921000e-05	1.558177e-02	3.758495e+00
4.922000e-05	1.733335e-02	3.725793e+00
4.923000e-05	1.757905e-02	3.707386e+00
4.924000e-05	1.625101e-02	3.746843e+00
4.925000e-05	1.570819e-02	3.726315e+00
4.926000e-05	1.582422e-02	3.725363e+00
4.927000e-05	1.573956e-02	3.715686e+00
4.928000e-05	1.595266e-02	3.685811e+00
4.929000e-05	1.538248e-02	3.694262e+00
4.930000e-05	1.610624e-02	3.703684e+00
4.931000e-05	1.611438e-02	3.663183e+00
4.932000e-05	1.577569e-02	3.642029e+00
4.933000e-05	1.446206e-02	3.642629e+00
4.934000e-05	1.572165e-02	3.612078e+00
4.935000e-05	1.442010e-02	3.600526e+00
4.936000e-05	1.514353e-02	3.651554e+00
4.937000e-05	1.315951e-02	3.590526e+00
4.938000e-05	1.284026e-02	3.601001e+00
4.939000e-05	1.405599e-02	3.590000e+00
4.940000e-05	1.353330e-02	3.599500e+00
4.941000e-05	1.330237e-02	3.589996e+00
4.942000e-05	1.301672e-02	3.589500e+00
4.943000e-05	1.293455e-02	3.588347e+00
4.944000e-05	1.262180e-02	3.566874e+00
4.945000e-05	1.332045e-02	3.537866e+00
4.946000e-05	1.218019e-02	3.545865e+00
4.947000e-05	1.040174e-02	3.505188e+00
4.948000e-05	1.125487e-02	3.465687e+00
4.949000e-05	1.133422e-02	3.420633e+00
4.950000e-05	1.141023e-02	3.449450e+00
4.951000e-05	1.076306e-02	3.358497e+00
4.952000e-05	1.054383e-02	3.318343e+00
4.953000e-05	1.219274e-02	3.325763e+00
4.954000e-05	1.052737e-02	3.264762e+00
4.955000e-05	1.020344e-02	3.242028e+00
4.956000e-05	9.273228e-03	3.203255e+00
4.957000e-05	9.216438e-03	3.201500e+00
4.958000e-05	8.155482e-03	3.201475e+00
4.959000e-05	6.862868e-03	3.189499e+00
4.960000e-05	9.237422e-03	3.190448e+00
4.961000e-05	1.009019e-02	3.187896e+00
4.962000e-05	8.473350e-03	3.147920e+00
4.963000e-05	7.916501e-03	3.147868e+00
4.964000e-05	8.916779e-03	3.105236e+00
4.965000e-05	8.055554e-03	3.073660e+00
4.966000e-05	7.826230e-03	3.022685e+00
4.967000e-05	5.507523e-03	3.021526e+00
4.968000e-05	6.738394e-03	3.011049e+00
4.969000e-05	6.608365e-03	2.989472e+00
4.970000e-05	6.724852e-03	2.967920e+00
4.971000e-05	5.973475e-03	2.956966e+00
4.972000e-05	7.102816e-03	2.916237e+00
4.973000e-05	6.798030e-03	2.925208e+00
4.974000e-05	6.431602e-03	2.862133e+00
4.975000e-05	4.637633e-03	2.823076e+00
4.976000e-05	6.015946e-03	2.801028e+00
4.977000e-05	4.939891e-03	2.809500e+00
4.978000e-05	4.151893e-03	2.788447e+00
4.979000e-05	4.367867e-03	2.788971e+00
4.980000e-05	4.518473e-03	2.779896e+00
4.981000e-05	5.010630e-03	2.695284e+00
4.982000e-05	4.698890e-03	2.652679e+00
4.983000e-05	4.647707e-03	2.650577e+00
4.984000e-05	4.909796e-03	2.547445e+00
4.985000e-05	4.525436e-03	2.465906e+00
4.986000e-05	3.496821e-03	2.441085e+00
4.987000e-05	3.436159e-03	2.411102e+00
4.988000e-05	2.596665e-03	2.411051e+00
4.989000e-05	3.675180e-03	2.369971e+00
4.990000e-05	3.425871e-03	2.357319e+00
4.991000e-05	3.241221e-03	2.336387e+00
4.992000e-05	3.501055e-03	2.315284e+00
4.993000e-05	3.266137e-03	2.263681e+00
4.994000e-05	3.017808e-03	2.250554e+00
4.995000e-05	2.731488e-03	2.179474e+00
4.996000e-05	2.326234e-03	2.158449e+00
4.997000e-05	1.861950e-03	2.127365e+00
4.998000e-05	2.182886e-03	2.104684e+00
4.999000e-05	2.616579e-03	2.054184e+00
