# 260928_12:38:28.269556
t	CH1	CH2
0.000000e+00	-4.953902e-03	-2.801550e+00
1.000000e-08	-1.069483e-02	-2.871556e+00
2.000000e-08	-1.112413e-02	-2.882083e+00
3.000000e-08	-8.647519e-03	-2.943790e+00
4.000000e-08	-7.353180e-03	-2.907265e+00
5.000000e-08	-1.035667e-02	-3.020022e+00
6.000000e-08	-1.148228e-02	-3.020577e+00
7.000000e-08	-8.812672e-03	-3.123757e+00
8.000000e-08	-7.021278e-03	-3.136862e+00
9.000000e-08	-9.279859e-03	-3.148869e+00
1.000000e-07	-1.137540e-02	-3.169496e+00
1.100000e-07	-8.840499e-03	-3.199426e+00
1.200000e-07	-8.793050e-03	-3.200003e+00
1.300000e-07	-1.025428e-02	-3.211500e+00
1.400000e-07	-1.171784e-02	-3.232130e+00
1.500000e-07	-9.842946e-03	-3.243600e+00
1.600000e-07	-9.599678e-03	-3.282811e+00
1.700000e-07	-9.725116e-03	-3.285233e+00
1.800000e-07	-1.106203e-02	-3.314842e+00
1.900000e-07	-9.827358e-03	-3.345393e+00
2.000000e-07	-9.895179e-03	-3.376474e+00
2.100000e-07	-9.738980e-03	-3.389446e+00
2.200000e-07	-1.204308e-02	-3.388450e+00
2.300000e-07	-1.122716e-02	-3.421026e+00
2.400000e-07	-1.114461e-02	-3.412128e+00
2.500000e-07	-1.067035e-02	-3.402608e+00
2.600000e-07	-1.168399e-02	-3.474232e+00
2.700000e-07	-1.065466e-02	-3.533741e+00
2.800000e-07	-1.068725e-02	-3.505268e+00
2.900000e-07	-1.052435e-02	-3.538872e+00
3.000000e-07	-1.130648e-02	-3.558795e+00
3.100000e-07	-1.167602e-02	-3.557420e+00
3.200000e-07	-1.129013e-02	-3.589973e+00
3.300000e-07	-1.188303e-02	-3.598500e+00
3.400000e-07	-1.300315e-02	-3.579971e+00
3.500000e-07	-1.288127e-02	-3.610025e+00
3.600000e-07	-1.244621e-02	-3.599576e+00
3.700000e-07	-1.251364e-02	-3.620550e+00
3.800000e-07	-1.236909e-02	-3.620056e+00
3.900000e-07	-1.246615e-02	-3.631130e+00
4.000000e-07	-1.239203e-02	-3.652105e+00
4.100000e-07	-1.311014e-02	-3.651633e+00
4.200000e-07	-1.335187e-02	-3.653182e+00
4.300000e-07	-1.411724e-02	-3.684209e+00
4.400000e-07	-1.317649e-02	-3.733159e+00
4.500000e-07	-1.419633e-02	-3.725792e+00
4.600000e-07	-1.385071e-02	-3.757341e+00
4.700000e-07	-1.426125e-02	-3.795946e+00
4.800000e-07	-1.490293e-02	-3.778471e+00
4.900000e-07	-1.436051e-02	-3.758951e+00
5.000000e-07	-1.533822e-02	-3.819456e+00
5.100000e-07	-1.465464e-02	-3.801024e+00
5.200000e-07	-1.630554e-02	-3.859176e+00
5.300000e-07	-1.560139e-02	-3.883160e+00
5.400000e-07	-1.738737e-02	-3.842632e+00
5.500000e-07	-1.583750e-02	-3.894208e+00
5.600000e-07	-1.683798e-02	-3.952687e+00
5.700000e-07	-1.647020e-02	-3.894761e+00
5.800000e-07	-1.752394e-02	-3.894188e+00
5.900000e-07	-1.598314e-02	-3.943791e+00
6.000000e-07	-1.724062e-02	-3.925761e+00
6.100000e-07	-1.776404e-02	-3.905236e+00
6.200000e-07	-1.909052e-02	-3.923239e+00
6.300000e-07	-1.838728e-02	-3.947316e+00
6.400000e-07	-1.909314e-02	-3.905341e+00
6.500000e-07	-1.919934e-02	-3.946788e+00
6.600000e-07	-2.050127e-02	-3.926891e+00
6.700000e-07	-1.920836e-02	-3.945870e+00
6.800000e-07	-1.971309e-02	-3.946760e+00
6.900000e-07	-1.935089e-02	-3.926368e+00
7.000000e-07	-2.049563e-02	-3.925342e+00
7.100000e-07	-1.874255e-02	-3.945817e+00
7.200000e-07	-2.028594e-02	-3.926384e+00
7.300000e-07	-2.144940e-02	-3.917343e+00
7.400000e-07	-2.148992e-02	-3.915737e+00
7.500000e-07	-2.116619e-02	-3.897286e+00
7.600000e-07	-2.259500e-02	-3.918315e+00
7.700000e-07	-2.121329e-02	-3.936791e+00
7.800000e-07	-2.244996e-02	-3.873658e+00
7.900000e-07	-2.036432e-02	-3.915211e+00
8.000000e-07	-2.104393e-02	-3.863216e+00
8.100000e-07	-2.092180e-02	-3.863660e+00
8.200000e-07	-2.130087e-02	-3.863609e+00
8.300000e-07	-2.187991e-02	-3.814207e+00
8.400000e-07	-2.142360e-02	-3.832627e+00
8.500000e-07	-2.243338e-02	-3.860420e+00
8.600000e-07	-2.187957e-02	-3.787556e+00
8.700000e-07	-2.191042e-02	-3.808390e+00
8.800000e-07	-2.007306e-02	-3.799463e+00
8.900000e-07	-2.108557e-02	-3.788345e+00
9.000000e-07	-1.880115e-02	-3.728318e+00
9.100000e-07	-2.022323e-02	-3.706312e+00
9.200000e-07	-2.010669e-02	-3.775312e+00
9.300000e-07	-2.020108e-02	-3.683807e+00
9.400000e-07	-2.097568e-02	-3.693230e+00
9.500000e-07	-2.001857e-02	-3.681033e+00
9.600000e-07	-2.043436e-02	-3.620583e+00
9.700000e-07	-1.931217e-02	-3.630079e+00
9.800000e-07	-1.805509e-02	-3.641554e+00
9.900000e-07	-1.767304e-02	-3.601075e+00
1.000000e-06	-1.896463e-02	-3.620525e+00
1.010000e-06	-1.775857e-02	-3.600000e+00
1.020000e-06	-1.779642e-02	-3.569525e+00
1.030000e-06	-1.914232e-02	-3.588974e+00
1.040000e-06	-1.837278e-02	-3.588974e+00
1.050000e-06	-1.780130e-02	-3.598450e+00
1.060000e-06	-1.718918e-02	-3.557392e+00
1.070000e-06	-1.624158e-02	-3.548840e+00
1.080000e-06	-1.644507e-02	-3.525338e+00
1.090000e-06	-1.535864e-02	-3.433158e+00
1.100000e-06	-1.535833e-02	-3.481635e+00
1.110000e-06	-1.653503e-02	-3.431608e+00
1.120000e-06	-1.585606e-02	-3.442654e+00
1.130000e-06	-1.588760e-02	-3.430527e+00
1.140000e-06	-1.512664e-02	-3.409499e+00
1.150000e-06	-1.577661e-02	-3.389053e+00
1.160000e-06	-1.511228e-02	-3.348394e+00
1.170000e-06	-1.486400e-02	-3.356367e+00
1.180000e-06	-1.413428e-02	-3.316767e+00
1.190000e-06	-1.371058e-02	-3.304660e+00
1.200000e-06	-1.377153e-02	-3.303085e+00
1.210000e-06	-1.459528e-02	-3.273152e+00
1.220000e-06	-1.392074e-02	-3.270530e+00
1.230000e-06	-1.300606e-02	-3.211001e+00
1.240000e-06	-1.398681e-02	-3.159022e+00
1.250000e-06	-1.376961e-02	-3.179946e+00
1.260000e-06	-1.348562e-02	-3.178371e+00
1.270000e-06	-1.241684e-02	-3.186892e+00
1.280000e-06	-1.256601e-02	-3.104161e+00
1.290000e-06	-1.209209e-02	-3.084657e+00
1.300000e-06	-1.183011e-02	-3.062501e+00
1.310000e-06	-1.072089e-02	-3.008446e+00
1.320000e-06	-1.346536e-02	-2.926746e+00
1.330000e-06	-1.170710e-02	-2.924633e+00
1.340000e-06	-1.228751e-02	-2.843108e+00
1.350000e-06	-1.125315e-02	-2.821555e+00
1.360000e-06	-1.191630e-02	-2.811051e+00
1.370000e-06	-1.153783e-02	-2.820549e+00
1.380000e-06	-9.819627e-03	-2.779449e+00
1.390000e-06	-9.527751e-03	-2.758841e+00
1.400000e-06	-1.136273e-02	-2.768868e+00
1.410000e-06	-1.051438e-02	-2.695188e+00
1.420000e-06	-9.867788e-03	-2.673082e+00
1.430000e-06	-8.745780e-03	-2.612725e+00
1.440000e-06	-1.050008e-02	-2.630004e+00
1.450000e-06	-1.130616e-02	-2.599345e+00
1.460000e-06	-9.475700e-03	-2.578390e+00
1.470000e-06	-8.457503e-03	-2.515264e+00
1.480000e-06	-9.134423e-03	-2.474631e+00
1.490000e-06	-9.945377e-03	-2.453633e+00
1.500000e-06	-8.903428e-03	-2.431028e+00
1.510000e-06	-6.839671e-03	-2.410024e+00
1.520000e-06	-9.175607e-03	-2.389949e+00
1.530000e-06	-8.830140e-03	-2.367972e+00
1.540000e-06	-8.817073e-03	-2.368787e+00
1.550000e-06	-7.780326e-03	-2.302286e+00
1.560000e-06	-9.033502e-03	-2.241551e+00
1.570000e-06	-7.058012e-03	-2.148494e+00
1.580000e-06	-8.430488e-03	-2.096117e+00
1.590000e-06	-7.266387e-03	-2.132183e+00
1.600000e-06	-7.900178e-03	-2.053030e+00
1.610000e-06	-5.975361e-03	-2.010075e+00
1.620000e-06	-6.221191e-03	-1.989497e+00
1.630000e-06	-6.080902e-03	-1.968896e+00
1.640000e-06	-7.222711e-03	-1.917315e+00
1.650000e-06	-8.572667e-03	-1.893688e+00
1.660000e-06	-7.254530e-03	-1.892681e+00
1.670000e-06	-8.025171e-03	-1.850630e+00
1.680000e-06	-6.048781e-03	-1.799974e+00
1.690000e-06	-6.623907e-03	-1.738889e+00
1.700000e-06	-4.586750e-03	-1.717341e+00
1.710000e-06	-5.332364e-03	-1.683663e+00
1.720000e-06	-5.488965e-03	-1.651155e+00
1.730000e-06	-6.807032e-03	-1.619579e+00
1.740000e-06	-7.374554e-03	-1.600527e+00
1.750000e-06	-7.209834e-03	-1.569922e+00
1.760000e-06	-7.026159e-03	-1.576413e+00
1.770000e-06	-4.594894e-03	-1.452638e+00
1.780000e-06	-5.265164e-03	-1.431447e+00
1.790000e-06	-4.299908e-03	-1.325764e+00
1.800000e-06	-5.980921e-03	-1.302663e+00
1.810000e-06	-4.555687e-03	-1.252128e+00
1.820000e-06	-6.653499e-03	-1.189502e+00
1.830000e-06	-6.298847e-03	-1.199919e+00
1.840000e-06	-7.513258e-03	-1.145837e+00
1.850000e-06	-3.894105e-03	-1.062713e+00
1.860000e-06	-6.780377e-03	-1.071558e+00
1.870000e-06	-4.628336e-03	-1.010998e+00
1.880000e-06	-5.647049e-03	-1.010372e+00
1.890000e-06	-3.609037e-03	-9.668646e-01
1.900000e-06	-5.272598e-03	-8.446092e-01
1.910000e-06	-6.122051e-03	-8.917066e-01
1.920000e-06	-5.275851e-03	-8.405277e-01
1.930000e-06	-4.273137e-03	-8.204751e-01
1.940000e-06	-4.365462e-03	-7.984698e-01
1.950000e-06	-6.249157e-03	-7.472908e-01
1.960000e-06	-4.792067e-03	-7.241569e-01
1.970000e-06	-4.430501e-03	-5.995989e-01
1.980000e-06	-3.916681e-03	-5.768988e-01
1.990000e-06	-5.809902e-03	-4.922854e-01
2.000000e-06	-4.389998e-03	-4.416790e-01
2.010000e-06	-4.322061e-03	-4.400240e-01
2.020000e-06	-3.210819e-03	-4.099975e-01
2.030000e-06	-5.125343e-03	-3.789198e-01
2.040000e-06	-4.465061e-03	-3.557145e-01
2.050000e-06	-2.919243e-03	-3.146605e-01
2.060000e-06	-3.814082e-03	-2.521788e-01
2.070000e-06	-5.007748e-03	-2.009750e-01
2.080000e-06	-3.821984e-03	-1.494737e-01
2.090000e-06	-2.759276e-03	-1.163934e-01
2.100000e-06	-2.538332e-03	-1.037092e-01
2.110000e-06	-2.729752e-03	-6.507670e-02
2.120000e-06	-9.364045e-04	-3.105501e-02
2.130000e-06	-1.168501e-03	-9.498756e-03
2.140000e-06	-1.892705e-03	5.222888e-02
2.150000e-06	-1.696039e-03	1.041778e-01
2.160000e-06	-3.292582e-03	1.163871e-01
2.170000e-06	2.064916e-03	1.799235e-01
2.180000e-06	6.488312e-03	2.426803e-01
2.190000e-06	8.027253e-03	2.767682e-01
2.200000e-06	-1.325023e-03	3.599211e-01
2.210000e-06	-2.150317e-02	4.099525e-01
2.220000e-06	-7.396817e-03	4.210276e-01
2.230000e-06	-1.816667e-03	4.321053e-01
2.240000e-06	1.609381e-02	4.852580e-01
2.250000e-06	-7.776107e-03	5.378433e-01
2.260000e-06	-7.352363e-03	5.769188e-01
2.270000e-06	7.365159e-03	6.314814e-01
2.280000e-06	1.192071e-02	6.847017e-01
2.290000e-06	4.662108e-03	6.937917e-01
2.300000e-06	-1.778422e-02	7.352907e-01
2.310000e-06	-4.606039e-03	7.683734e-01
2.320000e-06	3.462272e-03	7.905513e-01
2.330000e-06	1.237175e-02	8.320038e-01
2.340000e-06	-6.845934e-03	9.132341e-01
2.350000e-06	-4.628890e-03	8.653131e-01
2.360000e-06	-6.587738e-03	9.689721e-01
2.370000e-06	1.677037e-02	1.002580e+00
2.380000e-06	-9.191133e-03	1.117162e+00
2.390000e-06	-6.156759e-03	1.148945e+00
2.400000e-06	-2.019998e-03	1.189451e+00
2.410000e-06	1.966083e-02	1.211525e+00
2.420000e-06	-1.848811e-03	1.283263e+00
2.430000e-06	-1.413976e-02	1.328365e+00
2.440000e-06	2.994268e-03	1.358920e+00
2.450000e-06	7.665361e-03	1.419549e+00
2.460000e-06	-9.806625e-04	1.410106e+00
2.470000e-06	-5.483522e-03	1.515886e+00
2.480000e-06	4.899703e-03	1.567261e+00
2.490000e-06	1.356941e-03	1.601500e+00
2.500000e-06	5.109199e-03	1.684112e+00
2.510000e-06	-6.260943e-03	1.645781e+00
2.520000e-06	-1.592607e-03	1.746893e+00
2.530000e-06	2.923367e-03	1.737420e+00
2.540000e-06	8.366730e-03	1.789422e+00
2.550000e-06	-9.547006e-03	1.821053e+00
2.560000e-06	2.054493e-03	1.853735e+00
2.570000e-06	3.852430e-03	1.914787e+00
2.580000e-06	2.601588e-03	1.936840e+00
2.590000e-06	-5.261425e-03	1.978472e+00
2.600000e-06	2.954656e-03	1.969474e+00
2.610000e-06	2.831440e-03	2.000501e+00
2.620000e-06	2.102803e-03	2.011554e+00
2.630000e-06	-2.507318e-03	2.044082e+00
2.640000e-06	9.476078e-04	2.113232e+00
2.650000e-06	3.794645e-03	2.156894e+00
2.660000e-06	2.635928e-04	2.199422e+00
2.670000e-06	-5.128651e-04	2.210025e+00
2.680000e-06	2.467505e-04	2.252053e+00
2.690000e-06	5.046594e-03	2.283710e+00
2.700000e-06	-3.538669e-05	2.244762e+00
2.710000e-06	1.917019e-03	2.379321e+00
2.720000e-06	7.217095e-04	2.378841e+00
2.730000e-06	4.742935e-03	2.379447e+00
2.740000e-06	2.003569e-03	2.430500e+00
2.750000e-06	1.183549e-03	2.411606e+00
2.760000e-06	-3.718950e-04	2.453208e+00
2.770000e-06	4.258718e-03	2.527711e+00
2.780000e-06	2.753186e-03	2.545393e+00
2.790000e-06	1.544632e-03	2.599545e+00
2.800000e-06	1.901475e-03	2.672756e+00
2.810000e-06	5.161500e-03	2.684262e+00
2.820000e-06	4.791073e-03	2.767917e+00
2.830000e-06	2.189695e-03	2.777417e+00
2.840000e-06	2.770894e-03	2.800426e+00
2.850000e-06	3.703570e-03	2.789975e+00
2.860000e-06	4.956315e-03	2.799578e+00
2.870000e-06	1.708856e-03	2.822705e+00
2.880000e-06	3.644186e-03	2.883632e+00
2.890000e-06	4.634768e-03	2.876237e+00
2.900000e-06	5.710258e-03	2.925739e+00
2.910000e-06	2.774164e-03	2.956768e+00
2.920000e-06	4.284334e-03	2.978970e+00
2.930000e-06	4.415841e-03	3.002023e+00
2.940000e-06	6.283279e-03	2.991550e+00
2.950000e-06	2.712713e-03	3.040526e+00
2.960000e-06	4.449217e-03	3.082130e+00
2.970000e-06	5.139930e-03	3.125163e+00
2.980000e-06	6.659695e-03	3.106739e+00
2.990000e-06	3.130536e-03	3.114816e+00
3.000000e-06	6.134386e-03	3.137370e+00
3.010000e-06	6.519017e-03	3.188416e+00
3.020000e-06	6.519983e-03	3.189497e+00
3.030000e-06	4.924833e-03	3.189476e+00
3.040000e-06	5.036579e-03	3.230550e+00
3.050000e-06	5.289908e-03	3.201525e+00
3.060000e-06	5.722803e-03	3.230104e+00
3.070000e-06	4.771905e-03	3.271555e+00
3.080000e-06	4.781475e-03	3.324709e+00
3.090000e-06	7.005228e-03	3.376840e+00
3.100000e-06	6.404432e-03	3.398916e+00
3.110000e-06	6.521347e-03	3.395942e+00
3.120000e-06	5.248984e-03	3.461024e+00
3.130000e-06	6.770499e-03	3.434552e+00
3.140000e-06	6.769674e-03	3.484705e+00
3.150000e-06	6.076252e-03	3.533786e+00
3.160000e-06	5.103665e-03	3.565365e+00
3.170000e-06	7.375041e-03	3.588820e+00
3.180000e-06	7.531466e-03	3.568865e+00
3.190000e-06	6.932998e-03	3.577370e+00
3.200000e-06	5.777716e-03	3.589450e+00
3.210000e-06	7.784455e-03	3.599949e+00
3.220000e-06	8.967597e-03	3.590000e+00
3.230000e-06	7.439804e-03	3.610026e+00
3.240000e-06	7.126547e-03	3.621000e+00
3.250000e-06	8.348840e-03	3.611554e+00
3.260000e-06	7.493303e-03	3.620602e+00
3.270000e-06	7.019050e-03	3.662504e+00
3.280000e-06	7.013944e-03	3.661602e+00
3.290000e-06	9.177153e-03	3.662604e+00
3.300000e-06	1.037462e-02	3.682558e+00
3.310000e-06	8.963890e-03	3.663154e+00
3.320000e-06	8.654577e-03	3.703760e+00
3.330000e-06	9.137086e-03	3.714660e+00
3.340000e-06	9.052529e-03	3.735285e+00
3.350000e-06	8.162016e-03	3.726338e+00
3.360000e-06	8.988356e-03	3.776287e+00
3.370000e-06	1.057052e-02	3.758391e+00
3.380000e-06	1.200386e-02	3.747864e+00
3.390000e-06	1.132087e-02	3.726366e+00
3.400000e-06	1.130874e-02	3.757770e+00
3.410000e-06	1.182601e-02	3.789891e+00
3.420000e-06	1.167317e-02	3.799447e+00
3.430000e-06	1.113709e-02	3.777944e+00
3.440000e-06	1.092887e-02	3.778394e+00
3.450000e-06	1.251117e-02	3.767844e+00
3.460000e-06	1.404209e-02	3.758945e+00
3.470000e-06	1.310189e-02	3.769399e+00
3.480000e-06	1.202839e-02	3.800971e+00
3.490000e-06	1.294458e-02	3.808921e+00
3.500000e-06	1.239197e-02	3.788893e+00
3.510000e-06	1.362814e-02	3.798924e+00
3.520000e-06	1.399677e-02	3.799474e+00
3.530000e-06	1.630434e-02	3.797447e+00
3.540000e-06	1.572695e-02	3.779422e+00
3.550000e-06	1.646057e-02	3.818451e+00
3.560000e-06	1.534754e-02	3.829945e+00
3.570000e-06	1.643319e-02	3.789474e+00
3.580000e-06	1.488169e-02	3.788946e+00
3.590000e-06	1.550693e-02	3.800420e+00
3.600000e-06	1.395434e-02	3.777869e+00
3.610000e-06	1.677997e-02	3.789348e+00
3.620000e-06	1.693125e-02	3.758847e+00
3.630000e-06	1.829509e-02	3.767397e+00
3.640000e-06	1.734749e-02	3.788317e+00
3.650000e-06	1.738825e-02	3.786818e+00
3.660000e-06	1.688399e-02	3.768267e+00
3.670000e-06	1.551046e-02	3.746818e+00
3.680000e-06	1.371404e-02	3.766216e+00
3.690000e-06	1.610416e-02	3.716242e+00
3.700000e-06	1.685230e-02	3.724308e+00
3.710000e-06	1.707540e-02	3.726209e+00
3.720000e-06	1.685627e-02	3.714185e+00
3.730000e-06	1.642730e-02	3.707183e+00
3.740000e-06	1.715266e-02	3.696157e+00
3.750000e-06	1.511418e-02	3.693105e+00
3.760000e-06	1.457511e-02	3.662109e+00
3.770000e-06	1.342513e-02	3.662102e+00
3.780000e-06	1.461862e-02	3.632128e+00
3.790000e-06	1.381348e-02	3.641050e+00
3.800000e-06	1.427941e-02	3.630550e+00
3.810000e-06	1.520769e-02	3.620524e+00
3.820000e-06	1.478254e-02	3.610450e+00
3.830000e-06	1.523069e-02	3.610000e+00
3.840000e-06	1.422089e-02	3.609946e+00
3.850000e-06	1.219970e-02	3.579372e+00
3.860000e-06	1.109891e-02	3.598472e+00
3.870000e-06	1.120303e-02	3.567396e+00
3.880000e-06	1.020115e-02	3.567418e+00
3.890000e-06	1.169409e-02	3.564892e+00
3.900000e-06	1.177517e-02	3.506135e+00
3.910000e-06	1.519424e-02	3.521709e+00
3.920000e-06	1.108280e-02	3.463230e+00
3.930000e-06	1.273628e-02	3.441451e+00
3.940000e-06	8.092544e-03	3.359419e+00
3.950000e-06	1.082642e-02	3.358265e+00
3.960000e-06	7.305218e-03	3.365788e+00
3.970000e-06	1.022985e-02	3.315186e+00
3.980000e-06	8.959587e-03	3.272579e+00
3.990000e-06	1.257112e-02	3.272704e+00
4.000000e-06	9.445362e-03	3.242053e+00
4.010000e-06	9.796764e-03	3.240524e+00
4.020000e-06	8.516228e-03	3.210526e+00
4.030000e-06	9.524142e-03	3.190475e+00
4.040000e-06	7.361765e-03	3.169422e+00
4.050000e-06	7.624669e-03	3.167470e+00
4.060000e-06	7.352741e-03	3.136947e+00
4.070000e-06	8.832486e-03	3.125738e+00
4.080000e-06	8.491017e-03	3.104159e+00
4.090000e-06	7.728732e-03	3.063179e+00
4.100000e-06	7.693686e-03	3.081104e+00
4.110000e-06	7.855095e-03	3.041024e+00
4.120000e-06	7.508572e-03	3.018969e+00
4.130000e-06	6.382429e-03	2.977974e+00
4.140000e-06	5.939243e-03	2.967418e+00
4.150000e-06	6.344573e-03	2.946366e+00
4.160000e-06	6.480993e-03	2.925262e+00
4.170000e-06	6.552733e-03	2.885160e+00
4.180000e-06	5.920053e-03	2.832126e+00
4.190000e-06	6.234643e-03	2.849525e+00
4.200000e-06	6.259146e-03	2.810503e+00
4.210000e-06	5.306520e-03	2.809524e+00
4.220000e-06	4.628162e-03	2.789871e+00
4.230000e-06	5.101940e-03	2.778891e+00
4.240000e-06	5.623315e-03	2.696815e+00
4.250000e-06	5.939474e-03	2.705137e+00
4.260000e-06	4.347900e-03	2.703480e+00
4.270000e-06	5.330173e-03	2.598429e+00
4.280000e-06	4.495257e-03	2.544435e+00
4.290000e-06	3.661123e-03	2.522182e+00
4.300000e-06	2.733171e-03	2.471529e+00
4.310000e-06	3.534427e-03	2.451526e+00
4.320000e-06	3.785607e-03	2.409974e+00
4.330000e-06	4.335131e-03	2.369871e+00
4.340000e-06	3.935569e-03	2.358368e+00
4.350000e-06	3.685701e-03	2.296687e+00
4.360000e-06	3.003370e-03	2.285109e+00
4.370000e-06	3.296305e-03	2.281053e+00
4.380000e-06	2.055921e-03	2.249999e+00
4.390000e-06	2.292488e-03	2.190474e+00
4.400000e-06	1.617536e-03	2.138390e+00
4.410000e-06	3.909494e-03	2.146265e+00
4.420000e-06	1.875570e-03	2.095133e+00
4.430000e-06	2.926423e-03	2.052656e+00
4.440000e-06	1.729734e-03	2.051104e+00
4.450000e-06	2.431842e-03	1.990500e+00
4.460000e-06	1.603376e-03	2.009524e+00
4.470000e-06	1.089100e-03	1.969768e+00
4.480000e-06	3.994992e-04	1.917268e+00
4.490000e-06	1.248112e-03	1.924659e+00
4.500000e-06	7.320335e-04	1.832080e+00
4.510000e-06	1.389237e-03	1.818396e+00
4.520000e-06	6.811237e-04	1.737846e+00
4.530000e-06	1.217758e-03	1.746241e+00
4.540000e-06	1.543635e-03	1.664787e+00
4.550000e-06	2.620746e-04	1.661628e+00
4.560000e-06	-8.029684e-04	1.631432e+00
4.570000e-06	-1.179193e-03	1.533344e+00
4.580000e-06	7.029185e-04	1.536892e+00
4.590000e-06	-9.744138e-04	1.483162e+00
4.600000e-06	-1.023465e-03	1.452078e+00
4.610000e-06	-2.497124e-04	1.429973e+00
4.620000e-06	9.658987e-04	1.378845e+00
4.630000e-06	2.586567e-04	1.356367e+00
4.640000e-06	-7.254938e-04	1.274608e+00
4.650000e-06	-7.318713e-04	1.260579e+00
4.660000e-06	-1.014485e-03	1.170502e+00
4.670000e-06	-1.422615e-03	1.180392e+00
4.680000e-06	-1.693779e-03	1.158311e+00
4.690000e-06	-3.682951e-04	1.093980e+00
4.700000e-06	-1.014491e-04	1.028300e+00
4.710000e-06	-6.133809e-04	9.543483e-01
4.720000e-06	-1.897719e-03	8.326554e-01
4.730000e-06	-6.230990e-04	8.506265e-01
4.740000e-06	-9.623555e-04	8.005276e-01
4.750000e-06	-2.214263e-04	7.798974e-01
4.760000e-06	-2.816162e-03	7.483696e-01
4.770000e-06	-1.640646e-03	7.371432e-01
4.780000e-06	-1.368028e-03	6.940817e-01
4.790000e-06	-1.122487e-03	6.404776e-01
4.800000e-06	-2.592092e-03	6.103999e-01
4.810000e-06	-1.121276e-03	5.763446e-01
4.820000e-06	-1.536894e-03	5.261883e-01
4.830000e-06	-6.543927e-04	4.930555e-01
4.840000e-06	-1.620457e-03	4.431028e-01
4.850000e-06	-2.369563e-03	4.300263e-01
4.860000e-06	-2.712353e-03	4.198162e-01
4.870000e-06	-2.116845e-03	3.188185e-01
4.880000e-06	-2.063388e-03	3.262857e-01
4.890000e-06	-2.969161e-03	2.820526e-01
4.900000e-06	-2.544254e-03	2.103485e-01
4.910000e-06	-2.198055e-03	1.051655e-01
4.920000e-06	-2.480691e-03	5.258545e-02
4.930000e-06	-2.424539e-03	1.052626e-02
4.940000e-06	-2.686007e-03	9.976240e-03
4.950000e-06	-2.301791e-03	-3.208151e-02
4.960000e-06	-1.314642e-03	-4.270565e-02
4.970000e-06	-2.583916e-03	-9.328948e-02
4.980000e-06	-1.182889e-03	-1.668647e-01
4.990000e-06	-1.659591e-03	-1.694473e-01
5.000000e-06	-1.942249e-03	-2.005501e-01
5.010000e-06	5.247440e-04	-2.407065e-01
5.020000e-06	5.922876e-03	-3.048369e-01
5.030000e-06	1.181271e-02	-3.378458e-01
5.040000e-06	4.126891e-03	-3.590237e-01
5.050000e-06	-2.592002e-02	-3.916013e-01
5.060000e-06	-1.457141e-02	-4.125515e-01
5.070000e-06	-9.462583e-03	-4.736592e-01
5.080000e-06	1.968937e-02	-4.933170e-01
5.090000e-06	-4.908060e-04	-5.410225e-01
5.100000e-06	-4.759084e-04	-6.831355e-01
5.110000e-06	1.110917e-02	-6.647330e-01
5.120000e-06	6.748219e-03	-7.348722e-01
5.130000e-06	3.373862e-03	-7.799224e-01
5.140000e-06	-2.786838e-02	-7.899998e-01
5.150000e-06	-3.900043e-03	-8.101040e-01
5.160000e-06	-4.426139e-03	-8.926856e-01
5.170000e-06	9.748626e-03	-9.173160e-01
5.180000e-06	-1.473506e-02	-9.679709e-01
5.190000e-06	-4.603140e-03	-1.008426e+00
5.200000e-06	-1.177659e-02	-1.061055e+00
5.210000e-06	7.456167e-03	-1.084784e+00
5.220000e-06	-3.188077e-03	-1.105891e+00
5.230000e-06	2.745853e-04	-1.137896e+00
5.240000e-06	3.275341e-03	-1.180548e+00
5.250000e-06	1.091029e-02	-1.243104e+00
5.260000e-06	-6.622703e-03	-1.255780e+00
5.270000e-06	-2.536508e-02	-1.363895e+00
5.280000e-06	-4.767286e-04	-1.403125e+00
5.290000e-06	7.783170e-03	-1.504844e+00
5.300000e-06	-8.774148e-03	-1.567421e+00
5.310000e-06	-1.899715e-02	-1.569400e+00
5.320000e-06	8.111692e-03	-1.621474e+00
5.330000e-06	-4.256248e-03	-1.571076e+00
5.340000e-06	-4.589000e-03	-1.653204e+00
5.350000e-06	-1.220951e-02	-1.703362e+00
5.360000e-06	-4.080300e-03	-1.726945e+00
5.370000e-06	-2.904328e-03	-1.758946e+00
5.380000e-06	1.701741e-03	-1.820550e+00
5.390000e-06	-1.728031e-02	-1.851532e+00
5.400000e-06	-5.531685e-03	-1.863211e+00
5.410000e-06	2.127395e-03	-1.906288e+00
5.420000e-06	-6.050069e-03	-1.945917e+00
5.430000e-06	-1.235470e-02	-1.969417e+00
5.440000e-06	-3.103047e-03	-1.990451e+00
5.450000e-06	-1.196702e-04	-1.981024e+00
5.460000e-06	-4.934724e-03	-2.020602e+00
5.470000e-06	-1.225473e-02	-2.051682e+00
5.480000e-06	-7.358253e-03	-2.106492e+00
5.490000e-06	3.186698e-04	-2.187519e+00
5.500000e-06	-8.223128e-03	-2.231108e+00
5.510000e-06	-8.467395e-03	-2.356707e+00
5.520000e-06	-7.701330e-03	-2.328896e+00
5.530000e-06	4.524292e-04	-2.399497e+00
5.540000e-06	-8.893924e-03	-2.379974e+00
5.550000e-06	-7.499135e-03	-2.401049e+00
5.560000e-06	-8.823949e-03	-2.461604e+00
5.570000e-06	-2.554402e-03	-2.483683e+00
5.580000e-06	-7.668816e-03	-2.463737e+00
5.590000e-06	-8.158849e-03	-2.556417e+00
5.600000e-06	-9.893360e-03	-2.600494e+00
5.610000e-06	-3.666956e-03	-2.599498e+00
5.620000e-06	-6.124428e-03	-2.601102e+00
5.630000e-06	-9.935042e-03	-2.663758e+00
5.640000e-06	-7.883126e-03	-2.694283e+00
5.650000e-06	-5.146301e-03	-2.706262e+00
5.660000e-06	-5.541942e-03	-2.726946e+00
5.670000e-06	-1.087316e-02	-2.759472e+00
5.680000e-06	-9.560454e-03	-2.809472e+00
5.690000e-06	-7.290429e-03	-2.799500e+00
5.700000e-06	-5.936646e-03	-2.801100e+00
5.710000e-06	-1.163118e-02	-2.830531e+00
5.720000e-06	-8.706158e-03	-2.874586e+00
5.730000e-06	-7.072380e-03	-2.906812e+00
5.740000e-06	-5.908710e-03	-2.966412e+00
5.750000e-06	-1.136597e-02	-3.030500e+00
5.760000e-06	-9.778712e-03	-3.052609e+00
5.770000e-06	-8.011290e-03	-3.085762e+00
5.780000e-06	-7.994309e-03	-3.105887e+00
5.790000e-06	-1.035360e-02	-3.128965e+00
5.800000e-06	-1.131769e-02	-3.177971e+00
5.810000e-06	-8.071095e-03	-3.199500e+00
5.820000e-06	-8.936196e-03	-3.190550e+00
5.830000e-06	-1.029963e-02	-3.212628e+00
5.840000e-06	-1.170396e-02	-3.222078e+00
5.850000e-06	-8.273704e-03	-3.282657e+00
5.860000e-06	-9.323767e-03	-3.273684e+00
5.870000e-06	-1.057591e-02	-3.346786e+00
5.880000e-06	-1.185942e-02	-3.353840e+00
5.890000e-06	-1.089291e-02	-3.368392e+00
5.900000e-06	-1.064877e-02	-3.399470e+00
5.910000e-06	-1.081244e-02	-3.399045e+00
5.920000e-06	-1.207236e-02	-3.430000e+00
5.930000e-06	-1.017269e-02	-3.421673e+00
5.940000e-06	-1.060573e-02	-3.493678e+00
5.950000e-06	-1.035147e-02	-3.423129e+00
5.960000e-06	-1.401212e-02	-3.484288e+00
5.970000e-06	-1.192871e-02	-3.525286e+00
5.980000e-06	-1.083064e-02	-3.536866e+00
5.990000e-06	-1.215403e-02	-3.557870e+00
6.000000e-06	-1.321615e-02	-3.557918e+00
6.010000e-06	-1.234100e-02	-3.579974e+00
6.020000e-06	-1.107004e-02	-3.587974e+00
6.030000e-06	-1.223511e-02	-3.599948e+00
6.040000e-06	-1.264646e-02	-3.620525e+00
6.050000e-06	-1.222277e-02	-3.620000e+00
6.060000e-06	-1.206177e-02	-3.600999e+00
6.070000e-06	-1.334495e-02	-3.591003e+00
6.080000e-06	-1.393559e-02	-3.610579e+00
6.090000e-06	-1.464659e-02	-3.611055e+00
6.100000e-06	-1.286965e-02	-3.653079e+00
6.110000e-06	-1.304824e-02	-3.651732e+00
6.120000e-06	-1.402908e-02	-3.723313e+00
6.130000e-06	-1.383063e-02	-3.673810e+00
6.140000e-06	-1.308607e-02	-3.703385e+00
6.150000e-06	-1.179115e-02	-3.736267e+00
6.160000e-06	-1.477439e-02	-3.766846e+00
6.170000e-06	-1.500697e-02	-3.787937e+00
6.180000e-06	-1.424202e-02	-3.799066e+00
6.190000e-06	-1.410685e-02	-3.860475e+00
6.200000e-06	-1.559662e-02	-3.852049e+00
6.210000e-06	-1.626735e-02	-3.861129e+00
6.220000e-06	-1.505041e-02	-3.880103e+00
6.230000e-06	-1.449189e-02	-3.904179e+00
6.240000e-06	-1.679272e-02	-3.871762e+00
6.250000e-06	-1.621623e-02	-3.936209e+00
6.260000e-06	-1.590362e-02	-3.864283e+00
6.270000e-06	-1.586130e-02	-3.885705e+00
6.280000e-06	-1.633238e-02	-3.906340e+00
6.290000e-06	-1.824730e-02	-3.904314e+00
6.300000e-06	-1.764218e-02	-3.923288e+00
6.310000e-06	-1.777531e-02	-3.926807e+00
6.320000e-06	-1.762222e-02	-3.916194e+00
6.330000e-06	-1.887480e-02	-3.947844e+00
6.340000e-06	-1.799795e-02	-3.967792e+00
6.350000e-06	-1.886845e-02	-3.927918e+00
6.360000e-06	-1.901843e-02	-3.956365e+00
6.370000e-06	-1.985871e-02	-3.946417e+00
6.380000e-06	-1.963285e-02	-3.946814e+00
6.390000e-06	-2.131407e-02	-3.937841e+00
6.400000e-06	-1.995083e-02	-3.956736e+00
6.410000e-06	-2.158498e-02	-3.947917e+00
6.420000e-06	-2.053411e-02	-3.936386e+00
6.430000e-06	-2.037016e-02	-3.945764e+00
6.440000e-06	-1.995190e-02	-3.946312e+00
6.450000e-06	-2.116564e-02	-3.936313e+00
6.460000e-06	-2.228909e-02	-3.927737e+00
6.470000e-06	-2.408052e-02	-3.924336e+00
6.480000e-06	-2.169850e-02	-3.887283e+00
6.490000e-06	-2.260362e-02	-3.943858e+00
6.500000e-06	-2.115648e-02	-3.896179e+00
6.510000e-06	-2.167925e-02	-3.863281e+00
6.520000e-06	-1.995664e-02	-3.921685e+00
6.530000e-06	-2.097871e-02	-3.884155e+00
6.540000e-06	-2.273906e-02	-3.851101e+00
6.550000e-06	-2.346699e-02	-3.831084e+00
6.560000e-06	-2.261100e-02	-3.830649e+00
6.570000e-06	-2.221813e-02	-3.779421e+00
6.580000e-06	-2.162292e-02	-3.825395e+00
6.590000e-06	-2.077209e-02	-3.795817e+00
6.600000e-06	-2.000094e-02	-3.717341e+00
6.610000e-06	-2.064925e-02	-3.765286e+00
6.620000e-06	-2.114359e-02	-3.714233e+00
6.630000e-06	-2.151497e-02	-3.732657e+00
6.640000e-06	-2.101440e-02	-3.683107e+00
6.650000e-06	-2.045026e-02	-3.652104e+00
6.660000e-06	-1.962443e-02	-3.681627e+00
6.670000e-06	-1.890868e-02	-3.641575e+00
6.680000e-06	-1.889113e-02	-3.631026e+00
6.690000e-06	-1.832468e-02	-3.611500e+00
6.700000e-06	-1.886020e-02	-3.610000e+00
6.710000e-06	-1.935607e-02	-3.600500e+00
6.720000e-06	-1.884384e-02	-3.600020e+00
6.730000e-06	-1.751957e-02	-3.579475e+00
6.740000e-06	-1.603087e-02	-3.578446e+00
6.750000e-06	-1.801034e-02	-3.589370e+00
6.760000e-06	-1.716114e-02	-3.537945e+00
6.770000e-06	-1.656002e-02	-3.534339e+00
6.780000e-06	-1.708648e-02	-3.535812e+00
6.790000e-06	-1.749663e-02	-3.512737e+00
6.800000e-06	-1.735452e-02	-3.474583e+00
6.810000e-06	-1.431504e-02	-3.451132e+00
6.820000e-06	-1.523358e-02	-3.401555e+00
6.830000e-06	-1.503914e-02	-3.400024e+00
6.840000e-06	-1.483241e-02	-3.370449e+00
6.850000e-06	-1.368174e-02	-3.388922e+00
6.860000e-06	-1.466559e-02	-3.337942e+00
6.870000e-06	-1.544133e-02	-3.334341e+00
6.880000e-06	-1.532584e-02	-3.305233e+00
6.890000e-06	-1.372383e-02	-3.263763e+00
6.900000e-06	-1.361400e-02	-3.261632e+00
6.910000e-06	-1.304654e-02	-3.232551e+00
6.920000e-06	-1.402350e-02	-3.231529e+00
6.930000e-06	-1.150918e-02	-3.210550e+00
6.940000e-06	-1.292270e-02	-3.179997e+00
6.950000e-06	-1.301263e-02	-3.178871e+00
6.960000e-06	-1.324667e-02	-3.138870e+00
6.970000e-06	-1.231811e-02	-3.126338e+00
6.980000e-06	-1.100124e-02	-3.105713e+00
6.990000e-06	-1.166825e-02	-3.062524e+00
7.000000e-06	-1.248513e-02	-3.002046e+00
7.010000e-06	-1.174149e-02	-2.966991e+00
7.020000e-06	-1.213766e-02	-2.946188e+00
7.030000e-06	-1.174747e-02	-2.901710e+00
7.040000e-06	-1.163997e-02	-2.832128e+00
7.050000e-06	-1.124273e-02	-2.822101e+00
7.060000e-06	-9.147328e-03	-2.800023e+00
7.070000e-06	-1.055232e-02	-2.788972e+00
7.080000e-06	-1.096815e-02	-2.769497e+00
7.090000e-06	-1.151311e-02	-2.767337e+00
7.100000e-06	-1.063226e-02	-2.715692e+00
7.110000e-06	-1.043957e-02	-2.715264e+00
7.120000e-06	-1.168318e-02	-2.641058e+00
7.130000e-06	-9.240193e-03	-2.652027e+00
7.140000e-06	-8.848386e-03	-2.610548e+00
7.150000e-06	-8.499132e-03	-2.578921e+00
7.160000e-06	-1.052951e-02	-2.515787e+00
7.170000e-06	-9.640807e-03	-2.494733e+00
7.180000e-06	-8.882613e-03	-2.493108e+00
7.190000e-06	-8.836302e-03	-2.421129e+00
7.200000e-06	-1.037561e-02	-2.400050e+00
7.210000e-06	-9.384383e-03	-2.400024e+00
7.220000e-06	-8.441777e-03	-2.389475e+00
7.230000e-06	-7.729520e-03	-2.379369e+00
7.240000e-06	-9.840742e-03	-2.307407e+00
7.250000e-06	-8.361952e-03	-2.263134e+00
7.260000e-06	-8.361429e-03	-2.230500e+00
7.270000e-06	-7.574105e-03	-2.187916e+00
7.280000e-06	-8.275680e-03	-2.105185e+00
7.290000e-06	-8.871450e-03	-2.051582e+00
7.300000e-06	-6.927974e-03	-2.010076e+00
7.310000e-06	-8.237559e-03	-1.999548e+00
7.320000e-06	-7.003030e-03	-1.969422e+00
7.330000e-06	-8.105097e-03	-1.978445e+00
7.340000e-06	-6.706554e-03	-1.946291e+00
7.350000e-06	-6.485806e-03	-1.883208e+00
7.360000e-06	-6.657756e-03	-1.871552e+00
7.370000e-06	-7.153338e-03	-1.770553e+00
7.380000e-06	-6.083971e-03	-1.789426e+00
7.390000e-06	-6.626277e-03	-1.748345e+00
7.400000e-06	-7.268650e-03	-1.735765e+00
7.410000e-06	-7.442152e-03	-1.682606e+00
7.420000e-06	-5.484744e-03	-1.630555e+00
7.430000e-06	-5.895755e-03	-1.601026e+00
7.440000e-06	-5.624769e-03	-1.570500e+00
7.450000e-06	-6.395412e-03	-1.577842e+00
7.460000e-06	-5.054379e-03	-1.557258e+00
7.470000e-06	-5.107269e-03	-1.455195e+00
7.480000e-06	-5.726742e-03	-1.400392e+00
7.490000e-06	-6.368026e-03	-1.332789e+00
7.500000e-06	-4.971336e-03	-1.253559e+00
7.510000e-06	-5.698500e-03	-1.203030e+00
7.520000e-06	-5.407951e-03	-1.188952e+00
7.530000e-06	-5.307640e-03	-1.168893e+00
7.540000e-06	-4.203298e-03	-1.126209e+00
7.550000e-06	-4.160710e-03	-1.063680e+00
7.560000e-06	-4.297958e-03	-1.031554e+00
7.570000e-06	-4.740637e-03	-1.030996e+00
7.580000e-06	-5.224725e-03	-9.573696e-01
7.590000e-06	-3.367672e-03	-9.157894e-01
7.600000e-06	-4.934542e-03	-8.631368e-01
7.610000e-06	-5.175609e-03	-8.215790e-01
7.620000e-06	-5.303194e-03	-8.000263e-01
7.630000e-06	-4.030166e-03	-7.889724e-01
7.640000e-06	-3.595861e-03	-7.368461e-01
7.650000e-06	-4.686275e-03	-6.943131e-01
7.660000e-06	-4.340085e-03	-6.410542e-01
7.670000e-06	-3.307563e-03	-5.699224e-01
7.680000e-06	-3.875550e-03	-5.363154e-01
7.690000e-06	-5.585259e-03	-4.816578e-01
7.700000e-06	-4.156395e-03	-4.600025e-01
7.710000e-06	-4.145776e-03	-4.004751e-01
7.720000e-06	-3.790579e-03	-3.805213e-01
7.730000e-06	-3.403649e-03	-3.568434e-01
7.740000e-06	-3.684287e-03	-3.046620e-01
7.750000e-06	-3.684026e-03	-3.046053e-01
7.760000e-06	-3.753634e-03	-2.115289e-01
7.770000e-06	-3.789648e-03	-1.979998e-01
7.780000e-06	-3.995560e-03	-1.778434e-01
7.790000e-06	-3.709794e-03	-8.523828e-02
7.800000e-06	-2.181328e-03	-7.316035e-02
7.810000e-06	-2.547166e-03	-3.158145e-02
7.820000e-06	-2.346378e-03	-5.487594e-04
7.830000e-06	-2.276280e-03	1.102750e-02
7.840000e-06	-2.018624e-03	3.215639e-02
7.850000e-06	-1.255284e-03	7.323821e-02
7.860000e-06	-1.608790e-03	1.468982e-01
7.870000e-06	3.148590e-03	2.405539e-01
7.880000e-06	9.925128e-03	2.742581e-01
7.890000e-06	5.594908e-03	3.374172e-01
7.900000e-06	-9.939977e-03	3.899749e-01
7.910000e-06	-2.404109e-02	4.104738e-01
7.920000e-06	-1.003322e-02	4.406039e-01
7.930000e-06	8.777629e-03	4.436792e-01
7.940000e-06	4.209359e-03	4.768669e-01
7.950000e-06	-7.362558e-03	5.473423e-01
7.960000e-06	1.028759e-03	5.989514e-01
7.970000e-06	9.730860e-03	6.030065e-01
7.980000e-06	1.464127e-02	6.552293e-01
7.990000e-06	-1.982733e-02	7.042419e-01
8.000000e-06	-1.893256e-03	7.669161e-01
8.010000e-06	-8.626652e-03	7.784735e-01
8.020000e-06	1.705031e-02	8.005489e-01
8.030000e-06	-2.713786e-03	8.436066e-01
8.040000e-06	-1.355372e-02	8.842855e-01
8.050000e-06	-4.788172e-03	9.577922e-01
8.060000e-06	2.036078e-03	9.799751e-01
8.070000e-06	1.303544e-02	1.041212e+00
8.080000e-06	-1.277285e-02	1.138892e+00
8.090000e-06	-4.112111e-03	1.158895e+00
8.100000e-06	7.990036e-03	1.220453e+00
8.110000e-06	1.326375e-02	1.231681e+00
8.120000e-06	-1.661103e-02	1.296310e+00
8.130000e-06	-3.449590e-03	1.328792e+00
8.140000e-06	4.823078e-03	1.397425e+00
8.150000e-06	9.048062e-03	1.390054e+00
8.160000e-06	-9.311824e-03	1.436238e+00
8.170000e-06	4.574479e-03	1.556262e+00
8.180000e-06	-3.218669e-04	1.598500e+00
8.190000e-06	4.976219e-03	1.580577e+00
8.200000e-06	2.860156e-04	1.704213e+00
8.210000e-06	-5.034488e-03	1.694807e+00
8.220000e-06	1.256883e-03	1.697868e+00
8.230000e-06	8.580326e-03	1.788869e+00
8.240000e-06	1.582281e-03	1.770051e+00
8.250000e-06	-7.940495e-03	1.842127e+00
8.260000e-06	5.676283e-03	1.873310e+00
8.270000e-06	4.125352e-03	1.876338e+00
8.280000e-06	-9.087385e-04	1.966844e+00
8.290000e-06	-3.523080e-03	2.008971e+00
8.300000e-06	6.388653e-03	2.010001e+00
8.310000e-06	1.950205e-03	2.000076e+00
8.320000e-06	2.454102e-03	2.051629e+00
8.330000e-06	-5.489992e-03	2.125214e+00
8.340000e-06	4.756341e-03	2.125315e+00
8.350000e-06	2.642940e-03	2.147368e+00
8.360000e-06	8.093489e-04	2.178471e+00
8.370000e-06	-1.249932e-03	2.203528e+00
8.380000e-06	4.425606e-03	2.250607e+00
8.390000e-06	3.143751e-03	2.294686e+00
8.400000e-06	3.349840e-04	2.305817e+00
8.410000e-06	-5.777528e-04	2.348317e+00
8.420000e-06	1.853741e-03	2.368948e+00
8.430000e-06	3.398765e-03	2.390050e+00
8.440000e-06	1.724457e-03	2.401100e+00
8.450000e-06	-3.946905e-04	2.430658e+00
8.460000e-06	2.086112e-03	2.484684e+00
8.470000e-06	6.389028e-03	2.497808e+00
8.480000e-06	1.709334e-03	2.537919e+00
8.490000e-06	7.338908e-04	2.611675e+00
8.500000e-06	1.098243e-03	2.685158e+00
8.510000e-06	5.682380e-03	2.717264e+00
8.520000e-06	1.954050e-03	2.728842e+00
8.530000e-06	8.780843e-04	2.787472e+00
8.540000e-06	1.712483e-03	2.780001e+00
8.550000e-06	6.078716e-03	2.810951e+00
8.560000e-06	3.964702e-03	2.841104e+00
8.570000e-06	1.439167e-03	2.822031e+00
8.580000e-06	3.518468e-03	2.915185e+00
8.590000e-06	6.039267e-03	2.875763e+00
8.600000e-06	3.208521e-03	2.956863e+00
8.610000e-06	1.126703e-03	2.958968e+00
8.620000e-06	3.697695e-03	2.999369e+00
8.630000e-06	5.988433e-03	2.980501e+00
8.640000e-06	4.601137e-03	3.042003e+00
8.650000e-06	2.376785e-03	3.052679e+00
8.660000e-06	4.757353e-03	3.065260e+00
8.670000e-06	6.502917e-03	3.095683e+00
8.680000e-06	6.306030e-03	3.126235e+00
8.690000e-06	3.264380e-03	3.167817e+00
8.700000e-06	4.533675e-03	3.158449e+00
8.710000e-06	5.213429e-03	3.179422e+00
8.720000e-06	6.838504e-03	3.209972e+00
8.730000e-06	3.688459e-03	3.200000e+00
8.740000e-06	5.637033e-03	3.219551e+00
8.750000e-06	5.654350e-03	3.244103e+00
8.760000e-06	7.257484e-03	3.252678e+00
8.770000e-06	5.652374e-03	3.273232e+00
8.780000e-06	5.507845e-03	3.306184e+00
8.790000e-06	6.300626e-03	3.343742e+00
8.800000e-06	7.862012e-03	3.398940e+00
8.810000e-06	5.467770e-03	3.441370e+00
8.820000e-06	5.352302e-03	3.403598e+00
8.830000e-06	6.555754e-03	3.462104e+00
8.840000e-06	7.659580e-03	3.522733e+00
8.850000e-06	6.317044e-03	3.475659e+00
8.860000e-06	6.595372e-03	3.547366e+00
8.870000e-06	8.235975e-03	3.558371e+00
8.880000e-06	8.117832e-03	3.598946e+00
8.890000e-06	7.434443e-03	3.568949e+00
8.900000e-06	7.092401e-03	3.580000e+00
8.910000e-06	8.342574e-03	3.599499e+00
8.920000e-06	8.515189e-03	3.600499e+00
8.930000e-06	8.230570e-03	3.610499e+00
8.940000e-06	6.748742e-03	3.610576e+00
8.950000e-06	7.243700e-03	3.630502e+00
8.960000e-06	9.947016e-03	3.621554e+00
8.970000e-06	7.780488e-03	3.661575e+00
8.980000e-06	9.147379e-03	3.653157e+00
8.990000e-06	9.088346e-03	3.663051e+00
9.000000e-06	9.070460e-03	3.684084e+00
9.010000e-06	8.507097e-03	3.662758e+00
9.020000e-06	7.560524e-03	3.696185e+00
9.030000e-06	8.485958e-03	3.724735e+00
9.040000e-06	9.214177e-03	3.725711e+00
9.050000e-06	1.075385e-02	3.716863e+00
9.060000e-06	1.024102e-02	3.735339e+00
9.070000e-06	9.769020e-03	3.756888e+00
9.080000e-06	1.012925e-02	3.716788e+00
9.090000e-06	1.021892e-02	3.767919e+00
9.100000e-06	1.142933e-02	3.768868e+00
9.110000e-06	1.134923e-02	3.778417e+00
9.120000e-06	1.025988e-02	3.758416e+00
9.130000e-06	1.145501e-02	3.777945e+00
9.140000e-06	1.104356e-02	3.768524e+00
9.150000e-06	1.241868e-02	3.798863e+00
9.160000e-06	1.056934e-02	3.809920e+00
9.170000e-06	1.296109e-02	3.798447e+00
9.180000e-06	1.500690e-02	3.789944e+00
9.190000e-06	1.376385e-02	3.779975e+00
9.200000e-06	1.306637e-02	3.789950e+00
9.210000e-06	1.293372e-02	3.809000e+00
9.220000e-06	1.379790e-02	3.807396e+00
9.230000e-06	1.470701e-02	3.769997e+00
9.240000e-06	1.387277e-02	3.799372e+00
9.250000e-06	1.519714e-02	3.798099e+00
9.260000e-06	1.680571e-02	3.800445e+00
9.270000e-06	1.601500e-02	3.788925e+00
9.280000e-06	1.526172e-02	3.769420e+00
9.290000e-06	1.527343e-02	3.787946e+00
9.300000e-06	1.631846e-02	3.769471e+00
9.310000e-06	1.536057e-02	3.768895e+00
9.320000e-06	1.609945e-02	3.759423e+00
9.330000e-06	1.554773e-02	3.767369e+00
9.340000e-06	1.742315e-02	3.757371e+00
9.350000e-06	1.629641e-02	3.757867e+00
9.360000e-06	1.646711e-02	3.736865e+00
9.370000e-06	1.679737e-02	3.757362e+00
9.380000e-06	1.707188e-02	3.747817e+00
9.390000e-06	1.683012e-02	3.727286e+00
9.400000e-06	1.618376e-02	3.724742e+00
9.410000e-06	1.575625e-02	3.694209e+00
9.420000e-06	1.587837e-02	3.695282e+00
9.430000e-06	1.551105e-02	3.683606e+00
9.440000e-06	1.590034e-02	3.663152e+00
9.450000e-06	1.581867e-02	3.642053e+00
9.460000e-06	1.486240e-02	3.691631e+00
9.470000e-06	1.641300e-02	3.641129e+00
9.480000e-06	1.616922e-02	3.671502e+00
9.490000e-06	1.373545e-02	3.641002e+00
9.500000e-06	1.501830e-02	3.590575e+00
9.510000e-06	1.424374e-02	3.609976e+00
9.520000e-06	1.415497e-02	3.599975e+00
9.530000e-06	1.283766e-02	3.599974e+00
9.540000e-06	1.417274e-02	3.609974e+00
9.550000e-06	1.334727e-02	3.599999e+00
9.560000e-06	1.354370e-02	3.588421e+00
9.570000e-06	1.271829e-02	3.576918e+00
9.580000e-06	1.347690e-02	3.537772e+00
9.590000e-06	1.197883e-02	3.535316e+00
9.600000e-06	1.295643e-02	3.496663e+00
9.610000e-06	1.052586e-02	3.482627e+00
9.620000e-06	1.145678e-02	3.452530e+00
9.630000e-06	9.927935e-03	3.451050e+00
9.640000e-06	1.126137e-02	3.417868e+00
9.650000e-06	1.142911e-02	3.368390e+00
9.660000e-06	1.013671e-02	3.377839e+00
9.670000e-06	9.190015e-03	3.265179e+00
9.680000e-06	1.068156e-02	3.312105e+00
9.690000e-06	9.610607e-03	3.251601e+00
9.700000e-06	9.307515e-03	3.240551e+00
9.710000e-06	7.278073e-03	3.201025e+00
9.720000e-06	8.861832e-03	3.199973e+00
9.730000e-06	8.870907e-03	3.189950e+00
9.740000e-06	7.682064e-03	3.178997e+00
9.750000e-06	6.240468e-03	3.159269e+00
9.760000e-06	8.421264e-03	3.138313e+00
9.770000e-06	9.493780e-03	3.126240e+00
9.780000e-06	7.088785e-03	3.061159e+00
9.790000e-06	6.560827e-03	3.054054e+00
9.800000e-06	6.812897e-03	3.051029e+00
9.810000e-06	7.377790e-03	3.030475e+00
9.820000e-06	5.486713e-03	3.009500e+00
9.830000e-06	4.158798e-03	2.968422e+00
9.840000e-06	6.051471e-03	2.957316e+00
9.850000e-06	7.547422e-03	2.907712e+00
9.860000e-06	6.376318e-03	2.914737e+00
9.870000e-06	5.083183e-03	2.851654e+00
9.880000e-06	5.245794e-03	2.881081e+00
9.890000e-06	6.053032e-03	2.811002e+00
9.900000e-06	4.688362e-03	2.810526e+00
9.910000e-06	2.644977e-03	2.799975e+00
9.920000e-06	4.738780e-03	2.788846e+00
9.930000e-06	5.037664e-03	2.748914e+00
9.940000e-06	5.591437e-03	2.737717e+00
9.950000e-06	3.661809e-03	2.673682e+00
9.960000e-06	4.716803e-03	2.672925e+00
9.970000e-06	4.685942e-03	2.608792e+00
9.980000e-06	5.014791e-03	2.495234e+00
9.990000e-06	2.514272e-03	2.493157e+00
1.000000e-05	3.618088e-03	2.461049e+00
1.001000e-05	3.758477e-03	2.410025e+00
1.002000e-05	4.308975e-03	2.387972e+00
1.003000e-05	2.393266e-03	2.347820e+00
1.004000e-05	3.358539e-03	2.337341e+00
1.005000e-05	3.651999e-03	2.276686e+00
1.006000e-05	3.993180e-03	2.291580e+00
1.007000e-05	2.277784e-03	2.240602e+00
1.008000e-05	2.511916e-03	2.199549e+00
1.009000e-05	3.307099e-03	2.178900e+00
1.010000e-05	3.904929e-03	2.139190e+00
1.011000e-05	1.405995e-03	2.136788e+00
1.012000e-05	2.189305e-03	2.124633e+00
1.013000e-05	1.951288e-03	2.042083e+00
1.014000e-05	2.634063e-03	2.020078e+00
1.015000e-05	1.939080e-03	2.019949e+00
1.016000e-05	7.860136e-04	1.978945e+00
1.017000e-05	1.888892e-03	1.937367e+00
1.018000e-05	3.123599e-03	1.916687e+00
1.019000e-05	1.592362e-03	1.854104e+00
1.020000e-05	6.424606e-04	1.850103e+00
1.021000e-05	1.212037e-03	1.799922e+00
1.022000e-05	1.850709e-03	1.765317e+00
1.023000e-05	2.380007e-04	1.716211e+00
1.024000e-05	-1.237578e-03	1.694159e+00
1.025000e-05	6.804468e-04	1.643102e+00
1.026000e-05	6.659459e-04	1.592026e+00
1.027000e-05	1.935494e-03	1.579368e+00
1.028000e-05	-1.063905e-03	1.492664e+00
1.029000e-05	9.194051e-04	1.442183e+00
1.030000e-05	-2.119134e-05	1.420601e+00
1.031000e-05	8.039697e-04	1.368421e+00
1.032000e-05	-2.001632e-03	1.358316e+00
1.033000e-05	-5.801220e-04	1.316264e+00
1.034000e-05	-1.077244e-03	1.242157e+00
1.035000e-05	4.492916e-04	1.211028e+00
1.036000e-05	-2.243262e-03	1.190452e+00
1.037000e-05	2.182529e-04	1.158343e+00
1.038000e-05	-4.668308e-04	1.064158e+00
1.039000e-05	3.494539e-04	1.051499e+00
1.040000e-05	-2.134225e-03	9.803171e-01
1.041000e-05	-9.154672e-04	8.932604e-01
1.042000e-05	-2.108875e-03	8.620840e-01
1.043000e-05	-9.838246e-04	8.195538e-01
1.044000e-05	-3.136413e-03	8.100250e-01
1.045000e-05	-2.127115e-03	7.493436e-01
1.046000e-05	-2.114718e-03	7.378170e-01
1.047000e-05	-1.352915e-03	7.231843e-01
1.048000e-05	-1.146979e-03	6.721603e-01
1.049000e-05	-2.238957e-03	6.309262e-01
1.050000e-05	-1.373230e-03	5.693949e-01
1.051000e-05	-2.055039e-03	5.653396e-01
1.052000e-05	-3.018452e-03	5.041357e-01
1.053000e-05	-3.280042e-03	4.526055e-01
1.054000e-05	-2.745569e-03	4.510501e-01
1.055000e-05	-2.320142e-03	3.899973e-01
1.056000e-05	-2.859981e-03	3.889223e-01
1.057000e-05	-1.840076e-03	3.072896e-01
1.058000e-05	-2.865578e-03	2.741130e-01
1.059000e-05	-8.465515e-04	2.475528e-01
1.060000e-05	-2.640047e-03	1.492886e-01
1.061000e-05	-3.066574e-03	4.571172e-02
1.062000e-05	-4.387909e-03	7.158171e-02
1.063000e-05	-1.533653e-03	4.050119e-02
1.064000e-05	-2.320049e-03	9.448806e-03
1.065000e-05	-2.331088e-03	-1.070670e-02
1.066000e-05	-2.082310e-03	-8.421059e-02
1.067000e-05	-6.830923e-04	-9.534211e-02
1.068000e-05	-1.295165e-03	-1.395450e-01
1.069000e-05	-1.581119e-03	-1.780001e-01
1.070000e-05	-2.062669e-03	-2.111314e-01
1.071000e-05	3.368998e-03	-2.731620e-01
1.072000e-05	8.958921e-03	-3.272370e-01
1.073000e-05	6.674728e-03	-3.573947e-01
1.074000e-05	-8.434081e-03	-3.700212e-01
1.075000e-05	-2.081538e-02	-4.121026e-01
1.076000e-05	-9.482974e-03	-4.326291e-01
1.077000e-05	6.810943e-03	-4.706115e-01
1.078000e-05	1.218866e-02	-5.058434e-01
1.079000e-05	-6.933672e-03	-5.616204e-01
1.080000e-05	7.188285e-03	-6.537367e-01
1.081000e-05	1.262295e-02	-7.463884e-01
1.082000e-05	1.296497e-02	-7.658447e-01
1.083000e-05	-1.776782e-02	-7.699701e-01
1.084000e-05	-1.207305e-02	-8.300263e-01
1.085000e-05	-9.628265e-03	-8.716606e-01
1.086000e-05	7.499238e-03	-8.937656e-01
1.087000e-05	-2.445451e-03	-9.388422e-01
1.088000e-05	-2.126410e-02	-9.774011e-01
1.089000e-05	-6.290079e-03	-1.018479e+00
1.090000e-05	-3.360838e-03	-1.053680e+00
1.091000e-05	1.657283e-02	-1.106733e+00
1.092000e-05	-8.978009e-03	-1.187346e+00
1.093000e-05	-3.197249e-03	-1.207992e+00
1.094000e-05	-1.274515e-03	-1.212130e+00
1.095000e-05	1.113909e-02	-1.274184e+00
1.096000e-05	-2.314129e-02	-1.313286e+00
1.097000e-05	-1.334712e-02	-1.378524e+00
1.098000e-05	4.953729e-03	-1.444257e+00
1.099000e-05	7.436247e-03	-1.493367e+00
1.100000e-05	-1.850757e-02	-1.538393e+00
1.101000e-05	-4.501890e-03	-1.617398e+00
1.102000e-05	4.657046e-03	-1.601500e+00
1.103000e-05	-7.908838e-03	-1.651681e+00
1.104000e-05	-7.295414e-03	-1.693758e+00
1.105000e-05	-1.072457e-02	-1.705338e+00
1.106000e-05	-3.792986e-03	-1.748991e+00
1.107000e-05	-5.303723e-04	-1.801478e+00
1.108000e-05	-3.349761e-03	-1.811603e+00
1.109000e-05	-1.713123e-02	-1.852685e+00
1.110000e-05	2.183640e-03	-1.875737e+00
1.111000e-05	-3.681783e-03	-1.916417e+00
1.112000e-05	-9.057545e-03	-1.988447e+00
1.113000e-05	-1.216264e-02	-1.989450e+00
1.114000e-05	-7.249370e-04	-2.010099e+00
1.115000e-05	-3.643732e-03	-2.030576e+00
1.116000e-05	-7.319374e-03	-2.053128e+00
1.117000e-05	-1.349600e-02	-2.083287e+00
1.118000e-05	-2.640443e-03	-2.136420e+00
1.119000e-05	-2.800008e-03	-2.219026e+00
1.120000e-05	-9.295021e-03	-2.320615e+00
1.121000e-05	-9.570260e-03	-2.366289e+00
1.122000e-05	-4.285146e-03	-2.337897e+00
1.123000e-05	-4.035653e-03	-2.388920e+00
1.124000e-05	-9.516723e-03	-2.399998e+00
1.125000e-05	-9.793637e-03	-2.421054e+00
1.126000e-05	-6.583242e-03	-2.452203e+00
1.127000e-05	-3.824569e-03	-2.484736e+00
1.128000e-05	-8.552432e-03	-2.514818e+00
1.129000e-05	-7.828234e-03	-2.567390e+00
1.130000e-05	-8.095042e-03	-2.600095e+00
1.131000e-05	-2.360458e-03	-2.601026e+00
1.132000e-05	-1.017689e-02	-2.621604e+00
1.133000e-05	-9.120048e-03	-2.654760e+00
1.134000e-05	-8.653562e-03	-2.686243e+00
1.135000e-05	-4.019255e-03	-2.727842e+00
1.136000e-05	-8.545296e-03	-2.747947e+00
1.137000e-05	-9.286758e-03	-2.789449e+00
1.138000e-05	-8.385633e-03	-2.789522e+00
1.139000e-05	-4.657321e-03	-2.830076e+00
1.140000e-05	-8.798349e-03	-2.821605e+00
1.141000e-05	-9.875615e-03	-2.842211e+00
1.142000e-05	-8.757508e-03	-2.863236e+00
1.143000e-05	-6.421733e-03	-2.886300e+00
1.144000e-05	-8.662955e-03	-3.019545e+00
1.145000e-05	-1.106540e-02	-3.051606e+00
1.146000e-05	-8.817512e-03	-3.070781e+00
1.147000e-05	-6.991213e-03	-3.104264e+00
1.148000e-05	-7.798314e-03	-3.127343e+00
1.149000e-05	-1.171157e-02	-3.179421e+00
1.150000e-05	-8.430338e-03	-3.198449e+00
1.151000e-05	-8.246534e-03	-3.189976e+00
1.152000e-05	-8.402533e-03	-3.201024e+00
1.153000e-05	-1.193878e-02	-3.240654e+00
1.154000e-05	-9.747823e-03	-3.242054e+00
1.155000e-05	-9.061141e-03	-3.262210e+00
1.156000e-05	-1.025619e-02	-3.314313e+00
1.157000e-05	-1.239955e-02	-3.295813e+00
1.158000e-05	-1.002362e-02	-3.345366e+00
1.159000e-05	-9.871021e-03	-3.378917e+00
1.160000e-05	-1.007045e-02	-3.377469e+00
1.161000e-05	-1.122681e-02	-3.388524e+00
1.162000e-05	-1.117666e-02	-3.420950e+00
1.163000e-05	-1.075591e-02	-3.421107e+00
1.164000e-05	-1.177797e-02	-3.462557e+00
1.165000e-05	-1.333721e-02	-3.441687e+00
1.166000e-05	-1.209536e-02	-3.503313e+00
1.167000e-05	-1.019070e-02	-3.515761e+00
1.168000e-05	-1.098370e-02	-3.536312e+00
1.169000e-05	-1.218131e-02	-3.546942e+00
1.170000e-05	-1.281202e-02	-3.567423e+00
1.171000e-05	-1.069584e-02	-3.578948e+00
1.172000e-05	-1.243661e-02	-3.579971e+00
1.173000e-05	-1.363562e-02	-3.589998e+00
1.174000e-05	-1.330055e-02	-3.609975e+00
1.175000e-05	-1.325008e-02	-3.610501e+00
1.176000e-05	-1.285897e-02	-3.620576e+00
1.177000e-05	-1.429466e-02	-3.612002e+00
1.178000e-05	-1.396079e-02	-3.631577e+00
1.179000e-05	-1.183717e-02	-3.631101e+00
1.180000e-05	-1.330305e-02	-3.662130e+00
1.181000e-05	-1.492392e-02	-3.672583e+00
1.182000e-05	-1.501854e-02	-3.664664e+00
1.183000e-05	-1.287324e-02	-3.723710e+00
1.184000e-05	-1.363858e-02	-3.716166e+00
1.185000e-05	-1.566425e-02	-3.787319e+00
1.186000e-05	-1.618842e-02	-3.768896e+00
1.187000e-05	-1.433847e-02	-3.769447e+00
1.188000e-05	-1.441247e-02	-3.787469e+00
1.189000e-05	-1.645524e-02	-3.787448e+00
1.190000e-05	-1.700998e-02	-3.852101e+00
1.191000e-05	-1.384071e-02	-3.810078e+00
1.192000e-05	-1.458074e-02	-3.863498e+00
1.193000e-05	-1.685842e-02	-3.861610e+00
1.194000e-05	-1.707038e-02	-3.881633e+00
1.195000e-05	-1.703880e-02	-3.904707e+00
1.196000e-05	-1.561431e-02	-3.874688e+00
1.197000e-05	-1.771243e-02	-3.934788e+00
1.198000e-05	-1.793367e-02	-3.915782e+00
1.199000e-05	-1.586143e-02	-3.936186e+00
1.200000e-05	-1.674113e-02	-3.945762e+00
1.201000e-05	-1.747536e-02	-3.935313e+00
1.202000e-05	-1.940157e-02	-3.965362e+00
1.203000e-05	-1.821247e-02	-3.956863e+00
1.204000e-05	-1.834754e-02	-3.946867e+00
1.205000e-05	-1.957909e-02	-3.967471e+00
1.206000e-05	-2.000302e-02	-3.985391e+00
1.207000e-05	-1.876845e-02	-3.958367e+00
1.208000e-05	-1.976687e-02	-3.907816e+00
1.209000e-05	-1.933680e-02	-3.966838e+00
1.210000e-05	-2.078169e-02	-3.917314e+00
1.211000e-05	-1.861813e-02	-3.956293e+00
1.212000e-05	-1.929552e-02	-3.947813e+00
1.213000e-05	-2.188094e-02	-3.937317e+00
1.214000e-05	-2.117649e-02	-3.905841e+00
1.215000e-05	-2.114237e-02	-3.924267e+00
1.216000e-05	-2.121518e-02	-3.914739e+00
1.217000e-05	-2.167117e-02	-3.914337e+00
1.218000e-05	-2.232657e-02	-3.912288e+00
1.219000e-05	-2.122113e-02	-3.925155e+00
1.220000e-05	-2.036985e-02	-3.882207e+00
1.221000e-05	-2.086263e-02	-3.864686e+00
1.222000e-05	-2.109341e-02	-3.863606e+00
1.223000e-05	-2.190962e-02	-3.902675e+00
1.224000e-05	-2.097746e-02	-3.827978e+00
1.225000e-05	-2.205032e-02	-3.839077e+00
1.226000e-05	-2.345461e-02	-3.839949e+00
1.227000e-05	-2.280546e-02	-3.828946e+00
1.228000e-05	-1.972389e-02	-3.769416e+00
1.229000e-05	-1.978466e-02	-3.736970e+00
1.230000e-05	-2.072547e-02	-3.764713e+00
1.231000e-05	-2.170635e-02	-3.704337e+00
1.232000e-05	-1.972389e-02	-3.685211e+00
1.233000e-05	-1.983978e-02	-3.683133e+00
1.234000e-05	-2.209223e-02	-3.672080e+00
1.235000e-05	-2.203410e-02	-3.642605e+00
1.236000e-05	-1.939352e-02	-3.612127e+00
1.237000e-05	-1.812420e-02	-3.620550e+00
1.238000e-05	-2.012662e-02	-3.590525e+00
1.239000e-05	-2.014419e-02	-3.609975e+00
1.240000e-05	-1.876711e-02	-3.599525e+00
1.241000e-05	-1.670191e-02	-3.600000e+00
1.242000e-05	-1.959745e-02	-3.599000e+00
1.243000e-05	-1.959079e-02	-3.598922e+00
1.244000e-05	-1.795941e-02	-3.549824e+00
1.245000e-05	-1.723244e-02	-3.537419e+00
1.246000e-05	-1.876653e-02	-3.568290e+00
1.247000e-05	-1.910473e-02	-3.546863e+00
1.248000e-05	-1.615981e-02	-3.484138e+00
1.249000e-05	-1.399521e-02	-3.474186e+00
1.250000e-05	-1.647186e-02	-3.472604e+00
1.251000e-05	-1.684926e-02	-3.441654e+00
1.252000e-05	-1.599406e-02	-3.400503e+00
1.253000e-05	-1.452045e-02	-3.429974e+00
1.254000e-05	-1.591360e-02	-3.378999e+00
1.255000e-05	-1.709737e-02	-3.367916e+00
1.256000e-05	-1.478925e-02	-3.347337e+00
1.257000e-05	-1.393002e-02	-3.314319e+00
1.258000e-05	-1.359999e-02	-3.325659e+00
1.259000e-05	-1.430841e-02	-3.303632e+00
1.260000e-05	-1.331930e-02	-3.241679e+00
1.261000e-05	-1.285367e-02	-3.231028e+00
1.262000e-05	-1.269446e-02	-3.210026e+00
1.263000e-05	-1.402383e-02	-3.231050e+00
1.264000e-05	-1.327431e-02	-3.178000e+00
1.265000e-05	-1.133173e-02	-3.156918e+00
1.266000e-05	-1.228312e-02	-3.147391e+00
1.267000e-05	-1.387087e-02	-3.135313e+00
1.268000e-05	-1.221909e-02	-3.103705e+00
1.269000e-05	-1.076855e-02	-3.041551e+00
1.270000e-05	-1.069888e-02	-2.968925e+00
1.271000e-05	-1.179490e-02	-2.975443e+00
1.272000e-05	-1.089873e-02	-2.925759e+00
1.273000e-05	-1.000901e-02	-2.862653e+00
1.274000e-05	-1.034021e-02	-2.891101e+00
1.275000e-05	-1.176680e-02	-2.850476e+00
1.276000e-05	-1.089075e-02	-2.810425e+00
1.277000e-05	-9.966664e-03	-2.799525e+00
1.278000e-05	-9.493153e-03	-2.738370e+00
1.279000e-05	-1.058427e-02	-2.756420e+00
1.280000e-05	-1.014310e-02	-2.694259e+00
1.281000e-05	-9.375754e-03	-2.672162e+00
1.282000e-05	-8.745341e-03	-2.642057e+00
1.283000e-05	-1.030466e-02	-2.621026e+00
1.284000e-05	-9.350195e-03	-2.618970e+00
1.285000e-05	-9.566414e-03	-2.576870e+00
1.286000e-05	-9.429783e-03	-2.524266e+00
1.287000e-05	-9.502158e-03	-2.492214e+00
1.288000e-05	-9.692754e-03	-2.442084e+00
1.289000e-05	-8.149424e-03	-2.431551e+00
1.290000e-05	-8.120139e-03	-2.421024e+00
1.291000e-05	-7.893441e-03	-2.389500e+00
1.292000e-05	-8.699759e-03	-2.358371e+00
1.293000e-05	-9.152869e-03	-2.337368e+00
1.294000e-05	-8.687618e-03	-2.301109e+00
1.295000e-05	-9.183291e-03	-2.271030e+00
1.296000e-05	-8.549022e-03	-2.179344e+00
1.297000e-05	-8.706833e-03	-2.185664e+00
1.298000e-05	-8.068469e-03	-2.062185e+00
1.299000e-05	-6.918078e-03	-2.022079e+00
1.300000e-05	-7.637373e-03	-2.000025e+00
1.301000e-05	-7.600213e-03	-2.000949e+00
1.302000e-05	-7.663793e-03	-1.987994e+00
1.303000e-05	-7.547824e-03	-1.948266e+00
1.304000e-05	-7.840801e-03	-1.923236e+00
1.305000e-05	-8.589581e-03	-1.851659e+00
1.306000e-05	-7.043421e-03	-1.850604e+00
1.307000e-05	-7.485719e-03	-1.809546e+00
1.308000e-05	-6.199760e-03	-1.777447e+00
1.309000e-05	-6.974524e-03	-1.745341e+00
1.310000e-05	-7.244608e-03	-1.663236e+00
1.311000e-05	-5.490036e-03	-1.701610e+00
1.312000e-05	-6.707500e-03	-1.651054e+00
1.313000e-05	-5.960849e-03	-1.610474e+00
1.314000e-05	-8.018676e-03	-1.579523e+00
1.315000e-05	-5.674149e-03	-1.536796e+00
1.316000e-05	-6.976594e-03	-1.494636e+00
1.317000e-05	-6.643471e-03	-1.459942e+00
1.318000e-05	-6.413642e-03	-1.326392e+00
1.319000e-05	-5.754408e-03	-1.325186e+00
1.320000e-05	-5.642706e-03	-1.202205e+00
1.321000e-05	-5.277968e-03	-1.250522e+00
1.322000e-05	-6.019042e-03	-1.149495e+00
1.323000e-05	-4.631502e-03	-1.137316e+00
1.324000e-05	-4.943751e-03	-1.094163e+00
1.325000e-05	-4.572501e-03	-1.052105e+00
1.326000e-05	-5.906370e-03	-1.010025e+00
1.327000e-05	-4.456418e-03	-9.789236e-01
1.328000e-05	-5.485953e-03	-9.562933e-01
1.329000e-05	-3.538076e-03	-9.131866e-01
1.330000e-05	-5.316326e-03	-8.720802e-01
1.331000e-05	-4.240788e-03	-8.305538e-01
1.332000e-05	-4.179540e-03	-7.905012e-01
1.333000e-05	-3.533934e-03	-7.599686e-01
1.334000e-05	-4.977556e-03	-7.358920e-01
1.335000e-05	-4.151579e-03	-7.037891e-01
1.336000e-05	-3.814512e-03	-6.324785e-01
1.337000e-05	-4.507467e-03	-5.389445e-01
1.338000e-05	-5.145542e-03	-4.922155e-01
1.339000e-05	-3.062142e-03	-4.721040e-01
1.340000e-05	-3.618288e-03	-3.900301e-01
1.341000e-05	-3.150412e-03	-4.299238e-01
1.342000e-05	-4.097368e-03	-3.888923e-01
1.343000e-05	-3.684186e-03	-3.383209e-01
1.344000e-05	-2.692551e-03	-2.822117e-01
1.345000e-05	-4.851251e-03	-2.515789e-01
1.346000e-05	-4.281117e-03	-2.200526e-01
1.347000e-05	-3.449957e-03	-1.989712e-01
1.348000e-05	-3.491375e-03	-1.373157e-01
1.349000e-05	-1.642847e-03	-9.473433e-02
1.350000e-05	-2.555707e-03	-6.213034e-02
1.351000e-05	-5.128861e-04	-3.000495e-02
1.352000e-05	-1.296415e-03	-1.997249e-02
1.353000e-05	-7.588733e-04	2.030191e-03
1.354000e-05	-2.442689e-03	5.258421e-02
1.355000e-05	-3.045779e-03	8.581353e-02
1.356000e-05	1.194195e-03	1.309486e-01
1.357000e-05	3.665367e-03	2.306590e-01
1.358000e-05	7.702471e-03	2.963181e-01
1.359000e-05	2.691057e-04	3.589199e-01
1.360000e-05	-1.958138e-02	3.894762e-01
1.361000e-05	-9.151793e-03	4.200525e-01
1.362000e-05	-5.105093e-03	4.221302e-01
1.363000e-05	1.688516e-02	4.847892e-01
1.364000e-05	-9.228834e-03	5.082909e-01
1.365000e-05	-3.408450e-03	5.093946e-01
1.366000e-05	8.631222e-03	5.905502e-01
1.367000e-05	6.850877e-03	6.532040e-01
1.368000e-05	9.942293e-03	6.837394e-01
1.369000e-05	-2.410948e-02	7.163871e-01
1.370000e-05	-2.577325e-03	7.589460e-01
1.371000e-05	-3.074520e-03	7.699488e-01
1.372000e-05	1.604891e-02	8.005026e-01
1.373000e-05	-4.637976e-03	8.226864e-01
1.374000e-05	-5.532029e-03	9.126882e-01
1.375000e-05	-8.222983e-03	9.989473e-01
1.376000e-05	1.324493e-02	1.000131e+00
1.377000e-05	-6.031310e-03	1.124213e+00
1.378000e-05	-8.316246e-03	1.169469e+00
1.379000e-05	-4.075937e-03	1.169475e+00
1.380000e-05	1.762727e-02	1.260578e+00
1.381000e-05	3.319120e-03	1.282663e+00
1.382000e-05	-1.618896e-02	1.306314e+00
1.383000e-05	3.784912e-03	1.327370e+00
1.384000e-05	5.009150e-03	1.409495e+00
1.385000e-05	2.870045e-03	1.423508e+00
1.386000e-05	-6.953586e-03	1.488383e+00
1.387000e-05	4.758925e-03	1.614393e+00
1.388000e-05	-2.921123e-03	1.556971e+00
1.389000e-05	5.732206e-03	1.694635e+00
1.390000e-05	-4.047035e-03	1.652562e+00
1.391000e-05	-2.828382e-03	1.718316e+00
1.392000e-05	1.669842e-03	1.727345e+00
1.393000e-05	1.103887e-02	1.776470e+00
1.394000e-05	-6.361680e-03	1.832027e+00
1.395000e-05	-1.587891e-03	1.874026e+00
1.396000e-05	4.685815e-03	1.874288e+00
1.397000e-05	2.721796e-03	1.957317e+00
1.398000e-05	-2.874349e-03	1.978445e+00
1.399000e-05	7.113776e-04	1.999947e+00
1.400000e-05	5.244681e-03	2.000524e+00
1.401000e-05	2.395390e-03	2.020579e+00
1.402000e-05	6.505208e-04	2.063157e+00
1.403000e-05	-6.361012e-04	2.094260e+00
1.404000e-05	5.135147e-03	2.155293e+00
1.405000e-05	4.591090e-04	2.168947e+00
1.406000e-05	1.357760e-03	2.228999e+00
1.407000e-05	-7.195726e-05	2.242054e+00
1.408000e-05	6.347082e-03	2.304632e+00
1.409000e-05	-9.507929e-05	2.315262e+00
1.410000e-05	2.553867e-03	2.336315e+00
1.411000e-05	5.533454e-04	2.388373e+00
1.412000e-05	4.469670e-03	2.389473e+00
1.413000e-05	2.267737e-03	2.410024e+00
1.414000e-05	3.012040e-03	2.412079e+00
1.415000e-05	6.062575e-04	2.464105e+00
1.416000e-05	4.367402e-03	2.465163e+00
1.417000e-05	3.200552e-03	2.524840e+00
1.418000e-05	2.404131e-04	2.600994e+00
1.419000e-05	1.401392e-03	2.664150e+00
1.420000e-05	5.608876e-03	2.725257e+00
1.421000e-05	5.063845e-03	2.725814e+00
1.422000e-05	1.812071e-03	2.767917e+00
1.423000e-05	2.394507e-03	2.789899e+00
1.424000e-05	4.368639e-03	2.800500e+00
1.425000e-05	4.865462e-03	2.820500e+00
1.426000e-05	8.483240e-04	2.801553e+00
1.427000e-05	1.887736e-03	2.844134e+00
1.428000e-05	4.865642e-03	2.864763e+00
1.429000e-05	4.681882e-03	2.936389e+00
1.430000e-05	1.331077e-03	2.958341e+00
1.431000e-05	3.495443e-03	2.969374e+00
1.432000e-05	5.001059e-03	2.999948e+00
1.433000e-05	5.273148e-03	3.010475e+00
1.434000e-05	2.806663e-03	3.050055e+00
1.435000e-05	3.557942e-03	3.063205e+00
1.436000e-05	4.926241e-03	3.093783e+00
1.437000e-05	4.553475e-03	3.116212e+00
1.438000e-05	2.168296e-03	3.167290e+00
1.439000e-05	4.695604e-03	3.146863e+00
1.440000e-05	5.866875e-03	3.138446e+00
1.441000e-05	5.345679e-03	3.189471e+00
1.442000e-05	4.140778e-03	3.209025e+00
1.443000e-05	3.608817e-03	3.211000e+00
1.444000e-05	7.079525e-03	3.220525e+00
1.445000e-05	5.205021e-03	3.251127e+00
1.446000e-05	4.185259e-03	3.252658e+00
1.447000e-05	4.173547e-03	3.294609e+00
1.448000e-05	6.301628e-03	3.357262e+00
1.449000e-05	5.829340e-03	3.310345e+00
1.450000e-05	5.752719e-03	3.397943e+00
1.451000e-05	5.213558e-03	3.400544e+00
1.452000e-05	7.640857e-03	3.422657e+00
1.453000e-05	7.520142e-03	3.464284e+00
1.454000e-05	7.012239e-03	3.465311e+00
1.455000e-05	6.159248e-03	3.507337e+00
1.456000e-05	7.290434e-03	3.548941e+00
1.457000e-05	7.265491e-03	3.567922e+00
1.458000e-05	5.948664e-03	3.599947e+00
1.459000e-05	7.607227e-03	3.589948e+00
1.460000e-05	7.637689e-03	3.589999e+00
1.461000e-05	9.888336e-03	3.599474e+00
1.462000e-05	7.967067e-03	3.600000e+00
1.463000e-05	7.530539e-03	3.621000e+00
1.464000e-05	8.111233e-03	3.600550e+00
1.465000e-05	9.279104e-03	3.612054e+00
1.466000e-05	8.858273e-03	3.641580e+00
1.467000e-05	8.869952e-03	3.652080e+00
1.468000e-05	7.864579e-03	3.653077e+00
1.469000e-05	1.030830e-02	3.672653e+00
1.470000e-05	1.009317e-02	3.684129e+00
1.471000e-05	9.898215e-03	3.662659e+00
1.472000e-05	9.410420e-03	3.674633e+00
1.473000e-05	1.109812e-02	3.736183e+00
1.474000e-05	1.096691e-02	3.734813e+00
1.475000e-05	1.085570e-02	3.747737e+00
1.476000e-05	9.607828e-03	3.756863e+00
1.477000e-05	1.172338e-02	3.737766e+00
1.478000e-05	1.144959e-02	3.765863e+00
1.479000e-05	1.137982e-02	3.747816e+00
1.480000e-05	1.016147e-02	3.768846e+00
1.481000e-05	1.227198e-02	3.777421e+00
1.482000e-05	1.264497e-02	3.788948e+00
1.483000e-05	1.276150e-02	3.779445e+00
1.484000e-05	1.124881e-02	3.789919e+00
1.485000e-05	1.359457e-02	3.807474e+00
1.486000e-05	1.399080e-02	3.798922e+00
1.487000e-05	1.159895e-02	3.799366e+00
1.488000e-05	1.179026e-02	3.779471e+00
1.489000e-05	1.222399e-02	3.779445e+00
1.490000e-05	1.576960e-02	3.799971e+00
1.491000e-05	1.425747e-02	3.789024e+00
1.492000e-05	1.344983e-02	3.798947e+00
1.493000e-05	1.394234e-02	3.788973e+00
1.494000e-05	1.630389e-02	3.810424e+00
1.495000e-05	1.493201e-02	3.799945e+00
1.496000e-05	1.432934e-02	3.778471e+00
1.497000e-05	1.395841e-02	3.778945e+00
1.498000e-05	1.696139e-02	3.779897e+00
1.499000e-05	1.534719e-02	3.809921e+00
1.500000e-05	1.585159e-02	3.756970e+00
1.501000e-05	1.411322e-02	3.768417e+00
1.502000e-05	1.795407e-02	3.798420e+00
1.503000e-05	1.648587e-02	3.777890e+00
1.504000e-05	1.639814e-02	3.767917e+00
1.505000e-05	1.507626e-02	3.725913e+00
1.506000e-05	1.655988e-02	3.728891e+00
1.507000e-05	1.695106e-02	3.727241e+00
1.508000e-05	1.516937e-02	3.735865e+00
1.509000e-05	1.430738e-02	3.735788e+00
1.510000e-05	1.581152e-02	3.694217e+00
1.511000e-05	1.672950e-02	3.703737e+00
1.512000e-05	1.645910e-02	3.702688e+00
1.513000e-05	1.493065e-02	3.675105e+00
1.514000e-05	1.636370e-02	3.652657e+00
1.515000e-05	1.613208e-02	3.661558e+00
1.516000e-05	1.503119e-02	3.623133e+00
1.517000e-05	1.419666e-02	3.641005e+00
1.518000e-05	1.446444e-02	3.620600e+00
1.519000e-05	1.610744e-02	3.630550e+00
1.520000e-05	1.493582e-02	3.630500e+00
1.521000e-05	1.361460e-02	3.601025e+00
1.522000e-05	1.371735e-02	3.589973e+00
1.523000e-05	1.508866e-02	3.609501e+00
1.524000e-05	1.379830e-02	3.610024e+00
1.525000e-05	1.221106e-02	3.578973e+00
1.526000e-05	1.287255e-02	3.588440e+00
1.527000e-05	1.418004e-02	3.579295e+00
1.528000e-05	1.372535e-02	3.547274e+00
1.529000e-05	1.140445e-02	3.546262e+00
1.530000e-05	1.129093e-02	3.486709e+00
1.531000e-05	1.329745e-02	3.483129e+00
1.532000e-05	1.148530e-02	3.452628e+00
1.533000e-05	1.121530e-02	3.399321e+00
1.534000e-05	9.997676e-03	3.400370e+00
1.535000e-05	1.181323e-02	3.347190e+00
1.536000e-05	1.181440e-02	3.313658e+00
1.537000e-05	1.011902e-02	3.306733e+00
1.538000e-05	9.717617e-03	3.271105e+00
1.539000e-05	1.031015e-02	3.242576e+00
1.540000e-05	9.575978e-03	3.210050e+00
1.541000e-05	9.795062e-03	3.200501e+00
1.542000e-05	6.362495e-03	3.191526e+00
1.543000e-05	1.062460e-02	3.198971e+00
1.544000e-05	8.273948e-03	3.177445e+00
1.545000e-05	9.009703e-03	3.136793e+00
1.546000e-05	6.435658e-03	3.167263e+00
1.547000e-05	8.981374e-03	3.106158e+00
1.548000e-05	8.157834e-03	3.085629e+00
1.549000e-05	6.603079e-03	3.093656e+00
1.550000e-05	5.282883e-03	3.041024e+00
1.551000e-05	6.050964e-03	3.011027e+00
1.552000e-05	6.796000e-03	2.999395e+00
1.553000e-05	6.558636e-03	2.967821e+00
1.554000e-05	6.020036e-03	2.968366e+00
1.555000e-05	6.977282e-03	2.915738e+00
1.556000e-05	7.320042e-03	2.892636e+00
1.557000e-05	4.896986e-03	2.871554e+00
1.558000e-05	5.005524e-03	2.841029e+00
1.559000e-05	2.786883e-03	2.810550e+00
1.560000e-05	5.179425e-03	2.800000e+00
1.561000e-05	4.381957e-03	2.799921e+00
1.562000e-05	4.888849e-03	2.788371e+00
1.563000e-05	4.895862e-03	2.728318e+00
1.564000e-05	5.144934e-03	2.694687e+00
1.565000e-05	5.247878e-03	2.662530e+00
1.566000e-05	2.933691e-03	2.625546e+00
1.567000e-05	2.963934e-03	2.535171e+00
1.568000e-05	2.802478e-03	2.546187e+00
1.569000e-05	3.510340e-03	2.511629e+00
1.570000e-05	2.055282e-03	2.400974e+00
1.571000e-05	3.166730e-03	2.400500e+00
1.572000e-05	2.529667e-03	2.379921e+00
1.573000e-05	4.962595e-03	2.378819e+00
1.574000e-05	3.111032e-03	2.328786e+00
1.575000e-05	3.227971e-03	2.304107e+00
1.576000e-05	2.364540e-03	2.243079e+00
1.577000e-05	2.313540e-03	2.230580e+00
1.578000e-05	1.377602e-03	2.200472e+00
1.579000e-05	7.240805e-04	2.177892e+00
1.580000e-05	1.986922e-03	2.096342e+00
1.581000e-05	2.996728e-03	2.084212e+00
1.582000e-05	3.280726e-03	2.064082e+00
1.583000e-05	2.720853e-03	2.050555e+00
1.584000e-05	1.729993e-03	2.020550e+00
1.585000e-05	2.326424e-03	1.989921e+00
1.586000e-05	1.310924e-03	1.999444e+00
1.587000e-05	2.809679e-04	1.958362e+00
1.588000e-05	1.205703e-03	1.905708e+00
1.589000e-05	2.449319e-03	1.871649e+00
1.590000e-05	2.416910e-03	1.781050e+00
1.591000e-05	1.623580e-03	1.767446e+00
1.592000e-05	9.325982e-04	1.717194e+00
1.593000e-05	1.025558e-03	1.734286e+00
1.594000e-05	1.554468e-04	1.663681e+00
1.595000e-05	4.739960e-04	1.632502e+00
1.596000e-05	5.830626e-04	1.650970e+00
1.597000e-05	1.466672e-03	1.523792e+00
1.598000e-05	1.449069e-03	1.512234e+00
1.599000e-05	7.891334e-04	1.412030e+00
1.600000e-05	2.512541e-04	1.420472e+00
1.601000e-05	-3.264112e-05	1.378370e+00
1.602000e-05	2.160554e-05	1.354763e+00
1.603000e-05	-1.196696e-04	1.336162e+00
1.604000e-05	5.434732e-04	1.262603e+00
1.605000e-05	1.552759e-03	1.210951e+00
1.606000e-05	4.429686e-04	1.168394e+00
1.607000e-05	-2.596919e-04	1.156770e+00
1.608000e-05	-3.921296e-04	1.063187e+00
1.609000e-05	-1.259174e-03	9.904748e-01
1.610000e-05	-1.767540e-03	9.372672e-01
1.611000e-05	-3.600112e-04	9.022078e-01
1.612000e-05	-1.438616e-03	8.311264e-01
1.613000e-05	6.076806e-04	8.095539e-01
1.614000e-05	-1.162336e-03	8.089498e-01
1.615000e-05	-1.259564e-03	7.388147e-01
1.616000e-05	-1.111140e-03	7.257407e-01
1.617000e-05	-2.105270e-03	6.731055e-01
1.618000e-05	-1.956132e-03	6.615289e-01
1.619000e-05	-2.752311e-03	6.284274e-01
1.620000e-05	-2.892578e-03	5.583935e-01
1.621000e-05	-9.322426e-04	4.862632e-01
1.622000e-05	-2.303134e-03	4.826080e-01
1.623000e-05	-2.095751e-03	4.510553e-01
1.624000e-05	-2.306533e-03	4.009500e-01
1.625000e-05	-1.260508e-03	4.204248e-01
1.626000e-05	-3.060607e-03	3.577947e-01
1.627000e-05	-3.224022e-03	3.452157e-01
1.628000e-05	-2.831377e-03	2.824838e-01
1.629000e-05	-2.302846e-03	1.658471e-01
1.630000e-05	-4.278475e-03	1.527657e-01
1.631000e-05	-3.849786e-03	5.218309e-02
1.632000e-05	-2.452222e-03	4.005401e-02
1.633000e-05	-1.416326e-03	4.986247e-04
1.634000e-05	-2.898987e-03	-3.207876e-02
1.635000e-05	-1.873786e-03	-5.318176e-02
1.636000e-05	-1.951340e-03	-1.143160e-01
1.637000e-05	-1.246908e-03	-1.483935e-01
1.638000e-05	-2.867614e-03	-1.704962e-01
1.639000e-05	-3.065785e-03	-2.215749e-01
1.640000e-05	-8.091999e-04	-2.627565e-01
1.641000e-05	4.104400e-03	-2.737119e-01
1.642000e-05	1.127581e-02	-2.978921e-01
1.643000e-05	5.399515e-03	-3.789449e-01
1.644000e-05	-2.326731e-02	-4.215513e-01
1.645000e-05	-1.252130e-02	-4.315978e-01
1.646000e-05	-9.768957e-03	-4.425803e-01
1.647000e-05	2.119512e-02	-4.838370e-01
1.648000e-05	-3.552294e-04	-5.294975e-01
1.649000e-05	3.939536e-03	-6.421789e-01
1.650000e-05	1.555584e-02	-7.343156e-01
1.651000e-05	1.703449e-03	-7.249421e-01
1.652000e-05	1.073332e-02	-7.589674e-01
1.653000e-05	-2.789279e-02	-7.909762e-01
1.654000e-05	2.157401e-03	-8.300288e-01
1.655000e-05	-7.362973e-03	-8.632107e-01
1.656000e-05	1.379479e-02	-9.488670e-01
1.657000e-05	-1.466716e-02	-9.479684e-01
1.658000e-05	-1.110843e-02	-1.001029e+00
1.659000e-05	-1.121268e-02	-1.010550e+00
1.660000e-05	4.001003e-03	-1.053784e+00
1.661000e-05	-6.358642e-04	-1.087314e+00
1.662000e-05	6.098654e-04	-1.127372e+00
1.663000e-05	9.388868e-03	-1.180001e+00
1.664000e-05	1.170787e-02	-1.242610e+00
1.665000e-05	1.294461e-03	-1.265285e+00
1.666000e-05	-2.565337e-02	-1.325819e+00
1.667000e-05	-3.224491e-03	-1.381098e+00
1.668000e-05	6.207285e-03	-1.467759e+00
1.669000e-05	-1.541282e-03	-1.545422e+00
1.670000e-05	-2.179584e-02	-1.587375e+00
1.671000e-05	6.488233e-03	-1.580050e+00
1.672000e-05	-2.020353e-03	-1.642050e+00
1.673000e-05	-5.132203e-03	-1.661607e+00
1.674000e-05	-1.084182e-02	-1.696858e+00
1.675000e-05	-3.933335e-03	-1.726363e+00
1.676000e-05	-2.802503e-03	-1.788945e+00
1.677000e-05	3.826108e-03	-1.789952e+00
1.678000e-05	-1.567562e-02	-1.821603e+00
1.679000e-05	-8.219543e-03	-1.881782e+00
1.680000e-05	3.225124e-03	-1.895816e+00
1.681000e-05	-7.448853e-03	-1.978370e+00
1.682000e-05	-1.263292e-02	-1.967445e+00
1.683000e-05	-4.623851e-03	-1.979425e+00
1.684000e-05	1.201308e-03	-2.009553e+00
1.685000e-05	-7.358862e-03	-2.021582e+00
1.686000e-05	-1.117661e-02	-2.093154e+00
1.687000e-05	-9.915153e-03	-2.105758e+00
1.688000e-05	1.047213e-03	-2.198979e+00
1.689000e-05	-9.024004e-03	-2.264125e+00
1.690000e-05	-8.890578e-03	-2.294811e+00
1.691000e-05	-8.189174e-03	-2.357866e+00
1.692000e-05	-9.341463e-04	-2.348924e+00
1.693000e-05	-9.816436e-03	-2.390025e+00
1.694000e-05	-8.413441e-03	-2.421550e+00
1.695000e-05	-9.944006e-03	-2.462104e+00
1.696000e-05	-2.195664e-03	-2.463232e+00
1.697000e-05	-7.648274e-03	-2.495736e+00
1.698000e-05	-8.860495e-03	-2.535890e+00
1.699000e-05	-1.004355e-02	-2.587970e+00
1.700000e-05	-5.002218e-03	-2.578524e+00
1.701000e-05	-6.690441e-03	-2.642056e+00
1.702000e-05	-1.249916e-02	-2.641629e+00
1.703000e-05	-8.642680e-03	-2.703683e+00
1.704000e-05	-5.450487e-03	-2.747366e+00
1.705000e-05	-5.335137e-03	-2.766968e+00
1.706000e-05	-1.169637e-02	-2.768997e+00
1.707000e-05	-9.458936e-03	-2.780501e+00
1.708000e-05	-6.947922e-03	-2.799979e+00
1.709000e-05	-5.935861e-03	-2.821576e+00
1.710000e-05	-1.289308e-02	-2.821654e+00
1.711000e-05	-9.323320e-03	-2.884210e+00
1.712000e-05	-6.612510e-03	-2.944738e+00
1.713000e-05	-5.738125e-03	-2.965897e+00
1.714000e-05	-1.145869e-02	-2.990598e+00
1.715000e-05	-9.317154e-03	-3.031682e+00
1.716000e-05	-7.891629e-03	-3.074257e+00
1.717000e-05	-6.176385e-03	-3.157292e+00
1.718000e-05	-1.172900e-02	-3.138421e+00
1.719000e-05	-1.071518e-02	-3.199470e+00
1.720000e-05	-8.240908e-03	-3.188949e+00
1.721000e-05	-7.823881e-03	-3.210525e+00
1.722000e-05	-1.125536e-02	-3.210504e+00
1.723000e-05	-1.155027e-02	-3.241179e+00
1.724000e-05	-8.515177e-03	-3.282033e+00
1.725000e-05	-7.730255e-03	-3.283605e+00
1.726000e-05	-1.010612e-02	-3.294812e+00
1.727000e-05	-1.175164e-02	-3.326766e+00
1.728000e-05	-9.995003e-03	-3.387895e+00
1.729000e-05	-9.096836e-03	-3.367922e+00
1.730000e-05	-1.168257e-02	-3.410465e+00
1.731000e-05	-1.256303e-02	-3.399951e+00
1.732000e-05	-9.994042e-03	-3.420100e+00
1.733000e-05	-8.053074e-03	-3.442083e+00
1.734000e-05	-9.125223e-03	-3.484179e+00
1.735000e-05	-1.346387e-02	-3.484183e+00
1.736000e-05	-1.125082e-02	-3.534837e+00
1.737000e-05	-1.124165e-02	-3.496261e+00
1.738000e-05	-1.204305e-02	-3.546420e+00
1.739000e-05	-1.423533e-02	-3.557344e+00
1.740000e-05	-1.173603e-02	-3.568394e+00
1.741000e-05	-9.992859e-03	-3.609473e+00
1.742000e-05	-1.198106e-02	-3.609975e+00
1.743000e-05	-1.291472e-02	-3.600525e+00
1.744000e-05	-1.243056e-02	-3.599974e+00
1.745000e-05	-1.223171e-02	-3.600579e+00
1.746000e-05	-1.310197e-02	-3.660001e+00
1.747000e-05	-1.452576e-02	-3.630550e+00
1.748000e-05	-1.327474e-02	-3.621578e+00
1.749000e-05	-1.310542e-02	-3.683658e+00
1.750000e-05	-1.288746e-02	-3.673209e+00
1.751000e-05	-1.512228e-02	-3.694636e+00
1.752000e-05	-1.448991e-02	-3.695808e+00
1.753000e-05	-1.392990e-02	-3.755733e+00
1.754000e-05	-1.349280e-02	-3.707740e+00
1.755000e-05	-1.546535e-02	-3.748320e+00
1.756000e-05	-1.519325e-02	-3.748321e+00
1.757000e-05	-1.555229e-02	-3.806950e+00
1.758000e-05	-1.262949e-02	-3.858975e+00
1.759000e-05	-1.591106e-02	-3.810066e+00
1.760000e-05	-1.582366e-02	-3.881052e+00
1.761000e-05	-1.666797e-02	-3.882061e+00
1.762000e-05	-1.479134e-02	-3.874481e+00
1.763000e-05	-1.754125e-02	-3.841134e+00
1.764000e-05	-1.836513e-02	-3.863658e+00
1.765000e-05	-1.640545e-02	-3.915239e+00
1.766000e-05	-1.531967e-02	-3.915216e+00
1.767000e-05	-1.597079e-02	-3.893257e+00
1.768000e-05	-1.858867e-02	-3.915239e+00
1.769000e-05	-1.829318e-02	-3.915308e+00
1.770000e-05	-1.741251e-02	-3.905386e+00
1.771000e-05	-1.775258e-02	-3.927235e+00
1.772000e-05	-2.023402e-02	-3.905820e+00
1.773000e-05	-1.966324e-02	-3.975417e+00
1.774000e-05	-1.795727e-02	-3.905761e+00
1.775000e-05	-1.670010e-02	-3.915842e+00
1.776000e-05	-1.991439e-02	-3.916344e+00
1.777000e-05	-1.975724e-02	-3.957811e+00
1.778000e-05	-1.994068e-02	-3.948321e+00
1.779000e-05	-1.983286e-02	-3.937263e+00
1.780000e-05	-2.286050e-02	-3.946791e+00
1.781000e-05	-2.170017e-02	-3.925737e+00
1.782000e-05	-1.973141e-02	-3.907890e+00
1.783000e-05	-1.901270e-02	-3.965286e+00
1.784000e-05	-2.027267e-02	-3.887291e+00
1.785000e-05	-2.214365e-02	-3.886387e+00
1.786000e-05	-2.087108e-02	-3.894190e+00
1.787000e-05	-2.094045e-02	-3.916706e+00
1.788000e-05	-2.180473e-02	-3.924237e+00
1.789000e-05	-2.180656e-02	-3.854711e+00
1.790000e-05	-2.090864e-02	-3.892734e+00
1.791000e-05	-1.991889e-02	-3.893679e+00
1.792000e-05	-2.097997e-02	-3.812628e+00
1.793000e-05	-2.219287e-02	-3.821598e+00
1.794000e-05	-2.129936e-02	-3.850131e+00
1.795000e-05	-1.999460e-02	-3.870020e+00
1.796000e-05	-2.131583e-02	-3.847993e+00
1.797000e-05	-2.176657e-02	-3.778972e+00
1.798000e-05	-2.060653e-02	-3.756242e+00
1.799000e-05	-1.886882e-02	-3.716718e+00
1.800000e-05	-2.038735e-02	-3.713761e+00
1.801000e-05	-2.105741e-02	-3.705207e+00
1.802000e-05	-2.036571e-02	-3.745133e+00
1.803000e-05	-1.975229e-02	-3.632609e+00
1.804000e-05	-1.993758e-02	-3.632080e+00
1.805000e-05	-1.945370e-02	-3.620583e+00
1.806000e-05	-1.956812e-02	-3.641976e+00
1.807000e-05	-1.849339e-02	-3.619551e+00
1.808000e-05	-1.807843e-02	-3.600101e+00
1.809000e-05	-1.809264e-02	-3.600999e+00
1.810000e-05	-1.977137e-02	-3.590500e+00
1.811000e-05	-1.860149e-02	-3.599473e+00
1.812000e-05	-1.731227e-02	-3.588999e+00
1.813000e-05	-1.888954e-02	-3.587449e+00
1.814000e-05	-1.845780e-02	-3.568444e+00
1.815000e-05	-1.673111e-02	-3.578273e+00
1.816000e-05	-1.573043e-02	-3.557317e+00
1.817000e-05	-1.564632e-02	-3.504767e+00
1.818000e-05	-1.727925e-02	-3.484659e+00
1.819000e-05	-1.583546e-02	-3.482608e+00
1.820000e-05	-1.666751e-02	-3.443078e+00
1.821000e-05	-1.609369e-02	-3.451550e+00
1.822000e-05	-1.636546e-02	-3.431451e+00
1.823000e-05	-1.592248e-02	-3.409496e+00
1.824000e-05	-1.442923e-02	-3.388896e+00
1.825000e-05	-1.508211e-02	-3.358947e+00
1.826000e-05	-1.392750e-02	-3.355343e+00
1.827000e-05	-1.502715e-02	-3.276760e+00
1.828000e-05	-1.339514e-02	-3.284241e+00
1.829000e-05	-1.501450e-02	-3.311632e+00
1.830000e-05	-1.410602e-02	-3.222677e+00
1.831000e-05	-1.451766e-02	-3.250030e+00
1.832000e-05	-1.345844e-02	-3.219973e+00
1.833000e-05	-1.335247e-02	-3.199524e+00
1.834000e-05	-1.276112e-02	-3.128969e+00
1.835000e-05	-1.354684e-02	-3.168896e+00
1.836000e-05	-1.186486e-02	-3.145342e+00
1.837000e-05	-1.172847e-02	-3.115213e+00
1.838000e-05	-1.220667e-02	-3.110156e+00
1.839000e-05	-1.224465e-02	-3.021402e+00
1.840000e-05	-1.258396e-02	-2.976865e+00
1.841000e-05	-1.161557e-02	-2.968216e+00
1.842000e-05	-1.177479e-02	-2.862664e+00
1.843000e-05	-1.148734e-02	-2.861104e+00
1.844000e-05	-9.843930e-03	-2.830554e+00
1.845000e-05	-1.103958e-02	-2.800051e+00
1.846000e-05	-8.945278e-03	-2.790496e+00
1.847000e-05	-1.032063e-02	-2.788946e+00
1.848000e-05	-1.032222e-02	-2.767921e+00
1.849000e-05	-1.042540e-02	-2.726813e+00
1.850000e-05	-9.702062e-03	-2.722211e+00
1.851000e-05	-9.269923e-03	-2.663580e+00
1.852000e-05	-9.851220e-03	-2.621030e+00
1.853000e-05	-9.116892e-03	-2.621576e+00
1.854000e-05	-8.467300e-03	-2.578919e+00
1.855000e-05	-9.948493e-03	-2.528866e+00
1.856000e-05	-8.404196e-03	-2.502638e+00
1.857000e-05	-9.007158e-03	-2.492633e+00
1.858000e-05	-7.614538e-03	-2.451533e+00
1.859000e-05	-8.525397e-03	-2.421550e+00
1.860000e-05	-8.915466e-03	-2.398474e+00
1.861000e-05	-8.693803e-03	-2.368947e+00
1.862000e-05	-7.535987e-03	-2.366914e+00
1.863000e-05	-7.540059e-03	-2.346288e+00
1.864000e-05	-8.762376e-03	-2.235709e+00
1.865000e-05	-8.009188e-03	-2.230049e+00
1.866000e-05	-6.940319e-03	-2.146497e+00
1.867000e-05	-7.503492e-03	-2.102260e+00
1.868000e-05	-7.241919e-03	-2.073708e+00
1.869000e-05	-7.478401e-03	-2.020531e+00
1.870000e-05	-6.463685e-03	-2.009528e+00
1.871000e-05	-7.134241e-03	-1.989425e+00
1.872000e-05	-7.968755e-03	-1.978421e+00
1.873000e-05	-7.074705e-03	-1.936316e+00
1.874000e-05	-6.593482e-03	-1.902209e+00
1.875000e-05	-6.242503e-03	-1.894560e+00
1.876000e-05	-7.200635e-03	-1.811553e+00
1.877000e-05	-6.915441e-03	-1.790426e+00
1.878000e-05	-6.065298e-03	-1.747895e+00
1.879000e-05	-7.221800e-03	-1.724739e+00
1.880000e-05	-7.446198e-03	-1.684210e+00
1.881000e-05	-7.453061e-03	-1.680104e+00
1.882000e-05	-7.366796e-03	-1.621551e+00
1.883000e-05	-5.725543e-03	-1.579021e+00
1.884000e-05	-6.105188e-03	-1.567870e+00
1.885000e-05	-6.458508e-03	-1.513241e+00
1.886000e-05	-5.938398e-03	-1.524082e+00
1.887000e-05	-5.673634e-03	-1.389842e+00
1.888000e-05	-5.784469e-03	-1.303793e+00
1.889000e-05	-6.011233e-03	-1.303630e+00
1.890000e-05	-6.920167e-03	-1.220530e+00
1.891000e-05	-5.515932e-03	-1.199000e+00
1.892000e-05	-6.676954e-03	-1.178370e+00
1.893000e-05	-5.948318e-03	-1.106265e+00
1.894000e-05	-5.696892e-03	-1.103167e+00
1.895000e-05	-4.596228e-03	-1.041528e+00
1.896000e-05	-5.046103e-03	-1.000526e+00
1.897000e-05	-5.774344e-03	-9.988199e-01
1.898000e-05	-5.352641e-03	-9.253144e-01
1.899000e-05	-4.778318e-03	-8.610867e-01
1.900000e-05	-4.902574e-03	-8.311540e-01
1.901000e-05	-5.556954e-03	-8.204791e-01
1.902000e-05	-5.170125e-03	-7.994712e-01
1.903000e-05	-3.976637e-03	-7.583710e-01
1.904000e-05	-4.296311e-03	-7.151631e-01
1.905000e-05	-5.231139e-03	-7.142328e-01
1.906000e-05	-3.888201e-03	-5.995001e-01
1.907000e-05	-4.025115e-03	-5.161920e-01
1.908000e-05	-3.768211e-03	-4.941158e-01
1.909000e-05	-4.149978e-03	-4.320290e-01
1.910000e-05	-4.793592e-03	-4.200241e-01
1.911000e-05	-3.759635e-03	-3.894474e-01
1.912000e-05	-4.100742e-03	-3.683682e-01
1.913000e-05	-3.825345e-03	-2.967870e-01
1.914000e-05	-4.427030e-03	-2.531129e-01
1.915000e-05	-3.147014e-03	-2.714777e-01
1.916000e-05	-3.137933e-03	-1.894712e-01
1.917000e-05	-2.339319e-03	-1.384712e-01
1.918000e-05	-3.216060e-03	-1.363619e-01
1.919000e-05	-1.982182e-03	-1.041118e-01
1.920000e-05	-2.906277e-03	-5.115389e-02
1.921000e-05	-9.710104e-04	-9.999408e-04
1.922000e-05	-1.629909e-03	5.250970e-05
1.923000e-05	-1.342692e-03	4.010645e-02
1.924000e-05	-1.383306e-03	7.523434e-02
1.925000e-05	-6.418015e-04	1.159956e-01
1.926000e-05	3.277607e-03	2.010051e-01
1.927000e-05	8.833790e-03	2.366641e-01
1.928000e-05	7.693458e-03	3.278922e-01
1.929000e-05	-4.766883e-03	3.594749e-01
1.930000e-05	-2.629805e-02	3.999749e-01
1.931000e-05	-8.344309e-03	4.205563e-01
1.932000e-05	4.981670e-03	4.631565e-01
1.933000e-05	1.453220e-02	4.742120e-01
1.934000e-05	-8.514494e-03	5.378410e-01
1.935000e-05	-3.604285e-04	5.995237e-01
1.936000e-05	7.751299e-03	6.210289e-01
1.937000e-05	1.399264e-02	6.626053e-01
1.938000e-05	-1.041470e-02	7.047644e-01
1.939000e-05	-8.286888e-03	7.873947e-01
1.940000e-05	-8.780902e-03	7.694474e-01
1.941000e-05	1.527603e-02	7.900000e-01
1.942000e-05	3.197876e-03	8.306778e-01
1.943000e-05	-1.331592e-02	8.637052e-01
1.944000e-05	-5.596829e-03	9.459410e-01
1.945000e-05	-1.624274e-03	1.009337e+00
1.946000e-05	1.843113e-02	1.023112e+00
1.947000e-05	-1.558711e-02	1.127861e+00
1.948000e-05	-4.015909e-03	1.198900e+00
1.949000e-05	2.324768e-03	1.201025e+00
1.950000e-05	1.636604e-02	1.281132e+00
1.951000e-05	-1.406952e-02	1.294217e+00
1.952000e-05	-7.039981e-03	1.317842e+00
1.953000e-05	2.589583e-03	1.347421e+00
1.954000e-05	9.470716e-03	1.410673e+00
1.955000e-05	-8.250681e-03	1.445585e+00
1.956000e-05	2.174968e-03	1.527361e+00
1.957000e-05	7.127735e-04	1.547925e+00
1.958000e-05	2.540202e-03	1.610621e+00
1.959000e-05	4.211700e-03	1.662729e+00
1.960000e-05	-7.126124e-03	1.747786e+00
1.961000e-05	-1.758227e-03	1.705268e+00
1.962000e-05	6.192864e-03	1.777466e+00
1.963000e-05	4.332799e-03	1.799503e+00
1.964000e-05	-9.744091e-03	1.831079e+00
1.965000e-05	4.627511e-03	1.893257e+00
1.966000e-05	3.606272e-03	1.896286e+00
1.967000e-05	1.618489e-03	1.927466e+00
1.968000e-05	-5.662052e-03	1.979969e+00
1.969000e-05	5.589037e-03	2.009499e+00
1.970000e-05	9.732714e-04	2.001051e+00
1.971000e-05	3.664275e-03	2.041578e+00
1.972000e-05	-4.625694e-03	2.084237e+00
1.973000e-05	3.639415e-03	2.107818e+00
1.974000e-05	2.171618e-03	2.127393e+00
1.975000e-05	2.478464e-03	2.188897e+00
1.976000e-05	-9.074225e-04	2.220550e+00
1.977000e-05	5.248893e-03	2.250576e+00
1.978000e-05	3.248723e-03	2.334234e+00
1.979000e-05	1.510715e-03	2.283841e+00
1.980000e-05	1.975730e-03	2.339391e+00
1.981000e-05	8.064108e-04	2.358950e+00
1.982000e-05	4.135634e-03	2.400499e+00
1.983000e-05	1.829257e-03	2.430452e+00
1.984000e-05	2.450262e-03	2.471578e+00
1.985000e-05	9.029891e-04	2.454183e+00
1.986000e-05	6.548491e-03	2.526739e+00
1.987000e-05	2.129018e-03	2.578369e+00
1.988000e-05	3.291439e-03	2.660050e+00
1.989000e-05	1.247435e-03	2.693736e+00
1.990000e-05	6.435536e-03	2.736311e+00
1.991000e-05	3.252303e-03	2.737388e+00
1.992000e-05	2.116447e-03	2.767922e+00
1.993000e-05	2.065473e-03	2.820471e+00
1.994000e-05	5.454384e-03	2.789976e+00
1.995000e-05	4.442208e-03	2.811051e+00
1.996000e-05	2.523254e-03	2.851205e+00
1.997000e-05	4.093382e-03	2.883634e+00
1.998000e-05	5.671246e-03	2.913733e+00
1.999000e-05	5.217305e-03	2.928836e+00
2.000000e-05	2.183978e-03	2.979442e+00
2.001000e-05	4.454517e-03	2.998498e+00
2.002000e-05	4.248146e-03	3.020526e+00
2.003000e-05	4.421772e-03	3.011003e+00
2.004000e-05	2.763392e-03	3.022630e+00
2.005000e-05	5.849246e-03	3.053181e+00
2.006000e-05	4.820776e-03	3.133829e+00
2.007000e-05	5.972139e-03	3.144287e+00
2.008000e-05	2.965614e-03	3.149265e+00
2.009000e-05	5.839073e-03	3.158818e+00
2.010000e-05	4.360791e-03	3.189948e+00
2.011000e-05	5.397972e-03	3.188975e+00
2.012000e-05	3.215688e-03	3.220025e+00
2.013000e-05	5.029367e-03	3.219550e+00
2.014000e-05	5.845222e-03	3.222605e+00
2.015000e-05	5.622243e-03	3.243604e+00
2.016000e-05	5.733121e-03	3.285083e+00
2.017000e-05	5.039371e-03	3.304736e+00
2.018000e-05	5.750201e-03	3.346241e+00
2.019000e-05	4.461890e-03	3.346843e+00
2.020000e-05	6.489752e-03	3.388874e+00
2.021000e-05	5.594754e-03	3.422599e+00
2.022000e-05	7.429143e-03	3.444584e+00
2.023000e-05	6.469319e-03	3.505611e+00
2.024000e-05	7.157937e-03	3.505191e+00
2.025000e-05	6.024690e-03	3.567292e+00
2.026000e-05	6.892751e-03	3.548869e+00
2.027000e-05	5.516080e-03	3.579416e+00
2.028000e-05	6.793532e-03	3.607972e+00
2.029000e-05	7.454536e-03	3.599473e+00
2.030000e-05	7.771610e-03	3.600425e+00
2.031000e-05	8.034810e-03	3.589450e+00
2.032000e-05	7.317151e-03	3.610525e+00
2.033000e-05	8.151298e-03	3.631003e+00
2.034000e-05	7.879454e-03	3.611550e+00
2.035000e-05	8.671461e-03	3.652550e+00
2.036000e-05	7.608286e-03	3.621130e+00
2.037000e-05	9.447470e-03	3.621633e+00
2.038000e-05	8.948075e-03	3.663106e+00
2.039000e-05	1.002514e-02	3.682258e+00
2.040000e-05	8.690053e-03	3.674207e+00
2.041000e-05	9.572818e-03	3.733758e+00
2.042000e-05	1.024557e-02	3.716288e+00
2.043000e-05	9.661664e-03	3.713214e+00
2.044000e-05	1.010294e-02	3.716238e+00
2.045000e-05	9.086638e-03	3.716737e+00
2.046000e-05	1.158328e-02	3.737387e+00
2.047000e-05	1.166307e-02	3.757267e+00
2.048000e-05	1.195939e-02	3.746345e+00
2.049000e-05	1.082179e-02	3.758470e+00
2.050000e-05	1.259547e-02	3.817945e+00
2.051000e-05	1.202965e-02	3.797441e+00
2.052000e-05	1.204422e-02	3.779994e+00
2.053000e-05	1.183545e-02	3.769945e+00
2.054000e-05	1.234176e-02	3.778473e+00
2.055000e-05	1.390081e-02	3.759921e+00
2.056000e-05	1.367801e-02	3.799949e+00
2.057000e-05	1.343083e-02	3.778922e+00
2.058000e-05	1.532857e-02	3.799424e+00
2.059000e-05	1.501431e-02	3.810024e+00
2.060000e-05	1.277422e-02	3.809997e+00
2.061000e-05	1.399922e-02	3.808970e+00
2.062000e-05	1.582916e-02	3.790446e+00
2.063000e-05	1.605739e-02	3.809497e+00
2.064000e-05	1.425322e-02	3.800470e+00
2.065000e-05	1.473571e-02	3.810350e+00
2.066000e-05	1.583088e-02	3.789074e+00
2.067000e-05	1.581830e-02	3.808447e+00
2.068000e-05	1.620138e-02	3.798922e+00
2.069000e-05	1.606830e-02	3.789520e+00
2.070000e-05	1.601827e-02	3.799367e+00
2.071000e-05	1.698350e-02	3.787842e+00
2.072000e-05	1.603232e-02	3.777896e+00
2.073000e-05	1.668036e-02	3.778921e+00
2.074000e-05	1.521402e-02	3.768366e+00
2.075000e-05	1.562043e-02	3.767296e+00
2.076000e-05	1.551722e-02	3.747268e+00
2.077000e-05	1.713970e-02	3.738293e+00
2.078000e-05	1.539123e-02	3.755787e+00
2.079000e-05	1.709289e-02	3.754885e+00
2.080000e-05	1.529502e-02	3.705238e+00
2.081000e-05	1.657085e-02	3.713659e+00
2.082000e-05	1.436074e-02	3.763234e+00
2.083000e-05	1.463619e-02	3.672685e+00
2.084000e-05	1.485425e-02	3.672605e+00
2.085000e-05	1.490574e-02	3.681584e+00
2.086000e-05	1.393366e-02	3.632633e+00
2.087000e-05	1.536916e-02	3.641077e+00
2.088000e-05	1.462066e-02	3.631529e+00
2.089000e-05	1.501103e-02	3.620550e+00
2.090000e-05	1.316801e-02	3.610001e+00
2.091000e-05	1.375576e-02	3.631000e+00
2.092000e-05	1.387929e-02	3.600999e+00
2.093000e-05	1.290118e-02	3.610001e+00
2.094000e-05	1.244817e-02	3.588971e+00
2.095000e-05	1.164344e-02	3.588446e+00
2.096000e-05	1.294587e-02	3.557944e+00
2.097000e-05	1.238447e-02	3.578342e+00
2.098000e-05	1.247832e-02	3.523742e+00
2.099000e-05	1.213643e-02	3.507786e+00
2.100000e-05	1.169348e-02	3.464183e+00
2.101000e-05	1.219444e-02	3.484050e+00
2.102000e-05	1.165262e-02	3.422499e+00
2.103000e-05	1.075872e-02	3.368396e+00
2.104000e-05	9.810141e-03	3.376369e+00
2.105000e-05	1.016926e-02	3.334761e+00
2.106000e-05	1.077065e-02	3.333733e+00
2.107000e-05	9.946505e-03	3.294204e+00
2.108000e-05	1.011218e-02	3.263153e+00
2.109000e-05	1.132378e-02	3.241050e+00
2.110000e-05	1.055639e-02	3.240051e+00
2.111000e-05	9.093738e-03	3.210525e+00
2.112000e-05	7.701419e-03	3.209497e+00
2.113000e-05	8.333449e-03	3.189949e+00
2.114000e-05	8.104057e-03	3.177922e+00
2.115000e-05	8.106733e-03	3.137341e+00
2.116000e-05	8.122729e-03	3.155712e+00
2.117000e-05	8.675386e-03	3.074235e+00
2.118000e-05	8.264103e-03	3.062129e+00
2.119000e-05	8.004305e-03	3.080080e+00
2.120000e-05	6.629187e-03	3.040025e+00
2.121000e-05	6.568020e-03	3.069450e+00
2.122000e-05	8.480973e-03	2.969971e+00
2.123000e-05	5.124209e-03	2.978840e+00
2.124000e-05	4.777035e-03	2.927365e+00
2.125000e-05	5.377510e-03	2.906708e+00
2.126000e-05	7.384357e-03	2.852680e+00
2.127000e-05	6.960399e-03	2.853150e+00
2.128000e-05	4.771651e-03	2.831003e+00
2.129000e-05	5.765228e-03	2.779999e+00
2.130000e-05	5.530323e-03	2.799497e+00
2.131000e-05	4.193065e-03	2.778497e+00
2.132000e-05	2.684564e-03	2.747842e+00
2.133000e-05	3.829297e-03	2.726263e+00
2.134000e-05	6.181962e-03	2.683283e+00
2.135000e-05	5.901171e-03	2.640631e+00
2.136000e-05	3.794265e-03	2.648847e+00
2.137000e-05	3.282309e-03	2.523666e+00
2.138000e-05	3.362907e-03	2.511684e+00
2.139000e-05	3.308621e-03	2.470627e+00
2.140000e-05	2.777475e-03	2.441054e+00
2.141000e-05	2.641754e-03	2.398524e+00
2.142000e-05	4.010632e-03	2.388442e+00
2.143000e-05	3.837578e-03	2.358287e+00
2.144000e-05	2.852379e-03	2.295636e+00
2.145000e-05	3.163454e-04	2.282207e+00
2.146000e-05	2.626397e-03	2.253084e+00
2.147000e-05	2.822950e-03	2.229552e+00
2.148000e-05	2.076357e-03	2.159921e+00
2.149000e-05	1.994843e-03	2.187820e+00
2.150000e-05	2.604315e-03	2.116213e+00
2.151000e-05	3.601177e-03	2.103160e+00
2.152000e-05	9.136735e-04	2.062533e+00
2.153000e-05	3.436659e-04	2.020501e+00
2.154000e-05	5.437556e-04	1.999501e+00
2.155000e-05	2.070364e-03	1.960047e+00
2.156000e-05	1.204614e-03	1.968843e+00
2.157000e-05	8.834736e-04	1.926661e+00
2.158000e-05	1.046774e-03	1.852655e+00
2.159000e-05	2.189294e-03	1.821450e+00
2.160000e-05	1.173363e-03	1.807470e+00
2.161000e-05	-2.752352e-04	1.736894e+00
2.162000e-05	1.778492e-04	1.687739e+00
2.163000e-05	1.404055e-03	1.683736e+00
2.164000e-05	1.958335e-03	1.686056e+00
2.165000e-05	-1.359686e-03	1.583101e+00
2.166000e-05	1.710947e-05	1.610491e+00
2.167000e-05	8.458328e-04	1.473236e+00
2.168000e-05	1.851018e-03	1.512058e+00
2.169000e-05	-3.952605e-04	1.450026e+00
2.170000e-05	-1.000178e-05	1.369451e+00
2.171000e-05	9.810404e-04	1.336366e+00
2.172000e-05	1.693966e-03	1.304658e+00
2.173000e-05	-2.025592e-03	1.264114e+00
2.174000e-05	-1.315342e-03	1.222100e+00
2.175000e-05	1.637011e-04	1.219551e+00
2.176000e-05	1.113167e-03	1.139242e+00
2.177000e-05	-1.294917e-03	1.127359e+00
2.178000e-05	-1.405931e-04	1.054632e+00
2.179000e-05	-1.225252e-03	1.036870e+00
2.180000e-05	9.351016e-04	9.053343e-01
2.181000e-05	-6.396912e-04	9.016314e-01
2.182000e-05	-1.490411e-03	8.215239e-01
2.183000e-05	-8.993875e-04	7.999763e-01
2.184000e-05	-2.842227e-04	7.783438e-01
2.185000e-05	-1.550017e-03	7.384170e-01
2.186000e-05	-1.958242e-03	6.752344e-01
2.187000e-05	-2.395579e-03	6.535804e-01
2.188000e-05	-5.705286e-04	6.300025e-01
2.189000e-05	-9.618232e-04	5.783709e-01
2.190000e-05	-1.680265e-03	5.468384e-01
2.191000e-05	-2.356259e-03	5.047618e-01
2.192000e-05	-1.123238e-03	4.631340e-01
2.193000e-05	-1.933200e-03	4.420777e-01
2.194000e-05	-2.857069e-03	4.199988e-01
2.195000e-05	-2.398832e-03	3.889211e-01
2.196000e-05	-1.403587e-03	3.584184e-01
2.197000e-05	-1.612385e-03	2.946868e-01
2.198000e-05	-2.799414e-03	2.595485e-01
2.199000e-05	-2.166521e-03	1.773957e-01
2.200000e-05	-2.655354e-03	1.327404e-01
2.201000e-05	-1.536882e-03	5.252640e-02
2.202000e-05	-3.301698e-03	5.512471e-04
2.203000e-05	-2.585052e-03	-5.275069e-04
2.204000e-05	-3.279778e-03	-4.308395e-02
2.205000e-05	-9.765478e-04	-1.151893e-01
2.206000e-05	-2.824709e-03	-8.736436e-02
2.207000e-05	-2.323472e-03	-1.688475e-01
2.208000e-05	-2.503853e-03	-2.099761e-01
2.209000e-05	-5.256128e-04	-2.405804e-01
2.210000e-05	1.072909e-03	-2.626817e-01
2.211000e-05	7.527534e-03	-2.953158e-01
2.212000e-05	8.424108e-03	-3.573922e-01
2.213000e-05	-1.216262e-03	-3.795238e-01
2.214000e-05	-2.842329e-02	-4.314828e-01
2.215000e-05	-1.184969e-02	-4.621791e-01
2.216000e-05	-2.692897e-03	-4.622604e-01
2.217000e-05	2.137398e-02	-4.843197e-01
2.218000e-05	-5.578041e-03	-5.810776e-01
2.219000e-05	6.646230e-03	-6.562304e-01
2.220000e-05	6.794495e-03	-7.137445e-01
2.221000e-05	8.921640e-03	-7.877961e-01
2.222000e-05	-9.875564e-03	-7.695225e-01
2.223000e-05	-2.052402e-02	-7.905275e-01
2.224000e-05	-8.395576e-03	-8.415578e-01
2.225000e-05	3.304624e-03	-8.957359e-01
2.226000e-05	7.502725e-03	-9.278883e-01
2.227000e-05	-1.987548e-02	-9.983973e-01
2.228000e-05	-5.863772e-03	-1.040504e+00
2.229000e-05	-5.803451e-03	-1.042579e+00
2.230000e-05	1.790914e-02	-1.105714e+00
2.231000e-05	-9.496267e-03	-1.095717e+00
2.232000e-05	-1.508050e-03	-1.187891e+00
2.233000e-05	-9.557947e-03	-1.201051e+00
2.234000e-05	1.077217e-02	-1.263132e+00
2.235000e-05	-1.642137e-02	-1.286341e+00
2.236000e-05	-1.815382e-02	-1.335000e+00
2.237000e-05	2.960134e-03	-1.472707e+00
2.238000e-05	9.394446e-03	-1.507866e+00
2.239000e-05	-1.463977e-02	-1.588872e+00
2.240000e-05	-1.042454e-02	-1.558946e+00
2.241000e-05	9.274753e-03	-1.580998e+00
2.242000e-05	-7.001581e-03	-1.663053e+00
2.243000e-05	-6.863302e-03	-1.674683e+00
2.244000e-05	-1.089506e-02	-1.655213e+00
2.245000e-05	-2.508561e-03	-1.776917e+00
2.246000e-05	-1.958931e-03	-1.790422e+00
2.247000e-05	2.609599e-04	-1.830525e+00
2.248000e-05	-1.859547e-02	-1.862104e+00
2.249000e-05	1.521674e-03	-1.884762e+00
2.250000e-05	-5.879555e-04	-1.916816e+00
2.251000e-05	-8.075745e-03	-1.937918e+00
2.252000e-05	-1.154552e-02	-1.968949e+00
2.253000e-05	-6.036463e-04	-1.999475e+00
2.254000e-05	-2.573526e-03	-2.020976e+00
2.255000e-05	-7.472536e-03	-2.032633e+00
2.256000e-05	-1.109830e-02	-2.085233e+00
2.257000e-05	-4.339226e-03	-2.155344e+00
2.258000e-05	-2.324080e-04	-2.179994e+00
2.259000e-05	-8.736233e-03	-2.263232e+00
2.260000e-05	-8.454849e-03	-2.315812e+00
2.261000e-05	-5.209257e-03	-2.357794e+00
2.262000e-05	-2.379728e-03	-2.379875e+00
2.263000e-05	-9.521859e-03	-2.409974e+00
2.264000e-05	-9.265768e-03	-2.400476e+00
2.265000e-05	-8.082912e-03	-2.462083e+00
2.266000e-05	-2.001014e-03	-2.462727e+00
2.267000e-05	-8.503869e-03	-2.524814e+00
2.268000e-05	-9.075145e-03	-2.578842e+00
2.269000e-05	-8.542999e-03	-2.568922e+00
2.270000e-05	-2.385176e-03	-2.590450e+00
2.271000e-05	-8.364018e-03	-2.641577e+00
2.272000e-05	-1.139914e-02	-2.671709e+00
2.273000e-05	-7.652520e-03	-2.696839e+00
2.274000e-05	-4.947886e-03	-2.756763e+00
2.275000e-05	-8.868077e-03	-2.777398e+00
2.276000e-05	-1.131807e-02	-2.769449e+00
2.277000e-05	-8.868919e-03	-2.800449e+00
2.278000e-05	-4.851967e-03	-2.840529e+00
2.279000e-05	-8.627768e-03	-2.851006e+00
2.280000e-05	-1.187967e-02	-2.862729e+00
2.281000e-05	-7.182802e-03	-2.893707e+00
2.282000e-05	-7.352753e-03	-2.906316e+00
2.283000e-05	-8.068823e-03	-2.960522e+00
2.284000e-05	-1.346514e-02	-3.040180e+00
2.285000e-05	-8.398013e-03	-3.073183e+00
2.286000e-05	-8.054037e-03	-3.086338e+00
2.287000e-05	-7.832352e-03	-3.146846e+00
2.288000e-05	-1.235731e-02	-3.178346e+00
2.289000e-05	-1.042572e-02	-3.158947e+00
2.290000e-05	-7.125129e-03	-3.200475e+00
2.291000e-05	-1.037711e-02	-3.201051e+00
2.292000e-05	-1.183034e-02	-3.231079e+00
2.293000e-05	-1.048639e-02	-3.262128e+00
2.294000e-05	-6.328057e-03	-3.273234e+00
2.295000e-05	-9.452551e-03	-3.325209e+00
2.296000e-05	-1.290029e-02	-3.296786e+00
2.297000e-05	-1.235571e-02	-3.366341e+00
2.298000e-05	-8.553197e-03	-3.348393e+00
2.299000e-05	-1.015784e-02	-3.398995e+00
2.300000e-05	-1.333818e-02	-3.409420e+00
2.301000e-05	-1.159858e-02	-3.420576e+00
2.302000e-05	-8.531542e-03	-3.410528e+00
2.303000e-05	-9.011683e-03	-3.462602e+00
2.304000e-05	-1.252234e-02	-3.484661e+00
2.305000e-05	-1.277630e-02	-3.495188e+00
2.306000e-05	-8.842061e-03	-3.525737e+00
2.307000e-05	-1.160604e-02	-3.515365e+00
2.308000e-05	-1.333178e-02	-3.557319e+00
2.309000e-05	-1.366852e-02	-3.568345e+00
2.310000e-05	-9.439014e-03	-3.578996e+00
2.311000e-05	-1.123022e-02	-3.589949e+00
2.312000e-05	-1.117375e-02	-3.599998e+00
2.313000e-05	-1.316956e-02	-3.600001e+00
2.314000e-05	-9.603931e-03	-3.620049e+00
2.315000e-05	-1.286989e-02	-3.641003e+00
2.316000e-05	-1.433654e-02	-3.610578e+00
2.317000e-05	-1.431123e-02	-3.620629e+00
2.318000e-05	-1.144437e-02	-3.622104e+00
2.319000e-05	-1.264672e-02	-3.632579e+00
2.320000e-05	-1.316504e-02	-3.664231e+00
2.321000e-05	-1.436336e-02	-3.705186e+00
2.322000e-05	-1.240552e-02	-3.696183e+00
2.323000e-05	-1.285834e-02	-3.715388e+00
2.324000e-05	-1.441994e-02	-3.736818e+00
2.325000e-05	-1.533567e-02	-3.778486e+00
2.326000e-05	-1.495422e-02	-3.746925e+00
2.327000e-05	-1.377519e-02	-3.759045e+00
2.328000e-05	-1.669724e-02	-3.768999e+00
2.329000e-05	-1.583425e-02	-3.873052e+00
2.330000e-05	-1.422438e-02	-3.934102e+00
2.331000e-05	-1.351918e-02	-3.823605e+00
2.332000e-05	-1.633117e-02	-3.883252e+00
2.333000e-05	-1.816040e-02	-3.871205e+00
2.334000e-05	-1.685270e-02	-3.855658e+00
2.335000e-05	-1.544118e-02	-3.933707e+00
2.336000e-05	-1.746483e-02	-3.885766e+00
2.337000e-05	-1.894307e-02	-3.944715e+00
2.338000e-05	-1.727596e-02	-3.936307e+00
2.339000e-05	-1.647324e-02	-3.925289e+00
2.340000e-05	-1.804177e-02	-3.967336e+00
2.341000e-05	-2.022905e-02	-3.907213e+00
2.342000e-05	-1.868655e-02	-3.946869e+00
2.343000e-05	-1.738625e-02	-3.957320e+00
2.344000e-05	-1.829664e-02	-3.915791e+00
2.345000e-05	-2.154231e-02	-3.956421e+00
2.346000e-05	-2.079498e-02	-3.916891e+00
2.347000e-05	-1.969245e-02	-3.947812e+00
2.348000e-05	-2.016699e-02	-3.955913e+00
2.349000e-05	-2.132483e-02	-3.896266e+00
2.350000e-05	-2.157252e-02	-3.976334e+00
2.351000e-05	-1.952902e-02	-3.947265e+00
2.352000e-05	-1.946547e-02	-3.946766e+00
2.353000e-05	-2.198508e-02	-3.946867e+00
2.354000e-05	-2.309211e-02	-3.927263e+00
2.355000e-05	-2.117557e-02	-3.923313e+00
2.356000e-05	-2.282869e-02	-3.935888e+00
2.357000e-05	-2.309934e-02	-3.945234e+00
2.358000e-05	-2.305797e-02	-3.943185e+00
2.359000e-05	-1.996014e-02	-3.935678e+00
2.360000e-05	-1.831117e-02	-3.923735e+00
2.361000e-05	-2.120816e-02	-3.871629e+00
2.362000e-05	-2.178697e-02	-3.873046e+00
2.363000e-05	-2.137892e-02	-3.840545e+00
2.364000e-05	-2.183784e-02	-3.827473e+00
2.365000e-05	-2.334792e-02	-3.780455e+00
2.366000e-05	-2.262403e-02	-3.829999e+00
2.367000e-05	-2.002545e-02	-3.767870e+00
2.368000e-05	-1.838129e-02	-3.747366e+00
2.369000e-05	-2.043115e-02	-3.756672e+00
2.370000e-05	-2.092299e-02	-3.725137e+00
2.371000e-05	-2.120837e-02	-3.696190e+00
2.372000e-05	-2.049900e-02	-3.685137e+00
2.373000e-05	-2.085096e-02	-3.640079e+00
2.374000e-05	-2.078156e-02	-3.641607e+00
2.375000e-05	-1.844665e-02	-3.641053e+00
2.376000e-05	-1.849762e-02	-3.650553e+00
2.377000e-05	-1.726137e-02	-3.600578e+00
2.378000e-05	-1.979838e-02	-3.601003e+00
2.379000e-05	-1.887485e-02	-3.590025e+00
2.380000e-05	-1.869476e-02	-3.630025e+00
2.381000e-05	-1.707145e-02	-3.609499e+00
2.382000e-05	-1.903680e-02	-3.579447e+00
2.383000e-05	-1.783907e-02	-3.568870e+00
2.384000e-05	-1.594439e-02	-3.597895e+00
2.385000e-05	-1.597409e-02	-3.537819e+00
2.386000e-05	-1.730442e-02	-3.536816e+00
2.387000e-05	-1.808971e-02	-3.513215e+00
2.388000e-05	-1.545629e-02	-3.494261e+00
2.389000e-05	-1.666062e-02	-3.432631e+00
2.390000e-05	-1.533287e-02	-3.462653e+00
2.391000e-05	-1.628263e-02	-3.430503e+00
2.392000e-05	-1.339692e-02	-3.390975e+00
2.393000e-05	-1.505695e-02	-3.418476e+00
2.394000e-05	-1.498897e-02	-3.377869e+00
2.395000e-05	-1.491096e-02	-3.366815e+00
2.396000e-05	-1.427009e-02	-3.336843e+00
2.397000e-05	-1.506931e-02	-3.282734e+00
2.398000e-05	-1.501635e-02	-3.294183e+00
2.399000e-05	-1.399985e-02	-3.262628e+00
2.400000e-05	-1.310365e-02	-3.220625e+00
2.401000e-05	-1.301203e-02	-3.210976e+00
2.402000e-05	-1.319492e-02	-3.200501e+00
2.403000e-05	-1.279531e-02	-3.189996e+00
2.404000e-05	-1.301019e-02	-3.178920e+00
2.405000e-05	-1.306035e-02	-3.156342e+00
2.406000e-05	-1.328829e-02	-3.125711e+00
2.407000e-05	-1.332224e-02	-3.064659e+00
2.408000e-05	-1.204817e-02	-3.041130e+00
2.409000e-05	-1.244592e-02	-3.040420e+00
2.410000e-05	-1.095480e-02	-2.955292e+00
2.411000e-05	-1.174205e-02	-2.895738e+00
2.412000e-05	-1.038321e-02	-2.934079e+00
2.413000e-05	-1.207337e-02	-2.851078e+00
2.414000e-05	-1.133639e-02	-2.811050e+00
2.415000e-05	-1.153733e-02	-2.820000e+00
2.416000e-05	-1.054996e-02	-2.778947e+00
2.417000e-05	-1.148515e-02	-2.758920e+00
2.418000e-05	-1.027886e-02	-2.767771e+00
2.419000e-05	-1.048605e-02	-2.735292e+00
2.420000e-05	-9.714961e-03	-2.673159e+00
2.421000e-05	-1.001999e-02	-2.653108e+00
2.422000e-05	-1.005721e-02	-2.619500e+00
2.423000e-05	-9.669459e-03	-2.590525e+00
2.424000e-05	-8.976831e-03	-2.566365e+00
2.425000e-05	-9.823619e-03	-2.526291e+00
2.426000e-05	-9.053080e-03	-2.476289e+00
2.427000e-05	-8.266659e-03	-2.513658e+00
2.428000e-05	-9.735090e-03	-2.419053e+00
2.429000e-05	-9.754102e-03	-2.400997e+00
2.430000e-05	-8.802984e-03	-2.380000e+00
2.431000e-05	-7.492404e-03	-2.369946e+00
2.432000e-05	-7.181486e-03	-2.336917e+00
2.433000e-05	-8.616951e-03	-2.305767e+00
2.434000e-05	-7.913295e-03	-2.212182e+00
2.435000e-05	-7.500148e-03	-2.178499e+00
2.436000e-05	-7.414895e-03	-2.143787e+00
2.437000e-05	-7.888678e-03	-2.084634e+00
2.438000e-05	-8.597700e-03	-2.052579e+00
2.439000e-05	-6.287243e-03	-2.000029e+00
2.440000e-05	-7.108935e-03	-1.979501e+00
2.441000e-05	-6.949645e-03	-1.969999e+00
2.442000e-05	-7.263791e-03	-1.946943e+00
2.443000e-05	-6.049149e-03	-1.927241e+00
2.444000e-05	-6.304783e-03	-1.892709e+00
2.445000e-05	-6.755571e-03	-1.840528e+00
2.446000e-05	-7.661047e-03	-1.800500e+00
2.447000e-05	-5.958317e-03	-1.788922e+00
2.448000e-05	-6.720482e-03	-1.777321e+00
2.449000e-05	-6.413346e-03	-1.663711e+00
2.450000e-05	-7.007898e-03	-1.660607e+00
2.451000e-05	-5.306026e-03	-1.631603e+00
2.452000e-05	-5.279984e-03	-1.590030e+00
2.453000e-05	-6.055045e-03	-1.578424e+00
2.454000e-05	-6.276181e-03	-1.548492e+00
2.455000e-05	-5.465416e-03	-1.542734e+00
2.456000e-05	-5.294395e-03	-1.430506e+00
2.457000e-05	-6.101556e-03	-1.383916e+00
2.458000e-05	-6.426127e-03	-1.294684e+00
2.459000e-05	-5.344274e-03	-1.242077e+00
2.460000e-05	-5.265076e-03	-1.201001e+00
2.461000e-05	-4.503931e-03	-1.199926e+00
2.462000e-05	-5.430691e-03	-1.135839e+00
2.463000e-05	-5.057872e-03	-1.116212e+00
2.464000e-05	-4.029093e-03	-1.062633e+00
2.465000e-05	-4.943033e-03	-1.040429e+00
2.466000e-05	-6.593211e-03	-9.999238e-01
2.467000e-05	-5.453449e-03	-9.773423e-01
2.468000e-05	-5.593487e-03	-9.237380e-01
2.469000e-05	-4.904724e-03	-8.846567e-01
2.470000e-05	-5.720156e-03	-8.310303e-01
2.471000e-05	-5.335505e-03	-8.104988e-01
2.472000e-05	-4.895428e-03	-7.999209e-01
2.473000e-05	-3.971231e-03	-7.288448e-01
2.474000e-05	-5.511126e-03	-7.157342e-01
2.475000e-05	-5.980079e-03	-6.515352e-01
2.476000e-05	-4.247888e-03	-5.593511e-01
2.477000e-05	-4.541652e-03	-5.356644e-01
2.478000e-05	-5.207434e-03	-4.626779e-01
2.479000e-05	-5.224753e-03	-4.105251e-01
2.480000e-05	-3.571086e-03	-4.089725e-01
2.481000e-05	-3.535541e-03	-3.694721e-01
2.482000e-05	-3.968223e-03	-3.672697e-01
2.483000e-05	-4.568512e-03	-3.151628e-01
2.484000e-05	-4.024797e-03	-2.821041e-01
2.485000e-05	-3.483436e-03	-2.301788e-01
2.486000e-05	-4.368573e-03	-2.100251e-01
2.487000e-05	-3.594259e-03	-2.000001e-01
2.488000e-05	-4.209447e-03	0.000000e+00
2.489000e-05	-1.967400e-03	-6.263420e-02
2.490000e-05	-2.978636e-03	-3.157632e-02
2.491000e-05	-1.771769e-03	9.473685e-03
2.492000e-05	-1.866598e-03	1.052513e-02
2.493000e-05	-4.391768e-04	4.263539e-02
2.494000e-05	-8.266350e-04	1.467903e-01
2.495000e-05	5.659600e-05	1.273433e-01
2.496000e-05	2.517310e-03	2.320816e-01
2.497000e-05	1.058707e-02	3.162906e-01
2.498000e-05	2.296246e-03	3.988949e-01
2.499000e-05	-1.541524e-02	3.795224e-01
2.500000e-05	-1.575784e-02	4.100288e-01
2.501000e-05	-4.835573e-03	4.210051e-01
2.502000e-05	1.704181e-02	4.942330e-01
2.503000e-05	-5.276392e-03	5.162684e-01
2.504000e-05	-4.224022e-03	5.578448e-01
2.505000e-05	1.085691e-02	5.994790e-01
2.506000e-05	6.579384e-03	6.130527e-01
2.507000e-05	1.405781e-02	6.653620e-01
2.508000e-05	-2.733489e-02	7.232357e-01
2.509000e-05	3.635335e-03	7.883697e-01
2.510000e-05	-7.178427e-03	7.989725e-01
2.511000e-05	2.209310e-02	8.005526e-01
2.512000e-05	-6.177420e-03	8.921554e-01
2.513000e-05	-5.518327e-03	8.662620e-01
2.514000e-05	-8.043071e-03	9.872910e-01
2.515000e-05	1.019845e-02	1.029024e+00
2.516000e-05	-3.562814e-04	1.092609e+00
2.517000e-05	-9.082937e-03	1.126887e+00
2.518000e-05	-1.323826e-03	1.208976e+00
2.519000e-05	1.228409e-02	1.231100e+00
2.520000e-05	8.076283e-03	1.282111e+00
2.521000e-05	-1.842476e-02	1.313863e+00
2.522000e-05	5.037171e-03	1.325768e+00
2.523000e-05	2.349249e-03	1.378998e+00
2.524000e-05	6.393196e-03	1.401554e+00
2.525000e-05	-1.062970e-02	1.456279e+00
2.526000e-05	8.600971e-03	1.555819e+00
2.527000e-05	-5.023446e-03	1.619399e+00
2.528000e-05	5.962989e-03	1.623222e+00
2.529000e-05	-4.127296e-03	1.694237e+00
2.530000e-05	-3.645097e-03	1.675812e+00
2.531000e-05	7.865158e-04	1.755341e+00
2.532000e-05	1.089099e-02	1.808471e+00
2.533000e-05	-4.463622e-03	1.790551e+00
2.534000e-05	-4.492688e-03	1.860680e+00
2.535000e-05	7.482255e-03	1.887288e+00
2.536000e-05	1.586462e-03	1.915839e+00
2.537000e-05	-2.754244e-03	1.976470e+00
2.538000e-05	-3.655928e-03	1.999949e+00
2.539000e-05	6.197458e-03	2.000000e+00
2.540000e-05	1.339859e-03	2.021078e+00
2.541000e-05	1.322779e-03	2.053604e+00
2.542000e-05	-4.364851e-03	2.063709e+00
2.543000e-05	6.554888e-03	2.147341e+00
2.544000e-05	2.340323e-03	2.147893e+00
2.545000e-05	1.283664e-03	2.179550e+00
2.546000e-05	-2.361777e-03	2.200524e+00
2.547000e-05	5.370399e-03	2.253158e+00
2.548000e-05	1.771614e-03	2.285358e+00
2.549000e-05	5.212309e-04	2.284715e+00
2.550000e-05	-8.647298e-04	2.368399e+00
2.551000e-05	2.783023e-03	2.408446e+00
2.552000e-05	5.175138e-03	2.379998e+00
2.553000e-05	1.864133e-03	2.399530e+00
2.554000e-05	4.359047e-04	2.463132e+00
2.555000e-05	2.599365e-03	2.492110e+00
2.556000e-05	6.616466e-03	2.528318e+00
2.557000e-05	-7.476315e-05	2.569923e+00
2.558000e-05	5.696573e-04	2.652102e+00
2.559000e-05	2.590616e-03	2.715759e+00
2.560000e-05	6.447742e-03	2.705266e+00
2.561000e-05	1.409524e-03	2.767945e+00
2.562000e-05	8.293639e-04	2.779473e+00
2.563000e-05	3.153561e-03	2.799472e+00
2.564000e-05	6.909327e-03	2.789478e+00
2.565000e-05	3.156068e-03	2.821578e+00
2.566000e-05	2.152229e-03	2.863155e+00
2.567000e-05	2.592593e-03	2.912808e+00
2.568000e-05	7.597528e-03	2.876688e+00
2.569000e-05	2.639134e-03	2.927391e+00
2.570000e-05	2.800330e-03	2.978892e+00
2.571000e-05	3.198670e-03	2.989998e+00
2.572000e-05	7.268762e-03	2.999974e+00
2.573000e-05	5.003487e-03	3.022104e+00
2.574000e-05	3.352919e-03	3.051183e+00
2.575000e-05	4.837459e-03	3.053264e+00
2.576000e-05	6.144301e-03	3.125132e+00
2.577000e-05	5.461191e-03	3.156337e+00
2.578000e-05	3.096712e-03	3.158792e+00
2.579000e-05	4.494516e-03	3.168995e+00
2.580000e-05	5.719468e-03	3.199975e+00
2.581000e-05	5.755785e-03	3.199447e+00
2.582000e-05	5.062184e-03	3.220026e+00
2.583000e-05	5.526023e-03	3.211526e+00
2.584000e-05	6.523134e-03	3.241078e+00
2.585000e-05	7.631729e-03	3.253104e+00
2.586000e-05	5.005067e-03	3.273731e+00
2.587000e-05	4.895634e-03	3.316290e+00
2.588000e-05	6.497818e-03	3.377838e+00
2.589000e-05	5.492497e-03	3.389670e+00
2.590000e-05	5.861586e-03	3.389545e+00
2.591000e-05	5.305144e-03	3.451179e+00
2.592000e-05	7.115897e-03	3.491104e+00
2.593000e-05	8.052640e-03	3.524284e+00
2.594000e-05	6.424595e-03	3.554261e+00
2.595000e-05	7.261447e-03	3.518290e+00
2.596000e-05	5.786021e-03	3.549421e+00
2.597000e-05	5.989585e-03	3.597996e+00
2.598000e-05	6.493118e-03	3.598473e+00
2.599000e-05	6.901545e-03	3.610025e+00
2.600000e-05	7.375927e-03	3.589976e+00
2.601000e-05	8.252503e-03	3.610499e+00
2.602000e-05	8.900555e-03	3.611025e+00
2.603000e-05	8.355396e-03	3.610528e+00
2.604000e-05	7.424337e-03	3.611526e+00
2.605000e-05	6.399103e-03	3.641104e+00
2.606000e-05	8.280748e-03	3.633130e+00
2.607000e-05	8.067974e-03	3.642703e+00
2.608000e-05	9.318839e-03	3.681681e+00
2.609000e-05	8.366686e-03	3.673656e+00
2.610000e-05	1.037636e-02	3.703659e+00
2.611000e-05	8.890501e-03	3.696685e+00
2.612000e-05	1.016729e-02	3.736708e+00
2.613000e-05	7.979854e-03	3.725237e+00
2.614000e-05	1.119903e-02	3.744933e+00
2.615000e-05	1.006470e-02	3.725866e+00
2.616000e-05	1.079560e-02	3.786341e+00
2.617000e-05	9.790254e-03	3.747465e+00
2.618000e-05	1.100474e-02	3.775943e+00
2.619000e-05	1.119297e-02	3.777868e+00
2.620000e-05	1.098150e-02	3.766470e+00
2.621000e-05	1.091456e-02	3.788397e+00
2.622000e-05	1.172214e-02	3.769445e+00
2.623000e-05	1.275176e-02	3.788472e+00
2.624000e-05	1.278609e-02	3.789896e+00
2.625000e-05	1.386737e-02	3.779871e+00
2.626000e-05	1.225261e-02	3.789350e+00
2.627000e-05	1.321850e-02	3.798400e+00
2.628000e-05	1.326189e-02	3.798949e+00
2.629000e-05	1.479284e-02	3.809921e+00
2.630000e-05	1.378711e-02	3.789026e+00
2.631000e-05	1.459528e-02	3.810447e+00
2.632000e-05	1.492580e-02	3.788450e+00
2.633000e-05	1.387173e-02	3.768423e+00
2.634000e-05	1.593657e-02	3.780970e+00
2.635000e-05	1.552134e-02	3.777471e+00
2.636000e-05	1.817801e-02	3.749425e+00
2.637000e-05	1.631969e-02	3.790522e+00
2.638000e-05	1.522105e-02	3.808972e+00
2.639000e-05	1.586139e-02	3.779895e+00
2.640000e-05	1.552232e-02	3.787894e+00
2.641000e-05	1.626034e-02	3.767920e+00
2.642000e-05	1.415056e-02	3.767971e+00
2.643000e-05	1.651174e-02	3.756495e+00
2.644000e-05	1.934662e-02	3.768862e+00
2.645000e-05	1.887959e-02	3.757387e+00
2.646000e-05	1.557597e-02	3.737817e+00
2.647000e-05	1.615896e-02	3.737310e+00
2.648000e-05	1.611444e-02	3.745291e+00
2.649000e-05	1.716810e-02	3.755737e+00
2.650000e-05	1.331971e-02	3.724738e+00
2.651000e-05	1.539215e-02	3.725233e+00
2.652000e-05	1.703046e-02	3.673707e+00
2.653000e-05	1.692954e-02	3.674108e+00
2.654000e-05	1.592167e-02	3.662156e+00
2.655000e-05	1.366254e-02	3.632608e+00
2.656000e-05	1.697063e-02	3.642552e+00
2.657000e-05	1.405449e-02	3.631552e+00
2.658000e-05	1.322535e-02	3.630576e+00
2.659000e-05	1.149329e-02	3.622503e+00
2.660000e-05	1.486418e-02	3.630475e+00
2.661000e-05	1.414845e-02	3.590024e+00
2.662000e-05	1.364675e-02	3.600024e+00
2.663000e-05	1.217687e-02	3.568949e+00
2.664000e-05	1.474379e-02	3.559873e+00
2.665000e-05	1.262705e-02	3.587924e+00
2.666000e-05	1.209116e-02	3.556943e+00
2.667000e-05	9.493717e-03	3.567866e+00
2.668000e-05	1.127426e-02	3.496262e+00
2.669000e-05	1.269452e-02	3.504212e+00
2.670000e-05	1.101122e-02	3.483632e+00
2.671000e-05	9.925115e-03	3.461548e+00
2.672000e-05	1.134857e-02	3.479569e+00
2.673000e-05	1.223933e-02	3.419422e+00
2.674000e-05	1.072523e-02	3.394771e+00
2.675000e-05	8.957822e-03	3.345862e+00
2.676000e-05	9.060660e-03	3.303607e+00
2.677000e-05	1.117211e-02	3.263228e+00
2.678000e-05	1.012420e-02	3.243057e+00
2.679000e-05	7.562422e-03	3.221600e+00
2.680000e-05	8.184164e-03	3.230526e+00
2.681000e-05	9.335530e-03	3.229975e+00
2.682000e-05	8.764819e-03	3.199423e+00
2.683000e-05	6.704156e-03	3.169472e+00
2.684000e-05	9.081073e-03	3.168867e+00
2.685000e-05	8.433441e-03	3.158316e+00
2.686000e-05	1.023804e-02	3.125259e+00
2.687000e-05	6.522304e-03	3.103157e+00
2.688000e-05	7.486877e-03	3.051578e+00
2.689000e-05	6.504650e-03	3.003624e+00
2.690000e-05	6.755685e-03	3.061950e+00
2.691000e-05	5.520123e-03	3.000975e+00
2.692000e-05	5.496480e-03	2.969445e+00
2.693000e-05	7.377695e-03	2.937840e+00
2.694000e-05	7.504579e-03	2.915213e+00
2.695000e-05	6.048158e-03	2.903712e+00
2.696000e-05	5.038136e-03	2.863131e+00
2.697000e-05	5.566611e-03	2.832003e+00
2.698000e-05	5.576647e-03	2.840475e+00
2.699000e-05	6.126839e-03	2.829499e+00
2.700000e-05	4.336783e-03	2.809401e+00
2.701000e-05	4.688983e-03	2.789822e+00
2.702000e-05	5.390060e-03	2.748365e+00
2.703000e-05	4.483865e-03	2.746336e+00
2.704000e-05	4.136998e-03	2.633008e+00
2.705000e-05	4.513017e-03	2.621073e+00
2.706000e-05	5.128571e-03	2.567919e+00
2.707000e-05	4.677572e-03	2.545611e+00
2.708000e-05	4.073281e-03	2.502104e+00
2.709000e-05	2.920462e-03	2.421029e+00
2.710000e-05	3.799158e-03	2.410975e+00
2.711000e-05	4.037842e-03	2.388946e+00
2.712000e-05	3.383261e-03	2.368344e+00
2.713000e-05	3.146700e-03	2.326261e+00
2.714000e-05	3.666653e-03	2.312662e+00
2.715000e-05	4.716759e-03	2.264130e+00
2.716000e-05	3.183732e-03	2.222029e+00
2.717000e-05	1.628136e-03	2.259399e+00
2.718000e-05	2.666799e-03	2.169367e+00
2.719000e-05	3.297963e-03	2.177814e+00
2.720000e-05	1.395176e-03	2.096281e+00
2.721000e-05	5.741438e-04	2.093705e+00
2.722000e-05	1.926028e-03	2.041526e+00
2.723000e-05	2.456791e-03	2.040026e+00
2.724000e-05	1.846814e-03	1.989996e+00
2.725000e-05	6.140370e-04	1.928918e+00
2.726000e-05	2.111085e-03	1.966292e+00
2.727000e-05	2.040996e-03	1.894187e+00
2.728000e-05	8.566528e-04	1.852655e+00
2.729000e-05	1.071624e-04	1.841473e+00
2.730000e-05	5.717372e-04	1.828370e+00
2.731000e-05	8.065029e-04	1.736791e+00
2.732000e-05	3.869735e-04	1.694791e+00
2.733000e-05	-6.965517e-04	1.664204e+00
2.734000e-05	7.134459e-04	1.612506e+00
2.735000e-05	1.595504e-03	1.618546e+00
2.736000e-05	6.755135e-04	1.588941e+00
2.737000e-05	-1.048105e-03	1.475160e+00
2.738000e-05	-3.689181e-04	1.471658e+00
2.739000e-05	1.497142e-04	1.410473e+00
2.740000e-05	-9.524136e-04	1.378871e+00
2.741000e-05	-9.951761e-04	1.318166e+00
2.742000e-05	-1.750805e-04	1.303763e+00
2.743000e-05	-1.349446e-04	1.273579e+00
2.744000e-05	-5.363567e-04	1.200124e+00
2.745000e-05	-6.052302e-04	1.218497e+00
2.746000e-05	-5.287535e-04	1.136787e+00
2.747000e-05	-8.957467e-04	1.095586e+00
2.748000e-05	-4.491273e-04	1.031928e+00
2.749000e-05	-1.788882e-03	1.007293e+00
2.750000e-05	-1.946816e-03	9.147330e-01
2.751000e-05	-1.027951e-03	9.115790e-01
2.752000e-05	-2.819130e-03	8.200501e-01
2.753000e-05	-1.119644e-03	7.699249e-01
2.754000e-05	-1.076068e-03	7.683498e-01
2.755000e-05	-3.303049e-04	7.177119e-01
2.756000e-05	-1.419744e-03	7.427129e-01
2.757000e-05	-7.959892e-04	6.730814e-01
2.758000e-05	-2.154694e-03	6.299488e-01
2.759000e-05	-2.483447e-03	5.794171e-01
2.760000e-05	-3.292088e-03	5.656870e-01
2.761000e-05	-1.081389e-03	4.522317e-01
2.762000e-05	-2.325512e-03	4.415776e-01
2.763000e-05	-1.407925e-03	4.205263e-01
2.764000e-05	-2.576614e-03	3.794736e-01
2.765000e-05	-8.662988e-04	3.784447e-01
2.766000e-05	-2.146031e-03	3.157431e-01
2.767000e-05	-1.919559e-03	2.856067e-01
2.768000e-05	-2.984590e-03	1.909500e-01
2.769000e-05	-2.228474e-03	1.162934e-01
2.770000e-05	-3.184142e-03	5.162915e-02
2.771000e-05	-3.037319e-03	4.305652e-02
2.772000e-05	-2.831513e-03	1.002250e-02
2.773000e-05	-1.911677e-03	-1.153007e-02
2.774000e-05	-1.026314e-03	-6.360907e-02
2.775000e-05	-1.459389e-04	-8.531297e-02
2.776000e-05	-2.241355e-03	-1.179407e-01
2.777000e-05	-8.368929e-04	-1.694474e-01
2.778000e-05	-1.617056e-03	-2.105263e-01
2.779000e-05	-1.082491e-03	-2.432040e-01
2.780000e-05	3.564835e-03	-2.736867e-01
2.781000e-05	8.869813e-03	-2.763696e-01
2.782000e-05	7.819542e-03	-3.589196e-01
2.783000e-05	-1.914492e-02	-4.010538e-01
2.784000e-05	-1.356186e-02	-4.221041e-01
2.785000e-05	-9.312488e-03	-4.516567e-01
2.786000e-05	1.863270e-02	-4.827418e-01
2.787000e-05	3.894319e-03	-5.379421e-01
2.788000e-05	1.308641e-03	-6.124815e-01
2.789000e-05	1.634443e-02	-6.952142e-01
2.790000e-05	2.556908e-04	-7.243197e-01
2.791000e-05	1.594924e-02	-7.598724e-01
2.792000e-05	-2.917376e-02	-8.219751e-01
2.793000e-05	-1.542438e-04	-8.005813e-01
2.794000e-05	-1.367875e-02	-8.631831e-01
2.795000e-05	1.614231e-02	-8.973646e-01
2.796000e-05	-1.711536e-02	-9.194171e-01
2.797000e-05	-2.086543e-02	-9.874497e-01
2.798000e-05	-7.785913e-03	-1.030625e+00
2.799000e-05	1.460992e-03	-1.073310e+00
2.800000e-05	2.506550e-03	-1.134760e+00
2.801000e-05	-9.656758e-03	-1.127396e+00
2.802000e-05	6.995856e-03	-1.157999e+00
2.803000e-05	6.318679e-03	-1.221604e+00
2.804000e-05	9.382927e-03	-1.273229e+00
2.805000e-05	-2.819832e-02	-1.325792e+00
2.806000e-05	-4.240460e-03	-1.390549e+00
2.807000e-05	3.373580e-03	-1.445734e+00
2.808000e-05	4.427452e-03	-1.536321e+00
2.809000e-05	-2.362553e-02	-1.556900e+00
2.810000e-05	4.827991e-03	-1.598497e+00
2.811000e-05	-2.748079e-03	-1.630500e+00
2.812000e-05	-5.418458e-03	-1.631109e+00
2.813000e-05	-9.977817e-03	-1.683134e+00
2.814000e-05	-6.721737e-03	-1.728341e+00
2.815000e-05	-2.500387e-03	-1.767967e+00
2.816000e-05	2.822089e-03	-1.799003e+00
2.817000e-05	-9.620303e-03	-1.841051e+00
2.818000e-05	-1.381787e-02	-1.852630e+00
2.819000e-05	4.923080e-03	-1.867687e+00
2.820000e-05	-7.003975e-03	-1.937346e+00
2.821000e-05	-1.008065e-02	-1.978972e+00
2.822000e-05	-9.378874e-03	-1.989949e+00
2.823000e-05	2.013258e-03	-2.000478e+00
2.824000e-05	-5.530160e-03	-2.011580e+00
2.825000e-05	-8.585235e-03	-2.063079e+00
2.826000e-05	-1.209053e-02	-2.086215e+00
2.827000e-05	1.382205e-03	-2.155946e+00
2.828000e-05	-5.352335e-03	-2.242556e+00
2.829000e-05	-8.106815e-03	-2.296759e+00
2.830000e-05	-9.382262e-03	-2.355867e+00
2.831000e-05	-1.209036e-03	-2.338897e+00
2.832000e-05	-7.162314e-03	-2.399470e+00
2.833000e-05	-9.680928e-03	-2.420475e+00
2.834000e-05	-8.588419e-03	-2.422578e+00
2.835000e-05	-3.071500e-03	-2.442130e+00
2.836000e-05	-4.149206e-03	-2.494736e+00
2.837000e-05	-8.324887e-03	-2.506341e+00
2.838000e-05	-8.833406e-03	-2.548392e+00
2.839000e-05	-5.457129e-03	-2.577950e+00
2.840000e-05	-4.129730e-03	-2.641477e+00
2.841000e-05	-1.109002e-02	-2.661157e+00
2.842000e-05	-8.456833e-03	-2.696183e+00
2.843000e-05	-7.010733e-03	-2.686912e+00
2.844000e-05	-3.313442e-03	-2.767793e+00
2.845000e-05	-1.076042e-02	-2.779946e+00
2.846000e-05	-8.309986e-03	-2.779447e+00
2.847000e-05	-6.241118e-03	-2.800527e+00
2.848000e-05	-4.647908e-03	-2.821528e+00
2.849000e-05	-1.059205e-02	-2.832130e+00
2.850000e-05	-1.036213e-02	-2.883680e+00
2.851000e-05	-8.031853e-03	-2.913214e+00
2.852000e-05	-6.318683e-03	-2.928971e+00
2.853000e-05	-1.160586e-02	-2.960022e+00
2.854000e-05	-1.056363e-02	-3.042655e+00
2.855000e-05	-7.645118e-03	-3.083739e+00
2.856000e-05	-6.706980e-03	-3.156314e+00
2.857000e-05	-9.716532e-03	-3.146467e+00
2.858000e-05	-1.144171e-02	-3.179521e+00
2.859000e-05	-8.701031e-03	-3.179473e+00
2.860000e-05	-8.971294e-03	-3.180450e+00
2.861000e-05	-1.053762e-02	-3.200501e+00
2.862000e-05	-1.150232e-02	-3.220033e+00
2.863000e-05	-9.690054e-03	-3.242181e+00
2.864000e-05	-9.545970e-03	-3.282185e+00
2.865000e-05	-1.037597e-02	-3.325258e+00
2.866000e-05	-1.105927e-02	-3.316319e+00
2.867000e-05	-9.995728e-03	-3.357837e+00
2.868000e-05	-9.444232e-03	-3.347895e+00
2.869000e-05	-1.112216e-02	-3.359422e+00
2.870000e-05	-1.258310e-02	-3.399998e+00
2.871000e-05	-1.199919e-02	-3.420575e+00
2.872000e-05	-1.081014e-02	-3.402150e+00
2.873000e-05	-1.180236e-02	-3.442707e+00
2.874000e-05	-1.259437e-02	-3.492632e+00
2.875000e-05	-1.120657e-02	-3.485764e+00
2.876000e-05	-9.791143e-03	-3.496241e+00
2.877000e-05	-1.184037e-02	-3.567917e+00
2.878000e-05	-1.388626e-02	-3.557397e+00
2.879000e-05	-1.232153e-02	-3.577896e+00
2.880000e-05	-1.179233e-02	-3.599424e+00
2.881000e-05	-1.258249e-02	-3.589997e+00
2.882000e-05	-1.401823e-02	-3.600500e+00
2.883000e-05	-1.205007e-02	-3.600025e+00
2.884000e-05	-1.112452e-02	-3.609526e+00
2.885000e-05	-1.222211e-02	-3.620076e+00
2.886000e-05	-1.501526e-02	-3.612033e+00
2.887000e-05	-1.157324e-02	-3.651029e+00
2.888000e-05	-1.215113e-02	-3.642152e+00
2.889000e-05	-1.273262e-02	-3.643155e+00
2.890000e-05	-1.445980e-02	-3.674655e+00
2.891000e-05	-1.376176e-02	-3.655688e+00
2.892000e-05	-1.292750e-02	-3.706258e+00
2.893000e-05	-1.415381e-02	-3.727238e+00
2.894000e-05	-1.538979e-02	-3.717868e+00
2.895000e-05	-1.328363e-02	-3.768847e+00
2.896000e-05	-1.325147e-02	-3.780023e+00
2.897000e-05	-1.411446e-02	-3.798420e+00
2.898000e-05	-1.549601e-02	-3.781545e+00
2.899000e-05	-1.561666e-02	-3.873604e+00
2.900000e-05	-1.557052e-02	-3.842580e+00
2.901000e-05	-1.511663e-02	-3.863178e+00
2.902000e-05	-1.704946e-02	-3.823607e+00
2.903000e-05	-1.619125e-02	-3.881108e+00
2.904000e-05	-1.510139e-02	-3.845213e+00
2.905000e-05	-1.531191e-02	-3.896209e+00
2.906000e-05	-1.653577e-02	-3.864291e+00
2.907000e-05	-1.871251e-02	-3.954236e+00
2.908000e-05	-1.672075e-02	-3.935264e+00
2.909000e-05	-1.740612e-02	-3.926762e+00
2.910000e-05	-1.832843e-02	-3.935761e+00
2.911000e-05	-1.863754e-02	-3.946262e+00
2.912000e-05	-1.776008e-02	-3.906866e+00
2.913000e-05	-1.803850e-02	-3.956817e+00
2.914000e-05	-1.985165e-02	-3.934841e+00
2.915000e-05	-1.985253e-02	-3.927339e+00
2.916000e-05	-1.998044e-02	-3.906391e+00
2.917000e-05	-1.868211e-02	-3.947838e+00
2.918000e-05	-2.071483e-02	-3.947867e+00
2.919000e-05	-1.951148e-02	-3.938385e+00
2.920000e-05	-2.076509e-02	-3.934343e+00
2.921000e-05	-1.944532e-02	-3.934312e+00
2.922000e-05	-2.161734e-02	-3.957791e+00
2.923000e-05	-2.168337e-02	-3.916243e+00
2.924000e-05	-2.239646e-02	-3.946362e+00
2.925000e-05	-2.188947e-02	-3.904813e+00
2.926000e-05	-2.185354e-02	-3.946208e+00
2.927000e-05	-2.108353e-02	-3.945236e+00
2.928000e-05	-2.136906e-02	-3.884732e+00
2.929000e-05	-2.080372e-02	-3.842258e+00
2.930000e-05	-2.099897e-02	-3.861579e+00
2.931000e-05	-2.149545e-02	-3.831080e+00
2.932000e-05	-2.297998e-02	-3.852605e+00
2.933000e-05	-2.319300e-02	-3.830572e+00
2.934000e-05	-2.285911e-02	-3.819044e+00
2.935000e-05	-2.107606e-02	-3.859325e+00
2.936000e-05	-2.195488e-02	-3.798949e+00
2.937000e-05	-1.984067e-02	-3.758317e+00
2.938000e-05	-1.977349e-02	-3.735866e+00
2.939000e-05	-2.006793e-02	-3.706863e+00
2.940000e-05	-2.154219e-02	-3.743734e+00
2.941000e-05	-2.158831e-02	-3.664258e+00
2.942000e-05	-2.118727e-02	-3.662659e+00
2.943000e-05	-2.108884e-02	-3.673178e+00
2.944000e-05	-2.066407e-02	-3.641679e+00
2.945000e-05	-1.847359e-02	-3.611550e+00
2.946000e-05	-1.826358e-02	-3.610051e+00
2.947000e-05	-1.795578e-02	-3.600528e+00
2.948000e-05	-1.961436e-02	-3.610000e+00
2.949000e-05	-1.852740e-02	-3.601001e+00
2.950000e-05	-1.883847e-02	-3.589899e+00
2.951000e-05	-1.898095e-02	-3.589974e+00
2.952000e-05	-1.857653e-02	-3.597447e+00
2.953000e-05	-1.819782e-02	-3.556420e+00
2.954000e-05	-1.679919e-02	-3.578891e+00
2.955000e-05	-1.726374e-02	-3.526292e+00
2.956000e-05	-1.624706e-02	-3.547817e+00
2.957000e-05	-1.634649e-02	-3.514810e+00
2.958000e-05	-1.652251e-02	-3.453604e+00
2.959000e-05	-1.518219e-02	-3.472580e+00
2.960000e-05	-1.567575e-02	-3.440605e+00
2.961000e-05	-1.539534e-02	-3.401425e+00
2.962000e-05	-1.554733e-02	-3.399999e+00
2.963000e-05	-1.454727e-02	-3.379899e+00
2.964000e-05	-1.547981e-02	-3.388290e+00
2.965000e-05	-1.486696e-02	-3.357342e+00
2.966000e-05	-1.323185e-02	-3.314185e+00
2.967000e-05	-1.375281e-02	-3.295232e+00
2.968000e-05	-1.248439e-02	-3.314133e+00
2.969000e-05	-1.353853e-02	-3.261582e+00
2.970000e-05	-1.272958e-02	-3.221055e+00
2.971000e-05	-1.307921e-02	-3.190003e+00
2.972000e-05	-1.326137e-02	-3.188951e+00
2.973000e-05	-1.362689e-02	-3.168871e+00
2.974000e-05	-1.331404e-02	-3.147421e+00
2.975000e-05	-1.165225e-02	-3.096340e+00
2.976000e-05	-1.200901e-02	-3.142634e+00
2.977000e-05	-1.188621e-02	-3.093634e+00
2.978000e-05	-1.125125e-02	-3.010499e+00
2.979000e-05	-1.193750e-02	-3.037417e+00
2.980000e-05	-1.163475e-02	-2.935239e+00
2.981000e-05	-1.199196e-02	-2.854065e+00
2.982000e-05	-1.149442e-02	-2.881026e+00
2.983000e-05	-1.140465e-02	-2.820103e+00
2.984000e-05	-1.099527e-02	-2.810026e+00
2.985000e-05	-1.035043e-02	-2.799976e+00
2.986000e-05	-1.026690e-02	-2.769996e+00
2.987000e-05	-1.011058e-02	-2.769321e+00
2.988000e-05	-1.042062e-02	-2.746316e+00
2.989000e-05	-9.709743e-03	-2.705762e+00
2.990000e-05	-1.069922e-02	-2.663633e+00
2.991000e-05	-9.878894e-03	-2.642583e+00
2.992000e-05	-9.626714e-03	-2.609526e+00
2.993000e-05	-1.050292e-02	-2.577946e+00
2.994000e-05	-9.772852e-03	-2.547266e+00
2.995000e-05	-9.996119e-03	-2.526843e+00
2.996000e-05	-9.469039e-03	-2.485731e+00
2.997000e-05	-9.373670e-03	-2.440555e+00
2.998000e-05	-8.624331e-03	-2.420104e+00
2.999000e-05	-9.114131e-03	-2.389950e+00
3.000000e-05	-8.571004e-03	-2.399446e+00
3.001000e-05	-9.274945e-03	-2.348370e+00
3.002000e-05	-9.119505e-03	-2.343362e+00
3.003000e-05	-9.344070e-03	-2.272564e+00
3.004000e-05	-8.554906e-03	-2.212475e+00
3.005000e-05	-9.384593e-03	-2.199947e+00
3.006000e-05	-8.335000e-03	-2.094691e+00
3.007000e-05	-7.695065e-03	-2.102680e+00
3.008000e-05	-6.419613e-03	-2.031553e+00
3.009000e-05	-7.597948e-03	-2.000000e+00
3.010000e-05	-7.250726e-03	-1.999974e+00
3.011000e-05	-7.394679e-03	-1.978446e+00
3.012000e-05	-8.463164e-03	-1.945738e+00
3.013000e-05	-8.082051e-03	-1.853209e+00
3.014000e-05	-7.280918e-03	-1.863109e+00
3.015000e-05	-6.961395e-03	-1.800576e+00
3.016000e-05	-6.531524e-03	-1.780028e+00
3.017000e-05	-6.303868e-03	-1.787918e+00
3.018000e-05	-4.899490e-03	-1.687216e+00
3.019000e-05	-5.789258e-03	-1.683186e+00
3.020000e-05	-5.798301e-03	-1.653032e+00
3.021000e-05	-7.342174e-03	-1.620101e+00
3.022000e-05	-5.259119e-03	-1.630973e+00
3.023000e-05	-6.874622e-03	-1.538870e+00
3.024000e-05	-6.117016e-03	-1.514395e+00
3.025000e-05	-5.599351e-03	-1.464181e+00
3.026000e-05	-4.793787e-03	-1.365970e+00
3.027000e-05	-5.830156e-03	-1.346837e+00
3.028000e-05	-4.663445e-03	-1.282634e+00
3.029000e-05	-5.178706e-03	-1.221600e+00
3.030000e-05	-5.706552e-03	-1.210472e+00
3.031000e-05	-5.356444e-03	-1.158371e+00
3.032000e-05	-4.696956e-03	-1.126289e+00
3.033000e-05	-5.225812e-03	-1.094183e+00
3.034000e-05	-4.961325e-03	-1.041053e+00
3.035000e-05	-5.355526e-03	-9.995501e-01
3.036000e-05	-4.235533e-03	-9.379196e-01
3.037000e-05	-4.432441e-03	-9.359157e-01
3.038000e-05	-5.091373e-03	-9.042318e-01
3.039000e-05	-3.939338e-03	-8.731290e-01
3.040000e-05	-3.724400e-03	-8.200250e-01
3.041000e-05	-4.467229e-03	-7.899700e-01
3.042000e-05	-5.041049e-03	-7.394235e-01
3.043000e-05	-5.071723e-03	-7.377947e-01
3.044000e-05	-4.816531e-03	-6.921355e-01
3.045000e-05	-4.836850e-03	-6.600237e-01
3.046000e-05	-3.599910e-03	-5.972871e-01
3.047000e-05	-4.082212e-03	-4.846642e-01
3.048000e-05	-3.601866e-03	-4.710517e-01
3.049000e-05	-3.785171e-03	-4.100251e-01
3.050000e-05	-5.345730e-03	-4.099486e-01
3.051000e-05	-3.767551e-03	-3.573947e-01
3.052000e-05	-4.745769e-03	-3.162695e-01
3.053000e-05	-3.295442e-03	-2.936855e-01
3.054000e-05	-4.906914e-03	-2.305315e-01
3.055000e-05	-3.858682e-03	-1.895738e-01
3.056000e-05	-3.617976e-03	-1.678734e-01
3.057000e-05	-3.020384e-03	-1.377407e-01
3.058000e-05	-2.531829e-03	-5.370533e-02
3.059000e-05	-1.458799e-03	-2.205520e-02
3.060000e-05	-2.265656e-03	-2.007645e-02
3.061000e-05	1.992948e-04	4.738658e-04
3.062000e-05	-2.844400e-03	2.305626e-02
3.063000e-05	-2.928574e-03	8.318534e-02
3.064000e-05	-3.163027e-03	1.358658e-01
3.065000e-05	2.230394e-03	1.795437e-01
3.066000e-05	7.118624e-03	2.811578e-01
3.067000e-05	8.435360e-03	3.158159e-01
3.068000e-05	-3.309918e-03	3.784199e-01
3.069000e-05	-2.589308e-02	4.094737e-01
3.070000e-05	-8.398164e-03	4.300776e-01
3.071000e-05	-9.022880e-04	4.821315e-01
3.072000e-05	1.901666e-02	4.642105e-01
3.073000e-05	-1.166172e-02	5.468446e-01
3.074000e-05	-1.651066e-03	5.893224e-01
3.075000e-05	3.626506e-03	6.305528e-01
3.076000e-05	1.150328e-02	6.337334e-01
3.077000e-05	-2.018497e-03	7.247106e-01
3.078000e-05	-1.480061e-02	7.363673e-01
3.079000e-05	-3.163871e-03	7.399486e-01
3.080000e-05	5.434469e-03	8.100487e-01
3.081000e-05	1.258243e-02	8.200853e-01
3.082000e-05	-1.210872e-02	9.037853e-01
3.083000e-05	-2.624647e-03	8.964195e-01
3.084000e-05	-6.500681e-03	1.008940e+00
3.085000e-05	1.946798e-02	1.061487e+00
3.086000e-05	-1.490400e-02	1.115337e+00
3.087000e-05	-1.888372e-03	1.158943e+00
3.088000e-05	-1.145962e-03	1.199024e+00
3.089000e-05	2.024368e-02	1.251573e+00
3.090000e-05	-8.949601e-03	1.264835e+00
3.091000e-05	-8.327608e-03	1.334890e+00
3.092000e-05	3.665972e-03	1.397472e+00
3.093000e-05	7.991405e-03	1.409028e+00
3.094000e-05	-3.372257e-03	1.435160e+00
3.095000e-05	-1.267963e-03	1.475758e+00
3.096000e-05	5.089890e-03	1.557426e+00
3.097000e-05	-1.336959e-03	1.633570e+00
3.098000e-05	7.356189e-03	1.654631e+00
3.099000e-05	-8.129927e-03	1.703236e+00
3.100000e-05	1.723683e-04	1.675844e+00
3.101000e-05	4.105937e-03	1.757873e+00
3.102000e-05	8.660387e-03	1.758497e+00
3.103000e-05	-1.140868e-02	1.819524e+00
3.104000e-05	5.636271e-03	1.843187e+00
3.105000e-05	2.869407e-03	1.894387e+00
3.106000e-05	2.414203e-03	1.948367e+00
3.107000e-05	-5.849121e-03	1.968947e+00
3.108000e-05	7.170899e-03	1.999974e+00
3.109000e-05	2.523048e-03	2.010451e+00
3.110000e-05	3.441352e-03	2.031055e+00
3.111000e-05	-3.626542e-03	2.065630e+00
3.112000e-05	2.507907e-03	2.095811e+00
3.113000e-05	3.776084e-03	2.137295e+00
3.114000e-05	-2.558166e-04	2.169469e+00
3.115000e-05	-2.387934e-04	2.210576e+00
3.116000e-05	2.426057e-03	2.232075e+00
3.117000e-05	5.213759e-03	2.265179e+00
3.118000e-05	2.934214e-04	2.287337e+00
3.119000e-05	1.417846e-03	2.327967e+00
3.120000e-05	8.523830e-04	2.378921e+00
3.121000e-05	4.852158e-03	2.419499e+00
3.122000e-05	1.321390e-03	2.420601e+00
3.123000e-05	1.546462e-03	2.440032e+00
3.124000e-05	-1.031568e-03	2.543183e+00
3.125000e-05	5.745225e-03	2.535762e+00
3.126000e-05	6.955871e-04	2.546835e+00
3.127000e-05	1.211266e-03	2.580975e+00
3.128000e-05	9.880961e-04	2.683204e+00
3.129000e-05	6.792758e-03	2.716833e+00
3.130000e-05	2.649510e-03	2.748343e+00
3.131000e-05	1.610167e-03	2.777975e+00
3.132000e-05	1.230112e-03	2.789497e+00
3.133000e-05	5.009966e-03	2.840501e+00
3.134000e-05	2.902818e-03	2.809975e+00
3.135000e-05	3.036496e-04	2.813131e+00
3.136000e-05	4.505843e-03	2.902157e+00
3.137000e-05	4.839422e-03	2.853764e+00
3.138000e-05	5.000676e-03	2.935789e+00
3.139000e-05	1.431002e-03	2.967868e+00
3.140000e-05	4.853927e-03	2.980448e+00
3.141000e-05	4.450015e-03	3.009447e+00
3.142000e-05	5.135524e-03	2.999501e+00
3.143000e-05	2.032792e-03	3.072626e+00
3.144000e-05	4.413663e-03	3.061709e+00
3.145000e-05	4.007552e-03	3.102808e+00
3.146000e-05	5.329491e-03	3.123239e+00
3.147000e-05	2.648793e-03	3.095761e+00
3.148000e-05	5.796135e-03	3.158397e+00
3.149000e-05	6.265736e-03	3.178868e+00
3.150000e-05	6.719278e-03	3.208974e+00
3.151000e-05	4.565440e-03	3.189498e+00
3.152000e-05	4.768398e-03	3.202051e+00
3.153000e-05	6.755979e-03	3.232101e+00
3.154000e-05	5.480598e-03	3.232154e+00
3.155000e-05	4.310820e-03	3.241558e+00
3.156000e-05	5.319622e-03	3.305757e+00
3.157000e-05	7.585042e-03	3.367211e+00
3.158000e-05	6.864384e-03	3.347897e+00
3.159000e-05	6.243899e-03	3.367495e+00
3.160000e-05	5.315371e-03	3.470523e+00
3.161000e-05	8.346913e-03	3.442707e+00
3.162000e-05	6.916089e-03	3.475684e+00
3.163000e-05	7.050009e-03	3.527288e+00
3.164000e-05	5.633392e-03	3.547362e+00
3.165000e-05	7.522528e-03	3.567397e+00
3.166000e-05	7.608014e-03	3.578892e+00
3.167000e-05	6.911434e-03	3.599924e+00
3.168000e-05	6.953168e-03	3.588446e+00
3.169000e-05	8.657177e-03	3.590499e+00
3.170000e-05	9.241250e-03	3.598499e+00
3.171000e-05	8.184070e-03	3.600000e+00
3.172000e-05	7.024198e-03	3.631000e+00
3.173000e-05	8.974003e-03	3.640576e+00
3.174000e-05	8.255274e-03	3.611025e+00
3.175000e-05	7.982789e-03	3.660601e+00
3.176000e-05	7.793800e-03	3.662129e+00
3.177000e-05	8.780951e-03	3.674108e+00
3.178000e-05	9.575951e-03	3.643657e+00
3.179000e-05	9.694989e-03	3.665686e+00
3.180000e-05	9.826930e-03	3.725637e+00
3.181000e-05	9.355766e-03	3.677336e+00
3.182000e-05	1.024440e-02	3.717788e+00
3.183000e-05	9.377126e-03	3.736709e+00
3.184000e-05	9.362225e-03	3.775841e+00
3.185000e-05	8.834460e-03	3.747364e+00
3.186000e-05	1.071276e-02	3.745891e+00
3.187000e-05	1.119055e-02	3.727866e+00
3.188000e-05	1.149522e-02	3.768866e+00
3.189000e-05	1.121187e-02	3.757944e+00
3.190000e-05	1.198944e-02	3.788821e+00
3.191000e-05	1.146518e-02	3.748944e+00
3.192000e-05	1.270949e-02	3.796919e+00
3.193000e-05	1.179241e-02	3.768024e+00
3.194000e-05	1.124384e-02	3.759895e+00
3.195000e-05	1.224591e-02	3.808469e+00
3.196000e-05	1.269061e-02	3.789424e+00
3.197000e-05	1.251086e-02	3.799999e+00
3.198000e-05	1.281362e-02	3.807973e+00
3.199000e-05	1.431120e-02	3.829051e+00
3.200000e-05	1.485667e-02	3.800547e+00
3.201000e-05	1.537493e-02	3.828446e+00
3.202000e-05	1.398433e-02	3.810450e+00
3.203000e-05	1.392406e-02	3.798999e+00
3.204000e-05	1.446668e-02	3.748972e+00
3.205000e-05	1.549742e-02	3.788949e+00
3.206000e-05	1.591161e-02	3.778949e+00
3.207000e-05	1.677194e-02	3.789444e+00
3.208000e-05	1.469368e-02	3.779470e+00
3.209000e-05	1.644508e-02	3.758967e+00
3.210000e-05	1.663764e-02	3.787894e+00
3.211000e-05	1.642429e-02	3.757450e+00
3.212000e-05	1.722435e-02	3.766870e+00
3.213000e-05	1.658855e-02	3.766342e+00
3.214000e-05	1.590793e-02	3.747393e+00
3.215000e-05	1.633203e-02	3.768266e+00
3.216000e-05	1.560802e-02	3.755271e+00
3.217000e-05	1.594772e-02	3.725792e+00
3.218000e-05	1.696259e-02	3.684212e+00
3.219000e-05	1.612839e-02	3.716712e+00
3.220000e-05	1.761837e-02	3.703786e+00
3.221000e-05	1.553034e-02	3.673233e+00
3.222000e-05	1.672457e-02	3.664232e+00
3.223000e-05	1.458633e-02	3.663554e+00
3.224000e-05	1.587108e-02	3.651110e+00
3.225000e-05	1.448498e-02	3.681603e+00
3.226000e-05	1.432213e-02	3.631155e+00
3.227000e-05	1.445833e-02	3.633126e+00
3.228000e-05	1.489995e-02	3.600976e+00
3.229000e-05	1.469912e-02	3.610525e+00
3.230000e-05	1.430074e-02	3.610001e+00
3.231000e-05	1.373808e-02	3.599975e+00
3.232000e-05	1.479112e-02	3.610000e+00
3.233000e-05	1.315434e-02	3.608449e+00
3.234000e-05	1.278491e-02	3.578949e+00
3.235000e-05	1.193381e-02	3.579447e+00
3.236000e-05	1.219918e-02	3.588949e+00
3.237000e-05	1.220979e-02	3.528344e+00
3.238000e-05	1.155001e-02	3.516767e+00
3.239000e-05	1.266131e-02	3.506160e+00
3.240000e-05	1.220179e-02	3.523129e+00
3.241000e-05	1.141323e-02	3.441450e+00
3.242000e-05	1.092870e-02	3.395915e+00
3.243000e-05	1.083036e-02	3.384822e+00
3.244000e-05	9.784126e-03	3.356212e+00
3.245000e-05	9.385312e-03	3.292734e+00
3.246000e-05	9.538537e-03	3.320680e+00
3.247000e-05	1.031417e-02	3.263157e+00
3.248000e-05	9.302564e-03	3.271031e+00
3.249000e-05	9.365772e-03	3.242503e+00
3.250000e-05	9.477332e-03	3.198954e+00
3.251000e-05	8.583256e-03	3.210049e+00
3.252000e-05	8.357230e-03	3.189874e+00
3.253000e-05	8.250255e-03	3.198420e+00
3.254000e-05	8.369400e-03	3.138345e+00
3.255000e-05	6.819030e-03	3.136887e+00
3.256000e-05	5.948601e-03	3.106135e+00
3.257000e-05	6.484814e-03	3.102628e+00
3.258000e-05	6.973383e-03	3.052578e+00
3.259000e-05	7.472277e-03	3.019976e+00
3.260000e-05	6.302575e-03	3.039970e+00
3.261000e-05	6.483398e-03	2.990495e+00
3.262000e-05	7.545696e-03	2.988421e+00
3.263000e-05	5.983317e-03	2.916840e+00
3.264000e-05	4.779033e-03	2.964260e+00
3.265000e-05	5.274197e-03	2.892159e+00
3.266000e-05	4.658626e-03	2.852075e+00
3.267000e-05	4.817173e-03	2.822530e+00
3.268000e-05	5.427548e-03	2.820000e+00
3.269000e-05	5.185384e-03	2.820450e+00
3.270000e-05	4.797522e-03	2.808372e+00
3.271000e-05	4.395914e-03	2.787867e+00
3.272000e-05	5.340485e-03	2.747218e+00
3.273000e-05	4.841807e-03	2.705162e+00
3.274000e-05	3.567252e-03	2.660953e+00
3.275000e-05	3.078106e-03	2.646951e+00
3.276000e-05	4.143961e-03	2.574788e+00
3.277000e-05	3.846748e-03	2.473709e+00
3.278000e-05	2.996685e-03	2.451078e+00
3.279000e-05	3.787308e-03	2.441948e+00
3.280000e-05	4.821217e-03	2.400525e+00
3.281000e-05	3.815892e-03	2.380419e+00
3.282000e-05	3.243077e-03	2.367792e+00
3.283000e-05	3.102367e-03	2.315763e+00
3.284000e-05	3.144579e-03	2.283156e+00
3.285000e-05	3.326641e-03	2.282629e+00
3.286000e-05	2.293248e-03	2.221029e+00
3.287000e-05	2.074305e-03	2.189970e+00
3.288000e-05	3.039269e-03	2.148292e+00
3.289000e-05	3.031886e-03	2.177312e+00
3.290000e-05	2.777741e-03	2.083661e+00
3.291000e-05	2.607054e-03	2.073131e+00
3.292000e-05	2.707788e-03	2.041049e+00
3.293000e-05	3.169001e-03	2.010025e+00
3.294000e-05	2.530150e-03	1.989972e+00
3.295000e-05	8.674950e-04	1.979344e+00
3.296000e-05	2.221693e-03	1.925238e+00
3.297000e-05	1.312188e-03	1.904707e+00
3.298000e-05	1.485934e-03	1.861105e+00
3.299000e-05	5.820881e-04	1.798846e+00
3.300000e-05	2.167218e-03	1.776921e+00
3.301000e-05	2.348881e-03	1.697941e+00
3.302000e-05	1.003784e-03	1.715685e+00
3.303000e-05	7.141438e-04	1.683109e+00
3.304000e-05	1.123889e-03	1.580103e+00
3.305000e-05	3.614854e-04	1.587802e+00
3.306000e-05	4.032403e-04	1.545414e+00
3.307000e-05	-4.819900e-04	1.467607e+00
3.308000e-05	2.705472e-04	1.442025e+00
3.309000e-05	3.901945e-04	1.388998e+00
3.310000e-05	7.903702e-04	1.337895e+00
3.311000e-05	-2.986325e-04	1.315288e+00
3.312000e-05	9.784414e-05	1.284184e+00
3.313000e-05	-5.516156e-05	1.222101e+00
3.314000e-05	-1.184520e-03	1.210900e+00
3.315000e-05	-1.049787e-03	1.147946e+00
3.316000e-05	-1.333810e-03	1.115812e+00
3.317000e-05	-1.786935e-03	1.061660e+00
3.318000e-05	-1.213305e-03	9.974436e-01
3.319000e-05	-1.340154e-03	9.258133e-01
3.320000e-05	-1.262370e-03	8.636553e-01
3.321000e-05	-1.049363e-03	8.421038e-01
3.322000e-05	-7.536955e-04	8.195239e-01
3.323000e-05	-2.879893e-03	7.493963e-01
3.324000e-05	-1.293695e-03	7.668147e-01
3.325000e-05	-2.175243e-03	6.947654e-01
3.326000e-05	-2.144888e-03	7.236067e-01
3.327000e-05	-1.262683e-03	6.415262e-01
3.328000e-05	-3.258912e-03	5.889250e-01
3.329000e-05	-2.247640e-03	5.768708e-01
3.330000e-05	-2.339551e-03	5.161869e-01
3.331000e-05	-1.697789e-03	4.535803e-01
3.332000e-05	-2.865966e-03	4.511040e-01
3.333000e-05	-2.191139e-03	3.999499e-01
3.334000e-05	-2.764454e-03	3.494471e-01
3.335000e-05	-1.855005e-03	3.584145e-01
3.336000e-05	-3.409967e-03	2.842143e-01
3.337000e-05	-3.287163e-03	2.309251e-01
3.338000e-05	-3.827756e-03	1.773421e-01
3.339000e-05	-1.900128e-03	1.057179e-01
3.340000e-05	-2.275269e-03	9.110384e-02
3.341000e-05	-2.601884e-03	3.050250e-02
3.342000e-05	-2.334854e-03	2.094875e-02
3.343000e-05	-1.498723e-03	-2.220651e-02
3.344000e-05	-2.253782e-03	-8.320677e-02
3.345000e-05	-1.431544e-03	-8.531442e-02
3.346000e-05	-2.765730e-03	-1.578699e-01
3.347000e-05	-2.201866e-03	-1.695749e-01
3.348000e-05	-1.136308e-03	-2.211028e-01
3.349000e-05	-4.568072e-05	-2.338318e-01
3.350000e-05	6.110178e-03	-3.142657e-01
3.351000e-05	1.112536e-02	-3.173446e-01
3.352000e-05	4.583363e-03	-3.889962e-01
3.353000e-05	-3.007680e-02	-4.221051e-01
3.354000e-05	-9.971341e-03	-4.631776e-01
3.355000e-05	-8.714797e-03	-4.431530e-01
3.356000e-05	2.460701e-02	-5.058655e-01
3.357000e-05	-6.652843e-03	-5.794977e-01
3.358000e-05	6.260194e-03	-6.241805e-01
3.359000e-05	5.421525e-03	-6.618371e-01
3.360000e-05	9.133291e-03	-7.267934e-01
3.361000e-05	2.293859e-05	-7.899976e-01
3.362000e-05	-2.562958e-02	-7.805575e-01
3.363000e-05	-2.249976e-03	-8.406065e-01
3.364000e-05	-7.272265e-03	-8.526893e-01
3.365000e-05	1.544113e-02	-8.989134e-01
3.366000e-05	-2.377736e-02	-9.479759e-01
3.367000e-05	-6.884886e-04	-1.019475e+00
3.368000e-05	-8.189723e-03	-1.002530e+00
3.369000e-05	1.526128e-02	-1.106309e+00
3.370000e-05	-9.816055e-03	-1.117843e+00
3.371000e-05	5.093882e-03	-1.157498e+00
3.372000e-05	-3.977451e-03	-1.182573e+00
3.373000e-05	1.042075e-02	-1.262208e+00
3.374000e-05	-1.083561e-02	-1.285791e+00
3.375000e-05	-2.172521e-02	-1.365402e+00
3.376000e-05	8.616140e-04	-1.394670e+00
3.377000e-05	6.873436e-03	-1.497863e+00
3.378000e-05	-9.970509e-03	-1.546422e+00
3.379000e-05	-1.790105e-02	-1.577442e+00
3.380000e-05	1.120971e-02	-1.590973e+00
3.381000e-05	-8.098583e-03	-1.630128e+00
3.382000e-05	-5.104724e-03	-1.642632e+00
3.383000e-05	-1.278633e-02	-1.713784e+00
3.384000e-05	-3.113961e-03	-1.737370e+00
3.385000e-05	-3.515087e-03	-1.779450e+00
3.386000e-05	1.424889e-03	-1.811575e+00
3.387000e-05	-1.937306e-02	-1.851657e+00
3.388000e-05	-2.181529e-03	-1.823809e+00
3.389000e-05	-2.842071e-04	-1.945762e+00
3.390000e-05	-8.502838e-03	-1.937870e+00
3.391000e-05	-1.328742e-02	-1.988422e+00
3.392000e-05	-1.178476e-03	-2.000526e+00
3.393000e-05	-1.590103e-03	-2.010500e+00
3.394000e-05	-6.846577e-03	-2.020580e+00
3.395000e-05	-1.175579e-02	-2.093734e+00
3.396000e-05	-8.434101e-03	-2.104339e+00
3.397000e-05	7.635575e-04	-2.189599e+00
3.398000e-05	-1.132473e-02	-2.254129e+00
3.399000e-05	-8.478975e-03	-2.296715e+00
3.400000e-05	-6.611160e-03	-2.366918e+00
3.401000e-05	8.979512e-04	-2.389924e+00
3.402000e-05	-8.562247e-03	-2.391025e+00
3.403000e-05	-9.493091e-03	-2.440575e+00
3.404000e-05	-9.683577e-03	-2.432604e+00
3.405000e-05	-5.160593e-03	-2.502633e+00
3.406000e-05	-8.191030e-03	-2.475712e+00
3.407000e-05	-8.358011e-03	-2.556871e+00
3.408000e-05	-8.310914e-03	-2.568924e+00
3.409000e-05	-2.066837e-03	-2.610475e+00
3.410000e-05	-5.883872e-03	-2.621079e+00
3.411000e-05	-1.088818e-02	-2.683153e+00
3.412000e-05	-1.020707e-02	-2.684684e+00
3.413000e-05	-5.411569e-03	-2.696864e+00
3.414000e-05	-7.120741e-03	-2.767367e+00
3.415000e-05	-9.777369e-03	-2.789451e+00
3.416000e-05	-9.675026e-03	-2.790000e+00
3.417000e-05	-3.892517e-03	-2.810501e+00
3.418000e-05	-5.756633e-03	-2.821578e+00
3.419000e-05	-1.011126e-02	-2.852080e+00
3.420000e-05	-9.829905e-03	-2.885213e+00
3.421000e-05	-7.274415e-03	-2.895796e+00
3.422000e-05	-7.015447e-03	-2.989871e+00
3.423000e-05	-1.137348e-02	-3.019654e+00
3.424000e-05	-9.402137e-03	-3.062104e+00
3.425000e-05	-6.951333e-03	-3.118238e+00
3.426000e-05	-5.671060e-03	-3.157340e+00
3.427000e-05	-1.215740e-02	-3.147822e+00
3.428000e-05	-9.908852e-03	-3.188971e+00
3.429000e-05	-9.288128e-03	-3.200522e+00
3.430000e-05	-7.695318e-03	-3.199000e+00
3.431000e-05	-1.307753e-02	-3.221578e+00
3.432000e-05	-9.950971e-03	-3.231630e+00
3.433000e-05	-8.256695e-03	-3.224107e+00
3.434000e-05	-6.747818e-03	-3.304182e+00
3.435000e-05	-1.240158e-02	-3.316233e+00
3.436000e-05	-1.184361e-02	-3.336794e+00
3.437000e-05	-1.089642e-02	-3.357870e+00
3.438000e-05	-1.085311e-02	-3.338947e+00
3.439000e-05	-1.167314e-02	-3.409499e+00
3.440000e-05	-1.188179e-02	-3.410028e+00
3.441000e-05	-9.084101e-03	-3.450576e+00
3.442000e-05	-1.021302e-02	-3.454128e+00
3.443000e-05	-1.079185e-02	-3.452656e+00
3.444000e-05	-1.362440e-02	-3.526159e+00
3.445000e-05	-1.073892e-02	-3.526191e+00
3.446000e-05	-1.132842e-02	-3.554815e+00
3.447000e-05	-1.257243e-02	-3.537393e+00
3.448000e-05	-1.349872e-02	-3.569342e+00
3.449000e-05	-1.241477e-02	-3.598896e+00
3.450000e-05	-1.146939e-02	-3.588499e+00
3.451000e-05	-1.291184e-02	-3.600025e+00
3.452000e-05	-1.297109e-02	-3.620000e+00
3.453000e-05	-1.196053e-02	-3.590499e+00
3.454000e-05	-1.221776e-02	-3.629999e+00
3.455000e-05	-1.355794e-02	-3.633078e+00
3.456000e-05	-1.402716e-02	-3.610528e+00
3.457000e-05	-1.419859e-02	-3.630629e+00
3.458000e-05	-1.311381e-02	-3.642083e+00
3.459000e-05	-1.485001e-02	-3.652704e+00
3.460000e-05	-1.293872e-02	-3.684158e+00
3.461000e-05	-1.394418e-02	-3.677288e+00
3.462000e-05	-1.393846e-02	-3.744283e+00
3.463000e-05	-1.477579e-02	-3.757343e+00
3.464000e-05	-1.503729e-02	-3.755798e+00
3.465000e-05	-1.471304e-02	-3.768377e+00
3.466000e-05	-1.456747e-02	-3.788914e+00
3.467000e-05	-1.523331e-02	-3.859594e+00
3.468000e-05	-1.508927e-02	-3.800550e+00
3.469000e-05	-1.574345e-02	-3.803149e+00
3.470000e-05	-1.601798e-02	-3.913104e+00
3.471000e-05	-1.635524e-02	-3.863105e+00
3.472000e-05	-1.504111e-02	-3.903163e+00
3.473000e-05	-1.568547e-02	-3.886712e+00
3.474000e-05	-1.616139e-02	-3.944732e+00
3.475000e-05	-1.653846e-02	-3.916634e+00
3.476000e-05	-1.682414e-02	-3.932167e+00
3.477000e-05	-1.733442e-02	-3.925837e+00
3.478000e-05	-1.884899e-02	-3.945339e+00
3.479000e-05	-1.826168e-02	-3.915314e+00
3.480000e-05	-1.866577e-02	-3.915367e+00
3.481000e-05	-1.721827e-02	-3.937788e+00
3.482000e-05	-1.818485e-02	-3.905816e+00
3.483000e-05	-1.856833e-02	-3.956291e+00
3.484000e-05	-1.749516e-02	-3.945371e+00
3.485000e-05	-1.965281e-02	-3.927318e+00
3.486000e-05	-1.824022e-02	-3.966361e+00
3.487000e-05	-2.248547e-02	-3.947293e+00
3.488000e-05	-2.092174e-02	-3.968417e+00
3.489000e-05	-2.079097e-02	-3.936208e+00
3.490000e-05	-1.993246e-02	-3.916891e+00
3.491000e-05	-2.113885e-02	-3.934691e+00
3.492000e-05	-1.866467e-02	-3.915762e+00
3.493000e-05	-1.936947e-02	-3.945835e+00
3.494000e-05	-1.901885e-02	-3.904338e+00
3.495000e-05	-2.322676e-02	-3.904811e+00
3.496000e-05	-2.287315e-02	-3.924738e+00
3.497000e-05	-2.044386e-02	-3.883714e+00
3.498000e-05	-2.196425e-02	-3.885159e+00
3.499000e-05	-2.123598e-02	-3.935705e+00
3.500000e-05	-2.253198e-02	-3.873155e+00
3.501000e-05	-1.870245e-02	-3.911179e+00
3.502000e-05	-2.162660e-02	-3.833625e+00
3.503000e-05	-2.195391e-02	-3.839550e+00
3.504000e-05	-2.260898e-02	-3.871051e+00
3.505000e-05	-2.006862e-02	-3.797498e+00
3.506000e-05	-2.089793e-02	-3.814287e+00
3.507000e-05	-2.174451e-02	-3.745844e+00
3.508000e-05	-2.254406e-02	-3.736188e+00
3.509000e-05	-1.934878e-02	-3.685259e+00
3.510000e-05	-2.046685e-02	-3.663703e+00
3.511000e-05	-2.119339e-02	-3.693759e+00
3.512000e-05	-2.094932e-02	-3.692632e+00
3.513000e-05	-1.947595e-02	-3.633104e+00
3.514000e-05	-1.911978e-02	-3.654053e+00
3.515000e-05	-2.121553e-02	-3.630501e+00
3.516000e-05	-1.985546e-02	-3.600075e+00
3.517000e-05	-1.849885e-02	-3.611453e+00
3.518000e-05	-1.935488e-02	-3.600500e+00
3.519000e-05	-1.911888e-02	-3.600000e+00
3.520000e-05	-1.970440e-02	-3.580000e+00
3.521000e-05	-1.810474e-02	-3.599971e+00
3.522000e-05	-1.804541e-02	-3.579395e+00
3.523000e-05	-1.795706e-02	-3.578395e+00
3.524000e-05	-1.737261e-02	-3.567415e+00
3.525000e-05	-1.763125e-02	-3.547267e+00
3.526000e-05	-1.572265e-02	-3.495186e+00
3.527000e-05	-1.724117e-02	-3.493083e+00
3.528000e-05	-1.680262e-02	-3.463704e+00
3.529000e-05	-1.665616e-02	-3.441154e+00
3.530000e-05	-1.661739e-02	-3.400528e+00
3.531000e-05	-1.525063e-02	-3.410051e+00
3.532000e-05	-1.508116e-02	-3.379021e+00
3.533000e-05	-1.467543e-02	-3.399372e+00
3.534000e-05	-1.511692e-02	-3.357344e+00
3.535000e-05	-1.424820e-02	-3.335287e+00
3.536000e-05	-1.434751e-02	-3.286186e+00
3.537000e-05	-1.426507e-02	-3.294651e+00
3.538000e-05	-1.420475e-02	-3.253083e+00
3.539000e-05	-1.325252e-02	-3.221553e+00
3.540000e-05	-1.350979e-02	-3.230050e+00
3.541000e-05	-1.276517e-02	-3.179974e+00
3.542000e-05	-1.357582e-02	-3.210023e+00
3.543000e-05	-1.178416e-02	-3.168320e+00
3.544000e-05	-1.259774e-02	-3.165840e+00
3.545000e-05	-1.140934e-02	-3.116288e+00
3.546000e-05	-1.275883e-02	-3.084132e+00
3.547000e-05	-1.094979e-02	-3.032579e+00
3.548000e-05	-1.215244e-02	-2.990946e+00
3.549000e-05	-1.304952e-02	-2.976790e+00
3.550000e-05	-1.122139e-02	-2.975684e+00
3.551000e-05	-1.062117e-02	-2.841132e+00
3.552000e-05	-1.025499e-02	-2.891579e+00
3.553000e-05	-1.019863e-02	-2.820028e+00
3.554000e-05	-1.081735e-02	-2.800474e+00
3.555000e-05	-9.887119e-03	-2.779996e+00
3.556000e-05	-1.060930e-02	-2.778392e+00
3.557000e-05	-1.001448e-02	-2.748818e+00
3.558000e-05	-1.071017e-02	-2.766293e+00
3.559000e-05	-9.908474e-03	-2.704261e+00
3.560000e-05	-9.083949e-03	-2.653157e+00
3.561000e-05	-9.406985e-03	-2.613050e+00
3.562000e-05	-9.949709e-03	-2.600926e+00
3.563000e-05	-9.312763e-03	-2.587944e+00
3.564000e-05	-9.282862e-03	-2.517264e+00
3.565000e-05	-8.565170e-03	-2.483210e+00
3.566000e-05	-8.838722e-03	-2.521682e+00
3.567000e-05	-9.991196e-03	-2.451150e+00
3.568000e-05	-8.933534e-03	-2.390450e+00
3.569000e-05	-8.677557e-03	-2.420451e+00
3.570000e-05	-8.699164e-03	-2.368946e+00
3.571000e-05	-8.933588e-03	-2.357791e+00
3.572000e-05	-7.515303e-03	-2.275862e+00
3.573000e-05	-7.669210e-03	-2.273153e+00
3.574000e-05	-8.373677e-03	-2.179574e+00
3.575000e-05	-7.340340e-03	-2.166867e+00
3.576000e-05	-8.122718e-03	-2.106785e+00
3.577000e-05	-7.560169e-03	-2.042106e+00
3.578000e-05	-8.767799e-03	-2.010554e+00
3.579000e-05	-8.307493e-03	-2.000000e+00
3.580000e-05	-7.721477e-03	-1.989947e+00
3.581000e-05	-7.415818e-03	-1.977872e+00
3.582000e-05	-7.362091e-03	-1.965265e+00
3.583000e-05	-7.940372e-03	-1.872637e+00
3.584000e-05	-6.305903e-03	-1.871552e+00
3.585000e-05	-5.440983e-03	-1.820025e+00
3.586000e-05	-7.200613e-03	-1.809473e+00
3.587000e-05	-7.362320e-03	-1.736345e+00
3.588000e-05	-7.745075e-03	-1.716239e+00
3.589000e-05	-6.555695e-03	-1.704209e+00
3.590000e-05	-7.912788e-03	-1.631580e+00
3.591000e-05	-6.728085e-03	-1.591053e+00
3.592000e-05	-5.047206e-03	-1.578922e+00
3.593000e-05	-5.685437e-03	-1.558792e+00
3.594000e-05	-6.241515e-03	-1.537287e+00
3.595000e-05	-7.540331e-03	-1.443110e+00
3.596000e-05	-4.204747e-03	-1.368345e+00
3.597000e-05	-5.128245e-03	-1.282768e+00
3.598000e-05	-6.168007e-03	-1.253201e+00
3.599000e-05	-7.396916e-03	-1.241526e+00
3.600000e-05	-5.199668e-03	-1.188916e+00
3.601000e-05	-5.003693e-03	-1.137320e+00
3.602000e-05	-6.019864e-03	-1.095239e+00
3.603000e-05	-5.903132e-03	-1.084183e+00
3.604000e-05	-3.669703e-03	-1.000975e+00
3.605000e-05	-3.561917e-03	-9.794738e-01
3.606000e-05	-5.115875e-03	-9.494183e-01
3.607000e-05	-6.312049e-03	-9.466869e-01
3.608000e-05	-5.061151e-03	-8.926841e-01
3.609000e-05	-4.686436e-03	-8.115565e-01
3.610000e-05	-3.662100e-03	-8.095025e-01
3.611000e-05	-5.325544e-03	-7.889713e-01
3.612000e-05	-3.473176e-03	-7.388897e-01
3.613000e-05	-3.841811e-03	-7.247390e-01
3.614000e-05	-3.558532e-03	-6.420365e-01
3.615000e-05	-4.586716e-03	-5.709186e-01
3.616000e-05	-3.733089e-03	-5.467406e-01
3.617000e-05	-3.326659e-03	-4.931353e-01
3.618000e-05	-3.789020e-03	-4.400028e-01
3.619000e-05	-4.483425e-03	-4.199739e-01
3.620000e-05	-4.482547e-03	-3.889674e-01
3.621000e-05	-3.042134e-03	-3.483410e-01
3.622000e-05	-2.817219e-03	-2.942596e-01
3.623000e-05	-3.573926e-03	-2.916378e-01
3.624000e-05	-2.860850e-03	-2.095503e-01
3.625000e-05	-1.781857e-03	-1.899975e-01
3.626000e-05	-3.670759e-03	-1.673697e-01
3.627000e-05	-2.841134e-03	-7.716441e-02
3.628000e-05	-3.043306e-03	-1.017077e-01
3.629000e-05	-1.927371e-03	-2.305520e-02
3.630000e-05	-9.457415e-04	-1.000013e-02
3.631000e-05	-2.095426e-03	9.551319e-03
3.632000e-05	-9.680755e-04	7.508039e-02
3.633000e-05	-1.667391e-03	1.038158e-01
3.634000e-05	3.036774e-04	2.079260e-01
3.635000e-05	3.060755e-03	2.412290e-01
3.636000e-05	8.692764e-03	2.738368e-01
3.637000e-05	4.006139e-03	3.669173e-01
3.638000e-05	-9.975972e-03	3.804749e-01
3.639000e-05	-1.868281e-02	3.899989e-01
3.640000e-05	-9.220360e-03	4.505551e-01
3.641000e-05	9.323868e-03	4.741079e-01
3.642000e-05	3.298208e-04	5.267645e-01
3.643000e-05	-7.726395e-03	5.579695e-01
3.644000e-05	6.740586e-03	5.895213e-01
3.645000e-05	5.836872e-03	6.321515e-01
3.646000e-05	1.840936e-02	6.846581e-01
3.647000e-05	-2.246193e-02	7.157405e-01
3.648000e-05	5.740573e-04	7.484422e-01
3.649000e-05	-1.407039e-02	7.694761e-01
3.650000e-05	2.130538e-02	8.100536e-01
3.651000e-05	-7.977807e-03	8.621357e-01
3.652000e-05	-1.075621e-02	8.662370e-01
3.653000e-05	-9.301039e-03	9.873931e-01
3.654000e-05	7.697639e-03	9.890701e-01
3.655000e-05	7.850581e-03	1.072112e+00
3.656000e-05	-1.145003e-02	1.136841e+00
3.657000e-05	-1.657064e-03	1.169421e+00
3.658000e-05	6.544507e-03	1.219025e+00
3.659000e-05	1.255670e-02	1.242157e+00
3.660000e-05	-2.105149e-02	1.344838e+00
3.661000e-05	1.197353e-03	1.307421e+00
3.662000e-05	6.234610e-04	1.398450e+00
3.663000e-05	1.066447e-02	1.393078e+00
3.664000e-05	-1.035630e-02	1.444710e+00
3.665000e-05	7.195898e-03	1.535859e+00
3.666000e-05	-3.230931e-03	1.590928e+00
3.667000e-05	6.434982e-03	1.633630e+00
3.668000e-05	-3.138943e-04	1.713186e+00
3.669000e-05	-5.567324e-03	1.727765e+00
3.670000e-05	-3.976925e-04	1.716447e+00
3.671000e-05	1.068639e-02	1.779395e+00
3.672000e-05	-2.019206e-03	1.780477e+00
3.673000e-05	-6.266781e-03	1.822552e+00
3.674000e-05	7.640821e-03	1.864679e+00
3.675000e-05	2.447674e-03	1.906839e+00
3.676000e-05	7.923943e-04	1.988922e+00
3.677000e-05	-3.447896e-03	1.999449e+00
3.678000e-05	6.818382e-03	1.990475e+00
3.679000e-05	6.522307e-04	2.030599e+00
3.680000e-05	2.982574e-03	2.062756e+00
3.681000e-05	-3.882927e-03	2.055658e+00
3.682000e-05	5.344431e-03	2.146872e+00
3.683000e-05	2.290447e-03	2.157901e+00
3.684000e-05	1.225702e-03	2.179972e+00
3.685000e-05	4.953329e-04	2.210530e+00
3.686000e-05	6.777776e-03	2.242604e+00
3.687000e-05	1.815332e-03	2.282262e+00
3.688000e-05	2.204542e-03	2.305815e+00
3.689000e-05	5.876421e-04	2.357891e+00
3.690000e-05	2.642588e-03	2.379001e+00
3.691000e-05	3.797236e-03	2.389974e+00
3.692000e-05	1.321752e-03	2.410578e+00
3.693000e-05	1.955113e-03	2.422628e+00
3.694000e-05	3.287495e-03	2.513709e+00
3.695000e-05	6.210773e-03	2.525289e+00
3.696000e-05	8.193048e-04	2.546990e+00
3.697000e-05	2.248473e-03	2.601078e+00
3.698000e-05	2.816521e-03	2.663759e+00
3.699000e-05	5.683563e-03	2.766865e+00
3.700000e-05	1.293828e-03	2.778393e+00
3.701000e-05	2.300528e-03	2.769971e+00
3.702000e-05	1.978349e-03	2.789999e+00
3.703000e-05	5.955766e-03	2.810001e+00
3.704000e-05	1.977402e-03	2.811505e+00
3.705000e-05	3.444887e-03	2.881605e+00
3.706000e-05	3.808170e-03	2.814237e+00
3.707000e-05	6.151408e-03	2.926239e+00
3.708000e-05	2.491347e-03	2.935266e+00
3.709000e-05	1.559499e-03	2.987920e+00
3.710000e-05	2.994381e-03	2.977971e+00
3.711000e-05	5.365712e-03	2.999525e+00
3.712000e-05	3.263386e-03	3.011005e+00
3.713000e-05	3.536249e-03	3.133077e+00
3.714000e-05	5.236391e-03	3.044710e+00
3.715000e-05	5.989604e-03	3.115759e+00
3.716000e-05	4.695033e-03	3.103866e+00
3.717000e-05	3.336189e-03	3.145815e+00
3.718000e-05	4.592074e-03	3.148446e+00
3.719000e-05	4.692175e-03	3.198849e+00
3.720000e-05	3.793963e-03	3.158475e+00
3.721000e-05	3.343670e-03	3.199996e+00
3.722000e-05	5.798800e-03	3.230953e+00
3.723000e-05	6.397112e-03	3.210526e+00
3.724000e-05	6.270356e-03	3.223206e+00
3.725000e-05	4.932537e-03	3.283179e+00
3.726000e-05	5.753144e-03	3.314809e+00
3.727000e-05	6.156833e-03	3.347862e+00
3.728000e-05	6.205415e-03	3.357991e+00
3.729000e-05	4.572042e-03	3.377870e+00
3.730000e-05	6.169559e-03	3.431180e+00
3.731000e-05	7.767537e-03	3.461612e+00
3.732000e-05	7.073889e-03	3.483134e+00
3.733000e-05	5.417995e-03	3.525287e+00
3.734000e-05	5.982670e-03	3.538291e+00
3.735000e-05	7.778275e-03	3.578446e+00
3.736000e-05	8.069693e-03	3.589446e+00
3.737000e-05	6.117645e-03	3.598496e+00
3.738000e-05	7.946573e-03	3.579999e+00
3.739000e-05	8.257952e-03	3.599500e+00
3.740000e-05	8.157117e-03	3.610001e+00
3.741000e-05	7.435999e-03	3.590525e+00
3.742000e-05	7.138637e-03	3.630026e+00
3.743000e-05	8.818509e-03	3.641526e+00
3.744000e-05	8.789442e-03	3.620551e+00
3.745000e-05	7.784786e-03	3.621628e+00
3.746000e-05	9.554654e-03	3.641729e+00
3.747000e-05	9.672668e-03	3.682136e+00
3.748000e-05	1.039759e-02	3.704728e+00
3.749000e-05	9.032766e-03	3.673155e+00
3.750000e-05	9.029650e-03	3.734783e+00
3.751000e-05	9.376940e-03	3.694734e+00
3.752000e-05	9.957460e-03	3.773308e+00
3.753000e-05	1.012134e-02	3.715296e+00
3.754000e-05	9.823683e-03	3.706813e+00
3.755000e-05	1.189661e-02	3.777891e+00
3.756000e-05	1.243632e-02	3.766388e+00
3.757000e-05	1.138669e-02	3.767367e+00
3.758000e-05	1.169971e-02	3.786416e+00
3.759000e-05	1.071919e-02	3.728342e+00
3.760000e-05	1.140866e-02	3.788448e+00
3.761000e-05	1.096205e-02	3.777921e+00
3.762000e-05	1.133601e-02	3.769370e+00
3.763000e-05	1.179098e-02	3.788947e+00
3.764000e-05	1.271441e-02	3.790517e+00
3.765000e-05	1.408297e-02	3.789472e+00
3.766000e-05	1.404996e-02	3.788499e+00
3.767000e-05	1.366744e-02	3.789524e+00
3.768000e-05	1.432051e-02	3.789471e+00
3.769000e-05	1.267324e-02	3.780000e+00
3.770000e-05	1.297162e-02	3.799896e+00
3.771000e-05	1.311977e-02	3.797921e+00
3.772000e-05	1.506775e-02	3.819975e+00
3.773000e-05	1.575275e-02	3.789422e+00
3.774000e-05	1.565112e-02	3.818347e+00
3.775000e-05	1.526804e-02	3.789824e+00
3.776000e-05	1.544012e-02	3.768947e+00
3.777000e-05	1.457695e-02	3.788920e+00
3.778000e-05	1.578950e-02	3.778022e+00
3.779000e-05	1.498518e-02	3.817945e+00
3.780000e-05	1.627865e-02	3.769418e+00
3.781000e-05	1.613834e-02	3.779420e+00
3.782000e-05	1.570396e-02	3.737946e+00
3.783000e-05	1.493199e-02	3.776863e+00
3.784000e-05	1.592477e-02	3.766813e+00
3.785000e-05	1.566562e-02	3.746867e+00
3.786000e-05	1.662176e-02	3.717332e+00
3.787000e-05	1.619115e-02	3.746335e+00
3.788000e-05	1.652351e-02	3.694786e+00
3.789000e-05	1.592248e-02	3.706312e+00
3.790000e-05	1.559896e-02	3.705233e+00
3.791000e-05	1.507386e-02	3.682678e+00
3.792000e-05	1.434316e-02	3.705633e+00
3.793000e-05	1.504674e-02	3.652105e+00
3.794000e-05	1.487285e-02	3.661605e+00
3.795000e-05	1.484761e-02	3.672103e+00
3.796000e-05	1.495369e-02	3.600552e+00
3.797000e-05	1.508265e-02	3.630574e+00
3.798000e-05	1.483454e-02	3.610024e+00
3.799000e-05	1.461417e-02	3.600474e+00
3.800000e-05	1.374339e-02	3.589500e+00
3.801000e-05	1.217946e-02	3.598474e+00
3.802000e-05	1.400660e-02	3.589974e+00
3.803000e-05	1.324727e-02	3.590472e+00
3.804000e-05	1.301147e-02	3.578472e+00
3.805000e-05	1.315767e-02	3.556945e+00
3.806000e-05	1.316513e-02	3.566292e+00
3.807000e-05	1.363966e-02	3.516364e+00
3.808000e-05	1.174867e-02	3.537263e+00
3.809000e-05	1.095335e-02	3.483209e+00
3.810000e-05	1.235688e-02	3.442053e+00
3.811000e-05	1.186159e-02	3.393071e+00
3.812000e-05	1.061277e-02	3.379916e+00
3.813000e-05	9.531557e-03	3.376366e+00
3.814000e-05	1.268909e-02	3.385814e+00
3.815000e-05	1.016890e-02	3.324134e+00
3.816000e-05	1.118936e-02	3.262604e+00
3.817000e-05	9.045173e-03	3.251555e+00
3.818000e-05	1.158242e-02	3.261579e+00
3.819000e-05	9.702082e-03	3.220525e+00
3.820000e-05	9.020375e-03	3.189972e+00
3.821000e-05	7.917308e-03	3.189424e+00
3.822000e-05	9.584219e-03	3.199897e+00
3.823000e-05	8.690614e-03	3.168922e+00
3.824000e-05	8.123057e-03	3.136291e+00
3.825000e-05	8.257964e-03	3.134211e+00
3.826000e-05	9.718116e-03	3.134660e+00
3.827000e-05	7.471893e-03	3.060605e+00
3.828000e-05	5.601123e-03	3.060551e+00
3.829000e-05	6.483727e-03	2.989502e+00
3.830000e-05	7.620705e-03	2.960973e+00
3.831000e-05	6.472970e-03	2.968872e+00
3.832000e-05	4.579057e-03	2.956869e+00
3.833000e-05	4.699513e-03	2.895764e+00
3.834000e-05	5.869936e-03	2.904709e+00
3.835000e-05	6.517649e-03	2.874604e+00
3.836000e-05	4.291715e-03	2.870576e+00
3.837000e-05	5.617145e-03	2.800101e+00
3.838000e-05	6.066476e-03	2.810000e+00
3.839000e-05	4.943571e-03	2.809947e+00
3.840000e-05	4.244863e-03	2.788916e+00
3.841000e-05	3.490541e-03	2.737867e+00
3.842000e-05	4.591790e-03	2.725688e+00
3.843000e-05	3.401033e-03	2.615184e+00
3.844000e-05	4.815461e-03	2.630075e+00
3.845000e-05	3.913678e-03	2.567866e+00
3.846000e-05	4.000225e-03	2.493762e+00
3.847000e-05	3.309568e-03	2.512612e+00
3.848000e-05	4.402009e-03	2.450629e+00
3.849000e-05	3.357421e-03	2.420025e+00
3.850000e-05	2.814174e-03	2.399971e+00
3.851000e-05	2.660368e-03	2.378446e+00
3.852000e-05	3.172447e-03	2.347817e+00
3.853000e-05	1.872670e-03	2.293736e+00
3.854000e-05	1.836235e-03	2.262580e+00
3.855000e-05	2.558832e-03	2.231080e+00
3.856000e-05	3.381602e-03	2.210076e+00
3.857000e-05	3.560935e-03	2.199417e+00
3.858000e-05	1.793016e-03	2.134817e+00
3.859000e-05	2.950854e-03	2.095262e+00
3.860000e-05	2.197812e-03	2.093584e+00
3.861000e-05	1.896378e-03	2.051077e+00
3.862000e-05	9.966438e-04	2.039478e+00
3.863000e-05	1.772301e-03	1.979999e+00
3.864000e-05	1.558051e-03	1.978874e+00
3.865000e-05	1.417096e-03	1.947343e+00
3.866000e-05	2.408464e-03	1.905287e+00
3.867000e-05	3.049275e-03	1.885208e+00
3.868000e-05	1.152172e-03	1.820971e+00
3.869000e-05	1.452199e-03	1.748466e+00
3.870000e-05	7.468788e-04	1.707267e+00
3.871000e-05	1.629919e-03	1.727783e+00
3.872000e-05	2.642614e-04	1.704213e+00
3.873000e-05	4.974263e-04	1.664104e+00
3.874000e-05	3.806366e-04	1.609929e+00
3.875000e-05	1.612688e-03	1.599366e+00
3.876000e-05	1.881209e-03	1.505185e+00
3.877000e-05	1.449246e-03	1.442582e+00
3.878000e-05	8.454629e-04	1.409974e+00
3.879000e-05	7.749416e-04	1.407897e+00
3.880000e-05	-1.572631e-04	1.328365e+00
3.881000e-05	-3.005185e-04	1.293733e+00
3.882000e-05	3.529262e-04	1.261629e+00
3.883000e-05	-8.745089e-04	1.210503e+00
3.884000e-05	4.761494e-04	1.199499e+00
3.885000e-05	-7.790065e-04	1.126390e+00
3.886000e-05	8.458392e-04	1.153658e+00
3.887000e-05	2.708610e-05	1.030508e+00
3.888000e-05	4.681467e-04	9.274422e-01
3.889000e-05	-9.570768e-04	9.157093e-01
3.890000e-05	-5.493777e-04	8.820852e-01
3.891000e-05	-1.192474e-03	8.110264e-01
3.892000e-05	-1.648447e-03	7.994724e-01
3.893000e-05	-1.654237e-03	7.579184e-01
3.894000e-05	-1.639639e-03	7.463381e-01
3.895000e-05	-1.667806e-03	6.926594e-01
3.896000e-05	-1.515550e-03	6.216039e-01
3.897000e-05	-1.542842e-03	5.994988e-01
3.898000e-05	-1.420484e-03	5.583698e-01
3.899000e-05	-2.566240e-03	5.079159e-01
3.900000e-05	-2.630980e-03	4.952592e-01
3.901000e-05	-1.999616e-03	4.411540e-01
3.902000e-05	-2.745899e-03	4.105252e-01
3.903000e-05	-3.209081e-03	4.099975e-01
3.904000e-05	-3.275852e-03	3.588435e-01
3.905000e-05	-2.310105e-03	2.962394e-01
3.906000e-05	-2.267747e-03	2.451353e-01
3.907000e-05	-3.175728e-03	2.220011e-01
3.908000e-05	-2.822303e-03	1.472670e-01
3.909000e-05	-2.682730e-03	1.041115e-01
3.910000e-05	-3.615075e-03	7.055250e-02
3.911000e-05	-3.557376e-03	9.973869e-03
3.912000e-05	-4.339336e-03	-2.005276e-02
3.913000e-05	-1.986351e-03	-2.365790e-02
3.914000e-05	-2.572875e-03	-9.528940e-02
3.915000e-05	-2.503861e-03	-1.269447e-01
3.916000e-05	-2.309335e-03	-1.389484e-01
3.917000e-05	-1.761967e-03	-2.015501e-01
3.918000e-05	-5.851918e-04	-2.431542e-01
3.919000e-05	1.061564e-03	-2.756380e-01
3.920000e-05	8.133339e-03	-3.247670e-01
3.921000e-05	6.895970e-03	-3.489199e-01
3.922000e-05	-1.399858e-02	-3.804977e-01
3.923000e-05	-1.810774e-02	-4.110501e-01
3.924000e-05	-8.769450e-03	-4.525329e-01
3.925000e-05	9.482083e-03	-4.712142e-01
3.926000e-05	1.022753e-02	-5.673462e-01
3.927000e-05	-7.169945e-03	-5.800276e-01
3.928000e-05	1.172383e-02	-6.651817e-01
3.929000e-05	6.427522e-03	-7.448432e-01
3.930000e-05	1.676984e-02	-7.898937e-01
3.931000e-05	-2.302699e-02	-8.015226e-01
3.932000e-05	-6.130638e-03	-8.310801e-01
3.933000e-05	-1.454758e-02	-8.516841e-01
3.934000e-05	1.226961e-02	-8.952657e-01
3.935000e-05	-1.135685e-02	-9.473449e-01
3.936000e-05	-2.529771e-02	-9.589512e-01
3.937000e-05	-2.908102e-03	-1.001504e+00
3.938000e-05	-2.679048e-03	-1.034157e+00
3.939000e-05	1.071612e-02	-1.085266e+00
3.940000e-05	-1.222423e-02	-1.147796e+00
3.941000e-05	5.211355e-03	-1.188545e+00
3.942000e-05	1.623518e-04	-1.242553e+00
3.943000e-05	1.518416e-02	-1.295634e+00
3.944000e-05	-2.827449e-02	-1.294894e+00
3.945000e-05	-7.524409e-03	-1.377001e+00
3.946000e-05	2.601403e-03	-1.463181e+00
3.947000e-05	7.998653e-03	-1.508391e+00
3.948000e-05	-2.157298e-02	-1.546871e+00
3.949000e-05	1.597506e-03	-1.599426e+00
3.950000e-05	4.369748e-03	-1.601551e+00
3.951000e-05	-7.170310e-03	-1.651104e+00
3.952000e-05	-7.793101e-03	-1.673212e+00
3.953000e-05	-9.588992e-03	-1.735891e+00
3.954000e-05	-2.616525e-03	-1.738970e+00
3.955000e-05	9.017348e-04	-1.799528e+00
3.956000e-05	-5.713235e-03	-1.829603e+00
3.957000e-05	-1.657567e-02	-1.863187e+00
3.958000e-05	6.627790e-03	-1.904840e+00
3.959000e-05	-5.009142e-03	-1.966820e+00
3.960000e-05	-9.585237e-03	-1.966872e+00
3.961000e-05	-1.118426e-02	-1.989923e+00
3.962000e-05	1.477429e-03	-2.000525e+00
3.963000e-05	-6.883698e-03	-2.031578e+00
3.964000e-05	-7.972515e-03	-2.054104e+00
3.965000e-05	-1.310257e-02	-2.093311e+00
3.966000e-05	1.426535e-04	-2.171896e+00
3.967000e-05	-5.322360e-03	-2.209603e+00
3.968000e-05	-8.840858e-03	-2.264737e+00
3.969000e-05	-8.869124e-03	-2.337317e+00
3.970000e-05	-1.800281e-03	-2.367923e+00
3.971000e-05	-6.913659e-03	-2.380025e+00
3.972000e-05	-1.026060e-02	-2.419500e+00
3.973000e-05	-9.193606e-03	-2.422005e+00
3.974000e-05	-5.903410e-03	-2.464133e+00
3.975000e-05	-4.670369e-03	-2.523290e+00
3.976000e-05	-1.085725e-02	-2.504917e+00
3.977000e-05	-6.706584e-03	-2.578920e+00
3.978000e-05	-7.188506e-03	-2.598473e+00
3.979000e-05	-3.090646e-03	-2.609977e+00
3.980000e-05	-1.233629e-02	-2.642582e+00
3.981000e-05	-7.941580e-03	-2.713708e+00
3.982000e-05	-9.152444e-03	-2.715286e+00
3.983000e-05	-3.645031e-03	-2.736316e+00
3.984000e-05	-1.029336e-02	-2.787497e+00
3.985000e-05	-8.029946e-03	-2.779474e+00
3.986000e-05	-8.821140e-03	-2.790000e+00
3.987000e-05	-5.688819e-03	-2.820578e+00
3.988000e-05	-1.140073e-02	-2.862578e+00
3.989000e-05	-1.031016e-02	-2.864706e+00
3.990000e-05	-7.240842e-03	-2.915743e+00
3.991000e-05	-5.655082e-03	-2.975823e+00
3.992000e-05	-7.901931e-03	-3.029494e+00
3.993000e-05	-9.795581e-03	-3.032623e+00
3.994000e-05	-8.234699e-03	-3.094208e+00
3.995000e-05	-7.856700e-03	-3.125745e+00
3.996000e-05	-1.232525e-02	-3.157415e+00
3.997000e-05	-1.103959e-02	-3.177896e+00
3.998000e-05	-8.955875e-03	-3.209950e+00
3.999000e-05	-5.949124e-03	-3.220503e+00
4.000000e-05	-8.691511e-03	-3.210025e+00
4.001000e-05	-8.090936e-03	-3.262028e+00
4.002000e-05	-8.570377e-03	-3.241609e+00
4.003000e-05	-9.119162e-03	-3.273159e+00
4.004000e-05	-1.254152e-02	-3.264262e+00
4.005000e-05	-1.443844e-02	-3.375836e+00
4.006000e-05	-1.079187e-02	-3.357317e+00
4.007000e-05	-1.016555e-02	-3.387892e+00
4.008000e-05	-8.150019e-03	-3.389974e+00
4.009000e-05	-9.853331e-03	-3.418946e+00
4.010000e-05	-6.909688e-03	-3.430526e+00
4.011000e-05	-1.082052e-02	-3.421057e+00
4.012000e-05	-1.195818e-02	-3.413653e+00
4.013000e-05	-1.444451e-02	-3.473633e+00
4.014000e-05	-1.235367e-02	-3.505241e+00
4.015000e-05	-1.169210e-02	-3.497362e+00
4.016000e-05	-1.119396e-02	-3.516443e+00
4.017000e-05	-9.616204e-03	-3.588870e+00
4.018000e-05	-1.065072e-02	-3.568424e+00
4.019000e-05	-9.770824e-03	-3.569447e+00
4.020000e-05	-1.343113e-02	-3.588999e+00
4.021000e-05	-1.191170e-02	-3.599525e+00
4.022000e-05	-1.458872e-02	-3.609950e+00
4.023000e-05	-1.258671e-02	-3.599500e+00
4.024000e-05	-1.453429e-02	-3.610579e+00
4.025000e-05	-1.170641e-02	-3.611502e+00
4.026000e-05	-1.258855e-02	-3.672652e+00
4.027000e-05	-1.204244e-02	-3.643059e+00
4.028000e-05	-1.278211e-02	-3.663129e+00
4.029000e-05	-1.348460e-02	-3.684613e+00
4.030000e-05	-1.396344e-02	-3.683687e+00
4.031000e-05	-1.534659e-02	-3.723308e+00
4.032000e-05	-1.445110e-02	-3.776736e+00
4.033000e-05	-1.596144e-02	-3.726333e+00
4.034000e-05	-1.473207e-02	-3.748371e+00
4.035000e-05	-1.564122e-02	-3.766495e+00
4.036000e-05	-1.427795e-02	-3.811395e+00
4.037000e-05	-1.573370e-02	-3.810404e+00
4.038000e-05	-1.565762e-02	-3.881098e+00
4.039000e-05	-1.605329e-02	-3.851677e+00
4.040000e-05	-1.530521e-02	-3.873109e+00
4.041000e-05	-1.695485e-02	-3.854112e+00
4.042000e-05	-1.613979e-02	-3.920659e+00
4.043000e-05	-1.816062e-02	-3.884157e+00
4.044000e-05	-1.672138e-02	-3.903742e+00
4.045000e-05	-1.724254e-02	-3.905263e+00
4.046000e-05	-1.796372e-02	-3.973816e+00
4.047000e-05	-1.765364e-02	-3.936262e+00
4.048000e-05	-1.705390e-02	-3.895837e+00
4.049000e-05	-1.806367e-02	-3.944312e+00
4.050000e-05	-1.858399e-02	-3.936239e+00
4.051000e-05	-1.924167e-02	-3.958818e+00
4.052000e-05	-1.867180e-02	-3.965838e+00
4.053000e-05	-1.950768e-02	-3.936792e+00
4.054000e-05	-2.000667e-02	-3.916842e+00
4.055000e-05	-2.008484e-02	-3.936865e+00
4.056000e-05	-2.045834e-02	-3.938395e+00
4.057000e-05	-1.880253e-02	-3.955867e+00
4.058000e-05	-2.045926e-02	-3.977712e+00
4.059000e-05	-2.068936e-02	-3.937316e+00
4.060000e-05	-2.041107e-02	-3.947816e+00
4.061000e-05	-1.964436e-02	-3.907718e+00
4.062000e-05	-2.110225e-02	-3.925807e+00
4.063000e-05	-2.129568e-02	-3.927189e+00
4.064000e-05	-2.155422e-02	-3.905362e+00
4.065000e-05	-2.153198e-02	-3.925135e+00
4.066000e-05	-2.246035e-02	-3.913233e+00
4.067000e-05	-2.043963e-02	-3.932663e+00
4.068000e-05	-2.135216e-02	-3.833731e+00
4.069000e-05	-1.987924e-02	-3.854129e+00
4.070000e-05	-2.067763e-02	-3.912606e+00
4.071000e-05	-2.128297e-02	-3.863529e+00
4.072000e-05	-2.110358e-02	-3.830349e+00
4.073000e-05	-2.189168e-02	-3.791575e+00
4.074000e-05	-2.203356e-02	-3.789426e+00
4.075000e-05	-2.138849e-02	-3.768398e+00
4.076000e-05	-2.099733e-02	-3.737870e+00
4.077000e-05	-2.023228e-02	-3.777418e+00
4.078000e-05	-1.970356e-02	-3.746312e+00
4.079000e-05	-1.959018e-02	-3.715785e+00
4.080000e-05	-1.923262e-02	-3.663182e+00
4.081000e-05	-2.011786e-02	-3.714155e+00
4.082000e-05	-2.027469e-02	-3.683158e+00
4.083000e-05	-2.054381e-02	-3.630550e+00
4.084000e-05	-2.049704e-02	-3.660579e+00
4.085000e-05	-1.932397e-02	-3.660551e+00
4.086000e-05	-1.854262e-02	-3.620503e+00
4.087000e-05	-1.862243e-02	-3.600027e+00
4.088000e-05	-1.714581e-02	-3.600025e+00
4.089000e-05	-1.752666e-02	-3.599025e+00
4.090000e-05	-1.783086e-02	-3.599496e+00
4.091000e-05	-1.796905e-02	-3.589444e+00
4.092000e-05	-1.860384e-02	-3.588896e+00
4.093000e-05	-1.847201e-02	-3.595845e+00
4.094000e-05	-1.813675e-02	-3.546920e+00
4.095000e-05	-1.712204e-02	-3.527188e+00
4.096000e-05	-1.754513e-02	-3.542638e+00
4.097000e-05	-1.636223e-02	-3.523635e+00
4.098000e-05	-1.560684e-02	-3.443106e+00
4.099000e-05	-1.553866e-02	-3.432004e+00
4.100000e-05	-1.568462e-02	-3.400028e+00
4.101000e-05	-1.681773e-02	-3.409524e+00
4.102000e-05	-1.512234e-02	-3.387849e+00
4.103000e-05	-1.571924e-02	-3.347472e+00
4.104000e-05	-1.511917e-02	-3.357866e+00
4.105000e-05	-1.598781e-02	-3.325811e+00
4.106000e-05	-1.397177e-02	-3.293659e+00
4.107000e-05	-1.510831e-02	-3.314079e+00
4.108000e-05	-1.330950e-02	-3.282107e+00
4.109000e-05	-1.448322e-02	-3.230478e+00
4.110000e-05	-1.247837e-02	-3.200051e+00
4.111000e-05	-1.339266e-02	-3.200000e+00
4.112000e-05	-1.313113e-02	-3.189949e+00
4.113000e-05	-1.279292e-02	-3.188470e+00
4.114000e-05	-1.259150e-02	-3.168314e+00
4.115000e-05	-1.392319e-02	-3.104761e+00
4.116000e-05	-1.210408e-02	-3.084083e+00
4.117000e-05	-1.224431e-02	-3.080022e+00
4.118000e-05	-1.007542e-02	-2.970867e+00
4.119000e-05	-1.165846e-02	-2.978267e+00
4.120000e-05	-1.147714e-02	-2.924638e+00
4.121000e-05	-1.131356e-02	-2.872155e+00
4.122000e-05	-1.113282e-02	-2.831029e+00
4.123000e-05	-1.072230e-02	-2.820575e+00
4.124000e-05	-1.210359e-02	-2.799972e+00
4.125000e-05	-1.126015e-02	-2.779974e+00
4.126000e-05	-1.029366e-02	-2.767867e+00
4.127000e-05	-9.196819e-03	-2.727792e+00
4.128000e-05	-1.016081e-02	-2.724314e+00
4.129000e-05	-1.057852e-02	-2.681608e+00
4.130000e-05	-8.020605e-03	-2.652658e+00
4.131000e-05	-8.644852e-03	-2.629425e+00
4.132000e-05	-1.026278e-02	-2.601498e+00
4.133000e-05	-1.030674e-02	-2.537891e+00
4.134000e-05	-8.679310e-03	-2.547761e+00
4.135000e-05	-9.235416e-03	-2.532586e+00
4.136000e-05	-9.272569e-03	-2.491105e+00
4.137000e-05	-8.957970e-03	-2.421053e+00
4.138000e-05	-6.271570e-03	-2.410999e+00
4.139000e-05	-7.092377e-03	-2.389473e+00
4.140000e-05	-8.368677e-03	-2.357873e+00
4.141000e-05	-8.401444e-03	-2.345342e+00
4.142000e-05	-8.982166e-03	-2.314758e+00
4.143000e-05	-8.603300e-03	-2.253126e+00
4.144000e-05	-8.633565e-03	-2.170970e+00
4.145000e-05	-6.869487e-03	-2.115741e+00
4.146000e-05	-6.740752e-03	-2.072660e+00
4.147000e-05	-6.747437e-03	-2.052080e+00
4.148000e-05	-7.691007e-03	-2.021003e+00
4.149000e-05	-7.138414e-03	-1.999998e+00
4.150000e-05	-6.826129e-03	-1.968894e+00
4.151000e-05	-8.034875e-03	-1.948343e+00
4.152000e-05	-7.499885e-03	-1.886234e+00
4.153000e-05	-5.928135e-03	-1.872607e+00
4.154000e-05	-7.326936e-03	-1.851529e+00
4.155000e-05	-7.120126e-03	-1.799974e+00
4.156000e-05	-6.495791e-03	-1.797796e+00
4.157000e-05	-6.397312e-03	-1.738316e+00
4.158000e-05	-6.927777e-03	-1.684182e+00
4.159000e-05	-7.142022e-03	-1.662533e+00
4.160000e-05	-5.442486e-03	-1.649600e+00
4.161000e-05	-5.891518e-03	-1.589971e+00
4.162000e-05	-6.975329e-03	-1.569446e+00
4.163000e-05	-6.329385e-03	-1.567842e+00
4.164000e-05	-5.150283e-03	-1.491609e+00
4.165000e-05	-6.474745e-03	-1.380523e+00
4.166000e-05	-6.724698e-03	-1.336243e+00
4.167000e-05	-6.664969e-03	-1.311609e+00
4.168000e-05	-4.621905e-03	-1.242081e+00
4.169000e-05	-4.631181e-03	-1.230500e+00
4.170000e-05	-5.765346e-03	-1.178945e+00
4.171000e-05	-5.037918e-03	-1.136764e+00
4.172000e-05	-5.599191e-03	-1.112236e+00
4.173000e-05	-5.556455e-03	-1.052081e+00
4.174000e-05	-6.414642e-03	-9.994774e-01
4.175000e-05	-5.302903e-03	-1.017871e+00
4.176000e-05	-5.013162e-03	-9.683385e-01
4.177000e-05	-4.791804e-03	-8.841380e-01
4.178000e-05	-4.748539e-03	-8.641279e-01
4.179000e-05	-4.957464e-03	-8.405563e-01
4.180000e-05	-4.128161e-03	-7.999751e-01
4.181000e-05	-4.735481e-03	-7.894471e-01
4.182000e-05	-4.655767e-03	-7.393182e-01
4.183000e-05	-4.940851e-03	-7.011630e-01
4.184000e-05	-4.401898e-03	-6.218974e-01
4.185000e-05	-4.133774e-03	-5.678499e-01
4.186000e-05	-4.705476e-03	-5.251605e-01
4.187000e-05	-5.030009e-03	-4.506028e-01
4.188000e-05	-4.208810e-03	-4.010253e-01
4.189000e-05	-2.077214e-03	-4.094512e-01
4.190000e-05	-3.266660e-03	-3.698937e-01
4.191000e-05	-5.146514e-03	-3.673383e-01
4.192000e-05	-3.339292e-03	-2.741630e-01
4.193000e-05	-2.331934e-03	-2.520565e-01
4.194000e-05	-3.539673e-03	-1.794988e-01
4.195000e-05	-4.671282e-03	-1.688987e-01
4.196000e-05	-4.480115e-03	-1.463446e-01
4.197000e-05	-1.923282e-03	-1.146843e-01
4.198000e-05	-1.952199e-03	-8.163402e-02
4.199000e-05	-2.465988e-03	-1.052750e-02
4.200000e-05	-1.446943e-03	5.238092e-04
4.201000e-05	1.247929e-03	3.060270e-02
4.202000e-05	-5.157215e-04	5.420946e-02
4.203000e-05	-1.724817e-03	1.368955e-01
4.204000e-05	3.869403e-04	1.700986e-01
4.205000e-05	7.188598e-03	2.936553e-01
4.206000e-05	8.767662e-03	3.078157e-01
4.207000e-05	-1.551126e-03	3.694685e-01
4.208000e-05	-2.371077e-02	3.999511e-01
4.209000e-05	-6.357936e-03	4.200013e-01
4.210000e-05	-2.733218e-03	4.311076e-01
4.211000e-05	2.035924e-02	4.646857e-01
4.212000e-05	-1.397439e-02	5.083909e-01
4.213000e-05	8.734176e-04	5.789473e-01
4.214000e-05	5.691679e-03	5.805990e-01
4.215000e-05	9.852314e-03	6.531279e-01
4.216000e-05	5.912932e-03	6.922130e-01
4.217000e-05	-2.189106e-02	7.358172e-01
4.218000e-05	1.759396e-03	7.494409e-01
4.219000e-05	-4.833481e-03	7.999988e-01
4.220000e-05	2.114003e-02	8.505813e-01
4.221000e-05	-1.378721e-02	9.022080e-01
4.222000e-05	2.333907e-03	8.963133e-01
4.223000e-05	-9.683387e-03	9.995446e-01
4.224000e-05	1.762929e-02	1.030579e+00
4.225000e-05	-1.341122e-02	1.115711e+00
4.226000e-05	-3.254327e-03	1.139395e+00
4.227000e-05	-3.513776e-03	1.188500e+00
4.228000e-05	1.850631e-02	1.210505e+00
4.229000e-05	-2.947363e-03	1.273661e+00
4.230000e-05	-1.288938e-02	1.307787e+00
4.231000e-05	5.231380e-03	1.357393e+00
4.232000e-05	4.270729e-03	1.379949e+00
4.233000e-05	7.504706e-04	1.443108e+00
4.234000e-05	-5.764056e-03	1.487163e+00
4.235000e-05	7.307045e-03	1.534996e+00
4.236000e-05	-6.181792e-03	1.561096e+00
4.237000e-05	7.052870e-03	1.632233e+00
4.238000e-05	-7.530922e-03	1.655759e+00
4.239000e-05	-5.872722e-04	1.736787e+00
4.240000e-05	1.408961e-03	1.756395e+00
4.241000e-05	1.092060e-02	1.750474e+00
4.242000e-05	-1.029541e-02	1.830528e+00
4.243000e-05	3.203945e-03	1.862628e+00
4.244000e-05	3.257537e-03	1.886238e+00
4.245000e-05	1.049498e-03	1.957945e+00
4.246000e-05	-5.117469e-03	1.966997e+00
4.247000e-05	2.714064e-03	1.990472e+00
4.248000e-05	3.668941e-03	2.010001e+00
4.249000e-05	2.536207e-03	2.032080e+00
4.250000e-05	-1.905552e-03	2.054234e+00
4.251000e-05	2.382256e-04	2.105763e+00
4.252000e-05	5.597788e-03	2.137890e+00
4.253000e-05	1.885035e-03	2.179446e+00
4.254000e-05	-1.310203e-04	2.209950e+00
4.255000e-05	-2.454302e-05	2.241098e+00
4.256000e-05	5.906305e-03	2.271634e+00
4.257000e-05	-1.118442e-03	2.316286e+00
4.258000e-05	1.907738e-03	2.337819e+00
4.259000e-05	-9.373702e-04	2.348970e+00
4.260000e-05	6.952756e-03	2.409971e+00
4.261000e-05	2.516589e-03	2.440475e+00
4.262000e-05	2.777571e-03	2.431153e+00
4.263000e-05	-2.008277e-04	2.433685e+00
4.264000e-05	6.206716e-03	2.506686e+00
4.265000e-05	3.099335e-03	2.556838e+00
4.266000e-05	1.120835e-03	2.620502e+00
4.267000e-05	2.513181e-04	2.693132e+00
4.268000e-05	5.372938e-03	2.716206e+00
4.269000e-05	4.515510e-03	2.735843e+00
4.270000e-05	1.507394e-03	2.759869e+00
4.271000e-05	2.642159e-03	2.798970e+00
4.272000e-05	5.472973e-03	2.799500e+00
4.273000e-05	5.913408e-03	2.810553e+00
4.274000e-05	1.172309e-03	2.842603e+00
4.275000e-05	3.076756e-03	2.874632e+00
4.276000e-05	3.929334e-03	2.926285e+00
4.277000e-05	5.563343e-03	2.917312e+00
4.278000e-05	1.178709e-03	2.947417e+00
4.279000e-05	4.170391e-03	2.989346e+00
4.280000e-05	4.820049e-03	2.999997e+00
4.281000e-05	8.023933e-03	3.040499e+00
4.282000e-05	2.698200e-03	3.032551e+00
4.283000e-05	3.799722e-03	3.062133e+00
4.284000e-05	4.216302e-03	3.105758e+00
4.285000e-05	6.181107e-03	3.053262e+00
4.286000e-05	2.844399e-03	3.146840e+00
4.287000e-05	2.491378e-03	3.167767e+00
4.288000e-05	4.814119e-03	3.198945e+00
4.289000e-05	7.037208e-03	3.199846e+00
4.290000e-05	4.785006e-03	3.207999e+00
4.291000e-05	4.740238e-03	3.220526e+00
4.292000e-05	4.970165e-03	3.212579e+00
4.293000e-05	6.643154e-03	3.241530e+00
4.294000e-05	3.964972e-03	3.284204e+00
4.295000e-05	4.281752e-03	3.284334e+00
4.296000e-05	5.305214e-03	3.307289e+00
4.297000e-05	6.656183e-03	3.356820e+00
4.298000e-05	6.878283e-03	3.349471e+00
4.299000e-05	5.485294e-03	3.408524e+00
4.300000e-05	6.891561e-03	3.442104e+00
4.301000e-05	7.194887e-03	3.455557e+00
4.302000e-05	6.707420e-03	3.524859e+00
4.303000e-05	4.656939e-03	3.486735e+00
4.304000e-05	6.168568e-03	3.537346e+00
4.305000e-05	7.279120e-03	3.567419e+00
4.306000e-05	7.270011e-03	3.588920e+00
4.307000e-05	6.135257e-03	3.589473e+00
4.308000e-05	7.398476e-03	3.599471e+00
4.309000e-05	7.741078e-03	3.599975e+00
4.310000e-05	7.333427e-03	3.590024e+00
4.311000e-05	6.877634e-03	3.611504e+00
4.312000e-05	7.696836e-03	3.611127e+00
4.313000e-05	8.616163e-03	3.600029e+00
4.314000e-05	8.453433e-03	3.651075e+00
4.315000e-05	8.432526e-03	3.652078e+00
4.316000e-05	7.736215e-03	3.624055e+00
4.317000e-05	9.478409e-03	3.673630e+00
4.318000e-05	8.871963e-03	3.694282e+00
4.319000e-05	8.851180e-03	3.694731e+00
4.320000e-05	9.421293e-03	3.684207e+00
4.321000e-05	1.127947e-02	3.703260e+00
4.322000e-05	1.057781e-02	3.716237e+00
4.323000e-05	1.134777e-02	3.706788e+00
4.324000e-05	9.446111e-03	3.726359e+00
4.325000e-05	1.199967e-02	3.757814e+00
4.326000e-05	8.623225e-03	3.736366e+00
4.327000e-05	1.091524e-02	3.756862e+00
4.328000e-05	9.795747e-03	3.787871e+00
4.329000e-05	1.303838e-02	3.786392e+00
4.330000e-05	1.382352e-02	3.777947e+00
4.331000e-05	1.395672e-02	3.748971e+00
4.332000e-05	1.282587e-02	3.788447e+00
4.333000e-05	1.216524e-02	3.809498e+00
4.334000e-05	1.440397e-02	3.807950e+00
4.335000e-05	1.141242e-02	3.789922e+00
4.336000e-05	1.267178e-02	3.768946e+00
4.337000e-05	1.143572e-02	3.800497e+00
4.338000e-05	1.645455e-02	3.818471e+00
4.339000e-05	1.438026e-02	3.829471e+00
4.340000e-05	1.655139e-02	3.799526e+00
4.341000e-05	1.448968e-02	3.798497e+00
4.342000e-05	1.637231e-02	3.788921e+00
4.343000e-05	1.404889e-02	3.789947e+00
4.344000e-05	1.509535e-02	3.759424e+00
4.345000e-05	1.528864e-02	3.789422e+00
4.346000e-05	1.703731e-02	3.799919e+00
4.347000e-05	1.565683e-02	3.759398e+00
4.348000e-05	1.599335e-02	3.768971e+00
4.349000e-05	1.623630e-02	3.759417e+00
4.350000e-05	1.653080e-02	3.777893e+00
4.351000e-05	1.612145e-02	3.758394e+00
4.352000e-05	1.634018e-02	3.759865e+00
4.353000e-05	1.703300e-02	3.777941e+00
4.354000e-05	1.608802e-02	3.757842e+00
4.355000e-05	1.635138e-02	3.747736e+00
4.356000e-05	1.579265e-02	3.735813e+00
4.357000e-05	1.522358e-02	3.726813e+00
4.358000e-05	1.536926e-02	3.716714e+00
4.359000e-05	1.539988e-02	3.685258e+00
4.360000e-05	1.567810e-02	3.653784e+00
4.361000e-05	1.455749e-02	3.704127e+00
4.362000e-05	1.556785e-02	3.663605e+00
4.363000e-05	1.491882e-02	3.632578e+00
4.364000e-05	1.581506e-02	3.652604e+00
4.365000e-05	1.427666e-02	3.671553e+00
4.366000e-05	1.394496e-02	3.642103e+00
4.367000e-05	1.355699e-02	3.631000e+00
4.368000e-05	1.387590e-02	3.610554e+00
4.369000e-05	1.327243e-02	3.609975e+00
4.370000e-05	1.376686e-02	3.600003e+00
4.371000e-05	1.342692e-02	3.619946e+00
4.372000e-05	1.454805e-02	3.588899e+00
4.373000e-05	1.229664e-02	3.578445e+00
4.374000e-05	1.269579e-02	3.559438e+00
4.375000e-05	1.073624e-02	3.576396e+00
4.376000e-05	1.279746e-02	3.536818e+00
4.377000e-05	1.081879e-02	3.465289e+00
4.378000e-05	1.096971e-02	3.494335e+00
4.379000e-05	1.128037e-02	3.482607e+00
4.380000e-05	1.218759e-02	3.391529e+00
4.381000e-05	1.061842e-02	3.438445e+00
4.382000e-05	1.083528e-02	3.416394e+00
4.383000e-05	1.041727e-02	3.356737e+00
4.384000e-05	1.198873e-02	3.356209e+00
4.385000e-05	9.614481e-03	3.272208e+00
4.386000e-05	8.548238e-03	3.283203e+00
4.387000e-05	9.534581e-03	3.260627e+00
4.388000e-05	9.072400e-03	3.230525e+00
4.389000e-05	9.782614e-03	3.199474e+00
4.390000e-05	9.076133e-03	3.190999e+00
4.391000e-05	9.032268e-03	3.198974e+00
4.392000e-05	9.689920e-03	3.178323e+00
4.393000e-05	9.535798e-03	3.157816e+00
4.394000e-05	7.687522e-03	3.146791e+00
4.395000e-05	7.327112e-03	3.104735e+00
4.396000e-05	7.918528e-03	3.103583e+00
4.397000e-05	8.189041e-03	3.052579e+00
4.398000e-05	6.165339e-03	3.011053e+00
4.399000e-05	6.812578e-03	2.989449e+00
4.400000e-05	7.040063e-03	2.989922e+00
4.401000e-05	7.728604e-03	2.968366e+00
4.402000e-05	5.764687e-03	2.936316e+00
4.403000e-05	5.645237e-03	2.936188e+00
4.404000e-05	7.054164e-03	2.872658e+00
4.405000e-05	6.355536e-03	2.881554e+00
4.406000e-05	5.292878e-03	2.810553e+00
4.407000e-05	4.238099e-03	2.830525e+00
4.408000e-05	5.572100e-03	2.790000e+00
4.409000e-05	5.225541e-03	2.779949e+00
4.410000e-05	4.175997e-03	2.758372e+00
4.411000e-05	4.620647e-03	2.737789e+00
4.412000e-05	5.095511e-03	2.706259e+00
4.413000e-05	5.676482e-03	2.681179e+00
4.414000e-05	3.935715e-03	2.578993e+00
4.415000e-05	4.165225e-03	2.564311e+00
4.416000e-05	4.471746e-03	2.484181e+00
4.417000e-05	3.635388e-03	2.432628e+00
4.418000e-05	2.813615e-03	2.441526e+00
4.419000e-05	2.676981e-03	2.389998e+00
4.420000e-05	3.666974e-03	2.369500e+00
4.421000e-05	2.637105e-03	2.337365e+00
4.422000e-05	2.083341e-03	2.315738e+00
4.423000e-05	3.355681e-03	2.293158e+00
4.424000e-05	3.414366e-03	2.282055e+00
4.425000e-05	2.512821e-03	2.221476e+00
4.426000e-05	1.140956e-03	2.198972e+00
4.427000e-05	1.974606e-03	2.169392e+00
4.428000e-05	2.515295e-03	2.146338e+00
4.429000e-05	6.553816e-05	2.115710e+00
4.430000e-05	1.013459e-03	2.061653e+00
4.431000e-05	2.756300e-03	2.031079e+00
4.432000e-05	2.577868e-03	1.989999e+00
4.433000e-05	2.072502e-03	1.999996e+00
4.434000e-05	8.991927e-04	1.976891e+00
4.435000e-05	9.869444e-04	1.895816e+00
4.436000e-05	6.224285e-04	1.853734e+00
4.437000e-05	-4.900747e-04	1.850025e+00
4.438000e-05	7.786304e-04	1.808471e+00
4.439000e-05	1.865670e-03	1.727416e+00
4.440000e-05	1.277690e-03	1.735816e+00
4.441000e-05	5.434482e-05	1.704790e+00
4.442000e-05	4.263804e-04	1.655610e+00
4.443000e-05	2.036000e-03	1.634003e+00
4.444000e-05	1.213502e-04	1.566446e+00
4.445000e-05	-3.320458e-04	1.535364e+00
4.446000e-05	-3.203131e-05	1.451634e+00
4.447000e-05	1.425418e-05	1.452628e+00
4.448000e-05	-5.697464e-05	1.359001e+00
4.449000e-05	-1.168952e-03	1.348972e+00
4.450000e-05	-4.878322e-04	1.335259e+00
4.451000e-05	8.417637e-04	1.304637e+00
4.452000e-05	4.167098e-04	1.253109e+00
4.453000e-05	-2.900642e-04	1.211522e+00
4.454000e-05	-7.829887e-05	1.148393e+00
4.455000e-05	1.096766e-03	1.115764e+00
4.456000e-05	-4.105693e-04	1.033577e+00
4.457000e-05	-2.652113e-03	1.019920e+00
4.458000e-05	-1.129945e-03	9.452158e-01
4.459000e-05	-1.126377e-03	8.946804e-01
4.460000e-05	-1.201090e-03	8.305788e-01
4.461000e-05	-1.123832e-03	8.105477e-01
4.462000e-05	-8.858971e-04	7.799961e-01
4.463000e-05	1.949870e-03	7.268434e-01
4.464000e-05	-4.380348e-04	7.066881e-01
4.465000e-05	-8.087470e-04	6.636316e-01
4.466000e-05	-3.137404e-03	6.310039e-01
4.467000e-05	-1.617475e-03	5.893750e-01
4.468000e-05	-2.520719e-03	5.479433e-01
4.469000e-05	-3.125015e-03	4.947618e-01
4.470000e-05	-2.259013e-03	4.432054e-01
4.471000e-05	-5.224973e-05	4.205764e-01
4.472000e-05	1.480115e-04	3.804750e-01
4.473000e-05	-1.838459e-03	3.774198e-01
4.474000e-05	-2.113573e-03	3.767934e-01
4.475000e-05	-3.138595e-03	3.052616e-01
4.476000e-05	-2.342394e-03	2.725564e-01
4.477000e-05	-4.426115e-03	2.078944e-01
4.478000e-05	-2.891669e-03	1.358118e-01
4.479000e-05	-2.896080e-03	3.260652e-02
4.480000e-05	-8.115985e-04	4.157620e-02
4.481000e-05	-4.368633e-03	5.225627e-04
4.482000e-05	-1.942741e-03	-2.107882e-02
4.483000e-05	-2.066499e-03	-7.221178e-02
4.484000e-05	-7.881649e-04	-1.068404e-01
4.485000e-05	-2.805541e-03	-1.684435e-01
4.486000e-05	-2.735777e-03	-1.994724e-01
4.487000e-05	-1.824103e-03	-2.411003e-01
4.488000e-05	1.357763e-03	-2.226816e-01
4.489000e-05	3.659303e-03	-2.947320e-01
4.490000e-05	8.801506e-03	-3.348710e-01
4.491000e-05	6.441913e-03	-3.599722e-01
4.492000e-05	-2.819499e-02	-3.900303e-01
4.493000e-05	-8.830406e-03	-4.035790e-01
4.494000e-05	-1.467775e-02	-4.622328e-01
4.495000e-05	2.767089e-02	-4.517932e-01
4.496000e-05	-6.848012e-03	-5.880452e-01
4.497000e-05	6.948150e-03	-6.546315e-01
4.498000e-05	8.017021e-03	-6.943880e-01
4.499000e-05	3.574796e-03	-7.163672e-01
4.500000e-05	7.129496e-03	-7.493686e-01
4.501000e-05	-2.972840e-02	-7.900263e-01
4.502000e-05	7.508504e-04	-8.501302e-01
4.503000e-05	-1.333516e-02	-8.731881e-01
4.504000e-05	2.217048e-02	-9.069170e-01
4.505000e-05	-2.178813e-02	-9.384210e-01
4.506000e-05	-5.928059e-04	-9.904762e-01
4.507000e-05	-1.406574e-02	-1.052058e+00
4.508000e-05	1.050237e-02	-1.094786e+00
4.509000e-05	-6.302779e-03	-1.127790e+00
4.510000e-05	4.813761e-03	-1.167421e+00
4.511000e-05	6.499618e-03	-1.199479e+00
4.512000e-05	9.939602e-03	-1.254688e+00
4.513000e-05	-3.237571e-03	-1.265809e+00
4.514000e-05	-2.358978e-02	-1.335846e+00
4.515000e-05	-1.061989e-03	-1.432678e+00
4.516000e-05	4.055087e-03	-1.435736e+00
4.517000e-05	-2.468158e-03	-1.547846e+00
4.518000e-05	-2.289826e-02	-1.579424e+00
4.519000e-05	1.124604e-02	-1.590500e+00
4.520000e-05	-8.446502e-03	-1.620650e+00
4.521000e-05	-1.765125e-03	-1.641608e+00
4.522000e-05	-1.222122e-02	-1.675815e+00
4.523000e-05	-2.483848e-03	-1.737390e+00
4.524000e-05	-4.999797e-03	-1.779397e+00
4.525000e-05	5.737172e-03	-1.810053e+00
4.526000e-05	-1.739163e-02	-1.842553e+00
4.527000e-05	-5.584202e-03	-1.864712e+00
4.528000e-05	2.256999e-03	-1.926788e+00
4.529000e-05	-8.321542e-03	-1.957394e+00
4.530000e-05	-1.103475e-02	-1.988923e+00
4.531000e-05	-4.245367e-03	-1.988450e+00
4.532000e-05	-3.476454e-04	-2.050024e+00
4.533000e-05	-5.734581e-03	-2.051580e+00
4.534000e-05	-8.948982e-03	-2.104713e+00
4.535000e-05	-9.164013e-03	-2.106765e+00
4.536000e-05	2.303739e-03	-2.200901e+00
4.537000e-05	-9.284348e-03	-2.263701e+00
4.538000e-05	-7.366588e-03	-2.306217e+00
4.539000e-05	-9.677707e-03	-2.344893e+00
4.540000e-05	-1.927141e-04	-2.378349e+00
4.541000e-05	-9.238851e-03	-2.400523e+00
4.542000e-05	-8.054869e-03	-2.410525e+00
4.543000e-05	-8.233265e-03	-2.440654e+00
4.544000e-05	-1.457787e-03	-2.423159e+00
4.545000e-05	-8.149955e-03	-2.536716e+00
4.546000e-05	-7.561381e-03	-2.518391e+00
4.547000e-05	-1.075533e-02	-2.577921e+00
4.548000e-05	-4.121845e-03	-2.610026e+00
4.549000e-05	-7.558348e-03	-2.640602e+00
4.550000e-05	-1.089392e-02	-2.602158e+00
4.551000e-05	-9.152819e-03	-2.683737e+00
4.552000e-05	-5.771476e-03	-2.736318e+00
4.553000e-05	-6.415371e-03	-2.758396e+00
4.554000e-05	-1.044965e-02	-2.778897e+00
4.555000e-05	-8.118615e-03	-2.789999e+00
4.556000e-05	-7.310579e-03	-2.820000e+00
4.557000e-05	-6.706213e-03	-2.831550e+00
4.558000e-05	-1.291871e-02	-2.833127e+00
4.559000e-05	-8.815199e-03	-2.867257e+00
4.560000e-05	-8.840705e-03	-2.933759e+00
4.561000e-05	-6.413147e-03	-2.947371e+00
4.562000e-05	-1.345320e-02	-3.031003e+00
4.563000e-05	-8.402741e-03	-3.082580e+00
4.564000e-05	-7.428725e-03	-3.085716e+00
4.565000e-05	-7.166872e-03	-3.188319e+00
4.566000e-05	-1.117964e-02	-3.147372e+00
4.567000e-05	-1.080734e-02	-3.159999e+00
4.568000e-05	-8.860974e-03	-3.197974e+00
4.569000e-05	-8.342422e-03	-3.200501e+00
4.570000e-05	-1.241279e-02	-3.233503e+00
4.571000e-05	-1.126768e-02	-3.231054e+00
4.572000e-05	-9.140193e-03	-3.262127e+00
4.573000e-05	-7.773960e-03	-3.294187e+00
4.574000e-05	-1.050183e-02	-3.314194e+00
4.575000e-05	-1.235372e-02	-3.287816e+00
4.576000e-05	-8.949041e-03	-3.367366e+00
4.577000e-05	-9.601213e-03	-3.368450e+00
4.578000e-05	-1.139636e-02	-3.378923e+00
4.579000e-05	-1.373473e-02	-3.420499e+00
4.580000e-05	-1.004704e-02	-3.422503e+00
4.581000e-05	-9.436510e-03	-3.452602e+00
4.582000e-05	-1.122892e-02	-3.472211e+00
4.583000e-05	-1.252768e-02	-3.495239e+00
4.584000e-05	-9.740680e-03	-3.492786e+00
4.585000e-05	-1.005371e-02	-3.507367e+00
4.586000e-05	-1.172162e-02	-3.555865e+00
4.587000e-05	-1.343531e-02	-3.548422e+00
4.588000e-05	-1.169657e-02	-3.578996e+00
4.589000e-05	-1.193460e-02	-3.578499e+00
4.590000e-05	-1.258293e-02	-3.599450e+00
4.591000e-05	-1.427252e-02	-3.589999e+00
4.592000e-05	-1.223584e-02	-3.610476e+00
4.593000e-05	-1.042910e-02	-3.610549e+00
4.594000e-05	-1.231969e-02	-3.621600e+00
4.595000e-05	-1.403318e-02	-3.630579e+00
4.596000e-05	-1.297048e-02	-3.691053e+00
4.597000e-05	-1.129237e-02	-3.671105e+00
4.598000e-05	-1.275827e-02	-3.662683e+00
4.599000e-05	-1.651119e-02	-3.663629e+00
4.600000e-05	-1.497992e-02	-3.724184e+00
4.601000e-05	-1.178325e-02	-3.696286e+00
4.602000e-05	-1.330723e-02	-3.694290e+00
4.603000e-05	-1.507540e-02	-3.716869e+00
4.604000e-05	-1.474774e-02	-3.779320e+00
4.605000e-05	-1.308828e-02	-3.829496e+00
4.606000e-05	-1.411167e-02	-3.847951e+00
4.607000e-05	-1.639116e-02	-3.859595e+00
4.608000e-05	-1.600981e-02	-3.861595e+00
4.609000e-05	-1.477026e-02	-3.871079e+00
4.610000e-05	-1.543746e-02	-3.842101e+00
4.611000e-05	-1.734920e-02	-3.913654e+00
4.612000e-05	-1.720326e-02	-3.884657e+00
4.613000e-05	-1.620322e-02	-3.863161e+00
4.614000e-05	-1.695916e-02	-3.894833e+00
4.615000e-05	-1.736613e-02	-3.925713e+00
4.616000e-05	-1.653205e-02	-3.906188e+00
4.617000e-05	-1.754060e-02	-3.948265e+00
4.618000e-05	-1.802929e-02	-3.906312e+00
4.619000e-05	-2.037741e-02	-3.946171e+00
4.620000e-05	-1.890591e-02	-3.936765e+00
4.621000e-05	-1.912295e-02	-3.947917e+00
4.622000e-05	-2.003980e-02	-3.957211e+00
4.623000e-05	-1.981913e-02	-3.986267e+00
4.624000e-05	-1.908050e-02	-3.929338e+00
4.625000e-05	-1.864167e-02	-3.968343e+00
4.626000e-05	-2.133064e-02	-3.956821e+00
4.627000e-05	-2.087748e-02	-3.965792e+00
4.628000e-05	-2.076930e-02	-3.936267e+00
4.629000e-05	-2.174412e-02	-3.937312e+00
4.630000e-05	-2.129640e-02	-3.955866e+00
4.631000e-05	-2.108389e-02	-3.947285e+00
4.632000e-05	-2.103522e-02	-3.917739e+00
4.633000e-05	-2.138630e-02	-3.926259e+00
4.634000e-05	-2.148481e-02	-3.924340e+00
4.635000e-05	-2.173602e-02	-3.903285e+00
4.636000e-05	-2.150870e-02	-3.934765e+00
4.637000e-05	-2.244110e-02	-3.903631e+00
4.638000e-05	-2.190759e-02	-3.893684e+00
4.639000e-05	-2.154410e-02	-3.865174e+00
4.640000e-05	-2.036751e-02	-3.862179e+00
4.641000e-05	-2.178043e-02	-3.841679e+00
4.642000e-05	-2.207317e-02	-3.852020e+00
4.643000e-05	-2.123568e-02	-3.850579e+00
4.644000e-05	-2.228847e-02	-3.830288e+00
4.645000e-05	-2.178011e-02	-3.787941e+00
4.646000e-05	-2.131942e-02	-3.788348e+00
4.647000e-05	-1.916142e-02	-3.757762e+00
4.648000e-05	-2.035176e-02	-3.745837e+00
4.649000e-05	-1.938732e-02	-3.713733e+00
4.650000e-05	-2.136531e-02	-3.663182e+00
4.651000e-05	-2.032145e-02	-3.645153e+00
4.652000e-05	-2.101286e-02	-3.663080e+00
4.653000e-05	-2.075770e-02	-3.661575e+00
4.654000e-05	-1.904587e-02	-3.612002e+00
4.655000e-05	-1.860191e-02	-3.609502e+00
4.656000e-05	-1.615915e-02	-3.620000e+00
4.657000e-05	-1.889212e-02	-3.610023e+00
4.658000e-05	-1.748424e-02	-3.579998e+00
4.659000e-05	-1.903759e-02	-3.599973e+00
4.660000e-05	-1.814658e-02	-3.579972e+00
4.661000e-05	-1.918012e-02	-3.577921e+00
4.662000e-05	-1.818816e-02	-3.528422e+00
4.663000e-05	-1.710661e-02	-3.556943e+00
4.664000e-05	-1.586891e-02	-3.507741e+00
4.665000e-05	-1.627037e-02	-3.506762e+00
4.666000e-05	-1.524651e-02	-3.484206e+00
4.667000e-05	-1.584248e-02	-3.462659e+00
4.668000e-05	-1.639852e-02	-3.474129e+00
4.669000e-05	-1.631863e-02	-3.441504e+00
4.670000e-05	-1.729917e-02	-3.389475e+00
4.671000e-05	-1.518637e-02	-3.390474e+00
4.672000e-05	-1.589294e-02	-3.408848e+00
4.673000e-05	-1.340085e-02	-3.377816e+00
4.674000e-05	-1.419204e-02	-3.338315e+00
4.675000e-05	-1.349694e-02	-3.324786e+00
4.676000e-05	-1.347740e-02	-3.315214e+00
4.677000e-05	-1.368067e-02	-3.272078e+00
4.678000e-05	-1.344976e-02	-3.262029e+00
4.679000e-05	-1.451788e-02	-3.220603e+00
4.680000e-05	-1.388307e-02	-3.179999e+00
4.681000e-05	-1.305266e-02	-3.179974e+00
4.682000e-05	-1.303709e-02	-3.157870e+00
4.683000e-05	-1.302195e-02	-3.176371e+00
4.684000e-05	-1.187296e-02	-3.107788e+00
4.685000e-05	-1.139236e-02	-3.104240e+00
4.686000e-05	-1.245077e-02	-3.072627e+00
4.687000e-05	-1.193520e-02	-3.011444e+00
4.688000e-05	-1.281465e-02	-2.955340e+00
4.689000e-05	-1.224436e-02	-2.934711e+00
4.690000e-05	-1.172264e-02	-2.901155e+00
4.691000e-05	-1.259731e-02	-2.833582e+00
4.692000e-05	-1.123632e-02	-2.831026e+00
4.693000e-05	-1.111238e-02	-2.810975e+00
4.694000e-05	-1.009689e-02	-2.790024e+00
4.695000e-05	-1.065724e-02	-2.789972e+00
4.696000e-05	-1.097607e-02	-2.797415e+00
4.697000e-05	-1.062155e-02	-2.745237e+00
4.698000e-05	-1.003004e-02	-2.716262e+00
4.699000e-05	-1.165489e-02	-2.671555e+00
4.700000e-05	-1.117517e-02	-2.641001e+00
4.701000e-05	-9.977748e-03	-2.599996e+00
4.702000e-05	-9.519177e-03	-2.578320e+00
4.703000e-05	-9.448378e-03	-2.536868e+00
4.704000e-05	-9.622114e-03	-2.544283e+00
4.705000e-05	-8.862744e-03	-2.464129e+00
4.706000e-05	-7.942291e-03	-2.451055e+00
4.707000e-05	-9.483333e-03	-2.440579e+00
4.708000e-05	-9.210510e-03	-2.399450e+00
4.709000e-05	-8.355160e-03	-2.379918e+00
4.710000e-05	-9.021218e-03	-2.356396e+00
4.711000e-05	-8.405588e-03	-2.324735e+00
4.712000e-05	-8.981075e-03	-2.281108e+00
4.713000e-05	-7.795571e-03	-2.241452e+00
4.714000e-05	-7.560920e-03	-2.148840e+00
4.715000e-05	-7.372488e-03	-2.074238e+00
4.716000e-05	-7.659476e-03	-2.081609e+00
4.717000e-05	-6.418526e-03	-2.021051e+00
4.718000e-05	-7.338253e-03	-2.009950e+00
4.719000e-05	-6.703331e-03	-1.989946e+00
4.720000e-05	-7.683413e-03	-1.938393e+00
4.721000e-05	-7.263262e-03	-1.917791e+00
4.722000e-05	-7.833244e-03	-1.863682e+00
4.723000e-05	-6.432644e-03	-1.811606e+00
4.724000e-05	-6.700580e-03	-1.830475e+00
4.725000e-05	-6.206863e-03	-1.769949e+00
4.726000e-05	-5.225658e-03	-1.778342e+00
4.727000e-05	-5.227722e-03	-1.746767e+00
4.728000e-05	-7.235610e-03	-1.664682e+00
4.729000e-05	-6.153714e-03	-1.661582e+00
4.730000e-05	-6.402449e-03	-1.600078e+00
4.731000e-05	-6.297426e-03	-1.589925e+00
4.732000e-05	-5.904334e-03	-1.576849e+00
4.733000e-05	-5.581322e-03	-1.536261e+00
4.734000e-05	-5.426187e-03	-1.464578e+00
4.735000e-05	-4.987426e-03	-1.420069e+00
4.736000e-05	-5.561755e-03	-1.342740e+00
4.737000e-05	-5.145093e-03	-1.272080e+00
4.738000e-05	-5.387598e-03	-1.232098e+00
4.739000e-05	-6.115997e-03	-1.181023e+00
4.740000e-05	-6.054436e-03	-1.167295e+00
4.741000e-05	-5.676468e-03	-1.135837e+00
4.742000e-05	-5.891275e-03	-1.082134e+00
4.743000e-05	-5.253119e-03	-1.010031e+00
4.744000e-05	-5.910970e-03	-9.995250e-01
4.745000e-05	-4.426692e-03	-9.593946e-01
4.746000e-05	-4.154887e-03	-9.058370e-01
4.747000e-05	-4.340761e-03	-9.056830e-01
4.748000e-05	-5.266156e-03	-8.626054e-01
4.749000e-05	-5.372349e-03	-8.000002e-01
4.750000e-05	-5.798551e-03	-7.899474e-01
4.751000e-05	-6.028991e-03	-7.583910e-01
4.752000e-05	-5.499121e-03	-7.378182e-01
4.753000e-05	-5.099965e-03	-6.925581e-01
4.754000e-05	-3.763386e-03	-5.889447e-01
4.755000e-05	-2.955401e-03	-5.558132e-01
4.756000e-05	-3.981326e-03	-4.932055e-01
4.757000e-05	-4.123639e-03	-4.220790e-01
4.758000e-05	-5.718882e-03	-3.805239e-01
4.759000e-05	-4.795201e-03	-3.893949e-01
4.760000e-05	-5.934489e-03	-3.473409e-01
4.761000e-05	-5.312617e-03	-3.257132e-01
4.762000e-05	-4.338148e-03	-2.530792e-01
4.763000e-05	-2.506639e-03	-2.705052e-01
4.764000e-05	-3.005460e-03	-2.004225e-01
4.765000e-05	-2.972017e-03	-1.784423e-01
4.766000e-05	-3.123096e-03	-1.162070e-01
4.767000e-05	-3.632004e-03	-7.363683e-02
4.768000e-05	-3.606924e-03	-3.155395e-02
4.769000e-05	-2.368035e-03	8.973566e-03
4.770000e-05	-1.143444e-03	1.997374e-02
4.771000e-05	-1.236829e-03	4.118152e-02
4.772000e-05	-1.096236e-03	8.331442e-02
4.773000e-05	3.831363e-04	1.284946e-01
4.774000e-05	2.814769e-03	2.406563e-01
4.775000e-05	7.295246e-03	2.652881e-01
4.776000e-05	4.818538e-03	3.593895e-01
4.777000e-05	-8.174635e-03	3.604486e-01
4.778000e-05	-2.424400e-02	3.899999e-01
4.779000e-05	-6.466014e-03	4.200778e-01
4.780000e-05	5.352088e-03	4.626854e-01
4.781000e-05	1.232720e-02	5.152894e-01
4.782000e-05	-1.280709e-02	5.068696e-01
4.783000e-05	5.805889e-03	5.794973e-01
4.784000e-05	2.633461e-03	6.431577e-01
4.785000e-05	1.631954e-02	6.646330e-01
4.786000e-05	-1.641683e-02	6.952119e-01
4.787000e-05	-1.194062e-03	7.483159e-01
4.788000e-05	-9.432604e-03	8.099711e-01
4.789000e-05	2.101231e-02	8.304986e-01
4.790000e-05	-1.882250e-03	7.910592e-01
4.791000e-05	-1.297145e-02	8.942869e-01
4.792000e-05	-8.070224e-03	9.094448e-01
4.793000e-05	1.928063e-03	9.999986e-01
4.794000e-05	1.408613e-02	1.071683e+00
4.795000e-05	-1.460569e-02	1.127462e+00
4.796000e-05	2.080375e-03	1.199897e+00
4.797000e-05	1.355548e-03	1.200549e+00
4.798000e-05	2.018282e-02	1.243607e+00
4.799000e-05	-1.899843e-02	1.304783e+00
4.800000e-05	-9.997834e-04	1.327286e+00
4.801000e-05	-2.924413e-04	1.378395e+00
4.802000e-05	9.922971e-03	1.389998e+00
4.803000e-05	-1.082986e-02	1.464242e+00
4.804000e-05	5.410179e-03	1.508187e+00
4.805000e-05	-1.025831e-03	1.607522e+00
4.806000e-05	5.826897e-03	1.602579e+00
4.807000e-05	2.049679e-03	1.664257e+00
4.808000e-05	-5.457963e-03	1.686167e+00
4.809000e-05	-7.407678e-04	1.766368e+00
4.810000e-05	7.298020e-03	1.769841e+00
4.811000e-05	7.366367e-04	1.740505e+00
4.812000e-05	-1.008004e-02	1.803104e+00
4.813000e-05	8.355973e-03	1.872236e+00
4.814000e-05	7.452199e-04	1.938264e+00
4.815000e-05	1.292123e-03	1.966445e+00
4.816000e-05	-5.539496e-03	1.939996e+00
4.817000e-05	7.854064e-03	1.990500e+00
4.818000e-05	-4.043937e-05	2.009551e+00
4.819000e-05	2.969822e-03	2.053082e+00
4.820000e-05	-5.105774e-03	2.056212e+00
4.821000e-05	5.377022e-03	2.126812e+00
4.822000e-05	1.365142e-03	2.148391e+00
4.823000e-05	1.155147e-03	2.168974e+00
4.824000e-05	-2.846802e-03	2.230026e+00
4.825000e-05	5.823933e-03	2.230705e+00
4.826000e-05	1.753047e-03	2.323712e+00
4.827000e-05	1.556053e-03	2.305711e+00
4.828000e-05	1.202404e-03	2.387816e+00
4.829000e-05	2.007470e-03	2.409422e+00
4.830000e-05	4.080975e-03	2.400499e+00
4.831000e-05	2.760341e-04	2.442501e+00
4.832000e-05	-2.504820e-04	2.451082e+00
4.833000e-05	9.675058e-04	2.463707e+00
4.834000e-05	6.677117e-03	2.495887e+00
4.835000e-05	1.347223e-03	2.568795e+00
4.836000e-05	2.841083e-03	2.570973e+00
4.837000e-05	2.323066e-03	2.713732e+00
4.838000e-05	7.183032e-03	2.715263e+00
4.839000e-05	6.478966e-04	2.767395e+00
4.840000e-05	2.193242e-03	2.778922e+00
4.841000e-05	1.150364e-03	2.799972e+00
4.842000e-05	6.925882e-03	2.810024e+00
4.843000e-05	3.199157e-03	2.830550e+00
4.844000e-05	3.452846e-03	2.842653e+00
4.845000e-05	3.927177e-03	2.894633e+00
4.846000e-05	6.625698e-03	2.863289e+00
4.847000e-05	4.356782e-03	2.975814e+00
4.848000e-05	2.153035e-03	2.948442e+00
4.849000e-05	3.046940e-03	3.019449e+00
4.850000e-05	6.243189e-03	3.001000e+00
4.851000e-05	5.481809e-03	3.020053e+00
4.852000e-05	2.698238e-03	3.042632e+00
4.853000e-05	4.787756e-03	3.073259e+00
4.854000e-05	5.967831e-03	3.094159e+00
4.855000e-05	6.260523e-03	3.085293e+00
4.856000e-05	2.438539e-03	3.137318e+00
4.857000e-05	5.799022e-03	3.147417e+00
4.858000e-05	5.875967e-03	3.199471e+00
4.859000e-05	6.599155e-03	3.199449e+00
4.860000e-05	4.134271e-03	3.200024e+00
4.861000e-05	4.578227e-03	3.209524e+00
4.862000e-05	5.759083e-03	3.211603e+00
4.863000e-05	6.572384e-03	3.232657e+00
4.864000e-05	4.780274e-03	3.253162e+00
4.865000e-05	5.505205e-03	3.274235e+00
4.866000e-05	6.645673e-03	3.327240e+00
4.867000e-05	8.241053e-03	3.338916e+00
4.868000e-05	5.829202e-03	3.399970e+00
4.869000e-05	5.567175e-03	3.411149e+00
4.870000e-05	6.440253e-03	3.493160e+00
4.871000e-05	7.190789e-03	3.514162e+00
4.872000e-05	5.610512e-03	3.515743e+00
4.873000e-05	5.566778e-03	3.537342e+00
4.874000e-05	6.790737e-03	3.578315e+00
4.875000e-05	7.236217e-03	3.578972e+00
4.876000e-05	6.489760e-03	3.608449e+00
4.877000e-05	7.230963e-03	3.600050e+00
4.878000e-05	8.119099e-03	3.600449e+00
4.879000e-05	7.332226e-03	3.598999e+00
4.880000e-05	7.933519e-03	3.610500e+00
4.881000e-05	6.279534e-03	3.621001e+00
4.882000e-05	7.640821e-03	3.612503e+00
4.883000e-05	8.030495e-03	3.641555e+00
4.884000e-05	8.041219e-03	3.641153e+00
4.885000e-05	7.785079e-03	3.632603e+00
4.886000e-05	9.409108e-03	3.641131e+00
4.887000e-05	8.924098e-03	3.683662e+00
4.888000e-05	9.432443e-03	3.664160e+00
4.889000e-05	8.734224e-03	3.684711e+00
4.890000e-05	9.308414e-03	3.685233e+00
4.891000e-05	9.482243e-03	3.715209e+00
4.892000e-05	9.849133e-03	3.727789e+00
4.893000e-05	9.458152e-03	3.716288e+00
4.894000e-05	9.660446e-03	3.687845e+00
4.895000e-05	1.016390e-02	3.746266e+00
4.896000e-05	1.104836e-02	3.766894e+00
4.897000e-05	1.264999e-02	3.779894e+00
4.898000e-05	1.131993e-02	3.775895e+00
4.899000e-05	1.230765e-02	3.769846e+00
4.900000e-05	1.138778e-02	3.758946e+00
4.901000e-05	1.295929e-02	3.758445e+00
4.902000e-05	1.157469e-02	3.789494e+00
4.903000e-05	1.181444e-02	3.808476e+00
4.904000e-05	1.273265e-02	3.777948e+00
4.905000e-05	1.353267e-02	3.820449e+00
4.906000e-05	1.476828e-02	3.799975e+00
4.907000e-05	1.344904e-02	3.798473e+00
4.908000e-05	1.433484e-02	3.779997e+00
4.909000e-05	1.509499e-02	3.789548e+00
4.910000e-05	1.499680e-02	3.830021e+00
4.911000e-05	1.538751e-02	3.799471e+00
4.912000e-05	1.477318e-02	3.799899e+00
4.913000e-05	1.522311e-02	3.769447e+00
4.914000e-05	1.424948e-02	3.799998e+00
4.915000e-05	1.563513e-02	3.789449e+00
4.916000e-05	1.687687e-02	3.788423e+00
4.917000e-05	1.734820e-02	3.788975e+00
4.918000e-05	1.657252e-02	3.788396e+00
4.919000e-05	1.692889e-02	3.768967e+00
4.920000e-05	1.614948e-02	3.797870e+00
4.921000e-05	1.649107e-02	3.769416e+00
4.922000e-05	1.584458e-02	3.768870e+00
4.923000e-05	1.689393e-02	3.745367e+00
4.924000e-05	1.697287e-02	3.697788e+00
4.925000e-05	1.655560e-02	3.755391e+00
4.926000e-05	1.626067e-02	3.706741e+00
4.927000e-05	1.676662e-02	3.724739e+00
4.928000e-05	1.719497e-02	3.724734e+00
4.929000e-05	1.676424e-02	3.704259e+00
4.930000e-05	1.550533e-02	3.673704e+00
4.931000e-05	1.590561e-02	3.694155e+00
4.932000e-05	1.450929e-02	3.622060e+00
4.933000e-05	1.529663e-02	3.661651e+00
4.934000e-05	1.454087e-02	3.642607e+00
4.935000e-05	1.420121e-02	3.621051e+00
4.936000e-05	1.502050e-02	3.620500e+00
4.937000e-05	1.531419e-02	3.631001e+00
4.938000e-05	1.494633e-02	3.600025e+00
4.939000e-05	1.421053e-02	3.601024e+00
4.940000e-05	1.223370e-02	3.599999e+00
4.941000e-05	1.307351e-02	3.588975e+00
4.942000e-05	1.240908e-02	3.579447e+00
4.943000e-05	1.288442e-02	3.579847e+00
4.944000e-05	1.092410e-02	3.568867e+00
4.945000e-05	1.246391e-02	3.528820e+00
4.946000e-05	1.169833e-02	3.506740e+00
4.947000e-05	1.143780e-02	3.523632e+00
4.948000e-05	1.090040e-02	3.463157e+00
4.949000e-05	1.192563e-02	3.472032e+00
4.950000e-05	1.154729e-02	3.420426e+00
4.951000e-05	1.056434e-02	3.412517e+00
4.952000e-05	1.030957e-02	3.396817e+00
4.953000e-05	1.036461e-02	3.345238e+00
4.954000e-05	8.875274e-03	3.283128e+00
4.955000e-05	8.454920e-03	3.262130e+00
4.956000e-05	9.682675e-03	3.270604e+00
4.957000e-05	9.305600e-03	3.221579e+00
4.958000e-05	9.974689e-03	3.200049e+00
4.959000e-05	8.668935e-03	3.209524e+00
4.960000e-05	8.552057e-03	3.199450e+00
4.961000e-05	8.576403e-03	3.179422e+00
4.962000e-05	7.488321e-03	3.189942e+00
4.963000e-05	6.888236e-03	3.146792e+00
4.964000e-05	7.070758e-03	3.146288e+00
4.965000e-05	7.277253e-03	3.114231e+00
4.966000e-05	7.340664e-03	3.084104e+00
4.967000e-05	6.657884e-03	3.021104e+00
4.968000e-05	8.372704e-03	3.001500e+00
4.969000e-05	6.934411e-03	2.978420e+00
4.970000e-05	6.862147e-03	2.979941e+00
4.971000e-05	5.477993e-03	2.948839e+00
4.972000e-05	5.842173e-03	2.936266e+00
4.973000e-05	5.314089e-03	2.895733e+00
4.974000e-05	6.072648e-03	2.882084e+00
4.975000e-05	4.959441e-03	2.851578e+00
4.976000e-05	5.503207e-03	2.831500e+00
4.977000e-05	5.926086e-03	2.810449e+00
4.978000e-05	5.744525e-03	2.800499e+00
4.979000e-05	4.653145e-03	2.749447e+00
4.980000e-05	6.179667e-03	2.778868e+00
4.981000e-05	4.829711e-03	2.725813e+00
4.982000e-05	4.073678e-03	2.693683e+00
4.983000e-05	3.652009e-03	2.640898e+00
4.984000e-05	4.307098e-03	2.568318e+00
4.985000e-05	4.585134e-03	2.544186e+00
4.986000e-05	3.086726e-03	2.513158e+00
4.987000e-05	4.049450e-03	2.451128e+00
4.988000e-05	5.155695e-03	2.431128e+00
4.989000e-05	4.203086e-03	2.428924e+00
4.990000e-05	3.557524e-03	2.358520e+00
4.991000e-05	2.444121e-03	2.397315e+00
4.992000e-05	3.424925e-03	2.326212e+00
4.993000e-05	3.168301e-03	2.264180e+00
4.994000e-05	2.722470e-03	2.263056e+00
4.995000e-05	1.321195e-03	2.210026e+00
4.996000e-05	2.577126e-03	2.148397e+00
4.997000e-05	3.860536e-03	2.147265e+00
4.998000e-05	2.123465e-03	2.105262e+00
4.999000e-05	1.169222e-03	2.072630e+00
